scope,outer_heldout_group,nested_heldout_group,candidate_group,file_id,serial_internal,serial,type,source_distance,target_distance,source_uncertainty_normalized,provenance_compatibility,applicability,borrow_allowed,centered_source_feature
nested_validation,k|10|0.2,k|10|0.8,k|10|0.8,47627623,186,TP_k02_05,k,0.2105263157894736,0.40359624824310136,0.4547510818883757,1.0,0.7329992982410637,True,0.5929521182475777
nested_validation,k|10|0.2,k|10|0.8,k|10|0.8,47627629,019,TP_k02_02,k,0.2105263157894736,0.40359624824310136,0.4547510818883757,1.0,0.7329992982410637,True,0.5929521182475777
nested_validation,k|10|0.2,k|10|0.8,k|10|0.8,47627638,131,TP_k02_01,k,0.2105263157894736,0.40359624824310136,0.4547510818883757,1.0,0.7329992982410637,True,0.5929521182475777
nested_validation,k|10|0.2,k|10|0.8,k|10|0.8,47627647,197,TP_k02_03,k,0.2105263157894736,0.40359624824310136,0.4547510818883757,1.0,0.7329992982410637,True,0.5929521182475777
nested_validation,k|10|0.2,k|10|0.8,k|10|0.8,47628259,145,TP_k02_04,k,0.2105263157894736,0.40359624824310136,0.4547510818883757,1.0,0.7329992982410637,True,0.5929521182475777
nested_validation,k|10|0.2,k|10|0.8,k|10|0.8,47628265,095,TP_k02_06,k,0.2105263157894736,0.40359624824310136,0.4547510818883757,1.0,0.7329992982410637,True,0.5929521182475777
nested_validation,k|10|0.2,k|23|0.2,k|23|0.2,47627524,039,TP_k03_02,k,0.1578947368421052,0.4736842105263157,0.3143595768483895,1.0,0.7417682241377102,True,1.211696531382158
nested_validation,k|10|0.2,k|23|0.2,k|23|0.2,47627626,055,TP_k03_01,k,0.1578947368421052,0.4736842105263157,0.3143595768483895,1.0,0.7417682241377102,True,1.211696531382158
nested_validation,k|10|0.2,k|23|0.2,k|23|0.2,47627641,013,TP_k03_05,k,0.1578947368421052,0.4736842105263157,0.2854971737477057,1.0,0.7482173283141994,True,1.2431879612615986
nested_validation,k|10|0.2,k|23|0.2,k|23|0.2,47627644,130,TP_k03_03,k,0.1578947368421052,0.4736842105263157,0.3163736062323093,1.0,0.7412972340183182,True,1.210895076977034
nested_validation,k|10|0.2,k|23|0.2,k|23|0.2,47628319,189,TP_k03_04,k,0.1578947368421052,0.4736842105263157,0.3143595768483895,1.0,0.7417682241377102,True,1.211696531382158
nested_validation,k|10|0.2,k|23|0.2,k|23|0.2,47628376,118,TP_k03_06,k,0.1578947368421052,0.4736842105263157,0.314831012984789,1.0,0.7416582194703915,True,1.2117107600589097
nested_validation,k|10|0.2,k|23|0.65,k|23|0.65,47628571,TP_k08_04,TP_k08_04,k,0.1578947368421052,0.40359624824310136,1.9865553736529464,0.5,0.057603670671615995,False,0.0
nested_validation,k|10|0.2,k|23|0.65,k|23|0.65,47629393,TP_k08_05,TP_k08_05,k,0.1578947368421052,0.40359624824310136,1.9865553736529464,0.5,0.057603670671615995,False,0.0
nested_validation,k|10|0.2,k|23|0.65,k|23|0.65,47629402,TP_k08_06,TP_k08_06,k,0.1578947368421052,0.40359624824310136,2.0228482769843685,0.5,0.05356146339871397,False,0.0
nested_validation,k|10|0.2,k|23|0.65,k|23|0.65,47630380,TP_k08_02,TP_k08_02,k,0.1578947368421052,0.40359624824310136,1.995679877282441,0.5,0.05656657893391336,False,0.0
nested_validation,k|10|0.2,k|23|0.65,k|23|0.65,47630431,TP_k08_01,TP_k08_01,k,0.1578947368421052,0.40359624824310136,2.0472312209868,0.5,0.05096859113019552,False,0.0
nested_validation,k|10|0.2,k|23|0.65,k|23|0.65,47630680,TP_k08_03,TP_k08_03,k,0.1578947368421052,0.40359624824310136,1.9865553736529464,0.5,0.057603670671615995,False,0.0
nested_validation,k|10|0.2,k|45|0.65,k|45|0.65,47629369,TP_k10_05,TP_k10_05,k,0.1578947368421052,0.6285714285714286,1.0997257530836464,0.5,0.17944646955195898,False,0.0
nested_validation,k|10|0.2,k|45|0.65,k|45|0.65,47629387,TP_k10_04,TP_k10_04,k,0.1578947368421052,0.6285714285714286,1.0997257530836464,0.5,0.17944646955195898,False,0.0
nested_validation,k|10|0.2,k|45|0.65,k|45|0.65,47629423,TP_k10_06,TP_k10_06,k,0.1578947368421052,0.6285714285714286,1.0997257530836464,0.5,0.17944646955195898,False,0.0
nested_validation,k|10|0.2,k|45|0.65,k|45|0.65,47630698,TP_k10_01,TP_k10_01,k,0.1578947368421052,0.6285714285714286,1.0963416998901656,0.5,0.1801144979207569,False,0.0
nested_validation,k|10|0.2,k|45|0.65,k|45|0.65,47630701,TP_k10_02,TP_k10_02,k,0.1578947368421052,0.6285714285714286,1.0963416998901656,0.5,0.1801144979207569,False,0.0
nested_validation,k|10|0.2,k|45|0.65,k|45|0.65,47630719,TP_k10_03,TP_k10_03,k,0.1578947368421052,0.6285714285714286,1.0997257530836464,0.5,0.17944646955195898,False,0.0
outer_test,k|10|0.2,,k|10|0.2,47627599,167,TP_k01_02,k,0.1578947368421052,0.37142857142857144,0.3061437710657915,1.0,0.8107853477822421,True,1.325562048104088
outer_test,k|10|0.2,,k|10|0.2,47627620,057,TP_k01_01,k,0.1578947368421052,0.37142857142857144,0.3061437710657915,1.0,0.8107853477822421,True,1.325562048104088
outer_test,k|10|0.2,,k|10|0.2,47627656,012,TP_k01_03,k,0.1578947368421052,0.37142857142857144,0.3059229147376472,1.0,0.8108401501297624,True,1.3254271771911943
outer_test,k|10|0.2,,k|10|0.2,47628241,070,TP_k01_04,k,0.1578947368421052,0.37142857142857144,0.2637618626804907,1.0,0.8206364414196503,True,1.3698243996917179
outer_test,k|10|0.2,,k|10|0.2,47628313,123,TP_k01_06,k,0.1578947368421052,0.37142857142857144,0.3178466608520105,1.0,0.8078303692864044,True,1.3114194640480745
outer_test,k|10|0.2,,k|10|0.2,47628373,168,TP_k01_05,k,0.1578947368421052,0.37142857142857144,0.3061437710657915,1.0,0.8107853477822421,True,1.325562048104088
outer_train_fit,k|10|0.2,,k|10|0.8,47627623,186,TP_k02_05,k,0.2105263157894736,0.0,0.4547510818883757,1.0,0.8626721093774452,True,0.6978495829885992
outer_train_fit,k|10|0.2,,k|10|0.8,47627629,019,TP_k02_02,k,0.2105263157894736,0.0,0.4547510818883757,1.0,0.8626721093774452,True,0.6978495829885992
outer_train_fit,k|10|0.2,,k|10|0.8,47627638,131,TP_k02_01,k,0.2105263157894736,0.0,0.4547510818883757,1.0,0.8626721093774452,True,0.6978495829885992
outer_train_fit,k|10|0.2,,k|10|0.8,47627647,197,TP_k02_03,k,0.2105263157894736,0.0,0.4547510818883757,1.0,0.8626721093774452,True,0.6978495829885992
outer_train_fit,k|10|0.2,,k|10|0.8,47628259,145,TP_k02_04,k,0.2105263157894736,0.0,0.4547510818883757,1.0,0.8626721093774452,True,0.6978495829885992
outer_train_fit,k|10|0.2,,k|10|0.8,47628265,095,TP_k02_06,k,0.2105263157894736,0.0,0.4547510818883757,1.0,0.8626721093774452,True,0.6978495829885992
outer_train_fit,k|10|0.2,,k|23|0.2,47627524,039,TP_k03_02,k,0.1578947368421052,0.0,0.3143595768483895,1.0,0.9283544026435383,True,1.5164896162600983
outer_train_fit,k|10|0.2,,k|23|0.2,47627626,055,TP_k03_01,k,0.1578947368421052,0.0,0.3143595768483895,1.0,0.9283544026435383,True,1.5164896162600983
outer_train_fit,k|10|0.2,,k|23|0.2,47627641,013,TP_k03_05,k,0.1578947368421052,0.0,0.2854971737477057,1.0,0.9364257301290347,True,1.5559024768043797
outer_train_fit,k|10|0.2,,k|23|0.2,47627644,130,TP_k03_03,k,0.1578947368421052,0.0,0.3163736062323093,1.0,0.9277649385269708,True,1.5154865620697144
outer_train_fit,k|10|0.2,,k|23|0.2,47628319,189,TP_k03_04,k,0.1578947368421052,0.0,0.3143595768483895,1.0,0.9283544026435383,True,1.5164896162600983
outer_train_fit,k|10|0.2,,k|23|0.2,47628376,118,TP_k03_06,k,0.1578947368421052,0.0,0.314831012984789,1.0,0.9282167271353492,True,1.5165074240527163
outer_train_fit,k|10|0.2,,k|23|0.65,47628571,TP_k08_04,TP_k08_04,k,0.1578947368421052,0.0,1.9865553736529464,0.5,0.06779417143428687,False,0.0
outer_train_fit,k|10|0.2,,k|23|0.65,47629393,TP_k08_05,TP_k08_05,k,0.1578947368421052,0.0,1.9865553736529464,0.5,0.06779417143428687,False,0.0
outer_train_fit,k|10|0.2,,k|23|0.65,47629402,TP_k08_06,TP_k08_06,k,0.1578947368421052,0.0,2.0228482769843685,0.5,0.06303686882428024,False,0.0
outer_train_fit,k|10|0.2,,k|23|0.65,47630380,TP_k08_02,TP_k08_02,k,0.1578947368421052,0.0,1.995679877282441,0.5,0.06657361076099737,False,0.0
outer_train_fit,k|10|0.2,,k|23|0.65,47630431,TP_k08_01,TP_k08_01,k,0.1578947368421052,0.0,2.0472312209868,0.5,0.05998529893247188,False,0.0
outer_train_fit,k|10|0.2,,k|23|0.65,47630680,TP_k08_03,TP_k08_03,k,0.1578947368421052,0.0,1.9865553736529464,0.5,0.06779417143428687,False,0.0
outer_train_fit,k|10|0.2,,k|45|0.65,47629369,TP_k10_05,TP_k10_05,k,0.1578947368421052,0.0,1.0997257530836464,0.5,0.2663946842636991,True,-0.7398449612410622
outer_train_fit,k|10|0.2,,k|45|0.65,47629387,TP_k10_04,TP_k10_04,k,0.1578947368421052,0.0,1.0997257530836464,0.5,0.2663946842636991,True,-0.7398449612410622
outer_train_fit,k|10|0.2,,k|45|0.65,47629423,TP_k10_06,TP_k10_06,k,0.1578947368421052,0.0,1.0997257530836464,0.5,0.2663946842636991,True,-0.7398449612410622
outer_train_fit,k|10|0.2,,k|45|0.65,47630698,TP_k10_01,TP_k10_01,k,0.1578947368421052,0.0,1.0963416998901656,0.5,0.2673863962033625,True,-0.742453065597133
outer_train_fit,k|10|0.2,,k|45|0.65,47630701,TP_k10_02,TP_k10_02,k,0.1578947368421052,0.0,1.0963416998901656,0.5,0.2673863962033625,True,-0.742453065597133
outer_train_fit,k|10|0.2,,k|45|0.65,47630719,TP_k10_03,TP_k10_03,k,0.1578947368421052,0.0,1.0997257530836464,0.5,0.2663946842636991,True,-0.7398449612410622
nested_validation,k|10|0.8,k|10|0.2,k|10|0.2,47627599,167,TP_k01_02,k,0.1578947368421052,0.37142857142857144,0.3061437710657915,1.0,0.8107853477822421,True,1.325562048104088
nested_validation,k|10|0.8,k|10|0.2,k|10|0.2,47627620,057,TP_k01_01,k,0.1578947368421052,0.37142857142857144,0.3061437710657915,1.0,0.8107853477822421,True,1.325562048104088
nested_validation,k|10|0.8,k|10|0.2,k|10|0.2,47627656,012,TP_k01_03,k,0.1578947368421052,0.37142857142857144,0.3059229147376472,1.0,0.8108401501297624,True,1.3254271771911943
nested_validation,k|10|0.8,k|10|0.2,k|10|0.2,47628241,070,TP_k01_04,k,0.1578947368421052,0.37142857142857144,0.2637618626804907,1.0,0.8206364414196503,True,1.3698243996917179
nested_validation,k|10|0.8,k|10|0.2,k|10|0.2,47628313,123,TP_k01_06,k,0.1578947368421052,0.37142857142857144,0.3178466608520105,1.0,0.8078303692864044,True,1.3114194640480745
nested_validation,k|10|0.8,k|10|0.2,k|10|0.2,47628373,168,TP_k01_05,k,0.1578947368421052,0.37142857142857144,0.3061437710657915,1.0,0.8107853477822421,True,1.325562048104088
nested_validation,k|10|0.8,k|23|0.2,k|23|0.2,47627524,039,TP_k03_02,k,0.1578947368421052,0.37142857142857144,0.3143595768483895,1.0,0.8087213139788173,True,1.3210660407327315
nested_validation,k|10|0.8,k|23|0.2,k|23|0.2,47627626,055,TP_k03_01,k,0.1578947368421052,0.37142857142857144,0.3143595768483895,1.0,0.8087213139788173,True,1.3210660407327315
nested_validation,k|10|0.8,k|23|0.2,k|23|0.2,47627641,013,TP_k03_05,k,0.1578947368421052,0.37142857142857144,0.2854971737477057,1.0,0.8157525237743833,True,1.3553999333455873
nested_validation,k|10|0.8,k|23|0.2,k|23|0.2,47627644,130,TP_k03_03,k,0.1578947368421052,0.37142857142857144,0.3163736062323093,1.0,0.8082078115991913,True,1.3201922458753697
nested_validation,k|10|0.8,k|23|0.2,k|23|0.2,47628319,189,TP_k03_04,k,0.1578947368421052,0.37142857142857144,0.3143595768483895,1.0,0.8087213139788173,True,1.3210660407327315
nested_validation,k|10|0.8,k|23|0.2,k|23|0.2,47628376,118,TP_k03_06,k,0.1578947368421052,0.37142857142857144,0.314831012984789,1.0,0.8086013801285891,True,1.3210815537107536
nested_validation,k|10|0.8,k|23|0.8,k|23|0.8,47629804,INT023,TP_k05_05,k,0.2105263157894736,0.631578947368421,0.417543198922718,0.5,0.29418935967645377,True,0.24683345736347265
nested_validation,k|10|0.8,k|23|0.8,k|23|0.8,47629813,INT043,TP_k06_04,k,0.2105263157894736,0.631578947368421,0.4297727806457622,0.5,0.29266905939159876,True,0.24558813831995682
nested_validation,k|10|0.8,k|23|0.8,k|23|0.8,47629819,INT190,TP_k04_06,k,0.2105263157894736,0.631578947368421,0.417543198922718,0.5,0.29418935967645377,True,0.24683345736347265
nested_validation,k|10|0.8,k|23|0.8,k|23|0.8,47629822,INT165,TP_k04_05,k,0.2105263157894736,0.631578947368421,0.3707273111719992,0.5,0.29966807108637294,True,0.26144773714720054
nested_validation,k|10|0.8,k|23|0.8,k|23|0.8,47629831,INT151,TP_k07_06,k,0.2105263157894736,0.631578947368421,0.3707273111719992,0.5,0.29966807108637294,True,0.26144773714720054
nested_validation,k|10|0.8,k|23|0.8,k|23|0.8,47629834,INT134,TP_k07_04,k,0.2105263157894736,0.631578947368421,0.3707273111719992,0.5,0.29966807108637294,True,0.26144773714720054
nested_validation,k|10|0.8,k|23|0.8,k|23|0.8,47629846,INT119,TP_k05_06,k,0.2105263157894736,0.631578947368421,0.5063972173396005,0.5,0.28235798921751715,True,0.21846717957605657
nested_validation,k|10|0.8,k|23|0.8,k|23|0.8,47629906,INT066,TP_k05_04,k,0.2105263157894736,0.631578947368421,0.4474842291487455,0.5,0.2904041967181141,True,0.24539843679504775
nested_validation,k|10|0.8,k|23|0.8,k|23|0.8,47629909,INT052,TP_k07_05,k,0.2105263157894736,0.631578947368421,0.4463930549766443,0.5,0.29054585787216425,True,0.24520635531599566
nested_validation,k|10|0.8,k|23|0.8,k|23|0.8,47629915,INT090,TP_k04_04,k,0.2105263157894736,0.631578947368421,0.4469230531110522,0.5,0.29047708569157166,True,0.24478149654614098
nested_validation,k|10|0.8,k|23|0.8,k|23|0.8,47629942,INT176,TP_k06_05,k,0.2105263157894736,0.631578947368421,0.417543198922718,0.5,0.29418935967645377,True,0.24683345736347265
nested_validation,k|10|0.8,k|23|0.8,k|23|0.8,47629945,INT098,TP_k06_06,k,0.2105263157894736,0.631578947368421,0.417543198922718,0.5,0.29418935967645377,True,0.24683345736347265
nested_validation,k|10|0.8,k|23|0.8,k|23|0.8,47630359,INT051,TP_k05_03,k,0.2105263157894736,0.631578947368421,0.4366452493908614,0.5,0.2917990163516813,True,0.24466546938608533
nested_validation,k|10|0.8,k|23|0.8,k|23|0.8,47630362,INT195,TP_k05_01,k,0.2105263157894736,0.631578947368421,0.3707273111719992,0.5,0.29966807108637294,True,0.26144773714720054
nested_validation,k|10|0.8,k|23|0.8,k|23|0.8,47630371,INT004,TP_k04_02,k,0.2105263157894736,0.631578947368421,0.4159864951966148,0.5,0.2943802855975696,True,0.2475393819938407
nested_validation,k|10|0.8,k|23|0.8,k|23|0.8,47630383,INT085,TP_k04_01,k,0.2105263157894736,0.631578947368421,0.417543198922718,0.5,0.29418935967645377,True,0.24683345736347265
nested_validation,k|10|0.8,k|23|0.8,k|23|0.8,47630437,INT003,TP_k07_01,k,0.2105263157894736,0.631578947368421,0.4159864951966148,0.5,0.2943802855975696,True,0.2475393819938407
nested_validation,k|10|0.8,k|23|0.8,k|23|0.8,47630440,INT103,TP_k04_03,k,0.2105263157894736,0.631578947368421,0.507423236401391,0.5,0.2822111731356645,True,0.21783041174043274
nested_validation,k|10|0.8,k|23|0.8,k|23|0.8,47630443,INT009,TP_k06_01,k,0.2105263157894736,0.631578947368421,0.417543198922718,0.5,0.29418935967645377,True,0.24683345736347265
nested_validation,k|10|0.8,k|23|0.8,k|23|0.8,47630674,INT045,TP_k07_02,k,0.2105263157894736,0.631578947368421,0.417543198922718,0.5,0.29418935967645377,True,0.24683345736347265
nested_validation,k|10|0.8,k|23|0.8,k|23|0.8,47630677,INT080,TP_k07_03,k,0.2105263157894736,0.631578947368421,0.417543198922718,0.5,0.29418935967645377,True,0.24683345736347265
nested_validation,k|10|0.8,k|23|0.8,k|23|0.8,47630686,INT114,TP_k05_02,k,0.2105263157894736,0.631578947368421,0.507423236401391,0.5,0.2822111731356645,True,0.21783041174043274
nested_validation,k|10|0.8,k|23|0.8,k|23|0.8,47630689,INT140,TP_k06_02,k,0.2105263157894736,0.631578947368421,0.3707273111719992,0.5,0.29966807108637294,True,0.26144773714720054
nested_validation,k|10|0.8,k|23|0.8,k|23|0.8,47630692,INT091,TP_k06_03,k,0.2105263157894736,0.631578947368421,0.507423236401391,0.5,0.2822111731356645,True,0.21783041174043274
nested_validation,k|10|0.8,k|45|0.9,k|45|0.9,47629411,TP_k11_04,TP_k11_04,k,0.1052631578947368,0.6373243861851662,0.7601384437081647,0.5,0.2467659128458542,True,-0.9104958017556016
nested_validation,k|10|0.8,k|45|0.9,k|45|0.9,47629687,TP_k11_06,TP_k11_06,k,0.1052631578947368,0.6373243861851662,0.7842936703443569,0.5,0.24220563872282427,True,-0.8631654506007121
nested_validation,k|10|0.8,k|45|0.9,k|45|0.9,47629774,TP_k11_05,TP_k11_05,k,0.1052631578947368,0.6373243861851662,0.7707657335295923,0.5,0.24476669334739995,True,-0.869356951812526
nested_validation,k|10|0.8,k|45|0.9,k|45|0.9,47630755,TP_k11_02,TP_k11_02,k,0.1052631578947368,0.6373243861851662,0.7598537776791061,0.5,0.24681930521113865,True,-0.9096954378871683
nested_validation,k|10|0.8,k|45|0.9,k|45|0.9,47630773,TP_k11_01,TP_k11_01,k,0.1052631578947368,0.6373243861851662,0.7698599678607464,0.5,0.24493753227512152,True,-0.8968160946635194
nested_validation,k|10|0.8,k|45|0.9,k|45|0.9,47630776,TP_k11_03,TP_k11_03,k,0.1052631578947368,0.6373243861851662,0.7707657335295923,0.5,0.24476669334739995,True,-0.869356951812526
outer_test,k|10|0.8,,k|10|0.8,47627623,186,TP_k02_05,k,0.2105263157894736,0.37142857142857144,0.4547510818883757,1.0,0.7515032188590671,True,0.6079206713589639
outer_test,k|10|0.8,,k|10|0.8,47627629,019,TP_k02_02,k,0.2105263157894736,0.37142857142857144,0.4547510818883757,1.0,0.7515032188590671,True,0.6079206713589639
outer_test,k|10|0.8,,k|10|0.8,47627638,131,TP_k02_01,k,0.2105263157894736,0.37142857142857144,0.4547510818883757,1.0,0.7515032188590671,True,0.6079206713589639
outer_test,k|10|0.8,,k|10|0.8,47627647,197,TP_k02_03,k,0.2105263157894736,0.37142857142857144,0.4547510818883757,1.0,0.7515032188590671,True,0.6079206713589639
outer_test,k|10|0.8,,k|10|0.8,47628259,145,TP_k02_04,k,0.2105263157894736,0.37142857142857144,0.4547510818883757,1.0,0.7515032188590671,True,0.6079206713589639
outer_test,k|10|0.8,,k|10|0.8,47628265,095,TP_k02_06,k,0.2105263157894736,0.37142857142857144,0.4547510818883757,1.0,0.7515032188590671,True,0.6079206713589639
outer_train_fit,k|10|0.8,,k|10|0.2,47627599,167,TP_k01_02,k,0.1578947368421052,0.0,0.3061437710657915,1.0,0.9307237662741161,True,1.5216507121349945
outer_train_fit,k|10|0.8,,k|10|0.2,47627620,057,TP_k01_01,k,0.1578947368421052,0.0,0.3061437710657915,1.0,0.9307237662741161,True,1.5216507121349945
outer_train_fit,k|10|0.8,,k|10|0.2,47627656,012,TP_k01_03,k,0.1578947368421052,0.0,0.3059229147376472,1.0,0.9307866754613926,True,1.5214958899439512
outer_train_fit,k|10|0.8,,k|10|0.2,47628241,070,TP_k01_04,k,0.1578947368421052,0.0,0.2637618626804907,1.0,0.9420321193384711,True,1.572460735634398
outer_train_fit,k|10|0.8,,k|10|0.2,47628313,123,TP_k01_06,k,0.1578947368421052,0.0,0.3178466608520105,1.0,0.9273316616653833,True,1.5054160340744378
outer_train_fit,k|10|0.8,,k|10|0.2,47628373,168,TP_k01_05,k,0.1578947368421052,0.0,0.3061437710657915,1.0,0.9307237662741161,True,1.5216507121349945
outer_train_fit,k|10|0.8,,k|23|0.2,47627524,039,TP_k03_02,k,0.1578947368421052,0.0,0.3143595768483895,1.0,0.9283544026435383,True,1.5164896162600983
outer_train_fit,k|10|0.8,,k|23|0.2,47627626,055,TP_k03_01,k,0.1578947368421052,0.0,0.3143595768483895,1.0,0.9283544026435383,True,1.5164896162600983
outer_train_fit,k|10|0.8,,k|23|0.2,47627641,013,TP_k03_05,k,0.1578947368421052,0.0,0.2854971737477057,1.0,0.9364257301290347,True,1.5559024768043797
outer_train_fit,k|10|0.8,,k|23|0.2,47627644,130,TP_k03_03,k,0.1578947368421052,0.0,0.3163736062323093,1.0,0.9277649385269708,True,1.5154865620697144
outer_train_fit,k|10|0.8,,k|23|0.2,47628319,189,TP_k03_04,k,0.1578947368421052,0.0,0.3143595768483895,1.0,0.9283544026435383,True,1.5164896162600983
outer_train_fit,k|10|0.8,,k|23|0.2,47628376,118,TP_k03_06,k,0.1578947368421052,0.0,0.314831012984789,1.0,0.9282167271353492,True,1.5165074240527163
outer_train_fit,k|10|0.8,,k|23|0.8,47629804,INT023,TP_k05_05,k,0.2105263157894736,0.0,0.417543198922718,0.5,0.4383929293950374,True,0.3678244602907666
outer_train_fit,k|10|0.8,,k|23|0.8,47629813,INT043,TP_k06_04,k,0.2105263157894736,0.0,0.4297727806457622,0.5,0.43612741953373346,True,0.36596871994679653
outer_train_fit,k|10|0.8,,k|23|0.8,47629819,INT190,TP_k04_06,k,0.2105263157894736,0.0,0.417543198922718,0.5,0.4383929293950374,True,0.3678244602907666
outer_train_fit,k|10|0.8,,k|23|0.8,47629822,INT165,TP_k04_05,k,0.2105263157894736,0.0,0.3707273111719992,0.5,0.44655715514047556,True,0.38960225991082514
outer_train_fit,k|10|0.8,,k|23|0.8,47629831,INT151,TP_k07_06,k,0.2105263157894736,0.0,0.3707273111719992,0.5,0.44655715514047556,True,0.38960225991082514
outer_train_fit,k|10|0.8,,k|23|0.8,47629834,INT134,TP_k07_04,k,0.2105263157894736,0.0,0.3707273111719992,0.5,0.44655715514047556,True,0.38960225991082514
outer_train_fit,k|10|0.8,,k|23|0.8,47629846,INT119,TP_k05_06,k,0.2105263157894736,0.0,0.5063972173396005,0.5,0.4207621450595485,True,0.325553809751484
outer_train_fit,k|10|0.8,,k|23|0.8,47629906,INT066,TP_k05_04,k,0.2105263157894736,0.0,0.4474842291487455,0.5,0.43275238318572146,True,0.365686031928076
outer_train_fit,k|10|0.8,,k|23|0.8,47629909,INT052,TP_k07_05,k,0.2105263157894736,0.0,0.4463930549766443,0.5,0.43296348275905006,True,0.3653997973668506
outer_train_fit,k|10|0.8,,k|23|0.8,47629915,INT090,TP_k04_04,k,0.2105263157894736,0.0,0.4469230531110522,0.5,0.4328610003383941,True,0.36476668445990995
outer_train_fit,k|10|0.8,,k|23|0.8,47629942,INT176,TP_k06_05,k,0.2105263157894736,0.0,0.417543198922718,0.5,0.4383929293950374,True,0.3678244602907666
outer_train_fit,k|10|0.8,,k|23|0.8,47629945,INT098,TP_k06_06,k,0.2105263157894736,0.0,0.417543198922718,0.5,0.4383929293950374,True,0.3678244602907666
outer_train_fit,k|10|0.8,,k|23|0.8,47630359,INT051,TP_k05_03,k,0.2105263157894736,0.0,0.4366452493908614,0.5,0.4348309052159191,True,0.3645937839626176
outer_train_fit,k|10|0.8,,k|23|0.8,47630362,INT195,TP_k05_01,k,0.2105263157894736,0.0,0.3707273111719992,0.5,0.44655715514047556,True,0.38960225991082514
outer_train_fit,k|10|0.8,,k|23|0.8,47630371,INT004,TP_k04_02,k,0.2105263157894736,0.0,0.4159864951966148,0.5,0.43867744197546343,True,0.3688764098479482
outer_train_fit,k|10|0.8,,k|23|0.8,47630383,INT085,TP_k04_01,k,0.2105263157894736,0.0,0.417543198922718,0.5,0.4383929293950374,True,0.3678244602907666
outer_train_fit,k|10|0.8,,k|23|0.8,47630437,INT003,TP_k07_01,k,0.2105263157894736,0.0,0.4159864951966148,0.5,0.43867744197546343,True,0.3688764098479482
outer_train_fit,k|10|0.8,,k|23|0.8,47630440,INT103,TP_k04_03,k,0.2105263157894736,0.0,0.507423236401391,0.5,0.4205433637539415,True,0.3246049157564371
outer_train_fit,k|10|0.8,,k|23|0.8,47630443,INT009,TP_k06_01,k,0.2105263157894736,0.0,0.417543198922718,0.5,0.4383929293950374,True,0.3678244602907666
outer_train_fit,k|10|0.8,,k|23|0.8,47630674,INT045,TP_k07_02,k,0.2105263157894736,0.0,0.417543198922718,0.5,0.4383929293950374,True,0.3678244602907666
outer_train_fit,k|10|0.8,,k|23|0.8,47630677,INT080,TP_k07_03,k,0.2105263157894736,0.0,0.417543198922718,0.5,0.4383929293950374,True,0.3678244602907666
outer_train_fit,k|10|0.8,,k|23|0.8,47630686,INT114,TP_k05_02,k,0.2105263157894736,0.0,0.507423236401391,0.5,0.4205433637539415,True,0.3246049157564371
outer_train_fit,k|10|0.8,,k|23|0.8,47630689,INT140,TP_k06_02,k,0.2105263157894736,0.0,0.3707273111719992,0.5,0.44655715514047556,True,0.38960225991082514
outer_train_fit,k|10|0.8,,k|23|0.8,47630692,INT091,TP_k06_03,k,0.2105263157894736,0.0,0.507423236401391,0.5,0.4205433637539415,True,0.3246049157564371
outer_train_fit,k|10|0.8,,k|45|0.9,47629411,TP_k11_04,TP_k11_04,k,0.1052631578947368,0.0,0.7601384437081647,0.5,0.3704144593790991,True,-1.3667236543521928
outer_train_fit,k|10|0.8,,k|45|0.9,47629687,TP_k11_06,TP_k11_06,k,0.1052631578947368,0.0,0.7842936703443569,0.5,0.3635691400462065,True,-1.2956771867381152
outer_train_fit,k|10|0.8,,k|45|0.9,47629774,TP_k11_05,TP_k11_05,k,0.1052631578947368,0.0,0.7707657335295923,0.5,0.36741347840421595,True,-1.3049711023671822
outer_train_fit,k|10|0.8,,k|45|0.9,47630755,TP_k11_02,TP_k11_02,k,0.1052631578947368,0.0,0.7598537776791061,0.5,0.37049460539235407,True,-1.3655222471310202
outer_train_fit,k|10|0.8,,k|45|0.9,47630773,TP_k11_01,TP_k11_01,k,0.1052631578947368,0.0,0.7698599678607464,0.5,0.36766992066693815,True,-1.3461893704693808
outer_train_fit,k|10|0.8,,k|45|0.9,47630776,TP_k11_03,TP_k11_03,k,0.1052631578947368,0.0,0.7707657335295923,0.5,0.36741347840421595,True,-1.3049711023671822
nested_validation,k|23|0.2,k|10|0.2,k|10|0.2,47627599,167,TP_k01_02,k,0.1578947368421052,0.631578947368421,0.3061437710657915,1.0,0.6245744638575348,True,1.0211237879040511
nested_validation,k|23|0.2,k|10|0.2,k|10|0.2,47627620,057,TP_k01_01,k,0.1578947368421052,0.631578947368421,0.3061437710657915,1.0,0.6245744638575348,True,1.0211237879040511
nested_validation,k|23|0.2,k|10|0.2,k|10|0.2,47627656,012,TP_k01_03,k,0.1578947368421052,0.631578947368421,0.3059229147376472,1.0,0.6246166798977164,True,1.0210198924299394
nested_validation,k|23|0.2,k|10|0.2,k|10|0.2,47628241,070,TP_k01_04,k,0.1578947368421052,0.631578947368421,0.2637618626804907,1.0,0.6321630833902191,True,1.0552205245897053
nested_validation,k|23|0.2,k|10|0.2,k|10|0.2,47628313,123,TP_k01_06,k,0.1578947368421052,0.631578947368421,0.3178466608520105,1.0,0.6222981473024851,True,1.0102292929819288
nested_validation,k|23|0.2,k|10|0.2,k|10|0.2,47628373,168,TP_k01_05,k,0.1578947368421052,0.631578947368421,0.3061437710657915,1.0,0.6245744638575348,True,1.0211237879040511
nested_validation,k|23|0.2,k|10|0.8,k|10|0.8,47627623,186,TP_k02_05,k,0.2105263157894736,0.37142857142857144,0.4547510818883757,1.0,0.7515032188590671,True,0.6079206713589639
nested_validation,k|23|0.2,k|10|0.8,k|10|0.8,47627629,019,TP_k02_02,k,0.2105263157894736,0.37142857142857144,0.4547510818883757,1.0,0.7515032188590671,True,0.6079206713589639
nested_validation,k|23|0.2,k|10|0.8,k|10|0.8,47627638,131,TP_k02_01,k,0.2105263157894736,0.37142857142857144,0.4547510818883757,1.0,0.7515032188590671,True,0.6079206713589639
nested_validation,k|23|0.2,k|10|0.8,k|10|0.8,47627647,197,TP_k02_03,k,0.2105263157894736,0.37142857142857144,0.4547510818883757,1.0,0.7515032188590671,True,0.6079206713589639
nested_validation,k|23|0.2,k|10|0.8,k|10|0.8,47628259,145,TP_k02_04,k,0.2105263157894736,0.37142857142857144,0.4547510818883757,1.0,0.7515032188590671,True,0.6079206713589639
nested_validation,k|23|0.2,k|10|0.8,k|10|0.8,47628265,095,TP_k02_06,k,0.2105263157894736,0.37142857142857144,0.4547510818883757,1.0,0.7515032188590671,True,0.6079206713589639
nested_validation,k|23|0.2,k|23|0.8,k|23|0.8,47629804,INT023,TP_k05_05,k,0.2105263157894736,0.37142857142857144,0.417543198922718,0.5,0.3818990946666625,True,0.3204244844348707
nested_validation,k|23|0.2,k|23|0.8,k|23|0.8,47629813,INT043,TP_k06_04,k,0.2105263157894736,0.37142857142857144,0.4297727806457622,0.5,0.3799255314383862,True,0.31880788546673366
nested_validation,k|23|0.2,k|23|0.8,k|23|0.8,47629819,INT190,TP_k04_06,k,0.2105263157894736,0.37142857142857144,0.417543198922718,0.5,0.3818990946666625,True,0.3204244844348707
nested_validation,k|23|0.2,k|23|0.8,k|23|0.8,47629822,INT165,TP_k04_05,k,0.2105263157894736,0.37142857142857144,0.3707273111719992,0.5,0.38901123131799875,True,0.33939587151953315
nested_validation,k|23|0.2,k|23|0.8,k|23|0.8,47629831,INT151,TP_k07_06,k,0.2105263157894736,0.37142857142857144,0.3707273111719992,0.5,0.38901123131799875,True,0.33939587151953315
nested_validation,k|23|0.2,k|23|0.8,k|23|0.8,47629834,INT134,TP_k07_04,k,0.2105263157894736,0.37142857142857144,0.3707273111719992,0.5,0.38901123131799875,True,0.33939587151953315
nested_validation,k|23|0.2,k|23|0.8,k|23|0.8,47629846,INT119,TP_k05_06,k,0.2105263157894736,0.37142857142857144,0.5063972173396005,0.5,0.3665403146213778,True,0.2836010730851491
nested_validation,k|23|0.2,k|23|0.8,k|23|0.8,47629906,INT066,TP_k05_04,k,0.2105263157894736,0.37142857142857144,0.4474842291487455,0.5,0.3769854216890079,True,0.31856162625226264
nested_validation,k|23|0.2,k|23|0.8,k|23|0.8,47629909,INT052,TP_k07_05,k,0.2105263157894736,0.37142857142857144,0.4463930549766443,0.5,0.3771693177569713,True,0.31831227752315533
nested_validation,k|23|0.2,k|23|0.8,k|23|0.8,47629915,INT090,TP_k04_04,k,0.2105263157894736,0.37142857142857144,0.4469230531110522,0.5,0.37708004181056914,True,0.3177607511873723
nested_validation,k|23|0.2,k|23|0.8,k|23|0.8,47629942,INT176,TP_k06_05,k,0.2105263157894736,0.37142857142857144,0.417543198922718,0.5,0.3818990946666625,True,0.3204244844348707
nested_validation,k|23|0.2,k|23|0.8,k|23|0.8,47629945,INT098,TP_k06_06,k,0.2105263157894736,0.37142857142857144,0.417543198922718,0.5,0.3818990946666625,True,0.3204244844348707
nested_validation,k|23|0.2,k|23|0.8,k|23|0.8,47630359,INT051,TP_k05_03,k,0.2105263157894736,0.37142857142857144,0.4366452493908614,0.5,0.378796093413738,True,0.3176101316427677
nested_validation,k|23|0.2,k|23|0.8,k|23|0.8,47630362,INT195,TP_k05_01,k,0.2105263157894736,0.37142857142857144,0.3707273111719992,0.5,0.38901123131799875,True,0.33939587151953315
nested_validation,k|23|0.2,k|23|0.8,k|23|0.8,47630371,INT004,TP_k04_02,k,0.2105263157894736,0.37142857142857144,0.4159864951966148,0.5,0.3821469433193219,True,0.3213408737207951
nested_validation,k|23|0.2,k|23|0.8,k|23|0.8,47630383,INT085,TP_k04_01,k,0.2105263157894736,0.37142857142857144,0.417543198922718,0.5,0.3818990946666625,True,0.3204244844348707
nested_validation,k|23|0.2,k|23|0.8,k|23|0.8,47630437,INT003,TP_k07_01,k,0.2105263157894736,0.37142857142857144,0.4159864951966148,0.5,0.3821469433193219,True,0.3213408737207951
nested_validation,k|23|0.2,k|23|0.8,k|23|0.8,47630440,INT103,TP_k04_03,k,0.2105263157894736,0.37142857142857144,0.507423236401391,0.5,0.3663497267333465,True,0.28277445902879766
nested_validation,k|23|0.2,k|23|0.8,k|23|0.8,47630443,INT009,TP_k06_01,k,0.2105263157894736,0.37142857142857144,0.417543198922718,0.5,0.3818990946666625,True,0.3204244844348707
nested_validation,k|23|0.2,k|23|0.8,k|23|0.8,47630674,INT045,TP_k07_02,k,0.2105263157894736,0.37142857142857144,0.417543198922718,0.5,0.3818990946666625,True,0.3204244844348707
nested_validation,k|23|0.2,k|23|0.8,k|23|0.8,47630677,INT080,TP_k07_03,k,0.2105263157894736,0.37142857142857144,0.417543198922718,0.5,0.3818990946666625,True,0.3204244844348707
nested_validation,k|23|0.2,k|23|0.8,k|23|0.8,47630686,INT114,TP_k05_02,k,0.2105263157894736,0.37142857142857144,0.507423236401391,0.5,0.3663497267333465,True,0.28277445902879766
nested_validation,k|23|0.2,k|23|0.8,k|23|0.8,47630689,INT140,TP_k06_02,k,0.2105263157894736,0.37142857142857144,0.3707273111719992,0.5,0.38901123131799875,True,0.33939587151953315
nested_validation,k|23|0.2,k|23|0.8,k|23|0.8,47630692,INT091,TP_k06_03,k,0.2105263157894736,0.37142857142857144,0.507423236401391,0.5,0.3663497267333465,True,0.28277445902879766
nested_validation,k|23|0.2,k|45|0.9,k|45|0.9,47629411,TP_k11_04,TP_k11_04,k,0.1052631578947368,0.6373243861851662,0.7601384437081647,0.5,0.2467659128458542,True,-0.9104958017556016
nested_validation,k|23|0.2,k|45|0.9,k|45|0.9,47629687,TP_k11_06,TP_k11_06,k,0.1052631578947368,0.6373243861851662,0.7842936703443569,0.5,0.24220563872282427,True,-0.8631654506007121
nested_validation,k|23|0.2,k|45|0.9,k|45|0.9,47629774,TP_k11_05,TP_k11_05,k,0.1052631578947368,0.6373243861851662,0.7707657335295923,0.5,0.24476669334739995,True,-0.869356951812526
nested_validation,k|23|0.2,k|45|0.9,k|45|0.9,47630755,TP_k11_02,TP_k11_02,k,0.1052631578947368,0.6373243861851662,0.7598537776791061,0.5,0.24681930521113865,True,-0.9096954378871683
nested_validation,k|23|0.2,k|45|0.9,k|45|0.9,47630773,TP_k11_01,TP_k11_01,k,0.1052631578947368,0.6373243861851662,0.7698599678607464,0.5,0.24493753227512152,True,-0.8968160946635194
nested_validation,k|23|0.2,k|45|0.9,k|45|0.9,47630776,TP_k11_03,TP_k11_03,k,0.1052631578947368,0.6373243861851662,0.7707657335295923,0.5,0.24476669334739995,True,-0.869356951812526
outer_test,k|23|0.2,,k|23|0.2,47627524,039,TP_k03_02,k,0.1578947368421052,0.37142857142857144,0.3143595768483895,1.0,0.8087213139788173,True,1.3210660407327315
outer_test,k|23|0.2,,k|23|0.2,47627626,055,TP_k03_01,k,0.1578947368421052,0.37142857142857144,0.3143595768483895,1.0,0.8087213139788173,True,1.3210660407327315
outer_test,k|23|0.2,,k|23|0.2,47627641,013,TP_k03_05,k,0.1578947368421052,0.37142857142857144,0.2854971737477057,1.0,0.8157525237743833,True,1.3553999333455873
outer_test,k|23|0.2,,k|23|0.2,47627644,130,TP_k03_03,k,0.1578947368421052,0.37142857142857144,0.3163736062323093,1.0,0.8082078115991913,True,1.3201922458753697
outer_test,k|23|0.2,,k|23|0.2,47628319,189,TP_k03_04,k,0.1578947368421052,0.37142857142857144,0.3143595768483895,1.0,0.8087213139788173,True,1.3210660407327315
outer_test,k|23|0.2,,k|23|0.2,47628376,118,TP_k03_06,k,0.1578947368421052,0.37142857142857144,0.314831012984789,1.0,0.8086013801285891,True,1.3210815537107536
outer_train_fit,k|23|0.2,,k|10|0.2,47627599,167,TP_k01_02,k,0.1578947368421052,0.0,0.3061437710657915,1.0,0.9307237662741161,True,1.5216507121349945
outer_train_fit,k|23|0.2,,k|10|0.2,47627620,057,TP_k01_01,k,0.1578947368421052,0.0,0.3061437710657915,1.0,0.9307237662741161,True,1.5216507121349945
outer_train_fit,k|23|0.2,,k|10|0.2,47627656,012,TP_k01_03,k,0.1578947368421052,0.0,0.3059229147376472,1.0,0.9307866754613926,True,1.5214958899439512
outer_train_fit,k|23|0.2,,k|10|0.2,47628241,070,TP_k01_04,k,0.1578947368421052,0.0,0.2637618626804907,1.0,0.9420321193384711,True,1.572460735634398
outer_train_fit,k|23|0.2,,k|10|0.2,47628313,123,TP_k01_06,k,0.1578947368421052,0.0,0.3178466608520105,1.0,0.9273316616653833,True,1.5054160340744378
outer_train_fit,k|23|0.2,,k|10|0.2,47628373,168,TP_k01_05,k,0.1578947368421052,0.0,0.3061437710657915,1.0,0.9307237662741161,True,1.5216507121349945
outer_train_fit,k|23|0.2,,k|10|0.8,47627623,186,TP_k02_05,k,0.2105263157894736,0.0,0.4547510818883757,1.0,0.8626721093774452,True,0.6978495829885992
outer_train_fit,k|23|0.2,,k|10|0.8,47627629,019,TP_k02_02,k,0.2105263157894736,0.0,0.4547510818883757,1.0,0.8626721093774452,True,0.6978495829885992
outer_train_fit,k|23|0.2,,k|10|0.8,47627638,131,TP_k02_01,k,0.2105263157894736,0.0,0.4547510818883757,1.0,0.8626721093774452,True,0.6978495829885992
outer_train_fit,k|23|0.2,,k|10|0.8,47627647,197,TP_k02_03,k,0.2105263157894736,0.0,0.4547510818883757,1.0,0.8626721093774452,True,0.6978495829885992
outer_train_fit,k|23|0.2,,k|10|0.8,47628259,145,TP_k02_04,k,0.2105263157894736,0.0,0.4547510818883757,1.0,0.8626721093774452,True,0.6978495829885992
outer_train_fit,k|23|0.2,,k|10|0.8,47628265,095,TP_k02_06,k,0.2105263157894736,0.0,0.4547510818883757,1.0,0.8626721093774452,True,0.6978495829885992
outer_train_fit,k|23|0.2,,k|23|0.8,47629804,INT023,TP_k05_05,k,0.2105263157894736,0.0,0.417543198922718,0.5,0.4383929293950374,True,0.3678244602907666
outer_train_fit,k|23|0.2,,k|23|0.8,47629813,INT043,TP_k06_04,k,0.2105263157894736,0.0,0.4297727806457622,0.5,0.43612741953373346,True,0.36596871994679653
outer_train_fit,k|23|0.2,,k|23|0.8,47629819,INT190,TP_k04_06,k,0.2105263157894736,0.0,0.417543198922718,0.5,0.4383929293950374,True,0.3678244602907666
outer_train_fit,k|23|0.2,,k|23|0.8,47629822,INT165,TP_k04_05,k,0.2105263157894736,0.0,0.3707273111719992,0.5,0.44655715514047556,True,0.38960225991082514
outer_train_fit,k|23|0.2,,k|23|0.8,47629831,INT151,TP_k07_06,k,0.2105263157894736,0.0,0.3707273111719992,0.5,0.44655715514047556,True,0.38960225991082514
outer_train_fit,k|23|0.2,,k|23|0.8,47629834,INT134,TP_k07_04,k,0.2105263157894736,0.0,0.3707273111719992,0.5,0.44655715514047556,True,0.38960225991082514
outer_train_fit,k|23|0.2,,k|23|0.8,47629846,INT119,TP_k05_06,k,0.2105263157894736,0.0,0.5063972173396005,0.5,0.4207621450595485,True,0.325553809751484
outer_train_fit,k|23|0.2,,k|23|0.8,47629906,INT066,TP_k05_04,k,0.2105263157894736,0.0,0.4474842291487455,0.5,0.43275238318572146,True,0.365686031928076
outer_train_fit,k|23|0.2,,k|23|0.8,47629909,INT052,TP_k07_05,k,0.2105263157894736,0.0,0.4463930549766443,0.5,0.43296348275905006,True,0.3653997973668506
outer_train_fit,k|23|0.2,,k|23|0.8,47629915,INT090,TP_k04_04,k,0.2105263157894736,0.0,0.4469230531110522,0.5,0.4328610003383941,True,0.36476668445990995
outer_train_fit,k|23|0.2,,k|23|0.8,47629942,INT176,TP_k06_05,k,0.2105263157894736,0.0,0.417543198922718,0.5,0.4383929293950374,True,0.3678244602907666
outer_train_fit,k|23|0.2,,k|23|0.8,47629945,INT098,TP_k06_06,k,0.2105263157894736,0.0,0.417543198922718,0.5,0.4383929293950374,True,0.3678244602907666
outer_train_fit,k|23|0.2,,k|23|0.8,47630359,INT051,TP_k05_03,k,0.2105263157894736,0.0,0.4366452493908614,0.5,0.4348309052159191,True,0.3645937839626176
outer_train_fit,k|23|0.2,,k|23|0.8,47630362,INT195,TP_k05_01,k,0.2105263157894736,0.0,0.3707273111719992,0.5,0.44655715514047556,True,0.38960225991082514
outer_train_fit,k|23|0.2,,k|23|0.8,47630371,INT004,TP_k04_02,k,0.2105263157894736,0.0,0.4159864951966148,0.5,0.43867744197546343,True,0.3688764098479482
outer_train_fit,k|23|0.2,,k|23|0.8,47630383,INT085,TP_k04_01,k,0.2105263157894736,0.0,0.417543198922718,0.5,0.4383929293950374,True,0.3678244602907666
outer_train_fit,k|23|0.2,,k|23|0.8,47630437,INT003,TP_k07_01,k,0.2105263157894736,0.0,0.4159864951966148,0.5,0.43867744197546343,True,0.3688764098479482
outer_train_fit,k|23|0.2,,k|23|0.8,47630440,INT103,TP_k04_03,k,0.2105263157894736,0.0,0.507423236401391,0.5,0.4205433637539415,True,0.3246049157564371
outer_train_fit,k|23|0.2,,k|23|0.8,47630443,INT009,TP_k06_01,k,0.2105263157894736,0.0,0.417543198922718,0.5,0.4383929293950374,True,0.3678244602907666
outer_train_fit,k|23|0.2,,k|23|0.8,47630674,INT045,TP_k07_02,k,0.2105263157894736,0.0,0.417543198922718,0.5,0.4383929293950374,True,0.3678244602907666
outer_train_fit,k|23|0.2,,k|23|0.8,47630677,INT080,TP_k07_03,k,0.2105263157894736,0.0,0.417543198922718,0.5,0.4383929293950374,True,0.3678244602907666
outer_train_fit,k|23|0.2,,k|23|0.8,47630686,INT114,TP_k05_02,k,0.2105263157894736,0.0,0.507423236401391,0.5,0.4205433637539415,True,0.3246049157564371
outer_train_fit,k|23|0.2,,k|23|0.8,47630689,INT140,TP_k06_02,k,0.2105263157894736,0.0,0.3707273111719992,0.5,0.44655715514047556,True,0.38960225991082514
outer_train_fit,k|23|0.2,,k|23|0.8,47630692,INT091,TP_k06_03,k,0.2105263157894736,0.0,0.507423236401391,0.5,0.4205433637539415,True,0.3246049157564371
outer_train_fit,k|23|0.2,,k|45|0.9,47629411,TP_k11_04,TP_k11_04,k,0.1052631578947368,0.0,0.7601384437081647,0.5,0.3704144593790991,True,-1.3667236543521928
outer_train_fit,k|23|0.2,,k|45|0.9,47629687,TP_k11_06,TP_k11_06,k,0.1052631578947368,0.0,0.7842936703443569,0.5,0.3635691400462065,True,-1.2956771867381152
outer_train_fit,k|23|0.2,,k|45|0.9,47629774,TP_k11_05,TP_k11_05,k,0.1052631578947368,0.0,0.7707657335295923,0.5,0.36741347840421595,True,-1.3049711023671822
outer_train_fit,k|23|0.2,,k|45|0.9,47630755,TP_k11_02,TP_k11_02,k,0.1052631578947368,0.0,0.7598537776791061,0.5,0.37049460539235407,True,-1.3655222471310202
outer_train_fit,k|23|0.2,,k|45|0.9,47630773,TP_k11_01,TP_k11_01,k,0.1052631578947368,0.0,0.7698599678607464,0.5,0.36766992066693815,True,-1.3461893704693808
outer_train_fit,k|23|0.2,,k|45|0.9,47630776,TP_k11_03,TP_k11_03,k,0.1052631578947368,0.0,0.7707657335295923,0.5,0.36741347840421595,True,-1.3049711023671822
nested_validation,k|23|0.65,k|10|0.2,k|10|0.2,47627599,167,TP_k01_02,k,0.1578947368421052,0.631578947368421,0.3061437710657915,1.0,0.6245744638575348,True,1.0211237879040511
nested_validation,k|23|0.65,k|10|0.2,k|10|0.2,47627620,057,TP_k01_01,k,0.1578947368421052,0.631578947368421,0.3061437710657915,1.0,0.6245744638575348,True,1.0211237879040511
nested_validation,k|23|0.65,k|10|0.2,k|10|0.2,47627656,012,TP_k01_03,k,0.1578947368421052,0.631578947368421,0.3059229147376472,1.0,0.6246166798977164,True,1.0210198924299394
nested_validation,k|23|0.65,k|10|0.2,k|10|0.2,47628241,070,TP_k01_04,k,0.1578947368421052,0.631578947368421,0.2637618626804907,1.0,0.6321630833902191,True,1.0552205245897053
nested_validation,k|23|0.65,k|10|0.2,k|10|0.2,47628313,123,TP_k01_06,k,0.1578947368421052,0.631578947368421,0.3178466608520105,1.0,0.6222981473024851,True,1.0102292929819288
nested_validation,k|23|0.65,k|10|0.2,k|10|0.2,47628373,168,TP_k01_05,k,0.1578947368421052,0.631578947368421,0.3061437710657915,1.0,0.6245744638575348,True,1.0211237879040511
nested_validation,k|23|0.65,k|10|0.8,k|10|0.8,47627623,186,TP_k02_05,k,0.2105263157894736,0.37142857142857144,0.4547510818883757,1.0,0.7515032188590671,True,0.6079206713589639
nested_validation,k|23|0.65,k|10|0.8,k|10|0.8,47627629,019,TP_k02_02,k,0.2105263157894736,0.37142857142857144,0.4547510818883757,1.0,0.7515032188590671,True,0.6079206713589639
nested_validation,k|23|0.65,k|10|0.8,k|10|0.8,47627638,131,TP_k02_01,k,0.2105263157894736,0.37142857142857144,0.4547510818883757,1.0,0.7515032188590671,True,0.6079206713589639
nested_validation,k|23|0.65,k|10|0.8,k|10|0.8,47627647,197,TP_k02_03,k,0.2105263157894736,0.37142857142857144,0.4547510818883757,1.0,0.7515032188590671,True,0.6079206713589639
nested_validation,k|23|0.65,k|10|0.8,k|10|0.8,47628259,145,TP_k02_04,k,0.2105263157894736,0.37142857142857144,0.4547510818883757,1.0,0.7515032188590671,True,0.6079206713589639
nested_validation,k|23|0.65,k|10|0.8,k|10|0.8,47628265,095,TP_k02_06,k,0.2105263157894736,0.37142857142857144,0.4547510818883757,1.0,0.7515032188590671,True,0.6079206713589639
nested_validation,k|23|0.65,k|23|0.8,k|23|0.8,47629804,INT023,TP_k05_05,k,0.2105263157894736,0.37142857142857144,0.417543198922718,0.5,0.3818990946666625,True,0.3204244844348707
nested_validation,k|23|0.65,k|23|0.8,k|23|0.8,47629813,INT043,TP_k06_04,k,0.2105263157894736,0.37142857142857144,0.4297727806457622,0.5,0.3799255314383862,True,0.31880788546673366
nested_validation,k|23|0.65,k|23|0.8,k|23|0.8,47629819,INT190,TP_k04_06,k,0.2105263157894736,0.37142857142857144,0.417543198922718,0.5,0.3818990946666625,True,0.3204244844348707
nested_validation,k|23|0.65,k|23|0.8,k|23|0.8,47629822,INT165,TP_k04_05,k,0.2105263157894736,0.37142857142857144,0.3707273111719992,0.5,0.38901123131799875,True,0.33939587151953315
nested_validation,k|23|0.65,k|23|0.8,k|23|0.8,47629831,INT151,TP_k07_06,k,0.2105263157894736,0.37142857142857144,0.3707273111719992,0.5,0.38901123131799875,True,0.33939587151953315
nested_validation,k|23|0.65,k|23|0.8,k|23|0.8,47629834,INT134,TP_k07_04,k,0.2105263157894736,0.37142857142857144,0.3707273111719992,0.5,0.38901123131799875,True,0.33939587151953315
nested_validation,k|23|0.65,k|23|0.8,k|23|0.8,47629846,INT119,TP_k05_06,k,0.2105263157894736,0.37142857142857144,0.5063972173396005,0.5,0.3665403146213778,True,0.2836010730851491
nested_validation,k|23|0.65,k|23|0.8,k|23|0.8,47629906,INT066,TP_k05_04,k,0.2105263157894736,0.37142857142857144,0.4474842291487455,0.5,0.3769854216890079,True,0.31856162625226264
nested_validation,k|23|0.65,k|23|0.8,k|23|0.8,47629909,INT052,TP_k07_05,k,0.2105263157894736,0.37142857142857144,0.4463930549766443,0.5,0.3771693177569713,True,0.31831227752315533
nested_validation,k|23|0.65,k|23|0.8,k|23|0.8,47629915,INT090,TP_k04_04,k,0.2105263157894736,0.37142857142857144,0.4469230531110522,0.5,0.37708004181056914,True,0.3177607511873723
nested_validation,k|23|0.65,k|23|0.8,k|23|0.8,47629942,INT176,TP_k06_05,k,0.2105263157894736,0.37142857142857144,0.417543198922718,0.5,0.3818990946666625,True,0.3204244844348707
nested_validation,k|23|0.65,k|23|0.8,k|23|0.8,47629945,INT098,TP_k06_06,k,0.2105263157894736,0.37142857142857144,0.417543198922718,0.5,0.3818990946666625,True,0.3204244844348707
nested_validation,k|23|0.65,k|23|0.8,k|23|0.8,47630359,INT051,TP_k05_03,k,0.2105263157894736,0.37142857142857144,0.4366452493908614,0.5,0.378796093413738,True,0.3176101316427677
nested_validation,k|23|0.65,k|23|0.8,k|23|0.8,47630362,INT195,TP_k05_01,k,0.2105263157894736,0.37142857142857144,0.3707273111719992,0.5,0.38901123131799875,True,0.33939587151953315
nested_validation,k|23|0.65,k|23|0.8,k|23|0.8,47630371,INT004,TP_k04_02,k,0.2105263157894736,0.37142857142857144,0.4159864951966148,0.5,0.3821469433193219,True,0.3213408737207951
nested_validation,k|23|0.65,k|23|0.8,k|23|0.8,47630383,INT085,TP_k04_01,k,0.2105263157894736,0.37142857142857144,0.417543198922718,0.5,0.3818990946666625,True,0.3204244844348707
nested_validation,k|23|0.65,k|23|0.8,k|23|0.8,47630437,INT003,TP_k07_01,k,0.2105263157894736,0.37142857142857144,0.4159864951966148,0.5,0.3821469433193219,True,0.3213408737207951
nested_validation,k|23|0.65,k|23|0.8,k|23|0.8,47630440,INT103,TP_k04_03,k,0.2105263157894736,0.37142857142857144,0.507423236401391,0.5,0.3663497267333465,True,0.28277445902879766
nested_validation,k|23|0.65,k|23|0.8,k|23|0.8,47630443,INT009,TP_k06_01,k,0.2105263157894736,0.37142857142857144,0.417543198922718,0.5,0.3818990946666625,True,0.3204244844348707
nested_validation,k|23|0.65,k|23|0.8,k|23|0.8,47630674,INT045,TP_k07_02,k,0.2105263157894736,0.37142857142857144,0.417543198922718,0.5,0.3818990946666625,True,0.3204244844348707
nested_validation,k|23|0.65,k|23|0.8,k|23|0.8,47630677,INT080,TP_k07_03,k,0.2105263157894736,0.37142857142857144,0.417543198922718,0.5,0.3818990946666625,True,0.3204244844348707
nested_validation,k|23|0.65,k|23|0.8,k|23|0.8,47630686,INT114,TP_k05_02,k,0.2105263157894736,0.37142857142857144,0.507423236401391,0.5,0.3663497267333465,True,0.28277445902879766
nested_validation,k|23|0.65,k|23|0.8,k|23|0.8,47630689,INT140,TP_k06_02,k,0.2105263157894736,0.37142857142857144,0.3707273111719992,0.5,0.38901123131799875,True,0.33939587151953315
nested_validation,k|23|0.65,k|23|0.8,k|23|0.8,47630692,INT091,TP_k06_03,k,0.2105263157894736,0.37142857142857144,0.507423236401391,0.5,0.3663497267333465,True,0.28277445902879766
nested_validation,k|23|0.65,k|45|0.9,k|45|0.9,47629411,TP_k11_04,TP_k11_04,k,0.1052631578947368,0.6373243861851662,0.7601384437081647,0.5,0.2467659128458542,True,-0.9104958017556016
nested_validation,k|23|0.65,k|45|0.9,k|45|0.9,47629687,TP_k11_06,TP_k11_06,k,0.1052631578947368,0.6373243861851662,0.7842936703443569,0.5,0.24220563872282427,True,-0.8631654506007121
nested_validation,k|23|0.65,k|45|0.9,k|45|0.9,47629774,TP_k11_05,TP_k11_05,k,0.1052631578947368,0.6373243861851662,0.7707657335295923,0.5,0.24476669334739995,True,-0.869356951812526
nested_validation,k|23|0.65,k|45|0.9,k|45|0.9,47630755,TP_k11_02,TP_k11_02,k,0.1052631578947368,0.6373243861851662,0.7598537776791061,0.5,0.24681930521113865,True,-0.9096954378871683
nested_validation,k|23|0.65,k|45|0.9,k|45|0.9,47630773,TP_k11_01,TP_k11_01,k,0.1052631578947368,0.6373243861851662,0.7698599678607464,0.5,0.24493753227512152,True,-0.8968160946635194
nested_validation,k|23|0.65,k|45|0.9,k|45|0.9,47630776,TP_k11_03,TP_k11_03,k,0.1052631578947368,0.6373243861851662,0.7707657335295923,0.5,0.24476669334739995,True,-0.869356951812526
outer_test,k|23|0.65,,k|23|0.65,47628571,TP_k08_04,TP_k08_04,k,0.1578947368421052,0.1578947368421053,1.9865553736529464,0.5,0.06612490650620328,False,0.0
outer_test,k|23|0.65,,k|23|0.65,47629393,TP_k08_05,TP_k08_05,k,0.1578947368421052,0.1578947368421053,1.9865553736529464,0.5,0.06612490650620328,False,0.0
outer_test,k|23|0.65,,k|23|0.65,47629402,TP_k08_06,TP_k08_06,k,0.1578947368421052,0.1578947368421053,2.0228482769843685,0.5,0.061484740786155734,False,0.0
outer_test,k|23|0.65,,k|23|0.65,47630380,TP_k08_02,TP_k08_02,k,0.1578947368421052,0.1578947368421053,1.995679877282441,0.5,0.06493439914105835,False,0.0
outer_test,k|23|0.65,,k|23|0.65,47630431,TP_k08_01,TP_k08_01,k,0.1578947368421052,0.1578947368421053,2.0472312209868,0.5,0.05850830830643196,False,0.0
outer_test,k|23|0.65,,k|23|0.65,47630680,TP_k08_03,TP_k08_03,k,0.1578947368421052,0.1578947368421053,1.9865553736529464,0.5,0.06612490650620328,False,0.0
outer_train_fit,k|23|0.65,,k|10|0.2,47627599,167,TP_k01_02,k,0.1578947368421052,0.0,0.3061437710657915,1.0,0.9307237662741161,True,1.5216507121349945
outer_train_fit,k|23|0.65,,k|10|0.2,47627620,057,TP_k01_01,k,0.1578947368421052,0.0,0.3061437710657915,1.0,0.9307237662741161,True,1.5216507121349945
outer_train_fit,k|23|0.65,,k|10|0.2,47627656,012,TP_k01_03,k,0.1578947368421052,0.0,0.3059229147376472,1.0,0.9307866754613926,True,1.5214958899439512
outer_train_fit,k|23|0.65,,k|10|0.2,47628241,070,TP_k01_04,k,0.1578947368421052,0.0,0.2637618626804907,1.0,0.9420321193384711,True,1.572460735634398
outer_train_fit,k|23|0.65,,k|10|0.2,47628313,123,TP_k01_06,k,0.1578947368421052,0.0,0.3178466608520105,1.0,0.9273316616653833,True,1.5054160340744378
outer_train_fit,k|23|0.65,,k|10|0.2,47628373,168,TP_k01_05,k,0.1578947368421052,0.0,0.3061437710657915,1.0,0.9307237662741161,True,1.5216507121349945
outer_train_fit,k|23|0.65,,k|10|0.8,47627623,186,TP_k02_05,k,0.2105263157894736,0.0,0.4547510818883757,1.0,0.8626721093774452,True,0.6978495829885992
outer_train_fit,k|23|0.65,,k|10|0.8,47627629,019,TP_k02_02,k,0.2105263157894736,0.0,0.4547510818883757,1.0,0.8626721093774452,True,0.6978495829885992
outer_train_fit,k|23|0.65,,k|10|0.8,47627638,131,TP_k02_01,k,0.2105263157894736,0.0,0.4547510818883757,1.0,0.8626721093774452,True,0.6978495829885992
outer_train_fit,k|23|0.65,,k|10|0.8,47627647,197,TP_k02_03,k,0.2105263157894736,0.0,0.4547510818883757,1.0,0.8626721093774452,True,0.6978495829885992
outer_train_fit,k|23|0.65,,k|10|0.8,47628259,145,TP_k02_04,k,0.2105263157894736,0.0,0.4547510818883757,1.0,0.8626721093774452,True,0.6978495829885992
outer_train_fit,k|23|0.65,,k|10|0.8,47628265,095,TP_k02_06,k,0.2105263157894736,0.0,0.4547510818883757,1.0,0.8626721093774452,True,0.6978495829885992
outer_train_fit,k|23|0.65,,k|23|0.8,47629804,INT023,TP_k05_05,k,0.2105263157894736,0.0,0.417543198922718,0.5,0.4383929293950374,True,0.3678244602907666
outer_train_fit,k|23|0.65,,k|23|0.8,47629813,INT043,TP_k06_04,k,0.2105263157894736,0.0,0.4297727806457622,0.5,0.43612741953373346,True,0.36596871994679653
outer_train_fit,k|23|0.65,,k|23|0.8,47629819,INT190,TP_k04_06,k,0.2105263157894736,0.0,0.417543198922718,0.5,0.4383929293950374,True,0.3678244602907666
outer_train_fit,k|23|0.65,,k|23|0.8,47629822,INT165,TP_k04_05,k,0.2105263157894736,0.0,0.3707273111719992,0.5,0.44655715514047556,True,0.38960225991082514
outer_train_fit,k|23|0.65,,k|23|0.8,47629831,INT151,TP_k07_06,k,0.2105263157894736,0.0,0.3707273111719992,0.5,0.44655715514047556,True,0.38960225991082514
outer_train_fit,k|23|0.65,,k|23|0.8,47629834,INT134,TP_k07_04,k,0.2105263157894736,0.0,0.3707273111719992,0.5,0.44655715514047556,True,0.38960225991082514
outer_train_fit,k|23|0.65,,k|23|0.8,47629846,INT119,TP_k05_06,k,0.2105263157894736,0.0,0.5063972173396005,0.5,0.4207621450595485,True,0.325553809751484
outer_train_fit,k|23|0.65,,k|23|0.8,47629906,INT066,TP_k05_04,k,0.2105263157894736,0.0,0.4474842291487455,0.5,0.43275238318572146,True,0.365686031928076
outer_train_fit,k|23|0.65,,k|23|0.8,47629909,INT052,TP_k07_05,k,0.2105263157894736,0.0,0.4463930549766443,0.5,0.43296348275905006,True,0.3653997973668506
outer_train_fit,k|23|0.65,,k|23|0.8,47629915,INT090,TP_k04_04,k,0.2105263157894736,0.0,0.4469230531110522,0.5,0.4328610003383941,True,0.36476668445990995
outer_train_fit,k|23|0.65,,k|23|0.8,47629942,INT176,TP_k06_05,k,0.2105263157894736,0.0,0.417543198922718,0.5,0.4383929293950374,True,0.3678244602907666
outer_train_fit,k|23|0.65,,k|23|0.8,47629945,INT098,TP_k06_06,k,0.2105263157894736,0.0,0.417543198922718,0.5,0.4383929293950374,True,0.3678244602907666
outer_train_fit,k|23|0.65,,k|23|0.8,47630359,INT051,TP_k05_03,k,0.2105263157894736,0.0,0.4366452493908614,0.5,0.4348309052159191,True,0.3645937839626176
outer_train_fit,k|23|0.65,,k|23|0.8,47630362,INT195,TP_k05_01,k,0.2105263157894736,0.0,0.3707273111719992,0.5,0.44655715514047556,True,0.38960225991082514
outer_train_fit,k|23|0.65,,k|23|0.8,47630371,INT004,TP_k04_02,k,0.2105263157894736,0.0,0.4159864951966148,0.5,0.43867744197546343,True,0.3688764098479482
outer_train_fit,k|23|0.65,,k|23|0.8,47630383,INT085,TP_k04_01,k,0.2105263157894736,0.0,0.417543198922718,0.5,0.4383929293950374,True,0.3678244602907666
outer_train_fit,k|23|0.65,,k|23|0.8,47630437,INT003,TP_k07_01,k,0.2105263157894736,0.0,0.4159864951966148,0.5,0.43867744197546343,True,0.3688764098479482
outer_train_fit,k|23|0.65,,k|23|0.8,47630440,INT103,TP_k04_03,k,0.2105263157894736,0.0,0.507423236401391,0.5,0.4205433637539415,True,0.3246049157564371
outer_train_fit,k|23|0.65,,k|23|0.8,47630443,INT009,TP_k06_01,k,0.2105263157894736,0.0,0.417543198922718,0.5,0.4383929293950374,True,0.3678244602907666
outer_train_fit,k|23|0.65,,k|23|0.8,47630674,INT045,TP_k07_02,k,0.2105263157894736,0.0,0.417543198922718,0.5,0.4383929293950374,True,0.3678244602907666
outer_train_fit,k|23|0.65,,k|23|0.8,47630677,INT080,TP_k07_03,k,0.2105263157894736,0.0,0.417543198922718,0.5,0.4383929293950374,True,0.3678244602907666
outer_train_fit,k|23|0.65,,k|23|0.8,47630686,INT114,TP_k05_02,k,0.2105263157894736,0.0,0.507423236401391,0.5,0.4205433637539415,True,0.3246049157564371
outer_train_fit,k|23|0.65,,k|23|0.8,47630689,INT140,TP_k06_02,k,0.2105263157894736,0.0,0.3707273111719992,0.5,0.44655715514047556,True,0.38960225991082514
outer_train_fit,k|23|0.65,,k|23|0.8,47630692,INT091,TP_k06_03,k,0.2105263157894736,0.0,0.507423236401391,0.5,0.4205433637539415,True,0.3246049157564371
outer_train_fit,k|23|0.65,,k|45|0.9,47629411,TP_k11_04,TP_k11_04,k,0.1052631578947368,0.0,0.7601384437081647,0.5,0.3704144593790991,True,-1.3667236543521928
outer_train_fit,k|23|0.65,,k|45|0.9,47629687,TP_k11_06,TP_k11_06,k,0.1052631578947368,0.0,0.7842936703443569,0.5,0.3635691400462065,True,-1.2956771867381152
outer_train_fit,k|23|0.65,,k|45|0.9,47629774,TP_k11_05,TP_k11_05,k,0.1052631578947368,0.0,0.7707657335295923,0.5,0.36741347840421595,True,-1.3049711023671822
outer_train_fit,k|23|0.65,,k|45|0.9,47630755,TP_k11_02,TP_k11_02,k,0.1052631578947368,0.0,0.7598537776791061,0.5,0.37049460539235407,True,-1.3655222471310202
outer_train_fit,k|23|0.65,,k|45|0.9,47630773,TP_k11_01,TP_k11_01,k,0.1052631578947368,0.0,0.7698599678607464,0.5,0.36766992066693815,True,-1.3461893704693808
outer_train_fit,k|23|0.65,,k|45|0.9,47630776,TP_k11_03,TP_k11_03,k,0.1052631578947368,0.0,0.7707657335295923,0.5,0.36741347840421595,True,-1.3049711023671822
nested_validation,k|23|0.8,k|10|0.2,k|10|0.2,47627599,167,TP_k01_02,k,0.1578947368421052,0.6019434483200298,0.3061437710657915,1.0,0.6478288958061156,True,1.0591427192100678
nested_validation,k|23|0.8,k|10|0.2,k|10|0.2,47627620,057,TP_k01_01,k,0.1578947368421052,0.6019434483200298,0.3061437710657915,1.0,0.6478288958061156,True,1.0591427192100678
nested_validation,k|23|0.8,k|10|0.2,k|10|0.2,47627656,012,TP_k01_03,k,0.1578947368421052,0.6019434483200298,0.3059229147376472,1.0,0.6478726836525274,True,1.0590349554538339
nested_validation,k|23|0.8,k|10|0.2,k|10|0.2,47628241,070,TP_k01_04,k,0.1578947368421052,0.6019434483200298,0.2637618626804907,1.0,0.6557000581687078,True,1.0945089606366427
nested_validation,k|23|0.8,k|10|0.2,k|10|0.2,47628313,123,TP_k01_06,k,0.1578947368421052,0.6019434483200298,0.3178466608520105,1.0,0.645467826428967,True,1.0478425956472612
nested_validation,k|23|0.8,k|10|0.2,k|10|0.2,47628373,168,TP_k01_05,k,0.1578947368421052,0.6019434483200298,0.3061437710657915,1.0,0.6478288958061156,True,1.0591427192100678
nested_validation,k|23|0.8,k|10|0.8,k|10|0.8,47627623,186,TP_k02_05,k,0.2105263157894736,0.40359624824310136,0.4547510818883757,1.0,0.7329992982410637,True,0.5929521182475777
nested_validation,k|23|0.8,k|10|0.8,k|10|0.8,47627629,019,TP_k02_02,k,0.2105263157894736,0.40359624824310136,0.4547510818883757,1.0,0.7329992982410637,True,0.5929521182475777
nested_validation,k|23|0.8,k|10|0.8,k|10|0.8,47627638,131,TP_k02_01,k,0.2105263157894736,0.40359624824310136,0.4547510818883757,1.0,0.7329992982410637,True,0.5929521182475777
nested_validation,k|23|0.8,k|10|0.8,k|10|0.8,47627647,197,TP_k02_03,k,0.2105263157894736,0.40359624824310136,0.4547510818883757,1.0,0.7329992982410637,True,0.5929521182475777
nested_validation,k|23|0.8,k|10|0.8,k|10|0.8,47628259,145,TP_k02_04,k,0.2105263157894736,0.40359624824310136,0.4547510818883757,1.0,0.7329992982410637,True,0.5929521182475777
nested_validation,k|23|0.8,k|10|0.8,k|10|0.8,47628265,095,TP_k02_06,k,0.2105263157894736,0.40359624824310136,0.4547510818883757,1.0,0.7329992982410637,True,0.5929521182475777
nested_validation,k|23|0.8,k|23|0.65,k|23|0.65,47628571,TP_k08_04,TP_k08_04,k,0.1578947368421052,0.40359624824310136,1.9865553736529464,0.5,0.057603670671615995,False,0.0
nested_validation,k|23|0.8,k|23|0.65,k|23|0.65,47629393,TP_k08_05,TP_k08_05,k,0.1578947368421052,0.40359624824310136,1.9865553736529464,0.5,0.057603670671615995,False,0.0
nested_validation,k|23|0.8,k|23|0.65,k|23|0.65,47629402,TP_k08_06,TP_k08_06,k,0.1578947368421052,0.40359624824310136,2.0228482769843685,0.5,0.05356146339871397,False,0.0
nested_validation,k|23|0.8,k|23|0.65,k|23|0.65,47630380,TP_k08_02,TP_k08_02,k,0.1578947368421052,0.40359624824310136,1.995679877282441,0.5,0.05656657893391336,False,0.0
nested_validation,k|23|0.8,k|23|0.65,k|23|0.65,47630431,TP_k08_01,TP_k08_01,k,0.1578947368421052,0.40359624824310136,2.0472312209868,0.5,0.05096859113019552,False,0.0
nested_validation,k|23|0.8,k|23|0.65,k|23|0.65,47630680,TP_k08_03,TP_k08_03,k,0.1578947368421052,0.40359624824310136,1.9865553736529464,0.5,0.057603670671615995,False,0.0
nested_validation,k|23|0.8,k|45|0.9,k|45|0.9,47629411,TP_k11_04,TP_k11_04,k,0.1052631578947368,0.6814353369019348,0.7601384437081647,0.5,0.23282065143405026,True,-0.8590417665389819
nested_validation,k|23|0.8,k|45|0.9,k|45|0.9,47629687,TP_k11_06,TP_k11_06,k,0.1052631578947368,0.6814353369019348,0.7842936703443569,0.5,0.22851808800542595,True,-0.8143861532032487
nested_validation,k|23|0.8,k|45|0.9,k|45|0.9,47629774,TP_k11_05,TP_k11_05,k,0.1052631578947368,0.6814353369019348,0.7707657335295923,0.5,0.23093441203971168,True,-0.8202277596425858
nested_validation,k|23|0.8,k|45|0.9,k|45|0.9,47630755,TP_k11_02,TP_k11_02,k,0.1052631578947368,0.6814353369019348,0.7598537776791061,0.5,0.2328710264843308,True,-0.8582866329182809
nested_validation,k|23|0.8,k|45|0.9,k|45|0.9,47630773,TP_k11_01,TP_k11_01,k,0.1052631578947368,0.6814353369019348,0.7698599678607464,0.5,0.23109559649984932,True,-0.8461351285034642
nested_validation,k|23|0.8,k|45|0.9,k|45|0.9,47630776,TP_k11_03,TP_k11_03,k,0.1052631578947368,0.6814353369019348,0.7707657335295923,0.5,0.23093441203971168,True,-0.8202277596425858
outer_test,k|23|0.8,,k|23|0.8,47629804,INT023,TP_k05_05,k,0.2105263157894736,0.1578947368421053,0.417543198922718,0.5,0.42759858046685134,True,0.3587676865554346
outer_test,k|23|0.8,,k|23|0.8,47629813,INT043,TP_k06_04,k,0.2105263157894736,0.1578947368421053,0.4297727806457622,0.5,0.42538885322041964,True,0.3569576392586141
outer_test,k|23|0.8,,k|23|0.8,47629819,INT190,TP_k04_06,k,0.2105263157894736,0.1578947368421053,0.417543198922718,0.5,0.42759858046685134,True,0.3587676865554346
outer_test,k|23|0.8,,k|23|0.8,47629822,INT165,TP_k04_05,k,0.2105263157894736,0.1578947368421053,0.3707273111719992,0.5,0.4355617822095841,True,0.3800092613592958
outer_test,k|23|0.8,,k|23|0.8,47629831,INT151,TP_k07_06,k,0.2105263157894736,0.1578947368421053,0.3707273111719992,0.5,0.4355617822095841,True,0.3800092613592958
outer_test,k|23|0.8,,k|23|0.8,47629834,INT134,TP_k07_04,k,0.2105263157894736,0.1578947368421053,0.3707273111719992,0.5,0.4355617822095841,True,0.3800092613592958
outer_test,k|23|0.8,,k|23|0.8,47629846,INT119,TP_k05_06,k,0.2105263157894736,0.1578947368421053,0.5063972173396005,0.5,0.4104019108837547,True,0.31753784694339954
outer_test,k|23|0.8,,k|23|0.8,47629906,INT066,TP_k05_04,k,0.2105263157894736,0.1578947368421053,0.4474842291487455,0.5,0.422096918851347,True,0.35668191173790187
outer_test,k|23|0.8,,k|23|0.8,47629909,INT052,TP_k07_05,k,0.2105263157894736,0.1578947368421053,0.4463930549766443,0.5,0.42230282061627056,True,0.3564027249995814
outer_test,k|23|0.8,,k|23|0.8,47629915,INT090,TP_k04_04,k,0.2105263157894736,0.1578947368421053,0.4469230531110522,0.5,0.4222028615734645,True,0.355785200942666
outer_test,k|23|0.8,,k|23|0.8,47629942,INT176,TP_k06_05,k,0.2105263157894736,0.1578947368421053,0.417543198922718,0.5,0.42759858046685134,True,0.3587676865554346
outer_test,k|23|0.8,,k|23|0.8,47629945,INT098,TP_k06_06,k,0.2105263157894736,0.1578947368421053,0.417543198922718,0.5,0.42759858046685134,True,0.3587676865554346
outer_test,k|23|0.8,,k|23|0.8,47630359,INT051,TP_k05_03,k,0.2105263157894736,0.1578947368421053,0.4366452493908614,0.5,0.42412426238265816,True,0.3556165576953713
outer_test,k|23|0.8,,k|23|0.8,47630362,INT195,TP_k05_01,k,0.2105263157894736,0.1578947368421053,0.3707273111719992,0.5,0.4355617822095841,True,0.3800092613592958
outer_test,k|23|0.8,,k|23|0.8,47630371,INT004,TP_k04_02,k,0.2105263157894736,0.1578947368421053,0.4159864951966148,0.5,0.4278760876239193,True,0.3597937344389948
outer_test,k|23|0.8,,k|23|0.8,47630383,INT085,TP_k04_01,k,0.2105263157894736,0.1578947368421053,0.417543198922718,0.5,0.42759858046685134,True,0.3587676865554346
outer_test,k|23|0.8,,k|23|0.8,47630437,INT003,TP_k07_01,k,0.2105263157894736,0.1578947368421053,0.4159864951966148,0.5,0.4278760876239193,True,0.3597937344389948
outer_test,k|23|0.8,,k|23|0.8,47630440,INT103,TP_k04_03,k,0.2105263157894736,0.1578947368421053,0.507423236401391,0.5,0.41018851653033916,True,0.31661231713192317
outer_test,k|23|0.8,,k|23|0.8,47630443,INT009,TP_k06_01,k,0.2105263157894736,0.1578947368421053,0.417543198922718,0.5,0.42759858046685134,True,0.3587676865554346
outer_test,k|23|0.8,,k|23|0.8,47630674,INT045,TP_k07_02,k,0.2105263157894736,0.1578947368421053,0.417543198922718,0.5,0.42759858046685134,True,0.3587676865554346
outer_test,k|23|0.8,,k|23|0.8,47630677,INT080,TP_k07_03,k,0.2105263157894736,0.1578947368421053,0.417543198922718,0.5,0.42759858046685134,True,0.3587676865554346
outer_test,k|23|0.8,,k|23|0.8,47630686,INT114,TP_k05_02,k,0.2105263157894736,0.1578947368421053,0.507423236401391,0.5,0.41018851653033916,True,0.31661231713192317
outer_test,k|23|0.8,,k|23|0.8,47630689,INT140,TP_k06_02,k,0.2105263157894736,0.1578947368421053,0.3707273111719992,0.5,0.4355617822095841,True,0.3800092613592958
outer_test,k|23|0.8,,k|23|0.8,47630692,INT091,TP_k06_03,k,0.2105263157894736,0.1578947368421053,0.507423236401391,0.5,0.41018851653033916,True,0.31661231713192317
outer_train_fit,k|23|0.8,,k|10|0.2,47627599,167,TP_k01_02,k,0.1578947368421052,0.0,0.3061437710657915,1.0,0.9307237662741161,True,1.5216507121349945
outer_train_fit,k|23|0.8,,k|10|0.2,47627620,057,TP_k01_01,k,0.1578947368421052,0.0,0.3061437710657915,1.0,0.9307237662741161,True,1.5216507121349945
outer_train_fit,k|23|0.8,,k|10|0.2,47627656,012,TP_k01_03,k,0.1578947368421052,0.0,0.3059229147376472,1.0,0.9307866754613926,True,1.5214958899439512
outer_train_fit,k|23|0.8,,k|10|0.2,47628241,070,TP_k01_04,k,0.1578947368421052,0.0,0.2637618626804907,1.0,0.9420321193384711,True,1.572460735634398
outer_train_fit,k|23|0.8,,k|10|0.2,47628313,123,TP_k01_06,k,0.1578947368421052,0.0,0.3178466608520105,1.0,0.9273316616653833,True,1.5054160340744378
outer_train_fit,k|23|0.8,,k|10|0.2,47628373,168,TP_k01_05,k,0.1578947368421052,0.0,0.3061437710657915,1.0,0.9307237662741161,True,1.5216507121349945
outer_train_fit,k|23|0.8,,k|10|0.8,47627623,186,TP_k02_05,k,0.2105263157894736,0.0,0.4547510818883757,1.0,0.8626721093774452,True,0.6978495829885992
outer_train_fit,k|23|0.8,,k|10|0.8,47627629,019,TP_k02_02,k,0.2105263157894736,0.0,0.4547510818883757,1.0,0.8626721093774452,True,0.6978495829885992
outer_train_fit,k|23|0.8,,k|10|0.8,47627638,131,TP_k02_01,k,0.2105263157894736,0.0,0.4547510818883757,1.0,0.8626721093774452,True,0.6978495829885992
outer_train_fit,k|23|0.8,,k|10|0.8,47627647,197,TP_k02_03,k,0.2105263157894736,0.0,0.4547510818883757,1.0,0.8626721093774452,True,0.6978495829885992
outer_train_fit,k|23|0.8,,k|10|0.8,47628259,145,TP_k02_04,k,0.2105263157894736,0.0,0.4547510818883757,1.0,0.8626721093774452,True,0.6978495829885992
outer_train_fit,k|23|0.8,,k|10|0.8,47628265,095,TP_k02_06,k,0.2105263157894736,0.0,0.4547510818883757,1.0,0.8626721093774452,True,0.6978495829885992
outer_train_fit,k|23|0.8,,k|23|0.65,47628571,TP_k08_04,TP_k08_04,k,0.1578947368421052,0.0,1.9865553736529464,0.5,0.06779417143428687,False,0.0
outer_train_fit,k|23|0.8,,k|23|0.65,47629393,TP_k08_05,TP_k08_05,k,0.1578947368421052,0.0,1.9865553736529464,0.5,0.06779417143428687,False,0.0
outer_train_fit,k|23|0.8,,k|23|0.65,47629402,TP_k08_06,TP_k08_06,k,0.1578947368421052,0.0,2.0228482769843685,0.5,0.06303686882428024,False,0.0
outer_train_fit,k|23|0.8,,k|23|0.65,47630380,TP_k08_02,TP_k08_02,k,0.1578947368421052,0.0,1.995679877282441,0.5,0.06657361076099737,False,0.0
outer_train_fit,k|23|0.8,,k|23|0.65,47630431,TP_k08_01,TP_k08_01,k,0.1578947368421052,0.0,2.0472312209868,0.5,0.05998529893247188,False,0.0
outer_train_fit,k|23|0.8,,k|23|0.65,47630680,TP_k08_03,TP_k08_03,k,0.1578947368421052,0.0,1.9865553736529464,0.5,0.06779417143428687,False,0.0
outer_train_fit,k|23|0.8,,k|45|0.9,47629411,TP_k11_04,TP_k11_04,k,0.1052631578947368,0.0,0.7601384437081647,0.5,0.3704144593790991,True,-1.3667236543521928
outer_train_fit,k|23|0.8,,k|45|0.9,47629687,TP_k11_06,TP_k11_06,k,0.1052631578947368,0.0,0.7842936703443569,0.5,0.3635691400462065,True,-1.2956771867381152
outer_train_fit,k|23|0.8,,k|45|0.9,47629774,TP_k11_05,TP_k11_05,k,0.1052631578947368,0.0,0.7707657335295923,0.5,0.36741347840421595,True,-1.3049711023671822
outer_train_fit,k|23|0.8,,k|45|0.9,47630755,TP_k11_02,TP_k11_02,k,0.1052631578947368,0.0,0.7598537776791061,0.5,0.37049460539235407,True,-1.3655222471310202
outer_train_fit,k|23|0.8,,k|45|0.9,47630773,TP_k11_01,TP_k11_01,k,0.1052631578947368,0.0,0.7698599678607464,0.5,0.36766992066693815,True,-1.3461893704693808
outer_train_fit,k|23|0.8,,k|45|0.9,47630776,TP_k11_03,TP_k11_03,k,0.1052631578947368,0.0,0.7707657335295923,0.5,0.36741347840421595,True,-1.3049711023671822
nested_validation,k|23|0.9,k|10|0.2,k|10|0.2,47627599,167,TP_k01_02,k,0.1578947368421052,0.631578947368421,0.3061437710657915,1.0,0.6245744638575348,True,1.0211237879040511
nested_validation,k|23|0.9,k|10|0.2,k|10|0.2,47627620,057,TP_k01_01,k,0.1578947368421052,0.631578947368421,0.3061437710657915,1.0,0.6245744638575348,True,1.0211237879040511
nested_validation,k|23|0.9,k|10|0.2,k|10|0.2,47627656,012,TP_k01_03,k,0.1578947368421052,0.631578947368421,0.3059229147376472,1.0,0.6246166798977164,True,1.0210198924299394
nested_validation,k|23|0.9,k|10|0.2,k|10|0.2,47628241,070,TP_k01_04,k,0.1578947368421052,0.631578947368421,0.2637618626804907,1.0,0.6321630833902191,True,1.0552205245897053
nested_validation,k|23|0.9,k|10|0.2,k|10|0.2,47628313,123,TP_k01_06,k,0.1578947368421052,0.631578947368421,0.3178466608520105,1.0,0.6222981473024851,True,1.0102292929819288
nested_validation,k|23|0.9,k|10|0.2,k|10|0.2,47628373,168,TP_k01_05,k,0.1578947368421052,0.631578947368421,0.3061437710657915,1.0,0.6245744638575348,True,1.0211237879040511
nested_validation,k|23|0.9,k|10|0.8,k|10|0.8,47627623,186,TP_k02_05,k,0.2105263157894736,0.37142857142857144,0.4547510818883757,1.0,0.7515032188590671,True,0.6079206713589639
nested_validation,k|23|0.9,k|10|0.8,k|10|0.8,47627629,019,TP_k02_02,k,0.2105263157894736,0.37142857142857144,0.4547510818883757,1.0,0.7515032188590671,True,0.6079206713589639
nested_validation,k|23|0.9,k|10|0.8,k|10|0.8,47627638,131,TP_k02_01,k,0.2105263157894736,0.37142857142857144,0.4547510818883757,1.0,0.7515032188590671,True,0.6079206713589639
nested_validation,k|23|0.9,k|10|0.8,k|10|0.8,47627647,197,TP_k02_03,k,0.2105263157894736,0.37142857142857144,0.4547510818883757,1.0,0.7515032188590671,True,0.6079206713589639
nested_validation,k|23|0.9,k|10|0.8,k|10|0.8,47628259,145,TP_k02_04,k,0.2105263157894736,0.37142857142857144,0.4547510818883757,1.0,0.7515032188590671,True,0.6079206713589639
nested_validation,k|23|0.9,k|10|0.8,k|10|0.8,47628265,095,TP_k02_06,k,0.2105263157894736,0.37142857142857144,0.4547510818883757,1.0,0.7515032188590671,True,0.6079206713589639
nested_validation,k|23|0.9,k|23|0.8,k|23|0.8,47629804,INT023,TP_k05_05,k,0.2105263157894736,0.37142857142857144,0.417543198922718,0.5,0.3818990946666625,True,0.3204244844348707
nested_validation,k|23|0.9,k|23|0.8,k|23|0.8,47629813,INT043,TP_k06_04,k,0.2105263157894736,0.37142857142857144,0.4297727806457622,0.5,0.3799255314383862,True,0.31880788546673366
nested_validation,k|23|0.9,k|23|0.8,k|23|0.8,47629819,INT190,TP_k04_06,k,0.2105263157894736,0.37142857142857144,0.417543198922718,0.5,0.3818990946666625,True,0.3204244844348707
nested_validation,k|23|0.9,k|23|0.8,k|23|0.8,47629822,INT165,TP_k04_05,k,0.2105263157894736,0.37142857142857144,0.3707273111719992,0.5,0.38901123131799875,True,0.33939587151953315
nested_validation,k|23|0.9,k|23|0.8,k|23|0.8,47629831,INT151,TP_k07_06,k,0.2105263157894736,0.37142857142857144,0.3707273111719992,0.5,0.38901123131799875,True,0.33939587151953315
nested_validation,k|23|0.9,k|23|0.8,k|23|0.8,47629834,INT134,TP_k07_04,k,0.2105263157894736,0.37142857142857144,0.3707273111719992,0.5,0.38901123131799875,True,0.33939587151953315
nested_validation,k|23|0.9,k|23|0.8,k|23|0.8,47629846,INT119,TP_k05_06,k,0.2105263157894736,0.37142857142857144,0.5063972173396005,0.5,0.3665403146213778,True,0.2836010730851491
nested_validation,k|23|0.9,k|23|0.8,k|23|0.8,47629906,INT066,TP_k05_04,k,0.2105263157894736,0.37142857142857144,0.4474842291487455,0.5,0.3769854216890079,True,0.31856162625226264
nested_validation,k|23|0.9,k|23|0.8,k|23|0.8,47629909,INT052,TP_k07_05,k,0.2105263157894736,0.37142857142857144,0.4463930549766443,0.5,0.3771693177569713,True,0.31831227752315533
nested_validation,k|23|0.9,k|23|0.8,k|23|0.8,47629915,INT090,TP_k04_04,k,0.2105263157894736,0.37142857142857144,0.4469230531110522,0.5,0.37708004181056914,True,0.3177607511873723
nested_validation,k|23|0.9,k|23|0.8,k|23|0.8,47629942,INT176,TP_k06_05,k,0.2105263157894736,0.37142857142857144,0.417543198922718,0.5,0.3818990946666625,True,0.3204244844348707
nested_validation,k|23|0.9,k|23|0.8,k|23|0.8,47629945,INT098,TP_k06_06,k,0.2105263157894736,0.37142857142857144,0.417543198922718,0.5,0.3818990946666625,True,0.3204244844348707
nested_validation,k|23|0.9,k|23|0.8,k|23|0.8,47630359,INT051,TP_k05_03,k,0.2105263157894736,0.37142857142857144,0.4366452493908614,0.5,0.378796093413738,True,0.3176101316427677
nested_validation,k|23|0.9,k|23|0.8,k|23|0.8,47630362,INT195,TP_k05_01,k,0.2105263157894736,0.37142857142857144,0.3707273111719992,0.5,0.38901123131799875,True,0.33939587151953315
nested_validation,k|23|0.9,k|23|0.8,k|23|0.8,47630371,INT004,TP_k04_02,k,0.2105263157894736,0.37142857142857144,0.4159864951966148,0.5,0.3821469433193219,True,0.3213408737207951
nested_validation,k|23|0.9,k|23|0.8,k|23|0.8,47630383,INT085,TP_k04_01,k,0.2105263157894736,0.37142857142857144,0.417543198922718,0.5,0.3818990946666625,True,0.3204244844348707
nested_validation,k|23|0.9,k|23|0.8,k|23|0.8,47630437,INT003,TP_k07_01,k,0.2105263157894736,0.37142857142857144,0.4159864951966148,0.5,0.3821469433193219,True,0.3213408737207951
nested_validation,k|23|0.9,k|23|0.8,k|23|0.8,47630440,INT103,TP_k04_03,k,0.2105263157894736,0.37142857142857144,0.507423236401391,0.5,0.3663497267333465,True,0.28277445902879766
nested_validation,k|23|0.9,k|23|0.8,k|23|0.8,47630443,INT009,TP_k06_01,k,0.2105263157894736,0.37142857142857144,0.417543198922718,0.5,0.3818990946666625,True,0.3204244844348707
nested_validation,k|23|0.9,k|23|0.8,k|23|0.8,47630674,INT045,TP_k07_02,k,0.2105263157894736,0.37142857142857144,0.417543198922718,0.5,0.3818990946666625,True,0.3204244844348707
nested_validation,k|23|0.9,k|23|0.8,k|23|0.8,47630677,INT080,TP_k07_03,k,0.2105263157894736,0.37142857142857144,0.417543198922718,0.5,0.3818990946666625,True,0.3204244844348707
nested_validation,k|23|0.9,k|23|0.8,k|23|0.8,47630686,INT114,TP_k05_02,k,0.2105263157894736,0.37142857142857144,0.507423236401391,0.5,0.3663497267333465,True,0.28277445902879766
nested_validation,k|23|0.9,k|23|0.8,k|23|0.8,47630689,INT140,TP_k06_02,k,0.2105263157894736,0.37142857142857144,0.3707273111719992,0.5,0.38901123131799875,True,0.33939587151953315
nested_validation,k|23|0.9,k|23|0.8,k|23|0.8,47630692,INT091,TP_k06_03,k,0.2105263157894736,0.37142857142857144,0.507423236401391,0.5,0.3663497267333465,True,0.28277445902879766
nested_validation,k|23|0.9,k|45|0.9,k|45|0.9,47629411,TP_k11_04,TP_k11_04,k,0.1052631578947368,0.6373243861851662,0.7601384437081647,0.5,0.2467659128458542,True,-0.9104958017556016
nested_validation,k|23|0.9,k|45|0.9,k|45|0.9,47629687,TP_k11_06,TP_k11_06,k,0.1052631578947368,0.6373243861851662,0.7842936703443569,0.5,0.24220563872282427,True,-0.8631654506007121
nested_validation,k|23|0.9,k|45|0.9,k|45|0.9,47629774,TP_k11_05,TP_k11_05,k,0.1052631578947368,0.6373243861851662,0.7707657335295923,0.5,0.24476669334739995,True,-0.869356951812526
nested_validation,k|23|0.9,k|45|0.9,k|45|0.9,47630755,TP_k11_02,TP_k11_02,k,0.1052631578947368,0.6373243861851662,0.7598537776791061,0.5,0.24681930521113865,True,-0.9096954378871683
nested_validation,k|23|0.9,k|45|0.9,k|45|0.9,47630773,TP_k11_01,TP_k11_01,k,0.1052631578947368,0.6373243861851662,0.7698599678607464,0.5,0.24493753227512152,True,-0.8968160946635194
nested_validation,k|23|0.9,k|45|0.9,k|45|0.9,47630776,TP_k11_03,TP_k11_03,k,0.1052631578947368,0.6373243861851662,0.7707657335295923,0.5,0.24476669334739995,True,-0.869356951812526
outer_test,k|23|0.9,,k|23|0.9,47629381,TP_k09_05,TP_k09_05,k,0.1052631578947368,0.10526315789473684,2.1226338207362923,0.5,0.05140113557600565,False,0.0
outer_test,k|23|0.9,,k|23|0.9,47629390,TP_k09_06,TP_k09_06,k,0.1052631578947368,0.10526315789473684,2.1048792567075165,0.5,0.05336681393799786,False,0.0
outer_test,k|23|0.9,,k|23|0.9,47629396,TP_k09_04,TP_k09_04,k,0.1052631578947368,0.10526315789473684,2.1048792567075165,0.5,0.05336681393799786,False,0.0
outer_test,k|23|0.9,,k|23|0.9,47630716,TP_k09_01,TP_k09_01,k,0.1052631578947368,0.10526315789473684,2.112387250904074,0.5,0.05252858432219932,False,0.0
outer_test,k|23|0.9,,k|23|0.9,47630722,TP_k09_03,TP_k09_03,k,0.1052631578947368,0.10526315789473684,2.112387250904074,0.5,0.05252858432219932,False,0.0
outer_test,k|23|0.9,,k|23|0.9,47630728,TP_k09_02,TP_k09_02,k,0.1052631578947368,0.10526315789473684,2.112387250904074,0.5,0.05252858432219932,False,0.0
outer_train_fit,k|23|0.9,,k|10|0.2,47627599,167,TP_k01_02,k,0.1578947368421052,0.0,0.3061437710657915,1.0,0.9307237662741161,True,1.5216507121349945
outer_train_fit,k|23|0.9,,k|10|0.2,47627620,057,TP_k01_01,k,0.1578947368421052,0.0,0.3061437710657915,1.0,0.9307237662741161,True,1.5216507121349945
outer_train_fit,k|23|0.9,,k|10|0.2,47627656,012,TP_k01_03,k,0.1578947368421052,0.0,0.3059229147376472,1.0,0.9307866754613926,True,1.5214958899439512
outer_train_fit,k|23|0.9,,k|10|0.2,47628241,070,TP_k01_04,k,0.1578947368421052,0.0,0.2637618626804907,1.0,0.9420321193384711,True,1.572460735634398
outer_train_fit,k|23|0.9,,k|10|0.2,47628313,123,TP_k01_06,k,0.1578947368421052,0.0,0.3178466608520105,1.0,0.9273316616653833,True,1.5054160340744378
outer_train_fit,k|23|0.9,,k|10|0.2,47628373,168,TP_k01_05,k,0.1578947368421052,0.0,0.3061437710657915,1.0,0.9307237662741161,True,1.5216507121349945
outer_train_fit,k|23|0.9,,k|10|0.8,47627623,186,TP_k02_05,k,0.2105263157894736,0.0,0.4547510818883757,1.0,0.8626721093774452,True,0.6978495829885992
outer_train_fit,k|23|0.9,,k|10|0.8,47627629,019,TP_k02_02,k,0.2105263157894736,0.0,0.4547510818883757,1.0,0.8626721093774452,True,0.6978495829885992
outer_train_fit,k|23|0.9,,k|10|0.8,47627638,131,TP_k02_01,k,0.2105263157894736,0.0,0.4547510818883757,1.0,0.8626721093774452,True,0.6978495829885992
outer_train_fit,k|23|0.9,,k|10|0.8,47627647,197,TP_k02_03,k,0.2105263157894736,0.0,0.4547510818883757,1.0,0.8626721093774452,True,0.6978495829885992
outer_train_fit,k|23|0.9,,k|10|0.8,47628259,145,TP_k02_04,k,0.2105263157894736,0.0,0.4547510818883757,1.0,0.8626721093774452,True,0.6978495829885992
outer_train_fit,k|23|0.9,,k|10|0.8,47628265,095,TP_k02_06,k,0.2105263157894736,0.0,0.4547510818883757,1.0,0.8626721093774452,True,0.6978495829885992
outer_train_fit,k|23|0.9,,k|23|0.8,47629804,INT023,TP_k05_05,k,0.2105263157894736,0.0,0.417543198922718,0.5,0.4383929293950374,True,0.3678244602907666
outer_train_fit,k|23|0.9,,k|23|0.8,47629813,INT043,TP_k06_04,k,0.2105263157894736,0.0,0.4297727806457622,0.5,0.43612741953373346,True,0.36596871994679653
outer_train_fit,k|23|0.9,,k|23|0.8,47629819,INT190,TP_k04_06,k,0.2105263157894736,0.0,0.417543198922718,0.5,0.4383929293950374,True,0.3678244602907666
outer_train_fit,k|23|0.9,,k|23|0.8,47629822,INT165,TP_k04_05,k,0.2105263157894736,0.0,0.3707273111719992,0.5,0.44655715514047556,True,0.38960225991082514
outer_train_fit,k|23|0.9,,k|23|0.8,47629831,INT151,TP_k07_06,k,0.2105263157894736,0.0,0.3707273111719992,0.5,0.44655715514047556,True,0.38960225991082514
outer_train_fit,k|23|0.9,,k|23|0.8,47629834,INT134,TP_k07_04,k,0.2105263157894736,0.0,0.3707273111719992,0.5,0.44655715514047556,True,0.38960225991082514
outer_train_fit,k|23|0.9,,k|23|0.8,47629846,INT119,TP_k05_06,k,0.2105263157894736,0.0,0.5063972173396005,0.5,0.4207621450595485,True,0.325553809751484
outer_train_fit,k|23|0.9,,k|23|0.8,47629906,INT066,TP_k05_04,k,0.2105263157894736,0.0,0.4474842291487455,0.5,0.43275238318572146,True,0.365686031928076
outer_train_fit,k|23|0.9,,k|23|0.8,47629909,INT052,TP_k07_05,k,0.2105263157894736,0.0,0.4463930549766443,0.5,0.43296348275905006,True,0.3653997973668506
outer_train_fit,k|23|0.9,,k|23|0.8,47629915,INT090,TP_k04_04,k,0.2105263157894736,0.0,0.4469230531110522,0.5,0.4328610003383941,True,0.36476668445990995
outer_train_fit,k|23|0.9,,k|23|0.8,47629942,INT176,TP_k06_05,k,0.2105263157894736,0.0,0.417543198922718,0.5,0.4383929293950374,True,0.3678244602907666
outer_train_fit,k|23|0.9,,k|23|0.8,47629945,INT098,TP_k06_06,k,0.2105263157894736,0.0,0.417543198922718,0.5,0.4383929293950374,True,0.3678244602907666
outer_train_fit,k|23|0.9,,k|23|0.8,47630359,INT051,TP_k05_03,k,0.2105263157894736,0.0,0.4366452493908614,0.5,0.4348309052159191,True,0.3645937839626176
outer_train_fit,k|23|0.9,,k|23|0.8,47630362,INT195,TP_k05_01,k,0.2105263157894736,0.0,0.3707273111719992,0.5,0.44655715514047556,True,0.38960225991082514
outer_train_fit,k|23|0.9,,k|23|0.8,47630371,INT004,TP_k04_02,k,0.2105263157894736,0.0,0.4159864951966148,0.5,0.43867744197546343,True,0.3688764098479482
outer_train_fit,k|23|0.9,,k|23|0.8,47630383,INT085,TP_k04_01,k,0.2105263157894736,0.0,0.417543198922718,0.5,0.4383929293950374,True,0.3678244602907666
outer_train_fit,k|23|0.9,,k|23|0.8,47630437,INT003,TP_k07_01,k,0.2105263157894736,0.0,0.4159864951966148,0.5,0.43867744197546343,True,0.3688764098479482
outer_train_fit,k|23|0.9,,k|23|0.8,47630440,INT103,TP_k04_03,k,0.2105263157894736,0.0,0.507423236401391,0.5,0.4205433637539415,True,0.3246049157564371
outer_train_fit,k|23|0.9,,k|23|0.8,47630443,INT009,TP_k06_01,k,0.2105263157894736,0.0,0.417543198922718,0.5,0.4383929293950374,True,0.3678244602907666
outer_train_fit,k|23|0.9,,k|23|0.8,47630674,INT045,TP_k07_02,k,0.2105263157894736,0.0,0.417543198922718,0.5,0.4383929293950374,True,0.3678244602907666
outer_train_fit,k|23|0.9,,k|23|0.8,47630677,INT080,TP_k07_03,k,0.2105263157894736,0.0,0.417543198922718,0.5,0.4383929293950374,True,0.3678244602907666
outer_train_fit,k|23|0.9,,k|23|0.8,47630686,INT114,TP_k05_02,k,0.2105263157894736,0.0,0.507423236401391,0.5,0.4205433637539415,True,0.3246049157564371
outer_train_fit,k|23|0.9,,k|23|0.8,47630689,INT140,TP_k06_02,k,0.2105263157894736,0.0,0.3707273111719992,0.5,0.44655715514047556,True,0.38960225991082514
outer_train_fit,k|23|0.9,,k|23|0.8,47630692,INT091,TP_k06_03,k,0.2105263157894736,0.0,0.507423236401391,0.5,0.4205433637539415,True,0.3246049157564371
outer_train_fit,k|23|0.9,,k|45|0.9,47629411,TP_k11_04,TP_k11_04,k,0.1052631578947368,0.0,0.7601384437081647,0.5,0.3704144593790991,True,-1.3667236543521928
outer_train_fit,k|23|0.9,,k|45|0.9,47629687,TP_k11_06,TP_k11_06,k,0.1052631578947368,0.0,0.7842936703443569,0.5,0.3635691400462065,True,-1.2956771867381152
outer_train_fit,k|23|0.9,,k|45|0.9,47629774,TP_k11_05,TP_k11_05,k,0.1052631578947368,0.0,0.7707657335295923,0.5,0.36741347840421595,True,-1.3049711023671822
outer_train_fit,k|23|0.9,,k|45|0.9,47630755,TP_k11_02,TP_k11_02,k,0.1052631578947368,0.0,0.7598537776791061,0.5,0.37049460539235407,True,-1.3655222471310202
outer_train_fit,k|23|0.9,,k|45|0.9,47630773,TP_k11_01,TP_k11_01,k,0.1052631578947368,0.0,0.7698599678607464,0.5,0.36766992066693815,True,-1.3461893704693808
outer_train_fit,k|23|0.9,,k|45|0.9,47630776,TP_k11_03,TP_k11_03,k,0.1052631578947368,0.0,0.7707657335295923,0.5,0.36741347840421595,True,-1.3049711023671822
nested_validation,k|45|0.65,k|10|0.2,k|10|0.2,47627599,167,TP_k01_02,k,0.1578947368421052,0.631578947368421,0.3061437710657915,1.0,0.6245744638575348,True,1.0211237879040511
nested_validation,k|45|0.65,k|10|0.2,k|10|0.2,47627620,057,TP_k01_01,k,0.1578947368421052,0.631578947368421,0.3061437710657915,1.0,0.6245744638575348,True,1.0211237879040511
nested_validation,k|45|0.65,k|10|0.2,k|10|0.2,47627656,012,TP_k01_03,k,0.1578947368421052,0.631578947368421,0.3059229147376472,1.0,0.6246166798977164,True,1.0210198924299394
nested_validation,k|45|0.65,k|10|0.2,k|10|0.2,47628241,070,TP_k01_04,k,0.1578947368421052,0.631578947368421,0.2637618626804907,1.0,0.6321630833902191,True,1.0552205245897053
nested_validation,k|45|0.65,k|10|0.2,k|10|0.2,47628313,123,TP_k01_06,k,0.1578947368421052,0.631578947368421,0.3178466608520105,1.0,0.6222981473024851,True,1.0102292929819288
nested_validation,k|45|0.65,k|10|0.2,k|10|0.2,47628373,168,TP_k01_05,k,0.1578947368421052,0.631578947368421,0.3061437710657915,1.0,0.6245744638575348,True,1.0211237879040511
nested_validation,k|45|0.65,k|10|0.8,k|10|0.8,47627623,186,TP_k02_05,k,0.2105263157894736,0.37142857142857144,0.4547510818883757,1.0,0.7515032188590671,True,0.6079206713589639
nested_validation,k|45|0.65,k|10|0.8,k|10|0.8,47627629,019,TP_k02_02,k,0.2105263157894736,0.37142857142857144,0.4547510818883757,1.0,0.7515032188590671,True,0.6079206713589639
nested_validation,k|45|0.65,k|10|0.8,k|10|0.8,47627638,131,TP_k02_01,k,0.2105263157894736,0.37142857142857144,0.4547510818883757,1.0,0.7515032188590671,True,0.6079206713589639
nested_validation,k|45|0.65,k|10|0.8,k|10|0.8,47627647,197,TP_k02_03,k,0.2105263157894736,0.37142857142857144,0.4547510818883757,1.0,0.7515032188590671,True,0.6079206713589639
nested_validation,k|45|0.65,k|10|0.8,k|10|0.8,47628259,145,TP_k02_04,k,0.2105263157894736,0.37142857142857144,0.4547510818883757,1.0,0.7515032188590671,True,0.6079206713589639
nested_validation,k|45|0.65,k|10|0.8,k|10|0.8,47628265,095,TP_k02_06,k,0.2105263157894736,0.37142857142857144,0.4547510818883757,1.0,0.7515032188590671,True,0.6079206713589639
nested_validation,k|45|0.65,k|23|0.8,k|23|0.8,47629804,INT023,TP_k05_05,k,0.2105263157894736,0.37142857142857144,0.417543198922718,0.5,0.3818990946666625,True,0.3204244844348707
nested_validation,k|45|0.65,k|23|0.8,k|23|0.8,47629813,INT043,TP_k06_04,k,0.2105263157894736,0.37142857142857144,0.4297727806457622,0.5,0.3799255314383862,True,0.31880788546673366
nested_validation,k|45|0.65,k|23|0.8,k|23|0.8,47629819,INT190,TP_k04_06,k,0.2105263157894736,0.37142857142857144,0.417543198922718,0.5,0.3818990946666625,True,0.3204244844348707
nested_validation,k|45|0.65,k|23|0.8,k|23|0.8,47629822,INT165,TP_k04_05,k,0.2105263157894736,0.37142857142857144,0.3707273111719992,0.5,0.38901123131799875,True,0.33939587151953315
nested_validation,k|45|0.65,k|23|0.8,k|23|0.8,47629831,INT151,TP_k07_06,k,0.2105263157894736,0.37142857142857144,0.3707273111719992,0.5,0.38901123131799875,True,0.33939587151953315
nested_validation,k|45|0.65,k|23|0.8,k|23|0.8,47629834,INT134,TP_k07_04,k,0.2105263157894736,0.37142857142857144,0.3707273111719992,0.5,0.38901123131799875,True,0.33939587151953315
nested_validation,k|45|0.65,k|23|0.8,k|23|0.8,47629846,INT119,TP_k05_06,k,0.2105263157894736,0.37142857142857144,0.5063972173396005,0.5,0.3665403146213778,True,0.2836010730851491
nested_validation,k|45|0.65,k|23|0.8,k|23|0.8,47629906,INT066,TP_k05_04,k,0.2105263157894736,0.37142857142857144,0.4474842291487455,0.5,0.3769854216890079,True,0.31856162625226264
nested_validation,k|45|0.65,k|23|0.8,k|23|0.8,47629909,INT052,TP_k07_05,k,0.2105263157894736,0.37142857142857144,0.4463930549766443,0.5,0.3771693177569713,True,0.31831227752315533
nested_validation,k|45|0.65,k|23|0.8,k|23|0.8,47629915,INT090,TP_k04_04,k,0.2105263157894736,0.37142857142857144,0.4469230531110522,0.5,0.37708004181056914,True,0.3177607511873723
nested_validation,k|45|0.65,k|23|0.8,k|23|0.8,47629942,INT176,TP_k06_05,k,0.2105263157894736,0.37142857142857144,0.417543198922718,0.5,0.3818990946666625,True,0.3204244844348707
nested_validation,k|45|0.65,k|23|0.8,k|23|0.8,47629945,INT098,TP_k06_06,k,0.2105263157894736,0.37142857142857144,0.417543198922718,0.5,0.3818990946666625,True,0.3204244844348707
nested_validation,k|45|0.65,k|23|0.8,k|23|0.8,47630359,INT051,TP_k05_03,k,0.2105263157894736,0.37142857142857144,0.4366452493908614,0.5,0.378796093413738,True,0.3176101316427677
nested_validation,k|45|0.65,k|23|0.8,k|23|0.8,47630362,INT195,TP_k05_01,k,0.2105263157894736,0.37142857142857144,0.3707273111719992,0.5,0.38901123131799875,True,0.33939587151953315
nested_validation,k|45|0.65,k|23|0.8,k|23|0.8,47630371,INT004,TP_k04_02,k,0.2105263157894736,0.37142857142857144,0.4159864951966148,0.5,0.3821469433193219,True,0.3213408737207951
nested_validation,k|45|0.65,k|23|0.8,k|23|0.8,47630383,INT085,TP_k04_01,k,0.2105263157894736,0.37142857142857144,0.417543198922718,0.5,0.3818990946666625,True,0.3204244844348707
nested_validation,k|45|0.65,k|23|0.8,k|23|0.8,47630437,INT003,TP_k07_01,k,0.2105263157894736,0.37142857142857144,0.4159864951966148,0.5,0.3821469433193219,True,0.3213408737207951
nested_validation,k|45|0.65,k|23|0.8,k|23|0.8,47630440,INT103,TP_k04_03,k,0.2105263157894736,0.37142857142857144,0.507423236401391,0.5,0.3663497267333465,True,0.28277445902879766
nested_validation,k|45|0.65,k|23|0.8,k|23|0.8,47630443,INT009,TP_k06_01,k,0.2105263157894736,0.37142857142857144,0.417543198922718,0.5,0.3818990946666625,True,0.3204244844348707
nested_validation,k|45|0.65,k|23|0.8,k|23|0.8,47630674,INT045,TP_k07_02,k,0.2105263157894736,0.37142857142857144,0.417543198922718,0.5,0.3818990946666625,True,0.3204244844348707
nested_validation,k|45|0.65,k|23|0.8,k|23|0.8,47630677,INT080,TP_k07_03,k,0.2105263157894736,0.37142857142857144,0.417543198922718,0.5,0.3818990946666625,True,0.3204244844348707
nested_validation,k|45|0.65,k|23|0.8,k|23|0.8,47630686,INT114,TP_k05_02,k,0.2105263157894736,0.37142857142857144,0.507423236401391,0.5,0.3663497267333465,True,0.28277445902879766
nested_validation,k|45|0.65,k|23|0.8,k|23|0.8,47630689,INT140,TP_k06_02,k,0.2105263157894736,0.37142857142857144,0.3707273111719992,0.5,0.38901123131799875,True,0.33939587151953315
nested_validation,k|45|0.65,k|23|0.8,k|23|0.8,47630692,INT091,TP_k06_03,k,0.2105263157894736,0.37142857142857144,0.507423236401391,0.5,0.3663497267333465,True,0.28277445902879766
nested_validation,k|45|0.65,k|45|0.9,k|45|0.9,47629411,TP_k11_04,TP_k11_04,k,0.1052631578947368,0.6373243861851662,0.7601384437081647,0.5,0.2467659128458542,True,-0.9104958017556016
nested_validation,k|45|0.65,k|45|0.9,k|45|0.9,47629687,TP_k11_06,TP_k11_06,k,0.1052631578947368,0.6373243861851662,0.7842936703443569,0.5,0.24220563872282427,True,-0.8631654506007121
nested_validation,k|45|0.65,k|45|0.9,k|45|0.9,47629774,TP_k11_05,TP_k11_05,k,0.1052631578947368,0.6373243861851662,0.7707657335295923,0.5,0.24476669334739995,True,-0.869356951812526
nested_validation,k|45|0.65,k|45|0.9,k|45|0.9,47630755,TP_k11_02,TP_k11_02,k,0.1052631578947368,0.6373243861851662,0.7598537776791061,0.5,0.24681930521113865,True,-0.9096954378871683
nested_validation,k|45|0.65,k|45|0.9,k|45|0.9,47630773,TP_k11_01,TP_k11_01,k,0.1052631578947368,0.6373243861851662,0.7698599678607464,0.5,0.24493753227512152,True,-0.8968160946635194
nested_validation,k|45|0.65,k|45|0.9,k|45|0.9,47630776,TP_k11_03,TP_k11_03,k,0.1052631578947368,0.6373243861851662,0.7707657335295923,0.5,0.24476669334739995,True,-0.869356951812526
outer_test,k|45|0.65,,k|45|0.65,47629369,TP_k10_05,TP_k10_05,k,0.1578947368421052,0.26315789473684215,1.0997257530836464,0.5,0.24857059928544856,True,-0.6903429995321058
outer_test,k|45|0.65,,k|45|0.65,47629387,TP_k10_04,TP_k10_04,k,0.1578947368421052,0.26315789473684215,1.0997257530836464,0.5,0.24857059928544856,True,-0.6903429995321058
outer_test,k|45|0.65,,k|45|0.65,47629423,TP_k10_06,TP_k10_06,k,0.1578947368421052,0.26315789473684215,1.0997257530836464,0.5,0.24857059928544856,True,-0.6903429995321058
outer_test,k|45|0.65,,k|45|0.65,47630698,TP_k10_01,TP_k10_01,k,0.1578947368421052,0.26315789473684215,1.0963416998901656,0.5,0.249495957206317,True,-0.692776599378812
outer_test,k|45|0.65,,k|45|0.65,47630701,TP_k10_02,TP_k10_02,k,0.1578947368421052,0.26315789473684215,1.0963416998901656,0.5,0.249495957206317,True,-0.692776599378812
outer_test,k|45|0.65,,k|45|0.65,47630719,TP_k10_03,TP_k10_03,k,0.1578947368421052,0.26315789473684215,1.0997257530836464,0.5,0.24857059928544856,True,-0.6903429995321058
outer_train_fit,k|45|0.65,,k|10|0.2,47627599,167,TP_k01_02,k,0.1578947368421052,0.0,0.3061437710657915,1.0,0.9307237662741161,True,1.5216507121349945
outer_train_fit,k|45|0.65,,k|10|0.2,47627620,057,TP_k01_01,k,0.1578947368421052,0.0,0.3061437710657915,1.0,0.9307237662741161,True,1.5216507121349945
outer_train_fit,k|45|0.65,,k|10|0.2,47627656,012,TP_k01_03,k,0.1578947368421052,0.0,0.3059229147376472,1.0,0.9307866754613926,True,1.5214958899439512
outer_train_fit,k|45|0.65,,k|10|0.2,47628241,070,TP_k01_04,k,0.1578947368421052,0.0,0.2637618626804907,1.0,0.9420321193384711,True,1.572460735634398
outer_train_fit,k|45|0.65,,k|10|0.2,47628313,123,TP_k01_06,k,0.1578947368421052,0.0,0.3178466608520105,1.0,0.9273316616653833,True,1.5054160340744378
outer_train_fit,k|45|0.65,,k|10|0.2,47628373,168,TP_k01_05,k,0.1578947368421052,0.0,0.3061437710657915,1.0,0.9307237662741161,True,1.5216507121349945
outer_train_fit,k|45|0.65,,k|10|0.8,47627623,186,TP_k02_05,k,0.2105263157894736,0.0,0.4547510818883757,1.0,0.8626721093774452,True,0.6978495829885992
outer_train_fit,k|45|0.65,,k|10|0.8,47627629,019,TP_k02_02,k,0.2105263157894736,0.0,0.4547510818883757,1.0,0.8626721093774452,True,0.6978495829885992
outer_train_fit,k|45|0.65,,k|10|0.8,47627638,131,TP_k02_01,k,0.2105263157894736,0.0,0.4547510818883757,1.0,0.8626721093774452,True,0.6978495829885992
outer_train_fit,k|45|0.65,,k|10|0.8,47627647,197,TP_k02_03,k,0.2105263157894736,0.0,0.4547510818883757,1.0,0.8626721093774452,True,0.6978495829885992
outer_train_fit,k|45|0.65,,k|10|0.8,47628259,145,TP_k02_04,k,0.2105263157894736,0.0,0.4547510818883757,1.0,0.8626721093774452,True,0.6978495829885992
outer_train_fit,k|45|0.65,,k|10|0.8,47628265,095,TP_k02_06,k,0.2105263157894736,0.0,0.4547510818883757,1.0,0.8626721093774452,True,0.6978495829885992
outer_train_fit,k|45|0.65,,k|23|0.8,47629804,INT023,TP_k05_05,k,0.2105263157894736,0.0,0.417543198922718,0.5,0.4383929293950374,True,0.3678244602907666
outer_train_fit,k|45|0.65,,k|23|0.8,47629813,INT043,TP_k06_04,k,0.2105263157894736,0.0,0.4297727806457622,0.5,0.43612741953373346,True,0.36596871994679653
outer_train_fit,k|45|0.65,,k|23|0.8,47629819,INT190,TP_k04_06,k,0.2105263157894736,0.0,0.417543198922718,0.5,0.4383929293950374,True,0.3678244602907666
outer_train_fit,k|45|0.65,,k|23|0.8,47629822,INT165,TP_k04_05,k,0.2105263157894736,0.0,0.3707273111719992,0.5,0.44655715514047556,True,0.38960225991082514
outer_train_fit,k|45|0.65,,k|23|0.8,47629831,INT151,TP_k07_06,k,0.2105263157894736,0.0,0.3707273111719992,0.5,0.44655715514047556,True,0.38960225991082514
outer_train_fit,k|45|0.65,,k|23|0.8,47629834,INT134,TP_k07_04,k,0.2105263157894736,0.0,0.3707273111719992,0.5,0.44655715514047556,True,0.38960225991082514
outer_train_fit,k|45|0.65,,k|23|0.8,47629846,INT119,TP_k05_06,k,0.2105263157894736,0.0,0.5063972173396005,0.5,0.4207621450595485,True,0.325553809751484
outer_train_fit,k|45|0.65,,k|23|0.8,47629906,INT066,TP_k05_04,k,0.2105263157894736,0.0,0.4474842291487455,0.5,0.43275238318572146,True,0.365686031928076
outer_train_fit,k|45|0.65,,k|23|0.8,47629909,INT052,TP_k07_05,k,0.2105263157894736,0.0,0.4463930549766443,0.5,0.43296348275905006,True,0.3653997973668506
outer_train_fit,k|45|0.65,,k|23|0.8,47629915,INT090,TP_k04_04,k,0.2105263157894736,0.0,0.4469230531110522,0.5,0.4328610003383941,True,0.36476668445990995
outer_train_fit,k|45|0.65,,k|23|0.8,47629942,INT176,TP_k06_05,k,0.2105263157894736,0.0,0.417543198922718,0.5,0.4383929293950374,True,0.3678244602907666
outer_train_fit,k|45|0.65,,k|23|0.8,47629945,INT098,TP_k06_06,k,0.2105263157894736,0.0,0.417543198922718,0.5,0.4383929293950374,True,0.3678244602907666
outer_train_fit,k|45|0.65,,k|23|0.8,47630359,INT051,TP_k05_03,k,0.2105263157894736,0.0,0.4366452493908614,0.5,0.4348309052159191,True,0.3645937839626176
outer_train_fit,k|45|0.65,,k|23|0.8,47630362,INT195,TP_k05_01,k,0.2105263157894736,0.0,0.3707273111719992,0.5,0.44655715514047556,True,0.38960225991082514
outer_train_fit,k|45|0.65,,k|23|0.8,47630371,INT004,TP_k04_02,k,0.2105263157894736,0.0,0.4159864951966148,0.5,0.43867744197546343,True,0.3688764098479482
outer_train_fit,k|45|0.65,,k|23|0.8,47630383,INT085,TP_k04_01,k,0.2105263157894736,0.0,0.417543198922718,0.5,0.4383929293950374,True,0.3678244602907666
outer_train_fit,k|45|0.65,,k|23|0.8,47630437,INT003,TP_k07_01,k,0.2105263157894736,0.0,0.4159864951966148,0.5,0.43867744197546343,True,0.3688764098479482
outer_train_fit,k|45|0.65,,k|23|0.8,47630440,INT103,TP_k04_03,k,0.2105263157894736,0.0,0.507423236401391,0.5,0.4205433637539415,True,0.3246049157564371
outer_train_fit,k|45|0.65,,k|23|0.8,47630443,INT009,TP_k06_01,k,0.2105263157894736,0.0,0.417543198922718,0.5,0.4383929293950374,True,0.3678244602907666
outer_train_fit,k|45|0.65,,k|23|0.8,47630674,INT045,TP_k07_02,k,0.2105263157894736,0.0,0.417543198922718,0.5,0.4383929293950374,True,0.3678244602907666
outer_train_fit,k|45|0.65,,k|23|0.8,47630677,INT080,TP_k07_03,k,0.2105263157894736,0.0,0.417543198922718,0.5,0.4383929293950374,True,0.3678244602907666
outer_train_fit,k|45|0.65,,k|23|0.8,47630686,INT114,TP_k05_02,k,0.2105263157894736,0.0,0.507423236401391,0.5,0.4205433637539415,True,0.3246049157564371
outer_train_fit,k|45|0.65,,k|23|0.8,47630689,INT140,TP_k06_02,k,0.2105263157894736,0.0,0.3707273111719992,0.5,0.44655715514047556,True,0.38960225991082514
outer_train_fit,k|45|0.65,,k|23|0.8,47630692,INT091,TP_k06_03,k,0.2105263157894736,0.0,0.507423236401391,0.5,0.4205433637539415,True,0.3246049157564371
outer_train_fit,k|45|0.65,,k|45|0.9,47629411,TP_k11_04,TP_k11_04,k,0.1052631578947368,0.0,0.7601384437081647,0.5,0.3704144593790991,True,-1.3667236543521928
outer_train_fit,k|45|0.65,,k|45|0.9,47629687,TP_k11_06,TP_k11_06,k,0.1052631578947368,0.0,0.7842936703443569,0.5,0.3635691400462065,True,-1.2956771867381152
outer_train_fit,k|45|0.65,,k|45|0.9,47629774,TP_k11_05,TP_k11_05,k,0.1052631578947368,0.0,0.7707657335295923,0.5,0.36741347840421595,True,-1.3049711023671822
outer_train_fit,k|45|0.65,,k|45|0.9,47630755,TP_k11_02,TP_k11_02,k,0.1052631578947368,0.0,0.7598537776791061,0.5,0.37049460539235407,True,-1.3655222471310202
outer_train_fit,k|45|0.65,,k|45|0.9,47630773,TP_k11_01,TP_k11_01,k,0.1052631578947368,0.0,0.7698599678607464,0.5,0.36766992066693815,True,-1.3461893704693808
outer_train_fit,k|45|0.65,,k|45|0.9,47630776,TP_k11_03,TP_k11_03,k,0.1052631578947368,0.0,0.7707657335295923,0.5,0.36741347840421595,True,-1.3049711023671822
nested_validation,k|45|0.9,k|10|0.2,k|10|0.2,47627599,167,TP_k01_02,k,0.1578947368421052,0.631578947368421,0.3061437710657915,1.0,0.6245744638575348,True,1.0211237879040511
nested_validation,k|45|0.9,k|10|0.2,k|10|0.2,47627620,057,TP_k01_01,k,0.1578947368421052,0.631578947368421,0.3061437710657915,1.0,0.6245744638575348,True,1.0211237879040511
nested_validation,k|45|0.9,k|10|0.2,k|10|0.2,47627656,012,TP_k01_03,k,0.1578947368421052,0.631578947368421,0.3059229147376472,1.0,0.6246166798977164,True,1.0210198924299394
nested_validation,k|45|0.9,k|10|0.2,k|10|0.2,47628241,070,TP_k01_04,k,0.1578947368421052,0.631578947368421,0.2637618626804907,1.0,0.6321630833902191,True,1.0552205245897053
nested_validation,k|45|0.9,k|10|0.2,k|10|0.2,47628313,123,TP_k01_06,k,0.1578947368421052,0.631578947368421,0.3178466608520105,1.0,0.6222981473024851,True,1.0102292929819288
nested_validation,k|45|0.9,k|10|0.2,k|10|0.2,47628373,168,TP_k01_05,k,0.1578947368421052,0.631578947368421,0.3061437710657915,1.0,0.6245744638575348,True,1.0211237879040511
nested_validation,k|45|0.9,k|10|0.8,k|10|0.8,47627623,186,TP_k02_05,k,0.2105263157894736,0.3860563638685959,0.4547510818883757,1.0,0.743222275910586,True,0.6012218891443397
nested_validation,k|45|0.9,k|10|0.8,k|10|0.8,47627629,019,TP_k02_02,k,0.2105263157894736,0.3860563638685959,0.4547510818883757,1.0,0.743222275910586,True,0.6012218891443397
nested_validation,k|45|0.9,k|10|0.8,k|10|0.8,47627638,131,TP_k02_01,k,0.2105263157894736,0.3860563638685959,0.4547510818883757,1.0,0.743222275910586,True,0.6012218891443397
nested_validation,k|45|0.9,k|10|0.8,k|10|0.8,47627647,197,TP_k02_03,k,0.2105263157894736,0.3860563638685959,0.4547510818883757,1.0,0.743222275910586,True,0.6012218891443397
nested_validation,k|45|0.9,k|10|0.8,k|10|0.8,47628259,145,TP_k02_04,k,0.2105263157894736,0.3860563638685959,0.4547510818883757,1.0,0.743222275910586,True,0.6012218891443397
nested_validation,k|45|0.9,k|10|0.8,k|10|0.8,47628265,095,TP_k02_06,k,0.2105263157894736,0.3860563638685959,0.4547510818883757,1.0,0.743222275910586,True,0.6012218891443397
nested_validation,k|45|0.9,k|23|0.9,k|23|0.9,47629381,TP_k09_05,TP_k09_05,k,0.1052631578947368,0.3860563638685959,2.1226338207362923,0.5,0.04477728956168048,False,0.0
nested_validation,k|45|0.9,k|23|0.9,k|23|0.9,47629390,TP_k09_06,TP_k09_06,k,0.1052631578947368,0.3860563638685959,2.1048792567075165,0.5,0.046489659302421035,False,0.0
nested_validation,k|45|0.9,k|23|0.9,k|23|0.9,47629396,TP_k09_04,TP_k09_04,k,0.1052631578947368,0.3860563638685959,2.1048792567075165,0.5,0.046489659302421035,False,0.0
nested_validation,k|45|0.9,k|23|0.9,k|23|0.9,47630716,TP_k09_01,TP_k09_01,k,0.1052631578947368,0.3860563638685959,2.112387250904074,0.5,0.045759448776813344,False,0.0
nested_validation,k|45|0.9,k|23|0.9,k|23|0.9,47630722,TP_k09_03,TP_k09_03,k,0.1052631578947368,0.3860563638685959,2.112387250904074,0.5,0.045759448776813344,False,0.0
nested_validation,k|45|0.9,k|23|0.9,k|23|0.9,47630728,TP_k09_02,TP_k09_02,k,0.1052631578947368,0.3860563638685959,2.112387250904074,0.5,0.045759448776813344,False,0.0
nested_validation,k|45|0.9,k|45|0.65,k|45|0.65,47629369,TP_k10_05,TP_k10_05,k,0.1578947368421052,0.6814353369019348,1.0997257530836464,0.5,0.16743996450032267,False,0.0
nested_validation,k|45|0.9,k|45|0.65,k|45|0.65,47629387,TP_k10_04,TP_k10_04,k,0.1578947368421052,0.6814353369019348,1.0997257530836464,0.5,0.16743996450032267,False,0.0
nested_validation,k|45|0.9,k|45|0.65,k|45|0.65,47629423,TP_k10_06,TP_k10_06,k,0.1578947368421052,0.6814353369019348,1.0997257530836464,0.5,0.16743996450032267,False,0.0
nested_validation,k|45|0.9,k|45|0.65,k|45|0.65,47630698,TP_k10_01,TP_k10_01,k,0.1578947368421052,0.6814353369019348,1.0963416998901656,0.5,0.16806329605226691,False,0.0
nested_validation,k|45|0.9,k|45|0.65,k|45|0.65,47630701,TP_k10_02,TP_k10_02,k,0.1578947368421052,0.6814353369019348,1.0963416998901656,0.5,0.16806329605226691,False,0.0
nested_validation,k|45|0.9,k|45|0.65,k|45|0.65,47630719,TP_k10_03,TP_k10_03,k,0.1578947368421052,0.6814353369019348,1.0997257530836464,0.5,0.16743996450032267,False,0.0
outer_test,k|45|0.9,,k|45|0.9,47629411,TP_k11_04,TP_k11_04,k,0.1052631578947368,0.26315789473684215,0.7601384437081647,0.5,0.34563056093384975,True,-1.2752781413747474
outer_test,k|45|0.9,,k|45|0.9,47629687,TP_k11_06,TP_k11_06,k,0.1052631578947368,0.26315789473684215,0.7842936703443569,0.5,0.3392432520670067,True,-1.2089852906718253
outer_test,k|45|0.9,,k|45|0.9,47629774,TP_k11_05,TP_k11_05,k,0.1052631578947368,0.26315789473684215,0.7707657335295923,0.5,0.3428303712775406,True,-1.2176573637802313
outer_test,k|45|0.9,,k|45|0.9,47630755,TP_k11_02,TP_k11_02,k,0.1052631578947368,0.26315789473684215,0.7598537776791061,0.5,0.3457053444926891,True,-1.274157118581901
outer_test,k|45|0.9,,k|45|0.9,47630773,TP_k11_01,TP_k11_01,k,0.1052631578947368,0.26315789473684215,0.7698599678607464,0.5,0.34306965535748823,True,-1.2561177768774003
outer_test,k|45|0.9,,k|45|0.9,47630776,TP_k11_03,TP_k11_03,k,0.1052631578947368,0.26315789473684215,0.7707657335295923,0.5,0.3428303712775406,True,-1.2176573637802313
outer_train_fit,k|45|0.9,,k|10|0.2,47627599,167,TP_k01_02,k,0.1578947368421052,0.0,0.3061437710657915,1.0,0.9307237662741161,True,1.5216507121349945
outer_train_fit,k|45|0.9,,k|10|0.2,47627620,057,TP_k01_01,k,0.1578947368421052,0.0,0.3061437710657915,1.0,0.9307237662741161,True,1.5216507121349945
outer_train_fit,k|45|0.9,,k|10|0.2,47627656,012,TP_k01_03,k,0.1578947368421052,0.0,0.3059229147376472,1.0,0.9307866754613926,True,1.5214958899439512
outer_train_fit,k|45|0.9,,k|10|0.2,47628241,070,TP_k01_04,k,0.1578947368421052,0.0,0.2637618626804907,1.0,0.9420321193384711,True,1.572460735634398
outer_train_fit,k|45|0.9,,k|10|0.2,47628313,123,TP_k01_06,k,0.1578947368421052,0.0,0.3178466608520105,1.0,0.9273316616653833,True,1.5054160340744378
outer_train_fit,k|45|0.9,,k|10|0.2,47628373,168,TP_k01_05,k,0.1578947368421052,0.0,0.3061437710657915,1.0,0.9307237662741161,True,1.5216507121349945
outer_train_fit,k|45|0.9,,k|10|0.8,47627623,186,TP_k02_05,k,0.2105263157894736,0.0,0.4547510818883757,1.0,0.8626721093774452,True,0.6978495829885992
outer_train_fit,k|45|0.9,,k|10|0.8,47627629,019,TP_k02_02,k,0.2105263157894736,0.0,0.4547510818883757,1.0,0.8626721093774452,True,0.6978495829885992
outer_train_fit,k|45|0.9,,k|10|0.8,47627638,131,TP_k02_01,k,0.2105263157894736,0.0,0.4547510818883757,1.0,0.8626721093774452,True,0.6978495829885992
outer_train_fit,k|45|0.9,,k|10|0.8,47627647,197,TP_k02_03,k,0.2105263157894736,0.0,0.4547510818883757,1.0,0.8626721093774452,True,0.6978495829885992
outer_train_fit,k|45|0.9,,k|10|0.8,47628259,145,TP_k02_04,k,0.2105263157894736,0.0,0.4547510818883757,1.0,0.8626721093774452,True,0.6978495829885992
outer_train_fit,k|45|0.9,,k|10|0.8,47628265,095,TP_k02_06,k,0.2105263157894736,0.0,0.4547510818883757,1.0,0.8626721093774452,True,0.6978495829885992
outer_train_fit,k|45|0.9,,k|23|0.9,47629381,TP_k09_05,TP_k09_05,k,0.1052631578947368,0.0,2.1226338207362923,0.5,0.051973844286425486,False,0.0
outer_train_fit,k|45|0.9,,k|23|0.9,47629390,TP_k09_06,TP_k09_06,k,0.1052631578947368,0.0,2.1048792567075165,0.5,0.05396142413186123,False,0.0
outer_train_fit,k|45|0.9,,k|23|0.9,47629396,TP_k09_04,TP_k09_04,k,0.1052631578947368,0.0,2.1048792567075165,0.5,0.05396142413186123,False,0.0
outer_train_fit,k|45|0.9,,k|23|0.9,47630716,TP_k09_01,TP_k09_01,k,0.1052631578947368,0.0,2.112387250904074,0.5,0.05311385500640167,False,0.0
outer_train_fit,k|45|0.9,,k|23|0.9,47630722,TP_k09_03,TP_k09_03,k,0.1052631578947368,0.0,2.112387250904074,0.5,0.05311385500640167,False,0.0
outer_train_fit,k|45|0.9,,k|23|0.9,47630728,TP_k09_02,TP_k09_02,k,0.1052631578947368,0.0,2.112387250904074,0.5,0.05311385500640167,False,0.0
outer_train_fit,k|45|0.9,,k|45|0.65,47629369,TP_k10_05,TP_k10_05,k,0.1578947368421052,0.0,1.0997257530836464,0.5,0.2663946842636991,True,-0.7398449612410622
outer_train_fit,k|45|0.9,,k|45|0.65,47629387,TP_k10_04,TP_k10_04,k,0.1578947368421052,0.0,1.0997257530836464,0.5,0.2663946842636991,True,-0.7398449612410622
outer_train_fit,k|45|0.9,,k|45|0.65,47629423,TP_k10_06,TP_k10_06,k,0.1578947368421052,0.0,1.0997257530836464,0.5,0.2663946842636991,True,-0.7398449612410622
outer_train_fit,k|45|0.9,,k|45|0.65,47630698,TP_k10_01,TP_k10_01,k,0.1578947368421052,0.0,1.0963416998901656,0.5,0.2673863962033625,True,-0.742453065597133
outer_train_fit,k|45|0.9,,k|45|0.65,47630701,TP_k10_02,TP_k10_02,k,0.1578947368421052,0.0,1.0963416998901656,0.5,0.2673863962033625,True,-0.742453065597133
outer_train_fit,k|45|0.9,,k|45|0.65,47630719,TP_k10_03,TP_k10_03,k,0.1578947368421052,0.0,1.0997257530836464,0.5,0.2663946842636991,True,-0.7398449612410622
nested_validation,z|23|0.25|0.05|0.4|0.3,k|10|0.2,k|10|0.2,47627599,167,TP_k01_02,k,0.1578947368421052,0.631578947368421,0.3061437710657915,1.0,0.6245744638575348,True,1.0211237879040511
nested_validation,z|23|0.25|0.05|0.4|0.3,k|10|0.2,k|10|0.2,47627620,057,TP_k01_01,k,0.1578947368421052,0.631578947368421,0.3061437710657915,1.0,0.6245744638575348,True,1.0211237879040511
nested_validation,z|23|0.25|0.05|0.4|0.3,k|10|0.2,k|10|0.2,47627656,012,TP_k01_03,k,0.1578947368421052,0.631578947368421,0.3059229147376472,1.0,0.6246166798977164,True,1.0210198924299394
nested_validation,z|23|0.25|0.05|0.4|0.3,k|10|0.2,k|10|0.2,47628241,070,TP_k01_04,k,0.1578947368421052,0.631578947368421,0.2637618626804907,1.0,0.6321630833902191,True,1.0552205245897053
nested_validation,z|23|0.25|0.05|0.4|0.3,k|10|0.2,k|10|0.2,47628313,123,TP_k01_06,k,0.1578947368421052,0.631578947368421,0.3178466608520105,1.0,0.6222981473024851,True,1.0102292929819288
nested_validation,z|23|0.25|0.05|0.4|0.3,k|10|0.2,k|10|0.2,47628373,168,TP_k01_05,k,0.1578947368421052,0.631578947368421,0.3061437710657915,1.0,0.6245744638575348,True,1.0211237879040511
nested_validation,z|23|0.25|0.05|0.4|0.3,k|10|0.8,k|10|0.8,47627623,186,TP_k02_05,k,0.2105263157894736,0.37142857142857144,0.4547510818883757,1.0,0.7515032188590671,True,0.6079206713589639
nested_validation,z|23|0.25|0.05|0.4|0.3,k|10|0.8,k|10|0.8,47627629,019,TP_k02_02,k,0.2105263157894736,0.37142857142857144,0.4547510818883757,1.0,0.7515032188590671,True,0.6079206713589639
nested_validation,z|23|0.25|0.05|0.4|0.3,k|10|0.8,k|10|0.8,47627638,131,TP_k02_01,k,0.2105263157894736,0.37142857142857144,0.4547510818883757,1.0,0.7515032188590671,True,0.6079206713589639
nested_validation,z|23|0.25|0.05|0.4|0.3,k|10|0.8,k|10|0.8,47627647,197,TP_k02_03,k,0.2105263157894736,0.37142857142857144,0.4547510818883757,1.0,0.7515032188590671,True,0.6079206713589639
nested_validation,z|23|0.25|0.05|0.4|0.3,k|10|0.8,k|10|0.8,47628259,145,TP_k02_04,k,0.2105263157894736,0.37142857142857144,0.4547510818883757,1.0,0.7515032188590671,True,0.6079206713589639
nested_validation,z|23|0.25|0.05|0.4|0.3,k|10|0.8,k|10|0.8,47628265,095,TP_k02_06,k,0.2105263157894736,0.37142857142857144,0.4547510818883757,1.0,0.7515032188590671,True,0.6079206713589639
nested_validation,z|23|0.25|0.05|0.4|0.3,k|23|0.8,k|23|0.8,47629804,INT023,TP_k05_05,k,0.2105263157894736,0.37142857142857144,0.417543198922718,0.5,0.3818990946666625,True,0.3204244844348707
nested_validation,z|23|0.25|0.05|0.4|0.3,k|23|0.8,k|23|0.8,47629813,INT043,TP_k06_04,k,0.2105263157894736,0.37142857142857144,0.4297727806457622,0.5,0.3799255314383862,True,0.31880788546673366
nested_validation,z|23|0.25|0.05|0.4|0.3,k|23|0.8,k|23|0.8,47629819,INT190,TP_k04_06,k,0.2105263157894736,0.37142857142857144,0.417543198922718,0.5,0.3818990946666625,True,0.3204244844348707
nested_validation,z|23|0.25|0.05|0.4|0.3,k|23|0.8,k|23|0.8,47629822,INT165,TP_k04_05,k,0.2105263157894736,0.37142857142857144,0.3707273111719992,0.5,0.38901123131799875,True,0.33939587151953315
nested_validation,z|23|0.25|0.05|0.4|0.3,k|23|0.8,k|23|0.8,47629831,INT151,TP_k07_06,k,0.2105263157894736,0.37142857142857144,0.3707273111719992,0.5,0.38901123131799875,True,0.33939587151953315
nested_validation,z|23|0.25|0.05|0.4|0.3,k|23|0.8,k|23|0.8,47629834,INT134,TP_k07_04,k,0.2105263157894736,0.37142857142857144,0.3707273111719992,0.5,0.38901123131799875,True,0.33939587151953315
nested_validation,z|23|0.25|0.05|0.4|0.3,k|23|0.8,k|23|0.8,47629846,INT119,TP_k05_06,k,0.2105263157894736,0.37142857142857144,0.5063972173396005,0.5,0.3665403146213778,True,0.2836010730851491
nested_validation,z|23|0.25|0.05|0.4|0.3,k|23|0.8,k|23|0.8,47629906,INT066,TP_k05_04,k,0.2105263157894736,0.37142857142857144,0.4474842291487455,0.5,0.3769854216890079,True,0.31856162625226264
nested_validation,z|23|0.25|0.05|0.4|0.3,k|23|0.8,k|23|0.8,47629909,INT052,TP_k07_05,k,0.2105263157894736,0.37142857142857144,0.4463930549766443,0.5,0.3771693177569713,True,0.31831227752315533
nested_validation,z|23|0.25|0.05|0.4|0.3,k|23|0.8,k|23|0.8,47629915,INT090,TP_k04_04,k,0.2105263157894736,0.37142857142857144,0.4469230531110522,0.5,0.37708004181056914,True,0.3177607511873723
nested_validation,z|23|0.25|0.05|0.4|0.3,k|23|0.8,k|23|0.8,47629942,INT176,TP_k06_05,k,0.2105263157894736,0.37142857142857144,0.417543198922718,0.5,0.3818990946666625,True,0.3204244844348707
nested_validation,z|23|0.25|0.05|0.4|0.3,k|23|0.8,k|23|0.8,47629945,INT098,TP_k06_06,k,0.2105263157894736,0.37142857142857144,0.417543198922718,0.5,0.3818990946666625,True,0.3204244844348707
nested_validation,z|23|0.25|0.05|0.4|0.3,k|23|0.8,k|23|0.8,47630359,INT051,TP_k05_03,k,0.2105263157894736,0.37142857142857144,0.4366452493908614,0.5,0.378796093413738,True,0.3176101316427677
nested_validation,z|23|0.25|0.05|0.4|0.3,k|23|0.8,k|23|0.8,47630362,INT195,TP_k05_01,k,0.2105263157894736,0.37142857142857144,0.3707273111719992,0.5,0.38901123131799875,True,0.33939587151953315
nested_validation,z|23|0.25|0.05|0.4|0.3,k|23|0.8,k|23|0.8,47630371,INT004,TP_k04_02,k,0.2105263157894736,0.37142857142857144,0.4159864951966148,0.5,0.3821469433193219,True,0.3213408737207951
nested_validation,z|23|0.25|0.05|0.4|0.3,k|23|0.8,k|23|0.8,47630383,INT085,TP_k04_01,k,0.2105263157894736,0.37142857142857144,0.417543198922718,0.5,0.3818990946666625,True,0.3204244844348707
nested_validation,z|23|0.25|0.05|0.4|0.3,k|23|0.8,k|23|0.8,47630437,INT003,TP_k07_01,k,0.2105263157894736,0.37142857142857144,0.4159864951966148,0.5,0.3821469433193219,True,0.3213408737207951
nested_validation,z|23|0.25|0.05|0.4|0.3,k|23|0.8,k|23|0.8,47630440,INT103,TP_k04_03,k,0.2105263157894736,0.37142857142857144,0.507423236401391,0.5,0.3663497267333465,True,0.28277445902879766
nested_validation,z|23|0.25|0.05|0.4|0.3,k|23|0.8,k|23|0.8,47630443,INT009,TP_k06_01,k,0.2105263157894736,0.37142857142857144,0.417543198922718,0.5,0.3818990946666625,True,0.3204244844348707
nested_validation,z|23|0.25|0.05|0.4|0.3,k|23|0.8,k|23|0.8,47630674,INT045,TP_k07_02,k,0.2105263157894736,0.37142857142857144,0.417543198922718,0.5,0.3818990946666625,True,0.3204244844348707
nested_validation,z|23|0.25|0.05|0.4|0.3,k|23|0.8,k|23|0.8,47630677,INT080,TP_k07_03,k,0.2105263157894736,0.37142857142857144,0.417543198922718,0.5,0.3818990946666625,True,0.3204244844348707
nested_validation,z|23|0.25|0.05|0.4|0.3,k|23|0.8,k|23|0.8,47630686,INT114,TP_k05_02,k,0.2105263157894736,0.37142857142857144,0.507423236401391,0.5,0.3663497267333465,True,0.28277445902879766
nested_validation,z|23|0.25|0.05|0.4|0.3,k|23|0.8,k|23|0.8,47630689,INT140,TP_k06_02,k,0.2105263157894736,0.37142857142857144,0.3707273111719992,0.5,0.38901123131799875,True,0.33939587151953315
nested_validation,z|23|0.25|0.05|0.4|0.3,k|23|0.8,k|23|0.8,47630692,INT091,TP_k06_03,k,0.2105263157894736,0.37142857142857144,0.507423236401391,0.5,0.3663497267333465,True,0.28277445902879766
nested_validation,z|23|0.25|0.05|0.4|0.3,k|45|0.9,k|45|0.9,47629411,TP_k11_04,TP_k11_04,k,0.1052631578947368,0.6373243861851662,0.7601384437081647,0.5,0.2467659128458542,True,-0.9104958017556016
nested_validation,z|23|0.25|0.05|0.4|0.3,k|45|0.9,k|45|0.9,47629687,TP_k11_06,TP_k11_06,k,0.1052631578947368,0.6373243861851662,0.7842936703443569,0.5,0.24220563872282427,True,-0.8631654506007121
nested_validation,z|23|0.25|0.05|0.4|0.3,k|45|0.9,k|45|0.9,47629774,TP_k11_05,TP_k11_05,k,0.1052631578947368,0.6373243861851662,0.7707657335295923,0.5,0.24476669334739995,True,-0.869356951812526
nested_validation,z|23|0.25|0.05|0.4|0.3,k|45|0.9,k|45|0.9,47630755,TP_k11_02,TP_k11_02,k,0.1052631578947368,0.6373243861851662,0.7598537776791061,0.5,0.24681930521113865,True,-0.9096954378871683
nested_validation,z|23|0.25|0.05|0.4|0.3,k|45|0.9,k|45|0.9,47630773,TP_k11_01,TP_k11_01,k,0.1052631578947368,0.6373243861851662,0.7698599678607464,0.5,0.24493753227512152,True,-0.8968160946635194
nested_validation,z|23|0.25|0.05|0.4|0.3,k|45|0.9,k|45|0.9,47630776,TP_k11_03,TP_k11_03,k,0.1052631578947368,0.6373243861851662,0.7707657335295923,0.5,0.24476669334739995,True,-0.869356951812526
outer_train_fit,z|23|0.25|0.05|0.4|0.3,,k|10|0.2,47627599,167,TP_k01_02,k,0.1578947368421052,0.0,0.3061437710657915,1.0,0.9307237662741161,True,1.5216507121349945
outer_train_fit,z|23|0.25|0.05|0.4|0.3,,k|10|0.2,47627620,057,TP_k01_01,k,0.1578947368421052,0.0,0.3061437710657915,1.0,0.9307237662741161,True,1.5216507121349945
outer_train_fit,z|23|0.25|0.05|0.4|0.3,,k|10|0.2,47627656,012,TP_k01_03,k,0.1578947368421052,0.0,0.3059229147376472,1.0,0.9307866754613926,True,1.5214958899439512
outer_train_fit,z|23|0.25|0.05|0.4|0.3,,k|10|0.2,47628241,070,TP_k01_04,k,0.1578947368421052,0.0,0.2637618626804907,1.0,0.9420321193384711,True,1.572460735634398
outer_train_fit,z|23|0.25|0.05|0.4|0.3,,k|10|0.2,47628313,123,TP_k01_06,k,0.1578947368421052,0.0,0.3178466608520105,1.0,0.9273316616653833,True,1.5054160340744378
outer_train_fit,z|23|0.25|0.05|0.4|0.3,,k|10|0.2,47628373,168,TP_k01_05,k,0.1578947368421052,0.0,0.3061437710657915,1.0,0.9307237662741161,True,1.5216507121349945
outer_train_fit,z|23|0.25|0.05|0.4|0.3,,k|10|0.8,47627623,186,TP_k02_05,k,0.2105263157894736,0.0,0.4547510818883757,1.0,0.8626721093774452,True,0.6978495829885992
outer_train_fit,z|23|0.25|0.05|0.4|0.3,,k|10|0.8,47627629,019,TP_k02_02,k,0.2105263157894736,0.0,0.4547510818883757,1.0,0.8626721093774452,True,0.6978495829885992
outer_train_fit,z|23|0.25|0.05|0.4|0.3,,k|10|0.8,47627638,131,TP_k02_01,k,0.2105263157894736,0.0,0.4547510818883757,1.0,0.8626721093774452,True,0.6978495829885992
outer_train_fit,z|23|0.25|0.05|0.4|0.3,,k|10|0.8,47627647,197,TP_k02_03,k,0.2105263157894736,0.0,0.4547510818883757,1.0,0.8626721093774452,True,0.6978495829885992
outer_train_fit,z|23|0.25|0.05|0.4|0.3,,k|10|0.8,47628259,145,TP_k02_04,k,0.2105263157894736,0.0,0.4547510818883757,1.0,0.8626721093774452,True,0.6978495829885992
outer_train_fit,z|23|0.25|0.05|0.4|0.3,,k|10|0.8,47628265,095,TP_k02_06,k,0.2105263157894736,0.0,0.4547510818883757,1.0,0.8626721093774452,True,0.6978495829885992
outer_train_fit,z|23|0.25|0.05|0.4|0.3,,k|23|0.8,47629804,INT023,TP_k05_05,k,0.2105263157894736,0.0,0.417543198922718,0.5,0.4383929293950374,True,0.3678244602907666
outer_train_fit,z|23|0.25|0.05|0.4|0.3,,k|23|0.8,47629813,INT043,TP_k06_04,k,0.2105263157894736,0.0,0.4297727806457622,0.5,0.43612741953373346,True,0.36596871994679653
outer_train_fit,z|23|0.25|0.05|0.4|0.3,,k|23|0.8,47629819,INT190,TP_k04_06,k,0.2105263157894736,0.0,0.417543198922718,0.5,0.4383929293950374,True,0.3678244602907666
outer_train_fit,z|23|0.25|0.05|0.4|0.3,,k|23|0.8,47629822,INT165,TP_k04_05,k,0.2105263157894736,0.0,0.3707273111719992,0.5,0.44655715514047556,True,0.38960225991082514
outer_train_fit,z|23|0.25|0.05|0.4|0.3,,k|23|0.8,47629831,INT151,TP_k07_06,k,0.2105263157894736,0.0,0.3707273111719992,0.5,0.44655715514047556,True,0.38960225991082514
outer_train_fit,z|23|0.25|0.05|0.4|0.3,,k|23|0.8,47629834,INT134,TP_k07_04,k,0.2105263157894736,0.0,0.3707273111719992,0.5,0.44655715514047556,True,0.38960225991082514
outer_train_fit,z|23|0.25|0.05|0.4|0.3,,k|23|0.8,47629846,INT119,TP_k05_06,k,0.2105263157894736,0.0,0.5063972173396005,0.5,0.4207621450595485,True,0.325553809751484
outer_train_fit,z|23|0.25|0.05|0.4|0.3,,k|23|0.8,47629906,INT066,TP_k05_04,k,0.2105263157894736,0.0,0.4474842291487455,0.5,0.43275238318572146,True,0.365686031928076
outer_train_fit,z|23|0.25|0.05|0.4|0.3,,k|23|0.8,47629909,INT052,TP_k07_05,k,0.2105263157894736,0.0,0.4463930549766443,0.5,0.43296348275905006,True,0.3653997973668506
outer_train_fit,z|23|0.25|0.05|0.4|0.3,,k|23|0.8,47629915,INT090,TP_k04_04,k,0.2105263157894736,0.0,0.4469230531110522,0.5,0.4328610003383941,True,0.36476668445990995
outer_train_fit,z|23|0.25|0.05|0.4|0.3,,k|23|0.8,47629942,INT176,TP_k06_05,k,0.2105263157894736,0.0,0.417543198922718,0.5,0.4383929293950374,True,0.3678244602907666
outer_train_fit,z|23|0.25|0.05|0.4|0.3,,k|23|0.8,47629945,INT098,TP_k06_06,k,0.2105263157894736,0.0,0.417543198922718,0.5,0.4383929293950374,True,0.3678244602907666
outer_train_fit,z|23|0.25|0.05|0.4|0.3,,k|23|0.8,47630359,INT051,TP_k05_03,k,0.2105263157894736,0.0,0.4366452493908614,0.5,0.4348309052159191,True,0.3645937839626176
outer_train_fit,z|23|0.25|0.05|0.4|0.3,,k|23|0.8,47630362,INT195,TP_k05_01,k,0.2105263157894736,0.0,0.3707273111719992,0.5,0.44655715514047556,True,0.38960225991082514
outer_train_fit,z|23|0.25|0.05|0.4|0.3,,k|23|0.8,47630371,INT004,TP_k04_02,k,0.2105263157894736,0.0,0.4159864951966148,0.5,0.43867744197546343,True,0.3688764098479482
outer_train_fit,z|23|0.25|0.05|0.4|0.3,,k|23|0.8,47630383,INT085,TP_k04_01,k,0.2105263157894736,0.0,0.417543198922718,0.5,0.4383929293950374,True,0.3678244602907666
outer_train_fit,z|23|0.25|0.05|0.4|0.3,,k|23|0.8,47630437,INT003,TP_k07_01,k,0.2105263157894736,0.0,0.4159864951966148,0.5,0.43867744197546343,True,0.3688764098479482
outer_train_fit,z|23|0.25|0.05|0.4|0.3,,k|23|0.8,47630440,INT103,TP_k04_03,k,0.2105263157894736,0.0,0.507423236401391,0.5,0.4205433637539415,True,0.3246049157564371
outer_train_fit,z|23|0.25|0.05|0.4|0.3,,k|23|0.8,47630443,INT009,TP_k06_01,k,0.2105263157894736,0.0,0.417543198922718,0.5,0.4383929293950374,True,0.3678244602907666
outer_train_fit,z|23|0.25|0.05|0.4|0.3,,k|23|0.8,47630674,INT045,TP_k07_02,k,0.2105263157894736,0.0,0.417543198922718,0.5,0.4383929293950374,True,0.3678244602907666
outer_train_fit,z|23|0.25|0.05|0.4|0.3,,k|23|0.8,47630677,INT080,TP_k07_03,k,0.2105263157894736,0.0,0.417543198922718,0.5,0.4383929293950374,True,0.3678244602907666
outer_train_fit,z|23|0.25|0.05|0.4|0.3,,k|23|0.8,47630686,INT114,TP_k05_02,k,0.2105263157894736,0.0,0.507423236401391,0.5,0.4205433637539415,True,0.3246049157564371
outer_train_fit,z|23|0.25|0.05|0.4|0.3,,k|23|0.8,47630689,INT140,TP_k06_02,k,0.2105263157894736,0.0,0.3707273111719992,0.5,0.44655715514047556,True,0.38960225991082514
outer_train_fit,z|23|0.25|0.05|0.4|0.3,,k|23|0.8,47630692,INT091,TP_k06_03,k,0.2105263157894736,0.0,0.507423236401391,0.5,0.4205433637539415,True,0.3246049157564371
outer_train_fit,z|23|0.25|0.05|0.4|0.3,,k|45|0.9,47629411,TP_k11_04,TP_k11_04,k,0.1052631578947368,0.0,0.7601384437081647,0.5,0.3704144593790991,True,-1.3667236543521928
outer_train_fit,z|23|0.25|0.05|0.4|0.3,,k|45|0.9,47629687,TP_k11_06,TP_k11_06,k,0.1052631578947368,0.0,0.7842936703443569,0.5,0.3635691400462065,True,-1.2956771867381152
outer_train_fit,z|23|0.25|0.05|0.4|0.3,,k|45|0.9,47629774,TP_k11_05,TP_k11_05,k,0.1052631578947368,0.0,0.7707657335295923,0.5,0.36741347840421595,True,-1.3049711023671822
outer_train_fit,z|23|0.25|0.05|0.4|0.3,,k|45|0.9,47630755,TP_k11_02,TP_k11_02,k,0.1052631578947368,0.0,0.7598537776791061,0.5,0.37049460539235407,True,-1.3655222471310202
outer_train_fit,z|23|0.25|0.05|0.4|0.3,,k|45|0.9,47630773,TP_k11_01,TP_k11_01,k,0.1052631578947368,0.0,0.7698599678607464,0.5,0.36766992066693815,True,-1.3461893704693808
outer_train_fit,z|23|0.25|0.05|0.4|0.3,,k|45|0.9,47630776,TP_k11_03,TP_k11_03,k,0.1052631578947368,0.0,0.7707657335295923,0.5,0.36741347840421595,True,-1.3049711023671822
nested_validation,z|23|0.36|0.05|0.8|1.7,k|10|0.2,k|10|0.2,47627599,167,TP_k01_02,k,0.1578947368421052,0.631578947368421,0.3061437710657915,1.0,0.6245744638575348,True,1.0211237879040511
nested_validation,z|23|0.36|0.05|0.8|1.7,k|10|0.2,k|10|0.2,47627620,057,TP_k01_01,k,0.1578947368421052,0.631578947368421,0.3061437710657915,1.0,0.6245744638575348,True,1.0211237879040511
nested_validation,z|23|0.36|0.05|0.8|1.7,k|10|0.2,k|10|0.2,47627656,012,TP_k01_03,k,0.1578947368421052,0.631578947368421,0.3059229147376472,1.0,0.6246166798977164,True,1.0210198924299394
nested_validation,z|23|0.36|0.05|0.8|1.7,k|10|0.2,k|10|0.2,47628241,070,TP_k01_04,k,0.1578947368421052,0.631578947368421,0.2637618626804907,1.0,0.6321630833902191,True,1.0552205245897053
nested_validation,z|23|0.36|0.05|0.8|1.7,k|10|0.2,k|10|0.2,47628313,123,TP_k01_06,k,0.1578947368421052,0.631578947368421,0.3178466608520105,1.0,0.6222981473024851,True,1.0102292929819288
nested_validation,z|23|0.36|0.05|0.8|1.7,k|10|0.2,k|10|0.2,47628373,168,TP_k01_05,k,0.1578947368421052,0.631578947368421,0.3061437710657915,1.0,0.6245744638575348,True,1.0211237879040511
nested_validation,z|23|0.36|0.05|0.8|1.7,k|10|0.8,k|10|0.8,47627623,186,TP_k02_05,k,0.2105263157894736,0.37142857142857144,0.4547510818883757,1.0,0.7515032188590671,True,0.6079206713589639
nested_validation,z|23|0.36|0.05|0.8|1.7,k|10|0.8,k|10|0.8,47627629,019,TP_k02_02,k,0.2105263157894736,0.37142857142857144,0.4547510818883757,1.0,0.7515032188590671,True,0.6079206713589639
nested_validation,z|23|0.36|0.05|0.8|1.7,k|10|0.8,k|10|0.8,47627638,131,TP_k02_01,k,0.2105263157894736,0.37142857142857144,0.4547510818883757,1.0,0.7515032188590671,True,0.6079206713589639
nested_validation,z|23|0.36|0.05|0.8|1.7,k|10|0.8,k|10|0.8,47627647,197,TP_k02_03,k,0.2105263157894736,0.37142857142857144,0.4547510818883757,1.0,0.7515032188590671,True,0.6079206713589639
nested_validation,z|23|0.36|0.05|0.8|1.7,k|10|0.8,k|10|0.8,47628259,145,TP_k02_04,k,0.2105263157894736,0.37142857142857144,0.4547510818883757,1.0,0.7515032188590671,True,0.6079206713589639
nested_validation,z|23|0.36|0.05|0.8|1.7,k|10|0.8,k|10|0.8,47628265,095,TP_k02_06,k,0.2105263157894736,0.37142857142857144,0.4547510818883757,1.0,0.7515032188590671,True,0.6079206713589639
nested_validation,z|23|0.36|0.05|0.8|1.7,k|23|0.8,k|23|0.8,47629804,INT023,TP_k05_05,k,0.2105263157894736,0.37142857142857144,0.417543198922718,0.5,0.3818990946666625,True,0.3204244844348707
nested_validation,z|23|0.36|0.05|0.8|1.7,k|23|0.8,k|23|0.8,47629813,INT043,TP_k06_04,k,0.2105263157894736,0.37142857142857144,0.4297727806457622,0.5,0.3799255314383862,True,0.31880788546673366
nested_validation,z|23|0.36|0.05|0.8|1.7,k|23|0.8,k|23|0.8,47629819,INT190,TP_k04_06,k,0.2105263157894736,0.37142857142857144,0.417543198922718,0.5,0.3818990946666625,True,0.3204244844348707
nested_validation,z|23|0.36|0.05|0.8|1.7,k|23|0.8,k|23|0.8,47629822,INT165,TP_k04_05,k,0.2105263157894736,0.37142857142857144,0.3707273111719992,0.5,0.38901123131799875,True,0.33939587151953315
nested_validation,z|23|0.36|0.05|0.8|1.7,k|23|0.8,k|23|0.8,47629831,INT151,TP_k07_06,k,0.2105263157894736,0.37142857142857144,0.3707273111719992,0.5,0.38901123131799875,True,0.33939587151953315
nested_validation,z|23|0.36|0.05|0.8|1.7,k|23|0.8,k|23|0.8,47629834,INT134,TP_k07_04,k,0.2105263157894736,0.37142857142857144,0.3707273111719992,0.5,0.38901123131799875,True,0.33939587151953315
nested_validation,z|23|0.36|0.05|0.8|1.7,k|23|0.8,k|23|0.8,47629846,INT119,TP_k05_06,k,0.2105263157894736,0.37142857142857144,0.5063972173396005,0.5,0.3665403146213778,True,0.2836010730851491
nested_validation,z|23|0.36|0.05|0.8|1.7,k|23|0.8,k|23|0.8,47629906,INT066,TP_k05_04,k,0.2105263157894736,0.37142857142857144,0.4474842291487455,0.5,0.3769854216890079,True,0.31856162625226264
nested_validation,z|23|0.36|0.05|0.8|1.7,k|23|0.8,k|23|0.8,47629909,INT052,TP_k07_05,k,0.2105263157894736,0.37142857142857144,0.4463930549766443,0.5,0.3771693177569713,True,0.31831227752315533
nested_validation,z|23|0.36|0.05|0.8|1.7,k|23|0.8,k|23|0.8,47629915,INT090,TP_k04_04,k,0.2105263157894736,0.37142857142857144,0.4469230531110522,0.5,0.37708004181056914,True,0.3177607511873723
nested_validation,z|23|0.36|0.05|0.8|1.7,k|23|0.8,k|23|0.8,47629942,INT176,TP_k06_05,k,0.2105263157894736,0.37142857142857144,0.417543198922718,0.5,0.3818990946666625,True,0.3204244844348707
nested_validation,z|23|0.36|0.05|0.8|1.7,k|23|0.8,k|23|0.8,47629945,INT098,TP_k06_06,k,0.2105263157894736,0.37142857142857144,0.417543198922718,0.5,0.3818990946666625,True,0.3204244844348707
nested_validation,z|23|0.36|0.05|0.8|1.7,k|23|0.8,k|23|0.8,47630359,INT051,TP_k05_03,k,0.2105263157894736,0.37142857142857144,0.4366452493908614,0.5,0.378796093413738,True,0.3176101316427677
nested_validation,z|23|0.36|0.05|0.8|1.7,k|23|0.8,k|23|0.8,47630362,INT195,TP_k05_01,k,0.2105263157894736,0.37142857142857144,0.3707273111719992,0.5,0.38901123131799875,True,0.33939587151953315
nested_validation,z|23|0.36|0.05|0.8|1.7,k|23|0.8,k|23|0.8,47630371,INT004,TP_k04_02,k,0.2105263157894736,0.37142857142857144,0.4159864951966148,0.5,0.3821469433193219,True,0.3213408737207951
nested_validation,z|23|0.36|0.05|0.8|1.7,k|23|0.8,k|23|0.8,47630383,INT085,TP_k04_01,k,0.2105263157894736,0.37142857142857144,0.417543198922718,0.5,0.3818990946666625,True,0.3204244844348707
nested_validation,z|23|0.36|0.05|0.8|1.7,k|23|0.8,k|23|0.8,47630437,INT003,TP_k07_01,k,0.2105263157894736,0.37142857142857144,0.4159864951966148,0.5,0.3821469433193219,True,0.3213408737207951
nested_validation,z|23|0.36|0.05|0.8|1.7,k|23|0.8,k|23|0.8,47630440,INT103,TP_k04_03,k,0.2105263157894736,0.37142857142857144,0.507423236401391,0.5,0.3663497267333465,True,0.28277445902879766
nested_validation,z|23|0.36|0.05|0.8|1.7,k|23|0.8,k|23|0.8,47630443,INT009,TP_k06_01,k,0.2105263157894736,0.37142857142857144,0.417543198922718,0.5,0.3818990946666625,True,0.3204244844348707
nested_validation,z|23|0.36|0.05|0.8|1.7,k|23|0.8,k|23|0.8,47630674,INT045,TP_k07_02,k,0.2105263157894736,0.37142857142857144,0.417543198922718,0.5,0.3818990946666625,True,0.3204244844348707
nested_validation,z|23|0.36|0.05|0.8|1.7,k|23|0.8,k|23|0.8,47630677,INT080,TP_k07_03,k,0.2105263157894736,0.37142857142857144,0.417543198922718,0.5,0.3818990946666625,True,0.3204244844348707
nested_validation,z|23|0.36|0.05|0.8|1.7,k|23|0.8,k|23|0.8,47630686,INT114,TP_k05_02,k,0.2105263157894736,0.37142857142857144,0.507423236401391,0.5,0.3663497267333465,True,0.28277445902879766
nested_validation,z|23|0.36|0.05|0.8|1.7,k|23|0.8,k|23|0.8,47630689,INT140,TP_k06_02,k,0.2105263157894736,0.37142857142857144,0.3707273111719992,0.5,0.38901123131799875,True,0.33939587151953315
nested_validation,z|23|0.36|0.05|0.8|1.7,k|23|0.8,k|23|0.8,47630692,INT091,TP_k06_03,k,0.2105263157894736,0.37142857142857144,0.507423236401391,0.5,0.3663497267333465,True,0.28277445902879766
nested_validation,z|23|0.36|0.05|0.8|1.7,k|45|0.9,k|45|0.9,47629411,TP_k11_04,TP_k11_04,k,0.1052631578947368,0.6373243861851662,0.7601384437081647,0.5,0.2467659128458542,True,-0.9104958017556016
nested_validation,z|23|0.36|0.05|0.8|1.7,k|45|0.9,k|45|0.9,47629687,TP_k11_06,TP_k11_06,k,0.1052631578947368,0.6373243861851662,0.7842936703443569,0.5,0.24220563872282427,True,-0.8631654506007121
nested_validation,z|23|0.36|0.05|0.8|1.7,k|45|0.9,k|45|0.9,47629774,TP_k11_05,TP_k11_05,k,0.1052631578947368,0.6373243861851662,0.7707657335295923,0.5,0.24476669334739995,True,-0.869356951812526
nested_validation,z|23|0.36|0.05|0.8|1.7,k|45|0.9,k|45|0.9,47630755,TP_k11_02,TP_k11_02,k,0.1052631578947368,0.6373243861851662,0.7598537776791061,0.5,0.24681930521113865,True,-0.9096954378871683
nested_validation,z|23|0.36|0.05|0.8|1.7,k|45|0.9,k|45|0.9,47630773,TP_k11_01,TP_k11_01,k,0.1052631578947368,0.6373243861851662,0.7698599678607464,0.5,0.24493753227512152,True,-0.8968160946635194
nested_validation,z|23|0.36|0.05|0.8|1.7,k|45|0.9,k|45|0.9,47630776,TP_k11_03,TP_k11_03,k,0.1052631578947368,0.6373243861851662,0.7707657335295923,0.5,0.24476669334739995,True,-0.869356951812526
outer_train_fit,z|23|0.36|0.05|0.8|1.7,,k|10|0.2,47627599,167,TP_k01_02,k,0.1578947368421052,0.0,0.3061437710657915,1.0,0.9307237662741161,True,1.5216507121349945
outer_train_fit,z|23|0.36|0.05|0.8|1.7,,k|10|0.2,47627620,057,TP_k01_01,k,0.1578947368421052,0.0,0.3061437710657915,1.0,0.9307237662741161,True,1.5216507121349945
outer_train_fit,z|23|0.36|0.05|0.8|1.7,,k|10|0.2,47627656,012,TP_k01_03,k,0.1578947368421052,0.0,0.3059229147376472,1.0,0.9307866754613926,True,1.5214958899439512
outer_train_fit,z|23|0.36|0.05|0.8|1.7,,k|10|0.2,47628241,070,TP_k01_04,k,0.1578947368421052,0.0,0.2637618626804907,1.0,0.9420321193384711,True,1.572460735634398
outer_train_fit,z|23|0.36|0.05|0.8|1.7,,k|10|0.2,47628313,123,TP_k01_06,k,0.1578947368421052,0.0,0.3178466608520105,1.0,0.9273316616653833,True,1.5054160340744378
outer_train_fit,z|23|0.36|0.05|0.8|1.7,,k|10|0.2,47628373,168,TP_k01_05,k,0.1578947368421052,0.0,0.3061437710657915,1.0,0.9307237662741161,True,1.5216507121349945
outer_train_fit,z|23|0.36|0.05|0.8|1.7,,k|10|0.8,47627623,186,TP_k02_05,k,0.2105263157894736,0.0,0.4547510818883757,1.0,0.8626721093774452,True,0.6978495829885992
outer_train_fit,z|23|0.36|0.05|0.8|1.7,,k|10|0.8,47627629,019,TP_k02_02,k,0.2105263157894736,0.0,0.4547510818883757,1.0,0.8626721093774452,True,0.6978495829885992
outer_train_fit,z|23|0.36|0.05|0.8|1.7,,k|10|0.8,47627638,131,TP_k02_01,k,0.2105263157894736,0.0,0.4547510818883757,1.0,0.8626721093774452,True,0.6978495829885992
outer_train_fit,z|23|0.36|0.05|0.8|1.7,,k|10|0.8,47627647,197,TP_k02_03,k,0.2105263157894736,0.0,0.4547510818883757,1.0,0.8626721093774452,True,0.6978495829885992
outer_train_fit,z|23|0.36|0.05|0.8|1.7,,k|10|0.8,47628259,145,TP_k02_04,k,0.2105263157894736,0.0,0.4547510818883757,1.0,0.8626721093774452,True,0.6978495829885992
outer_train_fit,z|23|0.36|0.05|0.8|1.7,,k|10|0.8,47628265,095,TP_k02_06,k,0.2105263157894736,0.0,0.4547510818883757,1.0,0.8626721093774452,True,0.6978495829885992
outer_train_fit,z|23|0.36|0.05|0.8|1.7,,k|23|0.8,47629804,INT023,TP_k05_05,k,0.2105263157894736,0.0,0.417543198922718,0.5,0.4383929293950374,True,0.3678244602907666
outer_train_fit,z|23|0.36|0.05|0.8|1.7,,k|23|0.8,47629813,INT043,TP_k06_04,k,0.2105263157894736,0.0,0.4297727806457622,0.5,0.43612741953373346,True,0.36596871994679653
outer_train_fit,z|23|0.36|0.05|0.8|1.7,,k|23|0.8,47629819,INT190,TP_k04_06,k,0.2105263157894736,0.0,0.417543198922718,0.5,0.4383929293950374,True,0.3678244602907666
outer_train_fit,z|23|0.36|0.05|0.8|1.7,,k|23|0.8,47629822,INT165,TP_k04_05,k,0.2105263157894736,0.0,0.3707273111719992,0.5,0.44655715514047556,True,0.38960225991082514
outer_train_fit,z|23|0.36|0.05|0.8|1.7,,k|23|0.8,47629831,INT151,TP_k07_06,k,0.2105263157894736,0.0,0.3707273111719992,0.5,0.44655715514047556,True,0.38960225991082514
outer_train_fit,z|23|0.36|0.05|0.8|1.7,,k|23|0.8,47629834,INT134,TP_k07_04,k,0.2105263157894736,0.0,0.3707273111719992,0.5,0.44655715514047556,True,0.38960225991082514
outer_train_fit,z|23|0.36|0.05|0.8|1.7,,k|23|0.8,47629846,INT119,TP_k05_06,k,0.2105263157894736,0.0,0.5063972173396005,0.5,0.4207621450595485,True,0.325553809751484
outer_train_fit,z|23|0.36|0.05|0.8|1.7,,k|23|0.8,47629906,INT066,TP_k05_04,k,0.2105263157894736,0.0,0.4474842291487455,0.5,0.43275238318572146,True,0.365686031928076
outer_train_fit,z|23|0.36|0.05|0.8|1.7,,k|23|0.8,47629909,INT052,TP_k07_05,k,0.2105263157894736,0.0,0.4463930549766443,0.5,0.43296348275905006,True,0.3653997973668506
outer_train_fit,z|23|0.36|0.05|0.8|1.7,,k|23|0.8,47629915,INT090,TP_k04_04,k,0.2105263157894736,0.0,0.4469230531110522,0.5,0.4328610003383941,True,0.36476668445990995
outer_train_fit,z|23|0.36|0.05|0.8|1.7,,k|23|0.8,47629942,INT176,TP_k06_05,k,0.2105263157894736,0.0,0.417543198922718,0.5,0.4383929293950374,True,0.3678244602907666
outer_train_fit,z|23|0.36|0.05|0.8|1.7,,k|23|0.8,47629945,INT098,TP_k06_06,k,0.2105263157894736,0.0,0.417543198922718,0.5,0.4383929293950374,True,0.3678244602907666
outer_train_fit,z|23|0.36|0.05|0.8|1.7,,k|23|0.8,47630359,INT051,TP_k05_03,k,0.2105263157894736,0.0,0.4366452493908614,0.5,0.4348309052159191,True,0.3645937839626176
outer_train_fit,z|23|0.36|0.05|0.8|1.7,,k|23|0.8,47630362,INT195,TP_k05_01,k,0.2105263157894736,0.0,0.3707273111719992,0.5,0.44655715514047556,True,0.38960225991082514
outer_train_fit,z|23|0.36|0.05|0.8|1.7,,k|23|0.8,47630371,INT004,TP_k04_02,k,0.2105263157894736,0.0,0.4159864951966148,0.5,0.43867744197546343,True,0.3688764098479482
outer_train_fit,z|23|0.36|0.05|0.8|1.7,,k|23|0.8,47630383,INT085,TP_k04_01,k,0.2105263157894736,0.0,0.417543198922718,0.5,0.4383929293950374,True,0.3678244602907666
outer_train_fit,z|23|0.36|0.05|0.8|1.7,,k|23|0.8,47630437,INT003,TP_k07_01,k,0.2105263157894736,0.0,0.4159864951966148,0.5,0.43867744197546343,True,0.3688764098479482
outer_train_fit,z|23|0.36|0.05|0.8|1.7,,k|23|0.8,47630440,INT103,TP_k04_03,k,0.2105263157894736,0.0,0.507423236401391,0.5,0.4205433637539415,True,0.3246049157564371
outer_train_fit,z|23|0.36|0.05|0.8|1.7,,k|23|0.8,47630443,INT009,TP_k06_01,k,0.2105263157894736,0.0,0.417543198922718,0.5,0.4383929293950374,True,0.3678244602907666
outer_train_fit,z|23|0.36|0.05|0.8|1.7,,k|23|0.8,47630674,INT045,TP_k07_02,k,0.2105263157894736,0.0,0.417543198922718,0.5,0.4383929293950374,True,0.3678244602907666
outer_train_fit,z|23|0.36|0.05|0.8|1.7,,k|23|0.8,47630677,INT080,TP_k07_03,k,0.2105263157894736,0.0,0.417543198922718,0.5,0.4383929293950374,True,0.3678244602907666
outer_train_fit,z|23|0.36|0.05|0.8|1.7,,k|23|0.8,47630686,INT114,TP_k05_02,k,0.2105263157894736,0.0,0.507423236401391,0.5,0.4205433637539415,True,0.3246049157564371
outer_train_fit,z|23|0.36|0.05|0.8|1.7,,k|23|0.8,47630689,INT140,TP_k06_02,k,0.2105263157894736,0.0,0.3707273111719992,0.5,0.44655715514047556,True,0.38960225991082514
outer_train_fit,z|23|0.36|0.05|0.8|1.7,,k|23|0.8,47630692,INT091,TP_k06_03,k,0.2105263157894736,0.0,0.507423236401391,0.5,0.4205433637539415,True,0.3246049157564371
outer_train_fit,z|23|0.36|0.05|0.8|1.7,,k|45|0.9,47629411,TP_k11_04,TP_k11_04,k,0.1052631578947368,0.0,0.7601384437081647,0.5,0.3704144593790991,True,-1.3667236543521928
outer_train_fit,z|23|0.36|0.05|0.8|1.7,,k|45|0.9,47629687,TP_k11_06,TP_k11_06,k,0.1052631578947368,0.0,0.7842936703443569,0.5,0.3635691400462065,True,-1.2956771867381152
outer_train_fit,z|23|0.36|0.05|0.8|1.7,,k|45|0.9,47629774,TP_k11_05,TP_k11_05,k,0.1052631578947368,0.0,0.7707657335295923,0.5,0.36741347840421595,True,-1.3049711023671822
outer_train_fit,z|23|0.36|0.05|0.8|1.7,,k|45|0.9,47630755,TP_k11_02,TP_k11_02,k,0.1052631578947368,0.0,0.7598537776791061,0.5,0.37049460539235407,True,-1.3655222471310202
outer_train_fit,z|23|0.36|0.05|0.8|1.7,,k|45|0.9,47630773,TP_k11_01,TP_k11_01,k,0.1052631578947368,0.0,0.7698599678607464,0.5,0.36766992066693815,True,-1.3461893704693808
outer_train_fit,z|23|0.36|0.05|0.8|1.7,,k|45|0.9,47630776,TP_k11_03,TP_k11_03,k,0.1052631578947368,0.0,0.7707657335295923,0.5,0.36741347840421595,True,-1.3049711023671822
nested_validation,z|23|0.69|0.2|1|0.5,k|10|0.2,k|10|0.2,47627599,167,TP_k01_02,k,0.1578947368421052,0.631578947368421,0.3061437710657915,1.0,0.6245744638575348,True,1.0211237879040511
nested_validation,z|23|0.69|0.2|1|0.5,k|10|0.2,k|10|0.2,47627620,057,TP_k01_01,k,0.1578947368421052,0.631578947368421,0.3061437710657915,1.0,0.6245744638575348,True,1.0211237879040511
nested_validation,z|23|0.69|0.2|1|0.5,k|10|0.2,k|10|0.2,47627656,012,TP_k01_03,k,0.1578947368421052,0.631578947368421,0.3059229147376472,1.0,0.6246166798977164,True,1.0210198924299394
nested_validation,z|23|0.69|0.2|1|0.5,k|10|0.2,k|10|0.2,47628241,070,TP_k01_04,k,0.1578947368421052,0.631578947368421,0.2637618626804907,1.0,0.6321630833902191,True,1.0552205245897053
nested_validation,z|23|0.69|0.2|1|0.5,k|10|0.2,k|10|0.2,47628313,123,TP_k01_06,k,0.1578947368421052,0.631578947368421,0.3178466608520105,1.0,0.6222981473024851,True,1.0102292929819288
nested_validation,z|23|0.69|0.2|1|0.5,k|10|0.2,k|10|0.2,47628373,168,TP_k01_05,k,0.1578947368421052,0.631578947368421,0.3061437710657915,1.0,0.6245744638575348,True,1.0211237879040511
nested_validation,z|23|0.69|0.2|1|0.5,k|10|0.8,k|10|0.8,47627623,186,TP_k02_05,k,0.2105263157894736,0.37142857142857144,0.4547510818883757,1.0,0.7515032188590671,True,0.6079206713589639
nested_validation,z|23|0.69|0.2|1|0.5,k|10|0.8,k|10|0.8,47627629,019,TP_k02_02,k,0.2105263157894736,0.37142857142857144,0.4547510818883757,1.0,0.7515032188590671,True,0.6079206713589639
nested_validation,z|23|0.69|0.2|1|0.5,k|10|0.8,k|10|0.8,47627638,131,TP_k02_01,k,0.2105263157894736,0.37142857142857144,0.4547510818883757,1.0,0.7515032188590671,True,0.6079206713589639
nested_validation,z|23|0.69|0.2|1|0.5,k|10|0.8,k|10|0.8,47627647,197,TP_k02_03,k,0.2105263157894736,0.37142857142857144,0.4547510818883757,1.0,0.7515032188590671,True,0.6079206713589639
nested_validation,z|23|0.69|0.2|1|0.5,k|10|0.8,k|10|0.8,47628259,145,TP_k02_04,k,0.2105263157894736,0.37142857142857144,0.4547510818883757,1.0,0.7515032188590671,True,0.6079206713589639
nested_validation,z|23|0.69|0.2|1|0.5,k|10|0.8,k|10|0.8,47628265,095,TP_k02_06,k,0.2105263157894736,0.37142857142857144,0.4547510818883757,1.0,0.7515032188590671,True,0.6079206713589639
nested_validation,z|23|0.69|0.2|1|0.5,k|23|0.8,k|23|0.8,47629804,INT023,TP_k05_05,k,0.2105263157894736,0.37142857142857144,0.417543198922718,0.5,0.3818990946666625,True,0.3204244844348707
nested_validation,z|23|0.69|0.2|1|0.5,k|23|0.8,k|23|0.8,47629813,INT043,TP_k06_04,k,0.2105263157894736,0.37142857142857144,0.4297727806457622,0.5,0.3799255314383862,True,0.31880788546673366
nested_validation,z|23|0.69|0.2|1|0.5,k|23|0.8,k|23|0.8,47629819,INT190,TP_k04_06,k,0.2105263157894736,0.37142857142857144,0.417543198922718,0.5,0.3818990946666625,True,0.3204244844348707
nested_validation,z|23|0.69|0.2|1|0.5,k|23|0.8,k|23|0.8,47629822,INT165,TP_k04_05,k,0.2105263157894736,0.37142857142857144,0.3707273111719992,0.5,0.38901123131799875,True,0.33939587151953315
nested_validation,z|23|0.69|0.2|1|0.5,k|23|0.8,k|23|0.8,47629831,INT151,TP_k07_06,k,0.2105263157894736,0.37142857142857144,0.3707273111719992,0.5,0.38901123131799875,True,0.33939587151953315
nested_validation,z|23|0.69|0.2|1|0.5,k|23|0.8,k|23|0.8,47629834,INT134,TP_k07_04,k,0.2105263157894736,0.37142857142857144,0.3707273111719992,0.5,0.38901123131799875,True,0.33939587151953315
nested_validation,z|23|0.69|0.2|1|0.5,k|23|0.8,k|23|0.8,47629846,INT119,TP_k05_06,k,0.2105263157894736,0.37142857142857144,0.5063972173396005,0.5,0.3665403146213778,True,0.2836010730851491
nested_validation,z|23|0.69|0.2|1|0.5,k|23|0.8,k|23|0.8,47629906,INT066,TP_k05_04,k,0.2105263157894736,0.37142857142857144,0.4474842291487455,0.5,0.3769854216890079,True,0.31856162625226264
nested_validation,z|23|0.69|0.2|1|0.5,k|23|0.8,k|23|0.8,47629909,INT052,TP_k07_05,k,0.2105263157894736,0.37142857142857144,0.4463930549766443,0.5,0.3771693177569713,True,0.31831227752315533
nested_validation,z|23|0.69|0.2|1|0.5,k|23|0.8,k|23|0.8,47629915,INT090,TP_k04_04,k,0.2105263157894736,0.37142857142857144,0.4469230531110522,0.5,0.37708004181056914,True,0.3177607511873723
nested_validation,z|23|0.69|0.2|1|0.5,k|23|0.8,k|23|0.8,47629942,INT176,TP_k06_05,k,0.2105263157894736,0.37142857142857144,0.417543198922718,0.5,0.3818990946666625,True,0.3204244844348707
nested_validation,z|23|0.69|0.2|1|0.5,k|23|0.8,k|23|0.8,47629945,INT098,TP_k06_06,k,0.2105263157894736,0.37142857142857144,0.417543198922718,0.5,0.3818990946666625,True,0.3204244844348707
nested_validation,z|23|0.69|0.2|1|0.5,k|23|0.8,k|23|0.8,47630359,INT051,TP_k05_03,k,0.2105263157894736,0.37142857142857144,0.4366452493908614,0.5,0.378796093413738,True,0.3176101316427677
nested_validation,z|23|0.69|0.2|1|0.5,k|23|0.8,k|23|0.8,47630362,INT195,TP_k05_01,k,0.2105263157894736,0.37142857142857144,0.3707273111719992,0.5,0.38901123131799875,True,0.33939587151953315
nested_validation,z|23|0.69|0.2|1|0.5,k|23|0.8,k|23|0.8,47630371,INT004,TP_k04_02,k,0.2105263157894736,0.37142857142857144,0.4159864951966148,0.5,0.3821469433193219,True,0.3213408737207951
nested_validation,z|23|0.69|0.2|1|0.5,k|23|0.8,k|23|0.8,47630383,INT085,TP_k04_01,k,0.2105263157894736,0.37142857142857144,0.417543198922718,0.5,0.3818990946666625,True,0.3204244844348707
nested_validation,z|23|0.69|0.2|1|0.5,k|23|0.8,k|23|0.8,47630437,INT003,TP_k07_01,k,0.2105263157894736,0.37142857142857144,0.4159864951966148,0.5,0.3821469433193219,True,0.3213408737207951
nested_validation,z|23|0.69|0.2|1|0.5,k|23|0.8,k|23|0.8,47630440,INT103,TP_k04_03,k,0.2105263157894736,0.37142857142857144,0.507423236401391,0.5,0.3663497267333465,True,0.28277445902879766
nested_validation,z|23|0.69|0.2|1|0.5,k|23|0.8,k|23|0.8,47630443,INT009,TP_k06_01,k,0.2105263157894736,0.37142857142857144,0.417543198922718,0.5,0.3818990946666625,True,0.3204244844348707
nested_validation,z|23|0.69|0.2|1|0.5,k|23|0.8,k|23|0.8,47630674,INT045,TP_k07_02,k,0.2105263157894736,0.37142857142857144,0.417543198922718,0.5,0.3818990946666625,True,0.3204244844348707
nested_validation,z|23|0.69|0.2|1|0.5,k|23|0.8,k|23|0.8,47630677,INT080,TP_k07_03,k,0.2105263157894736,0.37142857142857144,0.417543198922718,0.5,0.3818990946666625,True,0.3204244844348707
nested_validation,z|23|0.69|0.2|1|0.5,k|23|0.8,k|23|0.8,47630686,INT114,TP_k05_02,k,0.2105263157894736,0.37142857142857144,0.507423236401391,0.5,0.3663497267333465,True,0.28277445902879766
nested_validation,z|23|0.69|0.2|1|0.5,k|23|0.8,k|23|0.8,47630689,INT140,TP_k06_02,k,0.2105263157894736,0.37142857142857144,0.3707273111719992,0.5,0.38901123131799875,True,0.33939587151953315
nested_validation,z|23|0.69|0.2|1|0.5,k|23|0.8,k|23|0.8,47630692,INT091,TP_k06_03,k,0.2105263157894736,0.37142857142857144,0.507423236401391,0.5,0.3663497267333465,True,0.28277445902879766
nested_validation,z|23|0.69|0.2|1|0.5,k|45|0.9,k|45|0.9,47629411,TP_k11_04,TP_k11_04,k,0.1052631578947368,0.6373243861851662,0.7601384437081647,0.5,0.2467659128458542,True,-0.9104958017556016
nested_validation,z|23|0.69|0.2|1|0.5,k|45|0.9,k|45|0.9,47629687,TP_k11_06,TP_k11_06,k,0.1052631578947368,0.6373243861851662,0.7842936703443569,0.5,0.24220563872282427,True,-0.8631654506007121
nested_validation,z|23|0.69|0.2|1|0.5,k|45|0.9,k|45|0.9,47629774,TP_k11_05,TP_k11_05,k,0.1052631578947368,0.6373243861851662,0.7707657335295923,0.5,0.24476669334739995,True,-0.869356951812526
nested_validation,z|23|0.69|0.2|1|0.5,k|45|0.9,k|45|0.9,47630755,TP_k11_02,TP_k11_02,k,0.1052631578947368,0.6373243861851662,0.7598537776791061,0.5,0.24681930521113865,True,-0.9096954378871683
nested_validation,z|23|0.69|0.2|1|0.5,k|45|0.9,k|45|0.9,47630773,TP_k11_01,TP_k11_01,k,0.1052631578947368,0.6373243861851662,0.7698599678607464,0.5,0.24493753227512152,True,-0.8968160946635194
nested_validation,z|23|0.69|0.2|1|0.5,k|45|0.9,k|45|0.9,47630776,TP_k11_03,TP_k11_03,k,0.1052631578947368,0.6373243861851662,0.7707657335295923,0.5,0.24476669334739995,True,-0.869356951812526
outer_train_fit,z|23|0.69|0.2|1|0.5,,k|10|0.2,47627599,167,TP_k01_02,k,0.1578947368421052,0.0,0.3061437710657915,1.0,0.9307237662741161,True,1.5216507121349945
outer_train_fit,z|23|0.69|0.2|1|0.5,,k|10|0.2,47627620,057,TP_k01_01,k,0.1578947368421052,0.0,0.3061437710657915,1.0,0.9307237662741161,True,1.5216507121349945
outer_train_fit,z|23|0.69|0.2|1|0.5,,k|10|0.2,47627656,012,TP_k01_03,k,0.1578947368421052,0.0,0.3059229147376472,1.0,0.9307866754613926,True,1.5214958899439512
outer_train_fit,z|23|0.69|0.2|1|0.5,,k|10|0.2,47628241,070,TP_k01_04,k,0.1578947368421052,0.0,0.2637618626804907,1.0,0.9420321193384711,True,1.572460735634398
outer_train_fit,z|23|0.69|0.2|1|0.5,,k|10|0.2,47628313,123,TP_k01_06,k,0.1578947368421052,0.0,0.3178466608520105,1.0,0.9273316616653833,True,1.5054160340744378
outer_train_fit,z|23|0.69|0.2|1|0.5,,k|10|0.2,47628373,168,TP_k01_05,k,0.1578947368421052,0.0,0.3061437710657915,1.0,0.9307237662741161,True,1.5216507121349945
outer_train_fit,z|23|0.69|0.2|1|0.5,,k|10|0.8,47627623,186,TP_k02_05,k,0.2105263157894736,0.0,0.4547510818883757,1.0,0.8626721093774452,True,0.6978495829885992
outer_train_fit,z|23|0.69|0.2|1|0.5,,k|10|0.8,47627629,019,TP_k02_02,k,0.2105263157894736,0.0,0.4547510818883757,1.0,0.8626721093774452,True,0.6978495829885992
outer_train_fit,z|23|0.69|0.2|1|0.5,,k|10|0.8,47627638,131,TP_k02_01,k,0.2105263157894736,0.0,0.4547510818883757,1.0,0.8626721093774452,True,0.6978495829885992
outer_train_fit,z|23|0.69|0.2|1|0.5,,k|10|0.8,47627647,197,TP_k02_03,k,0.2105263157894736,0.0,0.4547510818883757,1.0,0.8626721093774452,True,0.6978495829885992
outer_train_fit,z|23|0.69|0.2|1|0.5,,k|10|0.8,47628259,145,TP_k02_04,k,0.2105263157894736,0.0,0.4547510818883757,1.0,0.8626721093774452,True,0.6978495829885992
outer_train_fit,z|23|0.69|0.2|1|0.5,,k|10|0.8,47628265,095,TP_k02_06,k,0.2105263157894736,0.0,0.4547510818883757,1.0,0.8626721093774452,True,0.6978495829885992
outer_train_fit,z|23|0.69|0.2|1|0.5,,k|23|0.8,47629804,INT023,TP_k05_05,k,0.2105263157894736,0.0,0.417543198922718,0.5,0.4383929293950374,True,0.3678244602907666
outer_train_fit,z|23|0.69|0.2|1|0.5,,k|23|0.8,47629813,INT043,TP_k06_04,k,0.2105263157894736,0.0,0.4297727806457622,0.5,0.43612741953373346,True,0.36596871994679653
outer_train_fit,z|23|0.69|0.2|1|0.5,,k|23|0.8,47629819,INT190,TP_k04_06,k,0.2105263157894736,0.0,0.417543198922718,0.5,0.4383929293950374,True,0.3678244602907666
outer_train_fit,z|23|0.69|0.2|1|0.5,,k|23|0.8,47629822,INT165,TP_k04_05,k,0.2105263157894736,0.0,0.3707273111719992,0.5,0.44655715514047556,True,0.38960225991082514
outer_train_fit,z|23|0.69|0.2|1|0.5,,k|23|0.8,47629831,INT151,TP_k07_06,k,0.2105263157894736,0.0,0.3707273111719992,0.5,0.44655715514047556,True,0.38960225991082514
outer_train_fit,z|23|0.69|0.2|1|0.5,,k|23|0.8,47629834,INT134,TP_k07_04,k,0.2105263157894736,0.0,0.3707273111719992,0.5,0.44655715514047556,True,0.38960225991082514
outer_train_fit,z|23|0.69|0.2|1|0.5,,k|23|0.8,47629846,INT119,TP_k05_06,k,0.2105263157894736,0.0,0.5063972173396005,0.5,0.4207621450595485,True,0.325553809751484
outer_train_fit,z|23|0.69|0.2|1|0.5,,k|23|0.8,47629906,INT066,TP_k05_04,k,0.2105263157894736,0.0,0.4474842291487455,0.5,0.43275238318572146,True,0.365686031928076
outer_train_fit,z|23|0.69|0.2|1|0.5,,k|23|0.8,47629909,INT052,TP_k07_05,k,0.2105263157894736,0.0,0.4463930549766443,0.5,0.43296348275905006,True,0.3653997973668506
outer_train_fit,z|23|0.69|0.2|1|0.5,,k|23|0.8,47629915,INT090,TP_k04_04,k,0.2105263157894736,0.0,0.4469230531110522,0.5,0.4328610003383941,True,0.36476668445990995
outer_train_fit,z|23|0.69|0.2|1|0.5,,k|23|0.8,47629942,INT176,TP_k06_05,k,0.2105263157894736,0.0,0.417543198922718,0.5,0.4383929293950374,True,0.3678244602907666
outer_train_fit,z|23|0.69|0.2|1|0.5,,k|23|0.8,47629945,INT098,TP_k06_06,k,0.2105263157894736,0.0,0.417543198922718,0.5,0.4383929293950374,True,0.3678244602907666
outer_train_fit,z|23|0.69|0.2|1|0.5,,k|23|0.8,47630359,INT051,TP_k05_03,k,0.2105263157894736,0.0,0.4366452493908614,0.5,0.4348309052159191,True,0.3645937839626176
outer_train_fit,z|23|0.69|0.2|1|0.5,,k|23|0.8,47630362,INT195,TP_k05_01,k,0.2105263157894736,0.0,0.3707273111719992,0.5,0.44655715514047556,True,0.38960225991082514
outer_train_fit,z|23|0.69|0.2|1|0.5,,k|23|0.8,47630371,INT004,TP_k04_02,k,0.2105263157894736,0.0,0.4159864951966148,0.5,0.43867744197546343,True,0.3688764098479482
outer_train_fit,z|23|0.69|0.2|1|0.5,,k|23|0.8,47630383,INT085,TP_k04_01,k,0.2105263157894736,0.0,0.417543198922718,0.5,0.4383929293950374,True,0.3678244602907666
outer_train_fit,z|23|0.69|0.2|1|0.5,,k|23|0.8,47630437,INT003,TP_k07_01,k,0.2105263157894736,0.0,0.4159864951966148,0.5,0.43867744197546343,True,0.3688764098479482
outer_train_fit,z|23|0.69|0.2|1|0.5,,k|23|0.8,47630440,INT103,TP_k04_03,k,0.2105263157894736,0.0,0.507423236401391,0.5,0.4205433637539415,True,0.3246049157564371
outer_train_fit,z|23|0.69|0.2|1|0.5,,k|23|0.8,47630443,INT009,TP_k06_01,k,0.2105263157894736,0.0,0.417543198922718,0.5,0.4383929293950374,True,0.3678244602907666
outer_train_fit,z|23|0.69|0.2|1|0.5,,k|23|0.8,47630674,INT045,TP_k07_02,k,0.2105263157894736,0.0,0.417543198922718,0.5,0.4383929293950374,True,0.3678244602907666
outer_train_fit,z|23|0.69|0.2|1|0.5,,k|23|0.8,47630677,INT080,TP_k07_03,k,0.2105263157894736,0.0,0.417543198922718,0.5,0.4383929293950374,True,0.3678244602907666
outer_train_fit,z|23|0.69|0.2|1|0.5,,k|23|0.8,47630686,INT114,TP_k05_02,k,0.2105263157894736,0.0,0.507423236401391,0.5,0.4205433637539415,True,0.3246049157564371
outer_train_fit,z|23|0.69|0.2|1|0.5,,k|23|0.8,47630689,INT140,TP_k06_02,k,0.2105263157894736,0.0,0.3707273111719992,0.5,0.44655715514047556,True,0.38960225991082514
outer_train_fit,z|23|0.69|0.2|1|0.5,,k|23|0.8,47630692,INT091,TP_k06_03,k,0.2105263157894736,0.0,0.507423236401391,0.5,0.4205433637539415,True,0.3246049157564371
outer_train_fit,z|23|0.69|0.2|1|0.5,,k|45|0.9,47629411,TP_k11_04,TP_k11_04,k,0.1052631578947368,0.0,0.7601384437081647,0.5,0.3704144593790991,True,-1.3667236543521928
outer_train_fit,z|23|0.69|0.2|1|0.5,,k|45|0.9,47629687,TP_k11_06,TP_k11_06,k,0.1052631578947368,0.0,0.7842936703443569,0.5,0.3635691400462065,True,-1.2956771867381152
outer_train_fit,z|23|0.69|0.2|1|0.5,,k|45|0.9,47629774,TP_k11_05,TP_k11_05,k,0.1052631578947368,0.0,0.7707657335295923,0.5,0.36741347840421595,True,-1.3049711023671822
outer_train_fit,z|23|0.69|0.2|1|0.5,,k|45|0.9,47630755,TP_k11_02,TP_k11_02,k,0.1052631578947368,0.0,0.7598537776791061,0.5,0.37049460539235407,True,-1.3655222471310202
outer_train_fit,z|23|0.69|0.2|1|0.5,,k|45|0.9,47630773,TP_k11_01,TP_k11_01,k,0.1052631578947368,0.0,0.7698599678607464,0.5,0.36766992066693815,True,-1.3461893704693808
outer_train_fit,z|23|0.69|0.2|1|0.5,,k|45|0.9,47630776,TP_k11_03,TP_k11_03,k,0.1052631578947368,0.0,0.7707657335295923,0.5,0.36741347840421595,True,-1.3049711023671822
nested_validation,z|23|0.8|0.25|0.2|1.4,k|10|0.2,k|10|0.2,47627599,167,TP_k01_02,k,0.1578947368421052,0.631578947368421,0.3061437710657915,1.0,0.6245744638575348,True,1.0211237879040511
nested_validation,z|23|0.8|0.25|0.2|1.4,k|10|0.2,k|10|0.2,47627620,057,TP_k01_01,k,0.1578947368421052,0.631578947368421,0.3061437710657915,1.0,0.6245744638575348,True,1.0211237879040511
nested_validation,z|23|0.8|0.25|0.2|1.4,k|10|0.2,k|10|0.2,47627656,012,TP_k01_03,k,0.1578947368421052,0.631578947368421,0.3059229147376472,1.0,0.6246166798977164,True,1.0210198924299394
nested_validation,z|23|0.8|0.25|0.2|1.4,k|10|0.2,k|10|0.2,47628241,070,TP_k01_04,k,0.1578947368421052,0.631578947368421,0.2637618626804907,1.0,0.6321630833902191,True,1.0552205245897053
nested_validation,z|23|0.8|0.25|0.2|1.4,k|10|0.2,k|10|0.2,47628313,123,TP_k01_06,k,0.1578947368421052,0.631578947368421,0.3178466608520105,1.0,0.6222981473024851,True,1.0102292929819288
nested_validation,z|23|0.8|0.25|0.2|1.4,k|10|0.2,k|10|0.2,47628373,168,TP_k01_05,k,0.1578947368421052,0.631578947368421,0.3061437710657915,1.0,0.6245744638575348,True,1.0211237879040511
nested_validation,z|23|0.8|0.25|0.2|1.4,k|10|0.8,k|10|0.8,47627623,186,TP_k02_05,k,0.2105263157894736,0.37142857142857144,0.4547510818883757,1.0,0.7515032188590671,True,0.6079206713589639
nested_validation,z|23|0.8|0.25|0.2|1.4,k|10|0.8,k|10|0.8,47627629,019,TP_k02_02,k,0.2105263157894736,0.37142857142857144,0.4547510818883757,1.0,0.7515032188590671,True,0.6079206713589639
nested_validation,z|23|0.8|0.25|0.2|1.4,k|10|0.8,k|10|0.8,47627638,131,TP_k02_01,k,0.2105263157894736,0.37142857142857144,0.4547510818883757,1.0,0.7515032188590671,True,0.6079206713589639
nested_validation,z|23|0.8|0.25|0.2|1.4,k|10|0.8,k|10|0.8,47627647,197,TP_k02_03,k,0.2105263157894736,0.37142857142857144,0.4547510818883757,1.0,0.7515032188590671,True,0.6079206713589639
nested_validation,z|23|0.8|0.25|0.2|1.4,k|10|0.8,k|10|0.8,47628259,145,TP_k02_04,k,0.2105263157894736,0.37142857142857144,0.4547510818883757,1.0,0.7515032188590671,True,0.6079206713589639
nested_validation,z|23|0.8|0.25|0.2|1.4,k|10|0.8,k|10|0.8,47628265,095,TP_k02_06,k,0.2105263157894736,0.37142857142857144,0.4547510818883757,1.0,0.7515032188590671,True,0.6079206713589639
nested_validation,z|23|0.8|0.25|0.2|1.4,k|23|0.8,k|23|0.8,47629804,INT023,TP_k05_05,k,0.2105263157894736,0.37142857142857144,0.417543198922718,0.5,0.3818990946666625,True,0.3204244844348707
nested_validation,z|23|0.8|0.25|0.2|1.4,k|23|0.8,k|23|0.8,47629813,INT043,TP_k06_04,k,0.2105263157894736,0.37142857142857144,0.4297727806457622,0.5,0.3799255314383862,True,0.31880788546673366
nested_validation,z|23|0.8|0.25|0.2|1.4,k|23|0.8,k|23|0.8,47629819,INT190,TP_k04_06,k,0.2105263157894736,0.37142857142857144,0.417543198922718,0.5,0.3818990946666625,True,0.3204244844348707
nested_validation,z|23|0.8|0.25|0.2|1.4,k|23|0.8,k|23|0.8,47629822,INT165,TP_k04_05,k,0.2105263157894736,0.37142857142857144,0.3707273111719992,0.5,0.38901123131799875,True,0.33939587151953315
nested_validation,z|23|0.8|0.25|0.2|1.4,k|23|0.8,k|23|0.8,47629831,INT151,TP_k07_06,k,0.2105263157894736,0.37142857142857144,0.3707273111719992,0.5,0.38901123131799875,True,0.33939587151953315
nested_validation,z|23|0.8|0.25|0.2|1.4,k|23|0.8,k|23|0.8,47629834,INT134,TP_k07_04,k,0.2105263157894736,0.37142857142857144,0.3707273111719992,0.5,0.38901123131799875,True,0.33939587151953315
nested_validation,z|23|0.8|0.25|0.2|1.4,k|23|0.8,k|23|0.8,47629846,INT119,TP_k05_06,k,0.2105263157894736,0.37142857142857144,0.5063972173396005,0.5,0.3665403146213778,True,0.2836010730851491
nested_validation,z|23|0.8|0.25|0.2|1.4,k|23|0.8,k|23|0.8,47629906,INT066,TP_k05_04,k,0.2105263157894736,0.37142857142857144,0.4474842291487455,0.5,0.3769854216890079,True,0.31856162625226264
nested_validation,z|23|0.8|0.25|0.2|1.4,k|23|0.8,k|23|0.8,47629909,INT052,TP_k07_05,k,0.2105263157894736,0.37142857142857144,0.4463930549766443,0.5,0.3771693177569713,True,0.31831227752315533
nested_validation,z|23|0.8|0.25|0.2|1.4,k|23|0.8,k|23|0.8,47629915,INT090,TP_k04_04,k,0.2105263157894736,0.37142857142857144,0.4469230531110522,0.5,0.37708004181056914,True,0.3177607511873723
nested_validation,z|23|0.8|0.25|0.2|1.4,k|23|0.8,k|23|0.8,47629942,INT176,TP_k06_05,k,0.2105263157894736,0.37142857142857144,0.417543198922718,0.5,0.3818990946666625,True,0.3204244844348707
nested_validation,z|23|0.8|0.25|0.2|1.4,k|23|0.8,k|23|0.8,47629945,INT098,TP_k06_06,k,0.2105263157894736,0.37142857142857144,0.417543198922718,0.5,0.3818990946666625,True,0.3204244844348707
nested_validation,z|23|0.8|0.25|0.2|1.4,k|23|0.8,k|23|0.8,47630359,INT051,TP_k05_03,k,0.2105263157894736,0.37142857142857144,0.4366452493908614,0.5,0.378796093413738,True,0.3176101316427677
nested_validation,z|23|0.8|0.25|0.2|1.4,k|23|0.8,k|23|0.8,47630362,INT195,TP_k05_01,k,0.2105263157894736,0.37142857142857144,0.3707273111719992,0.5,0.38901123131799875,True,0.33939587151953315
nested_validation,z|23|0.8|0.25|0.2|1.4,k|23|0.8,k|23|0.8,47630371,INT004,TP_k04_02,k,0.2105263157894736,0.37142857142857144,0.4159864951966148,0.5,0.3821469433193219,True,0.3213408737207951
nested_validation,z|23|0.8|0.25|0.2|1.4,k|23|0.8,k|23|0.8,47630383,INT085,TP_k04_01,k,0.2105263157894736,0.37142857142857144,0.417543198922718,0.5,0.3818990946666625,True,0.3204244844348707
nested_validation,z|23|0.8|0.25|0.2|1.4,k|23|0.8,k|23|0.8,47630437,INT003,TP_k07_01,k,0.2105263157894736,0.37142857142857144,0.4159864951966148,0.5,0.3821469433193219,True,0.3213408737207951
nested_validation,z|23|0.8|0.25|0.2|1.4,k|23|0.8,k|23|0.8,47630440,INT103,TP_k04_03,k,0.2105263157894736,0.37142857142857144,0.507423236401391,0.5,0.3663497267333465,True,0.28277445902879766
nested_validation,z|23|0.8|0.25|0.2|1.4,k|23|0.8,k|23|0.8,47630443,INT009,TP_k06_01,k,0.2105263157894736,0.37142857142857144,0.417543198922718,0.5,0.3818990946666625,True,0.3204244844348707
nested_validation,z|23|0.8|0.25|0.2|1.4,k|23|0.8,k|23|0.8,47630674,INT045,TP_k07_02,k,0.2105263157894736,0.37142857142857144,0.417543198922718,0.5,0.3818990946666625,True,0.3204244844348707
nested_validation,z|23|0.8|0.25|0.2|1.4,k|23|0.8,k|23|0.8,47630677,INT080,TP_k07_03,k,0.2105263157894736,0.37142857142857144,0.417543198922718,0.5,0.3818990946666625,True,0.3204244844348707
nested_validation,z|23|0.8|0.25|0.2|1.4,k|23|0.8,k|23|0.8,47630686,INT114,TP_k05_02,k,0.2105263157894736,0.37142857142857144,0.507423236401391,0.5,0.3663497267333465,True,0.28277445902879766
nested_validation,z|23|0.8|0.25|0.2|1.4,k|23|0.8,k|23|0.8,47630689,INT140,TP_k06_02,k,0.2105263157894736,0.37142857142857144,0.3707273111719992,0.5,0.38901123131799875,True,0.33939587151953315
nested_validation,z|23|0.8|0.25|0.2|1.4,k|23|0.8,k|23|0.8,47630692,INT091,TP_k06_03,k,0.2105263157894736,0.37142857142857144,0.507423236401391,0.5,0.3663497267333465,True,0.28277445902879766
nested_validation,z|23|0.8|0.25|0.2|1.4,k|45|0.9,k|45|0.9,47629411,TP_k11_04,TP_k11_04,k,0.1052631578947368,0.6373243861851662,0.7601384437081647,0.5,0.2467659128458542,True,-0.9104958017556016
nested_validation,z|23|0.8|0.25|0.2|1.4,k|45|0.9,k|45|0.9,47629687,TP_k11_06,TP_k11_06,k,0.1052631578947368,0.6373243861851662,0.7842936703443569,0.5,0.24220563872282427,True,-0.8631654506007121
nested_validation,z|23|0.8|0.25|0.2|1.4,k|45|0.9,k|45|0.9,47629774,TP_k11_05,TP_k11_05,k,0.1052631578947368,0.6373243861851662,0.7707657335295923,0.5,0.24476669334739995,True,-0.869356951812526
nested_validation,z|23|0.8|0.25|0.2|1.4,k|45|0.9,k|45|0.9,47630755,TP_k11_02,TP_k11_02,k,0.1052631578947368,0.6373243861851662,0.7598537776791061,0.5,0.24681930521113865,True,-0.9096954378871683
nested_validation,z|23|0.8|0.25|0.2|1.4,k|45|0.9,k|45|0.9,47630773,TP_k11_01,TP_k11_01,k,0.1052631578947368,0.6373243861851662,0.7698599678607464,0.5,0.24493753227512152,True,-0.8968160946635194
nested_validation,z|23|0.8|0.25|0.2|1.4,k|45|0.9,k|45|0.9,47630776,TP_k11_03,TP_k11_03,k,0.1052631578947368,0.6373243861851662,0.7707657335295923,0.5,0.24476669334739995,True,-0.869356951812526
outer_train_fit,z|23|0.8|0.25|0.2|1.4,,k|10|0.2,47627599,167,TP_k01_02,k,0.1578947368421052,0.0,0.3061437710657915,1.0,0.9307237662741161,True,1.5216507121349945
outer_train_fit,z|23|0.8|0.25|0.2|1.4,,k|10|0.2,47627620,057,TP_k01_01,k,0.1578947368421052,0.0,0.3061437710657915,1.0,0.9307237662741161,True,1.5216507121349945
outer_train_fit,z|23|0.8|0.25|0.2|1.4,,k|10|0.2,47627656,012,TP_k01_03,k,0.1578947368421052,0.0,0.3059229147376472,1.0,0.9307866754613926,True,1.5214958899439512
outer_train_fit,z|23|0.8|0.25|0.2|1.4,,k|10|0.2,47628241,070,TP_k01_04,k,0.1578947368421052,0.0,0.2637618626804907,1.0,0.9420321193384711,True,1.572460735634398
outer_train_fit,z|23|0.8|0.25|0.2|1.4,,k|10|0.2,47628313,123,TP_k01_06,k,0.1578947368421052,0.0,0.3178466608520105,1.0,0.9273316616653833,True,1.5054160340744378
outer_train_fit,z|23|0.8|0.25|0.2|1.4,,k|10|0.2,47628373,168,TP_k01_05,k,0.1578947368421052,0.0,0.3061437710657915,1.0,0.9307237662741161,True,1.5216507121349945
outer_train_fit,z|23|0.8|0.25|0.2|1.4,,k|10|0.8,47627623,186,TP_k02_05,k,0.2105263157894736,0.0,0.4547510818883757,1.0,0.8626721093774452,True,0.6978495829885992
outer_train_fit,z|23|0.8|0.25|0.2|1.4,,k|10|0.8,47627629,019,TP_k02_02,k,0.2105263157894736,0.0,0.4547510818883757,1.0,0.8626721093774452,True,0.6978495829885992
outer_train_fit,z|23|0.8|0.25|0.2|1.4,,k|10|0.8,47627638,131,TP_k02_01,k,0.2105263157894736,0.0,0.4547510818883757,1.0,0.8626721093774452,True,0.6978495829885992
outer_train_fit,z|23|0.8|0.25|0.2|1.4,,k|10|0.8,47627647,197,TP_k02_03,k,0.2105263157894736,0.0,0.4547510818883757,1.0,0.8626721093774452,True,0.6978495829885992
outer_train_fit,z|23|0.8|0.25|0.2|1.4,,k|10|0.8,47628259,145,TP_k02_04,k,0.2105263157894736,0.0,0.4547510818883757,1.0,0.8626721093774452,True,0.6978495829885992
outer_train_fit,z|23|0.8|0.25|0.2|1.4,,k|10|0.8,47628265,095,TP_k02_06,k,0.2105263157894736,0.0,0.4547510818883757,1.0,0.8626721093774452,True,0.6978495829885992
outer_train_fit,z|23|0.8|0.25|0.2|1.4,,k|23|0.8,47629804,INT023,TP_k05_05,k,0.2105263157894736,0.0,0.417543198922718,0.5,0.4383929293950374,True,0.3678244602907666
outer_train_fit,z|23|0.8|0.25|0.2|1.4,,k|23|0.8,47629813,INT043,TP_k06_04,k,0.2105263157894736,0.0,0.4297727806457622,0.5,0.43612741953373346,True,0.36596871994679653
outer_train_fit,z|23|0.8|0.25|0.2|1.4,,k|23|0.8,47629819,INT190,TP_k04_06,k,0.2105263157894736,0.0,0.417543198922718,0.5,0.4383929293950374,True,0.3678244602907666
outer_train_fit,z|23|0.8|0.25|0.2|1.4,,k|23|0.8,47629822,INT165,TP_k04_05,k,0.2105263157894736,0.0,0.3707273111719992,0.5,0.44655715514047556,True,0.38960225991082514
outer_train_fit,z|23|0.8|0.25|0.2|1.4,,k|23|0.8,47629831,INT151,TP_k07_06,k,0.2105263157894736,0.0,0.3707273111719992,0.5,0.44655715514047556,True,0.38960225991082514
outer_train_fit,z|23|0.8|0.25|0.2|1.4,,k|23|0.8,47629834,INT134,TP_k07_04,k,0.2105263157894736,0.0,0.3707273111719992,0.5,0.44655715514047556,True,0.38960225991082514
outer_train_fit,z|23|0.8|0.25|0.2|1.4,,k|23|0.8,47629846,INT119,TP_k05_06,k,0.2105263157894736,0.0,0.5063972173396005,0.5,0.4207621450595485,True,0.325553809751484
outer_train_fit,z|23|0.8|0.25|0.2|1.4,,k|23|0.8,47629906,INT066,TP_k05_04,k,0.2105263157894736,0.0,0.4474842291487455,0.5,0.43275238318572146,True,0.365686031928076
outer_train_fit,z|23|0.8|0.25|0.2|1.4,,k|23|0.8,47629909,INT052,TP_k07_05,k,0.2105263157894736,0.0,0.4463930549766443,0.5,0.43296348275905006,True,0.3653997973668506
outer_train_fit,z|23|0.8|0.25|0.2|1.4,,k|23|0.8,47629915,INT090,TP_k04_04,k,0.2105263157894736,0.0,0.4469230531110522,0.5,0.4328610003383941,True,0.36476668445990995
outer_train_fit,z|23|0.8|0.25|0.2|1.4,,k|23|0.8,47629942,INT176,TP_k06_05,k,0.2105263157894736,0.0,0.417543198922718,0.5,0.4383929293950374,True,0.3678244602907666
outer_train_fit,z|23|0.8|0.25|0.2|1.4,,k|23|0.8,47629945,INT098,TP_k06_06,k,0.2105263157894736,0.0,0.417543198922718,0.5,0.4383929293950374,True,0.3678244602907666
outer_train_fit,z|23|0.8|0.25|0.2|1.4,,k|23|0.8,47630359,INT051,TP_k05_03,k,0.2105263157894736,0.0,0.4366452493908614,0.5,0.4348309052159191,True,0.3645937839626176
outer_train_fit,z|23|0.8|0.25|0.2|1.4,,k|23|0.8,47630362,INT195,TP_k05_01,k,0.2105263157894736,0.0,0.3707273111719992,0.5,0.44655715514047556,True,0.38960225991082514
outer_train_fit,z|23|0.8|0.25|0.2|1.4,,k|23|0.8,47630371,INT004,TP_k04_02,k,0.2105263157894736,0.0,0.4159864951966148,0.5,0.43867744197546343,True,0.3688764098479482
outer_train_fit,z|23|0.8|0.25|0.2|1.4,,k|23|0.8,47630383,INT085,TP_k04_01,k,0.2105263157894736,0.0,0.417543198922718,0.5,0.4383929293950374,True,0.3678244602907666
outer_train_fit,z|23|0.8|0.25|0.2|1.4,,k|23|0.8,47630437,INT003,TP_k07_01,k,0.2105263157894736,0.0,0.4159864951966148,0.5,0.43867744197546343,True,0.3688764098479482
outer_train_fit,z|23|0.8|0.25|0.2|1.4,,k|23|0.8,47630440,INT103,TP_k04_03,k,0.2105263157894736,0.0,0.507423236401391,0.5,0.4205433637539415,True,0.3246049157564371
outer_train_fit,z|23|0.8|0.25|0.2|1.4,,k|23|0.8,47630443,INT009,TP_k06_01,k,0.2105263157894736,0.0,0.417543198922718,0.5,0.4383929293950374,True,0.3678244602907666
outer_train_fit,z|23|0.8|0.25|0.2|1.4,,k|23|0.8,47630674,INT045,TP_k07_02,k,0.2105263157894736,0.0,0.417543198922718,0.5,0.4383929293950374,True,0.3678244602907666
outer_train_fit,z|23|0.8|0.25|0.2|1.4,,k|23|0.8,47630677,INT080,TP_k07_03,k,0.2105263157894736,0.0,0.417543198922718,0.5,0.4383929293950374,True,0.3678244602907666
outer_train_fit,z|23|0.8|0.25|0.2|1.4,,k|23|0.8,47630686,INT114,TP_k05_02,k,0.2105263157894736,0.0,0.507423236401391,0.5,0.4205433637539415,True,0.3246049157564371
outer_train_fit,z|23|0.8|0.25|0.2|1.4,,k|23|0.8,47630689,INT140,TP_k06_02,k,0.2105263157894736,0.0,0.3707273111719992,0.5,0.44655715514047556,True,0.38960225991082514
outer_train_fit,z|23|0.8|0.25|0.2|1.4,,k|23|0.8,47630692,INT091,TP_k06_03,k,0.2105263157894736,0.0,0.507423236401391,0.5,0.4205433637539415,True,0.3246049157564371
outer_train_fit,z|23|0.8|0.25|0.2|1.4,,k|45|0.9,47629411,TP_k11_04,TP_k11_04,k,0.1052631578947368,0.0,0.7601384437081647,0.5,0.3704144593790991,True,-1.3667236543521928
outer_train_fit,z|23|0.8|0.25|0.2|1.4,,k|45|0.9,47629687,TP_k11_06,TP_k11_06,k,0.1052631578947368,0.0,0.7842936703443569,0.5,0.3635691400462065,True,-1.2956771867381152
outer_train_fit,z|23|0.8|0.25|0.2|1.4,,k|45|0.9,47629774,TP_k11_05,TP_k11_05,k,0.1052631578947368,0.0,0.7707657335295923,0.5,0.36741347840421595,True,-1.3049711023671822
outer_train_fit,z|23|0.8|0.25|0.2|1.4,,k|45|0.9,47630755,TP_k11_02,TP_k11_02,k,0.1052631578947368,0.0,0.7598537776791061,0.5,0.37049460539235407,True,-1.3655222471310202
outer_train_fit,z|23|0.8|0.25|0.2|1.4,,k|45|0.9,47630773,TP_k11_01,TP_k11_01,k,0.1052631578947368,0.0,0.7698599678607464,0.5,0.36766992066693815,True,-1.3461893704693808
outer_train_fit,z|23|0.8|0.25|0.2|1.4,,k|45|0.9,47630776,TP_k11_03,TP_k11_03,k,0.1052631578947368,0.0,0.7707657335295923,0.5,0.36741347840421595,True,-1.3049711023671822
nested_validation,z|35|0.63|0.4|0.5|0.2,k|10|0.2,k|10|0.2,47627599,167,TP_k01_02,k,0.1578947368421052,0.631578947368421,0.3061437710657915,1.0,0.6245744638575348,True,1.0211237879040511
nested_validation,z|35|0.63|0.4|0.5|0.2,k|10|0.2,k|10|0.2,47627620,057,TP_k01_01,k,0.1578947368421052,0.631578947368421,0.3061437710657915,1.0,0.6245744638575348,True,1.0211237879040511
nested_validation,z|35|0.63|0.4|0.5|0.2,k|10|0.2,k|10|0.2,47627656,012,TP_k01_03,k,0.1578947368421052,0.631578947368421,0.3059229147376472,1.0,0.6246166798977164,True,1.0210198924299394
nested_validation,z|35|0.63|0.4|0.5|0.2,k|10|0.2,k|10|0.2,47628241,070,TP_k01_04,k,0.1578947368421052,0.631578947368421,0.2637618626804907,1.0,0.6321630833902191,True,1.0552205245897053
nested_validation,z|35|0.63|0.4|0.5|0.2,k|10|0.2,k|10|0.2,47628313,123,TP_k01_06,k,0.1578947368421052,0.631578947368421,0.3178466608520105,1.0,0.6222981473024851,True,1.0102292929819288
nested_validation,z|35|0.63|0.4|0.5|0.2,k|10|0.2,k|10|0.2,47628373,168,TP_k01_05,k,0.1578947368421052,0.631578947368421,0.3061437710657915,1.0,0.6245744638575348,True,1.0211237879040511
nested_validation,z|35|0.63|0.4|0.5|0.2,k|10|0.8,k|10|0.8,47627623,186,TP_k02_05,k,0.2105263157894736,0.37142857142857144,0.4547510818883757,1.0,0.7515032188590671,True,0.6079206713589639
nested_validation,z|35|0.63|0.4|0.5|0.2,k|10|0.8,k|10|0.8,47627629,019,TP_k02_02,k,0.2105263157894736,0.37142857142857144,0.4547510818883757,1.0,0.7515032188590671,True,0.6079206713589639
nested_validation,z|35|0.63|0.4|0.5|0.2,k|10|0.8,k|10|0.8,47627638,131,TP_k02_01,k,0.2105263157894736,0.37142857142857144,0.4547510818883757,1.0,0.7515032188590671,True,0.6079206713589639
nested_validation,z|35|0.63|0.4|0.5|0.2,k|10|0.8,k|10|0.8,47627647,197,TP_k02_03,k,0.2105263157894736,0.37142857142857144,0.4547510818883757,1.0,0.7515032188590671,True,0.6079206713589639
nested_validation,z|35|0.63|0.4|0.5|0.2,k|10|0.8,k|10|0.8,47628259,145,TP_k02_04,k,0.2105263157894736,0.37142857142857144,0.4547510818883757,1.0,0.7515032188590671,True,0.6079206713589639
nested_validation,z|35|0.63|0.4|0.5|0.2,k|10|0.8,k|10|0.8,47628265,095,TP_k02_06,k,0.2105263157894736,0.37142857142857144,0.4547510818883757,1.0,0.7515032188590671,True,0.6079206713589639
nested_validation,z|35|0.63|0.4|0.5|0.2,k|23|0.8,k|23|0.8,47629804,INT023,TP_k05_05,k,0.2105263157894736,0.37142857142857144,0.417543198922718,0.5,0.3818990946666625,True,0.3204244844348707
nested_validation,z|35|0.63|0.4|0.5|0.2,k|23|0.8,k|23|0.8,47629813,INT043,TP_k06_04,k,0.2105263157894736,0.37142857142857144,0.4297727806457622,0.5,0.3799255314383862,True,0.31880788546673366
nested_validation,z|35|0.63|0.4|0.5|0.2,k|23|0.8,k|23|0.8,47629819,INT190,TP_k04_06,k,0.2105263157894736,0.37142857142857144,0.417543198922718,0.5,0.3818990946666625,True,0.3204244844348707
nested_validation,z|35|0.63|0.4|0.5|0.2,k|23|0.8,k|23|0.8,47629822,INT165,TP_k04_05,k,0.2105263157894736,0.37142857142857144,0.3707273111719992,0.5,0.38901123131799875,True,0.33939587151953315
nested_validation,z|35|0.63|0.4|0.5|0.2,k|23|0.8,k|23|0.8,47629831,INT151,TP_k07_06,k,0.2105263157894736,0.37142857142857144,0.3707273111719992,0.5,0.38901123131799875,True,0.33939587151953315
nested_validation,z|35|0.63|0.4|0.5|0.2,k|23|0.8,k|23|0.8,47629834,INT134,TP_k07_04,k,0.2105263157894736,0.37142857142857144,0.3707273111719992,0.5,0.38901123131799875,True,0.33939587151953315
nested_validation,z|35|0.63|0.4|0.5|0.2,k|23|0.8,k|23|0.8,47629846,INT119,TP_k05_06,k,0.2105263157894736,0.37142857142857144,0.5063972173396005,0.5,0.3665403146213778,True,0.2836010730851491
nested_validation,z|35|0.63|0.4|0.5|0.2,k|23|0.8,k|23|0.8,47629906,INT066,TP_k05_04,k,0.2105263157894736,0.37142857142857144,0.4474842291487455,0.5,0.3769854216890079,True,0.31856162625226264
nested_validation,z|35|0.63|0.4|0.5|0.2,k|23|0.8,k|23|0.8,47629909,INT052,TP_k07_05,k,0.2105263157894736,0.37142857142857144,0.4463930549766443,0.5,0.3771693177569713,True,0.31831227752315533
nested_validation,z|35|0.63|0.4|0.5|0.2,k|23|0.8,k|23|0.8,47629915,INT090,TP_k04_04,k,0.2105263157894736,0.37142857142857144,0.4469230531110522,0.5,0.37708004181056914,True,0.3177607511873723
nested_validation,z|35|0.63|0.4|0.5|0.2,k|23|0.8,k|23|0.8,47629942,INT176,TP_k06_05,k,0.2105263157894736,0.37142857142857144,0.417543198922718,0.5,0.3818990946666625,True,0.3204244844348707
nested_validation,z|35|0.63|0.4|0.5|0.2,k|23|0.8,k|23|0.8,47629945,INT098,TP_k06_06,k,0.2105263157894736,0.37142857142857144,0.417543198922718,0.5,0.3818990946666625,True,0.3204244844348707
nested_validation,z|35|0.63|0.4|0.5|0.2,k|23|0.8,k|23|0.8,47630359,INT051,TP_k05_03,k,0.2105263157894736,0.37142857142857144,0.4366452493908614,0.5,0.378796093413738,True,0.3176101316427677
nested_validation,z|35|0.63|0.4|0.5|0.2,k|23|0.8,k|23|0.8,47630362,INT195,TP_k05_01,k,0.2105263157894736,0.37142857142857144,0.3707273111719992,0.5,0.38901123131799875,True,0.33939587151953315
nested_validation,z|35|0.63|0.4|0.5|0.2,k|23|0.8,k|23|0.8,47630371,INT004,TP_k04_02,k,0.2105263157894736,0.37142857142857144,0.4159864951966148,0.5,0.3821469433193219,True,0.3213408737207951
nested_validation,z|35|0.63|0.4|0.5|0.2,k|23|0.8,k|23|0.8,47630383,INT085,TP_k04_01,k,0.2105263157894736,0.37142857142857144,0.417543198922718,0.5,0.3818990946666625,True,0.3204244844348707
nested_validation,z|35|0.63|0.4|0.5|0.2,k|23|0.8,k|23|0.8,47630437,INT003,TP_k07_01,k,0.2105263157894736,0.37142857142857144,0.4159864951966148,0.5,0.3821469433193219,True,0.3213408737207951
nested_validation,z|35|0.63|0.4|0.5|0.2,k|23|0.8,k|23|0.8,47630440,INT103,TP_k04_03,k,0.2105263157894736,0.37142857142857144,0.507423236401391,0.5,0.3663497267333465,True,0.28277445902879766
nested_validation,z|35|0.63|0.4|0.5|0.2,k|23|0.8,k|23|0.8,47630443,INT009,TP_k06_01,k,0.2105263157894736,0.37142857142857144,0.417543198922718,0.5,0.3818990946666625,True,0.3204244844348707
nested_validation,z|35|0.63|0.4|0.5|0.2,k|23|0.8,k|23|0.8,47630674,INT045,TP_k07_02,k,0.2105263157894736,0.37142857142857144,0.417543198922718,0.5,0.3818990946666625,True,0.3204244844348707
nested_validation,z|35|0.63|0.4|0.5|0.2,k|23|0.8,k|23|0.8,47630677,INT080,TP_k07_03,k,0.2105263157894736,0.37142857142857144,0.417543198922718,0.5,0.3818990946666625,True,0.3204244844348707
nested_validation,z|35|0.63|0.4|0.5|0.2,k|23|0.8,k|23|0.8,47630686,INT114,TP_k05_02,k,0.2105263157894736,0.37142857142857144,0.507423236401391,0.5,0.3663497267333465,True,0.28277445902879766
nested_validation,z|35|0.63|0.4|0.5|0.2,k|23|0.8,k|23|0.8,47630689,INT140,TP_k06_02,k,0.2105263157894736,0.37142857142857144,0.3707273111719992,0.5,0.38901123131799875,True,0.33939587151953315
nested_validation,z|35|0.63|0.4|0.5|0.2,k|23|0.8,k|23|0.8,47630692,INT091,TP_k06_03,k,0.2105263157894736,0.37142857142857144,0.507423236401391,0.5,0.3663497267333465,True,0.28277445902879766
nested_validation,z|35|0.63|0.4|0.5|0.2,k|45|0.9,k|45|0.9,47629411,TP_k11_04,TP_k11_04,k,0.1052631578947368,0.6373243861851662,0.7601384437081647,0.5,0.2467659128458542,True,-0.9104958017556016
nested_validation,z|35|0.63|0.4|0.5|0.2,k|45|0.9,k|45|0.9,47629687,TP_k11_06,TP_k11_06,k,0.1052631578947368,0.6373243861851662,0.7842936703443569,0.5,0.24220563872282427,True,-0.8631654506007121
nested_validation,z|35|0.63|0.4|0.5|0.2,k|45|0.9,k|45|0.9,47629774,TP_k11_05,TP_k11_05,k,0.1052631578947368,0.6373243861851662,0.7707657335295923,0.5,0.24476669334739995,True,-0.869356951812526
nested_validation,z|35|0.63|0.4|0.5|0.2,k|45|0.9,k|45|0.9,47630755,TP_k11_02,TP_k11_02,k,0.1052631578947368,0.6373243861851662,0.7598537776791061,0.5,0.24681930521113865,True,-0.9096954378871683
nested_validation,z|35|0.63|0.4|0.5|0.2,k|45|0.9,k|45|0.9,47630773,TP_k11_01,TP_k11_01,k,0.1052631578947368,0.6373243861851662,0.7698599678607464,0.5,0.24493753227512152,True,-0.8968160946635194
nested_validation,z|35|0.63|0.4|0.5|0.2,k|45|0.9,k|45|0.9,47630776,TP_k11_03,TP_k11_03,k,0.1052631578947368,0.6373243861851662,0.7707657335295923,0.5,0.24476669334739995,True,-0.869356951812526
outer_train_fit,z|35|0.63|0.4|0.5|0.2,,k|10|0.2,47627599,167,TP_k01_02,k,0.1578947368421052,0.0,0.3061437710657915,1.0,0.9307237662741161,True,1.5216507121349945
outer_train_fit,z|35|0.63|0.4|0.5|0.2,,k|10|0.2,47627620,057,TP_k01_01,k,0.1578947368421052,0.0,0.3061437710657915,1.0,0.9307237662741161,True,1.5216507121349945
outer_train_fit,z|35|0.63|0.4|0.5|0.2,,k|10|0.2,47627656,012,TP_k01_03,k,0.1578947368421052,0.0,0.3059229147376472,1.0,0.9307866754613926,True,1.5214958899439512
outer_train_fit,z|35|0.63|0.4|0.5|0.2,,k|10|0.2,47628241,070,TP_k01_04,k,0.1578947368421052,0.0,0.2637618626804907,1.0,0.9420321193384711,True,1.572460735634398
outer_train_fit,z|35|0.63|0.4|0.5|0.2,,k|10|0.2,47628313,123,TP_k01_06,k,0.1578947368421052,0.0,0.3178466608520105,1.0,0.9273316616653833,True,1.5054160340744378
outer_train_fit,z|35|0.63|0.4|0.5|0.2,,k|10|0.2,47628373,168,TP_k01_05,k,0.1578947368421052,0.0,0.3061437710657915,1.0,0.9307237662741161,True,1.5216507121349945
outer_train_fit,z|35|0.63|0.4|0.5|0.2,,k|10|0.8,47627623,186,TP_k02_05,k,0.2105263157894736,0.0,0.4547510818883757,1.0,0.8626721093774452,True,0.6978495829885992
outer_train_fit,z|35|0.63|0.4|0.5|0.2,,k|10|0.8,47627629,019,TP_k02_02,k,0.2105263157894736,0.0,0.4547510818883757,1.0,0.8626721093774452,True,0.6978495829885992
outer_train_fit,z|35|0.63|0.4|0.5|0.2,,k|10|0.8,47627638,131,TP_k02_01,k,0.2105263157894736,0.0,0.4547510818883757,1.0,0.8626721093774452,True,0.6978495829885992
outer_train_fit,z|35|0.63|0.4|0.5|0.2,,k|10|0.8,47627647,197,TP_k02_03,k,0.2105263157894736,0.0,0.4547510818883757,1.0,0.8626721093774452,True,0.6978495829885992
outer_train_fit,z|35|0.63|0.4|0.5|0.2,,k|10|0.8,47628259,145,TP_k02_04,k,0.2105263157894736,0.0,0.4547510818883757,1.0,0.8626721093774452,True,0.6978495829885992
outer_train_fit,z|35|0.63|0.4|0.5|0.2,,k|10|0.8,47628265,095,TP_k02_06,k,0.2105263157894736,0.0,0.4547510818883757,1.0,0.8626721093774452,True,0.6978495829885992
outer_train_fit,z|35|0.63|0.4|0.5|0.2,,k|23|0.8,47629804,INT023,TP_k05_05,k,0.2105263157894736,0.0,0.417543198922718,0.5,0.4383929293950374,True,0.3678244602907666
outer_train_fit,z|35|0.63|0.4|0.5|0.2,,k|23|0.8,47629813,INT043,TP_k06_04,k,0.2105263157894736,0.0,0.4297727806457622,0.5,0.43612741953373346,True,0.36596871994679653
outer_train_fit,z|35|0.63|0.4|0.5|0.2,,k|23|0.8,47629819,INT190,TP_k04_06,k,0.2105263157894736,0.0,0.417543198922718,0.5,0.4383929293950374,True,0.3678244602907666
outer_train_fit,z|35|0.63|0.4|0.5|0.2,,k|23|0.8,47629822,INT165,TP_k04_05,k,0.2105263157894736,0.0,0.3707273111719992,0.5,0.44655715514047556,True,0.38960225991082514
outer_train_fit,z|35|0.63|0.4|0.5|0.2,,k|23|0.8,47629831,INT151,TP_k07_06,k,0.2105263157894736,0.0,0.3707273111719992,0.5,0.44655715514047556,True,0.38960225991082514
outer_train_fit,z|35|0.63|0.4|0.5|0.2,,k|23|0.8,47629834,INT134,TP_k07_04,k,0.2105263157894736,0.0,0.3707273111719992,0.5,0.44655715514047556,True,0.38960225991082514
outer_train_fit,z|35|0.63|0.4|0.5|0.2,,k|23|0.8,47629846,INT119,TP_k05_06,k,0.2105263157894736,0.0,0.5063972173396005,0.5,0.4207621450595485,True,0.325553809751484
outer_train_fit,z|35|0.63|0.4|0.5|0.2,,k|23|0.8,47629906,INT066,TP_k05_04,k,0.2105263157894736,0.0,0.4474842291487455,0.5,0.43275238318572146,True,0.365686031928076
outer_train_fit,z|35|0.63|0.4|0.5|0.2,,k|23|0.8,47629909,INT052,TP_k07_05,k,0.2105263157894736,0.0,0.4463930549766443,0.5,0.43296348275905006,True,0.3653997973668506
outer_train_fit,z|35|0.63|0.4|0.5|0.2,,k|23|0.8,47629915,INT090,TP_k04_04,k,0.2105263157894736,0.0,0.4469230531110522,0.5,0.4328610003383941,True,0.36476668445990995
outer_train_fit,z|35|0.63|0.4|0.5|0.2,,k|23|0.8,47629942,INT176,TP_k06_05,k,0.2105263157894736,0.0,0.417543198922718,0.5,0.4383929293950374,True,0.3678244602907666
outer_train_fit,z|35|0.63|0.4|0.5|0.2,,k|23|0.8,47629945,INT098,TP_k06_06,k,0.2105263157894736,0.0,0.417543198922718,0.5,0.4383929293950374,True,0.3678244602907666
outer_train_fit,z|35|0.63|0.4|0.5|0.2,,k|23|0.8,47630359,INT051,TP_k05_03,k,0.2105263157894736,0.0,0.4366452493908614,0.5,0.4348309052159191,True,0.3645937839626176
outer_train_fit,z|35|0.63|0.4|0.5|0.2,,k|23|0.8,47630362,INT195,TP_k05_01,k,0.2105263157894736,0.0,0.3707273111719992,0.5,0.44655715514047556,True,0.38960225991082514
outer_train_fit,z|35|0.63|0.4|0.5|0.2,,k|23|0.8,47630371,INT004,TP_k04_02,k,0.2105263157894736,0.0,0.4159864951966148,0.5,0.43867744197546343,True,0.3688764098479482
outer_train_fit,z|35|0.63|0.4|0.5|0.2,,k|23|0.8,47630383,INT085,TP_k04_01,k,0.2105263157894736,0.0,0.417543198922718,0.5,0.4383929293950374,True,0.3678244602907666
outer_train_fit,z|35|0.63|0.4|0.5|0.2,,k|23|0.8,47630437,INT003,TP_k07_01,k,0.2105263157894736,0.0,0.4159864951966148,0.5,0.43867744197546343,True,0.3688764098479482
outer_train_fit,z|35|0.63|0.4|0.5|0.2,,k|23|0.8,47630440,INT103,TP_k04_03,k,0.2105263157894736,0.0,0.507423236401391,0.5,0.4205433637539415,True,0.3246049157564371
outer_train_fit,z|35|0.63|0.4|0.5|0.2,,k|23|0.8,47630443,INT009,TP_k06_01,k,0.2105263157894736,0.0,0.417543198922718,0.5,0.4383929293950374,True,0.3678244602907666
outer_train_fit,z|35|0.63|0.4|0.5|0.2,,k|23|0.8,47630674,INT045,TP_k07_02,k,0.2105263157894736,0.0,0.417543198922718,0.5,0.4383929293950374,True,0.3678244602907666
outer_train_fit,z|35|0.63|0.4|0.5|0.2,,k|23|0.8,47630677,INT080,TP_k07_03,k,0.2105263157894736,0.0,0.417543198922718,0.5,0.4383929293950374,True,0.3678244602907666
outer_train_fit,z|35|0.63|0.4|0.5|0.2,,k|23|0.8,47630686,INT114,TP_k05_02,k,0.2105263157894736,0.0,0.507423236401391,0.5,0.4205433637539415,True,0.3246049157564371
outer_train_fit,z|35|0.63|0.4|0.5|0.2,,k|23|0.8,47630689,INT140,TP_k06_02,k,0.2105263157894736,0.0,0.3707273111719992,0.5,0.44655715514047556,True,0.38960225991082514
outer_train_fit,z|35|0.63|0.4|0.5|0.2,,k|23|0.8,47630692,INT091,TP_k06_03,k,0.2105263157894736,0.0,0.507423236401391,0.5,0.4205433637539415,True,0.3246049157564371
outer_train_fit,z|35|0.63|0.4|0.5|0.2,,k|45|0.9,47629411,TP_k11_04,TP_k11_04,k,0.1052631578947368,0.0,0.7601384437081647,0.5,0.3704144593790991,True,-1.3667236543521928
outer_train_fit,z|35|0.63|0.4|0.5|0.2,,k|45|0.9,47629687,TP_k11_06,TP_k11_06,k,0.1052631578947368,0.0,0.7842936703443569,0.5,0.3635691400462065,True,-1.2956771867381152
outer_train_fit,z|35|0.63|0.4|0.5|0.2,,k|45|0.9,47629774,TP_k11_05,TP_k11_05,k,0.1052631578947368,0.0,0.7707657335295923,0.5,0.36741347840421595,True,-1.3049711023671822
outer_train_fit,z|35|0.63|0.4|0.5|0.2,,k|45|0.9,47630755,TP_k11_02,TP_k11_02,k,0.1052631578947368,0.0,0.7598537776791061,0.5,0.37049460539235407,True,-1.3655222471310202
outer_train_fit,z|35|0.63|0.4|0.5|0.2,,k|45|0.9,47630773,TP_k11_01,TP_k11_01,k,0.1052631578947368,0.0,0.7698599678607464,0.5,0.36766992066693815,True,-1.3461893704693808
outer_train_fit,z|35|0.63|0.4|0.5|0.2,,k|45|0.9,47630776,TP_k11_03,TP_k11_03,k,0.1052631578947368,0.0,0.7707657335295923,0.5,0.36741347840421595,True,-1.3049711023671822
nested_validation,z|35|0.74|0.15|0.5|1.3,k|10|0.2,k|10|0.2,47627599,167,TP_k01_02,k,0.1578947368421052,0.631578947368421,0.3061437710657915,1.0,0.6245744638575348,True,1.0211237879040511
nested_validation,z|35|0.74|0.15|0.5|1.3,k|10|0.2,k|10|0.2,47627620,057,TP_k01_01,k,0.1578947368421052,0.631578947368421,0.3061437710657915,1.0,0.6245744638575348,True,1.0211237879040511
nested_validation,z|35|0.74|0.15|0.5|1.3,k|10|0.2,k|10|0.2,47627656,012,TP_k01_03,k,0.1578947368421052,0.631578947368421,0.3059229147376472,1.0,0.6246166798977164,True,1.0210198924299394
nested_validation,z|35|0.74|0.15|0.5|1.3,k|10|0.2,k|10|0.2,47628241,070,TP_k01_04,k,0.1578947368421052,0.631578947368421,0.2637618626804907,1.0,0.6321630833902191,True,1.0552205245897053
nested_validation,z|35|0.74|0.15|0.5|1.3,k|10|0.2,k|10|0.2,47628313,123,TP_k01_06,k,0.1578947368421052,0.631578947368421,0.3178466608520105,1.0,0.6222981473024851,True,1.0102292929819288
nested_validation,z|35|0.74|0.15|0.5|1.3,k|10|0.2,k|10|0.2,47628373,168,TP_k01_05,k,0.1578947368421052,0.631578947368421,0.3061437710657915,1.0,0.6245744638575348,True,1.0211237879040511
nested_validation,z|35|0.74|0.15|0.5|1.3,k|10|0.8,k|10|0.8,47627623,186,TP_k02_05,k,0.2105263157894736,0.37142857142857144,0.4547510818883757,1.0,0.7515032188590671,True,0.6079206713589639
nested_validation,z|35|0.74|0.15|0.5|1.3,k|10|0.8,k|10|0.8,47627629,019,TP_k02_02,k,0.2105263157894736,0.37142857142857144,0.4547510818883757,1.0,0.7515032188590671,True,0.6079206713589639
nested_validation,z|35|0.74|0.15|0.5|1.3,k|10|0.8,k|10|0.8,47627638,131,TP_k02_01,k,0.2105263157894736,0.37142857142857144,0.4547510818883757,1.0,0.7515032188590671,True,0.6079206713589639
nested_validation,z|35|0.74|0.15|0.5|1.3,k|10|0.8,k|10|0.8,47627647,197,TP_k02_03,k,0.2105263157894736,0.37142857142857144,0.4547510818883757,1.0,0.7515032188590671,True,0.6079206713589639
nested_validation,z|35|0.74|0.15|0.5|1.3,k|10|0.8,k|10|0.8,47628259,145,TP_k02_04,k,0.2105263157894736,0.37142857142857144,0.4547510818883757,1.0,0.7515032188590671,True,0.6079206713589639
nested_validation,z|35|0.74|0.15|0.5|1.3,k|10|0.8,k|10|0.8,47628265,095,TP_k02_06,k,0.2105263157894736,0.37142857142857144,0.4547510818883757,1.0,0.7515032188590671,True,0.6079206713589639
nested_validation,z|35|0.74|0.15|0.5|1.3,k|23|0.8,k|23|0.8,47629804,INT023,TP_k05_05,k,0.2105263157894736,0.37142857142857144,0.417543198922718,0.5,0.3818990946666625,True,0.3204244844348707
nested_validation,z|35|0.74|0.15|0.5|1.3,k|23|0.8,k|23|0.8,47629813,INT043,TP_k06_04,k,0.2105263157894736,0.37142857142857144,0.4297727806457622,0.5,0.3799255314383862,True,0.31880788546673366
nested_validation,z|35|0.74|0.15|0.5|1.3,k|23|0.8,k|23|0.8,47629819,INT190,TP_k04_06,k,0.2105263157894736,0.37142857142857144,0.417543198922718,0.5,0.3818990946666625,True,0.3204244844348707
nested_validation,z|35|0.74|0.15|0.5|1.3,k|23|0.8,k|23|0.8,47629822,INT165,TP_k04_05,k,0.2105263157894736,0.37142857142857144,0.3707273111719992,0.5,0.38901123131799875,True,0.33939587151953315
nested_validation,z|35|0.74|0.15|0.5|1.3,k|23|0.8,k|23|0.8,47629831,INT151,TP_k07_06,k,0.2105263157894736,0.37142857142857144,0.3707273111719992,0.5,0.38901123131799875,True,0.33939587151953315
nested_validation,z|35|0.74|0.15|0.5|1.3,k|23|0.8,k|23|0.8,47629834,INT134,TP_k07_04,k,0.2105263157894736,0.37142857142857144,0.3707273111719992,0.5,0.38901123131799875,True,0.33939587151953315
nested_validation,z|35|0.74|0.15|0.5|1.3,k|23|0.8,k|23|0.8,47629846,INT119,TP_k05_06,k,0.2105263157894736,0.37142857142857144,0.5063972173396005,0.5,0.3665403146213778,True,0.2836010730851491
nested_validation,z|35|0.74|0.15|0.5|1.3,k|23|0.8,k|23|0.8,47629906,INT066,TP_k05_04,k,0.2105263157894736,0.37142857142857144,0.4474842291487455,0.5,0.3769854216890079,True,0.31856162625226264
nested_validation,z|35|0.74|0.15|0.5|1.3,k|23|0.8,k|23|0.8,47629909,INT052,TP_k07_05,k,0.2105263157894736,0.37142857142857144,0.4463930549766443,0.5,0.3771693177569713,True,0.31831227752315533
nested_validation,z|35|0.74|0.15|0.5|1.3,k|23|0.8,k|23|0.8,47629915,INT090,TP_k04_04,k,0.2105263157894736,0.37142857142857144,0.4469230531110522,0.5,0.37708004181056914,True,0.3177607511873723
nested_validation,z|35|0.74|0.15|0.5|1.3,k|23|0.8,k|23|0.8,47629942,INT176,TP_k06_05,k,0.2105263157894736,0.37142857142857144,0.417543198922718,0.5,0.3818990946666625,True,0.3204244844348707
nested_validation,z|35|0.74|0.15|0.5|1.3,k|23|0.8,k|23|0.8,47629945,INT098,TP_k06_06,k,0.2105263157894736,0.37142857142857144,0.417543198922718,0.5,0.3818990946666625,True,0.3204244844348707
nested_validation,z|35|0.74|0.15|0.5|1.3,k|23|0.8,k|23|0.8,47630359,INT051,TP_k05_03,k,0.2105263157894736,0.37142857142857144,0.4366452493908614,0.5,0.378796093413738,True,0.3176101316427677
nested_validation,z|35|0.74|0.15|0.5|1.3,k|23|0.8,k|23|0.8,47630362,INT195,TP_k05_01,k,0.2105263157894736,0.37142857142857144,0.3707273111719992,0.5,0.38901123131799875,True,0.33939587151953315
nested_validation,z|35|0.74|0.15|0.5|1.3,k|23|0.8,k|23|0.8,47630371,INT004,TP_k04_02,k,0.2105263157894736,0.37142857142857144,0.4159864951966148,0.5,0.3821469433193219,True,0.3213408737207951
nested_validation,z|35|0.74|0.15|0.5|1.3,k|23|0.8,k|23|0.8,47630383,INT085,TP_k04_01,k,0.2105263157894736,0.37142857142857144,0.417543198922718,0.5,0.3818990946666625,True,0.3204244844348707
nested_validation,z|35|0.74|0.15|0.5|1.3,k|23|0.8,k|23|0.8,47630437,INT003,TP_k07_01,k,0.2105263157894736,0.37142857142857144,0.4159864951966148,0.5,0.3821469433193219,True,0.3213408737207951
nested_validation,z|35|0.74|0.15|0.5|1.3,k|23|0.8,k|23|0.8,47630440,INT103,TP_k04_03,k,0.2105263157894736,0.37142857142857144,0.507423236401391,0.5,0.3663497267333465,True,0.28277445902879766
nested_validation,z|35|0.74|0.15|0.5|1.3,k|23|0.8,k|23|0.8,47630443,INT009,TP_k06_01,k,0.2105263157894736,0.37142857142857144,0.417543198922718,0.5,0.3818990946666625,True,0.3204244844348707
nested_validation,z|35|0.74|0.15|0.5|1.3,k|23|0.8,k|23|0.8,47630674,INT045,TP_k07_02,k,0.2105263157894736,0.37142857142857144,0.417543198922718,0.5,0.3818990946666625,True,0.3204244844348707
nested_validation,z|35|0.74|0.15|0.5|1.3,k|23|0.8,k|23|0.8,47630677,INT080,TP_k07_03,k,0.2105263157894736,0.37142857142857144,0.417543198922718,0.5,0.3818990946666625,True,0.3204244844348707
nested_validation,z|35|0.74|0.15|0.5|1.3,k|23|0.8,k|23|0.8,47630686,INT114,TP_k05_02,k,0.2105263157894736,0.37142857142857144,0.507423236401391,0.5,0.3663497267333465,True,0.28277445902879766
nested_validation,z|35|0.74|0.15|0.5|1.3,k|23|0.8,k|23|0.8,47630689,INT140,TP_k06_02,k,0.2105263157894736,0.37142857142857144,0.3707273111719992,0.5,0.38901123131799875,True,0.33939587151953315
nested_validation,z|35|0.74|0.15|0.5|1.3,k|23|0.8,k|23|0.8,47630692,INT091,TP_k06_03,k,0.2105263157894736,0.37142857142857144,0.507423236401391,0.5,0.3663497267333465,True,0.28277445902879766
nested_validation,z|35|0.74|0.15|0.5|1.3,k|45|0.9,k|45|0.9,47629411,TP_k11_04,TP_k11_04,k,0.1052631578947368,0.6373243861851662,0.7601384437081647,0.5,0.2467659128458542,True,-0.9104958017556016
nested_validation,z|35|0.74|0.15|0.5|1.3,k|45|0.9,k|45|0.9,47629687,TP_k11_06,TP_k11_06,k,0.1052631578947368,0.6373243861851662,0.7842936703443569,0.5,0.24220563872282427,True,-0.8631654506007121
nested_validation,z|35|0.74|0.15|0.5|1.3,k|45|0.9,k|45|0.9,47629774,TP_k11_05,TP_k11_05,k,0.1052631578947368,0.6373243861851662,0.7707657335295923,0.5,0.24476669334739995,True,-0.869356951812526
nested_validation,z|35|0.74|0.15|0.5|1.3,k|45|0.9,k|45|0.9,47630755,TP_k11_02,TP_k11_02,k,0.1052631578947368,0.6373243861851662,0.7598537776791061,0.5,0.24681930521113865,True,-0.9096954378871683
nested_validation,z|35|0.74|0.15|0.5|1.3,k|45|0.9,k|45|0.9,47630773,TP_k11_01,TP_k11_01,k,0.1052631578947368,0.6373243861851662,0.7698599678607464,0.5,0.24493753227512152,True,-0.8968160946635194
nested_validation,z|35|0.74|0.15|0.5|1.3,k|45|0.9,k|45|0.9,47630776,TP_k11_03,TP_k11_03,k,0.1052631578947368,0.6373243861851662,0.7707657335295923,0.5,0.24476669334739995,True,-0.869356951812526
outer_train_fit,z|35|0.74|0.15|0.5|1.3,,k|10|0.2,47627599,167,TP_k01_02,k,0.1578947368421052,0.0,0.3061437710657915,1.0,0.9307237662741161,True,1.5216507121349945
outer_train_fit,z|35|0.74|0.15|0.5|1.3,,k|10|0.2,47627620,057,TP_k01_01,k,0.1578947368421052,0.0,0.3061437710657915,1.0,0.9307237662741161,True,1.5216507121349945
outer_train_fit,z|35|0.74|0.15|0.5|1.3,,k|10|0.2,47627656,012,TP_k01_03,k,0.1578947368421052,0.0,0.3059229147376472,1.0,0.9307866754613926,True,1.5214958899439512
outer_train_fit,z|35|0.74|0.15|0.5|1.3,,k|10|0.2,47628241,070,TP_k01_04,k,0.1578947368421052,0.0,0.2637618626804907,1.0,0.9420321193384711,True,1.572460735634398
outer_train_fit,z|35|0.74|0.15|0.5|1.3,,k|10|0.2,47628313,123,TP_k01_06,k,0.1578947368421052,0.0,0.3178466608520105,1.0,0.9273316616653833,True,1.5054160340744378
outer_train_fit,z|35|0.74|0.15|0.5|1.3,,k|10|0.2,47628373,168,TP_k01_05,k,0.1578947368421052,0.0,0.3061437710657915,1.0,0.9307237662741161,True,1.5216507121349945
outer_train_fit,z|35|0.74|0.15|0.5|1.3,,k|10|0.8,47627623,186,TP_k02_05,k,0.2105263157894736,0.0,0.4547510818883757,1.0,0.8626721093774452,True,0.6978495829885992
outer_train_fit,z|35|0.74|0.15|0.5|1.3,,k|10|0.8,47627629,019,TP_k02_02,k,0.2105263157894736,0.0,0.4547510818883757,1.0,0.8626721093774452,True,0.6978495829885992
outer_train_fit,z|35|0.74|0.15|0.5|1.3,,k|10|0.8,47627638,131,TP_k02_01,k,0.2105263157894736,0.0,0.4547510818883757,1.0,0.8626721093774452,True,0.6978495829885992
outer_train_fit,z|35|0.74|0.15|0.5|1.3,,k|10|0.8,47627647,197,TP_k02_03,k,0.2105263157894736,0.0,0.4547510818883757,1.0,0.8626721093774452,True,0.6978495829885992
outer_train_fit,z|35|0.74|0.15|0.5|1.3,,k|10|0.8,47628259,145,TP_k02_04,k,0.2105263157894736,0.0,0.4547510818883757,1.0,0.8626721093774452,True,0.6978495829885992
outer_train_fit,z|35|0.74|0.15|0.5|1.3,,k|10|0.8,47628265,095,TP_k02_06,k,0.2105263157894736,0.0,0.4547510818883757,1.0,0.8626721093774452,True,0.6978495829885992
outer_train_fit,z|35|0.74|0.15|0.5|1.3,,k|23|0.8,47629804,INT023,TP_k05_05,k,0.2105263157894736,0.0,0.417543198922718,0.5,0.4383929293950374,True,0.3678244602907666
outer_train_fit,z|35|0.74|0.15|0.5|1.3,,k|23|0.8,47629813,INT043,TP_k06_04,k,0.2105263157894736,0.0,0.4297727806457622,0.5,0.43612741953373346,True,0.36596871994679653
outer_train_fit,z|35|0.74|0.15|0.5|1.3,,k|23|0.8,47629819,INT190,TP_k04_06,k,0.2105263157894736,0.0,0.417543198922718,0.5,0.4383929293950374,True,0.3678244602907666
outer_train_fit,z|35|0.74|0.15|0.5|1.3,,k|23|0.8,47629822,INT165,TP_k04_05,k,0.2105263157894736,0.0,0.3707273111719992,0.5,0.44655715514047556,True,0.38960225991082514
outer_train_fit,z|35|0.74|0.15|0.5|1.3,,k|23|0.8,47629831,INT151,TP_k07_06,k,0.2105263157894736,0.0,0.3707273111719992,0.5,0.44655715514047556,True,0.38960225991082514
outer_train_fit,z|35|0.74|0.15|0.5|1.3,,k|23|0.8,47629834,INT134,TP_k07_04,k,0.2105263157894736,0.0,0.3707273111719992,0.5,0.44655715514047556,True,0.38960225991082514
outer_train_fit,z|35|0.74|0.15|0.5|1.3,,k|23|0.8,47629846,INT119,TP_k05_06,k,0.2105263157894736,0.0,0.5063972173396005,0.5,0.4207621450595485,True,0.325553809751484
outer_train_fit,z|35|0.74|0.15|0.5|1.3,,k|23|0.8,47629906,INT066,TP_k05_04,k,0.2105263157894736,0.0,0.4474842291487455,0.5,0.43275238318572146,True,0.365686031928076
outer_train_fit,z|35|0.74|0.15|0.5|1.3,,k|23|0.8,47629909,INT052,TP_k07_05,k,0.2105263157894736,0.0,0.4463930549766443,0.5,0.43296348275905006,True,0.3653997973668506
outer_train_fit,z|35|0.74|0.15|0.5|1.3,,k|23|0.8,47629915,INT090,TP_k04_04,k,0.2105263157894736,0.0,0.4469230531110522,0.5,0.4328610003383941,True,0.36476668445990995
outer_train_fit,z|35|0.74|0.15|0.5|1.3,,k|23|0.8,47629942,INT176,TP_k06_05,k,0.2105263157894736,0.0,0.417543198922718,0.5,0.4383929293950374,True,0.3678244602907666
outer_train_fit,z|35|0.74|0.15|0.5|1.3,,k|23|0.8,47629945,INT098,TP_k06_06,k,0.2105263157894736,0.0,0.417543198922718,0.5,0.4383929293950374,True,0.3678244602907666
outer_train_fit,z|35|0.74|0.15|0.5|1.3,,k|23|0.8,47630359,INT051,TP_k05_03,k,0.2105263157894736,0.0,0.4366452493908614,0.5,0.4348309052159191,True,0.3645937839626176
outer_train_fit,z|35|0.74|0.15|0.5|1.3,,k|23|0.8,47630362,INT195,TP_k05_01,k,0.2105263157894736,0.0,0.3707273111719992,0.5,0.44655715514047556,True,0.38960225991082514
outer_train_fit,z|35|0.74|0.15|0.5|1.3,,k|23|0.8,47630371,INT004,TP_k04_02,k,0.2105263157894736,0.0,0.4159864951966148,0.5,0.43867744197546343,True,0.3688764098479482
outer_train_fit,z|35|0.74|0.15|0.5|1.3,,k|23|0.8,47630383,INT085,TP_k04_01,k,0.2105263157894736,0.0,0.417543198922718,0.5,0.4383929293950374,True,0.3678244602907666
outer_train_fit,z|35|0.74|0.15|0.5|1.3,,k|23|0.8,47630437,INT003,TP_k07_01,k,0.2105263157894736,0.0,0.4159864951966148,0.5,0.43867744197546343,True,0.3688764098479482
outer_train_fit,z|35|0.74|0.15|0.5|1.3,,k|23|0.8,47630440,INT103,TP_k04_03,k,0.2105263157894736,0.0,0.507423236401391,0.5,0.4205433637539415,True,0.3246049157564371
outer_train_fit,z|35|0.74|0.15|0.5|1.3,,k|23|0.8,47630443,INT009,TP_k06_01,k,0.2105263157894736,0.0,0.417543198922718,0.5,0.4383929293950374,True,0.3678244602907666
outer_train_fit,z|35|0.74|0.15|0.5|1.3,,k|23|0.8,47630674,INT045,TP_k07_02,k,0.2105263157894736,0.0,0.417543198922718,0.5,0.4383929293950374,True,0.3678244602907666
outer_train_fit,z|35|0.74|0.15|0.5|1.3,,k|23|0.8,47630677,INT080,TP_k07_03,k,0.2105263157894736,0.0,0.417543198922718,0.5,0.4383929293950374,True,0.3678244602907666
outer_train_fit,z|35|0.74|0.15|0.5|1.3,,k|23|0.8,47630686,INT114,TP_k05_02,k,0.2105263157894736,0.0,0.507423236401391,0.5,0.4205433637539415,True,0.3246049157564371
outer_train_fit,z|35|0.74|0.15|0.5|1.3,,k|23|0.8,47630689,INT140,TP_k06_02,k,0.2105263157894736,0.0,0.3707273111719992,0.5,0.44655715514047556,True,0.38960225991082514
outer_train_fit,z|35|0.74|0.15|0.5|1.3,,k|23|0.8,47630692,INT091,TP_k06_03,k,0.2105263157894736,0.0,0.507423236401391,0.5,0.4205433637539415,True,0.3246049157564371
outer_train_fit,z|35|0.74|0.15|0.5|1.3,,k|45|0.9,47629411,TP_k11_04,TP_k11_04,k,0.1052631578947368,0.0,0.7601384437081647,0.5,0.3704144593790991,True,-1.3667236543521928
outer_train_fit,z|35|0.74|0.15|0.5|1.3,,k|45|0.9,47629687,TP_k11_06,TP_k11_06,k,0.1052631578947368,0.0,0.7842936703443569,0.5,0.3635691400462065,True,-1.2956771867381152
outer_train_fit,z|35|0.74|0.15|0.5|1.3,,k|45|0.9,47629774,TP_k11_05,TP_k11_05,k,0.1052631578947368,0.0,0.7707657335295923,0.5,0.36741347840421595,True,-1.3049711023671822
outer_train_fit,z|35|0.74|0.15|0.5|1.3,,k|45|0.9,47630755,TP_k11_02,TP_k11_02,k,0.1052631578947368,0.0,0.7598537776791061,0.5,0.37049460539235407,True,-1.3655222471310202
outer_train_fit,z|35|0.74|0.15|0.5|1.3,,k|45|0.9,47630773,TP_k11_01,TP_k11_01,k,0.1052631578947368,0.0,0.7698599678607464,0.5,0.36766992066693815,True,-1.3461893704693808
outer_train_fit,z|35|0.74|0.15|0.5|1.3,,k|45|0.9,47630776,TP_k11_03,TP_k11_03,k,0.1052631578947368,0.0,0.7707657335295923,0.5,0.36741347840421595,True,-1.3049711023671822
nested_validation,z|35|0.8|0.1|0.7|0.8,k|10|0.2,k|10|0.2,47627599,167,TP_k01_02,k,0.1578947368421052,0.631578947368421,0.3061437710657915,1.0,0.6245744638575348,True,1.0211237879040511
nested_validation,z|35|0.8|0.1|0.7|0.8,k|10|0.2,k|10|0.2,47627620,057,TP_k01_01,k,0.1578947368421052,0.631578947368421,0.3061437710657915,1.0,0.6245744638575348,True,1.0211237879040511
nested_validation,z|35|0.8|0.1|0.7|0.8,k|10|0.2,k|10|0.2,47627656,012,TP_k01_03,k,0.1578947368421052,0.631578947368421,0.3059229147376472,1.0,0.6246166798977164,True,1.0210198924299394
nested_validation,z|35|0.8|0.1|0.7|0.8,k|10|0.2,k|10|0.2,47628241,070,TP_k01_04,k,0.1578947368421052,0.631578947368421,0.2637618626804907,1.0,0.6321630833902191,True,1.0552205245897053
nested_validation,z|35|0.8|0.1|0.7|0.8,k|10|0.2,k|10|0.2,47628313,123,TP_k01_06,k,0.1578947368421052,0.631578947368421,0.3178466608520105,1.0,0.6222981473024851,True,1.0102292929819288
nested_validation,z|35|0.8|0.1|0.7|0.8,k|10|0.2,k|10|0.2,47628373,168,TP_k01_05,k,0.1578947368421052,0.631578947368421,0.3061437710657915,1.0,0.6245744638575348,True,1.0211237879040511
nested_validation,z|35|0.8|0.1|0.7|0.8,k|10|0.8,k|10|0.8,47627623,186,TP_k02_05,k,0.2105263157894736,0.37142857142857144,0.4547510818883757,1.0,0.7515032188590671,True,0.6079206713589639
nested_validation,z|35|0.8|0.1|0.7|0.8,k|10|0.8,k|10|0.8,47627629,019,TP_k02_02,k,0.2105263157894736,0.37142857142857144,0.4547510818883757,1.0,0.7515032188590671,True,0.6079206713589639
nested_validation,z|35|0.8|0.1|0.7|0.8,k|10|0.8,k|10|0.8,47627638,131,TP_k02_01,k,0.2105263157894736,0.37142857142857144,0.4547510818883757,1.0,0.7515032188590671,True,0.6079206713589639
nested_validation,z|35|0.8|0.1|0.7|0.8,k|10|0.8,k|10|0.8,47627647,197,TP_k02_03,k,0.2105263157894736,0.37142857142857144,0.4547510818883757,1.0,0.7515032188590671,True,0.6079206713589639
nested_validation,z|35|0.8|0.1|0.7|0.8,k|10|0.8,k|10|0.8,47628259,145,TP_k02_04,k,0.2105263157894736,0.37142857142857144,0.4547510818883757,1.0,0.7515032188590671,True,0.6079206713589639
nested_validation,z|35|0.8|0.1|0.7|0.8,k|10|0.8,k|10|0.8,47628265,095,TP_k02_06,k,0.2105263157894736,0.37142857142857144,0.4547510818883757,1.0,0.7515032188590671,True,0.6079206713589639
nested_validation,z|35|0.8|0.1|0.7|0.8,k|23|0.8,k|23|0.8,47629804,INT023,TP_k05_05,k,0.2105263157894736,0.37142857142857144,0.417543198922718,0.5,0.3818990946666625,True,0.3204244844348707
nested_validation,z|35|0.8|0.1|0.7|0.8,k|23|0.8,k|23|0.8,47629813,INT043,TP_k06_04,k,0.2105263157894736,0.37142857142857144,0.4297727806457622,0.5,0.3799255314383862,True,0.31880788546673366
nested_validation,z|35|0.8|0.1|0.7|0.8,k|23|0.8,k|23|0.8,47629819,INT190,TP_k04_06,k,0.2105263157894736,0.37142857142857144,0.417543198922718,0.5,0.3818990946666625,True,0.3204244844348707
nested_validation,z|35|0.8|0.1|0.7|0.8,k|23|0.8,k|23|0.8,47629822,INT165,TP_k04_05,k,0.2105263157894736,0.37142857142857144,0.3707273111719992,0.5,0.38901123131799875,True,0.33939587151953315
nested_validation,z|35|0.8|0.1|0.7|0.8,k|23|0.8,k|23|0.8,47629831,INT151,TP_k07_06,k,0.2105263157894736,0.37142857142857144,0.3707273111719992,0.5,0.38901123131799875,True,0.33939587151953315
nested_validation,z|35|0.8|0.1|0.7|0.8,k|23|0.8,k|23|0.8,47629834,INT134,TP_k07_04,k,0.2105263157894736,0.37142857142857144,0.3707273111719992,0.5,0.38901123131799875,True,0.33939587151953315
nested_validation,z|35|0.8|0.1|0.7|0.8,k|23|0.8,k|23|0.8,47629846,INT119,TP_k05_06,k,0.2105263157894736,0.37142857142857144,0.5063972173396005,0.5,0.3665403146213778,True,0.2836010730851491
nested_validation,z|35|0.8|0.1|0.7|0.8,k|23|0.8,k|23|0.8,47629906,INT066,TP_k05_04,k,0.2105263157894736,0.37142857142857144,0.4474842291487455,0.5,0.3769854216890079,True,0.31856162625226264
nested_validation,z|35|0.8|0.1|0.7|0.8,k|23|0.8,k|23|0.8,47629909,INT052,TP_k07_05,k,0.2105263157894736,0.37142857142857144,0.4463930549766443,0.5,0.3771693177569713,True,0.31831227752315533
nested_validation,z|35|0.8|0.1|0.7|0.8,k|23|0.8,k|23|0.8,47629915,INT090,TP_k04_04,k,0.2105263157894736,0.37142857142857144,0.4469230531110522,0.5,0.37708004181056914,True,0.3177607511873723
nested_validation,z|35|0.8|0.1|0.7|0.8,k|23|0.8,k|23|0.8,47629942,INT176,TP_k06_05,k,0.2105263157894736,0.37142857142857144,0.417543198922718,0.5,0.3818990946666625,True,0.3204244844348707
nested_validation,z|35|0.8|0.1|0.7|0.8,k|23|0.8,k|23|0.8,47629945,INT098,TP_k06_06,k,0.2105263157894736,0.37142857142857144,0.417543198922718,0.5,0.3818990946666625,True,0.3204244844348707
nested_validation,z|35|0.8|0.1|0.7|0.8,k|23|0.8,k|23|0.8,47630359,INT051,TP_k05_03,k,0.2105263157894736,0.37142857142857144,0.4366452493908614,0.5,0.378796093413738,True,0.3176101316427677
nested_validation,z|35|0.8|0.1|0.7|0.8,k|23|0.8,k|23|0.8,47630362,INT195,TP_k05_01,k,0.2105263157894736,0.37142857142857144,0.3707273111719992,0.5,0.38901123131799875,True,0.33939587151953315
nested_validation,z|35|0.8|0.1|0.7|0.8,k|23|0.8,k|23|0.8,47630371,INT004,TP_k04_02,k,0.2105263157894736,0.37142857142857144,0.4159864951966148,0.5,0.3821469433193219,True,0.3213408737207951
nested_validation,z|35|0.8|0.1|0.7|0.8,k|23|0.8,k|23|0.8,47630383,INT085,TP_k04_01,k,0.2105263157894736,0.37142857142857144,0.417543198922718,0.5,0.3818990946666625,True,0.3204244844348707
nested_validation,z|35|0.8|0.1|0.7|0.8,k|23|0.8,k|23|0.8,47630437,INT003,TP_k07_01,k,0.2105263157894736,0.37142857142857144,0.4159864951966148,0.5,0.3821469433193219,True,0.3213408737207951
nested_validation,z|35|0.8|0.1|0.7|0.8,k|23|0.8,k|23|0.8,47630440,INT103,TP_k04_03,k,0.2105263157894736,0.37142857142857144,0.507423236401391,0.5,0.3663497267333465,True,0.28277445902879766
nested_validation,z|35|0.8|0.1|0.7|0.8,k|23|0.8,k|23|0.8,47630443,INT009,TP_k06_01,k,0.2105263157894736,0.37142857142857144,0.417543198922718,0.5,0.3818990946666625,True,0.3204244844348707
nested_validation,z|35|0.8|0.1|0.7|0.8,k|23|0.8,k|23|0.8,47630674,INT045,TP_k07_02,k,0.2105263157894736,0.37142857142857144,0.417543198922718,0.5,0.3818990946666625,True,0.3204244844348707
nested_validation,z|35|0.8|0.1|0.7|0.8,k|23|0.8,k|23|0.8,47630677,INT080,TP_k07_03,k,0.2105263157894736,0.37142857142857144,0.417543198922718,0.5,0.3818990946666625,True,0.3204244844348707
nested_validation,z|35|0.8|0.1|0.7|0.8,k|23|0.8,k|23|0.8,47630686,INT114,TP_k05_02,k,0.2105263157894736,0.37142857142857144,0.507423236401391,0.5,0.3663497267333465,True,0.28277445902879766
nested_validation,z|35|0.8|0.1|0.7|0.8,k|23|0.8,k|23|0.8,47630689,INT140,TP_k06_02,k,0.2105263157894736,0.37142857142857144,0.3707273111719992,0.5,0.38901123131799875,True,0.33939587151953315
nested_validation,z|35|0.8|0.1|0.7|0.8,k|23|0.8,k|23|0.8,47630692,INT091,TP_k06_03,k,0.2105263157894736,0.37142857142857144,0.507423236401391,0.5,0.3663497267333465,True,0.28277445902879766
nested_validation,z|35|0.8|0.1|0.7|0.8,k|45|0.9,k|45|0.9,47629411,TP_k11_04,TP_k11_04,k,0.1052631578947368,0.6373243861851662,0.7601384437081647,0.5,0.2467659128458542,True,-0.9104958017556016
nested_validation,z|35|0.8|0.1|0.7|0.8,k|45|0.9,k|45|0.9,47629687,TP_k11_06,TP_k11_06,k,0.1052631578947368,0.6373243861851662,0.7842936703443569,0.5,0.24220563872282427,True,-0.8631654506007121
nested_validation,z|35|0.8|0.1|0.7|0.8,k|45|0.9,k|45|0.9,47629774,TP_k11_05,TP_k11_05,k,0.1052631578947368,0.6373243861851662,0.7707657335295923,0.5,0.24476669334739995,True,-0.869356951812526
nested_validation,z|35|0.8|0.1|0.7|0.8,k|45|0.9,k|45|0.9,47630755,TP_k11_02,TP_k11_02,k,0.1052631578947368,0.6373243861851662,0.7598537776791061,0.5,0.24681930521113865,True,-0.9096954378871683
nested_validation,z|35|0.8|0.1|0.7|0.8,k|45|0.9,k|45|0.9,47630773,TP_k11_01,TP_k11_01,k,0.1052631578947368,0.6373243861851662,0.7698599678607464,0.5,0.24493753227512152,True,-0.8968160946635194
nested_validation,z|35|0.8|0.1|0.7|0.8,k|45|0.9,k|45|0.9,47630776,TP_k11_03,TP_k11_03,k,0.1052631578947368,0.6373243861851662,0.7707657335295923,0.5,0.24476669334739995,True,-0.869356951812526
outer_train_fit,z|35|0.8|0.1|0.7|0.8,,k|10|0.2,47627599,167,TP_k01_02,k,0.1578947368421052,0.0,0.3061437710657915,1.0,0.9307237662741161,True,1.5216507121349945
outer_train_fit,z|35|0.8|0.1|0.7|0.8,,k|10|0.2,47627620,057,TP_k01_01,k,0.1578947368421052,0.0,0.3061437710657915,1.0,0.9307237662741161,True,1.5216507121349945
outer_train_fit,z|35|0.8|0.1|0.7|0.8,,k|10|0.2,47627656,012,TP_k01_03,k,0.1578947368421052,0.0,0.3059229147376472,1.0,0.9307866754613926,True,1.5214958899439512
outer_train_fit,z|35|0.8|0.1|0.7|0.8,,k|10|0.2,47628241,070,TP_k01_04,k,0.1578947368421052,0.0,0.2637618626804907,1.0,0.9420321193384711,True,1.572460735634398
outer_train_fit,z|35|0.8|0.1|0.7|0.8,,k|10|0.2,47628313,123,TP_k01_06,k,0.1578947368421052,0.0,0.3178466608520105,1.0,0.9273316616653833,True,1.5054160340744378
outer_train_fit,z|35|0.8|0.1|0.7|0.8,,k|10|0.2,47628373,168,TP_k01_05,k,0.1578947368421052,0.0,0.3061437710657915,1.0,0.9307237662741161,True,1.5216507121349945
outer_train_fit,z|35|0.8|0.1|0.7|0.8,,k|10|0.8,47627623,186,TP_k02_05,k,0.2105263157894736,0.0,0.4547510818883757,1.0,0.8626721093774452,True,0.6978495829885992
outer_train_fit,z|35|0.8|0.1|0.7|0.8,,k|10|0.8,47627629,019,TP_k02_02,k,0.2105263157894736,0.0,0.4547510818883757,1.0,0.8626721093774452,True,0.6978495829885992
outer_train_fit,z|35|0.8|0.1|0.7|0.8,,k|10|0.8,47627638,131,TP_k02_01,k,0.2105263157894736,0.0,0.4547510818883757,1.0,0.8626721093774452,True,0.6978495829885992
outer_train_fit,z|35|0.8|0.1|0.7|0.8,,k|10|0.8,47627647,197,TP_k02_03,k,0.2105263157894736,0.0,0.4547510818883757,1.0,0.8626721093774452,True,0.6978495829885992
outer_train_fit,z|35|0.8|0.1|0.7|0.8,,k|10|0.8,47628259,145,TP_k02_04,k,0.2105263157894736,0.0,0.4547510818883757,1.0,0.8626721093774452,True,0.6978495829885992
outer_train_fit,z|35|0.8|0.1|0.7|0.8,,k|10|0.8,47628265,095,TP_k02_06,k,0.2105263157894736,0.0,0.4547510818883757,1.0,0.8626721093774452,True,0.6978495829885992
outer_train_fit,z|35|0.8|0.1|0.7|0.8,,k|23|0.8,47629804,INT023,TP_k05_05,k,0.2105263157894736,0.0,0.417543198922718,0.5,0.4383929293950374,True,0.3678244602907666
outer_train_fit,z|35|0.8|0.1|0.7|0.8,,k|23|0.8,47629813,INT043,TP_k06_04,k,0.2105263157894736,0.0,0.4297727806457622,0.5,0.43612741953373346,True,0.36596871994679653
outer_train_fit,z|35|0.8|0.1|0.7|0.8,,k|23|0.8,47629819,INT190,TP_k04_06,k,0.2105263157894736,0.0,0.417543198922718,0.5,0.4383929293950374,True,0.3678244602907666
outer_train_fit,z|35|0.8|0.1|0.7|0.8,,k|23|0.8,47629822,INT165,TP_k04_05,k,0.2105263157894736,0.0,0.3707273111719992,0.5,0.44655715514047556,True,0.38960225991082514
outer_train_fit,z|35|0.8|0.1|0.7|0.8,,k|23|0.8,47629831,INT151,TP_k07_06,k,0.2105263157894736,0.0,0.3707273111719992,0.5,0.44655715514047556,True,0.38960225991082514
outer_train_fit,z|35|0.8|0.1|0.7|0.8,,k|23|0.8,47629834,INT134,TP_k07_04,k,0.2105263157894736,0.0,0.3707273111719992,0.5,0.44655715514047556,True,0.38960225991082514
outer_train_fit,z|35|0.8|0.1|0.7|0.8,,k|23|0.8,47629846,INT119,TP_k05_06,k,0.2105263157894736,0.0,0.5063972173396005,0.5,0.4207621450595485,True,0.325553809751484
outer_train_fit,z|35|0.8|0.1|0.7|0.8,,k|23|0.8,47629906,INT066,TP_k05_04,k,0.2105263157894736,0.0,0.4474842291487455,0.5,0.43275238318572146,True,0.365686031928076
outer_train_fit,z|35|0.8|0.1|0.7|0.8,,k|23|0.8,47629909,INT052,TP_k07_05,k,0.2105263157894736,0.0,0.4463930549766443,0.5,0.43296348275905006,True,0.3653997973668506
outer_train_fit,z|35|0.8|0.1|0.7|0.8,,k|23|0.8,47629915,INT090,TP_k04_04,k,0.2105263157894736,0.0,0.4469230531110522,0.5,0.4328610003383941,True,0.36476668445990995
outer_train_fit,z|35|0.8|0.1|0.7|0.8,,k|23|0.8,47629942,INT176,TP_k06_05,k,0.2105263157894736,0.0,0.417543198922718,0.5,0.4383929293950374,True,0.3678244602907666
outer_train_fit,z|35|0.8|0.1|0.7|0.8,,k|23|0.8,47629945,INT098,TP_k06_06,k,0.2105263157894736,0.0,0.417543198922718,0.5,0.4383929293950374,True,0.3678244602907666
outer_train_fit,z|35|0.8|0.1|0.7|0.8,,k|23|0.8,47630359,INT051,TP_k05_03,k,0.2105263157894736,0.0,0.4366452493908614,0.5,0.4348309052159191,True,0.3645937839626176
outer_train_fit,z|35|0.8|0.1|0.7|0.8,,k|23|0.8,47630362,INT195,TP_k05_01,k,0.2105263157894736,0.0,0.3707273111719992,0.5,0.44655715514047556,True,0.38960225991082514
outer_train_fit,z|35|0.8|0.1|0.7|0.8,,k|23|0.8,47630371,INT004,TP_k04_02,k,0.2105263157894736,0.0,0.4159864951966148,0.5,0.43867744197546343,True,0.3688764098479482
outer_train_fit,z|35|0.8|0.1|0.7|0.8,,k|23|0.8,47630383,INT085,TP_k04_01,k,0.2105263157894736,0.0,0.417543198922718,0.5,0.4383929293950374,True,0.3678244602907666
outer_train_fit,z|35|0.8|0.1|0.7|0.8,,k|23|0.8,47630437,INT003,TP_k07_01,k,0.2105263157894736,0.0,0.4159864951966148,0.5,0.43867744197546343,True,0.3688764098479482
outer_train_fit,z|35|0.8|0.1|0.7|0.8,,k|23|0.8,47630440,INT103,TP_k04_03,k,0.2105263157894736,0.0,0.507423236401391,0.5,0.4205433637539415,True,0.3246049157564371
outer_train_fit,z|35|0.8|0.1|0.7|0.8,,k|23|0.8,47630443,INT009,TP_k06_01,k,0.2105263157894736,0.0,0.417543198922718,0.5,0.4383929293950374,True,0.3678244602907666
outer_train_fit,z|35|0.8|0.1|0.7|0.8,,k|23|0.8,47630674,INT045,TP_k07_02,k,0.2105263157894736,0.0,0.417543198922718,0.5,0.4383929293950374,True,0.3678244602907666
outer_train_fit,z|35|0.8|0.1|0.7|0.8,,k|23|0.8,47630677,INT080,TP_k07_03,k,0.2105263157894736,0.0,0.417543198922718,0.5,0.4383929293950374,True,0.3678244602907666
outer_train_fit,z|35|0.8|0.1|0.7|0.8,,k|23|0.8,47630686,INT114,TP_k05_02,k,0.2105263157894736,0.0,0.507423236401391,0.5,0.4205433637539415,True,0.3246049157564371
outer_train_fit,z|35|0.8|0.1|0.7|0.8,,k|23|0.8,47630689,INT140,TP_k06_02,k,0.2105263157894736,0.0,0.3707273111719992,0.5,0.44655715514047556,True,0.38960225991082514
outer_train_fit,z|35|0.8|0.1|0.7|0.8,,k|23|0.8,47630692,INT091,TP_k06_03,k,0.2105263157894736,0.0,0.507423236401391,0.5,0.4205433637539415,True,0.3246049157564371
outer_train_fit,z|35|0.8|0.1|0.7|0.8,,k|45|0.9,47629411,TP_k11_04,TP_k11_04,k,0.1052631578947368,0.0,0.7601384437081647,0.5,0.3704144593790991,True,-1.3667236543521928
outer_train_fit,z|35|0.8|0.1|0.7|0.8,,k|45|0.9,47629687,TP_k11_06,TP_k11_06,k,0.1052631578947368,0.0,0.7842936703443569,0.5,0.3635691400462065,True,-1.2956771867381152
outer_train_fit,z|35|0.8|0.1|0.7|0.8,,k|45|0.9,47629774,TP_k11_05,TP_k11_05,k,0.1052631578947368,0.0,0.7707657335295923,0.5,0.36741347840421595,True,-1.3049711023671822
outer_train_fit,z|35|0.8|0.1|0.7|0.8,,k|45|0.9,47630755,TP_k11_02,TP_k11_02,k,0.1052631578947368,0.0,0.7598537776791061,0.5,0.37049460539235407,True,-1.3655222471310202
outer_train_fit,z|35|0.8|0.1|0.7|0.8,,k|45|0.9,47630773,TP_k11_01,TP_k11_01,k,0.1052631578947368,0.0,0.7698599678607464,0.5,0.36766992066693815,True,-1.3461893704693808
outer_train_fit,z|35|0.8|0.1|0.7|0.8,,k|45|0.9,47630776,TP_k11_03,TP_k11_03,k,0.1052631578947368,0.0,0.7707657335295923,0.5,0.36741347840421595,True,-1.3049711023671822
nested_validation,z|45|0.41|0.05|1|1,k|10|0.2,k|10|0.2,47627599,167,TP_k01_02,k,0.1578947368421052,0.631578947368421,0.3061437710657915,1.0,0.6245744638575348,True,1.0211237879040511
nested_validation,z|45|0.41|0.05|1|1,k|10|0.2,k|10|0.2,47627620,057,TP_k01_01,k,0.1578947368421052,0.631578947368421,0.3061437710657915,1.0,0.6245744638575348,True,1.0211237879040511
nested_validation,z|45|0.41|0.05|1|1,k|10|0.2,k|10|0.2,47627656,012,TP_k01_03,k,0.1578947368421052,0.631578947368421,0.3059229147376472,1.0,0.6246166798977164,True,1.0210198924299394
nested_validation,z|45|0.41|0.05|1|1,k|10|0.2,k|10|0.2,47628241,070,TP_k01_04,k,0.1578947368421052,0.631578947368421,0.2637618626804907,1.0,0.6321630833902191,True,1.0552205245897053
nested_validation,z|45|0.41|0.05|1|1,k|10|0.2,k|10|0.2,47628313,123,TP_k01_06,k,0.1578947368421052,0.631578947368421,0.3178466608520105,1.0,0.6222981473024851,True,1.0102292929819288
nested_validation,z|45|0.41|0.05|1|1,k|10|0.2,k|10|0.2,47628373,168,TP_k01_05,k,0.1578947368421052,0.631578947368421,0.3061437710657915,1.0,0.6245744638575348,True,1.0211237879040511
nested_validation,z|45|0.41|0.05|1|1,k|10|0.8,k|10|0.8,47627623,186,TP_k02_05,k,0.2105263157894736,0.37142857142857144,0.4547510818883757,1.0,0.7515032188590671,True,0.6079206713589639
nested_validation,z|45|0.41|0.05|1|1,k|10|0.8,k|10|0.8,47627629,019,TP_k02_02,k,0.2105263157894736,0.37142857142857144,0.4547510818883757,1.0,0.7515032188590671,True,0.6079206713589639
nested_validation,z|45|0.41|0.05|1|1,k|10|0.8,k|10|0.8,47627638,131,TP_k02_01,k,0.2105263157894736,0.37142857142857144,0.4547510818883757,1.0,0.7515032188590671,True,0.6079206713589639
nested_validation,z|45|0.41|0.05|1|1,k|10|0.8,k|10|0.8,47627647,197,TP_k02_03,k,0.2105263157894736,0.37142857142857144,0.4547510818883757,1.0,0.7515032188590671,True,0.6079206713589639
nested_validation,z|45|0.41|0.05|1|1,k|10|0.8,k|10|0.8,47628259,145,TP_k02_04,k,0.2105263157894736,0.37142857142857144,0.4547510818883757,1.0,0.7515032188590671,True,0.6079206713589639
nested_validation,z|45|0.41|0.05|1|1,k|10|0.8,k|10|0.8,47628265,095,TP_k02_06,k,0.2105263157894736,0.37142857142857144,0.4547510818883757,1.0,0.7515032188590671,True,0.6079206713589639
nested_validation,z|45|0.41|0.05|1|1,k|23|0.8,k|23|0.8,47629804,INT023,TP_k05_05,k,0.2105263157894736,0.37142857142857144,0.417543198922718,0.5,0.3818990946666625,True,0.3204244844348707
nested_validation,z|45|0.41|0.05|1|1,k|23|0.8,k|23|0.8,47629813,INT043,TP_k06_04,k,0.2105263157894736,0.37142857142857144,0.4297727806457622,0.5,0.3799255314383862,True,0.31880788546673366
nested_validation,z|45|0.41|0.05|1|1,k|23|0.8,k|23|0.8,47629819,INT190,TP_k04_06,k,0.2105263157894736,0.37142857142857144,0.417543198922718,0.5,0.3818990946666625,True,0.3204244844348707
nested_validation,z|45|0.41|0.05|1|1,k|23|0.8,k|23|0.8,47629822,INT165,TP_k04_05,k,0.2105263157894736,0.37142857142857144,0.3707273111719992,0.5,0.38901123131799875,True,0.33939587151953315
nested_validation,z|45|0.41|0.05|1|1,k|23|0.8,k|23|0.8,47629831,INT151,TP_k07_06,k,0.2105263157894736,0.37142857142857144,0.3707273111719992,0.5,0.38901123131799875,True,0.33939587151953315
nested_validation,z|45|0.41|0.05|1|1,k|23|0.8,k|23|0.8,47629834,INT134,TP_k07_04,k,0.2105263157894736,0.37142857142857144,0.3707273111719992,0.5,0.38901123131799875,True,0.33939587151953315
nested_validation,z|45|0.41|0.05|1|1,k|23|0.8,k|23|0.8,47629846,INT119,TP_k05_06,k,0.2105263157894736,0.37142857142857144,0.5063972173396005,0.5,0.3665403146213778,True,0.2836010730851491
nested_validation,z|45|0.41|0.05|1|1,k|23|0.8,k|23|0.8,47629906,INT066,TP_k05_04,k,0.2105263157894736,0.37142857142857144,0.4474842291487455,0.5,0.3769854216890079,True,0.31856162625226264
nested_validation,z|45|0.41|0.05|1|1,k|23|0.8,k|23|0.8,47629909,INT052,TP_k07_05,k,0.2105263157894736,0.37142857142857144,0.4463930549766443,0.5,0.3771693177569713,True,0.31831227752315533
nested_validation,z|45|0.41|0.05|1|1,k|23|0.8,k|23|0.8,47629915,INT090,TP_k04_04,k,0.2105263157894736,0.37142857142857144,0.4469230531110522,0.5,0.37708004181056914,True,0.3177607511873723
nested_validation,z|45|0.41|0.05|1|1,k|23|0.8,k|23|0.8,47629942,INT176,TP_k06_05,k,0.2105263157894736,0.37142857142857144,0.417543198922718,0.5,0.3818990946666625,True,0.3204244844348707
nested_validation,z|45|0.41|0.05|1|1,k|23|0.8,k|23|0.8,47629945,INT098,TP_k06_06,k,0.2105263157894736,0.37142857142857144,0.417543198922718,0.5,0.3818990946666625,True,0.3204244844348707
nested_validation,z|45|0.41|0.05|1|1,k|23|0.8,k|23|0.8,47630359,INT051,TP_k05_03,k,0.2105263157894736,0.37142857142857144,0.4366452493908614,0.5,0.378796093413738,True,0.3176101316427677
nested_validation,z|45|0.41|0.05|1|1,k|23|0.8,k|23|0.8,47630362,INT195,TP_k05_01,k,0.2105263157894736,0.37142857142857144,0.3707273111719992,0.5,0.38901123131799875,True,0.33939587151953315
nested_validation,z|45|0.41|0.05|1|1,k|23|0.8,k|23|0.8,47630371,INT004,TP_k04_02,k,0.2105263157894736,0.37142857142857144,0.4159864951966148,0.5,0.3821469433193219,True,0.3213408737207951
nested_validation,z|45|0.41|0.05|1|1,k|23|0.8,k|23|0.8,47630383,INT085,TP_k04_01,k,0.2105263157894736,0.37142857142857144,0.417543198922718,0.5,0.3818990946666625,True,0.3204244844348707
nested_validation,z|45|0.41|0.05|1|1,k|23|0.8,k|23|0.8,47630437,INT003,TP_k07_01,k,0.2105263157894736,0.37142857142857144,0.4159864951966148,0.5,0.3821469433193219,True,0.3213408737207951
nested_validation,z|45|0.41|0.05|1|1,k|23|0.8,k|23|0.8,47630440,INT103,TP_k04_03,k,0.2105263157894736,0.37142857142857144,0.507423236401391,0.5,0.3663497267333465,True,0.28277445902879766
nested_validation,z|45|0.41|0.05|1|1,k|23|0.8,k|23|0.8,47630443,INT009,TP_k06_01,k,0.2105263157894736,0.37142857142857144,0.417543198922718,0.5,0.3818990946666625,True,0.3204244844348707
nested_validation,z|45|0.41|0.05|1|1,k|23|0.8,k|23|0.8,47630674,INT045,TP_k07_02,k,0.2105263157894736,0.37142857142857144,0.417543198922718,0.5,0.3818990946666625,True,0.3204244844348707
nested_validation,z|45|0.41|0.05|1|1,k|23|0.8,k|23|0.8,47630677,INT080,TP_k07_03,k,0.2105263157894736,0.37142857142857144,0.417543198922718,0.5,0.3818990946666625,True,0.3204244844348707
nested_validation,z|45|0.41|0.05|1|1,k|23|0.8,k|23|0.8,47630686,INT114,TP_k05_02,k,0.2105263157894736,0.37142857142857144,0.507423236401391,0.5,0.3663497267333465,True,0.28277445902879766
nested_validation,z|45|0.41|0.05|1|1,k|23|0.8,k|23|0.8,47630689,INT140,TP_k06_02,k,0.2105263157894736,0.37142857142857144,0.3707273111719992,0.5,0.38901123131799875,True,0.33939587151953315
nested_validation,z|45|0.41|0.05|1|1,k|23|0.8,k|23|0.8,47630692,INT091,TP_k06_03,k,0.2105263157894736,0.37142857142857144,0.507423236401391,0.5,0.3663497267333465,True,0.28277445902879766
nested_validation,z|45|0.41|0.05|1|1,k|45|0.9,k|45|0.9,47629411,TP_k11_04,TP_k11_04,k,0.1052631578947368,0.6373243861851662,0.7601384437081647,0.5,0.2467659128458542,True,-0.9104958017556016
nested_validation,z|45|0.41|0.05|1|1,k|45|0.9,k|45|0.9,47629687,TP_k11_06,TP_k11_06,k,0.1052631578947368,0.6373243861851662,0.7842936703443569,0.5,0.24220563872282427,True,-0.8631654506007121
nested_validation,z|45|0.41|0.05|1|1,k|45|0.9,k|45|0.9,47629774,TP_k11_05,TP_k11_05,k,0.1052631578947368,0.6373243861851662,0.7707657335295923,0.5,0.24476669334739995,True,-0.869356951812526
nested_validation,z|45|0.41|0.05|1|1,k|45|0.9,k|45|0.9,47630755,TP_k11_02,TP_k11_02,k,0.1052631578947368,0.6373243861851662,0.7598537776791061,0.5,0.24681930521113865,True,-0.9096954378871683
nested_validation,z|45|0.41|0.05|1|1,k|45|0.9,k|45|0.9,47630773,TP_k11_01,TP_k11_01,k,0.1052631578947368,0.6373243861851662,0.7698599678607464,0.5,0.24493753227512152,True,-0.8968160946635194
nested_validation,z|45|0.41|0.05|1|1,k|45|0.9,k|45|0.9,47630776,TP_k11_03,TP_k11_03,k,0.1052631578947368,0.6373243861851662,0.7707657335295923,0.5,0.24476669334739995,True,-0.869356951812526
outer_train_fit,z|45|0.41|0.05|1|1,,k|10|0.2,47627599,167,TP_k01_02,k,0.1578947368421052,0.0,0.3061437710657915,1.0,0.9307237662741161,True,1.5216507121349945
outer_train_fit,z|45|0.41|0.05|1|1,,k|10|0.2,47627620,057,TP_k01_01,k,0.1578947368421052,0.0,0.3061437710657915,1.0,0.9307237662741161,True,1.5216507121349945
outer_train_fit,z|45|0.41|0.05|1|1,,k|10|0.2,47627656,012,TP_k01_03,k,0.1578947368421052,0.0,0.3059229147376472,1.0,0.9307866754613926,True,1.5214958899439512
outer_train_fit,z|45|0.41|0.05|1|1,,k|10|0.2,47628241,070,TP_k01_04,k,0.1578947368421052,0.0,0.2637618626804907,1.0,0.9420321193384711,True,1.572460735634398
outer_train_fit,z|45|0.41|0.05|1|1,,k|10|0.2,47628313,123,TP_k01_06,k,0.1578947368421052,0.0,0.3178466608520105,1.0,0.9273316616653833,True,1.5054160340744378
outer_train_fit,z|45|0.41|0.05|1|1,,k|10|0.2,47628373,168,TP_k01_05,k,0.1578947368421052,0.0,0.3061437710657915,1.0,0.9307237662741161,True,1.5216507121349945
outer_train_fit,z|45|0.41|0.05|1|1,,k|10|0.8,47627623,186,TP_k02_05,k,0.2105263157894736,0.0,0.4547510818883757,1.0,0.8626721093774452,True,0.6978495829885992
outer_train_fit,z|45|0.41|0.05|1|1,,k|10|0.8,47627629,019,TP_k02_02,k,0.2105263157894736,0.0,0.4547510818883757,1.0,0.8626721093774452,True,0.6978495829885992
outer_train_fit,z|45|0.41|0.05|1|1,,k|10|0.8,47627638,131,TP_k02_01,k,0.2105263157894736,0.0,0.4547510818883757,1.0,0.8626721093774452,True,0.6978495829885992
outer_train_fit,z|45|0.41|0.05|1|1,,k|10|0.8,47627647,197,TP_k02_03,k,0.2105263157894736,0.0,0.4547510818883757,1.0,0.8626721093774452,True,0.6978495829885992
outer_train_fit,z|45|0.41|0.05|1|1,,k|10|0.8,47628259,145,TP_k02_04,k,0.2105263157894736,0.0,0.4547510818883757,1.0,0.8626721093774452,True,0.6978495829885992
outer_train_fit,z|45|0.41|0.05|1|1,,k|10|0.8,47628265,095,TP_k02_06,k,0.2105263157894736,0.0,0.4547510818883757,1.0,0.8626721093774452,True,0.6978495829885992
outer_train_fit,z|45|0.41|0.05|1|1,,k|23|0.8,47629804,INT023,TP_k05_05,k,0.2105263157894736,0.0,0.417543198922718,0.5,0.4383929293950374,True,0.3678244602907666
outer_train_fit,z|45|0.41|0.05|1|1,,k|23|0.8,47629813,INT043,TP_k06_04,k,0.2105263157894736,0.0,0.4297727806457622,0.5,0.43612741953373346,True,0.36596871994679653
outer_train_fit,z|45|0.41|0.05|1|1,,k|23|0.8,47629819,INT190,TP_k04_06,k,0.2105263157894736,0.0,0.417543198922718,0.5,0.4383929293950374,True,0.3678244602907666
outer_train_fit,z|45|0.41|0.05|1|1,,k|23|0.8,47629822,INT165,TP_k04_05,k,0.2105263157894736,0.0,0.3707273111719992,0.5,0.44655715514047556,True,0.38960225991082514
outer_train_fit,z|45|0.41|0.05|1|1,,k|23|0.8,47629831,INT151,TP_k07_06,k,0.2105263157894736,0.0,0.3707273111719992,0.5,0.44655715514047556,True,0.38960225991082514
outer_train_fit,z|45|0.41|0.05|1|1,,k|23|0.8,47629834,INT134,TP_k07_04,k,0.2105263157894736,0.0,0.3707273111719992,0.5,0.44655715514047556,True,0.38960225991082514
outer_train_fit,z|45|0.41|0.05|1|1,,k|23|0.8,47629846,INT119,TP_k05_06,k,0.2105263157894736,0.0,0.5063972173396005,0.5,0.4207621450595485,True,0.325553809751484
outer_train_fit,z|45|0.41|0.05|1|1,,k|23|0.8,47629906,INT066,TP_k05_04,k,0.2105263157894736,0.0,0.4474842291487455,0.5,0.43275238318572146,True,0.365686031928076
outer_train_fit,z|45|0.41|0.05|1|1,,k|23|0.8,47629909,INT052,TP_k07_05,k,0.2105263157894736,0.0,0.4463930549766443,0.5,0.43296348275905006,True,0.3653997973668506
outer_train_fit,z|45|0.41|0.05|1|1,,k|23|0.8,47629915,INT090,TP_k04_04,k,0.2105263157894736,0.0,0.4469230531110522,0.5,0.4328610003383941,True,0.36476668445990995
outer_train_fit,z|45|0.41|0.05|1|1,,k|23|0.8,47629942,INT176,TP_k06_05,k,0.2105263157894736,0.0,0.417543198922718,0.5,0.4383929293950374,True,0.3678244602907666
outer_train_fit,z|45|0.41|0.05|1|1,,k|23|0.8,47629945,INT098,TP_k06_06,k,0.2105263157894736,0.0,0.417543198922718,0.5,0.4383929293950374,True,0.3678244602907666
outer_train_fit,z|45|0.41|0.05|1|1,,k|23|0.8,47630359,INT051,TP_k05_03,k,0.2105263157894736,0.0,0.4366452493908614,0.5,0.4348309052159191,True,0.3645937839626176
outer_train_fit,z|45|0.41|0.05|1|1,,k|23|0.8,47630362,INT195,TP_k05_01,k,0.2105263157894736,0.0,0.3707273111719992,0.5,0.44655715514047556,True,0.38960225991082514
outer_train_fit,z|45|0.41|0.05|1|1,,k|23|0.8,47630371,INT004,TP_k04_02,k,0.2105263157894736,0.0,0.4159864951966148,0.5,0.43867744197546343,True,0.3688764098479482
outer_train_fit,z|45|0.41|0.05|1|1,,k|23|0.8,47630383,INT085,TP_k04_01,k,0.2105263157894736,0.0,0.417543198922718,0.5,0.4383929293950374,True,0.3678244602907666
outer_train_fit,z|45|0.41|0.05|1|1,,k|23|0.8,47630437,INT003,TP_k07_01,k,0.2105263157894736,0.0,0.4159864951966148,0.5,0.43867744197546343,True,0.3688764098479482
outer_train_fit,z|45|0.41|0.05|1|1,,k|23|0.8,47630440,INT103,TP_k04_03,k,0.2105263157894736,0.0,0.507423236401391,0.5,0.4205433637539415,True,0.3246049157564371
outer_train_fit,z|45|0.41|0.05|1|1,,k|23|0.8,47630443,INT009,TP_k06_01,k,0.2105263157894736,0.0,0.417543198922718,0.5,0.4383929293950374,True,0.3678244602907666
outer_train_fit,z|45|0.41|0.05|1|1,,k|23|0.8,47630674,INT045,TP_k07_02,k,0.2105263157894736,0.0,0.417543198922718,0.5,0.4383929293950374,True,0.3678244602907666
outer_train_fit,z|45|0.41|0.05|1|1,,k|23|0.8,47630677,INT080,TP_k07_03,k,0.2105263157894736,0.0,0.417543198922718,0.5,0.4383929293950374,True,0.3678244602907666
outer_train_fit,z|45|0.41|0.05|1|1,,k|23|0.8,47630686,INT114,TP_k05_02,k,0.2105263157894736,0.0,0.507423236401391,0.5,0.4205433637539415,True,0.3246049157564371
outer_train_fit,z|45|0.41|0.05|1|1,,k|23|0.8,47630689,INT140,TP_k06_02,k,0.2105263157894736,0.0,0.3707273111719992,0.5,0.44655715514047556,True,0.38960225991082514
outer_train_fit,z|45|0.41|0.05|1|1,,k|23|0.8,47630692,INT091,TP_k06_03,k,0.2105263157894736,0.0,0.507423236401391,0.5,0.4205433637539415,True,0.3246049157564371
outer_train_fit,z|45|0.41|0.05|1|1,,k|45|0.9,47629411,TP_k11_04,TP_k11_04,k,0.1052631578947368,0.0,0.7601384437081647,0.5,0.3704144593790991,True,-1.3667236543521928
outer_train_fit,z|45|0.41|0.05|1|1,,k|45|0.9,47629687,TP_k11_06,TP_k11_06,k,0.1052631578947368,0.0,0.7842936703443569,0.5,0.3635691400462065,True,-1.2956771867381152
outer_train_fit,z|45|0.41|0.05|1|1,,k|45|0.9,47629774,TP_k11_05,TP_k11_05,k,0.1052631578947368,0.0,0.7707657335295923,0.5,0.36741347840421595,True,-1.3049711023671822
outer_train_fit,z|45|0.41|0.05|1|1,,k|45|0.9,47630755,TP_k11_02,TP_k11_02,k,0.1052631578947368,0.0,0.7598537776791061,0.5,0.37049460539235407,True,-1.3655222471310202
outer_train_fit,z|45|0.41|0.05|1|1,,k|45|0.9,47630773,TP_k11_01,TP_k11_01,k,0.1052631578947368,0.0,0.7698599678607464,0.5,0.36766992066693815,True,-1.3461893704693808
outer_train_fit,z|45|0.41|0.05|1|1,,k|45|0.9,47630776,TP_k11_03,TP_k11_03,k,0.1052631578947368,0.0,0.7707657335295923,0.5,0.36741347840421595,True,-1.3049711023671822
nested_validation,z|45|0.47|0.15|0.7|1.9,k|10|0.2,k|10|0.2,47627599,167,TP_k01_02,k,0.1578947368421052,0.631578947368421,0.3061437710657915,1.0,0.6245744638575348,True,1.0211237879040511
nested_validation,z|45|0.47|0.15|0.7|1.9,k|10|0.2,k|10|0.2,47627620,057,TP_k01_01,k,0.1578947368421052,0.631578947368421,0.3061437710657915,1.0,0.6245744638575348,True,1.0211237879040511
nested_validation,z|45|0.47|0.15|0.7|1.9,k|10|0.2,k|10|0.2,47627656,012,TP_k01_03,k,0.1578947368421052,0.631578947368421,0.3059229147376472,1.0,0.6246166798977164,True,1.0210198924299394
nested_validation,z|45|0.47|0.15|0.7|1.9,k|10|0.2,k|10|0.2,47628241,070,TP_k01_04,k,0.1578947368421052,0.631578947368421,0.2637618626804907,1.0,0.6321630833902191,True,1.0552205245897053
nested_validation,z|45|0.47|0.15|0.7|1.9,k|10|0.2,k|10|0.2,47628313,123,TP_k01_06,k,0.1578947368421052,0.631578947368421,0.3178466608520105,1.0,0.6222981473024851,True,1.0102292929819288
nested_validation,z|45|0.47|0.15|0.7|1.9,k|10|0.2,k|10|0.2,47628373,168,TP_k01_05,k,0.1578947368421052,0.631578947368421,0.3061437710657915,1.0,0.6245744638575348,True,1.0211237879040511
nested_validation,z|45|0.47|0.15|0.7|1.9,k|10|0.8,k|10|0.8,47627623,186,TP_k02_05,k,0.2105263157894736,0.37142857142857144,0.4547510818883757,1.0,0.7515032188590671,True,0.6079206713589639
nested_validation,z|45|0.47|0.15|0.7|1.9,k|10|0.8,k|10|0.8,47627629,019,TP_k02_02,k,0.2105263157894736,0.37142857142857144,0.4547510818883757,1.0,0.7515032188590671,True,0.6079206713589639
nested_validation,z|45|0.47|0.15|0.7|1.9,k|10|0.8,k|10|0.8,47627638,131,TP_k02_01,k,0.2105263157894736,0.37142857142857144,0.4547510818883757,1.0,0.7515032188590671,True,0.6079206713589639
nested_validation,z|45|0.47|0.15|0.7|1.9,k|10|0.8,k|10|0.8,47627647,197,TP_k02_03,k,0.2105263157894736,0.37142857142857144,0.4547510818883757,1.0,0.7515032188590671,True,0.6079206713589639
nested_validation,z|45|0.47|0.15|0.7|1.9,k|10|0.8,k|10|0.8,47628259,145,TP_k02_04,k,0.2105263157894736,0.37142857142857144,0.4547510818883757,1.0,0.7515032188590671,True,0.6079206713589639
nested_validation,z|45|0.47|0.15|0.7|1.9,k|10|0.8,k|10|0.8,47628265,095,TP_k02_06,k,0.2105263157894736,0.37142857142857144,0.4547510818883757,1.0,0.7515032188590671,True,0.6079206713589639
nested_validation,z|45|0.47|0.15|0.7|1.9,k|23|0.8,k|23|0.8,47629804,INT023,TP_k05_05,k,0.2105263157894736,0.37142857142857144,0.417543198922718,0.5,0.3818990946666625,True,0.3204244844348707
nested_validation,z|45|0.47|0.15|0.7|1.9,k|23|0.8,k|23|0.8,47629813,INT043,TP_k06_04,k,0.2105263157894736,0.37142857142857144,0.4297727806457622,0.5,0.3799255314383862,True,0.31880788546673366
nested_validation,z|45|0.47|0.15|0.7|1.9,k|23|0.8,k|23|0.8,47629819,INT190,TP_k04_06,k,0.2105263157894736,0.37142857142857144,0.417543198922718,0.5,0.3818990946666625,True,0.3204244844348707
nested_validation,z|45|0.47|0.15|0.7|1.9,k|23|0.8,k|23|0.8,47629822,INT165,TP_k04_05,k,0.2105263157894736,0.37142857142857144,0.3707273111719992,0.5,0.38901123131799875,True,0.33939587151953315
nested_validation,z|45|0.47|0.15|0.7|1.9,k|23|0.8,k|23|0.8,47629831,INT151,TP_k07_06,k,0.2105263157894736,0.37142857142857144,0.3707273111719992,0.5,0.38901123131799875,True,0.33939587151953315
nested_validation,z|45|0.47|0.15|0.7|1.9,k|23|0.8,k|23|0.8,47629834,INT134,TP_k07_04,k,0.2105263157894736,0.37142857142857144,0.3707273111719992,0.5,0.38901123131799875,True,0.33939587151953315
nested_validation,z|45|0.47|0.15|0.7|1.9,k|23|0.8,k|23|0.8,47629846,INT119,TP_k05_06,k,0.2105263157894736,0.37142857142857144,0.5063972173396005,0.5,0.3665403146213778,True,0.2836010730851491
nested_validation,z|45|0.47|0.15|0.7|1.9,k|23|0.8,k|23|0.8,47629906,INT066,TP_k05_04,k,0.2105263157894736,0.37142857142857144,0.4474842291487455,0.5,0.3769854216890079,True,0.31856162625226264
nested_validation,z|45|0.47|0.15|0.7|1.9,k|23|0.8,k|23|0.8,47629909,INT052,TP_k07_05,k,0.2105263157894736,0.37142857142857144,0.4463930549766443,0.5,0.3771693177569713,True,0.31831227752315533
nested_validation,z|45|0.47|0.15|0.7|1.9,k|23|0.8,k|23|0.8,47629915,INT090,TP_k04_04,k,0.2105263157894736,0.37142857142857144,0.4469230531110522,0.5,0.37708004181056914,True,0.3177607511873723
nested_validation,z|45|0.47|0.15|0.7|1.9,k|23|0.8,k|23|0.8,47629942,INT176,TP_k06_05,k,0.2105263157894736,0.37142857142857144,0.417543198922718,0.5,0.3818990946666625,True,0.3204244844348707
nested_validation,z|45|0.47|0.15|0.7|1.9,k|23|0.8,k|23|0.8,47629945,INT098,TP_k06_06,k,0.2105263157894736,0.37142857142857144,0.417543198922718,0.5,0.3818990946666625,True,0.3204244844348707
nested_validation,z|45|0.47|0.15|0.7|1.9,k|23|0.8,k|23|0.8,47630359,INT051,TP_k05_03,k,0.2105263157894736,0.37142857142857144,0.4366452493908614,0.5,0.378796093413738,True,0.3176101316427677
nested_validation,z|45|0.47|0.15|0.7|1.9,k|23|0.8,k|23|0.8,47630362,INT195,TP_k05_01,k,0.2105263157894736,0.37142857142857144,0.3707273111719992,0.5,0.38901123131799875,True,0.33939587151953315
nested_validation,z|45|0.47|0.15|0.7|1.9,k|23|0.8,k|23|0.8,47630371,INT004,TP_k04_02,k,0.2105263157894736,0.37142857142857144,0.4159864951966148,0.5,0.3821469433193219,True,0.3213408737207951
nested_validation,z|45|0.47|0.15|0.7|1.9,k|23|0.8,k|23|0.8,47630383,INT085,TP_k04_01,k,0.2105263157894736,0.37142857142857144,0.417543198922718,0.5,0.3818990946666625,True,0.3204244844348707
nested_validation,z|45|0.47|0.15|0.7|1.9,k|23|0.8,k|23|0.8,47630437,INT003,TP_k07_01,k,0.2105263157894736,0.37142857142857144,0.4159864951966148,0.5,0.3821469433193219,True,0.3213408737207951
nested_validation,z|45|0.47|0.15|0.7|1.9,k|23|0.8,k|23|0.8,47630440,INT103,TP_k04_03,k,0.2105263157894736,0.37142857142857144,0.507423236401391,0.5,0.3663497267333465,True,0.28277445902879766
nested_validation,z|45|0.47|0.15|0.7|1.9,k|23|0.8,k|23|0.8,47630443,INT009,TP_k06_01,k,0.2105263157894736,0.37142857142857144,0.417543198922718,0.5,0.3818990946666625,True,0.3204244844348707
nested_validation,z|45|0.47|0.15|0.7|1.9,k|23|0.8,k|23|0.8,47630674,INT045,TP_k07_02,k,0.2105263157894736,0.37142857142857144,0.417543198922718,0.5,0.3818990946666625,True,0.3204244844348707
nested_validation,z|45|0.47|0.15|0.7|1.9,k|23|0.8,k|23|0.8,47630677,INT080,TP_k07_03,k,0.2105263157894736,0.37142857142857144,0.417543198922718,0.5,0.3818990946666625,True,0.3204244844348707
nested_validation,z|45|0.47|0.15|0.7|1.9,k|23|0.8,k|23|0.8,47630686,INT114,TP_k05_02,k,0.2105263157894736,0.37142857142857144,0.507423236401391,0.5,0.3663497267333465,True,0.28277445902879766
nested_validation,z|45|0.47|0.15|0.7|1.9,k|23|0.8,k|23|0.8,47630689,INT140,TP_k06_02,k,0.2105263157894736,0.37142857142857144,0.3707273111719992,0.5,0.38901123131799875,True,0.33939587151953315
nested_validation,z|45|0.47|0.15|0.7|1.9,k|23|0.8,k|23|0.8,47630692,INT091,TP_k06_03,k,0.2105263157894736,0.37142857142857144,0.507423236401391,0.5,0.3663497267333465,True,0.28277445902879766
nested_validation,z|45|0.47|0.15|0.7|1.9,k|45|0.9,k|45|0.9,47629411,TP_k11_04,TP_k11_04,k,0.1052631578947368,0.6373243861851662,0.7601384437081647,0.5,0.2467659128458542,True,-0.9104958017556016
nested_validation,z|45|0.47|0.15|0.7|1.9,k|45|0.9,k|45|0.9,47629687,TP_k11_06,TP_k11_06,k,0.1052631578947368,0.6373243861851662,0.7842936703443569,0.5,0.24220563872282427,True,-0.8631654506007121
nested_validation,z|45|0.47|0.15|0.7|1.9,k|45|0.9,k|45|0.9,47629774,TP_k11_05,TP_k11_05,k,0.1052631578947368,0.6373243861851662,0.7707657335295923,0.5,0.24476669334739995,True,-0.869356951812526
nested_validation,z|45|0.47|0.15|0.7|1.9,k|45|0.9,k|45|0.9,47630755,TP_k11_02,TP_k11_02,k,0.1052631578947368,0.6373243861851662,0.7598537776791061,0.5,0.24681930521113865,True,-0.9096954378871683
nested_validation,z|45|0.47|0.15|0.7|1.9,k|45|0.9,k|45|0.9,47630773,TP_k11_01,TP_k11_01,k,0.1052631578947368,0.6373243861851662,0.7698599678607464,0.5,0.24493753227512152,True,-0.8968160946635194
nested_validation,z|45|0.47|0.15|0.7|1.9,k|45|0.9,k|45|0.9,47630776,TP_k11_03,TP_k11_03,k,0.1052631578947368,0.6373243861851662,0.7707657335295923,0.5,0.24476669334739995,True,-0.869356951812526
outer_train_fit,z|45|0.47|0.15|0.7|1.9,,k|10|0.2,47627599,167,TP_k01_02,k,0.1578947368421052,0.0,0.3061437710657915,1.0,0.9307237662741161,True,1.5216507121349945
outer_train_fit,z|45|0.47|0.15|0.7|1.9,,k|10|0.2,47627620,057,TP_k01_01,k,0.1578947368421052,0.0,0.3061437710657915,1.0,0.9307237662741161,True,1.5216507121349945
outer_train_fit,z|45|0.47|0.15|0.7|1.9,,k|10|0.2,47627656,012,TP_k01_03,k,0.1578947368421052,0.0,0.3059229147376472,1.0,0.9307866754613926,True,1.5214958899439512
outer_train_fit,z|45|0.47|0.15|0.7|1.9,,k|10|0.2,47628241,070,TP_k01_04,k,0.1578947368421052,0.0,0.2637618626804907,1.0,0.9420321193384711,True,1.572460735634398
outer_train_fit,z|45|0.47|0.15|0.7|1.9,,k|10|0.2,47628313,123,TP_k01_06,k,0.1578947368421052,0.0,0.3178466608520105,1.0,0.9273316616653833,True,1.5054160340744378
outer_train_fit,z|45|0.47|0.15|0.7|1.9,,k|10|0.2,47628373,168,TP_k01_05,k,0.1578947368421052,0.0,0.3061437710657915,1.0,0.9307237662741161,True,1.5216507121349945
outer_train_fit,z|45|0.47|0.15|0.7|1.9,,k|10|0.8,47627623,186,TP_k02_05,k,0.2105263157894736,0.0,0.4547510818883757,1.0,0.8626721093774452,True,0.6978495829885992
outer_train_fit,z|45|0.47|0.15|0.7|1.9,,k|10|0.8,47627629,019,TP_k02_02,k,0.2105263157894736,0.0,0.4547510818883757,1.0,0.8626721093774452,True,0.6978495829885992
outer_train_fit,z|45|0.47|0.15|0.7|1.9,,k|10|0.8,47627638,131,TP_k02_01,k,0.2105263157894736,0.0,0.4547510818883757,1.0,0.8626721093774452,True,0.6978495829885992
outer_train_fit,z|45|0.47|0.15|0.7|1.9,,k|10|0.8,47627647,197,TP_k02_03,k,0.2105263157894736,0.0,0.4547510818883757,1.0,0.8626721093774452,True,0.6978495829885992
outer_train_fit,z|45|0.47|0.15|0.7|1.9,,k|10|0.8,47628259,145,TP_k02_04,k,0.2105263157894736,0.0,0.4547510818883757,1.0,0.8626721093774452,True,0.6978495829885992
outer_train_fit,z|45|0.47|0.15|0.7|1.9,,k|10|0.8,47628265,095,TP_k02_06,k,0.2105263157894736,0.0,0.4547510818883757,1.0,0.8626721093774452,True,0.6978495829885992
outer_train_fit,z|45|0.47|0.15|0.7|1.9,,k|23|0.8,47629804,INT023,TP_k05_05,k,0.2105263157894736,0.0,0.417543198922718,0.5,0.4383929293950374,True,0.3678244602907666
outer_train_fit,z|45|0.47|0.15|0.7|1.9,,k|23|0.8,47629813,INT043,TP_k06_04,k,0.2105263157894736,0.0,0.4297727806457622,0.5,0.43612741953373346,True,0.36596871994679653
outer_train_fit,z|45|0.47|0.15|0.7|1.9,,k|23|0.8,47629819,INT190,TP_k04_06,k,0.2105263157894736,0.0,0.417543198922718,0.5,0.4383929293950374,True,0.3678244602907666
outer_train_fit,z|45|0.47|0.15|0.7|1.9,,k|23|0.8,47629822,INT165,TP_k04_05,k,0.2105263157894736,0.0,0.3707273111719992,0.5,0.44655715514047556,True,0.38960225991082514
outer_train_fit,z|45|0.47|0.15|0.7|1.9,,k|23|0.8,47629831,INT151,TP_k07_06,k,0.2105263157894736,0.0,0.3707273111719992,0.5,0.44655715514047556,True,0.38960225991082514
outer_train_fit,z|45|0.47|0.15|0.7|1.9,,k|23|0.8,47629834,INT134,TP_k07_04,k,0.2105263157894736,0.0,0.3707273111719992,0.5,0.44655715514047556,True,0.38960225991082514
outer_train_fit,z|45|0.47|0.15|0.7|1.9,,k|23|0.8,47629846,INT119,TP_k05_06,k,0.2105263157894736,0.0,0.5063972173396005,0.5,0.4207621450595485,True,0.325553809751484
outer_train_fit,z|45|0.47|0.15|0.7|1.9,,k|23|0.8,47629906,INT066,TP_k05_04,k,0.2105263157894736,0.0,0.4474842291487455,0.5,0.43275238318572146,True,0.365686031928076
outer_train_fit,z|45|0.47|0.15|0.7|1.9,,k|23|0.8,47629909,INT052,TP_k07_05,k,0.2105263157894736,0.0,0.4463930549766443,0.5,0.43296348275905006,True,0.3653997973668506
outer_train_fit,z|45|0.47|0.15|0.7|1.9,,k|23|0.8,47629915,INT090,TP_k04_04,k,0.2105263157894736,0.0,0.4469230531110522,0.5,0.4328610003383941,True,0.36476668445990995
outer_train_fit,z|45|0.47|0.15|0.7|1.9,,k|23|0.8,47629942,INT176,TP_k06_05,k,0.2105263157894736,0.0,0.417543198922718,0.5,0.4383929293950374,True,0.3678244602907666
outer_train_fit,z|45|0.47|0.15|0.7|1.9,,k|23|0.8,47629945,INT098,TP_k06_06,k,0.2105263157894736,0.0,0.417543198922718,0.5,0.4383929293950374,True,0.3678244602907666
outer_train_fit,z|45|0.47|0.15|0.7|1.9,,k|23|0.8,47630359,INT051,TP_k05_03,k,0.2105263157894736,0.0,0.4366452493908614,0.5,0.4348309052159191,True,0.3645937839626176
outer_train_fit,z|45|0.47|0.15|0.7|1.9,,k|23|0.8,47630362,INT195,TP_k05_01,k,0.2105263157894736,0.0,0.3707273111719992,0.5,0.44655715514047556,True,0.38960225991082514
outer_train_fit,z|45|0.47|0.15|0.7|1.9,,k|23|0.8,47630371,INT004,TP_k04_02,k,0.2105263157894736,0.0,0.4159864951966148,0.5,0.43867744197546343,True,0.3688764098479482
outer_train_fit,z|45|0.47|0.15|0.7|1.9,,k|23|0.8,47630383,INT085,TP_k04_01,k,0.2105263157894736,0.0,0.417543198922718,0.5,0.4383929293950374,True,0.3678244602907666
outer_train_fit,z|45|0.47|0.15|0.7|1.9,,k|23|0.8,47630437,INT003,TP_k07_01,k,0.2105263157894736,0.0,0.4159864951966148,0.5,0.43867744197546343,True,0.3688764098479482
outer_train_fit,z|45|0.47|0.15|0.7|1.9,,k|23|0.8,47630440,INT103,TP_k04_03,k,0.2105263157894736,0.0,0.507423236401391,0.5,0.4205433637539415,True,0.3246049157564371
outer_train_fit,z|45|0.47|0.15|0.7|1.9,,k|23|0.8,47630443,INT009,TP_k06_01,k,0.2105263157894736,0.0,0.417543198922718,0.5,0.4383929293950374,True,0.3678244602907666
outer_train_fit,z|45|0.47|0.15|0.7|1.9,,k|23|0.8,47630674,INT045,TP_k07_02,k,0.2105263157894736,0.0,0.417543198922718,0.5,0.4383929293950374,True,0.3678244602907666
outer_train_fit,z|45|0.47|0.15|0.7|1.9,,k|23|0.8,47630677,INT080,TP_k07_03,k,0.2105263157894736,0.0,0.417543198922718,0.5,0.4383929293950374,True,0.3678244602907666
outer_train_fit,z|45|0.47|0.15|0.7|1.9,,k|23|0.8,47630686,INT114,TP_k05_02,k,0.2105263157894736,0.0,0.507423236401391,0.5,0.4205433637539415,True,0.3246049157564371
outer_train_fit,z|45|0.47|0.15|0.7|1.9,,k|23|0.8,47630689,INT140,TP_k06_02,k,0.2105263157894736,0.0,0.3707273111719992,0.5,0.44655715514047556,True,0.38960225991082514
outer_train_fit,z|45|0.47|0.15|0.7|1.9,,k|23|0.8,47630692,INT091,TP_k06_03,k,0.2105263157894736,0.0,0.507423236401391,0.5,0.4205433637539415,True,0.3246049157564371
outer_train_fit,z|45|0.47|0.15|0.7|1.9,,k|45|0.9,47629411,TP_k11_04,TP_k11_04,k,0.1052631578947368,0.0,0.7601384437081647,0.5,0.3704144593790991,True,-1.3667236543521928
outer_train_fit,z|45|0.47|0.15|0.7|1.9,,k|45|0.9,47629687,TP_k11_06,TP_k11_06,k,0.1052631578947368,0.0,0.7842936703443569,0.5,0.3635691400462065,True,-1.2956771867381152
outer_train_fit,z|45|0.47|0.15|0.7|1.9,,k|45|0.9,47629774,TP_k11_05,TP_k11_05,k,0.1052631578947368,0.0,0.7707657335295923,0.5,0.36741347840421595,True,-1.3049711023671822
outer_train_fit,z|45|0.47|0.15|0.7|1.9,,k|45|0.9,47630755,TP_k11_02,TP_k11_02,k,0.1052631578947368,0.0,0.7598537776791061,0.5,0.37049460539235407,True,-1.3655222471310202
outer_train_fit,z|45|0.47|0.15|0.7|1.9,,k|45|0.9,47630773,TP_k11_01,TP_k11_01,k,0.1052631578947368,0.0,0.7698599678607464,0.5,0.36766992066693815,True,-1.3461893704693808
outer_train_fit,z|45|0.47|0.15|0.7|1.9,,k|45|0.9,47630776,TP_k11_03,TP_k11_03,k,0.1052631578947368,0.0,0.7707657335295923,0.5,0.36741347840421595,True,-1.3049711023671822
nested_validation,z|45|0.52|0.05|0.3|0.7,k|10|0.2,k|10|0.2,47627599,167,TP_k01_02,k,0.1578947368421052,0.631578947368421,0.3061437710657915,1.0,0.6245744638575348,True,1.0211237879040511
nested_validation,z|45|0.52|0.05|0.3|0.7,k|10|0.2,k|10|0.2,47627620,057,TP_k01_01,k,0.1578947368421052,0.631578947368421,0.3061437710657915,1.0,0.6245744638575348,True,1.0211237879040511
nested_validation,z|45|0.52|0.05|0.3|0.7,k|10|0.2,k|10|0.2,47627656,012,TP_k01_03,k,0.1578947368421052,0.631578947368421,0.3059229147376472,1.0,0.6246166798977164,True,1.0210198924299394
nested_validation,z|45|0.52|0.05|0.3|0.7,k|10|0.2,k|10|0.2,47628241,070,TP_k01_04,k,0.1578947368421052,0.631578947368421,0.2637618626804907,1.0,0.6321630833902191,True,1.0552205245897053
nested_validation,z|45|0.52|0.05|0.3|0.7,k|10|0.2,k|10|0.2,47628313,123,TP_k01_06,k,0.1578947368421052,0.631578947368421,0.3178466608520105,1.0,0.6222981473024851,True,1.0102292929819288
nested_validation,z|45|0.52|0.05|0.3|0.7,k|10|0.2,k|10|0.2,47628373,168,TP_k01_05,k,0.1578947368421052,0.631578947368421,0.3061437710657915,1.0,0.6245744638575348,True,1.0211237879040511
nested_validation,z|45|0.52|0.05|0.3|0.7,k|10|0.8,k|10|0.8,47627623,186,TP_k02_05,k,0.2105263157894736,0.37142857142857144,0.4547510818883757,1.0,0.7515032188590671,True,0.6079206713589639
nested_validation,z|45|0.52|0.05|0.3|0.7,k|10|0.8,k|10|0.8,47627629,019,TP_k02_02,k,0.2105263157894736,0.37142857142857144,0.4547510818883757,1.0,0.7515032188590671,True,0.6079206713589639
nested_validation,z|45|0.52|0.05|0.3|0.7,k|10|0.8,k|10|0.8,47627638,131,TP_k02_01,k,0.2105263157894736,0.37142857142857144,0.4547510818883757,1.0,0.7515032188590671,True,0.6079206713589639
nested_validation,z|45|0.52|0.05|0.3|0.7,k|10|0.8,k|10|0.8,47627647,197,TP_k02_03,k,0.2105263157894736,0.37142857142857144,0.4547510818883757,1.0,0.7515032188590671,True,0.6079206713589639
nested_validation,z|45|0.52|0.05|0.3|0.7,k|10|0.8,k|10|0.8,47628259,145,TP_k02_04,k,0.2105263157894736,0.37142857142857144,0.4547510818883757,1.0,0.7515032188590671,True,0.6079206713589639
nested_validation,z|45|0.52|0.05|0.3|0.7,k|10|0.8,k|10|0.8,47628265,095,TP_k02_06,k,0.2105263157894736,0.37142857142857144,0.4547510818883757,1.0,0.7515032188590671,True,0.6079206713589639
nested_validation,z|45|0.52|0.05|0.3|0.7,k|23|0.8,k|23|0.8,47629804,INT023,TP_k05_05,k,0.2105263157894736,0.37142857142857144,0.417543198922718,0.5,0.3818990946666625,True,0.3204244844348707
nested_validation,z|45|0.52|0.05|0.3|0.7,k|23|0.8,k|23|0.8,47629813,INT043,TP_k06_04,k,0.2105263157894736,0.37142857142857144,0.4297727806457622,0.5,0.3799255314383862,True,0.31880788546673366
nested_validation,z|45|0.52|0.05|0.3|0.7,k|23|0.8,k|23|0.8,47629819,INT190,TP_k04_06,k,0.2105263157894736,0.37142857142857144,0.417543198922718,0.5,0.3818990946666625,True,0.3204244844348707
nested_validation,z|45|0.52|0.05|0.3|0.7,k|23|0.8,k|23|0.8,47629822,INT165,TP_k04_05,k,0.2105263157894736,0.37142857142857144,0.3707273111719992,0.5,0.38901123131799875,True,0.33939587151953315
nested_validation,z|45|0.52|0.05|0.3|0.7,k|23|0.8,k|23|0.8,47629831,INT151,TP_k07_06,k,0.2105263157894736,0.37142857142857144,0.3707273111719992,0.5,0.38901123131799875,True,0.33939587151953315
nested_validation,z|45|0.52|0.05|0.3|0.7,k|23|0.8,k|23|0.8,47629834,INT134,TP_k07_04,k,0.2105263157894736,0.37142857142857144,0.3707273111719992,0.5,0.38901123131799875,True,0.33939587151953315
nested_validation,z|45|0.52|0.05|0.3|0.7,k|23|0.8,k|23|0.8,47629846,INT119,TP_k05_06,k,0.2105263157894736,0.37142857142857144,0.5063972173396005,0.5,0.3665403146213778,True,0.2836010730851491
nested_validation,z|45|0.52|0.05|0.3|0.7,k|23|0.8,k|23|0.8,47629906,INT066,TP_k05_04,k,0.2105263157894736,0.37142857142857144,0.4474842291487455,0.5,0.3769854216890079,True,0.31856162625226264
nested_validation,z|45|0.52|0.05|0.3|0.7,k|23|0.8,k|23|0.8,47629909,INT052,TP_k07_05,k,0.2105263157894736,0.37142857142857144,0.4463930549766443,0.5,0.3771693177569713,True,0.31831227752315533
nested_validation,z|45|0.52|0.05|0.3|0.7,k|23|0.8,k|23|0.8,47629915,INT090,TP_k04_04,k,0.2105263157894736,0.37142857142857144,0.4469230531110522,0.5,0.37708004181056914,True,0.3177607511873723
nested_validation,z|45|0.52|0.05|0.3|0.7,k|23|0.8,k|23|0.8,47629942,INT176,TP_k06_05,k,0.2105263157894736,0.37142857142857144,0.417543198922718,0.5,0.3818990946666625,True,0.3204244844348707
nested_validation,z|45|0.52|0.05|0.3|0.7,k|23|0.8,k|23|0.8,47629945,INT098,TP_k06_06,k,0.2105263157894736,0.37142857142857144,0.417543198922718,0.5,0.3818990946666625,True,0.3204244844348707
nested_validation,z|45|0.52|0.05|0.3|0.7,k|23|0.8,k|23|0.8,47630359,INT051,TP_k05_03,k,0.2105263157894736,0.37142857142857144,0.4366452493908614,0.5,0.378796093413738,True,0.3176101316427677
nested_validation,z|45|0.52|0.05|0.3|0.7,k|23|0.8,k|23|0.8,47630362,INT195,TP_k05_01,k,0.2105263157894736,0.37142857142857144,0.3707273111719992,0.5,0.38901123131799875,True,0.33939587151953315
nested_validation,z|45|0.52|0.05|0.3|0.7,k|23|0.8,k|23|0.8,47630371,INT004,TP_k04_02,k,0.2105263157894736,0.37142857142857144,0.4159864951966148,0.5,0.3821469433193219,True,0.3213408737207951
nested_validation,z|45|0.52|0.05|0.3|0.7,k|23|0.8,k|23|0.8,47630383,INT085,TP_k04_01,k,0.2105263157894736,0.37142857142857144,0.417543198922718,0.5,0.3818990946666625,True,0.3204244844348707
nested_validation,z|45|0.52|0.05|0.3|0.7,k|23|0.8,k|23|0.8,47630437,INT003,TP_k07_01,k,0.2105263157894736,0.37142857142857144,0.4159864951966148,0.5,0.3821469433193219,True,0.3213408737207951
nested_validation,z|45|0.52|0.05|0.3|0.7,k|23|0.8,k|23|0.8,47630440,INT103,TP_k04_03,k,0.2105263157894736,0.37142857142857144,0.507423236401391,0.5,0.3663497267333465,True,0.28277445902879766
nested_validation,z|45|0.52|0.05|0.3|0.7,k|23|0.8,k|23|0.8,47630443,INT009,TP_k06_01,k,0.2105263157894736,0.37142857142857144,0.417543198922718,0.5,0.3818990946666625,True,0.3204244844348707
nested_validation,z|45|0.52|0.05|0.3|0.7,k|23|0.8,k|23|0.8,47630674,INT045,TP_k07_02,k,0.2105263157894736,0.37142857142857144,0.417543198922718,0.5,0.3818990946666625,True,0.3204244844348707
nested_validation,z|45|0.52|0.05|0.3|0.7,k|23|0.8,k|23|0.8,47630677,INT080,TP_k07_03,k,0.2105263157894736,0.37142857142857144,0.417543198922718,0.5,0.3818990946666625,True,0.3204244844348707
nested_validation,z|45|0.52|0.05|0.3|0.7,k|23|0.8,k|23|0.8,47630686,INT114,TP_k05_02,k,0.2105263157894736,0.37142857142857144,0.507423236401391,0.5,0.3663497267333465,True,0.28277445902879766
nested_validation,z|45|0.52|0.05|0.3|0.7,k|23|0.8,k|23|0.8,47630689,INT140,TP_k06_02,k,0.2105263157894736,0.37142857142857144,0.3707273111719992,0.5,0.38901123131799875,True,0.33939587151953315
nested_validation,z|45|0.52|0.05|0.3|0.7,k|23|0.8,k|23|0.8,47630692,INT091,TP_k06_03,k,0.2105263157894736,0.37142857142857144,0.507423236401391,0.5,0.3663497267333465,True,0.28277445902879766
nested_validation,z|45|0.52|0.05|0.3|0.7,k|45|0.9,k|45|0.9,47629411,TP_k11_04,TP_k11_04,k,0.1052631578947368,0.6373243861851662,0.7601384437081647,0.5,0.2467659128458542,True,-0.9104958017556016
nested_validation,z|45|0.52|0.05|0.3|0.7,k|45|0.9,k|45|0.9,47629687,TP_k11_06,TP_k11_06,k,0.1052631578947368,0.6373243861851662,0.7842936703443569,0.5,0.24220563872282427,True,-0.8631654506007121
nested_validation,z|45|0.52|0.05|0.3|0.7,k|45|0.9,k|45|0.9,47629774,TP_k11_05,TP_k11_05,k,0.1052631578947368,0.6373243861851662,0.7707657335295923,0.5,0.24476669334739995,True,-0.869356951812526
nested_validation,z|45|0.52|0.05|0.3|0.7,k|45|0.9,k|45|0.9,47630755,TP_k11_02,TP_k11_02,k,0.1052631578947368,0.6373243861851662,0.7598537776791061,0.5,0.24681930521113865,True,-0.9096954378871683
nested_validation,z|45|0.52|0.05|0.3|0.7,k|45|0.9,k|45|0.9,47630773,TP_k11_01,TP_k11_01,k,0.1052631578947368,0.6373243861851662,0.7698599678607464,0.5,0.24493753227512152,True,-0.8968160946635194
nested_validation,z|45|0.52|0.05|0.3|0.7,k|45|0.9,k|45|0.9,47630776,TP_k11_03,TP_k11_03,k,0.1052631578947368,0.6373243861851662,0.7707657335295923,0.5,0.24476669334739995,True,-0.869356951812526
outer_train_fit,z|45|0.52|0.05|0.3|0.7,,k|10|0.2,47627599,167,TP_k01_02,k,0.1578947368421052,0.0,0.3061437710657915,1.0,0.9307237662741161,True,1.5216507121349945
outer_train_fit,z|45|0.52|0.05|0.3|0.7,,k|10|0.2,47627620,057,TP_k01_01,k,0.1578947368421052,0.0,0.3061437710657915,1.0,0.9307237662741161,True,1.5216507121349945
outer_train_fit,z|45|0.52|0.05|0.3|0.7,,k|10|0.2,47627656,012,TP_k01_03,k,0.1578947368421052,0.0,0.3059229147376472,1.0,0.9307866754613926,True,1.5214958899439512
outer_train_fit,z|45|0.52|0.05|0.3|0.7,,k|10|0.2,47628241,070,TP_k01_04,k,0.1578947368421052,0.0,0.2637618626804907,1.0,0.9420321193384711,True,1.572460735634398
outer_train_fit,z|45|0.52|0.05|0.3|0.7,,k|10|0.2,47628313,123,TP_k01_06,k,0.1578947368421052,0.0,0.3178466608520105,1.0,0.9273316616653833,True,1.5054160340744378
outer_train_fit,z|45|0.52|0.05|0.3|0.7,,k|10|0.2,47628373,168,TP_k01_05,k,0.1578947368421052,0.0,0.3061437710657915,1.0,0.9307237662741161,True,1.5216507121349945
outer_train_fit,z|45|0.52|0.05|0.3|0.7,,k|10|0.8,47627623,186,TP_k02_05,k,0.2105263157894736,0.0,0.4547510818883757,1.0,0.8626721093774452,True,0.6978495829885992
outer_train_fit,z|45|0.52|0.05|0.3|0.7,,k|10|0.8,47627629,019,TP_k02_02,k,0.2105263157894736,0.0,0.4547510818883757,1.0,0.8626721093774452,True,0.6978495829885992
outer_train_fit,z|45|0.52|0.05|0.3|0.7,,k|10|0.8,47627638,131,TP_k02_01,k,0.2105263157894736,0.0,0.4547510818883757,1.0,0.8626721093774452,True,0.6978495829885992
outer_train_fit,z|45|0.52|0.05|0.3|0.7,,k|10|0.8,47627647,197,TP_k02_03,k,0.2105263157894736,0.0,0.4547510818883757,1.0,0.8626721093774452,True,0.6978495829885992
outer_train_fit,z|45|0.52|0.05|0.3|0.7,,k|10|0.8,47628259,145,TP_k02_04,k,0.2105263157894736,0.0,0.4547510818883757,1.0,0.8626721093774452,True,0.6978495829885992
outer_train_fit,z|45|0.52|0.05|0.3|0.7,,k|10|0.8,47628265,095,TP_k02_06,k,0.2105263157894736,0.0,0.4547510818883757,1.0,0.8626721093774452,True,0.6978495829885992
outer_train_fit,z|45|0.52|0.05|0.3|0.7,,k|23|0.8,47629804,INT023,TP_k05_05,k,0.2105263157894736,0.0,0.417543198922718,0.5,0.4383929293950374,True,0.3678244602907666
outer_train_fit,z|45|0.52|0.05|0.3|0.7,,k|23|0.8,47629813,INT043,TP_k06_04,k,0.2105263157894736,0.0,0.4297727806457622,0.5,0.43612741953373346,True,0.36596871994679653
outer_train_fit,z|45|0.52|0.05|0.3|0.7,,k|23|0.8,47629819,INT190,TP_k04_06,k,0.2105263157894736,0.0,0.417543198922718,0.5,0.4383929293950374,True,0.3678244602907666
outer_train_fit,z|45|0.52|0.05|0.3|0.7,,k|23|0.8,47629822,INT165,TP_k04_05,k,0.2105263157894736,0.0,0.3707273111719992,0.5,0.44655715514047556,True,0.38960225991082514
outer_train_fit,z|45|0.52|0.05|0.3|0.7,,k|23|0.8,47629831,INT151,TP_k07_06,k,0.2105263157894736,0.0,0.3707273111719992,0.5,0.44655715514047556,True,0.38960225991082514
outer_train_fit,z|45|0.52|0.05|0.3|0.7,,k|23|0.8,47629834,INT134,TP_k07_04,k,0.2105263157894736,0.0,0.3707273111719992,0.5,0.44655715514047556,True,0.38960225991082514
outer_train_fit,z|45|0.52|0.05|0.3|0.7,,k|23|0.8,47629846,INT119,TP_k05_06,k,0.2105263157894736,0.0,0.5063972173396005,0.5,0.4207621450595485,True,0.325553809751484
outer_train_fit,z|45|0.52|0.05|0.3|0.7,,k|23|0.8,47629906,INT066,TP_k05_04,k,0.2105263157894736,0.0,0.4474842291487455,0.5,0.43275238318572146,True,0.365686031928076
outer_train_fit,z|45|0.52|0.05|0.3|0.7,,k|23|0.8,47629909,INT052,TP_k07_05,k,0.2105263157894736,0.0,0.4463930549766443,0.5,0.43296348275905006,True,0.3653997973668506
outer_train_fit,z|45|0.52|0.05|0.3|0.7,,k|23|0.8,47629915,INT090,TP_k04_04,k,0.2105263157894736,0.0,0.4469230531110522,0.5,0.4328610003383941,True,0.36476668445990995
outer_train_fit,z|45|0.52|0.05|0.3|0.7,,k|23|0.8,47629942,INT176,TP_k06_05,k,0.2105263157894736,0.0,0.417543198922718,0.5,0.4383929293950374,True,0.3678244602907666
outer_train_fit,z|45|0.52|0.05|0.3|0.7,,k|23|0.8,47629945,INT098,TP_k06_06,k,0.2105263157894736,0.0,0.417543198922718,0.5,0.4383929293950374,True,0.3678244602907666
outer_train_fit,z|45|0.52|0.05|0.3|0.7,,k|23|0.8,47630359,INT051,TP_k05_03,k,0.2105263157894736,0.0,0.4366452493908614,0.5,0.4348309052159191,True,0.3645937839626176
outer_train_fit,z|45|0.52|0.05|0.3|0.7,,k|23|0.8,47630362,INT195,TP_k05_01,k,0.2105263157894736,0.0,0.3707273111719992,0.5,0.44655715514047556,True,0.38960225991082514
outer_train_fit,z|45|0.52|0.05|0.3|0.7,,k|23|0.8,47630371,INT004,TP_k04_02,k,0.2105263157894736,0.0,0.4159864951966148,0.5,0.43867744197546343,True,0.3688764098479482
outer_train_fit,z|45|0.52|0.05|0.3|0.7,,k|23|0.8,47630383,INT085,TP_k04_01,k,0.2105263157894736,0.0,0.417543198922718,0.5,0.4383929293950374,True,0.3678244602907666
outer_train_fit,z|45|0.52|0.05|0.3|0.7,,k|23|0.8,47630437,INT003,TP_k07_01,k,0.2105263157894736,0.0,0.4159864951966148,0.5,0.43867744197546343,True,0.3688764098479482
outer_train_fit,z|45|0.52|0.05|0.3|0.7,,k|23|0.8,47630440,INT103,TP_k04_03,k,0.2105263157894736,0.0,0.507423236401391,0.5,0.4205433637539415,True,0.3246049157564371
outer_train_fit,z|45|0.52|0.05|0.3|0.7,,k|23|0.8,47630443,INT009,TP_k06_01,k,0.2105263157894736,0.0,0.417543198922718,0.5,0.4383929293950374,True,0.3678244602907666
outer_train_fit,z|45|0.52|0.05|0.3|0.7,,k|23|0.8,47630674,INT045,TP_k07_02,k,0.2105263157894736,0.0,0.417543198922718,0.5,0.4383929293950374,True,0.3678244602907666
outer_train_fit,z|45|0.52|0.05|0.3|0.7,,k|23|0.8,47630677,INT080,TP_k07_03,k,0.2105263157894736,0.0,0.417543198922718,0.5,0.4383929293950374,True,0.3678244602907666
outer_train_fit,z|45|0.52|0.05|0.3|0.7,,k|23|0.8,47630686,INT114,TP_k05_02,k,0.2105263157894736,0.0,0.507423236401391,0.5,0.4205433637539415,True,0.3246049157564371
outer_train_fit,z|45|0.52|0.05|0.3|0.7,,k|23|0.8,47630689,INT140,TP_k06_02,k,0.2105263157894736,0.0,0.3707273111719992,0.5,0.44655715514047556,True,0.38960225991082514
outer_train_fit,z|45|0.52|0.05|0.3|0.7,,k|23|0.8,47630692,INT091,TP_k06_03,k,0.2105263157894736,0.0,0.507423236401391,0.5,0.4205433637539415,True,0.3246049157564371
outer_train_fit,z|45|0.52|0.05|0.3|0.7,,k|45|0.9,47629411,TP_k11_04,TP_k11_04,k,0.1052631578947368,0.0,0.7601384437081647,0.5,0.3704144593790991,True,-1.3667236543521928
outer_train_fit,z|45|0.52|0.05|0.3|0.7,,k|45|0.9,47629687,TP_k11_06,TP_k11_06,k,0.1052631578947368,0.0,0.7842936703443569,0.5,0.3635691400462065,True,-1.2956771867381152
outer_train_fit,z|45|0.52|0.05|0.3|0.7,,k|45|0.9,47629774,TP_k11_05,TP_k11_05,k,0.1052631578947368,0.0,0.7707657335295923,0.5,0.36741347840421595,True,-1.3049711023671822
outer_train_fit,z|45|0.52|0.05|0.3|0.7,,k|45|0.9,47630755,TP_k11_02,TP_k11_02,k,0.1052631578947368,0.0,0.7598537776791061,0.5,0.37049460539235407,True,-1.3655222471310202
outer_train_fit,z|45|0.52|0.05|0.3|0.7,,k|45|0.9,47630773,TP_k11_01,TP_k11_01,k,0.1052631578947368,0.0,0.7698599678607464,0.5,0.36766992066693815,True,-1.3461893704693808
outer_train_fit,z|45|0.52|0.05|0.3|0.7,,k|45|0.9,47630776,TP_k11_03,TP_k11_03,k,0.1052631578947368,0.0,0.7707657335295923,0.5,0.36741347840421595,True,-1.3049711023671822
nested_validation,z|45|0.8|0.6|0.24|2,k|10|0.2,k|10|0.2,47627599,167,TP_k01_02,k,0.1578947368421052,0.631578947368421,0.3061437710657915,1.0,0.6245744638575348,True,1.0211237879040511
nested_validation,z|45|0.8|0.6|0.24|2,k|10|0.2,k|10|0.2,47627620,057,TP_k01_01,k,0.1578947368421052,0.631578947368421,0.3061437710657915,1.0,0.6245744638575348,True,1.0211237879040511
nested_validation,z|45|0.8|0.6|0.24|2,k|10|0.2,k|10|0.2,47627656,012,TP_k01_03,k,0.1578947368421052,0.631578947368421,0.3059229147376472,1.0,0.6246166798977164,True,1.0210198924299394
nested_validation,z|45|0.8|0.6|0.24|2,k|10|0.2,k|10|0.2,47628241,070,TP_k01_04,k,0.1578947368421052,0.631578947368421,0.2637618626804907,1.0,0.6321630833902191,True,1.0552205245897053
nested_validation,z|45|0.8|0.6|0.24|2,k|10|0.2,k|10|0.2,47628313,123,TP_k01_06,k,0.1578947368421052,0.631578947368421,0.3178466608520105,1.0,0.6222981473024851,True,1.0102292929819288
nested_validation,z|45|0.8|0.6|0.24|2,k|10|0.2,k|10|0.2,47628373,168,TP_k01_05,k,0.1578947368421052,0.631578947368421,0.3061437710657915,1.0,0.6245744638575348,True,1.0211237879040511
nested_validation,z|45|0.8|0.6|0.24|2,k|10|0.8,k|10|0.8,47627623,186,TP_k02_05,k,0.2105263157894736,0.37142857142857144,0.4547510818883757,1.0,0.7515032188590671,True,0.6079206713589639
nested_validation,z|45|0.8|0.6|0.24|2,k|10|0.8,k|10|0.8,47627629,019,TP_k02_02,k,0.2105263157894736,0.37142857142857144,0.4547510818883757,1.0,0.7515032188590671,True,0.6079206713589639
nested_validation,z|45|0.8|0.6|0.24|2,k|10|0.8,k|10|0.8,47627638,131,TP_k02_01,k,0.2105263157894736,0.37142857142857144,0.4547510818883757,1.0,0.7515032188590671,True,0.6079206713589639
nested_validation,z|45|0.8|0.6|0.24|2,k|10|0.8,k|10|0.8,47627647,197,TP_k02_03,k,0.2105263157894736,0.37142857142857144,0.4547510818883757,1.0,0.7515032188590671,True,0.6079206713589639
nested_validation,z|45|0.8|0.6|0.24|2,k|10|0.8,k|10|0.8,47628259,145,TP_k02_04,k,0.2105263157894736,0.37142857142857144,0.4547510818883757,1.0,0.7515032188590671,True,0.6079206713589639
nested_validation,z|45|0.8|0.6|0.24|2,k|10|0.8,k|10|0.8,47628265,095,TP_k02_06,k,0.2105263157894736,0.37142857142857144,0.4547510818883757,1.0,0.7515032188590671,True,0.6079206713589639
nested_validation,z|45|0.8|0.6|0.24|2,k|23|0.8,k|23|0.8,47629804,INT023,TP_k05_05,k,0.2105263157894736,0.37142857142857144,0.417543198922718,0.5,0.3818990946666625,True,0.3204244844348707
nested_validation,z|45|0.8|0.6|0.24|2,k|23|0.8,k|23|0.8,47629813,INT043,TP_k06_04,k,0.2105263157894736,0.37142857142857144,0.4297727806457622,0.5,0.3799255314383862,True,0.31880788546673366
nested_validation,z|45|0.8|0.6|0.24|2,k|23|0.8,k|23|0.8,47629819,INT190,TP_k04_06,k,0.2105263157894736,0.37142857142857144,0.417543198922718,0.5,0.3818990946666625,True,0.3204244844348707
nested_validation,z|45|0.8|0.6|0.24|2,k|23|0.8,k|23|0.8,47629822,INT165,TP_k04_05,k,0.2105263157894736,0.37142857142857144,0.3707273111719992,0.5,0.38901123131799875,True,0.33939587151953315
nested_validation,z|45|0.8|0.6|0.24|2,k|23|0.8,k|23|0.8,47629831,INT151,TP_k07_06,k,0.2105263157894736,0.37142857142857144,0.3707273111719992,0.5,0.38901123131799875,True,0.33939587151953315
nested_validation,z|45|0.8|0.6|0.24|2,k|23|0.8,k|23|0.8,47629834,INT134,TP_k07_04,k,0.2105263157894736,0.37142857142857144,0.3707273111719992,0.5,0.38901123131799875,True,0.33939587151953315
nested_validation,z|45|0.8|0.6|0.24|2,k|23|0.8,k|23|0.8,47629846,INT119,TP_k05_06,k,0.2105263157894736,0.37142857142857144,0.5063972173396005,0.5,0.3665403146213778,True,0.2836010730851491
nested_validation,z|45|0.8|0.6|0.24|2,k|23|0.8,k|23|0.8,47629906,INT066,TP_k05_04,k,0.2105263157894736,0.37142857142857144,0.4474842291487455,0.5,0.3769854216890079,True,0.31856162625226264
nested_validation,z|45|0.8|0.6|0.24|2,k|23|0.8,k|23|0.8,47629909,INT052,TP_k07_05,k,0.2105263157894736,0.37142857142857144,0.4463930549766443,0.5,0.3771693177569713,True,0.31831227752315533
nested_validation,z|45|0.8|0.6|0.24|2,k|23|0.8,k|23|0.8,47629915,INT090,TP_k04_04,k,0.2105263157894736,0.37142857142857144,0.4469230531110522,0.5,0.37708004181056914,True,0.3177607511873723
nested_validation,z|45|0.8|0.6|0.24|2,k|23|0.8,k|23|0.8,47629942,INT176,TP_k06_05,k,0.2105263157894736,0.37142857142857144,0.417543198922718,0.5,0.3818990946666625,True,0.3204244844348707
nested_validation,z|45|0.8|0.6|0.24|2,k|23|0.8,k|23|0.8,47629945,INT098,TP_k06_06,k,0.2105263157894736,0.37142857142857144,0.417543198922718,0.5,0.3818990946666625,True,0.3204244844348707
nested_validation,z|45|0.8|0.6|0.24|2,k|23|0.8,k|23|0.8,47630359,INT051,TP_k05_03,k,0.2105263157894736,0.37142857142857144,0.4366452493908614,0.5,0.378796093413738,True,0.3176101316427677
nested_validation,z|45|0.8|0.6|0.24|2,k|23|0.8,k|23|0.8,47630362,INT195,TP_k05_01,k,0.2105263157894736,0.37142857142857144,0.3707273111719992,0.5,0.38901123131799875,True,0.33939587151953315
nested_validation,z|45|0.8|0.6|0.24|2,k|23|0.8,k|23|0.8,47630371,INT004,TP_k04_02,k,0.2105263157894736,0.37142857142857144,0.4159864951966148,0.5,0.3821469433193219,True,0.3213408737207951
nested_validation,z|45|0.8|0.6|0.24|2,k|23|0.8,k|23|0.8,47630383,INT085,TP_k04_01,k,0.2105263157894736,0.37142857142857144,0.417543198922718,0.5,0.3818990946666625,True,0.3204244844348707
nested_validation,z|45|0.8|0.6|0.24|2,k|23|0.8,k|23|0.8,47630437,INT003,TP_k07_01,k,0.2105263157894736,0.37142857142857144,0.4159864951966148,0.5,0.3821469433193219,True,0.3213408737207951
nested_validation,z|45|0.8|0.6|0.24|2,k|23|0.8,k|23|0.8,47630440,INT103,TP_k04_03,k,0.2105263157894736,0.37142857142857144,0.507423236401391,0.5,0.3663497267333465,True,0.28277445902879766
nested_validation,z|45|0.8|0.6|0.24|2,k|23|0.8,k|23|0.8,47630443,INT009,TP_k06_01,k,0.2105263157894736,0.37142857142857144,0.417543198922718,0.5,0.3818990946666625,True,0.3204244844348707
nested_validation,z|45|0.8|0.6|0.24|2,k|23|0.8,k|23|0.8,47630674,INT045,TP_k07_02,k,0.2105263157894736,0.37142857142857144,0.417543198922718,0.5,0.3818990946666625,True,0.3204244844348707
nested_validation,z|45|0.8|0.6|0.24|2,k|23|0.8,k|23|0.8,47630677,INT080,TP_k07_03,k,0.2105263157894736,0.37142857142857144,0.417543198922718,0.5,0.3818990946666625,True,0.3204244844348707
nested_validation,z|45|0.8|0.6|0.24|2,k|23|0.8,k|23|0.8,47630686,INT114,TP_k05_02,k,0.2105263157894736,0.37142857142857144,0.507423236401391,0.5,0.3663497267333465,True,0.28277445902879766
nested_validation,z|45|0.8|0.6|0.24|2,k|23|0.8,k|23|0.8,47630689,INT140,TP_k06_02,k,0.2105263157894736,0.37142857142857144,0.3707273111719992,0.5,0.38901123131799875,True,0.33939587151953315
nested_validation,z|45|0.8|0.6|0.24|2,k|23|0.8,k|23|0.8,47630692,INT091,TP_k06_03,k,0.2105263157894736,0.37142857142857144,0.507423236401391,0.5,0.3663497267333465,True,0.28277445902879766
nested_validation,z|45|0.8|0.6|0.24|2,k|45|0.9,k|45|0.9,47629411,TP_k11_04,TP_k11_04,k,0.1052631578947368,0.6373243861851662,0.7601384437081647,0.5,0.2467659128458542,True,-0.9104958017556016
nested_validation,z|45|0.8|0.6|0.24|2,k|45|0.9,k|45|0.9,47629687,TP_k11_06,TP_k11_06,k,0.1052631578947368,0.6373243861851662,0.7842936703443569,0.5,0.24220563872282427,True,-0.8631654506007121
nested_validation,z|45|0.8|0.6|0.24|2,k|45|0.9,k|45|0.9,47629774,TP_k11_05,TP_k11_05,k,0.1052631578947368,0.6373243861851662,0.7707657335295923,0.5,0.24476669334739995,True,-0.869356951812526
nested_validation,z|45|0.8|0.6|0.24|2,k|45|0.9,k|45|0.9,47630755,TP_k11_02,TP_k11_02,k,0.1052631578947368,0.6373243861851662,0.7598537776791061,0.5,0.24681930521113865,True,-0.9096954378871683
nested_validation,z|45|0.8|0.6|0.24|2,k|45|0.9,k|45|0.9,47630773,TP_k11_01,TP_k11_01,k,0.1052631578947368,0.6373243861851662,0.7698599678607464,0.5,0.24493753227512152,True,-0.8968160946635194
nested_validation,z|45|0.8|0.6|0.24|2,k|45|0.9,k|45|0.9,47630776,TP_k11_03,TP_k11_03,k,0.1052631578947368,0.6373243861851662,0.7707657335295923,0.5,0.24476669334739995,True,-0.869356951812526
outer_train_fit,z|45|0.8|0.6|0.24|2,,k|10|0.2,47627599,167,TP_k01_02,k,0.1578947368421052,0.0,0.3061437710657915,1.0,0.9307237662741161,True,1.5216507121349945
outer_train_fit,z|45|0.8|0.6|0.24|2,,k|10|0.2,47627620,057,TP_k01_01,k,0.1578947368421052,0.0,0.3061437710657915,1.0,0.9307237662741161,True,1.5216507121349945
outer_train_fit,z|45|0.8|0.6|0.24|2,,k|10|0.2,47627656,012,TP_k01_03,k,0.1578947368421052,0.0,0.3059229147376472,1.0,0.9307866754613926,True,1.5214958899439512
outer_train_fit,z|45|0.8|0.6|0.24|2,,k|10|0.2,47628241,070,TP_k01_04,k,0.1578947368421052,0.0,0.2637618626804907,1.0,0.9420321193384711,True,1.572460735634398
outer_train_fit,z|45|0.8|0.6|0.24|2,,k|10|0.2,47628313,123,TP_k01_06,k,0.1578947368421052,0.0,0.3178466608520105,1.0,0.9273316616653833,True,1.5054160340744378
outer_train_fit,z|45|0.8|0.6|0.24|2,,k|10|0.2,47628373,168,TP_k01_05,k,0.1578947368421052,0.0,0.3061437710657915,1.0,0.9307237662741161,True,1.5216507121349945
outer_train_fit,z|45|0.8|0.6|0.24|2,,k|10|0.8,47627623,186,TP_k02_05,k,0.2105263157894736,0.0,0.4547510818883757,1.0,0.8626721093774452,True,0.6978495829885992
outer_train_fit,z|45|0.8|0.6|0.24|2,,k|10|0.8,47627629,019,TP_k02_02,k,0.2105263157894736,0.0,0.4547510818883757,1.0,0.8626721093774452,True,0.6978495829885992
outer_train_fit,z|45|0.8|0.6|0.24|2,,k|10|0.8,47627638,131,TP_k02_01,k,0.2105263157894736,0.0,0.4547510818883757,1.0,0.8626721093774452,True,0.6978495829885992
outer_train_fit,z|45|0.8|0.6|0.24|2,,k|10|0.8,47627647,197,TP_k02_03,k,0.2105263157894736,0.0,0.4547510818883757,1.0,0.8626721093774452,True,0.6978495829885992
outer_train_fit,z|45|0.8|0.6|0.24|2,,k|10|0.8,47628259,145,TP_k02_04,k,0.2105263157894736,0.0,0.4547510818883757,1.0,0.8626721093774452,True,0.6978495829885992
outer_train_fit,z|45|0.8|0.6|0.24|2,,k|10|0.8,47628265,095,TP_k02_06,k,0.2105263157894736,0.0,0.4547510818883757,1.0,0.8626721093774452,True,0.6978495829885992
outer_train_fit,z|45|0.8|0.6|0.24|2,,k|23|0.8,47629804,INT023,TP_k05_05,k,0.2105263157894736,0.0,0.417543198922718,0.5,0.4383929293950374,True,0.3678244602907666
outer_train_fit,z|45|0.8|0.6|0.24|2,,k|23|0.8,47629813,INT043,TP_k06_04,k,0.2105263157894736,0.0,0.4297727806457622,0.5,0.43612741953373346,True,0.36596871994679653
outer_train_fit,z|45|0.8|0.6|0.24|2,,k|23|0.8,47629819,INT190,TP_k04_06,k,0.2105263157894736,0.0,0.417543198922718,0.5,0.4383929293950374,True,0.3678244602907666
outer_train_fit,z|45|0.8|0.6|0.24|2,,k|23|0.8,47629822,INT165,TP_k04_05,k,0.2105263157894736,0.0,0.3707273111719992,0.5,0.44655715514047556,True,0.38960225991082514
outer_train_fit,z|45|0.8|0.6|0.24|2,,k|23|0.8,47629831,INT151,TP_k07_06,k,0.2105263157894736,0.0,0.3707273111719992,0.5,0.44655715514047556,True,0.38960225991082514
outer_train_fit,z|45|0.8|0.6|0.24|2,,k|23|0.8,47629834,INT134,TP_k07_04,k,0.2105263157894736,0.0,0.3707273111719992,0.5,0.44655715514047556,True,0.38960225991082514
outer_train_fit,z|45|0.8|0.6|0.24|2,,k|23|0.8,47629846,INT119,TP_k05_06,k,0.2105263157894736,0.0,0.5063972173396005,0.5,0.4207621450595485,True,0.325553809751484
outer_train_fit,z|45|0.8|0.6|0.24|2,,k|23|0.8,47629906,INT066,TP_k05_04,k,0.2105263157894736,0.0,0.4474842291487455,0.5,0.43275238318572146,True,0.365686031928076
outer_train_fit,z|45|0.8|0.6|0.24|2,,k|23|0.8,47629909,INT052,TP_k07_05,k,0.2105263157894736,0.0,0.4463930549766443,0.5,0.43296348275905006,True,0.3653997973668506
outer_train_fit,z|45|0.8|0.6|0.24|2,,k|23|0.8,47629915,INT090,TP_k04_04,k,0.2105263157894736,0.0,0.4469230531110522,0.5,0.4328610003383941,True,0.36476668445990995
outer_train_fit,z|45|0.8|0.6|0.24|2,,k|23|0.8,47629942,INT176,TP_k06_05,k,0.2105263157894736,0.0,0.417543198922718,0.5,0.4383929293950374,True,0.3678244602907666
outer_train_fit,z|45|0.8|0.6|0.24|2,,k|23|0.8,47629945,INT098,TP_k06_06,k,0.2105263157894736,0.0,0.417543198922718,0.5,0.4383929293950374,True,0.3678244602907666
outer_train_fit,z|45|0.8|0.6|0.24|2,,k|23|0.8,47630359,INT051,TP_k05_03,k,0.2105263157894736,0.0,0.4366452493908614,0.5,0.4348309052159191,True,0.3645937839626176
outer_train_fit,z|45|0.8|0.6|0.24|2,,k|23|0.8,47630362,INT195,TP_k05_01,k,0.2105263157894736,0.0,0.3707273111719992,0.5,0.44655715514047556,True,0.38960225991082514
outer_train_fit,z|45|0.8|0.6|0.24|2,,k|23|0.8,47630371,INT004,TP_k04_02,k,0.2105263157894736,0.0,0.4159864951966148,0.5,0.43867744197546343,True,0.3688764098479482
outer_train_fit,z|45|0.8|0.6|0.24|2,,k|23|0.8,47630383,INT085,TP_k04_01,k,0.2105263157894736,0.0,0.417543198922718,0.5,0.4383929293950374,True,0.3678244602907666
outer_train_fit,z|45|0.8|0.6|0.24|2,,k|23|0.8,47630437,INT003,TP_k07_01,k,0.2105263157894736,0.0,0.4159864951966148,0.5,0.43867744197546343,True,0.3688764098479482
outer_train_fit,z|45|0.8|0.6|0.24|2,,k|23|0.8,47630440,INT103,TP_k04_03,k,0.2105263157894736,0.0,0.507423236401391,0.5,0.4205433637539415,True,0.3246049157564371
outer_train_fit,z|45|0.8|0.6|0.24|2,,k|23|0.8,47630443,INT009,TP_k06_01,k,0.2105263157894736,0.0,0.417543198922718,0.5,0.4383929293950374,True,0.3678244602907666
outer_train_fit,z|45|0.8|0.6|0.24|2,,k|23|0.8,47630674,INT045,TP_k07_02,k,0.2105263157894736,0.0,0.417543198922718,0.5,0.4383929293950374,True,0.3678244602907666
outer_train_fit,z|45|0.8|0.6|0.24|2,,k|23|0.8,47630677,INT080,TP_k07_03,k,0.2105263157894736,0.0,0.417543198922718,0.5,0.4383929293950374,True,0.3678244602907666
outer_train_fit,z|45|0.8|0.6|0.24|2,,k|23|0.8,47630686,INT114,TP_k05_02,k,0.2105263157894736,0.0,0.507423236401391,0.5,0.4205433637539415,True,0.3246049157564371
outer_train_fit,z|45|0.8|0.6|0.24|2,,k|23|0.8,47630689,INT140,TP_k06_02,k,0.2105263157894736,0.0,0.3707273111719992,0.5,0.44655715514047556,True,0.38960225991082514
outer_train_fit,z|45|0.8|0.6|0.24|2,,k|23|0.8,47630692,INT091,TP_k06_03,k,0.2105263157894736,0.0,0.507423236401391,0.5,0.4205433637539415,True,0.3246049157564371
outer_train_fit,z|45|0.8|0.6|0.24|2,,k|45|0.9,47629411,TP_k11_04,TP_k11_04,k,0.1052631578947368,0.0,0.7601384437081647,0.5,0.3704144593790991,True,-1.3667236543521928
outer_train_fit,z|45|0.8|0.6|0.24|2,,k|45|0.9,47629687,TP_k11_06,TP_k11_06,k,0.1052631578947368,0.0,0.7842936703443569,0.5,0.3635691400462065,True,-1.2956771867381152
outer_train_fit,z|45|0.8|0.6|0.24|2,,k|45|0.9,47629774,TP_k11_05,TP_k11_05,k,0.1052631578947368,0.0,0.7707657335295923,0.5,0.36741347840421595,True,-1.3049711023671822
outer_train_fit,z|45|0.8|0.6|0.24|2,,k|45|0.9,47630755,TP_k11_02,TP_k11_02,k,0.1052631578947368,0.0,0.7598537776791061,0.5,0.37049460539235407,True,-1.3655222471310202
outer_train_fit,z|45|0.8|0.6|0.24|2,,k|45|0.9,47630773,TP_k11_01,TP_k11_01,k,0.1052631578947368,0.0,0.7698599678607464,0.5,0.36766992066693815,True,-1.3461893704693808
outer_train_fit,z|45|0.8|0.6|0.24|2,,k|45|0.9,47630776,TP_k11_03,TP_k11_03,k,0.1052631578947368,0.0,0.7707657335295923,0.5,0.36741347840421595,True,-1.3049711023671822
nested_validation,z|45|0.8|0.6|0.2|0.44,k|10|0.2,k|10|0.2,47627599,167,TP_k01_02,k,0.1578947368421052,0.631578947368421,0.3061437710657915,1.0,0.6245744638575348,True,1.0211237879040511
nested_validation,z|45|0.8|0.6|0.2|0.44,k|10|0.2,k|10|0.2,47627620,057,TP_k01_01,k,0.1578947368421052,0.631578947368421,0.3061437710657915,1.0,0.6245744638575348,True,1.0211237879040511
nested_validation,z|45|0.8|0.6|0.2|0.44,k|10|0.2,k|10|0.2,47627656,012,TP_k01_03,k,0.1578947368421052,0.631578947368421,0.3059229147376472,1.0,0.6246166798977164,True,1.0210198924299394
nested_validation,z|45|0.8|0.6|0.2|0.44,k|10|0.2,k|10|0.2,47628241,070,TP_k01_04,k,0.1578947368421052,0.631578947368421,0.2637618626804907,1.0,0.6321630833902191,True,1.0552205245897053
nested_validation,z|45|0.8|0.6|0.2|0.44,k|10|0.2,k|10|0.2,47628313,123,TP_k01_06,k,0.1578947368421052,0.631578947368421,0.3178466608520105,1.0,0.6222981473024851,True,1.0102292929819288
nested_validation,z|45|0.8|0.6|0.2|0.44,k|10|0.2,k|10|0.2,47628373,168,TP_k01_05,k,0.1578947368421052,0.631578947368421,0.3061437710657915,1.0,0.6245744638575348,True,1.0211237879040511
nested_validation,z|45|0.8|0.6|0.2|0.44,k|10|0.8,k|10|0.8,47627623,186,TP_k02_05,k,0.2105263157894736,0.37142857142857144,0.4547510818883757,1.0,0.7515032188590671,True,0.6079206713589639
nested_validation,z|45|0.8|0.6|0.2|0.44,k|10|0.8,k|10|0.8,47627629,019,TP_k02_02,k,0.2105263157894736,0.37142857142857144,0.4547510818883757,1.0,0.7515032188590671,True,0.6079206713589639
nested_validation,z|45|0.8|0.6|0.2|0.44,k|10|0.8,k|10|0.8,47627638,131,TP_k02_01,k,0.2105263157894736,0.37142857142857144,0.4547510818883757,1.0,0.7515032188590671,True,0.6079206713589639
nested_validation,z|45|0.8|0.6|0.2|0.44,k|10|0.8,k|10|0.8,47627647,197,TP_k02_03,k,0.2105263157894736,0.37142857142857144,0.4547510818883757,1.0,0.7515032188590671,True,0.6079206713589639
nested_validation,z|45|0.8|0.6|0.2|0.44,k|10|0.8,k|10|0.8,47628259,145,TP_k02_04,k,0.2105263157894736,0.37142857142857144,0.4547510818883757,1.0,0.7515032188590671,True,0.6079206713589639
nested_validation,z|45|0.8|0.6|0.2|0.44,k|10|0.8,k|10|0.8,47628265,095,TP_k02_06,k,0.2105263157894736,0.37142857142857144,0.4547510818883757,1.0,0.7515032188590671,True,0.6079206713589639
nested_validation,z|45|0.8|0.6|0.2|0.44,k|23|0.8,k|23|0.8,47629804,INT023,TP_k05_05,k,0.2105263157894736,0.37142857142857144,0.417543198922718,0.5,0.3818990946666625,True,0.3204244844348707
nested_validation,z|45|0.8|0.6|0.2|0.44,k|23|0.8,k|23|0.8,47629813,INT043,TP_k06_04,k,0.2105263157894736,0.37142857142857144,0.4297727806457622,0.5,0.3799255314383862,True,0.31880788546673366
nested_validation,z|45|0.8|0.6|0.2|0.44,k|23|0.8,k|23|0.8,47629819,INT190,TP_k04_06,k,0.2105263157894736,0.37142857142857144,0.417543198922718,0.5,0.3818990946666625,True,0.3204244844348707
nested_validation,z|45|0.8|0.6|0.2|0.44,k|23|0.8,k|23|0.8,47629822,INT165,TP_k04_05,k,0.2105263157894736,0.37142857142857144,0.3707273111719992,0.5,0.38901123131799875,True,0.33939587151953315
nested_validation,z|45|0.8|0.6|0.2|0.44,k|23|0.8,k|23|0.8,47629831,INT151,TP_k07_06,k,0.2105263157894736,0.37142857142857144,0.3707273111719992,0.5,0.38901123131799875,True,0.33939587151953315
nested_validation,z|45|0.8|0.6|0.2|0.44,k|23|0.8,k|23|0.8,47629834,INT134,TP_k07_04,k,0.2105263157894736,0.37142857142857144,0.3707273111719992,0.5,0.38901123131799875,True,0.33939587151953315
nested_validation,z|45|0.8|0.6|0.2|0.44,k|23|0.8,k|23|0.8,47629846,INT119,TP_k05_06,k,0.2105263157894736,0.37142857142857144,0.5063972173396005,0.5,0.3665403146213778,True,0.2836010730851491
nested_validation,z|45|0.8|0.6|0.2|0.44,k|23|0.8,k|23|0.8,47629906,INT066,TP_k05_04,k,0.2105263157894736,0.37142857142857144,0.4474842291487455,0.5,0.3769854216890079,True,0.31856162625226264
nested_validation,z|45|0.8|0.6|0.2|0.44,k|23|0.8,k|23|0.8,47629909,INT052,TP_k07_05,k,0.2105263157894736,0.37142857142857144,0.4463930549766443,0.5,0.3771693177569713,True,0.31831227752315533
nested_validation,z|45|0.8|0.6|0.2|0.44,k|23|0.8,k|23|0.8,47629915,INT090,TP_k04_04,k,0.2105263157894736,0.37142857142857144,0.4469230531110522,0.5,0.37708004181056914,True,0.3177607511873723
nested_validation,z|45|0.8|0.6|0.2|0.44,k|23|0.8,k|23|0.8,47629942,INT176,TP_k06_05,k,0.2105263157894736,0.37142857142857144,0.417543198922718,0.5,0.3818990946666625,True,0.3204244844348707
nested_validation,z|45|0.8|0.6|0.2|0.44,k|23|0.8,k|23|0.8,47629945,INT098,TP_k06_06,k,0.2105263157894736,0.37142857142857144,0.417543198922718,0.5,0.3818990946666625,True,0.3204244844348707
nested_validation,z|45|0.8|0.6|0.2|0.44,k|23|0.8,k|23|0.8,47630359,INT051,TP_k05_03,k,0.2105263157894736,0.37142857142857144,0.4366452493908614,0.5,0.378796093413738,True,0.3176101316427677
nested_validation,z|45|0.8|0.6|0.2|0.44,k|23|0.8,k|23|0.8,47630362,INT195,TP_k05_01,k,0.2105263157894736,0.37142857142857144,0.3707273111719992,0.5,0.38901123131799875,True,0.33939587151953315
nested_validation,z|45|0.8|0.6|0.2|0.44,k|23|0.8,k|23|0.8,47630371,INT004,TP_k04_02,k,0.2105263157894736,0.37142857142857144,0.4159864951966148,0.5,0.3821469433193219,True,0.3213408737207951
nested_validation,z|45|0.8|0.6|0.2|0.44,k|23|0.8,k|23|0.8,47630383,INT085,TP_k04_01,k,0.2105263157894736,0.37142857142857144,0.417543198922718,0.5,0.3818990946666625,True,0.3204244844348707
nested_validation,z|45|0.8|0.6|0.2|0.44,k|23|0.8,k|23|0.8,47630437,INT003,TP_k07_01,k,0.2105263157894736,0.37142857142857144,0.4159864951966148,0.5,0.3821469433193219,True,0.3213408737207951
nested_validation,z|45|0.8|0.6|0.2|0.44,k|23|0.8,k|23|0.8,47630440,INT103,TP_k04_03,k,0.2105263157894736,0.37142857142857144,0.507423236401391,0.5,0.3663497267333465,True,0.28277445902879766
nested_validation,z|45|0.8|0.6|0.2|0.44,k|23|0.8,k|23|0.8,47630443,INT009,TP_k06_01,k,0.2105263157894736,0.37142857142857144,0.417543198922718,0.5,0.3818990946666625,True,0.3204244844348707
nested_validation,z|45|0.8|0.6|0.2|0.44,k|23|0.8,k|23|0.8,47630674,INT045,TP_k07_02,k,0.2105263157894736,0.37142857142857144,0.417543198922718,0.5,0.3818990946666625,True,0.3204244844348707
nested_validation,z|45|0.8|0.6|0.2|0.44,k|23|0.8,k|23|0.8,47630677,INT080,TP_k07_03,k,0.2105263157894736,0.37142857142857144,0.417543198922718,0.5,0.3818990946666625,True,0.3204244844348707
nested_validation,z|45|0.8|0.6|0.2|0.44,k|23|0.8,k|23|0.8,47630686,INT114,TP_k05_02,k,0.2105263157894736,0.37142857142857144,0.507423236401391,0.5,0.3663497267333465,True,0.28277445902879766
nested_validation,z|45|0.8|0.6|0.2|0.44,k|23|0.8,k|23|0.8,47630689,INT140,TP_k06_02,k,0.2105263157894736,0.37142857142857144,0.3707273111719992,0.5,0.38901123131799875,True,0.33939587151953315
nested_validation,z|45|0.8|0.6|0.2|0.44,k|23|0.8,k|23|0.8,47630692,INT091,TP_k06_03,k,0.2105263157894736,0.37142857142857144,0.507423236401391,0.5,0.3663497267333465,True,0.28277445902879766
nested_validation,z|45|0.8|0.6|0.2|0.44,k|45|0.9,k|45|0.9,47629411,TP_k11_04,TP_k11_04,k,0.1052631578947368,0.6373243861851662,0.7601384437081647,0.5,0.2467659128458542,True,-0.9104958017556016
nested_validation,z|45|0.8|0.6|0.2|0.44,k|45|0.9,k|45|0.9,47629687,TP_k11_06,TP_k11_06,k,0.1052631578947368,0.6373243861851662,0.7842936703443569,0.5,0.24220563872282427,True,-0.8631654506007121
nested_validation,z|45|0.8|0.6|0.2|0.44,k|45|0.9,k|45|0.9,47629774,TP_k11_05,TP_k11_05,k,0.1052631578947368,0.6373243861851662,0.7707657335295923,0.5,0.24476669334739995,True,-0.869356951812526
nested_validation,z|45|0.8|0.6|0.2|0.44,k|45|0.9,k|45|0.9,47630755,TP_k11_02,TP_k11_02,k,0.1052631578947368,0.6373243861851662,0.7598537776791061,0.5,0.24681930521113865,True,-0.9096954378871683
nested_validation,z|45|0.8|0.6|0.2|0.44,k|45|0.9,k|45|0.9,47630773,TP_k11_01,TP_k11_01,k,0.1052631578947368,0.6373243861851662,0.7698599678607464,0.5,0.24493753227512152,True,-0.8968160946635194
nested_validation,z|45|0.8|0.6|0.2|0.44,k|45|0.9,k|45|0.9,47630776,TP_k11_03,TP_k11_03,k,0.1052631578947368,0.6373243861851662,0.7707657335295923,0.5,0.24476669334739995,True,-0.869356951812526
outer_train_fit,z|45|0.8|0.6|0.2|0.44,,k|10|0.2,47627599,167,TP_k01_02,k,0.1578947368421052,0.0,0.3061437710657915,1.0,0.9307237662741161,True,1.5216507121349945
outer_train_fit,z|45|0.8|0.6|0.2|0.44,,k|10|0.2,47627620,057,TP_k01_01,k,0.1578947368421052,0.0,0.3061437710657915,1.0,0.9307237662741161,True,1.5216507121349945
outer_train_fit,z|45|0.8|0.6|0.2|0.44,,k|10|0.2,47627656,012,TP_k01_03,k,0.1578947368421052,0.0,0.3059229147376472,1.0,0.9307866754613926,True,1.5214958899439512
outer_train_fit,z|45|0.8|0.6|0.2|0.44,,k|10|0.2,47628241,070,TP_k01_04,k,0.1578947368421052,0.0,0.2637618626804907,1.0,0.9420321193384711,True,1.572460735634398
outer_train_fit,z|45|0.8|0.6|0.2|0.44,,k|10|0.2,47628313,123,TP_k01_06,k,0.1578947368421052,0.0,0.3178466608520105,1.0,0.9273316616653833,True,1.5054160340744378
outer_train_fit,z|45|0.8|0.6|0.2|0.44,,k|10|0.2,47628373,168,TP_k01_05,k,0.1578947368421052,0.0,0.3061437710657915,1.0,0.9307237662741161,True,1.5216507121349945
outer_train_fit,z|45|0.8|0.6|0.2|0.44,,k|10|0.8,47627623,186,TP_k02_05,k,0.2105263157894736,0.0,0.4547510818883757,1.0,0.8626721093774452,True,0.6978495829885992
outer_train_fit,z|45|0.8|0.6|0.2|0.44,,k|10|0.8,47627629,019,TP_k02_02,k,0.2105263157894736,0.0,0.4547510818883757,1.0,0.8626721093774452,True,0.6978495829885992
outer_train_fit,z|45|0.8|0.6|0.2|0.44,,k|10|0.8,47627638,131,TP_k02_01,k,0.2105263157894736,0.0,0.4547510818883757,1.0,0.8626721093774452,True,0.6978495829885992
outer_train_fit,z|45|0.8|0.6|0.2|0.44,,k|10|0.8,47627647,197,TP_k02_03,k,0.2105263157894736,0.0,0.4547510818883757,1.0,0.8626721093774452,True,0.6978495829885992
outer_train_fit,z|45|0.8|0.6|0.2|0.44,,k|10|0.8,47628259,145,TP_k02_04,k,0.2105263157894736,0.0,0.4547510818883757,1.0,0.8626721093774452,True,0.6978495829885992
outer_train_fit,z|45|0.8|0.6|0.2|0.44,,k|10|0.8,47628265,095,TP_k02_06,k,0.2105263157894736,0.0,0.4547510818883757,1.0,0.8626721093774452,True,0.6978495829885992
outer_train_fit,z|45|0.8|0.6|0.2|0.44,,k|23|0.8,47629804,INT023,TP_k05_05,k,0.2105263157894736,0.0,0.417543198922718,0.5,0.4383929293950374,True,0.3678244602907666
outer_train_fit,z|45|0.8|0.6|0.2|0.44,,k|23|0.8,47629813,INT043,TP_k06_04,k,0.2105263157894736,0.0,0.4297727806457622,0.5,0.43612741953373346,True,0.36596871994679653
outer_train_fit,z|45|0.8|0.6|0.2|0.44,,k|23|0.8,47629819,INT190,TP_k04_06,k,0.2105263157894736,0.0,0.417543198922718,0.5,0.4383929293950374,True,0.3678244602907666
outer_train_fit,z|45|0.8|0.6|0.2|0.44,,k|23|0.8,47629822,INT165,TP_k04_05,k,0.2105263157894736,0.0,0.3707273111719992,0.5,0.44655715514047556,True,0.38960225991082514
outer_train_fit,z|45|0.8|0.6|0.2|0.44,,k|23|0.8,47629831,INT151,TP_k07_06,k,0.2105263157894736,0.0,0.3707273111719992,0.5,0.44655715514047556,True,0.38960225991082514
outer_train_fit,z|45|0.8|0.6|0.2|0.44,,k|23|0.8,47629834,INT134,TP_k07_04,k,0.2105263157894736,0.0,0.3707273111719992,0.5,0.44655715514047556,True,0.38960225991082514
outer_train_fit,z|45|0.8|0.6|0.2|0.44,,k|23|0.8,47629846,INT119,TP_k05_06,k,0.2105263157894736,0.0,0.5063972173396005,0.5,0.4207621450595485,True,0.325553809751484
outer_train_fit,z|45|0.8|0.6|0.2|0.44,,k|23|0.8,47629906,INT066,TP_k05_04,k,0.2105263157894736,0.0,0.4474842291487455,0.5,0.43275238318572146,True,0.365686031928076
outer_train_fit,z|45|0.8|0.6|0.2|0.44,,k|23|0.8,47629909,INT052,TP_k07_05,k,0.2105263157894736,0.0,0.4463930549766443,0.5,0.43296348275905006,True,0.3653997973668506
outer_train_fit,z|45|0.8|0.6|0.2|0.44,,k|23|0.8,47629915,INT090,TP_k04_04,k,0.2105263157894736,0.0,0.4469230531110522,0.5,0.4328610003383941,True,0.36476668445990995
outer_train_fit,z|45|0.8|0.6|0.2|0.44,,k|23|0.8,47629942,INT176,TP_k06_05,k,0.2105263157894736,0.0,0.417543198922718,0.5,0.4383929293950374,True,0.3678244602907666
outer_train_fit,z|45|0.8|0.6|0.2|0.44,,k|23|0.8,47629945,INT098,TP_k06_06,k,0.2105263157894736,0.0,0.417543198922718,0.5,0.4383929293950374,True,0.3678244602907666
outer_train_fit,z|45|0.8|0.6|0.2|0.44,,k|23|0.8,47630359,INT051,TP_k05_03,k,0.2105263157894736,0.0,0.4366452493908614,0.5,0.4348309052159191,True,0.3645937839626176
outer_train_fit,z|45|0.8|0.6|0.2|0.44,,k|23|0.8,47630362,INT195,TP_k05_01,k,0.2105263157894736,0.0,0.3707273111719992,0.5,0.44655715514047556,True,0.38960225991082514
outer_train_fit,z|45|0.8|0.6|0.2|0.44,,k|23|0.8,47630371,INT004,TP_k04_02,k,0.2105263157894736,0.0,0.4159864951966148,0.5,0.43867744197546343,True,0.3688764098479482
outer_train_fit,z|45|0.8|0.6|0.2|0.44,,k|23|0.8,47630383,INT085,TP_k04_01,k,0.2105263157894736,0.0,0.417543198922718,0.5,0.4383929293950374,True,0.3678244602907666
outer_train_fit,z|45|0.8|0.6|0.2|0.44,,k|23|0.8,47630437,INT003,TP_k07_01,k,0.2105263157894736,0.0,0.4159864951966148,0.5,0.43867744197546343,True,0.3688764098479482
outer_train_fit,z|45|0.8|0.6|0.2|0.44,,k|23|0.8,47630440,INT103,TP_k04_03,k,0.2105263157894736,0.0,0.507423236401391,0.5,0.4205433637539415,True,0.3246049157564371
outer_train_fit,z|45|0.8|0.6|0.2|0.44,,k|23|0.8,47630443,INT009,TP_k06_01,k,0.2105263157894736,0.0,0.417543198922718,0.5,0.4383929293950374,True,0.3678244602907666
outer_train_fit,z|45|0.8|0.6|0.2|0.44,,k|23|0.8,47630674,INT045,TP_k07_02,k,0.2105263157894736,0.0,0.417543198922718,0.5,0.4383929293950374,True,0.3678244602907666
outer_train_fit,z|45|0.8|0.6|0.2|0.44,,k|23|0.8,47630677,INT080,TP_k07_03,k,0.2105263157894736,0.0,0.417543198922718,0.5,0.4383929293950374,True,0.3678244602907666
outer_train_fit,z|45|0.8|0.6|0.2|0.44,,k|23|0.8,47630686,INT114,TP_k05_02,k,0.2105263157894736,0.0,0.507423236401391,0.5,0.4205433637539415,True,0.3246049157564371
outer_train_fit,z|45|0.8|0.6|0.2|0.44,,k|23|0.8,47630689,INT140,TP_k06_02,k,0.2105263157894736,0.0,0.3707273111719992,0.5,0.44655715514047556,True,0.38960225991082514
outer_train_fit,z|45|0.8|0.6|0.2|0.44,,k|23|0.8,47630692,INT091,TP_k06_03,k,0.2105263157894736,0.0,0.507423236401391,0.5,0.4205433637539415,True,0.3246049157564371
outer_train_fit,z|45|0.8|0.6|0.2|0.44,,k|45|0.9,47629411,TP_k11_04,TP_k11_04,k,0.1052631578947368,0.0,0.7601384437081647,0.5,0.3704144593790991,True,-1.3667236543521928
outer_train_fit,z|45|0.8|0.6|0.2|0.44,,k|45|0.9,47629687,TP_k11_06,TP_k11_06,k,0.1052631578947368,0.0,0.7842936703443569,0.5,0.3635691400462065,True,-1.2956771867381152
outer_train_fit,z|45|0.8|0.6|0.2|0.44,,k|45|0.9,47629774,TP_k11_05,TP_k11_05,k,0.1052631578947368,0.0,0.7707657335295923,0.5,0.36741347840421595,True,-1.3049711023671822
outer_train_fit,z|45|0.8|0.6|0.2|0.44,,k|45|0.9,47630755,TP_k11_02,TP_k11_02,k,0.1052631578947368,0.0,0.7598537776791061,0.5,0.37049460539235407,True,-1.3655222471310202
outer_train_fit,z|45|0.8|0.6|0.2|0.44,,k|45|0.9,47630773,TP_k11_01,TP_k11_01,k,0.1052631578947368,0.0,0.7698599678607464,0.5,0.36766992066693815,True,-1.3461893704693808
outer_train_fit,z|45|0.8|0.6|0.2|0.44,,k|45|0.9,47630776,TP_k11_03,TP_k11_03,k,0.1052631578947368,0.0,0.7707657335295923,0.5,0.36741347840421595,True,-1.3049711023671822
nested_validation,z|45|0.8|0.6|1|0.26,k|10|0.2,k|10|0.2,47627599,167,TP_k01_02,k,0.1578947368421052,0.631578947368421,0.3061437710657915,1.0,0.6245744638575348,True,1.0211237879040511
nested_validation,z|45|0.8|0.6|1|0.26,k|10|0.2,k|10|0.2,47627620,057,TP_k01_01,k,0.1578947368421052,0.631578947368421,0.3061437710657915,1.0,0.6245744638575348,True,1.0211237879040511
nested_validation,z|45|0.8|0.6|1|0.26,k|10|0.2,k|10|0.2,47627656,012,TP_k01_03,k,0.1578947368421052,0.631578947368421,0.3059229147376472,1.0,0.6246166798977164,True,1.0210198924299394
nested_validation,z|45|0.8|0.6|1|0.26,k|10|0.2,k|10|0.2,47628241,070,TP_k01_04,k,0.1578947368421052,0.631578947368421,0.2637618626804907,1.0,0.6321630833902191,True,1.0552205245897053
nested_validation,z|45|0.8|0.6|1|0.26,k|10|0.2,k|10|0.2,47628313,123,TP_k01_06,k,0.1578947368421052,0.631578947368421,0.3178466608520105,1.0,0.6222981473024851,True,1.0102292929819288
nested_validation,z|45|0.8|0.6|1|0.26,k|10|0.2,k|10|0.2,47628373,168,TP_k01_05,k,0.1578947368421052,0.631578947368421,0.3061437710657915,1.0,0.6245744638575348,True,1.0211237879040511
nested_validation,z|45|0.8|0.6|1|0.26,k|10|0.8,k|10|0.8,47627623,186,TP_k02_05,k,0.2105263157894736,0.37142857142857144,0.4547510818883757,1.0,0.7515032188590671,True,0.6079206713589639
nested_validation,z|45|0.8|0.6|1|0.26,k|10|0.8,k|10|0.8,47627629,019,TP_k02_02,k,0.2105263157894736,0.37142857142857144,0.4547510818883757,1.0,0.7515032188590671,True,0.6079206713589639
nested_validation,z|45|0.8|0.6|1|0.26,k|10|0.8,k|10|0.8,47627638,131,TP_k02_01,k,0.2105263157894736,0.37142857142857144,0.4547510818883757,1.0,0.7515032188590671,True,0.6079206713589639
nested_validation,z|45|0.8|0.6|1|0.26,k|10|0.8,k|10|0.8,47627647,197,TP_k02_03,k,0.2105263157894736,0.37142857142857144,0.4547510818883757,1.0,0.7515032188590671,True,0.6079206713589639
nested_validation,z|45|0.8|0.6|1|0.26,k|10|0.8,k|10|0.8,47628259,145,TP_k02_04,k,0.2105263157894736,0.37142857142857144,0.4547510818883757,1.0,0.7515032188590671,True,0.6079206713589639
nested_validation,z|45|0.8|0.6|1|0.26,k|10|0.8,k|10|0.8,47628265,095,TP_k02_06,k,0.2105263157894736,0.37142857142857144,0.4547510818883757,1.0,0.7515032188590671,True,0.6079206713589639
nested_validation,z|45|0.8|0.6|1|0.26,k|23|0.8,k|23|0.8,47629804,INT023,TP_k05_05,k,0.2105263157894736,0.37142857142857144,0.417543198922718,0.5,0.3818990946666625,True,0.3204244844348707
nested_validation,z|45|0.8|0.6|1|0.26,k|23|0.8,k|23|0.8,47629813,INT043,TP_k06_04,k,0.2105263157894736,0.37142857142857144,0.4297727806457622,0.5,0.3799255314383862,True,0.31880788546673366
nested_validation,z|45|0.8|0.6|1|0.26,k|23|0.8,k|23|0.8,47629819,INT190,TP_k04_06,k,0.2105263157894736,0.37142857142857144,0.417543198922718,0.5,0.3818990946666625,True,0.3204244844348707
nested_validation,z|45|0.8|0.6|1|0.26,k|23|0.8,k|23|0.8,47629822,INT165,TP_k04_05,k,0.2105263157894736,0.37142857142857144,0.3707273111719992,0.5,0.38901123131799875,True,0.33939587151953315
nested_validation,z|45|0.8|0.6|1|0.26,k|23|0.8,k|23|0.8,47629831,INT151,TP_k07_06,k,0.2105263157894736,0.37142857142857144,0.3707273111719992,0.5,0.38901123131799875,True,0.33939587151953315
nested_validation,z|45|0.8|0.6|1|0.26,k|23|0.8,k|23|0.8,47629834,INT134,TP_k07_04,k,0.2105263157894736,0.37142857142857144,0.3707273111719992,0.5,0.38901123131799875,True,0.33939587151953315
nested_validation,z|45|0.8|0.6|1|0.26,k|23|0.8,k|23|0.8,47629846,INT119,TP_k05_06,k,0.2105263157894736,0.37142857142857144,0.5063972173396005,0.5,0.3665403146213778,True,0.2836010730851491
nested_validation,z|45|0.8|0.6|1|0.26,k|23|0.8,k|23|0.8,47629906,INT066,TP_k05_04,k,0.2105263157894736,0.37142857142857144,0.4474842291487455,0.5,0.3769854216890079,True,0.31856162625226264
nested_validation,z|45|0.8|0.6|1|0.26,k|23|0.8,k|23|0.8,47629909,INT052,TP_k07_05,k,0.2105263157894736,0.37142857142857144,0.4463930549766443,0.5,0.3771693177569713,True,0.31831227752315533
nested_validation,z|45|0.8|0.6|1|0.26,k|23|0.8,k|23|0.8,47629915,INT090,TP_k04_04,k,0.2105263157894736,0.37142857142857144,0.4469230531110522,0.5,0.37708004181056914,True,0.3177607511873723
nested_validation,z|45|0.8|0.6|1|0.26,k|23|0.8,k|23|0.8,47629942,INT176,TP_k06_05,k,0.2105263157894736,0.37142857142857144,0.417543198922718,0.5,0.3818990946666625,True,0.3204244844348707
nested_validation,z|45|0.8|0.6|1|0.26,k|23|0.8,k|23|0.8,47629945,INT098,TP_k06_06,k,0.2105263157894736,0.37142857142857144,0.417543198922718,0.5,0.3818990946666625,True,0.3204244844348707
nested_validation,z|45|0.8|0.6|1|0.26,k|23|0.8,k|23|0.8,47630359,INT051,TP_k05_03,k,0.2105263157894736,0.37142857142857144,0.4366452493908614,0.5,0.378796093413738,True,0.3176101316427677
nested_validation,z|45|0.8|0.6|1|0.26,k|23|0.8,k|23|0.8,47630362,INT195,TP_k05_01,k,0.2105263157894736,0.37142857142857144,0.3707273111719992,0.5,0.38901123131799875,True,0.33939587151953315
nested_validation,z|45|0.8|0.6|1|0.26,k|23|0.8,k|23|0.8,47630371,INT004,TP_k04_02,k,0.2105263157894736,0.37142857142857144,0.4159864951966148,0.5,0.3821469433193219,True,0.3213408737207951
nested_validation,z|45|0.8|0.6|1|0.26,k|23|0.8,k|23|0.8,47630383,INT085,TP_k04_01,k,0.2105263157894736,0.37142857142857144,0.417543198922718,0.5,0.3818990946666625,True,0.3204244844348707
nested_validation,z|45|0.8|0.6|1|0.26,k|23|0.8,k|23|0.8,47630437,INT003,TP_k07_01,k,0.2105263157894736,0.37142857142857144,0.4159864951966148,0.5,0.3821469433193219,True,0.3213408737207951
nested_validation,z|45|0.8|0.6|1|0.26,k|23|0.8,k|23|0.8,47630440,INT103,TP_k04_03,k,0.2105263157894736,0.37142857142857144,0.507423236401391,0.5,0.3663497267333465,True,0.28277445902879766
nested_validation,z|45|0.8|0.6|1|0.26,k|23|0.8,k|23|0.8,47630443,INT009,TP_k06_01,k,0.2105263157894736,0.37142857142857144,0.417543198922718,0.5,0.3818990946666625,True,0.3204244844348707
nested_validation,z|45|0.8|0.6|1|0.26,k|23|0.8,k|23|0.8,47630674,INT045,TP_k07_02,k,0.2105263157894736,0.37142857142857144,0.417543198922718,0.5,0.3818990946666625,True,0.3204244844348707
nested_validation,z|45|0.8|0.6|1|0.26,k|23|0.8,k|23|0.8,47630677,INT080,TP_k07_03,k,0.2105263157894736,0.37142857142857144,0.417543198922718,0.5,0.3818990946666625,True,0.3204244844348707
nested_validation,z|45|0.8|0.6|1|0.26,k|23|0.8,k|23|0.8,47630686,INT114,TP_k05_02,k,0.2105263157894736,0.37142857142857144,0.507423236401391,0.5,0.3663497267333465,True,0.28277445902879766
nested_validation,z|45|0.8|0.6|1|0.26,k|23|0.8,k|23|0.8,47630689,INT140,TP_k06_02,k,0.2105263157894736,0.37142857142857144,0.3707273111719992,0.5,0.38901123131799875,True,0.33939587151953315
nested_validation,z|45|0.8|0.6|1|0.26,k|23|0.8,k|23|0.8,47630692,INT091,TP_k06_03,k,0.2105263157894736,0.37142857142857144,0.507423236401391,0.5,0.3663497267333465,True,0.28277445902879766
nested_validation,z|45|0.8|0.6|1|0.26,k|45|0.9,k|45|0.9,47629411,TP_k11_04,TP_k11_04,k,0.1052631578947368,0.6373243861851662,0.7601384437081647,0.5,0.2467659128458542,True,-0.9104958017556016
nested_validation,z|45|0.8|0.6|1|0.26,k|45|0.9,k|45|0.9,47629687,TP_k11_06,TP_k11_06,k,0.1052631578947368,0.6373243861851662,0.7842936703443569,0.5,0.24220563872282427,True,-0.8631654506007121
nested_validation,z|45|0.8|0.6|1|0.26,k|45|0.9,k|45|0.9,47629774,TP_k11_05,TP_k11_05,k,0.1052631578947368,0.6373243861851662,0.7707657335295923,0.5,0.24476669334739995,True,-0.869356951812526
nested_validation,z|45|0.8|0.6|1|0.26,k|45|0.9,k|45|0.9,47630755,TP_k11_02,TP_k11_02,k,0.1052631578947368,0.6373243861851662,0.7598537776791061,0.5,0.24681930521113865,True,-0.9096954378871683
nested_validation,z|45|0.8|0.6|1|0.26,k|45|0.9,k|45|0.9,47630773,TP_k11_01,TP_k11_01,k,0.1052631578947368,0.6373243861851662,0.7698599678607464,0.5,0.24493753227512152,True,-0.8968160946635194
nested_validation,z|45|0.8|0.6|1|0.26,k|45|0.9,k|45|0.9,47630776,TP_k11_03,TP_k11_03,k,0.1052631578947368,0.6373243861851662,0.7707657335295923,0.5,0.24476669334739995,True,-0.869356951812526
outer_train_fit,z|45|0.8|0.6|1|0.26,,k|10|0.2,47627599,167,TP_k01_02,k,0.1578947368421052,0.0,0.3061437710657915,1.0,0.9307237662741161,True,1.5216507121349945
outer_train_fit,z|45|0.8|0.6|1|0.26,,k|10|0.2,47627620,057,TP_k01_01,k,0.1578947368421052,0.0,0.3061437710657915,1.0,0.9307237662741161,True,1.5216507121349945
outer_train_fit,z|45|0.8|0.6|1|0.26,,k|10|0.2,47627656,012,TP_k01_03,k,0.1578947368421052,0.0,0.3059229147376472,1.0,0.9307866754613926,True,1.5214958899439512
outer_train_fit,z|45|0.8|0.6|1|0.26,,k|10|0.2,47628241,070,TP_k01_04,k,0.1578947368421052,0.0,0.2637618626804907,1.0,0.9420321193384711,True,1.572460735634398
outer_train_fit,z|45|0.8|0.6|1|0.26,,k|10|0.2,47628313,123,TP_k01_06,k,0.1578947368421052,0.0,0.3178466608520105,1.0,0.9273316616653833,True,1.5054160340744378
outer_train_fit,z|45|0.8|0.6|1|0.26,,k|10|0.2,47628373,168,TP_k01_05,k,0.1578947368421052,0.0,0.3061437710657915,1.0,0.9307237662741161,True,1.5216507121349945
outer_train_fit,z|45|0.8|0.6|1|0.26,,k|10|0.8,47627623,186,TP_k02_05,k,0.2105263157894736,0.0,0.4547510818883757,1.0,0.8626721093774452,True,0.6978495829885992
outer_train_fit,z|45|0.8|0.6|1|0.26,,k|10|0.8,47627629,019,TP_k02_02,k,0.2105263157894736,0.0,0.4547510818883757,1.0,0.8626721093774452,True,0.6978495829885992
outer_train_fit,z|45|0.8|0.6|1|0.26,,k|10|0.8,47627638,131,TP_k02_01,k,0.2105263157894736,0.0,0.4547510818883757,1.0,0.8626721093774452,True,0.6978495829885992
outer_train_fit,z|45|0.8|0.6|1|0.26,,k|10|0.8,47627647,197,TP_k02_03,k,0.2105263157894736,0.0,0.4547510818883757,1.0,0.8626721093774452,True,0.6978495829885992
outer_train_fit,z|45|0.8|0.6|1|0.26,,k|10|0.8,47628259,145,TP_k02_04,k,0.2105263157894736,0.0,0.4547510818883757,1.0,0.8626721093774452,True,0.6978495829885992
outer_train_fit,z|45|0.8|0.6|1|0.26,,k|10|0.8,47628265,095,TP_k02_06,k,0.2105263157894736,0.0,0.4547510818883757,1.0,0.8626721093774452,True,0.6978495829885992
outer_train_fit,z|45|0.8|0.6|1|0.26,,k|23|0.8,47629804,INT023,TP_k05_05,k,0.2105263157894736,0.0,0.417543198922718,0.5,0.4383929293950374,True,0.3678244602907666
outer_train_fit,z|45|0.8|0.6|1|0.26,,k|23|0.8,47629813,INT043,TP_k06_04,k,0.2105263157894736,0.0,0.4297727806457622,0.5,0.43612741953373346,True,0.36596871994679653
outer_train_fit,z|45|0.8|0.6|1|0.26,,k|23|0.8,47629819,INT190,TP_k04_06,k,0.2105263157894736,0.0,0.417543198922718,0.5,0.4383929293950374,True,0.3678244602907666
outer_train_fit,z|45|0.8|0.6|1|0.26,,k|23|0.8,47629822,INT165,TP_k04_05,k,0.2105263157894736,0.0,0.3707273111719992,0.5,0.44655715514047556,True,0.38960225991082514
outer_train_fit,z|45|0.8|0.6|1|0.26,,k|23|0.8,47629831,INT151,TP_k07_06,k,0.2105263157894736,0.0,0.3707273111719992,0.5,0.44655715514047556,True,0.38960225991082514
outer_train_fit,z|45|0.8|0.6|1|0.26,,k|23|0.8,47629834,INT134,TP_k07_04,k,0.2105263157894736,0.0,0.3707273111719992,0.5,0.44655715514047556,True,0.38960225991082514
outer_train_fit,z|45|0.8|0.6|1|0.26,,k|23|0.8,47629846,INT119,TP_k05_06,k,0.2105263157894736,0.0,0.5063972173396005,0.5,0.4207621450595485,True,0.325553809751484
outer_train_fit,z|45|0.8|0.6|1|0.26,,k|23|0.8,47629906,INT066,TP_k05_04,k,0.2105263157894736,0.0,0.4474842291487455,0.5,0.43275238318572146,True,0.365686031928076
outer_train_fit,z|45|0.8|0.6|1|0.26,,k|23|0.8,47629909,INT052,TP_k07_05,k,0.2105263157894736,0.0,0.4463930549766443,0.5,0.43296348275905006,True,0.3653997973668506
outer_train_fit,z|45|0.8|0.6|1|0.26,,k|23|0.8,47629915,INT090,TP_k04_04,k,0.2105263157894736,0.0,0.4469230531110522,0.5,0.4328610003383941,True,0.36476668445990995
outer_train_fit,z|45|0.8|0.6|1|0.26,,k|23|0.8,47629942,INT176,TP_k06_05,k,0.2105263157894736,0.0,0.417543198922718,0.5,0.4383929293950374,True,0.3678244602907666
outer_train_fit,z|45|0.8|0.6|1|0.26,,k|23|0.8,47629945,INT098,TP_k06_06,k,0.2105263157894736,0.0,0.417543198922718,0.5,0.4383929293950374,True,0.3678244602907666
outer_train_fit,z|45|0.8|0.6|1|0.26,,k|23|0.8,47630359,INT051,TP_k05_03,k,0.2105263157894736,0.0,0.4366452493908614,0.5,0.4348309052159191,True,0.3645937839626176
outer_train_fit,z|45|0.8|0.6|1|0.26,,k|23|0.8,47630362,INT195,TP_k05_01,k,0.2105263157894736,0.0,0.3707273111719992,0.5,0.44655715514047556,True,0.38960225991082514
outer_train_fit,z|45|0.8|0.6|1|0.26,,k|23|0.8,47630371,INT004,TP_k04_02,k,0.2105263157894736,0.0,0.4159864951966148,0.5,0.43867744197546343,True,0.3688764098479482
outer_train_fit,z|45|0.8|0.6|1|0.26,,k|23|0.8,47630383,INT085,TP_k04_01,k,0.2105263157894736,0.0,0.417543198922718,0.5,0.4383929293950374,True,0.3678244602907666
outer_train_fit,z|45|0.8|0.6|1|0.26,,k|23|0.8,47630437,INT003,TP_k07_01,k,0.2105263157894736,0.0,0.4159864951966148,0.5,0.43867744197546343,True,0.3688764098479482
outer_train_fit,z|45|0.8|0.6|1|0.26,,k|23|0.8,47630440,INT103,TP_k04_03,k,0.2105263157894736,0.0,0.507423236401391,0.5,0.4205433637539415,True,0.3246049157564371
outer_train_fit,z|45|0.8|0.6|1|0.26,,k|23|0.8,47630443,INT009,TP_k06_01,k,0.2105263157894736,0.0,0.417543198922718,0.5,0.4383929293950374,True,0.3678244602907666
outer_train_fit,z|45|0.8|0.6|1|0.26,,k|23|0.8,47630674,INT045,TP_k07_02,k,0.2105263157894736,0.0,0.417543198922718,0.5,0.4383929293950374,True,0.3678244602907666
outer_train_fit,z|45|0.8|0.6|1|0.26,,k|23|0.8,47630677,INT080,TP_k07_03,k,0.2105263157894736,0.0,0.417543198922718,0.5,0.4383929293950374,True,0.3678244602907666
outer_train_fit,z|45|0.8|0.6|1|0.26,,k|23|0.8,47630686,INT114,TP_k05_02,k,0.2105263157894736,0.0,0.507423236401391,0.5,0.4205433637539415,True,0.3246049157564371
outer_train_fit,z|45|0.8|0.6|1|0.26,,k|23|0.8,47630689,INT140,TP_k06_02,k,0.2105263157894736,0.0,0.3707273111719992,0.5,0.44655715514047556,True,0.38960225991082514
outer_train_fit,z|45|0.8|0.6|1|0.26,,k|23|0.8,47630692,INT091,TP_k06_03,k,0.2105263157894736,0.0,0.507423236401391,0.5,0.4205433637539415,True,0.3246049157564371
outer_train_fit,z|45|0.8|0.6|1|0.26,,k|45|0.9,47629411,TP_k11_04,TP_k11_04,k,0.1052631578947368,0.0,0.7601384437081647,0.5,0.3704144593790991,True,-1.3667236543521928
outer_train_fit,z|45|0.8|0.6|1|0.26,,k|45|0.9,47629687,TP_k11_06,TP_k11_06,k,0.1052631578947368,0.0,0.7842936703443569,0.5,0.3635691400462065,True,-1.2956771867381152
outer_train_fit,z|45|0.8|0.6|1|0.26,,k|45|0.9,47629774,TP_k11_05,TP_k11_05,k,0.1052631578947368,0.0,0.7707657335295923,0.5,0.36741347840421595,True,-1.3049711023671822
outer_train_fit,z|45|0.8|0.6|1|0.26,,k|45|0.9,47630755,TP_k11_02,TP_k11_02,k,0.1052631578947368,0.0,0.7598537776791061,0.5,0.37049460539235407,True,-1.3655222471310202
outer_train_fit,z|45|0.8|0.6|1|0.26,,k|45|0.9,47630773,TP_k11_01,TP_k11_01,k,0.1052631578947368,0.0,0.7698599678607464,0.5,0.36766992066693815,True,-1.3461893704693808
outer_train_fit,z|45|0.8|0.6|1|0.26,,k|45|0.9,47630776,TP_k11_03,TP_k11_03,k,0.1052631578947368,0.0,0.7707657335295923,0.5,0.36741347840421595,True,-1.3049711023671822
nested_validation,z|45|0.8|0.6|1|2,k|10|0.2,k|10|0.2,47627599,167,TP_k01_02,k,0.1578947368421052,0.631578947368421,0.3061437710657915,1.0,0.6245744638575348,True,1.0211237879040511
nested_validation,z|45|0.8|0.6|1|2,k|10|0.2,k|10|0.2,47627620,057,TP_k01_01,k,0.1578947368421052,0.631578947368421,0.3061437710657915,1.0,0.6245744638575348,True,1.0211237879040511
nested_validation,z|45|0.8|0.6|1|2,k|10|0.2,k|10|0.2,47627656,012,TP_k01_03,k,0.1578947368421052,0.631578947368421,0.3059229147376472,1.0,0.6246166798977164,True,1.0210198924299394
nested_validation,z|45|0.8|0.6|1|2,k|10|0.2,k|10|0.2,47628241,070,TP_k01_04,k,0.1578947368421052,0.631578947368421,0.2637618626804907,1.0,0.6321630833902191,True,1.0552205245897053
nested_validation,z|45|0.8|0.6|1|2,k|10|0.2,k|10|0.2,47628313,123,TP_k01_06,k,0.1578947368421052,0.631578947368421,0.3178466608520105,1.0,0.6222981473024851,True,1.0102292929819288
nested_validation,z|45|0.8|0.6|1|2,k|10|0.2,k|10|0.2,47628373,168,TP_k01_05,k,0.1578947368421052,0.631578947368421,0.3061437710657915,1.0,0.6245744638575348,True,1.0211237879040511
nested_validation,z|45|0.8|0.6|1|2,k|10|0.8,k|10|0.8,47627623,186,TP_k02_05,k,0.2105263157894736,0.37142857142857144,0.4547510818883757,1.0,0.7515032188590671,True,0.6079206713589639
nested_validation,z|45|0.8|0.6|1|2,k|10|0.8,k|10|0.8,47627629,019,TP_k02_02,k,0.2105263157894736,0.37142857142857144,0.4547510818883757,1.0,0.7515032188590671,True,0.6079206713589639
nested_validation,z|45|0.8|0.6|1|2,k|10|0.8,k|10|0.8,47627638,131,TP_k02_01,k,0.2105263157894736,0.37142857142857144,0.4547510818883757,1.0,0.7515032188590671,True,0.6079206713589639
nested_validation,z|45|0.8|0.6|1|2,k|10|0.8,k|10|0.8,47627647,197,TP_k02_03,k,0.2105263157894736,0.37142857142857144,0.4547510818883757,1.0,0.7515032188590671,True,0.6079206713589639
nested_validation,z|45|0.8|0.6|1|2,k|10|0.8,k|10|0.8,47628259,145,TP_k02_04,k,0.2105263157894736,0.37142857142857144,0.4547510818883757,1.0,0.7515032188590671,True,0.6079206713589639
nested_validation,z|45|0.8|0.6|1|2,k|10|0.8,k|10|0.8,47628265,095,TP_k02_06,k,0.2105263157894736,0.37142857142857144,0.4547510818883757,1.0,0.7515032188590671,True,0.6079206713589639
nested_validation,z|45|0.8|0.6|1|2,k|23|0.8,k|23|0.8,47629804,INT023,TP_k05_05,k,0.2105263157894736,0.37142857142857144,0.417543198922718,0.5,0.3818990946666625,True,0.3204244844348707
nested_validation,z|45|0.8|0.6|1|2,k|23|0.8,k|23|0.8,47629813,INT043,TP_k06_04,k,0.2105263157894736,0.37142857142857144,0.4297727806457622,0.5,0.3799255314383862,True,0.31880788546673366
nested_validation,z|45|0.8|0.6|1|2,k|23|0.8,k|23|0.8,47629819,INT190,TP_k04_06,k,0.2105263157894736,0.37142857142857144,0.417543198922718,0.5,0.3818990946666625,True,0.3204244844348707
nested_validation,z|45|0.8|0.6|1|2,k|23|0.8,k|23|0.8,47629822,INT165,TP_k04_05,k,0.2105263157894736,0.37142857142857144,0.3707273111719992,0.5,0.38901123131799875,True,0.33939587151953315
nested_validation,z|45|0.8|0.6|1|2,k|23|0.8,k|23|0.8,47629831,INT151,TP_k07_06,k,0.2105263157894736,0.37142857142857144,0.3707273111719992,0.5,0.38901123131799875,True,0.33939587151953315
nested_validation,z|45|0.8|0.6|1|2,k|23|0.8,k|23|0.8,47629834,INT134,TP_k07_04,k,0.2105263157894736,0.37142857142857144,0.3707273111719992,0.5,0.38901123131799875,True,0.33939587151953315
nested_validation,z|45|0.8|0.6|1|2,k|23|0.8,k|23|0.8,47629846,INT119,TP_k05_06,k,0.2105263157894736,0.37142857142857144,0.5063972173396005,0.5,0.3665403146213778,True,0.2836010730851491
nested_validation,z|45|0.8|0.6|1|2,k|23|0.8,k|23|0.8,47629906,INT066,TP_k05_04,k,0.2105263157894736,0.37142857142857144,0.4474842291487455,0.5,0.3769854216890079,True,0.31856162625226264
nested_validation,z|45|0.8|0.6|1|2,k|23|0.8,k|23|0.8,47629909,INT052,TP_k07_05,k,0.2105263157894736,0.37142857142857144,0.4463930549766443,0.5,0.3771693177569713,True,0.31831227752315533
nested_validation,z|45|0.8|0.6|1|2,k|23|0.8,k|23|0.8,47629915,INT090,TP_k04_04,k,0.2105263157894736,0.37142857142857144,0.4469230531110522,0.5,0.37708004181056914,True,0.3177607511873723
nested_validation,z|45|0.8|0.6|1|2,k|23|0.8,k|23|0.8,47629942,INT176,TP_k06_05,k,0.2105263157894736,0.37142857142857144,0.417543198922718,0.5,0.3818990946666625,True,0.3204244844348707
nested_validation,z|45|0.8|0.6|1|2,k|23|0.8,k|23|0.8,47629945,INT098,TP_k06_06,k,0.2105263157894736,0.37142857142857144,0.417543198922718,0.5,0.3818990946666625,True,0.3204244844348707
nested_validation,z|45|0.8|0.6|1|2,k|23|0.8,k|23|0.8,47630359,INT051,TP_k05_03,k,0.2105263157894736,0.37142857142857144,0.4366452493908614,0.5,0.378796093413738,True,0.3176101316427677
nested_validation,z|45|0.8|0.6|1|2,k|23|0.8,k|23|0.8,47630362,INT195,TP_k05_01,k,0.2105263157894736,0.37142857142857144,0.3707273111719992,0.5,0.38901123131799875,True,0.33939587151953315
nested_validation,z|45|0.8|0.6|1|2,k|23|0.8,k|23|0.8,47630371,INT004,TP_k04_02,k,0.2105263157894736,0.37142857142857144,0.4159864951966148,0.5,0.3821469433193219,True,0.3213408737207951
nested_validation,z|45|0.8|0.6|1|2,k|23|0.8,k|23|0.8,47630383,INT085,TP_k04_01,k,0.2105263157894736,0.37142857142857144,0.417543198922718,0.5,0.3818990946666625,True,0.3204244844348707
nested_validation,z|45|0.8|0.6|1|2,k|23|0.8,k|23|0.8,47630437,INT003,TP_k07_01,k,0.2105263157894736,0.37142857142857144,0.4159864951966148,0.5,0.3821469433193219,True,0.3213408737207951
nested_validation,z|45|0.8|0.6|1|2,k|23|0.8,k|23|0.8,47630440,INT103,TP_k04_03,k,0.2105263157894736,0.37142857142857144,0.507423236401391,0.5,0.3663497267333465,True,0.28277445902879766
nested_validation,z|45|0.8|0.6|1|2,k|23|0.8,k|23|0.8,47630443,INT009,TP_k06_01,k,0.2105263157894736,0.37142857142857144,0.417543198922718,0.5,0.3818990946666625,True,0.3204244844348707
nested_validation,z|45|0.8|0.6|1|2,k|23|0.8,k|23|0.8,47630674,INT045,TP_k07_02,k,0.2105263157894736,0.37142857142857144,0.417543198922718,0.5,0.3818990946666625,True,0.3204244844348707
nested_validation,z|45|0.8|0.6|1|2,k|23|0.8,k|23|0.8,47630677,INT080,TP_k07_03,k,0.2105263157894736,0.37142857142857144,0.417543198922718,0.5,0.3818990946666625,True,0.3204244844348707
nested_validation,z|45|0.8|0.6|1|2,k|23|0.8,k|23|0.8,47630686,INT114,TP_k05_02,k,0.2105263157894736,0.37142857142857144,0.507423236401391,0.5,0.3663497267333465,True,0.28277445902879766
nested_validation,z|45|0.8|0.6|1|2,k|23|0.8,k|23|0.8,47630689,INT140,TP_k06_02,k,0.2105263157894736,0.37142857142857144,0.3707273111719992,0.5,0.38901123131799875,True,0.33939587151953315
nested_validation,z|45|0.8|0.6|1|2,k|23|0.8,k|23|0.8,47630692,INT091,TP_k06_03,k,0.2105263157894736,0.37142857142857144,0.507423236401391,0.5,0.3663497267333465,True,0.28277445902879766
nested_validation,z|45|0.8|0.6|1|2,k|45|0.9,k|45|0.9,47629411,TP_k11_04,TP_k11_04,k,0.1052631578947368,0.6373243861851662,0.7601384437081647,0.5,0.2467659128458542,True,-0.9104958017556016
nested_validation,z|45|0.8|0.6|1|2,k|45|0.9,k|45|0.9,47629687,TP_k11_06,TP_k11_06,k,0.1052631578947368,0.6373243861851662,0.7842936703443569,0.5,0.24220563872282427,True,-0.8631654506007121
nested_validation,z|45|0.8|0.6|1|2,k|45|0.9,k|45|0.9,47629774,TP_k11_05,TP_k11_05,k,0.1052631578947368,0.6373243861851662,0.7707657335295923,0.5,0.24476669334739995,True,-0.869356951812526
nested_validation,z|45|0.8|0.6|1|2,k|45|0.9,k|45|0.9,47630755,TP_k11_02,TP_k11_02,k,0.1052631578947368,0.6373243861851662,0.7598537776791061,0.5,0.24681930521113865,True,-0.9096954378871683
nested_validation,z|45|0.8|0.6|1|2,k|45|0.9,k|45|0.9,47630773,TP_k11_01,TP_k11_01,k,0.1052631578947368,0.6373243861851662,0.7698599678607464,0.5,0.24493753227512152,True,-0.8968160946635194
nested_validation,z|45|0.8|0.6|1|2,k|45|0.9,k|45|0.9,47630776,TP_k11_03,TP_k11_03,k,0.1052631578947368,0.6373243861851662,0.7707657335295923,0.5,0.24476669334739995,True,-0.869356951812526
outer_train_fit,z|45|0.8|0.6|1|2,,k|10|0.2,47627599,167,TP_k01_02,k,0.1578947368421052,0.0,0.3061437710657915,1.0,0.9307237662741161,True,1.5216507121349945
outer_train_fit,z|45|0.8|0.6|1|2,,k|10|0.2,47627620,057,TP_k01_01,k,0.1578947368421052,0.0,0.3061437710657915,1.0,0.9307237662741161,True,1.5216507121349945
outer_train_fit,z|45|0.8|0.6|1|2,,k|10|0.2,47627656,012,TP_k01_03,k,0.1578947368421052,0.0,0.3059229147376472,1.0,0.9307866754613926,True,1.5214958899439512
outer_train_fit,z|45|0.8|0.6|1|2,,k|10|0.2,47628241,070,TP_k01_04,k,0.1578947368421052,0.0,0.2637618626804907,1.0,0.9420321193384711,True,1.572460735634398
outer_train_fit,z|45|0.8|0.6|1|2,,k|10|0.2,47628313,123,TP_k01_06,k,0.1578947368421052,0.0,0.3178466608520105,1.0,0.9273316616653833,True,1.5054160340744378
outer_train_fit,z|45|0.8|0.6|1|2,,k|10|0.2,47628373,168,TP_k01_05,k,0.1578947368421052,0.0,0.3061437710657915,1.0,0.9307237662741161,True,1.5216507121349945
outer_train_fit,z|45|0.8|0.6|1|2,,k|10|0.8,47627623,186,TP_k02_05,k,0.2105263157894736,0.0,0.4547510818883757,1.0,0.8626721093774452,True,0.6978495829885992
outer_train_fit,z|45|0.8|0.6|1|2,,k|10|0.8,47627629,019,TP_k02_02,k,0.2105263157894736,0.0,0.4547510818883757,1.0,0.8626721093774452,True,0.6978495829885992
outer_train_fit,z|45|0.8|0.6|1|2,,k|10|0.8,47627638,131,TP_k02_01,k,0.2105263157894736,0.0,0.4547510818883757,1.0,0.8626721093774452,True,0.6978495829885992
outer_train_fit,z|45|0.8|0.6|1|2,,k|10|0.8,47627647,197,TP_k02_03,k,0.2105263157894736,0.0,0.4547510818883757,1.0,0.8626721093774452,True,0.6978495829885992
outer_train_fit,z|45|0.8|0.6|1|2,,k|10|0.8,47628259,145,TP_k02_04,k,0.2105263157894736,0.0,0.4547510818883757,1.0,0.8626721093774452,True,0.6978495829885992
outer_train_fit,z|45|0.8|0.6|1|2,,k|10|0.8,47628265,095,TP_k02_06,k,0.2105263157894736,0.0,0.4547510818883757,1.0,0.8626721093774452,True,0.6978495829885992
outer_train_fit,z|45|0.8|0.6|1|2,,k|23|0.8,47629804,INT023,TP_k05_05,k,0.2105263157894736,0.0,0.417543198922718,0.5,0.4383929293950374,True,0.3678244602907666
outer_train_fit,z|45|0.8|0.6|1|2,,k|23|0.8,47629813,INT043,TP_k06_04,k,0.2105263157894736,0.0,0.4297727806457622,0.5,0.43612741953373346,True,0.36596871994679653
outer_train_fit,z|45|0.8|0.6|1|2,,k|23|0.8,47629819,INT190,TP_k04_06,k,0.2105263157894736,0.0,0.417543198922718,0.5,0.4383929293950374,True,0.3678244602907666
outer_train_fit,z|45|0.8|0.6|1|2,,k|23|0.8,47629822,INT165,TP_k04_05,k,0.2105263157894736,0.0,0.3707273111719992,0.5,0.44655715514047556,True,0.38960225991082514
outer_train_fit,z|45|0.8|0.6|1|2,,k|23|0.8,47629831,INT151,TP_k07_06,k,0.2105263157894736,0.0,0.3707273111719992,0.5,0.44655715514047556,True,0.38960225991082514
outer_train_fit,z|45|0.8|0.6|1|2,,k|23|0.8,47629834,INT134,TP_k07_04,k,0.2105263157894736,0.0,0.3707273111719992,0.5,0.44655715514047556,True,0.38960225991082514
outer_train_fit,z|45|0.8|0.6|1|2,,k|23|0.8,47629846,INT119,TP_k05_06,k,0.2105263157894736,0.0,0.5063972173396005,0.5,0.4207621450595485,True,0.325553809751484
outer_train_fit,z|45|0.8|0.6|1|2,,k|23|0.8,47629906,INT066,TP_k05_04,k,0.2105263157894736,0.0,0.4474842291487455,0.5,0.43275238318572146,True,0.365686031928076
outer_train_fit,z|45|0.8|0.6|1|2,,k|23|0.8,47629909,INT052,TP_k07_05,k,0.2105263157894736,0.0,0.4463930549766443,0.5,0.43296348275905006,True,0.3653997973668506
outer_train_fit,z|45|0.8|0.6|1|2,,k|23|0.8,47629915,INT090,TP_k04_04,k,0.2105263157894736,0.0,0.4469230531110522,0.5,0.4328610003383941,True,0.36476668445990995
outer_train_fit,z|45|0.8|0.6|1|2,,k|23|0.8,47629942,INT176,TP_k06_05,k,0.2105263157894736,0.0,0.417543198922718,0.5,0.4383929293950374,True,0.3678244602907666
outer_train_fit,z|45|0.8|0.6|1|2,,k|23|0.8,47629945,INT098,TP_k06_06,k,0.2105263157894736,0.0,0.417543198922718,0.5,0.4383929293950374,True,0.3678244602907666
outer_train_fit,z|45|0.8|0.6|1|2,,k|23|0.8,47630359,INT051,TP_k05_03,k,0.2105263157894736,0.0,0.4366452493908614,0.5,0.4348309052159191,True,0.3645937839626176
outer_train_fit,z|45|0.8|0.6|1|2,,k|23|0.8,47630362,INT195,TP_k05_01,k,0.2105263157894736,0.0,0.3707273111719992,0.5,0.44655715514047556,True,0.38960225991082514
outer_train_fit,z|45|0.8|0.6|1|2,,k|23|0.8,47630371,INT004,TP_k04_02,k,0.2105263157894736,0.0,0.4159864951966148,0.5,0.43867744197546343,True,0.3688764098479482
outer_train_fit,z|45|0.8|0.6|1|2,,k|23|0.8,47630383,INT085,TP_k04_01,k,0.2105263157894736,0.0,0.417543198922718,0.5,0.4383929293950374,True,0.3678244602907666
outer_train_fit,z|45|0.8|0.6|1|2,,k|23|0.8,47630437,INT003,TP_k07_01,k,0.2105263157894736,0.0,0.4159864951966148,0.5,0.43867744197546343,True,0.3688764098479482
outer_train_fit,z|45|0.8|0.6|1|2,,k|23|0.8,47630440,INT103,TP_k04_03,k,0.2105263157894736,0.0,0.507423236401391,0.5,0.4205433637539415,True,0.3246049157564371
outer_train_fit,z|45|0.8|0.6|1|2,,k|23|0.8,47630443,INT009,TP_k06_01,k,0.2105263157894736,0.0,0.417543198922718,0.5,0.4383929293950374,True,0.3678244602907666
outer_train_fit,z|45|0.8|0.6|1|2,,k|23|0.8,47630674,INT045,TP_k07_02,k,0.2105263157894736,0.0,0.417543198922718,0.5,0.4383929293950374,True,0.3678244602907666
outer_train_fit,z|45|0.8|0.6|1|2,,k|23|0.8,47630677,INT080,TP_k07_03,k,0.2105263157894736,0.0,0.417543198922718,0.5,0.4383929293950374,True,0.3678244602907666
outer_train_fit,z|45|0.8|0.6|1|2,,k|23|0.8,47630686,INT114,TP_k05_02,k,0.2105263157894736,0.0,0.507423236401391,0.5,0.4205433637539415,True,0.3246049157564371
outer_train_fit,z|45|0.8|0.6|1|2,,k|23|0.8,47630689,INT140,TP_k06_02,k,0.2105263157894736,0.0,0.3707273111719992,0.5,0.44655715514047556,True,0.38960225991082514
outer_train_fit,z|45|0.8|0.6|1|2,,k|23|0.8,47630692,INT091,TP_k06_03,k,0.2105263157894736,0.0,0.507423236401391,0.5,0.4205433637539415,True,0.3246049157564371
outer_train_fit,z|45|0.8|0.6|1|2,,k|45|0.9,47629411,TP_k11_04,TP_k11_04,k,0.1052631578947368,0.0,0.7601384437081647,0.5,0.3704144593790991,True,-1.3667236543521928
outer_train_fit,z|45|0.8|0.6|1|2,,k|45|0.9,47629687,TP_k11_06,TP_k11_06,k,0.1052631578947368,0.0,0.7842936703443569,0.5,0.3635691400462065,True,-1.2956771867381152
outer_train_fit,z|45|0.8|0.6|1|2,,k|45|0.9,47629774,TP_k11_05,TP_k11_05,k,0.1052631578947368,0.0,0.7707657335295923,0.5,0.36741347840421595,True,-1.3049711023671822
outer_train_fit,z|45|0.8|0.6|1|2,,k|45|0.9,47630755,TP_k11_02,TP_k11_02,k,0.1052631578947368,0.0,0.7598537776791061,0.5,0.37049460539235407,True,-1.3655222471310202
outer_train_fit,z|45|0.8|0.6|1|2,,k|45|0.9,47630773,TP_k11_01,TP_k11_01,k,0.1052631578947368,0.0,0.7698599678607464,0.5,0.36766992066693815,True,-1.3461893704693808
outer_train_fit,z|45|0.8|0.6|1|2,,k|45|0.9,47630776,TP_k11_03,TP_k11_03,k,0.1052631578947368,0.0,0.7707657335295923,0.5,0.36741347840421595,True,-1.3049711023671822
nested_validation,k|10|0.2,z|23|0.25|0.05|0.4|0.3,z|23|0.25|0.05|0.4|0.3,47632648,INT161,TP_z05_02,z,0.6064468466220085,1.1931579293210106,0.1075405724532581,1.0,0.16576467623344174,False,0.0
nested_validation,k|10|0.2,z|23|0.25|0.05|0.4|0.3,z|23|0.25|0.05|0.4|0.3,47632660,INT200,TP_z05_03,z,0.6064468466220085,1.1931579293210106,0.1210175864974995,1.0,0.16550957179795925,False,0.0
nested_validation,k|10|0.2,z|23|0.25|0.05|0.4|0.3,z|23|0.25|0.05|0.4|0.3,47632663,INT073,TP_z05_01,z,0.6064468466220085,1.1931579293210106,0.1544962668535451,1.0,0.16474801235007866,False,0.0
nested_validation,k|10|0.2,z|23|0.69|0.2|1|0.5,z|23|0.69|0.2|1|0.5,47632750,INT059,TP_z04_01,z,0.6281472457559458,1.1430942493118919,0.6673106758046793,1.0,0.1460384706789609,False,0.0
nested_validation,k|10|0.2,z|23|0.69|0.2|1|0.5,z|23|0.69|0.2|1|0.5,47632810,INT037,TP_z04_02,z,0.6281472457559458,1.1430942493118919,0.6677168041909525,1.0,0.14599888555904086,False,0.0
nested_validation,k|10|0.2,z|23|0.69|0.2|1|0.5,z|23|0.69|0.2|1|0.5,47639014,INT027,TP_z04_03,z,0.6281472457559458,1.1430942493118919,0.6670338054970545,1.0,0.14606544942374652,False,0.0
nested_validation,k|10|0.2,z|23|0.8|0.25|0.2|1.4,z|23|0.8|0.25|0.2|1.4,47632675,INT163,TP_z07_02,z,0.4343319824658965,1.1430942493118919,0.4245437059242428,1.0,0.20486021449900682,True,0.3643471689657197
nested_validation,k|10|0.2,z|23|0.8|0.25|0.2|1.4,z|23|0.8|0.25|0.2|1.4,47632744,INT078,TP_z07_03,z,0.4343319824658965,1.1430942493118919,0.4238110787336789,1.0,0.20492388754955537,True,0.3652195755940848
nested_validation,k|10|0.2,z|23|0.8|0.25|0.2|1.4,z|23|0.8|0.25|0.2|1.4,47632753,INT065,TP_z07_01,z,0.4343319824658965,1.1430942493118919,0.4240347772004693,1.0,0.20490445535241944,True,0.36500754049998996
nested_validation,k|10|0.2,z|23|0.8|0.25|0.2|1.4,z|23|0.8|0.25|0.2|1.4,47632804,TP_z12_01,TP_z12_01,z,0.4343319824658965,1.1430942493118919,0.9442543873185116,1.0,0.14354353531781422,False,0.0
nested_validation,k|10|0.2,z|23|0.8|0.25|0.2|1.4,z|23|0.8|0.25|0.2|1.4,47632831,TP_z12_02,TP_z12_02,z,0.4343319824658965,1.1430942493118919,0.9337244472045942,1.0,0.14496986214271343,False,0.0
nested_validation,k|10|0.2,z|23|0.8|0.25|0.2|1.4,z|23|0.8|0.25|0.2|1.4,47632834,TP_z12_03,TP_z12_03,z,0.4343319824658965,1.1430942493118919,0.9533208462311606,1.0,0.1423140488559992,False,0.0
nested_validation,k|10|0.2,z|45|0.41|0.05|1|1,z|45|0.41|0.05|1|1,47632627,TP_z14_02,TP_z14_02,z,0.3496439368314625,1.210429948041776,0.8968057387497814,1.0,0.13676080770753946,False,0.0
nested_validation,k|10|0.2,z|45|0.41|0.05|1|1,z|45|0.41|0.05|1|1,47632645,TP_z14_03,TP_z14_03,z,0.3496439368314625,1.210429948041776,1.0124651235188196,1.0,0.12246446718738853,False,0.0
nested_validation,k|10|0.2,z|45|0.41|0.05|1|1,z|45|0.41|0.05|1|1,47632654,TP_z14_01,TP_z14_01,z,0.3496439368314625,1.210429948041776,0.9830712214245206,1.0,0.1261093293662548,False,0.0
nested_validation,k|10|0.2,z|45|0.8|0.6|0.2|0.44,z|45|0.8|0.6|0.2|0.44,47632591,TP_z21_01,TP_z21_01,z,0.7420472914420315,1.2997704113151656,1.11107034407233,0.5,0.02871248767664423,False,0.0
nested_validation,k|10|0.2,z|45|0.8|0.6|0.2|0.44,z|45|0.8|0.6|0.2|0.44,47632621,TP_z18_02,TP_z18_02,z,0.7420472914420315,1.2997704113151656,1.11107034407233,0.5,0.02871248767664423,False,0.0
nested_validation,k|10|0.2,z|45|0.8|0.6|0.2|0.44,z|45|0.8|0.6|0.2|0.44,47632624,TP_z18_03,TP_z18_03,z,0.7420472914420315,1.2997704113151656,1.11107034407233,0.5,0.02871248767664423,False,0.0
nested_validation,k|10|0.2,z|45|0.8|0.6|0.2|0.44,z|45|0.8|0.6|0.2|0.44,47632630,TP_z18_01,TP_z18_01,z,0.7420472914420315,1.2997704113151656,1.11107034407233,0.5,0.02871248767664423,False,0.0
nested_validation,k|10|0.2,z|45|0.8|0.6|0.2|0.44,z|45|0.8|0.6|0.2|0.44,47632636,TP_z21_03,TP_z21_03,z,0.7420472914420315,1.2997704113151656,1.11107034407233,0.5,0.02871248767664423,False,0.0
nested_validation,k|10|0.2,z|45|0.8|0.6|0.2|0.44,z|45|0.8|0.6|0.2|0.44,47632639,TP_z21_02,TP_z21_02,z,0.7420472914420315,1.2997704113151656,1.11107034407233,0.5,0.02871248767664423,False,0.0
nested_validation,k|10|0.2,z|45|0.8|0.6|0.2|0.44,z|45|0.8|0.6|0.2|0.44,47632666,TP_z24_02,TP_z24_02,z,0.7420472914420315,1.2997704113151656,1.11107034407233,0.5,0.02871248767664423,False,0.0
nested_validation,k|10|0.2,z|45|0.8|0.6|0.2|0.44,z|45|0.8|0.6|0.2|0.44,47632669,TP_z22_03,TP_z22_03,z,0.7420472914420315,1.2997704113151656,1.11107034407233,0.5,0.02871248767664423,False,0.0
nested_validation,k|10|0.2,z|45|0.8|0.6|0.2|0.44,z|45|0.8|0.6|0.2|0.44,47632747,TP_z24_01,TP_z24_01,z,0.7420472914420315,1.2997704113151656,1.124929313751542,0.5,0.028271035870821037,False,0.0
nested_validation,k|10|0.2,z|45|0.8|0.6|0.2|0.44,z|45|0.8|0.6|0.2|0.44,47632786,TP_z24_03,TP_z24_03,z,0.7420472914420315,1.2997704113151656,1.125425414363924,0.5,0.02825525934890279,False,0.0
nested_validation,k|10|0.2,z|45|0.8|0.6|0.2|0.44,z|45|0.8|0.6|0.2|0.44,47632795,TP_z22_02,TP_z22_02,z,0.7420472914420315,1.2997704113151656,1.11107034407233,0.5,0.02871248767664423,False,0.0
nested_validation,k|10|0.2,z|45|0.8|0.6|0.2|0.44,z|45|0.8|0.6|0.2|0.44,47632798,TP_z22_01,TP_z22_01,z,0.7420472914420315,1.2997704113151656,1.11107034407233,0.5,0.02871248767664423,False,0.0
nested_validation,k|10|0.2,z|45|0.8|0.6|1|2,z|45|0.8|0.6|1|2,47629771,TP_z20_02,TP_z20_02,z,0.6693819531966643,1.3232955494186138,0.7372229268950524,0.5,0.042253025726858295,False,0.0
nested_validation,k|10|0.2,z|45|0.8|0.6|1|2,z|45|0.8|0.6|1|2,47629825,TP_z23_01,TP_z23_01,z,0.6693819531966643,1.3232955494186138,0.7375268799550213,0.5,0.04224355672899485,False,0.0
nested_validation,k|10|0.2,z|45|0.8|0.6|1|2,z|45|0.8|0.6|1|2,47629960,TP_z23_02,TP_z23_02,z,0.6693819531966643,1.3232955494186138,0.7375268799550213,0.5,0.04224355672899485,False,0.0
nested_validation,k|10|0.2,z|45|0.8|0.6|1|2,z|45|0.8|0.6|1|2,47630290,TP_z20_03,TP_z20_03,z,0.6693819531966643,1.3232955494186138,0.7372229268950524,0.5,0.042253025726858295,False,0.0
nested_validation,k|10|0.2,z|45|0.8|0.6|1|2,z|45|0.8|0.6|1|2,47630314,139,TP_z02_03,z,0.6693819531966643,1.3232955494186138,0.8628189652321777,0.5,0.038213792271028106,False,0.0
nested_validation,k|10|0.2,z|45|0.8|0.6|1|2,z|45|0.8|0.6|1|2,47630320,TP_z20_01,TP_z20_01,z,0.6693819531966643,1.3232955494186138,0.7375268799550213,0.5,0.04224355672899485,False,0.0
nested_validation,k|10|0.2,z|45|0.8|0.6|1|2,z|45|0.8|0.6|1|2,47630323,TP_z23_03,TP_z23_03,z,0.6693819531966643,1.3232955494186138,0.7346451283169946,0.5,0.042333259587684045,False,0.0
nested_validation,k|10|0.2,z|45|0.8|0.6|1|2,z|45|0.8|0.6|1|2,47631133,025,TP_z02_02,z,0.6693819531966643,1.3232955494186138,0.8608424803305057,0.5,0.03827894094065353,False,0.0
nested_validation,k|10|0.2,z|45|0.8|0.6|1|2,z|45|0.8|0.6|1|2,47631268,117,TP_z02_01,z,0.6693819531966643,1.3232955494186138,0.8420544234480628,0.5,0.03889621565743587,False,0.0
outer_train_fit,k|10|0.2,,z|23|0.25|0.05|0.4|0.3,47632648,INT161,TP_z05_02,z,0.6064468466220085,0.0,0.1075405724532581,1.0,0.6882795057859648,True,3.808591723791903
outer_train_fit,k|10|0.2,,z|23|0.25|0.05|0.4|0.3,47632660,INT200,TP_z05_03,z,0.6064468466220085,0.0,0.1210175864974995,1.0,0.6872202743576088,True,3.7975540976372852
outer_train_fit,k|10|0.2,,z|23|0.25|0.05|0.4|0.3,47632663,INT073,TP_z05_01,z,0.6064468466220085,0.0,0.1544962668535451,1.0,0.6840581666497175,True,3.752842132058285
outer_train_fit,k|10|0.2,,z|23|0.69|0.2|1|0.5,47632750,INT059,TP_z04_01,z,0.6281472457559458,0.0,0.6673106758046793,1.0,0.5394416092509513,True,0.41944810048717984
outer_train_fit,k|10|0.2,,z|23|0.69|0.2|1|0.5,47632810,INT037,TP_z04_02,z,0.6281472457559458,0.0,0.6677168041909525,1.0,0.5392953884593149,True,0.413131000867733
outer_train_fit,k|10|0.2,,z|23|0.69|0.2|1|0.5,47639014,INT027,TP_z04_03,z,0.6281472457559458,0.0,0.6670338054970545,1.0,0.5395412642078614,True,0.4188553796891378
outer_train_fit,k|10|0.2,,z|23|0.8|0.25|0.2|1.4,47632675,INT163,TP_z07_02,z,0.4343319824658965,0.0,0.4245437059242428,1.0,0.7567192621715122,True,1.3458373142304572
outer_train_fit,k|10|0.2,,z|23|0.8|0.25|0.2|1.4,47632744,INT078,TP_z07_03,z,0.4343319824658965,0.0,0.4238110787336789,1.0,0.7569544597375655,True,1.3490598379486152
outer_train_fit,k|10|0.2,,z|23|0.8|0.25|0.2|1.4,47632753,INT065,TP_z07_01,z,0.4343319824658965,0.0,0.4240347772004693,1.0,0.7568826804615599,True,1.348276615884974
outer_train_fit,k|10|0.2,,z|23|0.8|0.25|0.2|1.4,47632804,TP_z12_01,TP_z12_01,z,0.4343319824658965,0.0,0.9442543873185116,1.0,0.5302257366117977,True,-0.7737949856866343
outer_train_fit,k|10|0.2,,z|23|0.8|0.25|0.2|1.4,47632831,TP_z12_02,TP_z12_02,z,0.4343319824658965,0.0,0.9337244472045942,1.0,0.5354943486026262,True,-0.7672342860696386
outer_train_fit,k|10|0.2,,z|23|0.8|0.25|0.2|1.4,47632834,TP_z12_03,TP_z12_03,z,0.4343319824658965,0.0,0.9533208462311606,1.0,0.5256842198975358,True,-0.7661206960003645
outer_train_fit,k|10|0.2,,z|45|0.41|0.05|1|1,47632627,TP_z14_02,TP_z14_02,z,0.3496439368314625,0.0,0.8968057387497814,1.0,0.5919215622414634,True,-0.09103590247577288
outer_train_fit,k|10|0.2,,z|45|0.41|0.05|1|1,47632645,TP_z14_03,TP_z14_03,z,0.3496439368314625,0.0,1.0124651235188196,1.0,0.5300448275477039,True,-0.1869300312950965
outer_train_fit,k|10|0.2,,z|45|0.41|0.05|1|1,47632654,TP_z14_01,TP_z14_01,z,0.3496439368314625,0.0,0.9830712214245206,1.0,0.545820345045985,True,-0.16120948198257584
outer_train_fit,k|10|0.2,,z|45|0.8|0.6|0.2|0.44,47632591,TP_z21_01,TP_z21_01,z,0.7420472914420315,0.0,1.11107034407233,0.5,0.1555139224337192,False,0.0
outer_train_fit,k|10|0.2,,z|45|0.8|0.6|0.2|0.44,47632621,TP_z18_02,TP_z18_02,z,0.7420472914420315,0.0,1.11107034407233,0.5,0.1555139224337192,False,0.0
outer_train_fit,k|10|0.2,,z|45|0.8|0.6|0.2|0.44,47632624,TP_z18_03,TP_z18_03,z,0.7420472914420315,0.0,1.11107034407233,0.5,0.1555139224337192,False,0.0
outer_train_fit,k|10|0.2,,z|45|0.8|0.6|0.2|0.44,47632630,TP_z18_01,TP_z18_01,z,0.7420472914420315,0.0,1.11107034407233,0.5,0.1555139224337192,False,0.0
outer_train_fit,k|10|0.2,,z|45|0.8|0.6|0.2|0.44,47632636,TP_z21_03,TP_z21_03,z,0.7420472914420315,0.0,1.11107034407233,0.5,0.1555139224337192,False,0.0
outer_train_fit,k|10|0.2,,z|45|0.8|0.6|0.2|0.44,47632639,TP_z21_02,TP_z21_02,z,0.7420472914420315,0.0,1.11107034407233,0.5,0.1555139224337192,False,0.0
outer_train_fit,k|10|0.2,,z|45|0.8|0.6|0.2|0.44,47632666,TP_z24_02,TP_z24_02,z,0.7420472914420315,0.0,1.11107034407233,0.5,0.1555139224337192,False,0.0
outer_train_fit,k|10|0.2,,z|45|0.8|0.6|0.2|0.44,47632669,TP_z22_03,TP_z22_03,z,0.7420472914420315,0.0,1.11107034407233,0.5,0.1555139224337192,False,0.0
outer_train_fit,k|10|0.2,,z|45|0.8|0.6|0.2|0.44,47632747,TP_z24_01,TP_z24_01,z,0.7420472914420315,0.0,1.124929313751542,0.5,0.1531229104579489,False,0.0
outer_train_fit,k|10|0.2,,z|45|0.8|0.6|0.2|0.44,47632786,TP_z24_03,TP_z24_03,z,0.7420472914420315,0.0,1.125425414363924,0.5,0.15303746091998138,False,0.0
outer_train_fit,k|10|0.2,,z|45|0.8|0.6|0.2|0.44,47632795,TP_z22_02,TP_z22_02,z,0.7420472914420315,0.0,1.11107034407233,0.5,0.1555139224337192,False,0.0
outer_train_fit,k|10|0.2,,z|45|0.8|0.6|0.2|0.44,47632798,TP_z22_01,TP_z22_01,z,0.7420472914420315,0.0,1.11107034407233,0.5,0.1555139224337192,False,0.0
outer_train_fit,k|10|0.2,,z|45|0.8|0.6|1|2,47629771,TP_z20_02,TP_z20_02,z,0.6693819531966643,0.0,0.7372229268950524,0.5,0.2434196910370597,True,-1.70561421729418
outer_train_fit,k|10|0.2,,z|45|0.8|0.6|1|2,47629825,TP_z23_01,TP_z23_01,z,0.6693819531966643,0.0,0.7375268799550213,0.5,0.2433651401381667,True,-1.6995884498644516
outer_train_fit,k|10|0.2,,z|45|0.8|0.6|1|2,47629960,TP_z23_02,TP_z23_02,z,0.6693819531966643,0.0,0.7375268799550213,0.5,0.2433651401381667,True,-1.6995884498644516
outer_train_fit,k|10|0.2,,z|45|0.8|0.6|1|2,47630290,TP_z20_03,TP_z20_03,z,0.6693819531966643,0.0,0.7372229268950524,0.5,0.2434196910370597,True,-1.70561421729418
outer_train_fit,k|10|0.2,,z|45|0.8|0.6|1|2,47630314,139,TP_z02_03,z,0.6693819531966643,0.0,0.8628189652321777,0.5,0.2201496661588237,True,-0.6719555984520007
outer_train_fit,k|10|0.2,,z|45|0.8|0.6|1|2,47630320,TP_z20_01,TP_z20_01,z,0.6693819531966643,0.0,0.7375268799550213,0.5,0.2433651401381667,True,-1.6995884498644516
outer_train_fit,k|10|0.2,,z|45|0.8|0.6|1|2,47630323,TP_z23_03,TP_z23_03,z,0.6693819531966643,0.0,0.7346451283169946,0.5,0.2438819183279328,True,-1.7119998284434943
outer_train_fit,k|10|0.2,,z|45|0.8|0.6|1|2,47631133,025,TP_z02_02,z,0.6693819531966643,0.0,0.8608424803305057,0.5,0.22052498765968406,True,-0.6747261546461394
outer_train_fit,k|10|0.2,,z|45|0.8|0.6|1|2,47631268,117,TP_z02_01,z,0.6693819531966643,0.0,0.8420544234480628,0.5,0.22408110744659518,True,-0.6975805755871279
nested_validation,k|10|0.8,z|23|0.25|0.05|0.4|0.3,z|23|0.25|0.05|0.4|0.3,47632648,INT161,TP_z05_02,z,0.6064468466220085,1.1931579293210106,0.1075405724532581,1.0,0.16576467623344174,False,0.0
nested_validation,k|10|0.8,z|23|0.25|0.05|0.4|0.3,z|23|0.25|0.05|0.4|0.3,47632660,INT200,TP_z05_03,z,0.6064468466220085,1.1931579293210106,0.1210175864974995,1.0,0.16550957179795925,False,0.0
nested_validation,k|10|0.8,z|23|0.25|0.05|0.4|0.3,z|23|0.25|0.05|0.4|0.3,47632663,INT073,TP_z05_01,z,0.6064468466220085,1.1931579293210106,0.1544962668535451,1.0,0.16474801235007866,False,0.0
nested_validation,k|10|0.8,z|23|0.69|0.2|1|0.5,z|23|0.69|0.2|1|0.5,47632750,INT059,TP_z04_01,z,0.6281472457559458,1.1430942493118919,0.6673106758046793,1.0,0.1460384706789609,False,0.0
nested_validation,k|10|0.8,z|23|0.69|0.2|1|0.5,z|23|0.69|0.2|1|0.5,47632810,INT037,TP_z04_02,z,0.6281472457559458,1.1430942493118919,0.6677168041909525,1.0,0.14599888555904086,False,0.0
nested_validation,k|10|0.8,z|23|0.69|0.2|1|0.5,z|23|0.69|0.2|1|0.5,47639014,INT027,TP_z04_03,z,0.6281472457559458,1.1430942493118919,0.6670338054970545,1.0,0.14606544942374652,False,0.0
nested_validation,k|10|0.8,z|23|0.8|0.25|0.2|1.4,z|23|0.8|0.25|0.2|1.4,47632675,INT163,TP_z07_02,z,0.4343319824658965,1.1430942493118919,0.4245437059242428,1.0,0.20486021449900682,True,0.3643471689657197
nested_validation,k|10|0.8,z|23|0.8|0.25|0.2|1.4,z|23|0.8|0.25|0.2|1.4,47632744,INT078,TP_z07_03,z,0.4343319824658965,1.1430942493118919,0.4238110787336789,1.0,0.20492388754955537,True,0.3652195755940848
nested_validation,k|10|0.8,z|23|0.8|0.25|0.2|1.4,z|23|0.8|0.25|0.2|1.4,47632753,INT065,TP_z07_01,z,0.4343319824658965,1.1430942493118919,0.4240347772004693,1.0,0.20490445535241944,True,0.36500754049998996
nested_validation,k|10|0.8,z|23|0.8|0.25|0.2|1.4,z|23|0.8|0.25|0.2|1.4,47632804,TP_z12_01,TP_z12_01,z,0.4343319824658965,1.1430942493118919,0.9442543873185116,1.0,0.14354353531781422,False,0.0
nested_validation,k|10|0.8,z|23|0.8|0.25|0.2|1.4,z|23|0.8|0.25|0.2|1.4,47632831,TP_z12_02,TP_z12_02,z,0.4343319824658965,1.1430942493118919,0.9337244472045942,1.0,0.14496986214271343,False,0.0
nested_validation,k|10|0.8,z|23|0.8|0.25|0.2|1.4,z|23|0.8|0.25|0.2|1.4,47632834,TP_z12_03,TP_z12_03,z,0.4343319824658965,1.1430942493118919,0.9533208462311606,1.0,0.1423140488559992,False,0.0
nested_validation,k|10|0.8,z|45|0.41|0.05|1|1,z|45|0.41|0.05|1|1,47632627,TP_z14_02,TP_z14_02,z,0.3496439368314625,1.210429948041776,0.8968057387497814,1.0,0.13676080770753946,False,0.0
nested_validation,k|10|0.8,z|45|0.41|0.05|1|1,z|45|0.41|0.05|1|1,47632645,TP_z14_03,TP_z14_03,z,0.3496439368314625,1.210429948041776,1.0124651235188196,1.0,0.12246446718738853,False,0.0
nested_validation,k|10|0.8,z|45|0.41|0.05|1|1,z|45|0.41|0.05|1|1,47632654,TP_z14_01,TP_z14_01,z,0.3496439368314625,1.210429948041776,0.9830712214245206,1.0,0.1261093293662548,False,0.0
nested_validation,k|10|0.8,z|45|0.8|0.6|0.2|0.44,z|45|0.8|0.6|0.2|0.44,47632591,TP_z21_01,TP_z21_01,z,0.7420472914420315,1.2997704113151656,1.11107034407233,0.5,0.02871248767664423,False,0.0
nested_validation,k|10|0.8,z|45|0.8|0.6|0.2|0.44,z|45|0.8|0.6|0.2|0.44,47632621,TP_z18_02,TP_z18_02,z,0.7420472914420315,1.2997704113151656,1.11107034407233,0.5,0.02871248767664423,False,0.0
nested_validation,k|10|0.8,z|45|0.8|0.6|0.2|0.44,z|45|0.8|0.6|0.2|0.44,47632624,TP_z18_03,TP_z18_03,z,0.7420472914420315,1.2997704113151656,1.11107034407233,0.5,0.02871248767664423,False,0.0
nested_validation,k|10|0.8,z|45|0.8|0.6|0.2|0.44,z|45|0.8|0.6|0.2|0.44,47632630,TP_z18_01,TP_z18_01,z,0.7420472914420315,1.2997704113151656,1.11107034407233,0.5,0.02871248767664423,False,0.0
nested_validation,k|10|0.8,z|45|0.8|0.6|0.2|0.44,z|45|0.8|0.6|0.2|0.44,47632636,TP_z21_03,TP_z21_03,z,0.7420472914420315,1.2997704113151656,1.11107034407233,0.5,0.02871248767664423,False,0.0
nested_validation,k|10|0.8,z|45|0.8|0.6|0.2|0.44,z|45|0.8|0.6|0.2|0.44,47632639,TP_z21_02,TP_z21_02,z,0.7420472914420315,1.2997704113151656,1.11107034407233,0.5,0.02871248767664423,False,0.0
nested_validation,k|10|0.8,z|45|0.8|0.6|0.2|0.44,z|45|0.8|0.6|0.2|0.44,47632666,TP_z24_02,TP_z24_02,z,0.7420472914420315,1.2997704113151656,1.11107034407233,0.5,0.02871248767664423,False,0.0
nested_validation,k|10|0.8,z|45|0.8|0.6|0.2|0.44,z|45|0.8|0.6|0.2|0.44,47632669,TP_z22_03,TP_z22_03,z,0.7420472914420315,1.2997704113151656,1.11107034407233,0.5,0.02871248767664423,False,0.0
nested_validation,k|10|0.8,z|45|0.8|0.6|0.2|0.44,z|45|0.8|0.6|0.2|0.44,47632747,TP_z24_01,TP_z24_01,z,0.7420472914420315,1.2997704113151656,1.124929313751542,0.5,0.028271035870821037,False,0.0
nested_validation,k|10|0.8,z|45|0.8|0.6|0.2|0.44,z|45|0.8|0.6|0.2|0.44,47632786,TP_z24_03,TP_z24_03,z,0.7420472914420315,1.2997704113151656,1.125425414363924,0.5,0.02825525934890279,False,0.0
nested_validation,k|10|0.8,z|45|0.8|0.6|0.2|0.44,z|45|0.8|0.6|0.2|0.44,47632795,TP_z22_02,TP_z22_02,z,0.7420472914420315,1.2997704113151656,1.11107034407233,0.5,0.02871248767664423,False,0.0
nested_validation,k|10|0.8,z|45|0.8|0.6|0.2|0.44,z|45|0.8|0.6|0.2|0.44,47632798,TP_z22_01,TP_z22_01,z,0.7420472914420315,1.2997704113151656,1.11107034407233,0.5,0.02871248767664423,False,0.0
nested_validation,k|10|0.8,z|45|0.8|0.6|1|2,z|45|0.8|0.6|1|2,47629771,TP_z20_02,TP_z20_02,z,0.6693819531966643,1.3232955494186138,0.7372229268950524,0.5,0.042253025726858295,False,0.0
nested_validation,k|10|0.8,z|45|0.8|0.6|1|2,z|45|0.8|0.6|1|2,47629825,TP_z23_01,TP_z23_01,z,0.6693819531966643,1.3232955494186138,0.7375268799550213,0.5,0.04224355672899485,False,0.0
nested_validation,k|10|0.8,z|45|0.8|0.6|1|2,z|45|0.8|0.6|1|2,47629960,TP_z23_02,TP_z23_02,z,0.6693819531966643,1.3232955494186138,0.7375268799550213,0.5,0.04224355672899485,False,0.0
nested_validation,k|10|0.8,z|45|0.8|0.6|1|2,z|45|0.8|0.6|1|2,47630290,TP_z20_03,TP_z20_03,z,0.6693819531966643,1.3232955494186138,0.7372229268950524,0.5,0.042253025726858295,False,0.0
nested_validation,k|10|0.8,z|45|0.8|0.6|1|2,z|45|0.8|0.6|1|2,47630314,139,TP_z02_03,z,0.6693819531966643,1.3232955494186138,0.8628189652321777,0.5,0.038213792271028106,False,0.0
nested_validation,k|10|0.8,z|45|0.8|0.6|1|2,z|45|0.8|0.6|1|2,47630320,TP_z20_01,TP_z20_01,z,0.6693819531966643,1.3232955494186138,0.7375268799550213,0.5,0.04224355672899485,False,0.0
nested_validation,k|10|0.8,z|45|0.8|0.6|1|2,z|45|0.8|0.6|1|2,47630323,TP_z23_03,TP_z23_03,z,0.6693819531966643,1.3232955494186138,0.7346451283169946,0.5,0.042333259587684045,False,0.0
nested_validation,k|10|0.8,z|45|0.8|0.6|1|2,z|45|0.8|0.6|1|2,47631133,025,TP_z02_02,z,0.6693819531966643,1.3232955494186138,0.8608424803305057,0.5,0.03827894094065353,False,0.0
nested_validation,k|10|0.8,z|45|0.8|0.6|1|2,z|45|0.8|0.6|1|2,47631268,117,TP_z02_01,z,0.6693819531966643,1.3232955494186138,0.8420544234480628,0.5,0.03889621565743587,False,0.0
outer_train_fit,k|10|0.8,,z|23|0.25|0.05|0.4|0.3,47632648,INT161,TP_z05_02,z,0.6064468466220085,0.0,0.1075405724532581,1.0,0.6882795057859648,True,3.808591723791903
outer_train_fit,k|10|0.8,,z|23|0.25|0.05|0.4|0.3,47632660,INT200,TP_z05_03,z,0.6064468466220085,0.0,0.1210175864974995,1.0,0.6872202743576088,True,3.7975540976372852
outer_train_fit,k|10|0.8,,z|23|0.25|0.05|0.4|0.3,47632663,INT073,TP_z05_01,z,0.6064468466220085,0.0,0.1544962668535451,1.0,0.6840581666497175,True,3.752842132058285
outer_train_fit,k|10|0.8,,z|23|0.69|0.2|1|0.5,47632750,INT059,TP_z04_01,z,0.6281472457559458,0.0,0.6673106758046793,1.0,0.5394416092509513,True,0.41944810048717984
outer_train_fit,k|10|0.8,,z|23|0.69|0.2|1|0.5,47632810,INT037,TP_z04_02,z,0.6281472457559458,0.0,0.6677168041909525,1.0,0.5392953884593149,True,0.413131000867733
outer_train_fit,k|10|0.8,,z|23|0.69|0.2|1|0.5,47639014,INT027,TP_z04_03,z,0.6281472457559458,0.0,0.6670338054970545,1.0,0.5395412642078614,True,0.4188553796891378
outer_train_fit,k|10|0.8,,z|23|0.8|0.25|0.2|1.4,47632675,INT163,TP_z07_02,z,0.4343319824658965,0.0,0.4245437059242428,1.0,0.7567192621715122,True,1.3458373142304572
outer_train_fit,k|10|0.8,,z|23|0.8|0.25|0.2|1.4,47632744,INT078,TP_z07_03,z,0.4343319824658965,0.0,0.4238110787336789,1.0,0.7569544597375655,True,1.3490598379486152
outer_train_fit,k|10|0.8,,z|23|0.8|0.25|0.2|1.4,47632753,INT065,TP_z07_01,z,0.4343319824658965,0.0,0.4240347772004693,1.0,0.7568826804615599,True,1.348276615884974
outer_train_fit,k|10|0.8,,z|23|0.8|0.25|0.2|1.4,47632804,TP_z12_01,TP_z12_01,z,0.4343319824658965,0.0,0.9442543873185116,1.0,0.5302257366117977,True,-0.7737949856866343
outer_train_fit,k|10|0.8,,z|23|0.8|0.25|0.2|1.4,47632831,TP_z12_02,TP_z12_02,z,0.4343319824658965,0.0,0.9337244472045942,1.0,0.5354943486026262,True,-0.7672342860696386
outer_train_fit,k|10|0.8,,z|23|0.8|0.25|0.2|1.4,47632834,TP_z12_03,TP_z12_03,z,0.4343319824658965,0.0,0.9533208462311606,1.0,0.5256842198975358,True,-0.7661206960003645
outer_train_fit,k|10|0.8,,z|45|0.41|0.05|1|1,47632627,TP_z14_02,TP_z14_02,z,0.3496439368314625,0.0,0.8968057387497814,1.0,0.5919215622414634,True,-0.09103590247577288
outer_train_fit,k|10|0.8,,z|45|0.41|0.05|1|1,47632645,TP_z14_03,TP_z14_03,z,0.3496439368314625,0.0,1.0124651235188196,1.0,0.5300448275477039,True,-0.1869300312950965
outer_train_fit,k|10|0.8,,z|45|0.41|0.05|1|1,47632654,TP_z14_01,TP_z14_01,z,0.3496439368314625,0.0,0.9830712214245206,1.0,0.545820345045985,True,-0.16120948198257584
outer_train_fit,k|10|0.8,,z|45|0.8|0.6|0.2|0.44,47632591,TP_z21_01,TP_z21_01,z,0.7420472914420315,0.0,1.11107034407233,0.5,0.1555139224337192,False,0.0
outer_train_fit,k|10|0.8,,z|45|0.8|0.6|0.2|0.44,47632621,TP_z18_02,TP_z18_02,z,0.7420472914420315,0.0,1.11107034407233,0.5,0.1555139224337192,False,0.0
outer_train_fit,k|10|0.8,,z|45|0.8|0.6|0.2|0.44,47632624,TP_z18_03,TP_z18_03,z,0.7420472914420315,0.0,1.11107034407233,0.5,0.1555139224337192,False,0.0
outer_train_fit,k|10|0.8,,z|45|0.8|0.6|0.2|0.44,47632630,TP_z18_01,TP_z18_01,z,0.7420472914420315,0.0,1.11107034407233,0.5,0.1555139224337192,False,0.0
outer_train_fit,k|10|0.8,,z|45|0.8|0.6|0.2|0.44,47632636,TP_z21_03,TP_z21_03,z,0.7420472914420315,0.0,1.11107034407233,0.5,0.1555139224337192,False,0.0
outer_train_fit,k|10|0.8,,z|45|0.8|0.6|0.2|0.44,47632639,TP_z21_02,TP_z21_02,z,0.7420472914420315,0.0,1.11107034407233,0.5,0.1555139224337192,False,0.0
outer_train_fit,k|10|0.8,,z|45|0.8|0.6|0.2|0.44,47632666,TP_z24_02,TP_z24_02,z,0.7420472914420315,0.0,1.11107034407233,0.5,0.1555139224337192,False,0.0
outer_train_fit,k|10|0.8,,z|45|0.8|0.6|0.2|0.44,47632669,TP_z22_03,TP_z22_03,z,0.7420472914420315,0.0,1.11107034407233,0.5,0.1555139224337192,False,0.0
outer_train_fit,k|10|0.8,,z|45|0.8|0.6|0.2|0.44,47632747,TP_z24_01,TP_z24_01,z,0.7420472914420315,0.0,1.124929313751542,0.5,0.1531229104579489,False,0.0
outer_train_fit,k|10|0.8,,z|45|0.8|0.6|0.2|0.44,47632786,TP_z24_03,TP_z24_03,z,0.7420472914420315,0.0,1.125425414363924,0.5,0.15303746091998138,False,0.0
outer_train_fit,k|10|0.8,,z|45|0.8|0.6|0.2|0.44,47632795,TP_z22_02,TP_z22_02,z,0.7420472914420315,0.0,1.11107034407233,0.5,0.1555139224337192,False,0.0
outer_train_fit,k|10|0.8,,z|45|0.8|0.6|0.2|0.44,47632798,TP_z22_01,TP_z22_01,z,0.7420472914420315,0.0,1.11107034407233,0.5,0.1555139224337192,False,0.0
outer_train_fit,k|10|0.8,,z|45|0.8|0.6|1|2,47629771,TP_z20_02,TP_z20_02,z,0.6693819531966643,0.0,0.7372229268950524,0.5,0.2434196910370597,True,-1.70561421729418
outer_train_fit,k|10|0.8,,z|45|0.8|0.6|1|2,47629825,TP_z23_01,TP_z23_01,z,0.6693819531966643,0.0,0.7375268799550213,0.5,0.2433651401381667,True,-1.6995884498644516
outer_train_fit,k|10|0.8,,z|45|0.8|0.6|1|2,47629960,TP_z23_02,TP_z23_02,z,0.6693819531966643,0.0,0.7375268799550213,0.5,0.2433651401381667,True,-1.6995884498644516
outer_train_fit,k|10|0.8,,z|45|0.8|0.6|1|2,47630290,TP_z20_03,TP_z20_03,z,0.6693819531966643,0.0,0.7372229268950524,0.5,0.2434196910370597,True,-1.70561421729418
outer_train_fit,k|10|0.8,,z|45|0.8|0.6|1|2,47630314,139,TP_z02_03,z,0.6693819531966643,0.0,0.8628189652321777,0.5,0.2201496661588237,True,-0.6719555984520007
outer_train_fit,k|10|0.8,,z|45|0.8|0.6|1|2,47630320,TP_z20_01,TP_z20_01,z,0.6693819531966643,0.0,0.7375268799550213,0.5,0.2433651401381667,True,-1.6995884498644516
outer_train_fit,k|10|0.8,,z|45|0.8|0.6|1|2,47630323,TP_z23_03,TP_z23_03,z,0.6693819531966643,0.0,0.7346451283169946,0.5,0.2438819183279328,True,-1.7119998284434943
outer_train_fit,k|10|0.8,,z|45|0.8|0.6|1|2,47631133,025,TP_z02_02,z,0.6693819531966643,0.0,0.8608424803305057,0.5,0.22052498765968406,True,-0.6747261546461394
outer_train_fit,k|10|0.8,,z|45|0.8|0.6|1|2,47631268,117,TP_z02_01,z,0.6693819531966643,0.0,0.8420544234480628,0.5,0.22408110744659518,True,-0.6975805755871279
nested_validation,k|23|0.2,z|23|0.25|0.05|0.4|0.3,z|23|0.25|0.05|0.4|0.3,47632648,INT161,TP_z05_02,z,0.6064468466220085,1.1931579293210106,0.1075405724532581,1.0,0.16576467623344174,False,0.0
nested_validation,k|23|0.2,z|23|0.25|0.05|0.4|0.3,z|23|0.25|0.05|0.4|0.3,47632660,INT200,TP_z05_03,z,0.6064468466220085,1.1931579293210106,0.1210175864974995,1.0,0.16550957179795925,False,0.0
nested_validation,k|23|0.2,z|23|0.25|0.05|0.4|0.3,z|23|0.25|0.05|0.4|0.3,47632663,INT073,TP_z05_01,z,0.6064468466220085,1.1931579293210106,0.1544962668535451,1.0,0.16474801235007866,False,0.0
nested_validation,k|23|0.2,z|23|0.69|0.2|1|0.5,z|23|0.69|0.2|1|0.5,47632750,INT059,TP_z04_01,z,0.6281472457559458,1.1430942493118919,0.6673106758046793,1.0,0.1460384706789609,False,0.0
nested_validation,k|23|0.2,z|23|0.69|0.2|1|0.5,z|23|0.69|0.2|1|0.5,47632810,INT037,TP_z04_02,z,0.6281472457559458,1.1430942493118919,0.6677168041909525,1.0,0.14599888555904086,False,0.0
nested_validation,k|23|0.2,z|23|0.69|0.2|1|0.5,z|23|0.69|0.2|1|0.5,47639014,INT027,TP_z04_03,z,0.6281472457559458,1.1430942493118919,0.6670338054970545,1.0,0.14606544942374652,False,0.0
nested_validation,k|23|0.2,z|23|0.8|0.25|0.2|1.4,z|23|0.8|0.25|0.2|1.4,47632675,INT163,TP_z07_02,z,0.4343319824658965,1.1430942493118919,0.4245437059242428,1.0,0.20486021449900682,True,0.3643471689657197
nested_validation,k|23|0.2,z|23|0.8|0.25|0.2|1.4,z|23|0.8|0.25|0.2|1.4,47632744,INT078,TP_z07_03,z,0.4343319824658965,1.1430942493118919,0.4238110787336789,1.0,0.20492388754955537,True,0.3652195755940848
nested_validation,k|23|0.2,z|23|0.8|0.25|0.2|1.4,z|23|0.8|0.25|0.2|1.4,47632753,INT065,TP_z07_01,z,0.4343319824658965,1.1430942493118919,0.4240347772004693,1.0,0.20490445535241944,True,0.36500754049998996
nested_validation,k|23|0.2,z|23|0.8|0.25|0.2|1.4,z|23|0.8|0.25|0.2|1.4,47632804,TP_z12_01,TP_z12_01,z,0.4343319824658965,1.1430942493118919,0.9442543873185116,1.0,0.14354353531781422,False,0.0
nested_validation,k|23|0.2,z|23|0.8|0.25|0.2|1.4,z|23|0.8|0.25|0.2|1.4,47632831,TP_z12_02,TP_z12_02,z,0.4343319824658965,1.1430942493118919,0.9337244472045942,1.0,0.14496986214271343,False,0.0
nested_validation,k|23|0.2,z|23|0.8|0.25|0.2|1.4,z|23|0.8|0.25|0.2|1.4,47632834,TP_z12_03,TP_z12_03,z,0.4343319824658965,1.1430942493118919,0.9533208462311606,1.0,0.1423140488559992,False,0.0
nested_validation,k|23|0.2,z|45|0.41|0.05|1|1,z|45|0.41|0.05|1|1,47632627,TP_z14_02,TP_z14_02,z,0.3496439368314625,1.210429948041776,0.8968057387497814,1.0,0.13676080770753946,False,0.0
nested_validation,k|23|0.2,z|45|0.41|0.05|1|1,z|45|0.41|0.05|1|1,47632645,TP_z14_03,TP_z14_03,z,0.3496439368314625,1.210429948041776,1.0124651235188196,1.0,0.12246446718738853,False,0.0
nested_validation,k|23|0.2,z|45|0.41|0.05|1|1,z|45|0.41|0.05|1|1,47632654,TP_z14_01,TP_z14_01,z,0.3496439368314625,1.210429948041776,0.9830712214245206,1.0,0.1261093293662548,False,0.0
nested_validation,k|23|0.2,z|45|0.8|0.6|0.2|0.44,z|45|0.8|0.6|0.2|0.44,47632591,TP_z21_01,TP_z21_01,z,0.7420472914420315,1.2997704113151656,1.11107034407233,0.5,0.02871248767664423,False,0.0
nested_validation,k|23|0.2,z|45|0.8|0.6|0.2|0.44,z|45|0.8|0.6|0.2|0.44,47632621,TP_z18_02,TP_z18_02,z,0.7420472914420315,1.2997704113151656,1.11107034407233,0.5,0.02871248767664423,False,0.0
nested_validation,k|23|0.2,z|45|0.8|0.6|0.2|0.44,z|45|0.8|0.6|0.2|0.44,47632624,TP_z18_03,TP_z18_03,z,0.7420472914420315,1.2997704113151656,1.11107034407233,0.5,0.02871248767664423,False,0.0
nested_validation,k|23|0.2,z|45|0.8|0.6|0.2|0.44,z|45|0.8|0.6|0.2|0.44,47632630,TP_z18_01,TP_z18_01,z,0.7420472914420315,1.2997704113151656,1.11107034407233,0.5,0.02871248767664423,False,0.0
nested_validation,k|23|0.2,z|45|0.8|0.6|0.2|0.44,z|45|0.8|0.6|0.2|0.44,47632636,TP_z21_03,TP_z21_03,z,0.7420472914420315,1.2997704113151656,1.11107034407233,0.5,0.02871248767664423,False,0.0
nested_validation,k|23|0.2,z|45|0.8|0.6|0.2|0.44,z|45|0.8|0.6|0.2|0.44,47632639,TP_z21_02,TP_z21_02,z,0.7420472914420315,1.2997704113151656,1.11107034407233,0.5,0.02871248767664423,False,0.0
nested_validation,k|23|0.2,z|45|0.8|0.6|0.2|0.44,z|45|0.8|0.6|0.2|0.44,47632666,TP_z24_02,TP_z24_02,z,0.7420472914420315,1.2997704113151656,1.11107034407233,0.5,0.02871248767664423,False,0.0
nested_validation,k|23|0.2,z|45|0.8|0.6|0.2|0.44,z|45|0.8|0.6|0.2|0.44,47632669,TP_z22_03,TP_z22_03,z,0.7420472914420315,1.2997704113151656,1.11107034407233,0.5,0.02871248767664423,False,0.0
nested_validation,k|23|0.2,z|45|0.8|0.6|0.2|0.44,z|45|0.8|0.6|0.2|0.44,47632747,TP_z24_01,TP_z24_01,z,0.7420472914420315,1.2997704113151656,1.124929313751542,0.5,0.028271035870821037,False,0.0
nested_validation,k|23|0.2,z|45|0.8|0.6|0.2|0.44,z|45|0.8|0.6|0.2|0.44,47632786,TP_z24_03,TP_z24_03,z,0.7420472914420315,1.2997704113151656,1.125425414363924,0.5,0.02825525934890279,False,0.0
nested_validation,k|23|0.2,z|45|0.8|0.6|0.2|0.44,z|45|0.8|0.6|0.2|0.44,47632795,TP_z22_02,TP_z22_02,z,0.7420472914420315,1.2997704113151656,1.11107034407233,0.5,0.02871248767664423,False,0.0
nested_validation,k|23|0.2,z|45|0.8|0.6|0.2|0.44,z|45|0.8|0.6|0.2|0.44,47632798,TP_z22_01,TP_z22_01,z,0.7420472914420315,1.2997704113151656,1.11107034407233,0.5,0.02871248767664423,False,0.0
nested_validation,k|23|0.2,z|45|0.8|0.6|1|2,z|45|0.8|0.6|1|2,47629771,TP_z20_02,TP_z20_02,z,0.6693819531966643,1.3232955494186138,0.7372229268950524,0.5,0.042253025726858295,False,0.0
nested_validation,k|23|0.2,z|45|0.8|0.6|1|2,z|45|0.8|0.6|1|2,47629825,TP_z23_01,TP_z23_01,z,0.6693819531966643,1.3232955494186138,0.7375268799550213,0.5,0.04224355672899485,False,0.0
nested_validation,k|23|0.2,z|45|0.8|0.6|1|2,z|45|0.8|0.6|1|2,47629960,TP_z23_02,TP_z23_02,z,0.6693819531966643,1.3232955494186138,0.7375268799550213,0.5,0.04224355672899485,False,0.0
nested_validation,k|23|0.2,z|45|0.8|0.6|1|2,z|45|0.8|0.6|1|2,47630290,TP_z20_03,TP_z20_03,z,0.6693819531966643,1.3232955494186138,0.7372229268950524,0.5,0.042253025726858295,False,0.0
nested_validation,k|23|0.2,z|45|0.8|0.6|1|2,z|45|0.8|0.6|1|2,47630314,139,TP_z02_03,z,0.6693819531966643,1.3232955494186138,0.8628189652321777,0.5,0.038213792271028106,False,0.0
nested_validation,k|23|0.2,z|45|0.8|0.6|1|2,z|45|0.8|0.6|1|2,47630320,TP_z20_01,TP_z20_01,z,0.6693819531966643,1.3232955494186138,0.7375268799550213,0.5,0.04224355672899485,False,0.0
nested_validation,k|23|0.2,z|45|0.8|0.6|1|2,z|45|0.8|0.6|1|2,47630323,TP_z23_03,TP_z23_03,z,0.6693819531966643,1.3232955494186138,0.7346451283169946,0.5,0.042333259587684045,False,0.0
nested_validation,k|23|0.2,z|45|0.8|0.6|1|2,z|45|0.8|0.6|1|2,47631133,025,TP_z02_02,z,0.6693819531966643,1.3232955494186138,0.8608424803305057,0.5,0.03827894094065353,False,0.0
nested_validation,k|23|0.2,z|45|0.8|0.6|1|2,z|45|0.8|0.6|1|2,47631268,117,TP_z02_01,z,0.6693819531966643,1.3232955494186138,0.8420544234480628,0.5,0.03889621565743587,False,0.0
outer_train_fit,k|23|0.2,,z|23|0.25|0.05|0.4|0.3,47632648,INT161,TP_z05_02,z,0.6064468466220085,0.0,0.1075405724532581,1.0,0.6882795057859648,True,3.808591723791903
outer_train_fit,k|23|0.2,,z|23|0.25|0.05|0.4|0.3,47632660,INT200,TP_z05_03,z,0.6064468466220085,0.0,0.1210175864974995,1.0,0.6872202743576088,True,3.7975540976372852
outer_train_fit,k|23|0.2,,z|23|0.25|0.05|0.4|0.3,47632663,INT073,TP_z05_01,z,0.6064468466220085,0.0,0.1544962668535451,1.0,0.6840581666497175,True,3.752842132058285
outer_train_fit,k|23|0.2,,z|23|0.69|0.2|1|0.5,47632750,INT059,TP_z04_01,z,0.6281472457559458,0.0,0.6673106758046793,1.0,0.5394416092509513,True,0.41944810048717984
outer_train_fit,k|23|0.2,,z|23|0.69|0.2|1|0.5,47632810,INT037,TP_z04_02,z,0.6281472457559458,0.0,0.6677168041909525,1.0,0.5392953884593149,True,0.413131000867733
outer_train_fit,k|23|0.2,,z|23|0.69|0.2|1|0.5,47639014,INT027,TP_z04_03,z,0.6281472457559458,0.0,0.6670338054970545,1.0,0.5395412642078614,True,0.4188553796891378
outer_train_fit,k|23|0.2,,z|23|0.8|0.25|0.2|1.4,47632675,INT163,TP_z07_02,z,0.4343319824658965,0.0,0.4245437059242428,1.0,0.7567192621715122,True,1.3458373142304572
outer_train_fit,k|23|0.2,,z|23|0.8|0.25|0.2|1.4,47632744,INT078,TP_z07_03,z,0.4343319824658965,0.0,0.4238110787336789,1.0,0.7569544597375655,True,1.3490598379486152
outer_train_fit,k|23|0.2,,z|23|0.8|0.25|0.2|1.4,47632753,INT065,TP_z07_01,z,0.4343319824658965,0.0,0.4240347772004693,1.0,0.7568826804615599,True,1.348276615884974
outer_train_fit,k|23|0.2,,z|23|0.8|0.25|0.2|1.4,47632804,TP_z12_01,TP_z12_01,z,0.4343319824658965,0.0,0.9442543873185116,1.0,0.5302257366117977,True,-0.7737949856866343
outer_train_fit,k|23|0.2,,z|23|0.8|0.25|0.2|1.4,47632831,TP_z12_02,TP_z12_02,z,0.4343319824658965,0.0,0.9337244472045942,1.0,0.5354943486026262,True,-0.7672342860696386
outer_train_fit,k|23|0.2,,z|23|0.8|0.25|0.2|1.4,47632834,TP_z12_03,TP_z12_03,z,0.4343319824658965,0.0,0.9533208462311606,1.0,0.5256842198975358,True,-0.7661206960003645
outer_train_fit,k|23|0.2,,z|45|0.41|0.05|1|1,47632627,TP_z14_02,TP_z14_02,z,0.3496439368314625,0.0,0.8968057387497814,1.0,0.5919215622414634,True,-0.09103590247577288
outer_train_fit,k|23|0.2,,z|45|0.41|0.05|1|1,47632645,TP_z14_03,TP_z14_03,z,0.3496439368314625,0.0,1.0124651235188196,1.0,0.5300448275477039,True,-0.1869300312950965
outer_train_fit,k|23|0.2,,z|45|0.41|0.05|1|1,47632654,TP_z14_01,TP_z14_01,z,0.3496439368314625,0.0,0.9830712214245206,1.0,0.545820345045985,True,-0.16120948198257584
outer_train_fit,k|23|0.2,,z|45|0.8|0.6|0.2|0.44,47632591,TP_z21_01,TP_z21_01,z,0.7420472914420315,0.0,1.11107034407233,0.5,0.1555139224337192,False,0.0
outer_train_fit,k|23|0.2,,z|45|0.8|0.6|0.2|0.44,47632621,TP_z18_02,TP_z18_02,z,0.7420472914420315,0.0,1.11107034407233,0.5,0.1555139224337192,False,0.0
outer_train_fit,k|23|0.2,,z|45|0.8|0.6|0.2|0.44,47632624,TP_z18_03,TP_z18_03,z,0.7420472914420315,0.0,1.11107034407233,0.5,0.1555139224337192,False,0.0
outer_train_fit,k|23|0.2,,z|45|0.8|0.6|0.2|0.44,47632630,TP_z18_01,TP_z18_01,z,0.7420472914420315,0.0,1.11107034407233,0.5,0.1555139224337192,False,0.0
outer_train_fit,k|23|0.2,,z|45|0.8|0.6|0.2|0.44,47632636,TP_z21_03,TP_z21_03,z,0.7420472914420315,0.0,1.11107034407233,0.5,0.1555139224337192,False,0.0
outer_train_fit,k|23|0.2,,z|45|0.8|0.6|0.2|0.44,47632639,TP_z21_02,TP_z21_02,z,0.7420472914420315,0.0,1.11107034407233,0.5,0.1555139224337192,False,0.0
outer_train_fit,k|23|0.2,,z|45|0.8|0.6|0.2|0.44,47632666,TP_z24_02,TP_z24_02,z,0.7420472914420315,0.0,1.11107034407233,0.5,0.1555139224337192,False,0.0
outer_train_fit,k|23|0.2,,z|45|0.8|0.6|0.2|0.44,47632669,TP_z22_03,TP_z22_03,z,0.7420472914420315,0.0,1.11107034407233,0.5,0.1555139224337192,False,0.0
outer_train_fit,k|23|0.2,,z|45|0.8|0.6|0.2|0.44,47632747,TP_z24_01,TP_z24_01,z,0.7420472914420315,0.0,1.124929313751542,0.5,0.1531229104579489,False,0.0
outer_train_fit,k|23|0.2,,z|45|0.8|0.6|0.2|0.44,47632786,TP_z24_03,TP_z24_03,z,0.7420472914420315,0.0,1.125425414363924,0.5,0.15303746091998138,False,0.0
outer_train_fit,k|23|0.2,,z|45|0.8|0.6|0.2|0.44,47632795,TP_z22_02,TP_z22_02,z,0.7420472914420315,0.0,1.11107034407233,0.5,0.1555139224337192,False,0.0
outer_train_fit,k|23|0.2,,z|45|0.8|0.6|0.2|0.44,47632798,TP_z22_01,TP_z22_01,z,0.7420472914420315,0.0,1.11107034407233,0.5,0.1555139224337192,False,0.0
outer_train_fit,k|23|0.2,,z|45|0.8|0.6|1|2,47629771,TP_z20_02,TP_z20_02,z,0.6693819531966643,0.0,0.7372229268950524,0.5,0.2434196910370597,True,-1.70561421729418
outer_train_fit,k|23|0.2,,z|45|0.8|0.6|1|2,47629825,TP_z23_01,TP_z23_01,z,0.6693819531966643,0.0,0.7375268799550213,0.5,0.2433651401381667,True,-1.6995884498644516
outer_train_fit,k|23|0.2,,z|45|0.8|0.6|1|2,47629960,TP_z23_02,TP_z23_02,z,0.6693819531966643,0.0,0.7375268799550213,0.5,0.2433651401381667,True,-1.6995884498644516
outer_train_fit,k|23|0.2,,z|45|0.8|0.6|1|2,47630290,TP_z20_03,TP_z20_03,z,0.6693819531966643,0.0,0.7372229268950524,0.5,0.2434196910370597,True,-1.70561421729418
outer_train_fit,k|23|0.2,,z|45|0.8|0.6|1|2,47630314,139,TP_z02_03,z,0.6693819531966643,0.0,0.8628189652321777,0.5,0.2201496661588237,True,-0.6719555984520007
outer_train_fit,k|23|0.2,,z|45|0.8|0.6|1|2,47630320,TP_z20_01,TP_z20_01,z,0.6693819531966643,0.0,0.7375268799550213,0.5,0.2433651401381667,True,-1.6995884498644516
outer_train_fit,k|23|0.2,,z|45|0.8|0.6|1|2,47630323,TP_z23_03,TP_z23_03,z,0.6693819531966643,0.0,0.7346451283169946,0.5,0.2438819183279328,True,-1.7119998284434943
outer_train_fit,k|23|0.2,,z|45|0.8|0.6|1|2,47631133,025,TP_z02_02,z,0.6693819531966643,0.0,0.8608424803305057,0.5,0.22052498765968406,True,-0.6747261546461394
outer_train_fit,k|23|0.2,,z|45|0.8|0.6|1|2,47631268,117,TP_z02_01,z,0.6693819531966643,0.0,0.8420544234480628,0.5,0.22408110744659518,True,-0.6975805755871279
nested_validation,k|23|0.65,z|23|0.25|0.05|0.4|0.3,z|23|0.25|0.05|0.4|0.3,47632648,INT161,TP_z05_02,z,0.6064468466220085,1.1931579293210106,0.1075405724532581,1.0,0.16576467623344174,False,0.0
nested_validation,k|23|0.65,z|23|0.25|0.05|0.4|0.3,z|23|0.25|0.05|0.4|0.3,47632660,INT200,TP_z05_03,z,0.6064468466220085,1.1931579293210106,0.1210175864974995,1.0,0.16550957179795925,False,0.0
nested_validation,k|23|0.65,z|23|0.25|0.05|0.4|0.3,z|23|0.25|0.05|0.4|0.3,47632663,INT073,TP_z05_01,z,0.6064468466220085,1.1931579293210106,0.1544962668535451,1.0,0.16474801235007866,False,0.0
nested_validation,k|23|0.65,z|23|0.69|0.2|1|0.5,z|23|0.69|0.2|1|0.5,47632750,INT059,TP_z04_01,z,0.6281472457559458,1.1430942493118919,0.6673106758046793,1.0,0.1460384706789609,False,0.0
nested_validation,k|23|0.65,z|23|0.69|0.2|1|0.5,z|23|0.69|0.2|1|0.5,47632810,INT037,TP_z04_02,z,0.6281472457559458,1.1430942493118919,0.6677168041909525,1.0,0.14599888555904086,False,0.0
nested_validation,k|23|0.65,z|23|0.69|0.2|1|0.5,z|23|0.69|0.2|1|0.5,47639014,INT027,TP_z04_03,z,0.6281472457559458,1.1430942493118919,0.6670338054970545,1.0,0.14606544942374652,False,0.0
nested_validation,k|23|0.65,z|23|0.8|0.25|0.2|1.4,z|23|0.8|0.25|0.2|1.4,47632675,INT163,TP_z07_02,z,0.4343319824658965,1.1430942493118919,0.4245437059242428,1.0,0.20486021449900682,True,0.3643471689657197
nested_validation,k|23|0.65,z|23|0.8|0.25|0.2|1.4,z|23|0.8|0.25|0.2|1.4,47632744,INT078,TP_z07_03,z,0.4343319824658965,1.1430942493118919,0.4238110787336789,1.0,0.20492388754955537,True,0.3652195755940848
nested_validation,k|23|0.65,z|23|0.8|0.25|0.2|1.4,z|23|0.8|0.25|0.2|1.4,47632753,INT065,TP_z07_01,z,0.4343319824658965,1.1430942493118919,0.4240347772004693,1.0,0.20490445535241944,True,0.36500754049998996
nested_validation,k|23|0.65,z|23|0.8|0.25|0.2|1.4,z|23|0.8|0.25|0.2|1.4,47632804,TP_z12_01,TP_z12_01,z,0.4343319824658965,1.1430942493118919,0.9442543873185116,1.0,0.14354353531781422,False,0.0
nested_validation,k|23|0.65,z|23|0.8|0.25|0.2|1.4,z|23|0.8|0.25|0.2|1.4,47632831,TP_z12_02,TP_z12_02,z,0.4343319824658965,1.1430942493118919,0.9337244472045942,1.0,0.14496986214271343,False,0.0
nested_validation,k|23|0.65,z|23|0.8|0.25|0.2|1.4,z|23|0.8|0.25|0.2|1.4,47632834,TP_z12_03,TP_z12_03,z,0.4343319824658965,1.1430942493118919,0.9533208462311606,1.0,0.1423140488559992,False,0.0
nested_validation,k|23|0.65,z|45|0.41|0.05|1|1,z|45|0.41|0.05|1|1,47632627,TP_z14_02,TP_z14_02,z,0.3496439368314625,1.210429948041776,0.8968057387497814,1.0,0.13676080770753946,False,0.0
nested_validation,k|23|0.65,z|45|0.41|0.05|1|1,z|45|0.41|0.05|1|1,47632645,TP_z14_03,TP_z14_03,z,0.3496439368314625,1.210429948041776,1.0124651235188196,1.0,0.12246446718738853,False,0.0
nested_validation,k|23|0.65,z|45|0.41|0.05|1|1,z|45|0.41|0.05|1|1,47632654,TP_z14_01,TP_z14_01,z,0.3496439368314625,1.210429948041776,0.9830712214245206,1.0,0.1261093293662548,False,0.0
nested_validation,k|23|0.65,z|45|0.8|0.6|0.2|0.44,z|45|0.8|0.6|0.2|0.44,47632591,TP_z21_01,TP_z21_01,z,0.7420472914420315,1.2997704113151656,1.11107034407233,0.5,0.02871248767664423,False,0.0
nested_validation,k|23|0.65,z|45|0.8|0.6|0.2|0.44,z|45|0.8|0.6|0.2|0.44,47632621,TP_z18_02,TP_z18_02,z,0.7420472914420315,1.2997704113151656,1.11107034407233,0.5,0.02871248767664423,False,0.0
nested_validation,k|23|0.65,z|45|0.8|0.6|0.2|0.44,z|45|0.8|0.6|0.2|0.44,47632624,TP_z18_03,TP_z18_03,z,0.7420472914420315,1.2997704113151656,1.11107034407233,0.5,0.02871248767664423,False,0.0
nested_validation,k|23|0.65,z|45|0.8|0.6|0.2|0.44,z|45|0.8|0.6|0.2|0.44,47632630,TP_z18_01,TP_z18_01,z,0.7420472914420315,1.2997704113151656,1.11107034407233,0.5,0.02871248767664423,False,0.0
nested_validation,k|23|0.65,z|45|0.8|0.6|0.2|0.44,z|45|0.8|0.6|0.2|0.44,47632636,TP_z21_03,TP_z21_03,z,0.7420472914420315,1.2997704113151656,1.11107034407233,0.5,0.02871248767664423,False,0.0
nested_validation,k|23|0.65,z|45|0.8|0.6|0.2|0.44,z|45|0.8|0.6|0.2|0.44,47632639,TP_z21_02,TP_z21_02,z,0.7420472914420315,1.2997704113151656,1.11107034407233,0.5,0.02871248767664423,False,0.0
nested_validation,k|23|0.65,z|45|0.8|0.6|0.2|0.44,z|45|0.8|0.6|0.2|0.44,47632666,TP_z24_02,TP_z24_02,z,0.7420472914420315,1.2997704113151656,1.11107034407233,0.5,0.02871248767664423,False,0.0
nested_validation,k|23|0.65,z|45|0.8|0.6|0.2|0.44,z|45|0.8|0.6|0.2|0.44,47632669,TP_z22_03,TP_z22_03,z,0.7420472914420315,1.2997704113151656,1.11107034407233,0.5,0.02871248767664423,False,0.0
nested_validation,k|23|0.65,z|45|0.8|0.6|0.2|0.44,z|45|0.8|0.6|0.2|0.44,47632747,TP_z24_01,TP_z24_01,z,0.7420472914420315,1.2997704113151656,1.124929313751542,0.5,0.028271035870821037,False,0.0
nested_validation,k|23|0.65,z|45|0.8|0.6|0.2|0.44,z|45|0.8|0.6|0.2|0.44,47632786,TP_z24_03,TP_z24_03,z,0.7420472914420315,1.2997704113151656,1.125425414363924,0.5,0.02825525934890279,False,0.0
nested_validation,k|23|0.65,z|45|0.8|0.6|0.2|0.44,z|45|0.8|0.6|0.2|0.44,47632795,TP_z22_02,TP_z22_02,z,0.7420472914420315,1.2997704113151656,1.11107034407233,0.5,0.02871248767664423,False,0.0
nested_validation,k|23|0.65,z|45|0.8|0.6|0.2|0.44,z|45|0.8|0.6|0.2|0.44,47632798,TP_z22_01,TP_z22_01,z,0.7420472914420315,1.2997704113151656,1.11107034407233,0.5,0.02871248767664423,False,0.0
nested_validation,k|23|0.65,z|45|0.8|0.6|1|2,z|45|0.8|0.6|1|2,47629771,TP_z20_02,TP_z20_02,z,0.6693819531966643,1.3232955494186138,0.7372229268950524,0.5,0.042253025726858295,False,0.0
nested_validation,k|23|0.65,z|45|0.8|0.6|1|2,z|45|0.8|0.6|1|2,47629825,TP_z23_01,TP_z23_01,z,0.6693819531966643,1.3232955494186138,0.7375268799550213,0.5,0.04224355672899485,False,0.0
nested_validation,k|23|0.65,z|45|0.8|0.6|1|2,z|45|0.8|0.6|1|2,47629960,TP_z23_02,TP_z23_02,z,0.6693819531966643,1.3232955494186138,0.7375268799550213,0.5,0.04224355672899485,False,0.0
nested_validation,k|23|0.65,z|45|0.8|0.6|1|2,z|45|0.8|0.6|1|2,47630290,TP_z20_03,TP_z20_03,z,0.6693819531966643,1.3232955494186138,0.7372229268950524,0.5,0.042253025726858295,False,0.0
nested_validation,k|23|0.65,z|45|0.8|0.6|1|2,z|45|0.8|0.6|1|2,47630314,139,TP_z02_03,z,0.6693819531966643,1.3232955494186138,0.8628189652321777,0.5,0.038213792271028106,False,0.0
nested_validation,k|23|0.65,z|45|0.8|0.6|1|2,z|45|0.8|0.6|1|2,47630320,TP_z20_01,TP_z20_01,z,0.6693819531966643,1.3232955494186138,0.7375268799550213,0.5,0.04224355672899485,False,0.0
nested_validation,k|23|0.65,z|45|0.8|0.6|1|2,z|45|0.8|0.6|1|2,47630323,TP_z23_03,TP_z23_03,z,0.6693819531966643,1.3232955494186138,0.7346451283169946,0.5,0.042333259587684045,False,0.0
nested_validation,k|23|0.65,z|45|0.8|0.6|1|2,z|45|0.8|0.6|1|2,47631133,025,TP_z02_02,z,0.6693819531966643,1.3232955494186138,0.8608424803305057,0.5,0.03827894094065353,False,0.0
nested_validation,k|23|0.65,z|45|0.8|0.6|1|2,z|45|0.8|0.6|1|2,47631268,117,TP_z02_01,z,0.6693819531966643,1.3232955494186138,0.8420544234480628,0.5,0.03889621565743587,False,0.0
outer_train_fit,k|23|0.65,,z|23|0.25|0.05|0.4|0.3,47632648,INT161,TP_z05_02,z,0.6064468466220085,0.0,0.1075405724532581,1.0,0.6882795057859648,True,3.808591723791903
outer_train_fit,k|23|0.65,,z|23|0.25|0.05|0.4|0.3,47632660,INT200,TP_z05_03,z,0.6064468466220085,0.0,0.1210175864974995,1.0,0.6872202743576088,True,3.7975540976372852
outer_train_fit,k|23|0.65,,z|23|0.25|0.05|0.4|0.3,47632663,INT073,TP_z05_01,z,0.6064468466220085,0.0,0.1544962668535451,1.0,0.6840581666497175,True,3.752842132058285
outer_train_fit,k|23|0.65,,z|23|0.69|0.2|1|0.5,47632750,INT059,TP_z04_01,z,0.6281472457559458,0.0,0.6673106758046793,1.0,0.5394416092509513,True,0.41944810048717984
outer_train_fit,k|23|0.65,,z|23|0.69|0.2|1|0.5,47632810,INT037,TP_z04_02,z,0.6281472457559458,0.0,0.6677168041909525,1.0,0.5392953884593149,True,0.413131000867733
outer_train_fit,k|23|0.65,,z|23|0.69|0.2|1|0.5,47639014,INT027,TP_z04_03,z,0.6281472457559458,0.0,0.6670338054970545,1.0,0.5395412642078614,True,0.4188553796891378
outer_train_fit,k|23|0.65,,z|23|0.8|0.25|0.2|1.4,47632675,INT163,TP_z07_02,z,0.4343319824658965,0.0,0.4245437059242428,1.0,0.7567192621715122,True,1.3458373142304572
outer_train_fit,k|23|0.65,,z|23|0.8|0.25|0.2|1.4,47632744,INT078,TP_z07_03,z,0.4343319824658965,0.0,0.4238110787336789,1.0,0.7569544597375655,True,1.3490598379486152
outer_train_fit,k|23|0.65,,z|23|0.8|0.25|0.2|1.4,47632753,INT065,TP_z07_01,z,0.4343319824658965,0.0,0.4240347772004693,1.0,0.7568826804615599,True,1.348276615884974
outer_train_fit,k|23|0.65,,z|23|0.8|0.25|0.2|1.4,47632804,TP_z12_01,TP_z12_01,z,0.4343319824658965,0.0,0.9442543873185116,1.0,0.5302257366117977,True,-0.7737949856866343
outer_train_fit,k|23|0.65,,z|23|0.8|0.25|0.2|1.4,47632831,TP_z12_02,TP_z12_02,z,0.4343319824658965,0.0,0.9337244472045942,1.0,0.5354943486026262,True,-0.7672342860696386
outer_train_fit,k|23|0.65,,z|23|0.8|0.25|0.2|1.4,47632834,TP_z12_03,TP_z12_03,z,0.4343319824658965,0.0,0.9533208462311606,1.0,0.5256842198975358,True,-0.7661206960003645
outer_train_fit,k|23|0.65,,z|45|0.41|0.05|1|1,47632627,TP_z14_02,TP_z14_02,z,0.3496439368314625,0.0,0.8968057387497814,1.0,0.5919215622414634,True,-0.09103590247577288
outer_train_fit,k|23|0.65,,z|45|0.41|0.05|1|1,47632645,TP_z14_03,TP_z14_03,z,0.3496439368314625,0.0,1.0124651235188196,1.0,0.5300448275477039,True,-0.1869300312950965
outer_train_fit,k|23|0.65,,z|45|0.41|0.05|1|1,47632654,TP_z14_01,TP_z14_01,z,0.3496439368314625,0.0,0.9830712214245206,1.0,0.545820345045985,True,-0.16120948198257584
outer_train_fit,k|23|0.65,,z|45|0.8|0.6|0.2|0.44,47632591,TP_z21_01,TP_z21_01,z,0.7420472914420315,0.0,1.11107034407233,0.5,0.1555139224337192,False,0.0
outer_train_fit,k|23|0.65,,z|45|0.8|0.6|0.2|0.44,47632621,TP_z18_02,TP_z18_02,z,0.7420472914420315,0.0,1.11107034407233,0.5,0.1555139224337192,False,0.0
outer_train_fit,k|23|0.65,,z|45|0.8|0.6|0.2|0.44,47632624,TP_z18_03,TP_z18_03,z,0.7420472914420315,0.0,1.11107034407233,0.5,0.1555139224337192,False,0.0
outer_train_fit,k|23|0.65,,z|45|0.8|0.6|0.2|0.44,47632630,TP_z18_01,TP_z18_01,z,0.7420472914420315,0.0,1.11107034407233,0.5,0.1555139224337192,False,0.0
outer_train_fit,k|23|0.65,,z|45|0.8|0.6|0.2|0.44,47632636,TP_z21_03,TP_z21_03,z,0.7420472914420315,0.0,1.11107034407233,0.5,0.1555139224337192,False,0.0
outer_train_fit,k|23|0.65,,z|45|0.8|0.6|0.2|0.44,47632639,TP_z21_02,TP_z21_02,z,0.7420472914420315,0.0,1.11107034407233,0.5,0.1555139224337192,False,0.0
outer_train_fit,k|23|0.65,,z|45|0.8|0.6|0.2|0.44,47632666,TP_z24_02,TP_z24_02,z,0.7420472914420315,0.0,1.11107034407233,0.5,0.1555139224337192,False,0.0
outer_train_fit,k|23|0.65,,z|45|0.8|0.6|0.2|0.44,47632669,TP_z22_03,TP_z22_03,z,0.7420472914420315,0.0,1.11107034407233,0.5,0.1555139224337192,False,0.0
outer_train_fit,k|23|0.65,,z|45|0.8|0.6|0.2|0.44,47632747,TP_z24_01,TP_z24_01,z,0.7420472914420315,0.0,1.124929313751542,0.5,0.1531229104579489,False,0.0
outer_train_fit,k|23|0.65,,z|45|0.8|0.6|0.2|0.44,47632786,TP_z24_03,TP_z24_03,z,0.7420472914420315,0.0,1.125425414363924,0.5,0.15303746091998138,False,0.0
outer_train_fit,k|23|0.65,,z|45|0.8|0.6|0.2|0.44,47632795,TP_z22_02,TP_z22_02,z,0.7420472914420315,0.0,1.11107034407233,0.5,0.1555139224337192,False,0.0
outer_train_fit,k|23|0.65,,z|45|0.8|0.6|0.2|0.44,47632798,TP_z22_01,TP_z22_01,z,0.7420472914420315,0.0,1.11107034407233,0.5,0.1555139224337192,False,0.0
outer_train_fit,k|23|0.65,,z|45|0.8|0.6|1|2,47629771,TP_z20_02,TP_z20_02,z,0.6693819531966643,0.0,0.7372229268950524,0.5,0.2434196910370597,True,-1.70561421729418
outer_train_fit,k|23|0.65,,z|45|0.8|0.6|1|2,47629825,TP_z23_01,TP_z23_01,z,0.6693819531966643,0.0,0.7375268799550213,0.5,0.2433651401381667,True,-1.6995884498644516
outer_train_fit,k|23|0.65,,z|45|0.8|0.6|1|2,47629960,TP_z23_02,TP_z23_02,z,0.6693819531966643,0.0,0.7375268799550213,0.5,0.2433651401381667,True,-1.6995884498644516
outer_train_fit,k|23|0.65,,z|45|0.8|0.6|1|2,47630290,TP_z20_03,TP_z20_03,z,0.6693819531966643,0.0,0.7372229268950524,0.5,0.2434196910370597,True,-1.70561421729418
outer_train_fit,k|23|0.65,,z|45|0.8|0.6|1|2,47630314,139,TP_z02_03,z,0.6693819531966643,0.0,0.8628189652321777,0.5,0.2201496661588237,True,-0.6719555984520007
outer_train_fit,k|23|0.65,,z|45|0.8|0.6|1|2,47630320,TP_z20_01,TP_z20_01,z,0.6693819531966643,0.0,0.7375268799550213,0.5,0.2433651401381667,True,-1.6995884498644516
outer_train_fit,k|23|0.65,,z|45|0.8|0.6|1|2,47630323,TP_z23_03,TP_z23_03,z,0.6693819531966643,0.0,0.7346451283169946,0.5,0.2438819183279328,True,-1.7119998284434943
outer_train_fit,k|23|0.65,,z|45|0.8|0.6|1|2,47631133,025,TP_z02_02,z,0.6693819531966643,0.0,0.8608424803305057,0.5,0.22052498765968406,True,-0.6747261546461394
outer_train_fit,k|23|0.65,,z|45|0.8|0.6|1|2,47631268,117,TP_z02_01,z,0.6693819531966643,0.0,0.8420544234480628,0.5,0.22408110744659518,True,-0.6975805755871279
nested_validation,k|23|0.8,z|23|0.25|0.05|0.4|0.3,z|23|0.25|0.05|0.4|0.3,47632648,INT161,TP_z05_02,z,0.6064468466220085,1.1931579293210106,0.1075405724532581,1.0,0.16576467623344174,False,0.0
nested_validation,k|23|0.8,z|23|0.25|0.05|0.4|0.3,z|23|0.25|0.05|0.4|0.3,47632660,INT200,TP_z05_03,z,0.6064468466220085,1.1931579293210106,0.1210175864974995,1.0,0.16550957179795925,False,0.0
nested_validation,k|23|0.8,z|23|0.25|0.05|0.4|0.3,z|23|0.25|0.05|0.4|0.3,47632663,INT073,TP_z05_01,z,0.6064468466220085,1.1931579293210106,0.1544962668535451,1.0,0.16474801235007866,False,0.0
nested_validation,k|23|0.8,z|23|0.69|0.2|1|0.5,z|23|0.69|0.2|1|0.5,47632750,INT059,TP_z04_01,z,0.6281472457559458,1.1430942493118919,0.6673106758046793,1.0,0.1460384706789609,False,0.0
nested_validation,k|23|0.8,z|23|0.69|0.2|1|0.5,z|23|0.69|0.2|1|0.5,47632810,INT037,TP_z04_02,z,0.6281472457559458,1.1430942493118919,0.6677168041909525,1.0,0.14599888555904086,False,0.0
nested_validation,k|23|0.8,z|23|0.69|0.2|1|0.5,z|23|0.69|0.2|1|0.5,47639014,INT027,TP_z04_03,z,0.6281472457559458,1.1430942493118919,0.6670338054970545,1.0,0.14606544942374652,False,0.0
nested_validation,k|23|0.8,z|23|0.8|0.25|0.2|1.4,z|23|0.8|0.25|0.2|1.4,47632675,INT163,TP_z07_02,z,0.4343319824658965,1.1430942493118919,0.4245437059242428,1.0,0.20486021449900682,True,0.3643471689657197
nested_validation,k|23|0.8,z|23|0.8|0.25|0.2|1.4,z|23|0.8|0.25|0.2|1.4,47632744,INT078,TP_z07_03,z,0.4343319824658965,1.1430942493118919,0.4238110787336789,1.0,0.20492388754955537,True,0.3652195755940848
nested_validation,k|23|0.8,z|23|0.8|0.25|0.2|1.4,z|23|0.8|0.25|0.2|1.4,47632753,INT065,TP_z07_01,z,0.4343319824658965,1.1430942493118919,0.4240347772004693,1.0,0.20490445535241944,True,0.36500754049998996
nested_validation,k|23|0.8,z|23|0.8|0.25|0.2|1.4,z|23|0.8|0.25|0.2|1.4,47632804,TP_z12_01,TP_z12_01,z,0.4343319824658965,1.1430942493118919,0.9442543873185116,1.0,0.14354353531781422,False,0.0
nested_validation,k|23|0.8,z|23|0.8|0.25|0.2|1.4,z|23|0.8|0.25|0.2|1.4,47632831,TP_z12_02,TP_z12_02,z,0.4343319824658965,1.1430942493118919,0.9337244472045942,1.0,0.14496986214271343,False,0.0
nested_validation,k|23|0.8,z|23|0.8|0.25|0.2|1.4,z|23|0.8|0.25|0.2|1.4,47632834,TP_z12_03,TP_z12_03,z,0.4343319824658965,1.1430942493118919,0.9533208462311606,1.0,0.1423140488559992,False,0.0
nested_validation,k|23|0.8,z|45|0.41|0.05|1|1,z|45|0.41|0.05|1|1,47632627,TP_z14_02,TP_z14_02,z,0.3496439368314625,1.210429948041776,0.8968057387497814,1.0,0.13676080770753946,False,0.0
nested_validation,k|23|0.8,z|45|0.41|0.05|1|1,z|45|0.41|0.05|1|1,47632645,TP_z14_03,TP_z14_03,z,0.3496439368314625,1.210429948041776,1.0124651235188196,1.0,0.12246446718738853,False,0.0
nested_validation,k|23|0.8,z|45|0.41|0.05|1|1,z|45|0.41|0.05|1|1,47632654,TP_z14_01,TP_z14_01,z,0.3496439368314625,1.210429948041776,0.9830712214245206,1.0,0.1261093293662548,False,0.0
nested_validation,k|23|0.8,z|45|0.8|0.6|0.2|0.44,z|45|0.8|0.6|0.2|0.44,47632591,TP_z21_01,TP_z21_01,z,0.7420472914420315,1.2997704113151656,1.11107034407233,0.5,0.02871248767664423,False,0.0
nested_validation,k|23|0.8,z|45|0.8|0.6|0.2|0.44,z|45|0.8|0.6|0.2|0.44,47632621,TP_z18_02,TP_z18_02,z,0.7420472914420315,1.2997704113151656,1.11107034407233,0.5,0.02871248767664423,False,0.0
nested_validation,k|23|0.8,z|45|0.8|0.6|0.2|0.44,z|45|0.8|0.6|0.2|0.44,47632624,TP_z18_03,TP_z18_03,z,0.7420472914420315,1.2997704113151656,1.11107034407233,0.5,0.02871248767664423,False,0.0
nested_validation,k|23|0.8,z|45|0.8|0.6|0.2|0.44,z|45|0.8|0.6|0.2|0.44,47632630,TP_z18_01,TP_z18_01,z,0.7420472914420315,1.2997704113151656,1.11107034407233,0.5,0.02871248767664423,False,0.0
nested_validation,k|23|0.8,z|45|0.8|0.6|0.2|0.44,z|45|0.8|0.6|0.2|0.44,47632636,TP_z21_03,TP_z21_03,z,0.7420472914420315,1.2997704113151656,1.11107034407233,0.5,0.02871248767664423,False,0.0
nested_validation,k|23|0.8,z|45|0.8|0.6|0.2|0.44,z|45|0.8|0.6|0.2|0.44,47632639,TP_z21_02,TP_z21_02,z,0.7420472914420315,1.2997704113151656,1.11107034407233,0.5,0.02871248767664423,False,0.0
nested_validation,k|23|0.8,z|45|0.8|0.6|0.2|0.44,z|45|0.8|0.6|0.2|0.44,47632666,TP_z24_02,TP_z24_02,z,0.7420472914420315,1.2997704113151656,1.11107034407233,0.5,0.02871248767664423,False,0.0
nested_validation,k|23|0.8,z|45|0.8|0.6|0.2|0.44,z|45|0.8|0.6|0.2|0.44,47632669,TP_z22_03,TP_z22_03,z,0.7420472914420315,1.2997704113151656,1.11107034407233,0.5,0.02871248767664423,False,0.0
nested_validation,k|23|0.8,z|45|0.8|0.6|0.2|0.44,z|45|0.8|0.6|0.2|0.44,47632747,TP_z24_01,TP_z24_01,z,0.7420472914420315,1.2997704113151656,1.124929313751542,0.5,0.028271035870821037,False,0.0
nested_validation,k|23|0.8,z|45|0.8|0.6|0.2|0.44,z|45|0.8|0.6|0.2|0.44,47632786,TP_z24_03,TP_z24_03,z,0.7420472914420315,1.2997704113151656,1.125425414363924,0.5,0.02825525934890279,False,0.0
nested_validation,k|23|0.8,z|45|0.8|0.6|0.2|0.44,z|45|0.8|0.6|0.2|0.44,47632795,TP_z22_02,TP_z22_02,z,0.7420472914420315,1.2997704113151656,1.11107034407233,0.5,0.02871248767664423,False,0.0
nested_validation,k|23|0.8,z|45|0.8|0.6|0.2|0.44,z|45|0.8|0.6|0.2|0.44,47632798,TP_z22_01,TP_z22_01,z,0.7420472914420315,1.2997704113151656,1.11107034407233,0.5,0.02871248767664423,False,0.0
nested_validation,k|23|0.8,z|45|0.8|0.6|1|2,z|45|0.8|0.6|1|2,47629771,TP_z20_02,TP_z20_02,z,0.6693819531966643,1.3232955494186138,0.7372229268950524,0.5,0.042253025726858295,False,0.0
nested_validation,k|23|0.8,z|45|0.8|0.6|1|2,z|45|0.8|0.6|1|2,47629825,TP_z23_01,TP_z23_01,z,0.6693819531966643,1.3232955494186138,0.7375268799550213,0.5,0.04224355672899485,False,0.0
nested_validation,k|23|0.8,z|45|0.8|0.6|1|2,z|45|0.8|0.6|1|2,47629960,TP_z23_02,TP_z23_02,z,0.6693819531966643,1.3232955494186138,0.7375268799550213,0.5,0.04224355672899485,False,0.0
nested_validation,k|23|0.8,z|45|0.8|0.6|1|2,z|45|0.8|0.6|1|2,47630290,TP_z20_03,TP_z20_03,z,0.6693819531966643,1.3232955494186138,0.7372229268950524,0.5,0.042253025726858295,False,0.0
nested_validation,k|23|0.8,z|45|0.8|0.6|1|2,z|45|0.8|0.6|1|2,47630314,139,TP_z02_03,z,0.6693819531966643,1.3232955494186138,0.8628189652321777,0.5,0.038213792271028106,False,0.0
nested_validation,k|23|0.8,z|45|0.8|0.6|1|2,z|45|0.8|0.6|1|2,47630320,TP_z20_01,TP_z20_01,z,0.6693819531966643,1.3232955494186138,0.7375268799550213,0.5,0.04224355672899485,False,0.0
nested_validation,k|23|0.8,z|45|0.8|0.6|1|2,z|45|0.8|0.6|1|2,47630323,TP_z23_03,TP_z23_03,z,0.6693819531966643,1.3232955494186138,0.7346451283169946,0.5,0.042333259587684045,False,0.0
nested_validation,k|23|0.8,z|45|0.8|0.6|1|2,z|45|0.8|0.6|1|2,47631133,025,TP_z02_02,z,0.6693819531966643,1.3232955494186138,0.8608424803305057,0.5,0.03827894094065353,False,0.0
nested_validation,k|23|0.8,z|45|0.8|0.6|1|2,z|45|0.8|0.6|1|2,47631268,117,TP_z02_01,z,0.6693819531966643,1.3232955494186138,0.8420544234480628,0.5,0.03889621565743587,False,0.0
outer_train_fit,k|23|0.8,,z|23|0.25|0.05|0.4|0.3,47632648,INT161,TP_z05_02,z,0.6064468466220085,0.0,0.1075405724532581,1.0,0.6882795057859648,True,3.808591723791903
outer_train_fit,k|23|0.8,,z|23|0.25|0.05|0.4|0.3,47632660,INT200,TP_z05_03,z,0.6064468466220085,0.0,0.1210175864974995,1.0,0.6872202743576088,True,3.7975540976372852
outer_train_fit,k|23|0.8,,z|23|0.25|0.05|0.4|0.3,47632663,INT073,TP_z05_01,z,0.6064468466220085,0.0,0.1544962668535451,1.0,0.6840581666497175,True,3.752842132058285
outer_train_fit,k|23|0.8,,z|23|0.69|0.2|1|0.5,47632750,INT059,TP_z04_01,z,0.6281472457559458,0.0,0.6673106758046793,1.0,0.5394416092509513,True,0.41944810048717984
outer_train_fit,k|23|0.8,,z|23|0.69|0.2|1|0.5,47632810,INT037,TP_z04_02,z,0.6281472457559458,0.0,0.6677168041909525,1.0,0.5392953884593149,True,0.413131000867733
outer_train_fit,k|23|0.8,,z|23|0.69|0.2|1|0.5,47639014,INT027,TP_z04_03,z,0.6281472457559458,0.0,0.6670338054970545,1.0,0.5395412642078614,True,0.4188553796891378
outer_train_fit,k|23|0.8,,z|23|0.8|0.25|0.2|1.4,47632675,INT163,TP_z07_02,z,0.4343319824658965,0.0,0.4245437059242428,1.0,0.7567192621715122,True,1.3458373142304572
outer_train_fit,k|23|0.8,,z|23|0.8|0.25|0.2|1.4,47632744,INT078,TP_z07_03,z,0.4343319824658965,0.0,0.4238110787336789,1.0,0.7569544597375655,True,1.3490598379486152
outer_train_fit,k|23|0.8,,z|23|0.8|0.25|0.2|1.4,47632753,INT065,TP_z07_01,z,0.4343319824658965,0.0,0.4240347772004693,1.0,0.7568826804615599,True,1.348276615884974
outer_train_fit,k|23|0.8,,z|23|0.8|0.25|0.2|1.4,47632804,TP_z12_01,TP_z12_01,z,0.4343319824658965,0.0,0.9442543873185116,1.0,0.5302257366117977,True,-0.7737949856866343
outer_train_fit,k|23|0.8,,z|23|0.8|0.25|0.2|1.4,47632831,TP_z12_02,TP_z12_02,z,0.4343319824658965,0.0,0.9337244472045942,1.0,0.5354943486026262,True,-0.7672342860696386
outer_train_fit,k|23|0.8,,z|23|0.8|0.25|0.2|1.4,47632834,TP_z12_03,TP_z12_03,z,0.4343319824658965,0.0,0.9533208462311606,1.0,0.5256842198975358,True,-0.7661206960003645
outer_train_fit,k|23|0.8,,z|45|0.41|0.05|1|1,47632627,TP_z14_02,TP_z14_02,z,0.3496439368314625,0.0,0.8968057387497814,1.0,0.5919215622414634,True,-0.09103590247577288
outer_train_fit,k|23|0.8,,z|45|0.41|0.05|1|1,47632645,TP_z14_03,TP_z14_03,z,0.3496439368314625,0.0,1.0124651235188196,1.0,0.5300448275477039,True,-0.1869300312950965
outer_train_fit,k|23|0.8,,z|45|0.41|0.05|1|1,47632654,TP_z14_01,TP_z14_01,z,0.3496439368314625,0.0,0.9830712214245206,1.0,0.545820345045985,True,-0.16120948198257584
outer_train_fit,k|23|0.8,,z|45|0.8|0.6|0.2|0.44,47632591,TP_z21_01,TP_z21_01,z,0.7420472914420315,0.0,1.11107034407233,0.5,0.1555139224337192,False,0.0
outer_train_fit,k|23|0.8,,z|45|0.8|0.6|0.2|0.44,47632621,TP_z18_02,TP_z18_02,z,0.7420472914420315,0.0,1.11107034407233,0.5,0.1555139224337192,False,0.0
outer_train_fit,k|23|0.8,,z|45|0.8|0.6|0.2|0.44,47632624,TP_z18_03,TP_z18_03,z,0.7420472914420315,0.0,1.11107034407233,0.5,0.1555139224337192,False,0.0
outer_train_fit,k|23|0.8,,z|45|0.8|0.6|0.2|0.44,47632630,TP_z18_01,TP_z18_01,z,0.7420472914420315,0.0,1.11107034407233,0.5,0.1555139224337192,False,0.0
outer_train_fit,k|23|0.8,,z|45|0.8|0.6|0.2|0.44,47632636,TP_z21_03,TP_z21_03,z,0.7420472914420315,0.0,1.11107034407233,0.5,0.1555139224337192,False,0.0
outer_train_fit,k|23|0.8,,z|45|0.8|0.6|0.2|0.44,47632639,TP_z21_02,TP_z21_02,z,0.7420472914420315,0.0,1.11107034407233,0.5,0.1555139224337192,False,0.0
outer_train_fit,k|23|0.8,,z|45|0.8|0.6|0.2|0.44,47632666,TP_z24_02,TP_z24_02,z,0.7420472914420315,0.0,1.11107034407233,0.5,0.1555139224337192,False,0.0
outer_train_fit,k|23|0.8,,z|45|0.8|0.6|0.2|0.44,47632669,TP_z22_03,TP_z22_03,z,0.7420472914420315,0.0,1.11107034407233,0.5,0.1555139224337192,False,0.0
outer_train_fit,k|23|0.8,,z|45|0.8|0.6|0.2|0.44,47632747,TP_z24_01,TP_z24_01,z,0.7420472914420315,0.0,1.124929313751542,0.5,0.1531229104579489,False,0.0
outer_train_fit,k|23|0.8,,z|45|0.8|0.6|0.2|0.44,47632786,TP_z24_03,TP_z24_03,z,0.7420472914420315,0.0,1.125425414363924,0.5,0.15303746091998138,False,0.0
outer_train_fit,k|23|0.8,,z|45|0.8|0.6|0.2|0.44,47632795,TP_z22_02,TP_z22_02,z,0.7420472914420315,0.0,1.11107034407233,0.5,0.1555139224337192,False,0.0
outer_train_fit,k|23|0.8,,z|45|0.8|0.6|0.2|0.44,47632798,TP_z22_01,TP_z22_01,z,0.7420472914420315,0.0,1.11107034407233,0.5,0.1555139224337192,False,0.0
outer_train_fit,k|23|0.8,,z|45|0.8|0.6|1|2,47629771,TP_z20_02,TP_z20_02,z,0.6693819531966643,0.0,0.7372229268950524,0.5,0.2434196910370597,True,-1.70561421729418
outer_train_fit,k|23|0.8,,z|45|0.8|0.6|1|2,47629825,TP_z23_01,TP_z23_01,z,0.6693819531966643,0.0,0.7375268799550213,0.5,0.2433651401381667,True,-1.6995884498644516
outer_train_fit,k|23|0.8,,z|45|0.8|0.6|1|2,47629960,TP_z23_02,TP_z23_02,z,0.6693819531966643,0.0,0.7375268799550213,0.5,0.2433651401381667,True,-1.6995884498644516
outer_train_fit,k|23|0.8,,z|45|0.8|0.6|1|2,47630290,TP_z20_03,TP_z20_03,z,0.6693819531966643,0.0,0.7372229268950524,0.5,0.2434196910370597,True,-1.70561421729418
outer_train_fit,k|23|0.8,,z|45|0.8|0.6|1|2,47630314,139,TP_z02_03,z,0.6693819531966643,0.0,0.8628189652321777,0.5,0.2201496661588237,True,-0.6719555984520007
outer_train_fit,k|23|0.8,,z|45|0.8|0.6|1|2,47630320,TP_z20_01,TP_z20_01,z,0.6693819531966643,0.0,0.7375268799550213,0.5,0.2433651401381667,True,-1.6995884498644516
outer_train_fit,k|23|0.8,,z|45|0.8|0.6|1|2,47630323,TP_z23_03,TP_z23_03,z,0.6693819531966643,0.0,0.7346451283169946,0.5,0.2438819183279328,True,-1.7119998284434943
outer_train_fit,k|23|0.8,,z|45|0.8|0.6|1|2,47631133,025,TP_z02_02,z,0.6693819531966643,0.0,0.8608424803305057,0.5,0.22052498765968406,True,-0.6747261546461394
outer_train_fit,k|23|0.8,,z|45|0.8|0.6|1|2,47631268,117,TP_z02_01,z,0.6693819531966643,0.0,0.8420544234480628,0.5,0.22408110744659518,True,-0.6975805755871279
nested_validation,k|23|0.9,z|23|0.25|0.05|0.4|0.3,z|23|0.25|0.05|0.4|0.3,47632648,INT161,TP_z05_02,z,0.6064468466220085,1.1931579293210106,0.1075405724532581,1.0,0.16576467623344174,False,0.0
nested_validation,k|23|0.9,z|23|0.25|0.05|0.4|0.3,z|23|0.25|0.05|0.4|0.3,47632660,INT200,TP_z05_03,z,0.6064468466220085,1.1931579293210106,0.1210175864974995,1.0,0.16550957179795925,False,0.0
nested_validation,k|23|0.9,z|23|0.25|0.05|0.4|0.3,z|23|0.25|0.05|0.4|0.3,47632663,INT073,TP_z05_01,z,0.6064468466220085,1.1931579293210106,0.1544962668535451,1.0,0.16474801235007866,False,0.0
nested_validation,k|23|0.9,z|23|0.69|0.2|1|0.5,z|23|0.69|0.2|1|0.5,47632750,INT059,TP_z04_01,z,0.6281472457559458,1.1430942493118919,0.6673106758046793,1.0,0.1460384706789609,False,0.0
nested_validation,k|23|0.9,z|23|0.69|0.2|1|0.5,z|23|0.69|0.2|1|0.5,47632810,INT037,TP_z04_02,z,0.6281472457559458,1.1430942493118919,0.6677168041909525,1.0,0.14599888555904086,False,0.0
nested_validation,k|23|0.9,z|23|0.69|0.2|1|0.5,z|23|0.69|0.2|1|0.5,47639014,INT027,TP_z04_03,z,0.6281472457559458,1.1430942493118919,0.6670338054970545,1.0,0.14606544942374652,False,0.0
nested_validation,k|23|0.9,z|23|0.8|0.25|0.2|1.4,z|23|0.8|0.25|0.2|1.4,47632675,INT163,TP_z07_02,z,0.4343319824658965,1.1430942493118919,0.4245437059242428,1.0,0.20486021449900682,True,0.3643471689657197
nested_validation,k|23|0.9,z|23|0.8|0.25|0.2|1.4,z|23|0.8|0.25|0.2|1.4,47632744,INT078,TP_z07_03,z,0.4343319824658965,1.1430942493118919,0.4238110787336789,1.0,0.20492388754955537,True,0.3652195755940848
nested_validation,k|23|0.9,z|23|0.8|0.25|0.2|1.4,z|23|0.8|0.25|0.2|1.4,47632753,INT065,TP_z07_01,z,0.4343319824658965,1.1430942493118919,0.4240347772004693,1.0,0.20490445535241944,True,0.36500754049998996
nested_validation,k|23|0.9,z|23|0.8|0.25|0.2|1.4,z|23|0.8|0.25|0.2|1.4,47632804,TP_z12_01,TP_z12_01,z,0.4343319824658965,1.1430942493118919,0.9442543873185116,1.0,0.14354353531781422,False,0.0
nested_validation,k|23|0.9,z|23|0.8|0.25|0.2|1.4,z|23|0.8|0.25|0.2|1.4,47632831,TP_z12_02,TP_z12_02,z,0.4343319824658965,1.1430942493118919,0.9337244472045942,1.0,0.14496986214271343,False,0.0
nested_validation,k|23|0.9,z|23|0.8|0.25|0.2|1.4,z|23|0.8|0.25|0.2|1.4,47632834,TP_z12_03,TP_z12_03,z,0.4343319824658965,1.1430942493118919,0.9533208462311606,1.0,0.1423140488559992,False,0.0
nested_validation,k|23|0.9,z|45|0.41|0.05|1|1,z|45|0.41|0.05|1|1,47632627,TP_z14_02,TP_z14_02,z,0.3496439368314625,1.210429948041776,0.8968057387497814,1.0,0.13676080770753946,False,0.0
nested_validation,k|23|0.9,z|45|0.41|0.05|1|1,z|45|0.41|0.05|1|1,47632645,TP_z14_03,TP_z14_03,z,0.3496439368314625,1.210429948041776,1.0124651235188196,1.0,0.12246446718738853,False,0.0
nested_validation,k|23|0.9,z|45|0.41|0.05|1|1,z|45|0.41|0.05|1|1,47632654,TP_z14_01,TP_z14_01,z,0.3496439368314625,1.210429948041776,0.9830712214245206,1.0,0.1261093293662548,False,0.0
nested_validation,k|23|0.9,z|45|0.8|0.6|0.2|0.44,z|45|0.8|0.6|0.2|0.44,47632591,TP_z21_01,TP_z21_01,z,0.7420472914420315,1.2997704113151656,1.11107034407233,0.5,0.02871248767664423,False,0.0
nested_validation,k|23|0.9,z|45|0.8|0.6|0.2|0.44,z|45|0.8|0.6|0.2|0.44,47632621,TP_z18_02,TP_z18_02,z,0.7420472914420315,1.2997704113151656,1.11107034407233,0.5,0.02871248767664423,False,0.0
nested_validation,k|23|0.9,z|45|0.8|0.6|0.2|0.44,z|45|0.8|0.6|0.2|0.44,47632624,TP_z18_03,TP_z18_03,z,0.7420472914420315,1.2997704113151656,1.11107034407233,0.5,0.02871248767664423,False,0.0
nested_validation,k|23|0.9,z|45|0.8|0.6|0.2|0.44,z|45|0.8|0.6|0.2|0.44,47632630,TP_z18_01,TP_z18_01,z,0.7420472914420315,1.2997704113151656,1.11107034407233,0.5,0.02871248767664423,False,0.0
nested_validation,k|23|0.9,z|45|0.8|0.6|0.2|0.44,z|45|0.8|0.6|0.2|0.44,47632636,TP_z21_03,TP_z21_03,z,0.7420472914420315,1.2997704113151656,1.11107034407233,0.5,0.02871248767664423,False,0.0
nested_validation,k|23|0.9,z|45|0.8|0.6|0.2|0.44,z|45|0.8|0.6|0.2|0.44,47632639,TP_z21_02,TP_z21_02,z,0.7420472914420315,1.2997704113151656,1.11107034407233,0.5,0.02871248767664423,False,0.0
nested_validation,k|23|0.9,z|45|0.8|0.6|0.2|0.44,z|45|0.8|0.6|0.2|0.44,47632666,TP_z24_02,TP_z24_02,z,0.7420472914420315,1.2997704113151656,1.11107034407233,0.5,0.02871248767664423,False,0.0
nested_validation,k|23|0.9,z|45|0.8|0.6|0.2|0.44,z|45|0.8|0.6|0.2|0.44,47632669,TP_z22_03,TP_z22_03,z,0.7420472914420315,1.2997704113151656,1.11107034407233,0.5,0.02871248767664423,False,0.0
nested_validation,k|23|0.9,z|45|0.8|0.6|0.2|0.44,z|45|0.8|0.6|0.2|0.44,47632747,TP_z24_01,TP_z24_01,z,0.7420472914420315,1.2997704113151656,1.124929313751542,0.5,0.028271035870821037,False,0.0
nested_validation,k|23|0.9,z|45|0.8|0.6|0.2|0.44,z|45|0.8|0.6|0.2|0.44,47632786,TP_z24_03,TP_z24_03,z,0.7420472914420315,1.2997704113151656,1.125425414363924,0.5,0.02825525934890279,False,0.0
nested_validation,k|23|0.9,z|45|0.8|0.6|0.2|0.44,z|45|0.8|0.6|0.2|0.44,47632795,TP_z22_02,TP_z22_02,z,0.7420472914420315,1.2997704113151656,1.11107034407233,0.5,0.02871248767664423,False,0.0
nested_validation,k|23|0.9,z|45|0.8|0.6|0.2|0.44,z|45|0.8|0.6|0.2|0.44,47632798,TP_z22_01,TP_z22_01,z,0.7420472914420315,1.2997704113151656,1.11107034407233,0.5,0.02871248767664423,False,0.0
nested_validation,k|23|0.9,z|45|0.8|0.6|1|2,z|45|0.8|0.6|1|2,47629771,TP_z20_02,TP_z20_02,z,0.6693819531966643,1.3232955494186138,0.7372229268950524,0.5,0.042253025726858295,False,0.0
nested_validation,k|23|0.9,z|45|0.8|0.6|1|2,z|45|0.8|0.6|1|2,47629825,TP_z23_01,TP_z23_01,z,0.6693819531966643,1.3232955494186138,0.7375268799550213,0.5,0.04224355672899485,False,0.0
nested_validation,k|23|0.9,z|45|0.8|0.6|1|2,z|45|0.8|0.6|1|2,47629960,TP_z23_02,TP_z23_02,z,0.6693819531966643,1.3232955494186138,0.7375268799550213,0.5,0.04224355672899485,False,0.0
nested_validation,k|23|0.9,z|45|0.8|0.6|1|2,z|45|0.8|0.6|1|2,47630290,TP_z20_03,TP_z20_03,z,0.6693819531966643,1.3232955494186138,0.7372229268950524,0.5,0.042253025726858295,False,0.0
nested_validation,k|23|0.9,z|45|0.8|0.6|1|2,z|45|0.8|0.6|1|2,47630314,139,TP_z02_03,z,0.6693819531966643,1.3232955494186138,0.8628189652321777,0.5,0.038213792271028106,False,0.0
nested_validation,k|23|0.9,z|45|0.8|0.6|1|2,z|45|0.8|0.6|1|2,47630320,TP_z20_01,TP_z20_01,z,0.6693819531966643,1.3232955494186138,0.7375268799550213,0.5,0.04224355672899485,False,0.0
nested_validation,k|23|0.9,z|45|0.8|0.6|1|2,z|45|0.8|0.6|1|2,47630323,TP_z23_03,TP_z23_03,z,0.6693819531966643,1.3232955494186138,0.7346451283169946,0.5,0.042333259587684045,False,0.0
nested_validation,k|23|0.9,z|45|0.8|0.6|1|2,z|45|0.8|0.6|1|2,47631133,025,TP_z02_02,z,0.6693819531966643,1.3232955494186138,0.8608424803305057,0.5,0.03827894094065353,False,0.0
nested_validation,k|23|0.9,z|45|0.8|0.6|1|2,z|45|0.8|0.6|1|2,47631268,117,TP_z02_01,z,0.6693819531966643,1.3232955494186138,0.8420544234480628,0.5,0.03889621565743587,False,0.0
outer_train_fit,k|23|0.9,,z|23|0.25|0.05|0.4|0.3,47632648,INT161,TP_z05_02,z,0.6064468466220085,0.0,0.1075405724532581,1.0,0.6882795057859648,True,3.808591723791903
outer_train_fit,k|23|0.9,,z|23|0.25|0.05|0.4|0.3,47632660,INT200,TP_z05_03,z,0.6064468466220085,0.0,0.1210175864974995,1.0,0.6872202743576088,True,3.7975540976372852
outer_train_fit,k|23|0.9,,z|23|0.25|0.05|0.4|0.3,47632663,INT073,TP_z05_01,z,0.6064468466220085,0.0,0.1544962668535451,1.0,0.6840581666497175,True,3.752842132058285
outer_train_fit,k|23|0.9,,z|23|0.69|0.2|1|0.5,47632750,INT059,TP_z04_01,z,0.6281472457559458,0.0,0.6673106758046793,1.0,0.5394416092509513,True,0.41944810048717984
outer_train_fit,k|23|0.9,,z|23|0.69|0.2|1|0.5,47632810,INT037,TP_z04_02,z,0.6281472457559458,0.0,0.6677168041909525,1.0,0.5392953884593149,True,0.413131000867733
outer_train_fit,k|23|0.9,,z|23|0.69|0.2|1|0.5,47639014,INT027,TP_z04_03,z,0.6281472457559458,0.0,0.6670338054970545,1.0,0.5395412642078614,True,0.4188553796891378
outer_train_fit,k|23|0.9,,z|23|0.8|0.25|0.2|1.4,47632675,INT163,TP_z07_02,z,0.4343319824658965,0.0,0.4245437059242428,1.0,0.7567192621715122,True,1.3458373142304572
outer_train_fit,k|23|0.9,,z|23|0.8|0.25|0.2|1.4,47632744,INT078,TP_z07_03,z,0.4343319824658965,0.0,0.4238110787336789,1.0,0.7569544597375655,True,1.3490598379486152
outer_train_fit,k|23|0.9,,z|23|0.8|0.25|0.2|1.4,47632753,INT065,TP_z07_01,z,0.4343319824658965,0.0,0.4240347772004693,1.0,0.7568826804615599,True,1.348276615884974
outer_train_fit,k|23|0.9,,z|23|0.8|0.25|0.2|1.4,47632804,TP_z12_01,TP_z12_01,z,0.4343319824658965,0.0,0.9442543873185116,1.0,0.5302257366117977,True,-0.7737949856866343
outer_train_fit,k|23|0.9,,z|23|0.8|0.25|0.2|1.4,47632831,TP_z12_02,TP_z12_02,z,0.4343319824658965,0.0,0.9337244472045942,1.0,0.5354943486026262,True,-0.7672342860696386
outer_train_fit,k|23|0.9,,z|23|0.8|0.25|0.2|1.4,47632834,TP_z12_03,TP_z12_03,z,0.4343319824658965,0.0,0.9533208462311606,1.0,0.5256842198975358,True,-0.7661206960003645
outer_train_fit,k|23|0.9,,z|45|0.41|0.05|1|1,47632627,TP_z14_02,TP_z14_02,z,0.3496439368314625,0.0,0.8968057387497814,1.0,0.5919215622414634,True,-0.09103590247577288
outer_train_fit,k|23|0.9,,z|45|0.41|0.05|1|1,47632645,TP_z14_03,TP_z14_03,z,0.3496439368314625,0.0,1.0124651235188196,1.0,0.5300448275477039,True,-0.1869300312950965
outer_train_fit,k|23|0.9,,z|45|0.41|0.05|1|1,47632654,TP_z14_01,TP_z14_01,z,0.3496439368314625,0.0,0.9830712214245206,1.0,0.545820345045985,True,-0.16120948198257584
outer_train_fit,k|23|0.9,,z|45|0.8|0.6|0.2|0.44,47632591,TP_z21_01,TP_z21_01,z,0.7420472914420315,0.0,1.11107034407233,0.5,0.1555139224337192,False,0.0
outer_train_fit,k|23|0.9,,z|45|0.8|0.6|0.2|0.44,47632621,TP_z18_02,TP_z18_02,z,0.7420472914420315,0.0,1.11107034407233,0.5,0.1555139224337192,False,0.0
outer_train_fit,k|23|0.9,,z|45|0.8|0.6|0.2|0.44,47632624,TP_z18_03,TP_z18_03,z,0.7420472914420315,0.0,1.11107034407233,0.5,0.1555139224337192,False,0.0
outer_train_fit,k|23|0.9,,z|45|0.8|0.6|0.2|0.44,47632630,TP_z18_01,TP_z18_01,z,0.7420472914420315,0.0,1.11107034407233,0.5,0.1555139224337192,False,0.0
outer_train_fit,k|23|0.9,,z|45|0.8|0.6|0.2|0.44,47632636,TP_z21_03,TP_z21_03,z,0.7420472914420315,0.0,1.11107034407233,0.5,0.1555139224337192,False,0.0
outer_train_fit,k|23|0.9,,z|45|0.8|0.6|0.2|0.44,47632639,TP_z21_02,TP_z21_02,z,0.7420472914420315,0.0,1.11107034407233,0.5,0.1555139224337192,False,0.0
outer_train_fit,k|23|0.9,,z|45|0.8|0.6|0.2|0.44,47632666,TP_z24_02,TP_z24_02,z,0.7420472914420315,0.0,1.11107034407233,0.5,0.1555139224337192,False,0.0
outer_train_fit,k|23|0.9,,z|45|0.8|0.6|0.2|0.44,47632669,TP_z22_03,TP_z22_03,z,0.7420472914420315,0.0,1.11107034407233,0.5,0.1555139224337192,False,0.0
outer_train_fit,k|23|0.9,,z|45|0.8|0.6|0.2|0.44,47632747,TP_z24_01,TP_z24_01,z,0.7420472914420315,0.0,1.124929313751542,0.5,0.1531229104579489,False,0.0
outer_train_fit,k|23|0.9,,z|45|0.8|0.6|0.2|0.44,47632786,TP_z24_03,TP_z24_03,z,0.7420472914420315,0.0,1.125425414363924,0.5,0.15303746091998138,False,0.0
outer_train_fit,k|23|0.9,,z|45|0.8|0.6|0.2|0.44,47632795,TP_z22_02,TP_z22_02,z,0.7420472914420315,0.0,1.11107034407233,0.5,0.1555139224337192,False,0.0
outer_train_fit,k|23|0.9,,z|45|0.8|0.6|0.2|0.44,47632798,TP_z22_01,TP_z22_01,z,0.7420472914420315,0.0,1.11107034407233,0.5,0.1555139224337192,False,0.0
outer_train_fit,k|23|0.9,,z|45|0.8|0.6|1|2,47629771,TP_z20_02,TP_z20_02,z,0.6693819531966643,0.0,0.7372229268950524,0.5,0.2434196910370597,True,-1.70561421729418
outer_train_fit,k|23|0.9,,z|45|0.8|0.6|1|2,47629825,TP_z23_01,TP_z23_01,z,0.6693819531966643,0.0,0.7375268799550213,0.5,0.2433651401381667,True,-1.6995884498644516
outer_train_fit,k|23|0.9,,z|45|0.8|0.6|1|2,47629960,TP_z23_02,TP_z23_02,z,0.6693819531966643,0.0,0.7375268799550213,0.5,0.2433651401381667,True,-1.6995884498644516
outer_train_fit,k|23|0.9,,z|45|0.8|0.6|1|2,47630290,TP_z20_03,TP_z20_03,z,0.6693819531966643,0.0,0.7372229268950524,0.5,0.2434196910370597,True,-1.70561421729418
outer_train_fit,k|23|0.9,,z|45|0.8|0.6|1|2,47630314,139,TP_z02_03,z,0.6693819531966643,0.0,0.8628189652321777,0.5,0.2201496661588237,True,-0.6719555984520007
outer_train_fit,k|23|0.9,,z|45|0.8|0.6|1|2,47630320,TP_z20_01,TP_z20_01,z,0.6693819531966643,0.0,0.7375268799550213,0.5,0.2433651401381667,True,-1.6995884498644516
outer_train_fit,k|23|0.9,,z|45|0.8|0.6|1|2,47630323,TP_z23_03,TP_z23_03,z,0.6693819531966643,0.0,0.7346451283169946,0.5,0.2438819183279328,True,-1.7119998284434943
outer_train_fit,k|23|0.9,,z|45|0.8|0.6|1|2,47631133,025,TP_z02_02,z,0.6693819531966643,0.0,0.8608424803305057,0.5,0.22052498765968406,True,-0.6747261546461394
outer_train_fit,k|23|0.9,,z|45|0.8|0.6|1|2,47631268,117,TP_z02_01,z,0.6693819531966643,0.0,0.8420544234480628,0.5,0.22408110744659518,True,-0.6975805755871279
nested_validation,k|45|0.65,z|23|0.25|0.05|0.4|0.3,z|23|0.25|0.05|0.4|0.3,47632648,INT161,TP_z05_02,z,0.6064468466220085,1.1931579293210106,0.1075405724532581,1.0,0.16576467623344174,False,0.0
nested_validation,k|45|0.65,z|23|0.25|0.05|0.4|0.3,z|23|0.25|0.05|0.4|0.3,47632660,INT200,TP_z05_03,z,0.6064468466220085,1.1931579293210106,0.1210175864974995,1.0,0.16550957179795925,False,0.0
nested_validation,k|45|0.65,z|23|0.25|0.05|0.4|0.3,z|23|0.25|0.05|0.4|0.3,47632663,INT073,TP_z05_01,z,0.6064468466220085,1.1931579293210106,0.1544962668535451,1.0,0.16474801235007866,False,0.0
nested_validation,k|45|0.65,z|23|0.69|0.2|1|0.5,z|23|0.69|0.2|1|0.5,47632750,INT059,TP_z04_01,z,0.6281472457559458,1.1430942493118919,0.6673106758046793,1.0,0.1460384706789609,False,0.0
nested_validation,k|45|0.65,z|23|0.69|0.2|1|0.5,z|23|0.69|0.2|1|0.5,47632810,INT037,TP_z04_02,z,0.6281472457559458,1.1430942493118919,0.6677168041909525,1.0,0.14599888555904086,False,0.0
nested_validation,k|45|0.65,z|23|0.69|0.2|1|0.5,z|23|0.69|0.2|1|0.5,47639014,INT027,TP_z04_03,z,0.6281472457559458,1.1430942493118919,0.6670338054970545,1.0,0.14606544942374652,False,0.0
nested_validation,k|45|0.65,z|23|0.8|0.25|0.2|1.4,z|23|0.8|0.25|0.2|1.4,47632675,INT163,TP_z07_02,z,0.4343319824658965,1.1430942493118919,0.4245437059242428,1.0,0.20486021449900682,True,0.3643471689657197
nested_validation,k|45|0.65,z|23|0.8|0.25|0.2|1.4,z|23|0.8|0.25|0.2|1.4,47632744,INT078,TP_z07_03,z,0.4343319824658965,1.1430942493118919,0.4238110787336789,1.0,0.20492388754955537,True,0.3652195755940848
nested_validation,k|45|0.65,z|23|0.8|0.25|0.2|1.4,z|23|0.8|0.25|0.2|1.4,47632753,INT065,TP_z07_01,z,0.4343319824658965,1.1430942493118919,0.4240347772004693,1.0,0.20490445535241944,True,0.36500754049998996
nested_validation,k|45|0.65,z|23|0.8|0.25|0.2|1.4,z|23|0.8|0.25|0.2|1.4,47632804,TP_z12_01,TP_z12_01,z,0.4343319824658965,1.1430942493118919,0.9442543873185116,1.0,0.14354353531781422,False,0.0
nested_validation,k|45|0.65,z|23|0.8|0.25|0.2|1.4,z|23|0.8|0.25|0.2|1.4,47632831,TP_z12_02,TP_z12_02,z,0.4343319824658965,1.1430942493118919,0.9337244472045942,1.0,0.14496986214271343,False,0.0
nested_validation,k|45|0.65,z|23|0.8|0.25|0.2|1.4,z|23|0.8|0.25|0.2|1.4,47632834,TP_z12_03,TP_z12_03,z,0.4343319824658965,1.1430942493118919,0.9533208462311606,1.0,0.1423140488559992,False,0.0
nested_validation,k|45|0.65,z|45|0.41|0.05|1|1,z|45|0.41|0.05|1|1,47632627,TP_z14_02,TP_z14_02,z,0.3496439368314625,1.210429948041776,0.8968057387497814,1.0,0.13676080770753946,False,0.0
nested_validation,k|45|0.65,z|45|0.41|0.05|1|1,z|45|0.41|0.05|1|1,47632645,TP_z14_03,TP_z14_03,z,0.3496439368314625,1.210429948041776,1.0124651235188196,1.0,0.12246446718738853,False,0.0
nested_validation,k|45|0.65,z|45|0.41|0.05|1|1,z|45|0.41|0.05|1|1,47632654,TP_z14_01,TP_z14_01,z,0.3496439368314625,1.210429948041776,0.9830712214245206,1.0,0.1261093293662548,False,0.0
nested_validation,k|45|0.65,z|45|0.8|0.6|0.2|0.44,z|45|0.8|0.6|0.2|0.44,47632591,TP_z21_01,TP_z21_01,z,0.7420472914420315,1.2997704113151656,1.11107034407233,0.5,0.02871248767664423,False,0.0
nested_validation,k|45|0.65,z|45|0.8|0.6|0.2|0.44,z|45|0.8|0.6|0.2|0.44,47632621,TP_z18_02,TP_z18_02,z,0.7420472914420315,1.2997704113151656,1.11107034407233,0.5,0.02871248767664423,False,0.0
nested_validation,k|45|0.65,z|45|0.8|0.6|0.2|0.44,z|45|0.8|0.6|0.2|0.44,47632624,TP_z18_03,TP_z18_03,z,0.7420472914420315,1.2997704113151656,1.11107034407233,0.5,0.02871248767664423,False,0.0
nested_validation,k|45|0.65,z|45|0.8|0.6|0.2|0.44,z|45|0.8|0.6|0.2|0.44,47632630,TP_z18_01,TP_z18_01,z,0.7420472914420315,1.2997704113151656,1.11107034407233,0.5,0.02871248767664423,False,0.0
nested_validation,k|45|0.65,z|45|0.8|0.6|0.2|0.44,z|45|0.8|0.6|0.2|0.44,47632636,TP_z21_03,TP_z21_03,z,0.7420472914420315,1.2997704113151656,1.11107034407233,0.5,0.02871248767664423,False,0.0
nested_validation,k|45|0.65,z|45|0.8|0.6|0.2|0.44,z|45|0.8|0.6|0.2|0.44,47632639,TP_z21_02,TP_z21_02,z,0.7420472914420315,1.2997704113151656,1.11107034407233,0.5,0.02871248767664423,False,0.0
nested_validation,k|45|0.65,z|45|0.8|0.6|0.2|0.44,z|45|0.8|0.6|0.2|0.44,47632666,TP_z24_02,TP_z24_02,z,0.7420472914420315,1.2997704113151656,1.11107034407233,0.5,0.02871248767664423,False,0.0
nested_validation,k|45|0.65,z|45|0.8|0.6|0.2|0.44,z|45|0.8|0.6|0.2|0.44,47632669,TP_z22_03,TP_z22_03,z,0.7420472914420315,1.2997704113151656,1.11107034407233,0.5,0.02871248767664423,False,0.0
nested_validation,k|45|0.65,z|45|0.8|0.6|0.2|0.44,z|45|0.8|0.6|0.2|0.44,47632747,TP_z24_01,TP_z24_01,z,0.7420472914420315,1.2997704113151656,1.124929313751542,0.5,0.028271035870821037,False,0.0
nested_validation,k|45|0.65,z|45|0.8|0.6|0.2|0.44,z|45|0.8|0.6|0.2|0.44,47632786,TP_z24_03,TP_z24_03,z,0.7420472914420315,1.2997704113151656,1.125425414363924,0.5,0.02825525934890279,False,0.0
nested_validation,k|45|0.65,z|45|0.8|0.6|0.2|0.44,z|45|0.8|0.6|0.2|0.44,47632795,TP_z22_02,TP_z22_02,z,0.7420472914420315,1.2997704113151656,1.11107034407233,0.5,0.02871248767664423,False,0.0
nested_validation,k|45|0.65,z|45|0.8|0.6|0.2|0.44,z|45|0.8|0.6|0.2|0.44,47632798,TP_z22_01,TP_z22_01,z,0.7420472914420315,1.2997704113151656,1.11107034407233,0.5,0.02871248767664423,False,0.0
nested_validation,k|45|0.65,z|45|0.8|0.6|1|2,z|45|0.8|0.6|1|2,47629771,TP_z20_02,TP_z20_02,z,0.6693819531966643,1.3232955494186138,0.7372229268950524,0.5,0.042253025726858295,False,0.0
nested_validation,k|45|0.65,z|45|0.8|0.6|1|2,z|45|0.8|0.6|1|2,47629825,TP_z23_01,TP_z23_01,z,0.6693819531966643,1.3232955494186138,0.7375268799550213,0.5,0.04224355672899485,False,0.0
nested_validation,k|45|0.65,z|45|0.8|0.6|1|2,z|45|0.8|0.6|1|2,47629960,TP_z23_02,TP_z23_02,z,0.6693819531966643,1.3232955494186138,0.7375268799550213,0.5,0.04224355672899485,False,0.0
nested_validation,k|45|0.65,z|45|0.8|0.6|1|2,z|45|0.8|0.6|1|2,47630290,TP_z20_03,TP_z20_03,z,0.6693819531966643,1.3232955494186138,0.7372229268950524,0.5,0.042253025726858295,False,0.0
nested_validation,k|45|0.65,z|45|0.8|0.6|1|2,z|45|0.8|0.6|1|2,47630314,139,TP_z02_03,z,0.6693819531966643,1.3232955494186138,0.8628189652321777,0.5,0.038213792271028106,False,0.0
nested_validation,k|45|0.65,z|45|0.8|0.6|1|2,z|45|0.8|0.6|1|2,47630320,TP_z20_01,TP_z20_01,z,0.6693819531966643,1.3232955494186138,0.7375268799550213,0.5,0.04224355672899485,False,0.0
nested_validation,k|45|0.65,z|45|0.8|0.6|1|2,z|45|0.8|0.6|1|2,47630323,TP_z23_03,TP_z23_03,z,0.6693819531966643,1.3232955494186138,0.7346451283169946,0.5,0.042333259587684045,False,0.0
nested_validation,k|45|0.65,z|45|0.8|0.6|1|2,z|45|0.8|0.6|1|2,47631133,025,TP_z02_02,z,0.6693819531966643,1.3232955494186138,0.8608424803305057,0.5,0.03827894094065353,False,0.0
nested_validation,k|45|0.65,z|45|0.8|0.6|1|2,z|45|0.8|0.6|1|2,47631268,117,TP_z02_01,z,0.6693819531966643,1.3232955494186138,0.8420544234480628,0.5,0.03889621565743587,False,0.0
outer_train_fit,k|45|0.65,,z|23|0.25|0.05|0.4|0.3,47632648,INT161,TP_z05_02,z,0.6064468466220085,0.0,0.1075405724532581,1.0,0.6882795057859648,True,3.808591723791903
outer_train_fit,k|45|0.65,,z|23|0.25|0.05|0.4|0.3,47632660,INT200,TP_z05_03,z,0.6064468466220085,0.0,0.1210175864974995,1.0,0.6872202743576088,True,3.7975540976372852
outer_train_fit,k|45|0.65,,z|23|0.25|0.05|0.4|0.3,47632663,INT073,TP_z05_01,z,0.6064468466220085,0.0,0.1544962668535451,1.0,0.6840581666497175,True,3.752842132058285
outer_train_fit,k|45|0.65,,z|23|0.69|0.2|1|0.5,47632750,INT059,TP_z04_01,z,0.6281472457559458,0.0,0.6673106758046793,1.0,0.5394416092509513,True,0.41944810048717984
outer_train_fit,k|45|0.65,,z|23|0.69|0.2|1|0.5,47632810,INT037,TP_z04_02,z,0.6281472457559458,0.0,0.6677168041909525,1.0,0.5392953884593149,True,0.413131000867733
outer_train_fit,k|45|0.65,,z|23|0.69|0.2|1|0.5,47639014,INT027,TP_z04_03,z,0.6281472457559458,0.0,0.6670338054970545,1.0,0.5395412642078614,True,0.4188553796891378
outer_train_fit,k|45|0.65,,z|23|0.8|0.25|0.2|1.4,47632675,INT163,TP_z07_02,z,0.4343319824658965,0.0,0.4245437059242428,1.0,0.7567192621715122,True,1.3458373142304572
outer_train_fit,k|45|0.65,,z|23|0.8|0.25|0.2|1.4,47632744,INT078,TP_z07_03,z,0.4343319824658965,0.0,0.4238110787336789,1.0,0.7569544597375655,True,1.3490598379486152
outer_train_fit,k|45|0.65,,z|23|0.8|0.25|0.2|1.4,47632753,INT065,TP_z07_01,z,0.4343319824658965,0.0,0.4240347772004693,1.0,0.7568826804615599,True,1.348276615884974
outer_train_fit,k|45|0.65,,z|23|0.8|0.25|0.2|1.4,47632804,TP_z12_01,TP_z12_01,z,0.4343319824658965,0.0,0.9442543873185116,1.0,0.5302257366117977,True,-0.7737949856866343
outer_train_fit,k|45|0.65,,z|23|0.8|0.25|0.2|1.4,47632831,TP_z12_02,TP_z12_02,z,0.4343319824658965,0.0,0.9337244472045942,1.0,0.5354943486026262,True,-0.7672342860696386
outer_train_fit,k|45|0.65,,z|23|0.8|0.25|0.2|1.4,47632834,TP_z12_03,TP_z12_03,z,0.4343319824658965,0.0,0.9533208462311606,1.0,0.5256842198975358,True,-0.7661206960003645
outer_train_fit,k|45|0.65,,z|45|0.41|0.05|1|1,47632627,TP_z14_02,TP_z14_02,z,0.3496439368314625,0.0,0.8968057387497814,1.0,0.5919215622414634,True,-0.09103590247577288
outer_train_fit,k|45|0.65,,z|45|0.41|0.05|1|1,47632645,TP_z14_03,TP_z14_03,z,0.3496439368314625,0.0,1.0124651235188196,1.0,0.5300448275477039,True,-0.1869300312950965
outer_train_fit,k|45|0.65,,z|45|0.41|0.05|1|1,47632654,TP_z14_01,TP_z14_01,z,0.3496439368314625,0.0,0.9830712214245206,1.0,0.545820345045985,True,-0.16120948198257584
outer_train_fit,k|45|0.65,,z|45|0.8|0.6|0.2|0.44,47632591,TP_z21_01,TP_z21_01,z,0.7420472914420315,0.0,1.11107034407233,0.5,0.1555139224337192,False,0.0
outer_train_fit,k|45|0.65,,z|45|0.8|0.6|0.2|0.44,47632621,TP_z18_02,TP_z18_02,z,0.7420472914420315,0.0,1.11107034407233,0.5,0.1555139224337192,False,0.0
outer_train_fit,k|45|0.65,,z|45|0.8|0.6|0.2|0.44,47632624,TP_z18_03,TP_z18_03,z,0.7420472914420315,0.0,1.11107034407233,0.5,0.1555139224337192,False,0.0
outer_train_fit,k|45|0.65,,z|45|0.8|0.6|0.2|0.44,47632630,TP_z18_01,TP_z18_01,z,0.7420472914420315,0.0,1.11107034407233,0.5,0.1555139224337192,False,0.0
outer_train_fit,k|45|0.65,,z|45|0.8|0.6|0.2|0.44,47632636,TP_z21_03,TP_z21_03,z,0.7420472914420315,0.0,1.11107034407233,0.5,0.1555139224337192,False,0.0
outer_train_fit,k|45|0.65,,z|45|0.8|0.6|0.2|0.44,47632639,TP_z21_02,TP_z21_02,z,0.7420472914420315,0.0,1.11107034407233,0.5,0.1555139224337192,False,0.0
outer_train_fit,k|45|0.65,,z|45|0.8|0.6|0.2|0.44,47632666,TP_z24_02,TP_z24_02,z,0.7420472914420315,0.0,1.11107034407233,0.5,0.1555139224337192,False,0.0
outer_train_fit,k|45|0.65,,z|45|0.8|0.6|0.2|0.44,47632669,TP_z22_03,TP_z22_03,z,0.7420472914420315,0.0,1.11107034407233,0.5,0.1555139224337192,False,0.0
outer_train_fit,k|45|0.65,,z|45|0.8|0.6|0.2|0.44,47632747,TP_z24_01,TP_z24_01,z,0.7420472914420315,0.0,1.124929313751542,0.5,0.1531229104579489,False,0.0
outer_train_fit,k|45|0.65,,z|45|0.8|0.6|0.2|0.44,47632786,TP_z24_03,TP_z24_03,z,0.7420472914420315,0.0,1.125425414363924,0.5,0.15303746091998138,False,0.0
outer_train_fit,k|45|0.65,,z|45|0.8|0.6|0.2|0.44,47632795,TP_z22_02,TP_z22_02,z,0.7420472914420315,0.0,1.11107034407233,0.5,0.1555139224337192,False,0.0
outer_train_fit,k|45|0.65,,z|45|0.8|0.6|0.2|0.44,47632798,TP_z22_01,TP_z22_01,z,0.7420472914420315,0.0,1.11107034407233,0.5,0.1555139224337192,False,0.0
outer_train_fit,k|45|0.65,,z|45|0.8|0.6|1|2,47629771,TP_z20_02,TP_z20_02,z,0.6693819531966643,0.0,0.7372229268950524,0.5,0.2434196910370597,True,-1.70561421729418
outer_train_fit,k|45|0.65,,z|45|0.8|0.6|1|2,47629825,TP_z23_01,TP_z23_01,z,0.6693819531966643,0.0,0.7375268799550213,0.5,0.2433651401381667,True,-1.6995884498644516
outer_train_fit,k|45|0.65,,z|45|0.8|0.6|1|2,47629960,TP_z23_02,TP_z23_02,z,0.6693819531966643,0.0,0.7375268799550213,0.5,0.2433651401381667,True,-1.6995884498644516
outer_train_fit,k|45|0.65,,z|45|0.8|0.6|1|2,47630290,TP_z20_03,TP_z20_03,z,0.6693819531966643,0.0,0.7372229268950524,0.5,0.2434196910370597,True,-1.70561421729418
outer_train_fit,k|45|0.65,,z|45|0.8|0.6|1|2,47630314,139,TP_z02_03,z,0.6693819531966643,0.0,0.8628189652321777,0.5,0.2201496661588237,True,-0.6719555984520007
outer_train_fit,k|45|0.65,,z|45|0.8|0.6|1|2,47630320,TP_z20_01,TP_z20_01,z,0.6693819531966643,0.0,0.7375268799550213,0.5,0.2433651401381667,True,-1.6995884498644516
outer_train_fit,k|45|0.65,,z|45|0.8|0.6|1|2,47630323,TP_z23_03,TP_z23_03,z,0.6693819531966643,0.0,0.7346451283169946,0.5,0.2438819183279328,True,-1.7119998284434943
outer_train_fit,k|45|0.65,,z|45|0.8|0.6|1|2,47631133,025,TP_z02_02,z,0.6693819531966643,0.0,0.8608424803305057,0.5,0.22052498765968406,True,-0.6747261546461394
outer_train_fit,k|45|0.65,,z|45|0.8|0.6|1|2,47631268,117,TP_z02_01,z,0.6693819531966643,0.0,0.8420544234480628,0.5,0.22408110744659518,True,-0.6975805755871279
nested_validation,k|45|0.9,z|23|0.25|0.05|0.4|0.3,z|23|0.25|0.05|0.4|0.3,47632648,INT161,TP_z05_02,z,0.6064468466220085,1.1931579293210106,0.1075405724532581,1.0,0.16576467623344174,False,0.0
nested_validation,k|45|0.9,z|23|0.25|0.05|0.4|0.3,z|23|0.25|0.05|0.4|0.3,47632660,INT200,TP_z05_03,z,0.6064468466220085,1.1931579293210106,0.1210175864974995,1.0,0.16550957179795925,False,0.0
nested_validation,k|45|0.9,z|23|0.25|0.05|0.4|0.3,z|23|0.25|0.05|0.4|0.3,47632663,INT073,TP_z05_01,z,0.6064468466220085,1.1931579293210106,0.1544962668535451,1.0,0.16474801235007866,False,0.0
nested_validation,k|45|0.9,z|23|0.69|0.2|1|0.5,z|23|0.69|0.2|1|0.5,47632750,INT059,TP_z04_01,z,0.6281472457559458,1.1430942493118919,0.6673106758046793,1.0,0.1460384706789609,False,0.0
nested_validation,k|45|0.9,z|23|0.69|0.2|1|0.5,z|23|0.69|0.2|1|0.5,47632810,INT037,TP_z04_02,z,0.6281472457559458,1.1430942493118919,0.6677168041909525,1.0,0.14599888555904086,False,0.0
nested_validation,k|45|0.9,z|23|0.69|0.2|1|0.5,z|23|0.69|0.2|1|0.5,47639014,INT027,TP_z04_03,z,0.6281472457559458,1.1430942493118919,0.6670338054970545,1.0,0.14606544942374652,False,0.0
nested_validation,k|45|0.9,z|23|0.8|0.25|0.2|1.4,z|23|0.8|0.25|0.2|1.4,47632675,INT163,TP_z07_02,z,0.4343319824658965,1.1430942493118919,0.4245437059242428,1.0,0.20486021449900682,True,0.3643471689657197
nested_validation,k|45|0.9,z|23|0.8|0.25|0.2|1.4,z|23|0.8|0.25|0.2|1.4,47632744,INT078,TP_z07_03,z,0.4343319824658965,1.1430942493118919,0.4238110787336789,1.0,0.20492388754955537,True,0.3652195755940848
nested_validation,k|45|0.9,z|23|0.8|0.25|0.2|1.4,z|23|0.8|0.25|0.2|1.4,47632753,INT065,TP_z07_01,z,0.4343319824658965,1.1430942493118919,0.4240347772004693,1.0,0.20490445535241944,True,0.36500754049998996
nested_validation,k|45|0.9,z|23|0.8|0.25|0.2|1.4,z|23|0.8|0.25|0.2|1.4,47632804,TP_z12_01,TP_z12_01,z,0.4343319824658965,1.1430942493118919,0.9442543873185116,1.0,0.14354353531781422,False,0.0
nested_validation,k|45|0.9,z|23|0.8|0.25|0.2|1.4,z|23|0.8|0.25|0.2|1.4,47632831,TP_z12_02,TP_z12_02,z,0.4343319824658965,1.1430942493118919,0.9337244472045942,1.0,0.14496986214271343,False,0.0
nested_validation,k|45|0.9,z|23|0.8|0.25|0.2|1.4,z|23|0.8|0.25|0.2|1.4,47632834,TP_z12_03,TP_z12_03,z,0.4343319824658965,1.1430942493118919,0.9533208462311606,1.0,0.1423140488559992,False,0.0
nested_validation,k|45|0.9,z|45|0.41|0.05|1|1,z|45|0.41|0.05|1|1,47632627,TP_z14_02,TP_z14_02,z,0.3496439368314625,1.210429948041776,0.8968057387497814,1.0,0.13676080770753946,False,0.0
nested_validation,k|45|0.9,z|45|0.41|0.05|1|1,z|45|0.41|0.05|1|1,47632645,TP_z14_03,TP_z14_03,z,0.3496439368314625,1.210429948041776,1.0124651235188196,1.0,0.12246446718738853,False,0.0
nested_validation,k|45|0.9,z|45|0.41|0.05|1|1,z|45|0.41|0.05|1|1,47632654,TP_z14_01,TP_z14_01,z,0.3496439368314625,1.210429948041776,0.9830712214245206,1.0,0.1261093293662548,False,0.0
nested_validation,k|45|0.9,z|45|0.8|0.6|0.2|0.44,z|45|0.8|0.6|0.2|0.44,47632591,TP_z21_01,TP_z21_01,z,0.7420472914420315,1.2997704113151656,1.11107034407233,0.5,0.02871248767664423,False,0.0
nested_validation,k|45|0.9,z|45|0.8|0.6|0.2|0.44,z|45|0.8|0.6|0.2|0.44,47632621,TP_z18_02,TP_z18_02,z,0.7420472914420315,1.2997704113151656,1.11107034407233,0.5,0.02871248767664423,False,0.0
nested_validation,k|45|0.9,z|45|0.8|0.6|0.2|0.44,z|45|0.8|0.6|0.2|0.44,47632624,TP_z18_03,TP_z18_03,z,0.7420472914420315,1.2997704113151656,1.11107034407233,0.5,0.02871248767664423,False,0.0
nested_validation,k|45|0.9,z|45|0.8|0.6|0.2|0.44,z|45|0.8|0.6|0.2|0.44,47632630,TP_z18_01,TP_z18_01,z,0.7420472914420315,1.2997704113151656,1.11107034407233,0.5,0.02871248767664423,False,0.0
nested_validation,k|45|0.9,z|45|0.8|0.6|0.2|0.44,z|45|0.8|0.6|0.2|0.44,47632636,TP_z21_03,TP_z21_03,z,0.7420472914420315,1.2997704113151656,1.11107034407233,0.5,0.02871248767664423,False,0.0
nested_validation,k|45|0.9,z|45|0.8|0.6|0.2|0.44,z|45|0.8|0.6|0.2|0.44,47632639,TP_z21_02,TP_z21_02,z,0.7420472914420315,1.2997704113151656,1.11107034407233,0.5,0.02871248767664423,False,0.0
nested_validation,k|45|0.9,z|45|0.8|0.6|0.2|0.44,z|45|0.8|0.6|0.2|0.44,47632666,TP_z24_02,TP_z24_02,z,0.7420472914420315,1.2997704113151656,1.11107034407233,0.5,0.02871248767664423,False,0.0
nested_validation,k|45|0.9,z|45|0.8|0.6|0.2|0.44,z|45|0.8|0.6|0.2|0.44,47632669,TP_z22_03,TP_z22_03,z,0.7420472914420315,1.2997704113151656,1.11107034407233,0.5,0.02871248767664423,False,0.0
nested_validation,k|45|0.9,z|45|0.8|0.6|0.2|0.44,z|45|0.8|0.6|0.2|0.44,47632747,TP_z24_01,TP_z24_01,z,0.7420472914420315,1.2997704113151656,1.124929313751542,0.5,0.028271035870821037,False,0.0
nested_validation,k|45|0.9,z|45|0.8|0.6|0.2|0.44,z|45|0.8|0.6|0.2|0.44,47632786,TP_z24_03,TP_z24_03,z,0.7420472914420315,1.2997704113151656,1.125425414363924,0.5,0.02825525934890279,False,0.0
nested_validation,k|45|0.9,z|45|0.8|0.6|0.2|0.44,z|45|0.8|0.6|0.2|0.44,47632795,TP_z22_02,TP_z22_02,z,0.7420472914420315,1.2997704113151656,1.11107034407233,0.5,0.02871248767664423,False,0.0
nested_validation,k|45|0.9,z|45|0.8|0.6|0.2|0.44,z|45|0.8|0.6|0.2|0.44,47632798,TP_z22_01,TP_z22_01,z,0.7420472914420315,1.2997704113151656,1.11107034407233,0.5,0.02871248767664423,False,0.0
nested_validation,k|45|0.9,z|45|0.8|0.6|1|2,z|45|0.8|0.6|1|2,47629771,TP_z20_02,TP_z20_02,z,0.6693819531966643,1.3232955494186138,0.7372229268950524,0.5,0.042253025726858295,False,0.0
nested_validation,k|45|0.9,z|45|0.8|0.6|1|2,z|45|0.8|0.6|1|2,47629825,TP_z23_01,TP_z23_01,z,0.6693819531966643,1.3232955494186138,0.7375268799550213,0.5,0.04224355672899485,False,0.0
nested_validation,k|45|0.9,z|45|0.8|0.6|1|2,z|45|0.8|0.6|1|2,47629960,TP_z23_02,TP_z23_02,z,0.6693819531966643,1.3232955494186138,0.7375268799550213,0.5,0.04224355672899485,False,0.0
nested_validation,k|45|0.9,z|45|0.8|0.6|1|2,z|45|0.8|0.6|1|2,47630290,TP_z20_03,TP_z20_03,z,0.6693819531966643,1.3232955494186138,0.7372229268950524,0.5,0.042253025726858295,False,0.0
nested_validation,k|45|0.9,z|45|0.8|0.6|1|2,z|45|0.8|0.6|1|2,47630314,139,TP_z02_03,z,0.6693819531966643,1.3232955494186138,0.8628189652321777,0.5,0.038213792271028106,False,0.0
nested_validation,k|45|0.9,z|45|0.8|0.6|1|2,z|45|0.8|0.6|1|2,47630320,TP_z20_01,TP_z20_01,z,0.6693819531966643,1.3232955494186138,0.7375268799550213,0.5,0.04224355672899485,False,0.0
nested_validation,k|45|0.9,z|45|0.8|0.6|1|2,z|45|0.8|0.6|1|2,47630323,TP_z23_03,TP_z23_03,z,0.6693819531966643,1.3232955494186138,0.7346451283169946,0.5,0.042333259587684045,False,0.0
nested_validation,k|45|0.9,z|45|0.8|0.6|1|2,z|45|0.8|0.6|1|2,47631133,025,TP_z02_02,z,0.6693819531966643,1.3232955494186138,0.8608424803305057,0.5,0.03827894094065353,False,0.0
nested_validation,k|45|0.9,z|45|0.8|0.6|1|2,z|45|0.8|0.6|1|2,47631268,117,TP_z02_01,z,0.6693819531966643,1.3232955494186138,0.8420544234480628,0.5,0.03889621565743587,False,0.0
outer_train_fit,k|45|0.9,,z|23|0.25|0.05|0.4|0.3,47632648,INT161,TP_z05_02,z,0.6064468466220085,0.0,0.1075405724532581,1.0,0.6882795057859648,True,3.808591723791903
outer_train_fit,k|45|0.9,,z|23|0.25|0.05|0.4|0.3,47632660,INT200,TP_z05_03,z,0.6064468466220085,0.0,0.1210175864974995,1.0,0.6872202743576088,True,3.7975540976372852
outer_train_fit,k|45|0.9,,z|23|0.25|0.05|0.4|0.3,47632663,INT073,TP_z05_01,z,0.6064468466220085,0.0,0.1544962668535451,1.0,0.6840581666497175,True,3.752842132058285
outer_train_fit,k|45|0.9,,z|23|0.69|0.2|1|0.5,47632750,INT059,TP_z04_01,z,0.6281472457559458,0.0,0.6673106758046793,1.0,0.5394416092509513,True,0.41944810048717984
outer_train_fit,k|45|0.9,,z|23|0.69|0.2|1|0.5,47632810,INT037,TP_z04_02,z,0.6281472457559458,0.0,0.6677168041909525,1.0,0.5392953884593149,True,0.413131000867733
outer_train_fit,k|45|0.9,,z|23|0.69|0.2|1|0.5,47639014,INT027,TP_z04_03,z,0.6281472457559458,0.0,0.6670338054970545,1.0,0.5395412642078614,True,0.4188553796891378
outer_train_fit,k|45|0.9,,z|23|0.8|0.25|0.2|1.4,47632675,INT163,TP_z07_02,z,0.4343319824658965,0.0,0.4245437059242428,1.0,0.7567192621715122,True,1.3458373142304572
outer_train_fit,k|45|0.9,,z|23|0.8|0.25|0.2|1.4,47632744,INT078,TP_z07_03,z,0.4343319824658965,0.0,0.4238110787336789,1.0,0.7569544597375655,True,1.3490598379486152
outer_train_fit,k|45|0.9,,z|23|0.8|0.25|0.2|1.4,47632753,INT065,TP_z07_01,z,0.4343319824658965,0.0,0.4240347772004693,1.0,0.7568826804615599,True,1.348276615884974
outer_train_fit,k|45|0.9,,z|23|0.8|0.25|0.2|1.4,47632804,TP_z12_01,TP_z12_01,z,0.4343319824658965,0.0,0.9442543873185116,1.0,0.5302257366117977,True,-0.7737949856866343
outer_train_fit,k|45|0.9,,z|23|0.8|0.25|0.2|1.4,47632831,TP_z12_02,TP_z12_02,z,0.4343319824658965,0.0,0.9337244472045942,1.0,0.5354943486026262,True,-0.7672342860696386
outer_train_fit,k|45|0.9,,z|23|0.8|0.25|0.2|1.4,47632834,TP_z12_03,TP_z12_03,z,0.4343319824658965,0.0,0.9533208462311606,1.0,0.5256842198975358,True,-0.7661206960003645
outer_train_fit,k|45|0.9,,z|45|0.41|0.05|1|1,47632627,TP_z14_02,TP_z14_02,z,0.3496439368314625,0.0,0.8968057387497814,1.0,0.5919215622414634,True,-0.09103590247577288
outer_train_fit,k|45|0.9,,z|45|0.41|0.05|1|1,47632645,TP_z14_03,TP_z14_03,z,0.3496439368314625,0.0,1.0124651235188196,1.0,0.5300448275477039,True,-0.1869300312950965
outer_train_fit,k|45|0.9,,z|45|0.41|0.05|1|1,47632654,TP_z14_01,TP_z14_01,z,0.3496439368314625,0.0,0.9830712214245206,1.0,0.545820345045985,True,-0.16120948198257584
outer_train_fit,k|45|0.9,,z|45|0.8|0.6|0.2|0.44,47632591,TP_z21_01,TP_z21_01,z,0.7420472914420315,0.0,1.11107034407233,0.5,0.1555139224337192,False,0.0
outer_train_fit,k|45|0.9,,z|45|0.8|0.6|0.2|0.44,47632621,TP_z18_02,TP_z18_02,z,0.7420472914420315,0.0,1.11107034407233,0.5,0.1555139224337192,False,0.0
outer_train_fit,k|45|0.9,,z|45|0.8|0.6|0.2|0.44,47632624,TP_z18_03,TP_z18_03,z,0.7420472914420315,0.0,1.11107034407233,0.5,0.1555139224337192,False,0.0
outer_train_fit,k|45|0.9,,z|45|0.8|0.6|0.2|0.44,47632630,TP_z18_01,TP_z18_01,z,0.7420472914420315,0.0,1.11107034407233,0.5,0.1555139224337192,False,0.0
outer_train_fit,k|45|0.9,,z|45|0.8|0.6|0.2|0.44,47632636,TP_z21_03,TP_z21_03,z,0.7420472914420315,0.0,1.11107034407233,0.5,0.1555139224337192,False,0.0
outer_train_fit,k|45|0.9,,z|45|0.8|0.6|0.2|0.44,47632639,TP_z21_02,TP_z21_02,z,0.7420472914420315,0.0,1.11107034407233,0.5,0.1555139224337192,False,0.0
outer_train_fit,k|45|0.9,,z|45|0.8|0.6|0.2|0.44,47632666,TP_z24_02,TP_z24_02,z,0.7420472914420315,0.0,1.11107034407233,0.5,0.1555139224337192,False,0.0
outer_train_fit,k|45|0.9,,z|45|0.8|0.6|0.2|0.44,47632669,TP_z22_03,TP_z22_03,z,0.7420472914420315,0.0,1.11107034407233,0.5,0.1555139224337192,False,0.0
outer_train_fit,k|45|0.9,,z|45|0.8|0.6|0.2|0.44,47632747,TP_z24_01,TP_z24_01,z,0.7420472914420315,0.0,1.124929313751542,0.5,0.1531229104579489,False,0.0
outer_train_fit,k|45|0.9,,z|45|0.8|0.6|0.2|0.44,47632786,TP_z24_03,TP_z24_03,z,0.7420472914420315,0.0,1.125425414363924,0.5,0.15303746091998138,False,0.0
outer_train_fit,k|45|0.9,,z|45|0.8|0.6|0.2|0.44,47632795,TP_z22_02,TP_z22_02,z,0.7420472914420315,0.0,1.11107034407233,0.5,0.1555139224337192,False,0.0
outer_train_fit,k|45|0.9,,z|45|0.8|0.6|0.2|0.44,47632798,TP_z22_01,TP_z22_01,z,0.7420472914420315,0.0,1.11107034407233,0.5,0.1555139224337192,False,0.0
outer_train_fit,k|45|0.9,,z|45|0.8|0.6|1|2,47629771,TP_z20_02,TP_z20_02,z,0.6693819531966643,0.0,0.7372229268950524,0.5,0.2434196910370597,True,-1.70561421729418
outer_train_fit,k|45|0.9,,z|45|0.8|0.6|1|2,47629825,TP_z23_01,TP_z23_01,z,0.6693819531966643,0.0,0.7375268799550213,0.5,0.2433651401381667,True,-1.6995884498644516
outer_train_fit,k|45|0.9,,z|45|0.8|0.6|1|2,47629960,TP_z23_02,TP_z23_02,z,0.6693819531966643,0.0,0.7375268799550213,0.5,0.2433651401381667,True,-1.6995884498644516
outer_train_fit,k|45|0.9,,z|45|0.8|0.6|1|2,47630290,TP_z20_03,TP_z20_03,z,0.6693819531966643,0.0,0.7372229268950524,0.5,0.2434196910370597,True,-1.70561421729418
outer_train_fit,k|45|0.9,,z|45|0.8|0.6|1|2,47630314,139,TP_z02_03,z,0.6693819531966643,0.0,0.8628189652321777,0.5,0.2201496661588237,True,-0.6719555984520007
outer_train_fit,k|45|0.9,,z|45|0.8|0.6|1|2,47630320,TP_z20_01,TP_z20_01,z,0.6693819531966643,0.0,0.7375268799550213,0.5,0.2433651401381667,True,-1.6995884498644516
outer_train_fit,k|45|0.9,,z|45|0.8|0.6|1|2,47630323,TP_z23_03,TP_z23_03,z,0.6693819531966643,0.0,0.7346451283169946,0.5,0.2438819183279328,True,-1.7119998284434943
outer_train_fit,k|45|0.9,,z|45|0.8|0.6|1|2,47631133,025,TP_z02_02,z,0.6693819531966643,0.0,0.8608424803305057,0.5,0.22052498765968406,True,-0.6747261546461394
outer_train_fit,k|45|0.9,,z|45|0.8|0.6|1|2,47631268,117,TP_z02_01,z,0.6693819531966643,0.0,0.8420544234480628,0.5,0.22408110744659518,True,-0.6975805755871279
nested_validation,z|23|0.25|0.05|0.4|0.3,z|23|0.36|0.05|0.8|1.7,z|23|0.36|0.05|0.8|1.7,47632657,INT018,TP_z06_01,z,0.6163252308022581,1.1062253693986748,0.937969591624668,1.0,0.12957637084277665,False,0.0
nested_validation,z|23|0.25|0.05|0.4|0.3,z|23|0.36|0.05|0.8|1.7,z|23|0.36|0.05|0.8|1.7,47632783,INT007,TP_z06_02,z,0.6163252308022581,1.1062253693986748,0.937969591624668,1.0,0.12957637084277665,False,0.0
nested_validation,z|23|0.25|0.05|0.4|0.3,z|23|0.36|0.05|0.8|1.7,z|23|0.36|0.05|0.8|1.7,47632807,INT153,TP_z06_03,z,0.6163252308022581,1.1062253693986748,0.937969591624668,1.0,0.12957637084277665,False,0.0
nested_validation,z|23|0.25|0.05|0.4|0.3,z|23|0.8|0.25|0.2|1.4,z|23|0.8|0.25|0.2|1.4,47632675,INT163,TP_z07_02,z,0.4343319824658965,1.0356496854104313,0.4245437059242428,1.0,0.2588948663800704,True,0.4604486618156609
nested_validation,z|23|0.25|0.05|0.4|0.3,z|23|0.8|0.25|0.2|1.4,z|23|0.8|0.25|0.2|1.4,47632744,INT078,TP_z07_03,z,0.4343319824658965,1.0356496854104313,0.4238110787336789,1.0,0.25897533405874634,True,0.4615511774897367
nested_validation,z|23|0.25|0.05|0.4|0.3,z|23|0.8|0.25|0.2|1.4,z|23|0.8|0.25|0.2|1.4,47632753,INT065,TP_z07_01,z,0.4343319824658965,1.0356496854104313,0.4240347772004693,1.0,0.2589507763568359,True,0.4612832152722421
nested_validation,z|23|0.25|0.05|0.4|0.3,z|23|0.8|0.25|0.2|1.4,z|23|0.8|0.25|0.2|1.4,47632804,TP_z12_01,TP_z12_01,z,0.4343319824658965,1.0356496854104313,0.9442543873185116,1.0,0.1814050838846925,False,0.0
nested_validation,z|23|0.25|0.05|0.4|0.3,z|23|0.8|0.25|0.2|1.4,z|23|0.8|0.25|0.2|1.4,47632831,TP_z12_02,TP_z12_02,z,0.4343319824658965,1.0356496854104313,0.9337244472045942,1.0,0.18320762369775312,False,0.0
nested_validation,z|23|0.25|0.05|0.4|0.3,z|23|0.8|0.25|0.2|1.4,z|23|0.8|0.25|0.2|1.4,47632834,TP_z12_03,TP_z12_03,z,0.4343319824658965,1.0356496854104313,0.9533208462311606,1.0,0.17985130374233477,False,0.0
nested_validation,z|23|0.25|0.05|0.4|0.3,z|35|0.63|0.4|0.5|0.2,z|35|0.63|0.4|0.5|0.2,47632741,INT020,TP_z09_03,z,0.4765087921722403,1.0356496854104313,0.3946129293111709,1.0,0.2522106616155114,True,0.5684511066866782
nested_validation,z|23|0.25|0.05|0.4|0.3,z|35|0.63|0.4|0.5|0.2,z|35|0.63|0.4|0.5|0.2,47632780,INT031,TP_z09_01,z,0.4765087921722403,1.0356496854104313,0.3946129293111709,1.0,0.2522106616155114,True,0.5684511066866782
nested_validation,z|23|0.25|0.05|0.4|0.3,z|35|0.63|0.4|0.5|0.2,z|35|0.63|0.4|0.5|0.2,47632792,INT088,TP_z09_02,z,0.4765087921722403,1.0356496854104313,0.395532875561535,1.0,0.25211901335654785,True,0.5668372723495709
nested_validation,z|23|0.25|0.05|0.4|0.3,z|45|0.41|0.05|1|1,z|45|0.41|0.05|1|1,47632627,TP_z14_02,TP_z14_02,z,0.3496439368314625,1.1062253693986748,0.8968057387497814,1.0,0.1741016914274063,False,0.0
nested_validation,z|23|0.25|0.05|0.4|0.3,z|45|0.41|0.05|1|1,z|45|0.41|0.05|1|1,47632645,TP_z14_03,TP_z14_03,z,0.3496439368314625,1.1062253693986748,1.0124651235188196,1.0,0.15590190811592455,False,0.0
nested_validation,z|23|0.25|0.05|0.4|0.3,z|45|0.41|0.05|1|1,z|45|0.41|0.05|1|1,47632654,TP_z14_01,TP_z14_01,z,0.3496439368314625,1.1062253693986748,0.9830712214245206,1.0,0.1605419558093941,False,0.0
nested_validation,z|23|0.25|0.05|0.4|0.3,z|45|0.8|0.6|0.24|2,z|45|0.8|0.6|0.24|2,47632537,183,TP_z03_01,z,0.6173461560586306,0.9500000000000001,1.0935571564647364,0.5,0.07617689448989905,False,0.0
nested_validation,z|23|0.25|0.05|0.4|0.3,z|45|0.8|0.6|0.24|2,z|45|0.8|0.6|0.24|2,47632555,010,TP_z03_03,z,0.6173461560586306,0.9500000000000001,1.0935571564647364,0.5,0.07617689448989905,False,0.0
nested_validation,z|23|0.25|0.05|0.4|0.3,z|45|0.8|0.6|0.24|2,z|45|0.8|0.6|0.24|2,47632561,075,TP_z03_02,z,0.6173461560586306,0.9500000000000001,1.0906430272280303,0.5,0.07641971522770596,False,0.0
nested_validation,z|23|0.25|0.05|0.4|0.3,z|45|0.8|0.6|0.24|2,z|45|0.8|0.6|0.24|2,47632672,TP_z16_02,TP_z16_02,z,0.6173461560586306,0.9500000000000001,1.1062735391952612,0.5,0.07511882929096671,False,0.0
nested_validation,z|23|0.25|0.05|0.4|0.3,z|45|0.8|0.6|0.24|2,z|45|0.8|0.6|0.24|2,47632678,TP_z16_01,TP_z16_01,z,0.6173461560586306,0.9500000000000001,1.0960712282093266,0.5,0.07596751034075368,False,0.0
nested_validation,z|23|0.25|0.05|0.4|0.3,z|45|0.8|0.6|0.24|2,z|45|0.8|0.6|0.24|2,47632684,TP_z16_03,TP_z16_03,z,0.6173461560586306,0.9500000000000001,1.0979640580725891,0.5,0.07580992991702289,False,0.0
nested_validation,z|23|0.25|0.05|0.4|0.3,z|45|0.8|0.6|0.24|2,z|45|0.8|0.6|0.24|2,47632735,TP_z19_01,TP_z19_01,z,0.6173461560586306,0.9500000000000001,1.0979640580725891,0.5,0.07580992991702289,False,0.0
nested_validation,z|23|0.25|0.05|0.4|0.3,z|45|0.8|0.6|0.24|2,z|45|0.8|0.6|0.24|2,47632789,TP_z19_03,TP_z19_03,z,0.6173461560586306,0.9500000000000001,1.0960712282093266,0.5,0.07596751034075368,False,0.0
nested_validation,z|23|0.25|0.05|0.4|0.3,z|45|0.8|0.6|0.24|2,z|45|0.8|0.6|0.24|2,47639017,TP_z19_02,TP_z19_02,z,0.6173461560586306,0.9500000000000001,1.0979640580725891,0.5,0.07580992991702289,False,0.0
nested_validation,z|23|0.25|0.05|0.4|0.3,z|45|0.8|0.6|1|2,z|45|0.8|0.6|1|2,47629771,TP_z20_02,TP_z20_02,z,0.6693819531966643,0.9500000000000001,0.7372229268950524,0.5,0.09871995232120115,False,0.0
nested_validation,z|23|0.25|0.05|0.4|0.3,z|45|0.8|0.6|1|2,z|45|0.8|0.6|1|2,47629825,TP_z23_01,TP_z23_01,z,0.6693819531966643,0.9500000000000001,0.7375268799550213,0.5,0.09869782895839983,False,0.0
nested_validation,z|23|0.25|0.05|0.4|0.3,z|45|0.8|0.6|1|2,z|45|0.8|0.6|1|2,47629960,TP_z23_02,TP_z23_02,z,0.6693819531966643,0.9500000000000001,0.7375268799550213,0.5,0.09869782895839983,False,0.0
nested_validation,z|23|0.25|0.05|0.4|0.3,z|45|0.8|0.6|1|2,z|45|0.8|0.6|1|2,47630290,TP_z20_03,TP_z20_03,z,0.6693819531966643,0.9500000000000001,0.7372229268950524,0.5,0.09871995232120115,False,0.0
nested_validation,z|23|0.25|0.05|0.4|0.3,z|45|0.8|0.6|1|2,z|45|0.8|0.6|1|2,47630314,139,TP_z02_03,z,0.6693819531966643,0.9500000000000001,0.8628189652321777,0.5,0.08928268889889698,False,0.0
nested_validation,z|23|0.25|0.05|0.4|0.3,z|45|0.8|0.6|1|2,z|45|0.8|0.6|1|2,47630320,TP_z20_01,TP_z20_01,z,0.6693819531966643,0.9500000000000001,0.7375268799550213,0.5,0.09869782895839983,False,0.0
nested_validation,z|23|0.25|0.05|0.4|0.3,z|45|0.8|0.6|1|2,z|45|0.8|0.6|1|2,47630323,TP_z23_03,TP_z23_03,z,0.6693819531966643,0.9500000000000001,0.7346451283169946,0.5,0.09890741068137793,False,0.0
nested_validation,z|23|0.25|0.05|0.4|0.3,z|45|0.8|0.6|1|2,z|45|0.8|0.6|1|2,47631133,025,TP_z02_02,z,0.6693819531966643,0.9500000000000001,0.8608424803305057,0.5,0.08943490222441804,False,0.0
nested_validation,z|23|0.25|0.05|0.4|0.3,z|45|0.8|0.6|1|2,z|45|0.8|0.6|1|2,47631268,117,TP_z02_01,z,0.6693819531966643,0.9500000000000001,0.8420544234480628,0.5,0.09087710262454465,False,0.0
outer_test,z|23|0.25|0.05|0.4|0.3,,z|23|0.25|0.05|0.4|0.3,47632648,INT161,TP_z05_02,z,0.6064468466220085,0.9504410931798657,0.1075405724532581,1.0,0.2789009615384662,True,1.5432972868486459
outer_test,z|23|0.25|0.05|0.4|0.3,,z|23|0.25|0.05|0.4|0.3,47632660,INT200,TP_z05_03,z,0.6064468466220085,0.9504410931798657,0.1210175864974995,1.0,0.2784717454113307,True,1.5388246786687618
outer_test,z|23|0.25|0.05|0.4|0.3,,z|23|0.25|0.05|0.4|0.3,47632663,INT073,TP_z05_01,z,0.6064468466220085,0.9504410931798657,0.1544962668535451,1.0,0.27719041293984875,True,1.5207067337242615
outer_train_fit,z|23|0.25|0.05|0.4|0.3,,z|23|0.36|0.05|0.8|1.7,47632657,INT018,TP_z06_01,z,0.6163252308022581,0.0,0.937969591624668,1.0,0.44054165832625536,True,1.803406168727892
outer_train_fit,z|23|0.25|0.05|0.4|0.3,,z|23|0.36|0.05|0.8|1.7,47632783,INT007,TP_z06_02,z,0.6163252308022581,0.0,0.937969591624668,1.0,0.44054165832625536,True,1.803406168727892
outer_train_fit,z|23|0.25|0.05|0.4|0.3,,z|23|0.36|0.05|0.8|1.7,47632807,INT153,TP_z06_03,z,0.6163252308022581,0.0,0.937969591624668,1.0,0.44054165832625536,True,1.803406168727892
outer_train_fit,z|23|0.25|0.05|0.4|0.3,,z|23|0.8|0.25|0.2|1.4,47632675,INT163,TP_z07_02,z,0.4343319824658965,0.0,0.4245437059242428,1.0,0.7567192621715122,True,1.3458373142304572
outer_train_fit,z|23|0.25|0.05|0.4|0.3,,z|23|0.8|0.25|0.2|1.4,47632744,INT078,TP_z07_03,z,0.4343319824658965,0.0,0.4238110787336789,1.0,0.7569544597375655,True,1.3490598379486152
outer_train_fit,z|23|0.25|0.05|0.4|0.3,,z|23|0.8|0.25|0.2|1.4,47632753,INT065,TP_z07_01,z,0.4343319824658965,0.0,0.4240347772004693,1.0,0.7568826804615599,True,1.348276615884974
outer_train_fit,z|23|0.25|0.05|0.4|0.3,,z|23|0.8|0.25|0.2|1.4,47632804,TP_z12_01,TP_z12_01,z,0.4343319824658965,0.0,0.9442543873185116,1.0,0.5302257366117977,True,-0.7737949856866343
outer_train_fit,z|23|0.25|0.05|0.4|0.3,,z|23|0.8|0.25|0.2|1.4,47632831,TP_z12_02,TP_z12_02,z,0.4343319824658965,0.0,0.9337244472045942,1.0,0.5354943486026262,True,-0.7672342860696386
outer_train_fit,z|23|0.25|0.05|0.4|0.3,,z|23|0.8|0.25|0.2|1.4,47632834,TP_z12_03,TP_z12_03,z,0.4343319824658965,0.0,0.9533208462311606,1.0,0.5256842198975358,True,-0.7661206960003645
outer_train_fit,z|23|0.25|0.05|0.4|0.3,,z|35|0.63|0.4|0.5|0.2,47632741,INT020,TP_z09_03,z,0.4765087921722403,0.0,0.3946129293111709,1.0,0.737182117351441,True,1.661515765249009
outer_train_fit,z|23|0.25|0.05|0.4|0.3,,z|35|0.63|0.4|0.5|0.2,47632780,INT031,TP_z09_01,z,0.4765087921722403,0.0,0.3946129293111709,1.0,0.737182117351441,True,1.661515765249009
outer_train_fit,z|23|0.25|0.05|0.4|0.3,,z|35|0.63|0.4|0.5|0.2,47632792,INT088,TP_z09_02,z,0.4765087921722403,0.0,0.395532875561535,1.0,0.7369142402634481,True,1.6567987171826715
outer_train_fit,z|23|0.25|0.05|0.4|0.3,,z|45|0.41|0.05|1|1,47632627,TP_z14_02,TP_z14_02,z,0.3496439368314625,0.0,0.8968057387497814,1.0,0.5919215622414634,True,-0.09103590247577288
outer_train_fit,z|23|0.25|0.05|0.4|0.3,,z|45|0.41|0.05|1|1,47632645,TP_z14_03,TP_z14_03,z,0.3496439368314625,0.0,1.0124651235188196,1.0,0.5300448275477039,True,-0.1869300312950965
outer_train_fit,z|23|0.25|0.05|0.4|0.3,,z|45|0.41|0.05|1|1,47632654,TP_z14_01,TP_z14_01,z,0.3496439368314625,0.0,0.9830712214245206,1.0,0.545820345045985,True,-0.16120948198257584
outer_train_fit,z|23|0.25|0.05|0.4|0.3,,z|45|0.8|0.6|0.24|2,47632537,183,TP_z03_01,z,0.6173461560586306,0.0,1.0935571564647364,0.5,0.18783392500597498,False,0.0
outer_train_fit,z|23|0.25|0.05|0.4|0.3,,z|45|0.8|0.6|0.24|2,47632555,010,TP_z03_03,z,0.6173461560586306,0.0,1.0935571564647364,0.5,0.18783392500597498,False,0.0
outer_train_fit,z|23|0.25|0.05|0.4|0.3,,z|45|0.8|0.6|0.24|2,47632561,075,TP_z03_02,z,0.6173461560586306,0.0,1.0906430272280303,0.5,0.1884326626226833,False,0.0
outer_train_fit,z|23|0.25|0.05|0.4|0.3,,z|45|0.8|0.6|0.24|2,47632672,TP_z16_02,TP_z16_02,z,0.6173461560586306,0.0,1.1062735391952612,0.5,0.18522499036039106,False,0.0
outer_train_fit,z|23|0.25|0.05|0.4|0.3,,z|45|0.8|0.6|0.24|2,47632678,TP_z16_01,TP_z16_01,z,0.6173461560586306,0.0,1.0960712282093266,0.5,0.1873176339858255,False,0.0
outer_train_fit,z|23|0.25|0.05|0.4|0.3,,z|45|0.8|0.6|0.24|2,47632684,TP_z16_03,TP_z16_03,z,0.6173461560586306,0.0,1.0979640580725891,0.5,0.1869290785098946,False,0.0
outer_train_fit,z|23|0.25|0.05|0.4|0.3,,z|45|0.8|0.6|0.24|2,47632735,TP_z19_01,TP_z19_01,z,0.6173461560586306,0.0,1.0979640580725891,0.5,0.1869290785098946,False,0.0
outer_train_fit,z|23|0.25|0.05|0.4|0.3,,z|45|0.8|0.6|0.24|2,47632789,TP_z19_03,TP_z19_03,z,0.6173461560586306,0.0,1.0960712282093266,0.5,0.1873176339858255,False,0.0
outer_train_fit,z|23|0.25|0.05|0.4|0.3,,z|45|0.8|0.6|0.24|2,47639017,TP_z19_02,TP_z19_02,z,0.6173461560586306,0.0,1.0979640580725891,0.5,0.1869290785098946,False,0.0
outer_train_fit,z|23|0.25|0.05|0.4|0.3,,z|45|0.8|0.6|1|2,47629771,TP_z20_02,TP_z20_02,z,0.6693819531966643,0.0,0.7372229268950524,0.5,0.2434196910370597,True,-1.70561421729418
outer_train_fit,z|23|0.25|0.05|0.4|0.3,,z|45|0.8|0.6|1|2,47629825,TP_z23_01,TP_z23_01,z,0.6693819531966643,0.0,0.7375268799550213,0.5,0.2433651401381667,True,-1.6995884498644516
outer_train_fit,z|23|0.25|0.05|0.4|0.3,,z|45|0.8|0.6|1|2,47629960,TP_z23_02,TP_z23_02,z,0.6693819531966643,0.0,0.7375268799550213,0.5,0.2433651401381667,True,-1.6995884498644516
outer_train_fit,z|23|0.25|0.05|0.4|0.3,,z|45|0.8|0.6|1|2,47630290,TP_z20_03,TP_z20_03,z,0.6693819531966643,0.0,0.7372229268950524,0.5,0.2434196910370597,True,-1.70561421729418
outer_train_fit,z|23|0.25|0.05|0.4|0.3,,z|45|0.8|0.6|1|2,47630314,139,TP_z02_03,z,0.6693819531966643,0.0,0.8628189652321777,0.5,0.2201496661588237,True,-0.6719555984520007
outer_train_fit,z|23|0.25|0.05|0.4|0.3,,z|45|0.8|0.6|1|2,47630320,TP_z20_01,TP_z20_01,z,0.6693819531966643,0.0,0.7375268799550213,0.5,0.2433651401381667,True,-1.6995884498644516
outer_train_fit,z|23|0.25|0.05|0.4|0.3,,z|45|0.8|0.6|1|2,47630323,TP_z23_03,TP_z23_03,z,0.6693819531966643,0.0,0.7346451283169946,0.5,0.2438819183279328,True,-1.7119998284434943
outer_train_fit,z|23|0.25|0.05|0.4|0.3,,z|45|0.8|0.6|1|2,47631133,025,TP_z02_02,z,0.6693819531966643,0.0,0.8608424803305057,0.5,0.22052498765968406,True,-0.6747261546461394
outer_train_fit,z|23|0.25|0.05|0.4|0.3,,z|45|0.8|0.6|1|2,47631268,117,TP_z02_01,z,0.6693819531966643,0.0,0.8420544234480628,0.5,0.22408110744659518,True,-0.6975805755871279
nested_validation,z|23|0.36|0.05|0.8|1.7,z|23|0.25|0.05|0.4|0.3,z|23|0.25|0.05|0.4|0.3,47632648,INT161,TP_z05_02,z,0.6064468466220085,1.1931579293210106,0.1075405724532581,1.0,0.16576467623344174,False,0.0
nested_validation,z|23|0.36|0.05|0.8|1.7,z|23|0.25|0.05|0.4|0.3,z|23|0.25|0.05|0.4|0.3,47632660,INT200,TP_z05_03,z,0.6064468466220085,1.1931579293210106,0.1210175864974995,1.0,0.16550957179795925,False,0.0
nested_validation,z|23|0.36|0.05|0.8|1.7,z|23|0.25|0.05|0.4|0.3,z|23|0.25|0.05|0.4|0.3,47632663,INT073,TP_z05_01,z,0.6064468466220085,1.1931579293210106,0.1544962668535451,1.0,0.16474801235007866,False,0.0
nested_validation,z|23|0.36|0.05|0.8|1.7,z|23|0.69|0.2|1|0.5,z|23|0.69|0.2|1|0.5,47632750,INT059,TP_z04_01,z,0.6281472457559458,1.1430942493118919,0.6673106758046793,1.0,0.1460384706789609,False,0.0
nested_validation,z|23|0.36|0.05|0.8|1.7,z|23|0.69|0.2|1|0.5,z|23|0.69|0.2|1|0.5,47632810,INT037,TP_z04_02,z,0.6281472457559458,1.1430942493118919,0.6677168041909525,1.0,0.14599888555904086,False,0.0
nested_validation,z|23|0.36|0.05|0.8|1.7,z|23|0.69|0.2|1|0.5,z|23|0.69|0.2|1|0.5,47639014,INT027,TP_z04_03,z,0.6281472457559458,1.1430942493118919,0.6670338054970545,1.0,0.14606544942374652,False,0.0
nested_validation,z|23|0.36|0.05|0.8|1.7,z|23|0.8|0.25|0.2|1.4,z|23|0.8|0.25|0.2|1.4,47632675,INT163,TP_z07_02,z,0.4343319824658965,1.1430942493118919,0.4245437059242428,1.0,0.20486021449900682,True,0.3643471689657197
nested_validation,z|23|0.36|0.05|0.8|1.7,z|23|0.8|0.25|0.2|1.4,z|23|0.8|0.25|0.2|1.4,47632744,INT078,TP_z07_03,z,0.4343319824658965,1.1430942493118919,0.4238110787336789,1.0,0.20492388754955537,True,0.3652195755940848
nested_validation,z|23|0.36|0.05|0.8|1.7,z|23|0.8|0.25|0.2|1.4,z|23|0.8|0.25|0.2|1.4,47632753,INT065,TP_z07_01,z,0.4343319824658965,1.1430942493118919,0.4240347772004693,1.0,0.20490445535241944,True,0.36500754049998996
nested_validation,z|23|0.36|0.05|0.8|1.7,z|23|0.8|0.25|0.2|1.4,z|23|0.8|0.25|0.2|1.4,47632804,TP_z12_01,TP_z12_01,z,0.4343319824658965,1.1430942493118919,0.9442543873185116,1.0,0.14354353531781422,False,0.0
nested_validation,z|23|0.36|0.05|0.8|1.7,z|23|0.8|0.25|0.2|1.4,z|23|0.8|0.25|0.2|1.4,47632831,TP_z12_02,TP_z12_02,z,0.4343319824658965,1.1430942493118919,0.9337244472045942,1.0,0.14496986214271343,False,0.0
nested_validation,z|23|0.36|0.05|0.8|1.7,z|23|0.8|0.25|0.2|1.4,z|23|0.8|0.25|0.2|1.4,47632834,TP_z12_03,TP_z12_03,z,0.4343319824658965,1.1430942493118919,0.9533208462311606,1.0,0.1423140488559992,False,0.0
nested_validation,z|23|0.36|0.05|0.8|1.7,z|45|0.41|0.05|1|1,z|45|0.41|0.05|1|1,47632627,TP_z14_02,TP_z14_02,z,0.3496439368314625,1.210429948041776,0.8968057387497814,1.0,0.13676080770753946,False,0.0
nested_validation,z|23|0.36|0.05|0.8|1.7,z|45|0.41|0.05|1|1,z|45|0.41|0.05|1|1,47632645,TP_z14_03,TP_z14_03,z,0.3496439368314625,1.210429948041776,1.0124651235188196,1.0,0.12246446718738853,False,0.0
nested_validation,z|23|0.36|0.05|0.8|1.7,z|45|0.41|0.05|1|1,z|45|0.41|0.05|1|1,47632654,TP_z14_01,TP_z14_01,z,0.3496439368314625,1.210429948041776,0.9830712214245206,1.0,0.1261093293662548,False,0.0
nested_validation,z|23|0.36|0.05|0.8|1.7,z|45|0.8|0.6|0.2|0.44,z|45|0.8|0.6|0.2|0.44,47632591,TP_z21_01,TP_z21_01,z,0.7420472914420315,1.2997704113151656,1.11107034407233,0.5,0.02871248767664423,False,0.0
nested_validation,z|23|0.36|0.05|0.8|1.7,z|45|0.8|0.6|0.2|0.44,z|45|0.8|0.6|0.2|0.44,47632621,TP_z18_02,TP_z18_02,z,0.7420472914420315,1.2997704113151656,1.11107034407233,0.5,0.02871248767664423,False,0.0
nested_validation,z|23|0.36|0.05|0.8|1.7,z|45|0.8|0.6|0.2|0.44,z|45|0.8|0.6|0.2|0.44,47632624,TP_z18_03,TP_z18_03,z,0.7420472914420315,1.2997704113151656,1.11107034407233,0.5,0.02871248767664423,False,0.0
nested_validation,z|23|0.36|0.05|0.8|1.7,z|45|0.8|0.6|0.2|0.44,z|45|0.8|0.6|0.2|0.44,47632630,TP_z18_01,TP_z18_01,z,0.7420472914420315,1.2997704113151656,1.11107034407233,0.5,0.02871248767664423,False,0.0
nested_validation,z|23|0.36|0.05|0.8|1.7,z|45|0.8|0.6|0.2|0.44,z|45|0.8|0.6|0.2|0.44,47632636,TP_z21_03,TP_z21_03,z,0.7420472914420315,1.2997704113151656,1.11107034407233,0.5,0.02871248767664423,False,0.0
nested_validation,z|23|0.36|0.05|0.8|1.7,z|45|0.8|0.6|0.2|0.44,z|45|0.8|0.6|0.2|0.44,47632639,TP_z21_02,TP_z21_02,z,0.7420472914420315,1.2997704113151656,1.11107034407233,0.5,0.02871248767664423,False,0.0
nested_validation,z|23|0.36|0.05|0.8|1.7,z|45|0.8|0.6|0.2|0.44,z|45|0.8|0.6|0.2|0.44,47632666,TP_z24_02,TP_z24_02,z,0.7420472914420315,1.2997704113151656,1.11107034407233,0.5,0.02871248767664423,False,0.0
nested_validation,z|23|0.36|0.05|0.8|1.7,z|45|0.8|0.6|0.2|0.44,z|45|0.8|0.6|0.2|0.44,47632669,TP_z22_03,TP_z22_03,z,0.7420472914420315,1.2997704113151656,1.11107034407233,0.5,0.02871248767664423,False,0.0
nested_validation,z|23|0.36|0.05|0.8|1.7,z|45|0.8|0.6|0.2|0.44,z|45|0.8|0.6|0.2|0.44,47632747,TP_z24_01,TP_z24_01,z,0.7420472914420315,1.2997704113151656,1.124929313751542,0.5,0.028271035870821037,False,0.0
nested_validation,z|23|0.36|0.05|0.8|1.7,z|45|0.8|0.6|0.2|0.44,z|45|0.8|0.6|0.2|0.44,47632786,TP_z24_03,TP_z24_03,z,0.7420472914420315,1.2997704113151656,1.125425414363924,0.5,0.02825525934890279,False,0.0
nested_validation,z|23|0.36|0.05|0.8|1.7,z|45|0.8|0.6|0.2|0.44,z|45|0.8|0.6|0.2|0.44,47632795,TP_z22_02,TP_z22_02,z,0.7420472914420315,1.2997704113151656,1.11107034407233,0.5,0.02871248767664423,False,0.0
nested_validation,z|23|0.36|0.05|0.8|1.7,z|45|0.8|0.6|0.2|0.44,z|45|0.8|0.6|0.2|0.44,47632798,TP_z22_01,TP_z22_01,z,0.7420472914420315,1.2997704113151656,1.11107034407233,0.5,0.02871248767664423,False,0.0
nested_validation,z|23|0.36|0.05|0.8|1.7,z|45|0.8|0.6|1|2,z|45|0.8|0.6|1|2,47629771,TP_z20_02,TP_z20_02,z,0.6693819531966643,1.3232955494186138,0.7372229268950524,0.5,0.042253025726858295,False,0.0
nested_validation,z|23|0.36|0.05|0.8|1.7,z|45|0.8|0.6|1|2,z|45|0.8|0.6|1|2,47629825,TP_z23_01,TP_z23_01,z,0.6693819531966643,1.3232955494186138,0.7375268799550213,0.5,0.04224355672899485,False,0.0
nested_validation,z|23|0.36|0.05|0.8|1.7,z|45|0.8|0.6|1|2,z|45|0.8|0.6|1|2,47629960,TP_z23_02,TP_z23_02,z,0.6693819531966643,1.3232955494186138,0.7375268799550213,0.5,0.04224355672899485,False,0.0
nested_validation,z|23|0.36|0.05|0.8|1.7,z|45|0.8|0.6|1|2,z|45|0.8|0.6|1|2,47630290,TP_z20_03,TP_z20_03,z,0.6693819531966643,1.3232955494186138,0.7372229268950524,0.5,0.042253025726858295,False,0.0
nested_validation,z|23|0.36|0.05|0.8|1.7,z|45|0.8|0.6|1|2,z|45|0.8|0.6|1|2,47630314,139,TP_z02_03,z,0.6693819531966643,1.3232955494186138,0.8628189652321777,0.5,0.038213792271028106,False,0.0
nested_validation,z|23|0.36|0.05|0.8|1.7,z|45|0.8|0.6|1|2,z|45|0.8|0.6|1|2,47630320,TP_z20_01,TP_z20_01,z,0.6693819531966643,1.3232955494186138,0.7375268799550213,0.5,0.04224355672899485,False,0.0
nested_validation,z|23|0.36|0.05|0.8|1.7,z|45|0.8|0.6|1|2,z|45|0.8|0.6|1|2,47630323,TP_z23_03,TP_z23_03,z,0.6693819531966643,1.3232955494186138,0.7346451283169946,0.5,0.042333259587684045,False,0.0
nested_validation,z|23|0.36|0.05|0.8|1.7,z|45|0.8|0.6|1|2,z|45|0.8|0.6|1|2,47631133,025,TP_z02_02,z,0.6693819531966643,1.3232955494186138,0.8608424803305057,0.5,0.03827894094065353,False,0.0
nested_validation,z|23|0.36|0.05|0.8|1.7,z|45|0.8|0.6|1|2,z|45|0.8|0.6|1|2,47631268,117,TP_z02_01,z,0.6693819531966643,1.3232955494186138,0.8420544234480628,0.5,0.03889621565743587,False,0.0
outer_test,z|23|0.36|0.05|0.8|1.7,,z|23|0.36|0.05|0.8|1.7,47632657,INT018,TP_z06_01,z,0.6163252308022581,0.9504410931798657,0.937969591624668,1.0,0.1785139482900009,False,0.0
outer_test,z|23|0.36|0.05|0.8|1.7,,z|23|0.36|0.05|0.8|1.7,47632783,INT007,TP_z06_02,z,0.6163252308022581,0.9504410931798657,0.937969591624668,1.0,0.1785139482900009,False,0.0
outer_test,z|23|0.36|0.05|0.8|1.7,,z|23|0.36|0.05|0.8|1.7,47632807,INT153,TP_z06_03,z,0.6163252308022581,0.9504410931798657,0.937969591624668,1.0,0.1785139482900009,False,0.0
outer_train_fit,z|23|0.36|0.05|0.8|1.7,,z|23|0.25|0.05|0.4|0.3,47632648,INT161,TP_z05_02,z,0.6064468466220085,0.0,0.1075405724532581,1.0,0.6882795057859648,True,3.808591723791903
outer_train_fit,z|23|0.36|0.05|0.8|1.7,,z|23|0.25|0.05|0.4|0.3,47632660,INT200,TP_z05_03,z,0.6064468466220085,0.0,0.1210175864974995,1.0,0.6872202743576088,True,3.7975540976372852
outer_train_fit,z|23|0.36|0.05|0.8|1.7,,z|23|0.25|0.05|0.4|0.3,47632663,INT073,TP_z05_01,z,0.6064468466220085,0.0,0.1544962668535451,1.0,0.6840581666497175,True,3.752842132058285
outer_train_fit,z|23|0.36|0.05|0.8|1.7,,z|23|0.69|0.2|1|0.5,47632750,INT059,TP_z04_01,z,0.6281472457559458,0.0,0.6673106758046793,1.0,0.5394416092509513,True,0.41944810048717984
outer_train_fit,z|23|0.36|0.05|0.8|1.7,,z|23|0.69|0.2|1|0.5,47632810,INT037,TP_z04_02,z,0.6281472457559458,0.0,0.6677168041909525,1.0,0.5392953884593149,True,0.413131000867733
outer_train_fit,z|23|0.36|0.05|0.8|1.7,,z|23|0.69|0.2|1|0.5,47639014,INT027,TP_z04_03,z,0.6281472457559458,0.0,0.6670338054970545,1.0,0.5395412642078614,True,0.4188553796891378
outer_train_fit,z|23|0.36|0.05|0.8|1.7,,z|23|0.8|0.25|0.2|1.4,47632675,INT163,TP_z07_02,z,0.4343319824658965,0.0,0.4245437059242428,1.0,0.7567192621715122,True,1.3458373142304572
outer_train_fit,z|23|0.36|0.05|0.8|1.7,,z|23|0.8|0.25|0.2|1.4,47632744,INT078,TP_z07_03,z,0.4343319824658965,0.0,0.4238110787336789,1.0,0.7569544597375655,True,1.3490598379486152
outer_train_fit,z|23|0.36|0.05|0.8|1.7,,z|23|0.8|0.25|0.2|1.4,47632753,INT065,TP_z07_01,z,0.4343319824658965,0.0,0.4240347772004693,1.0,0.7568826804615599,True,1.348276615884974
outer_train_fit,z|23|0.36|0.05|0.8|1.7,,z|23|0.8|0.25|0.2|1.4,47632804,TP_z12_01,TP_z12_01,z,0.4343319824658965,0.0,0.9442543873185116,1.0,0.5302257366117977,True,-0.7737949856866343
outer_train_fit,z|23|0.36|0.05|0.8|1.7,,z|23|0.8|0.25|0.2|1.4,47632831,TP_z12_02,TP_z12_02,z,0.4343319824658965,0.0,0.9337244472045942,1.0,0.5354943486026262,True,-0.7672342860696386
outer_train_fit,z|23|0.36|0.05|0.8|1.7,,z|23|0.8|0.25|0.2|1.4,47632834,TP_z12_03,TP_z12_03,z,0.4343319824658965,0.0,0.9533208462311606,1.0,0.5256842198975358,True,-0.7661206960003645
outer_train_fit,z|23|0.36|0.05|0.8|1.7,,z|45|0.41|0.05|1|1,47632627,TP_z14_02,TP_z14_02,z,0.3496439368314625,0.0,0.8968057387497814,1.0,0.5919215622414634,True,-0.09103590247577288
outer_train_fit,z|23|0.36|0.05|0.8|1.7,,z|45|0.41|0.05|1|1,47632645,TP_z14_03,TP_z14_03,z,0.3496439368314625,0.0,1.0124651235188196,1.0,0.5300448275477039,True,-0.1869300312950965
outer_train_fit,z|23|0.36|0.05|0.8|1.7,,z|45|0.41|0.05|1|1,47632654,TP_z14_01,TP_z14_01,z,0.3496439368314625,0.0,0.9830712214245206,1.0,0.545820345045985,True,-0.16120948198257584
outer_train_fit,z|23|0.36|0.05|0.8|1.7,,z|45|0.8|0.6|0.2|0.44,47632591,TP_z21_01,TP_z21_01,z,0.7420472914420315,0.0,1.11107034407233,0.5,0.1555139224337192,False,0.0
outer_train_fit,z|23|0.36|0.05|0.8|1.7,,z|45|0.8|0.6|0.2|0.44,47632621,TP_z18_02,TP_z18_02,z,0.7420472914420315,0.0,1.11107034407233,0.5,0.1555139224337192,False,0.0
outer_train_fit,z|23|0.36|0.05|0.8|1.7,,z|45|0.8|0.6|0.2|0.44,47632624,TP_z18_03,TP_z18_03,z,0.7420472914420315,0.0,1.11107034407233,0.5,0.1555139224337192,False,0.0
outer_train_fit,z|23|0.36|0.05|0.8|1.7,,z|45|0.8|0.6|0.2|0.44,47632630,TP_z18_01,TP_z18_01,z,0.7420472914420315,0.0,1.11107034407233,0.5,0.1555139224337192,False,0.0
outer_train_fit,z|23|0.36|0.05|0.8|1.7,,z|45|0.8|0.6|0.2|0.44,47632636,TP_z21_03,TP_z21_03,z,0.7420472914420315,0.0,1.11107034407233,0.5,0.1555139224337192,False,0.0
outer_train_fit,z|23|0.36|0.05|0.8|1.7,,z|45|0.8|0.6|0.2|0.44,47632639,TP_z21_02,TP_z21_02,z,0.7420472914420315,0.0,1.11107034407233,0.5,0.1555139224337192,False,0.0
outer_train_fit,z|23|0.36|0.05|0.8|1.7,,z|45|0.8|0.6|0.2|0.44,47632666,TP_z24_02,TP_z24_02,z,0.7420472914420315,0.0,1.11107034407233,0.5,0.1555139224337192,False,0.0
outer_train_fit,z|23|0.36|0.05|0.8|1.7,,z|45|0.8|0.6|0.2|0.44,47632669,TP_z22_03,TP_z22_03,z,0.7420472914420315,0.0,1.11107034407233,0.5,0.1555139224337192,False,0.0
outer_train_fit,z|23|0.36|0.05|0.8|1.7,,z|45|0.8|0.6|0.2|0.44,47632747,TP_z24_01,TP_z24_01,z,0.7420472914420315,0.0,1.124929313751542,0.5,0.1531229104579489,False,0.0
outer_train_fit,z|23|0.36|0.05|0.8|1.7,,z|45|0.8|0.6|0.2|0.44,47632786,TP_z24_03,TP_z24_03,z,0.7420472914420315,0.0,1.125425414363924,0.5,0.15303746091998138,False,0.0
outer_train_fit,z|23|0.36|0.05|0.8|1.7,,z|45|0.8|0.6|0.2|0.44,47632795,TP_z22_02,TP_z22_02,z,0.7420472914420315,0.0,1.11107034407233,0.5,0.1555139224337192,False,0.0
outer_train_fit,z|23|0.36|0.05|0.8|1.7,,z|45|0.8|0.6|0.2|0.44,47632798,TP_z22_01,TP_z22_01,z,0.7420472914420315,0.0,1.11107034407233,0.5,0.1555139224337192,False,0.0
outer_train_fit,z|23|0.36|0.05|0.8|1.7,,z|45|0.8|0.6|1|2,47629771,TP_z20_02,TP_z20_02,z,0.6693819531966643,0.0,0.7372229268950524,0.5,0.2434196910370597,True,-1.70561421729418
outer_train_fit,z|23|0.36|0.05|0.8|1.7,,z|45|0.8|0.6|1|2,47629825,TP_z23_01,TP_z23_01,z,0.6693819531966643,0.0,0.7375268799550213,0.5,0.2433651401381667,True,-1.6995884498644516
outer_train_fit,z|23|0.36|0.05|0.8|1.7,,z|45|0.8|0.6|1|2,47629960,TP_z23_02,TP_z23_02,z,0.6693819531966643,0.0,0.7375268799550213,0.5,0.2433651401381667,True,-1.6995884498644516
outer_train_fit,z|23|0.36|0.05|0.8|1.7,,z|45|0.8|0.6|1|2,47630290,TP_z20_03,TP_z20_03,z,0.6693819531966643,0.0,0.7372229268950524,0.5,0.2434196910370597,True,-1.70561421729418
outer_train_fit,z|23|0.36|0.05|0.8|1.7,,z|45|0.8|0.6|1|2,47630314,139,TP_z02_03,z,0.6693819531966643,0.0,0.8628189652321777,0.5,0.2201496661588237,True,-0.6719555984520007
outer_train_fit,z|23|0.36|0.05|0.8|1.7,,z|45|0.8|0.6|1|2,47630320,TP_z20_01,TP_z20_01,z,0.6693819531966643,0.0,0.7375268799550213,0.5,0.2433651401381667,True,-1.6995884498644516
outer_train_fit,z|23|0.36|0.05|0.8|1.7,,z|45|0.8|0.6|1|2,47630323,TP_z23_03,TP_z23_03,z,0.6693819531966643,0.0,0.7346451283169946,0.5,0.2438819183279328,True,-1.7119998284434943
outer_train_fit,z|23|0.36|0.05|0.8|1.7,,z|45|0.8|0.6|1|2,47631133,025,TP_z02_02,z,0.6693819531966643,0.0,0.8608424803305057,0.5,0.22052498765968406,True,-0.6747261546461394
outer_train_fit,z|23|0.36|0.05|0.8|1.7,,z|45|0.8|0.6|1|2,47631268,117,TP_z02_01,z,0.6693819531966643,0.0,0.8420544234480628,0.5,0.22408110744659518,True,-0.6975805755871279
nested_validation,z|23|0.69|0.2|1|0.5,z|23|0.25|0.05|0.4|0.3,z|23|0.25|0.05|0.4|0.3,47632648,INT161,TP_z05_02,z,0.6064468466220085,1.3334872309407895,0.1075405724532581,1.0,0.1162806678060696,False,0.0
nested_validation,z|23|0.69|0.2|1|0.5,z|23|0.25|0.05|0.4|0.3,z|23|0.25|0.05|0.4|0.3,47632660,INT200,TP_z05_03,z,0.6064468466220085,1.3334872309407895,0.1210175864974995,1.0,0.11610171705014125,False,0.0
nested_validation,z|23|0.69|0.2|1|0.5,z|23|0.25|0.05|0.4|0.3,z|23|0.25|0.05|0.4|0.3,47632663,INT073,TP_z05_01,z,0.6064468466220085,1.3334872309407895,0.1544962668535451,1.0,0.11556749804048405,False,0.0
nested_validation,z|23|0.69|0.2|1|0.5,z|23|0.8|0.25|0.2|1.4,z|23|0.8|0.25|0.2|1.4,47632675,INT163,TP_z07_02,z,0.4343319824658965,1.2997704113151656,0.4245437059242428,1.0,0.13971284467497846,False,0.0
nested_validation,z|23|0.69|0.2|1|0.5,z|23|0.8|0.25|0.2|1.4,z|23|0.8|0.25|0.2|1.4,47632744,INT078,TP_z07_03,z,0.4343319824658965,1.2997704113151656,0.4238110787336789,1.0,0.13975626912927294,False,0.0
nested_validation,z|23|0.69|0.2|1|0.5,z|23|0.8|0.25|0.2|1.4,z|23|0.8|0.25|0.2|1.4,47632753,INT065,TP_z07_01,z,0.4343319824658965,1.2997704113151656,0.4240347772004693,1.0,0.13974301654361698,False,0.0
nested_validation,z|23|0.69|0.2|1|0.5,z|23|0.8|0.25|0.2|1.4,z|23|0.8|0.25|0.2|1.4,47632804,TP_z12_01,TP_z12_01,z,0.4343319824658965,1.2997704113151656,0.9442543873185116,1.0,0.09789541470021397,False,0.0
nested_validation,z|23|0.69|0.2|1|0.5,z|23|0.8|0.25|0.2|1.4,z|23|0.8|0.25|0.2|1.4,47632831,TP_z12_02,TP_z12_02,z,0.4343319824658965,1.2997704113151656,0.9337244472045942,1.0,0.09886815691192277,False,0.0
nested_validation,z|23|0.69|0.2|1|0.5,z|23|0.8|0.25|0.2|1.4,z|23|0.8|0.25|0.2|1.4,47632834,TP_z12_03,TP_z12_03,z,0.4343319824658965,1.2997704113151656,0.9533208462311606,1.0,0.09705691586582764,False,0.0
nested_validation,z|23|0.69|0.2|1|0.5,z|45|0.41|0.05|1|1,z|45|0.41|0.05|1|1,47632627,TP_z14_02,TP_z14_02,z,0.3496439368314625,1.3331962892533915,0.8968057387497814,1.0,0.10007919116213226,False,0.0
nested_validation,z|23|0.69|0.2|1|0.5,z|45|0.41|0.05|1|1,z|45|0.41|0.05|1|1,47632645,TP_z14_03,TP_z14_03,z,0.3496439368314625,1.3331962892533915,1.0124651235188196,1.0,0.08961737670067639,False,0.0
nested_validation,z|23|0.69|0.2|1|0.5,z|45|0.41|0.05|1|1,z|45|0.41|0.05|1|1,47632654,TP_z14_01,TP_z14_01,z,0.3496439368314625,1.3331962892533915,0.9830712214245206,1.0,0.09228462373491772,False,0.0
nested_validation,z|23|0.69|0.2|1|0.5,z|45|0.8|0.6|0.2|0.44,z|45|0.8|0.6|0.2|0.44,47632591,TP_z21_01,TP_z21_01,z,0.7420472914420315,1.004987562112089,1.11107034407233,0.5,0.056641122137974245,False,0.0
nested_validation,z|23|0.69|0.2|1|0.5,z|45|0.8|0.6|0.2|0.44,z|45|0.8|0.6|0.2|0.44,47632621,TP_z18_02,TP_z18_02,z,0.7420472914420315,1.004987562112089,1.11107034407233,0.5,0.056641122137974245,False,0.0
nested_validation,z|23|0.69|0.2|1|0.5,z|45|0.8|0.6|0.2|0.44,z|45|0.8|0.6|0.2|0.44,47632624,TP_z18_03,TP_z18_03,z,0.7420472914420315,1.004987562112089,1.11107034407233,0.5,0.056641122137974245,False,0.0
nested_validation,z|23|0.69|0.2|1|0.5,z|45|0.8|0.6|0.2|0.44,z|45|0.8|0.6|0.2|0.44,47632630,TP_z18_01,TP_z18_01,z,0.7420472914420315,1.004987562112089,1.11107034407233,0.5,0.056641122137974245,False,0.0
nested_validation,z|23|0.69|0.2|1|0.5,z|45|0.8|0.6|0.2|0.44,z|45|0.8|0.6|0.2|0.44,47632636,TP_z21_03,TP_z21_03,z,0.7420472914420315,1.004987562112089,1.11107034407233,0.5,0.056641122137974245,False,0.0
nested_validation,z|23|0.69|0.2|1|0.5,z|45|0.8|0.6|0.2|0.44,z|45|0.8|0.6|0.2|0.44,47632639,TP_z21_02,TP_z21_02,z,0.7420472914420315,1.004987562112089,1.11107034407233,0.5,0.056641122137974245,False,0.0
nested_validation,z|23|0.69|0.2|1|0.5,z|45|0.8|0.6|0.2|0.44,z|45|0.8|0.6|0.2|0.44,47632666,TP_z24_02,TP_z24_02,z,0.7420472914420315,1.004987562112089,1.11107034407233,0.5,0.056641122137974245,False,0.0
nested_validation,z|23|0.69|0.2|1|0.5,z|45|0.8|0.6|0.2|0.44,z|45|0.8|0.6|0.2|0.44,47632669,TP_z22_03,TP_z22_03,z,0.7420472914420315,1.004987562112089,1.11107034407233,0.5,0.056641122137974245,False,0.0
nested_validation,z|23|0.69|0.2|1|0.5,z|45|0.8|0.6|0.2|0.44,z|45|0.8|0.6|0.2|0.44,47632747,TP_z24_01,TP_z24_01,z,0.7420472914420315,1.004987562112089,1.124929313751542,0.5,0.055770270196015895,False,0.0
nested_validation,z|23|0.69|0.2|1|0.5,z|45|0.8|0.6|0.2|0.44,z|45|0.8|0.6|0.2|0.44,47632786,TP_z24_03,TP_z24_03,z,0.7420472914420315,1.004987562112089,1.125425414363924,0.5,0.0557391478524925,False,0.0
nested_validation,z|23|0.69|0.2|1|0.5,z|45|0.8|0.6|0.2|0.44,z|45|0.8|0.6|0.2|0.44,47632795,TP_z22_02,TP_z22_02,z,0.7420472914420315,1.004987562112089,1.11107034407233,0.5,0.056641122137974245,False,0.0
nested_validation,z|23|0.69|0.2|1|0.5,z|45|0.8|0.6|0.2|0.44,z|45|0.8|0.6|0.2|0.44,47632798,TP_z22_01,TP_z22_01,z,0.7420472914420315,1.004987562112089,1.11107034407233,0.5,0.056641122137974245,False,0.0
nested_validation,z|23|0.69|0.2|1|0.5,z|45|0.8|0.6|1|0.26,z|45|0.8|0.6|1|0.26,47632252,TP_z15_01,TP_z15_01,z,0.3133353033823015,0.9666666666666667,0.7047696176310009,0.5,0.1388833725684484,False,0.0
nested_validation,z|23|0.69|0.2|1|0.5,z|45|0.8|0.6|1|0.26,z|45|0.8|0.6|1|0.26,47632321,TP_z17_01,TP_z17_01,z,0.3133353033823015,0.9666666666666667,0.7047696176310009,0.5,0.1388833725684484,False,0.0
nested_validation,z|23|0.69|0.2|1|0.5,z|45|0.8|0.6|1|0.26,z|45|0.8|0.6|1|0.26,47632336,TP_z15_03,TP_z15_03,z,0.3133353033823015,0.9666666666666667,0.7059390907631755,0.5,0.13876885588983168,False,0.0
nested_validation,z|23|0.69|0.2|1|0.5,z|45|0.8|0.6|1|0.26,z|45|0.8|0.6|1|0.26,47632339,TP_z15_02,TP_z15_02,z,0.3133353033823015,0.9666666666666667,0.7047696176310009,0.5,0.1388833725684484,False,0.0
nested_validation,z|23|0.69|0.2|1|0.5,z|45|0.8|0.6|1|0.26,z|45|0.8|0.6|1|0.26,47632342,TP_z17_02,TP_z17_02,z,0.3133353033823015,0.9666666666666667,0.7047696176310009,0.5,0.1388833725684484,False,0.0
nested_validation,z|23|0.69|0.2|1|0.5,z|45|0.8|0.6|1|0.26,z|45|0.8|0.6|1|0.26,47632351,TP_z17_03,TP_z17_03,z,0.3133353033823015,0.9666666666666667,0.7047696176310009,0.5,0.1388833725684484,False,0.0
nested_validation,z|23|0.69|0.2|1|0.5,z|45|0.8|0.6|1|2,z|45|0.8|0.6|1|2,47629771,TP_z20_02,TP_z20_02,z,0.6693819531966643,0.9666666666666667,0.7372229268950524,0.5,0.09561623547115643,False,0.0
nested_validation,z|23|0.69|0.2|1|0.5,z|45|0.8|0.6|1|2,z|45|0.8|0.6|1|2,47629825,TP_z23_01,TP_z23_01,z,0.6693819531966643,0.9666666666666667,0.7375268799550213,0.5,0.09559480765826465,False,0.0
nested_validation,z|23|0.69|0.2|1|0.5,z|45|0.8|0.6|1|2,z|45|0.8|0.6|1|2,47629960,TP_z23_02,TP_z23_02,z,0.6693819531966643,0.9666666666666667,0.7375268799550213,0.5,0.09559480765826465,False,0.0
nested_validation,z|23|0.69|0.2|1|0.5,z|45|0.8|0.6|1|2,z|45|0.8|0.6|1|2,47630290,TP_z20_03,TP_z20_03,z,0.6693819531966643,0.9666666666666667,0.7372229268950524,0.5,0.09561623547115643,False,0.0
nested_validation,z|23|0.69|0.2|1|0.5,z|45|0.8|0.6|1|2,z|45|0.8|0.6|1|2,47630314,139,TP_z02_03,z,0.6693819531966643,0.9666666666666667,0.8628189652321777,0.5,0.08647567593508201,False,0.0
nested_validation,z|23|0.69|0.2|1|0.5,z|45|0.8|0.6|1|2,z|45|0.8|0.6|1|2,47630320,TP_z20_01,TP_z20_01,z,0.6693819531966643,0.9666666666666667,0.7375268799550213,0.5,0.09559480765826465,False,0.0
nested_validation,z|23|0.69|0.2|1|0.5,z|45|0.8|0.6|1|2,z|45|0.8|0.6|1|2,47630323,TP_z23_03,TP_z23_03,z,0.6693819531966643,0.9666666666666667,0.7346451283169946,0.5,0.09579780021350336,False,0.0
nested_validation,z|23|0.69|0.2|1|0.5,z|45|0.8|0.6|1|2,z|45|0.8|0.6|1|2,47631133,025,TP_z02_02,z,0.6693819531966643,0.9666666666666667,0.8608424803305057,0.5,0.08662310373293501,False,0.0
nested_validation,z|23|0.69|0.2|1|0.5,z|45|0.8|0.6|1|2,z|45|0.8|0.6|1|2,47631268,117,TP_z02_01,z,0.6693819531966643,0.9666666666666667,0.8420544234480628,0.5,0.08801996191421159,False,0.0
outer_test,z|23|0.69|0.2|1|0.5,,z|23|0.69|0.2|1|0.5,47632750,INT059,TP_z04_01,z,0.6281472457559458,1.1430942493118919,0.6673106758046793,1.0,0.1460384706789609,False,0.0
outer_test,z|23|0.69|0.2|1|0.5,,z|23|0.69|0.2|1|0.5,47632810,INT037,TP_z04_02,z,0.6281472457559458,1.1430942493118919,0.6677168041909525,1.0,0.14599888555904086,False,0.0
outer_test,z|23|0.69|0.2|1|0.5,,z|23|0.69|0.2|1|0.5,47639014,INT027,TP_z04_03,z,0.6281472457559458,1.1430942493118919,0.6670338054970545,1.0,0.14606544942374652,False,0.0
outer_train_fit,z|23|0.69|0.2|1|0.5,,z|23|0.25|0.05|0.4|0.3,47632648,INT161,TP_z05_02,z,0.6064468466220085,0.0,0.1075405724532581,1.0,0.6882795057859648,True,3.808591723791903
outer_train_fit,z|23|0.69|0.2|1|0.5,,z|23|0.25|0.05|0.4|0.3,47632660,INT200,TP_z05_03,z,0.6064468466220085,0.0,0.1210175864974995,1.0,0.6872202743576088,True,3.7975540976372852
outer_train_fit,z|23|0.69|0.2|1|0.5,,z|23|0.25|0.05|0.4|0.3,47632663,INT073,TP_z05_01,z,0.6064468466220085,0.0,0.1544962668535451,1.0,0.6840581666497175,True,3.752842132058285
outer_train_fit,z|23|0.69|0.2|1|0.5,,z|23|0.8|0.25|0.2|1.4,47632675,INT163,TP_z07_02,z,0.4343319824658965,0.0,0.4245437059242428,1.0,0.7567192621715122,True,1.3458373142304572
outer_train_fit,z|23|0.69|0.2|1|0.5,,z|23|0.8|0.25|0.2|1.4,47632744,INT078,TP_z07_03,z,0.4343319824658965,0.0,0.4238110787336789,1.0,0.7569544597375655,True,1.3490598379486152
outer_train_fit,z|23|0.69|0.2|1|0.5,,z|23|0.8|0.25|0.2|1.4,47632753,INT065,TP_z07_01,z,0.4343319824658965,0.0,0.4240347772004693,1.0,0.7568826804615599,True,1.348276615884974
outer_train_fit,z|23|0.69|0.2|1|0.5,,z|23|0.8|0.25|0.2|1.4,47632804,TP_z12_01,TP_z12_01,z,0.4343319824658965,0.0,0.9442543873185116,1.0,0.5302257366117977,True,-0.7737949856866343
outer_train_fit,z|23|0.69|0.2|1|0.5,,z|23|0.8|0.25|0.2|1.4,47632831,TP_z12_02,TP_z12_02,z,0.4343319824658965,0.0,0.9337244472045942,1.0,0.5354943486026262,True,-0.7672342860696386
outer_train_fit,z|23|0.69|0.2|1|0.5,,z|23|0.8|0.25|0.2|1.4,47632834,TP_z12_03,TP_z12_03,z,0.4343319824658965,0.0,0.9533208462311606,1.0,0.5256842198975358,True,-0.7661206960003645
outer_train_fit,z|23|0.69|0.2|1|0.5,,z|45|0.41|0.05|1|1,47632627,TP_z14_02,TP_z14_02,z,0.3496439368314625,0.0,0.8968057387497814,1.0,0.5919215622414634,True,-0.09103590247577288
outer_train_fit,z|23|0.69|0.2|1|0.5,,z|45|0.41|0.05|1|1,47632645,TP_z14_03,TP_z14_03,z,0.3496439368314625,0.0,1.0124651235188196,1.0,0.5300448275477039,True,-0.1869300312950965
outer_train_fit,z|23|0.69|0.2|1|0.5,,z|45|0.41|0.05|1|1,47632654,TP_z14_01,TP_z14_01,z,0.3496439368314625,0.0,0.9830712214245206,1.0,0.545820345045985,True,-0.16120948198257584
outer_train_fit,z|23|0.69|0.2|1|0.5,,z|45|0.8|0.6|0.2|0.44,47632591,TP_z21_01,TP_z21_01,z,0.7420472914420315,0.0,1.11107034407233,0.5,0.1555139224337192,False,0.0
outer_train_fit,z|23|0.69|0.2|1|0.5,,z|45|0.8|0.6|0.2|0.44,47632621,TP_z18_02,TP_z18_02,z,0.7420472914420315,0.0,1.11107034407233,0.5,0.1555139224337192,False,0.0
outer_train_fit,z|23|0.69|0.2|1|0.5,,z|45|0.8|0.6|0.2|0.44,47632624,TP_z18_03,TP_z18_03,z,0.7420472914420315,0.0,1.11107034407233,0.5,0.1555139224337192,False,0.0
outer_train_fit,z|23|0.69|0.2|1|0.5,,z|45|0.8|0.6|0.2|0.44,47632630,TP_z18_01,TP_z18_01,z,0.7420472914420315,0.0,1.11107034407233,0.5,0.1555139224337192,False,0.0
outer_train_fit,z|23|0.69|0.2|1|0.5,,z|45|0.8|0.6|0.2|0.44,47632636,TP_z21_03,TP_z21_03,z,0.7420472914420315,0.0,1.11107034407233,0.5,0.1555139224337192,False,0.0
outer_train_fit,z|23|0.69|0.2|1|0.5,,z|45|0.8|0.6|0.2|0.44,47632639,TP_z21_02,TP_z21_02,z,0.7420472914420315,0.0,1.11107034407233,0.5,0.1555139224337192,False,0.0
outer_train_fit,z|23|0.69|0.2|1|0.5,,z|45|0.8|0.6|0.2|0.44,47632666,TP_z24_02,TP_z24_02,z,0.7420472914420315,0.0,1.11107034407233,0.5,0.1555139224337192,False,0.0
outer_train_fit,z|23|0.69|0.2|1|0.5,,z|45|0.8|0.6|0.2|0.44,47632669,TP_z22_03,TP_z22_03,z,0.7420472914420315,0.0,1.11107034407233,0.5,0.1555139224337192,False,0.0
outer_train_fit,z|23|0.69|0.2|1|0.5,,z|45|0.8|0.6|0.2|0.44,47632747,TP_z24_01,TP_z24_01,z,0.7420472914420315,0.0,1.124929313751542,0.5,0.1531229104579489,False,0.0
outer_train_fit,z|23|0.69|0.2|1|0.5,,z|45|0.8|0.6|0.2|0.44,47632786,TP_z24_03,TP_z24_03,z,0.7420472914420315,0.0,1.125425414363924,0.5,0.15303746091998138,False,0.0
outer_train_fit,z|23|0.69|0.2|1|0.5,,z|45|0.8|0.6|0.2|0.44,47632795,TP_z22_02,TP_z22_02,z,0.7420472914420315,0.0,1.11107034407233,0.5,0.1555139224337192,False,0.0
outer_train_fit,z|23|0.69|0.2|1|0.5,,z|45|0.8|0.6|0.2|0.44,47632798,TP_z22_01,TP_z22_01,z,0.7420472914420315,0.0,1.11107034407233,0.5,0.1555139224337192,False,0.0
outer_train_fit,z|23|0.69|0.2|1|0.5,,z|45|0.8|0.6|1|0.26,47632252,TP_z15_01,TP_z15_01,z,0.3133353033823015,0.0,0.7047696176310009,0.5,0.35356911380384515,True,-2.4931255746177077
outer_train_fit,z|23|0.69|0.2|1|0.5,,z|45|0.8|0.6|1|0.26,47632321,TP_z17_01,TP_z17_01,z,0.3133353033823015,0.0,0.7047696176310009,0.5,0.35356911380384515,True,-2.4931255746177077
outer_train_fit,z|23|0.69|0.2|1|0.5,,z|45|0.8|0.6|1|0.26,47632336,TP_z15_03,TP_z15_03,z,0.3133353033823015,0.0,0.7059390907631755,0.5,0.35327757738861076,True,-2.494338872701239
outer_train_fit,z|23|0.69|0.2|1|0.5,,z|45|0.8|0.6|1|0.26,47632339,TP_z15_02,TP_z15_02,z,0.3133353033823015,0.0,0.7047696176310009,0.5,0.35356911380384515,True,-2.4931255746177077
outer_train_fit,z|23|0.69|0.2|1|0.5,,z|45|0.8|0.6|1|0.26,47632342,TP_z17_02,TP_z17_02,z,0.3133353033823015,0.0,0.7047696176310009,0.5,0.35356911380384515,True,-2.4931255746177077
outer_train_fit,z|23|0.69|0.2|1|0.5,,z|45|0.8|0.6|1|0.26,47632351,TP_z17_03,TP_z17_03,z,0.3133353033823015,0.0,0.7047696176310009,0.5,0.35356911380384515,True,-2.4931255746177077
outer_train_fit,z|23|0.69|0.2|1|0.5,,z|45|0.8|0.6|1|2,47629771,TP_z20_02,TP_z20_02,z,0.6693819531966643,0.0,0.7372229268950524,0.5,0.2434196910370597,True,-1.70561421729418
outer_train_fit,z|23|0.69|0.2|1|0.5,,z|45|0.8|0.6|1|2,47629825,TP_z23_01,TP_z23_01,z,0.6693819531966643,0.0,0.7375268799550213,0.5,0.2433651401381667,True,-1.6995884498644516
outer_train_fit,z|23|0.69|0.2|1|0.5,,z|45|0.8|0.6|1|2,47629960,TP_z23_02,TP_z23_02,z,0.6693819531966643,0.0,0.7375268799550213,0.5,0.2433651401381667,True,-1.6995884498644516
outer_train_fit,z|23|0.69|0.2|1|0.5,,z|45|0.8|0.6|1|2,47630290,TP_z20_03,TP_z20_03,z,0.6693819531966643,0.0,0.7372229268950524,0.5,0.2434196910370597,True,-1.70561421729418
outer_train_fit,z|23|0.69|0.2|1|0.5,,z|45|0.8|0.6|1|2,47630314,139,TP_z02_03,z,0.6693819531966643,0.0,0.8628189652321777,0.5,0.2201496661588237,True,-0.6719555984520007
outer_train_fit,z|23|0.69|0.2|1|0.5,,z|45|0.8|0.6|1|2,47630320,TP_z20_01,TP_z20_01,z,0.6693819531966643,0.0,0.7375268799550213,0.5,0.2433651401381667,True,-1.6995884498644516
outer_train_fit,z|23|0.69|0.2|1|0.5,,z|45|0.8|0.6|1|2,47630323,TP_z23_03,TP_z23_03,z,0.6693819531966643,0.0,0.7346451283169946,0.5,0.2438819183279328,True,-1.7119998284434943
outer_train_fit,z|23|0.69|0.2|1|0.5,,z|45|0.8|0.6|1|2,47631133,025,TP_z02_02,z,0.6693819531966643,0.0,0.8608424803305057,0.5,0.22052498765968406,True,-0.6747261546461394
outer_train_fit,z|23|0.69|0.2|1|0.5,,z|45|0.8|0.6|1|2,47631268,117,TP_z02_01,z,0.6693819531966643,0.0,0.8420544234480628,0.5,0.22408110744659518,True,-0.6975805755871279
nested_validation,z|23|0.8|0.25|0.2|1.4,z|23|0.25|0.05|0.4|0.3,z|23|0.25|0.05|0.4|0.3,47632648,INT161,TP_z05_02,z,0.6064468466220085,1.1931579293210106,0.1075405724532581,1.0,0.16576467623344174,False,0.0
nested_validation,z|23|0.8|0.25|0.2|1.4,z|23|0.25|0.05|0.4|0.3,z|23|0.25|0.05|0.4|0.3,47632660,INT200,TP_z05_03,z,0.6064468466220085,1.1931579293210106,0.1210175864974995,1.0,0.16550957179795925,False,0.0
nested_validation,z|23|0.8|0.25|0.2|1.4,z|23|0.25|0.05|0.4|0.3,z|23|0.25|0.05|0.4|0.3,47632663,INT073,TP_z05_01,z,0.6064468466220085,1.1931579293210106,0.1544962668535451,1.0,0.16474801235007866,False,0.0
nested_validation,z|23|0.8|0.25|0.2|1.4,z|23|0.69|0.2|1|0.5,z|23|0.69|0.2|1|0.5,47632750,INT059,TP_z04_01,z,0.6281472457559458,1.1931579293210106,0.6673106758046793,1.0,0.1299186783169132,False,0.0
nested_validation,z|23|0.8|0.25|0.2|1.4,z|23|0.69|0.2|1|0.5,z|23|0.69|0.2|1|0.5,47632810,INT037,TP_z04_02,z,0.6281472457559458,1.1931579293210106,0.6677168041909525,1.0,0.12988346262041134,False,0.0
nested_validation,z|23|0.8|0.25|0.2|1.4,z|23|0.69|0.2|1|0.5,z|23|0.69|0.2|1|0.5,47639014,INT027,TP_z04_03,z,0.6281472457559458,1.1931579293210106,0.6670338054970545,1.0,0.12994267913566254,False,0.0
nested_validation,z|23|0.8|0.25|0.2|1.4,z|45|0.41|0.05|1|1,z|45|0.41|0.05|1|1,47632627,TP_z14_02,TP_z14_02,z,0.3496439368314625,1.210429948041776,0.8968057387497814,1.0,0.13676080770753946,False,0.0
nested_validation,z|23|0.8|0.25|0.2|1.4,z|45|0.41|0.05|1|1,z|45|0.41|0.05|1|1,47632645,TP_z14_03,TP_z14_03,z,0.3496439368314625,1.210429948041776,1.0124651235188196,1.0,0.12246446718738853,False,0.0
nested_validation,z|23|0.8|0.25|0.2|1.4,z|45|0.41|0.05|1|1,z|45|0.41|0.05|1|1,47632654,TP_z14_01,TP_z14_01,z,0.3496439368314625,1.210429948041776,0.9830712214245206,1.0,0.1261093293662548,False,0.0
nested_validation,z|23|0.8|0.25|0.2|1.4,z|45|0.8|0.6|0.2|0.44,z|45|0.8|0.6|0.2|0.44,47632591,TP_z21_01,TP_z21_01,z,0.7420472914420315,1.004987562112089,1.11107034407233,0.5,0.056641122137974245,False,0.0
nested_validation,z|23|0.8|0.25|0.2|1.4,z|45|0.8|0.6|0.2|0.44,z|45|0.8|0.6|0.2|0.44,47632621,TP_z18_02,TP_z18_02,z,0.7420472914420315,1.004987562112089,1.11107034407233,0.5,0.056641122137974245,False,0.0
nested_validation,z|23|0.8|0.25|0.2|1.4,z|45|0.8|0.6|0.2|0.44,z|45|0.8|0.6|0.2|0.44,47632624,TP_z18_03,TP_z18_03,z,0.7420472914420315,1.004987562112089,1.11107034407233,0.5,0.056641122137974245,False,0.0
nested_validation,z|23|0.8|0.25|0.2|1.4,z|45|0.8|0.6|0.2|0.44,z|45|0.8|0.6|0.2|0.44,47632630,TP_z18_01,TP_z18_01,z,0.7420472914420315,1.004987562112089,1.11107034407233,0.5,0.056641122137974245,False,0.0
nested_validation,z|23|0.8|0.25|0.2|1.4,z|45|0.8|0.6|0.2|0.44,z|45|0.8|0.6|0.2|0.44,47632636,TP_z21_03,TP_z21_03,z,0.7420472914420315,1.004987562112089,1.11107034407233,0.5,0.056641122137974245,False,0.0
nested_validation,z|23|0.8|0.25|0.2|1.4,z|45|0.8|0.6|0.2|0.44,z|45|0.8|0.6|0.2|0.44,47632639,TP_z21_02,TP_z21_02,z,0.7420472914420315,1.004987562112089,1.11107034407233,0.5,0.056641122137974245,False,0.0
nested_validation,z|23|0.8|0.25|0.2|1.4,z|45|0.8|0.6|0.2|0.44,z|45|0.8|0.6|0.2|0.44,47632666,TP_z24_02,TP_z24_02,z,0.7420472914420315,1.004987562112089,1.11107034407233,0.5,0.056641122137974245,False,0.0
nested_validation,z|23|0.8|0.25|0.2|1.4,z|45|0.8|0.6|0.2|0.44,z|45|0.8|0.6|0.2|0.44,47632669,TP_z22_03,TP_z22_03,z,0.7420472914420315,1.004987562112089,1.11107034407233,0.5,0.056641122137974245,False,0.0
nested_validation,z|23|0.8|0.25|0.2|1.4,z|45|0.8|0.6|0.2|0.44,z|45|0.8|0.6|0.2|0.44,47632747,TP_z24_01,TP_z24_01,z,0.7420472914420315,1.004987562112089,1.124929313751542,0.5,0.055770270196015895,False,0.0
nested_validation,z|23|0.8|0.25|0.2|1.4,z|45|0.8|0.6|0.2|0.44,z|45|0.8|0.6|0.2|0.44,47632786,TP_z24_03,TP_z24_03,z,0.7420472914420315,1.004987562112089,1.125425414363924,0.5,0.0557391478524925,False,0.0
nested_validation,z|23|0.8|0.25|0.2|1.4,z|45|0.8|0.6|0.2|0.44,z|45|0.8|0.6|0.2|0.44,47632795,TP_z22_02,TP_z22_02,z,0.7420472914420315,1.004987562112089,1.11107034407233,0.5,0.056641122137974245,False,0.0
nested_validation,z|23|0.8|0.25|0.2|1.4,z|45|0.8|0.6|0.2|0.44,z|45|0.8|0.6|0.2|0.44,47632798,TP_z22_01,TP_z22_01,z,0.7420472914420315,1.004987562112089,1.11107034407233,0.5,0.056641122137974245,False,0.0
nested_validation,z|23|0.8|0.25|0.2|1.4,z|45|0.8|0.6|1|0.26,z|45|0.8|0.6|1|0.26,47632252,TP_z15_01,TP_z15_01,z,0.3133353033823015,0.9666666666666667,0.7047696176310009,0.5,0.1388833725684484,False,0.0
nested_validation,z|23|0.8|0.25|0.2|1.4,z|45|0.8|0.6|1|0.26,z|45|0.8|0.6|1|0.26,47632321,TP_z17_01,TP_z17_01,z,0.3133353033823015,0.9666666666666667,0.7047696176310009,0.5,0.1388833725684484,False,0.0
nested_validation,z|23|0.8|0.25|0.2|1.4,z|45|0.8|0.6|1|0.26,z|45|0.8|0.6|1|0.26,47632336,TP_z15_03,TP_z15_03,z,0.3133353033823015,0.9666666666666667,0.7059390907631755,0.5,0.13876885588983168,False,0.0
nested_validation,z|23|0.8|0.25|0.2|1.4,z|45|0.8|0.6|1|0.26,z|45|0.8|0.6|1|0.26,47632339,TP_z15_02,TP_z15_02,z,0.3133353033823015,0.9666666666666667,0.7047696176310009,0.5,0.1388833725684484,False,0.0
nested_validation,z|23|0.8|0.25|0.2|1.4,z|45|0.8|0.6|1|0.26,z|45|0.8|0.6|1|0.26,47632342,TP_z17_02,TP_z17_02,z,0.3133353033823015,0.9666666666666667,0.7047696176310009,0.5,0.1388833725684484,False,0.0
nested_validation,z|23|0.8|0.25|0.2|1.4,z|45|0.8|0.6|1|0.26,z|45|0.8|0.6|1|0.26,47632351,TP_z17_03,TP_z17_03,z,0.3133353033823015,0.9666666666666667,0.7047696176310009,0.5,0.1388833725684484,False,0.0
nested_validation,z|23|0.8|0.25|0.2|1.4,z|45|0.8|0.6|1|2,z|45|0.8|0.6|1|2,47629771,TP_z20_02,TP_z20_02,z,0.6693819531966643,0.9666666666666667,0.7372229268950524,0.5,0.09561623547115643,False,0.0
nested_validation,z|23|0.8|0.25|0.2|1.4,z|45|0.8|0.6|1|2,z|45|0.8|0.6|1|2,47629825,TP_z23_01,TP_z23_01,z,0.6693819531966643,0.9666666666666667,0.7375268799550213,0.5,0.09559480765826465,False,0.0
nested_validation,z|23|0.8|0.25|0.2|1.4,z|45|0.8|0.6|1|2,z|45|0.8|0.6|1|2,47629960,TP_z23_02,TP_z23_02,z,0.6693819531966643,0.9666666666666667,0.7375268799550213,0.5,0.09559480765826465,False,0.0
nested_validation,z|23|0.8|0.25|0.2|1.4,z|45|0.8|0.6|1|2,z|45|0.8|0.6|1|2,47630290,TP_z20_03,TP_z20_03,z,0.6693819531966643,0.9666666666666667,0.7372229268950524,0.5,0.09561623547115643,False,0.0
nested_validation,z|23|0.8|0.25|0.2|1.4,z|45|0.8|0.6|1|2,z|45|0.8|0.6|1|2,47630314,139,TP_z02_03,z,0.6693819531966643,0.9666666666666667,0.8628189652321777,0.5,0.08647567593508201,False,0.0
nested_validation,z|23|0.8|0.25|0.2|1.4,z|45|0.8|0.6|1|2,z|45|0.8|0.6|1|2,47630320,TP_z20_01,TP_z20_01,z,0.6693819531966643,0.9666666666666667,0.7375268799550213,0.5,0.09559480765826465,False,0.0
nested_validation,z|23|0.8|0.25|0.2|1.4,z|45|0.8|0.6|1|2,z|45|0.8|0.6|1|2,47630323,TP_z23_03,TP_z23_03,z,0.6693819531966643,0.9666666666666667,0.7346451283169946,0.5,0.09579780021350336,False,0.0
nested_validation,z|23|0.8|0.25|0.2|1.4,z|45|0.8|0.6|1|2,z|45|0.8|0.6|1|2,47631133,025,TP_z02_02,z,0.6693819531966643,0.9666666666666667,0.8608424803305057,0.5,0.08662310373293501,False,0.0
nested_validation,z|23|0.8|0.25|0.2|1.4,z|45|0.8|0.6|1|2,z|45|0.8|0.6|1|2,47631268,117,TP_z02_01,z,0.6693819531966643,0.9666666666666667,0.8420544234480628,0.5,0.08801996191421159,False,0.0
outer_test,z|23|0.8|0.25|0.2|1.4,,z|23|0.8|0.25|0.2|1.4,47632675,INT163,TP_z07_02,z,0.4343319824658965,1.1430942493118919,0.4245437059242428,1.0,0.20486021449900682,True,0.3643471689657197
outer_test,z|23|0.8|0.25|0.2|1.4,,z|23|0.8|0.25|0.2|1.4,47632744,INT078,TP_z07_03,z,0.4343319824658965,1.1430942493118919,0.4238110787336789,1.0,0.20492388754955537,True,0.3652195755940848
outer_test,z|23|0.8|0.25|0.2|1.4,,z|23|0.8|0.25|0.2|1.4,47632753,INT065,TP_z07_01,z,0.4343319824658965,1.1430942493118919,0.4240347772004693,1.0,0.20490445535241944,True,0.36500754049998996
outer_test,z|23|0.8|0.25|0.2|1.4,,z|23|0.8|0.25|0.2|1.4,47632804,TP_z12_01,TP_z12_01,z,0.4343319824658965,1.1430942493118919,0.9442543873185116,1.0,0.14354353531781422,False,0.0
outer_test,z|23|0.8|0.25|0.2|1.4,,z|23|0.8|0.25|0.2|1.4,47632831,TP_z12_02,TP_z12_02,z,0.4343319824658965,1.1430942493118919,0.9337244472045942,1.0,0.14496986214271343,False,0.0
outer_test,z|23|0.8|0.25|0.2|1.4,,z|23|0.8|0.25|0.2|1.4,47632834,TP_z12_03,TP_z12_03,z,0.4343319824658965,1.1430942493118919,0.9533208462311606,1.0,0.1423140488559992,False,0.0
outer_train_fit,z|23|0.8|0.25|0.2|1.4,,z|23|0.25|0.05|0.4|0.3,47632648,INT161,TP_z05_02,z,0.6064468466220085,0.0,0.1075405724532581,1.0,0.6882795057859648,True,3.808591723791903
outer_train_fit,z|23|0.8|0.25|0.2|1.4,,z|23|0.25|0.05|0.4|0.3,47632660,INT200,TP_z05_03,z,0.6064468466220085,0.0,0.1210175864974995,1.0,0.6872202743576088,True,3.7975540976372852
outer_train_fit,z|23|0.8|0.25|0.2|1.4,,z|23|0.25|0.05|0.4|0.3,47632663,INT073,TP_z05_01,z,0.6064468466220085,0.0,0.1544962668535451,1.0,0.6840581666497175,True,3.752842132058285
outer_train_fit,z|23|0.8|0.25|0.2|1.4,,z|23|0.69|0.2|1|0.5,47632750,INT059,TP_z04_01,z,0.6281472457559458,0.0,0.6673106758046793,1.0,0.5394416092509513,True,0.41944810048717984
outer_train_fit,z|23|0.8|0.25|0.2|1.4,,z|23|0.69|0.2|1|0.5,47632810,INT037,TP_z04_02,z,0.6281472457559458,0.0,0.6677168041909525,1.0,0.5392953884593149,True,0.413131000867733
outer_train_fit,z|23|0.8|0.25|0.2|1.4,,z|23|0.69|0.2|1|0.5,47639014,INT027,TP_z04_03,z,0.6281472457559458,0.0,0.6670338054970545,1.0,0.5395412642078614,True,0.4188553796891378
outer_train_fit,z|23|0.8|0.25|0.2|1.4,,z|45|0.41|0.05|1|1,47632627,TP_z14_02,TP_z14_02,z,0.3496439368314625,0.0,0.8968057387497814,1.0,0.5919215622414634,True,-0.09103590247577288
outer_train_fit,z|23|0.8|0.25|0.2|1.4,,z|45|0.41|0.05|1|1,47632645,TP_z14_03,TP_z14_03,z,0.3496439368314625,0.0,1.0124651235188196,1.0,0.5300448275477039,True,-0.1869300312950965
outer_train_fit,z|23|0.8|0.25|0.2|1.4,,z|45|0.41|0.05|1|1,47632654,TP_z14_01,TP_z14_01,z,0.3496439368314625,0.0,0.9830712214245206,1.0,0.545820345045985,True,-0.16120948198257584
outer_train_fit,z|23|0.8|0.25|0.2|1.4,,z|45|0.8|0.6|0.2|0.44,47632591,TP_z21_01,TP_z21_01,z,0.7420472914420315,0.0,1.11107034407233,0.5,0.1555139224337192,False,0.0
outer_train_fit,z|23|0.8|0.25|0.2|1.4,,z|45|0.8|0.6|0.2|0.44,47632621,TP_z18_02,TP_z18_02,z,0.7420472914420315,0.0,1.11107034407233,0.5,0.1555139224337192,False,0.0
outer_train_fit,z|23|0.8|0.25|0.2|1.4,,z|45|0.8|0.6|0.2|0.44,47632624,TP_z18_03,TP_z18_03,z,0.7420472914420315,0.0,1.11107034407233,0.5,0.1555139224337192,False,0.0
outer_train_fit,z|23|0.8|0.25|0.2|1.4,,z|45|0.8|0.6|0.2|0.44,47632630,TP_z18_01,TP_z18_01,z,0.7420472914420315,0.0,1.11107034407233,0.5,0.1555139224337192,False,0.0
outer_train_fit,z|23|0.8|0.25|0.2|1.4,,z|45|0.8|0.6|0.2|0.44,47632636,TP_z21_03,TP_z21_03,z,0.7420472914420315,0.0,1.11107034407233,0.5,0.1555139224337192,False,0.0
outer_train_fit,z|23|0.8|0.25|0.2|1.4,,z|45|0.8|0.6|0.2|0.44,47632639,TP_z21_02,TP_z21_02,z,0.7420472914420315,0.0,1.11107034407233,0.5,0.1555139224337192,False,0.0
outer_train_fit,z|23|0.8|0.25|0.2|1.4,,z|45|0.8|0.6|0.2|0.44,47632666,TP_z24_02,TP_z24_02,z,0.7420472914420315,0.0,1.11107034407233,0.5,0.1555139224337192,False,0.0
outer_train_fit,z|23|0.8|0.25|0.2|1.4,,z|45|0.8|0.6|0.2|0.44,47632669,TP_z22_03,TP_z22_03,z,0.7420472914420315,0.0,1.11107034407233,0.5,0.1555139224337192,False,0.0
outer_train_fit,z|23|0.8|0.25|0.2|1.4,,z|45|0.8|0.6|0.2|0.44,47632747,TP_z24_01,TP_z24_01,z,0.7420472914420315,0.0,1.124929313751542,0.5,0.1531229104579489,False,0.0
outer_train_fit,z|23|0.8|0.25|0.2|1.4,,z|45|0.8|0.6|0.2|0.44,47632786,TP_z24_03,TP_z24_03,z,0.7420472914420315,0.0,1.125425414363924,0.5,0.15303746091998138,False,0.0
outer_train_fit,z|23|0.8|0.25|0.2|1.4,,z|45|0.8|0.6|0.2|0.44,47632795,TP_z22_02,TP_z22_02,z,0.7420472914420315,0.0,1.11107034407233,0.5,0.1555139224337192,False,0.0
outer_train_fit,z|23|0.8|0.25|0.2|1.4,,z|45|0.8|0.6|0.2|0.44,47632798,TP_z22_01,TP_z22_01,z,0.7420472914420315,0.0,1.11107034407233,0.5,0.1555139224337192,False,0.0
outer_train_fit,z|23|0.8|0.25|0.2|1.4,,z|45|0.8|0.6|1|0.26,47632252,TP_z15_01,TP_z15_01,z,0.3133353033823015,0.0,0.7047696176310009,0.5,0.35356911380384515,True,-2.4931255746177077
outer_train_fit,z|23|0.8|0.25|0.2|1.4,,z|45|0.8|0.6|1|0.26,47632321,TP_z17_01,TP_z17_01,z,0.3133353033823015,0.0,0.7047696176310009,0.5,0.35356911380384515,True,-2.4931255746177077
outer_train_fit,z|23|0.8|0.25|0.2|1.4,,z|45|0.8|0.6|1|0.26,47632336,TP_z15_03,TP_z15_03,z,0.3133353033823015,0.0,0.7059390907631755,0.5,0.35327757738861076,True,-2.494338872701239
outer_train_fit,z|23|0.8|0.25|0.2|1.4,,z|45|0.8|0.6|1|0.26,47632339,TP_z15_02,TP_z15_02,z,0.3133353033823015,0.0,0.7047696176310009,0.5,0.35356911380384515,True,-2.4931255746177077
outer_train_fit,z|23|0.8|0.25|0.2|1.4,,z|45|0.8|0.6|1|0.26,47632342,TP_z17_02,TP_z17_02,z,0.3133353033823015,0.0,0.7047696176310009,0.5,0.35356911380384515,True,-2.4931255746177077
outer_train_fit,z|23|0.8|0.25|0.2|1.4,,z|45|0.8|0.6|1|0.26,47632351,TP_z17_03,TP_z17_03,z,0.3133353033823015,0.0,0.7047696176310009,0.5,0.35356911380384515,True,-2.4931255746177077
outer_train_fit,z|23|0.8|0.25|0.2|1.4,,z|45|0.8|0.6|1|2,47629771,TP_z20_02,TP_z20_02,z,0.6693819531966643,0.0,0.7372229268950524,0.5,0.2434196910370597,True,-1.70561421729418
outer_train_fit,z|23|0.8|0.25|0.2|1.4,,z|45|0.8|0.6|1|2,47629825,TP_z23_01,TP_z23_01,z,0.6693819531966643,0.0,0.7375268799550213,0.5,0.2433651401381667,True,-1.6995884498644516
outer_train_fit,z|23|0.8|0.25|0.2|1.4,,z|45|0.8|0.6|1|2,47629960,TP_z23_02,TP_z23_02,z,0.6693819531966643,0.0,0.7375268799550213,0.5,0.2433651401381667,True,-1.6995884498644516
outer_train_fit,z|23|0.8|0.25|0.2|1.4,,z|45|0.8|0.6|1|2,47630290,TP_z20_03,TP_z20_03,z,0.6693819531966643,0.0,0.7372229268950524,0.5,0.2434196910370597,True,-1.70561421729418
outer_train_fit,z|23|0.8|0.25|0.2|1.4,,z|45|0.8|0.6|1|2,47630314,139,TP_z02_03,z,0.6693819531966643,0.0,0.8628189652321777,0.5,0.2201496661588237,True,-0.6719555984520007
outer_train_fit,z|23|0.8|0.25|0.2|1.4,,z|45|0.8|0.6|1|2,47630320,TP_z20_01,TP_z20_01,z,0.6693819531966643,0.0,0.7375268799550213,0.5,0.2433651401381667,True,-1.6995884498644516
outer_train_fit,z|23|0.8|0.25|0.2|1.4,,z|45|0.8|0.6|1|2,47630323,TP_z23_03,TP_z23_03,z,0.6693819531966643,0.0,0.7346451283169946,0.5,0.2438819183279328,True,-1.7119998284434943
outer_train_fit,z|23|0.8|0.25|0.2|1.4,,z|45|0.8|0.6|1|2,47631133,025,TP_z02_02,z,0.6693819531966643,0.0,0.8608424803305057,0.5,0.22052498765968406,True,-0.6747261546461394
outer_train_fit,z|23|0.8|0.25|0.2|1.4,,z|45|0.8|0.6|1|2,47631268,117,TP_z02_01,z,0.6693819531966643,0.0,0.8420544234480628,0.5,0.22408110744659518,True,-0.6975805755871279
nested_validation,z|35|0.63|0.4|0.5|0.2,z|23|0.25|0.05|0.4|0.3,z|23|0.25|0.05|0.4|0.3,47632648,INT161,TP_z05_02,z,0.6064468466220085,1.1931579293210106,0.1075405724532581,1.0,0.16576467623344174,False,0.0
nested_validation,z|35|0.63|0.4|0.5|0.2,z|23|0.25|0.05|0.4|0.3,z|23|0.25|0.05|0.4|0.3,47632660,INT200,TP_z05_03,z,0.6064468466220085,1.1931579293210106,0.1210175864974995,1.0,0.16550957179795925,False,0.0
nested_validation,z|35|0.63|0.4|0.5|0.2,z|23|0.25|0.05|0.4|0.3,z|23|0.25|0.05|0.4|0.3,47632663,INT073,TP_z05_01,z,0.6064468466220085,1.1931579293210106,0.1544962668535451,1.0,0.16474801235007866,False,0.0
nested_validation,z|35|0.63|0.4|0.5|0.2,z|23|0.69|0.2|1|0.5,z|23|0.69|0.2|1|0.5,47632750,INT059,TP_z04_01,z,0.6281472457559458,1.1430942493118919,0.6673106758046793,1.0,0.1460384706789609,False,0.0
nested_validation,z|35|0.63|0.4|0.5|0.2,z|23|0.69|0.2|1|0.5,z|23|0.69|0.2|1|0.5,47632810,INT037,TP_z04_02,z,0.6281472457559458,1.1430942493118919,0.6677168041909525,1.0,0.14599888555904086,False,0.0
nested_validation,z|35|0.63|0.4|0.5|0.2,z|23|0.69|0.2|1|0.5,z|23|0.69|0.2|1|0.5,47639014,INT027,TP_z04_03,z,0.6281472457559458,1.1430942493118919,0.6670338054970545,1.0,0.14606544942374652,False,0.0
nested_validation,z|35|0.63|0.4|0.5|0.2,z|23|0.8|0.25|0.2|1.4,z|23|0.8|0.25|0.2|1.4,47632675,INT163,TP_z07_02,z,0.4343319824658965,1.1430942493118919,0.4245437059242428,1.0,0.20486021449900682,True,0.3643471689657197
nested_validation,z|35|0.63|0.4|0.5|0.2,z|23|0.8|0.25|0.2|1.4,z|23|0.8|0.25|0.2|1.4,47632744,INT078,TP_z07_03,z,0.4343319824658965,1.1430942493118919,0.4238110787336789,1.0,0.20492388754955537,True,0.3652195755940848
nested_validation,z|35|0.63|0.4|0.5|0.2,z|23|0.8|0.25|0.2|1.4,z|23|0.8|0.25|0.2|1.4,47632753,INT065,TP_z07_01,z,0.4343319824658965,1.1430942493118919,0.4240347772004693,1.0,0.20490445535241944,True,0.36500754049998996
nested_validation,z|35|0.63|0.4|0.5|0.2,z|23|0.8|0.25|0.2|1.4,z|23|0.8|0.25|0.2|1.4,47632804,TP_z12_01,TP_z12_01,z,0.4343319824658965,1.1430942493118919,0.9442543873185116,1.0,0.14354353531781422,False,0.0
nested_validation,z|35|0.63|0.4|0.5|0.2,z|23|0.8|0.25|0.2|1.4,z|23|0.8|0.25|0.2|1.4,47632831,TP_z12_02,TP_z12_02,z,0.4343319824658965,1.1430942493118919,0.9337244472045942,1.0,0.14496986214271343,False,0.0
nested_validation,z|35|0.63|0.4|0.5|0.2,z|23|0.8|0.25|0.2|1.4,z|23|0.8|0.25|0.2|1.4,47632834,TP_z12_03,TP_z12_03,z,0.4343319824658965,1.1430942493118919,0.9533208462311606,1.0,0.1423140488559992,False,0.0
nested_validation,z|35|0.63|0.4|0.5|0.2,z|45|0.41|0.05|1|1,z|45|0.41|0.05|1|1,47632627,TP_z14_02,TP_z14_02,z,0.3496439368314625,1.210429948041776,0.8968057387497814,1.0,0.13676080770753946,False,0.0
nested_validation,z|35|0.63|0.4|0.5|0.2,z|45|0.41|0.05|1|1,z|45|0.41|0.05|1|1,47632645,TP_z14_03,TP_z14_03,z,0.3496439368314625,1.210429948041776,1.0124651235188196,1.0,0.12246446718738853,False,0.0
nested_validation,z|35|0.63|0.4|0.5|0.2,z|45|0.41|0.05|1|1,z|45|0.41|0.05|1|1,47632654,TP_z14_01,TP_z14_01,z,0.3496439368314625,1.210429948041776,0.9830712214245206,1.0,0.1261093293662548,False,0.0
nested_validation,z|35|0.63|0.4|0.5|0.2,z|45|0.8|0.6|0.2|0.44,z|45|0.8|0.6|0.2|0.44,47632591,TP_z21_01,TP_z21_01,z,0.7420472914420315,1.2997704113151656,1.11107034407233,0.5,0.02871248767664423,False,0.0
nested_validation,z|35|0.63|0.4|0.5|0.2,z|45|0.8|0.6|0.2|0.44,z|45|0.8|0.6|0.2|0.44,47632621,TP_z18_02,TP_z18_02,z,0.7420472914420315,1.2997704113151656,1.11107034407233,0.5,0.02871248767664423,False,0.0
nested_validation,z|35|0.63|0.4|0.5|0.2,z|45|0.8|0.6|0.2|0.44,z|45|0.8|0.6|0.2|0.44,47632624,TP_z18_03,TP_z18_03,z,0.7420472914420315,1.2997704113151656,1.11107034407233,0.5,0.02871248767664423,False,0.0
nested_validation,z|35|0.63|0.4|0.5|0.2,z|45|0.8|0.6|0.2|0.44,z|45|0.8|0.6|0.2|0.44,47632630,TP_z18_01,TP_z18_01,z,0.7420472914420315,1.2997704113151656,1.11107034407233,0.5,0.02871248767664423,False,0.0
nested_validation,z|35|0.63|0.4|0.5|0.2,z|45|0.8|0.6|0.2|0.44,z|45|0.8|0.6|0.2|0.44,47632636,TP_z21_03,TP_z21_03,z,0.7420472914420315,1.2997704113151656,1.11107034407233,0.5,0.02871248767664423,False,0.0
nested_validation,z|35|0.63|0.4|0.5|0.2,z|45|0.8|0.6|0.2|0.44,z|45|0.8|0.6|0.2|0.44,47632639,TP_z21_02,TP_z21_02,z,0.7420472914420315,1.2997704113151656,1.11107034407233,0.5,0.02871248767664423,False,0.0
nested_validation,z|35|0.63|0.4|0.5|0.2,z|45|0.8|0.6|0.2|0.44,z|45|0.8|0.6|0.2|0.44,47632666,TP_z24_02,TP_z24_02,z,0.7420472914420315,1.2997704113151656,1.11107034407233,0.5,0.02871248767664423,False,0.0
nested_validation,z|35|0.63|0.4|0.5|0.2,z|45|0.8|0.6|0.2|0.44,z|45|0.8|0.6|0.2|0.44,47632669,TP_z22_03,TP_z22_03,z,0.7420472914420315,1.2997704113151656,1.11107034407233,0.5,0.02871248767664423,False,0.0
nested_validation,z|35|0.63|0.4|0.5|0.2,z|45|0.8|0.6|0.2|0.44,z|45|0.8|0.6|0.2|0.44,47632747,TP_z24_01,TP_z24_01,z,0.7420472914420315,1.2997704113151656,1.124929313751542,0.5,0.028271035870821037,False,0.0
nested_validation,z|35|0.63|0.4|0.5|0.2,z|45|0.8|0.6|0.2|0.44,z|45|0.8|0.6|0.2|0.44,47632786,TP_z24_03,TP_z24_03,z,0.7420472914420315,1.2997704113151656,1.125425414363924,0.5,0.02825525934890279,False,0.0
nested_validation,z|35|0.63|0.4|0.5|0.2,z|45|0.8|0.6|0.2|0.44,z|45|0.8|0.6|0.2|0.44,47632795,TP_z22_02,TP_z22_02,z,0.7420472914420315,1.2997704113151656,1.11107034407233,0.5,0.02871248767664423,False,0.0
nested_validation,z|35|0.63|0.4|0.5|0.2,z|45|0.8|0.6|0.2|0.44,z|45|0.8|0.6|0.2|0.44,47632798,TP_z22_01,TP_z22_01,z,0.7420472914420315,1.2997704113151656,1.11107034407233,0.5,0.02871248767664423,False,0.0
nested_validation,z|35|0.63|0.4|0.5|0.2,z|45|0.8|0.6|1|2,z|45|0.8|0.6|1|2,47629771,TP_z20_02,TP_z20_02,z,0.6693819531966643,1.3232955494186138,0.7372229268950524,0.5,0.042253025726858295,False,0.0
nested_validation,z|35|0.63|0.4|0.5|0.2,z|45|0.8|0.6|1|2,z|45|0.8|0.6|1|2,47629825,TP_z23_01,TP_z23_01,z,0.6693819531966643,1.3232955494186138,0.7375268799550213,0.5,0.04224355672899485,False,0.0
nested_validation,z|35|0.63|0.4|0.5|0.2,z|45|0.8|0.6|1|2,z|45|0.8|0.6|1|2,47629960,TP_z23_02,TP_z23_02,z,0.6693819531966643,1.3232955494186138,0.7375268799550213,0.5,0.04224355672899485,False,0.0
nested_validation,z|35|0.63|0.4|0.5|0.2,z|45|0.8|0.6|1|2,z|45|0.8|0.6|1|2,47630290,TP_z20_03,TP_z20_03,z,0.6693819531966643,1.3232955494186138,0.7372229268950524,0.5,0.042253025726858295,False,0.0
nested_validation,z|35|0.63|0.4|0.5|0.2,z|45|0.8|0.6|1|2,z|45|0.8|0.6|1|2,47630314,139,TP_z02_03,z,0.6693819531966643,1.3232955494186138,0.8628189652321777,0.5,0.038213792271028106,False,0.0
nested_validation,z|35|0.63|0.4|0.5|0.2,z|45|0.8|0.6|1|2,z|45|0.8|0.6|1|2,47630320,TP_z20_01,TP_z20_01,z,0.6693819531966643,1.3232955494186138,0.7375268799550213,0.5,0.04224355672899485,False,0.0
nested_validation,z|35|0.63|0.4|0.5|0.2,z|45|0.8|0.6|1|2,z|45|0.8|0.6|1|2,47630323,TP_z23_03,TP_z23_03,z,0.6693819531966643,1.3232955494186138,0.7346451283169946,0.5,0.042333259587684045,False,0.0
nested_validation,z|35|0.63|0.4|0.5|0.2,z|45|0.8|0.6|1|2,z|45|0.8|0.6|1|2,47631133,025,TP_z02_02,z,0.6693819531966643,1.3232955494186138,0.8608424803305057,0.5,0.03827894094065353,False,0.0
nested_validation,z|35|0.63|0.4|0.5|0.2,z|45|0.8|0.6|1|2,z|45|0.8|0.6|1|2,47631268,117,TP_z02_01,z,0.6693819531966643,1.3232955494186138,0.8420544234480628,0.5,0.03889621565743587,False,0.0
outer_test,z|35|0.63|0.4|0.5|0.2,,z|35|0.63|0.4|0.5|0.2,47632741,INT020,TP_z09_03,z,0.4765087921722403,0.7828446544394292,0.3946129293111709,1.0,0.39941030225998814,True,0.9002205810310883
outer_test,z|35|0.63|0.4|0.5|0.2,,z|35|0.63|0.4|0.5|0.2,47632780,INT031,TP_z09_01,z,0.4765087921722403,0.7828446544394292,0.3946129293111709,1.0,0.39941030225998814,True,0.9002205810310883
outer_test,z|35|0.63|0.4|0.5|0.2,,z|35|0.63|0.4|0.5|0.2,47632792,INT088,TP_z09_02,z,0.4765087921722403,0.7828446544394292,0.395532875561535,1.0,0.3992651646255211,True,0.8976648521961027
outer_train_fit,z|35|0.63|0.4|0.5|0.2,,z|23|0.25|0.05|0.4|0.3,47632648,INT161,TP_z05_02,z,0.6064468466220085,0.0,0.1075405724532581,1.0,0.6882795057859648,True,3.808591723791903
outer_train_fit,z|35|0.63|0.4|0.5|0.2,,z|23|0.25|0.05|0.4|0.3,47632660,INT200,TP_z05_03,z,0.6064468466220085,0.0,0.1210175864974995,1.0,0.6872202743576088,True,3.7975540976372852
outer_train_fit,z|35|0.63|0.4|0.5|0.2,,z|23|0.25|0.05|0.4|0.3,47632663,INT073,TP_z05_01,z,0.6064468466220085,0.0,0.1544962668535451,1.0,0.6840581666497175,True,3.752842132058285
outer_train_fit,z|35|0.63|0.4|0.5|0.2,,z|23|0.69|0.2|1|0.5,47632750,INT059,TP_z04_01,z,0.6281472457559458,0.0,0.6673106758046793,1.0,0.5394416092509513,True,0.41944810048717984
outer_train_fit,z|35|0.63|0.4|0.5|0.2,,z|23|0.69|0.2|1|0.5,47632810,INT037,TP_z04_02,z,0.6281472457559458,0.0,0.6677168041909525,1.0,0.5392953884593149,True,0.413131000867733
outer_train_fit,z|35|0.63|0.4|0.5|0.2,,z|23|0.69|0.2|1|0.5,47639014,INT027,TP_z04_03,z,0.6281472457559458,0.0,0.6670338054970545,1.0,0.5395412642078614,True,0.4188553796891378
outer_train_fit,z|35|0.63|0.4|0.5|0.2,,z|23|0.8|0.25|0.2|1.4,47632675,INT163,TP_z07_02,z,0.4343319824658965,0.0,0.4245437059242428,1.0,0.7567192621715122,True,1.3458373142304572
outer_train_fit,z|35|0.63|0.4|0.5|0.2,,z|23|0.8|0.25|0.2|1.4,47632744,INT078,TP_z07_03,z,0.4343319824658965,0.0,0.4238110787336789,1.0,0.7569544597375655,True,1.3490598379486152
outer_train_fit,z|35|0.63|0.4|0.5|0.2,,z|23|0.8|0.25|0.2|1.4,47632753,INT065,TP_z07_01,z,0.4343319824658965,0.0,0.4240347772004693,1.0,0.7568826804615599,True,1.348276615884974
outer_train_fit,z|35|0.63|0.4|0.5|0.2,,z|23|0.8|0.25|0.2|1.4,47632804,TP_z12_01,TP_z12_01,z,0.4343319824658965,0.0,0.9442543873185116,1.0,0.5302257366117977,True,-0.7737949856866343
outer_train_fit,z|35|0.63|0.4|0.5|0.2,,z|23|0.8|0.25|0.2|1.4,47632831,TP_z12_02,TP_z12_02,z,0.4343319824658965,0.0,0.9337244472045942,1.0,0.5354943486026262,True,-0.7672342860696386
outer_train_fit,z|35|0.63|0.4|0.5|0.2,,z|23|0.8|0.25|0.2|1.4,47632834,TP_z12_03,TP_z12_03,z,0.4343319824658965,0.0,0.9533208462311606,1.0,0.5256842198975358,True,-0.7661206960003645
outer_train_fit,z|35|0.63|0.4|0.5|0.2,,z|45|0.41|0.05|1|1,47632627,TP_z14_02,TP_z14_02,z,0.3496439368314625,0.0,0.8968057387497814,1.0,0.5919215622414634,True,-0.09103590247577288
outer_train_fit,z|35|0.63|0.4|0.5|0.2,,z|45|0.41|0.05|1|1,47632645,TP_z14_03,TP_z14_03,z,0.3496439368314625,0.0,1.0124651235188196,1.0,0.5300448275477039,True,-0.1869300312950965
outer_train_fit,z|35|0.63|0.4|0.5|0.2,,z|45|0.41|0.05|1|1,47632654,TP_z14_01,TP_z14_01,z,0.3496439368314625,0.0,0.9830712214245206,1.0,0.545820345045985,True,-0.16120948198257584
outer_train_fit,z|35|0.63|0.4|0.5|0.2,,z|45|0.8|0.6|0.2|0.44,47632591,TP_z21_01,TP_z21_01,z,0.7420472914420315,0.0,1.11107034407233,0.5,0.1555139224337192,False,0.0
outer_train_fit,z|35|0.63|0.4|0.5|0.2,,z|45|0.8|0.6|0.2|0.44,47632621,TP_z18_02,TP_z18_02,z,0.7420472914420315,0.0,1.11107034407233,0.5,0.1555139224337192,False,0.0
outer_train_fit,z|35|0.63|0.4|0.5|0.2,,z|45|0.8|0.6|0.2|0.44,47632624,TP_z18_03,TP_z18_03,z,0.7420472914420315,0.0,1.11107034407233,0.5,0.1555139224337192,False,0.0
outer_train_fit,z|35|0.63|0.4|0.5|0.2,,z|45|0.8|0.6|0.2|0.44,47632630,TP_z18_01,TP_z18_01,z,0.7420472914420315,0.0,1.11107034407233,0.5,0.1555139224337192,False,0.0
outer_train_fit,z|35|0.63|0.4|0.5|0.2,,z|45|0.8|0.6|0.2|0.44,47632636,TP_z21_03,TP_z21_03,z,0.7420472914420315,0.0,1.11107034407233,0.5,0.1555139224337192,False,0.0
outer_train_fit,z|35|0.63|0.4|0.5|0.2,,z|45|0.8|0.6|0.2|0.44,47632639,TP_z21_02,TP_z21_02,z,0.7420472914420315,0.0,1.11107034407233,0.5,0.1555139224337192,False,0.0
outer_train_fit,z|35|0.63|0.4|0.5|0.2,,z|45|0.8|0.6|0.2|0.44,47632666,TP_z24_02,TP_z24_02,z,0.7420472914420315,0.0,1.11107034407233,0.5,0.1555139224337192,False,0.0
outer_train_fit,z|35|0.63|0.4|0.5|0.2,,z|45|0.8|0.6|0.2|0.44,47632669,TP_z22_03,TP_z22_03,z,0.7420472914420315,0.0,1.11107034407233,0.5,0.1555139224337192,False,0.0
outer_train_fit,z|35|0.63|0.4|0.5|0.2,,z|45|0.8|0.6|0.2|0.44,47632747,TP_z24_01,TP_z24_01,z,0.7420472914420315,0.0,1.124929313751542,0.5,0.1531229104579489,False,0.0
outer_train_fit,z|35|0.63|0.4|0.5|0.2,,z|45|0.8|0.6|0.2|0.44,47632786,TP_z24_03,TP_z24_03,z,0.7420472914420315,0.0,1.125425414363924,0.5,0.15303746091998138,False,0.0
outer_train_fit,z|35|0.63|0.4|0.5|0.2,,z|45|0.8|0.6|0.2|0.44,47632795,TP_z22_02,TP_z22_02,z,0.7420472914420315,0.0,1.11107034407233,0.5,0.1555139224337192,False,0.0
outer_train_fit,z|35|0.63|0.4|0.5|0.2,,z|45|0.8|0.6|0.2|0.44,47632798,TP_z22_01,TP_z22_01,z,0.7420472914420315,0.0,1.11107034407233,0.5,0.1555139224337192,False,0.0
outer_train_fit,z|35|0.63|0.4|0.5|0.2,,z|45|0.8|0.6|1|2,47629771,TP_z20_02,TP_z20_02,z,0.6693819531966643,0.0,0.7372229268950524,0.5,0.2434196910370597,True,-1.70561421729418
outer_train_fit,z|35|0.63|0.4|0.5|0.2,,z|45|0.8|0.6|1|2,47629825,TP_z23_01,TP_z23_01,z,0.6693819531966643,0.0,0.7375268799550213,0.5,0.2433651401381667,True,-1.6995884498644516
outer_train_fit,z|35|0.63|0.4|0.5|0.2,,z|45|0.8|0.6|1|2,47629960,TP_z23_02,TP_z23_02,z,0.6693819531966643,0.0,0.7375268799550213,0.5,0.2433651401381667,True,-1.6995884498644516
outer_train_fit,z|35|0.63|0.4|0.5|0.2,,z|45|0.8|0.6|1|2,47630290,TP_z20_03,TP_z20_03,z,0.6693819531966643,0.0,0.7372229268950524,0.5,0.2434196910370597,True,-1.70561421729418
outer_train_fit,z|35|0.63|0.4|0.5|0.2,,z|45|0.8|0.6|1|2,47630314,139,TP_z02_03,z,0.6693819531966643,0.0,0.8628189652321777,0.5,0.2201496661588237,True,-0.6719555984520007
outer_train_fit,z|35|0.63|0.4|0.5|0.2,,z|45|0.8|0.6|1|2,47630320,TP_z20_01,TP_z20_01,z,0.6693819531966643,0.0,0.7375268799550213,0.5,0.2433651401381667,True,-1.6995884498644516
outer_train_fit,z|35|0.63|0.4|0.5|0.2,,z|45|0.8|0.6|1|2,47630323,TP_z23_03,TP_z23_03,z,0.6693819531966643,0.0,0.7346451283169946,0.5,0.2438819183279328,True,-1.7119998284434943
outer_train_fit,z|35|0.63|0.4|0.5|0.2,,z|45|0.8|0.6|1|2,47631133,025,TP_z02_02,z,0.6693819531966643,0.0,0.8608424803305057,0.5,0.22052498765968406,True,-0.6747261546461394
outer_train_fit,z|35|0.63|0.4|0.5|0.2,,z|45|0.8|0.6|1|2,47631268,117,TP_z02_01,z,0.6693819531966643,0.0,0.8420544234480628,0.5,0.22408110744659518,True,-0.6975805755871279
nested_validation,z|35|0.74|0.15|0.5|1.3,z|23|0.25|0.05|0.4|0.3,z|23|0.25|0.05|0.4|0.3,47632648,INT161,TP_z05_02,z,0.6064468466220085,1.1931579293210106,0.1075405724532581,1.0,0.16576467623344174,False,0.0
nested_validation,z|35|0.74|0.15|0.5|1.3,z|23|0.25|0.05|0.4|0.3,z|23|0.25|0.05|0.4|0.3,47632660,INT200,TP_z05_03,z,0.6064468466220085,1.1931579293210106,0.1210175864974995,1.0,0.16550957179795925,False,0.0
nested_validation,z|35|0.74|0.15|0.5|1.3,z|23|0.25|0.05|0.4|0.3,z|23|0.25|0.05|0.4|0.3,47632663,INT073,TP_z05_01,z,0.6064468466220085,1.1931579293210106,0.1544962668535451,1.0,0.16474801235007866,False,0.0
nested_validation,z|35|0.74|0.15|0.5|1.3,z|23|0.69|0.2|1|0.5,z|23|0.69|0.2|1|0.5,47632750,INT059,TP_z04_01,z,0.6281472457559458,1.1430942493118919,0.6673106758046793,1.0,0.1460384706789609,False,0.0
nested_validation,z|35|0.74|0.15|0.5|1.3,z|23|0.69|0.2|1|0.5,z|23|0.69|0.2|1|0.5,47632810,INT037,TP_z04_02,z,0.6281472457559458,1.1430942493118919,0.6677168041909525,1.0,0.14599888555904086,False,0.0
nested_validation,z|35|0.74|0.15|0.5|1.3,z|23|0.69|0.2|1|0.5,z|23|0.69|0.2|1|0.5,47639014,INT027,TP_z04_03,z,0.6281472457559458,1.1430942493118919,0.6670338054970545,1.0,0.14606544942374652,False,0.0
nested_validation,z|35|0.74|0.15|0.5|1.3,z|23|0.8|0.25|0.2|1.4,z|23|0.8|0.25|0.2|1.4,47632675,INT163,TP_z07_02,z,0.4343319824658965,1.1430942493118919,0.4245437059242428,1.0,0.20486021449900682,True,0.3643471689657197
nested_validation,z|35|0.74|0.15|0.5|1.3,z|23|0.8|0.25|0.2|1.4,z|23|0.8|0.25|0.2|1.4,47632744,INT078,TP_z07_03,z,0.4343319824658965,1.1430942493118919,0.4238110787336789,1.0,0.20492388754955537,True,0.3652195755940848
nested_validation,z|35|0.74|0.15|0.5|1.3,z|23|0.8|0.25|0.2|1.4,z|23|0.8|0.25|0.2|1.4,47632753,INT065,TP_z07_01,z,0.4343319824658965,1.1430942493118919,0.4240347772004693,1.0,0.20490445535241944,True,0.36500754049998996
nested_validation,z|35|0.74|0.15|0.5|1.3,z|23|0.8|0.25|0.2|1.4,z|23|0.8|0.25|0.2|1.4,47632804,TP_z12_01,TP_z12_01,z,0.4343319824658965,1.1430942493118919,0.9442543873185116,1.0,0.14354353531781422,False,0.0
nested_validation,z|35|0.74|0.15|0.5|1.3,z|23|0.8|0.25|0.2|1.4,z|23|0.8|0.25|0.2|1.4,47632831,TP_z12_02,TP_z12_02,z,0.4343319824658965,1.1430942493118919,0.9337244472045942,1.0,0.14496986214271343,False,0.0
nested_validation,z|35|0.74|0.15|0.5|1.3,z|23|0.8|0.25|0.2|1.4,z|23|0.8|0.25|0.2|1.4,47632834,TP_z12_03,TP_z12_03,z,0.4343319824658965,1.1430942493118919,0.9533208462311606,1.0,0.1423140488559992,False,0.0
nested_validation,z|35|0.74|0.15|0.5|1.3,z|45|0.41|0.05|1|1,z|45|0.41|0.05|1|1,47632627,TP_z14_02,TP_z14_02,z,0.3496439368314625,1.210429948041776,0.8968057387497814,1.0,0.13676080770753946,False,0.0
nested_validation,z|35|0.74|0.15|0.5|1.3,z|45|0.41|0.05|1|1,z|45|0.41|0.05|1|1,47632645,TP_z14_03,TP_z14_03,z,0.3496439368314625,1.210429948041776,1.0124651235188196,1.0,0.12246446718738853,False,0.0
nested_validation,z|35|0.74|0.15|0.5|1.3,z|45|0.41|0.05|1|1,z|45|0.41|0.05|1|1,47632654,TP_z14_01,TP_z14_01,z,0.3496439368314625,1.210429948041776,0.9830712214245206,1.0,0.1261093293662548,False,0.0
nested_validation,z|35|0.74|0.15|0.5|1.3,z|45|0.8|0.6|0.2|0.44,z|45|0.8|0.6|0.2|0.44,47632591,TP_z21_01,TP_z21_01,z,0.7420472914420315,1.2997704113151656,1.11107034407233,0.5,0.02871248767664423,False,0.0
nested_validation,z|35|0.74|0.15|0.5|1.3,z|45|0.8|0.6|0.2|0.44,z|45|0.8|0.6|0.2|0.44,47632621,TP_z18_02,TP_z18_02,z,0.7420472914420315,1.2997704113151656,1.11107034407233,0.5,0.02871248767664423,False,0.0
nested_validation,z|35|0.74|0.15|0.5|1.3,z|45|0.8|0.6|0.2|0.44,z|45|0.8|0.6|0.2|0.44,47632624,TP_z18_03,TP_z18_03,z,0.7420472914420315,1.2997704113151656,1.11107034407233,0.5,0.02871248767664423,False,0.0
nested_validation,z|35|0.74|0.15|0.5|1.3,z|45|0.8|0.6|0.2|0.44,z|45|0.8|0.6|0.2|0.44,47632630,TP_z18_01,TP_z18_01,z,0.7420472914420315,1.2997704113151656,1.11107034407233,0.5,0.02871248767664423,False,0.0
nested_validation,z|35|0.74|0.15|0.5|1.3,z|45|0.8|0.6|0.2|0.44,z|45|0.8|0.6|0.2|0.44,47632636,TP_z21_03,TP_z21_03,z,0.7420472914420315,1.2997704113151656,1.11107034407233,0.5,0.02871248767664423,False,0.0
nested_validation,z|35|0.74|0.15|0.5|1.3,z|45|0.8|0.6|0.2|0.44,z|45|0.8|0.6|0.2|0.44,47632639,TP_z21_02,TP_z21_02,z,0.7420472914420315,1.2997704113151656,1.11107034407233,0.5,0.02871248767664423,False,0.0
nested_validation,z|35|0.74|0.15|0.5|1.3,z|45|0.8|0.6|0.2|0.44,z|45|0.8|0.6|0.2|0.44,47632666,TP_z24_02,TP_z24_02,z,0.7420472914420315,1.2997704113151656,1.11107034407233,0.5,0.02871248767664423,False,0.0
nested_validation,z|35|0.74|0.15|0.5|1.3,z|45|0.8|0.6|0.2|0.44,z|45|0.8|0.6|0.2|0.44,47632669,TP_z22_03,TP_z22_03,z,0.7420472914420315,1.2997704113151656,1.11107034407233,0.5,0.02871248767664423,False,0.0
nested_validation,z|35|0.74|0.15|0.5|1.3,z|45|0.8|0.6|0.2|0.44,z|45|0.8|0.6|0.2|0.44,47632747,TP_z24_01,TP_z24_01,z,0.7420472914420315,1.2997704113151656,1.124929313751542,0.5,0.028271035870821037,False,0.0
nested_validation,z|35|0.74|0.15|0.5|1.3,z|45|0.8|0.6|0.2|0.44,z|45|0.8|0.6|0.2|0.44,47632786,TP_z24_03,TP_z24_03,z,0.7420472914420315,1.2997704113151656,1.125425414363924,0.5,0.02825525934890279,False,0.0
nested_validation,z|35|0.74|0.15|0.5|1.3,z|45|0.8|0.6|0.2|0.44,z|45|0.8|0.6|0.2|0.44,47632795,TP_z22_02,TP_z22_02,z,0.7420472914420315,1.2997704113151656,1.11107034407233,0.5,0.02871248767664423,False,0.0
nested_validation,z|35|0.74|0.15|0.5|1.3,z|45|0.8|0.6|0.2|0.44,z|45|0.8|0.6|0.2|0.44,47632798,TP_z22_01,TP_z22_01,z,0.7420472914420315,1.2997704113151656,1.11107034407233,0.5,0.02871248767664423,False,0.0
nested_validation,z|35|0.74|0.15|0.5|1.3,z|45|0.8|0.6|1|2,z|45|0.8|0.6|1|2,47629771,TP_z20_02,TP_z20_02,z,0.6693819531966643,1.3232955494186138,0.7372229268950524,0.5,0.042253025726858295,False,0.0
nested_validation,z|35|0.74|0.15|0.5|1.3,z|45|0.8|0.6|1|2,z|45|0.8|0.6|1|2,47629825,TP_z23_01,TP_z23_01,z,0.6693819531966643,1.3232955494186138,0.7375268799550213,0.5,0.04224355672899485,False,0.0
nested_validation,z|35|0.74|0.15|0.5|1.3,z|45|0.8|0.6|1|2,z|45|0.8|0.6|1|2,47629960,TP_z23_02,TP_z23_02,z,0.6693819531966643,1.3232955494186138,0.7375268799550213,0.5,0.04224355672899485,False,0.0
nested_validation,z|35|0.74|0.15|0.5|1.3,z|45|0.8|0.6|1|2,z|45|0.8|0.6|1|2,47630290,TP_z20_03,TP_z20_03,z,0.6693819531966643,1.3232955494186138,0.7372229268950524,0.5,0.042253025726858295,False,0.0
nested_validation,z|35|0.74|0.15|0.5|1.3,z|45|0.8|0.6|1|2,z|45|0.8|0.6|1|2,47630314,139,TP_z02_03,z,0.6693819531966643,1.3232955494186138,0.8628189652321777,0.5,0.038213792271028106,False,0.0
nested_validation,z|35|0.74|0.15|0.5|1.3,z|45|0.8|0.6|1|2,z|45|0.8|0.6|1|2,47630320,TP_z20_01,TP_z20_01,z,0.6693819531966643,1.3232955494186138,0.7375268799550213,0.5,0.04224355672899485,False,0.0
nested_validation,z|35|0.74|0.15|0.5|1.3,z|45|0.8|0.6|1|2,z|45|0.8|0.6|1|2,47630323,TP_z23_03,TP_z23_03,z,0.6693819531966643,1.3232955494186138,0.7346451283169946,0.5,0.042333259587684045,False,0.0
nested_validation,z|35|0.74|0.15|0.5|1.3,z|45|0.8|0.6|1|2,z|45|0.8|0.6|1|2,47631133,025,TP_z02_02,z,0.6693819531966643,1.3232955494186138,0.8608424803305057,0.5,0.03827894094065353,False,0.0
nested_validation,z|35|0.74|0.15|0.5|1.3,z|45|0.8|0.6|1|2,z|45|0.8|0.6|1|2,47631268,117,TP_z02_01,z,0.6693819531966643,1.3232955494186138,0.8420544234480628,0.5,0.03889621565743587,False,0.0
outer_test,z|35|0.74|0.15|0.5|1.3,,z|35|0.74|0.15|0.5|1.3,47632615,INT191,TP_z08_01,z,0.3025896459351517,0.6990636109466581,0.392931976382865,1.0,0.518171922531622,True,0.9406628212020922
outer_test,z|35|0.74|0.15|0.5|1.3,,z|35|0.74|0.15|0.5|1.3,47632618,INT061,TP_z08_02,z,0.3025896459351517,0.6990636109466581,0.392103389467745,1.0,0.5183404775936687,True,0.9427789127180074
outer_test,z|35|0.74|0.15|0.5|1.3,,z|35|0.74|0.15|0.5|1.3,47632633,INT060,TP_z08_03,z,0.3025896459351517,0.6990636109466581,0.392931976382865,1.0,0.518171922531622,True,0.9406628212020922
outer_train_fit,z|35|0.74|0.15|0.5|1.3,,z|23|0.25|0.05|0.4|0.3,47632648,INT161,TP_z05_02,z,0.6064468466220085,0.0,0.1075405724532581,1.0,0.6882795057859648,True,3.808591723791903
outer_train_fit,z|35|0.74|0.15|0.5|1.3,,z|23|0.25|0.05|0.4|0.3,47632660,INT200,TP_z05_03,z,0.6064468466220085,0.0,0.1210175864974995,1.0,0.6872202743576088,True,3.7975540976372852
outer_train_fit,z|35|0.74|0.15|0.5|1.3,,z|23|0.25|0.05|0.4|0.3,47632663,INT073,TP_z05_01,z,0.6064468466220085,0.0,0.1544962668535451,1.0,0.6840581666497175,True,3.752842132058285
outer_train_fit,z|35|0.74|0.15|0.5|1.3,,z|23|0.69|0.2|1|0.5,47632750,INT059,TP_z04_01,z,0.6281472457559458,0.0,0.6673106758046793,1.0,0.5394416092509513,True,0.41944810048717984
outer_train_fit,z|35|0.74|0.15|0.5|1.3,,z|23|0.69|0.2|1|0.5,47632810,INT037,TP_z04_02,z,0.6281472457559458,0.0,0.6677168041909525,1.0,0.5392953884593149,True,0.413131000867733
outer_train_fit,z|35|0.74|0.15|0.5|1.3,,z|23|0.69|0.2|1|0.5,47639014,INT027,TP_z04_03,z,0.6281472457559458,0.0,0.6670338054970545,1.0,0.5395412642078614,True,0.4188553796891378
outer_train_fit,z|35|0.74|0.15|0.5|1.3,,z|23|0.8|0.25|0.2|1.4,47632675,INT163,TP_z07_02,z,0.4343319824658965,0.0,0.4245437059242428,1.0,0.7567192621715122,True,1.3458373142304572
outer_train_fit,z|35|0.74|0.15|0.5|1.3,,z|23|0.8|0.25|0.2|1.4,47632744,INT078,TP_z07_03,z,0.4343319824658965,0.0,0.4238110787336789,1.0,0.7569544597375655,True,1.3490598379486152
outer_train_fit,z|35|0.74|0.15|0.5|1.3,,z|23|0.8|0.25|0.2|1.4,47632753,INT065,TP_z07_01,z,0.4343319824658965,0.0,0.4240347772004693,1.0,0.7568826804615599,True,1.348276615884974
outer_train_fit,z|35|0.74|0.15|0.5|1.3,,z|23|0.8|0.25|0.2|1.4,47632804,TP_z12_01,TP_z12_01,z,0.4343319824658965,0.0,0.9442543873185116,1.0,0.5302257366117977,True,-0.7737949856866343
outer_train_fit,z|35|0.74|0.15|0.5|1.3,,z|23|0.8|0.25|0.2|1.4,47632831,TP_z12_02,TP_z12_02,z,0.4343319824658965,0.0,0.9337244472045942,1.0,0.5354943486026262,True,-0.7672342860696386
outer_train_fit,z|35|0.74|0.15|0.5|1.3,,z|23|0.8|0.25|0.2|1.4,47632834,TP_z12_03,TP_z12_03,z,0.4343319824658965,0.0,0.9533208462311606,1.0,0.5256842198975358,True,-0.7661206960003645
outer_train_fit,z|35|0.74|0.15|0.5|1.3,,z|45|0.41|0.05|1|1,47632627,TP_z14_02,TP_z14_02,z,0.3496439368314625,0.0,0.8968057387497814,1.0,0.5919215622414634,True,-0.09103590247577288
outer_train_fit,z|35|0.74|0.15|0.5|1.3,,z|45|0.41|0.05|1|1,47632645,TP_z14_03,TP_z14_03,z,0.3496439368314625,0.0,1.0124651235188196,1.0,0.5300448275477039,True,-0.1869300312950965
outer_train_fit,z|35|0.74|0.15|0.5|1.3,,z|45|0.41|0.05|1|1,47632654,TP_z14_01,TP_z14_01,z,0.3496439368314625,0.0,0.9830712214245206,1.0,0.545820345045985,True,-0.16120948198257584
outer_train_fit,z|35|0.74|0.15|0.5|1.3,,z|45|0.8|0.6|0.2|0.44,47632591,TP_z21_01,TP_z21_01,z,0.7420472914420315,0.0,1.11107034407233,0.5,0.1555139224337192,False,0.0
outer_train_fit,z|35|0.74|0.15|0.5|1.3,,z|45|0.8|0.6|0.2|0.44,47632621,TP_z18_02,TP_z18_02,z,0.7420472914420315,0.0,1.11107034407233,0.5,0.1555139224337192,False,0.0
outer_train_fit,z|35|0.74|0.15|0.5|1.3,,z|45|0.8|0.6|0.2|0.44,47632624,TP_z18_03,TP_z18_03,z,0.7420472914420315,0.0,1.11107034407233,0.5,0.1555139224337192,False,0.0
outer_train_fit,z|35|0.74|0.15|0.5|1.3,,z|45|0.8|0.6|0.2|0.44,47632630,TP_z18_01,TP_z18_01,z,0.7420472914420315,0.0,1.11107034407233,0.5,0.1555139224337192,False,0.0
outer_train_fit,z|35|0.74|0.15|0.5|1.3,,z|45|0.8|0.6|0.2|0.44,47632636,TP_z21_03,TP_z21_03,z,0.7420472914420315,0.0,1.11107034407233,0.5,0.1555139224337192,False,0.0
outer_train_fit,z|35|0.74|0.15|0.5|1.3,,z|45|0.8|0.6|0.2|0.44,47632639,TP_z21_02,TP_z21_02,z,0.7420472914420315,0.0,1.11107034407233,0.5,0.1555139224337192,False,0.0
outer_train_fit,z|35|0.74|0.15|0.5|1.3,,z|45|0.8|0.6|0.2|0.44,47632666,TP_z24_02,TP_z24_02,z,0.7420472914420315,0.0,1.11107034407233,0.5,0.1555139224337192,False,0.0
outer_train_fit,z|35|0.74|0.15|0.5|1.3,,z|45|0.8|0.6|0.2|0.44,47632669,TP_z22_03,TP_z22_03,z,0.7420472914420315,0.0,1.11107034407233,0.5,0.1555139224337192,False,0.0
outer_train_fit,z|35|0.74|0.15|0.5|1.3,,z|45|0.8|0.6|0.2|0.44,47632747,TP_z24_01,TP_z24_01,z,0.7420472914420315,0.0,1.124929313751542,0.5,0.1531229104579489,False,0.0
outer_train_fit,z|35|0.74|0.15|0.5|1.3,,z|45|0.8|0.6|0.2|0.44,47632786,TP_z24_03,TP_z24_03,z,0.7420472914420315,0.0,1.125425414363924,0.5,0.15303746091998138,False,0.0
outer_train_fit,z|35|0.74|0.15|0.5|1.3,,z|45|0.8|0.6|0.2|0.44,47632795,TP_z22_02,TP_z22_02,z,0.7420472914420315,0.0,1.11107034407233,0.5,0.1555139224337192,False,0.0
outer_train_fit,z|35|0.74|0.15|0.5|1.3,,z|45|0.8|0.6|0.2|0.44,47632798,TP_z22_01,TP_z22_01,z,0.7420472914420315,0.0,1.11107034407233,0.5,0.1555139224337192,False,0.0
outer_train_fit,z|35|0.74|0.15|0.5|1.3,,z|45|0.8|0.6|1|2,47629771,TP_z20_02,TP_z20_02,z,0.6693819531966643,0.0,0.7372229268950524,0.5,0.2434196910370597,True,-1.70561421729418
outer_train_fit,z|35|0.74|0.15|0.5|1.3,,z|45|0.8|0.6|1|2,47629825,TP_z23_01,TP_z23_01,z,0.6693819531966643,0.0,0.7375268799550213,0.5,0.2433651401381667,True,-1.6995884498644516
outer_train_fit,z|35|0.74|0.15|0.5|1.3,,z|45|0.8|0.6|1|2,47629960,TP_z23_02,TP_z23_02,z,0.6693819531966643,0.0,0.7375268799550213,0.5,0.2433651401381667,True,-1.6995884498644516
outer_train_fit,z|35|0.74|0.15|0.5|1.3,,z|45|0.8|0.6|1|2,47630290,TP_z20_03,TP_z20_03,z,0.6693819531966643,0.0,0.7372229268950524,0.5,0.2434196910370597,True,-1.70561421729418
outer_train_fit,z|35|0.74|0.15|0.5|1.3,,z|45|0.8|0.6|1|2,47630314,139,TP_z02_03,z,0.6693819531966643,0.0,0.8628189652321777,0.5,0.2201496661588237,True,-0.6719555984520007
outer_train_fit,z|35|0.74|0.15|0.5|1.3,,z|45|0.8|0.6|1|2,47630320,TP_z20_01,TP_z20_01,z,0.6693819531966643,0.0,0.7375268799550213,0.5,0.2433651401381667,True,-1.6995884498644516
outer_train_fit,z|35|0.74|0.15|0.5|1.3,,z|45|0.8|0.6|1|2,47630323,TP_z23_03,TP_z23_03,z,0.6693819531966643,0.0,0.7346451283169946,0.5,0.2438819183279328,True,-1.7119998284434943
outer_train_fit,z|35|0.74|0.15|0.5|1.3,,z|45|0.8|0.6|1|2,47631133,025,TP_z02_02,z,0.6693819531966643,0.0,0.8608424803305057,0.5,0.22052498765968406,True,-0.6747261546461394
outer_train_fit,z|35|0.74|0.15|0.5|1.3,,z|45|0.8|0.6|1|2,47631268,117,TP_z02_01,z,0.6693819531966643,0.0,0.8420544234480628,0.5,0.22408110744659518,True,-0.6975805755871279
nested_validation,z|35|0.8|0.1|0.7|0.8,z|23|0.25|0.05|0.4|0.3,z|23|0.25|0.05|0.4|0.3,47632648,INT161,TP_z05_02,z,0.6064468466220085,1.1931579293210106,0.1075405724532581,1.0,0.16576467623344174,False,0.0
nested_validation,z|35|0.8|0.1|0.7|0.8,z|23|0.25|0.05|0.4|0.3,z|23|0.25|0.05|0.4|0.3,47632660,INT200,TP_z05_03,z,0.6064468466220085,1.1931579293210106,0.1210175864974995,1.0,0.16550957179795925,False,0.0
nested_validation,z|35|0.8|0.1|0.7|0.8,z|23|0.25|0.05|0.4|0.3,z|23|0.25|0.05|0.4|0.3,47632663,INT073,TP_z05_01,z,0.6064468466220085,1.1931579293210106,0.1544962668535451,1.0,0.16474801235007866,False,0.0
nested_validation,z|35|0.8|0.1|0.7|0.8,z|23|0.69|0.2|1|0.5,z|23|0.69|0.2|1|0.5,47632750,INT059,TP_z04_01,z,0.6281472457559458,1.1430942493118919,0.6673106758046793,1.0,0.1460384706789609,False,0.0
nested_validation,z|35|0.8|0.1|0.7|0.8,z|23|0.69|0.2|1|0.5,z|23|0.69|0.2|1|0.5,47632810,INT037,TP_z04_02,z,0.6281472457559458,1.1430942493118919,0.6677168041909525,1.0,0.14599888555904086,False,0.0
nested_validation,z|35|0.8|0.1|0.7|0.8,z|23|0.69|0.2|1|0.5,z|23|0.69|0.2|1|0.5,47639014,INT027,TP_z04_03,z,0.6281472457559458,1.1430942493118919,0.6670338054970545,1.0,0.14606544942374652,False,0.0
nested_validation,z|35|0.8|0.1|0.7|0.8,z|23|0.8|0.25|0.2|1.4,z|23|0.8|0.25|0.2|1.4,47632675,INT163,TP_z07_02,z,0.4343319824658965,1.1430942493118919,0.4245437059242428,1.0,0.20486021449900682,True,0.3643471689657197
nested_validation,z|35|0.8|0.1|0.7|0.8,z|23|0.8|0.25|0.2|1.4,z|23|0.8|0.25|0.2|1.4,47632744,INT078,TP_z07_03,z,0.4343319824658965,1.1430942493118919,0.4238110787336789,1.0,0.20492388754955537,True,0.3652195755940848
nested_validation,z|35|0.8|0.1|0.7|0.8,z|23|0.8|0.25|0.2|1.4,z|23|0.8|0.25|0.2|1.4,47632753,INT065,TP_z07_01,z,0.4343319824658965,1.1430942493118919,0.4240347772004693,1.0,0.20490445535241944,True,0.36500754049998996
nested_validation,z|35|0.8|0.1|0.7|0.8,z|23|0.8|0.25|0.2|1.4,z|23|0.8|0.25|0.2|1.4,47632804,TP_z12_01,TP_z12_01,z,0.4343319824658965,1.1430942493118919,0.9442543873185116,1.0,0.14354353531781422,False,0.0
nested_validation,z|35|0.8|0.1|0.7|0.8,z|23|0.8|0.25|0.2|1.4,z|23|0.8|0.25|0.2|1.4,47632831,TP_z12_02,TP_z12_02,z,0.4343319824658965,1.1430942493118919,0.9337244472045942,1.0,0.14496986214271343,False,0.0
nested_validation,z|35|0.8|0.1|0.7|0.8,z|23|0.8|0.25|0.2|1.4,z|23|0.8|0.25|0.2|1.4,47632834,TP_z12_03,TP_z12_03,z,0.4343319824658965,1.1430942493118919,0.9533208462311606,1.0,0.1423140488559992,False,0.0
nested_validation,z|35|0.8|0.1|0.7|0.8,z|45|0.41|0.05|1|1,z|45|0.41|0.05|1|1,47632627,TP_z14_02,TP_z14_02,z,0.3496439368314625,1.210429948041776,0.8968057387497814,1.0,0.13676080770753946,False,0.0
nested_validation,z|35|0.8|0.1|0.7|0.8,z|45|0.41|0.05|1|1,z|45|0.41|0.05|1|1,47632645,TP_z14_03,TP_z14_03,z,0.3496439368314625,1.210429948041776,1.0124651235188196,1.0,0.12246446718738853,False,0.0
nested_validation,z|35|0.8|0.1|0.7|0.8,z|45|0.41|0.05|1|1,z|45|0.41|0.05|1|1,47632654,TP_z14_01,TP_z14_01,z,0.3496439368314625,1.210429948041776,0.9830712214245206,1.0,0.1261093293662548,False,0.0
nested_validation,z|35|0.8|0.1|0.7|0.8,z|45|0.8|0.6|0.2|0.44,z|45|0.8|0.6|0.2|0.44,47632591,TP_z21_01,TP_z21_01,z,0.7420472914420315,1.2997704113151656,1.11107034407233,0.5,0.02871248767664423,False,0.0
nested_validation,z|35|0.8|0.1|0.7|0.8,z|45|0.8|0.6|0.2|0.44,z|45|0.8|0.6|0.2|0.44,47632621,TP_z18_02,TP_z18_02,z,0.7420472914420315,1.2997704113151656,1.11107034407233,0.5,0.02871248767664423,False,0.0
nested_validation,z|35|0.8|0.1|0.7|0.8,z|45|0.8|0.6|0.2|0.44,z|45|0.8|0.6|0.2|0.44,47632624,TP_z18_03,TP_z18_03,z,0.7420472914420315,1.2997704113151656,1.11107034407233,0.5,0.02871248767664423,False,0.0
nested_validation,z|35|0.8|0.1|0.7|0.8,z|45|0.8|0.6|0.2|0.44,z|45|0.8|0.6|0.2|0.44,47632630,TP_z18_01,TP_z18_01,z,0.7420472914420315,1.2997704113151656,1.11107034407233,0.5,0.02871248767664423,False,0.0
nested_validation,z|35|0.8|0.1|0.7|0.8,z|45|0.8|0.6|0.2|0.44,z|45|0.8|0.6|0.2|0.44,47632636,TP_z21_03,TP_z21_03,z,0.7420472914420315,1.2997704113151656,1.11107034407233,0.5,0.02871248767664423,False,0.0
nested_validation,z|35|0.8|0.1|0.7|0.8,z|45|0.8|0.6|0.2|0.44,z|45|0.8|0.6|0.2|0.44,47632639,TP_z21_02,TP_z21_02,z,0.7420472914420315,1.2997704113151656,1.11107034407233,0.5,0.02871248767664423,False,0.0
nested_validation,z|35|0.8|0.1|0.7|0.8,z|45|0.8|0.6|0.2|0.44,z|45|0.8|0.6|0.2|0.44,47632666,TP_z24_02,TP_z24_02,z,0.7420472914420315,1.2997704113151656,1.11107034407233,0.5,0.02871248767664423,False,0.0
nested_validation,z|35|0.8|0.1|0.7|0.8,z|45|0.8|0.6|0.2|0.44,z|45|0.8|0.6|0.2|0.44,47632669,TP_z22_03,TP_z22_03,z,0.7420472914420315,1.2997704113151656,1.11107034407233,0.5,0.02871248767664423,False,0.0
nested_validation,z|35|0.8|0.1|0.7|0.8,z|45|0.8|0.6|0.2|0.44,z|45|0.8|0.6|0.2|0.44,47632747,TP_z24_01,TP_z24_01,z,0.7420472914420315,1.2997704113151656,1.124929313751542,0.5,0.028271035870821037,False,0.0
nested_validation,z|35|0.8|0.1|0.7|0.8,z|45|0.8|0.6|0.2|0.44,z|45|0.8|0.6|0.2|0.44,47632786,TP_z24_03,TP_z24_03,z,0.7420472914420315,1.2997704113151656,1.125425414363924,0.5,0.02825525934890279,False,0.0
nested_validation,z|35|0.8|0.1|0.7|0.8,z|45|0.8|0.6|0.2|0.44,z|45|0.8|0.6|0.2|0.44,47632795,TP_z22_02,TP_z22_02,z,0.7420472914420315,1.2997704113151656,1.11107034407233,0.5,0.02871248767664423,False,0.0
nested_validation,z|35|0.8|0.1|0.7|0.8,z|45|0.8|0.6|0.2|0.44,z|45|0.8|0.6|0.2|0.44,47632798,TP_z22_01,TP_z22_01,z,0.7420472914420315,1.2997704113151656,1.11107034407233,0.5,0.02871248767664423,False,0.0
nested_validation,z|35|0.8|0.1|0.7|0.8,z|45|0.8|0.6|1|2,z|45|0.8|0.6|1|2,47629771,TP_z20_02,TP_z20_02,z,0.6693819531966643,1.3232955494186138,0.7372229268950524,0.5,0.042253025726858295,False,0.0
nested_validation,z|35|0.8|0.1|0.7|0.8,z|45|0.8|0.6|1|2,z|45|0.8|0.6|1|2,47629825,TP_z23_01,TP_z23_01,z,0.6693819531966643,1.3232955494186138,0.7375268799550213,0.5,0.04224355672899485,False,0.0
nested_validation,z|35|0.8|0.1|0.7|0.8,z|45|0.8|0.6|1|2,z|45|0.8|0.6|1|2,47629960,TP_z23_02,TP_z23_02,z,0.6693819531966643,1.3232955494186138,0.7375268799550213,0.5,0.04224355672899485,False,0.0
nested_validation,z|35|0.8|0.1|0.7|0.8,z|45|0.8|0.6|1|2,z|45|0.8|0.6|1|2,47630290,TP_z20_03,TP_z20_03,z,0.6693819531966643,1.3232955494186138,0.7372229268950524,0.5,0.042253025726858295,False,0.0
nested_validation,z|35|0.8|0.1|0.7|0.8,z|45|0.8|0.6|1|2,z|45|0.8|0.6|1|2,47630314,139,TP_z02_03,z,0.6693819531966643,1.3232955494186138,0.8628189652321777,0.5,0.038213792271028106,False,0.0
nested_validation,z|35|0.8|0.1|0.7|0.8,z|45|0.8|0.6|1|2,z|45|0.8|0.6|1|2,47630320,TP_z20_01,TP_z20_01,z,0.6693819531966643,1.3232955494186138,0.7375268799550213,0.5,0.04224355672899485,False,0.0
nested_validation,z|35|0.8|0.1|0.7|0.8,z|45|0.8|0.6|1|2,z|45|0.8|0.6|1|2,47630323,TP_z23_03,TP_z23_03,z,0.6693819531966643,1.3232955494186138,0.7346451283169946,0.5,0.042333259587684045,False,0.0
nested_validation,z|35|0.8|0.1|0.7|0.8,z|45|0.8|0.6|1|2,z|45|0.8|0.6|1|2,47631133,025,TP_z02_02,z,0.6693819531966643,1.3232955494186138,0.8608424803305057,0.5,0.03827894094065353,False,0.0
nested_validation,z|35|0.8|0.1|0.7|0.8,z|45|0.8|0.6|1|2,z|45|0.8|0.6|1|2,47631268,117,TP_z02_01,z,0.6693819531966643,1.3232955494186138,0.8420544234480628,0.5,0.03889621565743587,False,0.0
outer_test,z|35|0.8|0.1|0.7|0.8,,z|35|0.8|0.1|0.7|0.8,47632681,INT107,TP_z11_01,z,0.2660159070618096,0.7398522083324968,0.4650534986575354,1.0,0.48370351547762575,True,0.5186488740719981
outer_test,z|35|0.8|0.1|0.7|0.8,,z|35|0.8|0.1|0.7|0.8,47632756,INT011,TP_z11_03,z,0.2660159070618096,0.7398522083324968,0.4611433058429605,1.0,0.48458020127353213,True,0.5104408424639996
outer_test,z|35|0.8|0.1|0.7|0.8,,z|35|0.8|0.1|0.7|0.8,47632774,INT044,TP_z11_02,z,0.2660159070618096,0.7398522083324968,0.4650534986575354,1.0,0.48370351547762575,True,0.5186488740719981
outer_train_fit,z|35|0.8|0.1|0.7|0.8,,z|23|0.25|0.05|0.4|0.3,47632648,INT161,TP_z05_02,z,0.6064468466220085,0.0,0.1075405724532581,1.0,0.6882795057859648,True,3.808591723791903
outer_train_fit,z|35|0.8|0.1|0.7|0.8,,z|23|0.25|0.05|0.4|0.3,47632660,INT200,TP_z05_03,z,0.6064468466220085,0.0,0.1210175864974995,1.0,0.6872202743576088,True,3.7975540976372852
outer_train_fit,z|35|0.8|0.1|0.7|0.8,,z|23|0.25|0.05|0.4|0.3,47632663,INT073,TP_z05_01,z,0.6064468466220085,0.0,0.1544962668535451,1.0,0.6840581666497175,True,3.752842132058285
outer_train_fit,z|35|0.8|0.1|0.7|0.8,,z|23|0.69|0.2|1|0.5,47632750,INT059,TP_z04_01,z,0.6281472457559458,0.0,0.6673106758046793,1.0,0.5394416092509513,True,0.41944810048717984
outer_train_fit,z|35|0.8|0.1|0.7|0.8,,z|23|0.69|0.2|1|0.5,47632810,INT037,TP_z04_02,z,0.6281472457559458,0.0,0.6677168041909525,1.0,0.5392953884593149,True,0.413131000867733
outer_train_fit,z|35|0.8|0.1|0.7|0.8,,z|23|0.69|0.2|1|0.5,47639014,INT027,TP_z04_03,z,0.6281472457559458,0.0,0.6670338054970545,1.0,0.5395412642078614,True,0.4188553796891378
outer_train_fit,z|35|0.8|0.1|0.7|0.8,,z|23|0.8|0.25|0.2|1.4,47632675,INT163,TP_z07_02,z,0.4343319824658965,0.0,0.4245437059242428,1.0,0.7567192621715122,True,1.3458373142304572
outer_train_fit,z|35|0.8|0.1|0.7|0.8,,z|23|0.8|0.25|0.2|1.4,47632744,INT078,TP_z07_03,z,0.4343319824658965,0.0,0.4238110787336789,1.0,0.7569544597375655,True,1.3490598379486152
outer_train_fit,z|35|0.8|0.1|0.7|0.8,,z|23|0.8|0.25|0.2|1.4,47632753,INT065,TP_z07_01,z,0.4343319824658965,0.0,0.4240347772004693,1.0,0.7568826804615599,True,1.348276615884974
outer_train_fit,z|35|0.8|0.1|0.7|0.8,,z|23|0.8|0.25|0.2|1.4,47632804,TP_z12_01,TP_z12_01,z,0.4343319824658965,0.0,0.9442543873185116,1.0,0.5302257366117977,True,-0.7737949856866343
outer_train_fit,z|35|0.8|0.1|0.7|0.8,,z|23|0.8|0.25|0.2|1.4,47632831,TP_z12_02,TP_z12_02,z,0.4343319824658965,0.0,0.9337244472045942,1.0,0.5354943486026262,True,-0.7672342860696386
outer_train_fit,z|35|0.8|0.1|0.7|0.8,,z|23|0.8|0.25|0.2|1.4,47632834,TP_z12_03,TP_z12_03,z,0.4343319824658965,0.0,0.9533208462311606,1.0,0.5256842198975358,True,-0.7661206960003645
outer_train_fit,z|35|0.8|0.1|0.7|0.8,,z|45|0.41|0.05|1|1,47632627,TP_z14_02,TP_z14_02,z,0.3496439368314625,0.0,0.8968057387497814,1.0,0.5919215622414634,True,-0.09103590247577288
outer_train_fit,z|35|0.8|0.1|0.7|0.8,,z|45|0.41|0.05|1|1,47632645,TP_z14_03,TP_z14_03,z,0.3496439368314625,0.0,1.0124651235188196,1.0,0.5300448275477039,True,-0.1869300312950965
outer_train_fit,z|35|0.8|0.1|0.7|0.8,,z|45|0.41|0.05|1|1,47632654,TP_z14_01,TP_z14_01,z,0.3496439368314625,0.0,0.9830712214245206,1.0,0.545820345045985,True,-0.16120948198257584
outer_train_fit,z|35|0.8|0.1|0.7|0.8,,z|45|0.8|0.6|0.2|0.44,47632591,TP_z21_01,TP_z21_01,z,0.7420472914420315,0.0,1.11107034407233,0.5,0.1555139224337192,False,0.0
outer_train_fit,z|35|0.8|0.1|0.7|0.8,,z|45|0.8|0.6|0.2|0.44,47632621,TP_z18_02,TP_z18_02,z,0.7420472914420315,0.0,1.11107034407233,0.5,0.1555139224337192,False,0.0
outer_train_fit,z|35|0.8|0.1|0.7|0.8,,z|45|0.8|0.6|0.2|0.44,47632624,TP_z18_03,TP_z18_03,z,0.7420472914420315,0.0,1.11107034407233,0.5,0.1555139224337192,False,0.0
outer_train_fit,z|35|0.8|0.1|0.7|0.8,,z|45|0.8|0.6|0.2|0.44,47632630,TP_z18_01,TP_z18_01,z,0.7420472914420315,0.0,1.11107034407233,0.5,0.1555139224337192,False,0.0
outer_train_fit,z|35|0.8|0.1|0.7|0.8,,z|45|0.8|0.6|0.2|0.44,47632636,TP_z21_03,TP_z21_03,z,0.7420472914420315,0.0,1.11107034407233,0.5,0.1555139224337192,False,0.0
outer_train_fit,z|35|0.8|0.1|0.7|0.8,,z|45|0.8|0.6|0.2|0.44,47632639,TP_z21_02,TP_z21_02,z,0.7420472914420315,0.0,1.11107034407233,0.5,0.1555139224337192,False,0.0
outer_train_fit,z|35|0.8|0.1|0.7|0.8,,z|45|0.8|0.6|0.2|0.44,47632666,TP_z24_02,TP_z24_02,z,0.7420472914420315,0.0,1.11107034407233,0.5,0.1555139224337192,False,0.0
outer_train_fit,z|35|0.8|0.1|0.7|0.8,,z|45|0.8|0.6|0.2|0.44,47632669,TP_z22_03,TP_z22_03,z,0.7420472914420315,0.0,1.11107034407233,0.5,0.1555139224337192,False,0.0
outer_train_fit,z|35|0.8|0.1|0.7|0.8,,z|45|0.8|0.6|0.2|0.44,47632747,TP_z24_01,TP_z24_01,z,0.7420472914420315,0.0,1.124929313751542,0.5,0.1531229104579489,False,0.0
outer_train_fit,z|35|0.8|0.1|0.7|0.8,,z|45|0.8|0.6|0.2|0.44,47632786,TP_z24_03,TP_z24_03,z,0.7420472914420315,0.0,1.125425414363924,0.5,0.15303746091998138,False,0.0
outer_train_fit,z|35|0.8|0.1|0.7|0.8,,z|45|0.8|0.6|0.2|0.44,47632795,TP_z22_02,TP_z22_02,z,0.7420472914420315,0.0,1.11107034407233,0.5,0.1555139224337192,False,0.0
outer_train_fit,z|35|0.8|0.1|0.7|0.8,,z|45|0.8|0.6|0.2|0.44,47632798,TP_z22_01,TP_z22_01,z,0.7420472914420315,0.0,1.11107034407233,0.5,0.1555139224337192,False,0.0
outer_train_fit,z|35|0.8|0.1|0.7|0.8,,z|45|0.8|0.6|1|2,47629771,TP_z20_02,TP_z20_02,z,0.6693819531966643,0.0,0.7372229268950524,0.5,0.2434196910370597,True,-1.70561421729418
outer_train_fit,z|35|0.8|0.1|0.7|0.8,,z|45|0.8|0.6|1|2,47629825,TP_z23_01,TP_z23_01,z,0.6693819531966643,0.0,0.7375268799550213,0.5,0.2433651401381667,True,-1.6995884498644516
outer_train_fit,z|35|0.8|0.1|0.7|0.8,,z|45|0.8|0.6|1|2,47629960,TP_z23_02,TP_z23_02,z,0.6693819531966643,0.0,0.7375268799550213,0.5,0.2433651401381667,True,-1.6995884498644516
outer_train_fit,z|35|0.8|0.1|0.7|0.8,,z|45|0.8|0.6|1|2,47630290,TP_z20_03,TP_z20_03,z,0.6693819531966643,0.0,0.7372229268950524,0.5,0.2434196910370597,True,-1.70561421729418
outer_train_fit,z|35|0.8|0.1|0.7|0.8,,z|45|0.8|0.6|1|2,47630314,139,TP_z02_03,z,0.6693819531966643,0.0,0.8628189652321777,0.5,0.2201496661588237,True,-0.6719555984520007
outer_train_fit,z|35|0.8|0.1|0.7|0.8,,z|45|0.8|0.6|1|2,47630320,TP_z20_01,TP_z20_01,z,0.6693819531966643,0.0,0.7375268799550213,0.5,0.2433651401381667,True,-1.6995884498644516
outer_train_fit,z|35|0.8|0.1|0.7|0.8,,z|45|0.8|0.6|1|2,47630323,TP_z23_03,TP_z23_03,z,0.6693819531966643,0.0,0.7346451283169946,0.5,0.2438819183279328,True,-1.7119998284434943
outer_train_fit,z|35|0.8|0.1|0.7|0.8,,z|45|0.8|0.6|1|2,47631133,025,TP_z02_02,z,0.6693819531966643,0.0,0.8608424803305057,0.5,0.22052498765968406,True,-0.6747261546461394
outer_train_fit,z|35|0.8|0.1|0.7|0.8,,z|45|0.8|0.6|1|2,47631268,117,TP_z02_01,z,0.6693819531966643,0.0,0.8420544234480628,0.5,0.22408110744659518,True,-0.6975805755871279
nested_validation,z|45|0.41|0.05|1|1,z|23|0.25|0.05|0.4|0.3,z|23|0.25|0.05|0.4|0.3,47632648,INT161,TP_z05_02,z,0.6064468466220085,1.164735041135701,0.1075405724532581,1.0,0.1772546320250464,False,0.0
nested_validation,z|45|0.41|0.05|1|1,z|23|0.25|0.05|0.4|0.3,z|23|0.25|0.05|0.4|0.3,47632660,INT200,TP_z05_03,z,0.6064468466220085,1.164735041135701,0.1210175864974995,1.0,0.17698184506061662,False,0.0
nested_validation,z|45|0.41|0.05|1|1,z|23|0.25|0.05|0.4|0.3,z|23|0.25|0.05|0.4|0.3,47632663,INT073,TP_z05_01,z,0.6064468466220085,1.164735041135701,0.1544962668535451,1.0,0.17616749822408573,False,0.0
nested_validation,z|45|0.41|0.05|1|1,z|23|0.69|0.2|1|0.5,z|23|0.69|0.2|1|0.5,47632750,INT059,TP_z04_01,z,0.6281472457559458,1.1430942493118919,0.6673106758046793,1.0,0.1460384706789609,False,0.0
nested_validation,z|45|0.41|0.05|1|1,z|23|0.69|0.2|1|0.5,z|23|0.69|0.2|1|0.5,47632810,INT037,TP_z04_02,z,0.6281472457559458,1.1430942493118919,0.6677168041909525,1.0,0.14599888555904086,False,0.0
nested_validation,z|45|0.41|0.05|1|1,z|23|0.69|0.2|1|0.5,z|23|0.69|0.2|1|0.5,47639014,INT027,TP_z04_03,z,0.6281472457559458,1.1430942493118919,0.6670338054970545,1.0,0.14606544942374652,False,0.0
nested_validation,z|45|0.41|0.05|1|1,z|23|0.8|0.25|0.2|1.4,z|23|0.8|0.25|0.2|1.4,47632675,INT163,TP_z07_02,z,0.4343319824658965,1.1430942493118919,0.4245437059242428,1.0,0.20486021449900682,True,0.3643471689657197
nested_validation,z|45|0.41|0.05|1|1,z|23|0.8|0.25|0.2|1.4,z|23|0.8|0.25|0.2|1.4,47632744,INT078,TP_z07_03,z,0.4343319824658965,1.1430942493118919,0.4238110787336789,1.0,0.20492388754955537,True,0.3652195755940848
nested_validation,z|45|0.41|0.05|1|1,z|23|0.8|0.25|0.2|1.4,z|23|0.8|0.25|0.2|1.4,47632753,INT065,TP_z07_01,z,0.4343319824658965,1.1430942493118919,0.4240347772004693,1.0,0.20490445535241944,True,0.36500754049998996
nested_validation,z|45|0.41|0.05|1|1,z|23|0.8|0.25|0.2|1.4,z|23|0.8|0.25|0.2|1.4,47632804,TP_z12_01,TP_z12_01,z,0.4343319824658965,1.1430942493118919,0.9442543873185116,1.0,0.14354353531781422,False,0.0
nested_validation,z|45|0.41|0.05|1|1,z|23|0.8|0.25|0.2|1.4,z|23|0.8|0.25|0.2|1.4,47632831,TP_z12_02,TP_z12_02,z,0.4343319824658965,1.1430942493118919,0.9337244472045942,1.0,0.14496986214271343,False,0.0
nested_validation,z|45|0.41|0.05|1|1,z|23|0.8|0.25|0.2|1.4,z|23|0.8|0.25|0.2|1.4,47632834,TP_z12_03,TP_z12_03,z,0.4343319824658965,1.1430942493118919,0.9533208462311606,1.0,0.1423140488559992,False,0.0
nested_validation,z|45|0.41|0.05|1|1,z|45|0.52|0.05|0.3|0.7,z|45|0.52|0.05|0.3|0.7,47632588,TP_z13_03,TP_z13_03,z,0.430573991725906,1.1619333877339373,0.5558113006381298,1.0,0.18452944018362247,False,0.0
nested_validation,z|45|0.41|0.05|1|1,z|45|0.52|0.05|0.3|0.7,z|45|0.52|0.05|0.3|0.7,47632597,TP_z13_01,TP_z13_01,z,0.430573991725906,1.1619333877339373,0.5563349193859601,1.0,0.18447571851159553,False,0.0
nested_validation,z|45|0.41|0.05|1|1,z|45|0.52|0.05|0.3|0.7,z|45|0.52|0.05|0.3|0.7,47632603,TP_z13_02,TP_z13_02,z,0.430573991725906,1.1619333877339373,0.5563349193859601,1.0,0.18447571851159553,False,0.0
nested_validation,z|45|0.41|0.05|1|1,z|45|0.8|0.6|0.2|0.44,z|45|0.8|0.6|0.2|0.44,47632591,TP_z21_01,TP_z21_01,z,0.7420472914420315,1.1619333877339373,1.11107034407233,0.5,0.04031187390579599,False,0.0
nested_validation,z|45|0.41|0.05|1|1,z|45|0.8|0.6|0.2|0.44,z|45|0.8|0.6|0.2|0.44,47632621,TP_z18_02,TP_z18_02,z,0.7420472914420315,1.1619333877339373,1.11107034407233,0.5,0.04031187390579599,False,0.0
nested_validation,z|45|0.41|0.05|1|1,z|45|0.8|0.6|0.2|0.44,z|45|0.8|0.6|0.2|0.44,47632624,TP_z18_03,TP_z18_03,z,0.7420472914420315,1.1619333877339373,1.11107034407233,0.5,0.04031187390579599,False,0.0
nested_validation,z|45|0.41|0.05|1|1,z|45|0.8|0.6|0.2|0.44,z|45|0.8|0.6|0.2|0.44,47632630,TP_z18_01,TP_z18_01,z,0.7420472914420315,1.1619333877339373,1.11107034407233,0.5,0.04031187390579599,False,0.0
nested_validation,z|45|0.41|0.05|1|1,z|45|0.8|0.6|0.2|0.44,z|45|0.8|0.6|0.2|0.44,47632636,TP_z21_03,TP_z21_03,z,0.7420472914420315,1.1619333877339373,1.11107034407233,0.5,0.04031187390579599,False,0.0
nested_validation,z|45|0.41|0.05|1|1,z|45|0.8|0.6|0.2|0.44,z|45|0.8|0.6|0.2|0.44,47632639,TP_z21_02,TP_z21_02,z,0.7420472914420315,1.1619333877339373,1.11107034407233,0.5,0.04031187390579599,False,0.0
nested_validation,z|45|0.41|0.05|1|1,z|45|0.8|0.6|0.2|0.44,z|45|0.8|0.6|0.2|0.44,47632666,TP_z24_02,TP_z24_02,z,0.7420472914420315,1.1619333877339373,1.11107034407233,0.5,0.04031187390579599,False,0.0
nested_validation,z|45|0.41|0.05|1|1,z|45|0.8|0.6|0.2|0.44,z|45|0.8|0.6|0.2|0.44,47632669,TP_z22_03,TP_z22_03,z,0.7420472914420315,1.1619333877339373,1.11107034407233,0.5,0.04031187390579599,False,0.0
nested_validation,z|45|0.41|0.05|1|1,z|45|0.8|0.6|0.2|0.44,z|45|0.8|0.6|0.2|0.44,47632747,TP_z24_01,TP_z24_01,z,0.7420472914420315,1.1619333877339373,1.124929313751542,0.5,0.03969208262430748,False,0.0
nested_validation,z|45|0.41|0.05|1|1,z|45|0.8|0.6|0.2|0.44,z|45|0.8|0.6|0.2|0.44,47632786,TP_z24_03,TP_z24_03,z,0.7420472914420315,1.1619333877339373,1.125425414363924,0.5,0.03966993263962476,False,0.0
nested_validation,z|45|0.41|0.05|1|1,z|45|0.8|0.6|0.2|0.44,z|45|0.8|0.6|0.2|0.44,47632795,TP_z22_02,TP_z22_02,z,0.7420472914420315,1.1619333877339373,1.11107034407233,0.5,0.04031187390579599,False,0.0
nested_validation,z|45|0.41|0.05|1|1,z|45|0.8|0.6|0.2|0.44,z|45|0.8|0.6|0.2|0.44,47632798,TP_z22_01,TP_z22_01,z,0.7420472914420315,1.1619333877339373,1.11107034407233,0.5,0.04031187390579599,False,0.0
nested_validation,z|45|0.41|0.05|1|1,z|45|0.8|0.6|1|2,z|45|0.8|0.6|1|2,47629771,TP_z20_02,TP_z20_02,z,0.6693819531966643,1.3232955494186138,0.7372229268950524,0.5,0.042253025726858295,False,0.0
nested_validation,z|45|0.41|0.05|1|1,z|45|0.8|0.6|1|2,z|45|0.8|0.6|1|2,47629825,TP_z23_01,TP_z23_01,z,0.6693819531966643,1.3232955494186138,0.7375268799550213,0.5,0.04224355672899485,False,0.0
nested_validation,z|45|0.41|0.05|1|1,z|45|0.8|0.6|1|2,z|45|0.8|0.6|1|2,47629960,TP_z23_02,TP_z23_02,z,0.6693819531966643,1.3232955494186138,0.7375268799550213,0.5,0.04224355672899485,False,0.0
nested_validation,z|45|0.41|0.05|1|1,z|45|0.8|0.6|1|2,z|45|0.8|0.6|1|2,47630290,TP_z20_03,TP_z20_03,z,0.6693819531966643,1.3232955494186138,0.7372229268950524,0.5,0.042253025726858295,False,0.0
nested_validation,z|45|0.41|0.05|1|1,z|45|0.8|0.6|1|2,z|45|0.8|0.6|1|2,47630314,139,TP_z02_03,z,0.6693819531966643,1.3232955494186138,0.8628189652321777,0.5,0.038213792271028106,False,0.0
nested_validation,z|45|0.41|0.05|1|1,z|45|0.8|0.6|1|2,z|45|0.8|0.6|1|2,47630320,TP_z20_01,TP_z20_01,z,0.6693819531966643,1.3232955494186138,0.7375268799550213,0.5,0.04224355672899485,False,0.0
nested_validation,z|45|0.41|0.05|1|1,z|45|0.8|0.6|1|2,z|45|0.8|0.6|1|2,47630323,TP_z23_03,TP_z23_03,z,0.6693819531966643,1.3232955494186138,0.7346451283169946,0.5,0.042333259587684045,False,0.0
nested_validation,z|45|0.41|0.05|1|1,z|45|0.8|0.6|1|2,z|45|0.8|0.6|1|2,47631133,025,TP_z02_02,z,0.6693819531966643,1.3232955494186138,0.8608424803305057,0.5,0.03827894094065353,False,0.0
nested_validation,z|45|0.41|0.05|1|1,z|45|0.8|0.6|1|2,z|45|0.8|0.6|1|2,47631268,117,TP_z02_01,z,0.6693819531966643,1.3232955494186138,0.8420544234480628,0.5,0.03889621565743587,False,0.0
outer_test,z|45|0.41|0.05|1|1,,z|45|0.41|0.05|1|1,47632627,TP_z14_02,TP_z14_02,z,0.3496439368314625,0.9174981077788541,0.8968057387497814,1.0,0.25507850285493555,True,-0.03923036968214949
outer_test,z|45|0.41|0.05|1|1,,z|45|0.41|0.05|1|1,47632645,TP_z14_03,TP_z14_03,z,0.3496439368314625,0.9174981077788541,1.0124651235188196,1.0,0.2284137792596872,True,-0.08055430915680775
outer_test,z|45|0.41|0.05|1|1,,z|45|0.41|0.05|1|1,47632654,TP_z14_01,TP_z14_01,z,0.3496439368314625,0.9174981077788541,0.9830712214245206,1.0,0.23521196949622036,True,-0.06947047705851367
outer_train_fit,z|45|0.41|0.05|1|1,,z|23|0.25|0.05|0.4|0.3,47632648,INT161,TP_z05_02,z,0.6064468466220085,0.0,0.1075405724532581,1.0,0.6882795057859648,True,3.808591723791903
outer_train_fit,z|45|0.41|0.05|1|1,,z|23|0.25|0.05|0.4|0.3,47632660,INT200,TP_z05_03,z,0.6064468466220085,0.0,0.1210175864974995,1.0,0.6872202743576088,True,3.7975540976372852
outer_train_fit,z|45|0.41|0.05|1|1,,z|23|0.25|0.05|0.4|0.3,47632663,INT073,TP_z05_01,z,0.6064468466220085,0.0,0.1544962668535451,1.0,0.6840581666497175,True,3.752842132058285
outer_train_fit,z|45|0.41|0.05|1|1,,z|23|0.69|0.2|1|0.5,47632750,INT059,TP_z04_01,z,0.6281472457559458,0.0,0.6673106758046793,1.0,0.5394416092509513,True,0.41944810048717984
outer_train_fit,z|45|0.41|0.05|1|1,,z|23|0.69|0.2|1|0.5,47632810,INT037,TP_z04_02,z,0.6281472457559458,0.0,0.6677168041909525,1.0,0.5392953884593149,True,0.413131000867733
outer_train_fit,z|45|0.41|0.05|1|1,,z|23|0.69|0.2|1|0.5,47639014,INT027,TP_z04_03,z,0.6281472457559458,0.0,0.6670338054970545,1.0,0.5395412642078614,True,0.4188553796891378
outer_train_fit,z|45|0.41|0.05|1|1,,z|23|0.8|0.25|0.2|1.4,47632675,INT163,TP_z07_02,z,0.4343319824658965,0.0,0.4245437059242428,1.0,0.7567192621715122,True,1.3458373142304572
outer_train_fit,z|45|0.41|0.05|1|1,,z|23|0.8|0.25|0.2|1.4,47632744,INT078,TP_z07_03,z,0.4343319824658965,0.0,0.4238110787336789,1.0,0.7569544597375655,True,1.3490598379486152
outer_train_fit,z|45|0.41|0.05|1|1,,z|23|0.8|0.25|0.2|1.4,47632753,INT065,TP_z07_01,z,0.4343319824658965,0.0,0.4240347772004693,1.0,0.7568826804615599,True,1.348276615884974
outer_train_fit,z|45|0.41|0.05|1|1,,z|23|0.8|0.25|0.2|1.4,47632804,TP_z12_01,TP_z12_01,z,0.4343319824658965,0.0,0.9442543873185116,1.0,0.5302257366117977,True,-0.7737949856866343
outer_train_fit,z|45|0.41|0.05|1|1,,z|23|0.8|0.25|0.2|1.4,47632831,TP_z12_02,TP_z12_02,z,0.4343319824658965,0.0,0.9337244472045942,1.0,0.5354943486026262,True,-0.7672342860696386
outer_train_fit,z|45|0.41|0.05|1|1,,z|23|0.8|0.25|0.2|1.4,47632834,TP_z12_03,TP_z12_03,z,0.4343319824658965,0.0,0.9533208462311606,1.0,0.5256842198975358,True,-0.7661206960003645
outer_train_fit,z|45|0.41|0.05|1|1,,z|45|0.52|0.05|0.3|0.7,47632588,TP_z13_03,TP_z13_03,z,0.430573991725906,0.0,0.5558113006381298,1.0,0.7118720681284797,True,-0.06490321084929207
outer_train_fit,z|45|0.41|0.05|1|1,,z|45|0.52|0.05|0.3|0.7,47632597,TP_z13_01,TP_z13_01,z,0.430573991725906,0.0,0.5563349193859601,1.0,0.7116648222942591,True,-0.05349702734571407
outer_train_fit,z|45|0.41|0.05|1|1,,z|45|0.52|0.05|0.3|0.7,47632603,TP_z13_02,TP_z13_02,z,0.430573991725906,0.0,0.5563349193859601,1.0,0.7116648222942591,True,-0.05349702734571407
outer_train_fit,z|45|0.41|0.05|1|1,,z|45|0.8|0.6|0.2|0.44,47632591,TP_z21_01,TP_z21_01,z,0.7420472914420315,0.0,1.11107034407233,0.5,0.1555139224337192,False,0.0
outer_train_fit,z|45|0.41|0.05|1|1,,z|45|0.8|0.6|0.2|0.44,47632621,TP_z18_02,TP_z18_02,z,0.7420472914420315,0.0,1.11107034407233,0.5,0.1555139224337192,False,0.0
outer_train_fit,z|45|0.41|0.05|1|1,,z|45|0.8|0.6|0.2|0.44,47632624,TP_z18_03,TP_z18_03,z,0.7420472914420315,0.0,1.11107034407233,0.5,0.1555139224337192,False,0.0
outer_train_fit,z|45|0.41|0.05|1|1,,z|45|0.8|0.6|0.2|0.44,47632630,TP_z18_01,TP_z18_01,z,0.7420472914420315,0.0,1.11107034407233,0.5,0.1555139224337192,False,0.0
outer_train_fit,z|45|0.41|0.05|1|1,,z|45|0.8|0.6|0.2|0.44,47632636,TP_z21_03,TP_z21_03,z,0.7420472914420315,0.0,1.11107034407233,0.5,0.1555139224337192,False,0.0
outer_train_fit,z|45|0.41|0.05|1|1,,z|45|0.8|0.6|0.2|0.44,47632639,TP_z21_02,TP_z21_02,z,0.7420472914420315,0.0,1.11107034407233,0.5,0.1555139224337192,False,0.0
outer_train_fit,z|45|0.41|0.05|1|1,,z|45|0.8|0.6|0.2|0.44,47632666,TP_z24_02,TP_z24_02,z,0.7420472914420315,0.0,1.11107034407233,0.5,0.1555139224337192,False,0.0
outer_train_fit,z|45|0.41|0.05|1|1,,z|45|0.8|0.6|0.2|0.44,47632669,TP_z22_03,TP_z22_03,z,0.7420472914420315,0.0,1.11107034407233,0.5,0.1555139224337192,False,0.0
outer_train_fit,z|45|0.41|0.05|1|1,,z|45|0.8|0.6|0.2|0.44,47632747,TP_z24_01,TP_z24_01,z,0.7420472914420315,0.0,1.124929313751542,0.5,0.1531229104579489,False,0.0
outer_train_fit,z|45|0.41|0.05|1|1,,z|45|0.8|0.6|0.2|0.44,47632786,TP_z24_03,TP_z24_03,z,0.7420472914420315,0.0,1.125425414363924,0.5,0.15303746091998138,False,0.0
outer_train_fit,z|45|0.41|0.05|1|1,,z|45|0.8|0.6|0.2|0.44,47632795,TP_z22_02,TP_z22_02,z,0.7420472914420315,0.0,1.11107034407233,0.5,0.1555139224337192,False,0.0
outer_train_fit,z|45|0.41|0.05|1|1,,z|45|0.8|0.6|0.2|0.44,47632798,TP_z22_01,TP_z22_01,z,0.7420472914420315,0.0,1.11107034407233,0.5,0.1555139224337192,False,0.0
outer_train_fit,z|45|0.41|0.05|1|1,,z|45|0.8|0.6|1|2,47629771,TP_z20_02,TP_z20_02,z,0.6693819531966643,0.0,0.7372229268950524,0.5,0.2434196910370597,True,-1.70561421729418
outer_train_fit,z|45|0.41|0.05|1|1,,z|45|0.8|0.6|1|2,47629825,TP_z23_01,TP_z23_01,z,0.6693819531966643,0.0,0.7375268799550213,0.5,0.2433651401381667,True,-1.6995884498644516
outer_train_fit,z|45|0.41|0.05|1|1,,z|45|0.8|0.6|1|2,47629960,TP_z23_02,TP_z23_02,z,0.6693819531966643,0.0,0.7375268799550213,0.5,0.2433651401381667,True,-1.6995884498644516
outer_train_fit,z|45|0.41|0.05|1|1,,z|45|0.8|0.6|1|2,47630290,TP_z20_03,TP_z20_03,z,0.6693819531966643,0.0,0.7372229268950524,0.5,0.2434196910370597,True,-1.70561421729418
outer_train_fit,z|45|0.41|0.05|1|1,,z|45|0.8|0.6|1|2,47630314,139,TP_z02_03,z,0.6693819531966643,0.0,0.8628189652321777,0.5,0.2201496661588237,True,-0.6719555984520007
outer_train_fit,z|45|0.41|0.05|1|1,,z|45|0.8|0.6|1|2,47630320,TP_z20_01,TP_z20_01,z,0.6693819531966643,0.0,0.7375268799550213,0.5,0.2433651401381667,True,-1.6995884498644516
outer_train_fit,z|45|0.41|0.05|1|1,,z|45|0.8|0.6|1|2,47630323,TP_z23_03,TP_z23_03,z,0.6693819531966643,0.0,0.7346451283169946,0.5,0.2438819183279328,True,-1.7119998284434943
outer_train_fit,z|45|0.41|0.05|1|1,,z|45|0.8|0.6|1|2,47631133,025,TP_z02_02,z,0.6693819531966643,0.0,0.8608424803305057,0.5,0.22052498765968406,True,-0.6747261546461394
outer_train_fit,z|45|0.41|0.05|1|1,,z|45|0.8|0.6|1|2,47631268,117,TP_z02_01,z,0.6693819531966643,0.0,0.8420544234480628,0.5,0.22408110744659518,True,-0.6975805755871279
nested_validation,z|45|0.47|0.15|0.7|1.9,z|23|0.25|0.05|0.4|0.3,z|23|0.25|0.05|0.4|0.3,47632648,INT161,TP_z05_02,z,0.6064468466220085,1.1931579293210106,0.1075405724532581,1.0,0.16576467623344174,False,0.0
nested_validation,z|45|0.47|0.15|0.7|1.9,z|23|0.25|0.05|0.4|0.3,z|23|0.25|0.05|0.4|0.3,47632660,INT200,TP_z05_03,z,0.6064468466220085,1.1931579293210106,0.1210175864974995,1.0,0.16550957179795925,False,0.0
nested_validation,z|45|0.47|0.15|0.7|1.9,z|23|0.25|0.05|0.4|0.3,z|23|0.25|0.05|0.4|0.3,47632663,INT073,TP_z05_01,z,0.6064468466220085,1.1931579293210106,0.1544962668535451,1.0,0.16474801235007866,False,0.0
nested_validation,z|45|0.47|0.15|0.7|1.9,z|23|0.69|0.2|1|0.5,z|23|0.69|0.2|1|0.5,47632750,INT059,TP_z04_01,z,0.6281472457559458,1.1430942493118919,0.6673106758046793,1.0,0.1460384706789609,False,0.0
nested_validation,z|45|0.47|0.15|0.7|1.9,z|23|0.69|0.2|1|0.5,z|23|0.69|0.2|1|0.5,47632810,INT037,TP_z04_02,z,0.6281472457559458,1.1430942493118919,0.6677168041909525,1.0,0.14599888555904086,False,0.0
nested_validation,z|45|0.47|0.15|0.7|1.9,z|23|0.69|0.2|1|0.5,z|23|0.69|0.2|1|0.5,47639014,INT027,TP_z04_03,z,0.6281472457559458,1.1430942493118919,0.6670338054970545,1.0,0.14606544942374652,False,0.0
nested_validation,z|45|0.47|0.15|0.7|1.9,z|23|0.8|0.25|0.2|1.4,z|23|0.8|0.25|0.2|1.4,47632675,INT163,TP_z07_02,z,0.4343319824658965,1.1430942493118919,0.4245437059242428,1.0,0.20486021449900682,True,0.3643471689657197
nested_validation,z|45|0.47|0.15|0.7|1.9,z|23|0.8|0.25|0.2|1.4,z|23|0.8|0.25|0.2|1.4,47632744,INT078,TP_z07_03,z,0.4343319824658965,1.1430942493118919,0.4238110787336789,1.0,0.20492388754955537,True,0.3652195755940848
nested_validation,z|45|0.47|0.15|0.7|1.9,z|23|0.8|0.25|0.2|1.4,z|23|0.8|0.25|0.2|1.4,47632753,INT065,TP_z07_01,z,0.4343319824658965,1.1430942493118919,0.4240347772004693,1.0,0.20490445535241944,True,0.36500754049998996
nested_validation,z|45|0.47|0.15|0.7|1.9,z|23|0.8|0.25|0.2|1.4,z|23|0.8|0.25|0.2|1.4,47632804,TP_z12_01,TP_z12_01,z,0.4343319824658965,1.1430942493118919,0.9442543873185116,1.0,0.14354353531781422,False,0.0
nested_validation,z|45|0.47|0.15|0.7|1.9,z|23|0.8|0.25|0.2|1.4,z|23|0.8|0.25|0.2|1.4,47632831,TP_z12_02,TP_z12_02,z,0.4343319824658965,1.1430942493118919,0.9337244472045942,1.0,0.14496986214271343,False,0.0
nested_validation,z|45|0.47|0.15|0.7|1.9,z|23|0.8|0.25|0.2|1.4,z|23|0.8|0.25|0.2|1.4,47632834,TP_z12_03,TP_z12_03,z,0.4343319824658965,1.1430942493118919,0.9533208462311606,1.0,0.1423140488559992,False,0.0
nested_validation,z|45|0.47|0.15|0.7|1.9,z|45|0.41|0.05|1|1,z|45|0.41|0.05|1|1,47632627,TP_z14_02,TP_z14_02,z,0.3496439368314625,1.210429948041776,0.8968057387497814,1.0,0.13676080770753946,False,0.0
nested_validation,z|45|0.47|0.15|0.7|1.9,z|45|0.41|0.05|1|1,z|45|0.41|0.05|1|1,47632645,TP_z14_03,TP_z14_03,z,0.3496439368314625,1.210429948041776,1.0124651235188196,1.0,0.12246446718738853,False,0.0
nested_validation,z|45|0.47|0.15|0.7|1.9,z|45|0.41|0.05|1|1,z|45|0.41|0.05|1|1,47632654,TP_z14_01,TP_z14_01,z,0.3496439368314625,1.210429948041776,0.9830712214245206,1.0,0.1261093293662548,False,0.0
nested_validation,z|45|0.47|0.15|0.7|1.9,z|45|0.8|0.6|0.2|0.44,z|45|0.8|0.6|0.2|0.44,47632591,TP_z21_01,TP_z21_01,z,0.7420472914420315,1.2997704113151656,1.11107034407233,0.5,0.02871248767664423,False,0.0
nested_validation,z|45|0.47|0.15|0.7|1.9,z|45|0.8|0.6|0.2|0.44,z|45|0.8|0.6|0.2|0.44,47632621,TP_z18_02,TP_z18_02,z,0.7420472914420315,1.2997704113151656,1.11107034407233,0.5,0.02871248767664423,False,0.0
nested_validation,z|45|0.47|0.15|0.7|1.9,z|45|0.8|0.6|0.2|0.44,z|45|0.8|0.6|0.2|0.44,47632624,TP_z18_03,TP_z18_03,z,0.7420472914420315,1.2997704113151656,1.11107034407233,0.5,0.02871248767664423,False,0.0
nested_validation,z|45|0.47|0.15|0.7|1.9,z|45|0.8|0.6|0.2|0.44,z|45|0.8|0.6|0.2|0.44,47632630,TP_z18_01,TP_z18_01,z,0.7420472914420315,1.2997704113151656,1.11107034407233,0.5,0.02871248767664423,False,0.0
nested_validation,z|45|0.47|0.15|0.7|1.9,z|45|0.8|0.6|0.2|0.44,z|45|0.8|0.6|0.2|0.44,47632636,TP_z21_03,TP_z21_03,z,0.7420472914420315,1.2997704113151656,1.11107034407233,0.5,0.02871248767664423,False,0.0
nested_validation,z|45|0.47|0.15|0.7|1.9,z|45|0.8|0.6|0.2|0.44,z|45|0.8|0.6|0.2|0.44,47632639,TP_z21_02,TP_z21_02,z,0.7420472914420315,1.2997704113151656,1.11107034407233,0.5,0.02871248767664423,False,0.0
nested_validation,z|45|0.47|0.15|0.7|1.9,z|45|0.8|0.6|0.2|0.44,z|45|0.8|0.6|0.2|0.44,47632666,TP_z24_02,TP_z24_02,z,0.7420472914420315,1.2997704113151656,1.11107034407233,0.5,0.02871248767664423,False,0.0
nested_validation,z|45|0.47|0.15|0.7|1.9,z|45|0.8|0.6|0.2|0.44,z|45|0.8|0.6|0.2|0.44,47632669,TP_z22_03,TP_z22_03,z,0.7420472914420315,1.2997704113151656,1.11107034407233,0.5,0.02871248767664423,False,0.0
nested_validation,z|45|0.47|0.15|0.7|1.9,z|45|0.8|0.6|0.2|0.44,z|45|0.8|0.6|0.2|0.44,47632747,TP_z24_01,TP_z24_01,z,0.7420472914420315,1.2997704113151656,1.124929313751542,0.5,0.028271035870821037,False,0.0
nested_validation,z|45|0.47|0.15|0.7|1.9,z|45|0.8|0.6|0.2|0.44,z|45|0.8|0.6|0.2|0.44,47632786,TP_z24_03,TP_z24_03,z,0.7420472914420315,1.2997704113151656,1.125425414363924,0.5,0.02825525934890279,False,0.0
nested_validation,z|45|0.47|0.15|0.7|1.9,z|45|0.8|0.6|0.2|0.44,z|45|0.8|0.6|0.2|0.44,47632795,TP_z22_02,TP_z22_02,z,0.7420472914420315,1.2997704113151656,1.11107034407233,0.5,0.02871248767664423,False,0.0
nested_validation,z|45|0.47|0.15|0.7|1.9,z|45|0.8|0.6|0.2|0.44,z|45|0.8|0.6|0.2|0.44,47632798,TP_z22_01,TP_z22_01,z,0.7420472914420315,1.2997704113151656,1.11107034407233,0.5,0.02871248767664423,False,0.0
nested_validation,z|45|0.47|0.15|0.7|1.9,z|45|0.8|0.6|1|2,z|45|0.8|0.6|1|2,47629771,TP_z20_02,TP_z20_02,z,0.6693819531966643,1.3232955494186138,0.7372229268950524,0.5,0.042253025726858295,False,0.0
nested_validation,z|45|0.47|0.15|0.7|1.9,z|45|0.8|0.6|1|2,z|45|0.8|0.6|1|2,47629825,TP_z23_01,TP_z23_01,z,0.6693819531966643,1.3232955494186138,0.7375268799550213,0.5,0.04224355672899485,False,0.0
nested_validation,z|45|0.47|0.15|0.7|1.9,z|45|0.8|0.6|1|2,z|45|0.8|0.6|1|2,47629960,TP_z23_02,TP_z23_02,z,0.6693819531966643,1.3232955494186138,0.7375268799550213,0.5,0.04224355672899485,False,0.0
nested_validation,z|45|0.47|0.15|0.7|1.9,z|45|0.8|0.6|1|2,z|45|0.8|0.6|1|2,47630290,TP_z20_03,TP_z20_03,z,0.6693819531966643,1.3232955494186138,0.7372229268950524,0.5,0.042253025726858295,False,0.0
nested_validation,z|45|0.47|0.15|0.7|1.9,z|45|0.8|0.6|1|2,z|45|0.8|0.6|1|2,47630314,139,TP_z02_03,z,0.6693819531966643,1.3232955494186138,0.8628189652321777,0.5,0.038213792271028106,False,0.0
nested_validation,z|45|0.47|0.15|0.7|1.9,z|45|0.8|0.6|1|2,z|45|0.8|0.6|1|2,47630320,TP_z20_01,TP_z20_01,z,0.6693819531966643,1.3232955494186138,0.7375268799550213,0.5,0.04224355672899485,False,0.0
nested_validation,z|45|0.47|0.15|0.7|1.9,z|45|0.8|0.6|1|2,z|45|0.8|0.6|1|2,47630323,TP_z23_03,TP_z23_03,z,0.6693819531966643,1.3232955494186138,0.7346451283169946,0.5,0.042333259587684045,False,0.0
nested_validation,z|45|0.47|0.15|0.7|1.9,z|45|0.8|0.6|1|2,z|45|0.8|0.6|1|2,47631133,025,TP_z02_02,z,0.6693819531966643,1.3232955494186138,0.8608424803305057,0.5,0.03827894094065353,False,0.0
nested_validation,z|45|0.47|0.15|0.7|1.9,z|45|0.8|0.6|1|2,z|45|0.8|0.6|1|2,47631268,117,TP_z02_01,z,0.6693819531966643,1.3232955494186138,0.8420544234480628,0.5,0.03889621565743587,False,0.0
outer_test,z|45|0.47|0.15|0.7|1.9,,z|45|0.47|0.15|0.7|1.9,47632447,182,TP_z01_03,z,0.3606937759374287,0.6618782752437713,1.2795374122899206,1.0,0.24987590959590847,True,0.25211816446014995
outer_test,z|45|0.47|0.15|0.7|1.9,,z|45|0.47|0.15|0.7|1.9,47632450,047,TP_z01_02,z,0.3606937759374287,0.6618782752437713,1.2795374122899206,1.0,0.24987590959590847,True,0.25211816446014995
outer_test,z|45|0.47|0.15|0.7|1.9,,z|45|0.47|0.15|0.7|1.9,47632462,021,TP_z01_01,z,0.3606937759374287,0.6618782752437713,1.2795374122899206,1.0,0.24987590959590847,True,0.25211816446014995
outer_train_fit,z|45|0.47|0.15|0.7|1.9,,z|23|0.25|0.05|0.4|0.3,47632648,INT161,TP_z05_02,z,0.6064468466220085,0.0,0.1075405724532581,1.0,0.6882795057859648,True,3.808591723791903
outer_train_fit,z|45|0.47|0.15|0.7|1.9,,z|23|0.25|0.05|0.4|0.3,47632660,INT200,TP_z05_03,z,0.6064468466220085,0.0,0.1210175864974995,1.0,0.6872202743576088,True,3.7975540976372852
outer_train_fit,z|45|0.47|0.15|0.7|1.9,,z|23|0.25|0.05|0.4|0.3,47632663,INT073,TP_z05_01,z,0.6064468466220085,0.0,0.1544962668535451,1.0,0.6840581666497175,True,3.752842132058285
outer_train_fit,z|45|0.47|0.15|0.7|1.9,,z|23|0.69|0.2|1|0.5,47632750,INT059,TP_z04_01,z,0.6281472457559458,0.0,0.6673106758046793,1.0,0.5394416092509513,True,0.41944810048717984
outer_train_fit,z|45|0.47|0.15|0.7|1.9,,z|23|0.69|0.2|1|0.5,47632810,INT037,TP_z04_02,z,0.6281472457559458,0.0,0.6677168041909525,1.0,0.5392953884593149,True,0.413131000867733
outer_train_fit,z|45|0.47|0.15|0.7|1.9,,z|23|0.69|0.2|1|0.5,47639014,INT027,TP_z04_03,z,0.6281472457559458,0.0,0.6670338054970545,1.0,0.5395412642078614,True,0.4188553796891378
outer_train_fit,z|45|0.47|0.15|0.7|1.9,,z|23|0.8|0.25|0.2|1.4,47632675,INT163,TP_z07_02,z,0.4343319824658965,0.0,0.4245437059242428,1.0,0.7567192621715122,True,1.3458373142304572
outer_train_fit,z|45|0.47|0.15|0.7|1.9,,z|23|0.8|0.25|0.2|1.4,47632744,INT078,TP_z07_03,z,0.4343319824658965,0.0,0.4238110787336789,1.0,0.7569544597375655,True,1.3490598379486152
outer_train_fit,z|45|0.47|0.15|0.7|1.9,,z|23|0.8|0.25|0.2|1.4,47632753,INT065,TP_z07_01,z,0.4343319824658965,0.0,0.4240347772004693,1.0,0.7568826804615599,True,1.348276615884974
outer_train_fit,z|45|0.47|0.15|0.7|1.9,,z|23|0.8|0.25|0.2|1.4,47632804,TP_z12_01,TP_z12_01,z,0.4343319824658965,0.0,0.9442543873185116,1.0,0.5302257366117977,True,-0.7737949856866343
outer_train_fit,z|45|0.47|0.15|0.7|1.9,,z|23|0.8|0.25|0.2|1.4,47632831,TP_z12_02,TP_z12_02,z,0.4343319824658965,0.0,0.9337244472045942,1.0,0.5354943486026262,True,-0.7672342860696386
outer_train_fit,z|45|0.47|0.15|0.7|1.9,,z|23|0.8|0.25|0.2|1.4,47632834,TP_z12_03,TP_z12_03,z,0.4343319824658965,0.0,0.9533208462311606,1.0,0.5256842198975358,True,-0.7661206960003645
outer_train_fit,z|45|0.47|0.15|0.7|1.9,,z|45|0.41|0.05|1|1,47632627,TP_z14_02,TP_z14_02,z,0.3496439368314625,0.0,0.8968057387497814,1.0,0.5919215622414634,True,-0.09103590247577288
outer_train_fit,z|45|0.47|0.15|0.7|1.9,,z|45|0.41|0.05|1|1,47632645,TP_z14_03,TP_z14_03,z,0.3496439368314625,0.0,1.0124651235188196,1.0,0.5300448275477039,True,-0.1869300312950965
outer_train_fit,z|45|0.47|0.15|0.7|1.9,,z|45|0.41|0.05|1|1,47632654,TP_z14_01,TP_z14_01,z,0.3496439368314625,0.0,0.9830712214245206,1.0,0.545820345045985,True,-0.16120948198257584
outer_train_fit,z|45|0.47|0.15|0.7|1.9,,z|45|0.8|0.6|0.2|0.44,47632591,TP_z21_01,TP_z21_01,z,0.7420472914420315,0.0,1.11107034407233,0.5,0.1555139224337192,False,0.0
outer_train_fit,z|45|0.47|0.15|0.7|1.9,,z|45|0.8|0.6|0.2|0.44,47632621,TP_z18_02,TP_z18_02,z,0.7420472914420315,0.0,1.11107034407233,0.5,0.1555139224337192,False,0.0
outer_train_fit,z|45|0.47|0.15|0.7|1.9,,z|45|0.8|0.6|0.2|0.44,47632624,TP_z18_03,TP_z18_03,z,0.7420472914420315,0.0,1.11107034407233,0.5,0.1555139224337192,False,0.0
outer_train_fit,z|45|0.47|0.15|0.7|1.9,,z|45|0.8|0.6|0.2|0.44,47632630,TP_z18_01,TP_z18_01,z,0.7420472914420315,0.0,1.11107034407233,0.5,0.1555139224337192,False,0.0
outer_train_fit,z|45|0.47|0.15|0.7|1.9,,z|45|0.8|0.6|0.2|0.44,47632636,TP_z21_03,TP_z21_03,z,0.7420472914420315,0.0,1.11107034407233,0.5,0.1555139224337192,False,0.0
outer_train_fit,z|45|0.47|0.15|0.7|1.9,,z|45|0.8|0.6|0.2|0.44,47632639,TP_z21_02,TP_z21_02,z,0.7420472914420315,0.0,1.11107034407233,0.5,0.1555139224337192,False,0.0
outer_train_fit,z|45|0.47|0.15|0.7|1.9,,z|45|0.8|0.6|0.2|0.44,47632666,TP_z24_02,TP_z24_02,z,0.7420472914420315,0.0,1.11107034407233,0.5,0.1555139224337192,False,0.0
outer_train_fit,z|45|0.47|0.15|0.7|1.9,,z|45|0.8|0.6|0.2|0.44,47632669,TP_z22_03,TP_z22_03,z,0.7420472914420315,0.0,1.11107034407233,0.5,0.1555139224337192,False,0.0
outer_train_fit,z|45|0.47|0.15|0.7|1.9,,z|45|0.8|0.6|0.2|0.44,47632747,TP_z24_01,TP_z24_01,z,0.7420472914420315,0.0,1.124929313751542,0.5,0.1531229104579489,False,0.0
outer_train_fit,z|45|0.47|0.15|0.7|1.9,,z|45|0.8|0.6|0.2|0.44,47632786,TP_z24_03,TP_z24_03,z,0.7420472914420315,0.0,1.125425414363924,0.5,0.15303746091998138,False,0.0
outer_train_fit,z|45|0.47|0.15|0.7|1.9,,z|45|0.8|0.6|0.2|0.44,47632795,TP_z22_02,TP_z22_02,z,0.7420472914420315,0.0,1.11107034407233,0.5,0.1555139224337192,False,0.0
outer_train_fit,z|45|0.47|0.15|0.7|1.9,,z|45|0.8|0.6|0.2|0.44,47632798,TP_z22_01,TP_z22_01,z,0.7420472914420315,0.0,1.11107034407233,0.5,0.1555139224337192,False,0.0
outer_train_fit,z|45|0.47|0.15|0.7|1.9,,z|45|0.8|0.6|1|2,47629771,TP_z20_02,TP_z20_02,z,0.6693819531966643,0.0,0.7372229268950524,0.5,0.2434196910370597,True,-1.70561421729418
outer_train_fit,z|45|0.47|0.15|0.7|1.9,,z|45|0.8|0.6|1|2,47629825,TP_z23_01,TP_z23_01,z,0.6693819531966643,0.0,0.7375268799550213,0.5,0.2433651401381667,True,-1.6995884498644516
outer_train_fit,z|45|0.47|0.15|0.7|1.9,,z|45|0.8|0.6|1|2,47629960,TP_z23_02,TP_z23_02,z,0.6693819531966643,0.0,0.7375268799550213,0.5,0.2433651401381667,True,-1.6995884498644516
outer_train_fit,z|45|0.47|0.15|0.7|1.9,,z|45|0.8|0.6|1|2,47630290,TP_z20_03,TP_z20_03,z,0.6693819531966643,0.0,0.7372229268950524,0.5,0.2434196910370597,True,-1.70561421729418
outer_train_fit,z|45|0.47|0.15|0.7|1.9,,z|45|0.8|0.6|1|2,47630314,139,TP_z02_03,z,0.6693819531966643,0.0,0.8628189652321777,0.5,0.2201496661588237,True,-0.6719555984520007
outer_train_fit,z|45|0.47|0.15|0.7|1.9,,z|45|0.8|0.6|1|2,47630320,TP_z20_01,TP_z20_01,z,0.6693819531966643,0.0,0.7375268799550213,0.5,0.2433651401381667,True,-1.6995884498644516
outer_train_fit,z|45|0.47|0.15|0.7|1.9,,z|45|0.8|0.6|1|2,47630323,TP_z23_03,TP_z23_03,z,0.6693819531966643,0.0,0.7346451283169946,0.5,0.2438819183279328,True,-1.7119998284434943
outer_train_fit,z|45|0.47|0.15|0.7|1.9,,z|45|0.8|0.6|1|2,47631133,025,TP_z02_02,z,0.6693819531966643,0.0,0.8608424803305057,0.5,0.22052498765968406,True,-0.6747261546461394
outer_train_fit,z|45|0.47|0.15|0.7|1.9,,z|45|0.8|0.6|1|2,47631268,117,TP_z02_01,z,0.6693819531966643,0.0,0.8420544234480628,0.5,0.22408110744659518,True,-0.6975805755871279
nested_validation,z|45|0.52|0.05|0.3|0.7,z|23|0.25|0.05|0.4|0.3,z|23|0.25|0.05|0.4|0.3,47632648,INT161,TP_z05_02,z,0.6064468466220085,1.1931579293210106,0.1075405724532581,1.0,0.16576467623344174,False,0.0
nested_validation,z|45|0.52|0.05|0.3|0.7,z|23|0.25|0.05|0.4|0.3,z|23|0.25|0.05|0.4|0.3,47632660,INT200,TP_z05_03,z,0.6064468466220085,1.1931579293210106,0.1210175864974995,1.0,0.16550957179795925,False,0.0
nested_validation,z|45|0.52|0.05|0.3|0.7,z|23|0.25|0.05|0.4|0.3,z|23|0.25|0.05|0.4|0.3,47632663,INT073,TP_z05_01,z,0.6064468466220085,1.1931579293210106,0.1544962668535451,1.0,0.16474801235007866,False,0.0
nested_validation,z|45|0.52|0.05|0.3|0.7,z|23|0.69|0.2|1|0.5,z|23|0.69|0.2|1|0.5,47632750,INT059,TP_z04_01,z,0.6281472457559458,1.1430942493118919,0.6673106758046793,1.0,0.1460384706789609,False,0.0
nested_validation,z|45|0.52|0.05|0.3|0.7,z|23|0.69|0.2|1|0.5,z|23|0.69|0.2|1|0.5,47632810,INT037,TP_z04_02,z,0.6281472457559458,1.1430942493118919,0.6677168041909525,1.0,0.14599888555904086,False,0.0
nested_validation,z|45|0.52|0.05|0.3|0.7,z|23|0.69|0.2|1|0.5,z|23|0.69|0.2|1|0.5,47639014,INT027,TP_z04_03,z,0.6281472457559458,1.1430942493118919,0.6670338054970545,1.0,0.14606544942374652,False,0.0
nested_validation,z|45|0.52|0.05|0.3|0.7,z|23|0.8|0.25|0.2|1.4,z|23|0.8|0.25|0.2|1.4,47632675,INT163,TP_z07_02,z,0.4343319824658965,1.1430942493118919,0.4245437059242428,1.0,0.20486021449900682,True,0.3643471689657197
nested_validation,z|45|0.52|0.05|0.3|0.7,z|23|0.8|0.25|0.2|1.4,z|23|0.8|0.25|0.2|1.4,47632744,INT078,TP_z07_03,z,0.4343319824658965,1.1430942493118919,0.4238110787336789,1.0,0.20492388754955537,True,0.3652195755940848
nested_validation,z|45|0.52|0.05|0.3|0.7,z|23|0.8|0.25|0.2|1.4,z|23|0.8|0.25|0.2|1.4,47632753,INT065,TP_z07_01,z,0.4343319824658965,1.1430942493118919,0.4240347772004693,1.0,0.20490445535241944,True,0.36500754049998996
nested_validation,z|45|0.52|0.05|0.3|0.7,z|23|0.8|0.25|0.2|1.4,z|23|0.8|0.25|0.2|1.4,47632804,TP_z12_01,TP_z12_01,z,0.4343319824658965,1.1430942493118919,0.9442543873185116,1.0,0.14354353531781422,False,0.0
nested_validation,z|45|0.52|0.05|0.3|0.7,z|23|0.8|0.25|0.2|1.4,z|23|0.8|0.25|0.2|1.4,47632831,TP_z12_02,TP_z12_02,z,0.4343319824658965,1.1430942493118919,0.9337244472045942,1.0,0.14496986214271343,False,0.0
nested_validation,z|45|0.52|0.05|0.3|0.7,z|23|0.8|0.25|0.2|1.4,z|23|0.8|0.25|0.2|1.4,47632834,TP_z12_03,TP_z12_03,z,0.4343319824658965,1.1430942493118919,0.9533208462311606,1.0,0.1423140488559992,False,0.0
nested_validation,z|45|0.52|0.05|0.3|0.7,z|45|0.41|0.05|1|1,z|45|0.41|0.05|1|1,47632627,TP_z14_02,TP_z14_02,z,0.3496439368314625,1.210429948041776,0.8968057387497814,1.0,0.13676080770753946,False,0.0
nested_validation,z|45|0.52|0.05|0.3|0.7,z|45|0.41|0.05|1|1,z|45|0.41|0.05|1|1,47632645,TP_z14_03,TP_z14_03,z,0.3496439368314625,1.210429948041776,1.0124651235188196,1.0,0.12246446718738853,False,0.0
nested_validation,z|45|0.52|0.05|0.3|0.7,z|45|0.41|0.05|1|1,z|45|0.41|0.05|1|1,47632654,TP_z14_01,TP_z14_01,z,0.3496439368314625,1.210429948041776,0.9830712214245206,1.0,0.1261093293662548,False,0.0
nested_validation,z|45|0.52|0.05|0.3|0.7,z|45|0.8|0.6|0.2|0.44,z|45|0.8|0.6|0.2|0.44,47632591,TP_z21_01,TP_z21_01,z,0.7420472914420315,1.2997704113151656,1.11107034407233,0.5,0.02871248767664423,False,0.0
nested_validation,z|45|0.52|0.05|0.3|0.7,z|45|0.8|0.6|0.2|0.44,z|45|0.8|0.6|0.2|0.44,47632621,TP_z18_02,TP_z18_02,z,0.7420472914420315,1.2997704113151656,1.11107034407233,0.5,0.02871248767664423,False,0.0
nested_validation,z|45|0.52|0.05|0.3|0.7,z|45|0.8|0.6|0.2|0.44,z|45|0.8|0.6|0.2|0.44,47632624,TP_z18_03,TP_z18_03,z,0.7420472914420315,1.2997704113151656,1.11107034407233,0.5,0.02871248767664423,False,0.0
nested_validation,z|45|0.52|0.05|0.3|0.7,z|45|0.8|0.6|0.2|0.44,z|45|0.8|0.6|0.2|0.44,47632630,TP_z18_01,TP_z18_01,z,0.7420472914420315,1.2997704113151656,1.11107034407233,0.5,0.02871248767664423,False,0.0
nested_validation,z|45|0.52|0.05|0.3|0.7,z|45|0.8|0.6|0.2|0.44,z|45|0.8|0.6|0.2|0.44,47632636,TP_z21_03,TP_z21_03,z,0.7420472914420315,1.2997704113151656,1.11107034407233,0.5,0.02871248767664423,False,0.0
nested_validation,z|45|0.52|0.05|0.3|0.7,z|45|0.8|0.6|0.2|0.44,z|45|0.8|0.6|0.2|0.44,47632639,TP_z21_02,TP_z21_02,z,0.7420472914420315,1.2997704113151656,1.11107034407233,0.5,0.02871248767664423,False,0.0
nested_validation,z|45|0.52|0.05|0.3|0.7,z|45|0.8|0.6|0.2|0.44,z|45|0.8|0.6|0.2|0.44,47632666,TP_z24_02,TP_z24_02,z,0.7420472914420315,1.2997704113151656,1.11107034407233,0.5,0.02871248767664423,False,0.0
nested_validation,z|45|0.52|0.05|0.3|0.7,z|45|0.8|0.6|0.2|0.44,z|45|0.8|0.6|0.2|0.44,47632669,TP_z22_03,TP_z22_03,z,0.7420472914420315,1.2997704113151656,1.11107034407233,0.5,0.02871248767664423,False,0.0
nested_validation,z|45|0.52|0.05|0.3|0.7,z|45|0.8|0.6|0.2|0.44,z|45|0.8|0.6|0.2|0.44,47632747,TP_z24_01,TP_z24_01,z,0.7420472914420315,1.2997704113151656,1.124929313751542,0.5,0.028271035870821037,False,0.0
nested_validation,z|45|0.52|0.05|0.3|0.7,z|45|0.8|0.6|0.2|0.44,z|45|0.8|0.6|0.2|0.44,47632786,TP_z24_03,TP_z24_03,z,0.7420472914420315,1.2997704113151656,1.125425414363924,0.5,0.02825525934890279,False,0.0
nested_validation,z|45|0.52|0.05|0.3|0.7,z|45|0.8|0.6|0.2|0.44,z|45|0.8|0.6|0.2|0.44,47632795,TP_z22_02,TP_z22_02,z,0.7420472914420315,1.2997704113151656,1.11107034407233,0.5,0.02871248767664423,False,0.0
nested_validation,z|45|0.52|0.05|0.3|0.7,z|45|0.8|0.6|0.2|0.44,z|45|0.8|0.6|0.2|0.44,47632798,TP_z22_01,TP_z22_01,z,0.7420472914420315,1.2997704113151656,1.11107034407233,0.5,0.02871248767664423,False,0.0
nested_validation,z|45|0.52|0.05|0.3|0.7,z|45|0.8|0.6|1|2,z|45|0.8|0.6|1|2,47629771,TP_z20_02,TP_z20_02,z,0.6693819531966643,1.3232955494186138,0.7372229268950524,0.5,0.042253025726858295,False,0.0
nested_validation,z|45|0.52|0.05|0.3|0.7,z|45|0.8|0.6|1|2,z|45|0.8|0.6|1|2,47629825,TP_z23_01,TP_z23_01,z,0.6693819531966643,1.3232955494186138,0.7375268799550213,0.5,0.04224355672899485,False,0.0
nested_validation,z|45|0.52|0.05|0.3|0.7,z|45|0.8|0.6|1|2,z|45|0.8|0.6|1|2,47629960,TP_z23_02,TP_z23_02,z,0.6693819531966643,1.3232955494186138,0.7375268799550213,0.5,0.04224355672899485,False,0.0
nested_validation,z|45|0.52|0.05|0.3|0.7,z|45|0.8|0.6|1|2,z|45|0.8|0.6|1|2,47630290,TP_z20_03,TP_z20_03,z,0.6693819531966643,1.3232955494186138,0.7372229268950524,0.5,0.042253025726858295,False,0.0
nested_validation,z|45|0.52|0.05|0.3|0.7,z|45|0.8|0.6|1|2,z|45|0.8|0.6|1|2,47630314,139,TP_z02_03,z,0.6693819531966643,1.3232955494186138,0.8628189652321777,0.5,0.038213792271028106,False,0.0
nested_validation,z|45|0.52|0.05|0.3|0.7,z|45|0.8|0.6|1|2,z|45|0.8|0.6|1|2,47630320,TP_z20_01,TP_z20_01,z,0.6693819531966643,1.3232955494186138,0.7375268799550213,0.5,0.04224355672899485,False,0.0
nested_validation,z|45|0.52|0.05|0.3|0.7,z|45|0.8|0.6|1|2,z|45|0.8|0.6|1|2,47630323,TP_z23_03,TP_z23_03,z,0.6693819531966643,1.3232955494186138,0.7346451283169946,0.5,0.042333259587684045,False,0.0
nested_validation,z|45|0.52|0.05|0.3|0.7,z|45|0.8|0.6|1|2,z|45|0.8|0.6|1|2,47631133,025,TP_z02_02,z,0.6693819531966643,1.3232955494186138,0.8608424803305057,0.5,0.03827894094065353,False,0.0
nested_validation,z|45|0.52|0.05|0.3|0.7,z|45|0.8|0.6|1|2,z|45|0.8|0.6|1|2,47631268,117,TP_z02_01,z,0.6693819531966643,1.3232955494186138,0.8420544234480628,0.5,0.03889621565743587,False,0.0
outer_test,z|45|0.52|0.05|0.3|0.7,,z|45|0.52|0.05|0.3|0.7,47632588,TP_z13_03,TP_z13_03,z,0.430573991725906,0.9174981077788541,0.5558113006381298,1.0,0.3067691277791056,True,-0.027968931882164073
outer_test,z|45|0.52|0.05|0.3|0.7,,z|45|0.52|0.05|0.3|0.7,47632597,TP_z13_01,TP_z13_01,z,0.430573991725906,0.9174981077788541,0.5563349193859601,1.0,0.30667981872113553,True,-0.0230536316177779
outer_test,z|45|0.52|0.05|0.3|0.7,,z|45|0.52|0.05|0.3|0.7,47632603,TP_z13_02,TP_z13_02,z,0.430573991725906,0.9174981077788541,0.5563349193859601,1.0,0.30667981872113553,True,-0.0230536316177779
outer_train_fit,z|45|0.52|0.05|0.3|0.7,,z|23|0.25|0.05|0.4|0.3,47632648,INT161,TP_z05_02,z,0.6064468466220085,0.0,0.1075405724532581,1.0,0.6882795057859648,True,3.808591723791903
outer_train_fit,z|45|0.52|0.05|0.3|0.7,,z|23|0.25|0.05|0.4|0.3,47632660,INT200,TP_z05_03,z,0.6064468466220085,0.0,0.1210175864974995,1.0,0.6872202743576088,True,3.7975540976372852
outer_train_fit,z|45|0.52|0.05|0.3|0.7,,z|23|0.25|0.05|0.4|0.3,47632663,INT073,TP_z05_01,z,0.6064468466220085,0.0,0.1544962668535451,1.0,0.6840581666497175,True,3.752842132058285
outer_train_fit,z|45|0.52|0.05|0.3|0.7,,z|23|0.69|0.2|1|0.5,47632750,INT059,TP_z04_01,z,0.6281472457559458,0.0,0.6673106758046793,1.0,0.5394416092509513,True,0.41944810048717984
outer_train_fit,z|45|0.52|0.05|0.3|0.7,,z|23|0.69|0.2|1|0.5,47632810,INT037,TP_z04_02,z,0.6281472457559458,0.0,0.6677168041909525,1.0,0.5392953884593149,True,0.413131000867733
outer_train_fit,z|45|0.52|0.05|0.3|0.7,,z|23|0.69|0.2|1|0.5,47639014,INT027,TP_z04_03,z,0.6281472457559458,0.0,0.6670338054970545,1.0,0.5395412642078614,True,0.4188553796891378
outer_train_fit,z|45|0.52|0.05|0.3|0.7,,z|23|0.8|0.25|0.2|1.4,47632675,INT163,TP_z07_02,z,0.4343319824658965,0.0,0.4245437059242428,1.0,0.7567192621715122,True,1.3458373142304572
outer_train_fit,z|45|0.52|0.05|0.3|0.7,,z|23|0.8|0.25|0.2|1.4,47632744,INT078,TP_z07_03,z,0.4343319824658965,0.0,0.4238110787336789,1.0,0.7569544597375655,True,1.3490598379486152
outer_train_fit,z|45|0.52|0.05|0.3|0.7,,z|23|0.8|0.25|0.2|1.4,47632753,INT065,TP_z07_01,z,0.4343319824658965,0.0,0.4240347772004693,1.0,0.7568826804615599,True,1.348276615884974
outer_train_fit,z|45|0.52|0.05|0.3|0.7,,z|23|0.8|0.25|0.2|1.4,47632804,TP_z12_01,TP_z12_01,z,0.4343319824658965,0.0,0.9442543873185116,1.0,0.5302257366117977,True,-0.7737949856866343
outer_train_fit,z|45|0.52|0.05|0.3|0.7,,z|23|0.8|0.25|0.2|1.4,47632831,TP_z12_02,TP_z12_02,z,0.4343319824658965,0.0,0.9337244472045942,1.0,0.5354943486026262,True,-0.7672342860696386
outer_train_fit,z|45|0.52|0.05|0.3|0.7,,z|23|0.8|0.25|0.2|1.4,47632834,TP_z12_03,TP_z12_03,z,0.4343319824658965,0.0,0.9533208462311606,1.0,0.5256842198975358,True,-0.7661206960003645
outer_train_fit,z|45|0.52|0.05|0.3|0.7,,z|45|0.41|0.05|1|1,47632627,TP_z14_02,TP_z14_02,z,0.3496439368314625,0.0,0.8968057387497814,1.0,0.5919215622414634,True,-0.09103590247577288
outer_train_fit,z|45|0.52|0.05|0.3|0.7,,z|45|0.41|0.05|1|1,47632645,TP_z14_03,TP_z14_03,z,0.3496439368314625,0.0,1.0124651235188196,1.0,0.5300448275477039,True,-0.1869300312950965
outer_train_fit,z|45|0.52|0.05|0.3|0.7,,z|45|0.41|0.05|1|1,47632654,TP_z14_01,TP_z14_01,z,0.3496439368314625,0.0,0.9830712214245206,1.0,0.545820345045985,True,-0.16120948198257584
outer_train_fit,z|45|0.52|0.05|0.3|0.7,,z|45|0.8|0.6|0.2|0.44,47632591,TP_z21_01,TP_z21_01,z,0.7420472914420315,0.0,1.11107034407233,0.5,0.1555139224337192,False,0.0
outer_train_fit,z|45|0.52|0.05|0.3|0.7,,z|45|0.8|0.6|0.2|0.44,47632621,TP_z18_02,TP_z18_02,z,0.7420472914420315,0.0,1.11107034407233,0.5,0.1555139224337192,False,0.0
outer_train_fit,z|45|0.52|0.05|0.3|0.7,,z|45|0.8|0.6|0.2|0.44,47632624,TP_z18_03,TP_z18_03,z,0.7420472914420315,0.0,1.11107034407233,0.5,0.1555139224337192,False,0.0
outer_train_fit,z|45|0.52|0.05|0.3|0.7,,z|45|0.8|0.6|0.2|0.44,47632630,TP_z18_01,TP_z18_01,z,0.7420472914420315,0.0,1.11107034407233,0.5,0.1555139224337192,False,0.0
outer_train_fit,z|45|0.52|0.05|0.3|0.7,,z|45|0.8|0.6|0.2|0.44,47632636,TP_z21_03,TP_z21_03,z,0.7420472914420315,0.0,1.11107034407233,0.5,0.1555139224337192,False,0.0
outer_train_fit,z|45|0.52|0.05|0.3|0.7,,z|45|0.8|0.6|0.2|0.44,47632639,TP_z21_02,TP_z21_02,z,0.7420472914420315,0.0,1.11107034407233,0.5,0.1555139224337192,False,0.0
outer_train_fit,z|45|0.52|0.05|0.3|0.7,,z|45|0.8|0.6|0.2|0.44,47632666,TP_z24_02,TP_z24_02,z,0.7420472914420315,0.0,1.11107034407233,0.5,0.1555139224337192,False,0.0
outer_train_fit,z|45|0.52|0.05|0.3|0.7,,z|45|0.8|0.6|0.2|0.44,47632669,TP_z22_03,TP_z22_03,z,0.7420472914420315,0.0,1.11107034407233,0.5,0.1555139224337192,False,0.0
outer_train_fit,z|45|0.52|0.05|0.3|0.7,,z|45|0.8|0.6|0.2|0.44,47632747,TP_z24_01,TP_z24_01,z,0.7420472914420315,0.0,1.124929313751542,0.5,0.1531229104579489,False,0.0
outer_train_fit,z|45|0.52|0.05|0.3|0.7,,z|45|0.8|0.6|0.2|0.44,47632786,TP_z24_03,TP_z24_03,z,0.7420472914420315,0.0,1.125425414363924,0.5,0.15303746091998138,False,0.0
outer_train_fit,z|45|0.52|0.05|0.3|0.7,,z|45|0.8|0.6|0.2|0.44,47632795,TP_z22_02,TP_z22_02,z,0.7420472914420315,0.0,1.11107034407233,0.5,0.1555139224337192,False,0.0
outer_train_fit,z|45|0.52|0.05|0.3|0.7,,z|45|0.8|0.6|0.2|0.44,47632798,TP_z22_01,TP_z22_01,z,0.7420472914420315,0.0,1.11107034407233,0.5,0.1555139224337192,False,0.0
outer_train_fit,z|45|0.52|0.05|0.3|0.7,,z|45|0.8|0.6|1|2,47629771,TP_z20_02,TP_z20_02,z,0.6693819531966643,0.0,0.7372229268950524,0.5,0.2434196910370597,True,-1.70561421729418
outer_train_fit,z|45|0.52|0.05|0.3|0.7,,z|45|0.8|0.6|1|2,47629825,TP_z23_01,TP_z23_01,z,0.6693819531966643,0.0,0.7375268799550213,0.5,0.2433651401381667,True,-1.6995884498644516
outer_train_fit,z|45|0.52|0.05|0.3|0.7,,z|45|0.8|0.6|1|2,47629960,TP_z23_02,TP_z23_02,z,0.6693819531966643,0.0,0.7375268799550213,0.5,0.2433651401381667,True,-1.6995884498644516
outer_train_fit,z|45|0.52|0.05|0.3|0.7,,z|45|0.8|0.6|1|2,47630290,TP_z20_03,TP_z20_03,z,0.6693819531966643,0.0,0.7372229268950524,0.5,0.2434196910370597,True,-1.70561421729418
outer_train_fit,z|45|0.52|0.05|0.3|0.7,,z|45|0.8|0.6|1|2,47630314,139,TP_z02_03,z,0.6693819531966643,0.0,0.8628189652321777,0.5,0.2201496661588237,True,-0.6719555984520007
outer_train_fit,z|45|0.52|0.05|0.3|0.7,,z|45|0.8|0.6|1|2,47630320,TP_z20_01,TP_z20_01,z,0.6693819531966643,0.0,0.7375268799550213,0.5,0.2433651401381667,True,-1.6995884498644516
outer_train_fit,z|45|0.52|0.05|0.3|0.7,,z|45|0.8|0.6|1|2,47630323,TP_z23_03,TP_z23_03,z,0.6693819531966643,0.0,0.7346451283169946,0.5,0.2438819183279328,True,-1.7119998284434943
outer_train_fit,z|45|0.52|0.05|0.3|0.7,,z|45|0.8|0.6|1|2,47631133,025,TP_z02_02,z,0.6693819531966643,0.0,0.8608424803305057,0.5,0.22052498765968406,True,-0.6747261546461394
outer_train_fit,z|45|0.52|0.05|0.3|0.7,,z|45|0.8|0.6|1|2,47631268,117,TP_z02_01,z,0.6693819531966643,0.0,0.8420544234480628,0.5,0.22408110744659518,True,-0.6975805755871279
nested_validation,z|45|0.8|0.6|0.24|2,z|23|0.25|0.05|0.4|0.3,z|23|0.25|0.05|0.4|0.3,47632648,INT161,TP_z05_02,z,0.6064468466220085,1.1931579293210106,0.1075405724532581,1.0,0.16576467623344174,False,0.0
nested_validation,z|45|0.8|0.6|0.24|2,z|23|0.25|0.05|0.4|0.3,z|23|0.25|0.05|0.4|0.3,47632660,INT200,TP_z05_03,z,0.6064468466220085,1.1931579293210106,0.1210175864974995,1.0,0.16550957179795925,False,0.0
nested_validation,z|45|0.8|0.6|0.24|2,z|23|0.25|0.05|0.4|0.3,z|23|0.25|0.05|0.4|0.3,47632663,INT073,TP_z05_01,z,0.6064468466220085,1.1931579293210106,0.1544962668535451,1.0,0.16474801235007866,False,0.0
nested_validation,z|45|0.8|0.6|0.24|2,z|23|0.69|0.2|1|0.5,z|23|0.69|0.2|1|0.5,47632750,INT059,TP_z04_01,z,0.6281472457559458,1.1430942493118919,0.6673106758046793,1.0,0.1460384706789609,False,0.0
nested_validation,z|45|0.8|0.6|0.24|2,z|23|0.69|0.2|1|0.5,z|23|0.69|0.2|1|0.5,47632810,INT037,TP_z04_02,z,0.6281472457559458,1.1430942493118919,0.6677168041909525,1.0,0.14599888555904086,False,0.0
nested_validation,z|45|0.8|0.6|0.24|2,z|23|0.69|0.2|1|0.5,z|23|0.69|0.2|1|0.5,47639014,INT027,TP_z04_03,z,0.6281472457559458,1.1430942493118919,0.6670338054970545,1.0,0.14606544942374652,False,0.0
nested_validation,z|45|0.8|0.6|0.24|2,z|23|0.8|0.25|0.2|1.4,z|23|0.8|0.25|0.2|1.4,47632675,INT163,TP_z07_02,z,0.4343319824658965,1.1430942493118919,0.4245437059242428,1.0,0.20486021449900682,True,0.3643471689657197
nested_validation,z|45|0.8|0.6|0.24|2,z|23|0.8|0.25|0.2|1.4,z|23|0.8|0.25|0.2|1.4,47632744,INT078,TP_z07_03,z,0.4343319824658965,1.1430942493118919,0.4238110787336789,1.0,0.20492388754955537,True,0.3652195755940848
nested_validation,z|45|0.8|0.6|0.24|2,z|23|0.8|0.25|0.2|1.4,z|23|0.8|0.25|0.2|1.4,47632753,INT065,TP_z07_01,z,0.4343319824658965,1.1430942493118919,0.4240347772004693,1.0,0.20490445535241944,True,0.36500754049998996
nested_validation,z|45|0.8|0.6|0.24|2,z|23|0.8|0.25|0.2|1.4,z|23|0.8|0.25|0.2|1.4,47632804,TP_z12_01,TP_z12_01,z,0.4343319824658965,1.1430942493118919,0.9442543873185116,1.0,0.14354353531781422,False,0.0
nested_validation,z|45|0.8|0.6|0.24|2,z|23|0.8|0.25|0.2|1.4,z|23|0.8|0.25|0.2|1.4,47632831,TP_z12_02,TP_z12_02,z,0.4343319824658965,1.1430942493118919,0.9337244472045942,1.0,0.14496986214271343,False,0.0
nested_validation,z|45|0.8|0.6|0.24|2,z|23|0.8|0.25|0.2|1.4,z|23|0.8|0.25|0.2|1.4,47632834,TP_z12_03,TP_z12_03,z,0.4343319824658965,1.1430942493118919,0.9533208462311606,1.0,0.1423140488559992,False,0.0
nested_validation,z|45|0.8|0.6|0.24|2,z|45|0.41|0.05|1|1,z|45|0.41|0.05|1|1,47632627,TP_z14_02,TP_z14_02,z,0.3496439368314625,1.210429948041776,0.8968057387497814,1.0,0.13676080770753946,False,0.0
nested_validation,z|45|0.8|0.6|0.24|2,z|45|0.41|0.05|1|1,z|45|0.41|0.05|1|1,47632645,TP_z14_03,TP_z14_03,z,0.3496439368314625,1.210429948041776,1.0124651235188196,1.0,0.12246446718738853,False,0.0
nested_validation,z|45|0.8|0.6|0.24|2,z|45|0.41|0.05|1|1,z|45|0.41|0.05|1|1,47632654,TP_z14_01,TP_z14_01,z,0.3496439368314625,1.210429948041776,0.9830712214245206,1.0,0.1261093293662548,False,0.0
nested_validation,z|45|0.8|0.6|0.24|2,z|45|0.8|0.6|0.2|0.44,z|45|0.8|0.6|0.2|0.44,47632591,TP_z21_01,TP_z21_01,z,0.7420472914420315,1.2997704113151656,1.11107034407233,0.5,0.02871248767664423,False,0.0
nested_validation,z|45|0.8|0.6|0.24|2,z|45|0.8|0.6|0.2|0.44,z|45|0.8|0.6|0.2|0.44,47632621,TP_z18_02,TP_z18_02,z,0.7420472914420315,1.2997704113151656,1.11107034407233,0.5,0.02871248767664423,False,0.0
nested_validation,z|45|0.8|0.6|0.24|2,z|45|0.8|0.6|0.2|0.44,z|45|0.8|0.6|0.2|0.44,47632624,TP_z18_03,TP_z18_03,z,0.7420472914420315,1.2997704113151656,1.11107034407233,0.5,0.02871248767664423,False,0.0
nested_validation,z|45|0.8|0.6|0.24|2,z|45|0.8|0.6|0.2|0.44,z|45|0.8|0.6|0.2|0.44,47632630,TP_z18_01,TP_z18_01,z,0.7420472914420315,1.2997704113151656,1.11107034407233,0.5,0.02871248767664423,False,0.0
nested_validation,z|45|0.8|0.6|0.24|2,z|45|0.8|0.6|0.2|0.44,z|45|0.8|0.6|0.2|0.44,47632636,TP_z21_03,TP_z21_03,z,0.7420472914420315,1.2997704113151656,1.11107034407233,0.5,0.02871248767664423,False,0.0
nested_validation,z|45|0.8|0.6|0.24|2,z|45|0.8|0.6|0.2|0.44,z|45|0.8|0.6|0.2|0.44,47632639,TP_z21_02,TP_z21_02,z,0.7420472914420315,1.2997704113151656,1.11107034407233,0.5,0.02871248767664423,False,0.0
nested_validation,z|45|0.8|0.6|0.24|2,z|45|0.8|0.6|0.2|0.44,z|45|0.8|0.6|0.2|0.44,47632666,TP_z24_02,TP_z24_02,z,0.7420472914420315,1.2997704113151656,1.11107034407233,0.5,0.02871248767664423,False,0.0
nested_validation,z|45|0.8|0.6|0.24|2,z|45|0.8|0.6|0.2|0.44,z|45|0.8|0.6|0.2|0.44,47632669,TP_z22_03,TP_z22_03,z,0.7420472914420315,1.2997704113151656,1.11107034407233,0.5,0.02871248767664423,False,0.0
nested_validation,z|45|0.8|0.6|0.24|2,z|45|0.8|0.6|0.2|0.44,z|45|0.8|0.6|0.2|0.44,47632747,TP_z24_01,TP_z24_01,z,0.7420472914420315,1.2997704113151656,1.124929313751542,0.5,0.028271035870821037,False,0.0
nested_validation,z|45|0.8|0.6|0.24|2,z|45|0.8|0.6|0.2|0.44,z|45|0.8|0.6|0.2|0.44,47632786,TP_z24_03,TP_z24_03,z,0.7420472914420315,1.2997704113151656,1.125425414363924,0.5,0.02825525934890279,False,0.0
nested_validation,z|45|0.8|0.6|0.24|2,z|45|0.8|0.6|0.2|0.44,z|45|0.8|0.6|0.2|0.44,47632795,TP_z22_02,TP_z22_02,z,0.7420472914420315,1.2997704113151656,1.11107034407233,0.5,0.02871248767664423,False,0.0
nested_validation,z|45|0.8|0.6|0.24|2,z|45|0.8|0.6|0.2|0.44,z|45|0.8|0.6|0.2|0.44,47632798,TP_z22_01,TP_z22_01,z,0.7420472914420315,1.2997704113151656,1.11107034407233,0.5,0.02871248767664423,False,0.0
nested_validation,z|45|0.8|0.6|0.24|2,z|45|0.8|0.6|1|2,z|45|0.8|0.6|1|2,47629771,TP_z20_02,TP_z20_02,z,0.6693819531966643,1.3232955494186138,0.7372229268950524,0.5,0.042253025726858295,False,0.0
nested_validation,z|45|0.8|0.6|0.24|2,z|45|0.8|0.6|1|2,z|45|0.8|0.6|1|2,47629825,TP_z23_01,TP_z23_01,z,0.6693819531966643,1.3232955494186138,0.7375268799550213,0.5,0.04224355672899485,False,0.0
nested_validation,z|45|0.8|0.6|0.24|2,z|45|0.8|0.6|1|2,z|45|0.8|0.6|1|2,47629960,TP_z23_02,TP_z23_02,z,0.6693819531966643,1.3232955494186138,0.7375268799550213,0.5,0.04224355672899485,False,0.0
nested_validation,z|45|0.8|0.6|0.24|2,z|45|0.8|0.6|1|2,z|45|0.8|0.6|1|2,47630290,TP_z20_03,TP_z20_03,z,0.6693819531966643,1.3232955494186138,0.7372229268950524,0.5,0.042253025726858295,False,0.0
nested_validation,z|45|0.8|0.6|0.24|2,z|45|0.8|0.6|1|2,z|45|0.8|0.6|1|2,47630314,139,TP_z02_03,z,0.6693819531966643,1.3232955494186138,0.8628189652321777,0.5,0.038213792271028106,False,0.0
nested_validation,z|45|0.8|0.6|0.24|2,z|45|0.8|0.6|1|2,z|45|0.8|0.6|1|2,47630320,TP_z20_01,TP_z20_01,z,0.6693819531966643,1.3232955494186138,0.7375268799550213,0.5,0.04224355672899485,False,0.0
nested_validation,z|45|0.8|0.6|0.24|2,z|45|0.8|0.6|1|2,z|45|0.8|0.6|1|2,47630323,TP_z23_03,TP_z23_03,z,0.6693819531966643,1.3232955494186138,0.7346451283169946,0.5,0.042333259587684045,False,0.0
nested_validation,z|45|0.8|0.6|0.24|2,z|45|0.8|0.6|1|2,z|45|0.8|0.6|1|2,47631133,025,TP_z02_02,z,0.6693819531966643,1.3232955494186138,0.8608424803305057,0.5,0.03827894094065353,False,0.0
nested_validation,z|45|0.8|0.6|0.24|2,z|45|0.8|0.6|1|2,z|45|0.8|0.6|1|2,47631268,117,TP_z02_01,z,0.6693819531966643,1.3232955494186138,0.8420544234480628,0.5,0.03889621565743587,False,0.0
outer_test,z|45|0.8|0.6|0.24|2,,z|45|0.8|0.6|0.24|2,47632537,183,TP_z03_01,z,0.6173461560586306,0.8681077762070278,1.0935571564647364,0.5,0.08840664033047932,False,0.0
outer_test,z|45|0.8|0.6|0.24|2,,z|45|0.8|0.6|0.24|2,47632555,010,TP_z03_03,z,0.6173461560586306,0.8681077762070278,1.0935571564647364,0.5,0.08840664033047932,False,0.0
outer_test,z|45|0.8|0.6|0.24|2,,z|45|0.8|0.6|0.24|2,47632561,075,TP_z03_02,z,0.6173461560586306,0.8681077762070278,1.0906430272280303,0.5,0.0886884444887589,False,0.0
outer_test,z|45|0.8|0.6|0.24|2,,z|45|0.8|0.6|0.24|2,47632672,TP_z16_02,TP_z16_02,z,0.6173461560586306,0.8681077762070278,1.1062735391952612,0.5,0.0871787090776424,False,0.0
outer_test,z|45|0.8|0.6|0.24|2,,z|45|0.8|0.6|0.24|2,47632678,TP_z16_01,TP_z16_01,z,0.6173461560586306,0.8681077762070278,1.0960712282093266,0.5,0.08816364080564502,False,0.0
outer_test,z|45|0.8|0.6|0.24|2,,z|45|0.8|0.6|0.24|2,47632684,TP_z16_03,TP_z16_03,z,0.6173461560586306,0.8681077762070278,1.0979640580725891,0.5,0.08798076178521265,False,0.0
outer_test,z|45|0.8|0.6|0.24|2,,z|45|0.8|0.6|0.24|2,47632735,TP_z19_01,TP_z19_01,z,0.6173461560586306,0.8681077762070278,1.0979640580725891,0.5,0.08798076178521265,False,0.0
outer_test,z|45|0.8|0.6|0.24|2,,z|45|0.8|0.6|0.24|2,47632789,TP_z19_03,TP_z19_03,z,0.6173461560586306,0.8681077762070278,1.0960712282093266,0.5,0.08816364080564502,False,0.0
outer_test,z|45|0.8|0.6|0.24|2,,z|45|0.8|0.6|0.24|2,47639017,TP_z19_02,TP_z19_02,z,0.6173461560586306,0.8681077762070278,1.0979640580725891,0.5,0.08798076178521265,False,0.0
outer_train_fit,z|45|0.8|0.6|0.24|2,,z|23|0.25|0.05|0.4|0.3,47632648,INT161,TP_z05_02,z,0.6064468466220085,0.0,0.1075405724532581,1.0,0.6882795057859648,True,3.808591723791903
outer_train_fit,z|45|0.8|0.6|0.24|2,,z|23|0.25|0.05|0.4|0.3,47632660,INT200,TP_z05_03,z,0.6064468466220085,0.0,0.1210175864974995,1.0,0.6872202743576088,True,3.7975540976372852
outer_train_fit,z|45|0.8|0.6|0.24|2,,z|23|0.25|0.05|0.4|0.3,47632663,INT073,TP_z05_01,z,0.6064468466220085,0.0,0.1544962668535451,1.0,0.6840581666497175,True,3.752842132058285
outer_train_fit,z|45|0.8|0.6|0.24|2,,z|23|0.69|0.2|1|0.5,47632750,INT059,TP_z04_01,z,0.6281472457559458,0.0,0.6673106758046793,1.0,0.5394416092509513,True,0.41944810048717984
outer_train_fit,z|45|0.8|0.6|0.24|2,,z|23|0.69|0.2|1|0.5,47632810,INT037,TP_z04_02,z,0.6281472457559458,0.0,0.6677168041909525,1.0,0.5392953884593149,True,0.413131000867733
outer_train_fit,z|45|0.8|0.6|0.24|2,,z|23|0.69|0.2|1|0.5,47639014,INT027,TP_z04_03,z,0.6281472457559458,0.0,0.6670338054970545,1.0,0.5395412642078614,True,0.4188553796891378
outer_train_fit,z|45|0.8|0.6|0.24|2,,z|23|0.8|0.25|0.2|1.4,47632675,INT163,TP_z07_02,z,0.4343319824658965,0.0,0.4245437059242428,1.0,0.7567192621715122,True,1.3458373142304572
outer_train_fit,z|45|0.8|0.6|0.24|2,,z|23|0.8|0.25|0.2|1.4,47632744,INT078,TP_z07_03,z,0.4343319824658965,0.0,0.4238110787336789,1.0,0.7569544597375655,True,1.3490598379486152
outer_train_fit,z|45|0.8|0.6|0.24|2,,z|23|0.8|0.25|0.2|1.4,47632753,INT065,TP_z07_01,z,0.4343319824658965,0.0,0.4240347772004693,1.0,0.7568826804615599,True,1.348276615884974
outer_train_fit,z|45|0.8|0.6|0.24|2,,z|23|0.8|0.25|0.2|1.4,47632804,TP_z12_01,TP_z12_01,z,0.4343319824658965,0.0,0.9442543873185116,1.0,0.5302257366117977,True,-0.7737949856866343
outer_train_fit,z|45|0.8|0.6|0.24|2,,z|23|0.8|0.25|0.2|1.4,47632831,TP_z12_02,TP_z12_02,z,0.4343319824658965,0.0,0.9337244472045942,1.0,0.5354943486026262,True,-0.7672342860696386
outer_train_fit,z|45|0.8|0.6|0.24|2,,z|23|0.8|0.25|0.2|1.4,47632834,TP_z12_03,TP_z12_03,z,0.4343319824658965,0.0,0.9533208462311606,1.0,0.5256842198975358,True,-0.7661206960003645
outer_train_fit,z|45|0.8|0.6|0.24|2,,z|45|0.41|0.05|1|1,47632627,TP_z14_02,TP_z14_02,z,0.3496439368314625,0.0,0.8968057387497814,1.0,0.5919215622414634,True,-0.09103590247577288
outer_train_fit,z|45|0.8|0.6|0.24|2,,z|45|0.41|0.05|1|1,47632645,TP_z14_03,TP_z14_03,z,0.3496439368314625,0.0,1.0124651235188196,1.0,0.5300448275477039,True,-0.1869300312950965
outer_train_fit,z|45|0.8|0.6|0.24|2,,z|45|0.41|0.05|1|1,47632654,TP_z14_01,TP_z14_01,z,0.3496439368314625,0.0,0.9830712214245206,1.0,0.545820345045985,True,-0.16120948198257584
outer_train_fit,z|45|0.8|0.6|0.24|2,,z|45|0.8|0.6|0.2|0.44,47632591,TP_z21_01,TP_z21_01,z,0.7420472914420315,0.0,1.11107034407233,0.5,0.1555139224337192,False,0.0
outer_train_fit,z|45|0.8|0.6|0.24|2,,z|45|0.8|0.6|0.2|0.44,47632621,TP_z18_02,TP_z18_02,z,0.7420472914420315,0.0,1.11107034407233,0.5,0.1555139224337192,False,0.0
outer_train_fit,z|45|0.8|0.6|0.24|2,,z|45|0.8|0.6|0.2|0.44,47632624,TP_z18_03,TP_z18_03,z,0.7420472914420315,0.0,1.11107034407233,0.5,0.1555139224337192,False,0.0
outer_train_fit,z|45|0.8|0.6|0.24|2,,z|45|0.8|0.6|0.2|0.44,47632630,TP_z18_01,TP_z18_01,z,0.7420472914420315,0.0,1.11107034407233,0.5,0.1555139224337192,False,0.0
outer_train_fit,z|45|0.8|0.6|0.24|2,,z|45|0.8|0.6|0.2|0.44,47632636,TP_z21_03,TP_z21_03,z,0.7420472914420315,0.0,1.11107034407233,0.5,0.1555139224337192,False,0.0
outer_train_fit,z|45|0.8|0.6|0.24|2,,z|45|0.8|0.6|0.2|0.44,47632639,TP_z21_02,TP_z21_02,z,0.7420472914420315,0.0,1.11107034407233,0.5,0.1555139224337192,False,0.0
outer_train_fit,z|45|0.8|0.6|0.24|2,,z|45|0.8|0.6|0.2|0.44,47632666,TP_z24_02,TP_z24_02,z,0.7420472914420315,0.0,1.11107034407233,0.5,0.1555139224337192,False,0.0
outer_train_fit,z|45|0.8|0.6|0.24|2,,z|45|0.8|0.6|0.2|0.44,47632669,TP_z22_03,TP_z22_03,z,0.7420472914420315,0.0,1.11107034407233,0.5,0.1555139224337192,False,0.0
outer_train_fit,z|45|0.8|0.6|0.24|2,,z|45|0.8|0.6|0.2|0.44,47632747,TP_z24_01,TP_z24_01,z,0.7420472914420315,0.0,1.124929313751542,0.5,0.1531229104579489,False,0.0
outer_train_fit,z|45|0.8|0.6|0.24|2,,z|45|0.8|0.6|0.2|0.44,47632786,TP_z24_03,TP_z24_03,z,0.7420472914420315,0.0,1.125425414363924,0.5,0.15303746091998138,False,0.0
outer_train_fit,z|45|0.8|0.6|0.24|2,,z|45|0.8|0.6|0.2|0.44,47632795,TP_z22_02,TP_z22_02,z,0.7420472914420315,0.0,1.11107034407233,0.5,0.1555139224337192,False,0.0
outer_train_fit,z|45|0.8|0.6|0.24|2,,z|45|0.8|0.6|0.2|0.44,47632798,TP_z22_01,TP_z22_01,z,0.7420472914420315,0.0,1.11107034407233,0.5,0.1555139224337192,False,0.0
outer_train_fit,z|45|0.8|0.6|0.24|2,,z|45|0.8|0.6|1|2,47629771,TP_z20_02,TP_z20_02,z,0.6693819531966643,0.0,0.7372229268950524,0.5,0.2434196910370597,True,-1.70561421729418
outer_train_fit,z|45|0.8|0.6|0.24|2,,z|45|0.8|0.6|1|2,47629825,TP_z23_01,TP_z23_01,z,0.6693819531966643,0.0,0.7375268799550213,0.5,0.2433651401381667,True,-1.6995884498644516
outer_train_fit,z|45|0.8|0.6|0.24|2,,z|45|0.8|0.6|1|2,47629960,TP_z23_02,TP_z23_02,z,0.6693819531966643,0.0,0.7375268799550213,0.5,0.2433651401381667,True,-1.6995884498644516
outer_train_fit,z|45|0.8|0.6|0.24|2,,z|45|0.8|0.6|1|2,47630290,TP_z20_03,TP_z20_03,z,0.6693819531966643,0.0,0.7372229268950524,0.5,0.2434196910370597,True,-1.70561421729418
outer_train_fit,z|45|0.8|0.6|0.24|2,,z|45|0.8|0.6|1|2,47630314,139,TP_z02_03,z,0.6693819531966643,0.0,0.8628189652321777,0.5,0.2201496661588237,True,-0.6719555984520007
outer_train_fit,z|45|0.8|0.6|0.24|2,,z|45|0.8|0.6|1|2,47630320,TP_z20_01,TP_z20_01,z,0.6693819531966643,0.0,0.7375268799550213,0.5,0.2433651401381667,True,-1.6995884498644516
outer_train_fit,z|45|0.8|0.6|0.24|2,,z|45|0.8|0.6|1|2,47630323,TP_z23_03,TP_z23_03,z,0.6693819531966643,0.0,0.7346451283169946,0.5,0.2438819183279328,True,-1.7119998284434943
outer_train_fit,z|45|0.8|0.6|0.24|2,,z|45|0.8|0.6|1|2,47631133,025,TP_z02_02,z,0.6693819531966643,0.0,0.8608424803305057,0.5,0.22052498765968406,True,-0.6747261546461394
outer_train_fit,z|45|0.8|0.6|0.24|2,,z|45|0.8|0.6|1|2,47631268,117,TP_z02_01,z,0.6693819531966643,0.0,0.8420544234480628,0.5,0.22408110744659518,True,-0.6975805755871279
nested_validation,z|45|0.8|0.6|0.2|0.44,z|23|0.25|0.05|0.4|0.3,z|23|0.25|0.05|0.4|0.3,47632648,INT161,TP_z05_02,z,0.6064468466220085,1.1931579293210106,0.1075405724532581,1.0,0.16576467623344174,False,0.0
nested_validation,z|45|0.8|0.6|0.2|0.44,z|23|0.25|0.05|0.4|0.3,z|23|0.25|0.05|0.4|0.3,47632660,INT200,TP_z05_03,z,0.6064468466220085,1.1931579293210106,0.1210175864974995,1.0,0.16550957179795925,False,0.0
nested_validation,z|45|0.8|0.6|0.2|0.44,z|23|0.25|0.05|0.4|0.3,z|23|0.25|0.05|0.4|0.3,47632663,INT073,TP_z05_01,z,0.6064468466220085,1.1931579293210106,0.1544962668535451,1.0,0.16474801235007866,False,0.0
nested_validation,z|45|0.8|0.6|0.2|0.44,z|23|0.69|0.2|1|0.5,z|23|0.69|0.2|1|0.5,47632750,INT059,TP_z04_01,z,0.6281472457559458,1.1430942493118919,0.6673106758046793,1.0,0.1460384706789609,False,0.0
nested_validation,z|45|0.8|0.6|0.2|0.44,z|23|0.69|0.2|1|0.5,z|23|0.69|0.2|1|0.5,47632810,INT037,TP_z04_02,z,0.6281472457559458,1.1430942493118919,0.6677168041909525,1.0,0.14599888555904086,False,0.0
nested_validation,z|45|0.8|0.6|0.2|0.44,z|23|0.69|0.2|1|0.5,z|23|0.69|0.2|1|0.5,47639014,INT027,TP_z04_03,z,0.6281472457559458,1.1430942493118919,0.6670338054970545,1.0,0.14606544942374652,False,0.0
nested_validation,z|45|0.8|0.6|0.2|0.44,z|23|0.8|0.25|0.2|1.4,z|23|0.8|0.25|0.2|1.4,47632675,INT163,TP_z07_02,z,0.4343319824658965,1.1430942493118919,0.4245437059242428,1.0,0.20486021449900682,True,0.3643471689657197
nested_validation,z|45|0.8|0.6|0.2|0.44,z|23|0.8|0.25|0.2|1.4,z|23|0.8|0.25|0.2|1.4,47632744,INT078,TP_z07_03,z,0.4343319824658965,1.1430942493118919,0.4238110787336789,1.0,0.20492388754955537,True,0.3652195755940848
nested_validation,z|45|0.8|0.6|0.2|0.44,z|23|0.8|0.25|0.2|1.4,z|23|0.8|0.25|0.2|1.4,47632753,INT065,TP_z07_01,z,0.4343319824658965,1.1430942493118919,0.4240347772004693,1.0,0.20490445535241944,True,0.36500754049998996
nested_validation,z|45|0.8|0.6|0.2|0.44,z|23|0.8|0.25|0.2|1.4,z|23|0.8|0.25|0.2|1.4,47632804,TP_z12_01,TP_z12_01,z,0.4343319824658965,1.1430942493118919,0.9442543873185116,1.0,0.14354353531781422,False,0.0
nested_validation,z|45|0.8|0.6|0.2|0.44,z|23|0.8|0.25|0.2|1.4,z|23|0.8|0.25|0.2|1.4,47632831,TP_z12_02,TP_z12_02,z,0.4343319824658965,1.1430942493118919,0.9337244472045942,1.0,0.14496986214271343,False,0.0
nested_validation,z|45|0.8|0.6|0.2|0.44,z|23|0.8|0.25|0.2|1.4,z|23|0.8|0.25|0.2|1.4,47632834,TP_z12_03,TP_z12_03,z,0.4343319824658965,1.1430942493118919,0.9533208462311606,1.0,0.1423140488559992,False,0.0
nested_validation,z|45|0.8|0.6|0.2|0.44,z|45|0.41|0.05|1|1,z|45|0.41|0.05|1|1,47632627,TP_z14_02,TP_z14_02,z,0.3496439368314625,1.210429948041776,0.8968057387497814,1.0,0.13676080770753946,False,0.0
nested_validation,z|45|0.8|0.6|0.2|0.44,z|45|0.41|0.05|1|1,z|45|0.41|0.05|1|1,47632645,TP_z14_03,TP_z14_03,z,0.3496439368314625,1.210429948041776,1.0124651235188196,1.0,0.12246446718738853,False,0.0
nested_validation,z|45|0.8|0.6|0.2|0.44,z|45|0.41|0.05|1|1,z|45|0.41|0.05|1|1,47632654,TP_z14_01,TP_z14_01,z,0.3496439368314625,1.210429948041776,0.9830712214245206,1.0,0.1261093293662548,False,0.0
nested_validation,z|45|0.8|0.6|0.2|0.44,z|45|0.8|0.6|1|0.26,z|45|0.8|0.6|1|0.26,47632252,TP_z15_01,TP_z15_01,z,0.3133353033823015,0.9666666666666667,0.7047696176310009,0.5,0.1388833725684484,False,0.0
nested_validation,z|45|0.8|0.6|0.2|0.44,z|45|0.8|0.6|1|0.26,z|45|0.8|0.6|1|0.26,47632321,TP_z17_01,TP_z17_01,z,0.3133353033823015,0.9666666666666667,0.7047696176310009,0.5,0.1388833725684484,False,0.0
nested_validation,z|45|0.8|0.6|0.2|0.44,z|45|0.8|0.6|1|0.26,z|45|0.8|0.6|1|0.26,47632336,TP_z15_03,TP_z15_03,z,0.3133353033823015,0.9666666666666667,0.7059390907631755,0.5,0.13876885588983168,False,0.0
nested_validation,z|45|0.8|0.6|0.2|0.44,z|45|0.8|0.6|1|0.26,z|45|0.8|0.6|1|0.26,47632339,TP_z15_02,TP_z15_02,z,0.3133353033823015,0.9666666666666667,0.7047696176310009,0.5,0.1388833725684484,False,0.0
nested_validation,z|45|0.8|0.6|0.2|0.44,z|45|0.8|0.6|1|0.26,z|45|0.8|0.6|1|0.26,47632342,TP_z17_02,TP_z17_02,z,0.3133353033823015,0.9666666666666667,0.7047696176310009,0.5,0.1388833725684484,False,0.0
nested_validation,z|45|0.8|0.6|0.2|0.44,z|45|0.8|0.6|1|0.26,z|45|0.8|0.6|1|0.26,47632351,TP_z17_03,TP_z17_03,z,0.3133353033823015,0.9666666666666667,0.7047696176310009,0.5,0.1388833725684484,False,0.0
nested_validation,z|45|0.8|0.6|0.2|0.44,z|45|0.8|0.6|1|2,z|45|0.8|0.6|1|2,47629771,TP_z20_02,TP_z20_02,z,0.6693819531966643,0.9666666666666667,0.7372229268950524,0.5,0.09561623547115643,False,0.0
nested_validation,z|45|0.8|0.6|0.2|0.44,z|45|0.8|0.6|1|2,z|45|0.8|0.6|1|2,47629825,TP_z23_01,TP_z23_01,z,0.6693819531966643,0.9666666666666667,0.7375268799550213,0.5,0.09559480765826465,False,0.0
nested_validation,z|45|0.8|0.6|0.2|0.44,z|45|0.8|0.6|1|2,z|45|0.8|0.6|1|2,47629960,TP_z23_02,TP_z23_02,z,0.6693819531966643,0.9666666666666667,0.7375268799550213,0.5,0.09559480765826465,False,0.0
nested_validation,z|45|0.8|0.6|0.2|0.44,z|45|0.8|0.6|1|2,z|45|0.8|0.6|1|2,47630290,TP_z20_03,TP_z20_03,z,0.6693819531966643,0.9666666666666667,0.7372229268950524,0.5,0.09561623547115643,False,0.0
nested_validation,z|45|0.8|0.6|0.2|0.44,z|45|0.8|0.6|1|2,z|45|0.8|0.6|1|2,47630314,139,TP_z02_03,z,0.6693819531966643,0.9666666666666667,0.8628189652321777,0.5,0.08647567593508201,False,0.0
nested_validation,z|45|0.8|0.6|0.2|0.44,z|45|0.8|0.6|1|2,z|45|0.8|0.6|1|2,47630320,TP_z20_01,TP_z20_01,z,0.6693819531966643,0.9666666666666667,0.7375268799550213,0.5,0.09559480765826465,False,0.0
nested_validation,z|45|0.8|0.6|0.2|0.44,z|45|0.8|0.6|1|2,z|45|0.8|0.6|1|2,47630323,TP_z23_03,TP_z23_03,z,0.6693819531966643,0.9666666666666667,0.7346451283169946,0.5,0.09579780021350336,False,0.0
nested_validation,z|45|0.8|0.6|0.2|0.44,z|45|0.8|0.6|1|2,z|45|0.8|0.6|1|2,47631133,025,TP_z02_02,z,0.6693819531966643,0.9666666666666667,0.8608424803305057,0.5,0.08662310373293501,False,0.0
nested_validation,z|45|0.8|0.6|0.2|0.44,z|45|0.8|0.6|1|2,z|45|0.8|0.6|1|2,47631268,117,TP_z02_01,z,0.6693819531966643,0.9666666666666667,0.8420544234480628,0.5,0.08801996191421159,False,0.0
outer_test,z|45|0.8|0.6|0.2|0.44,,z|45|0.8|0.6|0.2|0.44,47632591,TP_z21_01,TP_z21_01,z,0.7420472914420315,1.004987562112089,1.11107034407233,0.5,0.056641122137974245,False,0.0
outer_test,z|45|0.8|0.6|0.2|0.44,,z|45|0.8|0.6|0.2|0.44,47632621,TP_z18_02,TP_z18_02,z,0.7420472914420315,1.004987562112089,1.11107034407233,0.5,0.056641122137974245,False,0.0
outer_test,z|45|0.8|0.6|0.2|0.44,,z|45|0.8|0.6|0.2|0.44,47632624,TP_z18_03,TP_z18_03,z,0.7420472914420315,1.004987562112089,1.11107034407233,0.5,0.056641122137974245,False,0.0
outer_test,z|45|0.8|0.6|0.2|0.44,,z|45|0.8|0.6|0.2|0.44,47632630,TP_z18_01,TP_z18_01,z,0.7420472914420315,1.004987562112089,1.11107034407233,0.5,0.056641122137974245,False,0.0
outer_test,z|45|0.8|0.6|0.2|0.44,,z|45|0.8|0.6|0.2|0.44,47632636,TP_z21_03,TP_z21_03,z,0.7420472914420315,1.004987562112089,1.11107034407233,0.5,0.056641122137974245,False,0.0
outer_test,z|45|0.8|0.6|0.2|0.44,,z|45|0.8|0.6|0.2|0.44,47632639,TP_z21_02,TP_z21_02,z,0.7420472914420315,1.004987562112089,1.11107034407233,0.5,0.056641122137974245,False,0.0
outer_test,z|45|0.8|0.6|0.2|0.44,,z|45|0.8|0.6|0.2|0.44,47632666,TP_z24_02,TP_z24_02,z,0.7420472914420315,1.004987562112089,1.11107034407233,0.5,0.056641122137974245,False,0.0
outer_test,z|45|0.8|0.6|0.2|0.44,,z|45|0.8|0.6|0.2|0.44,47632669,TP_z22_03,TP_z22_03,z,0.7420472914420315,1.004987562112089,1.11107034407233,0.5,0.056641122137974245,False,0.0
outer_test,z|45|0.8|0.6|0.2|0.44,,z|45|0.8|0.6|0.2|0.44,47632747,TP_z24_01,TP_z24_01,z,0.7420472914420315,1.004987562112089,1.124929313751542,0.5,0.055770270196015895,False,0.0
outer_test,z|45|0.8|0.6|0.2|0.44,,z|45|0.8|0.6|0.2|0.44,47632786,TP_z24_03,TP_z24_03,z,0.7420472914420315,1.004987562112089,1.125425414363924,0.5,0.0557391478524925,False,0.0
outer_test,z|45|0.8|0.6|0.2|0.44,,z|45|0.8|0.6|0.2|0.44,47632795,TP_z22_02,TP_z22_02,z,0.7420472914420315,1.004987562112089,1.11107034407233,0.5,0.056641122137974245,False,0.0
outer_test,z|45|0.8|0.6|0.2|0.44,,z|45|0.8|0.6|0.2|0.44,47632798,TP_z22_01,TP_z22_01,z,0.7420472914420315,1.004987562112089,1.11107034407233,0.5,0.056641122137974245,False,0.0
outer_train_fit,z|45|0.8|0.6|0.2|0.44,,z|23|0.25|0.05|0.4|0.3,47632648,INT161,TP_z05_02,z,0.6064468466220085,0.0,0.1075405724532581,1.0,0.6882795057859648,True,3.808591723791903
outer_train_fit,z|45|0.8|0.6|0.2|0.44,,z|23|0.25|0.05|0.4|0.3,47632660,INT200,TP_z05_03,z,0.6064468466220085,0.0,0.1210175864974995,1.0,0.6872202743576088,True,3.7975540976372852
outer_train_fit,z|45|0.8|0.6|0.2|0.44,,z|23|0.25|0.05|0.4|0.3,47632663,INT073,TP_z05_01,z,0.6064468466220085,0.0,0.1544962668535451,1.0,0.6840581666497175,True,3.752842132058285
outer_train_fit,z|45|0.8|0.6|0.2|0.44,,z|23|0.69|0.2|1|0.5,47632750,INT059,TP_z04_01,z,0.6281472457559458,0.0,0.6673106758046793,1.0,0.5394416092509513,True,0.41944810048717984
outer_train_fit,z|45|0.8|0.6|0.2|0.44,,z|23|0.69|0.2|1|0.5,47632810,INT037,TP_z04_02,z,0.6281472457559458,0.0,0.6677168041909525,1.0,0.5392953884593149,True,0.413131000867733
outer_train_fit,z|45|0.8|0.6|0.2|0.44,,z|23|0.69|0.2|1|0.5,47639014,INT027,TP_z04_03,z,0.6281472457559458,0.0,0.6670338054970545,1.0,0.5395412642078614,True,0.4188553796891378
outer_train_fit,z|45|0.8|0.6|0.2|0.44,,z|23|0.8|0.25|0.2|1.4,47632675,INT163,TP_z07_02,z,0.4343319824658965,0.0,0.4245437059242428,1.0,0.7567192621715122,True,1.3458373142304572
outer_train_fit,z|45|0.8|0.6|0.2|0.44,,z|23|0.8|0.25|0.2|1.4,47632744,INT078,TP_z07_03,z,0.4343319824658965,0.0,0.4238110787336789,1.0,0.7569544597375655,True,1.3490598379486152
outer_train_fit,z|45|0.8|0.6|0.2|0.44,,z|23|0.8|0.25|0.2|1.4,47632753,INT065,TP_z07_01,z,0.4343319824658965,0.0,0.4240347772004693,1.0,0.7568826804615599,True,1.348276615884974
outer_train_fit,z|45|0.8|0.6|0.2|0.44,,z|23|0.8|0.25|0.2|1.4,47632804,TP_z12_01,TP_z12_01,z,0.4343319824658965,0.0,0.9442543873185116,1.0,0.5302257366117977,True,-0.7737949856866343
outer_train_fit,z|45|0.8|0.6|0.2|0.44,,z|23|0.8|0.25|0.2|1.4,47632831,TP_z12_02,TP_z12_02,z,0.4343319824658965,0.0,0.9337244472045942,1.0,0.5354943486026262,True,-0.7672342860696386
outer_train_fit,z|45|0.8|0.6|0.2|0.44,,z|23|0.8|0.25|0.2|1.4,47632834,TP_z12_03,TP_z12_03,z,0.4343319824658965,0.0,0.9533208462311606,1.0,0.5256842198975358,True,-0.7661206960003645
outer_train_fit,z|45|0.8|0.6|0.2|0.44,,z|45|0.41|0.05|1|1,47632627,TP_z14_02,TP_z14_02,z,0.3496439368314625,0.0,0.8968057387497814,1.0,0.5919215622414634,True,-0.09103590247577288
outer_train_fit,z|45|0.8|0.6|0.2|0.44,,z|45|0.41|0.05|1|1,47632645,TP_z14_03,TP_z14_03,z,0.3496439368314625,0.0,1.0124651235188196,1.0,0.5300448275477039,True,-0.1869300312950965
outer_train_fit,z|45|0.8|0.6|0.2|0.44,,z|45|0.41|0.05|1|1,47632654,TP_z14_01,TP_z14_01,z,0.3496439368314625,0.0,0.9830712214245206,1.0,0.545820345045985,True,-0.16120948198257584
outer_train_fit,z|45|0.8|0.6|0.2|0.44,,z|45|0.8|0.6|1|0.26,47632252,TP_z15_01,TP_z15_01,z,0.3133353033823015,0.0,0.7047696176310009,0.5,0.35356911380384515,True,-2.4931255746177077
outer_train_fit,z|45|0.8|0.6|0.2|0.44,,z|45|0.8|0.6|1|0.26,47632321,TP_z17_01,TP_z17_01,z,0.3133353033823015,0.0,0.7047696176310009,0.5,0.35356911380384515,True,-2.4931255746177077
outer_train_fit,z|45|0.8|0.6|0.2|0.44,,z|45|0.8|0.6|1|0.26,47632336,TP_z15_03,TP_z15_03,z,0.3133353033823015,0.0,0.7059390907631755,0.5,0.35327757738861076,True,-2.494338872701239
outer_train_fit,z|45|0.8|0.6|0.2|0.44,,z|45|0.8|0.6|1|0.26,47632339,TP_z15_02,TP_z15_02,z,0.3133353033823015,0.0,0.7047696176310009,0.5,0.35356911380384515,True,-2.4931255746177077
outer_train_fit,z|45|0.8|0.6|0.2|0.44,,z|45|0.8|0.6|1|0.26,47632342,TP_z17_02,TP_z17_02,z,0.3133353033823015,0.0,0.7047696176310009,0.5,0.35356911380384515,True,-2.4931255746177077
outer_train_fit,z|45|0.8|0.6|0.2|0.44,,z|45|0.8|0.6|1|0.26,47632351,TP_z17_03,TP_z17_03,z,0.3133353033823015,0.0,0.7047696176310009,0.5,0.35356911380384515,True,-2.4931255746177077
outer_train_fit,z|45|0.8|0.6|0.2|0.44,,z|45|0.8|0.6|1|2,47629771,TP_z20_02,TP_z20_02,z,0.6693819531966643,0.0,0.7372229268950524,0.5,0.2434196910370597,True,-1.70561421729418
outer_train_fit,z|45|0.8|0.6|0.2|0.44,,z|45|0.8|0.6|1|2,47629825,TP_z23_01,TP_z23_01,z,0.6693819531966643,0.0,0.7375268799550213,0.5,0.2433651401381667,True,-1.6995884498644516
outer_train_fit,z|45|0.8|0.6|0.2|0.44,,z|45|0.8|0.6|1|2,47629960,TP_z23_02,TP_z23_02,z,0.6693819531966643,0.0,0.7375268799550213,0.5,0.2433651401381667,True,-1.6995884498644516
outer_train_fit,z|45|0.8|0.6|0.2|0.44,,z|45|0.8|0.6|1|2,47630290,TP_z20_03,TP_z20_03,z,0.6693819531966643,0.0,0.7372229268950524,0.5,0.2434196910370597,True,-1.70561421729418
outer_train_fit,z|45|0.8|0.6|0.2|0.44,,z|45|0.8|0.6|1|2,47630314,139,TP_z02_03,z,0.6693819531966643,0.0,0.8628189652321777,0.5,0.2201496661588237,True,-0.6719555984520007
outer_train_fit,z|45|0.8|0.6|0.2|0.44,,z|45|0.8|0.6|1|2,47630320,TP_z20_01,TP_z20_01,z,0.6693819531966643,0.0,0.7375268799550213,0.5,0.2433651401381667,True,-1.6995884498644516
outer_train_fit,z|45|0.8|0.6|0.2|0.44,,z|45|0.8|0.6|1|2,47630323,TP_z23_03,TP_z23_03,z,0.6693819531966643,0.0,0.7346451283169946,0.5,0.2438819183279328,True,-1.7119998284434943
outer_train_fit,z|45|0.8|0.6|0.2|0.44,,z|45|0.8|0.6|1|2,47631133,025,TP_z02_02,z,0.6693819531966643,0.0,0.8608424803305057,0.5,0.22052498765968406,True,-0.6747261546461394
outer_train_fit,z|45|0.8|0.6|0.2|0.44,,z|45|0.8|0.6|1|2,47631268,117,TP_z02_01,z,0.6693819531966643,0.0,0.8420544234480628,0.5,0.22408110744659518,True,-0.6975805755871279
nested_validation,z|45|0.8|0.6|1|0.26,z|23|0.25|0.05|0.4|0.3,z|23|0.25|0.05|0.4|0.3,47632648,INT161,TP_z05_02,z,0.6064468466220085,1.1931579293210106,0.1075405724532581,1.0,0.16576467623344174,False,0.0
nested_validation,z|45|0.8|0.6|1|0.26,z|23|0.25|0.05|0.4|0.3,z|23|0.25|0.05|0.4|0.3,47632660,INT200,TP_z05_03,z,0.6064468466220085,1.1931579293210106,0.1210175864974995,1.0,0.16550957179795925,False,0.0
nested_validation,z|45|0.8|0.6|1|0.26,z|23|0.25|0.05|0.4|0.3,z|23|0.25|0.05|0.4|0.3,47632663,INT073,TP_z05_01,z,0.6064468466220085,1.1931579293210106,0.1544962668535451,1.0,0.16474801235007866,False,0.0
nested_validation,z|45|0.8|0.6|1|0.26,z|23|0.69|0.2|1|0.5,z|23|0.69|0.2|1|0.5,47632750,INT059,TP_z04_01,z,0.6281472457559458,1.1430942493118919,0.6673106758046793,1.0,0.1460384706789609,False,0.0
nested_validation,z|45|0.8|0.6|1|0.26,z|23|0.69|0.2|1|0.5,z|23|0.69|0.2|1|0.5,47632810,INT037,TP_z04_02,z,0.6281472457559458,1.1430942493118919,0.6677168041909525,1.0,0.14599888555904086,False,0.0
nested_validation,z|45|0.8|0.6|1|0.26,z|23|0.69|0.2|1|0.5,z|23|0.69|0.2|1|0.5,47639014,INT027,TP_z04_03,z,0.6281472457559458,1.1430942493118919,0.6670338054970545,1.0,0.14606544942374652,False,0.0
nested_validation,z|45|0.8|0.6|1|0.26,z|23|0.8|0.25|0.2|1.4,z|23|0.8|0.25|0.2|1.4,47632675,INT163,TP_z07_02,z,0.4343319824658965,1.1430942493118919,0.4245437059242428,1.0,0.20486021449900682,True,0.3643471689657197
nested_validation,z|45|0.8|0.6|1|0.26,z|23|0.8|0.25|0.2|1.4,z|23|0.8|0.25|0.2|1.4,47632744,INT078,TP_z07_03,z,0.4343319824658965,1.1430942493118919,0.4238110787336789,1.0,0.20492388754955537,True,0.3652195755940848
nested_validation,z|45|0.8|0.6|1|0.26,z|23|0.8|0.25|0.2|1.4,z|23|0.8|0.25|0.2|1.4,47632753,INT065,TP_z07_01,z,0.4343319824658965,1.1430942493118919,0.4240347772004693,1.0,0.20490445535241944,True,0.36500754049998996
nested_validation,z|45|0.8|0.6|1|0.26,z|23|0.8|0.25|0.2|1.4,z|23|0.8|0.25|0.2|1.4,47632804,TP_z12_01,TP_z12_01,z,0.4343319824658965,1.1430942493118919,0.9442543873185116,1.0,0.14354353531781422,False,0.0
nested_validation,z|45|0.8|0.6|1|0.26,z|23|0.8|0.25|0.2|1.4,z|23|0.8|0.25|0.2|1.4,47632831,TP_z12_02,TP_z12_02,z,0.4343319824658965,1.1430942493118919,0.9337244472045942,1.0,0.14496986214271343,False,0.0
nested_validation,z|45|0.8|0.6|1|0.26,z|23|0.8|0.25|0.2|1.4,z|23|0.8|0.25|0.2|1.4,47632834,TP_z12_03,TP_z12_03,z,0.4343319824658965,1.1430942493118919,0.9533208462311606,1.0,0.1423140488559992,False,0.0
nested_validation,z|45|0.8|0.6|1|0.26,z|45|0.41|0.05|1|1,z|45|0.41|0.05|1|1,47632627,TP_z14_02,TP_z14_02,z,0.3496439368314625,1.210429948041776,0.8968057387497814,1.0,0.13676080770753946,False,0.0
nested_validation,z|45|0.8|0.6|1|0.26,z|45|0.41|0.05|1|1,z|45|0.41|0.05|1|1,47632645,TP_z14_03,TP_z14_03,z,0.3496439368314625,1.210429948041776,1.0124651235188196,1.0,0.12246446718738853,False,0.0
nested_validation,z|45|0.8|0.6|1|0.26,z|45|0.41|0.05|1|1,z|45|0.41|0.05|1|1,47632654,TP_z14_01,TP_z14_01,z,0.3496439368314625,1.210429948041776,0.9830712214245206,1.0,0.1261093293662548,False,0.0
nested_validation,z|45|0.8|0.6|1|0.26,z|45|0.8|0.6|0.2|0.44,z|45|0.8|0.6|0.2|0.44,47632591,TP_z21_01,TP_z21_01,z,0.7420472914420315,1.2997704113151656,1.11107034407233,0.5,0.02871248767664423,False,0.0
nested_validation,z|45|0.8|0.6|1|0.26,z|45|0.8|0.6|0.2|0.44,z|45|0.8|0.6|0.2|0.44,47632621,TP_z18_02,TP_z18_02,z,0.7420472914420315,1.2997704113151656,1.11107034407233,0.5,0.02871248767664423,False,0.0
nested_validation,z|45|0.8|0.6|1|0.26,z|45|0.8|0.6|0.2|0.44,z|45|0.8|0.6|0.2|0.44,47632624,TP_z18_03,TP_z18_03,z,0.7420472914420315,1.2997704113151656,1.11107034407233,0.5,0.02871248767664423,False,0.0
nested_validation,z|45|0.8|0.6|1|0.26,z|45|0.8|0.6|0.2|0.44,z|45|0.8|0.6|0.2|0.44,47632630,TP_z18_01,TP_z18_01,z,0.7420472914420315,1.2997704113151656,1.11107034407233,0.5,0.02871248767664423,False,0.0
nested_validation,z|45|0.8|0.6|1|0.26,z|45|0.8|0.6|0.2|0.44,z|45|0.8|0.6|0.2|0.44,47632636,TP_z21_03,TP_z21_03,z,0.7420472914420315,1.2997704113151656,1.11107034407233,0.5,0.02871248767664423,False,0.0
nested_validation,z|45|0.8|0.6|1|0.26,z|45|0.8|0.6|0.2|0.44,z|45|0.8|0.6|0.2|0.44,47632639,TP_z21_02,TP_z21_02,z,0.7420472914420315,1.2997704113151656,1.11107034407233,0.5,0.02871248767664423,False,0.0
nested_validation,z|45|0.8|0.6|1|0.26,z|45|0.8|0.6|0.2|0.44,z|45|0.8|0.6|0.2|0.44,47632666,TP_z24_02,TP_z24_02,z,0.7420472914420315,1.2997704113151656,1.11107034407233,0.5,0.02871248767664423,False,0.0
nested_validation,z|45|0.8|0.6|1|0.26,z|45|0.8|0.6|0.2|0.44,z|45|0.8|0.6|0.2|0.44,47632669,TP_z22_03,TP_z22_03,z,0.7420472914420315,1.2997704113151656,1.11107034407233,0.5,0.02871248767664423,False,0.0
nested_validation,z|45|0.8|0.6|1|0.26,z|45|0.8|0.6|0.2|0.44,z|45|0.8|0.6|0.2|0.44,47632747,TP_z24_01,TP_z24_01,z,0.7420472914420315,1.2997704113151656,1.124929313751542,0.5,0.028271035870821037,False,0.0
nested_validation,z|45|0.8|0.6|1|0.26,z|45|0.8|0.6|0.2|0.44,z|45|0.8|0.6|0.2|0.44,47632786,TP_z24_03,TP_z24_03,z,0.7420472914420315,1.2997704113151656,1.125425414363924,0.5,0.02825525934890279,False,0.0
nested_validation,z|45|0.8|0.6|1|0.26,z|45|0.8|0.6|0.2|0.44,z|45|0.8|0.6|0.2|0.44,47632795,TP_z22_02,TP_z22_02,z,0.7420472914420315,1.2997704113151656,1.11107034407233,0.5,0.02871248767664423,False,0.0
nested_validation,z|45|0.8|0.6|1|0.26,z|45|0.8|0.6|0.2|0.44,z|45|0.8|0.6|0.2|0.44,47632798,TP_z22_01,TP_z22_01,z,0.7420472914420315,1.2997704113151656,1.11107034407233,0.5,0.02871248767664423,False,0.0
nested_validation,z|45|0.8|0.6|1|0.26,z|45|0.8|0.6|1|2,z|45|0.8|0.6|1|2,47629771,TP_z20_02,TP_z20_02,z,0.6693819531966643,1.3232955494186138,0.7372229268950524,0.5,0.042253025726858295,False,0.0
nested_validation,z|45|0.8|0.6|1|0.26,z|45|0.8|0.6|1|2,z|45|0.8|0.6|1|2,47629825,TP_z23_01,TP_z23_01,z,0.6693819531966643,1.3232955494186138,0.7375268799550213,0.5,0.04224355672899485,False,0.0
nested_validation,z|45|0.8|0.6|1|0.26,z|45|0.8|0.6|1|2,z|45|0.8|0.6|1|2,47629960,TP_z23_02,TP_z23_02,z,0.6693819531966643,1.3232955494186138,0.7375268799550213,0.5,0.04224355672899485,False,0.0
nested_validation,z|45|0.8|0.6|1|0.26,z|45|0.8|0.6|1|2,z|45|0.8|0.6|1|2,47630290,TP_z20_03,TP_z20_03,z,0.6693819531966643,1.3232955494186138,0.7372229268950524,0.5,0.042253025726858295,False,0.0
nested_validation,z|45|0.8|0.6|1|0.26,z|45|0.8|0.6|1|2,z|45|0.8|0.6|1|2,47630314,139,TP_z02_03,z,0.6693819531966643,1.3232955494186138,0.8628189652321777,0.5,0.038213792271028106,False,0.0
nested_validation,z|45|0.8|0.6|1|0.26,z|45|0.8|0.6|1|2,z|45|0.8|0.6|1|2,47630320,TP_z20_01,TP_z20_01,z,0.6693819531966643,1.3232955494186138,0.7375268799550213,0.5,0.04224355672899485,False,0.0
nested_validation,z|45|0.8|0.6|1|0.26,z|45|0.8|0.6|1|2,z|45|0.8|0.6|1|2,47630323,TP_z23_03,TP_z23_03,z,0.6693819531966643,1.3232955494186138,0.7346451283169946,0.5,0.042333259587684045,False,0.0
nested_validation,z|45|0.8|0.6|1|0.26,z|45|0.8|0.6|1|2,z|45|0.8|0.6|1|2,47631133,025,TP_z02_02,z,0.6693819531966643,1.3232955494186138,0.8608424803305057,0.5,0.03827894094065353,False,0.0
nested_validation,z|45|0.8|0.6|1|0.26,z|45|0.8|0.6|1|2,z|45|0.8|0.6|1|2,47631268,117,TP_z02_01,z,0.6693819531966643,1.3232955494186138,0.8420544234480628,0.5,0.03889621565743587,False,0.0
outer_test,z|45|0.8|0.6|1|0.26,,z|45|0.8|0.6|1|0.26,47632252,TP_z15_01,TP_z15_01,z,0.3133353033823015,0.9666666666666667,0.7047696176310009,0.5,0.1388833725684484,False,0.0
outer_test,z|45|0.8|0.6|1|0.26,,z|45|0.8|0.6|1|0.26,47632321,TP_z17_01,TP_z17_01,z,0.3133353033823015,0.9666666666666667,0.7047696176310009,0.5,0.1388833725684484,False,0.0
outer_test,z|45|0.8|0.6|1|0.26,,z|45|0.8|0.6|1|0.26,47632336,TP_z15_03,TP_z15_03,z,0.3133353033823015,0.9666666666666667,0.7059390907631755,0.5,0.13876885588983168,False,0.0
outer_test,z|45|0.8|0.6|1|0.26,,z|45|0.8|0.6|1|0.26,47632339,TP_z15_02,TP_z15_02,z,0.3133353033823015,0.9666666666666667,0.7047696176310009,0.5,0.1388833725684484,False,0.0
outer_test,z|45|0.8|0.6|1|0.26,,z|45|0.8|0.6|1|0.26,47632342,TP_z17_02,TP_z17_02,z,0.3133353033823015,0.9666666666666667,0.7047696176310009,0.5,0.1388833725684484,False,0.0
outer_test,z|45|0.8|0.6|1|0.26,,z|45|0.8|0.6|1|0.26,47632351,TP_z17_03,TP_z17_03,z,0.3133353033823015,0.9666666666666667,0.7047696176310009,0.5,0.1388833725684484,False,0.0
outer_train_fit,z|45|0.8|0.6|1|0.26,,z|23|0.25|0.05|0.4|0.3,47632648,INT161,TP_z05_02,z,0.6064468466220085,0.0,0.1075405724532581,1.0,0.6882795057859648,True,3.808591723791903
outer_train_fit,z|45|0.8|0.6|1|0.26,,z|23|0.25|0.05|0.4|0.3,47632660,INT200,TP_z05_03,z,0.6064468466220085,0.0,0.1210175864974995,1.0,0.6872202743576088,True,3.7975540976372852
outer_train_fit,z|45|0.8|0.6|1|0.26,,z|23|0.25|0.05|0.4|0.3,47632663,INT073,TP_z05_01,z,0.6064468466220085,0.0,0.1544962668535451,1.0,0.6840581666497175,True,3.752842132058285
outer_train_fit,z|45|0.8|0.6|1|0.26,,z|23|0.69|0.2|1|0.5,47632750,INT059,TP_z04_01,z,0.6281472457559458,0.0,0.6673106758046793,1.0,0.5394416092509513,True,0.41944810048717984
outer_train_fit,z|45|0.8|0.6|1|0.26,,z|23|0.69|0.2|1|0.5,47632810,INT037,TP_z04_02,z,0.6281472457559458,0.0,0.6677168041909525,1.0,0.5392953884593149,True,0.413131000867733
outer_train_fit,z|45|0.8|0.6|1|0.26,,z|23|0.69|0.2|1|0.5,47639014,INT027,TP_z04_03,z,0.6281472457559458,0.0,0.6670338054970545,1.0,0.5395412642078614,True,0.4188553796891378
outer_train_fit,z|45|0.8|0.6|1|0.26,,z|23|0.8|0.25|0.2|1.4,47632675,INT163,TP_z07_02,z,0.4343319824658965,0.0,0.4245437059242428,1.0,0.7567192621715122,True,1.3458373142304572
outer_train_fit,z|45|0.8|0.6|1|0.26,,z|23|0.8|0.25|0.2|1.4,47632744,INT078,TP_z07_03,z,0.4343319824658965,0.0,0.4238110787336789,1.0,0.7569544597375655,True,1.3490598379486152
outer_train_fit,z|45|0.8|0.6|1|0.26,,z|23|0.8|0.25|0.2|1.4,47632753,INT065,TP_z07_01,z,0.4343319824658965,0.0,0.4240347772004693,1.0,0.7568826804615599,True,1.348276615884974
outer_train_fit,z|45|0.8|0.6|1|0.26,,z|23|0.8|0.25|0.2|1.4,47632804,TP_z12_01,TP_z12_01,z,0.4343319824658965,0.0,0.9442543873185116,1.0,0.5302257366117977,True,-0.7737949856866343
outer_train_fit,z|45|0.8|0.6|1|0.26,,z|23|0.8|0.25|0.2|1.4,47632831,TP_z12_02,TP_z12_02,z,0.4343319824658965,0.0,0.9337244472045942,1.0,0.5354943486026262,True,-0.7672342860696386
outer_train_fit,z|45|0.8|0.6|1|0.26,,z|23|0.8|0.25|0.2|1.4,47632834,TP_z12_03,TP_z12_03,z,0.4343319824658965,0.0,0.9533208462311606,1.0,0.5256842198975358,True,-0.7661206960003645
outer_train_fit,z|45|0.8|0.6|1|0.26,,z|45|0.41|0.05|1|1,47632627,TP_z14_02,TP_z14_02,z,0.3496439368314625,0.0,0.8968057387497814,1.0,0.5919215622414634,True,-0.09103590247577288
outer_train_fit,z|45|0.8|0.6|1|0.26,,z|45|0.41|0.05|1|1,47632645,TP_z14_03,TP_z14_03,z,0.3496439368314625,0.0,1.0124651235188196,1.0,0.5300448275477039,True,-0.1869300312950965
outer_train_fit,z|45|0.8|0.6|1|0.26,,z|45|0.41|0.05|1|1,47632654,TP_z14_01,TP_z14_01,z,0.3496439368314625,0.0,0.9830712214245206,1.0,0.545820345045985,True,-0.16120948198257584
outer_train_fit,z|45|0.8|0.6|1|0.26,,z|45|0.8|0.6|0.2|0.44,47632591,TP_z21_01,TP_z21_01,z,0.7420472914420315,0.0,1.11107034407233,0.5,0.1555139224337192,False,0.0
outer_train_fit,z|45|0.8|0.6|1|0.26,,z|45|0.8|0.6|0.2|0.44,47632621,TP_z18_02,TP_z18_02,z,0.7420472914420315,0.0,1.11107034407233,0.5,0.1555139224337192,False,0.0
outer_train_fit,z|45|0.8|0.6|1|0.26,,z|45|0.8|0.6|0.2|0.44,47632624,TP_z18_03,TP_z18_03,z,0.7420472914420315,0.0,1.11107034407233,0.5,0.1555139224337192,False,0.0
outer_train_fit,z|45|0.8|0.6|1|0.26,,z|45|0.8|0.6|0.2|0.44,47632630,TP_z18_01,TP_z18_01,z,0.7420472914420315,0.0,1.11107034407233,0.5,0.1555139224337192,False,0.0
outer_train_fit,z|45|0.8|0.6|1|0.26,,z|45|0.8|0.6|0.2|0.44,47632636,TP_z21_03,TP_z21_03,z,0.7420472914420315,0.0,1.11107034407233,0.5,0.1555139224337192,False,0.0
outer_train_fit,z|45|0.8|0.6|1|0.26,,z|45|0.8|0.6|0.2|0.44,47632639,TP_z21_02,TP_z21_02,z,0.7420472914420315,0.0,1.11107034407233,0.5,0.1555139224337192,False,0.0
outer_train_fit,z|45|0.8|0.6|1|0.26,,z|45|0.8|0.6|0.2|0.44,47632666,TP_z24_02,TP_z24_02,z,0.7420472914420315,0.0,1.11107034407233,0.5,0.1555139224337192,False,0.0
outer_train_fit,z|45|0.8|0.6|1|0.26,,z|45|0.8|0.6|0.2|0.44,47632669,TP_z22_03,TP_z22_03,z,0.7420472914420315,0.0,1.11107034407233,0.5,0.1555139224337192,False,0.0
outer_train_fit,z|45|0.8|0.6|1|0.26,,z|45|0.8|0.6|0.2|0.44,47632747,TP_z24_01,TP_z24_01,z,0.7420472914420315,0.0,1.124929313751542,0.5,0.1531229104579489,False,0.0
outer_train_fit,z|45|0.8|0.6|1|0.26,,z|45|0.8|0.6|0.2|0.44,47632786,TP_z24_03,TP_z24_03,z,0.7420472914420315,0.0,1.125425414363924,0.5,0.15303746091998138,False,0.0
outer_train_fit,z|45|0.8|0.6|1|0.26,,z|45|0.8|0.6|0.2|0.44,47632795,TP_z22_02,TP_z22_02,z,0.7420472914420315,0.0,1.11107034407233,0.5,0.1555139224337192,False,0.0
outer_train_fit,z|45|0.8|0.6|1|0.26,,z|45|0.8|0.6|0.2|0.44,47632798,TP_z22_01,TP_z22_01,z,0.7420472914420315,0.0,1.11107034407233,0.5,0.1555139224337192,False,0.0
outer_train_fit,z|45|0.8|0.6|1|0.26,,z|45|0.8|0.6|1|2,47629771,TP_z20_02,TP_z20_02,z,0.6693819531966643,0.0,0.7372229268950524,0.5,0.2434196910370597,True,-1.70561421729418
outer_train_fit,z|45|0.8|0.6|1|0.26,,z|45|0.8|0.6|1|2,47629825,TP_z23_01,TP_z23_01,z,0.6693819531966643,0.0,0.7375268799550213,0.5,0.2433651401381667,True,-1.6995884498644516
outer_train_fit,z|45|0.8|0.6|1|0.26,,z|45|0.8|0.6|1|2,47629960,TP_z23_02,TP_z23_02,z,0.6693819531966643,0.0,0.7375268799550213,0.5,0.2433651401381667,True,-1.6995884498644516
outer_train_fit,z|45|0.8|0.6|1|0.26,,z|45|0.8|0.6|1|2,47630290,TP_z20_03,TP_z20_03,z,0.6693819531966643,0.0,0.7372229268950524,0.5,0.2434196910370597,True,-1.70561421729418
outer_train_fit,z|45|0.8|0.6|1|0.26,,z|45|0.8|0.6|1|2,47630314,139,TP_z02_03,z,0.6693819531966643,0.0,0.8628189652321777,0.5,0.2201496661588237,True,-0.6719555984520007
outer_train_fit,z|45|0.8|0.6|1|0.26,,z|45|0.8|0.6|1|2,47630320,TP_z20_01,TP_z20_01,z,0.6693819531966643,0.0,0.7375268799550213,0.5,0.2433651401381667,True,-1.6995884498644516
outer_train_fit,z|45|0.8|0.6|1|0.26,,z|45|0.8|0.6|1|2,47630323,TP_z23_03,TP_z23_03,z,0.6693819531966643,0.0,0.7346451283169946,0.5,0.2438819183279328,True,-1.7119998284434943
outer_train_fit,z|45|0.8|0.6|1|0.26,,z|45|0.8|0.6|1|2,47631133,025,TP_z02_02,z,0.6693819531966643,0.0,0.8608424803305057,0.5,0.22052498765968406,True,-0.6747261546461394
outer_train_fit,z|45|0.8|0.6|1|0.26,,z|45|0.8|0.6|1|2,47631268,117,TP_z02_01,z,0.6693819531966643,0.0,0.8420544234480628,0.5,0.22408110744659518,True,-0.6975805755871279
nested_validation,z|45|0.8|0.6|1|2,z|23|0.25|0.05|0.4|0.3,z|23|0.25|0.05|0.4|0.3,47632648,INT161,TP_z05_02,z,0.6064468466220085,1.1931579293210106,0.1075405724532581,1.0,0.16576467623344174,False,0.0
nested_validation,z|45|0.8|0.6|1|2,z|23|0.25|0.05|0.4|0.3,z|23|0.25|0.05|0.4|0.3,47632660,INT200,TP_z05_03,z,0.6064468466220085,1.1931579293210106,0.1210175864974995,1.0,0.16550957179795925,False,0.0
nested_validation,z|45|0.8|0.6|1|2,z|23|0.25|0.05|0.4|0.3,z|23|0.25|0.05|0.4|0.3,47632663,INT073,TP_z05_01,z,0.6064468466220085,1.1931579293210106,0.1544962668535451,1.0,0.16474801235007866,False,0.0
nested_validation,z|45|0.8|0.6|1|2,z|23|0.69|0.2|1|0.5,z|23|0.69|0.2|1|0.5,47632750,INT059,TP_z04_01,z,0.6281472457559458,1.1430942493118919,0.6673106758046793,1.0,0.1460384706789609,False,0.0
nested_validation,z|45|0.8|0.6|1|2,z|23|0.69|0.2|1|0.5,z|23|0.69|0.2|1|0.5,47632810,INT037,TP_z04_02,z,0.6281472457559458,1.1430942493118919,0.6677168041909525,1.0,0.14599888555904086,False,0.0
nested_validation,z|45|0.8|0.6|1|2,z|23|0.69|0.2|1|0.5,z|23|0.69|0.2|1|0.5,47639014,INT027,TP_z04_03,z,0.6281472457559458,1.1430942493118919,0.6670338054970545,1.0,0.14606544942374652,False,0.0
nested_validation,z|45|0.8|0.6|1|2,z|23|0.8|0.25|0.2|1.4,z|23|0.8|0.25|0.2|1.4,47632675,INT163,TP_z07_02,z,0.4343319824658965,1.1430942493118919,0.4245437059242428,1.0,0.20486021449900682,True,0.3643471689657197
nested_validation,z|45|0.8|0.6|1|2,z|23|0.8|0.25|0.2|1.4,z|23|0.8|0.25|0.2|1.4,47632744,INT078,TP_z07_03,z,0.4343319824658965,1.1430942493118919,0.4238110787336789,1.0,0.20492388754955537,True,0.3652195755940848
nested_validation,z|45|0.8|0.6|1|2,z|23|0.8|0.25|0.2|1.4,z|23|0.8|0.25|0.2|1.4,47632753,INT065,TP_z07_01,z,0.4343319824658965,1.1430942493118919,0.4240347772004693,1.0,0.20490445535241944,True,0.36500754049998996
nested_validation,z|45|0.8|0.6|1|2,z|23|0.8|0.25|0.2|1.4,z|23|0.8|0.25|0.2|1.4,47632804,TP_z12_01,TP_z12_01,z,0.4343319824658965,1.1430942493118919,0.9442543873185116,1.0,0.14354353531781422,False,0.0
nested_validation,z|45|0.8|0.6|1|2,z|23|0.8|0.25|0.2|1.4,z|23|0.8|0.25|0.2|1.4,47632831,TP_z12_02,TP_z12_02,z,0.4343319824658965,1.1430942493118919,0.9337244472045942,1.0,0.14496986214271343,False,0.0
nested_validation,z|45|0.8|0.6|1|2,z|23|0.8|0.25|0.2|1.4,z|23|0.8|0.25|0.2|1.4,47632834,TP_z12_03,TP_z12_03,z,0.4343319824658965,1.1430942493118919,0.9533208462311606,1.0,0.1423140488559992,False,0.0
nested_validation,z|45|0.8|0.6|1|2,z|45|0.47|0.15|0.7|1.9,z|45|0.47|0.15|0.7|1.9,47632447,182,TP_z01_03,z,0.3606937759374287,1.1994719285403856,1.2795374122899206,1.0,0.09186447350750812,False,0.0
nested_validation,z|45|0.8|0.6|1|2,z|45|0.47|0.15|0.7|1.9,z|45|0.47|0.15|0.7|1.9,47632450,047,TP_z01_02,z,0.3606937759374287,1.1994719285403856,1.2795374122899206,1.0,0.09186447350750812,False,0.0
nested_validation,z|45|0.8|0.6|1|2,z|45|0.47|0.15|0.7|1.9,z|45|0.47|0.15|0.7|1.9,47632462,021,TP_z01_01,z,0.3606937759374287,1.1994719285403856,1.2795374122899206,1.0,0.09186447350750812,False,0.0
nested_validation,z|45|0.8|0.6|1|2,z|45|0.8|0.6|0.24|2,z|45|0.8|0.6|0.24|2,47632537,183,TP_z03_01,z,0.6173461560586306,1.1994719285403856,1.0935571564647364,0.5,0.04455949611029407,False,0.0
nested_validation,z|45|0.8|0.6|1|2,z|45|0.8|0.6|0.24|2,z|45|0.8|0.6|0.24|2,47632555,010,TP_z03_03,z,0.6173461560586306,1.1994719285403856,1.0935571564647364,0.5,0.04455949611029407,False,0.0
nested_validation,z|45|0.8|0.6|1|2,z|45|0.8|0.6|0.24|2,z|45|0.8|0.6|0.24|2,47632561,075,TP_z03_02,z,0.6173461560586306,1.1994719285403856,1.0906430272280303,0.5,0.04470153353245809,False,0.0
nested_validation,z|45|0.8|0.6|1|2,z|45|0.8|0.6|0.24|2,z|45|0.8|0.6|0.24|2,47632672,TP_z16_02,TP_z16_02,z,0.6173461560586306,1.1994719285403856,1.1062735391952612,0.5,0.04394058334899064,False,0.0
nested_validation,z|45|0.8|0.6|1|2,z|45|0.8|0.6|0.24|2,z|45|0.8|0.6|0.24|2,47632678,TP_z16_01,TP_z16_01,z,0.6173461560586306,1.1994719285403856,1.0960712282093266,0.5,0.04443701734239631,False,0.0
nested_validation,z|45|0.8|0.6|1|2,z|45|0.8|0.6|0.24|2,z|45|0.8|0.6|0.24|2,47632684,TP_z16_03,TP_z16_03,z,0.6173461560586306,1.1994719285403856,1.0979640580725891,0.5,0.04434484104241309,False,0.0
nested_validation,z|45|0.8|0.6|1|2,z|45|0.8|0.6|0.24|2,z|45|0.8|0.6|0.24|2,47632735,TP_z19_01,TP_z19_01,z,0.6173461560586306,1.1994719285403856,1.0979640580725891,0.5,0.04434484104241309,False,0.0
nested_validation,z|45|0.8|0.6|1|2,z|45|0.8|0.6|0.24|2,z|45|0.8|0.6|0.24|2,47632789,TP_z19_03,TP_z19_03,z,0.6173461560586306,1.1994719285403856,1.0960712282093266,0.5,0.04443701734239631,False,0.0
nested_validation,z|45|0.8|0.6|1|2,z|45|0.8|0.6|0.24|2,z|45|0.8|0.6|0.24|2,47639017,TP_z19_02,TP_z19_02,z,0.6173461560586306,1.1994719285403856,1.0979640580725891,0.5,0.04434484104241309,False,0.0
nested_validation,z|45|0.8|0.6|1|2,z|45|0.8|0.6|1|0.26,z|45|0.8|0.6|1|0.26,47632252,TP_z15_01,TP_z15_01,z,0.3133353033823015,1.2629740288748967,0.7047696176310009,0.5,0.07173477101835725,False,0.0
nested_validation,z|45|0.8|0.6|1|2,z|45|0.8|0.6|1|0.26,z|45|0.8|0.6|1|0.26,47632321,TP_z17_01,TP_z17_01,z,0.3133353033823015,1.2629740288748967,0.7047696176310009,0.5,0.07173477101835725,False,0.0
nested_validation,z|45|0.8|0.6|1|2,z|45|0.8|0.6|1|0.26,z|45|0.8|0.6|1|0.26,47632336,TP_z15_03,TP_z15_03,z,0.3133353033823015,1.2629740288748967,0.7059390907631755,0.5,0.07167562190952996,False,0.0
nested_validation,z|45|0.8|0.6|1|2,z|45|0.8|0.6|1|0.26,z|45|0.8|0.6|1|0.26,47632339,TP_z15_02,TP_z15_02,z,0.3133353033823015,1.2629740288748967,0.7047696176310009,0.5,0.07173477101835725,False,0.0
nested_validation,z|45|0.8|0.6|1|2,z|45|0.8|0.6|1|0.26,z|45|0.8|0.6|1|0.26,47632342,TP_z17_02,TP_z17_02,z,0.3133353033823015,1.2629740288748967,0.7047696176310009,0.5,0.07173477101835725,False,0.0
nested_validation,z|45|0.8|0.6|1|2,z|45|0.8|0.6|1|0.26,z|45|0.8|0.6|1|0.26,47632351,TP_z17_03,TP_z17_03,z,0.3133353033823015,1.2629740288748967,0.7047696176310009,0.5,0.07173477101835725,False,0.0
outer_test,z|45|0.8|0.6|1|2,,z|45|0.8|0.6|1|2,47629771,TP_z20_02,TP_z20_02,z,0.6693819531966643,0.9500000000000001,0.7372229268950524,0.5,0.09871995232120115,False,0.0
outer_test,z|45|0.8|0.6|1|2,,z|45|0.8|0.6|1|2,47629825,TP_z23_01,TP_z23_01,z,0.6693819531966643,0.9500000000000001,0.7375268799550213,0.5,0.09869782895839983,False,0.0
outer_test,z|45|0.8|0.6|1|2,,z|45|0.8|0.6|1|2,47629960,TP_z23_02,TP_z23_02,z,0.6693819531966643,0.9500000000000001,0.7375268799550213,0.5,0.09869782895839983,False,0.0
outer_test,z|45|0.8|0.6|1|2,,z|45|0.8|0.6|1|2,47630290,TP_z20_03,TP_z20_03,z,0.6693819531966643,0.9500000000000001,0.7372229268950524,0.5,0.09871995232120115,False,0.0
outer_test,z|45|0.8|0.6|1|2,,z|45|0.8|0.6|1|2,47630314,139,TP_z02_03,z,0.6693819531966643,0.9500000000000001,0.8628189652321777,0.5,0.08928268889889698,False,0.0
outer_test,z|45|0.8|0.6|1|2,,z|45|0.8|0.6|1|2,47630320,TP_z20_01,TP_z20_01,z,0.6693819531966643,0.9500000000000001,0.7375268799550213,0.5,0.09869782895839983,False,0.0
outer_test,z|45|0.8|0.6|1|2,,z|45|0.8|0.6|1|2,47630323,TP_z23_03,TP_z23_03,z,0.6693819531966643,0.9500000000000001,0.7346451283169946,0.5,0.09890741068137793,False,0.0
outer_test,z|45|0.8|0.6|1|2,,z|45|0.8|0.6|1|2,47631133,025,TP_z02_02,z,0.6693819531966643,0.9500000000000001,0.8608424803305057,0.5,0.08943490222441804,False,0.0
outer_test,z|45|0.8|0.6|1|2,,z|45|0.8|0.6|1|2,47631268,117,TP_z02_01,z,0.6693819531966643,0.9500000000000001,0.8420544234480628,0.5,0.09087710262454465,False,0.0
outer_train_fit,z|45|0.8|0.6|1|2,,z|23|0.25|0.05|0.4|0.3,47632648,INT161,TP_z05_02,z,0.6064468466220085,0.0,0.1075405724532581,1.0,0.6882795057859648,True,3.808591723791903
outer_train_fit,z|45|0.8|0.6|1|2,,z|23|0.25|0.05|0.4|0.3,47632660,INT200,TP_z05_03,z,0.6064468466220085,0.0,0.1210175864974995,1.0,0.6872202743576088,True,3.7975540976372852
outer_train_fit,z|45|0.8|0.6|1|2,,z|23|0.25|0.05|0.4|0.3,47632663,INT073,TP_z05_01,z,0.6064468466220085,0.0,0.1544962668535451,1.0,0.6840581666497175,True,3.752842132058285
outer_train_fit,z|45|0.8|0.6|1|2,,z|23|0.69|0.2|1|0.5,47632750,INT059,TP_z04_01,z,0.6281472457559458,0.0,0.6673106758046793,1.0,0.5394416092509513,True,0.41944810048717984
outer_train_fit,z|45|0.8|0.6|1|2,,z|23|0.69|0.2|1|0.5,47632810,INT037,TP_z04_02,z,0.6281472457559458,0.0,0.6677168041909525,1.0,0.5392953884593149,True,0.413131000867733
outer_train_fit,z|45|0.8|0.6|1|2,,z|23|0.69|0.2|1|0.5,47639014,INT027,TP_z04_03,z,0.6281472457559458,0.0,0.6670338054970545,1.0,0.5395412642078614,True,0.4188553796891378
outer_train_fit,z|45|0.8|0.6|1|2,,z|23|0.8|0.25|0.2|1.4,47632675,INT163,TP_z07_02,z,0.4343319824658965,0.0,0.4245437059242428,1.0,0.7567192621715122,True,1.3458373142304572
outer_train_fit,z|45|0.8|0.6|1|2,,z|23|0.8|0.25|0.2|1.4,47632744,INT078,TP_z07_03,z,0.4343319824658965,0.0,0.4238110787336789,1.0,0.7569544597375655,True,1.3490598379486152
outer_train_fit,z|45|0.8|0.6|1|2,,z|23|0.8|0.25|0.2|1.4,47632753,INT065,TP_z07_01,z,0.4343319824658965,0.0,0.4240347772004693,1.0,0.7568826804615599,True,1.348276615884974
outer_train_fit,z|45|0.8|0.6|1|2,,z|23|0.8|0.25|0.2|1.4,47632804,TP_z12_01,TP_z12_01,z,0.4343319824658965,0.0,0.9442543873185116,1.0,0.5302257366117977,True,-0.7737949856866343
outer_train_fit,z|45|0.8|0.6|1|2,,z|23|0.8|0.25|0.2|1.4,47632831,TP_z12_02,TP_z12_02,z,0.4343319824658965,0.0,0.9337244472045942,1.0,0.5354943486026262,True,-0.7672342860696386
outer_train_fit,z|45|0.8|0.6|1|2,,z|23|0.8|0.25|0.2|1.4,47632834,TP_z12_03,TP_z12_03,z,0.4343319824658965,0.0,0.9533208462311606,1.0,0.5256842198975358,True,-0.7661206960003645
outer_train_fit,z|45|0.8|0.6|1|2,,z|45|0.47|0.15|0.7|1.9,47632447,182,TP_z01_03,z,0.3606937759374287,0.0,1.2795374122899206,1.0,0.38724101782507303,True,0.3907159148539874
outer_train_fit,z|45|0.8|0.6|1|2,,z|45|0.47|0.15|0.7|1.9,47632450,047,TP_z01_02,z,0.3606937759374287,0.0,1.2795374122899206,1.0,0.38724101782507303,True,0.3907159148539874
outer_train_fit,z|45|0.8|0.6|1|2,,z|45|0.47|0.15|0.7|1.9,47632462,021,TP_z01_01,z,0.3606937759374287,0.0,1.2795374122899206,1.0,0.38724101782507303,True,0.3907159148539874
outer_train_fit,z|45|0.8|0.6|1|2,,z|45|0.8|0.6|0.24|2,47632537,183,TP_z03_01,z,0.6173461560586306,0.0,1.0935571564647364,0.5,0.18783392500597498,False,0.0
outer_train_fit,z|45|0.8|0.6|1|2,,z|45|0.8|0.6|0.24|2,47632555,010,TP_z03_03,z,0.6173461560586306,0.0,1.0935571564647364,0.5,0.18783392500597498,False,0.0
outer_train_fit,z|45|0.8|0.6|1|2,,z|45|0.8|0.6|0.24|2,47632561,075,TP_z03_02,z,0.6173461560586306,0.0,1.0906430272280303,0.5,0.1884326626226833,False,0.0
outer_train_fit,z|45|0.8|0.6|1|2,,z|45|0.8|0.6|0.24|2,47632672,TP_z16_02,TP_z16_02,z,0.6173461560586306,0.0,1.1062735391952612,0.5,0.18522499036039106,False,0.0
outer_train_fit,z|45|0.8|0.6|1|2,,z|45|0.8|0.6|0.24|2,47632678,TP_z16_01,TP_z16_01,z,0.6173461560586306,0.0,1.0960712282093266,0.5,0.1873176339858255,False,0.0
outer_train_fit,z|45|0.8|0.6|1|2,,z|45|0.8|0.6|0.24|2,47632684,TP_z16_03,TP_z16_03,z,0.6173461560586306,0.0,1.0979640580725891,0.5,0.1869290785098946,False,0.0
outer_train_fit,z|45|0.8|0.6|1|2,,z|45|0.8|0.6|0.24|2,47632735,TP_z19_01,TP_z19_01,z,0.6173461560586306,0.0,1.0979640580725891,0.5,0.1869290785098946,False,0.0
outer_train_fit,z|45|0.8|0.6|1|2,,z|45|0.8|0.6|0.24|2,47632789,TP_z19_03,TP_z19_03,z,0.6173461560586306,0.0,1.0960712282093266,0.5,0.1873176339858255,False,0.0
outer_train_fit,z|45|0.8|0.6|1|2,,z|45|0.8|0.6|0.24|2,47639017,TP_z19_02,TP_z19_02,z,0.6173461560586306,0.0,1.0979640580725891,0.5,0.1869290785098946,False,0.0
outer_train_fit,z|45|0.8|0.6|1|2,,z|45|0.8|0.6|1|0.26,47632252,TP_z15_01,TP_z15_01,z,0.3133353033823015,0.0,0.7047696176310009,0.5,0.35356911380384515,True,-2.4931255746177077
outer_train_fit,z|45|0.8|0.6|1|2,,z|45|0.8|0.6|1|0.26,47632321,TP_z17_01,TP_z17_01,z,0.3133353033823015,0.0,0.7047696176310009,0.5,0.35356911380384515,True,-2.4931255746177077
outer_train_fit,z|45|0.8|0.6|1|2,,z|45|0.8|0.6|1|0.26,47632336,TP_z15_03,TP_z15_03,z,0.3133353033823015,0.0,0.7059390907631755,0.5,0.35327757738861076,True,-2.494338872701239
outer_train_fit,z|45|0.8|0.6|1|2,,z|45|0.8|0.6|1|0.26,47632339,TP_z15_02,TP_z15_02,z,0.3133353033823015,0.0,0.7047696176310009,0.5,0.35356911380384515,True,-2.4931255746177077
outer_train_fit,z|45|0.8|0.6|1|2,,z|45|0.8|0.6|1|0.26,47632342,TP_z17_02,TP_z17_02,z,0.3133353033823015,0.0,0.7047696176310009,0.5,0.35356911380384515,True,-2.4931255746177077
outer_train_fit,z|45|0.8|0.6|1|2,,z|45|0.8|0.6|1|0.26,47632351,TP_z17_03,TP_z17_03,z,0.3133353033823015,0.0,0.7047696176310009,0.5,0.35356911380384515,True,-2.4931255746177077
