repetition,comparator,relative_log_rmse_gain,spearman_gain,raw_r2_gain
0,state_only,0.22972759828811362,0.1438995082733746,0.19630714911977243
0,chemistry_permuted,0.21071253205842344,0.1068260114978814,0.12893774486224385
0,without_LiPF6,0.15139134859012082,0.03986202388439786,0.2800317602333595
0,LiPF6_only,0.24718786709795637,0.03293331386698051,-0.060690528233428354
0,LiBOB_wrong_salt_control,0.2781231287629422,0.10812366217904579,0.3601089670227188
0,LiBF4_fluorinated_control,0.3556833831058318,0.10834708261131909,0.6920315510817399
1,state_only,0.3051589260231953,0.18589643401177447,0.24598567799078852
1,chemistry_permuted,0.29022924704778663,0.15744314902875278,0.20841470453523048
1,without_LiPF6,0.15698715951848108,0.03801736443542847,0.25105552328076663
1,LiPF6_only,0.3250873497364125,0.060302868730181314,-0.018981805937323903
1,LiBOB_wrong_salt_control,0.27830870207149905,0.12262195184549074,0.2963042005064329
1,LiBF4_fluorinated_control,0.43986026719896587,0.13549322192340707,0.7656430368008051
2,state_only,0.2885611214702851,0.18252615888527757,0.23554023203567265
2,chemistry_permuted,0.27535012869333164,0.15626357701501803,0.20333786035829815
2,without_LiPF6,0.17175177475921388,0.05636016079113226,0.27648019317113415
2,LiPF6_only,0.32411475628540465,0.055513835980441906,-0.06973062193468582
2,LiBOB_wrong_salt_control,0.2602740060827482,0.12929936472959436,0.22112509132238034
2,LiBF4_fluorinated_control,0.43702602831926096,0.13281949655124714,0.7281506759694834
3,state_only,0.3071322909596772,0.15069372504838452,0.17604388273439187
3,chemistry_permuted,0.29314777154731586,0.1254708196993103,0.14194920228502605
3,without_LiPF6,0.12840887463976025,0.01888416247424296,0.25841437189408445
3,LiPF6_only,0.3252735384544555,0.04592827631452845,-0.047043888165199
3,LiBOB_wrong_salt_control,0.24431285781789014,0.09975499712884872,0.2561685986879296
3,LiBF4_fluorinated_control,0.4438103362774092,0.11474994456832832,0.7382655230677077
4,state_only,0.27160293772338007,0.16428393686951515,0.22824587229491178
4,chemistry_permuted,0.25478594302898516,0.134639279654735,0.1746560669866306
4,without_LiPF6,0.16454820129883974,0.029340620008630136,0.2472029007519535
4,LiPF6_only,0.2612032019611238,0.04683322107367549,-0.03772001117368906
4,LiBOB_wrong_salt_control,0.3196998211707742,0.12363424492147268,0.32895949933465884
4,LiBF4_fluorinated_control,0.38134595549768613,0.10482579903077938,0.6979206241739617
5,state_only,0.2874942101492832,0.1783103777779056,0.22425075570843445
5,chemistry_permuted,0.2683106847107537,0.14217888831425463,0.17345832262892225
5,without_LiPF6,0.13694566375510386,0.03182631261467039,0.25668909175596977
5,LiPF6_only,0.30746326587569905,0.05586414305465881,-0.023102405552249294
5,LiBOB_wrong_salt_control,0.27734784393030854,0.12509080789373905,0.3124770953427545
5,LiBF4_fluorinated_control,0.41410753981212434,0.13635773399845286,0.7659665929149275
6,state_only,0.2566739767518239,0.15035904367969732,0.21217800186407842
6,chemistry_permuted,0.24686725078284988,0.1246475854202379,0.15987947805779634
6,without_LiPF6,0.19002996217071544,0.057004682231504344,0.2815982713373967
6,LiPF6_only,0.27090510312449034,0.04177801150377791,-0.059756552206577274
6,LiBOB_wrong_salt_control,0.3251391251470439,0.12155452866521943,0.3987586206448315
6,LiBF4_fluorinated_control,0.40239467564723674,0.12911029480652136,0.7460190944805523
7,state_only,0.22265530944138923,0.12228951831979373,0.16893190071031894
7,chemistry_permuted,0.20797323919001354,0.09429921821965737,0.12873425034153707
7,without_LiPF6,0.16629468697710614,0.042605510671471,0.2514599287663183
7,LiPF6_only,0.24099968809380246,0.03192595764454442,-0.05607183432254903
7,LiBOB_wrong_salt_control,0.2974958441286224,0.10000452795052572,0.2642154327578863
7,LiBF4_fluorinated_control,0.3806076111525183,0.102452383414676,0.7297119220845605
8,state_only,0.31018541743532,0.1989687162557432,0.2662623632188095
8,chemistry_permuted,0.2935333246402765,0.15920863438633825,0.18242001916104067
8,without_LiPF6,0.13528669173559682,0.029036925833461846,0.24766765021455805
8,LiPF6_only,0.3005858897403275,0.06277619593328188,-0.018795071083906767
8,LiBOB_wrong_salt_control,0.299405561112274,0.1329244302279693,0.38019315514309626
8,LiBF4_fluorinated_control,0.40541103323390315,0.1522036429439546,0.7648899978116425
9,state_only,0.26647532164503296,0.1595301798148897,0.20210105004951118
9,chemistry_permuted,0.257090861308779,0.1316644390437668,0.14632587707987865
9,without_LiPF6,0.1571071194212531,0.04442290966264484,0.25058095503052136
9,LiPF6_only,0.27257513283826296,0.046295752104259624,-0.05684927089322778
9,LiBOB_wrong_salt_control,0.28045666767632416,0.10497341624089473,0.3492250990808111
9,LiBF4_fluorinated_control,0.38355502913493733,0.13585529943805041,0.6828535905726845
10,state_only,0.2587590634970026,0.16584307759779904,0.2177759876152654
10,chemistry_permuted,0.2541543098076645,0.1389927950284212,0.17272030146451345
10,without_LiPF6,0.15078159340337438,0.04603226839239283,0.2953552350845361
10,LiPF6_only,0.31827495492323243,0.043596255908891934,-0.09229687664579134
10,LiBOB_wrong_salt_control,0.25322400184380744,0.11640719818120049,0.2586745450358615
10,LiBF4_fluorinated_control,0.4269229919729771,0.1338061703961878,0.7675182113032445
11,state_only,0.3202456867448118,0.18735540850191335,0.24017482974326498
11,chemistry_permuted,0.3046294935984666,0.1599792008901798,0.19977301947492088
11,without_LiPF6,0.167928282549213,0.0389590621583884,0.29075023793336074
11,LiPF6_only,0.29526548431934374,0.06304670653094235,-0.030131309591833744
11,LiBOB_wrong_salt_control,0.3030309103320843,0.12455415559498717,0.35287411038942873
11,LiBF4_fluorinated_control,0.3946556093125252,0.14237468761299632,0.6873259628587601
12,state_only,0.2825782421051519,0.16532172149935576,0.26198157791188015
12,chemistry_permuted,0.26242265503631346,0.127855313329018,0.16198152737223037
12,without_LiPF6,0.13829734179177944,0.04212512284547454,0.2626562337315178
12,LiPF6_only,0.30176883003849675,0.04637258522393917,-0.016741054293418323
12,LiBOB_wrong_salt_control,0.36142656089479297,0.1475327663561956,0.7294869997756099
12,LiBF4_fluorinated_control,0.37499305751186596,0.13284654024948983,0.6725704221000619
13,state_only,0.32599645684400924,0.17046761445238567,0.18653025530000777
13,chemistry_permuted,0.3076802938028994,0.14279967615513467,0.15401983805979835
13,without_LiPF6,0.17166618633252229,0.019939146464133528,0.27671480816402083
13,LiPF6_only,0.32130765127528194,0.05483046614456599,-0.0583072346831055
13,LiBOB_wrong_salt_control,0.32504373419566057,0.13852592625246574,0.27659398143844505
13,LiBF4_fluorinated_control,0.4323042331287944,0.1356068510610764,0.7085520523577585
14,state_only,0.25149413255527164,0.16124310370031714,0.2216442500313449
14,chemistry_permuted,0.2428137644489783,0.13880415529807633,0.18573551009193556
14,without_LiPF6,0.1795414272653033,0.04794032052339514,0.24140640297424165
14,LiPF6_only,0.24385195224556777,0.05675441791027258,-0.03708513888662812
14,LiBOB_wrong_salt_control,0.3205731244331258,0.11735929638513654,0.29598016433743224
14,LiBF4_fluorinated_control,0.3675999235382912,0.12748641310091346,0.6898423383017966
15,state_only,0.27061303601377873,0.15723102653168097,0.19109902678107582
15,chemistry_permuted,0.2576181335037021,0.13252211185834994,0.15556158715700108
15,without_LiPF6,0.1424472099717512,0.03429464700935969,0.2762409283404509
15,LiPF6_only,0.29575419634174294,0.050330539610772385,-0.05570116686330917
15,LiBOB_wrong_salt_control,0.28657689300295397,0.10054586058384807,0.2493409817287353
15,LiBF4_fluorinated_control,0.3883216573105793,0.12321285294825424,0.6787573766383841
16,state_only,0.2883907967311332,0.1695877830132062,0.23862023624686923
16,chemistry_permuted,0.2660974385231847,0.1308363845091408,0.16102815321873576
16,without_LiPF6,0.14359824754507455,0.040631596049883756,0.22047283148820818
16,LiPF6_only,0.2855217631820306,0.056567481033896305,-0.0052285354112048266
16,LiBOB_wrong_salt_control,0.31880250543916266,0.12444538420134976,0.4762679042375373
16,LiBF4_fluorinated_control,0.38218858933517186,0.13248127601923554,0.7100361483647039
17,state_only,0.2826323316211552,0.15607879520611068,0.18520960279672838
17,chemistry_permuted,0.2670188703709724,0.12283639694810033,0.11993752949149594
17,without_LiPF6,0.13292009916393233,0.032305499153410855,0.285815436493538
17,LiPF6_only,0.2886941114976578,0.031054415075809305,-0.08149627058559183
17,LiBOB_wrong_salt_control,0.26181855904513873,0.09323603054436813,0.355418218601109
17,LiBF4_fluorinated_control,0.40610238417776245,0.11698512471231715,0.7353250167802914
18,state_only,0.23875094944277864,0.13918429112065556,0.21450668572905496
18,chemistry_permuted,0.21368408662040095,0.10417127586229114,0.1323309752921744
18,without_LiPF6,0.15912543002940382,0.04825046317176629,0.24894934744928432
18,LiPF6_only,0.21349506308550448,0.03858686455643112,-0.015084424018909859
18,LiBOB_wrong_salt_control,0.29825189383527273,0.0925305084906729,0.39520935051574946
18,LiBF4_fluorinated_control,0.31602233159025717,0.10521000309773543,0.6448488092714846
19,state_only,0.26352798159633073,0.1495538727625464,0.18233363385382473
19,chemistry_permuted,0.24950528348304601,0.12656916542244712,0.13083604439188268
19,without_LiPF6,0.1397536230501395,0.04052286250512682,0.25670637940925967
19,LiPF6_only,0.288118263076505,0.05924865185554107,-0.028058983731879206
19,LiBOB_wrong_salt_control,0.2884637325394239,0.0960810716061159,0.4070535608795264
19,LiBF4_fluorinated_control,0.3703540486953737,0.14687124728113776,0.6855630180402115
20,state_only,0.2399691256481441,0.15726975997933135,0.1824834094359531
20,chemistry_permuted,0.23672721797569707,0.1380238298352271,0.14322340996151706
20,without_LiPF6,0.15221295457465267,0.05649264580464686,0.31826287249334073
20,LiPF6_only,0.2896276876306938,0.06582808191519007,-0.03752577561973547
20,LiBOB_wrong_salt_control,0.25460583818563687,0.12141297573465792,0.38968499381432364
20,LiBF4_fluorinated_control,0.38009926991452514,0.15720812458612643,0.7268752361118431
21,state_only,0.2357486447762418,0.15978220021876166,0.21429636459064139
21,chemistry_permuted,0.21974717481646,0.12571872119072236,0.15341646756217997
21,without_LiPF6,0.16594268099873588,0.05460784695503362,0.23974099825383433
21,LiPF6_only,0.25845311886325073,0.05271668623246484,-0.035281185869610154
21,LiBOB_wrong_salt_control,0.2779824090255387,0.09756042321605685,0.2708129952201477
21,LiBF4_fluorinated_control,0.37969860972892433,0.13051164624527423,0.698771212944268
22,state_only,0.2512205820474911,0.1362388449136278,0.18740549024003628
22,chemistry_permuted,0.24273778115834155,0.11339889794539204,0.14617718489431797
22,without_LiPF6,0.13384320480498846,0.03666135008202087,0.23262256721564167
22,LiPF6_only,0.3086160001504833,0.0436301540205547,-0.03912558854432924
22,LiBOB_wrong_salt_control,0.3103559392985442,0.09915171479949081,0.31526483595571553
22,LiBF4_fluorinated_control,0.40699436290818536,0.12217510487139682,0.7386624792963592
23,state_only,0.287080894245594,0.14012647863578098,0.18734173362152184
23,chemistry_permuted,0.26874034875310127,0.11377702990466909,0.1427738931221776
23,without_LiPF6,0.18357101974447898,0.036732290428021175,0.24648181964385496
23,LiPF6_only,0.26183251589324075,0.046079462883891864,-0.0346738944166074
23,LiBOB_wrong_salt_control,0.33215855387430904,0.10215934795879456,0.3276268654785537
23,LiBF4_fluorinated_control,0.38679829061697757,0.11626377194696824,0.684033809781966
24,state_only,0.2743459071184461,0.16067999258401755,0.22572673791941178
24,chemistry_permuted,0.2611285955165804,0.13341186095654622,0.172745142637184
24,without_LiPF6,0.1448868782069307,0.03943220192504726,0.24504746155458346
24,LiPF6_only,0.2835562835297304,0.04594465506074674,-0.010838737505984963
24,LiBOB_wrong_salt_control,0.27875879201986786,0.11043298112030708,0.3733628945482642
24,LiBF4_fluorinated_control,0.4040655216385971,0.128401937148081,0.7689871885202475
25,state_only,0.3027298830919808,0.16982208602716453,0.23040158291507828
25,chemistry_permuted,0.2898241192253954,0.1448126491760876,0.1802397354283981
25,without_LiPF6,0.1754881964482644,0.03877498933393286,0.2612639496379374
25,LiPF6_only,0.31563454850827355,0.058469880242665306,-0.021221221116096922
25,LiBOB_wrong_salt_control,0.32820165290165504,0.1264254468809397,0.39472818416260347
25,LiBF4_fluorinated_control,0.4251623163529873,0.13777875035452036,0.7382221868867331
26,state_only,0.241325620758312,0.1486428598859174,0.21898266637789632
26,chemistry_permuted,0.2315111052348352,0.12368784387127651,0.17579515403223045
26,without_LiPF6,0.1569094287611923,0.031168591360063225,0.25217494611226243
26,LiPF6_only,0.22795454724268727,0.03968529534212595,-0.022324539599627213
26,LiBOB_wrong_salt_control,0.3148619803180497,0.10796366848129846,0.2912463347656339
26,LiBF4_fluorinated_control,0.35741863881096325,0.11737320569313381,0.6780630940925727
27,state_only,0.30548963946012797,0.18261322105605693,0.246862875666799
27,chemistry_permuted,0.28735684974888,0.14617168296030258,0.18320476956167786
27,without_LiPF6,0.1487018890841485,0.0411114943525136,0.24883341125280622
27,LiPF6_only,0.31411830999189394,0.04735766869845526,-0.04826926289481748
27,LiBOB_wrong_salt_control,0.2869449603928531,0.11686650468016024,0.34952140186614156
27,LiBF4_fluorinated_control,0.43048588895976436,0.14045718738916257,0.7459767098894639
28,state_only,0.2492479835546415,0.14509709364746726,0.23789871302230992
28,chemistry_permuted,0.22861904352689322,0.11350700524779778,0.16727445395718676
28,without_LiPF6,0.10813267296431173,0.030666567180449023,0.23448704948026
28,LiPF6_only,0.2829234806597005,0.03300031461148745,-0.02160981738584189
28,LiBOB_wrong_salt_control,0.2963865941233922,0.0881984843195317,0.4869978807374301
28,LiBF4_fluorinated_control,0.3951639429301519,0.12298826793179751,0.7501090295642883
29,state_only,0.27957686468218457,0.15232848050385261,0.20909731113050234
29,chemistry_permuted,0.25742333318411714,0.11556860895174803,0.15312918729208502
29,without_LiPF6,0.15172078792496513,0.04218888952026356,0.2612293269496484
29,LiPF6_only,0.27398343778726375,0.0298208196609987,-0.0566704239531044
29,LiBOB_wrong_salt_control,0.29796489964544237,0.10950935046641574,0.33927347709074784
29,LiBF4_fluorinated_control,0.4018093163492985,0.11261412543647187,0.7561649080890243
30,state_only,0.274045431984171,0.15947076358149936,0.21920722028924955
30,chemistry_permuted,0.2537735854735397,0.1320513484331265,0.1732480704567102
30,without_LiPF6,0.14077823513065657,0.026813981535409037,0.2335020368297338
30,LiPF6_only,0.2504572076697944,0.045289550654958544,-0.05045526283933266
30,LiBOB_wrong_salt_control,0.31855316391180644,0.1124543869284168,0.35609141370181474
30,LiBF4_fluorinated_control,0.37697175912343606,0.1193291982078476,0.6653508796092993
31,state_only,0.20100153497743256,0.1374499181997002,0.17274687736197913
31,chemistry_permuted,0.18894953258266656,0.1111674677227441,0.13379529308199045
31,without_LiPF6,0.1733869038462572,0.06154077969157268,0.2911231303040529
31,LiPF6_only,0.22494386560566326,0.04196078285294458,-0.044518213596882905
31,LiBOB_wrong_salt_control,0.2888817563676632,0.12992582191315227,0.3476669623869395
31,LiBF4_fluorinated_control,0.3574036497757087,0.10979532114355284,0.7426236127647086
32,state_only,0.2823288429947306,0.17343786576295772,0.22450770288716548
32,chemistry_permuted,0.26667909277878754,0.1398281405475068,0.18592752472292506
32,without_LiPF6,0.14779852674009564,0.041109166287828236,0.2510985980728445
32,LiPF6_only,0.31603939630505395,0.0464228460706817,-0.05459402909573163
32,LiBOB_wrong_salt_control,0.2577455537326282,0.10330015781337776,0.17895176944794033
32,LiBF4_fluorinated_control,0.43574584779246006,0.12549211384741876,0.7707648770054152
33,state_only,0.2819453885482268,0.14120869040680228,0.2209412752058475
33,chemistry_permuted,0.2639432109766049,0.1097561252694611,0.16929750938032684
33,without_LiPF6,0.18949475000179816,0.053131582704772584,0.26497961922783364
33,LiPF6_only,0.30535097292046576,0.04076182708033471,-0.01858372746769743
33,LiBOB_wrong_salt_control,0.3466803707130691,0.13652746588055797,0.38606788485274735
33,LiBF4_fluorinated_control,0.4357323691876034,0.10783136212110322,0.7724023606150281
34,state_only,0.26579770418608506,0.15341220210870343,0.20021101715139822
34,chemistry_permuted,0.24917866047141335,0.1257073310022545,0.1506393180946506
34,without_LiPF6,0.16665468583419063,0.030986086847172634,0.2795569818323056
34,LiPF6_only,0.2734671576647796,0.04969545605874992,-0.05762793229808183
34,LiBOB_wrong_salt_control,0.3101852912320714,0.09615170204347578,0.26446889523175277
34,LiBF4_fluorinated_control,0.3904084112959999,0.12996494874625053,0.7224858075673046
35,state_only,0.28706746446415476,0.17696562775065805,0.24240319998914028
35,chemistry_permuted,0.26363323658537674,0.1354904883789365,0.1541125948719998
35,without_LiPF6,0.17009395718614284,0.049525001509992395,0.27188835332181804
35,LiPF6_only,0.2895356432740761,0.044723767084340116,-0.0626258795768545
35,LiBOB_wrong_salt_control,0.29009670317274905,0.10848687299125925,0.358965294364081
35,LiBF4_fluorinated_control,0.3841188397066436,0.12625987391024884,0.6251382755695629
36,state_only,0.2631134978974815,0.11764089014289092,0.16745445839587847
36,chemistry_permuted,0.2466580287158464,0.09354911208133199,0.1151994300848187
36,without_LiPF6,0.1510503575099592,0.02909040705620869,0.25409974812896763
36,LiPF6_only,0.2568144980600995,0.03407842493932656,-0.01836973923845986
36,LiBOB_wrong_salt_control,0.34346849627203657,0.12128007123983287,0.4804933124887243
36,LiBF4_fluorinated_control,0.3747309932803423,0.1054304702442288,0.6905582832108126
37,state_only,0.2477585881900809,0.15306966623762308,0.2240528306336208
37,chemistry_permuted,0.2364719801095405,0.13049575056840512,0.16598067543605743
37,without_LiPF6,0.1609726159000926,0.0422859484905469,0.29960186104693365
37,LiPF6_only,0.2735384972366486,0.04435592570934499,-0.0329949228658748
37,LiBOB_wrong_salt_control,0.27605152108579745,0.11360977405921813,0.38606698839071585
37,LiBF4_fluorinated_control,0.3725293287818974,0.12118405070300364,0.702983156290724
38,state_only,0.2693591377061233,0.14504731885879896,0.17917832228948638
38,chemistry_permuted,0.25248514920765475,0.11522900350310128,0.12334060030387661
38,without_LiPF6,0.1837423238256951,0.05130714029558825,0.28276493894558663
38,LiPF6_only,0.2636501834656828,0.04549911481850544,-0.042883500338374514
38,LiBOB_wrong_salt_control,0.28762139199296033,0.09065023077590884,0.29618597849374917
38,LiBF4_fluorinated_control,0.38696701226274943,0.12287665425168237,0.7198914303057244
39,state_only,0.24563861175700985,0.1516030417303319,0.23542347127921037
39,chemistry_permuted,0.22187279527476034,0.11199717625074779,0.1515300934533681
39,without_LiPF6,0.1636231333893896,0.05236402116027339,0.2507434463581568
39,LiPF6_only,0.2141911788433667,0.0337434885074821,-0.022692607759178918
39,LiBOB_wrong_salt_control,0.3095622326699399,0.11584292523473538,0.5185461572727
39,LiBF4_fluorinated_control,0.33049425265732835,0.10614774849416542,0.6744071325477052
40,state_only,0.2397042683201165,0.14805753667406318,0.21831432774709236
40,chemistry_permuted,0.21591662200621142,0.11670909346605773,0.1561539616267511
40,without_LiPF6,0.14312837129808342,0.04506728907138491,0.2645909133124257
40,LiPF6_only,0.23526605448705162,0.04493171966274856,-0.023244528871655068
40,LiBOB_wrong_salt_control,0.3012481628103544,0.12200987613973657,0.4640439692458984
40,LiBF4_fluorinated_control,0.3499573618624948,0.11318822748124835,0.6758371631703967
41,state_only,0.2839104585054617,0.15477689172143705,0.1852553278546929
41,chemistry_permuted,0.27678660211366135,0.13084600493424148,0.16422128545257775
41,without_LiPF6,0.1822935818580863,0.04153270977816925,0.29360731514508887
41,LiPF6_only,0.32266820785687855,0.03995774972675792,-0.08308004467031016
41,LiBOB_wrong_salt_control,0.26230136728677356,0.13138728273873868,0.23342465803723067
41,LiBF4_fluorinated_control,0.4620474617093947,0.11929428943735554,0.770194248503976
42,state_only,0.2764538648521,0.1832605036494096,0.23217934246950245
42,chemistry_permuted,0.26159221906395724,0.14728762960681008,0.15663217387453232
42,without_LiPF6,0.1736231290394169,0.05972255440152563,0.2571534858755842
42,LiPF6_only,0.30941476603252194,0.050339763231791124,-0.06557565873286264
42,LiBOB_wrong_salt_control,0.31536695232267753,0.13472643556805586,0.4354699271679491
42,LiBF4_fluorinated_control,0.40903925045025136,0.13497425772960137,0.7491238156962892
43,state_only,0.27259966469656316,0.17893892182587057,0.26099699474132854
43,chemistry_permuted,0.2483588165205156,0.13741929307841916,0.16761325541756777
43,without_LiPF6,0.1555111863956019,0.04801576523493989,0.24270052797295572
43,LiPF6_only,0.24347974805298345,0.041918183088360705,-0.0464956556185383
43,LiBOB_wrong_salt_control,0.3572899205081177,0.15512523849589022,0.6125759801609998
43,LiBF4_fluorinated_control,0.37097668442470033,0.12402100187293563,0.7249646380975205
44,state_only,0.2924691427148354,0.1757824261617441,0.20485511817088708
44,chemistry_permuted,0.2749507421122357,0.14332450257189844,0.14041636474716268
44,without_LiPF6,0.16944771381363666,0.056320899801663105,0.3073078876387605
44,LiPF6_only,0.32918767201102717,0.0608368674208799,-0.041794020849168056
44,LiBOB_wrong_salt_control,0.2977173612191407,0.12667757118009737,0.42937707131399716
44,LiBF4_fluorinated_control,0.4139145534530042,0.1560722405048458,0.693239919112836
45,state_only,0.2686884481114552,0.14808484975062053,0.22488150167202914
45,chemistry_permuted,0.25629202185216093,0.12482937666067973,0.16704596738724675
45,without_LiPF6,0.1456929799277069,0.05526163974613674,0.32823992105935906
45,LiPF6_only,0.3154515900226589,0.04108660859909785,-0.017087708933260837
45,LiBOB_wrong_salt_control,0.2993573512145945,0.1343807429152235,0.6004165623865304
45,LiBF4_fluorinated_control,0.4024794490919221,0.12592194285524327,0.773401413750127
46,state_only,0.2961521130827005,0.16658261750522618,0.2707657957141184
46,chemistry_permuted,0.27392523592237816,0.1306288953367648,0.17397804369508207
46,without_LiPF6,0.16465059526321835,0.04822531413814235,0.2602194142715982
46,LiPF6_only,0.2755806781116463,0.05566384302749183,0.0025556943191680226
46,LiBOB_wrong_salt_control,0.3331259170764399,0.11819692662459702,0.5613461601447445
46,LiBF4_fluorinated_control,0.37340273890691966,0.14142699110534762,0.6728405517997846
47,state_only,0.2893315766977703,0.1644487731222808,0.20865383614189215
47,chemistry_permuted,0.26994771346513136,0.13214091668299943,0.1453345711227625
47,without_LiPF6,0.16960795568654852,0.03433912607348499,0.23694694855922782
47,LiPF6_only,0.2799930704953937,0.049839728829061625,-0.04175778347112025
47,LiBOB_wrong_salt_control,0.3515719123932065,0.12514735841783808,0.43834106108499926
47,LiBF4_fluorinated_control,0.3892269508717545,0.12917100659455705,0.6856350620685816
48,state_only,0.25604382333676456,0.1500977510058007,0.19566949067000639
48,chemistry_permuted,0.24017652142717283,0.12033101597189932,0.13809922824924437
48,without_LiPF6,0.10890037850551171,0.016256896865272874,0.2556278957062197
48,LiPF6_only,0.2854544594532765,0.06019248569764957,-0.013400460952714743
48,LiBOB_wrong_salt_control,0.28171024199647243,0.11036781210297586,0.3687244426176265
48,LiBF4_fluorinated_control,0.3856989922578259,0.1336776694094357,0.7592021916728838
49,state_only,0.30403654745692343,0.151015189127236,0.2073739386804685
49,chemistry_permuted,0.2741254609597378,0.11486074924852396,0.15161452747813542
49,without_LiPF6,0.16998201062454588,0.03865759659688739,0.2547859834280952
49,LiPF6_only,0.276220085315804,0.042685929423176505,-0.03093232019865988
49,LiBOB_wrong_salt_control,0.3674462104937094,0.15806130016256537,0.44221497624176587
49,LiBF4_fluorinated_control,0.4105049723995742,0.11171175543220391,0.7452777888912888
50,state_only,0.2460152419012278,0.1457259631515595,0.21033214583510385
50,chemistry_permuted,0.23718171255199094,0.11866203999928282,0.1705220052704347
50,without_LiPF6,0.14990774841042065,0.05852947764044092,0.26165301643441474
50,LiPF6_only,0.33482482726314633,0.04591863112851957,-0.037823035516365344
50,LiBOB_wrong_salt_control,0.29483920626882265,0.1355215243600285,0.4381475476268437
50,LiBF4_fluorinated_control,0.43954080648022076,0.12248315970031132,0.800260320098588
51,state_only,0.2716894633368089,0.1701791094363364,0.20546110842086585
51,chemistry_permuted,0.2673070594221837,0.15105171315915122,0.18463424005084728
51,without_LiPF6,0.13614934294943548,0.0269827747104614,0.28718630314482285
51,LiPF6_only,0.3278646448303635,0.0768749379744369,-0.022127019496284595
51,LiBOB_wrong_salt_control,0.23448716030796135,0.12077586383029348,0.19517980665175283
51,LiBF4_fluorinated_control,0.405875050010862,0.15031018306900634,0.6933567504209326
52,state_only,0.26629778117364644,0.11976040000447141,0.17620374650714754
52,chemistry_permuted,0.24855415983875384,0.09192485515585958,0.13045749518455552
52,without_LiPF6,0.18433796621289822,0.04510173626925784,0.2923840947324834
52,LiPF6_only,0.2892208273172273,0.02924613562595535,-0.04325796238427149
52,LiBOB_wrong_salt_control,0.3161368516932669,0.1236231046233719,0.3429884213961806
52,LiBF4_fluorinated_control,0.43485223031158526,0.10318135621439628,0.7695998204601324
53,state_only,0.2587717833790443,0.14221996882360255,0.2140318581621068
53,chemistry_permuted,0.24281770243784861,0.10948926647930324,0.15403460510816713
53,without_LiPF6,0.1741998221736999,0.04538623288705046,0.2540415465999818
53,LiPF6_only,0.2817915168977304,0.0389290458603504,-0.03576723077274879
53,LiBOB_wrong_salt_control,0.3134906385998104,0.144844563163268,0.3699491569891431
53,LiBF4_fluorinated_control,0.4132257058952047,0.11662406898788324,0.7507981401807159
54,state_only,0.30046867892601714,0.195072809675089,0.2977314293786031
54,chemistry_permuted,0.2844543683921349,0.16124355766158927,0.2212558252147
54,without_LiPF6,0.17206094707162678,0.047664281492104554,0.27529097436442196
54,LiPF6_only,0.29473511469399727,0.06396827881079126,-0.007130028638171915
54,LiBOB_wrong_salt_control,0.3611179931299554,0.1688159732159944,0.6263040401939642
54,LiBF4_fluorinated_control,0.3873121818228197,0.14676052791867666,0.6945048958808968
55,state_only,0.26305574921609187,0.15484882338512151,0.2089024720459305
55,chemistry_permuted,0.25840528942795704,0.13649162494639644,0.18830647138724987
55,without_LiPF6,0.15136737000717593,0.03546365869914003,0.26568238443295367
55,LiPF6_only,0.32343664191673227,0.05513615566737118,-0.02637368749887714
55,LiBOB_wrong_salt_control,0.32041757346769206,0.15231702083543142,0.4028500681282725
55,LiBF4_fluorinated_control,0.4369181493371417,0.1375472840897488,0.7647053354431104
56,state_only,0.29403188761864785,0.16279013802423792,0.21998707413505802
56,chemistry_permuted,0.27483974055020144,0.12516821411295975,0.12806004448812502
56,without_LiPF6,0.1683221074386264,0.038864495064376836,0.2838600538186393
56,LiPF6_only,0.31797573951939606,0.059396158196203586,-0.018051187568433935
56,LiBOB_wrong_salt_control,0.3374365718549823,0.13533371890252255,0.5318030261018265
56,LiBF4_fluorinated_control,0.40963128255352865,0.14373623375569688,0.7134294194764561
57,state_only,0.26047536066388766,0.16309689403656347,0.2350568599467231
57,chemistry_permuted,0.24809345058884813,0.1330093816487702,0.17976608426017016
57,without_LiPF6,0.17060121611200574,0.046012181442221856,0.2816918532540871
57,LiPF6_only,0.2722088221871013,0.04898762849193772,-0.01764408806447937
57,LiBOB_wrong_salt_control,0.30059649255160703,0.12970153146544172,0.3619726531763
57,LiBF4_fluorinated_control,0.4071897223616655,0.1344938919526567,0.8029067243545629
58,state_only,0.2684199002313943,0.147524715431127,0.16384822453213121
58,chemistry_permuted,0.26061648507420465,0.1250317573083679,0.14905081249120178
58,without_LiPF6,0.1853926809526122,0.04334229727054595,0.31743766261503326
58,LiPF6_only,0.32464758359618795,0.037089544632307736,-0.08815152461223508
58,LiBOB_wrong_salt_control,0.28515277448539544,0.13879307122600315,0.2452820143485579
58,LiBF4_fluorinated_control,0.4482178462857781,0.11923313951722525,0.7370618809743958
59,state_only,0.2540431835746285,0.1488108845328967,0.19192749474983017
59,chemistry_permuted,0.23856227466133872,0.1250844258407866,0.1570506805416655
59,without_LiPF6,0.1489033346621157,0.053900256677366976,0.27586506067254646
59,LiPF6_only,0.30087276014903286,0.045478877185753275,-0.023143248852058096
59,LiBOB_wrong_salt_control,0.2503484047487289,0.11455124980989762,0.43255896532757987
59,LiBF4_fluorinated_control,0.4018639082585175,0.12628035562614293,0.7481105936711013
60,state_only,0.2708923658677649,0.16566251480378158,0.19979012230266846
60,chemistry_permuted,0.25817641301489347,0.13969553424238212,0.14722343670152138
60,without_LiPF6,0.16275080058328006,0.05663437644029545,0.286753397844991
60,LiPF6_only,0.28594528619672344,0.05641103415407833,-0.0630819953176287
60,LiBOB_wrong_salt_control,0.31388128509993474,0.1278201337552598,0.4626751993917858
60,LiBF4_fluorinated_control,0.3932405563421837,0.13960415782981972,0.6858064449976842
61,state_only,0.2618976332929085,0.15662894728779597,0.23245386564225923
61,chemistry_permuted,0.24202435697174918,0.12570124502901292,0.1693154128924601
61,without_LiPF6,0.14853935432380128,0.029916587896430147,0.26280692209183265
61,LiPF6_only,0.24746171955791396,0.04178896332858362,-0.04168619727542988
61,LiBOB_wrong_salt_control,0.3374411918369217,0.11980868570681924,0.39700279137935635
61,LiBF4_fluorinated_control,0.3534515595193558,0.11270610714290219,0.6807642669899985
62,state_only,0.26374629642694203,0.15760074714786876,0.2070951968991489
62,chemistry_permuted,0.2500003701636513,0.12812957374821354,0.1457408458959032
62,without_LiPF6,0.1746391579218447,0.05071890081833519,0.2899647558226125
62,LiPF6_only,0.30527578851981707,0.05608682998189429,-0.046497007087344056
62,LiBOB_wrong_salt_control,0.3163418341133212,0.12299879356805843,0.3857551461194254
62,LiBF4_fluorinated_control,0.40496581060931125,0.14350620740408182,0.7128331233747845
63,state_only,0.25087231372270935,0.14441639745976143,0.17565824060799573
63,chemistry_permuted,0.2460899750146357,0.12516949509552577,0.14040296781213746
63,without_LiPF6,0.18528520371778912,0.04543873917523178,0.2775015466503665
63,LiPF6_only,0.27606839378060566,0.060167133355256586,-0.019482010291928087
63,LiBOB_wrong_salt_control,0.29889724177388155,0.10599694596274611,0.3745176169043759
63,LiBF4_fluorinated_control,0.39867604333492623,0.1451150642468464,0.718644890530997
64,state_only,0.258905518616527,0.14367819484726863,0.21869412589329162
64,chemistry_permuted,0.24299088173448669,0.1175957586623273,0.17646430553731396
64,without_LiPF6,0.14471487915245063,0.027353726896583885,0.23653605205342665
64,LiPF6_only,0.25302723246421877,0.050427018421296266,-0.003618401047971065
64,LiBOB_wrong_salt_control,0.3537912102328873,0.10419836840281393,0.4899616813962755
64,LiBF4_fluorinated_control,0.3590446097319221,0.11955842919664583,0.7069633417563753
65,state_only,0.25092819214887685,0.13568893186723285,0.23261270098303088
65,chemistry_permuted,0.22785369002871525,0.10091574946025528,0.1392671610378
65,without_LiPF6,0.18448468721127775,0.05609529661007473,0.2532947981646134
65,LiPF6_only,0.2351562503315302,0.048526356149705685,0.020054260747320418
65,LiBOB_wrong_salt_control,0.3354874959526847,0.1084084815350328,0.5136854373358605
65,LiBF4_fluorinated_control,0.3490089999565964,0.11925293131557657,0.6669635420654489
66,state_only,0.2799540791658923,0.15938162097248487,0.19122602982136927
66,chemistry_permuted,0.26643951757808026,0.12811051498399373,0.14475783743483783
66,without_LiPF6,0.17090759050594773,0.044976138496993556,0.2894233312775234
66,LiPF6_only,0.3095151852610951,0.04613974282390931,-0.06688959961424579
66,LiBOB_wrong_salt_control,0.2548944644333565,0.12817726938261131,0.303811064630479
66,LiBF4_fluorinated_control,0.4215884545265678,0.11998720985154765,0.7490456103619012
67,state_only,0.24954160755195187,0.14099960797448796,0.18067859889913285
67,chemistry_permuted,0.23715985152991814,0.11992370210292835,0.14095691252784925
67,without_LiPF6,0.12871999479423757,0.028328150777407135,0.2554231008506298
67,LiPF6_only,0.26272176761233645,0.039134094144514076,-0.049427046359188154
67,LiBOB_wrong_salt_control,0.27437894036709043,0.08179851864029619,0.2856255264049302
67,LiBF4_fluorinated_control,0.35542762199879097,0.122995664556798,0.6756953797877335
68,state_only,0.23200110956047182,0.1252917404216224,0.17860254960680177
68,chemistry_permuted,0.21650388427410028,0.10126767153182492,0.13861858514388103
68,without_LiPF6,0.13935404805898166,0.020299334265277524,0.2487915579191856
68,LiPF6_only,0.2671285563269499,0.03871707429535609,-0.021175472806722384
68,LiBOB_wrong_salt_control,0.2839008035443741,0.11793247514897542,0.3145757271792323
68,LiBF4_fluorinated_control,0.36981633178178175,0.10875044265028033,0.6935295973233608
69,state_only,0.2863796860548993,0.1675208435793939,0.1916284147344166
69,chemistry_permuted,0.2664000846048432,0.13130742085221625,0.13454243684730327
69,without_LiPF6,0.16429452584633708,0.040303828912377826,0.28526984258119814
69,LiPF6_only,0.3059178108645011,0.04833190235191065,-0.09769462767222081
69,LiBOB_wrong_salt_control,0.2900863118339383,0.12046801964654275,0.2537855464566514
69,LiBF4_fluorinated_control,0.4169081784502756,0.11624326817308905,0.7073659828466916
70,state_only,0.2914817749464277,0.1597837903693332,0.20765863909459614
70,chemistry_permuted,0.2828729860154303,0.13732834041052167,0.17235156311205146
70,without_LiPF6,0.16326899215640955,0.04647792866288569,0.2810127133827227
70,LiPF6_only,0.3186059657169059,0.04924662791665413,-0.04345931721581353
70,LiBOB_wrong_salt_control,0.2874526046461714,0.12288242996255261,0.3011107066946491
70,LiBF4_fluorinated_control,0.4385364967094755,0.12158210225379784,0.8038006495506764
71,state_only,0.2589305036475288,0.15312142443179455,0.22270655415676677
71,chemistry_permuted,0.2522190573023795,0.12931343227536718,0.17440958809420293
71,without_LiPF6,0.1431408340408381,0.028727966918453807,0.2695417238017609
71,LiPF6_only,0.296863466142673,0.04671555162355645,-0.0334053913006126
71,LiBOB_wrong_salt_control,0.26588697154389196,0.12398393159223642,0.33985159822622
71,LiBF4_fluorinated_control,0.41180872094586174,0.13037842300556102,0.7542154815358935
72,state_only,0.32295357293154503,0.17070012825229952,0.22224424262217402
72,chemistry_permuted,0.3124725657134796,0.14658529818703214,0.19647026261919665
72,without_LiPF6,0.1676696449639854,0.025815702316563494,0.2558999871945584
72,LiPF6_only,0.29264280324627967,0.044911014301586616,-0.016916844827016275
72,LiBOB_wrong_salt_control,0.3342096095358713,0.11864808499268198,0.3369675605628901
72,LiBF4_fluorinated_control,0.43008156755753024,0.1334785050036934,0.7899618581058323
73,state_only,0.350794094322906,0.18287030950564986,0.2556706000138349
73,chemistry_permuted,0.32552652004729443,0.14709165636430788,0.18624531068720263
73,without_LiPF6,0.16515043575289423,0.0291546996823413,0.23958790560153065
73,LiPF6_only,0.3132926366527755,0.04596112471102565,-0.025609829575576226
73,LiBOB_wrong_salt_control,0.3336352403865589,0.10767203039397588,0.35166341236412335
73,LiBF4_fluorinated_control,0.43432982503179396,0.12977075762685775,0.7385315583355432
74,state_only,0.26757423813452774,0.1578549620996883,0.1841361378011519
74,chemistry_permuted,0.24954929806798554,0.123137108698809,0.1286591855529733
74,without_LiPF6,0.1526463690589107,0.038820463942187966,0.29341788607069097
74,LiPF6_only,0.2951766024823037,0.04478694751829737,-0.09103666594855298
74,LiBOB_wrong_salt_control,0.29719976874866294,0.12709815560137216,0.3400705991569236
74,LiBF4_fluorinated_control,0.41366165029627067,0.1289651059593767,0.7492621062365811
75,state_only,0.2848314094579879,0.14757376468356365,0.15887136669732838
75,chemistry_permuted,0.2730645321835502,0.1219100119613038,0.13059884191252258
75,without_LiPF6,0.1552412764026616,0.031056985948359705,0.28369181202154814
75,LiPF6_only,0.3266226204072188,0.04176468736198502,-0.07489410569985733
75,LiBOB_wrong_salt_control,0.2196187490354714,0.09817441463366328,0.1757044532471882
75,LiBF4_fluorinated_control,0.42591584416434125,0.1216765829174763,0.7281862193781745
76,state_only,0.23429959362422192,0.17323072280365082,0.21926321365310486
76,chemistry_permuted,0.22377981785092316,0.14948086981089959,0.18346056940749844
76,without_LiPF6,0.10358385173188478,0.022799366619328132,0.2696799994054241
76,LiPF6_only,0.26783136785204487,0.05449509513108375,-0.053396596220412706
76,LiBOB_wrong_salt_control,0.2754193750286903,0.1190227290089575,0.26559082674876244
76,LiBF4_fluorinated_control,0.34315624477689155,0.12632138431372386,0.6682376793075953
77,state_only,0.30957158087205217,0.17529874475671314,0.17807579198804668
77,chemistry_permuted,0.29670966737362414,0.15013040671199418,0.15448552012496441
77,without_LiPF6,0.16513269581512335,0.02174182478949893,0.260144173570246
77,LiPF6_only,0.2936184238901678,0.0554010148637305,-0.07524161631463055
77,LiBOB_wrong_salt_control,0.2861184222492721,0.10447428949436666,0.18662683110047984
77,LiBF4_fluorinated_control,0.4273289436771436,0.14101259412261002,0.6999889781152422
78,state_only,0.29784324119901473,0.17421263160424572,0.21206621285810623
78,chemistry_permuted,0.2845832967131433,0.14723952679075247,0.18272269971337118
78,without_LiPF6,0.18289034419763073,0.05499950055634295,0.2584504164560565
78,LiPF6_only,0.28429299136089736,0.053532183008617285,-0.0418745104943411
78,LiBOB_wrong_salt_control,0.3039542415942196,0.12258231673594056,0.2983647085353598
78,LiBF4_fluorinated_control,0.40128743582608073,0.13224418438601104,0.7333545465730055
79,state_only,0.2313202918261511,0.15742947630357484,0.22267060480865764
79,chemistry_permuted,0.2230233989307312,0.12789392788650078,0.1555147144953254
79,without_LiPF6,0.15737032379847915,0.051665052314632254,0.2911853517718702
79,LiPF6_only,0.28886885538052354,0.06199630441099602,-0.037069889031766
79,LiBOB_wrong_salt_control,0.2649135891278679,0.12022453199457106,0.2911767686827701
79,LiBF4_fluorinated_control,0.39198177928082834,0.1394653117425545,0.7623156412195884
80,state_only,0.31473651291861826,0.17522311740535412,0.23710578322465392
80,chemistry_permuted,0.29473722230716437,0.13967263305926825,0.1789978099127124
80,without_LiPF6,0.17662632963239888,0.04188006300323277,0.23956032275389505
80,LiPF6_only,0.2910305405231568,0.04765894746538535,-0.04380507949005885
80,LiBOB_wrong_salt_control,0.3104320907712037,0.09860065719333577,0.29696624428562124
80,LiBF4_fluorinated_control,0.4233680735095092,0.13193024513770935,0.7247315176895965
81,state_only,0.2629960682852611,0.1841916458953219,0.27805036706004704
81,chemistry_permuted,0.23655434570845912,0.14271937221497344,0.20001375404172683
81,without_LiPF6,0.12686270919183773,0.03627948863900832,0.21668496861153463
81,LiPF6_only,0.2651174445281802,0.04558751700343833,-0.01613051038008717
81,LiBOB_wrong_salt_control,0.290442238525886,0.12485482571863249,0.44902062323637404
81,LiBF4_fluorinated_control,0.3832690537677722,0.12675317472761616,0.7089884239211564
82,state_only,0.26708163132166374,0.1550657582056949,0.2814291209751566
82,chemistry_permuted,0.24362234111934,0.1256935975168365,0.1984820331335584
82,without_LiPF6,0.15216070828567674,0.04298173627905544,0.23371091485463746
82,LiPF6_only,0.28884757041209663,0.04844879920689993,0.01262969217075316
82,LiBOB_wrong_salt_control,0.37821373024690963,0.148126114472372,0.6694803090264163
82,LiBF4_fluorinated_control,0.3742051573669565,0.12300441105557014,0.676886802797241
83,state_only,0.293584525204747,0.16844659134648532,0.25840054078651375
83,chemistry_permuted,0.27427922782180136,0.13625969272503657,0.20117550523678063
83,without_LiPF6,0.18636111370098418,0.03840106134617227,0.26927635446231835
83,LiPF6_only,0.26579332566549374,0.04440791219726581,-0.043471246009183395
83,LiBOB_wrong_salt_control,0.3528201433406848,0.1311000655756005,0.4258101181055626
83,LiBF4_fluorinated_control,0.3914232480298031,0.115473950696804,0.691909998152019
84,state_only,0.26927346120703943,0.1805105959518266,0.2607022393176224
84,chemistry_permuted,0.25361394839386164,0.15460497249568683,0.20602259464591688
84,without_LiPF6,0.13981836697211047,0.04446141886732369,0.27412434505610594
84,LiPF6_only,0.2838129971943356,0.06669698227985654,0.019323984441505404
84,LiBOB_wrong_salt_control,0.3135041817774513,0.1564719717150509,0.586450803353105
84,LiBF4_fluorinated_control,0.3713256029110501,0.1454784702677726,0.7076573189016823
85,state_only,0.27343172577578523,0.1527173860395159,0.19335935293569817
85,chemistry_permuted,0.2603999688812173,0.12552033981103095,0.14949615472304834
85,without_LiPF6,0.15980915386392647,0.035139916538582394,0.26013656975394917
85,LiPF6_only,0.28271912241749864,0.04667126594168913,-0.044406449618011545
85,LiBOB_wrong_salt_control,0.23759272701449397,0.08911806508310327,0.1622260133434673
85,LiBF4_fluorinated_control,0.40205388971087186,0.12657246005901612,0.7485606545983238
86,state_only,0.266577446465444,0.1485099755155893,0.19509744210830804
86,chemistry_permuted,0.25959935246174515,0.1295384114756588,0.16181518724412125
86,without_LiPF6,0.17184206881030595,0.036952984677608214,0.2678322211412477
86,LiPF6_only,0.2632871133540454,0.048572014152951315,-0.02984210369259832
86,LiBOB_wrong_salt_control,0.31768613108487775,0.11565969305727652,0.3206708181030118
86,LiBF4_fluorinated_control,0.3925417003707926,0.13530316717081736,0.7401109308783305
87,state_only,0.25894535857217593,0.1702092839974615,0.2520729776686391
87,chemistry_permuted,0.236933183727024,0.13485836445962984,0.18784318785252963
87,without_LiPF6,0.19056881869628206,0.0488135095497626,0.2587139279388534
87,LiPF6_only,0.24185474352203495,0.0398489573751899,-0.050949400014468016
87,LiBOB_wrong_salt_control,0.37547117622308845,0.1648264619023242,0.46103290751677706
87,LiBF4_fluorinated_control,0.38125823815976423,0.11793330650074141,0.7104103481146392
88,state_only,0.24675809312280506,0.14534309153943936,0.17538736023113954
88,chemistry_permuted,0.2402624440202582,0.11865523483733365,0.1460568439777471
88,without_LiPF6,0.1646638391807831,0.0483609258317832,0.2801222727715509
88,LiPF6_only,0.3130286964603429,0.04401829640402011,-0.05876160407093556
88,LiBOB_wrong_salt_control,0.2635946814020387,0.10558678852947156,0.2528445722750313
88,LiBF4_fluorinated_control,0.4288966468810482,0.12317874910032478,0.7630299593332679
89,state_only,0.28985589364901254,0.14471700501976126,0.19753562515574719
89,chemistry_permuted,0.2667605091645425,0.11476358235003792,0.14177018825960963
89,without_LiPF6,0.18668929967238046,0.04410517278488635,0.255478017782122
89,LiPF6_only,0.26346790090820194,0.042536338316531586,-0.025894003820580713
89,LiBOB_wrong_salt_control,0.33884287549953707,0.11558803188974387,0.38753987645800114
89,LiBF4_fluorinated_control,0.38754083338174083,0.10677338543181658,0.7178484507646565
90,state_only,0.27864800297632353,0.17274307012676238,0.22033711091040975
90,chemistry_permuted,0.2729488798676344,0.14915132491722016,0.19185473635981443
90,without_LiPF6,0.16517884897196433,0.04400619351775259,0.2788617391360646
90,LiPF6_only,0.31603363801759665,0.061329101272347586,-0.04248697557553682
90,LiBOB_wrong_salt_control,0.2621254408571778,0.12786721124864164,0.24886485675305192
90,LiBF4_fluorinated_control,0.4215182857797004,0.14870816828197564,0.7289959057128468
91,state_only,0.29607753937969883,0.1537374413456578,0.20482659500354872
91,chemistry_permuted,0.2833382644856699,0.13136817992259475,0.16733043372878498
91,without_LiPF6,0.16574557777779664,0.022250452950360988,0.27855724089014944
91,LiPF6_only,0.30207061730864204,0.046738584936843464,-0.037367524475037994
91,LiBOB_wrong_salt_control,0.28393089986961373,0.11541430153387355,0.31568424831749853
91,LiBF4_fluorinated_control,0.411202022439782,0.12362065965076041,0.7006133497400873
92,state_only,0.34074795123869694,0.15985178667187983,0.21367173321292487
92,chemistry_permuted,0.315895553736921,0.12700495750515606,0.13989480118402098
92,without_LiPF6,0.1880126626580847,0.033304334639791655,0.2611944733665533
92,LiPF6_only,0.300269789804236,0.05066348792946074,-0.03637449418175975
92,LiBOB_wrong_salt_control,0.33234234367158344,0.11213045625866758,0.40377742172081177
92,LiBF4_fluorinated_control,0.4126585587373276,0.12184785572223,0.6650607569496261
93,state_only,0.25865581782136526,0.1504149349829229,0.23515146439202106
93,chemistry_permuted,0.24051955058247454,0.11985381011732843,0.16140380032914825
93,without_LiPF6,0.14109989612492624,0.049917295400759176,0.2666120311825929
93,LiPF6_only,0.24868708305664522,0.05240869115913882,0.001842923720100642
93,LiBOB_wrong_salt_control,0.3383822367831233,0.14565257453527414,0.6483632027800101
93,LiBF4_fluorinated_control,0.347222379046789,0.12577198350367746,0.6980482920480435
94,state_only,0.23750237151391806,0.1302485676172055,0.17041152606224963
94,chemistry_permuted,0.22438076297285248,0.1032709094133123,0.12025321431069835
94,without_LiPF6,0.17802354026058886,0.05011836936453806,0.2794916687789025
94,LiPF6_only,0.26639857299186154,0.03703990319264794,-0.061042305744183456
94,LiBOB_wrong_salt_control,0.2862723070096759,0.09830503359196141,0.2886604532768162
94,LiBF4_fluorinated_control,0.38282269300391114,0.10289748777016061,0.6918376631543457
95,state_only,0.2528729858553941,0.1434472320896547,0.18693396475160984
95,chemistry_permuted,0.2424148803993833,0.11772744032941473,0.15169819650221017
95,without_LiPF6,0.1661123568184275,0.0415935499511807,0.2859705642999054
95,LiPF6_only,0.283622793688762,0.039583395404399146,-0.049480450335778414
95,LiBOB_wrong_salt_control,0.26916356385770235,0.11377215187926626,0.2241255052090836
95,LiBF4_fluorinated_control,0.4036789533946029,0.11452999664193253,0.7535496972039852
96,state_only,0.2534264968311436,0.14597005046402678,0.22398917566455734
96,chemistry_permuted,0.2343145421231293,0.11665781409505016,0.17670429962075063
96,without_LiPF6,0.16682001741479513,0.04978929286689204,0.23762991925557897
96,LiPF6_only,0.26266122045579765,0.044779814989821976,-0.006878730563965707
96,LiBOB_wrong_salt_control,0.35367077719942164,0.15790925721068294,0.46424385869619644
96,LiBF4_fluorinated_control,0.4012179923088244,0.1110082143691361,0.7882037134207098
97,state_only,0.2317168075053374,0.1534044857105339,0.2374293819483444
97,chemistry_permuted,0.21637466756159796,0.1236761985827659,0.16474143449290202
97,without_LiPF6,0.13276381404496385,0.0401625390311342,0.25456816697644635
97,LiPF6_only,0.2452171217658634,0.05147544558734962,0.019167018193987473
97,LiBOB_wrong_salt_control,0.30677986184323136,0.1273328556006066,0.5488015852542553
97,LiBF4_fluorinated_control,0.33468627322102373,0.12996026253392312,0.7059977322318617
98,state_only,0.26217316347233355,0.14641390413210809,0.21044506962421217
98,chemistry_permuted,0.25807042326219565,0.12285212725039019,0.17982864905810791
98,without_LiPF6,0.16168638262370405,0.04320465730853684,0.25296045925978417
98,LiPF6_only,0.32503532356038833,0.049186425026676805,-0.03373426007218627
98,LiBOB_wrong_salt_control,0.2796880878059764,0.13046742091111085,0.2674267879654546
98,LiBF4_fluorinated_control,0.449556408477771,0.11732066313212186,0.7916630202813357
99,state_only,0.2704283990972718,0.1449032928317816,0.1962535289649594
99,chemistry_permuted,0.24471933821507086,0.10864010361375487,0.12145670474683823
99,without_LiPF6,0.16122071889897782,0.045537867138499166,0.25480072163455236
99,LiPF6_only,0.23937507487350385,0.0308234661054011,-0.046761063638111944
99,LiBOB_wrong_salt_control,0.30450746811335816,0.10672319268878372,0.3685804696190079
99,LiBF4_fluorinated_control,0.3662879909978123,0.11256005037717132,0.685011931598974
100,state_only,0.29828937570760805,0.15991635350382272,0.17863075555623487
100,chemistry_permuted,0.2891180334227512,0.1381932114588652,0.14645625347871083
100,without_LiPF6,0.17007401212871243,0.027681554551465593,0.2753262086566334
100,LiPF6_only,0.31664906902478307,0.05347099621459539,-0.061685301972064566
100,LiBOB_wrong_salt_control,0.2853860976627556,0.12523626728118276,0.24455734700297038
100,LiBF4_fluorinated_control,0.4377721611841583,0.1389910397526315,0.7365785495232404
101,state_only,0.28976153588810905,0.15140279913035581,0.16079890771650585
101,chemistry_permuted,0.27870406655301727,0.1251553416807193,0.1267911341462874
101,without_LiPF6,0.18080392400763912,0.042953474165989936,0.2787445086647343
101,LiPF6_only,0.29301020257688515,0.04262737546308959,-0.08125504190126465
101,LiBOB_wrong_salt_control,0.27307978535649957,0.11771991971330098,0.22393450513565427
101,LiBF4_fluorinated_control,0.4182776539430684,0.12469279954226498,0.6991280820015693
102,state_only,0.26834931606953205,0.1526599922429578,0.21203873824442532
102,chemistry_permuted,0.24702169990625533,0.11775435940405887,0.15157258741031854
102,without_LiPF6,0.18681691224944197,0.04725138394099837,0.2752608890855395
102,LiPF6_only,0.26201262321016616,0.03692611559231174,-0.04918414754771194
102,LiBOB_wrong_salt_control,0.34659124163141564,0.14180924827061636,0.4329141241769623
102,LiBF4_fluorinated_control,0.39127863086348325,0.11387094672158204,0.688379610200351
103,state_only,0.33093892571717776,0.1773663158724187,0.2251747431918678
103,chemistry_permuted,0.2995429284832689,0.1333887651742086,0.1511165273674384
103,without_LiPF6,0.16618225347782956,0.033815507357042196,0.28344242647510365
103,LiPF6_only,0.29418020461836925,0.03928898401022296,-0.06909804005316955
103,LiBOB_wrong_salt_control,0.28972675077821874,0.09756519626923299,0.31345161625711127
103,LiBF4_fluorinated_control,0.42395432490882623,0.12132048612888491,0.7219678072958633
104,state_only,0.31405109100918216,0.17978459886167963,0.2602157821435468
104,chemistry_permuted,0.2908275658502548,0.14442697747755417,0.18797366398093152
104,without_LiPF6,0.19601844531285817,0.05284117988483694,0.23720260838593055
104,LiPF6_only,0.2496069904249375,0.050471058304992544,-0.020306531130882877
104,LiBOB_wrong_salt_control,0.381251098007401,0.15714582604874672,0.4591140986452664
104,LiBF4_fluorinated_control,0.38950498101581443,0.13797303879105083,0.6989445451062118
105,state_only,0.26447805835128557,0.15450243822174292,0.21876180464857808
105,chemistry_permuted,0.24172812823484957,0.12218530080158607,0.1433181692452491
105,without_LiPF6,0.17761184541539177,0.05834617862072389,0.2696893632399011
105,LiPF6_only,0.24781883924070747,0.04028102088371488,-0.0519845786828671
105,LiBOB_wrong_salt_control,0.3403317619725845,0.12979443933543622,0.5313382320770048
105,LiBF4_fluorinated_control,0.37102462916842294,0.10958613675808004,0.6776815467822198
106,state_only,0.22061638680175877,0.15919142130150254,0.20789831360554656
106,chemistry_permuted,0.208777270253234,0.130099654544655,0.16645999572576375
106,without_LiPF6,0.14149977960056181,0.051820301356100607,0.2516702354072231
106,LiPF6_only,0.2548205378050392,0.04875186117107344,-0.046274825058306934
106,LiBOB_wrong_salt_control,0.27842458930330405,0.11647103020369498,0.26569000128550846
106,LiBF4_fluorinated_control,0.3657654880046479,0.1270529155206931,0.6983145251104121
107,state_only,0.2416834289170694,0.129898876934451,0.20139177108436357
107,chemistry_permuted,0.22619095505497733,0.10270994120594434,0.14624251230815155
107,without_LiPF6,0.19547424299462468,0.05401857583127634,0.28836032042131465
107,LiPF6_only,0.26499233931026467,0.04313055202158589,-0.027791877809019483
107,LiBOB_wrong_salt_control,0.3439710562309898,0.11979863447958639,0.4665969467402852
107,LiBF4_fluorinated_control,0.3989944186977785,0.10959105848386863,0.7444669681055143
108,state_only,0.26247410994877773,0.12742505842640117,0.21382652317269346
108,chemistry_permuted,0.24474163119688197,0.10114331057883286,0.16410662977136514
108,without_LiPF6,0.17697883237782108,0.04878317675938226,0.24294233033906898
108,LiPF6_only,0.3142314429254729,0.03155304951095894,-0.013155873513519878
108,LiBOB_wrong_salt_control,0.3530229719764738,0.1421154419568066,0.5102255942178673
108,LiBF4_fluorinated_control,0.4247543183674981,0.10341037164383171,0.7456824636889401
109,state_only,0.26540742582602117,0.15066104552786963,0.21740629704840087
109,chemistry_permuted,0.2581179608065196,0.1237896277414593,0.16091523665699647
109,without_LiPF6,0.16094768462793718,0.05635774983750286,0.27307753628859355
109,LiPF6_only,0.3330327986010939,0.048325206940107335,-0.037985713100372576
109,LiBOB_wrong_salt_control,0.3031009334760211,0.10176927089063903,0.4132816622691132
109,LiBF4_fluorinated_control,0.43560410335067246,0.1297305847468021,0.7755167584838497
110,state_only,0.30359087767545945,0.16544878823357645,0.22448339940534745
110,chemistry_permuted,0.28119200019328483,0.13222487504957403,0.15463268661293816
110,without_LiPF6,0.16904162417282376,0.04707968364429205,0.27408488208925774
110,LiPF6_only,0.30188412151828625,0.04337856732715839,-0.041639181781918166
110,LiBOB_wrong_salt_control,0.3391015381365895,0.13759629350959623,0.5459849958443354
110,LiBF4_fluorinated_control,0.42563147501389587,0.1296050008489672,0.7496841662375199
111,state_only,0.24857903469046527,0.1592262680941271,0.21390755064274536
111,chemistry_permuted,0.2357807618015727,0.12629915673369785,0.14873083976703294
111,without_LiPF6,0.18899519279535348,0.06484347217020314,0.28531770269435486
111,LiPF6_only,0.2993338068601715,0.03608717500985936,-0.06464976059313043
111,LiBOB_wrong_salt_control,0.28858363506337914,0.11652265089802294,0.36394507075435956
111,LiBF4_fluorinated_control,0.40892962373399144,0.11553559282088477,0.7401629162367973
112,state_only,0.292142250274936,0.13699779666873846,0.14983213064327616
112,chemistry_permuted,0.2778474050429812,0.11271970979432733,0.11077609594020954
112,without_LiPF6,0.17926943253112237,0.03224778504333814,0.2901855269494513
112,LiPF6_only,0.3315043453425782,0.03943885010498094,-0.08656612613252601
112,LiBOB_wrong_salt_control,0.2885582252180754,0.11394757490855156,0.24961615406618987
112,LiBF4_fluorinated_control,0.4406194017677857,0.11626989283128752,0.73954169861302
113,state_only,0.1942340717696609,0.14532896114188865,0.24212654516485954
113,chemistry_permuted,0.17268588057708767,0.10799412912988082,0.17382816587448968
113,without_LiPF6,0.1473052901336359,0.04784128728624093,0.24884723111021378
113,LiPF6_only,0.2066350444761822,0.024540505356440034,-0.044549304667711453
113,LiBOB_wrong_salt_control,0.27592156659279377,0.11231822100424416,0.39235860903370257
113,LiBF4_fluorinated_control,0.3412945703490562,0.07971661948533504,0.705205620037406
114,state_only,0.2803412005800976,0.13231153442501098,0.20364531486749005
114,chemistry_permuted,0.2605218677054515,0.1071304303992322,0.14420695695680852
114,without_LiPF6,0.16658910024542817,0.03175592576864372,0.2777191724219089
114,LiPF6_only,0.24535157370044014,0.034804780961427695,-0.010117327850916125
114,LiBOB_wrong_salt_control,0.3520354317436708,0.14716212308244803,0.6063502620719988
114,LiBF4_fluorinated_control,0.36461260157475506,0.10879735615161856,0.6934316700570379
115,state_only,0.25288239956332925,0.14985524212818935,0.1699908854092398
115,chemistry_permuted,0.24158859695109813,0.12395317704389475,0.1266041956246674
115,without_LiPF6,0.1811088703865743,0.03947549484216284,0.28399402818306874
115,LiPF6_only,0.3134189613695276,0.05587883357762791,-0.056212262972244464
115,LiBOB_wrong_salt_control,0.28435339099020385,0.10839659118004996,0.22482058539831362
115,LiBF4_fluorinated_control,0.417235304550446,0.13357805725674732,0.67076715733868
116,state_only,0.24537082671688082,0.1551717530165082,0.245663320273936
116,chemistry_permuted,0.22247026904536737,0.1198570954404401,0.16013923638576544
116,without_LiPF6,0.1821414484620213,0.05580884648529438,0.2850232611258683
116,LiPF6_only,0.2598943848125278,0.03291144158737136,-0.036545639436765365
116,LiBOB_wrong_salt_control,0.34346293202238565,0.13446733258508936,0.564960964050235
116,LiBF4_fluorinated_control,0.38054165015926333,0.10081348867744588,0.7298884207185516
117,state_only,0.273192925936806,0.15201935864592553,0.19546524384022534
117,chemistry_permuted,0.2577485868767482,0.12289656594662512,0.13836273421314116
117,without_LiPF6,0.16095048142342883,0.03183788832516343,0.3096854001019612
117,LiPF6_only,0.30793097949068493,0.049563302144617905,-0.04176792496440718
117,LiBOB_wrong_salt_control,0.26599754658292085,0.11410360989152435,0.34097281441127203
117,LiBF4_fluorinated_control,0.42817833113278114,0.11220290414071554,0.7484978802274485
118,state_only,0.3022353795725209,0.18239310963823774,0.20406510472489647
118,chemistry_permuted,0.290500391263236,0.15734419908754516,0.17453306350934672
118,without_LiPF6,0.16355746203409638,0.036436615207157685,0.23507022767675534
118,LiPF6_only,0.29999321659097633,0.06096655637345638,-0.047405609775026614
118,LiBOB_wrong_salt_control,0.33060081284290943,0.16064324949828623,0.2873724706124886
118,LiBF4_fluorinated_control,0.41486883353795656,0.1362248719156025,0.7269474679063184
119,state_only,0.27011147837638294,0.1704471104628088,0.2412279311892418
119,chemistry_permuted,0.26078516897498716,0.14328881822865192,0.19302974223152847
119,without_LiPF6,0.1689317058876353,0.0535470319063559,0.26191446799545104
119,LiPF6_only,0.2780264480469291,0.06068354769880191,-0.01011549911899734
119,LiBOB_wrong_salt_control,0.31876400626153656,0.13803643535275356,0.36212904062720275
119,LiBF4_fluorinated_control,0.39725638293588106,0.14078303638187228,0.7831284894225405
120,state_only,0.255205879250487,0.17589810073081324,0.262687387641674
120,chemistry_permuted,0.24085699459637944,0.14264711938020214,0.20200348137558055
120,without_LiPF6,0.12277521767832233,0.03408240155255049,0.2600332161357761
120,LiPF6_only,0.30671831826487284,0.055008076048479126,-0.007433964078226274
120,LiBOB_wrong_salt_control,0.2650064421634233,0.12628342932673253,0.3791840282877239
120,LiBF4_fluorinated_control,0.4113070366770122,0.12992871760942315,0.7671978621763011
121,state_only,0.2513415254865372,0.15471519538409806,0.24176104179399793
121,chemistry_permuted,0.2254062002880708,0.11909842367468126,0.16239063405523724
121,without_LiPF6,0.17931880037475845,0.06329413369634185,0.272302961655272
121,LiPF6_only,0.24466615298996752,0.0419470148648714,-0.03545132677774421
121,LiBOB_wrong_salt_control,0.3472014548353515,0.13291921392347494,0.5843218883254983
121,LiBF4_fluorinated_control,0.35255710957265507,0.11251141908138051,0.6812846244780139
122,state_only,0.24055324138893486,0.1389954914069088,0.22333709933853563
122,chemistry_permuted,0.21647904459719292,0.10688088596381207,0.16764248014326344
122,without_LiPF6,0.14937092720698208,0.03352872867706058,0.23001772139050025
122,LiPF6_only,0.224159853717814,0.03240436527682644,-0.0178705173449909
122,LiBOB_wrong_salt_control,0.3124511491365305,0.09916295552839294,0.32754294222350844
122,LiBF4_fluorinated_control,0.36720717186193896,0.10219759770147907,0.7406683424491733
123,state_only,0.23870324506863305,0.14705646278952278,0.22281128174560139
123,chemistry_permuted,0.2190179382292179,0.11573016048614593,0.1745799076091339
123,without_LiPF6,0.14510767487115683,0.03307409729834432,0.22997001227383562
123,LiPF6_only,0.25463382410461644,0.03797474694864278,-0.025468178941037478
123,LiBOB_wrong_salt_control,0.34865446837946845,0.14039416252809822,0.4848396499515182
123,LiBF4_fluorinated_control,0.38730600532222226,0.12070884566967821,0.7206101956763455
124,state_only,0.2681357798421403,0.1600826688004121,0.23610371081746373
124,chemistry_permuted,0.2530152527258668,0.1309338566748821,0.18249217935086637
124,without_LiPF6,0.159222361816163,0.03645760329796599,0.24780859216941042
124,LiPF6_only,0.2593721320983735,0.05640753691396205,0.006658922001079537
124,LiBOB_wrong_salt_control,0.2919312851717265,0.13798810686818774,0.3907297473723145
124,LiBF4_fluorinated_control,0.379267077522913,0.13307605264925604,0.7356180691974572
125,state_only,0.2804609044002151,0.16242595698992524,0.2027298820273966
125,chemistry_permuted,0.2616456946133673,0.12933625927100356,0.15689623719148516
125,without_LiPF6,0.14926317757743657,0.04739681191374068,0.24748032585544455
125,LiPF6_only,0.301120397551503,0.051588752208996724,-0.026193780149483814
125,LiBOB_wrong_salt_control,0.2697863556692115,0.11473892980277378,0.2724657200868359
125,LiBF4_fluorinated_control,0.41827453985860097,0.13438606988733093,0.7690247588759795
126,state_only,0.32308110024494296,0.17269308452981635,0.22365856691567665
126,chemistry_permuted,0.30825210431787464,0.14675247698475513,0.1774067475536324
126,without_LiPF6,0.1735319241418467,0.032131234695013666,0.2740724522994008
126,LiPF6_only,0.3140412592338684,0.06285917595980905,-0.022909009958386628
126,LiBOB_wrong_salt_control,0.30157877159304236,0.1293344221011421,0.30646426806767413
126,LiBF4_fluorinated_control,0.43264860165746044,0.14419556283889978,0.7222556464367713
127,state_only,0.2656414246879357,0.14340452182366947,0.2208582258647629
127,chemistry_permuted,0.24607840330137443,0.1129713606407311,0.16528516679182614
127,without_LiPF6,0.18107603587181342,0.057660450310973554,0.2735873901956445
127,LiPF6_only,0.2633768973092596,0.031241592783471273,-0.014977547283245074
127,LiBOB_wrong_salt_control,0.34068523975840914,0.13101434461697392,0.49785829344476173
127,LiBF4_fluorinated_control,0.39411620896285127,0.10290567463020917,0.7287090364407425
128,state_only,0.2793007376699508,0.15190345807871208,0.21363328216066013
128,chemistry_permuted,0.26850361595620253,0.13057411453979517,0.17141169026267034
128,without_LiPF6,0.1855389441477745,0.04743695161991901,0.2696374210829653
128,LiPF6_only,0.2462625119157491,0.03794601276716625,-0.029187469804026422
128,LiBOB_wrong_salt_control,0.3349922809804323,0.14684058807624834,0.44808372794726703
128,LiBF4_fluorinated_control,0.37724395870503,0.11349211527844139,0.7052632085981736
129,state_only,0.3090214389769478,0.18486561466005869,0.25115769373485697
129,chemistry_permuted,0.28550937169287527,0.14834446531616974,0.1869433459951242
129,without_LiPF6,0.153529617943436,0.028739967091656937,0.2552858816249778
129,LiPF6_only,0.2642371792205951,0.03673205511486766,-0.050549053941556066
129,LiBOB_wrong_salt_control,0.3086643004374451,0.11233239923638227,0.36732576989566723
129,LiBF4_fluorinated_control,0.3887043819878897,0.11861386567406462,0.6884189693230236
130,state_only,0.28519580438717196,0.1501007641020864,0.1683790135860096
130,chemistry_permuted,0.2803229084752743,0.12895144670587755,0.14806482277638577
130,without_LiPF6,0.1618599600239431,0.04494537514098296,0.27900743835292574
130,LiPF6_only,0.3394088731224548,0.05505155896225311,-0.06462636345349893
130,LiBOB_wrong_salt_control,0.2756290832998003,0.12217260219888049,0.20687907455416943
130,LiBF4_fluorinated_control,0.4442410939469532,0.1363802954740384,0.7585145917335261
131,state_only,0.31539295238818765,0.1849667446837191,0.23703635968431702
131,chemistry_permuted,0.3071756863547138,0.15857305245226627,0.18258513428377332
131,without_LiPF6,0.19711155189487284,0.04034171743987036,0.276528660636726
131,LiPF6_only,0.32613043408685094,0.06130358560939719,-0.03464739808498396
131,LiBOB_wrong_salt_control,0.3378618717165518,0.14508890963316534,0.3810222633730217
131,LiBF4_fluorinated_control,0.4454441069401571,0.15616434397669754,0.7523421361639779
132,state_only,0.2518179094351002,0.1392224894255315,0.20336028367366943
132,chemistry_permuted,0.23860487818623366,0.11492461795571385,0.14333736881680015
132,without_LiPF6,0.14921106663154093,0.0340029272314033,0.23827652288929035
132,LiPF6_only,0.28061165416383793,0.04263046885726729,-0.030493652841651175
132,LiBOB_wrong_salt_control,0.28566388575846957,0.08789987911927555,0.33889244056425927
132,LiBF4_fluorinated_control,0.38284069416449085,0.12026555822622709,0.6863279636171288
133,state_only,0.24208262992075857,0.14692570639033065,0.19020779442979718
133,chemistry_permuted,0.23326333615105688,0.12734543591628766,0.16042343922124558
133,without_LiPF6,0.17447337715034017,0.04671546849243191,0.2811701327373659
133,LiPF6_only,0.26752812664428804,0.047231764959728806,-0.04838089055387962
133,LiBOB_wrong_salt_control,0.33108615567665556,0.1501572391029502,0.3662939282036771
133,LiBF4_fluorinated_control,0.38728788290882166,0.1166245500978268,0.7145814750512116
134,state_only,0.27061508251791844,0.15671788463875946,0.2248126494496685
134,chemistry_permuted,0.25618358556385135,0.12967634310947806,0.18004079479327217
134,without_LiPF6,0.14790809218566325,0.028323273897523538,0.2711677893785547
134,LiPF6_only,0.30654785643217974,0.05474363969081453,-0.011593781415876303
134,LiBOB_wrong_salt_control,0.31538020745488315,0.12906070087989008,0.3706909382782362
134,LiBF4_fluorinated_control,0.42094977019860547,0.1377161398719554,0.7813017716111044
135,state_only,0.25144968328772777,0.16056218668031064,0.18443130086984205
135,chemistry_permuted,0.24121967082112505,0.13305160410772665,0.1424762411338486
135,without_LiPF6,0.1504417695440966,0.05370141892713598,0.2704220350188171
135,LiPF6_only,0.30816071308166915,0.04361740593144836,-0.07414638810171026
135,LiBOB_wrong_salt_control,0.2638528993517273,0.11318836350746708,0.27736192522497605
135,LiBF4_fluorinated_control,0.4166842332184668,0.1342275903715724,0.7442649778441203
136,state_only,0.29986504098416833,0.16318231867492905,0.2317734179644626
136,chemistry_permuted,0.2835797822342412,0.1334505985252762,0.1741615985210666
136,without_LiPF6,0.17170902560564283,0.04626270382027964,0.2412714238361079
136,LiPF6_only,0.3001889295060578,0.06010874442665404,0.010231875880494457
136,LiBOB_wrong_salt_control,0.3547091196793849,0.13948457445519624,0.5226242901169036
136,LiBF4_fluorinated_control,0.40411041796318714,0.1383393190908434,0.7108284613067586
137,state_only,0.29030621399906753,0.14944403256063965,0.17494100071620766
137,chemistry_permuted,0.28428275579343276,0.133579505415222,0.14660024890687096
137,without_LiPF6,0.19794900145714756,0.04170450755623545,0.28599786248507064
137,LiPF6_only,0.3127666942314421,0.0568121534865802,-0.04212709713949703
137,LiBOB_wrong_salt_control,0.3330810268848071,0.11898396040198389,0.3571617524647962
137,LiBF4_fluorinated_control,0.434679204848072,0.15130667799832798,0.758612109157212
138,state_only,0.28849887789045814,0.1769490208634562,0.26293559823960955
138,chemistry_permuted,0.2736006388174771,0.14551047654840843,0.18275886338750713
138,without_LiPF6,0.12286525746434518,0.029550027998009654,0.244308627577573
138,LiPF6_only,0.31364426640867404,0.048795519158391754,-0.0289501829338481
138,LiBOB_wrong_salt_control,0.29311330785362355,0.11215012757723064,0.5159864538009704
138,LiBF4_fluorinated_control,0.40222934233523333,0.13569370261391223,0.7077380732840914
139,state_only,0.3000093785384351,0.16467016170805104,0.22604552506173936
139,chemistry_permuted,0.28359373893792783,0.1366622346605506,0.17902407195614733
139,without_LiPF6,0.1946522536397366,0.04661382388632174,0.24284322061041586
139,LiPF6_only,0.28556503821963075,0.05853381696049775,-0.022121742353986118
139,LiBOB_wrong_salt_control,0.34110943348565415,0.14464294821372636,0.35358165288265075
139,LiBF4_fluorinated_control,0.41663301256996554,0.12169682767757706,0.7299919988998966
140,state_only,0.2825251780071317,0.16599700312603483,0.22193388545409354
140,chemistry_permuted,0.2665197361153223,0.13497322757814767,0.1560921245561958
140,without_LiPF6,0.15278242930565733,0.0316231733227722,0.28822974933873613
140,LiPF6_only,0.28515393073802675,0.04632227117770438,-0.03703788977204059
140,LiBOB_wrong_salt_control,0.335724247078355,0.12781183236034988,0.4908493163233958
140,LiBF4_fluorinated_control,0.39027491604827613,0.13627063252310267,0.7272974934992483
141,state_only,0.3172944704196945,0.1977877303860024,0.27535081411177564
141,chemistry_permuted,0.2984988270626676,0.16212484325417675,0.21498592646867154
141,without_LiPF6,0.17754721144104268,0.06034888350515244,0.2302895758739102
141,LiPF6_only,0.3141294009673521,0.062043224493263494,-0.014010377642805327
141,LiBOB_wrong_salt_control,0.31536364136789286,0.14647689657828067,0.48503836933813493
141,LiBF4_fluorinated_control,0.43460851532686207,0.15000489926496463,0.6943237679811107
142,state_only,0.28813755332345337,0.1650315079550838,0.20862431271740123
142,chemistry_permuted,0.27275957468299683,0.1397562154079076,0.1625124090839074
142,without_LiPF6,0.15271717759119374,0.03151751917320389,0.2698492789297736
142,LiPF6_only,0.2972862377098753,0.05074643593089834,-0.05372370446472752
142,LiBOB_wrong_salt_control,0.2806679059653082,0.11399546061749011,0.2912308816609297
142,LiBF4_fluorinated_control,0.4104660283755055,0.12538193118465146,0.7238698488366475
143,state_only,0.26766343505476364,0.1423755603797645,0.17308883581488643
143,chemistry_permuted,0.25168648600872057,0.11392472348216043,0.12318336204410185
143,without_LiPF6,0.1707162204826479,0.05312369270570516,0.24513315297766536
143,LiPF6_only,0.30534799864366724,0.047623681241550364,-0.041356222843833335
143,LiBOB_wrong_salt_control,0.31599912275694264,0.1240996271620759,0.35578184896483356
143,LiBF4_fluorinated_control,0.4326188990788491,0.12642578125102488,0.756359120801563
144,state_only,0.29532857334460283,0.17326245115929262,0.24808292654818198
144,chemistry_permuted,0.2755607981104119,0.143168170453714,0.19338982603028632
144,without_LiPF6,0.16112128980890095,0.024676388826937456,0.252059094465387
144,LiPF6_only,0.25370381926056984,0.04584895229621977,-0.02840667039601741
144,LiBOB_wrong_salt_control,0.28901858586884266,0.11414726531256048,0.29083955402082295
144,LiBF4_fluorinated_control,0.3757714892919787,0.11631910185228733,0.6928520780238459
145,state_only,0.28719247844138496,0.1687700752394986,0.2381559530437959
145,chemistry_permuted,0.271694379633483,0.13831298330952269,0.19486236847841454
145,without_LiPF6,0.15363448172682048,0.03368427024482068,0.24880188688329452
145,LiPF6_only,0.2969069419295929,0.04705453733415499,-0.036686961243459715
145,LiBOB_wrong_salt_control,0.2625428497443102,0.10984069027919197,0.32543026210847736
145,LiBF4_fluorinated_control,0.42330267694811086,0.1190988615717562,0.7235827921813592
146,state_only,0.24682291982286075,0.1422840292819314,0.2286253251017315
146,chemistry_permuted,0.22465841833590472,0.10687993692538811,0.14478885398291053
146,without_LiPF6,0.13706874149151416,0.03655355727844056,0.23266302856019905
146,LiPF6_only,0.2674244272497498,0.04098725307180917,-0.008129608222398721
146,LiBOB_wrong_salt_control,0.29364146409137903,0.1305687871454424,0.4757308395755533
146,LiBF4_fluorinated_control,0.37320738991023106,0.1088035546200502,0.696087758697093
147,state_only,0.20272209375669004,0.12528399772442966,0.19669735322526338
147,chemistry_permuted,0.19402852271432036,0.10113729383269054,0.15373443845709112
147,without_LiPF6,0.18707055607032474,0.07019899744563363,0.2865583257909844
147,LiPF6_only,0.2544465115817831,0.0361299643563856,-0.02370096466052951
147,LiBOB_wrong_salt_control,0.2985714930399993,0.11899092849827186,0.3876946493029432
147,LiBF4_fluorinated_control,0.38678666314461685,0.11146498831923146,0.7423922276815389
148,state_only,0.2600180389050376,0.1453727968660068,0.21227709596218758
148,chemistry_permuted,0.2347741162579292,0.11199649181288485,0.15073268797594253
148,without_LiPF6,0.16687703474709992,0.03942531856328102,0.2560836387251628
148,LiPF6_only,0.25042617185144944,0.041815945344344296,-0.0339689950909452
148,LiBOB_wrong_salt_control,0.3365055596987877,0.11240740889043566,0.3513676328015478
148,LiBF4_fluorinated_control,0.3684324549414034,0.11130862827388177,0.7282690169530903
149,state_only,0.27046796800070905,0.16110346830791356,0.23571600180325059
149,chemistry_permuted,0.2481904748584407,0.1295073024010689,0.18134894118389555
149,without_LiPF6,0.12031021227662841,0.019988847637616214,0.2326496559156881
149,LiPF6_only,0.2527694652022757,0.049067320562750205,-0.001684042868550062
149,LiBOB_wrong_salt_control,0.263808879279839,0.09311330887086167,0.28381585715747126
149,LiBF4_fluorinated_control,0.364564508814613,0.12358139043925986,0.7221018946799853
150,state_only,0.261223836683961,0.15981112706333156,0.20400578609298015
150,chemistry_permuted,0.24849545445058552,0.13335514681372984,0.1630113656403971
150,without_LiPF6,0.1746735434800074,0.060365733251600884,0.3107021973706967
150,LiPF6_only,0.3023683507190533,0.049098651804909355,-0.02835017363976966
150,LiBOB_wrong_salt_control,0.27191284478605926,0.13909401185504255,0.3607603512130153
150,LiBF4_fluorinated_control,0.418752037127444,0.11649664722435804,0.7724359487669156
151,state_only,0.27921435906374603,0.15125832848461562,0.22071429339119764
151,chemistry_permuted,0.2551728458282232,0.12287033986713802,0.1591242704899164
151,without_LiPF6,0.1393363414701978,0.033093526848630206,0.22847510339714316
151,LiPF6_only,0.27519821973997693,0.043740330125131566,-0.029053735325234586
151,LiBOB_wrong_salt_control,0.3774001351994515,0.15531352716604652,0.5470709522810504
151,LiBF4_fluorinated_control,0.371342704099512,0.11798234624366166,0.643460370355956
152,state_only,0.25652758310317303,0.1438735408398638,0.17032964118972915
152,chemistry_permuted,0.24022087723869512,0.12029742739774585,0.13839730516778415
152,without_LiPF6,0.17664331663908006,0.04722284496183138,0.2691257045734817
152,LiPF6_only,0.29409861046763186,0.0549252976472252,-0.04132797198882221
152,LiBOB_wrong_salt_control,0.30687507191130725,0.10005861868485755,0.2621399397646389
152,LiBF4_fluorinated_control,0.4180809488728924,0.13588082479904584,0.712181865647088
153,state_only,0.26650674962001875,0.1651502763086452,0.22894897989660257
153,chemistry_permuted,0.2529124461484731,0.13791860413216261,0.18137192274147573
153,without_LiPF6,0.1228337145267786,0.027424261813241424,0.26212531659698246
153,LiPF6_only,0.30852689282947665,0.05656766813388048,-0.03128780145631782
153,LiBOB_wrong_salt_control,0.25095945935231323,0.1170785094806055,0.26977258399385784
153,LiBF4_fluorinated_control,0.4004860877102422,0.1259723638869502,0.7502019052929176
154,state_only,0.31088090293657433,0.16403964801270488,0.22280787429765292
154,chemistry_permuted,0.2937170659111966,0.136201881458752,0.1819439485335258
154,without_LiPF6,0.16748021751515996,0.03344658935300138,0.2494805487875128
154,LiPF6_only,0.32866370086966645,0.04830908883915219,-0.03716559732848679
154,LiBOB_wrong_salt_control,0.3109269701212922,0.11145132436438598,0.313500342787008
154,LiBF4_fluorinated_control,0.44248597222898367,0.122398961515645,0.7215131192191961
155,state_only,0.29412519304339,0.1717442844400363,0.19606660760131023
155,chemistry_permuted,0.28488250672332194,0.14695877022016934,0.16480909580897352
155,without_LiPF6,0.1796904324060058,0.044363606334418604,0.26576614025621415
155,LiPF6_only,0.3206193896525563,0.050720711837077825,-0.07369576556665036
155,LiBOB_wrong_salt_control,0.3067867424684678,0.12070901343857166,0.26665224100768337
155,LiBF4_fluorinated_control,0.4300249368239262,0.13879313146825367,0.6909577844552174
156,state_only,0.26744171541831196,0.1491762973671802,0.23414793375490917
156,chemistry_permuted,0.25105360630426476,0.12174269801555182,0.18027454788741615
156,without_LiPF6,0.16371118019705844,0.03533993650034828,0.28522076187018075
156,LiPF6_only,0.2688162755499264,0.047101406033071,-0.010506271006789802
156,LiBOB_wrong_salt_control,0.3264307203960376,0.13741460143101236,0.47828650213729673
156,LiBF4_fluorinated_control,0.38202040561604456,0.11470577551615224,0.6843354561990613
157,state_only,0.29885450349840537,0.171455977442585,0.23110592927667617
157,chemistry_permuted,0.28112527707489043,0.14104565572236605,0.17063212046655218
157,without_LiPF6,0.15837189930605156,0.054712059083145026,0.2514879135666541
157,LiPF6_only,0.3294253542256137,0.05095379558257096,-0.060626434303197696
157,LiBOB_wrong_salt_control,0.29759886195760277,0.11347892903477674,0.42501633896612934
157,LiBF4_fluorinated_control,0.4173188376749877,0.1367988554318832,0.6549036636982548
158,state_only,0.3032287470333951,0.1745597738694863,0.1869775678441834
158,chemistry_permuted,0.29823252245483567,0.15040075518837648,0.156582897001585
158,without_LiPF6,0.19378351187325327,0.048281446686405105,0.321526008481146
158,LiPF6_only,0.3357734756781383,0.04861512619283892,-0.0916112138681745
158,LiBOB_wrong_salt_control,0.27845331352881797,0.1433150117043458,0.2325891862906586
158,LiBF4_fluorinated_control,0.4511629952685138,0.12801297926557298,0.7626327906370357
159,state_only,0.2355452855536968,0.17409013639556614,0.24863779459696944
159,chemistry_permuted,0.21640334443421183,0.1344035548857362,0.1697889816777135
159,without_LiPF6,0.11851991818366503,0.042927596006741675,0.24270594370914633
159,LiPF6_only,0.2721755258493399,0.048886196861132825,-0.05003371574147464
159,LiBOB_wrong_salt_control,0.2608817419567364,0.08855809151771954,0.40258626318140067
159,LiBF4_fluorinated_control,0.3674720038013042,0.13066063876504286,0.6981062348886714
160,state_only,0.28572534580412623,0.1731830872909086,0.27132953179887953
160,chemistry_permuted,0.2648281671875723,0.14221900809418964,0.20892115116995136
160,without_LiPF6,0.1435974695215091,0.04223432992579923,0.2542357118553994
160,LiPF6_only,0.29749122451016696,0.05930817182428505,0.010085120592128405
160,LiBOB_wrong_salt_control,0.28492958719790784,0.11340977265791197,0.3882997143247413
160,LiBF4_fluorinated_control,0.41338088954251906,0.13298139651639818,0.7378360435314097
161,state_only,0.24276704158083084,0.1412176295334736,0.20020938897482987
161,chemistry_permuted,0.23366076334950148,0.11586209023686511,0.15730498353275424
161,without_LiPF6,0.1540050935753099,0.04929963016225647,0.26335708860171336
161,LiPF6_only,0.3125562288319519,0.048035213206377825,-0.026144407591681684
161,LiBOB_wrong_salt_control,0.2864429170935383,0.13480280041532178,0.38714766422968827
161,LiBF4_fluorinated_control,0.43871890216920506,0.1273242599980975,0.8271678026526779
162,state_only,0.2819064037302039,0.15807344556580682,0.22422101061780064
162,chemistry_permuted,0.2618659917785573,0.12692454255084273,0.17533802381603947
162,without_LiPF6,0.1531618413485335,0.03393878994000388,0.2277312952813244
162,LiPF6_only,0.2912041206000875,0.05539043655941611,0.005842623329422647
162,LiBOB_wrong_salt_control,0.31959433663706305,0.12046219685595116,0.4668176584503747
162,LiBF4_fluorinated_control,0.41152082256632894,0.12815174080152691,0.733088830819884
163,state_only,0.3043332792388074,0.16741157943694718,0.23483473797245347
163,chemistry_permuted,0.2864147844635283,0.13867374020329448,0.15948912528388726
163,without_LiPF6,0.19203514701630175,0.04100442320344255,0.2582782016302666
163,LiPF6_only,0.27794794182498195,0.04965181267388996,-0.010247519541183303
163,LiBOB_wrong_salt_control,0.37004322081405305,0.14501484813163912,0.5116545239907523
163,LiBF4_fluorinated_control,0.3922223923073931,0.12324028541660892,0.7222096297431406
164,state_only,0.2144001049863341,0.12190955098684697,0.1843566289162687
164,chemistry_permuted,0.20050009968619198,0.09548864712744298,0.13229140892314883
164,without_LiPF6,0.16869536449501,0.0560675405070008,0.2860705174560989
164,LiPF6_only,0.22040952230253863,0.040129406642255616,-0.018765158053949627
164,LiBOB_wrong_salt_control,0.32604199968362346,0.13972936897119936,0.44873298071296897
164,LiBF4_fluorinated_control,0.32985625316290634,0.10424989082766978,0.6889963782888113
165,state_only,0.22961422534679932,0.14065447634975958,0.21022505677030712
165,chemistry_permuted,0.22332291715058306,0.11748027074040823,0.17955366343945023
165,without_LiPF6,0.17281933716148046,0.04612347829831864,0.2561398469947438
165,LiPF6_only,0.24569410972070116,0.04530274568558601,-0.013162899337922807
165,LiBOB_wrong_salt_control,0.28311276170064337,0.12494115923291071,0.2528107728543897
165,LiBF4_fluorinated_control,0.38781135592234983,0.11677512213974861,0.7389479603452044
166,state_only,0.27700724290922374,0.13665807632020477,0.18823483476290326
166,chemistry_permuted,0.26656040058311026,0.11284451439382492,0.14669572810515752
166,without_LiPF6,0.17738237486322928,0.04906260401547269,0.24278121177095346
166,LiPF6_only,0.31842011908433776,0.03764796084838973,-0.03661762281504466
166,LiBOB_wrong_salt_control,0.32863860532771916,0.13237744562933706,0.4271560577783471
166,LiBF4_fluorinated_control,0.43701600422820863,0.12432502838994686,0.7906476387578576
167,state_only,0.26258105396949083,0.1488384450266993,0.19263083471053377
167,chemistry_permuted,0.2522034731830768,0.12355513912099492,0.15642225581918068
167,without_LiPF6,0.21077289126884724,0.059300886189530444,0.28550178058272657
167,LiPF6_only,0.26469637130407764,0.04316049329738347,-0.052974569707009644
167,LiBOB_wrong_salt_control,0.32114733803428097,0.1392007379994583,0.29694173981297944
167,LiBF4_fluorinated_control,0.4128122922726798,0.1320150636212094,0.7389862507932865
168,state_only,0.2632978143866783,0.14949777664230324,0.21257706426413614
168,chemistry_permuted,0.23937048467573008,0.11540534308383732,0.15059913988192908
168,without_LiPF6,0.15475710811726606,0.021829887114316437,0.25654322948813635
168,LiPF6_only,0.22980876896721603,0.03161414013576025,-0.04585423687960222
168,LiBOB_wrong_salt_control,0.31731705491728357,0.12431292304456876,0.37605540018211125
168,LiBF4_fluorinated_control,0.3667999828569245,0.09785849510152278,0.7210943040439423
169,state_only,0.2598974813859579,0.1339265075380689,0.17155777061071686
169,chemistry_permuted,0.24301178466379647,0.10946008583180655,0.13314017546139856
169,without_LiPF6,0.1753288158577443,0.029576329898563847,0.2620778923428012
169,LiPF6_only,0.2658825112987663,0.03753903543186532,-0.05492473571390455
169,LiBOB_wrong_salt_control,0.32016576734744506,0.09383116534138003,0.30830241438821593
169,LiBF4_fluorinated_control,0.39035210790444685,0.10639378235443575,0.7035939798482985
170,state_only,0.27359050022441134,0.15375678105986534,0.2218346039062331
170,chemistry_permuted,0.2570300695839206,0.12293804110059348,0.17207261577811273
170,without_LiPF6,0.17838371205433057,0.04276893976977725,0.2568644857152589
170,LiPF6_only,0.2712785930600258,0.038423219936521646,-0.04729143443124695
170,LiBOB_wrong_salt_control,0.3190479914793801,0.12254961330296721,0.352814366069199
170,LiBF4_fluorinated_control,0.40406203094952575,0.10679918088131057,0.7208389558274295
171,state_only,0.29913659694950623,0.17953546342154425,0.22237848179658348
171,chemistry_permuted,0.2836802454488965,0.1525016818339474,0.179265939696998
171,without_LiPF6,0.14577913129814868,0.03403373451254621,0.26086108809717823
171,LiPF6_only,0.29436332587599945,0.05970469903741649,-0.033244505835667404
171,LiBOB_wrong_salt_control,0.2726486412093544,0.12301175713615964,0.2969645284532688
171,LiBF4_fluorinated_control,0.4045078008221178,0.13931891689605203,0.6760136587744832
172,state_only,0.21814235498678491,0.15170862591956746,0.2235168493684091
172,chemistry_permuted,0.20033288946713546,0.11892526753014632,0.14825143915800743
172,without_LiPF6,0.18984071008458392,0.06727994403510573,0.29167209523638404
172,LiPF6_only,0.21891544053375545,0.040300502422198625,-0.049689538595339755
172,LiBOB_wrong_salt_control,0.302688399787684,0.1296216488368992,0.40894922235106623
172,LiBF4_fluorinated_control,0.34616777837578816,0.0968980882223115,0.6704433741961343
173,state_only,0.2290211312679037,0.13575899055611096,0.1989044161176743
173,chemistry_permuted,0.21651516593309916,0.11153075633757004,0.15046341962311371
173,without_LiPF6,0.14265714609164692,0.03069428057407453,0.25270643704379026
173,LiPF6_only,0.2176152421269364,0.04020750192192413,-0.013021843064507821
173,LiBOB_wrong_salt_control,0.26905072888824455,0.10864055448280474,0.31174109806072237
173,LiBF4_fluorinated_control,0.3477928509233227,0.10464715783832534,0.7007159251247517
174,state_only,0.30222787895706027,0.15550703385446107,0.2025778808570481
174,chemistry_permuted,0.2947036941909331,0.13552625817117347,0.14876331307051593
174,without_LiPF6,0.19065880813513036,0.03411811284795496,0.28957909873796506
174,LiPF6_only,0.2945377032714378,0.05892622798093494,-0.022460275877054126
174,LiBOB_wrong_salt_control,0.2980472084003588,0.1184676471315399,0.40961896638799355
174,LiBF4_fluorinated_control,0.40515963872790006,0.1364576739483162,0.7275418686125819
175,state_only,0.27145893138112487,0.17445118926706193,0.22707906898757724
175,chemistry_permuted,0.262205182336139,0.14038343077291204,0.16605710939534735
175,without_LiPF6,0.17403928028704108,0.05658972656252892,0.29464464106375365
175,LiPF6_only,0.2803553083832977,0.035886159225804626,-0.06639488919257741
175,LiBOB_wrong_salt_control,0.2576660462845496,0.09282934529916942,0.2681655658987361
175,LiBF4_fluorinated_control,0.40555112793070114,0.13533157483711178,0.7494120770016459
176,state_only,0.2923983009506279,0.13775234330307462,0.15860512497989454
176,chemistry_permuted,0.27467500806336786,0.11094077027214855,0.11542623738773006
176,without_LiPF6,0.1584233464847753,0.01069859343751689,0.2819939037077539
176,LiPF6_only,0.3160137992870675,0.04158552843947361,-0.06745986098665901
176,LiBOB_wrong_salt_control,0.2979570866007525,0.1053758849442703,0.3226215630994298
176,LiBF4_fluorinated_control,0.4165551970423017,0.10479244638062957,0.6765479089927813
177,state_only,0.24807202459981936,0.16525008521883566,0.22723834331309523
177,chemistry_permuted,0.23056214079226045,0.13331767014857232,0.1625298897416646
177,without_LiPF6,0.13946513893171575,0.051801932128047845,0.2506760182011326
177,LiPF6_only,0.24000731694061195,0.04364997887379152,-0.03268484872586441
177,LiBOB_wrong_salt_control,0.3001767559958225,0.12432825146180848,0.45233680806741006
177,LiBF4_fluorinated_control,0.34645261929746174,0.12024579843145022,0.7107636846684628
178,state_only,0.3061674869410056,0.17027897386300883,0.20178641598923397
178,chemistry_permuted,0.29608325203820074,0.14114157064954913,0.16186689983400382
178,without_LiPF6,0.16484902439299554,0.03855270268631539,0.2589527594014174
178,LiPF6_only,0.3125318827754301,0.05692497675882535,-0.053495362443513494
178,LiBOB_wrong_salt_control,0.32491991902381756,0.11922863046225096,0.3074763897094407
178,LiBF4_fluorinated_control,0.42026037001404737,0.1556166804440643,0.7229671479182576
179,state_only,0.3330075624675558,0.1802328214040323,0.2632341616656544
179,chemistry_permuted,0.30763888249218285,0.14069628068361717,0.17261769710017394
179,without_LiPF6,0.18439901311318607,0.049462525508578326,0.2777245869707565
179,LiPF6_only,0.301763715171648,0.04486045418741047,-0.041646363121232266
179,LiBOB_wrong_salt_control,0.3346232730930807,0.1435791684012374,0.5006282447857735
179,LiBF4_fluorinated_control,0.4179272220513439,0.13431668424062904,0.7044177925131265
180,state_only,0.2475603040920311,0.14626235191180437,0.22198895407828834
180,chemistry_permuted,0.22636964998823417,0.11439898206465093,0.1492199946608097
180,without_LiPF6,0.13158735142516254,0.03651604436099687,0.2557177774479297
180,LiPF6_only,0.3107341027558621,0.05021250475912742,-0.013933942751854778
180,LiBOB_wrong_salt_control,0.3134736495535303,0.108209128086999,0.49601968197680824
180,LiBF4_fluorinated_control,0.3859686407072308,0.11911797477674746,0.7062568378517426
181,state_only,0.2781439812091361,0.16345301227387965,0.2257246841930609
181,chemistry_permuted,0.2711724939390834,0.13644422176134696,0.17647899124824096
181,without_LiPF6,0.16228920362079824,0.0399780918502981,0.2709631615355511
181,LiPF6_only,0.29005933674285733,0.04288430846301139,-0.040663144757431824
181,LiBOB_wrong_salt_control,0.2556577911086305,0.11333648257814521,0.3109614814439202
181,LiBF4_fluorinated_control,0.41499521179153465,0.1315088286329048,0.772450768714165
182,state_only,0.2801577812010939,0.15553045415759725,0.18015837604888574
182,chemistry_permuted,0.27067920512949484,0.13285169889367066,0.13061114945398888
182,without_LiPF6,0.17494210660957143,0.04407188696917619,0.29480276992965593
182,LiPF6_only,0.30050009012548373,0.05281317259914997,-0.04758659804014642
182,LiBOB_wrong_salt_control,0.3200408712243562,0.12658677362906934,0.4384133332917879
182,LiBF4_fluorinated_control,0.406785722984808,0.13801837050100174,0.6964134293954911
183,state_only,0.29643025709781745,0.15304877572616282,0.2563459516047695
183,chemistry_permuted,0.2742110445147815,0.12145056174707258,0.1586518608480123
183,without_LiPF6,0.1439680158411163,0.03438483374724399,0.23604021944839815
183,LiPF6_only,0.2792947629841227,0.03667742752541914,-0.015572703057250559
183,LiBOB_wrong_salt_control,0.329494262949912,0.10402193359627598,0.6143600676474346
183,LiBF4_fluorinated_control,0.3799124043510319,0.11968927342979019,0.6568909786829511
184,state_only,0.23653854540508923,0.13881253833549412,0.1878238348751533
184,chemistry_permuted,0.2351971753501445,0.12304823602732629,0.16298740566729975
184,without_LiPF6,0.1527153367942664,0.040287875261066475,0.2549873965529388
184,LiPF6_only,0.29709158303823413,0.06086967714386404,-0.025356974692362977
184,LiBOB_wrong_salt_control,0.3000205281974049,0.10669962557549273,0.31598490806041235
184,LiBF4_fluorinated_control,0.3925028161008307,0.13465450161093495,0.7185173916306911
185,state_only,0.3258208762419682,0.16068150322071062,0.17762022000389333
185,chemistry_permuted,0.31053245068895075,0.1301767028926465,0.12568417375411434
185,without_LiPF6,0.19558503859416432,0.054882486733267455,0.2963321597394587
185,LiPF6_only,0.30959250446827835,0.05173977320715417,-0.0500600246188011
185,LiBOB_wrong_salt_control,0.3334889092360902,0.14417309084177077,0.40533877077175084
185,LiBF4_fluorinated_control,0.43480001780224053,0.1367305538142053,0.7218387579165655
186,state_only,0.2739452824083116,0.1360651285097021,0.2231152387375709
186,chemistry_permuted,0.24359844612903536,0.10174604610292237,0.16018728249611192
186,without_LiPF6,0.15334907125594766,0.033783011232853766,0.23890681312826823
186,LiPF6_only,0.18572156302003495,0.02361915047310359,-0.023772826901497734
186,LiBOB_wrong_salt_control,0.35142292056678637,0.13420163261221618,0.48208642548406555
186,LiBF4_fluorinated_control,0.33375000547366773,0.09600106707543699,0.6589800315394211
187,state_only,0.24856077030934431,0.1535661693613095,0.1933339876264688
187,chemistry_permuted,0.23810554287652752,0.128336459793441,0.16380472922109102
187,without_LiPF6,0.15485769613449407,0.03622067830134357,0.2727076046901006
187,LiPF6_only,0.26536222109131424,0.04193776961142148,-0.06899936412630203
187,LiBOB_wrong_salt_control,0.2533423257829661,0.10888370186584073,0.18948788835128494
187,LiBF4_fluorinated_control,0.3985688359293833,0.12194686562337587,0.7556136278631902
188,state_only,0.25761582198139843,0.13723712139042687,0.18821891320801742
188,chemistry_permuted,0.2431733362691999,0.10239429752653095,0.11798845318538143
188,without_LiPF6,0.18369291779184616,0.0600808235525736,0.2845917952031187
188,LiPF6_only,0.3146090506601147,0.021704210242426636,-0.08069755657492261
188,LiBOB_wrong_salt_control,0.3585689430651804,0.11853200211405934,0.5798225837004813
188,LiBF4_fluorinated_control,0.41301067633526034,0.11270615818210827,0.7271179095993198
189,state_only,0.3324792959479367,0.1985404098880551,0.2524605075655556
189,chemistry_permuted,0.3194504751629198,0.1686507550505355,0.1919328400460798
189,without_LiPF6,0.17182210716185775,0.03778560038864609,0.258614747574884
189,LiPF6_only,0.3404714512445556,0.060461496803914994,-0.030016165095452463
189,LiBOB_wrong_salt_control,0.3065047511447796,0.13907354784218795,0.41733454414424354
189,LiBF4_fluorinated_control,0.4463669384503598,0.13993412007780537,0.7396839191771292
190,state_only,0.2791719682329973,0.16762084160313528,0.23540469824849486
190,chemistry_permuted,0.25890206455646947,0.13575426914882982,0.1742816162658577
190,without_LiPF6,0.15057217578394455,0.04075260054523355,0.233510982323466
190,LiPF6_only,0.28879073071519745,0.04679686538488037,-0.022738998642263475
190,LiBOB_wrong_salt_control,0.3099961185583744,0.12039835864213955,0.40875269837057604
190,LiBF4_fluorinated_control,0.3801233973629662,0.12281460169244951,0.690762164187444
191,state_only,0.2808259217037412,0.1703167644309791,0.19684977387374092
191,chemistry_permuted,0.2770515557698392,0.14990267232415866,0.16454929008936514
191,without_LiPF6,0.16549149353758397,0.03560177504317441,0.26042033606705806
191,LiPF6_only,0.30890867415337653,0.06666738574175579,-0.04388176109598274
191,LiBOB_wrong_salt_control,0.31329216827581463,0.15181074135765604,0.3865169062738564
191,LiBF4_fluorinated_control,0.4100437405698325,0.15253231628722574,0.6899750974493473
192,state_only,0.2554182323627502,0.13932915907957077,0.20467437805634459
192,chemistry_permuted,0.23851448484829263,0.11268197509033007,0.16051095619224287
192,without_LiPF6,0.1655089028875959,0.041504013924575256,0.27106372539658763
192,LiPF6_only,0.27915166119427814,0.03638194634867575,-0.038874122756527796
192,LiBOB_wrong_salt_control,0.3205694983970745,0.10148060307331519,0.35830550992003773
192,LiBF4_fluorinated_control,0.4148253791664095,0.11674385966416356,0.7704825648639538
193,state_only,0.2710689362114651,0.13858385303749565,0.15426793553848672
193,chemistry_permuted,0.26992745102588167,0.12360655390140374,0.13345374224670015
193,without_LiPF6,0.14982687669933104,0.03515091997057351,0.27385761611062
193,LiPF6_only,0.36633671830549275,0.04564221498655163,-0.0680409866352164
193,LiBOB_wrong_salt_control,0.27066781870028433,0.10298141384056692,0.22981567437075479
193,LiBF4_fluorinated_control,0.45817294643899453,0.13147314891148298,0.7573951984388892
194,state_only,0.29958350347276164,0.1622617956134671,0.17912284175991144
194,chemistry_permuted,0.2875776604991067,0.1399503978108977,0.13958546849812126
194,without_LiPF6,0.18375071578871083,0.044843704666632234,0.3012261675496073
194,LiPF6_only,0.28554017413773336,0.05710838243106353,-0.0351345247370517
194,LiBOB_wrong_salt_control,0.2870415048859639,0.12038725941403916,0.2821133385368577
194,LiBF4_fluorinated_control,0.3950469831095149,0.1374072616161235,0.7132821442816804
195,state_only,0.2831833966141596,0.16460598241594426,0.19706157626266818
195,chemistry_permuted,0.2716051981718388,0.14213697496002142,0.15416099496644964
195,without_LiPF6,0.17400055611525245,0.04222290210751889,0.27940161269789177
195,LiPF6_only,0.2853214651532463,0.05573349730795085,-0.05466655238435503
195,LiBOB_wrong_salt_control,0.31179108115326437,0.12476425041078887,0.39857190014800126
195,LiBF4_fluorinated_control,0.3909605444331288,0.14097268206446623,0.6663722455120946
196,state_only,0.2730362109840314,0.18749413618798805,0.24495608061323437
196,chemistry_permuted,0.26487247525231084,0.16363369484301815,0.18839010419684843
196,without_LiPF6,0.1351234652369928,0.04094030678092775,0.2749098054782777
196,LiPF6_only,0.3211372760421668,0.06851681783074492,-0.035744196585532184
196,LiBOB_wrong_salt_control,0.29304663660516783,0.14229298773284627,0.40270409652782324
196,LiBF4_fluorinated_control,0.40433535750805927,0.1494806386966303,0.7106349500495118
197,state_only,0.24400788792189954,0.164205804346791,0.22287041649240735
197,chemistry_permuted,0.22501409315092247,0.13391878825932135,0.18572187648496252
197,without_LiPF6,0.09501669798566492,0.01288488498230056,0.23044158833753137
197,LiPF6_only,0.2734913394113577,0.03384115505723406,-0.0719014342597053
197,LiBOB_wrong_salt_control,0.2492856964732878,0.08890090108596338,0.14853208109924332
197,LiBF4_fluorinated_control,0.38698159881405714,0.09706338873448206,0.7219371592065824
198,state_only,0.2248258445984822,0.1360824451310657,0.15164862478791585
198,chemistry_permuted,0.21493266139794887,0.11183025099832666,0.10489962198981828
198,without_LiPF6,0.15581347590599004,0.06103755278796197,0.28626471026428457
198,LiPF6_only,0.3158369864455718,0.04757828956032084,-0.05536783803572076
198,LiBOB_wrong_salt_control,0.2943092967176497,0.09785621983510717,0.407762947852635
198,LiBF4_fluorinated_control,0.4042873237064355,0.13367030231553123,0.733795974421126
199,state_only,0.26754606124802005,0.1808425495502477,0.22264343275501308
199,chemistry_permuted,0.2513290698315247,0.1519688351412687,0.17567820742532814
199,without_LiPF6,0.18466336920590942,0.05812426624883893,0.23583942769972566
199,LiPF6_only,0.26216302206299114,0.05263378295057963,-0.06097969640246648
199,LiBOB_wrong_salt_control,0.3211999489453625,0.12656975631853085,0.2527459955456802
199,LiBF4_fluorinated_control,0.3863878715709732,0.12690827816479944,0.6946508000511686
200,state_only,0.273583462962942,0.1571289161868228,0.21069819952662472
200,chemistry_permuted,0.2577585214801248,0.12942141541515462,0.15920807552315241
200,without_LiPF6,0.16356828366672183,0.038616155763157245,0.2633031301163299
200,LiPF6_only,0.2956857637481053,0.049145157901006375,-0.04114953407854571
200,LiBOB_wrong_salt_control,0.2939634247230384,0.10643879868539674,0.3028581059849008
200,LiBF4_fluorinated_control,0.4073867477676315,0.12756947773370142,0.7281176050475344
201,state_only,0.2861420577987268,0.15297229553990221,0.1783199198145642
201,chemistry_permuted,0.2691761297914035,0.11907412391994088,0.10784687830881634
201,without_LiPF6,0.16034016520729333,0.042951644485827334,0.3024287521343103
201,LiPF6_only,0.3047652350558494,0.038335177637256246,-0.07600176675419312
201,LiBOB_wrong_salt_control,0.2835366794986981,0.11237859635410785,0.39525082412937385
201,LiBF4_fluorinated_control,0.4044500476944305,0.12595741846325736,0.6953987753821573
202,state_only,0.30002469816587185,0.1889579327419484,0.24516535415795093
202,chemistry_permuted,0.29011833522526287,0.16756900870488567,0.2159040844598169
202,without_LiPF6,0.12713416778659503,0.021917681999259697,0.2325114072360689
202,LiPF6_only,0.28913062630155095,0.06630017913416708,-0.0018788620425870262
202,LiBOB_wrong_salt_control,0.28554767265863523,0.1141282625947796,0.3330807451166109
202,LiBF4_fluorinated_control,0.38020427335908,0.1491463776315325,0.6998017497379072
203,state_only,0.26744171219462143,0.17401951815619332,0.24653097680234615
203,chemistry_permuted,0.25690943377333575,0.14759764024553323,0.22321242068941816
203,without_LiPF6,0.14009331452714946,0.03306987275293305,0.2505104150641322
203,LiPF6_only,0.28823473600674765,0.04503490671579902,-0.04602236788492298
203,LiBOB_wrong_salt_control,0.285098432205933,0.10623423491229478,0.2090102566912324
203,LiBF4_fluorinated_control,0.4148942810358114,0.11717467044014629,0.7638837057742738
204,state_only,0.2628013611338478,0.14238775944925353,0.2227372009179721
204,chemistry_permuted,0.24718841272513148,0.11683341553252491,0.14637278137528598
204,without_LiPF6,0.111333102579948,0.016588787551992334,0.23628517293583284
204,LiPF6_only,0.2880541977061629,0.051815464833786296,0.004353574961363904
204,LiBOB_wrong_salt_control,0.31056897539230155,0.12084167678917901,0.5223577654519065
204,LiBF4_fluorinated_control,0.34489933755570545,0.12003653080793397,0.6243651735902823
205,state_only,0.21427718431546827,0.13359680937128238,0.20352239715029252
205,chemistry_permuted,0.2044256442787491,0.10953145817912269,0.1682946013590516
205,without_LiPF6,0.14486848594159274,0.043239895736202016,0.27008970387724096
205,LiPF6_only,0.28905542557831454,0.042343640110538594,-0.021842768314690786
205,LiBOB_wrong_salt_control,0.24930811517143914,0.10818879702108919,0.2941190395837995
205,LiBF4_fluorinated_control,0.3957105285420761,0.10522652092209317,0.752510477847763
206,state_only,0.3031361452038849,0.17698834373519057,0.22191229896984033
206,chemistry_permuted,0.29062730444378326,0.14865790097634823,0.1780384443810602
206,without_LiPF6,0.13584608864170367,0.02559613462595922,0.28331194774969704
206,LiPF6_only,0.3244697916961208,0.04657988344962294,-0.05843208084650997
206,LiBOB_wrong_salt_control,0.2622433697291079,0.11271563960743458,0.22548465283241814
206,LiBF4_fluorinated_control,0.42942462937898285,0.13874857326127032,0.7505527702458339
207,state_only,0.3021209569139297,0.17424902501032125,0.26172604362203733
207,chemistry_permuted,0.28412914717987003,0.14243387332678248,0.19376920000389475
207,without_LiPF6,0.1548182809513755,0.03658916069709395,0.265129777564194
207,LiPF6_only,0.2941705597298261,0.049107750110055304,-0.023161332380748356
207,LiBOB_wrong_salt_control,0.33204346891814596,0.13363852871108806,0.5181713560209263
207,LiBF4_fluorinated_control,0.397460719394062,0.137129202517571,0.7097292138282191
208,state_only,0.25896954921589865,0.15895882384880355,0.2339186185504476
208,chemistry_permuted,0.23888630878095063,0.12621182406004772,0.18578767245975336
208,without_LiPF6,0.19063696549284814,0.0486686780877158,0.2425153862523568
208,LiPF6_only,0.23223217378106953,0.044213350282725994,-0.02883452212742932
208,LiBOB_wrong_salt_control,0.3430697308419839,0.14555914170665374,0.3516106186067276
208,LiBF4_fluorinated_control,0.37191710227974606,0.11768947479431568,0.6819999428826853
209,state_only,0.28316598547796634,0.1712521367033485,0.22561103956825623
209,chemistry_permuted,0.26231064015660566,0.13256512723839953,0.15675096071028805
209,without_LiPF6,0.17800002066193887,0.03624162117786589,0.290295028876398
209,LiPF6_only,0.29303190952684566,0.04109627765693136,-0.08172970644052202
209,LiBOB_wrong_salt_control,0.2987637542198279,0.11484192206765864,0.2516432592254043
209,LiBF4_fluorinated_control,0.41967128844929846,0.12026371297911587,0.7383201317803514
210,state_only,0.3161385239631235,0.1553856664157932,0.21473393581954991
210,chemistry_permuted,0.29031073509665895,0.12497156335358128,0.16359088902656937
210,without_LiPF6,0.19468314266080466,0.026028114069643893,0.2505565802648628
210,LiPF6_only,0.25152179843293654,0.04367461055541766,-0.02607887296392508
210,LiBOB_wrong_salt_control,0.34349441773253264,0.1142601616293718,0.3584641932456174
210,LiBF4_fluorinated_control,0.38743398792624095,0.10924208921996936,0.6958107467295573
211,state_only,0.2471515062908245,0.17087658228570224,0.21254104773941074
211,chemistry_permuted,0.2408080047870893,0.14915923692735766,0.17594442012437228
211,without_LiPF6,0.11516781145065269,0.03628398551691214,0.2562797941931785
211,LiPF6_only,0.2975644481091171,0.05300330584987156,-0.044810353275958725
211,LiBOB_wrong_salt_control,0.25648883012903256,0.11847052379712664,0.30688849657468453
211,LiBF4_fluorinated_control,0.36759444429291344,0.13719294407351923,0.6573980766472396
212,state_only,0.2696387029301799,0.17158080734215708,0.23196973246711794
212,chemistry_permuted,0.25222755651349915,0.13701588455957792,0.17913917832661796
212,without_LiPF6,0.15739224241826288,0.03953332340388016,0.2397423907026991
212,LiPF6_only,0.2762819066690191,0.05191410126886442,-0.030259579768234457
212,LiBOB_wrong_salt_control,0.3197757646945467,0.1284258768667692,0.31541236265922046
212,LiBF4_fluorinated_control,0.3893135303775356,0.12121366051104387,0.7437932379628964
213,state_only,0.2891215233350525,0.1562353394898327,0.20012388989678798
213,chemistry_permuted,0.2812585326053827,0.1340597001472521,0.1814779053877973
213,without_LiPF6,0.14186284772840896,0.02562381067317443,0.2628121172854949
213,LiPF6_only,0.30571621347275935,0.05120952816455737,-0.03781481010244114
213,LiBOB_wrong_salt_control,0.28209431041782784,0.12364072277118288,0.26667150201019985
213,LiBF4_fluorinated_control,0.4213830996302793,0.13881623592481418,0.7400271771013118
214,state_only,0.26380884238982816,0.14460731559169282,0.19138051653265475
214,chemistry_permuted,0.24164041222958266,0.11258626949733219,0.14107513573768993
214,without_LiPF6,0.1671867390152486,0.033319565961561715,0.25647651329011467
214,LiPF6_only,0.26035366358046563,0.03648422307338817,-0.05531560942008418
214,LiBOB_wrong_salt_control,0.31734714617564297,0.1162746188613153,0.3216765582396304
214,LiBF4_fluorinated_control,0.39968329578655537,0.1087977242544601,0.7314403207174114
215,state_only,0.3081910269889545,0.18577577652124821,0.23785916457563527
215,chemistry_permuted,0.28638499412060625,0.14900112687161238,0.17066295267958675
215,without_LiPF6,0.15854260590755587,0.036309333868323024,0.2680641198699435
215,LiPF6_only,0.28485787348887825,0.055561804680395954,-0.04857783116526149
215,LiBOB_wrong_salt_control,0.3231218634036801,0.10030275924632259,0.32758795960547105
215,LiBF4_fluorinated_control,0.3972727563810631,0.1443990414484193,0.7081533086177904
216,state_only,0.3049949351053698,0.18100905555271118,0.24258604042754384
216,chemistry_permuted,0.28659555193453334,0.14912072787209862,0.16704108295782394
216,without_LiPF6,0.16817433504699053,0.03798419077989712,0.2496218949826121
216,LiPF6_only,0.30383149002316756,0.054495391059006026,-0.034880802385061416
216,LiBOB_wrong_salt_control,0.324291012022933,0.13253432008051869,0.4109354211060292
216,LiBF4_fluorinated_control,0.4060364324154129,0.13555197247687945,0.7290674385802673
217,state_only,0.29190787980238775,0.17464998223476091,0.2585965970604073
217,chemistry_permuted,0.2663777397607122,0.13909981755008705,0.1932529423772924
217,without_LiPF6,0.15861913402229932,0.022595202038141027,0.2538845889442909
217,LiPF6_only,0.23165540650621796,0.039644908931371625,-0.022853385349868915
217,LiBOB_wrong_salt_control,0.31947296072777476,0.11887758054275177,0.3482647535328057
217,LiBF4_fluorinated_control,0.3563529714606001,0.115599210347068,0.6854447766518434
218,state_only,0.2450276427132313,0.1444645723292577,0.22153284788133165
218,chemistry_permuted,0.2336891214785266,0.11795523821266618,0.16123378337237948
218,without_LiPF6,0.14565587230116261,0.043251408273280334,0.28097924881847913
218,LiPF6_only,0.2765679576729452,0.04351877757680489,-0.005095842252549998
218,LiBOB_wrong_salt_control,0.32802402369252603,0.11830609075558662,0.5889461261890323
218,LiBF4_fluorinated_control,0.3631555860958845,0.12265971750761584,0.6695448256123693
219,state_only,0.2797222514348935,0.15554581302623482,0.2099343808723494
219,chemistry_permuted,0.2601446350994041,0.1237766826206349,0.15079676848418355
219,without_LiPF6,0.1765841250207093,0.048259923173101904,0.2746869545725872
219,LiPF6_only,0.2757685661270418,0.047579983409009485,-0.02751446855433337
219,LiBOB_wrong_salt_control,0.3194582226001509,0.1190573549504994,0.42092789753310667
219,LiBF4_fluorinated_control,0.3821533295706685,0.11839076946684546,0.7054887627228246
220,state_only,0.23470810029718459,0.1435348170712003,0.1812514679811995
220,chemistry_permuted,0.22123801082521477,0.1194938885291228,0.1607527611308328
220,without_LiPF6,0.1483810870073834,0.03662646349981202,0.25097802399229674
220,LiPF6_only,0.2586247022428706,0.04439292865898481,-0.07084380836717497
220,LiBOB_wrong_salt_control,0.24496711615333755,0.09323080534933426,0.1342246473107791
220,LiBF4_fluorinated_control,0.3802617043161727,0.10880352255039583,0.7162054923016168
221,state_only,0.2875209086900553,0.14781413426773338,0.20943017902513428
221,chemistry_permuted,0.2644983597175612,0.1144907714035599,0.13694235530765786
221,without_LiPF6,0.14600919000964452,0.03886141835763923,0.2666414781039421
221,LiPF6_only,0.25685181085203357,0.03268322411406677,-0.04402756885842152
221,LiBOB_wrong_salt_control,0.29531343937273946,0.10512955423873427,0.43038484634297514
221,LiBF4_fluorinated_control,0.3616136367091972,0.12081692571049352,0.6551401894903339
222,state_only,0.2846112724487887,0.1500444600339561,0.2374582842300903
222,chemistry_permuted,0.26993827250750047,0.11994904692216257,0.17724607766618072
222,without_LiPF6,0.18197842745728354,0.04036888379266235,0.2494261737426703
222,LiPF6_only,0.2761047824889099,0.04740819464993806,-0.005588714502763326
222,LiBOB_wrong_salt_control,0.3441000724865738,0.12753382571433025,0.4270745797590668
222,LiBF4_fluorinated_control,0.4005637452438271,0.1257247706887865,0.7200070691734545
223,state_only,0.27146066004396185,0.15357442357022244,0.23572047004245877
223,chemistry_permuted,0.2511395722174029,0.12043775787583944,0.18443925575781683
223,without_LiPF6,0.17760251111224568,0.047774375806337366,0.25844933058338826
223,LiPF6_only,0.23588700007107732,0.04062359768551971,-0.0022382658678226086
223,LiBOB_wrong_salt_control,0.333470161600651,0.15654317397752238,0.45147211002591636
223,LiBF4_fluorinated_control,0.3837970792684091,0.1152223482482686,0.7098669178102277
224,state_only,0.27117881410077194,0.1573735582502367,0.1995872108437352
224,chemistry_permuted,0.2618437390197774,0.13205957256519174,0.14061705487846554
224,without_LiPF6,0.17034205629792298,0.043167700722339775,0.29112838363944704
224,LiPF6_only,0.30219515663523233,0.05580237989268855,-0.028834030246154163
224,LiBOB_wrong_salt_control,0.29487619291912404,0.1146161063845923,0.4181723724309182
224,LiBF4_fluorinated_control,0.4135164960711831,0.1351378272629884,0.7447646585044188
225,state_only,0.26018284952999027,0.13018559367168003,0.17504327030741196
225,chemistry_permuted,0.2520388274773353,0.11233063593732817,0.14674103368679303
225,without_LiPF6,0.19457086952227354,0.05109639443092773,0.2921991950141911
225,LiPF6_only,0.29284801823579865,0.04997150998626643,-0.028944935291787877
225,LiBOB_wrong_salt_control,0.3146301967465702,0.12819782147513026,0.2698117423113886
225,LiBF4_fluorinated_control,0.4310590690691184,0.12843096286980216,0.8085688033852483
226,state_only,0.2905136737784524,0.1501740997337534,0.16698118304000698
226,chemistry_permuted,0.2780579810761823,0.12499142353728432,0.13204919172654772
226,without_LiPF6,0.1861032620155354,0.05314123412899674,0.3069391531810186
226,LiPF6_only,0.31204388053049814,0.046548881235830675,-0.0690186882039251
226,LiBOB_wrong_salt_control,0.3046845743875658,0.13593389555858648,0.40818496483293
226,LiBF4_fluorinated_control,0.4135156821055014,0.129209372744727,0.6950759011534253
227,state_only,0.2772164365101739,0.15732596137285615,0.20722775896825385
227,chemistry_permuted,0.26317506465844753,0.13456826600366723,0.14189591481930408
227,without_LiPF6,0.14270260255733602,0.04957393850851255,0.27351839888927976
227,LiPF6_only,0.3228981029701802,0.04041819788000922,-0.07761431228809235
227,LiBOB_wrong_salt_control,0.30189819163546117,0.1229129535765151,0.49663615839922337
227,LiBF4_fluorinated_control,0.4121612829526534,0.12868871283929473,0.6495787277550731
228,state_only,0.26723654975864175,0.14091263574375767,0.18589676012869505
228,chemistry_permuted,0.2589587138863556,0.12134387706200633,0.15961105511910045
228,without_LiPF6,0.14928619414129518,0.03186399902864945,0.2845306688364645
228,LiPF6_only,0.3112160163688351,0.048168494192596056,-0.03877094072433551
228,LiBOB_wrong_salt_control,0.25696245493982384,0.12026538513408647,0.2533214658430438
228,LiBF4_fluorinated_control,0.4209670654335801,0.12366394238927514,0.748770959926752
229,state_only,0.2961510928539136,0.1556131236635403,0.1729381122383009
229,chemistry_permuted,0.28279817228651505,0.13066135996501582,0.1338430909484276
229,without_LiPF6,0.17945624893368028,0.05791526710646866,0.2875732598406352
229,LiPF6_only,0.3008836565951205,0.0419599872353853,-0.06559989142094114
229,LiBOB_wrong_salt_control,0.2785689956423286,0.10890060113406108,0.2717489120836044
229,LiBF4_fluorinated_control,0.4207192189595539,0.12709381606415537,0.7521985870718668
230,state_only,0.2787825329264093,0.1404105030247933,0.176373150390586
230,chemistry_permuted,0.26311739346935836,0.11486131634863006,0.1456949874975907
230,without_LiPF6,0.19000409016748854,0.04351492044070915,0.2797530899615951
230,LiPF6_only,0.2670659652324273,0.04663399510285138,-0.03237892911119411
230,LiBOB_wrong_salt_control,0.30560487248061863,0.1344431751565277,0.29428368829353446
230,LiBF4_fluorinated_control,0.4009859230114523,0.1132686435298289,0.7367842476499522
231,state_only,0.2501075731594583,0.15944037084018914,0.19656632878421643
231,chemistry_permuted,0.2288031023053383,0.12494458693356747,0.14086224417786675
231,without_LiPF6,0.14806883114419012,0.04538746750383793,0.2790551215546416
231,LiPF6_only,0.2844465213144596,0.03623865645085467,-0.08709859976460288
231,LiBOB_wrong_salt_control,0.2915923237300553,0.11008167982776329,0.34069986907585614
231,LiBF4_fluorinated_control,0.39227907201361967,0.1082655237918494,0.735472678773793
232,state_only,0.26427876115104054,0.17722717068500948,0.28791930106192276
232,chemistry_permuted,0.2405941870967585,0.13555444752183066,0.20931353495502703
232,without_LiPF6,0.10867665252760972,0.03259066661041654,0.23084167804692313
232,LiPF6_only,0.2771038891529295,0.05036499749270862,-0.007076032392080878
232,LiBOB_wrong_salt_control,0.30275364181726705,0.12263281189200137,0.44157731124992683
232,LiBF4_fluorinated_control,0.3889437765397138,0.13514457363438215,0.7476794378088927
233,state_only,0.26745368365241495,0.14569253065119436,0.2383124438984634
233,chemistry_permuted,0.2553348161938077,0.1230569702077301,0.18708010947593978
233,without_LiPF6,0.13407075675184865,0.03496243012538469,0.22585677537861648
233,LiPF6_only,0.28072727827021937,0.05029652682885233,0.04404994514882554
233,LiBOB_wrong_salt_control,0.33890370345921783,0.10643917315346885,0.5351174213345307
233,LiBF4_fluorinated_control,0.396956886144875,0.13822298335582428,0.7910490966864538
234,state_only,0.2991323758450065,0.17354613611155623,0.2339028132126202
234,chemistry_permuted,0.2799480036791471,0.141302249871332,0.1804611307693581
234,without_LiPF6,0.15549962177987853,0.04624820589916956,0.2610575683803692
234,LiPF6_only,0.2974340322258966,0.04459676407711377,-0.04061943765619014
234,LiBOB_wrong_salt_control,0.2916820771204599,0.12259577343723438,0.36808729541951457
234,LiBF4_fluorinated_control,0.420751610979901,0.12533062638518144,0.7647470750006138
235,state_only,0.2966260947658289,0.18993061210633244,0.24008317378645228
235,chemistry_permuted,0.284820125758104,0.1588666284701351,0.18902046893007318
235,without_LiPF6,0.1560827168094332,0.03081695548652108,0.25094779592131744
235,LiPF6_only,0.3036767207512697,0.06217284278081292,-0.0562384874187104
235,LiBOB_wrong_salt_control,0.30144673536859357,0.12283629141066787,0.27562293016443107
235,LiBF4_fluorinated_control,0.41306184273210456,0.16014410192107853,0.7003254060819147
236,state_only,0.2698572100729312,0.1665352865046953,0.2376873118029461
236,chemistry_permuted,0.25543496531530796,0.1360934344658301,0.1641938983860085
236,without_LiPF6,0.15922322325629568,0.03597804917309344,0.25589326747754937
236,LiPF6_only,0.26813663166529,0.04859428258270804,-0.04324234928934967
236,LiBOB_wrong_salt_control,0.32070350516110646,0.1123678915217976,0.41166504585399555
236,LiBF4_fluorinated_control,0.3648912418471322,0.13960298335039023,0.6419015654380795
237,state_only,0.2788754164714561,0.17198742115271293,0.21783621304088152
237,chemistry_permuted,0.26696426249607164,0.15032905552776654,0.1895156142500305
237,without_LiPF6,0.14977451272025,0.025891751520180084,0.26557472510603397
237,LiPF6_only,0.3007846996684269,0.06069004552026869,-0.030506214138866006
237,LiBOB_wrong_salt_control,0.2983737036241205,0.12148715722837133,0.3127829875431737
237,LiBF4_fluorinated_control,0.41258456125459086,0.14185343282008678,0.7273756481700737
238,state_only,0.2399018654118421,0.15753384025758743,0.20832675993949323
238,chemistry_permuted,0.23052525631987353,0.12979118194936745,0.15430740291639977
238,without_LiPF6,0.16242311278915833,0.05701886063468664,0.2892955381464004
238,LiPF6_only,0.2792495600641508,0.0495365938827812,-0.04959678929509648
238,LiBOB_wrong_salt_control,0.2378858468174745,0.10294492095541175,0.23096691141719883
238,LiBF4_fluorinated_control,0.3881605364420292,0.12517964788910907,0.7402410006423189
239,state_only,0.2861974643861065,0.14930655887754918,0.19627261337639423
239,chemistry_permuted,0.2666118391037814,0.11830604790420751,0.1500939225169472
239,without_LiPF6,0.18956691833211137,0.0398494585357253,0.24029237543362403
239,LiPF6_only,0.2747926713484783,0.04290436221685068,-0.031850538730554434
239,LiBOB_wrong_salt_control,0.35982647842024407,0.1335521529520044,0.3255139356576102
239,LiBF4_fluorinated_control,0.4154486927931875,0.12280930749687868,0.7516457677451046
240,state_only,0.24335799745671016,0.1564689133747572,0.20525445110582052
240,chemistry_permuted,0.2360773452590489,0.137750514511496,0.18305962887653693
240,without_LiPF6,0.1151500495468516,0.028073313816238454,0.2404932191507405
240,LiPF6_only,0.2634990915734844,0.047502563117269414,-0.04610139202329022
240,LiBOB_wrong_salt_control,0.24927773167006984,0.10979239258726203,0.21475300421844523
240,LiBF4_fluorinated_control,0.37833310689748656,0.1163176786820882,0.7069852090611128
241,state_only,0.29876813195001517,0.15789647430349563,0.219666168632501
241,chemistry_permuted,0.28265975902372853,0.12991446541264395,0.15895641491272827
241,without_LiPF6,0.17140328200069987,0.03898363536785565,0.27314682683486247
241,LiPF6_only,0.2991804981944298,0.04243544747384498,-0.009483552402866913
241,LiBOB_wrong_salt_control,0.33331627310174416,0.13231573157854126,0.5134178473082772
241,LiBF4_fluorinated_control,0.39187712357607996,0.12618864274031905,0.6806355124122059
242,state_only,0.3022468853283141,0.15512019327234028,0.17593935995220877
242,chemistry_permuted,0.28698050908622263,0.12852841260226666,0.1384711690989726
242,without_LiPF6,0.1767468879347368,0.050448972028567574,0.3056396893015254
242,LiPF6_only,0.293812780080969,0.040528925096224855,-0.08067081740232074
242,LiBOB_wrong_salt_control,0.3036549749875289,0.12511347085167435,0.3052774726722419
242,LiBF4_fluorinated_control,0.41425334956064797,0.13220485706773755,0.7162725533345309
243,state_only,0.25669087792962086,0.14466252003655633,0.2195063060557565
243,chemistry_permuted,0.23863572212512607,0.11520148458163137,0.1526520959282195
243,without_LiPF6,0.15790996247408196,0.03625434692614171,0.27930765663171675
243,LiPF6_only,0.26451952991857974,0.040056695765941064,-0.031135840653671143
243,LiBOB_wrong_salt_control,0.32899218489565907,0.11273118843836916,0.5047261056314167
243,LiBF4_fluorinated_control,0.37027224222987953,0.1148822390332348,0.6891835402725767
244,state_only,0.2643090343704977,0.13623302968800322,0.17968161485154144
244,chemistry_permuted,0.25315297537088977,0.11517324468674894,0.1341708540635177
244,without_LiPF6,0.17516564096130105,0.04042996025168166,0.28825189952681374
244,LiPF6_only,0.2827394660078819,0.03925873798693291,-0.037286651996616405
244,LiBOB_wrong_salt_control,0.35896429254355233,0.1404699685952484,0.5154586653242378
244,LiBF4_fluorinated_control,0.3763776868618749,0.11639798466284523,0.6366223980919077
245,state_only,0.23047146075311498,0.13463592536589453,0.18903316261601644
245,chemistry_permuted,0.22116268027944375,0.10612512659797502,0.13981598087755376
245,without_LiPF6,0.1538922090640984,0.040704834933585454,0.2844029839255824
245,LiPF6_only,0.26391997816943125,0.03784501250868155,-0.048619724018179156
245,LiBOB_wrong_salt_control,0.2416464201161327,0.09388737207441145,0.2743119603988907
245,LiBF4_fluorinated_control,0.39022252727992923,0.11559052659664004,0.7301692241282641
246,state_only,0.2740491027299995,0.15492033690760343,0.2015605478428032
246,chemistry_permuted,0.2584762052074028,0.12945836947286293,0.16031966312436285
246,without_LiPF6,0.13590169992317536,0.02779460844078918,0.25190241402773816
246,LiPF6_only,0.28278523435439307,0.04766639634365211,-0.057938374588982766
246,LiBOB_wrong_salt_control,0.3067696999441395,0.10903219160112776,0.32434976142511485
246,LiBF4_fluorinated_control,0.37214699102010895,0.12590881284150734,0.6381373020114494
247,state_only,0.3145024259568674,0.1781630627914017,0.22247399186467576
247,chemistry_permuted,0.2983441775888288,0.1426361658767198,0.15255023287076808
247,without_LiPF6,0.16090725914763182,0.04570661145089028,0.24949169038897046
247,LiPF6_only,0.33284812600324387,0.04572300839221699,-0.07455937141042401
247,LiBOB_wrong_salt_control,0.32096193420064645,0.10208456603417615,0.33066879206184707
247,LiBF4_fluorinated_control,0.4314782277328798,0.13591163662421857,0.7214995742972394
248,state_only,0.2583344379879551,0.15932442218932008,0.2161893392954689
248,chemistry_permuted,0.23953610356427124,0.12780149014320696,0.1653754550751313
248,without_LiPF6,0.15779427182302552,0.045288983168704666,0.2637756066366961
248,LiPF6_only,0.25710141630689654,0.03962228518677491,-0.06138936433783726
248,LiBOB_wrong_salt_control,0.3066092014975248,0.11479061846508787,0.3143259055957329
248,LiBF4_fluorinated_control,0.3800276434838973,0.10996304062897067,0.7133251968461124
249,state_only,0.21818506859820008,0.14536458712581335,0.25616630054242817
249,chemistry_permuted,0.20390325037459756,0.11858326430903665,0.19749832229294872
249,without_LiPF6,0.16149260070901228,0.0396132507545609,0.2400807579489399
249,LiPF6_only,0.2225299412350037,0.045122829025228905,-0.01580703706646136
249,LiBOB_wrong_salt_control,0.29469719812713613,0.09881652615030434,0.2977915662298698
249,LiBF4_fluorinated_control,0.35208785771749496,0.11568124784664358,0.7181588755591839
250,state_only,0.25224789395828995,0.15017114398842746,0.24163675497648918
250,chemistry_permuted,0.23801108803365478,0.12299533886118419,0.17595222446050507
250,without_LiPF6,0.11953230605027254,0.03540195281801162,0.24899466801930548
250,LiPF6_only,0.26132025256055746,0.042283403435317446,-0.018559413098570676
250,LiBOB_wrong_salt_control,0.3189939019250292,0.12668607619650252,0.6417238698254273
250,LiBF4_fluorinated_control,0.35115361472461226,0.12188119378855744,0.6514018850359284
251,state_only,0.26853503096069764,0.14702267907356925,0.19422510565647866
251,chemistry_permuted,0.24698442584865765,0.11024407567806238,0.12705182274789073
251,without_LiPF6,0.18111659512444145,0.05672172356501903,0.28045985430856546
251,LiPF6_only,0.2984414959867422,0.040658456597604364,-0.0418727570747538
251,LiBOB_wrong_salt_control,0.29653790471231656,0.11537810107058011,0.42168239996225654
251,LiBF4_fluorinated_control,0.4210974095408372,0.12203491712994463,0.7723268399894576
252,state_only,0.2743371296681396,0.1708003638098553,0.21559671140233372
252,chemistry_permuted,0.2638907087407185,0.14041837047890537,0.14711324438909967
252,without_LiPF6,0.1805883280342253,0.05921014126074009,0.2755463724585273
252,LiPF6_only,0.2887066301402256,0.04837413272918634,-0.04933217676975765
252,LiBOB_wrong_salt_control,0.3304007691196462,0.140472301891025,0.4789758488541438
252,LiBF4_fluorinated_control,0.3994439906100632,0.13901567611038312,0.7323524485703505
253,state_only,0.2791698138690759,0.17870358296055755,0.2139250236607496
253,chemistry_permuted,0.26321835585308184,0.14880856358839123,0.16461019756204243
253,without_LiPF6,0.12484020307075949,0.01390750897972004,0.247879533777717
253,LiPF6_only,0.2760972015408242,0.047019904194646966,-0.07771234218096856
253,LiBOB_wrong_salt_control,0.28947504858895146,0.10931580719526202,0.24707902396646342
253,LiBF4_fluorinated_control,0.38544614088457674,0.1264052279791884,0.659536060187258
254,state_only,0.22149407534065124,0.14762540973623473,0.2221725718315366
254,chemistry_permuted,0.2101639180455398,0.12130042970037014,0.18007861590302554
254,without_LiPF6,0.17145369629879703,0.05216478112116685,0.269794397759313
254,LiPF6_only,0.23554568403535836,0.046811794887623104,-0.02676075178191728
254,LiBOB_wrong_salt_control,0.32109546164569935,0.13417005020703532,0.35393962561896264
254,LiBF4_fluorinated_control,0.37544275792523285,0.11733206292089682,0.7424477437410018
255,state_only,0.2897445076918279,0.1380564839159686,0.18733530596718295
255,chemistry_permuted,0.2754498679430992,0.11799430824108814,0.15848441004209723
255,without_LiPF6,0.1970030919473693,0.0354161987569277,0.2839709233978921
255,LiPF6_only,0.25272498636015894,0.03282249062376752,-0.03943863200953124
255,LiBOB_wrong_salt_control,0.34213158723504244,0.15377791825381848,0.42453958126536917
255,LiBF4_fluorinated_control,0.4062665749314932,0.10782783562433651,0.7312453342573766
256,state_only,0.23648090404684052,0.15649706744673508,0.20365876517198822
256,chemistry_permuted,0.22675661609116105,0.13122508640861485,0.18364583842943272
256,without_LiPF6,0.1623418799977543,0.05809163826963071,0.23935451611377112
256,LiPF6_only,0.23460199916098734,0.03955008030653273,-0.05085148129439365
256,LiBOB_wrong_salt_control,0.26348975487882376,0.1136601633991774,0.23862840329801838
256,LiBF4_fluorinated_control,0.374173399473147,0.12329791371792675,0.6979325767983541
257,state_only,0.2714073580116878,0.15236295531648802,0.22674375403207592
257,chemistry_permuted,0.26370428241038035,0.1332110087013848,0.20374506465648612
257,without_LiPF6,0.137774265295025,0.03677290147013623,0.20966935765454275
257,LiPF6_only,0.3009060264556582,0.055628845192883136,0.019470879377946892
257,LiBOB_wrong_salt_control,0.3022020104769434,0.12388177228995945,0.33511121375186215
257,LiBF4_fluorinated_control,0.4236238205322532,0.1368262121479542,0.7920715144093419
258,state_only,0.2512229893232296,0.15859340907830577,0.20411648786985015
258,chemistry_permuted,0.23371837947274376,0.12957080984282732,0.15334330568171783
258,without_LiPF6,0.1452463997737632,0.03241746730058137,0.24069199782369077
258,LiPF6_only,0.2734069597056129,0.04278959542440153,-0.061600481060479995
258,LiBOB_wrong_salt_control,0.33291908385437907,0.1282878331462146,0.40603637485556077
258,LiBF4_fluorinated_control,0.38466049204983044,0.11611755521658118,0.7076900006924556
259,state_only,0.2597819432153512,0.15788449871511234,0.25676727926823606
259,chemistry_permuted,0.24419801455802137,0.12891312642248898,0.18533393435916334
259,without_LiPF6,0.15564640152391085,0.038690700686936697,0.25883404764602647
259,LiPF6_only,0.2016958343889087,0.04260659815104595,0.01730728113974278
259,LiBOB_wrong_salt_control,0.3322146705416412,0.12821320424176952,0.6568415116073173
259,LiBF4_fluorinated_control,0.3411379352609345,0.11568303088349607,0.7251971542737201
260,state_only,0.25963390394844066,0.13904777929188783,0.20786821812670975
260,chemistry_permuted,0.2394424948808862,0.11346302562841393,0.1624049476180608
260,without_LiPF6,0.1677100392146833,0.036830967013537275,0.2654188535980194
260,LiPF6_only,0.25901043013699376,0.03871668757794333,-0.028413658492284055
260,LiBOB_wrong_salt_control,0.3155165180969287,0.11995018950454461,0.31809647023081744
260,LiBF4_fluorinated_control,0.38991128691656607,0.10108714352987891,0.7455475951602626
261,state_only,0.3048551316499757,0.14273203662168987,0.17545220689485708
261,chemistry_permuted,0.2804068900101455,0.10723220716308857,0.10386483751426145
261,without_LiPF6,0.16074370639864877,0.044095131077714456,0.310298017202431
261,LiPF6_only,0.29470066228471736,0.041664393759312635,-0.02476239282108683
261,LiBOB_wrong_salt_control,0.27875325826420183,0.10751227444392397,0.3694616432637883
261,LiBF4_fluorinated_control,0.4003798122961396,0.12527745866810336,0.7016828491590883
262,state_only,0.2593778616463387,0.15999265351177538,0.2254193943652344
262,chemistry_permuted,0.24603001452987394,0.13289489898399187,0.19382790482150347
262,without_LiPF6,0.18699040601008365,0.03292443637161846,0.23609091394336423
262,LiPF6_only,0.19355950213559847,0.05002032466702999,-0.011966626979379447
262,LiBOB_wrong_salt_control,0.3503953370508561,0.15715889564242447,0.3524043539444395
262,LiBF4_fluorinated_control,0.36626937729016007,0.12664014029990567,0.7455562652132259
263,state_only,0.3045465493312516,0.15710795149403056,0.2129734044267333
263,chemistry_permuted,0.2903679677166735,0.12546635523931438,0.17292785724768767
263,without_LiPF6,0.19606264321511468,0.04112752968375988,0.2563252526906409
263,LiPF6_only,0.2997300627811367,0.03870381655307942,-0.05257906021020664
263,LiBOB_wrong_salt_control,0.296134099069743,0.11147209767522415,0.23134196727825995
263,LiBF4_fluorinated_control,0.4435948701239548,0.11255273742516547,0.7640255641658898
264,state_only,0.2618892373858115,0.14599748088229658,0.19068353057546383
264,chemistry_permuted,0.25217714008152214,0.11928451789955297,0.1444164691907578
264,without_LiPF6,0.17198580490603077,0.039274723235310005,0.28241101917217615
264,LiPF6_only,0.27923096768721956,0.041384370003344495,-0.050476984450554596
264,LiBOB_wrong_salt_control,0.2964810082243021,0.131823134017644,0.3602296629842472
264,LiBF4_fluorinated_control,0.4176278612273726,0.12616863493276897,0.7101782914068013
265,state_only,0.33740550966170657,0.165295816877725,0.21756732325427963
265,chemistry_permuted,0.3204756919789601,0.13855965731071496,0.16767971042425334
265,without_LiPF6,0.20236574612269154,0.04490350215763206,0.27517939002396674
265,LiPF6_only,0.3195941904280125,0.05558564923527254,-0.034643822104755806
265,LiBOB_wrong_salt_control,0.33970462456011197,0.1348506587279661,0.33411747653725754
265,LiBF4_fluorinated_control,0.4551834978991437,0.12468115158446513,0.7489447680171766
266,state_only,0.2327899183278569,0.15106949483105037,0.1969820708337452
266,chemistry_permuted,0.22265511120609194,0.12792609876322003,0.15233510236207626
266,without_LiPF6,0.1540086804330013,0.028734880381056538,0.2788764941881102
266,LiPF6_only,0.24999186142318164,0.05579774342382249,-0.016639442688674455
266,LiBOB_wrong_salt_control,0.28942526627968335,0.11374694118150164,0.3456059600741552
266,LiBF4_fluorinated_control,0.36433325158470287,0.13026325522458826,0.707865609109391
267,state_only,0.2474061786165891,0.1544697941854597,0.21282336786954892
267,chemistry_permuted,0.23653080631504386,0.12600566344910713,0.17184342313049117
267,without_LiPF6,0.12265587263877775,0.03262123716969212,0.2403798377314722
267,LiPF6_only,0.31484475794474054,0.04616161988008205,-0.038680587238167585
267,LiBOB_wrong_salt_control,0.2718457278707965,0.12377880959841792,0.29765364739162037
267,LiBF4_fluorinated_control,0.4219934164865755,0.1250256036025975,0.7610184124874738
268,state_only,0.2623333024650193,0.15528893852346914,0.21612934765431724
268,chemistry_permuted,0.24657001370220044,0.1251615757343154,0.15975664808995138
268,without_LiPF6,0.14655854915360422,0.0470715117272521,0.2937675516836432
268,LiPF6_only,0.26087021156552626,0.027175029567078735,-0.06387107996205421
268,LiBOB_wrong_salt_control,0.25020040978100133,0.09902915494843267,0.28314722808454695
268,LiBF4_fluorinated_control,0.3831715949003064,0.10654468671360351,0.712425536160337
269,state_only,0.27022698925092714,0.16637062745893394,0.21823614710361128
269,chemistry_permuted,0.2567596506306855,0.14200977670652726,0.1790478296570549
269,without_LiPF6,0.16719785707811496,0.044850133910193324,0.2742009654144858
269,LiPF6_only,0.2571440492976088,0.059454082454513335,-0.01486030739485078
269,LiBOB_wrong_salt_control,0.29153859008401106,0.10998878176313265,0.31757535074506305
269,LiBF4_fluorinated_control,0.38076669179606615,0.13650236124660964,0.7281889145221963
270,state_only,0.26974415558579756,0.1349222480834803,0.18980989843086438
270,chemistry_permuted,0.2533345192103472,0.10731661028757367,0.13423942196707406
270,without_LiPF6,0.18198398697333318,0.03622162514304772,0.27004057491940037
270,LiPF6_only,0.24681422382866514,0.0416669513132637,-0.031160946265176737
270,LiBOB_wrong_salt_control,0.30676794454264267,0.09879353587734885,0.3378248525803359
270,LiBF4_fluorinated_control,0.3843732890538637,0.11331229250849228,0.7327493288862088
271,state_only,0.24962968136050312,0.14596133270772205,0.19435981155925652
271,chemistry_permuted,0.2390474334672511,0.12303897640809713,0.1497257457403096
271,without_LiPF6,0.1377603461725505,0.03321651919436375,0.27392366224531484
271,LiPF6_only,0.28676570487204733,0.03681418468922737,-0.06422262432274684
271,LiBOB_wrong_salt_control,0.27416094244716793,0.12998225514248174,0.36162011479450495
271,LiBF4_fluorinated_control,0.39991162469940333,0.10499194378135901,0.6982087279127329
272,state_only,0.23629074867810607,0.13657545089669165,0.2001910069745163
272,chemistry_permuted,0.22854562145029478,0.1150732576444301,0.15490332622556113
272,without_LiPF6,0.2106877423199769,0.06450073274468449,0.30095592002154514
272,LiPF6_only,0.2604760662794734,0.0401420814614899,-0.023974089440154778
272,LiBOB_wrong_salt_control,0.33609240307391486,0.1447923825521642,0.44874426376857535
272,LiBF4_fluorinated_control,0.4089337050583235,0.12028296896528012,0.7965686226861175
273,state_only,0.29683786038182036,0.17595045722617741,0.22854967468965315
273,chemistry_permuted,0.28578240099466523,0.15407073049468234,0.18964250467797472
273,without_LiPF6,0.14868717416830046,0.02917698483764941,0.24849419227937708
273,LiPF6_only,0.34250520954546415,0.06987897025006973,-0.013959968873397788
273,LiBOB_wrong_salt_control,0.28305400506398715,0.12651214678186573,0.26324393297037973
273,LiBF4_fluorinated_control,0.43096947243168926,0.13583790289183828,0.7680025393936998
274,state_only,0.271576893998564,0.15763622219559792,0.21011205319550896
274,chemistry_permuted,0.24964069194260474,0.12221598179697213,0.15115280013394727
274,without_LiPF6,0.17653547308457918,0.04301711146405607,0.25457967761711864
274,LiPF6_only,0.2794726914394363,0.040564887702037145,-0.05710783851861945
274,LiBOB_wrong_salt_control,0.2821547704060423,0.10175707258558442,0.23273450956692154
274,LiBF4_fluorinated_control,0.4074861657214621,0.1180696089105463,0.7237987256327454
275,state_only,0.26385886601027064,0.15077433778749405,0.1886897308727925
275,chemistry_permuted,0.25339129195768595,0.12224060802245129,0.1465030916932647
275,without_LiPF6,0.17897429213117222,0.057155074024327734,0.27725309976163437
275,LiPF6_only,0.29674922853173824,0.03922402302696415,-0.07481293242203813
275,LiBOB_wrong_salt_control,0.2673167987764994,0.1179052085739607,0.2966105251801844
275,LiBF4_fluorinated_control,0.42290205641042644,0.12915519040772983,0.7206351906073285
276,state_only,0.2543928974606403,0.1535489544807206,0.21597077578549195
276,chemistry_permuted,0.24012806908513729,0.12394666059647197,0.14622059056919967
276,without_LiPF6,0.12611229373774613,0.0293878512682606,0.26312668897170954
276,LiPF6_only,0.2506013720077903,0.04579363168794415,-0.03524253415922418
276,LiBOB_wrong_salt_control,0.30282063316760943,0.12717101285877064,0.43141809952038734
276,LiBF4_fluorinated_control,0.336962319629432,0.115979278047604,0.6863015885831252
277,state_only,0.28685196955749515,0.16599396278658463,0.2542279637926549
277,chemistry_permuted,0.2682619681149857,0.1333145943532399,0.17723302520073392
277,without_LiPF6,0.14222720688960777,0.04125136548578823,0.27737081008390163
277,LiPF6_only,0.3022924756869496,0.05759404864688378,-0.006880828606573686
277,LiBOB_wrong_salt_control,0.2922178192034611,0.11035219759169146,0.47156051787175224
277,LiBF4_fluorinated_control,0.3947699865196225,0.13979042494750005,0.7152989626533346
278,state_only,0.2711090233188186,0.13200641538735736,0.19687791233623708
278,chemistry_permuted,0.25412867360152724,0.10444640607202937,0.1580728140167259
278,without_LiPF6,0.19071170636526946,0.036834555498578836,0.25895261376501577
278,LiPF6_only,0.29026374667904276,0.03999806277992868,-0.03161677932987095
278,LiBOB_wrong_salt_control,0.32294394374732316,0.11672626373018335,0.32401487546777075
278,LiBF4_fluorinated_control,0.42804476588869567,0.10366141639518756,0.7499938106280373
279,state_only,0.25624546190539876,0.15236904105487192,0.18777939759453177
279,chemistry_permuted,0.24385283751984066,0.12589196360354993,0.14081727167806413
279,without_LiPF6,0.17520325034956474,0.04981405215309154,0.2559547179943068
279,LiPF6_only,0.29915649012105083,0.04667661488007169,-0.06155713467817436
279,LiBOB_wrong_salt_control,0.2673560054566986,0.09585581060421644,0.20386579868709087
279,LiBF4_fluorinated_control,0.4194294176863892,0.13691819170764064,0.7415177328170293
280,state_only,0.23423118177193036,0.1542086322247158,0.24615802307519863
280,chemistry_permuted,0.21973739114367274,0.12610416917738854,0.17841473206048708
280,without_LiPF6,0.14807545936423927,0.04798307864935669,0.22051183829227794
280,LiPF6_only,0.23943700959177217,0.05948957576805147,0.02322990224529542
280,LiBOB_wrong_salt_control,0.3172937853804485,0.1491558002343727,0.5729195519513294
280,LiBF4_fluorinated_control,0.34296840858619204,0.13381580126184256,0.6947561044884366
281,state_only,0.24831821592520775,0.13897255857676705,0.15669143528150142
281,chemistry_permuted,0.23517384850868028,0.11155017848709348,0.12064105107068557
281,without_LiPF6,0.18307831532960206,0.053697060870742996,0.27267873207963056
281,LiPF6_only,0.29526187338616294,0.035244760414749665,-0.09502431756080887
281,LiBOB_wrong_salt_control,0.3001504852209056,0.08327909914107534,0.17537566741247934
281,LiBF4_fluorinated_control,0.43051805921569464,0.12068988103494405,0.7362742743849512
282,state_only,0.23298066142656948,0.1524047911882016,0.21318023797907137
282,chemistry_permuted,0.22137084840361587,0.12601264613157515,0.17256793878913468
282,without_LiPF6,0.13869671653977178,0.04360576065965038,0.28181644852293664
282,LiPF6_only,0.2710729949118722,0.03708516756714342,-0.05726743182870753
282,LiBOB_wrong_salt_control,0.24112739745881184,0.10611010712905211,0.25075836189785516
282,LiBF4_fluorinated_control,0.39744932251441545,0.11340958971344417,0.786075945608437
283,state_only,0.2780953192691892,0.17633520492141896,0.25709128881802024
283,chemistry_permuted,0.2541254868497882,0.14151930804404134,0.19259081854473203
283,without_LiPF6,0.12800276846788006,0.030438266357317945,0.22800798279522627
283,LiPF6_only,0.28839806036307836,0.05126837288549013,-0.018963711005367534
283,LiBOB_wrong_salt_control,0.27649595719811726,0.11127565661688865,0.35227608378419506
283,LiBF4_fluorinated_control,0.3927272898446419,0.1302439139629531,0.698924399377606
284,state_only,0.2510624105828809,0.1548209478039847,0.22878003173770078
284,chemistry_permuted,0.2259283261870756,0.12018630756480653,0.14445332342263972
284,without_LiPF6,0.13633339646852316,0.044303727922709424,0.27216281972880285
284,LiPF6_only,0.28193035238869,0.03414732781120022,-0.049170030842704104
284,LiBOB_wrong_salt_control,0.2984622391984949,0.11377134326706762,0.4580268203732336
284,LiBF4_fluorinated_control,0.3863716495905276,0.1069127107384088,0.7321881342706589
285,state_only,0.2981940262852445,0.15366562748085666,0.22836104409322533
285,chemistry_permuted,0.28187224296228797,0.12468707828418746,0.1646588638410782
285,without_LiPF6,0.16643768596838215,0.04064660152025268,0.2670775340766769
285,LiPF6_only,0.33939591738362507,0.05121521347791047,-0.01244725983109507
285,LiBOB_wrong_salt_control,0.33976694908182437,0.12674316603196267,0.45344257122934895
285,LiBF4_fluorinated_control,0.4392206449669708,0.12999871489098735,0.7246688636911819
286,state_only,0.24066528230922968,0.14258253645027152,0.1988285427400992
286,chemistry_permuted,0.23099004493508613,0.11640897534941597,0.14418909096177057
286,without_LiPF6,0.14475988780934745,0.04936443716656713,0.30103015193832017
286,LiPF6_only,0.3106214300644926,0.03299935197939108,-0.06140498347857892
286,LiBOB_wrong_salt_control,0.24523869316890912,0.10609022105134835,0.34277352387541593
286,LiBF4_fluorinated_control,0.4119570369555047,0.11408802039537869,0.7383245728632787
287,state_only,0.3332116231057335,0.17071808121779508,0.24507511166489182
287,chemistry_permuted,0.3111112946703264,0.13423028302546935,0.16262891534623702
287,without_LiPF6,0.17060157060022696,0.039938134161625616,0.2741199905799222
287,LiPF6_only,0.2718936303483446,0.041736611140602564,-0.02020017018968412
287,LiBOB_wrong_salt_control,0.3358114958903198,0.11922536108397452,0.49141671666333464
287,LiBF4_fluorinated_control,0.4011423886774972,0.13549668338187992,0.7180470415538451
288,state_only,0.3534886063489804,0.1573732914401842,0.2270785950073193
288,chemistry_permuted,0.3323756443847482,0.13035088366084147,0.17854454197161707
288,without_LiPF6,0.20593099650919178,0.040537960050905375,0.28765190603218427
288,LiPF6_only,0.32732269414543314,0.047720592410455565,-0.00720013864842417
288,LiBOB_wrong_salt_control,0.3537977584816533,0.14139984834404895,0.42290252058110156
288,LiBF4_fluorinated_control,0.4568196422875329,0.1178539386330314,0.7332069625746223
289,state_only,0.27412404436829485,0.15929135089877156,0.20994702835295043
289,chemistry_permuted,0.2571096807834452,0.12900908659511545,0.16655801650915159
289,without_LiPF6,0.19229951498782627,0.04851358102871939,0.26692212304761953
289,LiPF6_only,0.2857842960832849,0.05725841036838675,-0.038523780772482974
289,LiBOB_wrong_salt_control,0.3405826809845983,0.1314578806408675,0.2926774910980402
289,LiBF4_fluorinated_control,0.4224554543303124,0.1364342138800575,0.7431535800818967
290,state_only,0.25907132932594845,0.1715272108181891,0.241451915124552
290,chemistry_permuted,0.24212342976873003,0.13790777960126444,0.17436026165245988
290,without_LiPF6,0.13108726503959534,0.05123590188309468,0.2540957854701279
290,LiPF6_only,0.28793251292286515,0.046408271763681896,-0.02617260451838066
290,LiBOB_wrong_salt_control,0.31656791357088887,0.13936921170127403,0.4639631552291156
290,LiBF4_fluorinated_control,0.3807485578703388,0.14056482783942514,0.7291163247738496
291,state_only,0.26964819259312045,0.1733172590861467,0.2540964951914192
291,chemistry_permuted,0.2546513530819864,0.1384191353262757,0.18635672305025774
291,without_LiPF6,0.1481579109668668,0.03161783254738337,0.25196146083677495
291,LiPF6_only,0.28641424635736856,0.05694846716492241,-0.0067643860811366086
291,LiBOB_wrong_salt_control,0.3209957772550053,0.14709172082267208,0.44533927455757594
291,LiBF4_fluorinated_control,0.40209311052633745,0.13558020770856183,0.7768343765759627
292,state_only,0.33108074375129803,0.17765086652600026,0.2499989766470625
292,chemistry_permuted,0.3078421864937725,0.14459158147039275,0.1810997633670508
292,without_LiPF6,0.21947966442230527,0.060419619373567546,0.2703258995922938
292,LiPF6_only,0.2666340851586051,0.04737635852032529,-0.03189303339232863
292,LiBOB_wrong_salt_control,0.3936033034321005,0.17302675506386034,0.6033418345436684
292,LiBF4_fluorinated_control,0.40510761151439323,0.11504952024751147,0.7252698289227077
293,state_only,0.30701427202219345,0.1786941010233647,0.26067891078698313
293,chemistry_permuted,0.28945204152868065,0.14444897541825774,0.18268573972498225
293,without_LiPF6,0.16880342277308746,0.05564249973460389,0.25797673890999795
293,LiPF6_only,0.3278317338255612,0.056925124194146526,-0.01885643702669948
293,LiBOB_wrong_salt_control,0.32791922596589174,0.13649514692425702,0.5157390336757437
293,LiBF4_fluorinated_control,0.42096428030661637,0.1452861000343324,0.7175794451023938
294,state_only,0.2993731633762067,0.1575877479904355,0.22123810987560566
294,chemistry_permuted,0.27980101627611487,0.12582540328847014,0.12947663513020757
294,without_LiPF6,0.168484284920296,0.05264468360700425,0.29567642161911567
294,LiPF6_only,0.2877061374258518,0.040564562356177336,-0.01198821108204673
294,LiBOB_wrong_salt_control,0.3208343550978082,0.12163948488939924,0.5732290173013256
294,LiBF4_fluorinated_control,0.3957984221746004,0.13577909337013683,0.7245829743141619
295,state_only,0.2509304067585634,0.14127131866276066,0.20626324725671585
295,chemistry_permuted,0.22761249892605162,0.10667661710418774,0.13238099052000607
295,without_LiPF6,0.17301802456481552,0.02961511762738145,0.25853891209183655
295,LiPF6_only,0.21800303710716107,0.03164990936069789,-0.05717815533822157
295,LiBOB_wrong_salt_control,0.3508927046910839,0.11181930834404341,0.4579568352992949
295,LiBF4_fluorinated_control,0.3577102193496353,0.10792900450588316,0.6749496289127667
296,state_only,0.2448211860158701,0.14490144877342714,0.169324973313566
296,chemistry_permuted,0.2360308745585501,0.1186606402461875,0.12543751247678003
296,without_LiPF6,0.15582495798110252,0.04788055584745765,0.2763532585336388
296,LiPF6_only,0.30879478236011704,0.04949988659418891,-0.053816503933634685
296,LiBOB_wrong_salt_control,0.2318293958085994,0.08111285462038254,0.22494540640605942
296,LiBF4_fluorinated_control,0.4263281724680028,0.13480008983208136,0.7930783725888972
297,state_only,0.20509014712389917,0.1324039177190185,0.2025503761186529
297,chemistry_permuted,0.18489632083420549,0.09840928047152164,0.15037231084852687
297,without_LiPF6,0.14432789440773086,0.0346833849300453,0.22554204651707366
297,LiPF6_only,0.1537974623314171,0.02743017376917034,-0.023070036894129675
297,LiBOB_wrong_salt_control,0.29279009970684877,0.11317980651666348,0.32254042190690146
297,LiBF4_fluorinated_control,0.31099545024945274,0.08682504631691634,0.7296723838569394
298,state_only,0.28770411388549233,0.16809510143793782,0.19471716037433862
298,chemistry_permuted,0.27605265800566403,0.14440725660275655,0.16790137934790783
298,without_LiPF6,0.15167708946008274,0.03172081861236942,0.27290413034179506
298,LiPF6_only,0.2805377635172541,0.04993131312794841,-0.0785974265304259
298,LiBOB_wrong_salt_control,0.3002172483364113,0.1331122996626649,0.25199571661822806
298,LiBF4_fluorinated_control,0.4060909577433619,0.13644930345735806,0.7064821379933242
299,state_only,0.25675811463945,0.14896536123752047,0.18789052187871436
299,chemistry_permuted,0.2517643215597335,0.1276568098128853,0.1472553459968471
299,without_LiPF6,0.16351851748126434,0.043710140715876866,0.2618794003765028
299,LiPF6_only,0.3052365106210706,0.05088056020833032,-0.03981070793666852
299,LiBOB_wrong_salt_control,0.2966372494408991,0.12168085999757927,0.3572201910135706
299,LiBF4_fluorinated_control,0.42008005688260475,0.13608002651833795,0.7621885864229674
300,state_only,0.28723906414284894,0.17827031572845564,0.2305555494282301
300,chemistry_permuted,0.27761254259196533,0.1528076035007554,0.18865720288355603
300,without_LiPF6,0.15751068268293444,0.059326371610043394,0.27960483401318226
300,LiPF6_only,0.3486503155366536,0.06935688924959116,-0.025763611182474833
300,LiBOB_wrong_salt_control,0.29950477186131796,0.1673353571343461,0.416226057241865
300,LiBF4_fluorinated_control,0.43264317002629227,0.14560735771184308,0.7646498348562378
301,state_only,0.2634855910845484,0.15011675739133556,0.20199743451921381
301,chemistry_permuted,0.25401731853097587,0.1275205152994957,0.1706261530324501
301,without_LiPF6,0.1332324027493499,0.028530052536704154,0.2514279601044692
301,LiPF6_only,0.3080651993516651,0.039714159112059555,-0.05469341069647915
301,LiBOB_wrong_salt_control,0.30903450576523284,0.13289258184618968,0.385352505341932
301,LiBF4_fluorinated_control,0.40692871609555237,0.13017760738002448,0.7160032854789353
302,state_only,0.22170208736821417,0.10540775726756835,0.1698227880295926
302,chemistry_permuted,0.21499363020621343,0.08853640796071027,0.1259140635901873
302,without_LiPF6,0.14211656145356144,0.0413913499369406,0.2790959806378883
302,LiPF6_only,0.277626856936136,0.032970010582466625,-0.012998809407125611
302,LiBOB_wrong_salt_control,0.26494110192743103,0.1025618811255713,0.44441375247380643
302,LiBF4_fluorinated_control,0.3856912018376423,0.10864075922231786,0.7373721127945003
303,state_only,0.2730769365012343,0.17356598933715162,0.2683172455685552
303,chemistry_permuted,0.24830238219665246,0.1380496551380238,0.1868413473781062
303,without_LiPF6,0.15728903444774833,0.05148426790839544,0.2605650937047481
303,LiPF6_only,0.2686886357133128,0.05897985578700804,0.012413078053127968
303,LiBOB_wrong_salt_control,0.34425177241568095,0.1689901212439091,0.6126425131601926
303,LiBF4_fluorinated_control,0.37364778505207497,0.1372063666502702,0.7035888701303901
304,state_only,0.2867346094012425,0.1598821871081395,0.23318107581972736
304,chemistry_permuted,0.26279891752415563,0.12418431457652013,0.16381571296241793
304,without_LiPF6,0.133618276422942,0.02564861158449483,0.19577047488530297
304,LiPF6_only,0.2565675332188442,0.04529172717520047,0.0005529406454471975
304,LiBOB_wrong_salt_control,0.3468968146553574,0.13686191054196806,0.44974087516214123
304,LiBF4_fluorinated_control,0.38988926847272176,0.11987663756228073,0.7327197996347623
305,state_only,0.21525511436598133,0.12259544771177311,0.15406273190100783
305,chemistry_permuted,0.20992890837891331,0.09744861688611872,0.12081749470838898
305,without_LiPF6,0.19742059351981966,0.05494365678910629,0.27286495812617295
305,LiPF6_only,0.22807689118258656,0.03338232115952422,-0.08053634275785626
305,LiBOB_wrong_salt_control,0.2800692247984391,0.09748571447154819,0.16145294833123325
305,LiBF4_fluorinated_control,0.3798929793901,0.10280728181320531,0.7182683877311551
306,state_only,0.28578541643234856,0.18263833820601905,0.25771682053420597
306,chemistry_permuted,0.27294090566018625,0.14982605724226372,0.19992557571472813
306,without_LiPF6,0.1872396524714235,0.05060844667844444,0.23718780015418117
306,LiPF6_only,0.278004981561209,0.05715178732907067,-0.012585182551873353
306,LiBOB_wrong_salt_control,0.34921512319777803,0.1639845460303605,0.4156429686739197
306,LiBF4_fluorinated_control,0.4236546246403583,0.14122179813605706,0.7676325527053339
307,state_only,0.25546767802025816,0.1668096402788113,0.2699331016941525
307,chemistry_permuted,0.233942455287805,0.13546624583455968,0.19203213968320254
307,without_LiPF6,0.12705859787199814,0.034449064883481983,0.2562509280200911
307,LiPF6_only,0.2625534010739631,0.0484839052856445,-0.01937186993423967
307,LiBOB_wrong_salt_control,0.316687912709968,0.12234422077684126,0.4713977989714967
307,LiBF4_fluorinated_control,0.3596804568243531,0.1237309334701755,0.683576684117264
308,state_only,0.33430025768145677,0.16804886116971463,0.17860711890521885
308,chemistry_permuted,0.32828256688964763,0.14958434193653658,0.15137550719481296
308,without_LiPF6,0.17319969545726688,0.02232973561520446,0.2862751994756254
308,LiPF6_only,0.37424650924413383,0.06848336440496905,-0.06909241207401084
308,LiBOB_wrong_salt_control,0.28030988422561665,0.10445487331797132,0.17827403771643102
308,LiBF4_fluorinated_control,0.47442580242656673,0.14842284481455426,0.7604833250589176
309,state_only,0.2599369264769201,0.1574680478855629,0.2579185694021988
309,chemistry_permuted,0.24987440007793338,0.12759151240783628,0.1963395079500323
309,without_LiPF6,0.15309092840616811,0.056302957436522916,0.27052521318189826
309,LiPF6_only,0.28984777080199187,0.03891530516056696,-0.012764051522412001
309,LiBOB_wrong_salt_control,0.26198185876373203,0.1270683884796422,0.47818106971865026
309,LiBF4_fluorinated_control,0.41068729652151204,0.11291961992118493,0.8014726731942888
310,state_only,0.2581417993627365,0.15011892308554464,0.1929653052711593
310,chemistry_permuted,0.24898399880663513,0.12558455548897696,0.16236458677197085
310,without_LiPF6,0.159675258470234,0.04619983199602862,0.3034444360032936
310,LiPF6_only,0.28877777185846554,0.04487762015516361,-0.05060312715474369
310,LiBOB_wrong_salt_control,0.2351245605586807,0.09269299336189396,0.1670126999677971
310,LiBF4_fluorinated_control,0.41579876624705914,0.12736947206980775,0.7883655866399809
311,state_only,0.29274789827464753,0.16695401740277127,0.22973113887330454
311,chemistry_permuted,0.27374945699266884,0.1340846145029293,0.16274393737282178
311,without_LiPF6,0.16020878137101924,0.040118571588812046,0.26371195842403194
311,LiPF6_only,0.266374374134803,0.04791814073266798,-0.058548549136913874
311,LiBOB_wrong_salt_control,0.3009150129183329,0.10158025192050946,0.3516959045050271
311,LiBF4_fluorinated_control,0.3694927361270087,0.1274764934039232,0.6257224096517475
312,state_only,0.3438129386227514,0.1897061643782999,0.23495992246515374
312,chemistry_permuted,0.32582454191503574,0.15813746579504107,0.1758971290507485
312,without_LiPF6,0.1660069522454355,0.022069966119442785,0.26816361002873135
312,LiPF6_only,0.3272426858447731,0.06783792515556675,-0.02501110887362401
312,LiBOB_wrong_salt_control,0.30518518234839853,0.11900915820791214,0.37937911834220794
312,LiBF4_fluorinated_control,0.4366136181992726,0.14473722323539262,0.7423166694996919
313,state_only,0.2955606208453735,0.18047768724540858,0.24630249928492365
313,chemistry_permuted,0.27816904923225283,0.14788686536468698,0.1978634241097058
313,without_LiPF6,0.15520056541049387,0.034765725844240425,0.2751163140664836
313,LiPF6_only,0.30483648354570003,0.06932756697213804,-0.021628242403057385
313,LiBOB_wrong_salt_control,0.29993823306224043,0.10989466486940458,0.32140819962828326
313,LiBF4_fluorinated_control,0.4042574412211316,0.1489839935675149,0.7294940915601442
314,state_only,0.2735296020571767,0.17264911527149485,0.26185129498497517
314,chemistry_permuted,0.25274585746462386,0.14229300275714696,0.2100531399670208
314,without_LiPF6,0.14997646714133483,0.032286120478079994,0.23469849284501187
314,LiPF6_only,0.25691995176703064,0.05694186752012931,-0.009664863474555196
314,LiBOB_wrong_salt_control,0.3247467112955392,0.12231118570249166,0.3813945347803336
314,LiBF4_fluorinated_control,0.3622771069511058,0.1339434791379811,0.6595290624799545
315,state_only,0.277691952575685,0.16072795696782072,0.22156226670348922
315,chemistry_permuted,0.25880714093659274,0.12806830305796635,0.1765290154314797
315,without_LiPF6,0.19738686144390827,0.051451086709168425,0.2601479710609348
315,LiPF6_only,0.2685054545087727,0.054918533798152924,-0.03903537978547045
315,LiBOB_wrong_salt_control,0.34392668358282974,0.1392745980308221,0.33573092099508817
315,LiBF4_fluorinated_control,0.4073660227563983,0.12200542826220906,0.7190218426291172
316,state_only,0.31427288798360997,0.18141050162147732,0.2517369234617862
316,chemistry_permuted,0.29424128383522963,0.14565867665117838,0.178974015355701
316,without_LiPF6,0.14164251024717622,0.04439304697537172,0.2513289631463008
316,LiPF6_only,0.30091673025078847,0.05231233109271527,-0.008883079553638762
316,LiBOB_wrong_salt_control,0.31904058136725644,0.12906735324591279,0.5007026911865452
316,LiBF4_fluorinated_control,0.3840593675148227,0.13748006357425835,0.7128977041594534
317,state_only,0.2806963804878748,0.14762171274710068,0.1796937912185279
317,chemistry_permuted,0.26615865849424036,0.12495204556605144,0.15177295972832494
317,without_LiPF6,0.14677771538286122,0.0201664609453881,0.2810226639182549
317,LiPF6_only,0.28547256451731284,0.04250620901339164,-0.05662038569222061
317,LiBOB_wrong_salt_control,0.2603644045943069,0.07961610369786343,0.20972042485843667
317,LiBF4_fluorinated_control,0.4041100539387641,0.11865459056483951,0.7315855414128896
318,state_only,0.23819182657875781,0.14961262148134435,0.19968402619957604
318,chemistry_permuted,0.2320936693228467,0.1277607292024513,0.1639639991477262
318,without_LiPF6,0.17628902215541664,0.03725944890104249,0.294621656925121
318,LiPF6_only,0.27101194514874993,0.04012860694884024,-0.056860630970868575
318,LiBOB_wrong_salt_control,0.26691135930325993,0.12268797567020207,0.2788280247152728
318,LiBF4_fluorinated_control,0.4032541709211477,0.12002099160281832,0.7892602938842899
319,state_only,0.2996218090294065,0.1564393211413041,0.19284653028512766
319,chemistry_permuted,0.28148132460624087,0.1293432408778865,0.13942884188279503
319,without_LiPF6,0.17534465586344306,0.0345402440688366,0.27549236201999183
319,LiPF6_only,0.2778516778590493,0.04280645609253708,-0.06129538598942652
319,LiBOB_wrong_salt_control,0.2882689968532166,0.10956331987219126,0.278914434644557
319,LiBF4_fluorinated_control,0.4004961891111414,0.13101531778788333,0.6675679606939671
320,state_only,0.2387238689167468,0.15693963223215457,0.19086682606368743
320,chemistry_permuted,0.22953890644091934,0.1264472566491286,0.14973394375796778
320,without_LiPF6,0.16190826615899856,0.0372926475837283,0.24030839597250386
320,LiPF6_only,0.22445605992715223,0.03720276592811311,-0.07763679489077624
320,LiBOB_wrong_salt_control,0.2843062634905784,0.10849231207697474,0.19990484488988314
320,LiBF4_fluorinated_control,0.3796205260711325,0.11928117226949542,0.7096088635328293
321,state_only,0.2559862519895887,0.14920514147205322,0.21105310743374806
321,chemistry_permuted,0.24575266676803553,0.12221761493900662,0.1671384802241742
321,without_LiPF6,0.1434151345451613,0.04301966134555979,0.25871216210898185
321,LiPF6_only,0.2968212354620773,0.0441778740646952,-0.023466458894906617
321,LiBOB_wrong_salt_control,0.26041426730386463,0.10292418734177022,0.3119493007396972
321,LiBF4_fluorinated_control,0.4033889437452308,0.13125518481226406,0.7603110226330406
322,state_only,0.32921618807994224,0.19388945152994186,0.25678984722915676
322,chemistry_permuted,0.31146954031245444,0.16019286771658148,0.18175950320904488
322,without_LiPF6,0.15229718396177705,0.02978518321448531,0.27463391178374696
322,LiPF6_only,0.329008341628207,0.05523420537276125,-0.051468687554593884
322,LiBOB_wrong_salt_control,0.2990796974984229,0.1269525619987074,0.4376578029669551
322,LiBF4_fluorinated_control,0.41555705426153156,0.13252199063900083,0.6716119744743594
323,state_only,0.2801790118227119,0.18534840074820902,0.23679236762609646
323,chemistry_permuted,0.2574233448246698,0.1466027703491718,0.1788666960747345
323,without_LiPF6,0.18502362673054495,0.055489828940303965,0.26359614893602856
323,LiPF6_only,0.24704832297257262,0.044453247533840834,-0.06979367040087259
323,LiBOB_wrong_salt_control,0.2950499671098449,0.1184040088842554,0.23948045309535337
323,LiBF4_fluorinated_control,0.37455809532771733,0.11780035864498761,0.6863235079153998
324,state_only,0.3157069478676999,0.1657321354252489,0.22872791055030162
324,chemistry_permuted,0.3031540500335961,0.14314405722587265,0.19235585875556627
324,without_LiPF6,0.17023256908603712,0.04635109319866493,0.2537859364341406
324,LiPF6_only,0.3273527464235507,0.05061912840419047,-0.013556980949167352
324,LiBOB_wrong_salt_control,0.32105787759151905,0.13356881911803298,0.35838146542734584
324,LiBF4_fluorinated_control,0.44987052445023934,0.13375010335090054,0.7790070428502311
325,state_only,0.25684490097461565,0.14367692141329003,0.21131427427254823
325,chemistry_permuted,0.24399063728571113,0.11782375804233425,0.1754733491495677
325,without_LiPF6,0.15072878246866095,0.028679591866349385,0.27060743537319665
325,LiPF6_only,0.2823023423340939,0.037360739834902845,-0.05085145043080064
325,LiBOB_wrong_salt_control,0.25259832891496814,0.10569787470211223,0.25443137362509505
325,LiBF4_fluorinated_control,0.3987219513298652,0.1014978075216666,0.6993704168628627
326,state_only,0.22715254018407538,0.1351545495484282,0.1810794702910481
326,chemistry_permuted,0.22095215935002777,0.11329136019890684,0.15312298316916817
326,without_LiPF6,0.13924130893035103,0.04588905267019494,0.24701430127780688
326,LiPF6_only,0.29984430239714355,0.03079778660317467,-0.06947127225272609
326,LiBOB_wrong_salt_control,0.22197885177988586,0.08959394297791357,0.1999310636335857
326,LiBF4_fluorinated_control,0.41316106824657617,0.09395698817495968,0.7355142889686507
327,state_only,0.2829642206332863,0.16636011228105207,0.23179388641214904
327,chemistry_permuted,0.26993063143169205,0.1366712608211187,0.18178712187018464
327,without_LiPF6,0.17055780700054834,0.04679838008791126,0.23574522489483396
327,LiPF6_only,0.31576473250256665,0.062415224989885054,-0.01711332665870602
327,LiBOB_wrong_salt_control,0.32592200569574215,0.12026213292181553,0.38873383288910757
327,LiBF4_fluorinated_control,0.43158098788454413,0.14652302338742884,0.7627799452264952
328,state_only,0.2875810476084729,0.17770957377068908,0.23913002632499458
328,chemistry_permuted,0.27759098868687326,0.15011908606130064,0.19667564720223074
328,without_LiPF6,0.15870957281019415,0.035758638216250915,0.2527761445708031
328,LiPF6_only,0.301261213320831,0.0453968019646378,-0.04706190151309997
328,LiBOB_wrong_salt_control,0.2718986999988374,0.10385483501458526,0.2696602905101442
328,LiBF4_fluorinated_control,0.4138214424024328,0.13865978497725873,0.7297057380343921
329,state_only,0.3275331718792266,0.17879457123834586,0.22465199770851796
329,chemistry_permuted,0.30491072523425977,0.14657973967815885,0.18241141196517863
329,without_LiPF6,0.18902839652144343,0.030367528407841182,0.25777813671219296
329,LiPF6_only,0.31367632137364654,0.05679825186063958,-0.047728323123147565
329,LiBOB_wrong_salt_control,0.3727022334817889,0.14935243949945587,0.3547942289943036
329,LiBF4_fluorinated_control,0.4283269910572508,0.13167745991237156,0.7130138268345327
330,state_only,0.2738035786879077,0.13569288426981407,0.16458358066518075
330,chemistry_permuted,0.2634366243189762,0.11332784344690916,0.14030005397697753
330,without_LiPF6,0.19395448993008557,0.0471000432730857,0.31308364065859695
330,LiPF6_only,0.28252286857972864,0.03464794906940927,-0.06143258786112249
330,LiBOB_wrong_salt_control,0.2931799198492271,0.12368901826908352,0.36114039096076544
330,LiBF4_fluorinated_control,0.42466826508841304,0.12866873820381963,0.7144201845492286
331,state_only,0.2733970853656277,0.17471084051364894,0.2272283912841212
331,chemistry_permuted,0.25959122399279266,0.14913167236400238,0.17013852674547336
331,without_LiPF6,0.13775637792615725,0.03816436746905927,0.2733555872195881
331,LiPF6_only,0.30643787096976927,0.05439485075468509,-0.042422270295512265
331,LiBOB_wrong_salt_control,0.2808104992920709,0.11849417933181339,0.3664988267766943
331,LiBF4_fluorinated_control,0.38791690182775007,0.12838002353078715,0.6848390892835727
332,state_only,0.2885999225112139,0.1571374421273698,0.24245554037539518
332,chemistry_permuted,0.27100089999334986,0.12688978785492533,0.1787923822071853
332,without_LiPF6,0.17371826031957327,0.03861686181868518,0.25022394369631185
332,LiPF6_only,0.29926999178130176,0.03933961378147066,-0.031977360416706846
332,LiBOB_wrong_salt_control,0.3563698530722944,0.11722971344492639,0.4428351182840635
332,LiBF4_fluorinated_control,0.42897537567137933,0.1096838850940135,0.7563460900638281
333,state_only,0.2740917876705149,0.152256792971176,0.21597846959863298
333,chemistry_permuted,0.2545204956191448,0.11929619997368235,0.1594612178237238
333,without_LiPF6,0.14635880318249628,0.03418121452702061,0.26489365938527
333,LiPF6_only,0.302153170754788,0.043067544912144595,-0.031553819610436795
333,LiBOB_wrong_salt_control,0.2654067764765339,0.10578633878894461,0.2417312693101783
333,LiBF4_fluorinated_control,0.41882959042431966,0.12129849883060084,0.7283735161039113
334,state_only,0.28631724396116676,0.16888857882520303,0.24752492119662028
334,chemistry_permuted,0.2639974336034169,0.13384390535633406,0.1752454932491705
334,without_LiPF6,0.17290951184842673,0.04868643322088062,0.26175385507954685
334,LiPF6_only,0.26154129911535895,0.04389668596542973,-0.0370972180487017
334,LiBOB_wrong_salt_control,0.34306453384276603,0.12350091197257207,0.41338985693342867
334,LiBF4_fluorinated_control,0.38005755162377597,0.13205306272303885,0.709987630190325
335,state_only,0.26096388702775,0.14049453891849673,0.17695797293908255
335,chemistry_permuted,0.24787098233935334,0.11201990626613512,0.12162858624759243
335,without_LiPF6,0.16518349483218764,0.049373463464151834,0.3197321885480643
335,LiPF6_only,0.3228676005212793,0.023084472500346176,-0.10392216968761692
335,LiBOB_wrong_salt_control,0.2863442160919274,0.11462533414140508,0.4097704625349682
335,LiBF4_fluorinated_control,0.42222342557372194,0.09555618434731361,0.7479118038027415
336,state_only,0.2241026288759843,0.1472948479089463,0.1973198644600298
336,chemistry_permuted,0.2195983751779511,0.12775158643718343,0.17627514350664097
336,without_LiPF6,0.1768017863293886,0.06050113721602224,0.27583274348538944
336,LiPF6_only,0.30205433683387684,0.0506297068183611,-0.03735568920096144
336,LiBOB_wrong_salt_control,0.29881702692411716,0.13306325470712677,0.2847892064553603
336,LiBF4_fluorinated_control,0.41246864393438454,0.11382779920797403,0.7354270006321839
337,state_only,0.2513627552565665,0.1483020492686593,0.21289700697500313
337,chemistry_permuted,0.23691875462824474,0.1210839326298786,0.17049207926238885
337,without_LiPF6,0.16494330428547688,0.041019498902036045,0.22386365424883747
337,LiPF6_only,0.2758288899832878,0.058317252568851896,0.007978163109764846
337,LiBOB_wrong_salt_control,0.3081060791782101,0.12414743298460196,0.33191646243735184
337,LiBF4_fluorinated_control,0.38334922845878605,0.13114138986443746,0.7355632202269937
338,state_only,0.25599233699695934,0.14899248736440385,0.17808289041824255
338,chemistry_permuted,0.24918878935396327,0.12842003692221593,0.15733136665550818
338,without_LiPF6,0.14280513334285916,0.0231632591134171,0.29972050722144705
338,LiPF6_only,0.27043223297039054,0.041737296912347066,-0.05923572545661293
338,LiBOB_wrong_salt_control,0.26406954981951647,0.10043549606672952,0.2232673016566442
338,LiBF4_fluorinated_control,0.3792913288134738,0.13182172879134102,0.6679895913952743
339,state_only,0.33059792127318355,0.17516276997338776,0.19215364406750024
339,chemistry_permuted,0.3138989484124074,0.14588859484160377,0.1649291352410045
339,without_LiPF6,0.17332412369976347,0.030433653667295224,0.2693918503549766
339,LiPF6_only,0.30812829540315667,0.049843705287245355,-0.07358893456454207
339,LiBOB_wrong_salt_control,0.2959041187788445,0.1245173086855782,0.20936102761519781
339,LiBF4_fluorinated_control,0.4282374166294516,0.12943048244493327,0.6824967960610991
340,state_only,0.2684426995719299,0.1726528699301837,0.20737097427693074
340,chemistry_permuted,0.2610148830875493,0.14580303275233686,0.1690494976316197
340,without_LiPF6,0.15452689149610055,0.03523984821361603,0.27293715005993824
340,LiPF6_only,0.31556728582099125,0.056501408671343234,-0.0731866094297049
340,LiBOB_wrong_salt_control,0.3001021879530219,0.12612737231855786,0.22351031906529817
340,LiBF4_fluorinated_control,0.4180428035916127,0.14136255788232177,0.7561503388815285
341,state_only,0.3254601793987646,0.16856102835943032,0.2350390713253404
341,chemistry_permuted,0.3120196639369627,0.14147338506726903,0.19060090950638353
341,without_LiPF6,0.17085826100972867,0.039580327215435473,0.27040740757784787
341,LiPF6_only,0.33521990833076154,0.054167768200096056,-0.028196686361611323
341,LiBOB_wrong_salt_control,0.3026347152489429,0.12594977006723218,0.3615957126068442
341,LiBF4_fluorinated_control,0.44309469382049427,0.13814932087742082,0.7529450254862665
342,state_only,0.2502281500110841,0.16127540736002344,0.26963889325853574
342,chemistry_permuted,0.22588386710969166,0.12505331444596512,0.1895855047889723
342,without_LiPF6,0.16302046087564015,0.05532861722382598,0.25903649514112237
342,LiPF6_only,0.22044944363071572,0.0322221050682171,-0.043128505000765927
342,LiBOB_wrong_salt_control,0.332113406151026,0.13688106272106204,0.5619550367072262
342,LiBF4_fluorinated_control,0.344403875895251,0.10585030636805137,0.6414202807398388
343,state_only,0.2974877962250696,0.1689492995825047,0.23339220086583445
343,chemistry_permuted,0.2772079260926654,0.1341593745125942,0.16818570547996348
343,without_LiPF6,0.15808329902517715,0.04433839026213482,0.2487380980479632
343,LiPF6_only,0.3108792078468564,0.05098635704268939,-0.044535179162678684
343,LiBOB_wrong_salt_control,0.32191064048915596,0.12049516009899375,0.3849121189932898
343,LiBF4_fluorinated_control,0.415408824604117,0.12880518257164753,0.7145415710966574
344,state_only,0.2864480596644552,0.16159397950750676,0.2209312858536554
344,chemistry_permuted,0.27290922663513273,0.13594291781721934,0.16378313292272495
344,without_LiPF6,0.19115716366171032,0.04551350766890283,0.27182926505475846
344,LiPF6_only,0.27685295522811526,0.05527116496827966,-0.004649037982274118
344,LiBOB_wrong_salt_control,0.3256496380085663,0.1383970138184375,0.42337344362821794
344,LiBF4_fluorinated_control,0.39284014402623946,0.14114936005734469,0.6952577238722151
345,state_only,0.24680245088410602,0.13877246513289365,0.19253093294835177
345,chemistry_permuted,0.23057285847671638,0.11070393447992877,0.16555799890866307
345,without_LiPF6,0.16179504998398087,0.04186358816461089,0.2743100046341228
345,LiPF6_only,0.25353755232731645,0.028086962870679355,-0.05868137793925543
345,LiBOB_wrong_salt_control,0.24274393471792333,0.0962033614661707,0.20111121423705025
345,LiBF4_fluorinated_control,0.3947977768701467,0.09470245590256676,0.7529317283623111
346,state_only,0.22931150817651713,0.15385898359828032,0.19156551327721139
346,chemistry_permuted,0.21429047566978077,0.12264211431454275,0.14787217294625332
346,without_LiPF6,0.15081649456514645,0.04722390120689057,0.2559222068094772
346,LiPF6_only,0.25813603050982203,0.035506900608226144,-0.0714661005129591
346,LiBOB_wrong_salt_control,0.276272748562032,0.09434817995097555,0.2480480156597039
346,LiBF4_fluorinated_control,0.37792382262591373,0.11438794255455165,0.7298627386682527
347,state_only,0.2748566849017181,0.1593808261821924,0.20526373275064702
347,chemistry_permuted,0.2660198224308167,0.13427110040807522,0.1538176425753276
347,without_LiPF6,0.1638607786323063,0.031023714268976765,0.28707825130741826
347,LiPF6_only,0.2990757251249597,0.05280661403338138,-0.05059033856506556
347,LiBOB_wrong_salt_control,0.30517096477755823,0.11857448616101929,0.40037785890481337
347,LiBF4_fluorinated_control,0.3987199710422835,0.12899950872039623,0.6701078255307457
348,state_only,0.24142626560682767,0.1747318094728565,0.2596118895816142
348,chemistry_permuted,0.22788358117380558,0.14614348625931095,0.19685489157444358
348,without_LiPF6,0.15124467323697488,0.049088525580670006,0.25513325460115854
348,LiPF6_only,0.23827685254161446,0.04774726276849006,-0.02053402417046879
348,LiBOB_wrong_salt_control,0.29384898152678196,0.11184096807925059,0.32340145249231944
348,LiBF4_fluorinated_control,0.35918691974129,0.13203706009028715,0.727503615912976
349,state_only,0.28293163325359916,0.17724957653608053,0.24868563830461832
349,chemistry_permuted,0.26827264466941525,0.14506885782725054,0.1944804319304484
349,without_LiPF6,0.17062981303751656,0.04309079900880153,0.2706509675661708
349,LiPF6_only,0.3106257533075195,0.04739766545588475,-0.022657999435970577
349,LiBOB_wrong_salt_control,0.28479138651642133,0.12413177842412981,0.3895637416140164
349,LiBF4_fluorinated_control,0.4359110861722899,0.13260622023718738,0.7707273410403754
350,state_only,0.2860850634966645,0.15564819661336415,0.19571368089020635
350,chemistry_permuted,0.2761641161396915,0.13255540818108347,0.16572991276059457
350,without_LiPF6,0.14040670082959827,0.01776997832754157,0.24483303739738083
350,LiPF6_only,0.3231038614724575,0.05252332206084376,-0.05228637397773772
350,LiBOB_wrong_salt_control,0.2725311939875785,0.11446430054005441,0.2384439798634781
350,LiBF4_fluorinated_control,0.42960839957700725,0.133499461643955,0.685336095055842
351,state_only,0.23568092595390144,0.15957870308187405,0.24826808008355905
351,chemistry_permuted,0.22206771516246615,0.12752883132061388,0.17508696693993864
351,without_LiPF6,0.13952060339395378,0.04620949355197912,0.25124798283191996
351,LiPF6_only,0.2479021720482233,0.05546981386643168,0.002225057711590983
351,LiBOB_wrong_salt_control,0.3286649081395352,0.15832045016154395,0.5853034121671874
351,LiBF4_fluorinated_control,0.3538792979381741,0.13443756564207487,0.7119087390827861
352,state_only,0.3077337609250077,0.16380092704828753,0.2041543797791996
352,chemistry_permuted,0.29432796965347896,0.13808092754451307,0.16847493847668726
352,without_LiPF6,0.1497369779626433,0.0353495546327075,0.2619902175480181
352,LiPF6_only,0.34247111152158694,0.052021295699757664,-0.040968076711332624
352,LiBOB_wrong_salt_control,0.25619396950780393,0.11368011669215072,0.2436835672536355
352,LiBF4_fluorinated_control,0.4473163332654796,0.13106619225671223,0.7255148577805336
353,state_only,0.27654878858357346,0.142832960498829,0.21849157306903066
353,chemistry_permuted,0.2521681973957881,0.10826162561040453,0.14791002656350827
353,without_LiPF6,0.19037728923056785,0.04643946553961542,0.2566873113172553
353,LiPF6_only,0.18625747365803424,0.0243056953237889,-0.0425314714280951
353,LiBOB_wrong_salt_control,0.35014756305335515,0.14131535308658816,0.4674955391206339
353,LiBF4_fluorinated_control,0.34417566549969003,0.10457287165347406,0.6607413067979719
354,state_only,0.3002590785753524,0.17169638302327406,0.20946558314383557
354,chemistry_permuted,0.28426851327812075,0.14236760344792931,0.1717260986083402
354,without_LiPF6,0.15852246876233633,0.027518101043691012,0.28928811545605315
354,LiPF6_only,0.31814902247684773,0.0461209524570928,-0.05928804933744414
354,LiBOB_wrong_salt_control,0.22322140061587248,0.09021181836939407,0.14647885906726132
354,LiBF4_fluorinated_control,0.4469261117874235,0.1160527653921104,0.8064537242821965
355,state_only,0.27074321232921417,0.16279293684500173,0.21803936408504254
355,chemistry_permuted,0.26044766554468746,0.13233323236214,0.14654525343672364
355,without_LiPF6,0.16368691991090534,0.05540807577317475,0.2681616916237558
355,LiPF6_only,0.3325199966748018,0.04506671877398316,-0.058114391647203445
355,LiBOB_wrong_salt_control,0.3107397475315625,0.12201295113667576,0.4515000969916979
355,LiBF4_fluorinated_control,0.42140105977368547,0.13743608388600959,0.6927820611211812
356,state_only,0.2606529776106187,0.14590139691667114,0.22881733927246872
356,chemistry_permuted,0.2435938543249918,0.11333711067997898,0.14564057076535475
356,without_LiPF6,0.1180914200523302,0.02402001244719776,0.24432576511151283
356,LiPF6_only,0.3364013505658904,0.03873352171471178,-0.03532414173771492
356,LiBOB_wrong_salt_control,0.30320831483151744,0.1312888261777615,0.5662531682288791
356,LiBF4_fluorinated_control,0.42365143092679036,0.10069107154454404,0.7402575152660146
357,state_only,0.313096408036196,0.16274849187604945,0.21195481023460538
357,chemistry_permuted,0.295496114403357,0.13614530475226427,0.17212778034263032
357,without_LiPF6,0.17774179604727403,0.030557191006026607,0.23541271188612312
357,LiPF6_only,0.2578609762454841,0.05150175787638056,-0.01842625326502967
357,LiBOB_wrong_salt_control,0.31804439954741637,0.12037303335987593,0.3233321866223299
357,LiBF4_fluorinated_control,0.38635425373706767,0.13326790215475737,0.6469713654236923
358,state_only,0.26929350829489185,0.16793793841081162,0.21221334389969138
358,chemistry_permuted,0.25267853939243456,0.1383693561304824,0.15989972246863382
358,without_LiPF6,0.1615341574689103,0.04137173263300753,0.2879878355774297
358,LiPF6_only,0.2930358862590484,0.05809556090371071,-0.043036689176569665
358,LiBOB_wrong_salt_control,0.2739044527546669,0.12414302659056609,0.28482859423973106
358,LiBF4_fluorinated_control,0.39581771441572045,0.12630227135978278,0.7342986070613933
359,state_only,0.2716808708545617,0.15414787554936604,0.2594181858395226
359,chemistry_permuted,0.240438533424561,0.10767361869638237,0.1485495238653579
359,without_LiPF6,0.18603609935730858,0.059974598101749876,0.26969194160272103
359,LiPF6_only,0.23348496702108545,0.037084870702084216,-0.02329545150571022
359,LiBOB_wrong_salt_control,0.35727004171806276,0.13552279374159137,0.6513066704384285
359,LiBF4_fluorinated_control,0.3706196142136994,0.1102573318532023,0.721794631712882
360,state_only,0.3192789899474445,0.1845215527027514,0.21141104106352215
360,chemistry_permuted,0.31213823099982174,0.1610285638772918,0.16194264402935976
360,without_LiPF6,0.1409288797222571,0.04241495684171015,0.28105115064352715
360,LiPF6_only,0.36509651088638395,0.06293295607298932,-0.062295038326286245
360,LiBOB_wrong_salt_control,0.22886336646434702,0.1023491511552177,0.30906687470216243
360,LiBF4_fluorinated_control,0.45377123077132087,0.15694669004480655,0.7598334201598828
361,state_only,0.27349134367842753,0.18989308414087258,0.24434298938141796
361,chemistry_permuted,0.2613117063067881,0.158945397811193,0.18111131851509865
361,without_LiPF6,0.15829245444797757,0.0429867980186206,0.27048476664045884
361,LiPF6_only,0.29207188063089773,0.06625808417830226,-0.03135441025542496
361,LiBOB_wrong_salt_control,0.3201209966112718,0.13535332716347503,0.45050634595394823
361,LiBF4_fluorinated_control,0.383140602780646,0.14827783390148586,0.6825013839762981
362,state_only,0.2958292331700174,0.1783655147837765,0.22712319876092246
362,chemistry_permuted,0.2810681969010189,0.14891613891789424,0.1718978850020172
362,without_LiPF6,0.16526959131416663,0.05255867812462567,0.28583506506846423
362,LiPF6_only,0.3094174796617122,0.0557071761810668,-0.04439846102729417
362,LiBOB_wrong_salt_control,0.3044931688166468,0.1439540454745809,0.4561494850998181
362,LiBF4_fluorinated_control,0.41828351498866645,0.137605476208572,0.7154215955319758
363,state_only,0.2836258002169346,0.1725104289550683,0.21267589140062038
363,chemistry_permuted,0.2734226161126653,0.14862130312850674,0.1727010467959742
363,without_LiPF6,0.16515802822589787,0.043203003429203246,0.24123108378356328
363,LiPF6_only,0.27400191916698113,0.05491715275232445,-0.027327604078121848
363,LiBOB_wrong_salt_control,0.29010228477635325,0.13557357221436406,0.3007169470476022
363,LiBF4_fluorinated_control,0.3986279053197225,0.14692102276962316,0.7316690572332534
364,state_only,0.2442327626069225,0.14656827232662883,0.22301432463404314
364,chemistry_permuted,0.22313722431664162,0.11566160940617187,0.18013249918704288
364,without_LiPF6,0.17573205778298173,0.0442631425825637,0.24984271053249685
364,LiPF6_only,0.22581097409545658,0.03856440441526232,-0.02059230249410926
364,LiBOB_wrong_salt_control,0.35229123949849017,0.12585931463106215,0.3972500556381242
364,LiBF4_fluorinated_control,0.3704524441754765,0.11849345728851468,0.735245963125911
365,state_only,0.29752255948406714,0.17357139711609437,0.23012812883953326
365,chemistry_permuted,0.2809171473284833,0.14609136153138502,0.18933509784720848
365,without_LiPF6,0.1764210229787334,0.05215172626855391,0.25067445209152484
365,LiPF6_only,0.2817703837165244,0.06539720963412499,-0.005686369412767567
365,LiBOB_wrong_salt_control,0.3061897230135068,0.1276087683747329,0.3571454515687704
365,LiBF4_fluorinated_control,0.40454598230400296,0.14514481242256672,0.7085579241521947
366,state_only,0.24125654120134032,0.15546379268864408,0.2381294450589585
366,chemistry_permuted,0.22915580887474407,0.13074860790075205,0.19846002372470073
366,without_LiPF6,0.15839421835186795,0.03757140271224546,0.25702202591233614
366,LiPF6_only,0.2549950039751663,0.05158639362559059,-0.015191368655209314
366,LiBOB_wrong_salt_control,0.3221986116664719,0.1330619762723677,0.41611591091594047
366,LiBF4_fluorinated_control,0.38140404496119573,0.12784710147237321,0.7201998458369496
367,state_only,0.2565316607351201,0.16715084031515937,0.25843951392778364
367,chemistry_permuted,0.24394816608226266,0.13632787596093765,0.1753298309591802
367,without_LiPF6,0.128848391883719,0.039122829147646754,0.25246391536254786
367,LiPF6_only,0.29544440215264234,0.04565503931457893,-0.022727507918316237
367,LiBOB_wrong_salt_control,0.29495604699624167,0.12180491182245967,0.5687311536503868
367,LiBF4_fluorinated_control,0.38760255493327445,0.11985910067599237,0.7244756203320484
368,state_only,0.26643243107214143,0.1557745099035419,0.220745855495473
368,chemistry_permuted,0.2545782888433562,0.1261530840224927,0.17052924616174647
368,without_LiPF6,0.14672537316332845,0.042243671791145965,0.2656717595478939
368,LiPF6_only,0.2557605008962225,0.04154690322298815,-0.031033734326664675
368,LiBOB_wrong_salt_control,0.3264584063170608,0.13651804805340573,0.4647670805989086
368,LiBF4_fluorinated_control,0.39410984138821226,0.1276297644619997,0.7765606794328204
369,state_only,0.23744705620858686,0.14216253109421595,0.20902809839585712
369,chemistry_permuted,0.22691301596960944,0.11972158864456817,0.14935951652538282
369,without_LiPF6,0.16107988870433765,0.03909513419368027,0.24158467566200137
369,LiPF6_only,0.2726042122647996,0.04836965269285065,-0.004941594789784953
369,LiBOB_wrong_salt_control,0.33097847827117055,0.12612520315766884,0.5264743546593116
369,LiBF4_fluorinated_control,0.38612241396671887,0.12472405669216147,0.7244637250027188
370,state_only,0.25046851089520317,0.14541334606073208,0.1812872316553934
370,chemistry_permuted,0.2479797001926043,0.12610639906143428,0.15440602370162604
370,without_LiPF6,0.16930974473651594,0.043512600895753484,0.29122477577859485
370,LiPF6_only,0.3378427742947596,0.048958283880524034,-0.07858421892267309
370,LiBOB_wrong_salt_control,0.309758127009917,0.13835916147159422,0.2690608778538637
370,LiBF4_fluorinated_control,0.44879608549854644,0.13335342958261576,0.7661572088252233
371,state_only,0.25967501783526936,0.14657062843048396,0.20593342453459662
371,chemistry_permuted,0.25439180034440156,0.1260636314895921,0.17249882411318385
371,without_LiPF6,0.14768577559832952,0.044689865025596465,0.27185662661360355
371,LiPF6_only,0.3094538404214503,0.04432506051640239,-0.047145643041694996
371,LiBOB_wrong_salt_control,0.26595441497510597,0.11708237700322899,0.2448060097506446
371,LiBF4_fluorinated_control,0.41507205674425574,0.1205259115532743,0.7389052930742968
372,state_only,0.29224797813895953,0.15996280925807627,0.21548823529915573
372,chemistry_permuted,0.27760587861191144,0.13256904000389358,0.157244580812806
372,without_LiPF6,0.16578118078651816,0.029256551171966905,0.27515742611691707
372,LiPF6_only,0.24369886933237006,0.05390275036107761,-0.007402934138450279
372,LiBOB_wrong_salt_control,0.31727047042186063,0.12353348878605241,0.46106291657546594
372,LiBF4_fluorinated_control,0.35001066829407657,0.12776841976381959,0.6628556189241381
373,state_only,0.26463033575597505,0.1601217798431286,0.218262889067384
373,chemistry_permuted,0.246293845332774,0.12859149197491215,0.16601201485987493
373,without_LiPF6,0.13232230334754824,0.04039712130242479,0.2848371569296916
373,LiPF6_only,0.2793315914269251,0.045625277980181456,-0.030863546453097856
373,LiBOB_wrong_salt_control,0.26683056555799145,0.12400801243886928,0.39429087337695157
373,LiBF4_fluorinated_control,0.3844947407652275,0.12807780548554792,0.7415476138681988
374,state_only,0.2735058126115112,0.1793979396569536,0.2515308070229445
374,chemistry_permuted,0.25602507077005576,0.14109169851534864,0.1829551125104567
374,without_LiPF6,0.1421905527429732,0.03381914382738449,0.25054525428154206
374,LiPF6_only,0.26284661035484813,0.044717330337992744,-0.044816482553985404
374,LiBOB_wrong_salt_control,0.3010625325308113,0.1124905304298871,0.3349358921985157
374,LiBF4_fluorinated_control,0.37527021524766857,0.12793612889901307,0.6988766330026805
375,state_only,0.2736830948740683,0.1641007006988191,0.2208421358069893
375,chemistry_permuted,0.24937148469722492,0.13046523190601356,0.15796363895597643
375,without_LiPF6,0.14737167953085806,0.03679309260001773,0.27184695342360155
375,LiPF6_only,0.24064081980997787,0.05094110442907551,-0.026353605564914284
375,LiBOB_wrong_salt_control,0.2674280747980109,0.10050496588695168,0.3571239492572137
375,LiBF4_fluorinated_control,0.3459856316718619,0.13381190880587657,0.6552383645605226
376,state_only,0.2517979559084288,0.14668266633139526,0.20269104657760117
376,chemistry_permuted,0.2384502484631198,0.1207172827080153,0.14308549673343174
376,without_LiPF6,0.1755542829148362,0.03890294551558093,0.3175613152225497
376,LiPF6_only,0.2715675003733904,0.05016665256883801,-0.03770711166056495
376,LiBOB_wrong_salt_control,0.33047841762818964,0.12413657588460114,0.4217589812974123
376,LiBF4_fluorinated_control,0.38865991687500057,0.12252511645831721,0.7027965849046658
377,state_only,0.25298848451192013,0.1409932151229628,0.2083607642760077
377,chemistry_permuted,0.23436690695743556,0.114588542859276,0.1571325560356268
377,without_LiPF6,0.15233190377774608,0.028614223229824542,0.24703878939225155
377,LiPF6_only,0.26224616066312534,0.05169769979639016,-0.008210733804302262
377,LiBOB_wrong_salt_control,0.3352850364862794,0.13845172271103556,0.502902151063473
377,LiBF4_fluorinated_control,0.38815369542799905,0.12136605385082866,0.7258205658143172
378,state_only,0.30024193343405814,0.1589662290783178,0.2074946112858228
378,chemistry_permuted,0.28775843902392195,0.13109754314524846,0.15859165965265332
378,without_LiPF6,0.13477055307624264,0.02931244500256036,0.2742708727566041
378,LiPF6_only,0.29759608507917346,0.051157945060551824,-0.030248025472948026
378,LiBOB_wrong_salt_control,0.27057365537158273,0.11482660012525381,0.382519387953563
378,LiBF4_fluorinated_control,0.4034411011744755,0.12747406677091266,0.750465492143308
379,state_only,0.29862081410310415,0.1625541654531123,0.2326424318065924
379,chemistry_permuted,0.2775548357369946,0.12792963231160848,0.15831147146620894
379,without_LiPF6,0.14644494197725766,0.029217903950655155,0.2578507298600967
379,LiPF6_only,0.2921653037993749,0.053703307069492334,-0.008275564774588129
379,LiBOB_wrong_salt_control,0.33798534092632426,0.15889673966367512,0.5793514009774697
379,LiBF4_fluorinated_control,0.3850124871511903,0.12095690831835781,0.7159925966009445
380,state_only,0.25248460063666134,0.15485259115550032,0.21575213201795662
380,chemistry_permuted,0.24089943143991988,0.12801910302651753,0.1678191273820312
380,without_LiPF6,0.1574562885522185,0.043464937794251424,0.26486036879070596
380,LiPF6_only,0.2796039751856245,0.053126245149298645,-0.020784775229267916
380,LiBOB_wrong_salt_control,0.3171722417602041,0.12193849502140552,0.40333673913237666
380,LiBF4_fluorinated_control,0.39832791511275845,0.1408942339632394,0.7813239010077706
381,state_only,0.2983912021140904,0.14936744828188142,0.2513440540437719
381,chemistry_permuted,0.2721306573858905,0.11636504052689844,0.17763649565410855
381,without_LiPF6,0.18973226943873966,0.03893011107446109,0.23208501185840025
381,LiPF6_only,0.21206043079657522,0.045831215498699174,0.030887984781631128
381,LiBOB_wrong_salt_control,0.3600333087261641,0.13692328162301848,0.5184903304946683
381,LiBF4_fluorinated_control,0.3489232015315874,0.11407635589552556,0.6947913253688452
382,state_only,0.2514008797331799,0.154215335242755,0.25112522044955543
382,chemistry_permuted,0.22884518041387014,0.11991377376514156,0.17745965119509588
382,without_LiPF6,0.17935458868097964,0.04113878779188462,0.290665145923767
382,LiPF6_only,0.21902988699268755,0.03138539510436,-0.04029335832458347
382,LiBOB_wrong_salt_control,0.3229839491320693,0.1252639423866203,0.4285604367139175
382,LiBF4_fluorinated_control,0.36957008243852996,0.10347125032879045,0.7098488909720438
383,state_only,0.2884116779869115,0.1635310953648058,0.21790040000814193
383,chemistry_permuted,0.27203787953613745,0.1367739921045399,0.1653513584391324
383,without_LiPF6,0.1912229923419797,0.04151759280036427,0.257397996624104
383,LiPF6_only,0.2538058960062143,0.04904173081629515,-0.04022577766512381
383,LiBOB_wrong_salt_control,0.3136183632721238,0.11753336507172751,0.32928820344556053
383,LiBF4_fluorinated_control,0.3866410459996401,0.11634066100764384,0.6772547466803396
384,state_only,0.2797016324017969,0.19278870017415972,0.25964125201370136
384,chemistry_permuted,0.26232840119269274,0.15713762812829746,0.19773963652578097
384,without_LiPF6,0.1293773028433014,0.04391317260905081,0.26985393744592123
384,LiPF6_only,0.3019543286873403,0.039818412422770844,-0.08222285045856481
384,LiBOB_wrong_salt_control,0.25203269167457165,0.11550209852727433,0.3322566171408077
384,LiBF4_fluorinated_control,0.40192447637587647,0.12310028758233527,0.6731778700420276
385,state_only,0.3232604486346651,0.1592508425357605,0.23389834159033707
385,chemistry_permuted,0.30162679006224147,0.12844943585570046,0.1821930066861548
385,without_LiPF6,0.18056275162667568,0.029712129606177418,0.2630001432068906
385,LiPF6_only,0.2952377056565163,0.04456875873467625,-0.03794239643622044
385,LiBOB_wrong_salt_control,0.3208916103946211,0.12189834216459228,0.33733189835728516
385,LiBF4_fluorinated_control,0.419070650509917,0.1182955828978256,0.7248985031331552
386,state_only,0.27141661084640645,0.1406136611740374,0.17869972254730815
386,chemistry_permuted,0.26091668263076195,0.11444182234303546,0.14067560832847892
386,without_LiPF6,0.15990323165372355,0.05894787601702345,0.28150200953556936
386,LiPF6_only,0.3173796732435029,0.022358673587453026,-0.09380537911759457
386,LiBOB_wrong_salt_control,0.2619581181109554,0.09252300973551986,0.29713163438185564
386,LiBF4_fluorinated_control,0.4261403920883945,0.1125430327569199,0.7267444595536743
387,state_only,0.3150742978538841,0.18034843361223285,0.2231638812890292
387,chemistry_permuted,0.29801310548430826,0.14853663741945955,0.18024987996202702
387,without_LiPF6,0.13748359850465508,0.03060160989318239,0.24625388267028392
387,LiPF6_only,0.3187186168238706,0.059736284787301086,-0.013871001896959445
387,LiBOB_wrong_salt_control,0.2949589716393757,0.15155392137777268,0.36232725635984186
387,LiBF4_fluorinated_control,0.44115819292838476,0.14551054440900935,0.7972518768804935
388,state_only,0.23765667162765147,0.15659187432351807,0.24289215624909954
388,chemistry_permuted,0.2163375605677328,0.12541734980551134,0.17513538054787015
388,without_LiPF6,0.12726050705039038,0.031187371367226713,0.2178254079493579
388,LiPF6_only,0.2612395358302251,0.05106553299626582,0.00605911727168662
388,LiBOB_wrong_salt_control,0.2832254205961736,0.0942220443735009,0.3727075217638085
388,LiBF4_fluorinated_control,0.3519602753581472,0.1273046969048649,0.680440246393516
389,state_only,0.3014612859851845,0.16588191261016183,0.20336598914081183
389,chemistry_permuted,0.28373862470339095,0.1310155978552917,0.14543319076268035
389,without_LiPF6,0.16999910629435844,0.037813724337764865,0.26330664437586304
389,LiPF6_only,0.31603954327573824,0.043633720175834334,-0.05765472177391251
389,LiBOB_wrong_salt_control,0.3315984467100843,0.1233889143455903,0.3281256615385203
389,LiBF4_fluorinated_control,0.4304772058203692,0.1353784044992763,0.7227866183526117
390,state_only,0.250421565058357,0.1696559858574136,0.2323525970075122
390,chemistry_permuted,0.24355254638552903,0.14424457841101845,0.18728097587068948
390,without_LiPF6,0.1695552825627824,0.05390544042543499,0.253723538320059
390,LiPF6_only,0.264915143994233,0.06178371806268512,-0.020981956805379953
390,LiBOB_wrong_salt_control,0.3178198676569717,0.13572649366067546,0.4154540636502797
390,LiBF4_fluorinated_control,0.3845359628394148,0.14099092682339376,0.7209857082610502
391,state_only,0.29320055410834267,0.17909287842101007,0.24621000040017094
391,chemistry_permuted,0.2762063514829868,0.14834307039440586,0.19012311322721653
391,without_LiPF6,0.16135452891282975,0.03891344881994574,0.2626006664085938
391,LiPF6_only,0.2694220835624459,0.042976562641522054,-0.05061155253678673
391,LiBOB_wrong_salt_control,0.3074286504471424,0.11623634133326122,0.2811108839734675
391,LiBF4_fluorinated_control,0.3809961345738101,0.11508040957771926,0.7012616621940029
392,state_only,0.25528834985797166,0.15306088454382194,0.19090205642952662
392,chemistry_permuted,0.23907018143243508,0.12581779043117425,0.1467471683285635
392,without_LiPF6,0.1265828654347384,0.0257866449441998,0.2695098439088629
392,LiPF6_only,0.31101519776883935,0.044710589717710136,-0.05321995893634024
392,LiBOB_wrong_salt_control,0.2995677732829136,0.12635106927733963,0.3424737399452893
392,LiBF4_fluorinated_control,0.4105206479186859,0.13297863723348224,0.7205398558400904
393,state_only,0.2458611154166942,0.14016414974178404,0.19269079876732964
393,chemistry_permuted,0.23658872388379926,0.1200340964503338,0.17463536452356132
393,without_LiPF6,0.15892535490847493,0.04262285895065532,0.24895568313803174
393,LiPF6_only,0.27751545467470995,0.03325171323742304,-0.05063415564269247
393,LiBOB_wrong_salt_control,0.2672398691653529,0.10033577774433833,0.19959564201355606
393,LiBF4_fluorinated_control,0.4209446227156336,0.10683450795407268,0.7904889534097995
394,state_only,0.30202450588860597,0.1681088951530113,0.23654566642935504
394,chemistry_permuted,0.2871428589518972,0.14055098538295974,0.18642892939152278
394,without_LiPF6,0.13776877432809465,0.02545042288240429,0.23841288842100838
394,LiPF6_only,0.2856106217281601,0.054128395604185364,-0.012946753830907265
394,LiBOB_wrong_salt_control,0.27091772441863315,0.12487713237174147,0.37639520558318085
394,LiBF4_fluorinated_control,0.3949201214788045,0.1326834585507639,0.6972524874606103
395,state_only,0.25541221641538703,0.13739052132580332,0.21669115809358697
395,chemistry_permuted,0.2361173687165461,0.11431372416044538,0.18076147059598846
395,without_LiPF6,0.18168297775281794,0.037736745903987456,0.23500229810051387
395,LiPF6_only,0.2292050661886007,0.04380883692778048,-0.006018733165970791
395,LiBOB_wrong_salt_control,0.3376504451694152,0.1227321711017727,0.31252921663646227
395,LiBF4_fluorinated_control,0.3885978810455566,0.11146166176616701,0.7638466646858837
396,state_only,0.2785439122174619,0.16718156779727988,0.2069384209889148
396,chemistry_permuted,0.27026984321033065,0.14594355806747406,0.1702850391417663
396,without_LiPF6,0.17369110320542902,0.0416414996021518,0.27648559465058886
396,LiPF6_only,0.32686539020754213,0.07132765630480287,-0.0313738613869593
396,LiBOB_wrong_salt_control,0.3288092919842257,0.13352478235824283,0.39121988227216586
396,LiBF4_fluorinated_control,0.4319589627955741,0.13696106254776652,0.7816403275737376
397,state_only,0.25182091942680807,0.15125327124013788,0.21569918722256542
397,chemistry_permuted,0.22927556520114822,0.11483698007678289,0.12904791552999673
397,without_LiPF6,0.1539880702944071,0.06116525912881865,0.27600520926075023
397,LiPF6_only,0.24312162143122873,0.025766450443579947,-0.0693893184862937
397,LiBOB_wrong_salt_control,0.30288015848336247,0.10669904363500626,0.4778146467841621
397,LiBF4_fluorinated_control,0.35841726560544895,0.1030787195273809,0.6780358334860652
398,state_only,0.3004043992470068,0.1807791327717454,0.23708674778950511
398,chemistry_permuted,0.28507862809313045,0.15069790407247363,0.17687920373493948
398,without_LiPF6,0.1695010715616836,0.06045662667529328,0.2807283828707693
398,LiPF6_only,0.25775304708624325,0.05856866409681494,-0.01843026128607772
398,LiBOB_wrong_salt_control,0.29304820377250107,0.14163520993901058,0.47059280690926786
398,LiBF4_fluorinated_control,0.36253793438653803,0.14292761012838295,0.6623751802822923
399,state_only,0.28945029060194094,0.15207984169326394,0.2300129409462497
399,chemistry_permuted,0.26434766628495265,0.11388828375012194,0.16534616502464738
399,without_LiPF6,0.19387401979034802,0.05117724901308751,0.2600772747830915
399,LiPF6_only,0.25719522050383525,0.03694952326604761,-0.017526538853130935
399,LiBOB_wrong_salt_control,0.3155855921481505,0.11700955815032865,0.3177924944380208
399,LiBF4_fluorinated_control,0.41022935427282103,0.1097423249237166,0.7460402845743819
400,state_only,0.2983255705331245,0.1944482242333596,0.2750220183718439
400,chemistry_permuted,0.2800215995952767,0.16368433531858018,0.21519436442651074
400,without_LiPF6,0.12831270907379944,0.034314105743394996,0.24118170545821616
400,LiPF6_only,0.2925234948138635,0.059185425160035776,-0.006190701475100591
400,LiBOB_wrong_salt_control,0.29881387689061156,0.11867382449206187,0.4028284237852878
400,LiBF4_fluorinated_control,0.37941151963423136,0.14312964783991833,0.6763214800610684
401,state_only,0.299317585967688,0.17165830023409256,0.2487168039745068
401,chemistry_permuted,0.2810121111940582,0.1405408823540193,0.1840625742851255
401,without_LiPF6,0.1559487250703595,0.03617974376642463,0.24060355992852234
401,LiPF6_only,0.294450982178461,0.05866350897593997,-0.020389250252128233
401,LiBOB_wrong_salt_control,0.34460249554893474,0.14433839560422745,0.44833509112655545
401,LiBF4_fluorinated_control,0.4092073373664594,0.13780097070485264,0.7087894298435828
402,state_only,0.32061394290389933,0.1735245047712708,0.18716068302234024
402,chemistry_permuted,0.30431267234366355,0.14333793901994085,0.13735040808584964
402,without_LiPF6,0.15779257740291808,0.04151761325443348,0.2627999609119134
402,LiPF6_only,0.3516205573032267,0.05747282214819527,-0.05924119221370383
402,LiBOB_wrong_salt_control,0.273071742747403,0.12205506256822374,0.32390692014903366
402,LiBF4_fluorinated_control,0.4387521590282697,0.13862822725845336,0.6827089889061971
403,state_only,0.27823244616793974,0.1701752037151416,0.24081382009523467
403,chemistry_permuted,0.2681718455453669,0.1419772937183481,0.19038748137869244
403,without_LiPF6,0.15539847932798256,0.04211833484567551,0.24019340132549372
403,LiPF6_only,0.3006283631804899,0.04510666134343799,-0.03155610627989158
403,LiBOB_wrong_salt_control,0.3137662657794572,0.14331725631490755,0.410436513694173
403,LiBF4_fluorinated_control,0.4192602900704899,0.12776302695012642,0.7327453841290756
404,state_only,0.20356554271388305,0.14219312738894552,0.21933296643829525
404,chemistry_permuted,0.1884243544242007,0.11046497288997947,0.16030115048828086
404,without_LiPF6,0.15376812545920415,0.04882813363201666,0.25146718376574584
404,LiPF6_only,0.231890072472971,0.037512573228932644,-0.03523746949079609
404,LiBOB_wrong_salt_control,0.2869363748160507,0.09962506874146004,0.3262335358919968
404,LiBF4_fluorinated_control,0.35406066909598677,0.11010271169575736,0.7492029849716904
405,state_only,0.29928331752865156,0.1780703745476404,0.2525230744630227
405,chemistry_permuted,0.2790829153199764,0.14601918324980656,0.19390272828146993
405,without_LiPF6,0.1653321021414531,0.030698445814886455,0.25266969396635464
405,LiPF6_only,0.29735014709957386,0.049056812860237,-0.029959327273419545
405,LiBOB_wrong_salt_control,0.33739663922335883,0.1363556301512805,0.36750325962761876
405,LiBF4_fluorinated_control,0.40742547746455327,0.13090071868641218,0.6588624896863844
406,state_only,0.2509005606607484,0.13242773983005662,0.18969078023663477
406,chemistry_permuted,0.22979265875039268,0.09919466310708747,0.12792969610398663
406,without_LiPF6,0.17991016433308216,0.05226130535024265,0.2542096595636285
406,LiPF6_only,0.23418431890203562,0.035884385046672684,-0.024480937258392954
406,LiBOB_wrong_salt_control,0.3260181497024328,0.10953907999432622,0.4392516580579605
406,LiBF4_fluorinated_control,0.3668581181392734,0.11695460541482872,0.7342200065464752
407,state_only,0.24254637683912195,0.16296601741338435,0.25562251912800116
407,chemistry_permuted,0.22433485230431882,0.12938778552882546,0.1911657217973527
407,without_LiPF6,0.1407806441203333,0.043229001842315484,0.22651836669913716
407,LiPF6_only,0.2473487327851419,0.058758481400627116,0.0008448962816937078
407,LiBOB_wrong_salt_control,0.3201082510230969,0.1220408106460521,0.47073462114330367
407,LiBF4_fluorinated_control,0.34455069410748473,0.136274705854746,0.69293498867319
408,state_only,0.24490094086170622,0.1422458896043901,0.20989284979661937
408,chemistry_permuted,0.22939018720675486,0.11487931166352994,0.16590237441162192
408,without_LiPF6,0.18233018824681457,0.05094778134064959,0.27348588031911547
408,LiPF6_only,0.2763794048336973,0.039873925291692425,-0.024441779901702043
408,LiBOB_wrong_salt_control,0.31899344086367,0.13382602735181637,0.41535282007973906
408,LiBF4_fluorinated_control,0.40729708107683316,0.10949911852184413,0.7499092686255289
409,state_only,0.2950024186329835,0.18019927400880964,0.19170925822308926
409,chemistry_permuted,0.28416853343863835,0.15148342199902232,0.15821000062387147
409,without_LiPF6,0.16647423572729203,0.04717756463350253,0.2673348700684166
409,LiPF6_only,0.3291075230656929,0.055834347365490644,-0.07781851550131591
409,LiBOB_wrong_salt_control,0.24747345987351832,0.105455212150244,0.16243050743119058
409,LiBF4_fluorinated_control,0.4318499558341894,0.1407683773422972,0.7048875181041011
410,state_only,0.23769182584759607,0.14247731239104755,0.16895347650120662
410,chemistry_permuted,0.2243949980643546,0.11470965921388787,0.1275141117259493
410,without_LiPF6,0.13543785592485336,0.028611556697544227,0.2613680510504156
410,LiPF6_only,0.2645476252486958,0.04099664799963432,-0.05834384194419706
410,LiBOB_wrong_salt_control,0.2502073784363502,0.09858262875687751,0.25165949372270224
410,LiBF4_fluorinated_control,0.36576129389951073,0.12020802663306818,0.7043775598267346
411,state_only,0.21794416239879233,0.15162047274725354,0.2133570818566981
411,chemistry_permuted,0.2079032067454044,0.12241779422557342,0.17029321585635004
411,without_LiPF6,0.13001300252040926,0.03626734896235018,0.24263183694752688
411,LiPF6_only,0.23701392992592807,0.031031252956619904,-0.05744785890036086
411,LiBOB_wrong_salt_control,0.21781971372639797,0.07990056000592405,0.22544548321053304
411,LiBF4_fluorinated_control,0.34987826568610203,0.10930376366756289,0.6967262745018764
412,state_only,0.26858370767488615,0.1604530935752324,0.24248548723855057
412,chemistry_permuted,0.2514391716785185,0.12851637838650598,0.18736039351101252
412,without_LiPF6,0.1778282768378966,0.047772227236083875,0.261877003708043
412,LiPF6_only,0.3114574465236366,0.057163875666510267,-0.0031918145572373824
412,LiBOB_wrong_salt_control,0.2747733042606907,0.11914823415121467,0.31197341700748216
412,LiBF4_fluorinated_control,0.427757140663399,0.12389663865076206,0.7947982782722858
413,state_only,0.2757512603980041,0.16211005982803783,0.20234962877853357
413,chemistry_permuted,0.2592768289480045,0.13162594135058892,0.15768977305922283
413,without_LiPF6,0.1493780546810396,0.04512939804589566,0.23628860155498488
413,LiPF6_only,0.2588453633904809,0.05895302627472421,-0.011060789823382322
413,LiBOB_wrong_salt_control,0.27989442666245534,0.11125814753564622,0.3030221916574466
413,LiBF4_fluorinated_control,0.37901108639901704,0.14675137644593494,0.7173922255854871
414,state_only,0.26659310388720037,0.14801265828207577,0.2300338298581618
414,chemistry_permuted,0.25003533919004073,0.12104469721185218,0.16114543479617005
414,without_LiPF6,0.19162380813322066,0.03756589354375994,0.3120229910468758
414,LiPF6_only,0.30777399793120985,0.045704757281429975,-0.026156288914193637
414,LiBOB_wrong_salt_control,0.36669059894402145,0.14581350137121896,0.5572909219604933
414,LiBF4_fluorinated_control,0.41390925127723976,0.11766481420916386,0.7327744112980961
415,state_only,0.24960392368803697,0.1327843443042208,0.17705813806664839
415,chemistry_permuted,0.23789590804246075,0.11320105082684129,0.14223527749560605
415,without_LiPF6,0.18477398139820989,0.0303226415306892,0.26219982370418227
415,LiPF6_only,0.2966794471637987,0.03851559797234827,-0.04687232383017759
415,LiBOB_wrong_salt_control,0.35995267539618303,0.13373594285996981,0.3508367533262816
415,LiBF4_fluorinated_control,0.4262111756622333,0.11299551393696206,0.7124058655588039
416,state_only,0.25605184425455385,0.15376221187549088,0.20060869566012518
416,chemistry_permuted,0.24564740957076014,0.12579248788668318,0.1386174049834067
416,without_LiPF6,0.14298973386442815,0.03916545614151379,0.3098253557444526
416,LiPF6_only,0.2913129979276976,0.041255113589242276,-0.06975108799863516
416,LiBOB_wrong_salt_control,0.23236565470560144,0.08082563144077881,0.2506814116213989
416,LiBF4_fluorinated_control,0.39747648884524045,0.12390158427355169,0.7512549951380896
417,state_only,0.285893482878365,0.1743020182261551,0.22579873313432808
417,chemistry_permuted,0.27516202773598064,0.14869912127412432,0.18126295238176082
417,without_LiPF6,0.17482762648095473,0.0484710540538158,0.2675222633422296
417,LiPF6_only,0.3171223951102907,0.058882867238018055,-0.033428059365166574
417,LiBOB_wrong_salt_control,0.31479493874338904,0.14182152986329333,0.3467809788274704
417,LiBF4_fluorinated_control,0.42717595833878397,0.1369853030409388,0.7080209086482143
418,state_only,0.2593597730232029,0.1427127473705787,0.22334302520030158
418,chemistry_permuted,0.24597020820466198,0.11713974166082097,0.18018784244823027
418,without_LiPF6,0.1905107873784435,0.05109294966232514,0.2656389411179696
418,LiPF6_only,0.23870536675928522,0.04914646067063222,0.015610890503428454
418,LiBOB_wrong_salt_control,0.3297996153448529,0.1394080308832688,0.4047861949546854
418,LiBF4_fluorinated_control,0.37538548427006757,0.12186860973758673,0.7599827407771151
419,state_only,0.2717682718543786,0.1636030657848223,0.2167691847530182
419,chemistry_permuted,0.25957716403479836,0.13262255411251278,0.16223792520203884
419,without_LiPF6,0.19778885171756777,0.055835223553219016,0.30591769824022186
419,LiPF6_only,0.29801446856055935,0.05700707455767684,-0.028594481048895504
419,LiBOB_wrong_salt_control,0.2837182376115722,0.12381146509115015,0.3079915431715323
419,LiBF4_fluorinated_control,0.41864479235392094,0.13163819295396584,0.763576417628851
420,state_only,0.2655631107927465,0.14123229614980815,0.19436269898967617
420,chemistry_permuted,0.25299448394818735,0.11508010661281409,0.15869311315200985
420,without_LiPF6,0.14390367167554674,0.031701886654276645,0.26369414582594564
420,LiPF6_only,0.3181215481409182,0.04005653336719328,-0.036116652280870576
420,LiBOB_wrong_salt_control,0.2662896847389661,0.1029652642272132,0.2931712903466843
420,LiBF4_fluorinated_control,0.4210928024292656,0.10360001050733736,0.7224028593992537
421,state_only,0.2673091484382215,0.13115649491384918,0.155609362068298
421,chemistry_permuted,0.2563844741926141,0.10360358404147141,0.12411985381297641
421,without_LiPF6,0.15897838732867464,0.03226777777627621,0.27024218637965736
421,LiPF6_only,0.3234496670340774,0.03954677266820228,-0.054152086276425204
421,LiBOB_wrong_salt_control,0.25156285081206675,0.10644362645140992,0.17683242639004793
421,LiBF4_fluorinated_control,0.43060033340716086,0.11548511238900527,0.7367275435636921
422,state_only,0.20933300670056132,0.14468871722624732,0.20334789785225205
422,chemistry_permuted,0.2052864221166083,0.12217411845123904,0.16671270336544863
422,without_LiPF6,0.12586085286657123,0.05187016881303008,0.2696259454255081
422,LiPF6_only,0.2639422284607371,0.055514354537004484,-0.016979026905960648
422,LiBOB_wrong_salt_control,0.2563885826371377,0.11580144266347125,0.2803239372321824
422,LiBF4_fluorinated_control,0.36206065989689906,0.14163061705979596,0.7252826811844255
423,state_only,0.26206894908437683,0.18721480186130424,0.23232523911518244
423,chemistry_permuted,0.2389433248590862,0.14961491764914758,0.16727099883980545
423,without_LiPF6,0.15284827098371956,0.037967840710718126,0.2633218417833951
423,LiPF6_only,0.27168776227051883,0.04832398301978447,-0.08216009520729695
423,LiBOB_wrong_salt_control,0.2737469279711551,0.1210934235937895,0.25479539945787477
423,LiBF4_fluorinated_control,0.38809463369015174,0.10635005228833339,0.6843539305543486
424,state_only,0.2820255794466986,0.17109759615899123,0.21620000439094011
424,chemistry_permuted,0.27192894450988614,0.14765784202703458,0.18021697548867477
424,without_LiPF6,0.14220099100537642,0.03040539910739437,0.2661418904209707
424,LiPF6_only,0.2824457395110259,0.05646549407624113,-0.04426487492645492
424,LiBOB_wrong_salt_control,0.2717075150737026,0.11245754816528031,0.2573136675657576
424,LiBF4_fluorinated_control,0.3900889094329072,0.1346379304706522,0.7096690715125495
425,state_only,0.3109797231850905,0.16738687313886802,0.1910131608995661
425,chemistry_permuted,0.2996956022741034,0.1404427030869494,0.15481444445057646
425,without_LiPF6,0.16732311973362102,0.045284147862517665,0.2805368881295507
425,LiPF6_only,0.3645228275490515,0.045774471597676225,-0.06898355907423226
425,LiBOB_wrong_salt_control,0.2551603622779951,0.11526448696923786,0.3102369585519523
425,LiBF4_fluorinated_control,0.4663251035186452,0.13945495434854716,0.7745280224190465
426,state_only,0.2799827437703529,0.16677706625370992,0.22150437025723224
426,chemistry_permuted,0.26659469087454635,0.13836526696870455,0.16314924956832366
426,without_LiPF6,0.137546713440864,0.03349521200973038,0.2660347680355868
426,LiPF6_only,0.2681074745366767,0.05164185708361635,-0.015844516449599055
426,LiBOB_wrong_salt_control,0.296228868275461,0.11451498408874639,0.4226487048721923
426,LiBF4_fluorinated_control,0.36121903075106343,0.12715836655499246,0.655168893648685
427,state_only,0.29022691612064433,0.17499827666107426,0.23642500432795943
427,chemistry_permuted,0.2757636941527305,0.1461949012494157,0.20048863745597856
427,without_LiPF6,0.14388048502822026,0.029558603556198326,0.23761557284636015
427,LiPF6_only,0.28320886498478715,0.05556700853457508,-0.027255138489956643
427,LiBOB_wrong_salt_control,0.27185114122834897,0.10749213181236017,0.17769933619043854
427,LiBF4_fluorinated_control,0.4134274143058314,0.13487578943790268,0.7580477398386605
428,state_only,0.29181017742389426,0.15928981156953592,0.17421543507398907
428,chemistry_permuted,0.27265002703798846,0.12297250978713503,0.124651114289968
428,without_LiPF6,0.14486944447242078,0.03592997035757406,0.2607112933936594
428,LiPF6_only,0.3154483028801921,0.042484292876156626,-0.06800734128928954
428,LiBOB_wrong_salt_control,0.33084210797946423,0.1430316684646974,0.3422004196400925
428,LiBF4_fluorinated_control,0.4221896157444296,0.12672593516313535,0.7390493539416699
429,state_only,0.2650466234722104,0.15541181001711935,0.2492398199928917
429,chemistry_permuted,0.24283445623702926,0.11605883993462351,0.1599220917932942
429,without_LiPF6,0.12536584240272242,0.03627173900607972,0.2475567875146929
429,LiPF6_only,0.2543759850119083,0.03994609887422351,-0.009861111515266363
429,LiBOB_wrong_salt_control,0.2990605017143423,0.12899199547877616,0.59697019216892
429,LiBF4_fluorinated_control,0.3710115789072299,0.10815498353928299,0.7082256128182904
430,state_only,0.3003732321445468,0.1618114168049576,0.20547809554227559
430,chemistry_permuted,0.2884091431839505,0.13870336500129432,0.15996801042221775
430,without_LiPF6,0.16415272968185812,0.03239862289317719,0.28086180565255525
430,LiPF6_only,0.3159913554013214,0.05500016256472462,-0.028157926449032922
430,LiBOB_wrong_salt_control,0.24790969462931878,0.10591721823265832,0.32973693329221454
430,LiBF4_fluorinated_control,0.43285029289447596,0.1369643904829132,0.7720916596626178
431,state_only,0.23208183757931666,0.14035701947348156,0.1942301415890716
431,chemistry_permuted,0.2119866939101127,0.108877618324836,0.13458440218572743
431,without_LiPF6,0.18857950173189642,0.04541586045651347,0.2827279862119213
431,LiPF6_only,0.22794423222525295,0.04401885189590937,-0.040879622508391944
431,LiBOB_wrong_salt_control,0.3465160139454593,0.1409950068794088,0.46336407985338335
431,LiBF4_fluorinated_control,0.36439911904278555,0.1119602583464181,0.7374444259985543
432,state_only,0.27016684492297116,0.1537680398958361,0.16282123798837211
432,chemistry_permuted,0.26161387685109416,0.12566902981666594,0.11579357329735906
432,without_LiPF6,0.14972377217778854,0.0352884827532044,0.2632547159836178
432,LiPF6_only,0.3032403555991722,0.04959076302911436,-0.06910108429439688
432,LiBOB_wrong_salt_control,0.28019348902567864,0.08302815468940883,0.25896851989128256
432,LiBF4_fluorinated_control,0.40319552846172835,0.1463473468823101,0.703910299475867
433,state_only,0.26660889351889683,0.16375046920648662,0.24061606305369032
433,chemistry_permuted,0.24853612124908653,0.12752546454452085,0.17368853393526584
433,without_LiPF6,0.14825891761984644,0.039313176475075595,0.29180242456342875
433,LiPF6_only,0.287624653337026,0.02991363288455029,-0.0659501003504892
433,LiBOB_wrong_salt_control,0.2739392639245458,0.11803838502257924,0.40569661201309803
433,LiBF4_fluorinated_control,0.39392282980125715,0.11205335867068134,0.7157923415446941
434,state_only,0.28819093694230935,0.16519544278594178,0.18300757769047005
434,chemistry_permuted,0.2754734124244512,0.13524728803058628,0.1310315196825662
434,without_LiPF6,0.14683304089350246,0.038105533826477855,0.2605555822850969
434,LiPF6_only,0.28816177579976066,0.036690781114086746,-0.06455823751936096
434,LiBOB_wrong_salt_control,0.2900741825537405,0.09321254420630765,0.3845429661732279
434,LiBF4_fluorinated_control,0.39606039736411924,0.12827507334853705,0.6819454274819803
435,state_only,0.23051839092575854,0.14254724203183544,0.20470277018006877
435,chemistry_permuted,0.21557508187931917,0.11336260762869255,0.15445967186099496
435,without_LiPF6,0.16607380545297024,0.04989887053261344,0.25642957358787666
435,LiPF6_only,0.24641277911124426,0.03658104436766296,-0.044716822536236545
435,LiBOB_wrong_salt_control,0.29769193883307654,0.11730859287824047,0.3196266755290966
435,LiBF4_fluorinated_control,0.37562041795300316,0.11391319180044412,0.7167053689185099
436,state_only,0.21694594486229057,0.14974607843668208,0.20127722089943956
436,chemistry_permuted,0.2087452382471433,0.12185508226239994,0.17096534636553684
436,without_LiPF6,0.14745215733130945,0.04652837994643522,0.24098256759171555
436,LiPF6_only,0.27872399989176244,0.03946441365306619,-0.06441972009443775
436,LiBOB_wrong_salt_control,0.26971734076792087,0.11287705403982462,0.19925063135208954
436,LiBF4_fluorinated_control,0.38404929784541997,0.11424295133751661,0.7159577414291718
437,state_only,0.2904857056044483,0.16337967450243462,0.215880502439725
437,chemistry_permuted,0.27439807545426453,0.13256504571795702,0.16784856645817892
437,without_LiPF6,0.14236763082406478,0.029660083265539816,0.2260120822070032
437,LiPF6_only,0.28680352935754616,0.050462006995631414,-0.03199121070713251
437,LiBOB_wrong_salt_control,0.32791463256279263,0.12178005258061941,0.3227157679779129
437,LiBF4_fluorinated_control,0.38922667356173934,0.12766108335224868,0.7453095090443405
438,state_only,0.27065456024101664,0.14921654060350553,0.19229081013093663
438,chemistry_permuted,0.24877353940974944,0.11663030878606362,0.14419911811222874
438,without_LiPF6,0.18010243583018415,0.03773140310383072,0.2571969157049935
438,LiPF6_only,0.2555941737982611,0.04286857175769643,-0.04955247467517643
438,LiBOB_wrong_salt_control,0.29935993239654957,0.1151725521288477,0.3044669399326888
438,LiBF4_fluorinated_control,0.39794743242777464,0.11112238676381048,0.7292545478148631
439,state_only,0.25855535681851716,0.1434643726373147,0.1945951032577572
439,chemistry_permuted,0.23996962527375543,0.11416234227287625,0.1418316786655227
439,without_LiPF6,0.1874749032407711,0.04811675365802748,0.3044585885972336
439,LiPF6_only,0.22068493071683715,0.03883588293728768,-0.03807575794267204
439,LiBOB_wrong_salt_control,0.30976015588525974,0.13141879288459601,0.41303446974740443
439,LiBF4_fluorinated_control,0.3733778482309016,0.11504342312589,0.7340670863822538
440,state_only,0.2872036372164265,0.14550058896092677,0.18449263023931828
440,chemistry_permuted,0.2668516532412024,0.11510388306604535,0.12647069525271204
440,without_LiPF6,0.18541873209281656,0.044776091039409494,0.27004355502086885
440,LiPF6_only,0.2641788406186104,0.036805120805146974,-0.05548840931172583
440,LiBOB_wrong_salt_control,0.32542512379380606,0.11672999395626926,0.2991570647941769
440,LiBF4_fluorinated_control,0.4166294721165039,0.12569598910334434,0.7421736871475934
441,state_only,0.2990969994549235,0.1617302055757459,0.18566135168795073
441,chemistry_permuted,0.2887592234342016,0.139078668245727,0.15962418623447616
441,without_LiPF6,0.18477238280681352,0.03686418555667159,0.28655480367456176
441,LiPF6_only,0.2839991944429572,0.04674932989833269,-0.05891967789982411
441,LiBOB_wrong_salt_control,0.3103016125640621,0.12632795842897704,0.28657004770439565
441,LiBF4_fluorinated_control,0.4248292372302205,0.1367056385961528,0.7573041631118587
442,state_only,0.2381976112999551,0.15542758801742917,0.20610251929701673
442,chemistry_permuted,0.22291680169008965,0.1280412199755312,0.15473719689963916
442,without_LiPF6,0.16669399281264818,0.06257188083682852,0.2606276548384593
442,LiPF6_only,0.25163905454225055,0.04722590035806706,-0.035864229863040054
442,LiBOB_wrong_salt_control,0.31084575856619234,0.12794052950559698,0.3591076278047951
442,LiBF4_fluorinated_control,0.35649047250278654,0.11104052525410324,0.6688278095658471
443,state_only,0.2578345626091222,0.14845279324273664,0.2253950894053851
443,chemistry_permuted,0.23880871393907266,0.12102138250286398,0.174527004399613
443,without_LiPF6,0.15282893049096813,0.03383548411688342,0.2637159750719046
443,LiPF6_only,0.24577946782426208,0.048476499014649566,0.0021939304142111204
443,LiBOB_wrong_salt_control,0.33070799852414,0.16589512679767904,0.5073894898118056
443,LiBF4_fluorinated_control,0.3489052158876049,0.11509329307370897,0.6653767484331707
444,state_only,0.30508110131216837,0.1769608252590389,0.20592428672058372
444,chemistry_permuted,0.2980722519479917,0.15113195137676538,0.17758473351686999
444,without_LiPF6,0.1621081966577762,0.03457483678199014,0.2641094963592069
444,LiPF6_only,0.36592070954684786,0.05730652977107764,-0.07494719695804253
444,LiBOB_wrong_salt_control,0.2830246948576186,0.12908297456126927,0.2111584230219139
444,LiBF4_fluorinated_control,0.47169417642028455,0.13518255311484073,0.7660328345138857
445,state_only,0.26247303624805907,0.1435492868560797,0.19144052163915737
445,chemistry_permuted,0.2509706359759165,0.11794859570105087,0.15375100371473582
445,without_LiPF6,0.15731298243881797,0.036441138514357374,0.2549610848777888
445,LiPF6_only,0.2834128686457953,0.03634226012074526,-0.043876753141405045
445,LiBOB_wrong_salt_control,0.3526731759024677,0.1472054656066506,0.38757575380825604
445,LiBF4_fluorinated_control,0.39381299400276504,0.11682122621419722,0.6516809274275184
446,state_only,0.27635259586857597,0.1543928351674455,0.20325868617147003
446,chemistry_permuted,0.26615615316070773,0.13226142750138403,0.1664259895675314
446,without_LiPF6,0.2067289985493922,0.04884544912048494,0.28863971460324156
446,LiPF6_only,0.2834782582984613,0.057876308182608915,-0.028679529142172755
446,LiBOB_wrong_salt_control,0.32258677347267783,0.13598350064120623,0.33278351453880883
446,LiBF4_fluorinated_control,0.41601561462273995,0.12893000245622743,0.7207391825443776
447,state_only,0.24419682415656263,0.14067343250331332,0.17500345366276104
447,chemistry_permuted,0.23386020078796277,0.11580061927141228,0.13704885989082938
447,without_LiPF6,0.15599141371375347,0.046504771817386215,0.2959022389686239
447,LiPF6_only,0.33074031330775666,0.033122169461496154,-0.08824701131499424
447,LiBOB_wrong_salt_control,0.20144023266034428,0.09675471709271333,0.20036052551591654
447,LiBF4_fluorinated_control,0.4447640357066731,0.10324489517030622,0.7908388462775631
448,state_only,0.2575537698528447,0.17488881431339154,0.2360762050922094
448,chemistry_permuted,0.24184425267861398,0.14074246211681007,0.1877816029564614
448,without_LiPF6,0.16311048284169094,0.04669455458372462,0.24092213162322795
448,LiPF6_only,0.2426608774366481,0.046772544741065736,-0.037832395898498516
448,LiBOB_wrong_salt_control,0.31695451506885797,0.13425988035932745,0.35772339059829716
448,LiBF4_fluorinated_control,0.3670896004452734,0.13197209383943365,0.6911944638945908
449,state_only,0.2933812428294319,0.15569474456003074,0.22086057575210027
449,chemistry_permuted,0.273140545615267,0.1229370132055847,0.15248670340096104
449,without_LiPF6,0.1767125038495393,0.041237708661441275,0.26719368068483895
449,LiPF6_only,0.2732504861232006,0.04706793837061407,-0.0253501646339932
449,LiBOB_wrong_salt_control,0.3528220562454427,0.13167705150683506,0.4277991772078209
449,LiBF4_fluorinated_control,0.3943108718574847,0.11912812589236543,0.7377715732388549
450,state_only,0.24792140959421372,0.15757339168815365,0.17711202503165968
450,chemistry_permuted,0.23845948110354132,0.1270222085727879,0.1347409873378338
450,without_LiPF6,0.1493289630462422,0.048001872851850313,0.28146221611926514
450,LiPF6_only,0.2960529976141437,0.05002381981004922,-0.06603112793494736
450,LiBOB_wrong_salt_control,0.2525377753516498,0.11806013065822485,0.25715844341290783
450,LiBF4_fluorinated_control,0.3944171885341021,0.13294001581029924,0.7322283057283513
451,state_only,0.29283508164759864,0.14113966207968565,0.17179763434186035
451,chemistry_permuted,0.28054923725995307,0.11923970535820727,0.14353646919434004
451,without_LiPF6,0.18887837406090224,0.045523224415968455,0.32068618241054214
451,LiPF6_only,0.29557522656320023,0.04627048248938237,-0.021001352584021582
451,LiBOB_wrong_salt_control,0.2913626278989859,0.11713355462229502,0.2915416957900855
451,LiBF4_fluorinated_control,0.42202668647846986,0.12136602294612076,0.7485645415453684
452,state_only,0.2600292693035714,0.15469150901287465,0.23472940354696925
452,chemistry_permuted,0.24542952856016964,0.12813406639943103,0.18533582652887315
452,without_LiPF6,0.18880934690216755,0.04886982266892037,0.27053102482628033
452,LiPF6_only,0.252852095693441,0.050771940679435135,-0.025482332718119727
452,LiBOB_wrong_salt_control,0.336542310974845,0.15287988186700585,0.4078715308648838
452,LiBF4_fluorinated_control,0.3888895934228903,0.1245582391461928,0.7172757525525733
453,state_only,0.297312668426685,0.1415547246720572,0.23018241354791302
453,chemistry_permuted,0.2693198671223809,0.10778414286898053,0.14011450738849696
453,without_LiPF6,0.2002415946624595,0.04794305362280493,0.28035605679502007
453,LiPF6_only,0.26250158316902694,0.03753184218191108,-0.023362694861734146
453,LiBOB_wrong_salt_control,0.362134766851949,0.12408967233412571,0.6530907173167547
453,LiBF4_fluorinated_control,0.3975950533706841,0.10760577194439436,0.6590785077681037
454,state_only,0.2869505052041227,0.1660515485057692,0.23373442870949368
454,chemistry_permuted,0.26991372349722,0.13370364761761677,0.17929646985511727
454,without_LiPF6,0.17695077558995564,0.03913688689240946,0.24793152862138368
454,LiPF6_only,0.260468011286222,0.04025865259934902,-0.0309369605410591
454,LiBOB_wrong_salt_control,0.33348722548691756,0.12716447036994405,0.3794514187373411
454,LiBF4_fluorinated_control,0.4003017488142302,0.12692735283019796,0.7220860937631944
455,state_only,0.27992841092042064,0.1534014464324962,0.22390905797273508
455,chemistry_permuted,0.25705097210049976,0.12156391308381842,0.16648950225152437
455,without_LiPF6,0.1729752586522627,0.031679776681064364,0.24010271411186557
455,LiPF6_only,0.2576904800588624,0.04427362432361581,-0.019229428150105976
455,LiBOB_wrong_salt_control,0.3408111716773121,0.11735688957059431,0.3488469356243036
455,LiBF4_fluorinated_control,0.3736614264746142,0.11855436295664035,0.6501063110689208
456,state_only,0.2987741093927959,0.1702396015833979,0.23215816436261572
456,chemistry_permuted,0.28458495642488757,0.1373779730681115,0.16143551853129268
456,without_LiPF6,0.1425648509692734,0.05181799911539475,0.2375949338684339
456,LiPF6_only,0.31060668336886277,0.062254627108276894,-0.01808730561749239
456,LiBOB_wrong_salt_control,0.3005443350527902,0.12863096132043073,0.4735471985956924
456,LiBF4_fluorinated_control,0.3980577306433315,0.15351596473781992,0.6758640087790031
457,state_only,0.271003627228246,0.15786842397958623,0.21053276339057214
457,chemistry_permuted,0.261893966848211,0.13335899321812728,0.17214104882475556
457,without_LiPF6,0.13753424681353932,0.03694518973360217,0.23796317921164112
457,LiPF6_only,0.3054712309993153,0.048231133212070065,-0.049537073512174956
457,LiBOB_wrong_salt_control,0.2592105430636552,0.108682868608304,0.19572621167400261
457,LiBF4_fluorinated_control,0.41918922966613614,0.1266850630933234,0.7314495093731659
458,state_only,0.26723977716926006,0.15206415947130514,0.19079195245247982
458,chemistry_permuted,0.25974172847930155,0.12581387745486372,0.16641530356675627
458,without_LiPF6,0.1652712086537853,0.04504298811023222,0.2698263844275697
458,LiPF6_only,0.3155582300336043,0.03555979389475583,-0.08329497005831621
458,LiBOB_wrong_salt_control,0.2632167330049344,0.11455715823810397,0.20329101719445908
458,LiBF4_fluorinated_control,0.44482036594684504,0.11671788001556238,0.7640134657028628
459,state_only,0.28811301079787754,0.19078744969240202,0.2863905488914942
459,chemistry_permuted,0.26059249156082587,0.14622011708735538,0.19213313292448775
459,without_LiPF6,0.15560782659745998,0.034532859293085694,0.26025822287053124
459,LiPF6_only,0.24961031399792133,0.05550797550495301,-0.011837962604100083
459,LiBOB_wrong_salt_control,0.31996812245036266,0.12072483901646824,0.44966651961362425
459,LiBF4_fluorinated_control,0.34538049728863673,0.13927951723267828,0.666374682574185
460,state_only,0.26809292890226244,0.187105753788682,0.22994933745489543
460,chemistry_permuted,0.24857016495715223,0.14361239466735132,0.16104896706642935
460,without_LiPF6,0.13712003578990362,0.03528741230767418,0.26603363492978793
460,LiPF6_only,0.2949328461258066,0.04677805534095192,-0.05566722067990182
460,LiBOB_wrong_salt_control,0.27928104419950883,0.12422832358920488,0.3042774040003079
460,LiBF4_fluorinated_control,0.38926582396339915,0.13528441156866733,0.7126178668310599
461,state_only,0.2535666094111394,0.1652671303209391,0.23952899771874503
461,chemistry_permuted,0.23671249702926866,0.13312699134686024,0.18465419098904057
461,without_LiPF6,0.12827146437888104,0.025308547407426385,0.2346198628705406
461,LiPF6_only,0.2977654849617254,0.05670085026013949,-0.01307587803765431
461,LiBOB_wrong_salt_control,0.2846690694687636,0.10504891193593757,0.24425474385450496
461,LiBF4_fluorinated_control,0.3954430692064008,0.13250442577411148,0.7286358020189188
462,state_only,0.2790293019642818,0.1406429407005696,0.18578106902735847
462,chemistry_permuted,0.2770602163952187,0.12468290680701388,0.15602214126526992
462,without_LiPF6,0.14680069343316282,0.04064194763668849,0.2753246117506619
462,LiPF6_only,0.3432001372408584,0.050932272402999135,-0.03032287455326621
462,LiBOB_wrong_salt_control,0.30533788496156167,0.11129716786367705,0.42309377417626437
462,LiBF4_fluorinated_control,0.43649660450253325,0.13683749921226407,0.7392024071863599
463,state_only,0.2149557394361613,0.15038774495955942,0.19140575563619
463,chemistry_permuted,0.20851992415320564,0.12718635343083384,0.15871259856634623
463,without_LiPF6,0.12881428765115233,0.04103231187664913,0.2679598824943278
463,LiPF6_only,0.29449731459547523,0.0531495554347261,-0.044492757946325456
463,LiBOB_wrong_salt_control,0.2272488209147301,0.11105577906231079,0.3118808093657447
463,LiBF4_fluorinated_control,0.3909023866395196,0.11862920641939834,0.7340050904728005
464,state_only,0.32110075153748563,0.19378268437951962,0.26739215036366915
464,chemistry_permuted,0.3043703661282543,0.16094649844310904,0.19625417336781115
464,without_LiPF6,0.15322497971450644,0.04870607083421197,0.2486299758121857
464,LiPF6_only,0.32486648429760756,0.07536431429766044,0.009885996742263314
464,LiBOB_wrong_salt_control,0.3034044753384866,0.13250390452038174,0.4246647006430756
464,LiBF4_fluorinated_control,0.4147362212719897,0.16908590709475368,0.7183932497709109
465,state_only,0.2861367629940592,0.1688997018123356,0.20645188912044377
465,chemistry_permuted,0.27185191203864767,0.1431998600832387,0.1678154373742613
465,without_LiPF6,0.14566155368854072,0.03303159331054395,0.26958735631102637
465,LiPF6_only,0.29654427397763816,0.0558112692792293,-0.041105742685088154
465,LiBOB_wrong_salt_control,0.28690724315794647,0.09650541895094988,0.25375210352168565
465,LiBF4_fluorinated_control,0.3903266566368313,0.13250264975290815,0.673533075267734
466,state_only,0.30879979543774183,0.17730203951824686,0.25900937789542944
466,chemistry_permuted,0.28896634545329547,0.14414638451199524,0.18991513035352925
466,without_LiPF6,0.16533735125859017,0.03484246885376174,0.2893012160756808
466,LiPF6_only,0.2968260361413324,0.05105747147607165,-0.03421871630829132
466,LiBOB_wrong_salt_control,0.29870947637529754,0.12827459615295678,0.4082681112268095
466,LiBF4_fluorinated_control,0.4118119554074654,0.12485356509282652,0.7075578109887197
467,state_only,0.2577091848651685,0.1553726351833652,0.22617924087859365
467,chemistry_permuted,0.2406417012379205,0.12400949998994615,0.17466015566082405
467,without_LiPF6,0.1936631237211799,0.07229492219111,0.2743460399313049
467,LiPF6_only,0.23873089300921557,0.05010582191481794,0.001337737939140271
467,LiBOB_wrong_salt_control,0.31739461794734125,0.15095824470231656,0.4052309101125756
467,LiBF4_fluorinated_control,0.39439958616907655,0.13114531097200555,0.7781867986644483
468,state_only,0.3296012193267098,0.17318858112361424,0.2153790823439088
468,chemistry_permuted,0.31410279874355074,0.1465923606545665,0.18455578148731422
468,without_LiPF6,0.18411291118426465,0.028697410539358592,0.2553803374504888
468,LiPF6_only,0.31753901888896907,0.06004581517055818,-0.02963511445410494
468,LiBOB_wrong_salt_control,0.28818648763006594,0.11831073753101551,0.20705411749016456
468,LiBF4_fluorinated_control,0.4550982021778982,0.14138852855462214,0.7556767523854615
469,state_only,0.2928600441924136,0.1577170095173973,0.23847339469969098
469,chemistry_permuted,0.27002029549494555,0.12597464126051305,0.17707871022700994
469,without_LiPF6,0.17398039904881724,0.025912282520218377,0.2555079989623483
469,LiPF6_only,0.25391239773412766,0.04488759332156944,-0.006535419126205477
469,LiBOB_wrong_salt_control,0.36582848640508725,0.13378140319811138,0.43011153975439587
469,LiBF4_fluorinated_control,0.3939849880849947,0.12815243564374923,0.7354061719243166
470,state_only,0.2528903188068369,0.18981434180068923,0.27792842417478514
470,chemistry_permuted,0.24106834022799395,0.16125516417707453,0.21788030525297541
470,without_LiPF6,0.1208005679857046,0.03727734609385158,0.25236892201251415
470,LiPF6_only,0.2723288982404868,0.059927917411697784,-0.024045419324803086
470,LiBOB_wrong_salt_control,0.28524986469912916,0.13995772638501247,0.4389691392575076
470,LiBF4_fluorinated_control,0.3741642849451817,0.1403189305143605,0.730409686399955
471,state_only,0.2660775419813257,0.17389003023637584,0.24936390211477621
471,chemistry_permuted,0.24973120178957042,0.14030534130568095,0.18138230137524103
471,without_LiPF6,0.16071734690411987,0.03485653339544981,0.250068946227451
471,LiPF6_only,0.2822641811957143,0.0615375305124628,-0.02101127249789947
471,LiBOB_wrong_salt_control,0.30631156665430626,0.10847928227694892,0.3133694858345649
471,LiBF4_fluorinated_control,0.393667809107494,0.13682903510596744,0.7492049079707339
472,state_only,0.28441208045007793,0.14000254949153457,0.24327039429201303
472,chemistry_permuted,0.2580228680066964,0.10787699076108315,0.15463693260170852
472,without_LiPF6,0.16713635919277814,0.03704604310331594,0.2592986383358171
472,LiPF6_only,0.28068765029131415,0.03730331455556968,0.007622298216016787
472,LiBOB_wrong_salt_control,0.3235145355004905,0.126977105791941,0.5895207539383738
472,LiBF4_fluorinated_control,0.38943147206272377,0.09687269534658782,0.6815837994788125
473,state_only,0.2515063048027477,0.1300029927140165,0.15307195170541432
473,chemistry_permuted,0.2427926285571168,0.10652181148928508,0.11529336798988932
473,without_LiPF6,0.15466822898899213,0.03909744302879392,0.3040421054273731
473,LiPF6_only,0.3035448765462563,0.03159039200009561,-0.08942478884336102
473,LiBOB_wrong_salt_control,0.22963292547424596,0.09616767833593365,0.26203800798446997
473,LiBF4_fluorinated_control,0.39606939077858894,0.11072957888919366,0.6281046449528851
474,state_only,0.28896747009152535,0.1654751355833708,0.18432914715429938
474,chemistry_permuted,0.275384774656813,0.14064384850687983,0.14308172307467804
474,without_LiPF6,0.16678492824935032,0.05472193336677744,0.28607031662428417
474,LiPF6_only,0.29258762939057914,0.042902184977750224,-0.0808734710709168
474,LiBOB_wrong_salt_control,0.27889487729620654,0.1176021066018409,0.2900806645078644
474,LiBF4_fluorinated_control,0.39032462187616146,0.12419747918875024,0.6828702782289076
475,state_only,0.2677503664562568,0.15045376691889922,0.21115628219295313
475,chemistry_permuted,0.2569928641321928,0.1280979075348212,0.17111027976570314
475,without_LiPF6,0.1729948164339521,0.04571031551948046,0.25984958331137276
475,LiPF6_only,0.26811448011362626,0.049262018963028065,-0.011108584570759694
475,LiBOB_wrong_salt_control,0.33775217186653195,0.1470885296046781,0.43333916817783924
475,LiBF4_fluorinated_control,0.3948294286971964,0.11962229796468693,0.701369569184267
476,state_only,0.25144141860235647,0.13880158502467665,0.17761359385410713
476,chemistry_permuted,0.23676299034651083,0.11201801159879499,0.14562285734452307
476,without_LiPF6,0.1562532003911814,0.035221214648955,0.23664204069973993
476,LiPF6_only,0.24909236868634388,0.03545823968797457,-0.04626755571394903
476,LiBOB_wrong_salt_control,0.28364553368339473,0.09953340553677659,0.29341709338048894
476,LiBF4_fluorinated_control,0.39598417123708396,0.11595146548127078,0.7147225296687254
477,state_only,0.2633449931901013,0.13775263464698084,0.19878400919443817
477,chemistry_permuted,0.24482797497166742,0.11279992648544468,0.14898562519525016
477,without_LiPF6,0.1707012536802177,0.035044203425603104,0.26515341525859193
477,LiPF6_only,0.25864559670182485,0.03477326895331456,-0.039279154240338565
477,LiBOB_wrong_salt_control,0.33645544563092433,0.12946380773818933,0.3911313153230208
477,LiBF4_fluorinated_control,0.3769294995456528,0.10592591790031558,0.7064690068934765
478,state_only,0.2858266263851088,0.15829777898697572,0.15114909693836687
478,chemistry_permuted,0.27637215261635284,0.1316626601227442,0.12132595111874167
478,without_LiPF6,0.18490308571991942,0.0514217374193785,0.2792569205645862
478,LiPF6_only,0.31903849985070043,0.05251942465740511,-0.0901906293438064
478,LiBOB_wrong_salt_control,0.3016007387576719,0.09242500233967399,0.24270601830470717
478,LiBF4_fluorinated_control,0.4188999863552805,0.13999076441459024,0.697742675755824
479,state_only,0.2843168805896562,0.15391561439415957,0.22029559416158773
479,chemistry_permuted,0.252913350562217,0.12219445122883299,0.14475758452331866
479,without_LiPF6,0.12931228153233976,0.03755368747017884,0.25967379780464805
479,LiPF6_only,0.26211353290060524,0.04341367346485814,-0.013219403975586741
479,LiBOB_wrong_salt_control,0.34487552725220083,0.13312356906752365,0.5476201702721055
479,LiBF4_fluorinated_control,0.3690526968827468,0.11868312322182029,0.6680565280236129
480,state_only,0.3025484782416217,0.15377093855433777,0.22404954968526114
480,chemistry_permuted,0.28540810125625526,0.12749045566929929,0.16914273811100244
480,without_LiPF6,0.17116078212514518,0.02785080306352139,0.24291469395870724
480,LiPF6_only,0.2981772423691904,0.045859854694827895,-0.032230429243702785
480,LiBOB_wrong_salt_control,0.3090202112462931,0.12018554540164361,0.36997378488180044
480,LiBF4_fluorinated_control,0.4241353101149642,0.11947764513712145,0.7207399207442178
481,state_only,0.2612303722219874,0.14969395070324854,0.20181660001322188
481,chemistry_permuted,0.2454491730457844,0.12202035903194197,0.15348822766255432
481,without_LiPF6,0.15375220394790967,0.028271893023461114,0.2464554182289609
481,LiPF6_only,0.2106045424791908,0.04632521026242731,-0.02516838807840449
481,LiBOB_wrong_salt_control,0.3123156934469996,0.12373113854114426,0.3546454417489807
481,LiBF4_fluorinated_control,0.34219951986193586,0.120293558622519,0.683410237978089
482,state_only,0.28137418500699907,0.17482632492085504,0.26325197612859186
482,chemistry_permuted,0.26112478696678665,0.13707694857986052,0.18280387266758735
482,without_LiPF6,0.105582362728451,0.045028401693553155,0.2615256821067977
482,LiPF6_only,0.31567449036533113,0.04815321743181045,-0.010167708913592977
482,LiBOB_wrong_salt_control,0.28843029581836166,0.1314352770872509,0.4998987666052368
482,LiBF4_fluorinated_control,0.3978377443496667,0.13506421718470574,0.7656785463439137
483,state_only,0.2624992974854966,0.15692602539632583,0.21175515173495796
483,chemistry_permuted,0.24774635771775988,0.1301784233496167,0.16218725091668162
483,without_LiPF6,0.13780223636917477,0.021473785132497425,0.25536012026268595
483,LiPF6_only,0.2855532269627644,0.05256575039137612,-0.030348565274035955
483,LiBOB_wrong_salt_control,0.24876963234391036,0.10076721858834459,0.3265357156804136
483,LiBF4_fluorinated_control,0.38946413877812813,0.11907609277414621,0.6750522844191769
484,state_only,0.3254171477858233,0.15499455754329794,0.19720347326601706
484,chemistry_permuted,0.3040057674983546,0.12594470058036067,0.13757702588778453
484,without_LiPF6,0.2039820754503474,0.04709310217025997,0.3000322564621466
484,LiPF6_only,0.27418001474132514,0.052312247845865745,-0.027770695893840736
484,LiBOB_wrong_salt_control,0.34825725796696483,0.11316905672203181,0.4225528872274803
484,LiBF4_fluorinated_control,0.40403185592485846,0.13725015892608894,0.713681662151671
485,state_only,0.23839057963976285,0.1551308625373684,0.20823221445340434
485,chemistry_permuted,0.22545165893687058,0.12714762317965123,0.15496841734247568
485,without_LiPF6,0.1390701773307117,0.04634122163829413,0.26599525129512114
485,LiPF6_only,0.2792704115643929,0.03867415112555794,-0.050665981024119455
485,LiBOB_wrong_salt_control,0.29925324502954587,0.12252086036472554,0.3609068204403788
485,LiBF4_fluorinated_control,0.3756560440375648,0.1343397494123525,0.7277964313503686
486,state_only,0.2961660128755169,0.1679620212545957,0.24250564005490272
486,chemistry_permuted,0.2844562810502934,0.1421496268948116,0.20279960409650333
486,without_LiPF6,0.1903941337435041,0.03568619755542202,0.22375521568031365
486,LiPF6_only,0.2495943082952905,0.0533522679407793,0.008368730233612731
486,LiBOB_wrong_salt_control,0.38478594536050903,0.16225005355861577,0.4947852552918255
486,LiBF4_fluorinated_control,0.40322752695818465,0.13940448650578896,0.747235743495615
487,state_only,0.32796837998545947,0.15572175271799804,0.2134371122004185
487,chemistry_permuted,0.31082088450667433,0.12639385148317317,0.1659872894647123
487,without_LiPF6,0.18921063799359394,0.045196509157198084,0.27800055020743986
487,LiPF6_only,0.30856092890290254,0.04371784631787068,-0.031793041572431235
487,LiBOB_wrong_salt_control,0.33227100713003155,0.12238008876045836,0.3659374330611168
487,LiBF4_fluorinated_control,0.44483250973828836,0.12324983062757311,0.7880312185751746
488,state_only,0.2772475830301344,0.18142663980104468,0.23433691471307427
488,chemistry_permuted,0.26234264301265575,0.15171918136146723,0.18882930790073071
488,without_LiPF6,0.15788972511922583,0.06590252270447428,0.2879732825710679
488,LiPF6_only,0.3051605951017803,0.05488559983402774,-0.02967339786428247
488,LiBOB_wrong_salt_control,0.2916228163678284,0.14131480958214482,0.4024263204075509
488,LiBF4_fluorinated_control,0.4103667302438412,0.15007658795918988,0.7607171879839583
489,state_only,0.3081974382346313,0.18570311732473677,0.21962073548200722
489,chemistry_permuted,0.28747473616646835,0.14836245096179135,0.15682980386971734
489,without_LiPF6,0.1368449942157729,0.03427852518126162,0.2686856304599895
489,LiPF6_only,0.2937678180120774,0.05564281201123311,-0.048637314310031377
489,LiBOB_wrong_salt_control,0.2742684061266537,0.10770851817258531,0.33882918043627197
489,LiBF4_fluorinated_control,0.388868440685475,0.14303954165523824,0.6992304931996881
490,state_only,0.30068729793122395,0.18756173967904866,0.25118192401499895
490,chemistry_permuted,0.29011430815855,0.158998966975598,0.20115019504867437
490,without_LiPF6,0.15785669031912208,0.047292350289684926,0.24726229212972217
490,LiPF6_only,0.3354882180547135,0.06698334916818294,-0.011450666519338792
490,LiBOB_wrong_salt_control,0.3282494160428666,0.15848901204516752,0.4303379615025268
490,LiBF4_fluorinated_control,0.4297498280508568,0.15754295017246667,0.7682333722793595
491,state_only,0.27454014767427914,0.14805705473521324,0.2030062567688209
491,chemistry_permuted,0.2514975414365892,0.11695762934598986,0.14971453402331092
491,without_LiPF6,0.13924474315516133,0.025146522627220724,0.2507035557091133
491,LiPF6_only,0.2793401009913805,0.042208095933756185,-0.054911935799014544
491,LiBOB_wrong_salt_control,0.343984800945659,0.13224371729134332,0.4049940033727669
491,LiBF4_fluorinated_control,0.370363608764789,0.10880833527162592,0.6482410945795266
492,state_only,0.24657503859226737,0.14796311617884572,0.22540708952517263
492,chemistry_permuted,0.2330271291889079,0.12459385915013921,0.17228438053085116
492,without_LiPF6,0.14087132320511442,0.03698111689861072,0.26746587938142996
492,LiPF6_only,0.25863927839828826,0.04915158472604397,-0.00023567578267835732
492,LiBOB_wrong_salt_control,0.2761814734765847,0.10167708530776698,0.4551084434098043
492,LiBF4_fluorinated_control,0.3770107147162306,0.11623964470767212,0.7456935619299737
493,state_only,0.28433732363647557,0.16393422781079492,0.2142484306387885
493,chemistry_permuted,0.27246321115276995,0.13828635719179505,0.18391120082310397
493,without_LiPF6,0.15320244850440234,0.031825717609557214,0.25102906833450334
493,LiPF6_only,0.3367948813230619,0.0530047505403316,-0.05090918153048585
493,LiBOB_wrong_salt_control,0.29974975370365164,0.12472799736613116,0.2813005581163698
493,LiBF4_fluorinated_control,0.432192638759346,0.13362260391186787,0.7008923752628571
494,state_only,0.30261808281443026,0.15962716805823907,0.22027883678732163
494,chemistry_permuted,0.2821800771897416,0.12231037598756056,0.14219854115820152
494,without_LiPF6,0.18086979851860208,0.05439905206648177,0.25316744653304324
494,LiPF6_only,0.32052920421989994,0.0464895211324422,-0.026586106966235756
494,LiBOB_wrong_salt_control,0.35085849859023766,0.1338710880037709,0.525524290552145
494,LiBF4_fluorinated_control,0.4239750212183695,0.13128997220856442,0.7144718723098809
495,state_only,0.22997216878919136,0.15938238405391214,0.2149619104845184
495,chemistry_permuted,0.21754194068066168,0.1287642283384779,0.16684699624739796
495,without_LiPF6,0.14592175218943948,0.04831502137097676,0.26142372001460534
495,LiPF6_only,0.2409418096286573,0.054183622892898686,-0.01572976450070762
495,LiBOB_wrong_salt_control,0.28901859398291896,0.14673591621593862,0.3918516898289478
495,LiBF4_fluorinated_control,0.3485122639149627,0.13463457819377977,0.7042822131137799
496,state_only,0.26947343271876023,0.15336339367069418,0.2406534823821458
496,chemistry_permuted,0.2512415616579141,0.12199731693623728,0.18228785766496458
496,without_LiPF6,0.18401856483786794,0.05815297692291277,0.27439640092587414
496,LiPF6_only,0.2843483800673381,0.044543150007058996,-0.017515252873874898
496,LiBOB_wrong_salt_control,0.3505891016325978,0.14449406487599914,0.5537797931086301
496,LiBF4_fluorinated_control,0.41831505616960807,0.12131647111876176,0.8042148402294969
497,state_only,0.24808353375443115,0.15448444845960585,0.218403067153088
497,chemistry_permuted,0.2346220413810841,0.12795201973025805,0.17341994094840296
497,without_LiPF6,0.14143968894033965,0.03320243996121908,0.2124969409809867
497,LiPF6_only,0.2594030107742258,0.04914705761144078,-0.02022511656760262
497,LiBOB_wrong_salt_control,0.3093960304072437,0.13441438634014824,0.40098055071507477
497,LiBF4_fluorinated_control,0.37628801694618585,0.11549601776375429,0.6923584876436405
498,state_only,0.2822100496319282,0.12935716521545482,0.18806520897016965
498,chemistry_permuted,0.26721583456410225,0.10396157286717134,0.13630722467173806
498,without_LiPF6,0.17217086948936955,0.051717139917175636,0.25778217875014886
498,LiPF6_only,0.28294413336290014,0.03938960110547407,-0.0014599721261692178
498,LiBOB_wrong_salt_control,0.35874801737046735,0.13710060245643774,0.5680932201379698
498,LiBF4_fluorinated_control,0.40893020701380933,0.12078837591828862,0.7571642198407702
499,state_only,0.25784953275526634,0.1572908115974081,0.22989687907022538
499,chemistry_permuted,0.24012042730666316,0.12299400710780761,0.17228153605987884
499,without_LiPF6,0.15657424996431313,0.03512056462841995,0.2636595475512278
499,LiPF6_only,0.22609759106625427,0.0471638182944536,-0.010050377823363044
499,LiBOB_wrong_salt_control,0.28898335280429643,0.1308781444914311,0.37687713631695097
499,LiBF4_fluorinated_control,0.33896123302399295,0.126493796858127,0.6939968797205595
500,state_only,0.25930145426532913,0.14977388810953218,0.22501224140621068
500,chemistry_permuted,0.24097991286598097,0.1176875563442984,0.1644997208087583
500,without_LiPF6,0.12697672355965195,0.03148527067746776,0.23455090975738058
500,LiPF6_only,0.27649997277401217,0.0325861098968413,-0.034685679346233456
500,LiBOB_wrong_salt_control,0.31435139120182587,0.09852696766479241,0.40303598734250334
500,LiBF4_fluorinated_control,0.3927695219400824,0.10918449779537576,0.7540554324639607
501,state_only,0.2615612769030178,0.1501851430365152,0.1948298667686118
501,chemistry_permuted,0.24362149577400716,0.11554930389511842,0.15306373693884745
501,without_LiPF6,0.17718290616201426,0.04940178553173624,0.2462649136436259
501,LiPF6_only,0.299672478796152,0.04018950995973303,-0.04994954404901464
501,LiBOB_wrong_salt_control,0.29395887073258686,0.12370003220181569,0.24067211484958384
501,LiBF4_fluorinated_control,0.4209910654504626,0.11949933401203927,0.7073372349834599
502,state_only,0.29124413632302826,0.1552826755919252,0.1650298113344545
502,chemistry_permuted,0.2724980062070268,0.1263315961704885,0.11730050904036238
502,without_LiPF6,0.1727329242375295,0.040873864627029466,0.2882035987542738
502,LiPF6_only,0.3200520535304905,0.04669901418828326,-0.05622795136644165
502,LiBOB_wrong_salt_control,0.28570224947670775,0.11437861707254049,0.276750329377096
502,LiBF4_fluorinated_control,0.4302366462079966,0.12268222602401435,0.7330361850758205
503,state_only,0.23978254613735506,0.14258404231659583,0.24032858700322612
503,chemistry_permuted,0.21371079465745102,0.1069771823711676,0.15524909551760502
503,without_LiPF6,0.12463459799248344,0.037286070802081905,0.2390662465422615
503,LiPF6_only,0.24700944121254953,0.0223218567425274,-0.057937837843821116
503,LiBOB_wrong_salt_control,0.31968062466168623,0.10482499054392469,0.50189781378817
503,LiBF4_fluorinated_control,0.32335115557626537,0.09206159224925381,0.65851373680691
504,state_only,0.24875285165753025,0.14750596074540723,0.1867501522840913
504,chemistry_permuted,0.23874298063896537,0.12653782645702205,0.15919209752288377
504,without_LiPF6,0.17972634246533792,0.04282882561795742,0.2774700731855284
504,LiPF6_only,0.2508316297191011,0.04802596304246065,-0.06162345948631942
504,LiBOB_wrong_salt_control,0.30311281320868877,0.1121250723307613,0.2449345934377699
504,LiBF4_fluorinated_control,0.3899354678865118,0.12223895342343305,0.7141939842480157
505,state_only,0.3101606623152571,0.1648285541529141,0.22652979460680567
505,chemistry_permuted,0.2945554013140067,0.13986556679199325,0.17124905976198468
505,without_LiPF6,0.17543299326989892,0.04141736828619824,0.2689618618521965
505,LiPF6_only,0.28191424460579606,0.05860707338112925,-0.010361248026561354
505,LiBOB_wrong_salt_control,0.3439706186131096,0.15833891403317368,0.577166486743038
505,LiBF4_fluorinated_control,0.38716549744487516,0.12816338100925628,0.7055827529794148
506,state_only,0.24630784369888126,0.167174931143795,0.24397832806856623
506,chemistry_permuted,0.2277531954076002,0.13147348590654906,0.19473909872694406
506,without_LiPF6,0.12928660324119678,0.04402955282615295,0.22038239847706242
506,LiPF6_only,0.26576489270916304,0.03277454422841508,-0.04605032692525146
506,LiBOB_wrong_salt_control,0.25721251845620585,0.10381470751601818,0.2864873394091493
506,LiBF4_fluorinated_control,0.3841166837881307,0.10482650257631698,0.6758865689809703
507,state_only,0.276368188817114,0.16458661412158526,0.22506717846148716
507,chemistry_permuted,0.2551722539101495,0.12820797078301682,0.15319579030887454
507,without_LiPF6,0.15128355199710297,0.03880651149475445,0.2248906627376922
507,LiPF6_only,0.3069603369954652,0.03794492471172839,-0.04764248393124815
507,LiBOB_wrong_salt_control,0.29377469642446397,0.1122521331172166,0.34110433410977314
507,LiBF4_fluorinated_control,0.4173965026731584,0.1047726290601455,0.7542127729105861
508,state_only,0.2597630593234852,0.14614017270037605,0.19925821003972122
508,chemistry_permuted,0.2409821202748671,0.1187473473798395,0.15229158350747507
508,without_LiPF6,0.17524854541074808,0.04514052631956389,0.2557016182116728
508,LiPF6_only,0.27072684929715274,0.05779160158054619,0.010404797332440374
508,LiBOB_wrong_salt_control,0.32630559545215,0.12280246724197896,0.3847606547611039
508,LiBF4_fluorinated_control,0.3959963261579377,0.13899455403166994,0.7546892156646838
509,state_only,0.3000694119458204,0.15955134491228373,0.19397669063509382
509,chemistry_permuted,0.2901242425882459,0.1325162824627364,0.14235106647067897
509,without_LiPF6,0.17050558627355106,0.039705853666784474,0.2793639923535701
509,LiPF6_only,0.33272229374920137,0.04603781053573219,-0.04907550254759019
509,LiBOB_wrong_salt_control,0.3304566080365595,0.13035053775810257,0.33102992062643233
509,LiBF4_fluorinated_control,0.44747957731736177,0.12398741508318079,0.7641364039100653
510,state_only,0.31358039874341326,0.17670483190948705,0.2171506364607435
510,chemistry_permuted,0.29822874746720307,0.14501900948321267,0.1656124729196824
510,without_LiPF6,0.17553527796176982,0.03146062114080228,0.27724472441209125
510,LiPF6_only,0.3072776946125213,0.05235816377235414,-0.0661334966511955
510,LiBOB_wrong_salt_control,0.2717956799993291,0.11761851345141705,0.2281307039021413
510,LiBF4_fluorinated_control,0.4290839379172622,0.12394148714607234,0.6905903010773446
511,state_only,0.26887198916256516,0.15861794402125518,0.20279878965911646
511,chemistry_permuted,0.24274881238964874,0.1203088931810593,0.12854336242743236
511,without_LiPF6,0.13344911421910854,0.025973407473607435,0.28048557105339234
511,LiPF6_only,0.28889569600738285,0.04056457192420937,-0.05094278303709476
511,LiBOB_wrong_salt_control,0.29578039816199986,0.09299650618000421,0.35282001721558154
511,LiBF4_fluorinated_control,0.38707602747735803,0.11882140461459145,0.6662856530227586
512,state_only,0.30926291549532736,0.14749990939487745,0.21897222455889676
512,chemistry_permuted,0.2900369064598032,0.1213314501028786,0.1787160880268187
512,without_LiPF6,0.1860961735647636,0.03946274758829549,0.23163717637775783
512,LiPF6_only,0.2769016327308742,0.04800130807127134,-0.012679216954773809
512,LiBOB_wrong_salt_control,0.3648435856066248,0.14403112155648612,0.374031720740737
512,LiBF4_fluorinated_control,0.4198861451065865,0.11306549385725428,0.7527806341337684
513,state_only,0.2824281921265904,0.14479405502968468,0.2171889017632611
513,chemistry_permuted,0.2597448211556588,0.11536395181739811,0.16387424324988242
513,without_LiPF6,0.14885059183352212,0.020401685893470023,0.23732495910605989
513,LiPF6_only,0.275695503052766,0.05029894383162725,0.014612708940042851
513,LiBOB_wrong_salt_control,0.3143823560560849,0.1024890130652476,0.42844020325553844
513,LiBF4_fluorinated_control,0.39096082884630345,0.1147276270576878,0.7344689674793363
514,state_only,0.29296743083481314,0.1579983625683784,0.2128616721675527
514,chemistry_permuted,0.2696215392627116,0.12457668293227131,0.15760449914321195
514,without_LiPF6,0.09861273010403793,0.018419282112904445,0.24083799486045065
514,LiPF6_only,0.2743042406007986,0.029004893253570474,-0.06948110971098054
514,LiBOB_wrong_salt_control,0.2549667134857335,0.09466668744735263,0.20131485293648677
514,LiBF4_fluorinated_control,0.3948586589328965,0.11133042650479019,0.7195874076245046
515,state_only,0.27253732210150783,0.14318911173750448,0.22778499837353217
515,chemistry_permuted,0.25342694241927566,0.11647093092044258,0.15327895277937809
515,without_LiPF6,0.13231080628761926,0.027137911792352587,0.24634885664401251
515,LiPF6_only,0.27118635395531854,0.03891912395556507,-0.007441944800764544
515,LiBOB_wrong_salt_control,0.3297867345098351,0.11218628813864684,0.5264798361721492
515,LiBF4_fluorinated_control,0.37280976102427077,0.10598631142812143,0.6536422430893367
516,state_only,0.2636683542489394,0.14319972890730837,0.19313320178232396
516,chemistry_permuted,0.2530432654667446,0.11987478000233431,0.1463963292650916
516,without_LiPF6,0.17478343550125097,0.0435009483313914,0.2704985477325088
516,LiPF6_only,0.3205055221659757,0.04660392204641861,-0.032130246306436794
516,LiBOB_wrong_salt_control,0.26580096450829094,0.1065128477390953,0.2728889235818148
516,LiBF4_fluorinated_control,0.43586977104242264,0.11167078920068851,0.7837635731970642
517,state_only,0.2638607052688522,0.1554903827531855,0.219402809416943
517,chemistry_permuted,0.2548023453409721,0.1310283767728151,0.18276929626584093
517,without_LiPF6,0.12163266200934653,0.03883689901134091,0.26589913343958527
517,LiPF6_only,0.3095697411668158,0.03809844541389695,-0.04894749783467778
517,LiBOB_wrong_salt_control,0.2535523424054553,0.10516870442656678,0.23466199794702403
517,LiBF4_fluorinated_control,0.41516060418197065,0.11031525041776535,0.7744831369287768
518,state_only,0.21792972418167078,0.13806887129353795,0.2142353692445108
518,chemistry_permuted,0.21032329421572638,0.11143401977323575,0.17194577516264853
518,without_LiPF6,0.18325772598488643,0.06576310348632386,0.2900677458881832
518,LiPF6_only,0.27989849773647235,0.029948331726189825,-0.060522895984380876
518,LiBOB_wrong_salt_control,0.23817738388235132,0.09913555843164967,0.20838899371038133
518,LiBF4_fluorinated_control,0.4141839763431392,0.10593077520812377,0.7809222641046503
519,state_only,0.26310599002613566,0.16814794311899017,0.20249397296593896
519,chemistry_permuted,0.2534427580105134,0.14681597930776713,0.17701791136209688
519,without_LiPF6,0.200028094663954,0.04202215041382762,0.2703547808061162
519,LiPF6_only,0.28432128292426906,0.05898268470009671,-0.03824102818605457
519,LiBOB_wrong_salt_control,0.2905345115333986,0.11074523217019994,0.18426003538268965
519,LiBF4_fluorinated_control,0.40510286268780804,0.1379950631770226,0.7222537817009202
520,state_only,0.2419855926099801,0.15286828561066368,0.22206160757660143
520,chemistry_permuted,0.22790516421978413,0.11790581773630182,0.16616540667942759
520,without_LiPF6,0.15595340290200688,0.0549638941308519,0.26690316641308176
520,LiPF6_only,0.2734375647434749,0.04140997416546377,-0.03628040364706475
520,LiBOB_wrong_salt_control,0.29314806545022964,0.11552501505532087,0.369410791246207
520,LiBF4_fluorinated_control,0.38969951609652287,0.12575005299878095,0.7393578444280369
521,state_only,0.2960751585517106,0.165080185743811,0.2411081709823636
521,chemistry_permuted,0.27744905214079973,0.13566806252114538,0.1663438977733882
521,without_LiPF6,0.16993304386406327,0.0334666779546543,0.2401936197979896
521,LiPF6_only,0.2662869334885489,0.05088330693407406,0.0022195123432604547
521,LiBOB_wrong_salt_control,0.3498330999587125,0.12995437466677795,0.4770885534334026
521,LiBF4_fluorinated_control,0.3812704766109436,0.12855407116632633,0.6793638202201964
522,state_only,0.29395652757068647,0.17441975519922892,0.2452749804144595
522,chemistry_permuted,0.2743215892326072,0.1417054500931908,0.1970937233925807
522,without_LiPF6,0.17261744666468948,0.04794003901718935,0.2726646353401452
522,LiPF6_only,0.2935701219935525,0.054203136073057046,-0.013695925716518786
522,LiBOB_wrong_salt_control,0.32180600727641295,0.1475369135434188,0.38279924860087133
522,LiBF4_fluorinated_control,0.42391125860462264,0.14479452560324457,0.7549687727514354
523,state_only,0.2845311559712128,0.17090573678792953,0.24201540657819243
523,chemistry_permuted,0.2623054931334772,0.1377191083628172,0.1876251615804635
523,without_LiPF6,0.14257539699002664,0.02405223704231063,0.24335206829502598
523,LiPF6_only,0.282003772053399,0.05131866688395603,-0.02376750526637017
523,LiBOB_wrong_salt_control,0.31190652785775697,0.11163567787893403,0.32049897339989986
523,LiBF4_fluorinated_control,0.3969696524005871,0.13169570904687056,0.7017359794938884
524,state_only,0.30242798607328647,0.1330464227207293,0.19421712921835732
524,chemistry_permuted,0.28664116055144906,0.10722677494142063,0.139655842491195
524,without_LiPF6,0.1819334869979189,0.04030957826779091,0.2556739284057361
524,LiPF6_only,0.3119766238912045,0.04355407544398748,-0.0038340954335710498
524,LiBOB_wrong_salt_control,0.3443844608078246,0.12108647295314257,0.4554515392381743
524,LiBF4_fluorinated_control,0.42766284882871963,0.1191049656857266,0.7443494861839243
525,state_only,0.27165873863665735,0.19165354411449587,0.28276367934323376
525,chemistry_permuted,0.2570672917949315,0.15981040162609728,0.2094460706083826
525,without_LiPF6,0.18370998993846321,0.062122916149778495,0.251232895621071
525,LiPF6_only,0.2778469942157241,0.059771824297049525,-0.023315027903833774
525,LiBOB_wrong_salt_control,0.3283124491144135,0.13873963079589124,0.4917934891161174
525,LiBF4_fluorinated_control,0.3851335983922849,0.13913096299816874,0.6800306574739401
526,state_only,0.24342134703688123,0.17416914065297218,0.2328816298757439
526,chemistry_permuted,0.22841085049840415,0.14495037361634278,0.18591857879849305
526,without_LiPF6,0.1865686083730984,0.061224265014162005,0.24837299346710195
526,LiPF6_only,0.2587875904592073,0.055161050960712,-0.03636810751129904
526,LiBOB_wrong_salt_control,0.3251124759128332,0.1397894068127561,0.32747395025222203
526,LiBF4_fluorinated_control,0.3752717558134978,0.12461508613725014,0.7193564488629296
527,state_only,0.2817990004420744,0.15527106486973818,0.19748119686158383
527,chemistry_permuted,0.2657322259736582,0.1262604207240885,0.15543358215606373
527,without_LiPF6,0.1789226089142587,0.02872685137024511,0.28002800404807493
527,LiPF6_only,0.30945199889058317,0.04024130476819232,-0.07241067243557808
527,LiBOB_wrong_salt_control,0.27484111934432887,0.09897711414573207,0.18336596501287672
527,LiBF4_fluorinated_control,0.44443331599258207,0.10998232687561649,0.7669021422785995
528,state_only,0.2906804248160829,0.15102274190730136,0.20179583497292097
528,chemistry_permuted,0.27138746990852813,0.12621839074158447,0.16813869358333566
528,without_LiPF6,0.17445193195299968,0.032043677029206186,0.2904021793160002
528,LiPF6_only,0.29722883865959104,0.0401427322086253,-0.03838981225004623
528,LiBOB_wrong_salt_control,0.28836648915811514,0.12178746981573763,0.2891785316209692
528,LiBF4_fluorinated_control,0.4282316611796353,0.10522601677718535,0.7476715809987865
529,state_only,0.26591637412327285,0.14829606022250674,0.20904141731368353
529,chemistry_permuted,0.2476080889008706,0.11977520263043218,0.1690718166952937
529,without_LiPF6,0.18447863481113735,0.05967969620131164,0.23908932791174498
529,LiPF6_only,0.23548365833491003,0.045242337891794215,-0.02367979145817456
529,LiBOB_wrong_salt_control,0.3163409278025826,0.13080618651596898,0.33755693748680227
529,LiBF4_fluorinated_control,0.37754410006417216,0.11786747279806009,0.7378178643038469
530,state_only,0.2439129488610503,0.15028611378920997,0.2008231515111134
530,chemistry_permuted,0.23590955831637583,0.12966717086836632,0.16617122923568461
530,without_LiPF6,0.17252005996801545,0.05366606166706689,0.27921372867546523
530,LiPF6_only,0.28284749514696006,0.052610466643213116,-0.04513357708004473
530,LiBOB_wrong_salt_control,0.3294006315194724,0.1361799553765266,0.3609063660197419
530,LiBF4_fluorinated_control,0.39578104568336614,0.13186607244081106,0.6866163760996677
531,state_only,0.27467914096515655,0.1623927528560859,0.20518014686384745
531,chemistry_permuted,0.2624023099801194,0.13692680736701346,0.1631724803022988
531,without_LiPF6,0.14008522350154362,0.018546395831130713,0.2894419963213991
531,LiPF6_only,0.28563700622491917,0.045849942116255815,-0.04212695443554593
531,LiBOB_wrong_salt_control,0.26299597018883814,0.09734647669211027,0.21125109988290802
531,LiBF4_fluorinated_control,0.3900793770807569,0.12530704025410278,0.6928226873339669
532,state_only,0.26210024842120727,0.14484354936201904,0.2282567467286557
532,chemistry_permuted,0.25150074296203795,0.12055329981867358,0.18473541943359117
532,without_LiPF6,0.1594956635958258,0.04090778635407499,0.25535676079664504
532,LiPF6_only,0.26391786647497095,0.04158657206798644,-0.007003122952543794
532,LiBOB_wrong_salt_control,0.29677257361132625,0.11652831163204147,0.3832157938473101
532,LiBF4_fluorinated_control,0.40185387849244636,0.1212766440374885,0.7465113158483413
533,state_only,0.29683813025749206,0.15340614627354632,0.1830148942360651
533,chemistry_permuted,0.28547997818620585,0.1320252206564585,0.15361091245664216
533,without_LiPF6,0.17856394278000476,0.05700159838099583,0.27780665973029206
533,LiPF6_only,0.31898810117670096,0.03807485704399338,-0.08562735740132843
533,LiBOB_wrong_salt_control,0.3142658350206504,0.12130375863345866,0.31693845516620744
533,LiBF4_fluorinated_control,0.4310575020195515,0.1307488721559783,0.7343892879272536
534,state_only,0.24318526700232357,0.15487732912352103,0.19933571643154635
534,chemistry_permuted,0.23195943856164847,0.12855612472283828,0.147620591961658
534,without_LiPF6,0.17197359320388128,0.0419826859378033,0.28005375137399724
534,LiPF6_only,0.2898264599118332,0.04931896743487352,-0.054681800689812654
534,LiBOB_wrong_salt_control,0.2871986570285595,0.09437252487908221,0.3105714385119941
534,LiBF4_fluorinated_control,0.39496409382641706,0.11712272507903576,0.717241840396895
535,state_only,0.2642579626166842,0.14729223759759125,0.2109178710134354
535,chemistry_permuted,0.2487982325947068,0.12162287383692483,0.16251392929883957
535,without_LiPF6,0.18201026520691854,0.038353958136781996,0.2656316192631726
535,LiPF6_only,0.2383592263158245,0.046094218004183896,-0.037189872948087066
535,LiBOB_wrong_salt_control,0.3007523804317438,0.10835283759943781,0.30286817312346936
535,LiBF4_fluorinated_control,0.37573616157097467,0.11637451901526841,0.7012507536199307
536,state_only,0.23849974014058162,0.1459866688238356,0.21422827727700433
536,chemistry_permuted,0.22087089683418193,0.11498421175373685,0.17445697985292796
536,without_LiPF6,0.17272294420330336,0.0488653319500395,0.23448493239625723
536,LiPF6_only,0.2517553713229679,0.040655150895325454,-0.02510950104687215
536,LiBOB_wrong_salt_control,0.3094299203448738,0.13498065330215137,0.33335825086484483
536,LiBF4_fluorinated_control,0.3940621835684217,0.11495156056888989,0.7440243194125791
537,state_only,0.21370555380849654,0.11653104870791542,0.16895178355906482
537,chemistry_permuted,0.20734697522115675,0.09914209535790952,0.1457580045464001
537,without_LiPF6,0.19073923880703492,0.043186652950428006,0.2840935893558022
537,LiPF6_only,0.2590215223578889,0.03760490603087985,-0.052328307249494665
537,LiBOB_wrong_salt_control,0.34731861970615274,0.11913215920204645,0.3523731409030155
537,LiBF4_fluorinated_control,0.4081514138015664,0.10712869835236716,0.7627703877866461
538,state_only,0.31525976805356337,0.15221112408852144,0.1894846996364158
538,chemistry_permuted,0.2956404979368059,0.1264610949032272,0.16414064101179482
538,without_LiPF6,0.17323201660493492,0.022497872131863383,0.2640693985238669
538,LiPF6_only,0.3013991147790511,0.046447798352621916,-0.03790705102819092
538,LiBOB_wrong_salt_control,0.26821767021902754,0.11865433075314624,0.20225653158765933
538,LiBF4_fluorinated_control,0.440423590226929,0.113043044371681,0.7379888494730009
539,state_only,0.2829390244571003,0.15206126915709295,0.1849715914339608
539,chemistry_permuted,0.27236537969200014,0.1272928688902405,0.1424267761261626
539,without_LiPF6,0.16268720658198432,0.03915024255675137,0.29359206439458907
539,LiPF6_only,0.32321910072297355,0.04830783910192982,-0.0770677066733404
539,LiBOB_wrong_salt_control,0.27707378405324157,0.09826592915630772,0.2712740428180942
539,LiBF4_fluorinated_control,0.4219275452145689,0.1269092386513082,0.7013130230593504
540,state_only,0.26135549233427213,0.14088645195808314,0.1769862680586921
540,chemistry_permuted,0.24649982939306359,0.11467077677489335,0.13610467929850145
540,without_LiPF6,0.13642897406999166,0.029257150430660905,0.2959555207833243
540,LiPF6_only,0.2850543168438273,0.03424826383445745,-0.06343205656843898
540,LiBOB_wrong_salt_control,0.27811540181426575,0.11601710357390504,0.4108063800390328
540,LiBF4_fluorinated_control,0.39759928676843037,0.11229858041694518,0.7143239260385088
541,state_only,0.2873107568411851,0.16634396503843474,0.22146699562146166
541,chemistry_permuted,0.272358427713859,0.13976870859311996,0.17209396679154298
541,without_LiPF6,0.18264898857696432,0.039283911240561076,0.252133323914868
541,LiPF6_only,0.26982535707293276,0.05007483798821388,-0.03132170055650574
541,LiBOB_wrong_salt_control,0.31840759863589196,0.12968969023051635,0.3390793815361933
541,LiBF4_fluorinated_control,0.405441662818928,0.1291975830078883,0.7160840257515946
542,state_only,0.2762889844274019,0.16936712445218005,0.21356880771195197
542,chemistry_permuted,0.25885810768783213,0.13503598251175764,0.17565542053634764
542,without_LiPF6,0.15614820841077603,0.033403634684261996,0.25489996350125144
542,LiPF6_only,0.2765104163117539,0.055543979386656006,-0.028353131682490762
542,LiBOB_wrong_salt_control,0.29690644076442396,0.12146534494403638,0.23807598591441292
542,LiBF4_fluorinated_control,0.40368068883737096,0.1392646588347105,0.7884919091413116
543,state_only,0.30633071160854297,0.18986338320550689,0.2574601152124866
543,chemistry_permuted,0.28884427544780644,0.1592865212793314,0.18251772174910308
543,without_LiPF6,0.16568829574932864,0.048357101138297276,0.2666735692826946
543,LiPF6_only,0.3113614645968308,0.06614406654361671,-0.010229110167347621
543,LiBOB_wrong_salt_control,0.3478629727695669,0.15563767405320061,0.5406057710032938
543,LiBF4_fluorinated_control,0.3952038756401579,0.15144366356667516,0.7223995333945652
544,state_only,0.28812679314348033,0.14947382108325602,0.22131836131047244
544,chemistry_permuted,0.2777496650831447,0.1255424880152899,0.17247459799348075
544,without_LiPF6,0.1953169765116548,0.0637357486265584,0.25858153966160957
544,LiPF6_only,0.3221250517951113,0.040030821100837,-0.027676197114078982
544,LiBOB_wrong_salt_control,0.321517322714029,0.11351884899965692,0.4469258508496716
544,LiBF4_fluorinated_control,0.43410186090680825,0.12529665224841868,0.7270049388354385
545,state_only,0.26911066576527853,0.1420452128724108,0.212979936661278
545,chemistry_permuted,0.2544266371667433,0.11619322782564123,0.1690079591560184
545,without_LiPF6,0.12232922282694325,0.025475367664552162,0.2250929208392919
545,LiPF6_only,0.2628961873602943,0.03680516130353284,-0.0035466303540439004
545,LiBOB_wrong_salt_control,0.26428904982481105,0.11232256002716612,0.39740601389060215
545,LiBF4_fluorinated_control,0.3837283750180408,0.10621997385190951,0.7284629426361295
546,state_only,0.3108361414418326,0.1668279473950044,0.19229493141957354
546,chemistry_permuted,0.2963719099672405,0.13349030082648916,0.13995130264696676
546,without_LiPF6,0.18192655450672124,0.04157761852468356,0.27121521618245226
546,LiPF6_only,0.3275309893409871,0.053961325077247935,-0.06156227737595621
546,LiBOB_wrong_salt_control,0.28327636542929935,0.1252387154435658,0.22807703063598594
546,LiBF4_fluorinated_control,0.4469546518940556,0.14080272032056385,0.7602537623125051
547,state_only,0.22630590646331805,0.1329853383088201,0.2077047358951567
547,chemistry_permuted,0.2167672903785942,0.10939814088152,0.15373748544749555
547,without_LiPF6,0.1855142199426908,0.06253154137536354,0.3026223724137397
547,LiPF6_only,0.2661507273968283,0.03549376997650455,-0.03442778638115518
547,LiBOB_wrong_salt_control,0.33459706731107774,0.15850461593416731,0.5624946670528134
547,LiBF4_fluorinated_control,0.37651130900223995,0.10937809645328311,0.7105079598545392
548,state_only,0.25345018194018587,0.14164119043009216,0.19652904964724094
548,chemistry_permuted,0.24265158821040334,0.11259983266725182,0.14763922658708006
548,without_LiPF6,0.153785831195841,0.03201396521237643,0.2537415120357437
548,LiPF6_only,0.29116645334659175,0.034710057222098634,-0.06431457049437839
548,LiBOB_wrong_salt_control,0.2903985410733322,0.10340180327078097,0.3109847043566871
548,LiBF4_fluorinated_control,0.405829610915726,0.11933525357080399,0.7249378432881939
549,state_only,0.26380641097114277,0.16767142403800883,0.23665050832375178
549,chemistry_permuted,0.24739578289656516,0.1359738915072476,0.18560170338485704
549,without_LiPF6,0.1505837823896291,0.038004189267078825,0.2745921336655698
549,LiPF6_only,0.2525483488181339,0.052618356424496526,-0.024285250051155893
549,LiBOB_wrong_salt_control,0.29234163497413934,0.11937015120093764,0.33659770403278877
549,LiBF4_fluorinated_control,0.37987742580497075,0.13596518468097696,0.7306533765802845
550,state_only,0.3001224584637212,0.17246815296067697,0.20846203598003954
550,chemistry_permuted,0.28353458552787036,0.14229713961769963,0.16043108230707548
550,without_LiPF6,0.1768342625096706,0.04064673802856622,0.2638605756295157
550,LiPF6_only,0.294589778738237,0.05891197914571589,-0.031819893740295035
550,LiBOB_wrong_salt_control,0.2988794489602399,0.10680693912768491,0.2900845454943415
550,LiBF4_fluorinated_control,0.4133218080288271,0.14726093803287943,0.7435070722350243
551,state_only,0.2710807734546863,0.15029047433984466,0.19047557918137548
551,chemistry_permuted,0.25563277761030767,0.11999141847975137,0.1488802246170734
551,without_LiPF6,0.17999713356472813,0.04404698456889522,0.27975153430752975
551,LiPF6_only,0.3316445063318436,0.029196512393231844,-0.10202336538773182
551,LiBOB_wrong_salt_control,0.25821933857145973,0.10009800746135777,0.176987914062831
551,LiBF4_fluorinated_control,0.4504076728210743,0.09312728779941659,0.7407106594973925
552,state_only,0.27932294440063377,0.18964217451087073,0.2839176732308094
552,chemistry_permuted,0.2541636186243821,0.14773147459114877,0.1962056313024545
552,without_LiPF6,0.15616010200987007,0.04517719679344512,0.22045682872440275
552,LiPF6_only,0.2671063513314673,0.04744190785636837,-0.03474518950885985
552,LiBOB_wrong_salt_control,0.3466724806972571,0.1373201436291719,0.48804655617820236
552,LiBF4_fluorinated_control,0.3725669113404366,0.13133487887199635,0.650987509585213
553,state_only,0.2752314922992901,0.1475465335442384,0.21925752927874864
553,chemistry_permuted,0.2583968723707456,0.11446121877784965,0.1639895768068227
553,without_LiPF6,0.15281889784391323,0.042485007486787185,0.2363730096925949
553,LiPF6_only,0.28977532518506033,0.04897604219291918,-0.019868534909464275
553,LiBOB_wrong_salt_control,0.3454607155570639,0.11652219697553878,0.4492518007000861
553,LiBF4_fluorinated_control,0.4170389425173895,0.1320807061662872,0.782822766975009
554,state_only,0.24876353501297543,0.15298028290910526,0.19859166075581414
554,chemistry_permuted,0.2349288752553359,0.12425467197546058,0.1538282056347703
554,without_LiPF6,0.1685646924899482,0.045018942828104036,0.26665096721307024
554,LiPF6_only,0.24814145805282362,0.04789386623393932,-0.04404147890207377
554,LiBOB_wrong_salt_control,0.31367345226075305,0.106604870941437,0.340247134723485
554,LiBF4_fluorinated_control,0.3626486286965196,0.12393221083254047,0.677753606577018
555,state_only,0.3338053964905787,0.16898358234371036,0.23813652653639028
555,chemistry_permuted,0.30640526358263775,0.1362626363649726,0.1768671408211102
555,without_LiPF6,0.15796273182584697,0.02569525491527458,0.2325137690858866
555,LiPF6_only,0.2911211797266322,0.052145191569888505,0.00770182482143833
555,LiBOB_wrong_salt_control,0.31399174132840924,0.1231151782893064,0.3834798893201812
555,LiBF4_fluorinated_control,0.4153709281911583,0.11796654445858867,0.7131491628412869
556,state_only,0.31473326991359185,0.19789487770310588,0.2638511515959381
556,chemistry_permuted,0.290638872468603,0.15901673961787688,0.19696326570524303
556,without_LiPF6,0.1310526374394756,0.02773530100821331,0.21241249567265408
556,LiPF6_only,0.31020586976247266,0.06221409522008137,-0.00906763691771173
556,LiBOB_wrong_salt_control,0.3116528337583859,0.095854468431945,0.34596267076667686
556,LiBF4_fluorinated_control,0.4202370321451683,0.15849563743763273,0.7572725995376836
557,state_only,0.2797864443906515,0.16643056682243362,0.25000725703209914
557,chemistry_permuted,0.26479393820151076,0.1361793041695415,0.1766985607942282
557,without_LiPF6,0.16880366925904589,0.055926732695246395,0.2463614108659754
557,LiPF6_only,0.2923444209384206,0.053725664541937834,-0.007879123222750861
557,LiBOB_wrong_salt_control,0.32972330508194214,0.13223046221431,0.6027359139842727
557,LiBF4_fluorinated_control,0.3934933488786959,0.12854609167435416,0.6912772127957092
558,state_only,0.2789059227597146,0.14939466217913921,0.18489661454847928
558,chemistry_permuted,0.2726605889741317,0.12962637789075127,0.15311515456328817
558,without_LiPF6,0.1706676592614964,0.027758313389315892,0.26494185214856003
558,LiPF6_only,0.287896855135123,0.0408557946480228,-0.0654509645765885
558,LiBOB_wrong_salt_control,0.3354644644980824,0.12454025006072766,0.3500065723994745
558,LiBF4_fluorinated_control,0.4092560327779323,0.12191930121529693,0.7135986656388612
559,state_only,0.2880913608722713,0.201908557643247,0.2674566445653107
559,chemistry_permuted,0.28534468744671504,0.17470909598663598,0.23167232539326854
559,without_LiPF6,0.14669288649672396,0.054401132212792414,0.2777477630774865
559,LiPF6_only,0.33467973901734627,0.0704607354825979,-0.028332541590237237
559,LiBOB_wrong_salt_control,0.2351203478093088,0.14407160309874179,0.3451063862627589
559,LiBF4_fluorinated_control,0.43691910946395374,0.1757121399160222,0.7906923179254964
560,state_only,0.2872125698136805,0.13879392931277346,0.18790782719686205
560,chemistry_permuted,0.2659991378097125,0.11270701269927619,0.13774112333326194
560,without_LiPF6,0.19840563770659292,0.03990048612729402,0.2874463039653449
560,LiPF6_only,0.2545602894826393,0.04348831723032076,-0.027426805457186565
560,LiBOB_wrong_salt_control,0.3437575653078322,0.130610528476789,0.3772544574184702
560,LiBF4_fluorinated_control,0.41042354850825535,0.11795030764718262,0.7579636051867262
561,state_only,0.2773882782419371,0.16182518797442713,0.22202879709846723
561,chemistry_permuted,0.2559037188103057,0.12306311779246659,0.15667646717244865
561,without_LiPF6,0.13169837534884177,0.0331269101686299,0.23191489471899718
561,LiPF6_only,0.29866008861301885,0.04355506845622015,-0.02536827604192915
561,LiBOB_wrong_salt_control,0.30466232215069944,0.09892230612299568,0.3460035052630158
561,LiBF4_fluorinated_control,0.40241062640246106,0.12643074721347447,0.7493069402579036
562,state_only,0.29418588569124415,0.1608519081594001,0.23520489984062587
562,chemistry_permuted,0.272653117247289,0.1241715595461822,0.16835889963752237
562,without_LiPF6,0.1824069303960516,0.034535203233205025,0.2713243298463951
562,LiPF6_only,0.26717368941285446,0.04440881130183516,-0.01935565607086387
562,LiBOB_wrong_salt_control,0.34126893310763606,0.1440548286094041,0.4461247965170847
562,LiBF4_fluorinated_control,0.3991488159214933,0.1087842332516955,0.7196212510475208
563,state_only,0.3220812591449156,0.17581141354862118,0.2509138196510641
563,chemistry_permuted,0.3058424857006449,0.1440070144435871,0.19332747566600672
563,without_LiPF6,0.16731937640315475,0.03396117725662895,0.2552425729230092
563,LiPF6_only,0.3281202609176823,0.05515995005687424,-0.02704042627413794
563,LiBOB_wrong_salt_control,0.3501789306055505,0.13532648395110858,0.4015919711452248
563,LiBF4_fluorinated_control,0.4250510259612984,0.13398478291728178,0.7024294115407169
564,state_only,0.30678520762243966,0.19245263238562016,0.25697792104878014
564,chemistry_permuted,0.2931817527975119,0.16099105737186814,0.1933115162968998
564,without_LiPF6,0.16195528889627664,0.0418908525266346,0.25484230570776834
564,LiPF6_only,0.3051804634162625,0.069000199940768,-0.017926148704604294
564,LiBOB_wrong_salt_control,0.3249038735370132,0.13586416572172078,0.4552419339283894
564,LiBF4_fluorinated_control,0.4061975689856392,0.1477203847405656,0.7075195369915013
565,state_only,0.24088569769886803,0.1390619527969924,0.18376242529430586
565,chemistry_permuted,0.2276239506099913,0.11117331495077931,0.15043262195075613
565,without_LiPF6,0.14965355353094345,0.04511424096444139,0.27257114713643504
565,LiPF6_only,0.2833737907613699,0.035614889915159376,-0.05834731877910704
565,LiBOB_wrong_salt_control,0.29690022952660866,0.120626323571428,0.29108705770721655
565,LiBF4_fluorinated_control,0.40458929689941436,0.11291025208338468,0.7565321623841204
566,state_only,0.291974393804711,0.17323819708299693,0.22664729007681883
566,chemistry_permuted,0.27526972323395027,0.14453350341819304,0.16265749396078932
566,without_LiPF6,0.12173791287580993,0.031706916322063794,0.2682985863670643
566,LiPF6_only,0.3135612170481398,0.06303236870024087,-0.03381506219954278
566,LiBOB_wrong_salt_control,0.27107717081576554,0.12625413991940537,0.4287603849745857
566,LiBF4_fluorinated_control,0.39586319442104145,0.13787780861835808,0.7066953354872867
567,state_only,0.28701696699896817,0.17874869835380192,0.25091782547614017
567,chemistry_permuted,0.2656740606187885,0.1389122629036128,0.17557778457884665
567,without_LiPF6,0.11897541820674462,0.03355343273981648,0.2522049985870646
567,LiPF6_only,0.2903645625920013,0.04710829140532524,-0.03903770325097178
567,LiBOB_wrong_salt_control,0.28161272998381837,0.10981060656465436,0.40346823949982946
567,LiBF4_fluorinated_control,0.3920660073836286,0.1255067272401652,0.7250551829860702
568,state_only,0.3090012301936762,0.1497819337881957,0.1966127282654775
568,chemistry_permuted,0.2922709734567158,0.1209384768060241,0.15153209194885597
568,without_LiPF6,0.1627503222945278,0.03077155989517011,0.24031210049231266
568,LiPF6_only,0.30226673935677306,0.04574813606045114,-0.038312827610364586
568,LiBOB_wrong_salt_control,0.2906379114261093,0.1094229471679048,0.2909774605724783
568,LiBF4_fluorinated_control,0.431965088864661,0.12124859522710285,0.7163446768698649
569,state_only,0.28539106762308086,0.18791348151502185,0.24602730353597158
569,chemistry_permuted,0.2713945009670631,0.15394606106658715,0.18373972019021867
569,without_LiPF6,0.13707791126939317,0.039597397590890426,0.2645568052010273
569,LiPF6_only,0.3214483559145449,0.054438834647201895,-0.04478957323536914
569,LiBOB_wrong_salt_control,0.2712932629199245,0.13833931010936262,0.3966571677442423
569,LiBF4_fluorinated_control,0.4152508795699199,0.13590945750654682,0.7360516951729104
570,state_only,0.23010402560146792,0.1259100481127986,0.1997333848260282
570,chemistry_permuted,0.21058225534499153,0.098238815501548,0.13888693619585113
570,without_LiPF6,0.18001191971849706,0.05477429778213483,0.28532452472312275
570,LiPF6_only,0.26570831979730714,0.041035043857045816,-0.023505536874836697
570,LiBOB_wrong_salt_control,0.3162039369378632,0.10794237821991792,0.3782457887991566
570,LiBF4_fluorinated_control,0.38809019084058893,0.10773824377128349,0.7327450398148977
571,state_only,0.28961946416605977,0.13769701448251515,0.19435093103628276
571,chemistry_permuted,0.2771394258558042,0.11289206566109622,0.14004815374102986
571,without_LiPF6,0.21132035504650704,0.051981175526845225,0.28539223875003694
571,LiPF6_only,0.24516786432521864,0.03684029067857186,-0.026323879525330995
571,LiBOB_wrong_salt_control,0.32375894309373143,0.11649493013604317,0.3802249091538886
571,LiBF4_fluorinated_control,0.39921077545623995,0.11910207027978403,0.7521279108830803
572,state_only,0.3218292727843164,0.1837020806151599,0.22094075256314893
572,chemistry_permuted,0.29920702965064727,0.15080742329912944,0.15974716289504642
572,without_LiPF6,0.16780132031683415,0.037333896743642514,0.227697784067032
572,LiPF6_only,0.30549371857294505,0.04930025013444339,-0.03800414357523674
572,LiBOB_wrong_salt_control,0.3582141909188845,0.13709941309196116,0.39562271648322345
572,LiBF4_fluorinated_control,0.41620657720923093,0.12924061312350432,0.7193024234566316
573,state_only,0.2526752984798647,0.14426133923392548,0.193200027686953
573,chemistry_permuted,0.23718350273904476,0.11552781621724406,0.14339758227456223
573,without_LiPF6,0.1512180147172344,0.035543587654152,0.28059444841141934
573,LiPF6_only,0.24343724518004317,0.046375626551753424,-0.02516862280494847
573,LiBOB_wrong_salt_control,0.31453359007547677,0.12204350869136293,0.4395555320403367
573,LiBF4_fluorinated_control,0.3607171306900543,0.12325618960992213,0.712608256072548
574,state_only,0.25886821668434656,0.13937096553672434,0.20716681674212856
574,chemistry_permuted,0.24573110545366927,0.1116462366109714,0.14192833791359538
574,without_LiPF6,0.1937520627259759,0.05169166471765696,0.2980352592054937
574,LiPF6_only,0.2689082573032523,0.042984507321460974,-0.03500679974398446
574,LiBOB_wrong_salt_control,0.33214720770857775,0.11693245829121912,0.5098099708077244
574,LiBF4_fluorinated_control,0.39067752290559776,0.1180642504024314,0.7343828521527329
575,state_only,0.27809454221974883,0.14496933131140222,0.20984363671025585
575,chemistry_permuted,0.256828429997797,0.11593205133768547,0.15502446152135452
575,without_LiPF6,0.15855884368822915,0.03282774230944219,0.25880508731892204
575,LiPF6_only,0.2654038919429432,0.03747908944445255,-0.021569971385537956
575,LiBOB_wrong_salt_control,0.2886499636021246,0.09654608351382465,0.3493761699710105
575,LiBF4_fluorinated_control,0.3911338511211674,0.1138887735219567,0.7292722413830997
576,state_only,0.23880880272939164,0.1473658243062882,0.2132120469089962
576,chemistry_permuted,0.2139537105200422,0.11540150900464397,0.16543644522744438
576,without_LiPF6,0.17271938417350707,0.04394208621806672,0.249601696405238
576,LiPF6_only,0.2084300579917906,0.04348587262210768,-0.03811832345568944
576,LiBOB_wrong_salt_control,0.30789595819200755,0.11292456588759592,0.28133009829510536
576,LiBF4_fluorinated_control,0.3609113622845277,0.10289671750249885,0.6914565611328434
577,state_only,0.2719388713714638,0.1492422889673084,0.1854220727863506
577,chemistry_permuted,0.25958540292099497,0.12569691682988404,0.15735814305922313
577,without_LiPF6,0.16744078668796236,0.04319340579714437,0.27195291549912814
577,LiPF6_only,0.30537352260861217,0.04633631125827409,-0.07043037033846322
577,LiBOB_wrong_salt_control,0.2778500485304476,0.12775797554495538,0.2458314998786406
577,LiBF4_fluorinated_control,0.4230747891490403,0.10768788576428945,0.7090878140292562
578,state_only,0.24219373161135982,0.14550028577896823,0.21261751731059209
578,chemistry_permuted,0.22376385825513412,0.11462526241987303,0.169951538224818
578,without_LiPF6,0.12957324989543972,0.03196047653377487,0.23217993289249195
578,LiPF6_only,0.26380052108985674,0.03617158651872232,-0.01124717825031385
578,LiBOB_wrong_salt_control,0.2776388232708866,0.12219040666562675,0.34368001144654603
578,LiBF4_fluorinated_control,0.37956045766463087,0.1040047767415182,0.7518616951375039
579,state_only,0.25804212479215083,0.16295626941371832,0.20731903410100028
579,chemistry_permuted,0.24048620913149132,0.13455747670784735,0.16831966984105484
579,without_LiPF6,0.14447604718284934,0.028532029594945052,0.23326239701574514
579,LiPF6_only,0.2712364206763719,0.05381723438206654,-0.004641582574251402
579,LiBOB_wrong_salt_control,0.287978722879931,0.1156074209726794,0.2612586130936456
579,LiBF4_fluorinated_control,0.37799889847564916,0.11969870850980713,0.7201505197639916
580,state_only,0.3212215505151944,0.1888503648179234,0.25414415604804697
580,chemistry_permuted,0.3042862296969351,0.1560080415465649,0.1888048913540744
580,without_LiPF6,0.16656829950830443,0.04683222978649981,0.29159799822869914
580,LiPF6_only,0.3238848935897475,0.05491240903176753,-0.04339448830769366
580,LiBOB_wrong_salt_control,0.3159486268429369,0.1529294394391323,0.42969750258703887
580,LiBF4_fluorinated_control,0.41538896940392933,0.13329511895115365,0.661138703476246
581,state_only,0.2726948220317904,0.16543831229593053,0.24075472160713973
581,chemistry_permuted,0.2573676389942051,0.13493307285159806,0.19014447533216206
581,without_LiPF6,0.17125490095785423,0.045377110113436814,0.2619259441418583
581,LiPF6_only,0.2667025064894806,0.04767868899038574,-0.030758226942875555
581,LiBOB_wrong_salt_control,0.2981508535652396,0.13019230561153183,0.37084479394041325
581,LiBF4_fluorinated_control,0.3834588254208512,0.12081944122276456,0.6514972692080598
582,state_only,0.263069601761836,0.15844963763679798,0.2087337168189145
582,chemistry_permuted,0.25055713651809886,0.134139812292554,0.1697679619108634
582,without_LiPF6,0.1613706690333132,0.037390514848753,0.26370954158964477
582,LiPF6_only,0.2792290229301121,0.05186440994077768,-0.03799638085068047
582,LiBOB_wrong_salt_control,0.3347181608014258,0.14422297504621362,0.4516518855822613
582,LiBF4_fluorinated_control,0.3899644103747264,0.14065273750581675,0.6949736063345722
583,state_only,0.3052305499106075,0.16855212616218118,0.22629981968865331
583,chemistry_permuted,0.28359937243152156,0.13111539274487283,0.1758007713634313
583,without_LiPF6,0.17517072508588072,0.048336721379206304,0.25964876444478935
583,LiPF6_only,0.2891842583185924,0.038934255367654935,-0.05701184899888345
583,LiBOB_wrong_salt_control,0.3091256587419272,0.11678342618068027,0.2619309532724011
583,LiBF4_fluorinated_control,0.4326824203177191,0.12483651448627264,0.748640409391794
584,state_only,0.31329355383764645,0.18505670439982025,0.22939666320632734
584,chemistry_permuted,0.2974146959519087,0.15176683904941668,0.17699984096260846
584,without_LiPF6,0.176806462459963,0.0584058322969514,0.3000156146554368
584,LiPF6_only,0.3417676102279733,0.05780642917494361,-0.03277261586794078
584,LiBOB_wrong_salt_control,0.26446924887311274,0.12715095678414667,0.33425686165018575
584,LiBF4_fluorinated_control,0.4413486218980086,0.1464627260107325,0.737867671302452
585,state_only,0.33449805763035434,0.1878953508927429,0.2767956047533321
585,chemistry_permuted,0.3173513460175539,0.15129934661152245,0.20272184705572094
585,without_LiPF6,0.19422855736566114,0.04802073083324887,0.26100071840834616
585,LiPF6_only,0.305190694938967,0.05350602055361686,-0.010275467161105722
585,LiBOB_wrong_salt_control,0.3890891796019229,0.15964455631722907,0.5481316378208868
585,LiBF4_fluorinated_control,0.44414500231552667,0.13688037130246022,0.785163410885994
586,state_only,0.27648301534326813,0.1676889316834137,0.21777546584620255
586,chemistry_permuted,0.2607925190240177,0.1370577930531296,0.17359037586465853
586,without_LiPF6,0.14823750692119964,0.04108789534170576,0.2720338628925425
586,LiPF6_only,0.26220798850310545,0.04415512913283903,-0.05561819722574701
586,LiBOB_wrong_salt_control,0.28470535234452077,0.12757530773308556,0.26039603731863814
586,LiBF4_fluorinated_control,0.37164912920275284,0.12612467577240494,0.6859030836515372
587,state_only,0.2787803066832769,0.15557030132541683,0.212587917818142
587,chemistry_permuted,0.264488681652571,0.12876374026705684,0.17610722881752305
587,without_LiPF6,0.14270037422482573,0.026249965698242006,0.24849727654166898
587,LiPF6_only,0.2721500507837272,0.0474911658808862,-0.03526319693717528
587,LiBOB_wrong_salt_control,0.30468680273714355,0.12072539022802053,0.30383538414827727
587,LiBF4_fluorinated_control,0.39880372944826403,0.12853721458301626,0.7205551716549671
588,state_only,0.31254356719813925,0.15989229556226825,0.15498875747457108
588,chemistry_permuted,0.3036607625146913,0.1333204655984105,0.12610339156903705
588,without_LiPF6,0.15718869335860286,0.041353778774594674,0.28533766019370854
588,LiPF6_only,0.3561467410989597,0.04652083570959509,-0.08363116560436579
588,LiBOB_wrong_salt_control,0.21037626198111603,0.08333674993337381,0.13747530488039905
588,LiBF4_fluorinated_control,0.4669869076092601,0.13935574028162578,0.8043913255435492
589,state_only,0.3343236249951024,0.16751593865140135,0.20537641154313901
589,chemistry_permuted,0.3165789043859627,0.13606866216857116,0.15010718782931298
589,without_LiPF6,0.19900510070571287,0.05163480635464701,0.26413696615904847
589,LiPF6_only,0.34244406474995137,0.043879468935447585,-0.06525725534301119
589,LiBOB_wrong_salt_control,0.36252551160402224,0.13133395782179047,0.426396274895554
589,LiBF4_fluorinated_control,0.46478636771254733,0.1308267147529809,0.716999454321534
590,state_only,0.3114762614093649,0.17140693703404186,0.20359275947674937
590,chemistry_permuted,0.29554338539455516,0.14144617473635335,0.16644369367466272
590,without_LiPF6,0.15544131264171202,0.04148546592521174,0.284013640155122
590,LiPF6_only,0.33371079373392687,0.05407518608163042,-0.05100351308279938
590,LiBOB_wrong_salt_control,0.2321406614484507,0.11944341078991894,0.24856510747803362
590,LiBF4_fluorinated_control,0.44853893449840254,0.13307849658209525,0.7534471664675458
591,state_only,0.2985011938998864,0.13188323475263286,0.18352823782380356
591,chemistry_permuted,0.2829820207462542,0.11201635120645304,0.1373936816843404
591,without_LiPF6,0.20864184436074185,0.04547746022478516,0.25696704057841513
591,LiPF6_only,0.29024721302382883,0.04863180780695642,0.01741615585345202
591,LiBOB_wrong_salt_control,0.3851096106244246,0.1531118222883825,0.559923592080425
591,LiBF4_fluorinated_control,0.4112943815096033,0.1280764244497128,0.6967199734425553
592,state_only,0.24449879928415263,0.15340509457722806,0.19354682754117492
592,chemistry_permuted,0.23427750254863877,0.12799874252743249,0.15070464215060575
592,without_LiPF6,0.15448917994519507,0.05163530832985286,0.27523498449307204
592,LiPF6_only,0.2582487752359741,0.03646975714836376,-0.07822374361602713
592,LiBOB_wrong_salt_control,0.29889076894218725,0.12483028330012313,0.36381545954670624
592,LiBF4_fluorinated_control,0.376905771575737,0.12724612165646687,0.7082179230029932
593,state_only,0.2563413763082909,0.15270235107774344,0.21556237426216074
593,chemistry_permuted,0.24498726814839045,0.13071202308463203,0.1690157262713018
593,without_LiPF6,0.1575297628002974,0.03669293511376126,0.27014831182279975
593,LiPF6_only,0.29535050064126156,0.04654085078317316,-0.049911538083571516
593,LiBOB_wrong_salt_control,0.270296860620846,0.10011530612446529,0.27312972446730577
593,LiBF4_fluorinated_control,0.40753583309429386,0.11177463252583941,0.7238433712644501
594,state_only,0.27638970343712843,0.1680335207128777,0.2122678085334445
594,chemistry_permuted,0.26523819588952346,0.1420333384838648,0.1807214908186413
594,without_LiPF6,0.12614352036210164,0.02455229528577263,0.24650130417354676
594,LiPF6_only,0.276439180471849,0.06334667784447012,-0.01154071986273153
594,LiBOB_wrong_salt_control,0.276829353955217,0.1169705168324161,0.2731245967312156
594,LiBF4_fluorinated_control,0.38804183952086924,0.143161481660534,0.7590097351922223
595,state_only,0.22525753865658826,0.13105743972064843,0.1670889004800965
595,chemistry_permuted,0.21673199293042078,0.10781987872327159,0.13230211609568554
595,without_LiPF6,0.17480679800838028,0.05283919995654618,0.2793089383061488
595,LiPF6_only,0.2664652260282734,0.039196984611359786,-0.04842533742363142
595,LiBOB_wrong_salt_control,0.2919187089313041,0.11260873895134282,0.34263200031349206
595,LiBF4_fluorinated_control,0.3861833635651949,0.1134900542585533,0.6777289481053841
596,state_only,0.2596677290680851,0.1425779978720516,0.1776634929694757
596,chemistry_permuted,0.2481924263669164,0.112842963296795,0.13206261326650404
596,without_LiPF6,0.14961085099471383,0.041206232401617804,0.2778980808818535
596,LiPF6_only,0.31190571054565286,0.029913898231309077,-0.08085908355320226
596,LiBOB_wrong_salt_control,0.2579498078820738,0.10399698267391977,0.26045619588554303
596,LiBF4_fluorinated_control,0.4290565977230172,0.1189071590029741,0.7391990480961169
597,state_only,0.2759049275436768,0.14298570442129466,0.1862004374593269
597,chemistry_permuted,0.26569615263261326,0.12140322880189403,0.14203482920942734
597,without_LiPF6,0.15558116514897902,0.041006487596726204,0.2669608292734982
597,LiPF6_only,0.3353710911569632,0.04816870493942493,-0.034446538337426724
597,LiBOB_wrong_salt_control,0.2445682355870541,0.09853861291639832,0.2919876327363693
597,LiBF4_fluorinated_control,0.43629059005975546,0.13356194628567075,0.7490323953791783
598,state_only,0.2747301284350111,0.16068959731115828,0.2133343947852716
598,chemistry_permuted,0.2573758257036185,0.13135368806628955,0.16741900925998265
598,without_LiPF6,0.16150408955095685,0.03665372555004209,0.2310161894942392
598,LiPF6_only,0.2986822253301442,0.05865165541368422,-0.022405186449322878
598,LiBOB_wrong_salt_control,0.2983336898852834,0.10161991365786771,0.29950321655064227
598,LiBF4_fluorinated_control,0.4057068166371346,0.13250835105451464,0.7206589550304063
599,state_only,0.239151878198964,0.17329887821130274,0.24038501755488684
599,chemistry_permuted,0.2241214070174129,0.13669316372022178,0.1745667925138229
599,without_LiPF6,0.17444292174574283,0.061376791121784735,0.2656946925973098
599,LiPF6_only,0.2790599313766494,0.06333394434269268,-0.029331877059946665
599,LiBOB_wrong_salt_control,0.295936998262218,0.13825298930288676,0.3518685255264362
599,LiBF4_fluorinated_control,0.389010460223692,0.13916158609072837,0.7429152087375261
600,state_only,0.2621979533692581,0.14992938912083886,0.23036672563054972
600,chemistry_permuted,0.24355718902435197,0.11804092316211312,0.16105854124475116
600,without_LiPF6,0.1450339557006507,0.04611836530580071,0.26572486777442517
600,LiPF6_only,0.30456224424344414,0.04882535220823092,-0.017641097465521005
600,LiBOB_wrong_salt_control,0.2879544752498483,0.11087142208988876,0.4716297997176969
600,LiBF4_fluorinated_control,0.4039361725148136,0.1270960471774648,0.7106820146878796
601,state_only,0.2909495719193913,0.16630835009165357,0.20356208769496487
601,chemistry_permuted,0.27740622458137254,0.14171725067348517,0.17410387141582662
601,without_LiPF6,0.14914422944816652,0.03430702289188503,0.27194954895875223
601,LiPF6_only,0.3168805035838588,0.051969124223510965,-0.04434292074635693
601,LiBOB_wrong_salt_control,0.29201332967505056,0.1330857717274816,0.33918501355371977
601,LiBF4_fluorinated_control,0.42104335785668834,0.12892547873759808,0.7104008802922128
602,state_only,0.2761539518585877,0.15694000935769659,0.2188411403092465
602,chemistry_permuted,0.2637050861509048,0.13352387481006178,0.18164162783920368
602,without_LiPF6,0.1628327068637837,0.04085696957810048,0.2673465669537225
602,LiPF6_only,0.31674497473079155,0.05281301252592485,-0.041004518755170194
602,LiBOB_wrong_salt_control,0.2978389203190127,0.11243564259876626,0.2705971198567393
602,LiBF4_fluorinated_control,0.42154792371718963,0.13918148313429757,0.7072729517957024
603,state_only,0.29488281499967184,0.1674739510572293,0.2007597845072886
603,chemistry_permuted,0.285448091236274,0.140808933698078,0.15031154192899077
603,without_LiPF6,0.17830468567441438,0.038401879066957245,0.2610811633001401
603,LiPF6_only,0.2827733469103648,0.05640097540149358,-0.046046743382264
603,LiBOB_wrong_salt_control,0.3129840213044359,0.10767056062388047,0.2884478114268201
603,LiBF4_fluorinated_control,0.4074691368532827,0.15304086595126132,0.7504170662111389
604,state_only,0.27000235493101854,0.16266168604467468,0.2460208538770572
604,chemistry_permuted,0.254272921460292,0.13195874574084732,0.18064201401911117
604,without_LiPF6,0.14831157682439744,0.034437564786917396,0.25608471276674816
604,LiPF6_only,0.2778039808883416,0.04545214007340781,-0.03003865399238803
604,LiBOB_wrong_salt_control,0.3390956913358769,0.12395974650734165,0.4286968580891155
604,LiBF4_fluorinated_control,0.3898299419731185,0.12001517723855537,0.7261037191451318
605,state_only,0.22050386103311448,0.12531779750725391,0.1669385527942321
605,chemistry_permuted,0.2216205127372609,0.10409074115102601,0.15110775960730716
605,without_LiPF6,0.16347825060387067,0.03701659627108822,0.25599375952333236
605,LiPF6_only,0.298305629224353,0.04179875071704631,-0.048223420710130194
605,LiBOB_wrong_salt_control,0.2840250186860267,0.12279561492242697,0.1924230774523228
605,LiBF4_fluorinated_control,0.4286844638398143,0.11083268302931126,0.8055685914693405
606,state_only,0.26671806842644563,0.1527024342507557,0.20147424466642205
606,chemistry_permuted,0.25349590481704454,0.12340595286553002,0.1484080990458404
606,without_LiPF6,0.14671545185888368,0.04029123719514527,0.2555964678628353
606,LiPF6_only,0.30975457539298556,0.04368332112690165,-0.05839483388340616
606,LiBOB_wrong_salt_control,0.3104067409444542,0.12765570091749312,0.37997002714987227
606,LiBF4_fluorinated_control,0.39613967761212576,0.12153814020009701,0.6599893417135274
607,state_only,0.2686022127909069,0.1666633688402116,0.21678013210031954
607,chemistry_permuted,0.24937667772750616,0.13508380186482227,0.15838954710737874
607,without_LiPF6,0.1492269621711093,0.04055631144562866,0.28023805006948366
607,LiPF6_only,0.30357381481370305,0.04880285282907337,-0.05274972502482189
607,LiBOB_wrong_salt_control,0.31662701768150026,0.1271233716459096,0.4975334682128624
607,LiBF4_fluorinated_control,0.41291143186537804,0.12141230235756972,0.7594561229445034
608,state_only,0.2992284495237201,0.15029641952850303,0.21129440881006123
608,chemistry_permuted,0.27893363894123513,0.12164622234434608,0.16846989893715403
608,without_LiPF6,0.1721617295990826,0.027142400149483437,0.2683575342757907
608,LiPF6_only,0.265252749684048,0.04000638077591134,-0.03299483706191486
608,LiBOB_wrong_salt_control,0.29580201064919,0.11968482854353668,0.332814108294161
608,LiBF4_fluorinated_control,0.4136725322492747,0.12198884689057377,0.7672781269085305
609,state_only,0.26240053105230166,0.15654671597294534,0.2131746930978533
609,chemistry_permuted,0.24767651003368896,0.1276809044988214,0.15508614254220332
609,without_LiPF6,0.15387959879025193,0.03611590353079008,0.25580662391153564
609,LiPF6_only,0.3103262463006402,0.06370571938151537,-0.016281316410525992
609,LiBOB_wrong_salt_control,0.3156379150971519,0.12216376084064273,0.38364911963609094
609,LiBF4_fluorinated_control,0.3923724614871339,0.14285649025100045,0.6912499653000654
610,state_only,0.34931759762780745,0.17833710728676766,0.21103013819324057
610,chemistry_permuted,0.34035124986128407,0.1536587229481503,0.18378522232171202
610,without_LiPF6,0.16982869994211858,0.04284885459672061,0.2698364814814287
610,LiPF6_only,0.3546005290574793,0.05571089560844078,-0.04359425974507214
610,LiBOB_wrong_salt_control,0.29112178806702427,0.1438200869858598,0.29385114318438055
610,LiBF4_fluorinated_control,0.47877396828221097,0.13827739773613112,0.8046846408830415
611,state_only,0.30184546517257826,0.17309763245178378,0.24106137908124503
611,chemistry_permuted,0.28572680965986785,0.14113857836234878,0.1763901236733615
611,without_LiPF6,0.1608755527819261,0.02924512800792123,0.28184205712852173
611,LiPF6_only,0.29134461555177205,0.0553823007399884,-0.040576506962397785
611,LiBOB_wrong_salt_control,0.2620341459699421,0.09677726839653611,0.25805577867320195
611,LiBF4_fluorinated_control,0.40416434859671313,0.13041593537371754,0.7293652912833237
612,state_only,0.3015208377024067,0.15038190421334396,0.21483550128529816
612,chemistry_permuted,0.27364528279865097,0.1165762929107802,0.1542331287410107
612,without_LiPF6,0.18687089063897933,0.034546642564021623,0.27102295545086175
612,LiPF6_only,0.2814949753145143,0.046677386600571746,-0.025383438574748007
612,LiBOB_wrong_salt_control,0.38028112751439125,0.15348149833559643,0.5507354533694115
612,LiBF4_fluorinated_control,0.4072176620996002,0.117535150819844,0.7044523620940266
613,state_only,0.262152920042099,0.16194282844732122,0.2375162054841825
613,chemistry_permuted,0.25132085806862037,0.13565475200122057,0.18007131304886748
613,without_LiPF6,0.15525936520682637,0.046970019572780686,0.25636191589266366
613,LiPF6_only,0.2307182891444528,0.06125167219113947,0.027532917756240338
613,LiBOB_wrong_salt_control,0.3187196328556511,0.14504338057052368,0.5178836846320709
613,LiBF4_fluorinated_control,0.3156680116026843,0.13996747384986508,0.6368340574458334
614,state_only,0.2553333908697224,0.15977982848382455,0.20898263956927732
614,chemistry_permuted,0.24028181432690487,0.1308315017727928,0.13395099164407798
614,without_LiPF6,0.15956597686722707,0.04447433093236608,0.2871108267311179
614,LiPF6_only,0.32494816806170534,0.05226769383405028,-0.047316438167884334
614,LiBOB_wrong_salt_control,0.3124650746686706,0.12144210333506544,0.4681779560451226
614,LiBF4_fluorinated_control,0.41896771739771865,0.13303129395534252,0.7598446664501675
615,state_only,0.2505837349643586,0.1387483797466914,0.19619432987499397
615,chemistry_permuted,0.23010744467313626,0.11112355209068248,0.15613795762202454
615,without_LiPF6,0.16353354087483163,0.0433109944465897,0.2591237490104501
615,LiPF6_only,0.2804574095888597,0.03867694832083446,-0.04064091481484611
615,LiBOB_wrong_salt_control,0.29859676383106004,0.11266038332576034,0.28666825862928136
615,LiBF4_fluorinated_control,0.40352577735186046,0.09890134803547257,0.7203161315873914
616,state_only,0.24590940418609875,0.175109692418975,0.253530561810438
616,chemistry_permuted,0.23231513627237954,0.1498982023562947,0.20390488227734993
616,without_LiPF6,0.16134293472237582,0.04528981674164667,0.2392952833395635
616,LiPF6_only,0.25528005827137634,0.06432366031353198,-0.0135776356850692
616,LiBOB_wrong_salt_control,0.339849075514821,0.11477929571890821,0.4067101821125342
616,LiBF4_fluorinated_control,0.36530344541417403,0.1380316585476421,0.7147796396828122
617,state_only,0.28554380631101595,0.15552669989199563,0.22309454373951665
617,chemistry_permuted,0.26823648780718745,0.12877152893383792,0.177824530366389
617,without_LiPF6,0.15713829516084832,0.03762518109885915,0.24701882724501278
617,LiPF6_only,0.29248490000360816,0.04570117523699513,-0.03452733989875334
617,LiBOB_wrong_salt_control,0.29351314540217943,0.12063756622340616,0.3772406975858481
617,LiBF4_fluorinated_control,0.4091543645185003,0.11773138235080483,0.6923589366092521
618,state_only,0.275347364413425,0.18116943347618808,0.2205217620982619
618,chemistry_permuted,0.25744407427963345,0.14392281783434113,0.16460629499222845
618,without_LiPF6,0.16976554492016782,0.0394815831389318,0.27161381623526537
618,LiPF6_only,0.27104486199019473,0.055702664748553454,-0.0581040357977487
618,LiBOB_wrong_salt_control,0.3001343183515187,0.11860668019829612,0.2620831469862436
618,LiBF4_fluorinated_control,0.3942894945232407,0.13916442842606058,0.7048152890436101
619,state_only,0.2288272613703447,0.13693525628043868,0.21577085834260734
619,chemistry_permuted,0.2144939767133638,0.11111425567682887,0.15901050021358643
619,without_LiPF6,0.13008656142341868,0.035077449275094374,0.23803868649439208
619,LiPF6_only,0.23773468729396152,0.044710815194462405,0.009189242072168202
619,LiBOB_wrong_salt_control,0.3293906717741466,0.10434407611964314,0.5243434396563221
619,LiBF4_fluorinated_control,0.34670898108264236,0.12403141878853019,0.7364241432669418
620,state_only,0.28221025286180046,0.14374040603911853,0.2343321591198141
620,chemistry_permuted,0.260871662810539,0.1154332337012377,0.1605335976973823
620,without_LiPF6,0.17463619930610286,0.043667652118247524,0.24232004902314297
620,LiPF6_only,0.26143822114154047,0.03679542996446017,-0.01672423611502538
620,LiBOB_wrong_salt_control,0.37127736150443114,0.1366526728149451,0.6175337282329448
620,LiBF4_fluorinated_control,0.3793830928032632,0.1101720776670514,0.6735505329534016
621,state_only,0.2880448719974641,0.1703479147266339,0.2264626627998556
621,chemistry_permuted,0.27928544713629044,0.14876619832295424,0.16371487306718646
621,without_LiPF6,0.160012407545984,0.031814475076396675,0.29663602371799813
621,LiPF6_only,0.29837411864058283,0.0676378477854962,-0.021375826160076716
621,LiBOB_wrong_salt_control,0.34064358592634103,0.12390171051721321,0.5578845666955529
621,LiBF4_fluorinated_control,0.38941512754082397,0.15834572466338082,0.7199861031968331
622,state_only,0.311906058589143,0.15209059528276514,0.18586774037096954
622,chemistry_permuted,0.29655715775288194,0.12226543258374967,0.15458165403569313
622,without_LiPF6,0.2134094101670151,0.050276968209552075,0.2960245814120863
622,LiPF6_only,0.31198432902315076,0.03548120756200879,-0.07160274616997042
622,LiBOB_wrong_salt_control,0.332407333924288,0.14307627018421454,0.25673367559442484
622,LiBF4_fluorinated_control,0.4646923690712579,0.12595162964900175,0.7686160728671305
623,state_only,0.2780076031558052,0.16234570412857752,0.24700142947939063
623,chemistry_permuted,0.25410644962201634,0.12237310615382191,0.16485916433201542
623,without_LiPF6,0.13119022228731092,0.025701222836568283,0.2440267602199937
623,LiPF6_only,0.23771711575959076,0.030717384568215933,-0.05503331293446556
623,LiBOB_wrong_salt_control,0.34272079275523715,0.11815717582668883,0.5129006581830053
623,LiBF4_fluorinated_control,0.35271070162885354,0.10071842981717904,0.6828549754376638
624,state_only,0.2289191841341035,0.14065003908671647,0.17161749405069637
624,chemistry_permuted,0.22299411279197368,0.11963567574536638,0.1372148578532012
624,without_LiPF6,0.16308868685082234,0.03956207150598057,0.25880970791607294
624,LiPF6_only,0.27213619549515644,0.05376002323095841,-0.0346657468173297
624,LiBOB_wrong_salt_control,0.3156926258831345,0.11678082700974712,0.38223732572646907
624,LiBF4_fluorinated_control,0.3904511464147312,0.1382079364900265,0.7525763294909797
625,state_only,0.319118801932721,0.16629900337468329,0.21282246252873016
625,chemistry_permuted,0.30481974786586286,0.13780797156271463,0.16340990639435216
625,without_LiPF6,0.1649589974511262,0.032658034618402776,0.25539366827918086
625,LiPF6_only,0.328192926326601,0.06265463321058451,-0.022334369271392318
625,LiBOB_wrong_salt_control,0.2581774409000961,0.09907369489409645,0.23225173785469688
625,LiBF4_fluorinated_control,0.4307972362176118,0.14073183609430717,0.7259771982441501
626,state_only,0.2608473988611829,0.12737475395790532,0.18779640496410144
626,chemistry_permuted,0.24284900563125733,0.09871781021072645,0.13472229252161483
626,without_LiPF6,0.14865525761028653,0.03298979770355481,0.24542310889227792
626,LiPF6_only,0.2705582606405129,0.029717692020047815,-0.033832602415385216
626,LiBOB_wrong_salt_control,0.2893426644374901,0.11472161495015354,0.4565908514621133
626,LiBF4_fluorinated_control,0.393521458409519,0.10548929634194837,0.7139324130225319
627,state_only,0.2637793467372803,0.15286927206638445,0.19163351207681534
627,chemistry_permuted,0.25298371403690745,0.12736631317305447,0.14907882596151012
627,without_LiPF6,0.15934983938887004,0.0346201922097914,0.28875012683441825
627,LiPF6_only,0.2860569094180865,0.03960653842214157,-0.06918445982397337
627,LiBOB_wrong_salt_control,0.3038304097958654,0.12845514727244434,0.3594684675425047
627,LiBF4_fluorinated_control,0.4076872403392906,0.12332673312531406,0.7381588243580222
628,state_only,0.31055822239679043,0.16077505157900973,0.20677485378054683
628,chemistry_permuted,0.2972674747757674,0.13382312293709941,0.1620825932644161
628,without_LiPF6,0.1689715638459689,0.0446165313954785,0.2814142302992918
628,LiPF6_only,0.3439014385313013,0.04835571963516261,-0.049403395237041625
628,LiBOB_wrong_salt_control,0.3000832189270197,0.11828590051632693,0.31759845542932497
628,LiBF4_fluorinated_control,0.45147472365133345,0.13415247966837152,0.7616353666362026
629,state_only,0.2740793319530731,0.18040838383480517,0.2525645606308625
629,chemistry_permuted,0.2504422825503513,0.14336484022939555,0.18759808199383377
629,without_LiPF6,0.11325920347467078,0.019727531995842318,0.22670470137688015
629,LiPF6_only,0.2634339875546382,0.05029932436278184,-0.024032417399634576
629,LiBOB_wrong_salt_control,0.3170608892010821,0.10892617115449443,0.3589492393166851
629,LiBF4_fluorinated_control,0.36754231844636465,0.12885688346502533,0.7289094333491626
630,state_only,0.259166936424273,0.1325064950727335,0.20363624468479558
630,chemistry_permuted,0.23983545069930723,0.10207089319845819,0.13288440971498083
630,without_LiPF6,0.15149487112908444,0.036011990281894946,0.2605585521969287
630,LiPF6_only,0.27427043240062465,0.037315662209898126,-0.02108994634369743
630,LiBOB_wrong_salt_control,0.3307709846578324,0.11727115340536554,0.5908959282202191
630,LiBF4_fluorinated_control,0.3930756799224209,0.11509267929606437,0.7275821298589491
631,state_only,0.29435879534036347,0.18524033425896735,0.2557846978438708
631,chemistry_permuted,0.283297309898346,0.1578778086189635,0.20891108083309118
631,without_LiPF6,0.1485253165075957,0.034730677045066716,0.23891703286754895
631,LiPF6_only,0.30309153409874434,0.07016501049607593,0.0077774492874593815
631,LiBOB_wrong_salt_control,0.3344395494588732,0.15062615975696036,0.4854861697647712
631,LiBF4_fluorinated_control,0.411288066681037,0.159799151617963,0.7707580151376001
632,state_only,0.23805437202603408,0.14329232890787746,0.1942745947069412
632,chemistry_permuted,0.2339550983373434,0.12447007446730285,0.1627016111785804
632,without_LiPF6,0.17992148703489996,0.04639812743188576,0.25902458314801813
632,LiPF6_only,0.25468648826316487,0.04008403535483229,-0.04967052048560816
632,LiBOB_wrong_salt_control,0.3176353836796745,0.13176577873149575,0.34716929824666865
632,LiBF4_fluorinated_control,0.40295315456574254,0.12311463766848851,0.7409333456020005
633,state_only,0.2656873334993466,0.15467681667299116,0.20716564344354294
633,chemistry_permuted,0.2553936884671296,0.12904850134656876,0.15840332464235585
633,without_LiPF6,0.12740626033408153,0.02765993500584929,0.2513077872764563
633,LiPF6_only,0.29333749741042137,0.04698287372718102,-0.04119895297929532
633,LiBOB_wrong_salt_control,0.292722947319792,0.08479885329091896,0.31184526240531163
633,LiBF4_fluorinated_control,0.381993427052026,0.1280834834283151,0.7218395848795788
634,state_only,0.30208885917491324,0.14897951055971959,0.16573759516920938
634,chemistry_permuted,0.2907132581739126,0.12683593415124705,0.1265985275665511
634,without_LiPF6,0.2139280956924875,0.04274041593491973,0.28662505512783776
634,LiPF6_only,0.2859745837594948,0.04790373471844056,-0.07135063714966738
634,LiBOB_wrong_salt_control,0.32243877611289773,0.11740530985915187,0.2914161707904417
634,LiBF4_fluorinated_control,0.4258752516216677,0.13182775763019194,0.6698180063390912
635,state_only,0.2877996816099688,0.15458180630311602,0.2367906546153189
635,chemistry_permuted,0.2712334610036504,0.12851029116388624,0.18464610970676243
635,without_LiPF6,0.15814930621410073,0.037306433814740636,0.23657201392048854
635,LiPF6_only,0.28350057960488984,0.04440611139417128,-0.005438757941945815
635,LiBOB_wrong_salt_control,0.35181816277913835,0.12660059901076381,0.44300915120521633
635,LiBF4_fluorinated_control,0.3997048426226857,0.12770856136841258,0.7122216158972305
636,state_only,0.2527987046505549,0.1418442937715032,0.18376336924333958
636,chemistry_permuted,0.2346726462922012,0.11291367739474012,0.13187814156468114
636,without_LiPF6,0.1793424495783592,0.054864897537364454,0.269407914683225
636,LiPF6_only,0.2539144350558352,0.04577660006770712,-0.03811251837594154
636,LiBOB_wrong_salt_control,0.3118111102764586,0.11359543586041987,0.31893397753464625
636,LiBF4_fluorinated_control,0.3767247172485646,0.12861013468993787,0.7060848011119351
637,state_only,0.24844590026079116,0.12727892430012466,0.18044509294354694
637,chemistry_permuted,0.2367354996644644,0.099363143663317,0.1298412780778503
637,without_LiPF6,0.15086727155898538,0.04945748128128058,0.3021402139122473
637,LiPF6_only,0.29619852767386046,0.025383483390586492,-0.05282795507518778
637,LiBOB_wrong_salt_control,0.26753493095787495,0.11825142124802479,0.3984655789032969
637,LiBF4_fluorinated_control,0.40757846716453383,0.11036662173130607,0.7524950918719915
638,state_only,0.2658888524868779,0.1705619440687447,0.2146196760206841
638,chemistry_permuted,0.25885370125142537,0.1508624949381725,0.1927180161845946
638,without_LiPF6,0.14072670406625298,0.024326117930066893,0.24513865423997905
638,LiPF6_only,0.2733343323307409,0.06794899090403783,-0.01236941966931282
638,LiBOB_wrong_salt_control,0.331932459210344,0.1597277667126712,0.38824087318024425
638,LiBF4_fluorinated_control,0.3818703527128562,0.14975039723152606,0.7246042374854877
639,state_only,0.2813597584930283,0.16925288866468213,0.23179850715335937
639,chemistry_permuted,0.2606219427152372,0.13232944333967012,0.16330422576121806
639,without_LiPF6,0.14490423531305152,0.03243729108436755,0.24330485160203763
639,LiPF6_only,0.25871200010991635,0.05689039704220389,-0.004071845683810804
639,LiBOB_wrong_salt_control,0.33085554562601427,0.13241425382133432,0.43733321244015877
639,LiBF4_fluorinated_control,0.37676217923121924,0.13818224855556593,0.7238277572953183
640,state_only,0.20897556507922033,0.14020758997595417,0.19110172279706905
640,chemistry_permuted,0.20322104237360405,0.11741943372364749,0.15675633119418741
640,without_LiPF6,0.11681088851816013,0.03268855293847761,0.25479475545651065
640,LiPF6_only,0.25863836973370335,0.04305911520071681,-0.04258510163202356
640,LiBOB_wrong_salt_control,0.2785958390795944,0.09628764684770252,0.2713687902221259
640,LiBF4_fluorinated_control,0.3581864121044651,0.11090866879718964,0.7158575490570573
641,state_only,0.25504251226081065,0.15863747834855058,0.22920072963369875
641,chemistry_permuted,0.23309421924185192,0.12483048640715422,0.17050986130621182
641,without_LiPF6,0.16404659757707019,0.0520858372743348,0.24633550992934616
641,LiPF6_only,0.23022985772319693,0.042170275497118825,-0.010935231715184957
641,LiBOB_wrong_salt_control,0.31133572824452316,0.11497032717788636,0.39642887254971126
641,LiBF4_fluorinated_control,0.36549464085216465,0.12498392894961918,0.7043645317004603
642,state_only,0.2811141554309493,0.16673761348556604,0.2351648115328685
642,chemistry_permuted,0.2649638123795648,0.13041475808508296,0.15297245526595382
642,without_LiPF6,0.12100448592185009,0.03577774056125327,0.23446968966524506
642,LiPF6_only,0.2839197226736675,0.04399493892246442,-0.01628441171133277
642,LiBOB_wrong_salt_control,0.3399833589484834,0.13567185861094322,0.5078922235457553
642,LiBF4_fluorinated_control,0.37873163766059936,0.13978484005342406,0.7046813411783746
643,state_only,0.25848613594687564,0.16707692647552108,0.24025550794127504
643,chemistry_permuted,0.24694133251117578,0.13802422748367493,0.17946559997383194
643,without_LiPF6,0.16853504386599927,0.06076201801158132,0.26184596769118185
643,LiPF6_only,0.2797084214007519,0.057136967001442884,-0.01803916006434103
643,LiBOB_wrong_salt_control,0.3388766776798272,0.1489120420059582,0.5656193653970751
643,LiBF4_fluorinated_control,0.3765961155968829,0.13112259917920543,0.6879426494041068
644,state_only,0.2936882529286239,0.1804023805669679,0.28618056271784753
644,chemistry_permuted,0.26770651516190136,0.13659404610954273,0.17638561143682974
644,without_LiPF6,0.13163883749323135,0.02898010821996011,0.2507901003679829
644,LiPF6_only,0.2785556134054401,0.04754831983465457,0.0005876999456218002
644,LiBOB_wrong_salt_control,0.30517908560283835,0.1184667007836957,0.5472401872476996
644,LiBF4_fluorinated_control,0.36979967450768503,0.1335505780042554,0.673820476686187
645,state_only,0.2804046775718507,0.17305014210259884,0.2460619381119148
645,chemistry_permuted,0.26516033207348777,0.14705036734551402,0.20322625061745514
645,without_LiPF6,0.12989831437617472,0.025865888245117152,0.2487399896098368
645,LiPF6_only,0.30748544866372385,0.05946173460606008,0.007492020224112328
645,LiBOB_wrong_salt_control,0.3324589461245743,0.1596306167070375,0.4536006376824928
645,LiBF4_fluorinated_control,0.40986684531830686,0.13367423600904493,0.7471724848957872
646,state_only,0.2692597131329625,0.13272019664852153,0.21454841962458138
646,chemistry_permuted,0.2559123955973983,0.10580748611538282,0.14149194981294744
646,without_LiPF6,0.15465619534008068,0.0345731392001668,0.2916433087474759
646,LiPF6_only,0.2781954286125038,0.033703042096719926,-0.016789035726474943
646,LiBOB_wrong_salt_control,0.3059365599449396,0.1211204347961129,0.547573051812562
646,LiBF4_fluorinated_control,0.405491582016399,0.10521212542136305,0.7209497706227392
647,state_only,0.26814413348011634,0.16316301921292076,0.24064141640095638
647,chemistry_permuted,0.2545645007091545,0.13556992275848134,0.18533210308665793
647,without_LiPF6,0.12521801548606637,0.03185375050849171,0.22466815857854616
647,LiPF6_only,0.28199437838352315,0.055494914842661336,-0.02067755161482754
647,LiBOB_wrong_salt_control,0.3144591078351656,0.11374320928875636,0.3579332917850916
647,LiBF4_fluorinated_control,0.3744942836173861,0.13674341992348016,0.6556904034840226
648,state_only,0.26690338173199946,0.14630892229471193,0.1785920823371433
648,chemistry_permuted,0.25601255672391066,0.11874464817823271,0.130130922418365
648,without_LiPF6,0.1555387963396665,0.028734538607462445,0.269593605843505
648,LiPF6_only,0.28888404544493873,0.049353709282364044,-0.053108951623282774
648,LiBOB_wrong_salt_control,0.2569693312190189,0.08106723403274341,0.1834215080073598
648,LiBF4_fluorinated_control,0.40992693361459165,0.1309348288623965,0.7526025412721977
649,state_only,0.26666418532087277,0.16349970427995764,0.25994217615167337
649,chemistry_permuted,0.24712449525301317,0.12961944449510365,0.1854987651759068
649,without_LiPF6,0.1661242230266048,0.0459287469444446,0.2853693820968619
649,LiPF6_only,0.28312875090086964,0.04207071359760861,-0.01743806239301937
649,LiBOB_wrong_salt_control,0.2948790224340284,0.11858223467187234,0.4466254336856451
649,LiBF4_fluorinated_control,0.41201804184467417,0.112624076229071,0.7724833405653799
650,state_only,0.2071577550497904,0.14348741901904682,0.209530165934255
650,chemistry_permuted,0.19678183665396898,0.11840105118633071,0.17050947327146737
650,without_LiPF6,0.15798515568983296,0.06291310022251051,0.2695014160086371
650,LiPF6_only,0.2393450035577005,0.03994761431552307,-0.03214949249376031
650,LiBOB_wrong_salt_control,0.27597363389125473,0.09740933759288939,0.32452348249999463
650,LiBF4_fluorinated_control,0.3623438734703024,0.11341217605411458,0.7680459924928162
651,state_only,0.3121310220680127,0.19386865419202248,0.2388843665233621
651,chemistry_permuted,0.30068660126335767,0.16656438607572477,0.17538934273989393
651,without_LiPF6,0.14949096188889965,0.023598491172942326,0.2537430055327272
651,LiPF6_only,0.3147407511093625,0.07241228593551552,-0.01686969898051971
651,LiBOB_wrong_salt_control,0.32584634644298394,0.13044863955867914,0.4536314737793724
651,LiBF4_fluorinated_control,0.3961760746012378,0.14934928557916238,0.7042198267988904
652,state_only,0.2344056961281651,0.12870150601098895,0.18406890507104767
652,chemistry_permuted,0.22498889805657907,0.11199605731311524,0.14520424082258487
652,without_LiPF6,0.17053057325051635,0.040836169950678736,0.29169448166852785
652,LiPF6_only,0.2621313635652439,0.03965525293160599,-0.04139912542130597
652,LiBOB_wrong_salt_control,0.32961380289736275,0.1172481269612693,0.4746005302619295
652,LiBF4_fluorinated_control,0.36786401353964115,0.11774642787441392,0.7034357201075732
653,state_only,0.32362954217939166,0.17049435771247612,0.19870148581370062
653,chemistry_permuted,0.3128954417736688,0.14369019713858588,0.16031050764219335
653,without_LiPF6,0.14372536588721718,0.023872801956318357,0.24738331762241128
653,LiPF6_only,0.3582614651022006,0.054349339922296735,-0.0600823451794702
653,LiBOB_wrong_salt_control,0.29569667309043046,0.1198810881305914,0.25901283803617936
653,LiBF4_fluorinated_control,0.4505243782987669,0.13191571241541966,0.7287556314848106
654,state_only,0.2672116979014937,0.1506794101697012,0.21980944148438353
654,chemistry_permuted,0.2501465617523726,0.11813923339692745,0.14936198869485096
654,without_LiPF6,0.1470572010726422,0.043722375594207774,0.24925465247610767
654,LiPF6_only,0.298628669131079,0.0449666315746029,-0.02550850351581402
654,LiBOB_wrong_salt_control,0.30346084142099783,0.09945743636519266,0.4423951850943093
654,LiBF4_fluorinated_control,0.39112221704094163,0.12146867623570023,0.7052340362226894
655,state_only,0.29609957029143397,0.1575194650821432,0.21175142348667553
655,chemistry_permuted,0.2833362113718466,0.12740228755687544,0.17152439527907282
655,without_LiPF6,0.17731130323862287,0.04702240503081623,0.2622534082235902
655,LiPF6_only,0.3303556038139661,0.049146962054959054,-0.026316213494254503
655,LiBOB_wrong_salt_control,0.27141926086609025,0.12048657350968173,0.26213794087468234
655,LiBF4_fluorinated_control,0.455642264393864,0.1328431908238591,0.7721917018989999
656,state_only,0.23468952193849213,0.14859575596182284,0.24723127249471477
656,chemistry_permuted,0.22991880703700973,0.12819906153138882,0.21926121808347598
656,without_LiPF6,0.1699230172607964,0.050530918224162,0.22014128748433237
656,LiPF6_only,0.2509709356947971,0.057984325187672825,0.030562215950606042
656,LiBOB_wrong_salt_control,0.34606400226224787,0.15888272921476376,0.44346204611438
656,LiBF4_fluorinated_control,0.3897799338980398,0.11915295124202063,0.7773787075998253
657,state_only,0.26795322548141765,0.12192607286185764,0.15919238958113968
657,chemistry_permuted,0.2516960928738874,0.10099337854676882,0.12773788329229285
657,without_LiPF6,0.1729856547552403,0.022610334128888132,0.24005564223611953
657,LiPF6_only,0.26139270834189954,0.03334161801292557,-0.03436659680272547
657,LiBOB_wrong_salt_control,0.3008450079409791,0.09804626357807367,0.285133257667489
657,LiBF4_fluorinated_control,0.40444455204272356,0.10728820252640714,0.7016396156540239
658,state_only,0.19286021178210255,0.14683461811028875,0.2403801818105925
658,chemistry_permuted,0.17278283136857997,0.11491607562432249,0.18324344801200576
658,without_LiPF6,0.18318559265363232,0.06266603323387954,0.23978057080753556
658,LiPF6_only,0.17143348568503647,0.042396950460413585,-0.006419004910000692
658,LiBOB_wrong_salt_control,0.3453731843449298,0.130469505010534,0.48232579581364354
658,LiBF4_fluorinated_control,0.330559886361688,0.11007678746103533,0.7490643801021437
659,state_only,0.24914630552104922,0.15363565692359116,0.24969110880344347
659,chemistry_permuted,0.22260352352470358,0.11912804307051239,0.1607583777495527
659,without_LiPF6,0.1281395556273235,0.030065701460786576,0.23078723499817166
659,LiPF6_only,0.24388672392612132,0.04026696471520419,-0.024836425773616222
659,LiBOB_wrong_salt_control,0.30599514651184767,0.09748751702999481,0.4377942326625138
659,LiBF4_fluorinated_control,0.33898404699964024,0.11225537343946335,0.651062613459136
660,state_only,0.2655444299957953,0.16263952119258485,0.23141360566774782
660,chemistry_permuted,0.25097603595344953,0.13192093443421948,0.17362954167907807
660,without_LiPF6,0.12445057811887916,0.03121499092084412,0.282977267608292
660,LiPF6_only,0.3140512626998325,0.04272890258288731,-0.0535935633033503
660,LiBOB_wrong_salt_control,0.2460649565212658,0.10455918270442666,0.299478720317646
660,LiBF4_fluorinated_control,0.41613566483548514,0.12105866792190267,0.724307546810941
661,state_only,0.31909573397493973,0.16849007823951268,0.2032881096908703
661,chemistry_permuted,0.30826426683535957,0.140101535953721,0.1716446116893534
661,without_LiPF6,0.15937176341972148,0.030444326748084616,0.2871516514842397
661,LiPF6_only,0.3436846153402422,0.0457646990858116,-0.07103222319694014
661,LiBOB_wrong_salt_control,0.21137447480111005,0.10214117582890514,0.126563700959627
661,LiBF4_fluorinated_control,0.4585136362271549,0.1322368815679804,0.774717838499948
662,state_only,0.22915114728849018,0.1446538968512674,0.23568284014629992
662,chemistry_permuted,0.2074959265367019,0.11071093027129852,0.17569889891744384
662,without_LiPF6,0.15130088695519472,0.05183369973621321,0.2421152438588089
662,LiPF6_only,0.2377392905335579,0.038478928024808456,-0.012851579735134289
662,LiBOB_wrong_salt_control,0.30117033339146804,0.10177797420645696,0.3993098361762246
662,LiBF4_fluorinated_control,0.3767473110060163,0.116412020072581,0.7839472956553273
663,state_only,0.26718724917906456,0.13238518064487625,0.1762929130954355
663,chemistry_permuted,0.2624100743631371,0.11484802244511305,0.16653826560414242
663,without_LiPF6,0.1979325139004502,0.044509379734125276,0.26393994944190924
663,LiPF6_only,0.30244849219378234,0.04003732107810354,-0.05526846521356421
663,LiBOB_wrong_salt_control,0.29219616824135586,0.1331902153229052,0.24539995220135613
663,LiBF4_fluorinated_control,0.45460250184373363,0.11439805646636514,0.7646273175854901
664,state_only,0.2994126795770845,0.165900541581246,0.20844019792488733
664,chemistry_permuted,0.28522718974922445,0.14198658524029328,0.1687713393258672
664,without_LiPF6,0.14298384595371816,0.027371180660831107,0.3070146450389909
664,LiPF6_only,0.3015782134958873,0.05530017642455998,-0.036794962710981816
664,LiBOB_wrong_salt_control,0.28184305113279484,0.12707362789506382,0.39321682375482436
664,LiBF4_fluorinated_control,0.3999422394940929,0.13209280144693436,0.7402658469835639
665,state_only,0.3099291130182811,0.14681873054973638,0.17898501128289956
665,chemistry_permuted,0.29184281051719785,0.1262323442111556,0.1410413771388982
665,without_LiPF6,0.19201927616765901,0.030612305510160587,0.2792751856172623
665,LiPF6_only,0.30902034400616174,0.05068774035324364,-0.03477455182127753
665,LiBOB_wrong_salt_control,0.3237550267628654,0.11490386487351834,0.3094263503584902
665,LiBF4_fluorinated_control,0.4327879346816733,0.11674155178580459,0.7318873623506716
666,state_only,0.2405236873826594,0.1517619673825641,0.2167569211064453
666,chemistry_permuted,0.22657108926436276,0.12594188435290932,0.17598186697275076
666,without_LiPF6,0.14738043837746095,0.03673773607755404,0.24780836911557147
666,LiPF6_only,0.2662263390712777,0.05088896331448989,-0.003151714420745244
666,LiBOB_wrong_salt_control,0.3088036183592905,0.13685337434598877,0.3847804789330812
666,LiBF4_fluorinated_control,0.3819645359775675,0.10451466860463043,0.7380166467812932
667,state_only,0.31189815849386826,0.1726111529346881,0.2490898096405012
667,chemistry_permuted,0.2871607398988717,0.1399847114080427,0.1897668798602139
667,without_LiPF6,0.1795660800093729,0.04761918037093149,0.23050129679018905
667,LiPF6_only,0.2588652527361779,0.04358660954766891,-0.022994108851712824
667,LiBOB_wrong_salt_control,0.35701206793286333,0.12356041558745279,0.4094401204317336
667,LiBF4_fluorinated_control,0.3871635874859194,0.11644262551433382,0.6705933196683103
668,state_only,0.28667068888186065,0.16952482279695735,0.20772530414607515
668,chemistry_permuted,0.2794529316583457,0.14666131483780886,0.1865684989693297
668,without_LiPF6,0.1438122601822701,0.02307145257692389,0.2490795721856346
668,LiPF6_only,0.31157883503392236,0.06123810604981694,-0.026968163829526937
668,LiBOB_wrong_salt_control,0.23153513481356802,0.0998877452696918,0.16490164179458
668,LiBF4_fluorinated_control,0.43759238406907064,0.1359768329296288,0.8022107010384518
669,state_only,0.2516755343635362,0.14833976096474566,0.21167296457568108
669,chemistry_permuted,0.2378755557450678,0.11632997768241193,0.14477624933669297
669,without_LiPF6,0.16959252800760816,0.04423195536438129,0.2887195273000036
669,LiPF6_only,0.2591392187466297,0.04396836018203376,-0.03035822687715417
669,LiBOB_wrong_salt_control,0.24185215153352924,0.08372776373864455,0.2505136553015026
669,LiBF4_fluorinated_control,0.3905261008359534,0.13511406733001707,0.7433974920807513
670,state_only,0.29545704414090246,0.1586767414547452,0.2136330857834161
670,chemistry_permuted,0.2873070363314363,0.1315645222786248,0.16056464711797402
670,without_LiPF6,0.1725320560181709,0.05528994559608946,0.2741181914046522
670,LiPF6_only,0.30595730240010555,0.04819865299457238,-0.02946651704150738
670,LiBOB_wrong_salt_control,0.29258125196432694,0.10672215352339265,0.3819975626516122
670,LiBF4_fluorinated_control,0.42564083725681756,0.13684870614980127,0.7495957627223397
671,state_only,0.27544382484162133,0.1586816092222333,0.23741562729163912
671,chemistry_permuted,0.25725183331469004,0.12381221358144467,0.17826971411597559
671,without_LiPF6,0.2150842237500613,0.06667260205116965,0.26664618981916766
671,LiPF6_only,0.22827668801957723,0.035984173960332155,-0.0013943750911962205
671,LiBOB_wrong_salt_control,0.34157383550939746,0.1590518529460606,0.47282012556512354
671,LiBF4_fluorinated_control,0.40051236889346964,0.11061270115438326,0.7537721161806803
672,state_only,0.23210581840173206,0.1450823088039277,0.2532703870235635
672,chemistry_permuted,0.21072292081512478,0.10787732724181243,0.18154958541166788
672,without_LiPF6,0.17447709536567735,0.053367343240513065,0.23593753497122494
672,LiPF6_only,0.2284355322182967,0.05022500043854594,0.01444998361774763
672,LiBOB_wrong_salt_control,0.3368069929623324,0.12096922002223942,0.5446664905692655
672,LiBF4_fluorinated_control,0.3547905575570195,0.11431025545180173,0.6984374751515874
673,state_only,0.2913036830252327,0.16639239693958152,0.2200524318568905
673,chemistry_permuted,0.27557410703756036,0.13840650331911208,0.1682546633952603
673,without_LiPF6,0.15975747495725046,0.04958471604464265,0.2719541594618896
673,LiPF6_only,0.29844204521667184,0.04938750036119888,-0.0281391710576534
673,LiBOB_wrong_salt_control,0.30395250437007404,0.13742529474792053,0.3970962113321407
673,LiBF4_fluorinated_control,0.38872255702993697,0.11982950245234825,0.6950648145252201
674,state_only,0.284998411056251,0.14500173956276963,0.203941899954021
674,chemistry_permuted,0.2665350444128032,0.11290687688137147,0.15920400233074838
674,without_LiPF6,0.16825569572391663,0.03180467986990321,0.25083264117526916
674,LiPF6_only,0.3081329478653376,0.051245817509431024,-0.014625202205676313
674,LiBOB_wrong_salt_control,0.35350786253556454,0.14385907244810825,0.38921695532056944
674,LiBF4_fluorinated_control,0.42859898876155367,0.12039937627406694,0.7435530378053454
675,state_only,0.2215317197622363,0.13887976757196274,0.20944657216228713
675,chemistry_permuted,0.2068303345039355,0.11011836135025344,0.14435567164879526
675,without_LiPF6,0.16693609887048244,0.0666915728485008,0.25283934284153486
675,LiPF6_only,0.2584036617340506,0.049026046512433696,-0.007276568356349822
675,LiBOB_wrong_salt_control,0.33099370424696006,0.15050192812168905,0.5429089551827847
675,LiBF4_fluorinated_control,0.372830626673334,0.12302709193135897,0.7422953359552817
676,state_only,0.22661613040903927,0.13620394290701476,0.18540606603533194
676,chemistry_permuted,0.21595794851552796,0.11139234997070913,0.1439335841160282
676,without_LiPF6,0.16393138805870655,0.05554373382942268,0.2598720230940863
676,LiPF6_only,0.2635507042705304,0.050576139080760085,-0.015181229019858633
676,LiBOB_wrong_salt_control,0.2754832074575302,0.12126474773886042,0.3838643890593163
676,LiBF4_fluorinated_control,0.38209575223650405,0.1304666625758949,0.7572038380216547
677,state_only,0.29876928063216035,0.1878835246766628,0.24063850848629043
677,chemistry_permuted,0.2721417164166553,0.14710111803545012,0.17453001321636408
677,without_LiPF6,0.11461766134415974,0.024438925411024104,0.22349999081830574
677,LiPF6_only,0.27139196352476014,0.049204684712108704,-0.06927730493489748
677,LiBOB_wrong_salt_control,0.2924297161712983,0.09990885077657974,0.3340521472244208
677,LiBF4_fluorinated_control,0.3684449515233723,0.1215181103991303,0.6310135976684532
678,state_only,0.3101196611843525,0.17294867920787838,0.21066130968243824
678,chemistry_permuted,0.29942223602089435,0.14587103459326134,0.17684363181795126
678,without_LiPF6,0.17794880951094671,0.038961793493532904,0.27974514277334406
678,LiPF6_only,0.3199643208955286,0.05086399630204752,-0.05482325337203631
678,LiBOB_wrong_salt_control,0.29603379532944885,0.11685258947569066,0.25688406855810186
678,LiBF4_fluorinated_control,0.454878550465435,0.13952097403132036,0.7594832868298229
679,state_only,0.27347878236524426,0.15388568673133396,0.21848807980371565
679,chemistry_permuted,0.26194107081673057,0.12325064410816389,0.17527067905903315
679,without_LiPF6,0.15106312927507182,0.039491349533890885,0.2650023680582423
679,LiPF6_only,0.3054376733059905,0.043292117675433284,-0.029417253295808465
679,LiBOB_wrong_salt_control,0.2667112362473003,0.13740314021896538,0.35233811517083535
679,LiBF4_fluorinated_control,0.4500428392798208,0.12369766142500571,0.8282723710950293
680,state_only,0.2602300647228464,0.15578685509785795,0.19255958701167974
680,chemistry_permuted,0.25182300762024357,0.12867181584384513,0.14274750124699798
680,without_LiPF6,0.16349385994002985,0.05319479957143769,0.2604535557214043
680,LiPF6_only,0.31238812662168947,0.05236424361961578,-0.05517747541430018
680,LiBOB_wrong_salt_control,0.2632417054560584,0.12038241614296319,0.3136766344261239
680,LiBF4_fluorinated_control,0.42062062075040063,0.13857891139230605,0.718687044694782
681,state_only,0.2675286577761725,0.16825216385289787,0.21553776492813503
681,chemistry_permuted,0.25766253658133575,0.14787166523337936,0.18685900521673504
681,without_LiPF6,0.15750646654336964,0.0297007492435728,0.24067716259541572
681,LiPF6_only,0.26919244068559767,0.05750279379813927,-0.029173945269047374
681,LiBOB_wrong_salt_control,0.3133236339214367,0.11738289827347592,0.2823452782457989
681,LiBF4_fluorinated_control,0.3737736621406452,0.128734755874371,0.6998375663532983
682,state_only,0.29402231367605725,0.17583942350114312,0.214129203662914
682,chemistry_permuted,0.28090640596602323,0.1505114318658597,0.16349180763449078
682,without_LiPF6,0.14690109731609213,0.02195807553610185,0.2630721552795595
682,LiPF6_only,0.2735233699306935,0.06166467057761549,-0.011128498753670057
682,LiBOB_wrong_salt_control,0.3158179504434744,0.13290826989801308,0.4293212981636738
682,LiBF4_fluorinated_control,0.37670174020646674,0.1429841490190925,0.7025222458857612
683,state_only,0.21117281721619163,0.13667426112352454,0.20920589966620529
683,chemistry_permuted,0.2030952910812659,0.10946589190116418,0.15486313210537828
683,without_LiPF6,0.14085421588968028,0.04344505156950329,0.2488289778873568
683,LiPF6_only,0.2494735059025961,0.040737237239981905,-0.034894534311264325
683,LiBOB_wrong_salt_control,0.2732873295031373,0.10695222226430068,0.33269999281399676
683,LiBF4_fluorinated_control,0.37300111396527713,0.11531679388369764,0.7403563797894372
684,state_only,0.2716640626192611,0.15657254007790222,0.25759767446679516
684,chemistry_permuted,0.2543508996954519,0.12159298325623913,0.18480393738572765
684,without_LiPF6,0.1691253433363329,0.04316728133870851,0.25834723290237327
684,LiPF6_only,0.2842653181696425,0.04373138600031423,-0.018465802739954684
684,LiBOB_wrong_salt_control,0.2968245425941708,0.11246564773102719,0.3974119728195422
684,LiBF4_fluorinated_control,0.4084619017378953,0.12031601505560952,0.7610799684127634
685,state_only,0.3192850958274672,0.1740914701720936,0.21597840698783832
685,chemistry_permuted,0.31082639307598425,0.15266291013782385,0.15439139798679535
685,without_LiPF6,0.1595221259063453,0.05208515748450171,0.28777809056792425
685,LiPF6_only,0.35206120974219635,0.04368927389474597,-0.08350298025418068
685,LiBOB_wrong_salt_control,0.25790278102759545,0.10296679731983449,0.3971478478712531
685,LiBF4_fluorinated_control,0.4214465218936104,0.12735591616286068,0.6551854479405329
686,state_only,0.26175955492832237,0.15121898746782947,0.2067978312887112
686,chemistry_permuted,0.25093187857517407,0.1288380656647924,0.1692697362521356
686,without_LiPF6,0.14036117483342503,0.031772803496726176,0.25235116061599083
686,LiPF6_only,0.3083027710882382,0.05044736912428549,-0.022119040128817713
686,LiBOB_wrong_salt_control,0.311625678433348,0.13858081459636884,0.3505629739000401
686,LiBF4_fluorinated_control,0.4017708076911519,0.11416002589760166,0.7425294297249883
687,state_only,0.23128478573956868,0.11869197759340033,0.17224623895849256
687,chemistry_permuted,0.21864128551267636,0.0955862799820012,0.1405378722767675
687,without_LiPF6,0.1517212791712238,0.027240721055105777,0.27914045194728
687,LiPF6_only,0.2622976990925602,0.028014872036529304,-0.049005734783433064
687,LiBOB_wrong_salt_control,0.2835068856995788,0.09748045043487374,0.22348570381936195
687,LiBF4_fluorinated_control,0.4132652650926403,0.11140372163599033,0.7836426616361188
688,state_only,0.2474116516187651,0.14892220393511602,0.19744215994067105
688,chemistry_permuted,0.22994509448164013,0.11928482127740647,0.14807692195219568
688,without_LiPF6,0.13473674753649534,0.030735775663709775,0.27364849614967934
688,LiPF6_only,0.24782153888669678,0.031130840699867268,-0.06968645823804098
688,LiBOB_wrong_salt_control,0.2721712637816841,0.09682705408071535,0.3174612000835325
688,LiBF4_fluorinated_control,0.3676639319556887,0.10448393474689144,0.7103686304193237
689,state_only,0.30958401306092787,0.17284911085561927,0.20737705929319727
689,chemistry_permuted,0.2909216527572127,0.1405594416708713,0.16038179479924974
689,without_LiPF6,0.15506214336593027,0.03113572416664212,0.24999942855131208
689,LiPF6_only,0.2949409587531292,0.05338116692669492,-0.03375634172506081
689,LiBOB_wrong_salt_control,0.2868665522763897,0.09895776424058333,0.26465169143755585
689,LiBF4_fluorinated_control,0.4070591001934841,0.1313551155274233,0.7110261238983278
690,state_only,0.2743217682128658,0.16894393811238217,0.22439620208217737
690,chemistry_permuted,0.2618863500827908,0.14379961085815163,0.1863406521122415
690,without_LiPF6,0.17183655522119945,0.04710388183962755,0.26347344296712716
690,LiPF6_only,0.2869053551573528,0.058511420114197854,-0.03354391566514159
690,LiBOB_wrong_salt_control,0.331938858426732,0.13526570188723952,0.33754602839039183
690,LiBF4_fluorinated_control,0.41303196813625587,0.13116089758710758,0.7696439943235545
691,state_only,0.3046794268413835,0.15614839912212197,0.21890898986443896
691,chemistry_permuted,0.28763380335335287,0.12972097369098645,0.16937482761340206
691,without_LiPF6,0.15350312138650057,0.031261086965826634,0.2295297343282997
691,LiPF6_only,0.3326689544261424,0.06081395619646768,-0.005477843265791815
691,LiBOB_wrong_salt_control,0.33543437064697146,0.13012367240964084,0.40485329917989243
691,LiBF4_fluorinated_control,0.4268602364420192,0.13747525685357287,0.7115113696587574
692,state_only,0.27688289214074546,0.16835963166313228,0.21104981366318298
692,chemistry_permuted,0.2726306453548365,0.14787671661247326,0.16976527926329799
692,without_LiPF6,0.1652032915847781,0.043859348526923414,0.2819940325940836
692,LiPF6_only,0.3264814928895977,0.05671388876775563,-0.032712706315987994
692,LiBOB_wrong_salt_control,0.3055254767849841,0.14034983378667043,0.414475382444083
692,LiBF4_fluorinated_control,0.4216140519336289,0.1399196498276002,0.7525895599642111
693,state_only,0.27642690355912325,0.16719844578935217,0.2705364462368026
693,chemistry_permuted,0.2567034592023104,0.13615954751992587,0.18599705105251052
693,without_LiPF6,0.11876562391989531,0.033240830130323085,0.21523088261483547
693,LiPF6_only,0.3033543478326678,0.05998004384822675,0.0075163303960643635
693,LiBOB_wrong_salt_control,0.2849067585621077,0.10046765579921169,0.5131029681408409
693,LiBF4_fluorinated_control,0.3773392088252804,0.13237822090846807,0.6577310233582498
694,state_only,0.2697521762658618,0.1516700956191256,0.23148518392572426
694,chemistry_permuted,0.24017908846828706,0.11689618346892194,0.15118678499070115
694,without_LiPF6,0.1661957942842095,0.02526775237613399,0.25786442602096105
694,LiPF6_only,0.2506923893462458,0.04064575222842204,-0.03594700339684842
694,LiBOB_wrong_salt_control,0.3558078760497696,0.09807213337715759,0.42638879738026236
694,LiBF4_fluorinated_control,0.3623239933008259,0.11627810237983893,0.6535170882481209
695,state_only,0.2564632820825228,0.13495086746059126,0.19108790428993738
695,chemistry_permuted,0.23843745244872883,0.1118979660666154,0.13779714681241528
695,without_LiPF6,0.14176202546898564,0.026675219264315708,0.25477456062171344
695,LiPF6_only,0.2749330589721469,0.04443374418718449,-0.007935214848496241
695,LiBOB_wrong_salt_control,0.2956686724671471,0.09772808171658554,0.40598583520651155
695,LiBF4_fluorinated_control,0.3738486885762077,0.11771455681929088,0.7130293250206876
696,state_only,0.23814843440447575,0.14941975805155128,0.2554092551716898
696,chemistry_permuted,0.21470790975773368,0.11550133427263154,0.17102169209959306
696,without_LiPF6,0.12771164569265991,0.038520913545391,0.237361993006045
696,LiPF6_only,0.24317414543764182,0.02948145337363095,-0.012934171830913721
696,LiBOB_wrong_salt_control,0.3286282475285016,0.126349074719189,0.6032360617791375
696,LiBF4_fluorinated_control,0.3776734107248314,0.10000481174925246,0.7679998730242177
697,state_only,0.24184589231328313,0.14479874574167817,0.20221836597070397
697,chemistry_permuted,0.22925681074722948,0.1172147086231411,0.1667049182131266
697,without_LiPF6,0.1742272954293017,0.05404171614077158,0.24629842840926675
697,LiPF6_only,0.27670175793430307,0.043634508015005014,-0.048952235346976014
697,LiBOB_wrong_salt_control,0.32230997823650387,0.1320692494759006,0.33716319914097115
697,LiBF4_fluorinated_control,0.40326526526130857,0.11726790588519242,0.7279746081784355
698,state_only,0.29330344995932867,0.1697341004306515,0.21755205830057578
698,chemistry_permuted,0.27473445244537487,0.13819569962791922,0.151564518207144
698,without_LiPF6,0.14637980774067727,0.0390399174955921,0.25956849594264986
698,LiPF6_only,0.33071921136390625,0.047229910630755656,-0.05265919310979661
698,LiBOB_wrong_salt_control,0.28408045538637483,0.10480202007893336,0.3311870861593421
698,LiBF4_fluorinated_control,0.4333236683938487,0.1361273231033714,0.7315985039732467
699,state_only,0.21139173856656268,0.13727794268370686,0.19123880592051667
699,chemistry_permuted,0.19857707322986007,0.11277629491689545,0.15289650698451884
699,without_LiPF6,0.16401172735193126,0.0383884614597263,0.2662177732977803
699,LiPF6_only,0.23659330738944206,0.03513679209279286,-0.054017467227305715
699,LiBOB_wrong_salt_control,0.25597374980844845,0.07394869637329293,0.17307551318532022
699,LiBF4_fluorinated_control,0.37626286444834245,0.10715787801869825,0.7605640425560833
700,state_only,0.2315958213269902,0.14876878789918557,0.21279257767587234
700,chemistry_permuted,0.21294231110553874,0.12148881688924762,0.1771572521117789
700,without_LiPF6,0.14664486193394777,0.02904435319528098,0.2510457914319695
700,LiPF6_only,0.2095732085859302,0.045940024085444064,-0.015999204745851037
700,LiBOB_wrong_salt_control,0.32117718307108845,0.12156203909256524,0.3624347867462753
700,LiBF4_fluorinated_control,0.3241125079905154,0.11348384297755842,0.6406801064136742
701,state_only,0.2874081546036332,0.15822560193873625,0.21470555230349053
701,chemistry_permuted,0.2793705967079211,0.13683656026984703,0.18660639349081243
701,without_LiPF6,0.19012921195728505,0.04472413074646464,0.26393595477291665
701,LiPF6_only,0.3212812504700815,0.051688660826011645,-0.04525174207784577
701,LiBOB_wrong_salt_control,0.31149962713470114,0.11768752668100346,0.2661146555596122
701,LiBF4_fluorinated_control,0.45943709604094995,0.11974706630302456,0.7631946741906976
702,state_only,0.24269602135477475,0.13830619185199877,0.22085235752546917
702,chemistry_permuted,0.2325755370150523,0.11480419478166193,0.18578186982314837
702,without_LiPF6,0.17836301386105125,0.04943003349026309,0.27191614923689156
702,LiPF6_only,0.2782451060319313,0.023355176738392158,-0.0596045684317682
702,LiBOB_wrong_salt_control,0.2824571550553119,0.11564236162335872,0.30208979358321275
702,LiBF4_fluorinated_control,0.41794499585425204,0.0993521026169244,0.739884803165527
703,state_only,0.22859425948665468,0.15028895198944747,0.22469910573200713
703,chemistry_permuted,0.21331906143862556,0.12222579246829579,0.15924985861783625
703,without_LiPF6,0.12484389340198976,0.043648689139638375,0.2495609095746969
703,LiPF6_only,0.268813073405766,0.0414472336592836,-0.017871939004005077
703,LiBOB_wrong_salt_control,0.32787289375751605,0.12804991808743205,0.6142741098585969
703,LiBF4_fluorinated_control,0.3437164765417391,0.12894943844999796,0.661081718643999
704,state_only,0.30113478086636447,0.16342878339104927,0.19408598177563263
704,chemistry_permuted,0.2953010386223365,0.14555511366412555,0.1676871998284748
704,without_LiPF6,0.16844786261789135,0.02908408368206916,0.2721189949372079
704,LiPF6_only,0.33871754716118707,0.06475970038731627,-0.035223046811591496
704,LiBOB_wrong_salt_control,0.26664795493622706,0.10995064710087687,0.24409301692709007
704,LiBF4_fluorinated_control,0.4515674633845179,0.13638779791694022,0.7865810787599965
705,state_only,0.24686695230857558,0.1507724347105187,0.2284091484943498
705,chemistry_permuted,0.23047030648661948,0.11559194774749837,0.1536223279474178
705,without_LiPF6,0.15197497928425097,0.028023788185514542,0.22574257937298892
705,LiPF6_only,0.25828711046520125,0.05806754398689373,-0.0011771861304645803
705,LiBOB_wrong_salt_control,0.3200565697289015,0.1279073513211314,0.3792784710557049
705,LiBF4_fluorinated_control,0.37297741282176433,0.11918708873380834,0.7324977630625147
706,state_only,0.2503765412256549,0.1480525101202348,0.20321975197068365
706,chemistry_permuted,0.22989952039659645,0.11571670858973959,0.144889762918458
706,without_LiPF6,0.17938237278475444,0.042383383496579,0.2774756411145054
706,LiPF6_only,0.23664053069046243,0.0416636452233452,-0.046646836973257555
706,LiBOB_wrong_salt_control,0.2950624186315558,0.09207787620960284,0.30985648133748467
706,LiBF4_fluorinated_control,0.3719133761601551,0.121956028581504,0.7123446637676842
707,state_only,0.3070005498368703,0.1847488757848761,0.24119138365916537
707,chemistry_permuted,0.2839655431775566,0.14886611522168225,0.171417562122136
707,without_LiPF6,0.14339052599775637,0.029524084481484247,0.22597774111321023
707,LiPF6_only,0.29047283563987447,0.06149650920815142,-0.02002276321047547
707,LiBOB_wrong_salt_control,0.33017186809791965,0.12797680652423404,0.4434239438918073
707,LiBF4_fluorinated_control,0.39673477319971084,0.13516505567594628,0.7056025680251752
708,state_only,0.318215281407658,0.1848455633430891,0.2622086980028727
708,chemistry_permuted,0.2997972205457681,0.15021045798426758,0.2015638799074686
708,without_LiPF6,0.193792741572417,0.045840203479674435,0.2415113181802636
708,LiPF6_only,0.29740177760192843,0.04941772142513545,-0.023823323617415793
708,LiBOB_wrong_salt_control,0.35295601558650436,0.14943951257554033,0.44697201466343295
708,LiBF4_fluorinated_control,0.43802473597584346,0.13475279402711338,0.7405152163192159
709,state_only,0.2603983499297471,0.15140796206581297,0.19434394674610533
709,chemistry_permuted,0.24986673198386777,0.12306132514296664,0.13999350233382668
709,without_LiPF6,0.1462437960082862,0.04294452207937116,0.2650889613432652
709,LiPF6_only,0.2912698475982961,0.04082224131542811,-0.06734414675495204
709,LiBOB_wrong_salt_control,0.2967367886413783,0.12007101793198471,0.3200527166375481
709,LiBF4_fluorinated_control,0.39437580467373434,0.11937892656830407,0.6969427521523701
710,state_only,0.30397960671581115,0.1847049411337479,0.24589232402566374
710,chemistry_permuted,0.2893844354644476,0.15350326559730065,0.18065694085608308
710,without_LiPF6,0.17265654703309818,0.032011807478310894,0.27668366737934713
710,LiPF6_only,0.333444404408512,0.06931102676682199,-0.04128260800341932
710,LiBOB_wrong_salt_control,0.32925480888456016,0.1230087106217882,0.39044670180376473
710,LiBF4_fluorinated_control,0.43351157257226935,0.14267320095253577,0.714991458071775
711,state_only,0.2724320704366977,0.1521537090738524,0.23568363130963133
711,chemistry_permuted,0.24877799449293725,0.11170916823850818,0.14949386937367104
711,without_LiPF6,0.14807708359350136,0.04011501690148245,0.25426213396065556
711,LiPF6_only,0.26417330105614967,0.038961572872981076,-0.0373493215055658
711,LiBOB_wrong_salt_control,0.3429367785725287,0.11334656446452229,0.5196241325234346
711,LiBF4_fluorinated_control,0.3717706811407955,0.11368037849391843,0.6892621479211096
712,state_only,0.3092015938040369,0.1571009886518545,0.19682150601245096
712,chemistry_permuted,0.29444959169614926,0.13225068739567558,0.1519287388668813
712,without_LiPF6,0.1816105568972073,0.0514067267134074,0.29239063478023397
712,LiPF6_only,0.3027668486398274,0.04748035563435804,-0.03224193557259192
712,LiBOB_wrong_salt_control,0.30145855095317886,0.11201670150591003,0.3720948999869603
712,LiBF4_fluorinated_control,0.41443085401816315,0.13922581986666627,0.7314894946238188
713,state_only,0.24609476521950657,0.12998770840009088,0.19713362770756937
713,chemistry_permuted,0.22736967458832236,0.1034480877259073,0.15170148607266842
713,without_LiPF6,0.13907081493121531,0.02319530765392752,0.23624846838389113
713,LiPF6_only,0.2702439206013302,0.03129841481447393,-0.03809835614212842
713,LiBOB_wrong_salt_control,0.3193281857612561,0.10909192001809853,0.29218296480002337
713,LiBF4_fluorinated_control,0.40081545852677625,0.10849125157006234,0.7459416480368722
714,state_only,0.2976516878365706,0.16563281660214857,0.21937588332084035
714,chemistry_permuted,0.2812522978850416,0.14054498446918584,0.16606187608050038
714,without_LiPF6,0.17369946393173563,0.04225316791039602,0.27307001977941725
714,LiPF6_only,0.28580337075186746,0.049903410554713146,-0.04832475630684585
714,LiBOB_wrong_salt_control,0.3309458978429275,0.12370204489127345,0.3803638623005712
714,LiBF4_fluorinated_control,0.40034764507576115,0.13001998670550352,0.6926457933167576
715,state_only,0.31422731648815705,0.14352097879014847,0.19577681423347393
715,chemistry_permuted,0.29361860208793267,0.1140531213195356,0.14016788165613658
715,without_LiPF6,0.1909378912285663,0.03366145127434361,0.3016628097997578
715,LiPF6_only,0.32100381610219586,0.034987617721599196,-0.05734417638425937
715,LiBOB_wrong_salt_control,0.3246858095079358,0.10984082411068852,0.3242695836330526
715,LiBF4_fluorinated_control,0.4461773048362694,0.11230013213387657,0.7469840421210281
716,state_only,0.21501532574828908,0.12919066512210287,0.2031426575443137
716,chemistry_permuted,0.2052459832649861,0.10307467348615429,0.1626683540460585
716,without_LiPF6,0.17548766675574967,0.06005257055582869,0.26457722446983556
716,LiPF6_only,0.2545932764671195,0.0361509179089331,-0.031365481369838966
716,LiBOB_wrong_salt_control,0.2950540605646844,0.12412255708855613,0.34334383339501073
716,LiBF4_fluorinated_control,0.3902163624118635,0.10603203071872891,0.760128984399969
717,state_only,0.2769643823389052,0.17303096879922197,0.23109290673313454
717,chemistry_permuted,0.25307369527692547,0.13503708275511284,0.16957155428368842
717,without_LiPF6,0.17628072111556148,0.057146087600964623,0.25408522015815316
717,LiPF6_only,0.2696852697938795,0.044211877369007335,-0.038458393582059935
717,LiBOB_wrong_salt_control,0.3041707993064301,0.12644267331979842,0.31876305318359277
717,LiBF4_fluorinated_control,0.39182225106883817,0.11687981761831534,0.7302980581620537
718,state_only,0.3144012069223283,0.15503828097379724,0.1949664589423542
718,chemistry_permuted,0.2935035320110704,0.12661105228045577,0.14980712075317681
718,without_LiPF6,0.15349933007530325,0.029384216487732595,0.2754197626249638
718,LiPF6_only,0.2921638270886935,0.03986736247184974,-0.052930996888778004
718,LiBOB_wrong_salt_control,0.30852315664680285,0.12343692401701889,0.31902458230574393
718,LiBF4_fluorinated_control,0.40000271889249106,0.11632613697840744,0.6895002627679501
719,state_only,0.2631576881543778,0.13669981382997065,0.165290607877142
719,chemistry_permuted,0.24973018243737122,0.11352830758674293,0.13399409058261336
719,without_LiPF6,0.1605252042212878,0.046560847624708135,0.2753851360251607
719,LiPF6_only,0.2683796173094495,0.036794582574468326,-0.07463432674558634
719,LiBOB_wrong_salt_control,0.2690585315638738,0.09633153650836257,0.2556782451014028
719,LiBF4_fluorinated_control,0.3993285171294133,0.10931839554425171,0.7261351006932341
720,state_only,0.2501674687474238,0.13663040841115448,0.16369458378468305
720,chemistry_permuted,0.2501242394654538,0.12519490864020777,0.15247594857881486
720,without_LiPF6,0.16375194811200144,0.03234462386094017,0.3079810207506384
720,LiPF6_only,0.34385177963010727,0.0544154947055322,-0.06371430144419943
720,LiBOB_wrong_salt_control,0.291750229331198,0.12056150750556471,0.23582191903736216
720,LiBF4_fluorinated_control,0.4481253485650093,0.12437166684520518,0.7814907927611281
721,state_only,0.30040077156804645,0.15134064570889416,0.20217130150994156
721,chemistry_permuted,0.2865835916868409,0.12997097582505746,0.17500663433536945
721,without_LiPF6,0.16860073492603023,0.02742133544908587,0.2561885501354888
721,LiPF6_only,0.3124081316324915,0.04819546303969291,-0.032459950771208
721,LiBOB_wrong_salt_control,0.28270057104803403,0.11093349350292137,0.24756403908053115
721,LiBF4_fluorinated_control,0.43157443498968595,0.11546464522478828,0.7241355423360787
722,state_only,0.3004737773018966,0.1582987706882768,0.2090756919773148
722,chemistry_permuted,0.2851190974886324,0.12792333155994184,0.16735571128591076
722,without_LiPF6,0.17639012951207433,0.04241266473091687,0.2397484075395867
722,LiPF6_only,0.2899376035067839,0.038385086724277984,-0.04447526422853387
722,LiBOB_wrong_salt_control,0.30297205493883594,0.12075278540349388,0.23140836668250064
722,LiBF4_fluorinated_control,0.4292904317731081,0.12001558232258414,0.7640359698975641
723,state_only,0.2832157968617276,0.15361570274142622,0.230912241128153
723,chemistry_permuted,0.26310717320827415,0.12274890713223963,0.16759065873119028
723,without_LiPF6,0.18426099419261677,0.04624742161486872,0.2652093547439561
723,LiPF6_only,0.2781238479627607,0.0429177631588481,-0.026933427480043903
723,LiBOB_wrong_salt_control,0.354760801998118,0.15089895851834745,0.4581282170709813
723,LiBF4_fluorinated_control,0.41193883679217813,0.12058895596737929,0.7389321171851331
724,state_only,0.2920912464819452,0.1572391331138583,0.19948030667386996
724,chemistry_permuted,0.28026504096394533,0.13051688242533888,0.16431543681182026
724,without_LiPF6,0.15291898147281002,0.03901231334112165,0.2625133387653934
724,LiPF6_only,0.3451180252796775,0.0497022702705604,-0.04786350846981202
724,LiBOB_wrong_salt_control,0.26469495104526775,0.11755171559100719,0.2636249768652026
724,LiBF4_fluorinated_control,0.45771819663550306,0.11981431558790412,0.7860024479308858
725,state_only,0.27432551342062705,0.13975815679308246,0.21958570306522063
725,chemistry_permuted,0.24743730028398048,0.10565819296214629,0.16329908676192406
725,without_LiPF6,0.16343259716866754,0.03857991557893281,0.236215304223507
725,LiPF6_only,0.26375865451848524,0.037752622694764204,-0.02366085852571953
725,LiBOB_wrong_salt_control,0.34639368353519007,0.13660173630364114,0.38669474103030077
725,LiBF4_fluorinated_control,0.3965961319698431,0.10181840946315912,0.6970227564483235
726,state_only,0.2555881604934428,0.14821876988436034,0.21653374051686436
726,chemistry_permuted,0.2418083698687845,0.1276990313934514,0.17193897639931555
726,without_LiPF6,0.17263798731971347,0.04780003316079939,0.28007965444678296
726,LiPF6_only,0.26308590819435973,0.05139499519245094,-0.018261613563953505
726,LiBOB_wrong_salt_control,0.3024156462783387,0.1195702268151464,0.3362554137320217
726,LiBF4_fluorinated_control,0.3777685232683926,0.10753665061416184,0.7317064393246804
727,state_only,0.2900612129424188,0.16138374100312236,0.2561691120036086
727,chemistry_permuted,0.27152520090659904,0.13468146565302974,0.20134833196665747
727,without_LiPF6,0.17545375317704415,0.03523425259043578,0.25101674653633843
727,LiPF6_only,0.23561367567365255,0.044160174156581244,-0.0018850440650640676
727,LiBOB_wrong_salt_control,0.3456953444877112,0.12156617822226701,0.43324248395962983
727,LiBF4_fluorinated_control,0.359168606194625,0.11314740096134357,0.6851350419017856
728,state_only,0.27224245866860763,0.18585715632756195,0.24719501362967944
728,chemistry_permuted,0.2512009570309126,0.14406367057802838,0.1821950670185083
728,without_LiPF6,0.14554543500689954,0.036622499938116726,0.2754116533414286
728,LiPF6_only,0.2724160441403627,0.04789267502872496,-0.05540178386724981
728,LiBOB_wrong_salt_control,0.28551244142110266,0.12031812648405138,0.3037576133027986
728,LiBF4_fluorinated_control,0.3894538927340754,0.12744698941957988,0.7436084657738957
729,state_only,0.2778147804723031,0.1713213282636883,0.20877070481221227
729,chemistry_permuted,0.2588154120069537,0.1346440708071639,0.13727331139568588
729,without_LiPF6,0.1473412340622644,0.03590269740752439,0.27320348996615185
729,LiPF6_only,0.28923191087745903,0.05681462211161559,-0.0451384603379924
729,LiBOB_wrong_salt_control,0.27777870840424446,0.1152870820501003,0.2939343961019546
729,LiBF4_fluorinated_control,0.3897351226903285,0.1504153619711549,0.7239446894422513
730,state_only,0.30567958806358064,0.1544734678183145,0.23420056614916474
730,chemistry_permuted,0.28075174716939955,0.12115166514969755,0.15574115268473787
730,without_LiPF6,0.1696029548336747,0.029289581360922412,0.25888235960506356
730,LiPF6_only,0.27225993446789065,0.04822967627592445,-0.006949414351236749
730,LiBOB_wrong_salt_control,0.32896304897239625,0.1121788490475607,0.47361140748695874
730,LiBF4_fluorinated_control,0.3892574922139249,0.11274017732757535,0.7264454752218257
731,state_only,0.2793496862375373,0.15218328568019268,0.23259501101369373
731,chemistry_permuted,0.26391674745174,0.12179987651626834,0.1577808473379998
731,without_LiPF6,0.1435808239384393,0.03911107754181886,0.2505141512522614
731,LiPF6_only,0.3290617612702499,0.05245556204131163,-0.004124188374083793
731,LiBOB_wrong_salt_control,0.31712353629715095,0.1269015221198514,0.4995677231113905
731,LiBF4_fluorinated_control,0.41847130063881277,0.12458796435644925,0.7112199480935663
732,state_only,0.2945988810062845,0.18606088115718766,0.2621510495225925
732,chemistry_permuted,0.2807890502480094,0.15430966458191342,0.18943874860482945
732,without_LiPF6,0.1634646326759085,0.04679976588419266,0.2721273560756544
732,LiPF6_only,0.2539833219568619,0.05528441653713345,-0.025231208528819993
732,LiBOB_wrong_salt_control,0.2708995856290156,0.11529729994117077,0.4098887976226744
732,LiBF4_fluorinated_control,0.3706006205910588,0.13896942749914598,0.6913579318786163
733,state_only,0.2935609476650193,0.19169810145750577,0.2306175859530154
733,chemistry_permuted,0.28325446212750516,0.1648429991865088,0.1933783560949872
733,without_LiPF6,0.17256171000466713,0.03910534138756028,0.26828687703622767
733,LiPF6_only,0.31990162372423037,0.06356698729109533,-0.07299683969836868
733,LiBOB_wrong_salt_control,0.3148958370375272,0.1286639723371189,0.265334407142207
733,LiBF4_fluorinated_control,0.4217720814982744,0.15035323433150583,0.6866176335123072
734,state_only,0.2388036857322876,0.15081988735516205,0.21311516557119226
734,chemistry_permuted,0.22390889114539725,0.12611149622053197,0.17795571846208247
734,without_LiPF6,0.151177820897331,0.037694771971817254,0.2595302328769177
734,LiPF6_only,0.24495446985059388,0.051942626566626626,-0.010942160990070282
734,LiBOB_wrong_salt_control,0.2669208310924365,0.10990081386639128,0.26630825611633135
734,LiBF4_fluorinated_control,0.3522131045210801,0.12237522741029938,0.6930435526866268
735,state_only,0.3076942171230437,0.16236587977821504,0.20194602456673472
735,chemistry_permuted,0.298397765171347,0.14017959305161587,0.16272347097405038
735,without_LiPF6,0.16372762093028215,0.04772377645945569,0.2741034399325897
735,LiPF6_only,0.3175783996376509,0.04538321635173914,-0.044487760267811094
735,LiBOB_wrong_salt_control,0.3216140688065914,0.1389874975738088,0.4423530043195357
735,LiBF4_fluorinated_control,0.40523631959314144,0.13149039190563938,0.6729737411816521
736,state_only,0.276058892960669,0.15964913529900482,0.23555034931703922
736,chemistry_permuted,0.2532222562768639,0.12675341887388414,0.16384701236910415
736,without_LiPF6,0.14595669506277453,0.03411388892327405,0.2480558245294764
736,LiPF6_only,0.2739855179165638,0.04811841886727908,-0.027965214575827124
736,LiBOB_wrong_salt_control,0.31256863416606273,0.10569906907000692,0.3749571717577991
736,LiBF4_fluorinated_control,0.37724715236939055,0.12500408658948126,0.685958905164489
737,state_only,0.2621707965567609,0.1555332582151262,0.160401261770996
737,chemistry_permuted,0.2595100605337948,0.13664788384602466,0.14880644893480388
737,without_LiPF6,0.1548465834597591,0.0342895939347283,0.3316414613378811
737,LiPF6_only,0.3463035715087198,0.06031411360314942,-0.08065049507528999
737,LiBOB_wrong_salt_control,0.20553762856492108,0.10328868987035122,0.1549200788026115
737,LiBF4_fluorinated_control,0.4486804982352255,0.1469822670865628,0.7598423720697367
738,state_only,0.29913076548511397,0.15081364753415472,0.19002175635674834
738,chemistry_permuted,0.2835674201957954,0.12688240279125462,0.14492164178598566
738,without_LiPF6,0.17377886485056382,0.02519970093612456,0.28932670085946444
738,LiPF6_only,0.282075254375699,0.05940657195184129,-0.03293188650600565
738,LiBOB_wrong_salt_control,0.27651661805924244,0.08670658235115347,0.2340424423312576
738,LiBF4_fluorinated_control,0.40385618683284286,0.1288446626599079,0.731930157163452
739,state_only,0.29638400629508743,0.16947887969698472,0.19754711817813886
739,chemistry_permuted,0.2898501038192203,0.14420984576465412,0.16335075255200016
739,without_LiPF6,0.19290080571816015,0.05166430587425885,0.2961946758307601
739,LiPF6_only,0.3195588668305793,0.05189589300788233,-0.05823370937209715
739,LiBOB_wrong_salt_control,0.30164268527868865,0.14317467910202075,0.3212897102040674
739,LiBF4_fluorinated_control,0.4464519958271156,0.14285250421054663,0.7535174014809067
740,state_only,0.31905002208717814,0.14441449740173862,0.2090963969041585
740,chemistry_permuted,0.3004289017568046,0.1196327379256078,0.15561863714196178
740,without_LiPF6,0.16703027644842972,0.03635073109738041,0.2339356230171511
740,LiPF6_only,0.35096268386357354,0.04464757110273221,-0.019432678931541547
740,LiBOB_wrong_salt_control,0.29848200473836806,0.10515000523603557,0.3822532705263204
740,LiBF4_fluorinated_control,0.4492194936434739,0.12441088040454151,0.6874109239913382
741,state_only,0.24001056101596385,0.15181719472516542,0.21132316659502703
741,chemistry_permuted,0.2189946863318224,0.11692555183437991,0.153053151261493
741,without_LiPF6,0.1434926276220383,0.04189581455804525,0.25095432804783513
741,LiPF6_only,0.2629688086144023,0.03819941750811229,-0.05069027008932414
741,LiBOB_wrong_salt_control,0.2934242871130599,0.10935594876915322,0.33135923266874157
741,LiBF4_fluorinated_control,0.3824405699697775,0.10559340378389703,0.7382121023641535
742,state_only,0.2567299960839231,0.15078942833709008,0.21185666572659823
742,chemistry_permuted,0.2509929126656113,0.1288039132237233,0.17481958145397414
742,without_LiPF6,0.1559433542105314,0.04672651042537124,0.293478731311296
742,LiPF6_only,0.32288242516481636,0.04578241372593983,-0.037884297208517936
742,LiBOB_wrong_salt_control,0.2751233238330525,0.12451279920573721,0.38866657881221267
742,LiBF4_fluorinated_control,0.44629514091910927,0.1338206879438214,0.7754994355642603
743,state_only,0.25279022369896154,0.17655966971126635,0.2940553365243762
743,chemistry_permuted,0.22796714799793283,0.1369613556718251,0.20669099994666906
743,without_LiPF6,0.13032176961426456,0.03510985905730124,0.24613381708897986
743,LiPF6_only,0.23475148438709648,0.047711046735895546,0.004205160130125729
743,LiBOB_wrong_salt_control,0.3209239954425027,0.12738835825876982,0.4927858066717179
743,LiBF4_fluorinated_control,0.33248071148345226,0.12404478684197251,0.7060855001440146
744,state_only,0.2415457249338796,0.1496793114499645,0.1819921380877464
744,chemistry_permuted,0.23525694925643725,0.128834917636506,0.14867267273939022
744,without_LiPF6,0.1417339396058721,0.028306136989571073,0.28705617604905076
744,LiPF6_only,0.28493712177660757,0.04799577834906266,-0.060151604032723016
744,LiBOB_wrong_salt_control,0.23863594739774352,0.08404143276019027,0.21798715080523878
744,LiBF4_fluorinated_control,0.396574178611923,0.13118407610463523,0.7337599687327121
745,state_only,0.2698537773967796,0.16081941884686846,0.22671152740795808
745,chemistry_permuted,0.25583598760705195,0.13040063573015215,0.1839214474017179
745,without_LiPF6,0.16645742401661778,0.033111584421438134,0.23764680081700063
745,LiPF6_only,0.2604409142865389,0.0477913964367882,-0.028843591510697597
745,LiBOB_wrong_salt_control,0.2777092338535976,0.11021833736422337,0.20238351076858552
745,LiBF4_fluorinated_control,0.3960953297490185,0.12163399155873134,0.7676953986124544
746,state_only,0.26707724744405836,0.1623188614006723,0.21351384035559273
746,chemistry_permuted,0.25313061558620875,0.13270374453982592,0.14847212663640685
746,without_LiPF6,0.15545320275264551,0.028774778523059763,0.27499823090947684
746,LiPF6_only,0.2706366110301929,0.05460746009091211,-0.025827554250354545
746,LiBOB_wrong_salt_control,0.2721981961703128,0.09284057517066036,0.28158339241966357
746,LiBF4_fluorinated_control,0.3886073640371591,0.1392919854062853,0.7278764521282104
747,state_only,0.3297183977270993,0.17318471848378858,0.21501107877389503
747,chemistry_permuted,0.30956875721962906,0.1411487091593313,0.1665005583416791
747,without_LiPF6,0.18499364511414962,0.03427538134877828,0.272807838421532
747,LiPF6_only,0.285546629253038,0.04614981870989343,-0.058976021137626566
747,LiBOB_wrong_salt_control,0.30125662893735194,0.12142892934548533,0.29097877246289316
747,LiBF4_fluorinated_control,0.41820079951547784,0.12393690395177581,0.706211361835642
748,state_only,0.23665407906860603,0.133244107033613,0.20042209630690178
748,chemistry_permuted,0.21358332723794982,0.09979592035436635,0.1344720888989417
748,without_LiPF6,0.19278667408124994,0.05739847227972572,0.2801292001500625
748,LiPF6_only,0.22096896602171312,0.03158229358251685,-0.04113911635992329
748,LiBOB_wrong_salt_control,0.3339890336993333,0.12460718343518895,0.40052335555774
748,LiBF4_fluorinated_control,0.3483854035703753,0.10469233415281132,0.6685220793178772
749,state_only,0.2422530017046718,0.1524466293704676,0.2088220684103368
749,chemistry_permuted,0.23401254644988756,0.12983445868533738,0.16266279615952006
749,without_LiPF6,0.14574060310611558,0.03566494493739447,0.24420614888219094
749,LiPF6_only,0.2896786394555204,0.05454296221419075,-0.043159586061090494
749,LiBOB_wrong_salt_control,0.278518809304123,0.1030830199293471,0.2997309869816165
749,LiBF4_fluorinated_control,0.39985769498626167,0.12998919314967372,0.7278507551275927
750,state_only,0.3003148902703543,0.18663999998682157,0.2589754470522202
750,chemistry_permuted,0.28128019345320954,0.15493492427606648,0.20388061776274002
750,without_LiPF6,0.15206635085784703,0.03853017827684313,0.26558998957478963
750,LiPF6_only,0.2764416499436292,0.053530358514622844,-0.030981813324486684
750,LiBOB_wrong_salt_control,0.2730987405221712,0.10899020312783836,0.27503589629092995
750,LiBF4_fluorinated_control,0.3842127687815522,0.13657755335348354,0.7220618508359793
751,state_only,0.23882239286720797,0.14597842060284183,0.17504486377444284
751,chemistry_permuted,0.23344610913036412,0.12701554741118115,0.15161826394269085
751,without_LiPF6,0.1384315700832326,0.036501751290743956,0.3048153557291966
751,LiPF6_only,0.3328557215615373,0.05062745704405014,-0.0652237206847106
751,LiBOB_wrong_salt_control,0.2360069567274784,0.12011970526609628,0.2893635383262734
751,LiBF4_fluorinated_control,0.4240920762376472,0.12173664442072019,0.7165162872022854
752,state_only,0.31053899645589944,0.18571278395485347,0.23972989296168368
752,chemistry_permuted,0.2976623832455725,0.153673065782423,0.18131399980069796
752,without_LiPF6,0.17264154599684323,0.04033046170863308,0.24743882211739854
752,LiPF6_only,0.2887208975430574,0.06185830497769507,-0.02214372243876661
752,LiBOB_wrong_salt_control,0.304578037794459,0.11073394869201514,0.32402417841543263
752,LiBF4_fluorinated_control,0.409652922758178,0.15671796912520264,0.7339019243987968
753,state_only,0.2961150971185954,0.14900166999226183,0.21748202091500524
753,chemistry_permuted,0.27195125286005484,0.11931038304758146,0.17269250919216594
753,without_LiPF6,0.17917761140303157,0.03664883378656014,0.2552742890326045
753,LiPF6_only,0.2943617360424877,0.048876923702897423,-0.00937199157396118
753,LiBOB_wrong_salt_control,0.3312882898500559,0.13144911366278333,0.3901322166894937
753,LiBF4_fluorinated_control,0.42788153258244643,0.13337720601964487,0.7188833068388589
754,state_only,0.2657091298273343,0.16628684533078564,0.225076630807314
754,chemistry_permuted,0.2560970999630884,0.13916542709730884,0.1774453516232174
754,without_LiPF6,0.15865655644738064,0.04397002952941331,0.258277692945583
754,LiPF6_only,0.27883728568696486,0.04478400631459689,-0.03441299422921895
754,LiBOB_wrong_salt_control,0.31950105466495693,0.1322209871320149,0.4307899759295277
754,LiBF4_fluorinated_control,0.39169326837554785,0.1313061802864487,0.7437350930807245
755,state_only,0.287669095024372,0.17039708735400572,0.23211900225090354
755,chemistry_permuted,0.26271759351288737,0.13465959592855903,0.17318389051024063
755,without_LiPF6,0.1621667396053209,0.022194066999085993,0.25731283380286396
755,LiPF6_only,0.22466843366652534,0.04129899410648874,-0.03436854928528321
755,LiBOB_wrong_salt_control,0.30498289095045206,0.09871242106044231,0.2683884443357869
755,LiBF4_fluorinated_control,0.3628721930304042,0.11950417971837901,0.7050802654502838
756,state_only,0.3140096820962719,0.14884601369992212,0.21917233156499993
756,chemistry_permuted,0.2820340515198473,0.11144401439619722,0.13811333775908352
756,without_LiPF6,0.1633696001765339,0.04187144224718198,0.24337942117346145
756,LiPF6_only,0.22641690363984446,0.025800630530911195,-0.01590420999967823
756,LiBOB_wrong_salt_control,0.29246634725446075,0.10733296446549423,0.42186381219062585
756,LiBF4_fluorinated_control,0.3554737264521146,0.1031037493024426,0.6460292059745127
757,state_only,0.24620679519614308,0.13200409989548367,0.18325001534951513
757,chemistry_permuted,0.23711369110272484,0.10835700738025444,0.14212013324895445
757,without_LiPF6,0.21905685492170457,0.06556490137063997,0.2898141222678112
757,LiPF6_only,0.2718443401028654,0.03669957217049036,-0.06034538943039858
757,LiBOB_wrong_salt_control,0.3709812645403999,0.14211300541731187,0.46117605877114143
757,LiBF4_fluorinated_control,0.43334964704298895,0.11841680524344878,0.7453510189414239
758,state_only,0.2792095198140332,0.18166998238262588,0.2313483522540486
758,chemistry_permuted,0.26967442903890215,0.1552173451193769,0.17357142209939036
758,without_LiPF6,0.1384160812299029,0.03591219043924354,0.24993707299801537
758,LiPF6_only,0.315011789965408,0.0650366215679774,-0.025810920189050623
758,LiBOB_wrong_salt_control,0.3164685645378199,0.1551953882471665,0.46198190863726574
758,LiBF4_fluorinated_control,0.38432476708862784,0.14505591730001544,0.6680493852682574
759,state_only,0.3019002948618892,0.16343041624189936,0.18770143610208456
759,chemistry_permuted,0.2872173541141565,0.13787987114500033,0.1485058949322643
759,without_LiPF6,0.1585557551603971,0.03897572294362861,0.2914536520888854
759,LiPF6_only,0.3047527398178582,0.05256093258605288,-0.05459648327289324
759,LiBOB_wrong_salt_control,0.27644813006373137,0.13360780963207297,0.31051228834888367
759,LiBF4_fluorinated_control,0.4231380320324124,0.13682508262534365,0.7346315683232739
760,state_only,0.27167133034969093,0.16560308726381534,0.24554961611614978
760,chemistry_permuted,0.245971165553877,0.12928219440082356,0.17564941192870875
760,without_LiPF6,0.13491045588355466,0.05431996610897183,0.26431102860694633
760,LiPF6_only,0.27023754726668947,0.05095130593943187,-0.008259756902444293
760,LiBOB_wrong_salt_control,0.30964903449175374,0.14560970018901165,0.5308012599083644
760,LiBF4_fluorinated_control,0.36437463276160453,0.1271244023488064,0.7070780617514039
761,state_only,0.28277914687433336,0.18819556956847105,0.27000745189608955
761,chemistry_permuted,0.26617371695512515,0.15099345316382384,0.1971894791393175
761,without_LiPF6,0.15455048177427477,0.04296274254551247,0.24927474007126704
761,LiPF6_only,0.2911883109720652,0.041580887626167407,-0.041138693108316304
761,LiBOB_wrong_salt_control,0.3125963386107734,0.1312029665046731,0.43936273441676377
761,LiBF4_fluorinated_control,0.389341889303664,0.12998660480264568,0.6666290458764951
762,state_only,0.31907062613651704,0.15106520945831003,0.22004133599146558
762,chemistry_permuted,0.2862055648101913,0.11356631063485645,0.1425529581546814
762,without_LiPF6,0.1752298030795082,0.039646841762103646,0.24657001891558583
762,LiPF6_only,0.24281637391777455,0.03902592084638801,-0.02674013518765661
762,LiBOB_wrong_salt_control,0.3486081945477647,0.11815411405539478,0.43368990228799886
762,LiBF4_fluorinated_control,0.3715816129176046,0.11767130557487893,0.653714973667525
763,state_only,0.26220393984630486,0.12475000462829822,0.16508104121924327
763,chemistry_permuted,0.24248691660305732,0.10123426883214393,0.12756399257418638
763,without_LiPF6,0.15088572292609426,0.015605256797347034,0.28820673799826324
763,LiPF6_only,0.28536131165685474,0.02921620759000587,-0.056354477795155344
763,LiBOB_wrong_salt_control,0.2677685528304634,0.09595777673273909,0.27687108895274504
763,LiBF4_fluorinated_control,0.408302311086734,0.09172067881589374,0.7185339769683717
764,state_only,0.28845817905050686,0.1578948978696082,0.224145336209575
764,chemistry_permuted,0.27235993709422823,0.1289584993287083,0.1605718796765827
764,without_LiPF6,0.17740146450749905,0.051954807264695146,0.2713475677850439
764,LiPF6_only,0.29407773578958507,0.05358502265167275,-0.008417590190836877
764,LiBOB_wrong_salt_control,0.35817348042336183,0.15296707197534543,0.6067342197022962
764,LiBF4_fluorinated_control,0.3993340558081222,0.13170921677808134,0.7508744960614502
765,state_only,0.2608529024859094,0.1632419018055291,0.26604240922035893
765,chemistry_permuted,0.24032831309118263,0.13049857756047445,0.180512195966275
765,without_LiPF6,0.11258694639835909,0.03883589479711913,0.24573899840883462
765,LiPF6_only,0.2677638947887505,0.046900806933156125,-0.005983706209845896
765,LiBOB_wrong_salt_control,0.3041415199796248,0.1313672038963708,0.5793975373473097
765,LiBF4_fluorinated_control,0.3335305492923253,0.11990180305256026,0.663492126267746
766,state_only,0.2869344206551232,0.16907590375843173,0.23631137610803166
766,chemistry_permuted,0.2698581336814283,0.13609298674434778,0.18264341368848025
766,without_LiPF6,0.162637217202647,0.02894058023862134,0.24106985157547756
766,LiPF6_only,0.25998740777929275,0.0456045346221613,-0.025690271342481252
766,LiBOB_wrong_salt_control,0.3156607779908598,0.11619429873291909,0.3413489842434557
766,LiBF4_fluorinated_control,0.3884884501606757,0.12407553486006728,0.7475806093890602
767,state_only,0.24989285166353759,0.17127913241589254,0.22090187138940143
767,chemistry_permuted,0.2383728468146612,0.14276720545345012,0.17555681227681785
767,without_LiPF6,0.14262646660664902,0.04407872838305682,0.24081825185509353
767,LiPF6_only,0.2809919828935049,0.04185446607851406,-0.06099957926860977
767,LiBOB_wrong_salt_control,0.2616382025365742,0.12057620544338143,0.32391170324889584
767,LiBF4_fluorinated_control,0.38580872768155483,0.1130324272590828,0.6951803818780908
768,state_only,0.26509330570900314,0.16686883266407138,0.2297313010771206
768,chemistry_permuted,0.2533827348741752,0.13514181642637302,0.16957512085946824
768,without_LiPF6,0.16556983564237948,0.046798747709924204,0.2607414262690675
768,LiPF6_only,0.2620020906576982,0.04653541715218534,-0.04094069223407881
768,LiBOB_wrong_salt_control,0.28594620260210835,0.10371557171461754,0.27190374537225637
768,LiBF4_fluorinated_control,0.38037491555638303,0.1237711011148972,0.729025753472424
769,state_only,0.2504867323118797,0.1688107811354137,0.21609217617101362
769,chemistry_permuted,0.23926796833613428,0.1453451585258152,0.1876126991383238
769,without_LiPF6,0.13754199353815766,0.019054965975338622,0.22100826742591373
769,LiPF6_only,0.20855530831840818,0.049921217431200704,-0.03924152152117277
769,LiBOB_wrong_salt_control,0.3094533175582772,0.11213844911741178,0.24588788800579386
769,LiBF4_fluorinated_control,0.3413668588300779,0.1293084326310805,0.6686378313652788
770,state_only,0.25981738288059464,0.140668331843795,0.19595197549009902
770,chemistry_permuted,0.2452463573967648,0.1151002754623961,0.15063919721327357
770,without_LiPF6,0.16369548079247442,0.04368522886437132,0.26915280151336063
770,LiPF6_only,0.3274461217379224,0.04689079221312875,-0.028664027090055333
770,LiBOB_wrong_salt_control,0.32825207154222347,0.13420550253930152,0.3653036010310551
770,LiBF4_fluorinated_control,0.43213084682187386,0.12038311458427431,0.7316006453674573
771,state_only,0.26496171660830625,0.13405303963181003,0.1889688887926887
771,chemistry_permuted,0.25195341125140014,0.11178777347869495,0.16147651701553356
771,without_LiPF6,0.1612983991691026,0.03786198734637658,0.23796705629007187
771,LiPF6_only,0.2788819305390382,0.040839766338273686,-0.03130166650111432
771,LiBOB_wrong_salt_control,0.2785380921419335,0.11463768157060261,0.2405531895537214
771,LiBF4_fluorinated_control,0.41424613950163935,0.10351713181513089,0.7702633750441454
772,state_only,0.30418455863397187,0.19008791621746657,0.26501366924096703
772,chemistry_permuted,0.2925880683433497,0.16784107469119836,0.21576744292680272
772,without_LiPF6,0.16428015125609063,0.0273771518475574,0.25040780851694167
772,LiPF6_only,0.3188770206700171,0.07196787486817269,-0.01673485842894995
772,LiBOB_wrong_salt_control,0.30240491917922396,0.125031810638353,0.31274342082601403
772,LiBF4_fluorinated_control,0.41563387232958215,0.1463833788663491,0.718710402625989
773,state_only,0.25468330287462104,0.1449422735176784,0.20909795786802265
773,chemistry_permuted,0.23559600321689744,0.12086383753968444,0.1864215279128647
773,without_LiPF6,0.1714889420445359,0.042934381097623486,0.26196375977691744
773,LiPF6_only,0.2665317839242949,0.03934414763770211,-0.019616507114699644
773,LiBOB_wrong_salt_control,0.3161641348573032,0.13538189284543067,0.36089173796368634
773,LiBF4_fluorinated_control,0.41284070779638604,0.10057866099049773,0.8002053136092708
774,state_only,0.3064272321894066,0.15476145778387662,0.22086785904529527
774,chemistry_permuted,0.287948826039655,0.12717500985066532,0.175502403583636
774,without_LiPF6,0.17017045996807378,0.020564690875524372,0.2678383114241837
774,LiPF6_only,0.2439112873520095,0.048572710530084384,-0.012046642192869328
774,LiBOB_wrong_salt_control,0.3571593923232067,0.13479721410164214,0.3963700042913395
774,LiBF4_fluorinated_control,0.3988864762818708,0.12754083718688902,0.7501343499304804
775,state_only,0.27648494404183965,0.15428236438571785,0.20562278999549877
775,chemistry_permuted,0.2648037480319172,0.12162808077305054,0.13539661010520487
775,without_LiPF6,0.1864988233521755,0.055762037958480004,0.2944440900254245
775,LiPF6_only,0.3247593923914276,0.04827519433907246,-0.043976685963802886
775,LiBOB_wrong_salt_control,0.3202930488783452,0.12307323121373337,0.44567155768164746
775,LiBF4_fluorinated_control,0.4322990764585194,0.14178303038854378,0.7398722222522978
776,state_only,0.279358802704064,0.1528701752189987,0.20827488698078334
776,chemistry_permuted,0.262346490200268,0.1220405765986029,0.13325670672920442
776,without_LiPF6,0.16022495238936507,0.04175597807734843,0.2926390153020414
776,LiPF6_only,0.303667073113545,0.04949688110154049,-0.04056497290476735
776,LiBOB_wrong_salt_control,0.31279121242713004,0.11666091418159719,0.4402188714770854
776,LiBF4_fluorinated_control,0.4058128515491555,0.1232632505178719,0.711531903123214
777,state_only,0.29294608571880587,0.16523231697481655,0.2357922229358046
777,chemistry_permuted,0.2807367940519705,0.1429634475467263,0.18816701716077378
777,without_LiPF6,0.1586462897122617,0.045875637606272,0.26049053795409827
777,LiPF6_only,0.2794433701442185,0.036676474106721146,-0.04545937747016737
777,LiBOB_wrong_salt_control,0.2601834557709868,0.1017180545880837,0.45416162039783925
777,LiBF4_fluorinated_control,0.39140623351275994,0.12286486647014039,0.6932893586810035
778,state_only,0.29666513678757667,0.15978255560287713,0.2189688038623212
778,chemistry_permuted,0.2731063941745723,0.12614792694219923,0.16793855550476822
778,without_LiPF6,0.1659994612624468,0.024502213923225713,0.24660203989770746
778,LiPF6_only,0.25663085041905986,0.03623718667630993,-0.0321479804239746
778,LiBOB_wrong_salt_control,0.33919335789771465,0.13223126488583314,0.34386660771139654
778,LiBF4_fluorinated_control,0.4030262198652469,0.11528700089354149,0.7410893256775613
779,state_only,0.2882312753909477,0.15633917279185205,0.2315654567348876
779,chemistry_permuted,0.274407121786835,0.12690018731050678,0.17630412586396982
779,without_LiPF6,0.15179823820157723,0.03757178740940337,0.29089522460858797
779,LiPF6_only,0.32052182586575895,0.03359392750898138,-0.04526999640486595
779,LiBOB_wrong_salt_control,0.27203938247526316,0.1420195084214665,0.37886390791161906
779,LiBF4_fluorinated_control,0.43185188911661876,0.11548269901689223,0.7426292260782177
780,state_only,0.27827900757705715,0.140795468778951,0.19998605510177303
780,chemistry_permuted,0.2565965802228327,0.11177660513540977,0.14546996192746042
780,without_LiPF6,0.17775202231829412,0.03840398792856625,0.2689033608952178
780,LiPF6_only,0.2560532785443971,0.042016848407327556,-0.02137158238651149
780,LiBOB_wrong_salt_control,0.3290513933377358,0.13838327182788202,0.4577112040632302
780,LiBF4_fluorinated_control,0.38602131082133584,0.10713304212985464,0.7264097271000213
781,state_only,0.33901182006136366,0.17198884886524735,0.21754309335895372
781,chemistry_permuted,0.3187212583387128,0.13949213869760324,0.1652818701584643
781,without_LiPF6,0.1737280518118678,0.03563439386587286,0.24916079497820132
781,LiPF6_only,0.32697712541168844,0.0504427972609206,-0.04937188637809209
781,LiBOB_wrong_salt_control,0.3236902604302059,0.10230152684460514,0.31445220892777115
781,LiBF4_fluorinated_control,0.43508353742187655,0.1306363621665796,0.691863308589977
782,state_only,0.22950932696143533,0.13965700361223032,0.18959814588268586
782,chemistry_permuted,0.22071047916925612,0.1177492987450518,0.1472688315568942
782,without_LiPF6,0.14585213641234163,0.02670713486316889,0.26076598313616106
782,LiPF6_only,0.2533669749069538,0.04295852709824255,-0.05768751650780013
782,LiBOB_wrong_salt_control,0.292954292935909,0.10879600903943532,0.2738831407794645
782,LiBF4_fluorinated_control,0.36855625033753914,0.11602950100480525,0.7096774354668458
783,state_only,0.2654227146250985,0.16490379566266256,0.25544722179508217
783,chemistry_permuted,0.24713185847439356,0.12964603978127476,0.17660376651151766
783,without_LiPF6,0.12956246758770806,0.027870046804026605,0.25167855522327276
783,LiPF6_only,0.27406067862663286,0.04207633132609179,-0.025799146360499403
783,LiBOB_wrong_salt_control,0.32465174756821247,0.13320594516681172,0.528289664393401
783,LiBF4_fluorinated_control,0.3860195731588648,0.12075089481411883,0.7241100745526838
784,state_only,0.23727053612540638,0.153714233075537,0.22829379656857296
784,chemistry_permuted,0.21986109703098,0.1205413455120854,0.17140261729752315
784,without_LiPF6,0.13694478067602855,0.040059952260596,0.24569576787523628
784,LiPF6_only,0.23710641046184588,0.029097519613094813,-0.05093017126171573
784,LiBOB_wrong_salt_control,0.31589413993400073,0.12638545024133263,0.4536137748706164
784,LiBF4_fluorinated_control,0.3492231406980726,0.10624345173710092,0.6932468700870986
785,state_only,0.2891821501012485,0.17905537461822973,0.22320567034549588
785,chemistry_permuted,0.27514077489252564,0.14695992342422326,0.16233208623432505
785,without_LiPF6,0.16052550662817489,0.0397807477332468,0.26428167645100076
785,LiPF6_only,0.26704719169050173,0.04797183691183371,-0.06847318393020219
785,LiBOB_wrong_salt_control,0.25356642938978813,0.10147196359355626,0.2903848240982111
785,LiBF4_fluorinated_control,0.3904641057808288,0.1426613065769834,0.6659462897859456
786,state_only,0.2921973062191193,0.17007816722695923,0.2256398701719029
786,chemistry_permuted,0.2840901406770785,0.14755420894810034,0.18593801619640948
786,without_LiPF6,0.1636863228867127,0.037603084305088186,0.2504336823908564
786,LiPF6_only,0.34215926742980884,0.070855842076322,-0.0015014301843482292
786,LiBOB_wrong_salt_control,0.2740124467472138,0.12394723276318964,0.2714050841221013
786,LiBF4_fluorinated_control,0.4488887314120499,0.15714142327509828,0.8250969207524885
787,state_only,0.2501998858040556,0.16207724663475653,0.20341080722108684
787,chemistry_permuted,0.23686459510883617,0.1304358635488686,0.1742319632256829
787,without_LiPF6,0.15545175971534164,0.031249015814400982,0.2423242611983819
787,LiPF6_only,0.2769952754984334,0.042528927329586685,-0.07984091277880534
787,LiBOB_wrong_salt_control,0.2629780261971336,0.10353703976556916,0.13599256060959264
787,LiBF4_fluorinated_control,0.40661724670256727,0.12109433993744034,0.718194580017141
788,state_only,0.268380032874474,0.1542539373427857,0.1881965141841212
788,chemistry_permuted,0.2600186366039554,0.13195409771451394,0.14914788099474008
788,without_LiPF6,0.1812242296211405,0.050197895834493855,0.25241103280071
788,LiPF6_only,0.2772556501322425,0.04874121711702484,-0.03753633467380757
788,LiBOB_wrong_salt_control,0.3242307005657128,0.1317360508110169,0.39997392626623185
788,LiBF4_fluorinated_control,0.41733862518018083,0.13195649080447736,0.754582800528361
789,state_only,0.28787397393965675,0.17177140487184617,0.2408397852106371
789,chemistry_permuted,0.2778075276034243,0.1506733974475284,0.19456486555928243
789,without_LiPF6,0.18061818773620864,0.050768656827255954,0.24164494289214122
789,LiPF6_only,0.3214890094227283,0.05884483686156372,-0.0337480465672827
789,LiBOB_wrong_salt_control,0.3411734301326079,0.1313008614724518,0.41628002175586554
789,LiBF4_fluorinated_control,0.4284740378723987,0.1490496153065749,0.7001068779669034
790,state_only,0.26478462789540813,0.150196326993688,0.17976323557103968
790,chemistry_permuted,0.24584277647199848,0.12171678713337575,0.1271108895953459
790,without_LiPF6,0.177213108206155,0.035716444007984016,0.2727860506947284
790,LiPF6_only,0.264205782545998,0.04755991496866108,-0.06635161317910576
790,LiBOB_wrong_salt_control,0.31229311296377105,0.11026244300423249,0.251924230359859
790,LiBF4_fluorinated_control,0.39514887033457236,0.1142797581172621,0.7057097977019449
791,state_only,0.2680258378099547,0.14707806930100664,0.19984489787375015
791,chemistry_permuted,0.2544038493819678,0.1261290882795495,0.164362885263443
791,without_LiPF6,0.15431039595485685,0.029840493160230852,0.2750964687419223
791,LiPF6_only,0.3059954173439271,0.04806041416529694,-0.05686442623491017
791,LiBOB_wrong_salt_control,0.2840156588350814,0.09262369009165716,0.2515063741530703
791,LiBF4_fluorinated_control,0.4127372401276873,0.12488626095797684,0.6799616039917703
792,state_only,0.2998201702311214,0.15403036042156382,0.21049183815997452
792,chemistry_permuted,0.28809789434962285,0.13047192958985587,0.18293956897361463
792,without_LiPF6,0.18256523594179652,0.032381112721191596,0.23667059511763866
792,LiPF6_only,0.30444497268299797,0.04993437848423554,-0.0020534741105030507
792,LiBOB_wrong_salt_control,0.32075729590614654,0.14005495599956408,0.37794556884059194
792,LiBF4_fluorinated_control,0.4524906465084082,0.12416432386227294,0.7543178445634415
793,state_only,0.259277642799719,0.14472403638845166,0.18128002023569822
793,chemistry_permuted,0.25265188212989564,0.12322851095343568,0.15384570899940364
793,without_LiPF6,0.1327435333145922,0.03451861336809958,0.2558847526254433
793,LiPF6_only,0.3404557711895656,0.04357817059437452,-0.05024715319220063
793,LiBOB_wrong_salt_control,0.259847915447712,0.12107213866604405,0.2890095071007954
793,LiBF4_fluorinated_control,0.4433647909360151,0.12539248731137542,0.7685418271347031
794,state_only,0.2688434298071166,0.1590468173359394,0.24843655671210618
794,chemistry_permuted,0.24522263045444492,0.12426875777084356,0.1738904905672063
794,without_LiPF6,0.18848862246059472,0.053389322430429154,0.2696395118761362
794,LiPF6_only,0.232204133038743,0.05556057226546118,0.021119211614303413
794,LiBOB_wrong_salt_control,0.3715386013197587,0.18424679288332335,0.6293017986390105
794,LiBF4_fluorinated_control,0.364074673421672,0.12940644998728879,0.7425930083526661
795,state_only,0.27943263235512716,0.17633942610240727,0.274219500973766
795,chemistry_permuted,0.253772148732605,0.13299423473823657,0.19836425790197898
795,without_LiPF6,0.12000713516340655,0.036764878297938286,0.23353826275710743
795,LiPF6_only,0.30417432850402826,0.05087901009576046,-0.0007413184421722896
795,LiBOB_wrong_salt_control,0.33473977604018923,0.165354146578794,0.4899273620112933
795,LiBF4_fluorinated_control,0.40830933419382465,0.13460172959792804,0.7575022546186361
796,state_only,0.31225437202077644,0.17001316969688607,0.22345286797439678
796,chemistry_permuted,0.28588140402829665,0.13123781650688016,0.14266643877103358
796,without_LiPF6,0.16538543885076085,0.03056566506906233,0.25299844265767335
796,LiPF6_only,0.3120980617226269,0.048760408387209186,-0.0581060620930145
796,LiBOB_wrong_salt_control,0.35192135198329155,0.13579977564802936,0.44950438336059995
796,LiBF4_fluorinated_control,0.42931927330968567,0.12209502715112508,0.7026754185190089
797,state_only,0.2723053580628826,0.15340844672579423,0.2446600119375425
797,chemistry_permuted,0.2499931702899083,0.12231648287014096,0.1773979436745855
797,without_LiPF6,0.1492362129853615,0.033834317223046306,0.27053106695413753
797,LiPF6_only,0.2645999307539507,0.050596058298986835,-0.008708874278939627
797,LiBOB_wrong_salt_control,0.33062348449078494,0.12198284621059985,0.4551764175455322
797,LiBF4_fluorinated_control,0.3665042933309083,0.12552962440792248,0.7307260729042837
798,state_only,0.2925018784341171,0.1648804999141853,0.24182198883950035
798,chemistry_permuted,0.27191059460831435,0.13108201004566533,0.1860254723503716
798,without_LiPF6,0.1905522418368223,0.04090330386120522,0.2568362207043121
798,LiPF6_only,0.29916346852655495,0.05167319487602817,-0.021540360744005338
798,LiBOB_wrong_salt_control,0.3549426206773485,0.14936682606780916,0.4747669282068374
798,LiBF4_fluorinated_control,0.4321265984210543,0.12467613204470407,0.7149150637305438
799,state_only,0.3127608373693429,0.1627744752427276,0.2888884273676606
799,chemistry_permuted,0.2896064617725146,0.1294585570314939,0.17623369607478934
799,without_LiPF6,0.16201427028343418,0.039191488142072406,0.2501718606407479
799,LiPF6_only,0.28234284149452793,0.06050468417585175,0.03906215868352114
799,LiBOB_wrong_salt_control,0.35336806071015303,0.1248373585310264,0.7944894603363943
799,LiBF4_fluorinated_control,0.36614388481812865,0.13851926891640554,0.6553750010349653
800,state_only,0.314986912786953,0.1577645941426291,0.17451577627997017
800,chemistry_permuted,0.2959757988448044,0.1340363731923424,0.13977778156062326
800,without_LiPF6,0.178330017313458,0.0200916778958532,0.26338316243107984
800,LiPF6_only,0.32134832754601517,0.06040176142711229,-0.0499544830079689
800,LiBOB_wrong_salt_control,0.2947810583763776,0.11379952421666861,0.1840009301565787
800,LiBF4_fluorinated_control,0.42499653643036195,0.12619230241516644,0.6791023147294267
801,state_only,0.2627192660319835,0.16101546479725826,0.1695148186188168
801,chemistry_permuted,0.2433357836537453,0.12913071777305152,0.13548808388277733
801,without_LiPF6,0.16972061834466767,0.045155806049954395,0.27680082749179846
801,LiPF6_only,0.2909626672414458,0.04450665071264648,-0.08308572170011397
801,LiBOB_wrong_salt_control,0.2735539083238987,0.10284544787312166,0.1540633671927255
801,LiBF4_fluorinated_control,0.4087331744440882,0.11150898114232788,0.7301124744359391
802,state_only,0.3049720889276635,0.17363854647956922,0.2142441780977009
802,chemistry_permuted,0.2911478122428627,0.14903112094130622,0.16987876312154482
802,without_LiPF6,0.17178791929589476,0.033619250235580767,0.2696552723075317
802,LiPF6_only,0.284556593493123,0.05673011923459503,-0.04726349645750694
802,LiBOB_wrong_salt_control,0.31994843140745843,0.12951215350005807,0.274696671431798
802,LiBF4_fluorinated_control,0.40876844807458657,0.1379900885135712,0.727452397859284
803,state_only,0.2576732288206135,0.15308588296663983,0.21556053175804435
803,chemistry_permuted,0.24920823028390915,0.12810925396221973,0.1648389719431138
803,without_LiPF6,0.1552075695027143,0.044667529094504554,0.290093494516487
803,LiPF6_only,0.30804094577076013,0.04884269602381941,-0.04353533903589346
803,LiBOB_wrong_salt_control,0.33112829982532255,0.14293033837354752,0.4621405133251877
803,LiBF4_fluorinated_control,0.4036476262812262,0.1300540005226536,0.7149061029157265
804,state_only,0.2829849786934904,0.15468093446025066,0.19906569275795505
804,chemistry_permuted,0.2598554359420543,0.12012594392213571,0.1323033438278738
804,without_LiPF6,0.15501655734651276,0.03608957194492313,0.26502063930073905
804,LiPF6_only,0.31763482208953797,0.051142475130591336,-0.03603424202570904
804,LiBOB_wrong_salt_control,0.32680271285629814,0.13260585094049226,0.4184838645023069
804,LiBF4_fluorinated_control,0.4113018091083346,0.12158012585345446,0.7231167874965119
805,state_only,0.2839312568616664,0.16309685572135146,0.23054310699735903
805,chemistry_permuted,0.26499416371477647,0.13183684722494293,0.17710082906174673
805,without_LiPF6,0.15605708519765138,0.043712183423539885,0.2437685512515887
805,LiPF6_only,0.28288107547457153,0.04519597915915796,-0.01766112337754233
805,LiBOB_wrong_salt_control,0.30442697883347836,0.11487968690757899,0.40186925088498504
805,LiBF4_fluorinated_control,0.4000783597326645,0.1261146012099379,0.7164223053439902
806,state_only,0.2761370509868082,0.16698397385679697,0.22974020902226977
806,chemistry_permuted,0.26183050085547854,0.1344773317776531,0.1798546652707781
806,without_LiPF6,0.138730395558603,0.028131681294460087,0.2668283164930879
806,LiPF6_only,0.2844519956017635,0.053733614028593446,-0.04097916315615169
806,LiBOB_wrong_salt_control,0.27947242355271973,0.12010261451549675,0.3137024661781649
806,LiBF4_fluorinated_control,0.39668255688798093,0.138845717906127,0.7356627680012731
807,state_only,0.28637778478498965,0.1637360609773597,0.18943012262696757
807,chemistry_permuted,0.2712599139601696,0.13674027145180911,0.13153064114812152
807,without_LiPF6,0.17354329204111074,0.055908847478168044,0.3193391281424094
807,LiPF6_only,0.29555260444926745,0.047431505389627704,-0.06952951469178448
807,LiBOB_wrong_salt_control,0.27269586255851597,0.11390666035813357,0.38331972880411025
807,LiBF4_fluorinated_control,0.391026933330225,0.1449301159196078,0.664076992640172
808,state_only,0.250535265192001,0.1476464346117511,0.20440274321418095
808,chemistry_permuted,0.2445757073695386,0.1289066524981214,0.18195887535546318
808,without_LiPF6,0.13281025638144606,0.02447989956323471,0.2487765146081291
808,LiPF6_only,0.30450311619254733,0.052076039843705346,-0.01659954463478419
808,LiBOB_wrong_salt_control,0.3033627998997671,0.14237368085120872,0.32891415025459203
808,LiBF4_fluorinated_control,0.4020214668208646,0.13887342951326143,0.7104178014909646
809,state_only,0.2360870357843119,0.13131418776452752,0.16652208902474486
809,chemistry_permuted,0.2265081451164176,0.1118205736988429,0.1355296492328445
809,without_LiPF6,0.13710198929714512,0.028846168217977808,0.2853651255830423
809,LiPF6_only,0.27125636380630525,0.04468559976749309,-0.04887670348263384
809,LiBOB_wrong_salt_control,0.2657315645219399,0.1113873580998096,0.2931037295572725
809,LiBF4_fluorinated_control,0.38152157957274546,0.11454537522082608,0.7028636116168478
810,state_only,0.2600821234199594,0.16278507591047442,0.22194421584788437
810,chemistry_permuted,0.2522293055489867,0.13834772282562913,0.1882803439858043
810,without_LiPF6,0.17278261007703755,0.05004086448323031,0.2692274603086676
810,LiPF6_only,0.288948207184759,0.050061477705828916,-0.023673905125328076
810,LiBOB_wrong_salt_control,0.31882892379533667,0.138749172182132,0.35862056666947306
810,LiBF4_fluorinated_control,0.40285087594552405,0.13240461382273072,0.7646224347226145
811,state_only,0.2811436344667896,0.16862939335788152,0.22255118338735547
811,chemistry_permuted,0.26342691117176265,0.13761060239381573,0.17777877044377277
811,without_LiPF6,0.1640855710219058,0.04027829197211008,0.2649783241599152
811,LiPF6_only,0.2929961641454798,0.03471532497114549,-0.06755556915739835
811,LiBOB_wrong_salt_control,0.2758479386486423,0.11410498078346198,0.2527374026896829
811,LiBF4_fluorinated_control,0.4286551806532153,0.12203556696715867,0.7129923449980865
812,state_only,0.29423338327510207,0.17974934324328184,0.24476954297252518
812,chemistry_permuted,0.2746235978353051,0.14448665886199463,0.18069959919252176
812,without_LiPF6,0.16673733580218608,0.051113884352398054,0.25808425483341935
812,LiPF6_only,0.289976209738007,0.053396149546320326,-0.04517734646505278
812,LiBOB_wrong_salt_control,0.31803517719883156,0.10583615139357827,0.3818085006067382
812,LiBF4_fluorinated_control,0.40707291908275534,0.13380236643487686,0.6868302698515666
813,state_only,0.2480132529486967,0.14259413982668,0.21777337021837562
813,chemistry_permuted,0.23781135656808383,0.12304542945342967,0.15917597298147057
813,without_LiPF6,0.13685107773189142,0.04705385988797994,0.2648649705563959
813,LiPF6_only,0.28338477520342864,0.06232600368619712,0.018439627556959604
813,LiBOB_wrong_salt_control,0.33599482686848126,0.13932471502826083,0.5897155918846585
813,LiBF4_fluorinated_control,0.346393523987125,0.1426915299445537,0.6725159241482481
814,state_only,0.24412778236358057,0.14572171389703248,0.2529255898099796
814,chemistry_permuted,0.2240266613341091,0.11512977881738173,0.1763440593303529
814,without_LiPF6,0.16897860828865718,0.060960986550746,0.25702117758816356
814,LiPF6_only,0.23797015844763836,0.03989146761480966,-0.0020688880090612427
814,LiBOB_wrong_salt_control,0.34310985994164167,0.13611010473110874,0.5349704022186871
814,LiBF4_fluorinated_control,0.35507103253084515,0.10572500317718925,0.7020543931981367
815,state_only,0.28344342951389634,0.14973057999499373,0.22089636753577346
815,chemistry_permuted,0.27053605657002744,0.12437582519803703,0.16904447901493935
815,without_LiPF6,0.1532102347457579,0.0387289416208203,0.2852093328874823
815,LiPF6_only,0.3360972142303241,0.04711269862335754,-0.0412343790471027
815,LiBOB_wrong_salt_control,0.2923490185987727,0.11988661206801599,0.3678843059344886
815,LiBF4_fluorinated_control,0.4470516681023248,0.11039390479157662,0.7845789239665648
816,state_only,0.25961382672923417,0.15464709993190284,0.21733635172163523
816,chemistry_permuted,0.24449749443423086,0.12242179274519815,0.15763883389308309
816,without_LiPF6,0.1223751903937984,0.023164821757968745,0.24208662550351046
816,LiPF6_only,0.2545029889913233,0.03544020831572636,-0.06342650179175768
816,LiBOB_wrong_salt_control,0.29607973698524814,0.09071555395426267,0.3738013086087246
816,LiBF4_fluorinated_control,0.3597897271323617,0.12058652862855967,0.691152807274255
817,state_only,0.3183150210927429,0.15607952723174423,0.1972798156947101
817,chemistry_permuted,0.30499044219763616,0.127572865783514,0.1514091354290017
817,without_LiPF6,0.1642012703883171,0.0357393973289466,0.24162922876323467
817,LiPF6_only,0.3395331950642998,0.048230242569061055,-0.04782576248209669
817,LiBOB_wrong_salt_control,0.31373850034642814,0.1304541680108523,0.3605251117119127
817,LiBF4_fluorinated_control,0.4563320224595515,0.12429451860018381,0.7552770394446724
818,state_only,0.2593027252265918,0.15211413901046067,0.22416699484720803
818,chemistry_permuted,0.25252746047043073,0.1276388313332525,0.1643976470813654
818,without_LiPF6,0.15897747599686896,0.05154372364500459,0.28142388162551246
818,LiPF6_only,0.3440846651497067,0.05661030195622807,-0.03421356111244134
818,LiBOB_wrong_salt_control,0.30285571973890424,0.11412556980531452,0.4806292184458515
818,LiBF4_fluorinated_control,0.4380299013428355,0.13763292249044679,0.7536076052775623
819,state_only,0.31127026952144465,0.18185734190280878,0.2680250886346798
819,chemistry_permuted,0.29153795423269124,0.14827968482391385,0.1830379577385014
819,without_LiPF6,0.14814862032472997,0.024119224866329114,0.25086165276970984
819,LiPF6_only,0.2935190026193344,0.050901186197438886,-0.025012298670830102
819,LiBOB_wrong_salt_control,0.32851825880866337,0.12483098529323577,0.47990081952776587
819,LiBF4_fluorinated_control,0.39333203068228284,0.13024299931902672,0.6842692740453113
820,state_only,0.28466106239082734,0.15429900325274404,0.19575266660597956
820,chemistry_permuted,0.2620448067154104,0.11721812937926901,0.1279214415313067
820,without_LiPF6,0.16592822163141474,0.03289338992925772,0.26636986242887584
820,LiPF6_only,0.23354798096407614,0.032592354080761776,-0.07260500289682092
820,LiBOB_wrong_salt_control,0.3363394173670089,0.11540557563241105,0.38755561548772754
820,LiBF4_fluorinated_control,0.38607560709632205,0.10958403234913694,0.6981477807710246
821,state_only,0.21385583264545238,0.13525029691644586,0.1960254937060153
821,chemistry_permuted,0.20553121344533853,0.11534052301070463,0.1606470705482359
821,without_LiPF6,0.16979731703532053,0.060222073812052246,0.26970030900369013
821,LiPF6_only,0.22805588644245556,0.04311811541249477,-0.02407606381089189
821,LiBOB_wrong_salt_control,0.32080913943660383,0.11770133151840434,0.4543569301726592
821,LiBF4_fluorinated_control,0.3499284761229985,0.11215351071371249,0.7390959929767333
822,state_only,0.2441391901239549,0.14859686411513018,0.2465085137871611
822,chemistry_permuted,0.2282378266428905,0.11632647183265321,0.188314077885255
822,without_LiPF6,0.16886611048482292,0.046278000308989764,0.2603902351733548
822,LiPF6_only,0.2864064012258626,0.04566649992912053,-0.009776019163338923
822,LiBOB_wrong_salt_control,0.3058196594227458,0.13764882683807633,0.44486607792378796
822,LiBF4_fluorinated_control,0.40600258546742796,0.12323140814203215,0.7515825030046765
823,state_only,0.29592309394966165,0.15903150050996362,0.2150850638792502
823,chemistry_permuted,0.2767115202774496,0.12675193881907065,0.15140425238193678
823,without_LiPF6,0.1809130241623682,0.03180572170357432,0.31108962802902207
823,LiPF6_only,0.28136298697999695,0.0375902605769719,-0.057899238180375345
823,LiBOB_wrong_salt_control,0.31706989620135606,0.1230680551072385,0.40290827709645427
823,LiBF4_fluorinated_control,0.3981188768691287,0.11638622964131828,0.6787906884852795
824,state_only,0.24601418434390088,0.1477719681195978,0.23970989255315445
824,chemistry_permuted,0.23574584881467542,0.12620036653060474,0.21096909130437014
824,without_LiPF6,0.1502339807806804,0.041489307600543146,0.21930682036008287
824,LiPF6_only,0.25940976172888897,0.05272076705526596,0.01691814333381969
824,LiBOB_wrong_salt_control,0.30418549720623456,0.1304818408742595,0.4066394602870249
824,LiBF4_fluorinated_control,0.39512266996158807,0.12812664553538777,0.7571525642279378
825,state_only,0.23346464821661272,0.13953312689322883,0.20316314498046328
825,chemistry_permuted,0.2224177934211734,0.11229036985307383,0.15738424146935592
825,without_LiPF6,0.15106796448802517,0.04035509837527873,0.26754596529150254
825,LiPF6_only,0.29817669450841144,0.03605952407694735,-0.04852077328326554
825,LiBOB_wrong_salt_control,0.33884436761697523,0.1371096433183734,0.4435357871799501
825,LiBF4_fluorinated_control,0.4028671855757022,0.11977473310557174,0.6862500077298629
826,state_only,0.3303613931731413,0.16598543041158198,0.24759076394390178
826,chemistry_permuted,0.3091906828056836,0.13382472443994242,0.1841826576928023
826,without_LiPF6,0.1962012758542775,0.051716980324499895,0.2586737047450419
826,LiPF6_only,0.3129407310100557,0.041772062541465704,-0.028502885314154902
826,LiBOB_wrong_salt_control,0.3532699446752873,0.14487333370562572,0.511054446640473
826,LiBF4_fluorinated_control,0.4377112576104901,0.12250742202357146,0.7532499290698362
827,state_only,0.28441574432080385,0.15223692575397318,0.21647167967249914
827,chemistry_permuted,0.2583775800780439,0.11410626642462607,0.1416758453535092
827,without_LiPF6,0.16947282847681666,0.04082644061693663,0.2679764670070951
827,LiPF6_only,0.2776223010897868,0.03779237195164031,-0.04659631356763516
827,LiBOB_wrong_salt_control,0.3419488266786881,0.14628772701728499,0.5204452803919849
827,LiBF4_fluorinated_control,0.39566030329629953,0.11546833705477455,0.7100249243285112
828,state_only,0.25328435035819186,0.16902202956248036,0.23691874520741785
828,chemistry_permuted,0.23735225318847253,0.13756078199459554,0.1840552481590373
828,without_LiPF6,0.12037982990693963,0.021801506500352397,0.23224763645945357
828,LiPF6_only,0.2682579954485489,0.0491869861247044,-0.036966558788690485
828,LiBOB_wrong_salt_control,0.2757108098565394,0.0902726629535473,0.21435022144349125
828,LiBF4_fluorinated_control,0.37018318639246395,0.12437198742513955,0.695423364733623
829,state_only,0.27977060687440414,0.16191071053420392,0.21919233168333307
829,chemistry_permuted,0.25644067021695294,0.12405362455618907,0.14347658724862633
829,without_LiPF6,0.17095194417391213,0.0468491246610534,0.2661580243798043
829,LiPF6_only,0.2833221546515974,0.04239374456138889,-0.07514647153409681
829,LiBOB_wrong_salt_control,0.3242716111850683,0.12458183761124508,0.3968003188847894
829,LiBF4_fluorinated_control,0.392610419930985,0.10918484139127815,0.6807338750433154
830,state_only,0.2754700329485176,0.16130762139470256,0.23800996885278525
830,chemistry_permuted,0.25691445198575125,0.1310265790991777,0.1754885474663772
830,without_LiPF6,0.1423562315403275,0.03890513514081917,0.2453454013737525
830,LiPF6_only,0.26806120167338654,0.05044019261556787,-0.016016039986249564
830,LiBOB_wrong_salt_control,0.2655489557210422,0.09688051401436237,0.291996928751057
830,LiBF4_fluorinated_control,0.3857115381437558,0.11734799000042506,0.7434516960663397
831,state_only,0.2599369924069769,0.12998840906437992,0.17817765881614578
831,chemistry_permuted,0.24419182786182536,0.10709303715657859,0.0968298838484829
831,without_LiPF6,0.1803622784469444,0.03671958991000501,0.2744849630424835
831,LiPF6_only,0.28767717290349915,0.042593557585140274,-0.033183557884905235
831,LiBOB_wrong_salt_control,0.350391329601604,0.09914631131518925,0.5166957873181567
831,LiBF4_fluorinated_control,0.3836782972608296,0.1302050555399007,0.6650461131018508
832,state_only,0.29046088915106627,0.17347580900501003,0.20258972701038858
832,chemistry_permuted,0.27751201759617483,0.1428358085182012,0.1561644031283742
832,without_LiPF6,0.1717425871505408,0.03690678827820071,0.26311255246525844
832,LiPF6_only,0.3023176087213717,0.0578508480954536,-0.04924989073304831
832,LiBOB_wrong_salt_control,0.2898408122596565,0.12133525428808378,0.23831146851426577
832,LiBF4_fluorinated_control,0.41986079810224197,0.13948871907209692,0.7217192409989261
833,state_only,0.30662102184167417,0.17689265814096056,0.2080517992267502
833,chemistry_permuted,0.29787107701073146,0.15394663506598438,0.17749417613261875
833,without_LiPF6,0.15933623210116632,0.04018380367962593,0.28419315343049834
833,LiPF6_only,0.3416558882495685,0.05967470084980431,-0.05559144616824152
833,LiBOB_wrong_salt_control,0.28190846457940344,0.12585953958027207,0.2884311870064038
833,LiBF4_fluorinated_control,0.4475351630726633,0.14373876202413982,0.7314455878773738
834,state_only,0.3133882613883121,0.16379894212668955,0.24223574092412614
834,chemistry_permuted,0.2908474021299312,0.13181715115253123,0.15714560943613654
834,without_LiPF6,0.19543819205161528,0.039940724500551306,0.26223759938195323
834,LiPF6_only,0.2938187527141517,0.05155505649941605,-0.011122771195883119
834,LiBOB_wrong_salt_control,0.3582614857959555,0.13927568954341474,0.6202744874096716
834,LiBF4_fluorinated_control,0.40330213731340514,0.12102767838783235,0.6965040719587375
835,state_only,0.2939312347642109,0.15670462443592503,0.20424628780484388
835,chemistry_permuted,0.2725599045036735,0.12542477230589877,0.14434459880843098
835,without_LiPF6,0.17424473986037103,0.03592436105496699,0.26360323477258996
835,LiPF6_only,0.23502651767720617,0.03767042217611816,-0.046183970260471496
835,LiBOB_wrong_salt_control,0.30985850006135884,0.11210601376792195,0.3756557905749066
835,LiBF4_fluorinated_control,0.37233087290689715,0.11542521701510322,0.6660720325974537
836,state_only,0.25650349571066344,0.15070736273852547,0.20543048745805614
836,chemistry_permuted,0.25572833817483154,0.1348244890300736,0.19468632888082493
836,without_LiPF6,0.11427365130806177,0.02406519113985306,0.2460206796639225
836,LiPF6_only,0.3198894268050584,0.05237995997016731,-0.03582143913508351
836,LiBOB_wrong_salt_control,0.2473920088024304,0.11443421102588669,0.1984160848754174
836,LiBF4_fluorinated_control,0.4394110183669361,0.1416357393713723,0.8327095658056289
837,state_only,0.2887672793194568,0.1717644520333491,0.2201885056229308
837,chemistry_permuted,0.2798887161093805,0.14865010153849367,0.17023615063368358
837,without_LiPF6,0.18305786743545194,0.04973726377209142,0.2914521290157759
837,LiPF6_only,0.3332710888509146,0.05527271001526568,-0.05484586956415349
837,LiBOB_wrong_salt_control,0.3125356267816779,0.1378305561308849,0.3482718908669479
837,LiBF4_fluorinated_control,0.4328942281192263,0.1380301500741029,0.7383727613722353
838,state_only,0.26949589442430055,0.17274855566359182,0.23239941986357415
838,chemistry_permuted,0.2483170415422047,0.1385148253068076,0.17525574450175774
838,without_LiPF6,0.19401805888914647,0.05595757913071808,0.25432779650932025
838,LiPF6_only,0.23198997757263407,0.05391876343153612,-0.04362049690362113
838,LiBOB_wrong_salt_control,0.33593684910095756,0.13182455002801807,0.34022731759947833
838,LiBF4_fluorinated_control,0.3651200922034038,0.12036404522032584,0.6612991447821466
839,state_only,0.3036193152176847,0.17689120901801236,0.26729461806394894
839,chemistry_permuted,0.28253135129452356,0.13959256924369123,0.19495169477955265
839,without_LiPF6,0.16386656341588135,0.033406424338539575,0.22711116875366855
839,LiPF6_only,0.2646699488469261,0.05043996221388247,-0.00464334359887042
839,LiBOB_wrong_salt_control,0.32822591781979493,0.12904307182832897,0.39930258133647967
839,LiBF4_fluorinated_control,0.3900437204949394,0.13073566973812745,0.6715405057825279
840,state_only,0.26601307550941844,0.1989782559015939,0.30338599015734824
840,chemistry_permuted,0.24662190748610646,0.16316301218057694,0.237804918045327
840,without_LiPF6,0.11869069048234826,0.0415153220886848,0.22740519247464053
840,LiPF6_only,0.2537666923476335,0.06262679219907774,-0.0044197653204559595
840,LiBOB_wrong_salt_control,0.2973893001671143,0.12505996630284444,0.36746851193277297
840,LiBF4_fluorinated_control,0.34743970001540814,0.13307843734345126,0.6825881496797622
841,state_only,0.2850489663801705,0.18110671678171297,0.23583402362048622
841,chemistry_permuted,0.26783687972882075,0.1478618322672567,0.18493811809566796
841,without_LiPF6,0.1327343518730748,0.03223120266196966,0.24772978837213921
841,LiPF6_only,0.31698002282164084,0.06261449719795076,-0.0311903499798456
841,LiBOB_wrong_salt_control,0.28375596744685694,0.11992752783413141,0.29019390048074967
841,LiBF4_fluorinated_control,0.4175310729674142,0.13823301939661015,0.7353640714101765
842,state_only,0.3394638725446021,0.17631681202089478,0.23572903257382927
842,chemistry_permuted,0.31732136302506764,0.13914277465860836,0.1594374195305155
842,without_LiPF6,0.16610175117298753,0.045781377507175924,0.2594839346685951
842,LiPF6_only,0.3409568715173694,0.05280530294138974,-0.041862729073140925
842,LiBOB_wrong_salt_control,0.3125388680050585,0.11716984162909028,0.3709113392126978
842,LiBF4_fluorinated_control,0.4332702754312513,0.13351712039869845,0.6964493711204752
843,state_only,0.29440356202100626,0.16123057572895305,0.21459498547643907
843,chemistry_permuted,0.2752147913820612,0.1266869258236677,0.18203370883774372
843,without_LiPF6,0.16824005814189702,0.03194953130574274,0.24106076557421519
843,LiPF6_only,0.29027006676727507,0.040077089832841084,-0.0490759869957631
843,LiBOB_wrong_salt_control,0.29251509982600377,0.1322966341977183,0.23458961004504508
843,LiBF4_fluorinated_control,0.4434736047032234,0.11394346553563983,0.7557799252865665
844,state_only,0.28629150054189945,0.171349999881531,0.2485824125259306
844,chemistry_permuted,0.27831138045616965,0.14955325148989762,0.2052233532045209
844,without_LiPF6,0.16541879450158947,0.03614531417169564,0.29544253428538747
844,LiPF6_only,0.2996403109330228,0.05730193576775133,-0.018679412701887887
844,LiBOB_wrong_salt_control,0.29015488440528314,0.1300867323120113,0.385495783958149
844,LiBF4_fluorinated_control,0.4119697217634062,0.14613854261118864,0.7353526239072844
845,state_only,0.2968488233566926,0.19641395302011078,0.2555018679636094
845,chemistry_permuted,0.2845153078219087,0.16702149549015954,0.20120840432338571
845,without_LiPF6,0.1367242146474944,0.03400548307803153,0.24768626038695296
845,LiPF6_only,0.29119721260363307,0.07050721461402332,-0.023842068630601676
845,LiBOB_wrong_salt_control,0.27501226629200537,0.10323098527994412,0.28574424461606973
845,LiBF4_fluorinated_control,0.39299324774966626,0.16390128081221844,0.7451948928530563
846,state_only,0.2537465106224285,0.16040874519095072,0.23540318579273234
846,chemistry_permuted,0.23584269792206336,0.12523192968063224,0.14754539726949856
846,without_LiPF6,0.15144381398968387,0.04166980585305735,0.2673064748302256
846,LiPF6_only,0.27362123012951767,0.056850046809771904,-0.006179534986025748
846,LiBOB_wrong_salt_control,0.3420066700440807,0.12944044973601976,0.5621421164699296
846,LiBF4_fluorinated_control,0.36451575937053016,0.14587580012328505,0.7080410173412832
847,state_only,0.28730886306238146,0.16872589420512063,0.2157238858389915
847,chemistry_permuted,0.2751433971937446,0.14512328207815417,0.16066223318772332
847,without_LiPF6,0.16975294667340968,0.03583406225537322,0.2878296695421596
847,LiPF6_only,0.2875556555839145,0.05774275242965987,-0.02601610336035398
847,LiBOB_wrong_salt_control,0.266696163443358,0.13609163564755733,0.3617242736440983
847,LiBF4_fluorinated_control,0.40463698206429366,0.1268639665530079,0.7408316629094865
848,state_only,0.26885017715555704,0.18396756982387752,0.2385550879344922
848,chemistry_permuted,0.2542458409455425,0.1530784594640402,0.1863605104609578
848,without_LiPF6,0.12872330785296526,0.032119141379310934,0.2684405818152642
848,LiPF6_only,0.298936431478217,0.06557302338402371,-0.03257466098342965
848,LiBOB_wrong_salt_control,0.2837679358674353,0.12097887898580806,0.32929510785540883
848,LiBF4_fluorinated_control,0.389019531663507,0.1508923021778552,0.708051605337652
849,state_only,0.2661095644059345,0.15557192189622682,0.23117928603611693
849,chemistry_permuted,0.2410609713536902,0.12412922647376468,0.1683473735992027
849,without_LiPF6,0.16650271344409118,0.05521598569455555,0.2608911669074888
849,LiPF6_only,0.30342309158148373,0.05321820949481648,-0.012821715169220926
849,LiBOB_wrong_salt_control,0.35766680829966213,0.15528127742987252,0.5924917935113039
849,LiBF4_fluorinated_control,0.40494853755828375,0.12751290208782395,0.7242946872945975
850,state_only,0.23712693293048748,0.13901198776156676,0.18840407707524098
850,chemistry_permuted,0.2257056030946729,0.11690777577926259,0.15334551151141385
850,without_LiPF6,0.1394657330195873,0.03662698552538057,0.2744450648379475
850,LiPF6_only,0.2722038838305968,0.041665933755455464,-0.06350260008861919
850,LiBOB_wrong_salt_control,0.28279753046191514,0.10142959764613702,0.26358125855947023
850,LiBF4_fluorinated_control,0.3760451583118086,0.11493886050889535,0.6725738232387823
851,state_only,0.2563810170323695,0.16588204396427986,0.23291327205682544
851,chemistry_permuted,0.23061367967465107,0.13138507555474366,0.17449702997744698
851,without_LiPF6,0.13385056783221705,0.035654277583545,0.24116037249525435
851,LiPF6_only,0.2392658876473931,0.03995245752463883,-0.03402981923614867
851,LiBOB_wrong_salt_control,0.32320675601833726,0.13526253422116308,0.45396710030843557
851,LiBF4_fluorinated_control,0.33543900703068874,0.1110518565992411,0.6495537188866258
852,state_only,0.26124661694416296,0.17133527875079735,0.23305297989927976
852,chemistry_permuted,0.24395758656811384,0.13537349407850174,0.16744043639722728
852,without_LiPF6,0.17221824023649612,0.05081221246287504,0.27918627665454776
852,LiPF6_only,0.24391218112786406,0.04598412045689415,-0.04689305112481912
852,LiBOB_wrong_salt_control,0.2877730167985689,0.1207890919375928,0.32908414360191973
852,LiBF4_fluorinated_control,0.36064365309601476,0.12522899919700292,0.6631987046661028
853,state_only,0.32326113254200106,0.1661699445874748,0.2300912893908318
853,chemistry_permuted,0.30232349152012017,0.13408179855795943,0.18138343722484052
853,without_LiPF6,0.19138917015187618,0.045516950040898285,0.2757964776675964
853,LiPF6_only,0.3229744211129508,0.04498238932094489,-0.03191868215287541
853,LiBOB_wrong_salt_control,0.31386083771752604,0.13699019592821593,0.3041840413586837
853,LiBF4_fluorinated_control,0.4575397880267714,0.11744746137457851,0.8038529155447129
854,state_only,0.26893429474593344,0.1664271415771661,0.19072744811257114
854,chemistry_permuted,0.2603373574070291,0.1436364354408758,0.1573112646205771
854,without_LiPF6,0.12470667985437889,0.033342992370368085,0.24674020986512735
854,LiPF6_only,0.3198711175064688,0.057201463828591814,-0.050629139008174784
854,LiBOB_wrong_salt_control,0.24382916635913088,0.08948121096255679,0.2453109286136529
854,LiBF4_fluorinated_control,0.4129064040130055,0.13249167171104992,0.7533549508705872
855,state_only,0.27666103791428553,0.17874013312680814,0.23923951560979662
855,chemistry_permuted,0.2613519199062678,0.14669471639261467,0.18993486087142142
855,without_LiPF6,0.15223761182310414,0.047509682350800886,0.2890883439627162
855,LiPF6_only,0.3004167469756406,0.051449004701814904,-0.05885780695969012
855,LiBOB_wrong_salt_control,0.3007317875192338,0.14186085816086658,0.34209301422080207
855,LiBF4_fluorinated_control,0.41282212818674624,0.14565831241723937,0.7420591257529409
856,state_only,0.29655459780178184,0.15066628908811697,0.207335784270281
856,chemistry_permuted,0.2769019817160149,0.12407262657474083,0.15565237945057064
856,without_LiPF6,0.17310731775850186,0.04251176021548908,0.2675611126208163
856,LiPF6_only,0.2732651839313823,0.04378411350484024,-0.025125539516640094
856,LiBOB_wrong_salt_control,0.3208713653931462,0.11838136063405558,0.39875510931084024
856,LiBF4_fluorinated_control,0.39301444438679656,0.11469823066519547,0.7377997498645252
857,state_only,0.2944343528568303,0.16729597488037862,0.2074754355734273
857,chemistry_permuted,0.2777822810271512,0.13713968885570604,0.16230008381064642
857,without_LiPF6,0.1566856492212072,0.04349364447277937,0.24951786343512405
857,LiPF6_only,0.3143079437628076,0.05355683054158111,-0.043263420854081525
857,LiBOB_wrong_salt_control,0.33978269076099965,0.12667368986930228,0.34107008962100205
857,LiBF4_fluorinated_control,0.41057533620355946,0.13674479175979792,0.7398537948107826
858,state_only,0.27260070031737094,0.15910984859490673,0.21183996401893712
858,chemistry_permuted,0.26034442695131954,0.13120638946019314,0.169661629241032
858,without_LiPF6,0.14944282488512628,0.03697805995114156,0.27664622380706294
858,LiPF6_only,0.329084856134912,0.0604197254951967,-0.04637301797956672
858,LiBOB_wrong_salt_control,0.25923170849965627,0.10390339303782947,0.2546248869939376
858,LiBF4_fluorinated_control,0.41903069978183904,0.12730197788540676,0.7188261931540827
859,state_only,0.28346117274939797,0.16524303942880836,0.21994154165506663
859,chemistry_permuted,0.2680982497338733,0.13326111734281199,0.14799567021740634
859,without_LiPF6,0.1730491024856894,0.034133669767882346,0.28974605020134336
859,LiPF6_only,0.3087777381522693,0.05590915316262668,-0.05914377595163378
859,LiBOB_wrong_salt_control,0.299907939189605,0.1295429968548223,0.3800571977117225
859,LiBF4_fluorinated_control,0.4208491589599418,0.1326488172393323,0.7471422282634799
860,state_only,0.24481411086554206,0.14827527938767615,0.20350179100123067
860,chemistry_permuted,0.23114854350621705,0.12269708010606928,0.1632475555456776
860,without_LiPF6,0.18923813517867327,0.04925387080147259,0.27000034422454455
860,LiPF6_only,0.2618655590326303,0.0451687144702031,-0.04381827956376205
860,LiBOB_wrong_salt_control,0.3168813617726003,0.13370518199517945,0.2815151859861489
860,LiBF4_fluorinated_control,0.39426609544457225,0.11748776128630423,0.7014487419272872
861,state_only,0.3327747427062888,0.16371493152455752,0.24350737960151536
861,chemistry_permuted,0.30626229445165176,0.1268023038809709,0.17264981363718157
861,without_LiPF6,0.21278035245744786,0.058067011650280276,0.2712079731826166
861,LiPF6_only,0.2944925912070635,0.045711189483483516,-0.009758107572465757
861,LiBOB_wrong_salt_control,0.3658412259244749,0.13645206545955524,0.5117737760207575
861,LiBF4_fluorinated_control,0.4352658958950303,0.13011094533957146,0.7854610326648994
862,state_only,0.28715888498361486,0.15715113522450264,0.16862538095203805
862,chemistry_permuted,0.276213815222629,0.13186464401020737,0.1444910165982517
862,without_LiPF6,0.15215403530939375,0.04927131838187537,0.2539972788225313
862,LiPF6_only,0.31098927952432875,0.04128654635858697,-0.08923894092138918
862,LiBOB_wrong_salt_control,0.2770847896841935,0.12271859313962663,0.23420454386004674
862,LiBF4_fluorinated_control,0.43381177224698686,0.1268817900243876,0.7218928189715237
863,state_only,0.3020559127178406,0.18763157038910727,0.20791173862578083
863,chemistry_permuted,0.2961214516877616,0.15963368879576312,0.16354016134608773
863,without_LiPF6,0.15850671130881566,0.03873057495483734,0.30516962350956256
863,LiPF6_only,0.35255444480927334,0.05976147456233183,-0.0823411802136953
863,LiBOB_wrong_salt_control,0.264762767739686,0.13858726950023348,0.2864754639724649
863,LiBF4_fluorinated_control,0.45733905787250406,0.15229271765545382,0.760405875966076
864,state_only,0.31524515566356204,0.16610661058851728,0.20799531970230445
864,chemistry_permuted,0.30039222427836954,0.13994894848074135,0.16224307417218808
864,without_LiPF6,0.17123511085307908,0.031107421996259488,0.2718863543104826
864,LiPF6_only,0.29010670192186305,0.04900370423015343,-0.048765427055391886
864,LiBOB_wrong_salt_control,0.342852064181023,0.14711105037721106,0.4073098195581283
864,LiBF4_fluorinated_control,0.3997988558236901,0.12268129136983652,0.6693839470581181
865,state_only,0.3045479138598235,0.18016300761360415,0.2778937436772344
865,chemistry_permuted,0.2869548725082647,0.15042993968781548,0.21971929686534752
865,without_LiPF6,0.16041491616151404,0.03411922362243347,0.23780530496887098
865,LiPF6_only,0.30163844047487876,0.0558568851778698,-0.0067247904591357655
865,LiBOB_wrong_salt_control,0.36709558264099895,0.16696573066221043,0.5300966166612406
865,LiBF4_fluorinated_control,0.4167636644048175,0.1370059159225493,0.7113539897172136
866,state_only,0.25590998496896744,0.1573391229678225,0.211203166240863
866,chemistry_permuted,0.23924210467019713,0.12647614325048118,0.15261369321303053
866,without_LiPF6,0.16977075553167775,0.043177428201485624,0.2774676563731736
866,LiPF6_only,0.27947832830387775,0.05000228959017272,-0.04106804189449631
866,LiBOB_wrong_salt_control,0.32276859485676723,0.11284699553902455,0.3287746216048999
866,LiBF4_fluorinated_control,0.40327607848779423,0.1313222465768723,0.7653675719311045
867,state_only,0.25013660281199124,0.1566815748569167,0.22415374583894532
867,chemistry_permuted,0.23716850680372914,0.13127860187441298,0.1821077094978566
867,without_LiPF6,0.1520999776448826,0.02954395195082893,0.25166850122305984
867,LiPF6_only,0.2616277690163695,0.05842158404133069,-0.004581957087856248
867,LiBOB_wrong_salt_control,0.27984383332073914,0.09887994890304774,0.2801059844089685
867,LiBF4_fluorinated_control,0.38553014308758693,0.13137532573671418,0.7331783034268027
868,state_only,0.2670014674585607,0.14477086217548651,0.20926520850520547
868,chemistry_permuted,0.25370633776458673,0.1209721135475651,0.17748680044457354
868,without_LiPF6,0.14257614933509555,0.035139643408212407,0.24913006127838333
868,LiPF6_only,0.30097617591256876,0.045396320503969356,-0.01957420557756151
868,LiBOB_wrong_salt_control,0.3065122413769187,0.12637675366864531,0.3423909357037146
868,LiBF4_fluorinated_control,0.4381146819645446,0.12214304042509294,0.8055286607322716
869,state_only,0.2848373730649134,0.14257488344270697,0.18737196545899992
869,chemistry_permuted,0.2681925501353861,0.11422590902810548,0.13661191369703418
869,without_LiPF6,0.18342676716043138,0.031061322124877888,0.2700636744511298
869,LiPF6_only,0.273847934989336,0.04962382204372939,-0.029749512552479596
869,LiBOB_wrong_salt_control,0.3438636978232966,0.11662988366804483,0.37981352411032065
869,LiBF4_fluorinated_control,0.39162142819832224,0.13588172059065884,0.6935230492206386
870,state_only,0.2967052006347892,0.16688008130169185,0.18641917382656448
870,chemistry_permuted,0.2825365494828901,0.13894802722811983,0.1413734884197526
870,without_LiPF6,0.16319881334109698,0.02558229225847941,0.2826247625273378
870,LiPF6_only,0.31227430774649134,0.05234589175993609,-0.061230593210843454
870,LiBOB_wrong_salt_control,0.2935197008335284,0.12431924220824131,0.32022955140646703
870,LiBF4_fluorinated_control,0.4324135507053237,0.12877344468564123,0.7275048895185825
871,state_only,0.29476806438620173,0.16171969521010976,0.22841733804360786
871,chemistry_permuted,0.27212138598596813,0.1270764532620221,0.16556005380406436
871,without_LiPF6,0.13872463254681988,0.03005670930511606,0.22064196335835484
871,LiPF6_only,0.2767395073950425,0.04725332990144793,-0.014296017828446805
871,LiBOB_wrong_salt_control,0.316432998640533,0.11632776870714934,0.3795497676277194
871,LiBF4_fluorinated_control,0.3960380590165805,0.12174621494449822,0.7112311462939167
872,state_only,0.2837556192480337,0.14893990190416917,0.2089391665843835
872,chemistry_permuted,0.26197105739228577,0.11775917424384896,0.15295384394845146
872,without_LiPF6,0.1858702735473604,0.04635219952157321,0.27594483153152516
872,LiPF6_only,0.30451079020154115,0.04939119612498544,-0.017500943146046888
872,LiBOB_wrong_salt_control,0.35431188277999537,0.15997785268899645,0.5361150108091086
872,LiBF4_fluorinated_control,0.4072109982985671,0.11995414487310951,0.7211263590541388
873,state_only,0.31638171346970945,0.1652037530289654,0.20425079124409673
873,chemistry_permuted,0.30013932968403545,0.1305018027715923,0.13837768148479723
873,without_LiPF6,0.19418537371224687,0.05449595561080789,0.30904135455800785
873,LiPF6_only,0.32244363477680094,0.041193120645433234,-0.06259233816266263
873,LiBOB_wrong_salt_control,0.32010213081200445,0.12325693961816209,0.42262455711963964
873,LiBF4_fluorinated_control,0.450910695352867,0.13363335520000397,0.7666995617908796
874,state_only,0.19908862394178028,0.11432477876372205,0.15573129808518926
874,chemistry_permuted,0.19836363134068968,0.10184705857300969,0.13211236679356908
874,without_LiPF6,0.13003053003370524,0.02868888537768788,0.2989669193064619
874,LiPF6_only,0.2625558450321881,0.026936126458421916,-0.075653165519182
874,LiBOB_wrong_salt_control,0.2041449810304916,0.06689285765389241,0.18143424028941124
874,LiBF4_fluorinated_control,0.37834663654001,0.10399522857827237,0.7379950964896369
875,state_only,0.273999225961863,0.14761529232927284,0.19205726007231294
875,chemistry_permuted,0.2658613876091377,0.12776676726396508,0.17262352737968
875,without_LiPF6,0.14139763661823224,0.0338414727593771,0.2796502603854284
875,LiPF6_only,0.32170535594320604,0.03494642607501408,-0.06578424719671583
875,LiBOB_wrong_salt_control,0.2722767354917438,0.09555289888063778,0.19178806850062924
875,LiBF4_fluorinated_control,0.4376976744998332,0.1121532262241286,0.7803389065835871
876,state_only,0.21296555267710804,0.12754057231873772,0.20117369425917075
876,chemistry_permuted,0.20471564719668767,0.10569501941239323,0.15498287659522358
876,without_LiPF6,0.18607681124861963,0.05568857507721825,0.2641718530492866
876,LiPF6_only,0.2608161443759749,0.047230536107615406,-0.026338401627320485
876,LiBOB_wrong_salt_control,0.3072116306428455,0.12507241027764893,0.35418160031776014
876,LiBF4_fluorinated_control,0.3844960108676494,0.10556147398935767,0.7078202509363777
877,state_only,0.30126283880296745,0.17594053989975755,0.23009009794214696
877,chemistry_permuted,0.28743803720344774,0.14460274871927792,0.17514895136084407
877,without_LiPF6,0.18709520017052095,0.045472350705720865,0.2638903867438712
877,LiPF6_only,0.2853205683672363,0.052172233334863205,-0.06348072207023236
877,LiBOB_wrong_salt_control,0.31606254099913555,0.13672459446115537,0.3523866393954084
877,LiBF4_fluorinated_control,0.4243550234975145,0.12449480905350008,0.7115926748892363
878,state_only,0.2281585368027239,0.1424576613790569,0.25583552494357775
878,chemistry_permuted,0.20255158906290305,0.11283006402304496,0.17203404434672653
878,without_LiPF6,0.13811390421175707,0.04727060663412086,0.23521531912025873
878,LiPF6_only,0.26231095762413426,0.05582443880164156,0.04016572681699737
878,LiBOB_wrong_salt_control,0.3433055720750203,0.1086141472957286,0.6900415437562459
878,LiBF4_fluorinated_control,0.34175637030937256,0.12034433389862442,0.7245716352131835
879,state_only,0.2653582484172239,0.16391366511908834,0.21663137231816865
879,chemistry_permuted,0.2529103427574184,0.12911311308051332,0.15461639243426017
879,without_LiPF6,0.13254368193576427,0.029143328055163287,0.26159456551216786
879,LiPF6_only,0.3041604279046366,0.042255396790151,-0.05797142890651308
879,LiBOB_wrong_salt_control,0.28581340207065487,0.12581334853717574,0.38241907265794817
879,LiBF4_fluorinated_control,0.4142253626102228,0.1316521903351353,0.7790413226427411
880,state_only,0.36135688968699275,0.16967405133592062,0.2339964352704783
880,chemistry_permuted,0.3382378225158629,0.13841561232000044,0.17354363589849764
880,without_LiPF6,0.1624469665724516,0.013347837397069573,0.25011535011482955
880,LiPF6_only,0.31857441049716173,0.04984987071495861,-0.008641048305857435
880,LiBOB_wrong_salt_control,0.3406491161255917,0.1268498293175676,0.39246055315314887
880,LiBF4_fluorinated_control,0.4339319344010534,0.12026422099898149,0.7193851150700639
881,state_only,0.2896671601884402,0.17948042261699204,0.21657477288511595
881,chemistry_permuted,0.27404351682523265,0.14783736678391424,0.1666298862577008
881,without_LiPF6,0.13315679741560305,0.032014026930978434,0.24481807391574895
881,LiPF6_only,0.31602912317911036,0.05282667044161882,-0.048813491607602844
881,LiBOB_wrong_salt_control,0.3099173334250671,0.14619320037662165,0.41663900428972167
881,LiBF4_fluorinated_control,0.4104164316087342,0.1302410727238612,0.7234428971209594
882,state_only,0.2490945444595335,0.15023708712730965,0.20070391593910175
882,chemistry_permuted,0.22847127371767306,0.11997869669594918,0.16332312797543203
882,without_LiPF6,0.1643933662312076,0.0498351907741702,0.23322095230438655
882,LiPF6_only,0.2585673534036502,0.045670293862951405,-0.022823588509070847
882,LiBOB_wrong_salt_control,0.3115108469931085,0.13685406899651142,0.38356738632646503
882,LiBF4_fluorinated_control,0.3885503916129085,0.1140022525776313,0.7219548800631406
883,state_only,0.2805621715688549,0.14772375200724208,0.18870256687139775
883,chemistry_permuted,0.27232199365231236,0.12471841733091438,0.14248444850246056
883,without_LiPF6,0.14950120457066107,0.0286921698602699,0.28207660541426516
883,LiPF6_only,0.3215584956758284,0.048456108567385026,-0.043247199972765715
883,LiBOB_wrong_salt_control,0.30828205878461157,0.11811209911708753,0.41870170864594014
883,LiBF4_fluorinated_control,0.40897787776437355,0.1301097643565684,0.682881331730596
884,state_only,0.2671431946395698,0.13675272235576663,0.17906969780292936
884,chemistry_permuted,0.2559419925157972,0.11516011566502882,0.14179240871452836
884,without_LiPF6,0.1742427908430746,0.04175623294257258,0.2973154982155666
884,LiPF6_only,0.31998316922859105,0.03791343205571929,-0.05738117836111234
884,LiBOB_wrong_salt_control,0.2734577043173797,0.09878690132752399,0.3102712581548911
884,LiBF4_fluorinated_control,0.4312503872111042,0.12392361410413189,0.7609313053379054
885,state_only,0.2702237836733119,0.162502061895894,0.2402342616710197
885,chemistry_permuted,0.25140581365390857,0.12714874835466172,0.15595180743346337
885,without_LiPF6,0.15129502826418728,0.04410441314893643,0.25713957683129807
885,LiPF6_only,0.26608060568776604,0.04621388252334857,-0.03430194713811119
885,LiBOB_wrong_salt_control,0.3259997154045301,0.11677835024581251,0.4620394613922799
885,LiBF4_fluorinated_control,0.3663032708353998,0.12129312102113943,0.6637322780304156
886,state_only,0.2939685351524317,0.18085905196430896,0.2550503311281418
886,chemistry_permuted,0.27298348991354526,0.14491840189570548,0.1683125930958116
886,without_LiPF6,0.1346800570068728,0.03464511332410081,0.2572377908850061
886,LiPF6_only,0.26567614398107464,0.0556280977518574,-0.0314470184960145
886,LiBOB_wrong_salt_control,0.29859732749779755,0.12292678599068307,0.47461464594265235
886,LiBF4_fluorinated_control,0.3621315736162064,0.13398074291181084,0.6672262127407853
887,state_only,0.25651516797863816,0.14978334691913853,0.22360013543716073
887,chemistry_permuted,0.23692345704023554,0.11769121178048458,0.17203581109438193
887,without_LiPF6,0.15839282346016303,0.06062212888501284,0.2744168455418059
887,LiPF6_only,0.2761099908481127,0.04684593024151684,-0.006734861114359059
887,LiBOB_wrong_salt_control,0.2936226630122404,0.12267525467226004,0.472394311118412
887,LiBF4_fluorinated_control,0.39598985026882083,0.13158850852964754,0.7322089318695031
888,state_only,0.25386197887936446,0.16904472246601465,0.21933429175837205
888,chemistry_permuted,0.24362856668504973,0.13969097954289078,0.18549389364217594
888,without_LiPF6,0.17739159020997286,0.051202733322146865,0.2557951118851566
888,LiPF6_only,0.27788138604963375,0.05386859872835803,-0.040103591942025396
888,LiBOB_wrong_salt_control,0.2787777865176123,0.12532336760662266,0.28710574466214
888,LiBF4_fluorinated_control,0.4097847307005723,0.13525150727735735,0.7368928084113706
889,state_only,0.3487245420517323,0.1585566985388389,0.22140854616520578
889,chemistry_permuted,0.3274232106815558,0.12992011563702233,0.18453705161394118
889,without_LiPF6,0.20561441104814926,0.026255857376375813,0.27844682150502864
889,LiPF6_only,0.3046627398989564,0.040974059636197935,-0.032643693513376704
889,LiBOB_wrong_salt_control,0.3444289260451735,0.12514161633245002,0.26637280751157566
889,LiBF4_fluorinated_control,0.4527841803269377,0.11278011106584551,0.7689892506294997
890,state_only,0.2674838862138583,0.14378691841501157,0.20215168057745025
890,chemistry_permuted,0.2585882625064694,0.12247730482709873,0.14968097870156116
890,without_LiPF6,0.15822777985606473,0.04094015558335207,0.2739096553302478
890,LiPF6_only,0.27674424903789396,0.04812171565610268,-0.03567624580848894
890,LiBOB_wrong_salt_control,0.2670459834038009,0.10989131858538603,0.36323589200106565
890,LiBF4_fluorinated_control,0.3794065693283375,0.12143931465758462,0.6894470319961552
891,state_only,0.24593528172330825,0.1550285540954256,0.200576388705333
891,chemistry_permuted,0.23883466856611446,0.12955943409450066,0.16364305856545658
891,without_LiPF6,0.1568192281916031,0.044723301919664116,0.26193031901576946
891,LiPF6_only,0.31988565769259814,0.04780083960404358,-0.04783433054676589
891,LiBOB_wrong_salt_control,0.2643219270619718,0.1148091355476396,0.21495626294814474
891,LiBF4_fluorinated_control,0.4292143561510897,0.13598284290983087,0.7802802537032463
892,state_only,0.2896376225377406,0.15341834516940778,0.17971562505948113
892,chemistry_permuted,0.2781458708731207,0.12224980002662067,0.14593263942274637
892,without_LiPF6,0.15880460878896907,0.02085397726190541,0.254114336329735
892,LiPF6_only,0.316560390091464,0.04634688678641807,-0.06090881656524072
892,LiBOB_wrong_salt_control,0.20579882442501407,0.08486243170490293,0.08396068730472461
892,LiBF4_fluorinated_control,0.4537858642471293,0.1360654461024653,0.7610869392119606
893,state_only,0.27346770549324906,0.17287508669825358,0.21412688101739874
893,chemistry_permuted,0.26191049085343865,0.142848434489374,0.16258075821706075
893,without_LiPF6,0.16642374293537054,0.0511776922956898,0.29382844146794207
893,LiPF6_only,0.2836997954550784,0.0509172319273844,-0.058387165228121596
893,LiBOB_wrong_salt_control,0.28399271236583046,0.12674640496748313,0.32511020774484056
893,LiBF4_fluorinated_control,0.40236361943306775,0.134447929335341,0.7437179768535727
894,state_only,0.20433616695572743,0.14194808618768628,0.2280766610614281
894,chemistry_permuted,0.18781298059943563,0.11103202536214407,0.16519362950235272
894,without_LiPF6,0.13677656922451364,0.04964549263382445,0.24710658012882225
894,LiPF6_only,0.22818440319281064,0.030152710314059084,-0.025494149985237025
894,LiBOB_wrong_salt_control,0.2597638504651998,0.09401152222686704,0.32557640783144737
894,LiBF4_fluorinated_control,0.3481680847894886,0.10351254995597958,0.7000297177817623
895,state_only,0.2701043765144392,0.1604693359250584,0.21334484327229242
895,chemistry_permuted,0.25059973018095605,0.12750114794637946,0.1450146372522192
895,without_LiPF6,0.16765480752586892,0.05088505933357468,0.2648499218035568
895,LiPF6_only,0.24758946729895326,0.0448071178488072,-0.02612407114844517
895,LiBOB_wrong_salt_control,0.28818472682205176,0.11291939854907518,0.43064090799168264
895,LiBF4_fluorinated_control,0.3734272156348045,0.13938511640367912,0.7065523119853239
896,state_only,0.27817664999914404,0.16184487840940553,0.2199380671443958
896,chemistry_permuted,0.26100957365892075,0.12761925365337268,0.16950842805434274
896,without_LiPF6,0.1536872890144696,0.04884751731801906,0.25899794674238474
896,LiPF6_only,0.2900977254281737,0.044753297312670304,-0.049851884596649576
896,LiBOB_wrong_salt_control,0.24109999810463711,0.10955962044074297,0.20398338338437572
896,LiBF4_fluorinated_control,0.4090789479631842,0.11842588083120631,0.7133281809136129
897,state_only,0.2635598510225109,0.14397981307350693,0.1953733195485543
897,chemistry_permuted,0.2523121470794738,0.11893141929486883,0.1578445187886115
897,without_LiPF6,0.1692821749910518,0.03970106263476736,0.24975214973667414
897,LiPF6_only,0.2899294678002643,0.03868378796928362,-0.05426018587194659
897,LiBOB_wrong_salt_control,0.28927026598881733,0.09349163558639373,0.23830854930531542
897,LiBF4_fluorinated_control,0.41394168950379806,0.11713237900966134,0.7577642771849236
898,state_only,0.2538366030051129,0.16048350367171793,0.19577057008027465
898,chemistry_permuted,0.24538161436031924,0.12918882249148578,0.15023947168010487
898,without_LiPF6,0.17722141026636407,0.062488292221454134,0.29219574340232346
898,LiPF6_only,0.2995541300788944,0.046677172340544804,-0.07036876001376968
898,LiBOB_wrong_salt_control,0.2852183810510429,0.12419352773672876,0.35494764717271643
898,LiBF4_fluorinated_control,0.4243903622704638,0.13181417174862697,0.7632521081117589
899,state_only,0.28965579317849166,0.14816638110348546,0.2173401517378255
899,chemistry_permuted,0.2664328574871715,0.11814587386424924,0.16864287406258838
899,without_LiPF6,0.13120103573136588,0.025430237497480412,0.2321794958528669
899,LiPF6_only,0.2782720418461734,0.04309357092955712,-0.01291830157344942
899,LiBOB_wrong_salt_control,0.313124178664142,0.12966543113953422,0.43836428326938137
899,LiBF4_fluorinated_control,0.3840963748182812,0.11264309591355726,0.7190204209362634
900,state_only,0.28621856025995973,0.15364410007155438,0.2169153793053339
900,chemistry_permuted,0.2667480011675719,0.12739899566563762,0.1645359991314741
900,without_LiPF6,0.16588731279959734,0.035093184020863144,0.27440764196638856
900,LiPF6_only,0.2608367755391159,0.040768704772069286,-0.026792608439661136
900,LiBOB_wrong_salt_control,0.30244353819475334,0.11134655263378745,0.3844151660822286
900,LiBF4_fluorinated_control,0.3899491341420771,0.11664058797890664,0.7097757640497104
901,state_only,0.22760995565997943,0.13292447754054615,0.21041405334642682
901,chemistry_permuted,0.2032468596211613,0.0962917379894137,0.134003621379579
901,without_LiPF6,0.19005452840460046,0.06313917383688927,0.2813042176928562
901,LiPF6_only,0.2326262983944517,0.022716829055230314,-0.056736778868924476
901,LiBOB_wrong_salt_control,0.3319557099936703,0.12195184796533332,0.46697797065324764
901,LiBF4_fluorinated_control,0.3728813299416902,0.09049228147149069,0.6900566595523413
902,state_only,0.23269015682362593,0.13665957638228066,0.21167913773134595
902,chemistry_permuted,0.2108858910630882,0.1027636850785153,0.16201954630229254
902,without_LiPF6,0.13487566268522155,0.03220766775089223,0.21750478821074282
902,LiPF6_only,0.2524971664007297,0.02998601739117912,-0.02757972242366613
902,LiBOB_wrong_salt_control,0.2912349516662187,0.10590857692407274,0.2962452413461194
902,LiBF4_fluorinated_control,0.39395552811470447,0.10223233899981354,0.7291984311225961
903,state_only,0.28269262595106404,0.1619488048626,0.20651942210568286
903,chemistry_permuted,0.26784465665532375,0.1348044874337797,0.17375661313814594
903,without_LiPF6,0.15310777649430585,0.03944691094542985,0.24241257554359052
903,LiPF6_only,0.3146200859385272,0.03819205923291291,-0.06618275072643798
903,LiBOB_wrong_salt_control,0.2971485210946224,0.0955837605579889,0.2682290938344061
903,LiBF4_fluorinated_control,0.4289056098212757,0.12317436715798358,0.7172671961675071
904,state_only,0.27169180948785787,0.14953174426727134,0.20996934314466698
904,chemistry_permuted,0.2514911020682372,0.11983073673810518,0.16215266536170125
904,without_LiPF6,0.19912413110894722,0.04960956196156574,0.2938021264381543
904,LiPF6_only,0.2598556693344529,0.04249277728097367,-0.030984739701710673
904,LiBOB_wrong_salt_control,0.3097840728285196,0.1093056237749035,0.3280829617782006
904,LiBF4_fluorinated_control,0.3884155123620635,0.11671615215824227,0.6927497889740923
905,state_only,0.2722148911563078,0.15072669220617807,0.21215965683636695
905,chemistry_permuted,0.25538756199951573,0.12371814827438976,0.1695454204287814
905,without_LiPF6,0.13576310900064004,0.025811275319684968,0.23218159658109583
905,LiPF6_only,0.2656436640755039,0.03915076590124389,-0.02996135520329668
905,LiBOB_wrong_salt_control,0.2821458556424682,0.09741262890577418,0.2791061662812959
905,LiBF4_fluorinated_control,0.4099573012331883,0.11871250416745105,0.7873240769839056
906,state_only,0.2955879130855805,0.1483915300045019,0.2132893011667064
906,chemistry_permuted,0.27220115397116074,0.113328848796442,0.14667687862684242
906,without_LiPF6,0.15294919945199148,0.038654006107504246,0.2650492194595754
906,LiPF6_only,0.27195509201383283,0.037387837644197064,-0.026924199303357432
906,LiBOB_wrong_salt_control,0.30216619665209254,0.10926318654480638,0.4046988273082648
906,LiBF4_fluorinated_control,0.40447860723615114,0.12654788327489364,0.7512957593408359
907,state_only,0.25340574201176924,0.15415500756986134,0.20644067161617552
907,chemistry_permuted,0.2456063219975566,0.13025038890461627,0.17521597443960846
907,without_LiPF6,0.13832495430261882,0.04252938821249186,0.2589340013238205
907,LiPF6_only,0.32634091512086516,0.04909625028067299,-0.03548901155049966
907,LiBOB_wrong_salt_control,0.31959585533083434,0.14843842648688643,0.41094833454320356
907,LiBF4_fluorinated_control,0.41893517325689367,0.12638459931563006,0.7473026615646968
908,state_only,0.30057543309766277,0.19599185838873423,0.28655832027530304
908,chemistry_permuted,0.2834713395499292,0.16344658607442342,0.2034551047738128
908,without_LiPF6,0.15571971691816555,0.040695781703949385,0.27867476702147387
908,LiPF6_only,0.3299058049974407,0.06952780432083294,0.0034410684630600263
908,LiBOB_wrong_salt_control,0.30701800801304824,0.1373917886406829,0.4509627023254108
908,LiBF4_fluorinated_control,0.424324342974294,0.15216132636009294,0.7388245768522131
909,state_only,0.2678763507543952,0.15768564354010073,0.21179395417964897
909,chemistry_permuted,0.2553091953456982,0.1363537449975336,0.17594890094310978
909,without_LiPF6,0.1662975994030842,0.03513357484657398,0.25249710520801816
909,LiPF6_only,0.28177877782647376,0.05147528215769803,-0.020142743897637816
909,LiBOB_wrong_salt_control,0.31385597920548847,0.13133449014166276,0.38156597317315744
909,LiBF4_fluorinated_control,0.3985081863435198,0.12718460943283105,0.6978419396066167
910,state_only,0.26495809061733044,0.16064284298676557,0.21294596983232883
910,chemistry_permuted,0.2525262092668301,0.13632234920883846,0.16345104147713474
910,without_LiPF6,0.15011081298749052,0.02622549881661762,0.25884593978945225
910,LiPF6_only,0.29574055664331733,0.05028297409131499,-0.04972545946733076
910,LiBOB_wrong_salt_control,0.3109611057103885,0.13049959270337397,0.3906398709305019
910,LiBF4_fluorinated_control,0.3958145238025542,0.12457630099160633,0.7079987190730548
911,state_only,0.27220716454935223,0.15989912135508344,0.18600462291129538
911,chemistry_permuted,0.2601055287933133,0.1346163757826666,0.142158417852144
911,without_LiPF6,0.15510512587260472,0.03836923239091361,0.26518989511236146
911,LiPF6_only,0.29507086172924823,0.05376020214377042,-0.048870780036701755
911,LiBOB_wrong_salt_control,0.24612879190476356,0.11044431128685783,0.22546842513180143
911,LiBF4_fluorinated_control,0.40250136638733347,0.13548237487361725,0.7262298071261848
912,state_only,0.24580658007851364,0.15437982663199146,0.20514695858394483
912,chemistry_permuted,0.23778696447563463,0.13077794415475896,0.17966438145937258
912,without_LiPF6,0.17551495620575563,0.04991459290076872,0.27381683113154054
912,LiPF6_only,0.272065158018883,0.05822872053213435,-0.030871417691292202
912,LiBOB_wrong_salt_control,0.2800405143203678,0.11685993232147562,0.25473075825149805
912,LiBF4_fluorinated_control,0.3987758717747607,0.13758516065315007,0.7514796683255494
913,state_only,0.26204057202784825,0.15708791774538788,0.20371778554034903
913,chemistry_permuted,0.24195691764746996,0.12130928470420255,0.13257367856488333
913,without_LiPF6,0.1851721877478959,0.05884531956675376,0.29684472627430925
913,LiPF6_only,0.2695956652045398,0.03718845035725915,-0.06476610960300788
913,LiBOB_wrong_salt_control,0.31427422975487795,0.13066433936633826,0.3887354490196119
913,LiBF4_fluorinated_control,0.3909800175423068,0.12499761863831915,0.7503303994382605
914,state_only,0.31160140640517653,0.1600977145212249,0.20945870456552584
914,chemistry_permuted,0.2922642428012401,0.13289361437171665,0.1630921009602775
914,without_LiPF6,0.16478897713151364,0.022543521358001306,0.24676292678847322
914,LiPF6_only,0.26825682940002216,0.047816427492922586,-0.023123252068394162
914,LiBOB_wrong_salt_control,0.2897804749787758,0.08565865255354788,0.23447685764122117
914,LiBF4_fluorinated_control,0.39227151517619363,0.12197919996872597,0.7017978349278562
915,state_only,0.2643213561919874,0.16171685224202204,0.2487726655711
915,chemistry_permuted,0.25517287161399027,0.13738371592555787,0.18983011461461163
915,without_LiPF6,0.15731000231386227,0.0438907962599101,0.24556598838148813
915,LiPF6_only,0.2529946735679339,0.054077787795147825,0.025256920885022405
915,LiBOB_wrong_salt_control,0.338035497458406,0.11155508353881727,0.508462889922753
915,LiBF4_fluorinated_control,0.36161410616906386,0.1363160166883831,0.7180183631717472
916,state_only,0.2745835176880914,0.1492618151491053,0.19369183528879708
916,chemistry_permuted,0.2630805802827655,0.1218328622116085,0.14709677090411644
916,without_LiPF6,0.14148508508766733,0.023037583125457783,0.2594989726254653
916,LiPF6_only,0.3031113845497214,0.04829086033586838,-0.03940839390325368
916,LiBOB_wrong_salt_control,0.30406287787310726,0.1233179581488969,0.32603018527197714
916,LiBF4_fluorinated_control,0.4112426182470553,0.13220413823891541,0.6951534750065103
917,state_only,0.3040874406007461,0.17178248388350348,0.22419946052812112
917,chemistry_permuted,0.28148160648988685,0.13683394495437795,0.15539222600722025
917,without_LiPF6,0.16374051213737573,0.03824517149115658,0.28543800891990134
917,LiPF6_only,0.31367969091490644,0.04763898714863424,-0.05765263709721946
917,LiBOB_wrong_salt_control,0.2756842759986371,0.11810898019062843,0.31164185559786284
917,LiBF4_fluorinated_control,0.4118264575067385,0.12527364226700666,0.702117630307153
918,state_only,0.2862432135672751,0.17056641081146118,0.2315740164557062
918,chemistry_permuted,0.26676338950206513,0.1387897472358175,0.18283424626294664
918,without_LiPF6,0.157880067983297,0.023559563657934768,0.2259547983845599
918,LiPF6_only,0.31559584823687736,0.04987932680035134,-0.03709679536650978
918,LiBOB_wrong_salt_control,0.32389735803826547,0.13196363063197547,0.35675884226421917
918,LiBF4_fluorinated_control,0.4280236014673159,0.13037471476838258,0.7201574916590099
919,state_only,0.2926211182368542,0.14620703613523445,0.21910855743133995
919,chemistry_permuted,0.2708148724054332,0.11430086192927336,0.16353629144169346
919,without_LiPF6,0.1804345237918118,0.04050919670549169,0.2446356737401384
919,LiPF6_only,0.2830000644809588,0.03783705729102382,-0.026943474808632906
919,LiBOB_wrong_salt_control,0.36103281945892396,0.14473597456125953,0.45503906865432153
919,LiBF4_fluorinated_control,0.42230662263969965,0.10455908319554474,0.7231826994583184
920,state_only,0.2846970166373648,0.1671619484601975,0.22819580057166722
920,chemistry_permuted,0.2697308079132177,0.1383031835859495,0.1826087125633018
920,without_LiPF6,0.13909509427101396,0.03938763382709487,0.25560122246424366
920,LiPF6_only,0.33411467143305784,0.05613162892793344,-0.022976211833454996
920,LiBOB_wrong_salt_control,0.2794716105615309,0.11167887974348345,0.29925460746701793
920,LiBF4_fluorinated_control,0.42429797945064496,0.13851651466459214,0.739055590016235
921,state_only,0.28560155667910225,0.14383704841075995,0.20834913299847135
921,chemistry_permuted,0.2740641050642807,0.1193702595643149,0.15645716745985283
921,without_LiPF6,0.17703196555648837,0.05114055456797495,0.2570806989741433
921,LiPF6_only,0.2811969060603424,0.03766385789857307,-0.015903318731064986
921,LiBOB_wrong_salt_control,0.3208666410687162,0.12305570527296228,0.46110879451349784
921,LiBF4_fluorinated_control,0.4118219931465532,0.12521220446016268,0.7446731934967437
922,state_only,0.26346513426765306,0.1676990720569962,0.23597454222960046
922,chemistry_permuted,0.24652209694926308,0.13407253851043588,0.18327696484979017
922,without_LiPF6,0.12652864018939125,0.03353788407005576,0.23311253247293873
922,LiPF6_only,0.30468948822445996,0.04875704683670423,-0.040739611399978504
922,LiBOB_wrong_salt_control,0.25433766150015336,0.10282970148160808,0.269671759314259
922,LiBF4_fluorinated_control,0.4178163721847943,0.11513506748514113,0.7680320284951611
923,state_only,0.2631036441202843,0.17328240868740685,0.24742574693528008
923,chemistry_permuted,0.24633448365084243,0.13725579383930142,0.16897834298002457
923,without_LiPF6,0.1375993145574136,0.04803318466476847,0.2341234339667041
923,LiPF6_only,0.27027538720559907,0.060306186861029176,0.018915769257977333
923,LiBOB_wrong_salt_control,0.2982950717546632,0.12285811183332995,0.4978430716957222
923,LiBF4_fluorinated_control,0.3482145814828361,0.13733175061911818,0.6998976895776339
924,state_only,0.27778055046325123,0.17166813749257404,0.21720903077200726
924,chemistry_permuted,0.26893536218804714,0.14771217884884658,0.16073879943794134
924,without_LiPF6,0.17380475925757644,0.055486227529155996,0.3054489397998552
924,LiPF6_only,0.32395212741861645,0.07447567683141998,-0.007371378408427609
924,LiBOB_wrong_salt_control,0.26518052171836504,0.12951157942346303,0.32150583933061416
924,LiBF4_fluorinated_control,0.4108178724296673,0.15773446001870617,0.7577977158922395
925,state_only,0.3240389256445094,0.19398627478115948,0.18917963284789108
925,chemistry_permuted,0.3117009282285378,0.16552144920436884,0.1467711691406699
925,without_LiPF6,0.16069499428723755,0.03567718787255636,0.2768547288317602
925,LiPF6_only,0.34783734482045414,0.06341819288859307,-0.09701831391944349
925,LiBOB_wrong_salt_control,0.2824489786236716,0.1252697488540354,0.24597948300335248
925,LiBF4_fluorinated_control,0.44970869692846926,0.15186880938973346,0.7044504295740651
926,state_only,0.31680291433784913,0.20045015240362618,0.27201287683330055
926,chemistry_permuted,0.29818300845205736,0.16378294619498912,0.20879840995040078
926,without_LiPF6,0.14317150259188272,0.030420219293451622,0.24762717658386735
926,LiPF6_only,0.32552110165364057,0.07308719278097453,-0.005123010015854579
926,LiBOB_wrong_salt_control,0.32457902186109977,0.12735300255846693,0.348342061073879
926,LiBF4_fluorinated_control,0.41955182325014373,0.15727218614228267,0.7177369336858366
927,state_only,0.25988898227453916,0.13509686421666123,0.18550439033438804
927,chemistry_permuted,0.23953101963427936,0.11110888162025057,0.14438272014104225
927,without_LiPF6,0.16624038743340375,0.025046788460273195,0.2443830616619076
927,LiPF6_only,0.24782811987692688,0.03690386169779547,-0.034393573074307904
927,LiBOB_wrong_salt_control,0.33748785982054663,0.13464987034731313,0.362936843998651
927,LiBF4_fluorinated_control,0.37775808313199943,0.10980943210343563,0.6767341027177585
928,state_only,0.32060001428639606,0.16688661382415448,0.22495485007331828
928,chemistry_permuted,0.29698967157969525,0.13644267247495945,0.15665862589826296
928,without_LiPF6,0.16596894024012532,0.03596280325699952,0.24257322843099283
928,LiPF6_only,0.261632924851948,0.060143713259328324,-0.006766472040218963
928,LiBOB_wrong_salt_control,0.32441036799812795,0.11485683798180935,0.4103596327039042
928,LiBF4_fluorinated_control,0.36442462403035647,0.13328254910848047,0.6700554824254646
929,state_only,0.25998284493313484,0.15548553038297785,0.20056218463474862
929,chemistry_permuted,0.24220909254432832,0.12959005087975972,0.17203720724798366
929,without_LiPF6,0.1625488260928427,0.03460176993962083,0.27855271361463196
929,LiPF6_only,0.2825277683868004,0.0464353193507574,-0.040286610266351386
929,LiBOB_wrong_salt_control,0.2937651499452679,0.11820630985106118,0.2133759770742859
929,LiBF4_fluorinated_control,0.4148823867521215,0.12470727759915501,0.7605590585525579
930,state_only,0.2681611779588149,0.13987238540198244,0.21711749115756618
930,chemistry_permuted,0.25684537420299136,0.11363446133096589,0.17157844331541228
930,without_LiPF6,0.18070150007711994,0.047774188524160155,0.2782773593279956
930,LiPF6_only,0.3088285501457766,0.03756828019302638,-0.012361272807335677
930,LiBOB_wrong_salt_control,0.27203691203763747,0.11432427468182216,0.34442716818898167
930,LiBF4_fluorinated_control,0.44523660568849577,0.11668111367959311,0.8247079586817987
931,state_only,0.3185329469090571,0.16624673885155627,0.20846959961622513
931,chemistry_permuted,0.30129082790635786,0.13589841661957547,0.1571997115330317
931,without_LiPF6,0.17422288882502657,0.028791911955450833,0.26979723254016774
931,LiPF6_only,0.28974739557768214,0.05199527482036226,-0.046119819105785775
931,LiBOB_wrong_salt_control,0.29730705350381625,0.1136334053135285,0.2523043814778564
931,LiBF4_fluorinated_control,0.41755061876092026,0.1335647775809954,0.7129216855775184
932,state_only,0.26691380497944395,0.16601848277101694,0.23152444454644905
932,chemistry_permuted,0.25412374806801674,0.13785455041793315,0.1801572463636646
932,without_LiPF6,0.1451821586939337,0.028099326361150645,0.2630049003245878
932,LiPF6_only,0.30126356044103697,0.061441445276019024,-0.014079591124460444
932,LiBOB_wrong_salt_control,0.2728576160730968,0.10711829097387005,0.36149303014197065
932,LiBF4_fluorinated_control,0.40589054317410667,0.14016779850906202,0.73981957837038
933,state_only,0.3163765917065281,0.18417330798528897,0.24603398260702514
933,chemistry_permuted,0.2894534334199722,0.14717184783531578,0.1761952535094452
933,without_LiPF6,0.16194611705531115,0.0417319066780143,0.24320625406846363
933,LiPF6_only,0.29989853592930527,0.043955352027268635,-0.043613942162594954
933,LiBOB_wrong_salt_control,0.32440845542873864,0.1112250224173782,0.37606964274882315
933,LiBF4_fluorinated_control,0.4095386181380005,0.11459829648477238,0.7131195201415137
934,state_only,0.27829041790714804,0.1662670299223573,0.2683434093828432
934,chemistry_permuted,0.2536409928275225,0.12878211194054312,0.1754236569526233
934,without_LiPF6,0.17202984858476478,0.050857175174440994,0.22345294943538685
934,LiPF6_only,0.26029781703728383,0.04223952253193364,-0.013069055263349671
934,LiBOB_wrong_salt_control,0.3908127090066216,0.16023003660050916,0.686517597334662
934,LiBF4_fluorinated_control,0.35995560858769615,0.11381702832955198,0.6859395708197502
935,state_only,0.2137622449937423,0.13842589062888377,0.20851864675090848
935,chemistry_permuted,0.19636287644122297,0.10924560173402975,0.14694494489612886
935,without_LiPF6,0.14015336908201492,0.05317368683718393,0.2226975990230966
935,LiPF6_only,0.2405973366995693,0.041290521635045874,-0.01030142946199164
935,LiBOB_wrong_salt_control,0.30832058551496044,0.13231682510763498,0.44137493968416985
935,LiBF4_fluorinated_control,0.3587437152652537,0.11874106700656828,0.7034228842024377
936,state_only,0.22668420459313776,0.14718987587549026,0.17730267590843463
936,chemistry_permuted,0.22343421300372646,0.12335532690045059,0.15268665473165355
936,without_LiPF6,0.14327980700309195,0.0481309782422058,0.27005278557146517
936,LiPF6_only,0.30655168487930773,0.053941346608776364,-0.05406478654636948
936,LiBOB_wrong_salt_control,0.24944572073838545,0.10488009191942993,0.19399312678895586
936,LiBF4_fluorinated_control,0.4069448619810837,0.12966263975729275,0.7496148564714207
937,state_only,0.30817018479233504,0.17375065295509584,0.19964756076294177
937,chemistry_permuted,0.2982732374102752,0.15064954172767664,0.1648896779677551
937,without_LiPF6,0.15043186908010853,0.022713443475814166,0.29010064549355596
937,LiPF6_only,0.33529893466303295,0.06805977649362471,-0.04504343245618525
937,LiBOB_wrong_salt_control,0.2518668343977949,0.10889047634279081,0.23945376048210587
937,LiBF4_fluorinated_control,0.4331645602634868,0.14224305469687448,0.7197990037866371
938,state_only,0.2472432146695629,0.15354978561007626,0.23666948677080935
938,chemistry_permuted,0.2361257037380844,0.13008649648157622,0.18721905449077159
938,without_LiPF6,0.16492240659898505,0.04388278703341553,0.26440175377150454
938,LiPF6_only,0.23660005081232716,0.0479547733271809,-0.002536779439881731
938,LiBOB_wrong_salt_control,0.30758100417366463,0.12488326587314413,0.4406593569032845
938,LiBF4_fluorinated_control,0.35859888825740693,0.13695957830613914,0.721601674392746
939,state_only,0.27642867724865705,0.15437292489333554,0.19187915899724362
939,chemistry_permuted,0.2656305228975884,0.13034085270010853,0.15521183362566848
939,without_LiPF6,0.16387834291612036,0.03786388166279897,0.2713470338956552
939,LiPF6_only,0.31715436237035566,0.043590884034668265,-0.06544170408517092
939,LiBOB_wrong_salt_control,0.20622663258098917,0.08382543261319142,0.12750177505186544
939,LiBF4_fluorinated_control,0.4227212979026962,0.12183582765192713,0.6841153799442427
940,state_only,0.2710922532405373,0.18807442220966286,0.25776932316153667
940,chemistry_permuted,0.2569655569328686,0.16046035723488017,0.20524529311842665
940,without_LiPF6,0.13474948769119377,0.029095694932949723,0.2494186533616295
940,LiPF6_only,0.2848851489347971,0.06205385963270327,-0.023733258884308772
940,LiBOB_wrong_salt_control,0.2708103690393797,0.10251037953840159,0.3175855636298418
940,LiBF4_fluorinated_control,0.37873192189277416,0.14421298925599346,0.7053984953115897
941,state_only,0.2580394324777774,0.15872934673140926,0.1985809615803681
941,chemistry_permuted,0.2522652565813456,0.1402522645993528,0.16716984788084532
941,without_LiPF6,0.15590089322353184,0.04585414341323313,0.27323458315215365
941,LiPF6_only,0.31021272673052724,0.06137443193629821,-0.03931604695036128
941,LiBOB_wrong_salt_control,0.29140704721480815,0.11114239454983565,0.3152318549099332
941,LiBF4_fluorinated_control,0.4163778529296205,0.13287026957443393,0.7560531416097038
942,state_only,0.27454046165089674,0.14674153467967377,0.19911791994749684
942,chemistry_permuted,0.261965461845709,0.12426953126142437,0.15380957519077643
942,without_LiPF6,0.14836573551070897,0.03217883354706763,0.24388481783605043
942,LiPF6_only,0.2930397925490791,0.04914869522345,-0.016158064885108403
942,LiBOB_wrong_salt_control,0.3277355709890105,0.10450655150402066,0.35459103919677815
942,LiBF4_fluorinated_control,0.3946037136425531,0.13883464865352002,0.6994715327212567
943,state_only,0.27667942626871433,0.1594984730240393,0.19427154398614865
943,chemistry_permuted,0.27151159807752523,0.13519035898104093,0.14082599427543263
943,without_LiPF6,0.14320009623661967,0.0399216557887323,0.2994822556649466
943,LiPF6_only,0.30612213638458463,0.046796269819238345,-0.07603271037044912
943,LiBOB_wrong_salt_control,0.285564663439564,0.11094576007391388,0.3780843662109289
943,LiBF4_fluorinated_control,0.414088725259263,0.13666052467024592,0.7304090496238803
944,state_only,0.2796933331651753,0.17184961512571384,0.2675265100565094
944,chemistry_permuted,0.2606856786766577,0.14262579532754016,0.1999423090516732
944,without_LiPF6,0.1811042047913196,0.03555887890941778,0.251157857528833
944,LiPF6_only,0.2861470253335049,0.052739048672847955,-0.021824605672634778
944,LiBOB_wrong_salt_control,0.34851427364650556,0.1361887883290418,0.4278446510987828
944,LiBF4_fluorinated_control,0.40559524491504506,0.11393468346202307,0.7036619311117993
945,state_only,0.2936916769693537,0.18799950273754162,0.24605693878702461
945,chemistry_permuted,0.27948631185893125,0.1587316319436637,0.18575592648939432
945,without_LiPF6,0.13085980489919868,0.0202469067623533,0.26710853091988074
945,LiPF6_only,0.2865241760156798,0.06402177608905835,-0.019429047591784654
945,LiBOB_wrong_salt_control,0.3315698373037014,0.15035768904382962,0.40807441718046744
945,LiBF4_fluorinated_control,0.35768430860342526,0.1453317347120484,0.6665347250545549
946,state_only,0.31764509806221497,0.1689449960199899,0.27006695960156535
946,chemistry_permuted,0.29293004486650687,0.13071448804449248,0.17291193694359008
946,without_LiPF6,0.16679809644383803,0.05713666078272717,0.24272301099049165
946,LiPF6_only,0.26724603993968743,0.04330796873274689,0.0001545742656594573
946,LiBOB_wrong_salt_control,0.34747504448004884,0.14044453466735574,0.6869567540201058
946,LiBF4_fluorinated_control,0.37444827611069276,0.12279109198617189,0.6949794747364326
947,state_only,0.29508690515677294,0.15463057599981533,0.1700370182787322
947,chemistry_permuted,0.2769721284948443,0.12786126567213985,0.13455786320043672
947,without_LiPF6,0.16449491152960416,0.03543702795632864,0.2763672599202177
947,LiPF6_only,0.3113097212291631,0.0437924864480953,-0.0826540540601215
947,LiBOB_wrong_salt_control,0.2748334557956915,0.08965037328100933,0.2229805828959378
947,LiBF4_fluorinated_control,0.4228950339656219,0.11404969085812389,0.7118831373118373
948,state_only,0.2724031148903183,0.16762406417522446,0.21112343605694017
948,chemistry_permuted,0.2591188525821261,0.13922708272774165,0.16992436096367258
948,without_LiPF6,0.1542462436499249,0.04943414146710012,0.2530205592075505
948,LiPF6_only,0.3094588058645581,0.04322664008039545,-0.06314658768066173
948,LiBOB_wrong_salt_control,0.30986018028034423,0.12883247312135393,0.32610648046946944
948,LiBF4_fluorinated_control,0.4241148228110462,0.12487258895702946,0.7513653993031327
949,state_only,0.30629708266197186,0.1615450717959328,0.21456739101425915
949,chemistry_permuted,0.2884352692058838,0.13484916990520357,0.1313992994300267
949,without_LiPF6,0.16397737850577998,0.028183389214260113,0.25738032447391124
949,LiPF6_only,0.2936213766723056,0.04707978035876703,-0.02894991215475695
949,LiBOB_wrong_salt_control,0.31519287268570617,0.10060947702454215,0.49703450401304616
949,LiBF4_fluorinated_control,0.3824889748327459,0.12660905298979153,0.6324859891018388
950,state_only,0.2832502304117752,0.14822089839772823,0.20988335735877894
950,chemistry_permuted,0.26472993263530686,0.12216099122893642,0.1606963940501016
950,without_LiPF6,0.156079370599275,0.02763065027452738,0.2374307425821771
950,LiPF6_only,0.2804206919866883,0.04548922308315062,-0.007204485343071276
950,LiBOB_wrong_salt_control,0.34254267484469947,0.1272568810639888,0.40232416863319087
950,LiBF4_fluorinated_control,0.39660122361865624,0.12127743305555438,0.6905469071940691
951,state_only,0.25296550076942814,0.16331756756668658,0.21258872248278116
951,chemistry_permuted,0.23624054512635706,0.13124665275787717,0.15443123857995544
951,without_LiPF6,0.15271937165575356,0.05136913020840139,0.24121976295766712
951,LiPF6_only,0.29422799825567203,0.04763223048359477,-0.04885422237686865
951,LiBOB_wrong_salt_control,0.30347320509559494,0.11924249545604859,0.3772859992917855
951,LiBF4_fluorinated_control,0.3942766167298962,0.12460656019827854,0.7225059771289704
952,state_only,0.2579471526634025,0.17056571445701618,0.22171442840162836
952,chemistry_permuted,0.24207581825095514,0.1345637285262875,0.16208868532804166
952,without_LiPF6,0.15519133131600982,0.045482154025232924,0.2788514176782364
952,LiPF6_only,0.2884825437083879,0.041252045763697676,-0.06917793518969528
952,LiBOB_wrong_salt_control,0.2574406856647453,0.10043087093340386,0.27318135298152346
952,LiBF4_fluorinated_control,0.40447294891621066,0.12198681298925762,0.7140214358594232
953,state_only,0.3037918113930739,0.1616529228611724,0.2211418330347832
953,chemistry_permuted,0.2904406065170422,0.13568984589778732,0.18975959589514335
953,without_LiPF6,0.17561717713142655,0.03596931915301038,0.2571728552643884
953,LiPF6_only,0.31370862400593,0.045747886196259024,-0.044065982866440256
953,LiBOB_wrong_salt_control,0.27253880819278775,0.10951365645557598,0.23641242086729441
953,LiBF4_fluorinated_control,0.4326656357018146,0.12149767822006996,0.7152969451553868
954,state_only,0.25163952053146477,0.13619552888366082,0.20197307170553014
954,chemistry_permuted,0.23971908121930274,0.11024313802286978,0.1594783129819719
954,without_LiPF6,0.17574951428516372,0.044045152622971706,0.23386142451881442
954,LiPF6_only,0.25096727963949006,0.04494045255986279,-0.015334969118536046
954,LiBOB_wrong_salt_control,0.3334051562551086,0.1324682970549368,0.46470560442762754
954,LiBF4_fluorinated_control,0.3901925902413954,0.11876367509443464,0.732703789022616
955,state_only,0.2877353815554865,0.1647383410327382,0.20005088969533846
955,chemistry_permuted,0.2807133949276013,0.14299096735857908,0.1749446769119123
955,without_LiPF6,0.161129241013374,0.04240200786756876,0.28109508520802884
955,LiPF6_only,0.31751516929442636,0.04917959776836767,-0.06215293308182468
955,LiBOB_wrong_salt_control,0.25008794930171685,0.13204497889899758,0.26859613511332747
955,LiBF4_fluorinated_control,0.43204823485226773,0.13411047411539012,0.7112607649472027
956,state_only,0.23446625462277093,0.14069855222267347,0.1920641086320356
956,chemistry_permuted,0.2224892848533767,0.11968712864216102,0.1388714293305009
956,without_LiPF6,0.1484931888179395,0.04405218777877429,0.261450120448639
956,LiPF6_only,0.24994886833302832,0.05349131712476629,-0.020757863920043085
956,LiBOB_wrong_salt_control,0.30596234798294697,0.12115018735682781,0.38366600373397575
956,LiBF4_fluorinated_control,0.3509760570492213,0.12386154799627103,0.6908073824631429
957,state_only,0.2712603927875281,0.16976747219543153,0.22098344779682044
957,chemistry_permuted,0.2555465767280669,0.14247493457807214,0.16778742854819317
957,without_LiPF6,0.2044415885114772,0.06828575659369107,0.2667565230725517
957,LiPF6_only,0.29115214006220014,0.06677448731345881,-0.02058723744806601
957,LiBOB_wrong_salt_control,0.34133383596528766,0.1318336756594426,0.4229199472472114
957,LiBF4_fluorinated_control,0.399329742049641,0.14053298611323428,0.7213453901403003
958,state_only,0.2621822291973642,0.15312035376143318,0.21289487432738774
958,chemistry_permuted,0.24738194911020484,0.12146607253761277,0.13591051623286565
958,without_LiPF6,0.16087139864952216,0.054133053178035184,0.2934716913979979
958,LiPF6_only,0.2843733276287219,0.044041777456011566,-0.04007713950035385
958,LiBOB_wrong_salt_control,0.31993635090431893,0.14473127740038305,0.5133770549898568
958,LiBF4_fluorinated_control,0.3760419474074499,0.13517995137349847,0.7088079126597311
959,state_only,0.26952241854981884,0.1609014804848704,0.22523227649295918
959,chemistry_permuted,0.2619651254933414,0.14027112973303846,0.17763929250444688
959,without_LiPF6,0.16248634683676932,0.033252005473605295,0.2738390609072642
959,LiPF6_only,0.2914925234616845,0.04852082270181679,-0.05340778921308176
959,LiBOB_wrong_salt_control,0.30600293718918214,0.10940370985535686,0.3398766919050612
959,LiBF4_fluorinated_control,0.41242031921754607,0.12303458988338889,0.7634581338464115
960,state_only,0.25546990009361503,0.14872703675706478,0.21592946936420676
960,chemistry_permuted,0.24249100722764605,0.1185821970600548,0.1548595237004785
960,without_LiPF6,0.15667273582290742,0.05472904670107015,0.2725815614708602
960,LiPF6_only,0.29885544971407474,0.05617618059808904,-0.004943948905992257
960,LiBOB_wrong_salt_control,0.325029646556804,0.15219231817660483,0.5139115070236956
960,LiBF4_fluorinated_control,0.3855683566847119,0.13696296784989015,0.7083772874160702
961,state_only,0.21422359502305077,0.13757717455021878,0.20830568859789478
961,chemistry_permuted,0.19768639647791675,0.11267746597991768,0.15733683552952427
961,without_LiPF6,0.1524379242764735,0.04084326300173424,0.27600772758297476
961,LiPF6_only,0.18161015669750746,0.03750723753730856,-0.027244324053273594
961,LiBOB_wrong_salt_control,0.3105960731829227,0.12937593320519902,0.4076024693837087
961,LiBF4_fluorinated_control,0.30063012697190605,0.10051743250399403,0.6452313104777703
962,state_only,0.26299564181600854,0.13874319024267523,0.18892991170265494
962,chemistry_permuted,0.24341536241863715,0.10817275640380686,0.14889556285932726
962,without_LiPF6,0.17007866072106104,0.04422071258581828,0.24763635565365116
962,LiPF6_only,0.2624405982186785,0.03815546296024108,-0.04066435820056413
962,LiBOB_wrong_salt_control,0.3265834331692302,0.12766086837717727,0.3200416040313544
962,LiBF4_fluorinated_control,0.3996971354489268,0.10719901847066526,0.7175699236136481
963,state_only,0.2755305420058738,0.16748453715060307,0.2474697453533662
963,chemistry_permuted,0.2599595218886769,0.1386375421969187,0.20917651518437863
963,without_LiPF6,0.15130050170932963,0.02919512681199299,0.2351219131641914
963,LiPF6_only,0.25185378477161224,0.04492309385262716,-0.024225964546178647
963,LiBOB_wrong_salt_control,0.2939609904399739,0.13597667075231146,0.2946266277337358
963,LiBF4_fluorinated_control,0.3817136890627446,0.11464482988065161,0.71138241832069
964,state_only,0.25942348520566083,0.16047976529896124,0.22170204188953235
964,chemistry_permuted,0.2460896166113722,0.13144176941992758,0.17041426292695927
964,without_LiPF6,0.15453042365667158,0.03313893176156768,0.23276704130541936
964,LiPF6_only,0.2821774034210869,0.04738659866951389,-0.028779055618725402
964,LiBOB_wrong_salt_control,0.3030186777687618,0.10411572531433877,0.3172030605388587
964,LiBF4_fluorinated_control,0.3952819470646748,0.12305651916649218,0.7475482361409137
965,state_only,0.31380511183410076,0.16410377100746099,0.23217903467832324
965,chemistry_permuted,0.29369328591357313,0.13605944750103882,0.18343322788257532
965,without_LiPF6,0.20357601037529782,0.040181770402013095,0.27818491167517245
965,LiPF6_only,0.272075238687297,0.047754313194936504,-0.031153049202807592
965,LiBOB_wrong_salt_control,0.31349609685504476,0.12272403044961344,0.3418726756375401
965,LiBF4_fluorinated_control,0.4128600735770991,0.11933126659851367,0.6986563385065234
966,state_only,0.2798244209816567,0.14982392730225325,0.17648620747223154
966,chemistry_permuted,0.25945801453412987,0.12110892911264137,0.13400503926267482
966,without_LiPF6,0.1643544095735373,0.04052385447374529,0.27211188411934606
966,LiPF6_only,0.2937461699375199,0.03715602770933135,-0.07177455600998361
966,LiBOB_wrong_salt_control,0.2955706638937112,0.11471371158718369,0.30162587947038877
966,LiBF4_fluorinated_control,0.40816025954034496,0.11378263855643567,0.7190063089239382
967,state_only,0.23454304406928184,0.14581903145649644,0.23723191425041323
967,chemistry_permuted,0.21507955756400055,0.11323932607177278,0.17379103305024413
967,without_LiPF6,0.17023864453839987,0.0373470696819983,0.25715652793566457
967,LiPF6_only,0.2530085522265967,0.03634311873000906,-0.03531074574775983
967,LiBOB_wrong_salt_control,0.3136602650397792,0.10072796733641265,0.33122217959321254
967,LiBF4_fluorinated_control,0.37914505031899404,0.11255718912984891,0.7349435757133663
968,state_only,0.24756594430550438,0.15946628449011468,0.22924281137573999
968,chemistry_permuted,0.23237705173920908,0.12822796018490634,0.17339000990843156
968,without_LiPF6,0.14208916083061562,0.05165232248521734,0.24437998179887577
968,LiPF6_only,0.2855939273160135,0.054511976012063146,-0.0057153234143471066
968,LiBOB_wrong_salt_control,0.27956323452217846,0.12344995576687401,0.4114686477978361
968,LiBF4_fluorinated_control,0.38505277020005824,0.13641896565582878,0.6919119153955285
969,state_only,0.29004752071152917,0.14359552023915756,0.1813898748400984
969,chemistry_permuted,0.2746089706665493,0.11196781270647416,0.12131654082588317
969,without_LiPF6,0.18338765166562232,0.05041193533050592,0.29537413412233726
969,LiPF6_only,0.32710155167258126,0.03494299927337974,-0.07594826228451523
969,LiBOB_wrong_salt_control,0.3271796292434026,0.111495440155707,0.40558284649082454
969,LiBF4_fluorinated_control,0.4404684002191981,0.11858605067066941,0.7392034855541552
970,state_only,0.2799861988862131,0.15217688996161804,0.22870246966755636
970,chemistry_permuted,0.2632400155531117,0.12575412243051265,0.17078037829659198
970,without_LiPF6,0.17910399141183408,0.053126313464669006,0.27260453163480114
970,LiPF6_only,0.2967960649724066,0.05327573829612875,-0.029677890095915482
970,LiBOB_wrong_salt_control,0.3202639410650763,0.12131846100701904,0.45640582622700276
970,LiBF4_fluorinated_control,0.4093174504624948,0.13368130395227795,0.7028465074560547
971,state_only,0.29516362760743,0.19259493231322422,0.19157877384011923
971,chemistry_permuted,0.2896792871873397,0.1692965088915529,0.15546287380815493
971,without_LiPF6,0.12404761274649567,0.027314635640048324,0.2618136266132074
971,LiPF6_only,0.3324050651977065,0.06884839856033098,-0.06892257813371905
971,LiBOB_wrong_salt_control,0.2425589631282754,0.11063074459896804,0.1866317480134202
971,LiBF4_fluorinated_control,0.41695544471361057,0.16275175450195545,0.7079175651441156
972,state_only,0.29337950408728475,0.18110901028733983,0.25677992907038594
972,chemistry_permuted,0.2842556218985608,0.15745901646959048,0.20504467777046798
972,without_LiPF6,0.15254787622473376,0.03059952507277708,0.2368464772230101
972,LiPF6_only,0.31654603534375325,0.060451036619024734,-0.025621378194760402
972,LiBOB_wrong_salt_control,0.35658424109395503,0.1424312505447316,0.4236268094469202
972,LiBF4_fluorinated_control,0.4258886736403039,0.14571550066688688,0.7543092464008646
973,state_only,0.2953397536595638,0.1700313569438605,0.2541929748645333
973,chemistry_permuted,0.2734463423587393,0.13308953200768425,0.18603099847843751
973,without_LiPF6,0.15993513617089006,0.0358067892517232,0.2350366733078224
973,LiPF6_only,0.26211644744891105,0.05994384794878094,-0.006796951613107005
973,LiBOB_wrong_salt_control,0.3396544715774519,0.12458556308559487,0.40279778337921746
973,LiBF4_fluorinated_control,0.36992014014085717,0.14064265994081937,0.6831647558422076
974,state_only,0.31578793123429494,0.15403151312587593,0.19495735477754883
974,chemistry_permuted,0.30370962711127814,0.13333784213524347,0.15829292449405652
974,without_LiPF6,0.15363462067329814,0.024591832609663355,0.23336771252864497
974,LiPF6_only,0.2997720428184456,0.051578554968597756,-0.02726626053718173
974,LiBOB_wrong_salt_control,0.3489608304608057,0.12521245391637803,0.3487386400366239
974,LiBF4_fluorinated_control,0.41787844688961173,0.1304721289433063,0.7225233514797725
975,state_only,0.27808760932438203,0.15255359896355947,0.17446444619870904
975,chemistry_permuted,0.2635536168575021,0.12609177695602825,0.1426617604923982
975,without_LiPF6,0.16651032823353584,0.03834178320004977,0.27659091349927456
975,LiPF6_only,0.2789364080864738,0.03682781809120361,-0.08299931362767088
975,LiBOB_wrong_salt_control,0.3034627482285768,0.11776086334913316,0.23521413254075474
975,LiBF4_fluorinated_control,0.40179231839033724,0.12762103963188676,0.6882025417873885
976,state_only,0.2694490324748827,0.1578072789738174,0.24982400117535364
976,chemistry_permuted,0.24849895889177087,0.12668875940397595,0.1618919437012558
976,without_LiPF6,0.16467129398314584,0.05844623549285466,0.2782208253859042
976,LiPF6_only,0.2457373273168738,0.052846956095578324,-0.01253411345438471
976,LiBOB_wrong_salt_control,0.32321816693897965,0.12338441634349606,0.6284044159865233
976,LiBF4_fluorinated_control,0.34633680820804813,0.13145767933003505,0.6665706463254112
977,state_only,0.24977977982071897,0.15827559280021775,0.21712063469516207
977,chemistry_permuted,0.23592641263673664,0.12743891090627668,0.1561095556477261
977,without_LiPF6,0.149348739647012,0.03778034561390786,0.28552619602175733
977,LiPF6_only,0.2821749937498469,0.0590450268796211,-0.026095076841072595
977,LiBOB_wrong_salt_control,0.31735313424192657,0.13449000878157968,0.4059750856871561
977,LiBF4_fluorinated_control,0.37023310863666326,0.13605114852200306,0.690814783472278
978,state_only,0.29140846868366643,0.1734638432093386,0.22180962703778906
978,chemistry_permuted,0.27983873542934856,0.14791571718606755,0.17303385691139195
978,without_LiPF6,0.12205664912200676,0.024431825573076216,0.2642041345369196
978,LiPF6_only,0.30803472911341634,0.043348865178356455,-0.046673611418657
978,LiBOB_wrong_salt_control,0.281887237514437,0.12142207022193907,0.4165193297952118
978,LiBF4_fluorinated_control,0.39985392782706786,0.12269424161157905,0.6955852309952033
979,state_only,0.24273404743827787,0.13475343304352616,0.18397804893937686
979,chemistry_permuted,0.2246134615381139,0.10753405369921043,0.14189369327416979
979,without_LiPF6,0.1675158614065303,0.04664354414306515,0.2533051321137463
979,LiPF6_only,0.2822824138662925,0.041220370092740044,-0.03906609265568273
979,LiBOB_wrong_salt_control,0.3311169159557933,0.12579876997747774,0.3249898239698523
979,LiBF4_fluorinated_control,0.3880368492923105,0.11315933659506983,0.7123947465083211
980,state_only,0.2840736390600881,0.14627122733943532,0.2235419701100212
980,chemistry_permuted,0.26594506972909027,0.12051439695030364,0.1644550114564578
980,without_LiPF6,0.1451819468112846,0.03968226357462867,0.2775585009370599
980,LiPF6_only,0.29507353526730906,0.03950744399354422,-0.02064404873612169
980,LiBOB_wrong_salt_control,0.3185545482922888,0.1271903955863405,0.573366933672147
980,LiBF4_fluorinated_control,0.3713516492617578,0.11512183520408203,0.6656851240635284
981,state_only,0.26068744900066454,0.13572102096180827,0.2030649018789108
981,chemistry_permuted,0.24846375784240393,0.11242225398518235,0.15084967116457615
981,without_LiPF6,0.1481725335666978,0.043754151261056196,0.2831867399388007
981,LiPF6_only,0.29706382635924933,0.03393366154191346,-0.03245508532070407
981,LiBOB_wrong_salt_control,0.27317666641079896,0.11833975252846562,0.3995757041544358
981,LiBF4_fluorinated_control,0.4011469562798554,0.1079013093675768,0.7464878393084142
982,state_only,0.2639178505430795,0.1384857856359808,0.20019901428721876
982,chemistry_permuted,0.2477901238646446,0.11306551047680558,0.160606487317687
982,without_LiPF6,0.17307928388507732,0.0458722371445639,0.2590918180443861
982,LiPF6_only,0.292238594171639,0.04086761498235991,-0.03747674017971736
982,LiBOB_wrong_salt_control,0.3397111649247192,0.12672965203481767,0.3756185277903835
982,LiBF4_fluorinated_control,0.42708675156227305,0.11132220874515064,0.7462738783413978
983,state_only,0.328159372893729,0.15428060599564886,0.18895816474221072
983,chemistry_permuted,0.3169185961292217,0.13356724749581228,0.15730243693385704
983,without_LiPF6,0.19560574716090207,0.04066449427960306,0.2629658902428026
983,LiPF6_only,0.36573309809763555,0.051012960972833254,-0.0457670334648661
983,LiBOB_wrong_salt_control,0.2991528820534368,0.09097643274375278,0.23229029640689391
983,LiBF4_fluorinated_control,0.47337122577745794,0.12200587265038454,0.7550496445077328
984,state_only,0.29214338489580194,0.15969682852025635,0.22729439637153614
984,chemistry_permuted,0.26898845755456824,0.12902129217198932,0.17745702477018344
984,without_LiPF6,0.20289094058700208,0.04033039459872767,0.26313933186798355
984,LiPF6_only,0.1870498499653891,0.04492356496616112,-0.024989814788236808
984,LiBOB_wrong_salt_control,0.35026941884412066,0.12656607239959394,0.33384672749135813
984,LiBF4_fluorinated_control,0.3510846601869565,0.11070681286448525,0.6575067629005076
985,state_only,0.26679935611529637,0.1705378970318796,0.22548350006193119
985,chemistry_permuted,0.26345800111458806,0.15479225202748348,0.21219283342950457
985,without_LiPF6,0.15416787686900923,0.01944972798444211,0.287907757089495
985,LiPF6_only,0.3257428115731408,0.062031566663713344,-0.02450315752989829
985,LiBOB_wrong_salt_control,0.2599706475860514,0.12319148077753839,0.20221539101486496
985,LiBF4_fluorinated_control,0.43204952129752794,0.13925263504864727,0.7568586950923915
986,state_only,0.2922473404875314,0.14621605610876642,0.19721482098117493
986,chemistry_permuted,0.26845668916446686,0.1150570419030077,0.13913216089499192
986,without_LiPF6,0.14029317789119466,0.024415683364288454,0.25808984298086357
986,LiPF6_only,0.2847363068353631,0.038990675853817436,-0.04892293180679175
986,LiBOB_wrong_salt_control,0.2833303846951202,0.09949839425301654,0.3315340421404642
986,LiBF4_fluorinated_control,0.3763693847727887,0.10983345136924494,0.6652050797853489
987,state_only,0.2884908886232045,0.1735643213866057,0.21550579680464055
987,chemistry_permuted,0.2736111095545908,0.14638687778634252,0.17868546364931504
987,without_LiPF6,0.1793603404878198,0.03502530188723574,0.27375561249299507
987,LiPF6_only,0.2579626989642909,0.05385174064285314,-0.04942205978883907
987,LiBOB_wrong_salt_control,0.3192645981168881,0.1472816833397521,0.2978386151192284
987,LiBF4_fluorinated_control,0.37582464349760325,0.12359080579842041,0.6933409775425527
988,state_only,0.32684501300681656,0.15783833743237008,0.21399203486482887
988,chemistry_permuted,0.3109019717376329,0.1324063811574303,0.16423532825621556
988,without_LiPF6,0.2089700667068607,0.04962127747260725,0.3016523536091553
988,LiPF6_only,0.29416178545322635,0.03790990639904257,-0.05959106096583766
988,LiBOB_wrong_salt_control,0.34071107600190376,0.12880187807628285,0.42004731596342604
988,LiBF4_fluorinated_control,0.43734705415966735,0.11929947829265386,0.742045131095993
989,state_only,0.2743750688825848,0.15879265464792425,0.2264865549531455
989,chemistry_permuted,0.26423513556045963,0.1309619095727068,0.17524623980889964
989,without_LiPF6,0.14560356527489715,0.04054422491112808,0.27578253457481394
989,LiPF6_only,0.3231354063988999,0.04600925139561873,-0.04323424672015108
989,LiBOB_wrong_salt_control,0.2953193776612443,0.12821866207631583,0.42405360886909094
989,LiBF4_fluorinated_control,0.4127762950662872,0.13302046135513113,0.7217377697233062
990,state_only,0.23446728464692757,0.12833810972779192,0.17073819510621135
990,chemistry_permuted,0.22383823633124278,0.10680644514864779,0.1314449855152452
990,without_LiPF6,0.1662038388017224,0.04498502496553314,0.3151585000744561
990,LiPF6_only,0.2857018270344608,0.03689664498345391,-0.055245044405111465
990,LiBOB_wrong_salt_control,0.2700570052823068,0.09458085352447654,0.29165250251728503
990,LiBF4_fluorinated_control,0.3986775044010148,0.10542477128530103,0.7560496986160763
991,state_only,0.26981228237434873,0.16468202470990279,0.23169524451263612
991,chemistry_permuted,0.2536379711939072,0.12838099921661428,0.1701334956532916
991,without_LiPF6,0.16028913768603004,0.04140846096038853,0.28814718411251794
991,LiPF6_only,0.27145598909436575,0.034729555512985844,-0.0637140778131583
991,LiBOB_wrong_salt_control,0.2873831698952545,0.10707524108474975,0.3307459428833548
991,LiBF4_fluorinated_control,0.39825933532548285,0.12449683849559057,0.7418812734157619
992,state_only,0.21557019646572206,0.12186636356114133,0.1718536096595331
992,chemistry_permuted,0.21279736427807316,0.10184549153793343,0.14556351916734334
992,without_LiPF6,0.18996347637074995,0.051967272607874926,0.27386634121207176
992,LiPF6_only,0.2677909197716003,0.04067365092956232,-0.0493859215225767
992,LiBOB_wrong_salt_control,0.3176745827173507,0.1408104337967473,0.3292923701952073
992,LiBF4_fluorinated_control,0.41568001881882477,0.11033260518257948,0.7572738909658236
993,state_only,0.2549404664839352,0.1780613604690905,0.26090015915506726
993,chemistry_permuted,0.2347688954664665,0.13972530047869702,0.1868300085705895
993,without_LiPF6,0.15554198590796342,0.04456019359345775,0.24875282248517272
993,LiPF6_only,0.21621169058472112,0.044435245326440276,-0.022225440338920155
993,LiBOB_wrong_salt_control,0.3201629753684663,0.1376451567183754,0.4857580089053025
993,LiBF4_fluorinated_control,0.33371886004264306,0.127690372353228,0.6771370920163653
994,state_only,0.2655624153997421,0.1491340485360786,0.22121107742590396
994,chemistry_permuted,0.2451722853720124,0.11563349239161691,0.1695948061378565
994,without_LiPF6,0.18035689841585167,0.03523508871669545,0.24876266606082353
994,LiPF6_only,0.2736402334599112,0.030943263509198404,-0.0368168251831088
994,LiBOB_wrong_salt_control,0.3504580358205961,0.14598209268472517,0.4144321781265192
994,LiBF4_fluorinated_control,0.4168327501945761,0.11404768798302978,0.7408238078127493
995,state_only,0.2791971934646069,0.15709229085664567,0.20921449755105603
995,chemistry_permuted,0.27286208398440837,0.1372496680442421,0.18585271641728374
995,without_LiPF6,0.14790414321209222,0.03202462526715533,0.2443834810198242
995,LiPF6_only,0.3034652742014169,0.05449454201806003,-0.014700539844438865
995,LiBOB_wrong_salt_control,0.3308841431885008,0.14293367397651013,0.37910841745903967
995,LiBF4_fluorinated_control,0.41851207096445375,0.13342741171735317,0.7416958213368322
996,state_only,0.3303654469746201,0.17503712325319198,0.2298071882442232
996,chemistry_permuted,0.3141477492566651,0.14523944374463538,0.18640806380883201
996,without_LiPF6,0.19906972933821077,0.04040906689690127,0.26374884349009353
996,LiPF6_only,0.3245658292645811,0.05271615530893925,-0.038801596157939655
996,LiBOB_wrong_salt_control,0.3248015660201037,0.13400982890724766,0.29526586943486843
996,LiBF4_fluorinated_control,0.45453062777668995,0.13167822875515023,0.7400400644280744
997,state_only,0.2752403856344384,0.15885688958251276,0.21987630936942104
997,chemistry_permuted,0.25888830132568863,0.12618296312417188,0.1665247030363436
997,without_LiPF6,0.14171074879942624,0.030327955454531264,0.24541931268794126
997,LiPF6_only,0.3324243801493222,0.04578017300182402,-0.03858986504111861
997,LiBOB_wrong_salt_control,0.27299795265574434,0.12118917861838496,0.3245613476275657
997,LiBF4_fluorinated_control,0.4484269565337051,0.12449968843670556,0.7551672466290231
998,state_only,0.2337074957395182,0.14806318976418842,0.21912264630576983
998,chemistry_permuted,0.22101627076108232,0.11729674955529312,0.15712797632323428
998,without_LiPF6,0.1447464055150789,0.038570808243321375,0.25677493895905057
998,LiPF6_only,0.24758001661419327,0.05179639155488369,-0.008947260956052805
998,LiBOB_wrong_salt_control,0.27907212095177103,0.0920645500507794,0.32721954250006713
998,LiBF4_fluorinated_control,0.36309036353243984,0.12765188103887226,0.7580282453311686
999,state_only,0.3097688772202193,0.17317708977546042,0.19758180743282894
999,chemistry_permuted,0.28781718831622793,0.14298646734650822,0.1491934770331279
999,without_LiPF6,0.16142323602496433,0.02535912168189891,0.28359272378257494
999,LiPF6_only,0.27476545566303656,0.042580990455293954,-0.08304233103151226
999,LiBOB_wrong_salt_control,0.25719459847200743,0.09802427127417845,0.20386926155364116
999,LiBF4_fluorinated_control,0.3903577192162945,0.11410344095140901,0.6900566948646956
