anchor_budget,draw,model,n_anchor_rows,n_anchor_formulations,n_test_rows,n_test_formulations,anchor_formula_groups,n,log_rmse,log_mae,log_r2,raw_rmse,raw_mae,raw_r2,spearman
5,0,source_frozen,5,5,1620,151,"[""25fa32d950cdf305f8d95defcc6c07b792e2447dc359de123d43ac8ce2009c72"",""a82f553f80ba8c9865f21e7220a8630c3956bfa2091460624b77406d7b6e223a"",""a9fcd0eab1208af7db78de0d7ae3ff6aa2885b3dd7c2835433ea0cb4aa84135d"",""d598441fe1e20eda12d74fb07698721405420fd4610a91244b6b08bf174e8c18"",""df68bffa3b0b9aabcb83117062f4ac2f65f52992c2e6ed39c46527a3da3771b6""]",1620,0.33602290488658904,0.25505445140352606,0.7229506678517079,3.7189469134422892,2.357166530307075,0.6094699829740766,0.8666130300270525
5,0,source_shrinkage_adapter,5,5,1620,151,"[""25fa32d950cdf305f8d95defcc6c07b792e2447dc359de123d43ac8ce2009c72"",""a82f553f80ba8c9865f21e7220a8630c3956bfa2091460624b77406d7b6e223a"",""a9fcd0eab1208af7db78de0d7ae3ff6aa2885b3dd7c2835433ea0cb4aa84135d"",""d598441fe1e20eda12d74fb07698721405420fd4610a91244b6b08bf174e8c18"",""df68bffa3b0b9aabcb83117062f4ac2f65f52992c2e6ed39c46527a3da3771b6""]",1620,0.3352363231778848,0.25455417333116676,0.7242462156957383,3.606168027559379,2.3283521190044603,0.6327968657037578,0.8665459854560671
5,0,target_only_ridge,5,5,1620,151,"[""25fa32d950cdf305f8d95defcc6c07b792e2447dc359de123d43ac8ce2009c72"",""a82f553f80ba8c9865f21e7220a8630c3956bfa2091460624b77406d7b6e223a"",""a9fcd0eab1208af7db78de0d7ae3ff6aa2885b3dd7c2835433ea0cb4aa84135d"",""d598441fe1e20eda12d74fb07698721405420fd4610a91244b6b08bf174e8c18"",""df68bffa3b0b9aabcb83117062f4ac2f65f52992c2e6ed39c46527a3da3771b6""]",1620,0.9241343696119986,0.69457632631485,-1.0955092808375282,9.903142585335493,9.003159582546084,-1.7692395558713394,0.08934071925794543
5,0,anchor_constant,5,5,1620,151,"[""25fa32d950cdf305f8d95defcc6c07b792e2447dc359de123d43ac8ce2009c72"",""a82f553f80ba8c9865f21e7220a8630c3956bfa2091460624b77406d7b6e223a"",""a9fcd0eab1208af7db78de0d7ae3ff6aa2885b3dd7c2835433ea0cb4aa84135d"",""d598441fe1e20eda12d74fb07698721405420fd4610a91244b6b08bf174e8c18"",""df68bffa3b0b9aabcb83117062f4ac2f65f52992c2e6ed39c46527a3da3771b6""]",1620,0.7080778607578702,0.502214101402903,-0.2302160111597802,5.951572778234888,4.54351548065641,-0.000179525001268388,
5,1,source_frozen,5,5,1621,151,"[""25fa32d950cdf305f8d95defcc6c07b792e2447dc359de123d43ac8ce2009c72"",""8cfaaf9e0d62b971d96b10687d4e028637efeea7ea5a999bab77f7ba3e5670ab"",""a82f553f80ba8c9865f21e7220a8630c3956bfa2091460624b77406d7b6e223a"",""d598441fe1e20eda12d74fb07698721405420fd4610a91244b6b08bf174e8c18"",""fd8944d28a6765dc3db6a34157159537dc8e30c667e01bc96951d036ecdf86ed""]",1621,0.33878023497782783,0.2568017823312986,0.7239657077592645,3.742017692093033,2.3838311662820737,0.6076193771031083,0.8666241586986437
5,1,source_shrinkage_adapter,5,5,1621,151,"[""25fa32d950cdf305f8d95defcc6c07b792e2447dc359de123d43ac8ce2009c72"",""8cfaaf9e0d62b971d96b10687d4e028637efeea7ea5a999bab77f7ba3e5670ab"",""a82f553f80ba8c9865f21e7220a8630c3956bfa2091460624b77406d7b6e223a"",""d598441fe1e20eda12d74fb07698721405420fd4610a91244b6b08bf174e8c18"",""fd8944d28a6765dc3db6a34157159537dc8e30c667e01bc96951d036ecdf86ed""]",1621,0.32261479698980244,0.24406747729090011,0.74968004368523,3.487738780656455,2.2765735133455247,0.6591339248690187,0.8721653049710101
5,1,target_only_ridge,5,5,1621,151,"[""25fa32d950cdf305f8d95defcc6c07b792e2447dc359de123d43ac8ce2009c72"",""8cfaaf9e0d62b971d96b10687d4e028637efeea7ea5a999bab77f7ba3e5670ab"",""a82f553f80ba8c9865f21e7220a8630c3956bfa2091460624b77406d7b6e223a"",""d598441fe1e20eda12d74fb07698721405420fd4610a91244b6b08bf174e8c18"",""fd8944d28a6765dc3db6a34157159537dc8e30c667e01bc96951d036ecdf86ed""]",1621,0.6435773664503694,0.4957207504072197,0.0038415268472877795,6.601597938923863,4.402889913415393,-0.22122031647929652,0.09298274355772759
5,1,anchor_constant,5,5,1621,151,"[""25fa32d950cdf305f8d95defcc6c07b792e2447dc359de123d43ac8ce2009c72"",""8cfaaf9e0d62b971d96b10687d4e028637efeea7ea5a999bab77f7ba3e5670ab"",""a82f553f80ba8c9865f21e7220a8630c3956bfa2091460624b77406d7b6e223a"",""d598441fe1e20eda12d74fb07698721405420fd4610a91244b6b08bf174e8c18"",""fd8944d28a6765dc3db6a34157159537dc8e30c667e01bc96951d036ecdf86ed""]",1621,0.6681726046506838,0.5470118198940676,-0.07375262762422952,7.171694358653036,4.709427188555664,-0.4412503460343342,
5,2,source_frozen,5,5,1631,151,"[""25fa32d950cdf305f8d95defcc6c07b792e2447dc359de123d43ac8ce2009c72"",""5ad06b734f57f7be27a36982588433825440fa4781351395719328eb52913511"",""a82f553f80ba8c9865f21e7220a8630c3956bfa2091460624b77406d7b6e223a"",""d598441fe1e20eda12d74fb07698721405420fd4610a91244b6b08bf174e8c18"",""fd8944d28a6765dc3db6a34157159537dc8e30c667e01bc96951d036ecdf86ed""]",1631,0.3379557265184804,0.2556483921681326,0.7232329742405884,3.7245589795394807,2.3634615277741573,0.6069906975461182,0.8662931531531749
5,2,source_shrinkage_adapter,5,5,1631,151,"[""25fa32d950cdf305f8d95defcc6c07b792e2447dc359de123d43ac8ce2009c72"",""5ad06b734f57f7be27a36982588433825440fa4781351395719328eb52913511"",""a82f553f80ba8c9865f21e7220a8630c3956bfa2091460624b77406d7b6e223a"",""d598441fe1e20eda12d74fb07698721405420fd4610a91244b6b08bf174e8c18"",""fd8944d28a6765dc3db6a34157159537dc8e30c667e01bc96951d036ecdf86ed""]",1631,0.319238914469038,0.24258398750780286,0.7530401356792995,3.407985639613765,2.283990574120034,0.6709600498965693,0.871053221134798
5,2,target_only_ridge,5,5,1631,151,"[""25fa32d950cdf305f8d95defcc6c07b792e2447dc359de123d43ac8ce2009c72"",""5ad06b734f57f7be27a36982588433825440fa4781351395719328eb52913511"",""a82f553f80ba8c9865f21e7220a8630c3956bfa2091460624b77406d7b6e223a"",""d598441fe1e20eda12d74fb07698721405420fd4610a91244b6b08bf174e8c18"",""fd8944d28a6765dc3db6a34157159537dc8e30c667e01bc96951d036ecdf86ed""]",1631,0.6648677204202965,0.49299769370865315,-0.07118682812512445,6.229437808677808,4.370194814436805,-0.09938758244940149,0.034100320359615216
5,2,anchor_constant,5,5,1631,151,"[""25fa32d950cdf305f8d95defcc6c07b792e2447dc359de123d43ac8ce2009c72"",""5ad06b734f57f7be27a36982588433825440fa4781351395719328eb52913511"",""a82f553f80ba8c9865f21e7220a8630c3956bfa2091460624b77406d7b6e223a"",""d598441fe1e20eda12d74fb07698721405420fd4610a91244b6b08bf174e8c18"",""fd8944d28a6765dc3db6a34157159537dc8e30c667e01bc96951d036ecdf86ed""]",1631,0.6664689840197217,0.5452565867946095,-0.07635272180719688,7.130376042350706,4.669974880337638,-0.4403830002706486,
5,3,source_frozen,5,5,1626,151,"[""25fa32d950cdf305f8d95defcc6c07b792e2447dc359de123d43ac8ce2009c72"",""2b57c5d3459b2beb073040b9e0b618ae742e0bafe3c8075132c8b7c1e66f4181"",""a82f553f80ba8c9865f21e7220a8630c3956bfa2091460624b77406d7b6e223a"",""d598441fe1e20eda12d74fb07698721405420fd4610a91244b6b08bf174e8c18"",""fd8944d28a6765dc3db6a34157159537dc8e30c667e01bc96951d036ecdf86ed""]",1626,0.3378094819088819,0.255154079292156,0.7233468285160081,3.697123322871266,2.348631165699381,0.6089034007365124,0.8662147485849329
5,3,source_shrinkage_adapter,5,5,1626,151,"[""25fa32d950cdf305f8d95defcc6c07b792e2447dc359de123d43ac8ce2009c72"",""2b57c5d3459b2beb073040b9e0b618ae742e0bafe3c8075132c8b7c1e66f4181"",""a82f553f80ba8c9865f21e7220a8630c3956bfa2091460624b77406d7b6e223a"",""d598441fe1e20eda12d74fb07698721405420fd4610a91244b6b08bf174e8c18"",""fd8944d28a6765dc3db6a34157159537dc8e30c667e01bc96951d036ecdf86ed""]",1626,0.3190340347732176,0.2420388586680294,0.7532449696913114,3.3946785498163896,2.2698171909797282,0.6702737849510755,0.8708338187777556
5,3,target_only_ridge,5,5,1626,151,"[""25fa32d950cdf305f8d95defcc6c07b792e2447dc359de123d43ac8ce2009c72"",""2b57c5d3459b2beb073040b9e0b618ae742e0bafe3c8075132c8b7c1e66f4181"",""a82f553f80ba8c9865f21e7220a8630c3956bfa2091460624b77406d7b6e223a"",""d598441fe1e20eda12d74fb07698721405420fd4610a91244b6b08bf174e8c18"",""fd8944d28a6765dc3db6a34157159537dc8e30c667e01bc96951d036ecdf86ed""]",1626,0.7045706640357035,0.5098502130826799,-0.20348614663342723,6.064883271389005,4.653668556562258,-0.05244899586613383,0.08031169648071314
5,3,anchor_constant,5,5,1626,151,"[""25fa32d950cdf305f8d95defcc6c07b792e2447dc359de123d43ac8ce2009c72"",""2b57c5d3459b2beb073040b9e0b618ae742e0bafe3c8075132c8b7c1e66f4181"",""a82f553f80ba8c9865f21e7220a8630c3956bfa2091460624b77406d7b6e223a"",""d598441fe1e20eda12d74fb07698721405420fd4610a91244b6b08bf174e8c18"",""fd8944d28a6765dc3db6a34157159537dc8e30c667e01bc96951d036ecdf86ed""]",1626,0.6542356489614234,0.5277937333229208,-0.0376727021521821,6.963471832050865,4.576712575228097,-0.3874195547015826,
5,4,source_frozen,5,5,1626,151,"[""25fa32d950cdf305f8d95defcc6c07b792e2447dc359de123d43ac8ce2009c72"",""8f4d6fdbb1baa18b6c536dc814f7c55c3799e078a2577adba22cc1cfca4de45b"",""a82f553f80ba8c9865f21e7220a8630c3956bfa2091460624b77406d7b6e223a"",""d598441fe1e20eda12d74fb07698721405420fd4610a91244b6b08bf174e8c18"",""fd8944d28a6765dc3db6a34157159537dc8e30c667e01bc96951d036ecdf86ed""]",1626,0.3348425567852135,0.25360767359717185,0.7237259333946523,3.734891993774598,2.3732517668827917,0.6074013407428752,0.866453692649117
5,4,source_shrinkage_adapter,5,5,1626,151,"[""25fa32d950cdf305f8d95defcc6c07b792e2447dc359de123d43ac8ce2009c72"",""8f4d6fdbb1baa18b6c536dc814f7c55c3799e078a2577adba22cc1cfca4de45b"",""a82f553f80ba8c9865f21e7220a8630c3956bfa2091460624b77406d7b6e223a"",""d598441fe1e20eda12d74fb07698721405420fd4610a91244b6b08bf174e8c18"",""fd8944d28a6765dc3db6a34157159537dc8e30c667e01bc96951d036ecdf86ed""]",1626,0.3169832558778991,0.24165745940230457,0.7524109318515207,3.3889234656508203,2.319033614726784,0.6767665933274821,0.8712398570715105
5,4,target_only_ridge,5,5,1626,151,"[""25fa32d950cdf305f8d95defcc6c07b792e2447dc359de123d43ac8ce2009c72"",""8f4d6fdbb1baa18b6c536dc814f7c55c3799e078a2577adba22cc1cfca4de45b"",""a82f553f80ba8c9865f21e7220a8630c3956bfa2091460624b77406d7b6e223a"",""d598441fe1e20eda12d74fb07698721405420fd4610a91244b6b08bf174e8c18"",""fd8944d28a6765dc3db6a34157159537dc8e30c667e01bc96951d036ecdf86ed""]",1626,0.7520261563269892,0.6397645536713715,-0.3935569245637789,7.607996673852114,5.023289546334006,-0.6290459916018252,0.014736831220346516
5,4,anchor_constant,5,5,1626,151,"[""25fa32d950cdf305f8d95defcc6c07b792e2447dc359de123d43ac8ce2009c72"",""8f4d6fdbb1baa18b6c536dc814f7c55c3799e078a2577adba22cc1cfca4de45b"",""a82f553f80ba8c9865f21e7220a8630c3956bfa2091460624b77406d7b6e223a"",""d598441fe1e20eda12d74fb07698721405420fd4610a91244b6b08bf174e8c18"",""fd8944d28a6765dc3db6a34157159537dc8e30c667e01bc96951d036ecdf86ed""]",1626,0.7090496998984192,0.5984823565386238,-0.23883131972305027,7.460567817422267,4.918455110987512,-0.566521942502231,
5,5,source_frozen,5,5,1623,151,"[""25fa32d950cdf305f8d95defcc6c07b792e2447dc359de123d43ac8ce2009c72"",""365b6175b75df1bbbe79241eb0b15f09610c022ab7fa6bf83a134c3435f67374"",""a82f553f80ba8c9865f21e7220a8630c3956bfa2091460624b77406d7b6e223a"",""d598441fe1e20eda12d74fb07698721405420fd4610a91244b6b08bf174e8c18"",""fd8944d28a6765dc3db6a34157159537dc8e30c667e01bc96951d036ecdf86ed""]",1623,0.33878428980273617,0.25660039112218597,0.723179832741123,3.73844911425604,2.3769501274477314,0.6076812933340188,0.8665872991074902
5,5,source_shrinkage_adapter,5,5,1623,151,"[""25fa32d950cdf305f8d95defcc6c07b792e2447dc359de123d43ac8ce2009c72"",""365b6175b75df1bbbe79241eb0b15f09610c022ab7fa6bf83a134c3435f67374"",""a82f553f80ba8c9865f21e7220a8630c3956bfa2091460624b77406d7b6e223a"",""d598441fe1e20eda12d74fb07698721405420fd4610a91244b6b08bf174e8c18"",""fd8944d28a6765dc3db6a34157159537dc8e30c667e01bc96951d036ecdf86ed""]",1623,0.32175049974145126,0.24358170303418122,0.7503166048519432,3.4150125808277414,2.2730925027934603,0.6726286378779383,0.8721919344017487
5,5,target_only_ridge,5,5,1623,151,"[""25fa32d950cdf305f8d95defcc6c07b792e2447dc359de123d43ac8ce2009c72"",""365b6175b75df1bbbe79241eb0b15f09610c022ab7fa6bf83a134c3435f67374"",""a82f553f80ba8c9865f21e7220a8630c3956bfa2091460624b77406d7b6e223a"",""d598441fe1e20eda12d74fb07698721405420fd4610a91244b6b08bf174e8c18"",""fd8944d28a6765dc3db6a34157159537dc8e30c667e01bc96951d036ecdf86ed""]",1623,0.6754260906337202,0.5514739717713024,-0.10028924115894822,7.198445738505747,4.695924354579951,-0.4545663626195451,-0.07194523422152656
5,5,anchor_constant,5,5,1623,151,"[""25fa32d950cdf305f8d95defcc6c07b792e2447dc359de123d43ac8ce2009c72"",""365b6175b75df1bbbe79241eb0b15f09610c022ab7fa6bf83a134c3435f67374"",""a82f553f80ba8c9865f21e7220a8630c3956bfa2091460624b77406d7b6e223a"",""d598441fe1e20eda12d74fb07698721405420fd4610a91244b6b08bf174e8c18"",""fd8944d28a6765dc3db6a34157159537dc8e30c667e01bc96951d036ecdf86ed""]",1623,0.6930686695521142,0.5785635871592933,-0.15852053081358064,7.352490003716167,4.829467132602394,-0.517486915096572,
5,6,source_frozen,5,5,1629,151,"[""25fa32d950cdf305f8d95defcc6c07b792e2447dc359de123d43ac8ce2009c72"",""464014f4079970601872f934da4c06e3c58730e1efb295e6735a3bc9df39792f"",""a82f553f80ba8c9865f21e7220a8630c3956bfa2091460624b77406d7b6e223a"",""d598441fe1e20eda12d74fb07698721405420fd4610a91244b6b08bf174e8c18"",""fd8944d28a6765dc3db6a34157159537dc8e30c667e01bc96951d036ecdf86ed""]",1629,0.33786772035893975,0.2554770668635889,0.7237532310511967,3.726450492678624,2.364950670441973,0.6075175101072381,0.8663090429568292
5,6,source_shrinkage_adapter,5,5,1629,151,"[""25fa32d950cdf305f8d95defcc6c07b792e2447dc359de123d43ac8ce2009c72"",""464014f4079970601872f934da4c06e3c58730e1efb295e6735a3bc9df39792f"",""a82f553f80ba8c9865f21e7220a8630c3956bfa2091460624b77406d7b6e223a"",""d598441fe1e20eda12d74fb07698721405420fd4610a91244b6b08bf174e8c18"",""fd8944d28a6765dc3db6a34157159537dc8e30c667e01bc96951d036ecdf86ed""]",1629,0.31991061792440034,0.2428861401842926,0.7523370091280407,3.39649798282041,2.2872521585493004,0.6739439249605732,0.8715170630066074
5,6,target_only_ridge,5,5,1629,151,"[""25fa32d950cdf305f8d95defcc6c07b792e2447dc359de123d43ac8ce2009c72"",""464014f4079970601872f934da4c06e3c58730e1efb295e6735a3bc9df39792f"",""a82f553f80ba8c9865f21e7220a8630c3956bfa2091460624b77406d7b6e223a"",""d598441fe1e20eda12d74fb07698721405420fd4610a91244b6b08bf174e8c18"",""fd8944d28a6765dc3db6a34157159537dc8e30c667e01bc96951d036ecdf86ed""]",1629,0.6449689746287324,0.4967301273616403,-0.006656847216807593,6.539235052306737,4.382715467068124,-0.20860245197377392,0.06714029435362884
5,6,anchor_constant,5,5,1629,151,"[""25fa32d950cdf305f8d95defcc6c07b792e2447dc359de123d43ac8ce2009c72"",""464014f4079970601872f934da4c06e3c58730e1efb295e6735a3bc9df39792f"",""a82f553f80ba8c9865f21e7220a8630c3956bfa2091460624b77406d7b6e223a"",""d598441fe1e20eda12d74fb07698721405420fd4610a91244b6b08bf174e8c18"",""fd8944d28a6765dc3db6a34157159537dc8e30c667e01bc96951d036ecdf86ed""]",1629,0.6677797354610963,0.5470037334344854,-0.07912132640180003,7.148003507474039,4.683178237507513,-0.44410605259219915,
5,7,source_frozen,5,5,1629,151,"[""25fa32d950cdf305f8d95defcc6c07b792e2447dc359de123d43ac8ce2009c72"",""a82f553f80ba8c9865f21e7220a8630c3956bfa2091460624b77406d7b6e223a"",""c729a45bce04656875723276de2599d94173557610e9d6788136aa587c3215a2"",""d598441fe1e20eda12d74fb07698721405420fd4610a91244b6b08bf174e8c18"",""fd8944d28a6765dc3db6a34157159537dc8e30c667e01bc96951d036ecdf86ed""]",1629,0.33812835111203987,0.25575003249822814,0.7237157222204883,3.729766170220068,2.365932147093765,0.6090415854400852,0.8672672348888433
5,7,source_shrinkage_adapter,5,5,1629,151,"[""25fa32d950cdf305f8d95defcc6c07b792e2447dc359de123d43ac8ce2009c72"",""a82f553f80ba8c9865f21e7220a8630c3956bfa2091460624b77406d7b6e223a"",""c729a45bce04656875723276de2599d94173557610e9d6788136aa587c3215a2"",""d598441fe1e20eda12d74fb07698721405420fd4610a91244b6b08bf174e8c18"",""fd8944d28a6765dc3db6a34157159537dc8e30c667e01bc96951d036ecdf86ed""]",1629,0.31931832778732633,0.24094784908362543,0.7536000071360147,3.530745777704382,2.2635121056485015,0.6496515094410706,0.8724325671319775
5,7,target_only_ridge,5,5,1629,151,"[""25fa32d950cdf305f8d95defcc6c07b792e2447dc359de123d43ac8ce2009c72"",""a82f553f80ba8c9865f21e7220a8630c3956bfa2091460624b77406d7b6e223a"",""c729a45bce04656875723276de2599d94173557610e9d6788136aa587c3215a2"",""d598441fe1e20eda12d74fb07698721405420fd4610a91244b6b08bf174e8c18"",""fd8944d28a6765dc3db6a34157159537dc8e30c667e01bc96951d036ecdf86ed""]",1629,0.6544779920539529,0.5125736596958184,-0.03510186914752933,6.8193305857176645,4.492507123083963,-0.30692553383515686,-0.0904848772818904
5,7,anchor_constant,5,5,1629,151,"[""25fa32d950cdf305f8d95defcc6c07b792e2447dc359de123d43ac8ce2009c72"",""a82f553f80ba8c9865f21e7220a8630c3956bfa2091460624b77406d7b6e223a"",""c729a45bce04656875723276de2599d94173557610e9d6788136aa587c3215a2"",""d598441fe1e20eda12d74fb07698721405420fd4610a91244b6b08bf174e8c18"",""fd8944d28a6765dc3db6a34157159537dc8e30c667e01bc96951d036ecdf86ed""]",1629,0.6772973266322816,0.5589985940442918,-0.10854089989849802,7.243089551423093,4.744971554489601,-0.47439912104457127,
5,8,source_frozen,5,5,1621,151,"[""25fa32d950cdf305f8d95defcc6c07b792e2447dc359de123d43ac8ce2009c72"",""a82f553f80ba8c9865f21e7220a8630c3956bfa2091460624b77406d7b6e223a"",""af30e4c5470f5ac7cad437db38a048ae502cc0907ca4b9898be67d34f90b20cc"",""d598441fe1e20eda12d74fb07698721405420fd4610a91244b6b08bf174e8c18"",""fd8944d28a6765dc3db6a34157159537dc8e30c667e01bc96951d036ecdf86ed""]",1621,0.33808538747233435,0.255117072882729,0.7247997074117902,3.7362325301686568,2.369720053493826,0.6088348527840165,0.8669918480386583
5,8,source_shrinkage_adapter,5,5,1621,151,"[""25fa32d950cdf305f8d95defcc6c07b792e2447dc359de123d43ac8ce2009c72"",""a82f553f80ba8c9865f21e7220a8630c3956bfa2091460624b77406d7b6e223a"",""af30e4c5470f5ac7cad437db38a048ae502cc0907ca4b9898be67d34f90b20cc"",""d598441fe1e20eda12d74fb07698721405420fd4610a91244b6b08bf174e8c18"",""fd8944d28a6765dc3db6a34157159537dc8e30c667e01bc96951d036ecdf86ed""]",1621,0.3204919610004277,0.24241142133590785,0.752696438119656,3.432306854185991,2.2752858169389674,0.6698855213695276,0.8720749894433164
5,8,target_only_ridge,5,5,1621,151,"[""25fa32d950cdf305f8d95defcc6c07b792e2447dc359de123d43ac8ce2009c72"",""a82f553f80ba8c9865f21e7220a8630c3956bfa2091460624b77406d7b6e223a"",""af30e4c5470f5ac7cad437db38a048ae502cc0907ca4b9898be67d34f90b20cc"",""d598441fe1e20eda12d74fb07698721405420fd4610a91244b6b08bf174e8c18"",""fd8944d28a6765dc3db6a34157159537dc8e30c667e01bc96951d036ecdf86ed""]",1621,0.6519645630193809,0.4914889026732803,-0.023396840670312224,6.3899996158321555,4.38137119990015,-0.1441791291063037,0.08821111254589362
5,8,anchor_constant,5,5,1621,151,"[""25fa32d950cdf305f8d95defcc6c07b792e2447dc359de123d43ac8ce2009c72"",""a82f553f80ba8c9865f21e7220a8630c3956bfa2091460624b77406d7b6e223a"",""af30e4c5470f5ac7cad437db38a048ae502cc0907ca4b9898be67d34f90b20cc"",""d598441fe1e20eda12d74fb07698721405420fd4610a91244b6b08bf174e8c18"",""fd8944d28a6765dc3db6a34157159537dc8e30c667e01bc96951d036ecdf86ed""]",1621,0.660732594635646,0.5363602509740641,-0.051108513476645134,7.0924341139231695,4.653409310699514,-0.4095580869842812,
5,9,source_frozen,5,5,1630,151,"[""25fa32d950cdf305f8d95defcc6c07b792e2447dc359de123d43ac8ce2009c72"",""66c0683c576dca8e13c3d47f6628e1374d5ed0ad03481c5a4b5a65b5e4d95b7b"",""a82f553f80ba8c9865f21e7220a8630c3956bfa2091460624b77406d7b6e223a"",""d598441fe1e20eda12d74fb07698721405420fd4610a91244b6b08bf174e8c18"",""fd8944d28a6765dc3db6a34157159537dc8e30c667e01bc96951d036ecdf86ed""]",1630,0.3381000787407987,0.2557959046782013,0.7232904204242523,3.7313311157889495,2.3711701348316194,0.6080365661601225,0.8665848793094912
5,9,source_shrinkage_adapter,5,5,1630,151,"[""25fa32d950cdf305f8d95defcc6c07b792e2447dc359de123d43ac8ce2009c72"",""66c0683c576dca8e13c3d47f6628e1374d5ed0ad03481c5a4b5a65b5e4d95b7b"",""a82f553f80ba8c9865f21e7220a8630c3956bfa2091460624b77406d7b6e223a"",""d598441fe1e20eda12d74fb07698721405420fd4610a91244b6b08bf174e8c18"",""fd8944d28a6765dc3db6a34157159537dc8e30c667e01bc96951d036ecdf86ed""]",1630,0.32207483605410847,0.24618223532457262,0.748899695437027,3.3908328586405836,2.36094552206376,0.6763089136180658,0.8714422190992686
5,9,target_only_ridge,5,5,1630,151,"[""25fa32d950cdf305f8d95defcc6c07b792e2447dc359de123d43ac8ce2009c72"",""66c0683c576dca8e13c3d47f6628e1374d5ed0ad03481c5a4b5a65b5e4d95b7b"",""a82f553f80ba8c9865f21e7220a8630c3956bfa2091460624b77406d7b6e223a"",""d598441fe1e20eda12d74fb07698721405420fd4610a91244b6b08bf174e8c18"",""fd8944d28a6765dc3db6a34157159537dc8e30c667e01bc96951d036ecdf86ed""]",1630,0.718149291211378,0.6030482558968013,-0.2484269148106022,7.456818620960748,4.892550217777729,-0.5653992923355262,-0.03320995288448599
5,9,anchor_constant,5,5,1630,151,"[""25fa32d950cdf305f8d95defcc6c07b792e2447dc359de123d43ac8ce2009c72"",""66c0683c576dca8e13c3d47f6628e1374d5ed0ad03481c5a4b5a65b5e4d95b7b"",""a82f553f80ba8c9865f21e7220a8630c3956bfa2091460624b77406d7b6e223a"",""d598441fe1e20eda12d74fb07698721405420fd4610a91244b6b08bf174e8c18"",""fd8944d28a6765dc3db6a34157159537dc8e30c667e01bc96951d036ecdf86ed""]",1630,0.7060071241993551,0.5936079701085911,-0.2065680406409316,7.4186546261956146,4.8819015243293356,-0.5494168703560587,
5,10,source_frozen,5,5,1629,151,"[""25fa32d950cdf305f8d95defcc6c07b792e2447dc359de123d43ac8ce2009c72"",""464014f4079970601872f934da4c06e3c58730e1efb295e6735a3bc9df39792f"",""a82f553f80ba8c9865f21e7220a8630c3956bfa2091460624b77406d7b6e223a"",""d598441fe1e20eda12d74fb07698721405420fd4610a91244b6b08bf174e8c18"",""fd8944d28a6765dc3db6a34157159537dc8e30c667e01bc96951d036ecdf86ed""]",1629,0.33786772035893975,0.2554770668635889,0.7237532310511967,3.726450492678624,2.364950670441973,0.6075175101072381,0.8663090429568292
5,10,source_shrinkage_adapter,5,5,1629,151,"[""25fa32d950cdf305f8d95defcc6c07b792e2447dc359de123d43ac8ce2009c72"",""464014f4079970601872f934da4c06e3c58730e1efb295e6735a3bc9df39792f"",""a82f553f80ba8c9865f21e7220a8630c3956bfa2091460624b77406d7b6e223a"",""d598441fe1e20eda12d74fb07698721405420fd4610a91244b6b08bf174e8c18"",""fd8944d28a6765dc3db6a34157159537dc8e30c667e01bc96951d036ecdf86ed""]",1629,0.31991061792440034,0.2428861401842926,0.7523370091280407,3.39649798282041,2.2872521585493004,0.6739439249605732,0.8715170630066074
5,10,target_only_ridge,5,5,1629,151,"[""25fa32d950cdf305f8d95defcc6c07b792e2447dc359de123d43ac8ce2009c72"",""464014f4079970601872f934da4c06e3c58730e1efb295e6735a3bc9df39792f"",""a82f553f80ba8c9865f21e7220a8630c3956bfa2091460624b77406d7b6e223a"",""d598441fe1e20eda12d74fb07698721405420fd4610a91244b6b08bf174e8c18"",""fd8944d28a6765dc3db6a34157159537dc8e30c667e01bc96951d036ecdf86ed""]",1629,0.6449689746287324,0.4967301273616403,-0.006656847216807593,6.539235052306737,4.382715467068124,-0.20860245197377392,0.06714029435362884
5,10,anchor_constant,5,5,1629,151,"[""25fa32d950cdf305f8d95defcc6c07b792e2447dc359de123d43ac8ce2009c72"",""464014f4079970601872f934da4c06e3c58730e1efb295e6735a3bc9df39792f"",""a82f553f80ba8c9865f21e7220a8630c3956bfa2091460624b77406d7b6e223a"",""d598441fe1e20eda12d74fb07698721405420fd4610a91244b6b08bf174e8c18"",""fd8944d28a6765dc3db6a34157159537dc8e30c667e01bc96951d036ecdf86ed""]",1629,0.6677797354610963,0.5470037334344854,-0.07912132640180003,7.148003507474039,4.683178237507513,-0.44410605259219915,
5,11,source_frozen,5,5,1619,151,"[""25fa32d950cdf305f8d95defcc6c07b792e2447dc359de123d43ac8ce2009c72"",""84152c546b99712a964dfb49fc3947fb54da4d3dc8e6ac8667a390d197206d5f"",""a82f553f80ba8c9865f21e7220a8630c3956bfa2091460624b77406d7b6e223a"",""d598441fe1e20eda12d74fb07698721405420fd4610a91244b6b08bf174e8c18"",""fd8944d28a6765dc3db6a34157159537dc8e30c667e01bc96951d036ecdf86ed""]",1619,0.33653012662368187,0.2548221921891813,0.7230920043799203,3.7424242401540195,2.3810814689793003,0.6067417115313323,0.8660676844891139
5,11,source_shrinkage_adapter,5,5,1619,151,"[""25fa32d950cdf305f8d95defcc6c07b792e2447dc359de123d43ac8ce2009c72"",""84152c546b99712a964dfb49fc3947fb54da4d3dc8e6ac8667a390d197206d5f"",""a82f553f80ba8c9865f21e7220a8630c3956bfa2091460624b77406d7b6e223a"",""d598441fe1e20eda12d74fb07698721405420fd4610a91244b6b08bf174e8c18"",""fd8944d28a6765dc3db6a34157159537dc8e30c667e01bc96951d036ecdf86ed""]",1619,0.3189752699267132,0.24255643466334842,0.7512279268265041,3.387722241198743,2.3092121671581776,0.6777540701935172,0.8714130990568414
5,11,target_only_ridge,5,5,1619,151,"[""25fa32d950cdf305f8d95defcc6c07b792e2447dc359de123d43ac8ce2009c72"",""84152c546b99712a964dfb49fc3947fb54da4d3dc8e6ac8667a390d197206d5f"",""a82f553f80ba8c9865f21e7220a8630c3956bfa2091460624b77406d7b6e223a"",""d598441fe1e20eda12d74fb07698721405420fd4610a91244b6b08bf174e8c18"",""fd8944d28a6765dc3db6a34157159537dc8e30c667e01bc96951d036ecdf86ed""]",1619,0.7592425773539822,0.6471340345709017,-0.40944686429967114,7.634937420039539,5.047731124713685,-0.6367517474045066,0.020353915888674728
5,11,anchor_constant,5,5,1619,151,"[""25fa32d950cdf305f8d95defcc6c07b792e2447dc359de123d43ac8ce2009c72"",""84152c546b99712a964dfb49fc3947fb54da4d3dc8e6ac8667a390d197206d5f"",""a82f553f80ba8c9865f21e7220a8630c3956bfa2091460624b77406d7b6e223a"",""d598441fe1e20eda12d74fb07698721405420fd4610a91244b6b08bf174e8c18"",""fd8944d28a6765dc3db6a34157159537dc8e30c667e01bc96951d036ecdf86ed""]",1619,0.711532908587923,0.5998949834216464,-0.2378772471088404,7.472275675165346,4.926354283003364,-0.5677529324703643,
5,12,source_frozen,5,5,1619,151,"[""89d4b3cf0930d80fb08c7ab0a0b9c20ba9cd125c6728130f1ccbb027c7e91009"",""a82f553f80ba8c9865f21e7220a8630c3956bfa2091460624b77406d7b6e223a"",""d598441fe1e20eda12d74fb07698721405420fd4610a91244b6b08bf174e8c18"",""df68bffa3b0b9aabcb83117062f4ac2f65f52992c2e6ed39c46527a3da3771b6"",""fd8944d28a6765dc3db6a34157159537dc8e30c667e01bc96951d036ecdf86ed""]",1619,0.3318448379659362,0.25264332034907905,0.7272288555688937,3.742662162331372,2.3777992993354498,0.604058583332918,0.8666665804701756
5,12,source_shrinkage_adapter,5,5,1619,151,"[""89d4b3cf0930d80fb08c7ab0a0b9c20ba9cd125c6728130f1ccbb027c7e91009"",""a82f553f80ba8c9865f21e7220a8630c3956bfa2091460624b77406d7b6e223a"",""d598441fe1e20eda12d74fb07698721405420fd4610a91244b6b08bf174e8c18"",""df68bffa3b0b9aabcb83117062f4ac2f65f52992c2e6ed39c46527a3da3771b6"",""fd8944d28a6765dc3db6a34157159537dc8e30c667e01bc96951d036ecdf86ed""]",1619,0.34017411847508217,0.2613343750356352,0.7133639375721208,3.7171196793044587,2.403626376275907,0.6094444911986694,0.8633712960691209
5,12,target_only_ridge,5,5,1619,151,"[""89d4b3cf0930d80fb08c7ab0a0b9c20ba9cd125c6728130f1ccbb027c7e91009"",""a82f553f80ba8c9865f21e7220a8630c3956bfa2091460624b77406d7b6e223a"",""d598441fe1e20eda12d74fb07698721405420fd4610a91244b6b08bf174e8c18"",""df68bffa3b0b9aabcb83117062f4ac2f65f52992c2e6ed39c46527a3da3771b6"",""fd8944d28a6765dc3db6a34157159537dc8e30c667e01bc96951d036ecdf86ed""]",1619,0.7128258029235468,0.5150680956101089,-0.25862141553699214,6.313165935727444,4.729046334118608,-0.1265853217484052,-0.02133361036703627
5,12,anchor_constant,5,5,1619,151,"[""89d4b3cf0930d80fb08c7ab0a0b9c20ba9cd125c6728130f1ccbb027c7e91009"",""a82f553f80ba8c9865f21e7220a8630c3956bfa2091460624b77406d7b6e223a"",""d598441fe1e20eda12d74fb07698721405420fd4610a91244b6b08bf174e8c18"",""df68bffa3b0b9aabcb83117062f4ac2f65f52992c2e6ed39c46527a3da3771b6"",""fd8944d28a6765dc3db6a34157159537dc8e30c667e01bc96951d036ecdf86ed""]",1619,0.6639933383379709,0.5467250664815196,-0.09208322867831131,7.183388489731995,4.7252917901151354,-0.45857373359701303,
5,13,source_frozen,5,5,1625,151,"[""25fa32d950cdf305f8d95defcc6c07b792e2447dc359de123d43ac8ce2009c72"",""a82f553f80ba8c9865f21e7220a8630c3956bfa2091460624b77406d7b6e223a"",""c2b4a67b2f7f846223c0283b4a7fa7b85ab6bbd063cb58fda33af81576268e34"",""d598441fe1e20eda12d74fb07698721405420fd4610a91244b6b08bf174e8c18"",""fd8944d28a6765dc3db6a34157159537dc8e30c667e01bc96951d036ecdf86ed""]",1625,0.33870173448330376,0.2567297128258322,0.722782389432088,3.737634625735362,2.3801380799761667,0.6073110093967516,0.8660155491040681
5,13,source_shrinkage_adapter,5,5,1625,151,"[""25fa32d950cdf305f8d95defcc6c07b792e2447dc359de123d43ac8ce2009c72"",""a82f553f80ba8c9865f21e7220a8630c3956bfa2091460624b77406d7b6e223a"",""c2b4a67b2f7f846223c0283b4a7fa7b85ab6bbd063cb58fda33af81576268e34"",""d598441fe1e20eda12d74fb07698721405420fd4610a91244b6b08bf174e8c18"",""fd8944d28a6765dc3db6a34157159537dc8e30c667e01bc96951d036ecdf86ed""]",1625,0.32052612586096446,0.24422346913440168,0.7517365174480658,3.397850718523921,2.3078758566746975,0.6754634418795,0.8709809466680795
5,13,target_only_ridge,5,5,1625,151,"[""25fa32d950cdf305f8d95defcc6c07b792e2447dc359de123d43ac8ce2009c72"",""a82f553f80ba8c9865f21e7220a8630c3956bfa2091460624b77406d7b6e223a"",""c2b4a67b2f7f846223c0283b4a7fa7b85ab6bbd063cb58fda33af81576268e34"",""d598441fe1e20eda12d74fb07698721405420fd4610a91244b6b08bf174e8c18"",""fd8944d28a6765dc3db6a34157159537dc8e30c667e01bc96951d036ecdf86ed""]",1625,0.6525903794862468,0.517765757720557,-0.0291230577307251,6.905632684046022,4.535454855821541,-0.3404850815690985,0.013746350355450406
5,13,anchor_constant,5,5,1625,151,"[""25fa32d950cdf305f8d95defcc6c07b792e2447dc359de123d43ac8ce2009c72"",""a82f553f80ba8c9865f21e7220a8630c3956bfa2091460624b77406d7b6e223a"",""c2b4a67b2f7f846223c0283b4a7fa7b85ab6bbd063cb58fda33af81576268e34"",""d598441fe1e20eda12d74fb07698721405420fd4610a91244b6b08bf174e8c18"",""fd8944d28a6765dc3db6a34157159537dc8e30c667e01bc96951d036ecdf86ed""]",1625,0.6787333274811358,0.5608944881898875,-0.11322851940721801,7.261705323576373,4.7701598140148205,-0.4822869313465117,
5,14,source_frozen,5,5,1630,151,"[""25fa32d950cdf305f8d95defcc6c07b792e2447dc359de123d43ac8ce2009c72"",""a82f553f80ba8c9865f21e7220a8630c3956bfa2091460624b77406d7b6e223a"",""c421b8bf4601e77a21b0b6e899e6c3c1451760a254d34ba4fe22a72599508727"",""d598441fe1e20eda12d74fb07698721405420fd4610a91244b6b08bf174e8c18"",""fd8944d28a6765dc3db6a34157159537dc8e30c667e01bc96951d036ecdf86ed""]",1630,0.3380188003840584,0.255728660349471,0.7237386508052643,3.73085533127395,2.3703981588090275,0.6082757134976027,0.8666731247957248
5,14,source_shrinkage_adapter,5,5,1630,151,"[""25fa32d950cdf305f8d95defcc6c07b792e2447dc359de123d43ac8ce2009c72"",""a82f553f80ba8c9865f21e7220a8630c3956bfa2091460624b77406d7b6e223a"",""c421b8bf4601e77a21b0b6e899e6c3c1451760a254d34ba4fe22a72599508727"",""d598441fe1e20eda12d74fb07698721405420fd4610a91244b6b08bf174e8c18"",""fd8944d28a6765dc3db6a34157159537dc8e30c667e01bc96951d036ecdf86ed""]",1630,0.3229698743119075,0.24638190445639946,0.7477899169069673,3.379303472247095,2.3548476997207257,0.6786205751198764,0.8723144002561135
5,14,target_only_ridge,5,5,1630,151,"[""25fa32d950cdf305f8d95defcc6c07b792e2447dc359de123d43ac8ce2009c72"",""a82f553f80ba8c9865f21e7220a8630c3956bfa2091460624b77406d7b6e223a"",""c421b8bf4601e77a21b0b6e899e6c3c1451760a254d34ba4fe22a72599508727"",""d598441fe1e20eda12d74fb07698721405420fd4610a91244b6b08bf174e8c18"",""fd8944d28a6765dc3db6a34157159537dc8e30c667e01bc96951d036ecdf86ed""]",1630,0.6590195723175635,0.5204596791424321,-0.05011059951282126,6.9032321541832715,4.535949326991694,-0.34112308398890145,-0.12100596541767242
5,14,anchor_constant,5,5,1630,151,"[""25fa32d950cdf305f8d95defcc6c07b792e2447dc359de123d43ac8ce2009c72"",""a82f553f80ba8c9865f21e7220a8630c3956bfa2091460624b77406d7b6e223a"",""c421b8bf4601e77a21b0b6e899e6c3c1451760a254d34ba4fe22a72599508727"",""d598441fe1e20eda12d74fb07698721405420fd4610a91244b6b08bf174e8c18"",""fd8944d28a6765dc3db6a34157159537dc8e30c667e01bc96951d036ecdf86ed""]",1630,0.6805372833422837,0.5634315318305685,-0.1198046392093497,7.264949503751766,4.764106884197104,-0.4853502721417349,
5,15,source_frozen,5,5,1626,151,"[""16e89d6680ecc8e9b403974306f35a6261c34acfe06bd9702c351e1466baf4af"",""25fa32d950cdf305f8d95defcc6c07b792e2447dc359de123d43ac8ce2009c72"",""a82f553f80ba8c9865f21e7220a8630c3956bfa2091460624b77406d7b6e223a"",""d598441fe1e20eda12d74fb07698721405420fd4610a91244b6b08bf174e8c18"",""fd8944d28a6765dc3db6a34157159537dc8e30c667e01bc96951d036ecdf86ed""]",1626,0.33661725170625206,0.25404108374209533,0.7259365595809184,3.7175913431062972,2.3566790054588993,0.6102845053924142,0.8673401644613131
5,15,source_shrinkage_adapter,5,5,1626,151,"[""16e89d6680ecc8e9b403974306f35a6261c34acfe06bd9702c351e1466baf4af"",""25fa32d950cdf305f8d95defcc6c07b792e2447dc359de123d43ac8ce2009c72"",""a82f553f80ba8c9865f21e7220a8630c3956bfa2091460624b77406d7b6e223a"",""d598441fe1e20eda12d74fb07698721405420fd4610a91244b6b08bf174e8c18"",""fd8944d28a6765dc3db6a34157159537dc8e30c667e01bc96951d036ecdf86ed""]",1626,0.32034327058439155,0.24439188694464295,0.7517955429188596,3.3745780003703945,2.3524495494329107,0.6788829845750318,0.8732469449646665
5,15,target_only_ridge,5,5,1626,151,"[""16e89d6680ecc8e9b403974306f35a6261c34acfe06bd9702c351e1466baf4af"",""25fa32d950cdf305f8d95defcc6c07b792e2447dc359de123d43ac8ce2009c72"",""a82f553f80ba8c9865f21e7220a8630c3956bfa2091460624b77406d7b6e223a"",""d598441fe1e20eda12d74fb07698721405420fd4610a91244b6b08bf174e8c18"",""fd8944d28a6765dc3db6a34157159537dc8e30c667e01bc96951d036ecdf86ed""]",1626,0.6452515915478514,0.4934890413657242,-0.00701637897681362,6.467520519978917,4.367377443089016,-0.1795056008038569,0.07953496766336289
5,15,anchor_constant,5,5,1626,151,"[""16e89d6680ecc8e9b403974306f35a6261c34acfe06bd9702c351e1466baf4af"",""25fa32d950cdf305f8d95defcc6c07b792e2447dc359de123d43ac8ce2009c72"",""a82f553f80ba8c9865f21e7220a8630c3956bfa2091460624b77406d7b6e223a"",""d598441fe1e20eda12d74fb07698721405420fd4610a91244b6b08bf174e8c18"",""fd8944d28a6765dc3db6a34157159537dc8e30c667e01bc96951d036ecdf86ed""]",1626,0.6627209022877251,0.5397237490985493,-0.06228170629528296,7.105101009299733,4.655250888773652,-0.4235243150926864,
5,16,source_frozen,5,5,1630,151,"[""25fa32d950cdf305f8d95defcc6c07b792e2447dc359de123d43ac8ce2009c72"",""66c0683c576dca8e13c3d47f6628e1374d5ed0ad03481c5a4b5a65b5e4d95b7b"",""a82f553f80ba8c9865f21e7220a8630c3956bfa2091460624b77406d7b6e223a"",""d598441fe1e20eda12d74fb07698721405420fd4610a91244b6b08bf174e8c18"",""fd8944d28a6765dc3db6a34157159537dc8e30c667e01bc96951d036ecdf86ed""]",1630,0.3381000787407987,0.2557959046782013,0.7232904204242523,3.7313311157889495,2.3711701348316194,0.6080365661601225,0.8665848793094912
5,16,source_shrinkage_adapter,5,5,1630,151,"[""25fa32d950cdf305f8d95defcc6c07b792e2447dc359de123d43ac8ce2009c72"",""66c0683c576dca8e13c3d47f6628e1374d5ed0ad03481c5a4b5a65b5e4d95b7b"",""a82f553f80ba8c9865f21e7220a8630c3956bfa2091460624b77406d7b6e223a"",""d598441fe1e20eda12d74fb07698721405420fd4610a91244b6b08bf174e8c18"",""fd8944d28a6765dc3db6a34157159537dc8e30c667e01bc96951d036ecdf86ed""]",1630,0.32207483605410847,0.24618223532457262,0.748899695437027,3.3908328586405836,2.36094552206376,0.6763089136180658,0.8714422190992686
5,16,target_only_ridge,5,5,1630,151,"[""25fa32d950cdf305f8d95defcc6c07b792e2447dc359de123d43ac8ce2009c72"",""66c0683c576dca8e13c3d47f6628e1374d5ed0ad03481c5a4b5a65b5e4d95b7b"",""a82f553f80ba8c9865f21e7220a8630c3956bfa2091460624b77406d7b6e223a"",""d598441fe1e20eda12d74fb07698721405420fd4610a91244b6b08bf174e8c18"",""fd8944d28a6765dc3db6a34157159537dc8e30c667e01bc96951d036ecdf86ed""]",1630,0.718149291211378,0.6030482558968013,-0.2484269148106022,7.456818620960748,4.892550217777729,-0.5653992923355262,-0.03320995288448599
5,16,anchor_constant,5,5,1630,151,"[""25fa32d950cdf305f8d95defcc6c07b792e2447dc359de123d43ac8ce2009c72"",""66c0683c576dca8e13c3d47f6628e1374d5ed0ad03481c5a4b5a65b5e4d95b7b"",""a82f553f80ba8c9865f21e7220a8630c3956bfa2091460624b77406d7b6e223a"",""d598441fe1e20eda12d74fb07698721405420fd4610a91244b6b08bf174e8c18"",""fd8944d28a6765dc3db6a34157159537dc8e30c667e01bc96951d036ecdf86ed""]",1630,0.7060071241993551,0.5936079701085911,-0.2065680406409316,7.4186546261956146,4.8819015243293356,-0.5494168703560587,
5,17,source_frozen,5,5,1626,151,"[""16e89d6680ecc8e9b403974306f35a6261c34acfe06bd9702c351e1466baf4af"",""25fa32d950cdf305f8d95defcc6c07b792e2447dc359de123d43ac8ce2009c72"",""a82f553f80ba8c9865f21e7220a8630c3956bfa2091460624b77406d7b6e223a"",""d598441fe1e20eda12d74fb07698721405420fd4610a91244b6b08bf174e8c18"",""fd8944d28a6765dc3db6a34157159537dc8e30c667e01bc96951d036ecdf86ed""]",1626,0.33661725170625206,0.25404108374209533,0.7259365595809184,3.7175913431062972,2.3566790054588993,0.6102845053924142,0.8673401644613131
5,17,source_shrinkage_adapter,5,5,1626,151,"[""16e89d6680ecc8e9b403974306f35a6261c34acfe06bd9702c351e1466baf4af"",""25fa32d950cdf305f8d95defcc6c07b792e2447dc359de123d43ac8ce2009c72"",""a82f553f80ba8c9865f21e7220a8630c3956bfa2091460624b77406d7b6e223a"",""d598441fe1e20eda12d74fb07698721405420fd4610a91244b6b08bf174e8c18"",""fd8944d28a6765dc3db6a34157159537dc8e30c667e01bc96951d036ecdf86ed""]",1626,0.32034327058439155,0.24439188694464295,0.7517955429188596,3.3745780003703945,2.3524495494329107,0.6788829845750318,0.8732469449646665
5,17,target_only_ridge,5,5,1626,151,"[""16e89d6680ecc8e9b403974306f35a6261c34acfe06bd9702c351e1466baf4af"",""25fa32d950cdf305f8d95defcc6c07b792e2447dc359de123d43ac8ce2009c72"",""a82f553f80ba8c9865f21e7220a8630c3956bfa2091460624b77406d7b6e223a"",""d598441fe1e20eda12d74fb07698721405420fd4610a91244b6b08bf174e8c18"",""fd8944d28a6765dc3db6a34157159537dc8e30c667e01bc96951d036ecdf86ed""]",1626,0.6452515915478514,0.4934890413657242,-0.00701637897681362,6.467520519978917,4.367377443089016,-0.1795056008038569,0.07953496766336289
5,17,anchor_constant,5,5,1626,151,"[""16e89d6680ecc8e9b403974306f35a6261c34acfe06bd9702c351e1466baf4af"",""25fa32d950cdf305f8d95defcc6c07b792e2447dc359de123d43ac8ce2009c72"",""a82f553f80ba8c9865f21e7220a8630c3956bfa2091460624b77406d7b6e223a"",""d598441fe1e20eda12d74fb07698721405420fd4610a91244b6b08bf174e8c18"",""fd8944d28a6765dc3db6a34157159537dc8e30c667e01bc96951d036ecdf86ed""]",1626,0.6627209022877251,0.5397237490985493,-0.06228170629528296,7.105101009299733,4.655250888773652,-0.4235243150926864,
5,18,source_frozen,5,5,1629,151,"[""0a0c4c2d6b5e8ece7e34e8c1e839227490c2fbbeee8d3bc789d49c0732500686"",""25fa32d950cdf305f8d95defcc6c07b792e2447dc359de123d43ac8ce2009c72"",""a82f553f80ba8c9865f21e7220a8630c3956bfa2091460624b77406d7b6e223a"",""d598441fe1e20eda12d74fb07698721405420fd4610a91244b6b08bf174e8c18"",""fd8944d28a6765dc3db6a34157159537dc8e30c667e01bc96951d036ecdf86ed""]",1629,0.33588824830198716,0.25385591794517015,0.727357717559167,3.7237942878524093,2.3591238828362147,0.6100854270766454,0.8682429403411186
5,18,source_shrinkage_adapter,5,5,1629,151,"[""0a0c4c2d6b5e8ece7e34e8c1e839227490c2fbbeee8d3bc789d49c0732500686"",""25fa32d950cdf305f8d95defcc6c07b792e2447dc359de123d43ac8ce2009c72"",""a82f553f80ba8c9865f21e7220a8630c3956bfa2091460624b77406d7b6e223a"",""d598441fe1e20eda12d74fb07698721405420fd4610a91244b6b08bf174e8c18"",""fd8944d28a6765dc3db6a34157159537dc8e30c667e01bc96951d036ecdf86ed""]",1629,0.3171657132472957,0.24084895700216144,0.7569049841474573,3.3975717511891435,2.2813949299543967,0.6754098187098347,0.8728087020352545
5,18,target_only_ridge,5,5,1629,151,"[""0a0c4c2d6b5e8ece7e34e8c1e839227490c2fbbeee8d3bc789d49c0732500686"",""25fa32d950cdf305f8d95defcc6c07b792e2447dc359de123d43ac8ce2009c72"",""a82f553f80ba8c9865f21e7220a8630c3956bfa2091460624b77406d7b6e223a"",""d598441fe1e20eda12d74fb07698721405420fd4610a91244b6b08bf174e8c18"",""fd8944d28a6765dc3db6a34157159537dc8e30c667e01bc96951d036ecdf86ed""]",1629,0.676819978864506,0.49760376806333,-0.1070058857487064,6.138447022340035,4.479694606981824,-0.05953456294855197,0.08572274787868794
5,18,anchor_constant,5,5,1629,151,"[""0a0c4c2d6b5e8ece7e34e8c1e839227490c2fbbeee8d3bc789d49c0732500686"",""25fa32d950cdf305f8d95defcc6c07b792e2447dc359de123d43ac8ce2009c72"",""a82f553f80ba8c9865f21e7220a8630c3956bfa2091460624b77406d7b6e223a"",""d598441fe1e20eda12d74fb07698721405420fd4610a91244b6b08bf174e8c18"",""fd8944d28a6765dc3db6a34157159537dc8e30c667e01bc96951d036ecdf86ed""]",1629,0.6553184675567255,0.5289657978633359,-0.037787424705038486,7.022095810543795,4.607604567836987,-0.38653745489960056,
5,19,source_frozen,5,5,1628,151,"[""25fa32d950cdf305f8d95defcc6c07b792e2447dc359de123d43ac8ce2009c72"",""4a72527adc1535d8ca3ba507e9acef79aec2edc847032b84297250f75e9b53dd"",""a82f553f80ba8c9865f21e7220a8630c3956bfa2091460624b77406d7b6e223a"",""d598441fe1e20eda12d74fb07698721405420fd4610a91244b6b08bf174e8c18"",""fd8944d28a6765dc3db6a34157159537dc8e30c667e01bc96951d036ecdf86ed""]",1628,0.335628446803498,0.25354113858623195,0.7276079121314696,3.7199934833946924,2.3574136640518275,0.6103956965369775,0.8685000486679442
5,19,source_shrinkage_adapter,5,5,1628,151,"[""25fa32d950cdf305f8d95defcc6c07b792e2447dc359de123d43ac8ce2009c72"",""4a72527adc1535d8ca3ba507e9acef79aec2edc847032b84297250f75e9b53dd"",""a82f553f80ba8c9865f21e7220a8630c3956bfa2091460624b77406d7b6e223a"",""d598441fe1e20eda12d74fb07698721405420fd4610a91244b6b08bf174e8c18"",""fd8944d28a6765dc3db6a34157159537dc8e30c667e01bc96951d036ecdf86ed""]",1628,0.31741848133789197,0.24218499927848128,0.7563640445856398,3.3930862426778154,2.3349386412372533,0.6758625704466008,0.8729377949103179
5,19,target_only_ridge,5,5,1628,151,"[""25fa32d950cdf305f8d95defcc6c07b792e2447dc359de123d43ac8ce2009c72"",""4a72527adc1535d8ca3ba507e9acef79aec2edc847032b84297250f75e9b53dd"",""a82f553f80ba8c9865f21e7220a8630c3956bfa2091460624b77406d7b6e223a"",""d598441fe1e20eda12d74fb07698721405420fd4610a91244b6b08bf174e8c18"",""fd8944d28a6765dc3db6a34157159537dc8e30c667e01bc96951d036ecdf86ed""]",1628,0.6694846267714422,0.49412352148232574,-0.08382254318154714,6.141500367843947,4.417912706942738,-0.06191156724949476,0.08250090354271286
5,19,anchor_constant,5,5,1628,151,"[""25fa32d950cdf305f8d95defcc6c07b792e2447dc359de123d43ac8ce2009c72"",""4a72527adc1535d8ca3ba507e9acef79aec2edc847032b84297250f75e9b53dd"",""a82f553f80ba8c9865f21e7220a8630c3956bfa2091460624b77406d7b6e223a"",""d598441fe1e20eda12d74fb07698721405420fd4610a91244b6b08bf174e8c18"",""fd8944d28a6765dc3db6a34157159537dc8e30c667e01bc96951d036ecdf86ed""]",1628,0.6570509242012139,0.5315978471857121,-0.043938761524698,7.043953143402753,4.619858499680429,-0.3969224721908935,
5,20,source_frozen,5,5,1628,151,"[""25fa32d950cdf305f8d95defcc6c07b792e2447dc359de123d43ac8ce2009c72"",""4a72527adc1535d8ca3ba507e9acef79aec2edc847032b84297250f75e9b53dd"",""a82f553f80ba8c9865f21e7220a8630c3956bfa2091460624b77406d7b6e223a"",""d598441fe1e20eda12d74fb07698721405420fd4610a91244b6b08bf174e8c18"",""fd8944d28a6765dc3db6a34157159537dc8e30c667e01bc96951d036ecdf86ed""]",1628,0.335628446803498,0.25354113858623195,0.7276079121314696,3.7199934833946924,2.3574136640518275,0.6103956965369775,0.8685000486679442
5,20,source_shrinkage_adapter,5,5,1628,151,"[""25fa32d950cdf305f8d95defcc6c07b792e2447dc359de123d43ac8ce2009c72"",""4a72527adc1535d8ca3ba507e9acef79aec2edc847032b84297250f75e9b53dd"",""a82f553f80ba8c9865f21e7220a8630c3956bfa2091460624b77406d7b6e223a"",""d598441fe1e20eda12d74fb07698721405420fd4610a91244b6b08bf174e8c18"",""fd8944d28a6765dc3db6a34157159537dc8e30c667e01bc96951d036ecdf86ed""]",1628,0.31741848133789197,0.24218499927848128,0.7563640445856398,3.3930862426778154,2.3349386412372533,0.6758625704466008,0.8729377949103179
5,20,target_only_ridge,5,5,1628,151,"[""25fa32d950cdf305f8d95defcc6c07b792e2447dc359de123d43ac8ce2009c72"",""4a72527adc1535d8ca3ba507e9acef79aec2edc847032b84297250f75e9b53dd"",""a82f553f80ba8c9865f21e7220a8630c3956bfa2091460624b77406d7b6e223a"",""d598441fe1e20eda12d74fb07698721405420fd4610a91244b6b08bf174e8c18"",""fd8944d28a6765dc3db6a34157159537dc8e30c667e01bc96951d036ecdf86ed""]",1628,0.6694846267714422,0.49412352148232574,-0.08382254318154714,6.141500367843947,4.417912706942738,-0.06191156724949476,0.08250090354271286
5,20,anchor_constant,5,5,1628,151,"[""25fa32d950cdf305f8d95defcc6c07b792e2447dc359de123d43ac8ce2009c72"",""4a72527adc1535d8ca3ba507e9acef79aec2edc847032b84297250f75e9b53dd"",""a82f553f80ba8c9865f21e7220a8630c3956bfa2091460624b77406d7b6e223a"",""d598441fe1e20eda12d74fb07698721405420fd4610a91244b6b08bf174e8c18"",""fd8944d28a6765dc3db6a34157159537dc8e30c667e01bc96951d036ecdf86ed""]",1628,0.6570509242012139,0.5315978471857121,-0.043938761524698,7.043953143402753,4.619858499680429,-0.3969224721908935,
5,21,source_frozen,5,5,1629,151,"[""25fa32d950cdf305f8d95defcc6c07b792e2447dc359de123d43ac8ce2009c72"",""a8269286d323ccd6182571503177fa11ce37ee7a620e2b78d198abd259e4bf82"",""a82f553f80ba8c9865f21e7220a8630c3956bfa2091460624b77406d7b6e223a"",""d598441fe1e20eda12d74fb07698721405420fd4610a91244b6b08bf174e8c18"",""fd8944d28a6765dc3db6a34157159537dc8e30c667e01bc96951d036ecdf86ed""]",1629,0.33616023818241847,0.25436157509643875,0.7232641667594213,3.731953374021042,2.37075199798472,0.6074238709804497,0.8663166724776445
5,21,source_shrinkage_adapter,5,5,1629,151,"[""25fa32d950cdf305f8d95defcc6c07b792e2447dc359de123d43ac8ce2009c72"",""a8269286d323ccd6182571503177fa11ce37ee7a620e2b78d198abd259e4bf82"",""a82f553f80ba8c9865f21e7220a8630c3956bfa2091460624b77406d7b6e223a"",""d598441fe1e20eda12d74fb07698721405420fd4610a91244b6b08bf174e8c18"",""fd8944d28a6765dc3db6a34157159537dc8e30c667e01bc96951d036ecdf86ed""]",1629,0.3203742912560989,0.24501418507140182,0.7486447105267688,3.4071697061026884,2.376326645589501,0.6727806320739325,0.8707372535102803
5,21,target_only_ridge,5,5,1629,151,"[""25fa32d950cdf305f8d95defcc6c07b792e2447dc359de123d43ac8ce2009c72"",""a8269286d323ccd6182571503177fa11ce37ee7a620e2b78d198abd259e4bf82"",""a82f553f80ba8c9865f21e7220a8630c3956bfa2091460624b77406d7b6e223a"",""d598441fe1e20eda12d74fb07698721405420fd4610a91244b6b08bf174e8c18"",""fd8944d28a6765dc3db6a34157159537dc8e30c667e01bc96951d036ecdf86ed""]",1629,0.8994137634186952,0.7885129548173381,-0.9810332747228503,7.914403348806752,5.327483529871219,-0.7655817444627779,0.04138739970340497
5,21,anchor_constant,5,5,1629,151,"[""25fa32d950cdf305f8d95defcc6c07b792e2447dc359de123d43ac8ce2009c72"",""a8269286d323ccd6182571503177fa11ce37ee7a620e2b78d198abd259e4bf82"",""a82f553f80ba8c9865f21e7220a8630c3956bfa2091460624b77406d7b6e223a"",""d598441fe1e20eda12d74fb07698721405420fd4610a91244b6b08bf174e8c18"",""fd8944d28a6765dc3db6a34157159537dc8e30c667e01bc96951d036ecdf86ed""]",1629,0.7360370691818217,0.6266142842129475,-0.32669803747065607,7.554983404421046,4.992573894382515,-0.6088609082759817,
5,22,source_frozen,5,5,1617,151,"[""25fa32d950cdf305f8d95defcc6c07b792e2447dc359de123d43ac8ce2009c72"",""378a1a28e33e28da5c7abd04e6c7f091715c8021f325dd1773d098a8a3543f36"",""a82f553f80ba8c9865f21e7220a8630c3956bfa2091460624b77406d7b6e223a"",""d598441fe1e20eda12d74fb07698721405420fd4610a91244b6b08bf174e8c18"",""fd8944d28a6765dc3db6a34157159537dc8e30c667e01bc96951d036ecdf86ed""]",1617,0.3365625735718185,0.25480969155127836,0.7215263680658277,3.742405371772372,2.379637880261478,0.6063761417278462,0.8654668917796751
5,22,source_shrinkage_adapter,5,5,1617,151,"[""25fa32d950cdf305f8d95defcc6c07b792e2447dc359de123d43ac8ce2009c72"",""378a1a28e33e28da5c7abd04e6c7f091715c8021f325dd1773d098a8a3543f36"",""a82f553f80ba8c9865f21e7220a8630c3956bfa2091460624b77406d7b6e223a"",""d598441fe1e20eda12d74fb07698721405420fd4610a91244b6b08bf174e8c18"",""fd8944d28a6765dc3db6a34157159537dc8e30c667e01bc96951d036ecdf86ed""]",1617,0.3183255345867952,0.24154728889622132,0.750887572710627,3.403554995535388,2.2846637027172694,0.6744293076031094,0.8707313886542895
5,22,target_only_ridge,5,5,1617,151,"[""25fa32d950cdf305f8d95defcc6c07b792e2447dc359de123d43ac8ce2009c72"",""378a1a28e33e28da5c7abd04e6c7f091715c8021f325dd1773d098a8a3543f36"",""a82f553f80ba8c9865f21e7220a8630c3956bfa2091460624b77406d7b6e223a"",""d598441fe1e20eda12d74fb07698721405420fd4610a91244b6b08bf174e8c18"",""fd8944d28a6765dc3db6a34157159537dc8e30c667e01bc96951d036ecdf86ed""]",1617,0.6831114107541639,0.5641312077195876,-0.14719043950963173,7.2981409230072245,4.769110742265166,-0.4969395003760335,-0.013662283392012187
5,22,anchor_constant,5,5,1617,151,"[""25fa32d950cdf305f8d95defcc6c07b792e2447dc359de123d43ac8ce2009c72"",""378a1a28e33e28da5c7abd04e6c7f091715c8021f325dd1773d098a8a3543f36"",""a82f553f80ba8c9865f21e7220a8630c3956bfa2091460624b77406d7b6e223a"",""d598441fe1e20eda12d74fb07698721405420fd4610a91244b6b08bf174e8c18"",""fd8944d28a6765dc3db6a34157159537dc8e30c667e01bc96951d036ecdf86ed""]",1617,0.6947410138940163,0.5818195992625562,-0.18658352864263938,7.389438087580053,4.859751436434156,-0.5346261269119725,
5,23,source_frozen,5,5,1632,151,"[""25fa32d950cdf305f8d95defcc6c07b792e2447dc359de123d43ac8ce2009c72"",""a82f553f80ba8c9865f21e7220a8630c3956bfa2091460624b77406d7b6e223a"",""d598441fe1e20eda12d74fb07698721405420fd4610a91244b6b08bf174e8c18"",""e7906d121be713d87c3b69d238013dc695a408eb5feab030fdf514d58020317f"",""fd8944d28a6765dc3db6a34157159537dc8e30c667e01bc96951d036ecdf86ed""]",1632,0.33775156524752664,0.25541239527024945,0.7240926287218221,3.728873052043582,2.3682424713506953,0.608504182958574,0.8673265752798635
5,23,source_shrinkage_adapter,5,5,1632,151,"[""25fa32d950cdf305f8d95defcc6c07b792e2447dc359de123d43ac8ce2009c72"",""a82f553f80ba8c9865f21e7220a8630c3956bfa2091460624b77406d7b6e223a"",""d598441fe1e20eda12d74fb07698721405420fd4610a91244b6b08bf174e8c18"",""e7906d121be713d87c3b69d238013dc695a408eb5feab030fdf514d58020317f"",""fd8944d28a6765dc3db6a34157159537dc8e30c667e01bc96951d036ecdf86ed""]",1632,0.32002384880921353,0.242712939122356,0.7522958682459402,3.39220596849245,2.2843682909399994,0.676006455108108,0.872559637261296
5,23,target_only_ridge,5,5,1632,151,"[""25fa32d950cdf305f8d95defcc6c07b792e2447dc359de123d43ac8ce2009c72"",""a82f553f80ba8c9865f21e7220a8630c3956bfa2091460624b77406d7b6e223a"",""d598441fe1e20eda12d74fb07698721405420fd4610a91244b6b08bf174e8c18"",""e7906d121be713d87c3b69d238013dc695a408eb5feab030fdf514d58020317f"",""fd8944d28a6765dc3db6a34157159537dc8e30c667e01bc96951d036ecdf86ed""]",1632,0.7475996145202126,0.6341110548758206,-0.35178212795949726,7.572954144229187,4.989254621935506,-0.6147399264849989,0.010044779300246283
5,23,anchor_constant,5,5,1632,151,"[""25fa32d950cdf305f8d95defcc6c07b792e2447dc359de123d43ac8ce2009c72"",""a82f553f80ba8c9865f21e7220a8630c3956bfa2091460624b77406d7b6e223a"",""d598441fe1e20eda12d74fb07698721405420fd4610a91244b6b08bf174e8c18"",""e7906d121be713d87c3b69d238013dc695a408eb5feab030fdf514d58020317f"",""fd8944d28a6765dc3db6a34157159537dc8e30c667e01bc96951d036ecdf86ed""]",1632,0.7102501693640845,0.5984558865404197,-0.2200882779980451,7.438814854990887,4.89947529078941,-0.5580429625605579,
5,24,source_frozen,5,5,1626,151,"[""25fa32d950cdf305f8d95defcc6c07b792e2447dc359de123d43ac8ce2009c72"",""76d00545304a5185ce71ef791fe4639bd6e73e7c1b28b80bacd29416380bc4a7"",""a82f553f80ba8c9865f21e7220a8630c3956bfa2091460624b77406d7b6e223a"",""d598441fe1e20eda12d74fb07698721405420fd4610a91244b6b08bf174e8c18"",""fd8944d28a6765dc3db6a34157159537dc8e30c667e01bc96951d036ecdf86ed""]",1626,0.33655792817496655,0.25393414306419515,0.7256976266968886,3.671755815631537,2.333233726429123,0.6161182223659394,0.8685545417820576
5,24,source_shrinkage_adapter,5,5,1626,151,"[""25fa32d950cdf305f8d95defcc6c07b792e2447dc359de123d43ac8ce2009c72"",""76d00545304a5185ce71ef791fe4639bd6e73e7c1b28b80bacd29416380bc4a7"",""a82f553f80ba8c9865f21e7220a8630c3956bfa2091460624b77406d7b6e223a"",""d598441fe1e20eda12d74fb07698721405420fd4610a91244b6b08bf174e8c18"",""fd8944d28a6765dc3db6a34157159537dc8e30c667e01bc96951d036ecdf86ed""]",1626,0.318006663595193,0.24153015361079203,0.7551036259783375,3.351319280468514,2.2767848368096706,0.680197742931905,0.8728168611324587
5,24,target_only_ridge,5,5,1626,151,"[""25fa32d950cdf305f8d95defcc6c07b792e2447dc359de123d43ac8ce2009c72"",""76d00545304a5185ce71ef791fe4639bd6e73e7c1b28b80bacd29416380bc4a7"",""a82f553f80ba8c9865f21e7220a8630c3956bfa2091460624b77406d7b6e223a"",""d598441fe1e20eda12d74fb07698721405420fd4610a91244b6b08bf174e8c18"",""fd8944d28a6765dc3db6a34157159537dc8e30c667e01bc96951d036ecdf86ed""]",1626,0.7116465738090862,0.5167285855827294,-0.22641834948024409,6.228964982736951,4.811980591977123,-0.10479498254528274,0.10117414586564032
5,24,anchor_constant,5,5,1626,151,"[""25fa32d950cdf305f8d95defcc6c07b792e2447dc359de123d43ac8ce2009c72"",""76d00545304a5185ce71ef791fe4639bd6e73e7c1b28b80bacd29416380bc4a7"",""a82f553f80ba8c9865f21e7220a8630c3956bfa2091460624b77406d7b6e223a"",""d598441fe1e20eda12d74fb07698721405420fd4610a91244b6b08bf174e8c18"",""fd8944d28a6765dc3db6a34157159537dc8e30c667e01bc96951d036ecdf86ed""]",1626,0.6508397000352869,0.5219956487107749,-0.02578887954550302,6.917539639432669,4.543599098827926,-0.3625524446977608,
5,25,source_frozen,5,5,1622,151,"[""504d785def56360cede37d9f2374d56963e1f5ecb98742226d99c4fb0379fed8"",""a82f553f80ba8c9865f21e7220a8630c3956bfa2091460624b77406d7b6e223a"",""d598441fe1e20eda12d74fb07698721405420fd4610a91244b6b08bf174e8c18"",""df68bffa3b0b9aabcb83117062f4ac2f65f52992c2e6ed39c46527a3da3771b6"",""fd8944d28a6765dc3db6a34157159537dc8e30c667e01bc96951d036ecdf86ed""]",1622,0.33029303833291573,0.2515171155162706,0.7285439188838321,3.694038382117526,2.3498474929453987,0.6119071575999171,0.8685524938789235
5,25,source_shrinkage_adapter,5,5,1622,151,"[""504d785def56360cede37d9f2374d56963e1f5ecb98742226d99c4fb0379fed8"",""a82f553f80ba8c9865f21e7220a8630c3956bfa2091460624b77406d7b6e223a"",""d598441fe1e20eda12d74fb07698721405420fd4610a91244b6b08bf174e8c18"",""df68bffa3b0b9aabcb83117062f4ac2f65f52992c2e6ed39c46527a3da3771b6"",""fd8944d28a6765dc3db6a34157159537dc8e30c667e01bc96951d036ecdf86ed""]",1622,0.3290119107359925,0.25096688054698907,0.7306456611463292,3.4739543786742617,2.3080131121081795,0.6567733135441032,0.868763817497646
5,25,target_only_ridge,5,5,1622,151,"[""504d785def56360cede37d9f2374d56963e1f5ecb98742226d99c4fb0379fed8"",""a82f553f80ba8c9865f21e7220a8630c3956bfa2091460624b77406d7b6e223a"",""d598441fe1e20eda12d74fb07698721405420fd4610a91244b6b08bf174e8c18"",""df68bffa3b0b9aabcb83117062f4ac2f65f52992c2e6ed39c46527a3da3771b6"",""fd8944d28a6765dc3db6a34157159537dc8e30c667e01bc96951d036ecdf86ed""]",1622,0.8139897903031726,0.5885565326187608,-0.6486886581792748,7.6084215229744325,6.40983710974434,-0.64634919961853,0.05238480920590352
5,25,anchor_constant,5,5,1622,151,"[""504d785def56360cede37d9f2374d56963e1f5ecb98742226d99c4fb0379fed8"",""a82f553f80ba8c9865f21e7220a8630c3956bfa2091460624b77406d7b6e223a"",""d598441fe1e20eda12d74fb07698721405420fd4610a91244b6b08bf174e8c18"",""df68bffa3b0b9aabcb83117062f4ac2f65f52992c2e6ed39c46527a3da3771b6"",""fd8944d28a6765dc3db6a34157159537dc8e30c667e01bc96951d036ecdf86ed""]",1622,0.6355663006847435,0.5000935628778135,-0.00513051610077242,6.747891380596584,4.4543038456418245,-0.2949976861082435,
5,26,source_frozen,5,5,1627,151,"[""25fa32d950cdf305f8d95defcc6c07b792e2447dc359de123d43ac8ce2009c72"",""8b611807c671c3c06eb201d40e425bf6f32fa7a439639f53753e1537b518dc87"",""a82f553f80ba8c9865f21e7220a8630c3956bfa2091460624b77406d7b6e223a"",""d598441fe1e20eda12d74fb07698721405420fd4610a91244b6b08bf174e8c18"",""fd8944d28a6765dc3db6a34157159537dc8e30c667e01bc96951d036ecdf86ed""]",1627,0.3382225548940747,0.25605019646126975,0.7219868219884416,3.734796380919776,2.3760283892263856,0.6074308726616395,0.8659664639979888
5,26,source_shrinkage_adapter,5,5,1627,151,"[""25fa32d950cdf305f8d95defcc6c07b792e2447dc359de123d43ac8ce2009c72"",""8b611807c671c3c06eb201d40e425bf6f32fa7a439639f53753e1537b518dc87"",""a82f553f80ba8c9865f21e7220a8630c3956bfa2091460624b77406d7b6e223a"",""d598441fe1e20eda12d74fb07698721405420fd4610a91244b6b08bf174e8c18"",""fd8944d28a6765dc3db6a34157159537dc8e30c667e01bc96951d036ecdf86ed""]",1627,0.32096424704993143,0.24514225413217228,0.7496350285518348,3.3973704879103086,2.35137711933694,0.6751610457629265,0.8706572941190316
5,26,target_only_ridge,5,5,1627,151,"[""25fa32d950cdf305f8d95defcc6c07b792e2447dc359de123d43ac8ce2009c72"",""8b611807c671c3c06eb201d40e425bf6f32fa7a439639f53753e1537b518dc87"",""a82f553f80ba8c9865f21e7220a8630c3956bfa2091460624b77406d7b6e223a"",""d598441fe1e20eda12d74fb07698721405420fd4610a91244b6b08bf174e8c18"",""fd8944d28a6765dc3db6a34157159537dc8e30c667e01bc96951d036ecdf86ed""]",1627,0.6817313061963329,0.5603507278272384,-0.12950127765440422,7.258725214268937,4.739135262689622,-0.48286971699144154,-0.06543611561260526
5,26,anchor_constant,5,5,1627,151,"[""25fa32d950cdf305f8d95defcc6c07b792e2447dc359de123d43ac8ce2009c72"",""8b611807c671c3c06eb201d40e425bf6f32fa7a439639f53753e1537b518dc87"",""a82f553f80ba8c9865f21e7220a8630c3956bfa2091460624b77406d7b6e223a"",""d598441fe1e20eda12d74fb07698721405420fd4610a91244b6b08bf174e8c18"",""fd8944d28a6765dc3db6a34157159537dc8e30c667e01bc96951d036ecdf86ed""]",1627,0.6913330044324123,0.576773185154888,-0.16154177009393877,7.346745194854974,4.827142221949618,-0.5190505949844626,
5,27,source_frozen,5,5,1627,151,"[""25fa32d950cdf305f8d95defcc6c07b792e2447dc359de123d43ac8ce2009c72"",""462b45e3bfe8a0b3baf3cd22cd9897b38e91b280fcff0ceaa5eec25306465210"",""a82f553f80ba8c9865f21e7220a8630c3956bfa2091460624b77406d7b6e223a"",""d598441fe1e20eda12d74fb07698721405420fd4610a91244b6b08bf174e8c18"",""fd8944d28a6765dc3db6a34157159537dc8e30c667e01bc96951d036ecdf86ed""]",1627,0.338284787158157,0.2559009101373696,0.7235662387936874,3.7322609214672604,2.368530914806251,0.608345883438606,0.8670378340348605
5,27,source_shrinkage_adapter,5,5,1627,151,"[""25fa32d950cdf305f8d95defcc6c07b792e2447dc359de123d43ac8ce2009c72"",""462b45e3bfe8a0b3baf3cd22cd9897b38e91b280fcff0ceaa5eec25306465210"",""a82f553f80ba8c9865f21e7220a8630c3956bfa2091460624b77406d7b6e223a"",""d598441fe1e20eda12d74fb07698721405420fd4610a91244b6b08bf174e8c18"",""fd8944d28a6765dc3db6a34157159537dc8e30c667e01bc96951d036ecdf86ed""]",1627,0.31999364547184384,0.2435030817390596,0.7526517423818255,3.3892521425027136,2.307516395366072,0.677026820412127,0.8716190929280128
5,27,target_only_ridge,5,5,1627,151,"[""25fa32d950cdf305f8d95defcc6c07b792e2447dc359de123d43ac8ce2009c72"",""462b45e3bfe8a0b3baf3cd22cd9897b38e91b280fcff0ceaa5eec25306465210"",""a82f553f80ba8c9865f21e7220a8630c3956bfa2091460624b77406d7b6e223a"",""d598441fe1e20eda12d74fb07698721405420fd4610a91244b6b08bf174e8c18"",""fd8944d28a6765dc3db6a34157159537dc8e30c667e01bc96951d036ecdf86ed""]",1627,0.6968492833887764,0.5788278164473335,-0.1730158025531181,7.345512183821574,4.800018546064948,-0.5170603836542891,-0.046851776782049326
5,27,anchor_constant,5,5,1627,151,"[""25fa32d950cdf305f8d95defcc6c07b792e2447dc359de123d43ac8ce2009c72"",""462b45e3bfe8a0b3baf3cd22cd9897b38e91b280fcff0ceaa5eec25306465210"",""a82f553f80ba8c9865f21e7220a8630c3956bfa2091460624b77406d7b6e223a"",""d598441fe1e20eda12d74fb07698721405420fd4610a91244b6b08bf174e8c18"",""fd8944d28a6765dc3db6a34157159537dc8e30c667e01bc96951d036ecdf86ed""]",1627,0.6980695192905918,0.5845691512907659,-0.17712747845271304,7.374278852775259,4.842954435921701,-0.5289659461968681,
5,28,source_frozen,5,5,1621,151,"[""25fa32d950cdf305f8d95defcc6c07b792e2447dc359de123d43ac8ce2009c72"",""87d5bc74feef9d32ec158cd3a4ac51c61d013dd6fb9c566ca8230413549a1cb2"",""a82f553f80ba8c9865f21e7220a8630c3956bfa2091460624b77406d7b6e223a"",""d598441fe1e20eda12d74fb07698721405420fd4610a91244b6b08bf174e8c18"",""fd8944d28a6765dc3db6a34157159537dc8e30c667e01bc96951d036ecdf86ed""]",1621,0.3368185539806006,0.25411815529648407,0.7268093998618819,3.729231839370425,2.357672462228058,0.6107203753450503,0.868717176322335
5,28,source_shrinkage_adapter,5,5,1621,151,"[""25fa32d950cdf305f8d95defcc6c07b792e2447dc359de123d43ac8ce2009c72"",""87d5bc74feef9d32ec158cd3a4ac51c61d013dd6fb9c566ca8230413549a1cb2"",""a82f553f80ba8c9865f21e7220a8630c3956bfa2091460624b77406d7b6e223a"",""d598441fe1e20eda12d74fb07698721405420fd4610a91244b6b08bf174e8c18"",""fd8944d28a6765dc3db6a34157159537dc8e30c667e01bc96951d036ecdf86ed""]",1621,0.31995983773894626,0.24159519505906815,0.7534728960645906,3.454482631494891,2.2596790105887865,0.6659673393416259,0.8735357078466003
5,28,target_only_ridge,5,5,1621,151,"[""25fa32d950cdf305f8d95defcc6c07b792e2447dc359de123d43ac8ce2009c72"",""87d5bc74feef9d32ec158cd3a4ac51c61d013dd6fb9c566ca8230413549a1cb2"",""a82f553f80ba8c9865f21e7220a8630c3956bfa2091460624b77406d7b6e223a"",""d598441fe1e20eda12d74fb07698721405420fd4610a91244b6b08bf174e8c18"",""fd8944d28a6765dc3db6a34157159537dc8e30c667e01bc96951d036ecdf86ed""]",1621,0.6923002473611745,0.5085942570108529,-0.15415121131965948,6.2580449216913525,4.665043251526032,-0.09622640416664163,0.1049346994841825
5,28,anchor_constant,5,5,1621,151,"[""25fa32d950cdf305f8d95defcc6c07b792e2447dc359de123d43ac8ce2009c72"",""87d5bc74feef9d32ec158cd3a4ac51c61d013dd6fb9c566ca8230413549a1cb2"",""a82f553f80ba8c9865f21e7220a8630c3956bfa2091460624b77406d7b6e223a"",""d598441fe1e20eda12d74fb07698721405420fd4610a91244b6b08bf174e8c18"",""fd8944d28a6765dc3db6a34157159537dc8e30c667e01bc96951d036ecdf86ed""]",1621,0.6563603298812941,0.5297713125749001,-0.03742900811081262,7.035276457238596,4.610913855152541,-0.38543208778876226,
5,29,source_frozen,5,5,1616,151,"[""a82f553f80ba8c9865f21e7220a8630c3956bfa2091460624b77406d7b6e223a"",""a9febf2c09c1dcafa76447961c99b46526ef596e22de40a660df13727d94f2d6"",""d598441fe1e20eda12d74fb07698721405420fd4610a91244b6b08bf174e8c18"",""df68bffa3b0b9aabcb83117062f4ac2f65f52992c2e6ed39c46527a3da3771b6"",""fd8944d28a6765dc3db6a34157159537dc8e30c667e01bc96951d036ecdf86ed""]",1616,0.33138994752152184,0.2519586555721507,0.7278484534317509,3.7281782184659136,2.364263867345796,0.6067797279453047,0.8666641517983751
5,29,source_shrinkage_adapter,5,5,1616,151,"[""a82f553f80ba8c9865f21e7220a8630c3956bfa2091460624b77406d7b6e223a"",""a9febf2c09c1dcafa76447961c99b46526ef596e22de40a660df13727d94f2d6"",""d598441fe1e20eda12d74fb07698721405420fd4610a91244b6b08bf174e8c18"",""df68bffa3b0b9aabcb83117062f4ac2f65f52992c2e6ed39c46527a3da3771b6"",""fd8944d28a6765dc3db6a34157159537dc8e30c667e01bc96951d036ecdf86ed""]",1616,0.33255971274188845,0.25368853004692843,0.7259237403246082,3.5378876823345737,2.3333142773660756,0.6458961471633216,0.8659869666830554
5,29,target_only_ridge,5,5,1616,151,"[""a82f553f80ba8c9865f21e7220a8630c3956bfa2091460624b77406d7b6e223a"",""a9febf2c09c1dcafa76447961c99b46526ef596e22de40a660df13727d94f2d6"",""d598441fe1e20eda12d74fb07698721405420fd4610a91244b6b08bf174e8c18"",""df68bffa3b0b9aabcb83117062f4ac2f65f52992c2e6ed39c46527a3da3771b6"",""fd8944d28a6765dc3db6a34157159537dc8e30c667e01bc96951d036ecdf86ed""]",1616,0.7871834156764261,0.5642402365702349,-0.5356209123319826,7.022323385359899,5.809933098386603,-0.39509640741870267,0.022944924594362762
5,29,anchor_constant,5,5,1616,151,"[""a82f553f80ba8c9865f21e7220a8630c3956bfa2091460624b77406d7b6e223a"",""a9febf2c09c1dcafa76447961c99b46526ef596e22de40a660df13727d94f2d6"",""d598441fe1e20eda12d74fb07698721405420fd4610a91244b6b08bf174e8c18"",""df68bffa3b0b9aabcb83117062f4ac2f65f52992c2e6ed39c46527a3da3771b6"",""fd8944d28a6765dc3db6a34157159537dc8e30c667e01bc96951d036ecdf86ed""]",1616,0.6409716549855505,0.5118837120470524,-0.018145380890651985,6.885933235755964,4.534393162996393,-0.3414305255007408,
5,30,source_frozen,5,5,1629,151,"[""25fa32d950cdf305f8d95defcc6c07b792e2447dc359de123d43ac8ce2009c72"",""a82f553f80ba8c9865f21e7220a8630c3956bfa2091460624b77406d7b6e223a"",""d598441fe1e20eda12d74fb07698721405420fd4610a91244b6b08bf174e8c18"",""e4ed9429febf3d4e5ce157fecd4ba36ac7b7b827918bdce493af1835985c66e8"",""fd8944d28a6765dc3db6a34157159537dc8e30c667e01bc96951d036ecdf86ed""]",1629,0.33764887307882296,0.25519899423178405,0.724663617351891,3.730578046813261,2.369006667386054,0.6082908510567744,0.8675036154223648
5,30,source_shrinkage_adapter,5,5,1629,151,"[""25fa32d950cdf305f8d95defcc6c07b792e2447dc359de123d43ac8ce2009c72"",""a82f553f80ba8c9865f21e7220a8630c3956bfa2091460624b77406d7b6e223a"",""d598441fe1e20eda12d74fb07698721405420fd4610a91244b6b08bf174e8c18"",""e4ed9429febf3d4e5ce157fecd4ba36ac7b7b827918bdce493af1835985c66e8"",""fd8944d28a6765dc3db6a34157159537dc8e30c667e01bc96951d036ecdf86ed""]",1629,0.31923352922346554,0.2414959506657327,0.7538782515723947,3.451171611628303,2.2676979637238643,0.6647686966336827,0.8724280183710139
5,30,target_only_ridge,5,5,1629,151,"[""25fa32d950cdf305f8d95defcc6c07b792e2447dc359de123d43ac8ce2009c72"",""a82f553f80ba8c9865f21e7220a8630c3956bfa2091460624b77406d7b6e223a"",""d598441fe1e20eda12d74fb07698721405420fd4610a91244b6b08bf174e8c18"",""e4ed9429febf3d4e5ce157fecd4ba36ac7b7b827918bdce493af1835985c66e8"",""fd8944d28a6765dc3db6a34157159537dc8e30c667e01bc96951d036ecdf86ed""]",1629,0.6809288830498103,0.5611887261639069,-0.11978979526839995,7.251849886449911,4.7381752074719135,-0.4801613714656128,0.06116145520779964
5,30,anchor_constant,5,5,1629,151,"[""25fa32d950cdf305f8d95defcc6c07b792e2447dc359de123d43ac8ce2009c72"",""a82f553f80ba8c9865f21e7220a8630c3956bfa2091460624b77406d7b6e223a"",""d598441fe1e20eda12d74fb07698721405420fd4610a91244b6b08bf174e8c18"",""e4ed9429febf3d4e5ce157fecd4ba36ac7b7b827918bdce493af1835985c66e8"",""fd8944d28a6765dc3db6a34157159537dc8e30c667e01bc96951d036ecdf86ed""]",1629,0.6869941653165116,0.5718564746724213,-0.13982739409131661,7.312727982767238,4.809076771798491,-0.5051171096111302,
5,31,source_frozen,5,5,1626,151,"[""25fa32d950cdf305f8d95defcc6c07b792e2447dc359de123d43ac8ce2009c72"",""2f58474b161c5bf7208d996afe300052e63ef004de2f1f57e1361ac1d33d920f"",""a82f553f80ba8c9865f21e7220a8630c3956bfa2091460624b77406d7b6e223a"",""d598441fe1e20eda12d74fb07698721405420fd4610a91244b6b08bf174e8c18"",""fd8944d28a6765dc3db6a34157159537dc8e30c667e01bc96951d036ecdf86ed""]",1626,0.33699384004101757,0.25448647121039497,0.7247311102215728,3.6738565977165165,2.3383591452437584,0.612085378633057,0.8669858318672182
5,31,source_shrinkage_adapter,5,5,1626,151,"[""25fa32d950cdf305f8d95defcc6c07b792e2447dc359de123d43ac8ce2009c72"",""2f58474b161c5bf7208d996afe300052e63ef004de2f1f57e1361ac1d33d920f"",""a82f553f80ba8c9865f21e7220a8630c3956bfa2091460624b77406d7b6e223a"",""d598441fe1e20eda12d74fb07698721405420fd4610a91244b6b08bf174e8c18"",""fd8944d28a6765dc3db6a34157159537dc8e30c667e01bc96951d036ecdf86ed""]",1626,0.3181745630685986,0.24180720594096874,0.7546171991876134,3.3630776602459385,2.2759916999830234,0.6749384956083211,0.8713607503431418
5,31,target_only_ridge,5,5,1626,151,"[""25fa32d950cdf305f8d95defcc6c07b792e2447dc359de123d43ac8ce2009c72"",""2f58474b161c5bf7208d996afe300052e63ef004de2f1f57e1361ac1d33d920f"",""a82f553f80ba8c9865f21e7220a8630c3956bfa2091460624b77406d7b6e223a"",""d598441fe1e20eda12d74fb07698721405420fd4610a91244b6b08bf174e8c18"",""fd8944d28a6765dc3db6a34157159537dc8e30c667e01bc96951d036ecdf86ed""]",1626,0.7277369780960061,0.5240800473437317,-0.2836957179709836,6.184877510912655,4.898981660377211,-0.09939549913009915,0.0830472099403037
5,31,anchor_constant,5,5,1626,151,"[""25fa32d950cdf305f8d95defcc6c07b792e2447dc359de123d43ac8ce2009c72"",""2f58474b161c5bf7208d996afe300052e63ef004de2f1f57e1361ac1d33d920f"",""a82f553f80ba8c9865f21e7220a8630c3956bfa2091460624b77406d7b6e223a"",""d598441fe1e20eda12d74fb07698721405420fd4610a91244b6b08bf174e8c18"",""fd8944d28a6765dc3db6a34157159537dc8e30c667e01bc96951d036ecdf86ed""]",1626,0.651593766152313,0.5235096019582928,-0.02912243952668936,6.908535153804623,4.547015734080199,-0.3717143825074605,
5,32,source_frozen,5,5,1628,151,"[""25fa32d950cdf305f8d95defcc6c07b792e2447dc359de123d43ac8ce2009c72"",""4a72527adc1535d8ca3ba507e9acef79aec2edc847032b84297250f75e9b53dd"",""a82f553f80ba8c9865f21e7220a8630c3956bfa2091460624b77406d7b6e223a"",""d598441fe1e20eda12d74fb07698721405420fd4610a91244b6b08bf174e8c18"",""fd8944d28a6765dc3db6a34157159537dc8e30c667e01bc96951d036ecdf86ed""]",1628,0.335628446803498,0.25354113858623195,0.7276079121314696,3.7199934833946924,2.3574136640518275,0.6103956965369775,0.8685000486679442
5,32,source_shrinkage_adapter,5,5,1628,151,"[""25fa32d950cdf305f8d95defcc6c07b792e2447dc359de123d43ac8ce2009c72"",""4a72527adc1535d8ca3ba507e9acef79aec2edc847032b84297250f75e9b53dd"",""a82f553f80ba8c9865f21e7220a8630c3956bfa2091460624b77406d7b6e223a"",""d598441fe1e20eda12d74fb07698721405420fd4610a91244b6b08bf174e8c18"",""fd8944d28a6765dc3db6a34157159537dc8e30c667e01bc96951d036ecdf86ed""]",1628,0.31741848133789197,0.24218499927848128,0.7563640445856398,3.3930862426778154,2.3349386412372533,0.6758625704466008,0.8729377949103179
5,32,target_only_ridge,5,5,1628,151,"[""25fa32d950cdf305f8d95defcc6c07b792e2447dc359de123d43ac8ce2009c72"",""4a72527adc1535d8ca3ba507e9acef79aec2edc847032b84297250f75e9b53dd"",""a82f553f80ba8c9865f21e7220a8630c3956bfa2091460624b77406d7b6e223a"",""d598441fe1e20eda12d74fb07698721405420fd4610a91244b6b08bf174e8c18"",""fd8944d28a6765dc3db6a34157159537dc8e30c667e01bc96951d036ecdf86ed""]",1628,0.6694846267714422,0.49412352148232574,-0.08382254318154714,6.141500367843947,4.417912706942738,-0.06191156724949476,0.08250090354271286
5,32,anchor_constant,5,5,1628,151,"[""25fa32d950cdf305f8d95defcc6c07b792e2447dc359de123d43ac8ce2009c72"",""4a72527adc1535d8ca3ba507e9acef79aec2edc847032b84297250f75e9b53dd"",""a82f553f80ba8c9865f21e7220a8630c3956bfa2091460624b77406d7b6e223a"",""d598441fe1e20eda12d74fb07698721405420fd4610a91244b6b08bf174e8c18"",""fd8944d28a6765dc3db6a34157159537dc8e30c667e01bc96951d036ecdf86ed""]",1628,0.6570509242012139,0.5315978471857121,-0.043938761524698,7.043953143402753,4.619858499680429,-0.3969224721908935,
5,33,source_frozen,5,5,1621,151,"[""25fa32d950cdf305f8d95defcc6c07b792e2447dc359de123d43ac8ce2009c72"",""a82f553f80ba8c9865f21e7220a8630c3956bfa2091460624b77406d7b6e223a"",""bb0f67a15d295bc044a90f130a0c6bd99c7e918f65d5a83a14ae0a59263d4ed4"",""d598441fe1e20eda12d74fb07698721405420fd4610a91244b6b08bf174e8c18"",""df68bffa3b0b9aabcb83117062f4ac2f65f52992c2e6ed39c46527a3da3771b6""]",1621,0.3352972635728316,0.25409025992636336,0.72381270602679,3.704836697904339,2.3438808708145014,0.6119590667281843,0.8676382247210297
5,33,source_shrinkage_adapter,5,5,1621,151,"[""25fa32d950cdf305f8d95defcc6c07b792e2447dc359de123d43ac8ce2009c72"",""a82f553f80ba8c9865f21e7220a8630c3956bfa2091460624b77406d7b6e223a"",""bb0f67a15d295bc044a90f130a0c6bd99c7e918f65d5a83a14ae0a59263d4ed4"",""d598441fe1e20eda12d74fb07698721405420fd4610a91244b6b08bf174e8c18"",""df68bffa3b0b9aabcb83117062f4ac2f65f52992c2e6ed39c46527a3da3771b6""]",1621,0.33338364194525466,0.25249241407677847,0.7269562436994561,3.559929064067453,2.3047553850448264,0.6417203930389141,0.8680627420683835
5,33,target_only_ridge,5,5,1621,151,"[""25fa32d950cdf305f8d95defcc6c07b792e2447dc359de123d43ac8ce2009c72"",""a82f553f80ba8c9865f21e7220a8630c3956bfa2091460624b77406d7b6e223a"",""bb0f67a15d295bc044a90f130a0c6bd99c7e918f65d5a83a14ae0a59263d4ed4"",""d598441fe1e20eda12d74fb07698721405420fd4610a91244b6b08bf174e8c18"",""df68bffa3b0b9aabcb83117062f4ac2f65f52992c2e6ed39c46527a3da3771b6""]",1621,0.9423845364496704,0.7153221102018489,-1.1817248541836953,10.542898701813563,9.655203903025376,-2.142385543882127,0.10654929821415533
5,33,anchor_constant,5,5,1621,151,"[""25fa32d950cdf305f8d95defcc6c07b792e2447dc359de123d43ac8ce2009c72"",""a82f553f80ba8c9865f21e7220a8630c3956bfa2091460624b77406d7b6e223a"",""bb0f67a15d295bc044a90f130a0c6bd99c7e918f65d5a83a14ae0a59263d4ed4"",""d598441fe1e20eda12d74fb07698721405420fd4610a91244b6b08bf174e8c18"",""df68bffa3b0b9aabcb83117062f4ac2f65f52992c2e6ed39c46527a3da3771b6""]",1621,0.7128829601529804,0.5052250249168441,-0.2484758466920527,5.952423474782369,4.580982595782154,-0.0016754786068899907,
5,34,source_frozen,5,5,1627,151,"[""25fa32d950cdf305f8d95defcc6c07b792e2447dc359de123d43ac8ce2009c72"",""528f2ed708eee5ba5d61630ec57253e357a1423dcb3cf27ab1d7f941e7e0c159"",""a82f553f80ba8c9865f21e7220a8630c3956bfa2091460624b77406d7b6e223a"",""d598441fe1e20eda12d74fb07698721405420fd4610a91244b6b08bf174e8c18"",""fd8944d28a6765dc3db6a34157159537dc8e30c667e01bc96951d036ecdf86ed""]",1627,0.33830025268133157,0.2559464163178815,0.7229466400602091,3.7199567129866207,2.359140423750998,0.6088661798355395,0.8664316682363503
5,34,source_shrinkage_adapter,5,5,1627,151,"[""25fa32d950cdf305f8d95defcc6c07b792e2447dc359de123d43ac8ce2009c72"",""528f2ed708eee5ba5d61630ec57253e357a1423dcb3cf27ab1d7f941e7e0c159"",""a82f553f80ba8c9865f21e7220a8630c3956bfa2091460624b77406d7b6e223a"",""d598441fe1e20eda12d74fb07698721405420fd4610a91244b6b08bf174e8c18"",""fd8944d28a6765dc3db6a34157159537dc8e30c667e01bc96951d036ecdf86ed""]",1627,0.32129328175765165,0.2430598622545801,0.7501024109646943,3.4555792706127133,2.259047118908998,0.6624863688629001,0.8717971148377324
5,34,target_only_ridge,5,5,1627,151,"[""25fa32d950cdf305f8d95defcc6c07b792e2447dc359de123d43ac8ce2009c72"",""528f2ed708eee5ba5d61630ec57253e357a1423dcb3cf27ab1d7f941e7e0c159"",""a82f553f80ba8c9865f21e7220a8630c3956bfa2091460624b77406d7b6e223a"",""d598441fe1e20eda12d74fb07698721405420fd4610a91244b6b08bf174e8c18"",""fd8944d28a6765dc3db6a34157159537dc8e30c667e01bc96951d036ecdf86ed""]",1627,0.6452106325441795,0.4984791892760861,-0.007770887384386693,6.59031961470561,4.387706729378146,-0.22761603315694723,0.04340090705699655
5,34,anchor_constant,5,5,1627,151,"[""25fa32d950cdf305f8d95defcc6c07b792e2447dc359de123d43ac8ce2009c72"",""528f2ed708eee5ba5d61630ec57253e357a1423dcb3cf27ab1d7f941e7e0c159"",""a82f553f80ba8c9865f21e7220a8630c3956bfa2091460624b77406d7b6e223a"",""d598441fe1e20eda12d74fb07698721405420fd4610a91244b6b08bf174e8c18"",""fd8944d28a6765dc3db6a34157159537dc8e30c667e01bc96951d036ecdf86ed""]",1627,0.6720815546290997,0.552498864527016,-0.09345956935822586,7.181272399403038,4.69718610305128,-0.4576471186441322,
5,35,source_frozen,5,5,1621,151,"[""25fa32d950cdf305f8d95defcc6c07b792e2447dc359de123d43ac8ce2009c72"",""a82f553f80ba8c9865f21e7220a8630c3956bfa2091460624b77406d7b6e223a"",""bb0f67a15d295bc044a90f130a0c6bd99c7e918f65d5a83a14ae0a59263d4ed4"",""d598441fe1e20eda12d74fb07698721405420fd4610a91244b6b08bf174e8c18"",""df68bffa3b0b9aabcb83117062f4ac2f65f52992c2e6ed39c46527a3da3771b6""]",1621,0.3352972635728316,0.25409025992636336,0.72381270602679,3.704836697904339,2.3438808708145014,0.6119590667281843,0.8676382247210297
5,35,source_shrinkage_adapter,5,5,1621,151,"[""25fa32d950cdf305f8d95defcc6c07b792e2447dc359de123d43ac8ce2009c72"",""a82f553f80ba8c9865f21e7220a8630c3956bfa2091460624b77406d7b6e223a"",""bb0f67a15d295bc044a90f130a0c6bd99c7e918f65d5a83a14ae0a59263d4ed4"",""d598441fe1e20eda12d74fb07698721405420fd4610a91244b6b08bf174e8c18"",""df68bffa3b0b9aabcb83117062f4ac2f65f52992c2e6ed39c46527a3da3771b6""]",1621,0.33338364194525466,0.25249241407677847,0.7269562436994561,3.559929064067453,2.3047553850448264,0.6417203930389141,0.8680627420683835
5,35,target_only_ridge,5,5,1621,151,"[""25fa32d950cdf305f8d95defcc6c07b792e2447dc359de123d43ac8ce2009c72"",""a82f553f80ba8c9865f21e7220a8630c3956bfa2091460624b77406d7b6e223a"",""bb0f67a15d295bc044a90f130a0c6bd99c7e918f65d5a83a14ae0a59263d4ed4"",""d598441fe1e20eda12d74fb07698721405420fd4610a91244b6b08bf174e8c18"",""df68bffa3b0b9aabcb83117062f4ac2f65f52992c2e6ed39c46527a3da3771b6""]",1621,0.9423845364496704,0.7153221102018489,-1.1817248541836953,10.542898701813563,9.655203903025376,-2.142385543882127,0.10654929821415533
5,35,anchor_constant,5,5,1621,151,"[""25fa32d950cdf305f8d95defcc6c07b792e2447dc359de123d43ac8ce2009c72"",""a82f553f80ba8c9865f21e7220a8630c3956bfa2091460624b77406d7b6e223a"",""bb0f67a15d295bc044a90f130a0c6bd99c7e918f65d5a83a14ae0a59263d4ed4"",""d598441fe1e20eda12d74fb07698721405420fd4610a91244b6b08bf174e8c18"",""df68bffa3b0b9aabcb83117062f4ac2f65f52992c2e6ed39c46527a3da3771b6""]",1621,0.7128829601529804,0.5052250249168441,-0.2484758466920527,5.952423474782369,4.580982595782154,-0.0016754786068899907,
5,36,source_frozen,5,5,1631,151,"[""1e5da280aa0317b68e2983bf9c08abe3f64cbaaea06430fa9f0f32b56bf2b56f"",""25fa32d950cdf305f8d95defcc6c07b792e2447dc359de123d43ac8ce2009c72"",""a82f553f80ba8c9865f21e7220a8630c3956bfa2091460624b77406d7b6e223a"",""d598441fe1e20eda12d74fb07698721405420fd4610a91244b6b08bf174e8c18"",""fd8944d28a6765dc3db6a34157159537dc8e30c667e01bc96951d036ecdf86ed""]",1631,0.3380683247752536,0.25588504302105364,0.7234798165331359,3.7299078277932383,2.3694205058235975,0.6085302613295996,0.8667812257676516
5,36,source_shrinkage_adapter,5,5,1631,151,"[""1e5da280aa0317b68e2983bf9c08abe3f64cbaaea06430fa9f0f32b56bf2b56f"",""25fa32d950cdf305f8d95defcc6c07b792e2447dc359de123d43ac8ce2009c72"",""a82f553f80ba8c9865f21e7220a8630c3956bfa2091460624b77406d7b6e223a"",""d598441fe1e20eda12d74fb07698721405420fd4610a91244b6b08bf174e8c18"",""fd8944d28a6765dc3db6a34157159537dc8e30c667e01bc96951d036ecdf86ed""]",1631,0.3216505257354736,0.24323427505074505,0.7496852713874868,3.50367806315558,2.2684725132841743,0.6545776898715698,0.8722775238648276
5,36,target_only_ridge,5,5,1631,151,"[""1e5da280aa0317b68e2983bf9c08abe3f64cbaaea06430fa9f0f32b56bf2b56f"",""25fa32d950cdf305f8d95defcc6c07b792e2447dc359de123d43ac8ce2009c72"",""a82f553f80ba8c9865f21e7220a8630c3956bfa2091460624b77406d7b6e223a"",""d598441fe1e20eda12d74fb07698721405420fd4610a91244b6b08bf174e8c18"",""fd8944d28a6765dc3db6a34157159537dc8e30c667e01bc96951d036ecdf86ed""]",1631,0.6443005236798599,0.49246338621398056,-0.004372566619359475,6.48571118149112,4.369305931973588,-0.18363338531088913,0.05561923610206269
5,36,anchor_constant,5,5,1631,151,"[""1e5da280aa0317b68e2983bf9c08abe3f64cbaaea06430fa9f0f32b56bf2b56f"",""25fa32d950cdf305f8d95defcc6c07b792e2447dc359de123d43ac8ce2009c72"",""a82f553f80ba8c9865f21e7220a8630c3956bfa2091460624b77406d7b6e223a"",""d598441fe1e20eda12d74fb07698721405420fd4610a91244b6b08bf174e8c18"",""fd8944d28a6765dc3db6a34157159537dc8e30c667e01bc96951d036ecdf86ed""]",1631,0.6604871821607478,0.5365941116367337,-0.05547186451071218,7.087858232341127,4.6424254586348965,-0.4136179175151118,
5,37,source_frozen,5,5,1621,151,"[""25fa32d950cdf305f8d95defcc6c07b792e2447dc359de123d43ac8ce2009c72"",""a82f553f80ba8c9865f21e7220a8630c3956bfa2091460624b77406d7b6e223a"",""b18e91e4360cb4310ff3447129b97e07311b6cba00922d024b78e32c3b62bfc8"",""d598441fe1e20eda12d74fb07698721405420fd4610a91244b6b08bf174e8c18"",""fd8944d28a6765dc3db6a34157159537dc8e30c667e01bc96951d036ecdf86ed""]",1621,0.3379171340058299,0.2552609995033941,0.7244864040955159,3.7334304627758925,2.3660035166999975,0.6084833617160283,0.8682084881573224
5,37,source_shrinkage_adapter,5,5,1621,151,"[""25fa32d950cdf305f8d95defcc6c07b792e2447dc359de123d43ac8ce2009c72"",""a82f553f80ba8c9865f21e7220a8630c3956bfa2091460624b77406d7b6e223a"",""b18e91e4360cb4310ff3447129b97e07311b6cba00922d024b78e32c3b62bfc8"",""d598441fe1e20eda12d74fb07698721405420fd4610a91244b6b08bf174e8c18"",""fd8944d28a6765dc3db6a34157159537dc8e30c667e01bc96951d036ecdf86ed""]",1621,0.32209499270479736,0.24263987391644254,0.7496828788405208,3.5604492911467602,2.264088085992872,0.6439231829959627,0.8738771666850794
5,37,target_only_ridge,5,5,1621,151,"[""25fa32d950cdf305f8d95defcc6c07b792e2447dc359de123d43ac8ce2009c72"",""a82f553f80ba8c9865f21e7220a8630c3956bfa2091460624b77406d7b6e223a"",""b18e91e4360cb4310ff3447129b97e07311b6cba00922d024b78e32c3b62bfc8"",""d598441fe1e20eda12d74fb07698721405420fd4610a91244b6b08bf174e8c18"",""fd8944d28a6765dc3db6a34157159537dc8e30c667e01bc96951d036ecdf86ed""]",1621,0.6916369451242322,0.5735588099573773,-0.15419443658218146,7.326388188191526,4.785248411879977,-0.5076965514741767,0.002110338946586945
5,37,anchor_constant,5,5,1621,151,"[""25fa32d950cdf305f8d95defcc6c07b792e2447dc359de123d43ac8ce2009c72"",""a82f553f80ba8c9865f21e7220a8630c3956bfa2091460624b77406d7b6e223a"",""b18e91e4360cb4310ff3447129b97e07311b6cba00922d024b78e32c3b62bfc8"",""d598441fe1e20eda12d74fb07698721405420fd4610a91244b6b08bf174e8c18"",""fd8944d28a6765dc3db6a34157159537dc8e30c667e01bc96951d036ecdf86ed""]",1621,0.6845743800177322,0.5682078378432429,-0.13074295956194626,7.2961509173231365,4.78647818877131,-0.49527718417659816,
5,38,source_frozen,5,5,1626,151,"[""25fa32d950cdf305f8d95defcc6c07b792e2447dc359de123d43ac8ce2009c72"",""a82f553f80ba8c9865f21e7220a8630c3956bfa2091460624b77406d7b6e223a"",""d598441fe1e20eda12d74fb07698721405420fd4610a91244b6b08bf174e8c18"",""e5cf864a647adfc9f321c68adc52198244555d7ed44ffa6b9ba7ef9432c1faac"",""fd8944d28a6765dc3db6a34157159537dc8e30c667e01bc96951d036ecdf86ed""]",1626,0.33839139361075365,0.2560483808584499,0.7227685147736913,3.7355089505165293,2.3753771817339002,0.6075637944626118,0.8660376476664331
5,38,source_shrinkage_adapter,5,5,1626,151,"[""25fa32d950cdf305f8d95defcc6c07b792e2447dc359de123d43ac8ce2009c72"",""a82f553f80ba8c9865f21e7220a8630c3956bfa2091460624b77406d7b6e223a"",""d598441fe1e20eda12d74fb07698721405420fd4610a91244b6b08bf174e8c18"",""e5cf864a647adfc9f321c68adc52198244555d7ed44ffa6b9ba7ef9432c1faac"",""fd8944d28a6765dc3db6a34157159537dc8e30c667e01bc96951d036ecdf86ed""]",1626,0.31979072029800554,0.24290491478530754,0.7524085472424589,3.398692473644182,2.294300285067794,0.6751422404793347,0.8709264878022095
5,38,target_only_ridge,5,5,1626,151,"[""25fa32d950cdf305f8d95defcc6c07b792e2447dc359de123d43ac8ce2009c72"",""a82f553f80ba8c9865f21e7220a8630c3956bfa2091460624b77406d7b6e223a"",""d598441fe1e20eda12d74fb07698721405420fd4610a91244b6b08bf174e8c18"",""e5cf864a647adfc9f321c68adc52198244555d7ed44ffa6b9ba7ef9432c1faac"",""fd8944d28a6765dc3db6a34157159537dc8e30c667e01bc96951d036ecdf86ed""]",1626,0.6531692417085105,0.5204462323947531,-0.032893118851526904,6.931910665794299,4.546446657087695,-0.35137356597334457,0.004801812452657113
5,38,anchor_constant,5,5,1626,151,"[""25fa32d950cdf305f8d95defcc6c07b792e2447dc359de123d43ac8ce2009c72"",""a82f553f80ba8c9865f21e7220a8630c3956bfa2091460624b77406d7b6e223a"",""d598441fe1e20eda12d74fb07698721405420fd4610a91244b6b08bf174e8c18"",""e5cf864a647adfc9f321c68adc52198244555d7ed44ffa6b9ba7ef9432c1faac"",""fd8944d28a6765dc3db6a34157159537dc8e30c667e01bc96951d036ecdf86ed""]",1626,0.6771337035286948,0.5589498971485737,-0.11007620976356347,7.247419306484313,4.753750149140146,-0.47718973928004593,
5,39,source_frozen,5,5,1630,151,"[""25fa32d950cdf305f8d95defcc6c07b792e2447dc359de123d43ac8ce2009c72"",""70fa4b0de8b1f2d908aea8ac35240a4ad99f59f829878f1231ade38eea2d6b55"",""a82f553f80ba8c9865f21e7220a8630c3956bfa2091460624b77406d7b6e223a"",""d598441fe1e20eda12d74fb07698721405420fd4610a91244b6b08bf174e8c18"",""fd8944d28a6765dc3db6a34157159537dc8e30c667e01bc96951d036ecdf86ed""]",1630,0.33816586469321624,0.2559908786855866,0.7232722387635626,3.7298113907326473,2.3694180690675997,0.6075815871903898,0.8663641379549567
5,39,source_shrinkage_adapter,5,5,1630,151,"[""25fa32d950cdf305f8d95defcc6c07b792e2447dc359de123d43ac8ce2009c72"",""70fa4b0de8b1f2d908aea8ac35240a4ad99f59f829878f1231ade38eea2d6b55"",""a82f553f80ba8c9865f21e7220a8630c3956bfa2091460624b77406d7b6e223a"",""d598441fe1e20eda12d74fb07698721405420fd4610a91244b6b08bf174e8c18"",""fd8944d28a6765dc3db6a34157159537dc8e30c667e01bc96951d036ecdf86ed""]",1630,0.31963469613890755,0.24250207296418047,0.7527700805489433,3.428682368930841,2.2755103059786985,0.6683880721769293,0.8713014149031907
5,39,target_only_ridge,5,5,1630,151,"[""25fa32d950cdf305f8d95defcc6c07b792e2447dc359de123d43ac8ce2009c72"",""70fa4b0de8b1f2d908aea8ac35240a4ad99f59f829878f1231ade38eea2d6b55"",""a82f553f80ba8c9865f21e7220a8630c3956bfa2091460624b77406d7b6e223a"",""d598441fe1e20eda12d74fb07698721405420fd4610a91244b6b08bf174e8c18"",""fd8944d28a6765dc3db6a34157159537dc8e30c667e01bc96951d036ecdf86ed""]",1630,0.652244739901497,0.5099253901521482,-0.02947159214332684,6.779918236377142,4.475170577422754,-0.2966553249469277,-0.0956939311107085
5,39,anchor_constant,5,5,1630,151,"[""25fa32d950cdf305f8d95defcc6c07b792e2447dc359de123d43ac8ce2009c72"",""70fa4b0de8b1f2d908aea8ac35240a4ad99f59f829878f1231ade38eea2d6b55"",""a82f553f80ba8c9865f21e7220a8630c3956bfa2091460624b77406d7b6e223a"",""d598441fe1e20eda12d74fb07698721405420fd4610a91244b6b08bf174e8c18"",""fd8944d28a6765dc3db6a34157159537dc8e30c667e01bc96951d036ecdf86ed""]",1630,0.6778628230235932,0.5601086328597392,-0.11192841357715233,7.238070861201362,4.744318434685121,-0.4778191709459134,
5,40,source_frozen,5,5,1632,151,"[""25fa32d950cdf305f8d95defcc6c07b792e2447dc359de123d43ac8ce2009c72"",""a82f553f80ba8c9865f21e7220a8630c3956bfa2091460624b77406d7b6e223a"",""d598441fe1e20eda12d74fb07698721405420fd4610a91244b6b08bf174e8c18"",""e7906d121be713d87c3b69d238013dc695a408eb5feab030fdf514d58020317f"",""fd8944d28a6765dc3db6a34157159537dc8e30c667e01bc96951d036ecdf86ed""]",1632,0.33775156524752664,0.25541239527024945,0.7240926287218221,3.728873052043582,2.3682424713506953,0.608504182958574,0.8673265752798635
5,40,source_shrinkage_adapter,5,5,1632,151,"[""25fa32d950cdf305f8d95defcc6c07b792e2447dc359de123d43ac8ce2009c72"",""a82f553f80ba8c9865f21e7220a8630c3956bfa2091460624b77406d7b6e223a"",""d598441fe1e20eda12d74fb07698721405420fd4610a91244b6b08bf174e8c18"",""e7906d121be713d87c3b69d238013dc695a408eb5feab030fdf514d58020317f"",""fd8944d28a6765dc3db6a34157159537dc8e30c667e01bc96951d036ecdf86ed""]",1632,0.32002384880921353,0.242712939122356,0.7522958682459402,3.39220596849245,2.2843682909399994,0.676006455108108,0.872559637261296
5,40,target_only_ridge,5,5,1632,151,"[""25fa32d950cdf305f8d95defcc6c07b792e2447dc359de123d43ac8ce2009c72"",""a82f553f80ba8c9865f21e7220a8630c3956bfa2091460624b77406d7b6e223a"",""d598441fe1e20eda12d74fb07698721405420fd4610a91244b6b08bf174e8c18"",""e7906d121be713d87c3b69d238013dc695a408eb5feab030fdf514d58020317f"",""fd8944d28a6765dc3db6a34157159537dc8e30c667e01bc96951d036ecdf86ed""]",1632,0.7475996145202126,0.6341110548758206,-0.35178212795949726,7.572954144229187,4.989254621935506,-0.6147399264849989,0.010044779300246283
5,40,anchor_constant,5,5,1632,151,"[""25fa32d950cdf305f8d95defcc6c07b792e2447dc359de123d43ac8ce2009c72"",""a82f553f80ba8c9865f21e7220a8630c3956bfa2091460624b77406d7b6e223a"",""d598441fe1e20eda12d74fb07698721405420fd4610a91244b6b08bf174e8c18"",""e7906d121be713d87c3b69d238013dc695a408eb5feab030fdf514d58020317f"",""fd8944d28a6765dc3db6a34157159537dc8e30c667e01bc96951d036ecdf86ed""]",1632,0.7102501693640845,0.5984558865404197,-0.2200882779980451,7.438814854990887,4.89947529078941,-0.5580429625605579,
5,41,source_frozen,5,5,1617,151,"[""25fa32d950cdf305f8d95defcc6c07b792e2447dc359de123d43ac8ce2009c72"",""a82f553f80ba8c9865f21e7220a8630c3956bfa2091460624b77406d7b6e223a"",""d598441fe1e20eda12d74fb07698721405420fd4610a91244b6b08bf174e8c18"",""df68bffa3b0b9aabcb83117062f4ac2f65f52992c2e6ed39c46527a3da3771b6"",""ed95413e83247ea004bcfc51448172f1f7fced68a6d68687803590aef8a56bf5""]",1617,0.335297149752234,0.25394829154721327,0.7236758074178027,3.672272185866126,2.3288015579106762,0.6148058843659154,0.8673272799444403
5,41,source_shrinkage_adapter,5,5,1617,151,"[""25fa32d950cdf305f8d95defcc6c07b792e2447dc359de123d43ac8ce2009c72"",""a82f553f80ba8c9865f21e7220a8630c3956bfa2091460624b77406d7b6e223a"",""d598441fe1e20eda12d74fb07698721405420fd4610a91244b6b08bf174e8c18"",""df68bffa3b0b9aabcb83117062f4ac2f65f52992c2e6ed39c46527a3da3771b6"",""ed95413e83247ea004bcfc51448172f1f7fced68a6d68687803590aef8a56bf5""]",1617,0.3335987840524392,0.2525652420892284,0.7264680230394323,3.533148083782407,2.2920610148661327,0.6434391979005628,0.8676289577435212
5,41,target_only_ridge,5,5,1617,151,"[""25fa32d950cdf305f8d95defcc6c07b792e2447dc359de123d43ac8ce2009c72"",""a82f553f80ba8c9865f21e7220a8630c3956bfa2091460624b77406d7b6e223a"",""d598441fe1e20eda12d74fb07698721405420fd4610a91244b6b08bf174e8c18"",""df68bffa3b0b9aabcb83117062f4ac2f65f52992c2e6ed39c46527a3da3771b6"",""ed95413e83247ea004bcfc51448172f1f7fced68a6d68687803590aef8a56bf5""]",1617,0.9280573565284316,0.6986733649520072,-1.1169413288771066,9.985698895714767,9.089755427378524,-1.848176181881208,0.07003416102405469
5,41,anchor_constant,5,5,1617,151,"[""25fa32d950cdf305f8d95defcc6c07b792e2447dc359de123d43ac8ce2009c72"",""a82f553f80ba8c9865f21e7220a8630c3956bfa2091460624b77406d7b6e223a"",""d598441fe1e20eda12d74fb07698721405420fd4610a91244b6b08bf174e8c18"",""df68bffa3b0b9aabcb83117062f4ac2f65f52992c2e6ed39c46527a3da3771b6"",""ed95413e83247ea004bcfc51448172f1f7fced68a6d68687803590aef8a56bf5""]",1617,0.7123563549744714,0.5046700193552566,-0.2472508036047485,5.92160374347753,4.554604605665582,-0.0015868226072297542,
5,42,source_frozen,5,5,1629,151,"[""25fa32d950cdf305f8d95defcc6c07b792e2447dc359de123d43ac8ce2009c72"",""a82f553f80ba8c9865f21e7220a8630c3956bfa2091460624b77406d7b6e223a"",""b4f79a96a2db5e5cee1a802a98fceec30c1e398179fcedacec100c34f7bf499a"",""d598441fe1e20eda12d74fb07698721405420fd4610a91244b6b08bf174e8c18"",""fd8944d28a6765dc3db6a34157159537dc8e30c667e01bc96951d036ecdf86ed""]",1629,0.33820208450272876,0.2558763233358648,0.7233900553547132,3.7297231181273403,2.3664195971266593,0.6088127780044501,0.8668861718624654
5,42,source_shrinkage_adapter,5,5,1629,151,"[""25fa32d950cdf305f8d95defcc6c07b792e2447dc359de123d43ac8ce2009c72"",""a82f553f80ba8c9865f21e7220a8630c3956bfa2091460624b77406d7b6e223a"",""b4f79a96a2db5e5cee1a802a98fceec30c1e398179fcedacec100c34f7bf499a"",""d598441fe1e20eda12d74fb07698721405420fd4610a91244b6b08bf174e8c18"",""fd8944d28a6765dc3db6a34157159537dc8e30c667e01bc96951d036ecdf86ed""]",1629,0.32153896508999863,0.24319056953663096,0.7499755682550451,3.4582752788769255,2.2648261997299612,0.6636816252250725,0.8723624189961233
5,42,target_only_ridge,5,5,1629,151,"[""25fa32d950cdf305f8d95defcc6c07b792e2447dc359de123d43ac8ce2009c72"",""a82f553f80ba8c9865f21e7220a8630c3956bfa2091460624b77406d7b6e223a"",""b4f79a96a2db5e5cee1a802a98fceec30c1e398179fcedacec100c34f7bf499a"",""d598441fe1e20eda12d74fb07698721405420fd4610a91244b6b08bf174e8c18"",""fd8944d28a6765dc3db6a34157159537dc8e30c667e01bc96951d036ecdf86ed""]",1629,0.6494533645535004,0.5138663318545964,-0.020025835353540522,6.879414182717167,4.4966810837062585,-0.33086618381976063,0.0002679972431181273
5,42,anchor_constant,5,5,1629,151,"[""25fa32d950cdf305f8d95defcc6c07b792e2447dc359de123d43ac8ce2009c72"",""a82f553f80ba8c9865f21e7220a8630c3956bfa2091460624b77406d7b6e223a"",""b4f79a96a2db5e5cee1a802a98fceec30c1e398179fcedacec100c34f7bf499a"",""d598441fe1e20eda12d74fb07698721405420fd4610a91244b6b08bf174e8c18"",""fd8944d28a6765dc3db6a34157159537dc8e30c667e01bc96951d036ecdf86ed""]",1629,0.6734768709075064,0.5541440435719582,-0.09688374477161577,7.210554453925988,4.7192860682908355,-0.46207212528413844,
5,43,source_frozen,5,5,1627,151,"[""25fa32d950cdf305f8d95defcc6c07b792e2447dc359de123d43ac8ce2009c72"",""a82f553f80ba8c9865f21e7220a8630c3956bfa2091460624b77406d7b6e223a"",""bd5b86e4db2918595dffc4184ff7635b67192e76d884e91c95a97ea386e9881e"",""d598441fe1e20eda12d74fb07698721405420fd4610a91244b6b08bf174e8c18"",""fd8944d28a6765dc3db6a34157159537dc8e30c667e01bc96951d036ecdf86ed""]",1627,0.3379647595172493,0.2553716398931042,0.7235856252284706,3.726751553738291,2.364329042097328,0.608518353287667,0.8664947246392888
5,43,source_shrinkage_adapter,5,5,1627,151,"[""25fa32d950cdf305f8d95defcc6c07b792e2447dc359de123d43ac8ce2009c72"",""a82f553f80ba8c9865f21e7220a8630c3956bfa2091460624b77406d7b6e223a"",""bd5b86e4db2918595dffc4184ff7635b67192e76d884e91c95a97ea386e9881e"",""d598441fe1e20eda12d74fb07698721405420fd4610a91244b6b08bf174e8c18"",""fd8944d28a6765dc3db6a34157159537dc8e30c667e01bc96951d036ecdf86ed""]",1627,0.3194353937307257,0.242611243089914,0.7530643128544017,3.395916714815581,2.2946295280020927,0.674939210951424,0.871320069977097
5,43,target_only_ridge,5,5,1627,151,"[""25fa32d950cdf305f8d95defcc6c07b792e2447dc359de123d43ac8ce2009c72"",""a82f553f80ba8c9865f21e7220a8630c3956bfa2091460624b77406d7b6e223a"",""bd5b86e4db2918595dffc4184ff7635b67192e76d884e91c95a97ea386e9881e"",""d598441fe1e20eda12d74fb07698721405420fd4610a91244b6b08bf174e8c18"",""fd8944d28a6765dc3db6a34157159537dc8e30c667e01bc96951d036ecdf86ed""]",1627,0.647532916972223,0.4913779978184134,-0.014708948140349731,6.387522525502373,4.359057721696881,-0.15004653390137923,0.08379113679488714
5,43,anchor_constant,5,5,1627,151,"[""25fa32d950cdf305f8d95defcc6c07b792e2447dc359de123d43ac8ce2009c72"",""a82f553f80ba8c9865f21e7220a8630c3956bfa2091460624b77406d7b6e223a"",""bd5b86e4db2918595dffc4184ff7635b67192e76d884e91c95a97ea386e9881e"",""d598441fe1e20eda12d74fb07698721405420fd4610a91244b6b08bf174e8c18"",""fd8944d28a6765dc3db6a34157159537dc8e30c667e01bc96951d036ecdf86ed""]",1627,0.6615385485110696,0.538116918168846,-0.05907837741993016,7.096210482230868,4.65102026919171,-0.4193957531527768,
5,44,source_frozen,5,5,1626,151,"[""25fa32d950cdf305f8d95defcc6c07b792e2447dc359de123d43ac8ce2009c72"",""a82f553f80ba8c9865f21e7220a8630c3956bfa2091460624b77406d7b6e223a"",""d598441fe1e20eda12d74fb07698721405420fd4610a91244b6b08bf174e8c18"",""fd8944d28a6765dc3db6a34157159537dc8e30c667e01bc96951d036ecdf86ed"",""fdb040b8a80104ccf28acb23e9f706d1fac13e704e214a589900ab588fc10cba""]",1626,0.3369929297803572,0.25448597904585657,0.7247325972879415,3.673869716180947,2.3383614201218466,0.6120826083271876,0.8669858318672182
5,44,source_shrinkage_adapter,5,5,1626,151,"[""25fa32d950cdf305f8d95defcc6c07b792e2447dc359de123d43ac8ce2009c72"",""a82f553f80ba8c9865f21e7220a8630c3956bfa2091460624b77406d7b6e223a"",""d598441fe1e20eda12d74fb07698721405420fd4610a91244b6b08bf174e8c18"",""fd8944d28a6765dc3db6a34157159537dc8e30c667e01bc96951d036ecdf86ed"",""fdb040b8a80104ccf28acb23e9f706d1fac13e704e214a589900ab588fc10cba""]",1626,0.31817383511709524,0.24180832561977667,0.7546183220088263,3.363059191312059,2.276051433183356,0.6749420658636369,0.8713693966891702
5,44,target_only_ridge,5,5,1626,151,"[""25fa32d950cdf305f8d95defcc6c07b792e2447dc359de123d43ac8ce2009c72"",""a82f553f80ba8c9865f21e7220a8630c3956bfa2091460624b77406d7b6e223a"",""d598441fe1e20eda12d74fb07698721405420fd4610a91244b6b08bf174e8c18"",""fd8944d28a6765dc3db6a34157159537dc8e30c667e01bc96951d036ecdf86ed"",""fdb040b8a80104ccf28acb23e9f706d1fac13e704e214a589900ab588fc10cba""]",1626,0.7278097063381325,0.5241235893726187,-0.28395230957188944,6.185333374838344,4.899750673055309,-0.09955756966976015,0.08313926049276443
5,44,anchor_constant,5,5,1626,151,"[""25fa32d950cdf305f8d95defcc6c07b792e2447dc359de123d43ac8ce2009c72"",""a82f553f80ba8c9865f21e7220a8630c3956bfa2091460624b77406d7b6e223a"",""d598441fe1e20eda12d74fb07698721405420fd4610a91244b6b08bf174e8c18"",""fd8944d28a6765dc3db6a34157159537dc8e30c667e01bc96951d036ecdf86ed"",""fdb040b8a80104ccf28acb23e9f706d1fac13e704e214a589900ab588fc10cba""]",1626,0.6515937661523131,0.5235096019582928,-0.02912243952668958,6.908535153804622,4.547015734080199,-0.37171438250746003,
5,45,source_frozen,5,5,1621,151,"[""25fa32d950cdf305f8d95defcc6c07b792e2447dc359de123d43ac8ce2009c72"",""87d5bc74feef9d32ec158cd3a4ac51c61d013dd6fb9c566ca8230413549a1cb2"",""a82f553f80ba8c9865f21e7220a8630c3956bfa2091460624b77406d7b6e223a"",""d598441fe1e20eda12d74fb07698721405420fd4610a91244b6b08bf174e8c18"",""fd8944d28a6765dc3db6a34157159537dc8e30c667e01bc96951d036ecdf86ed""]",1621,0.3368185539806006,0.25411815529648407,0.7268093998618819,3.729231839370425,2.357672462228058,0.6107203753450503,0.868717176322335
5,45,source_shrinkage_adapter,5,5,1621,151,"[""25fa32d950cdf305f8d95defcc6c07b792e2447dc359de123d43ac8ce2009c72"",""87d5bc74feef9d32ec158cd3a4ac51c61d013dd6fb9c566ca8230413549a1cb2"",""a82f553f80ba8c9865f21e7220a8630c3956bfa2091460624b77406d7b6e223a"",""d598441fe1e20eda12d74fb07698721405420fd4610a91244b6b08bf174e8c18"",""fd8944d28a6765dc3db6a34157159537dc8e30c667e01bc96951d036ecdf86ed""]",1621,0.31995983773894626,0.24159519505906815,0.7534728960645906,3.454482631494891,2.2596790105887865,0.6659673393416259,0.8735357078466003
5,45,target_only_ridge,5,5,1621,151,"[""25fa32d950cdf305f8d95defcc6c07b792e2447dc359de123d43ac8ce2009c72"",""87d5bc74feef9d32ec158cd3a4ac51c61d013dd6fb9c566ca8230413549a1cb2"",""a82f553f80ba8c9865f21e7220a8630c3956bfa2091460624b77406d7b6e223a"",""d598441fe1e20eda12d74fb07698721405420fd4610a91244b6b08bf174e8c18"",""fd8944d28a6765dc3db6a34157159537dc8e30c667e01bc96951d036ecdf86ed""]",1621,0.6923002473611745,0.5085942570108529,-0.15415121131965948,6.2580449216913525,4.665043251526032,-0.09622640416664163,0.1049346994841825
5,45,anchor_constant,5,5,1621,151,"[""25fa32d950cdf305f8d95defcc6c07b792e2447dc359de123d43ac8ce2009c72"",""87d5bc74feef9d32ec158cd3a4ac51c61d013dd6fb9c566ca8230413549a1cb2"",""a82f553f80ba8c9865f21e7220a8630c3956bfa2091460624b77406d7b6e223a"",""d598441fe1e20eda12d74fb07698721405420fd4610a91244b6b08bf174e8c18"",""fd8944d28a6765dc3db6a34157159537dc8e30c667e01bc96951d036ecdf86ed""]",1621,0.6563603298812941,0.5297713125749001,-0.03742900811081262,7.035276457238596,4.610913855152541,-0.38543208778876226,
5,46,source_frozen,5,5,1625,151,"[""25fa32d950cdf305f8d95defcc6c07b792e2447dc359de123d43ac8ce2009c72"",""a82f553f80ba8c9865f21e7220a8630c3956bfa2091460624b77406d7b6e223a"",""b661f55519801041c7d52d0756a3d054d5788762d84098dfb05b2907bae1aa2f"",""d598441fe1e20eda12d74fb07698721405420fd4610a91244b6b08bf174e8c18"",""fd8944d28a6765dc3db6a34157159537dc8e30c667e01bc96951d036ecdf86ed""]",1625,0.3383026875267,0.2557963412849163,0.7238571597887622,3.734728067792436,2.371135489404076,0.6083522558092312,0.8673820808037682
5,46,source_shrinkage_adapter,5,5,1625,151,"[""25fa32d950cdf305f8d95defcc6c07b792e2447dc359de123d43ac8ce2009c72"",""a82f553f80ba8c9865f21e7220a8630c3956bfa2091460624b77406d7b6e223a"",""b661f55519801041c7d52d0756a3d054d5788762d84098dfb05b2907bae1aa2f"",""d598441fe1e20eda12d74fb07698721405420fd4610a91244b6b08bf174e8c18"",""fd8944d28a6765dc3db6a34157159537dc8e30c667e01bc96951d036ecdf86ed""]",1625,0.3212046489134279,0.2431204623747393,0.7510646709604456,3.393530930295037,2.276706790484824,0.6766437332153544,0.872947562455253
5,46,target_only_ridge,5,5,1625,151,"[""25fa32d950cdf305f8d95defcc6c07b792e2447dc359de123d43ac8ce2009c72"",""a82f553f80ba8c9865f21e7220a8630c3956bfa2091460624b77406d7b6e223a"",""b661f55519801041c7d52d0756a3d054d5788762d84098dfb05b2907bae1aa2f"",""d598441fe1e20eda12d74fb07698721405420fd4610a91244b6b08bf174e8c18"",""fd8944d28a6765dc3db6a34157159537dc8e30c667e01bc96951d036ecdf86ed""]",1625,0.7569419046372152,0.6447252078988087,-0.3824454035054121,7.612108886754212,5.023279766364906,-0.6270003348583331,0.01721357565907287
5,46,anchor_constant,5,5,1625,151,"[""25fa32d950cdf305f8d95defcc6c07b792e2447dc359de123d43ac8ce2009c72"",""a82f553f80ba8c9865f21e7220a8630c3956bfa2091460624b77406d7b6e223a"",""b661f55519801041c7d52d0756a3d054d5788762d84098dfb05b2907bae1aa2f"",""d598441fe1e20eda12d74fb07698721405420fd4610a91244b6b08bf174e8c18"",""fd8944d28a6765dc3db6a34157159537dc8e30c667e01bc96951d036ecdf86ed""]",1625,0.7073137076371091,0.5950601097609558,-0.2071105372658908,7.430753120407374,4.8910275338914655,-0.5503984424427311,
5,47,source_frozen,5,5,1625,151,"[""25fa32d950cdf305f8d95defcc6c07b792e2447dc359de123d43ac8ce2009c72"",""a82f553f80ba8c9865f21e7220a8630c3956bfa2091460624b77406d7b6e223a"",""d598441fe1e20eda12d74fb07698721405420fd4610a91244b6b08bf174e8c18"",""d957706cf1572a1254aa485ad3cb5f853094e69ae7d6ba526a39757a154fee57"",""fd8944d28a6765dc3db6a34157159537dc8e30c667e01bc96951d036ecdf86ed""]",1625,0.3378565602355748,0.2550400387245896,0.7243933977463424,3.7220410580922123,2.3563153193418436,0.610694255990323,0.8676431424925788
5,47,source_shrinkage_adapter,5,5,1625,151,"[""25fa32d950cdf305f8d95defcc6c07b792e2447dc359de123d43ac8ce2009c72"",""a82f553f80ba8c9865f21e7220a8630c3956bfa2091460624b77406d7b6e223a"",""d598441fe1e20eda12d74fb07698721405420fd4610a91244b6b08bf174e8c18"",""d957706cf1572a1254aa485ad3cb5f853094e69ae7d6ba526a39757a154fee57"",""fd8944d28a6765dc3db6a34157159537dc8e30c667e01bc96951d036ecdf86ed""]",1625,0.3193925231932615,0.24194569479387526,0.7536943379840808,3.414695663453615,2.268942549450608,0.6723331557451493,0.8724947470257898
5,47,target_only_ridge,5,5,1625,151,"[""25fa32d950cdf305f8d95defcc6c07b792e2447dc359de123d43ac8ce2009c72"",""a82f553f80ba8c9865f21e7220a8630c3956bfa2091460624b77406d7b6e223a"",""d598441fe1e20eda12d74fb07698721405420fd4610a91244b6b08bf174e8c18"",""d957706cf1572a1254aa485ad3cb5f853094e69ae7d6ba526a39757a154fee57"",""fd8944d28a6765dc3db6a34157159537dc8e30c667e01bc96951d036ecdf86ed""]",1625,0.6804571511659205,0.5010475269852203,-0.11796052756346254,6.2948668160729335,4.4863934105793,-0.11352913418817745,-0.022788347647447155
5,47,anchor_constant,5,5,1625,151,"[""25fa32d950cdf305f8d95defcc6c07b792e2447dc359de123d43ac8ce2009c72"",""a82f553f80ba8c9865f21e7220a8630c3956bfa2091460624b77406d7b6e223a"",""d598441fe1e20eda12d74fb07698721405420fd4610a91244b6b08bf174e8c18"",""d957706cf1572a1254aa485ad3cb5f853094e69ae7d6ba526a39757a154fee57"",""fd8944d28a6765dc3db6a34157159537dc8e30c667e01bc96951d036ecdf86ed""]",1625,0.6589566521741198,0.5340534432433873,-0.048427968348182304,7.0653624139261035,4.625725076135838,-0.4028052409712277,
5,48,source_frozen,5,5,1611,151,"[""0254dc5a8a9734be9062814fc371f77923c602c5c11298065be7efc639ebb59f"",""a82f553f80ba8c9865f21e7220a8630c3956bfa2091460624b77406d7b6e223a"",""d598441fe1e20eda12d74fb07698721405420fd4610a91244b6b08bf174e8c18"",""df68bffa3b0b9aabcb83117062f4ac2f65f52992c2e6ed39c46527a3da3771b6"",""fd8944d28a6765dc3db6a34157159537dc8e30c667e01bc96951d036ecdf86ed""]",1611,0.33314213491411127,0.2543311164429754,0.7256978743096949,3.7542063786717907,2.391652421136732,0.6029949749959626,0.8648764763808753
5,48,source_shrinkage_adapter,5,5,1611,151,"[""0254dc5a8a9734be9062814fc371f77923c602c5c11298065be7efc639ebb59f"",""a82f553f80ba8c9865f21e7220a8630c3956bfa2091460624b77406d7b6e223a"",""d598441fe1e20eda12d74fb07698721405420fd4610a91244b6b08bf174e8c18"",""df68bffa3b0b9aabcb83117062f4ac2f65f52992c2e6ed39c46527a3da3771b6"",""fd8944d28a6765dc3db6a34157159537dc8e30c667e01bc96951d036ecdf86ed""]",1611,0.3356949482609832,0.25722683457453815,0.7214779034687033,3.6074840103798502,2.369103290671527,0.6334201856682513,0.8640291903382676
5,48,target_only_ridge,5,5,1611,151,"[""0254dc5a8a9734be9062814fc371f77923c602c5c11298065be7efc639ebb59f"",""a82f553f80ba8c9865f21e7220a8630c3956bfa2091460624b77406d7b6e223a"",""d598441fe1e20eda12d74fb07698721405420fd4610a91244b6b08bf174e8c18"",""df68bffa3b0b9aabcb83117062f4ac2f65f52992c2e6ed39c46527a3da3771b6"",""fd8944d28a6765dc3db6a34157159537dc8e30c667e01bc96951d036ecdf86ed""]",1611,0.7599172083998234,0.5430741133396897,-0.4272583832108552,6.615649357152585,5.37269721456752,-0.23283420276420852,0.025238591565071015
5,48,anchor_constant,5,5,1611,151,"[""0254dc5a8a9734be9062814fc371f77923c602c5c11298065be7efc639ebb59f"",""a82f553f80ba8c9865f21e7220a8630c3956bfa2091460624b77406d7b6e223a"",""d598441fe1e20eda12d74fb07698721405420fd4610a91244b6b08bf174e8c18"",""df68bffa3b0b9aabcb83117062f4ac2f65f52992c2e6ed39c46527a3da3771b6"",""fd8944d28a6765dc3db6a34157159537dc8e30c667e01bc96951d036ecdf86ed""]",1611,0.6482513665269432,0.5238540298237234,-0.038620585172097766,7.018191849688585,4.6216889954871565,-0.38742715116903237,
5,49,source_frozen,5,5,1629,151,"[""0a0c4c2d6b5e8ece7e34e8c1e839227490c2fbbeee8d3bc789d49c0732500686"",""25fa32d950cdf305f8d95defcc6c07b792e2447dc359de123d43ac8ce2009c72"",""a82f553f80ba8c9865f21e7220a8630c3956bfa2091460624b77406d7b6e223a"",""d598441fe1e20eda12d74fb07698721405420fd4610a91244b6b08bf174e8c18"",""fd8944d28a6765dc3db6a34157159537dc8e30c667e01bc96951d036ecdf86ed""]",1629,0.33588824830198716,0.25385591794517015,0.727357717559167,3.7237942878524093,2.3591238828362147,0.6100854270766454,0.8682429403411186
5,49,source_shrinkage_adapter,5,5,1629,151,"[""0a0c4c2d6b5e8ece7e34e8c1e839227490c2fbbeee8d3bc789d49c0732500686"",""25fa32d950cdf305f8d95defcc6c07b792e2447dc359de123d43ac8ce2009c72"",""a82f553f80ba8c9865f21e7220a8630c3956bfa2091460624b77406d7b6e223a"",""d598441fe1e20eda12d74fb07698721405420fd4610a91244b6b08bf174e8c18"",""fd8944d28a6765dc3db6a34157159537dc8e30c667e01bc96951d036ecdf86ed""]",1629,0.3171657132472957,0.24084895700216144,0.7569049841474573,3.3975717511891435,2.2813949299543967,0.6754098187098347,0.8728087020352545
5,49,target_only_ridge,5,5,1629,151,"[""0a0c4c2d6b5e8ece7e34e8c1e839227490c2fbbeee8d3bc789d49c0732500686"",""25fa32d950cdf305f8d95defcc6c07b792e2447dc359de123d43ac8ce2009c72"",""a82f553f80ba8c9865f21e7220a8630c3956bfa2091460624b77406d7b6e223a"",""d598441fe1e20eda12d74fb07698721405420fd4610a91244b6b08bf174e8c18"",""fd8944d28a6765dc3db6a34157159537dc8e30c667e01bc96951d036ecdf86ed""]",1629,0.676819978864506,0.49760376806333,-0.1070058857487064,6.138447022340035,4.479694606981824,-0.05953456294855197,0.08572274787868794
5,49,anchor_constant,5,5,1629,151,"[""0a0c4c2d6b5e8ece7e34e8c1e839227490c2fbbeee8d3bc789d49c0732500686"",""25fa32d950cdf305f8d95defcc6c07b792e2447dc359de123d43ac8ce2009c72"",""a82f553f80ba8c9865f21e7220a8630c3956bfa2091460624b77406d7b6e223a"",""d598441fe1e20eda12d74fb07698721405420fd4610a91244b6b08bf174e8c18"",""fd8944d28a6765dc3db6a34157159537dc8e30c667e01bc96951d036ecdf86ed""]",1629,0.6553184675567255,0.5289657978633359,-0.037787424705038486,7.022095810543795,4.607604567836987,-0.38653745489960056,
5,50,source_frozen,5,5,1629,151,"[""25fa32d950cdf305f8d95defcc6c07b792e2447dc359de123d43ac8ce2009c72"",""2c51081d41a2fe17c6b604272eae1db1a6b127e9f35d5a14c5b5657c8a096877"",""a82f553f80ba8c9865f21e7220a8630c3956bfa2091460624b77406d7b6e223a"",""d598441fe1e20eda12d74fb07698721405420fd4610a91244b6b08bf174e8c18"",""fd8944d28a6765dc3db6a34157159537dc8e30c667e01bc96951d036ecdf86ed""]",1629,0.338143856345551,0.25579453790755197,0.7232068517451998,3.7318874775271147,2.3712642105220785,0.6080594408513693,0.866676137229825
5,50,source_shrinkage_adapter,5,5,1629,151,"[""25fa32d950cdf305f8d95defcc6c07b792e2447dc359de123d43ac8ce2009c72"",""2c51081d41a2fe17c6b604272eae1db1a6b127e9f35d5a14c5b5657c8a096877"",""a82f553f80ba8c9865f21e7220a8630c3956bfa2091460624b77406d7b6e223a"",""d598441fe1e20eda12d74fb07698721405420fd4610a91244b6b08bf174e8c18"",""fd8944d28a6765dc3db6a34157159537dc8e30c667e01bc96951d036ecdf86ed""]",1629,0.3201881377888969,0.24399853402805194,0.7518222690833832,3.391052301377324,2.3237772816345847,0.6763824222585038,0.8711733343540191
5,50,target_only_ridge,5,5,1629,151,"[""25fa32d950cdf305f8d95defcc6c07b792e2447dc359de123d43ac8ce2009c72"",""2c51081d41a2fe17c6b604272eae1db1a6b127e9f35d5a14c5b5657c8a096877"",""a82f553f80ba8c9865f21e7220a8630c3956bfa2091460624b77406d7b6e223a"",""d598441fe1e20eda12d74fb07698721405420fd4610a91244b6b08bf174e8c18"",""fd8944d28a6765dc3db6a34157159537dc8e30c667e01bc96951d036ecdf86ed""]",1629,0.7487154223154046,0.6360583171208466,-0.3570188827420635,7.581093342636767,4.997673127514077,-0.6174349177614904,0.01231494036966436
5,50,anchor_constant,5,5,1629,151,"[""25fa32d950cdf305f8d95defcc6c07b792e2447dc359de123d43ac8ce2009c72"",""2c51081d41a2fe17c6b604272eae1db1a6b127e9f35d5a14c5b5657c8a096877"",""a82f553f80ba8c9865f21e7220a8630c3956bfa2091460624b77406d7b6e223a"",""d598441fe1e20eda12d74fb07698721405420fd4610a91244b6b08bf174e8c18"",""fd8944d28a6765dc3db6a34157159537dc8e30c667e01bc96951d036ecdf86ed""]",1629,0.7033302679845116,0.5905718362229627,-0.19748738899979168,7.407660550997636,4.874546085374621,-0.5442772469132908,
5,51,source_frozen,5,5,1629,151,"[""25fa32d950cdf305f8d95defcc6c07b792e2447dc359de123d43ac8ce2009c72"",""4e9789769a9421967f9a8e10f68f15a7b8ed1a7ff0c7d2cd47616dcf7343ef78"",""a82f553f80ba8c9865f21e7220a8630c3956bfa2091460624b77406d7b6e223a"",""d598441fe1e20eda12d74fb07698721405420fd4610a91244b6b08bf174e8c18"",""fd8944d28a6765dc3db6a34157159537dc8e30c667e01bc96951d036ecdf86ed""]",1629,0.33808367038276993,0.2557304951147027,0.7233003534076241,3.7319706639089945,2.37140837375838,0.6080443929653362,0.8666520860465661
5,51,source_shrinkage_adapter,5,5,1629,151,"[""25fa32d950cdf305f8d95defcc6c07b792e2447dc359de123d43ac8ce2009c72"",""4e9789769a9421967f9a8e10f68f15a7b8ed1a7ff0c7d2cd47616dcf7343ef78"",""a82f553f80ba8c9865f21e7220a8630c3956bfa2091460624b77406d7b6e223a"",""d598441fe1e20eda12d74fb07698721405420fd4610a91244b6b08bf174e8c18"",""fd8944d28a6765dc3db6a34157159537dc8e30c667e01bc96951d036ecdf86ed""]",1629,0.32101956489826594,0.242911270855384,0.7505271900560933,3.410699418403976,2.272074510820269,0.6726236265743708,0.8721763124316495
5,51,target_only_ridge,5,5,1629,151,"[""25fa32d950cdf305f8d95defcc6c07b792e2447dc359de123d43ac8ce2009c72"",""4e9789769a9421967f9a8e10f68f15a7b8ed1a7ff0c7d2cd47616dcf7343ef78"",""a82f553f80ba8c9865f21e7220a8630c3956bfa2091460624b77406d7b6e223a"",""d598441fe1e20eda12d74fb07698721405420fd4610a91244b6b08bf174e8c18"",""fd8944d28a6765dc3db6a34157159537dc8e30c667e01bc96951d036ecdf86ed""]",1629,0.6948266411837662,0.5763987843706917,-0.16872716618535644,7.342820377744747,4.7990865292161855,-0.5173516738937203,-0.04704002020392253
5,51,anchor_constant,5,5,1629,151,"[""25fa32d950cdf305f8d95defcc6c07b792e2447dc359de123d43ac8ce2009c72"",""4e9789769a9421967f9a8e10f68f15a7b8ed1a7ff0c7d2cd47616dcf7343ef78"",""a82f553f80ba8c9865f21e7220a8630c3956bfa2091460624b77406d7b6e223a"",""d598441fe1e20eda12d74fb07698721405420fd4610a91244b6b08bf174e8c18"",""fd8944d28a6765dc3db6a34157159537dc8e30c667e01bc96951d036ecdf86ed""]",1629,0.6968353259356599,0.5831220553936411,-0.175494315459495,7.372036593310539,4.846414820418405,-0.5294504222658567,
5,52,source_frozen,5,5,1621,151,"[""25fa32d950cdf305f8d95defcc6c07b792e2447dc359de123d43ac8ce2009c72"",""a82f553f80ba8c9865f21e7220a8630c3956bfa2091460624b77406d7b6e223a"",""bb0f67a15d295bc044a90f130a0c6bd99c7e918f65d5a83a14ae0a59263d4ed4"",""d598441fe1e20eda12d74fb07698721405420fd4610a91244b6b08bf174e8c18"",""df68bffa3b0b9aabcb83117062f4ac2f65f52992c2e6ed39c46527a3da3771b6""]",1621,0.3352972635728316,0.25409025992636336,0.72381270602679,3.704836697904339,2.3438808708145014,0.6119590667281843,0.8676382247210297
5,52,source_shrinkage_adapter,5,5,1621,151,"[""25fa32d950cdf305f8d95defcc6c07b792e2447dc359de123d43ac8ce2009c72"",""a82f553f80ba8c9865f21e7220a8630c3956bfa2091460624b77406d7b6e223a"",""bb0f67a15d295bc044a90f130a0c6bd99c7e918f65d5a83a14ae0a59263d4ed4"",""d598441fe1e20eda12d74fb07698721405420fd4610a91244b6b08bf174e8c18"",""df68bffa3b0b9aabcb83117062f4ac2f65f52992c2e6ed39c46527a3da3771b6""]",1621,0.33338364194525466,0.25249241407677847,0.7269562436994561,3.559929064067453,2.3047553850448264,0.6417203930389141,0.8680627420683835
5,52,target_only_ridge,5,5,1621,151,"[""25fa32d950cdf305f8d95defcc6c07b792e2447dc359de123d43ac8ce2009c72"",""a82f553f80ba8c9865f21e7220a8630c3956bfa2091460624b77406d7b6e223a"",""bb0f67a15d295bc044a90f130a0c6bd99c7e918f65d5a83a14ae0a59263d4ed4"",""d598441fe1e20eda12d74fb07698721405420fd4610a91244b6b08bf174e8c18"",""df68bffa3b0b9aabcb83117062f4ac2f65f52992c2e6ed39c46527a3da3771b6""]",1621,0.9423845364496704,0.7153221102018489,-1.1817248541836953,10.542898701813563,9.655203903025376,-2.142385543882127,0.10654929821415533
5,52,anchor_constant,5,5,1621,151,"[""25fa32d950cdf305f8d95defcc6c07b792e2447dc359de123d43ac8ce2009c72"",""a82f553f80ba8c9865f21e7220a8630c3956bfa2091460624b77406d7b6e223a"",""bb0f67a15d295bc044a90f130a0c6bd99c7e918f65d5a83a14ae0a59263d4ed4"",""d598441fe1e20eda12d74fb07698721405420fd4610a91244b6b08bf174e8c18"",""df68bffa3b0b9aabcb83117062f4ac2f65f52992c2e6ed39c46527a3da3771b6""]",1621,0.7128829601529804,0.5052250249168441,-0.2484758466920527,5.952423474782369,4.580982595782154,-0.0016754786068899907,
5,53,source_frozen,5,5,1632,151,"[""25fa32d950cdf305f8d95defcc6c07b792e2447dc359de123d43ac8ce2009c72"",""a82f553f80ba8c9865f21e7220a8630c3956bfa2091460624b77406d7b6e223a"",""d598441fe1e20eda12d74fb07698721405420fd4610a91244b6b08bf174e8c18"",""e7906d121be713d87c3b69d238013dc695a408eb5feab030fdf514d58020317f"",""fd8944d28a6765dc3db6a34157159537dc8e30c667e01bc96951d036ecdf86ed""]",1632,0.33775156524752664,0.25541239527024945,0.7240926287218221,3.728873052043582,2.3682424713506953,0.608504182958574,0.8673265752798635
5,53,source_shrinkage_adapter,5,5,1632,151,"[""25fa32d950cdf305f8d95defcc6c07b792e2447dc359de123d43ac8ce2009c72"",""a82f553f80ba8c9865f21e7220a8630c3956bfa2091460624b77406d7b6e223a"",""d598441fe1e20eda12d74fb07698721405420fd4610a91244b6b08bf174e8c18"",""e7906d121be713d87c3b69d238013dc695a408eb5feab030fdf514d58020317f"",""fd8944d28a6765dc3db6a34157159537dc8e30c667e01bc96951d036ecdf86ed""]",1632,0.32002384880921353,0.242712939122356,0.7522958682459402,3.39220596849245,2.2843682909399994,0.676006455108108,0.872559637261296
5,53,target_only_ridge,5,5,1632,151,"[""25fa32d950cdf305f8d95defcc6c07b792e2447dc359de123d43ac8ce2009c72"",""a82f553f80ba8c9865f21e7220a8630c3956bfa2091460624b77406d7b6e223a"",""d598441fe1e20eda12d74fb07698721405420fd4610a91244b6b08bf174e8c18"",""e7906d121be713d87c3b69d238013dc695a408eb5feab030fdf514d58020317f"",""fd8944d28a6765dc3db6a34157159537dc8e30c667e01bc96951d036ecdf86ed""]",1632,0.7475996145202126,0.6341110548758206,-0.35178212795949726,7.572954144229187,4.989254621935506,-0.6147399264849989,0.010044779300246283
5,53,anchor_constant,5,5,1632,151,"[""25fa32d950cdf305f8d95defcc6c07b792e2447dc359de123d43ac8ce2009c72"",""a82f553f80ba8c9865f21e7220a8630c3956bfa2091460624b77406d7b6e223a"",""d598441fe1e20eda12d74fb07698721405420fd4610a91244b6b08bf174e8c18"",""e7906d121be713d87c3b69d238013dc695a408eb5feab030fdf514d58020317f"",""fd8944d28a6765dc3db6a34157159537dc8e30c667e01bc96951d036ecdf86ed""]",1632,0.7102501693640845,0.5984558865404197,-0.2200882779980451,7.438814854990887,4.89947529078941,-0.5580429625605579,
5,54,source_frozen,5,5,1625,151,"[""25fa32d950cdf305f8d95defcc6c07b792e2447dc359de123d43ac8ce2009c72"",""a82f553f80ba8c9865f21e7220a8630c3956bfa2091460624b77406d7b6e223a"",""d598441fe1e20eda12d74fb07698721405420fd4610a91244b6b08bf174e8c18"",""d957706cf1572a1254aa485ad3cb5f853094e69ae7d6ba526a39757a154fee57"",""fd8944d28a6765dc3db6a34157159537dc8e30c667e01bc96951d036ecdf86ed""]",1625,0.3378565602355748,0.2550400387245896,0.7243933977463424,3.7220410580922123,2.3563153193418436,0.610694255990323,0.8676431424925788
5,54,source_shrinkage_adapter,5,5,1625,151,"[""25fa32d950cdf305f8d95defcc6c07b792e2447dc359de123d43ac8ce2009c72"",""a82f553f80ba8c9865f21e7220a8630c3956bfa2091460624b77406d7b6e223a"",""d598441fe1e20eda12d74fb07698721405420fd4610a91244b6b08bf174e8c18"",""d957706cf1572a1254aa485ad3cb5f853094e69ae7d6ba526a39757a154fee57"",""fd8944d28a6765dc3db6a34157159537dc8e30c667e01bc96951d036ecdf86ed""]",1625,0.3193925231932615,0.24194569479387526,0.7536943379840808,3.414695663453615,2.268942549450608,0.6723331557451493,0.8724947470257898
5,54,target_only_ridge,5,5,1625,151,"[""25fa32d950cdf305f8d95defcc6c07b792e2447dc359de123d43ac8ce2009c72"",""a82f553f80ba8c9865f21e7220a8630c3956bfa2091460624b77406d7b6e223a"",""d598441fe1e20eda12d74fb07698721405420fd4610a91244b6b08bf174e8c18"",""d957706cf1572a1254aa485ad3cb5f853094e69ae7d6ba526a39757a154fee57"",""fd8944d28a6765dc3db6a34157159537dc8e30c667e01bc96951d036ecdf86ed""]",1625,0.6804571511659205,0.5010475269852203,-0.11796052756346254,6.2948668160729335,4.4863934105793,-0.11352913418817745,-0.022788347647447155
5,54,anchor_constant,5,5,1625,151,"[""25fa32d950cdf305f8d95defcc6c07b792e2447dc359de123d43ac8ce2009c72"",""a82f553f80ba8c9865f21e7220a8630c3956bfa2091460624b77406d7b6e223a"",""d598441fe1e20eda12d74fb07698721405420fd4610a91244b6b08bf174e8c18"",""d957706cf1572a1254aa485ad3cb5f853094e69ae7d6ba526a39757a154fee57"",""fd8944d28a6765dc3db6a34157159537dc8e30c667e01bc96951d036ecdf86ed""]",1625,0.6589566521741198,0.5340534432433873,-0.048427968348182304,7.0653624139261035,4.625725076135838,-0.4028052409712277,
5,55,source_frozen,5,5,1621,151,"[""25fa32d950cdf305f8d95defcc6c07b792e2447dc359de123d43ac8ce2009c72"",""a82f553f80ba8c9865f21e7220a8630c3956bfa2091460624b77406d7b6e223a"",""d598441fe1e20eda12d74fb07698721405420fd4610a91244b6b08bf174e8c18"",""ed37b1fe513d712f4764d0caf1248d58f40ebf3d7f4b68a5dee5bb79b821d469"",""fd8944d28a6765dc3db6a34157159537dc8e30c667e01bc96951d036ecdf86ed""]",1621,0.338958372619779,0.2567815680001736,0.7227341422833974,3.7404399387144642,2.379914020208578,0.6061478227257334,0.865564434222294
5,55,source_shrinkage_adapter,5,5,1621,151,"[""25fa32d950cdf305f8d95defcc6c07b792e2447dc359de123d43ac8ce2009c72"",""a82f553f80ba8c9865f21e7220a8630c3956bfa2091460624b77406d7b6e223a"",""d598441fe1e20eda12d74fb07698721405420fd4610a91244b6b08bf174e8c18"",""ed37b1fe513d712f4764d0caf1248d58f40ebf3d7f4b68a5dee5bb79b821d469"",""fd8944d28a6765dc3db6a34157159537dc8e30c667e01bc96951d036ecdf86ed""]",1621,0.3202879960831679,0.243655528326605,0.7524374274979838,3.410902924432248,2.3022242955178545,0.6724884666169872,0.8703318783294972
5,55,target_only_ridge,5,5,1621,151,"[""25fa32d950cdf305f8d95defcc6c07b792e2447dc359de123d43ac8ce2009c72"",""a82f553f80ba8c9865f21e7220a8630c3956bfa2091460624b77406d7b6e223a"",""d598441fe1e20eda12d74fb07698721405420fd4610a91244b6b08bf174e8c18"",""ed37b1fe513d712f4764d0caf1248d58f40ebf3d7f4b68a5dee5bb79b821d469"",""fd8944d28a6765dc3db6a34157159537dc8e30c667e01bc96951d036ecdf86ed""]",1621,0.6550198565266909,0.5161166403434814,-0.03541056851644431,6.8552860083172265,4.5110548139746305,-0.3229366156568807,-0.09456424915435989
5,55,anchor_constant,5,5,1621,151,"[""25fa32d950cdf305f8d95defcc6c07b792e2447dc359de123d43ac8ce2009c72"",""a82f553f80ba8c9865f21e7220a8630c3956bfa2091460624b77406d7b6e223a"",""d598441fe1e20eda12d74fb07698721405420fd4610a91244b6b08bf174e8c18"",""ed37b1fe513d712f4764d0caf1248d58f40ebf3d7f4b68a5dee5bb79b821d469"",""fd8944d28a6765dc3db6a34157159537dc8e30c667e01bc96951d036ecdf86ed""]",1621,0.6804013998349152,0.5630472615777546,-0.11720805765506626,7.258352243064967,4.758227420639129,-0.48307788985598443,
5,56,source_frozen,5,5,1632,151,"[""25fa32d950cdf305f8d95defcc6c07b792e2447dc359de123d43ac8ce2009c72"",""8b70aa435045f1d87662997999fe81b2bdcfd5ffbf65e9d75fcd393fb34025e9"",""a82f553f80ba8c9865f21e7220a8630c3956bfa2091460624b77406d7b6e223a"",""d598441fe1e20eda12d74fb07698721405420fd4610a91244b6b08bf174e8c18"",""fd8944d28a6765dc3db6a34157159537dc8e30c667e01bc96951d036ecdf86ed""]",1632,0.33752050145662416,0.25500901585907093,0.7236606681651361,3.7056525182829647,2.349998552669344,0.6102450000885313,0.8669260219379122
5,56,source_shrinkage_adapter,5,5,1632,151,"[""25fa32d950cdf305f8d95defcc6c07b792e2447dc359de123d43ac8ce2009c72"",""8b70aa435045f1d87662997999fe81b2bdcfd5ffbf65e9d75fcd393fb34025e9"",""a82f553f80ba8c9865f21e7220a8630c3956bfa2091460624b77406d7b6e223a"",""d598441fe1e20eda12d74fb07698721405420fd4610a91244b6b08bf174e8c18"",""fd8944d28a6765dc3db6a34157159537dc8e30c667e01bc96951d036ecdf86ed""]",1632,0.3187648343421475,0.2419218086839591,0.753519141907076,3.390550736124835,2.273382103003019,0.6737107206858259,0.8715289950480706
5,56,target_only_ridge,5,5,1632,151,"[""25fa32d950cdf305f8d95defcc6c07b792e2447dc359de123d43ac8ce2009c72"",""8b70aa435045f1d87662997999fe81b2bdcfd5ffbf65e9d75fcd393fb34025e9"",""a82f553f80ba8c9865f21e7220a8630c3956bfa2091460624b77406d7b6e223a"",""d598441fe1e20eda12d74fb07698721405420fd4610a91244b6b08bf174e8c18"",""fd8944d28a6765dc3db6a34157159537dc8e30c667e01bc96951d036ecdf86ed""]",1632,0.7199722333185452,0.5208509506520932,-0.2574012367548226,6.260864248497815,4.885424582562146,-0.1125790661250412,0.08160444354015418
5,56,anchor_constant,5,5,1632,151,"[""25fa32d950cdf305f8d95defcc6c07b792e2447dc359de123d43ac8ce2009c72"",""8b70aa435045f1d87662997999fe81b2bdcfd5ffbf65e9d75fcd393fb34025e9"",""a82f553f80ba8c9865f21e7220a8630c3956bfa2091460624b77406d7b6e223a"",""d598441fe1e20eda12d74fb07698721405420fd4610a91244b6b08bf174e8c18"",""fd8944d28a6765dc3db6a34157159537dc8e30c667e01bc96951d036ecdf86ed""]",1632,0.6517656612332453,0.5238961542029487,-0.0304462406366679,6.951821305686767,4.56194495335521,-0.37170117286377735,
5,57,source_frozen,5,5,1621,151,"[""17ab7e91b1a82b47fb4d816070ebae0f9d73b318fcb752775ff1640c369d83b2"",""25fa32d950cdf305f8d95defcc6c07b792e2447dc359de123d43ac8ce2009c72"",""a82f553f80ba8c9865f21e7220a8630c3956bfa2091460624b77406d7b6e223a"",""d598441fe1e20eda12d74fb07698721405420fd4610a91244b6b08bf174e8c18"",""fd8944d28a6765dc3db6a34157159537dc8e30c667e01bc96951d036ecdf86ed""]",1621,0.3390848951555024,0.25713835707973426,0.7220037429081221,3.740270078358466,2.3795347836851652,0.6064279380253328,0.8654226280815042
5,57,source_shrinkage_adapter,5,5,1621,151,"[""17ab7e91b1a82b47fb4d816070ebae0f9d73b318fcb752775ff1640c369d83b2"",""25fa32d950cdf305f8d95defcc6c07b792e2447dc359de123d43ac8ce2009c72"",""a82f553f80ba8c9865f21e7220a8630c3956bfa2091460624b77406d7b6e223a"",""d598441fe1e20eda12d74fb07698721405420fd4610a91244b6b08bf174e8c18"",""fd8944d28a6765dc3db6a34157159537dc8e30c667e01bc96951d036ecdf86ed""]",1621,0.32113818667145305,0.24523346595377318,0.7506519582333131,3.3969454996106934,2.3368327652328307,0.675364885148402,0.8701471052526736
5,57,target_only_ridge,5,5,1621,151,"[""17ab7e91b1a82b47fb4d816070ebae0f9d73b318fcb752775ff1640c369d83b2"",""25fa32d950cdf305f8d95defcc6c07b792e2447dc359de123d43ac8ce2009c72"",""a82f553f80ba8c9865f21e7220a8630c3956bfa2091460624b77406d7b6e223a"",""d598441fe1e20eda12d74fb07698721405420fd4610a91244b6b08bf174e8c18"",""fd8944d28a6765dc3db6a34157159537dc8e30c667e01bc96951d036ecdf86ed""]",1621,0.6598137954875201,0.5307946690703724,-0.05260358187927938,7.0228417235555,4.5949841370155085,-0.38753548135228444,-0.034418484503722944
5,57,anchor_constant,5,5,1621,151,"[""17ab7e91b1a82b47fb4d816070ebae0f9d73b318fcb752775ff1640c369d83b2"",""25fa32d950cdf305f8d95defcc6c07b792e2447dc359de123d43ac8ce2009c72"",""a82f553f80ba8c9865f21e7220a8630c3956bfa2091460624b77406d7b6e223a"",""d598441fe1e20eda12d74fb07698721405420fd4610a91244b6b08bf174e8c18"",""fd8944d28a6765dc3db6a34157159537dc8e30c667e01bc96951d036ecdf86ed""]",1621,0.6902122140324103,0.5750165860299955,-0.15182722904176815,7.330752535892511,4.812252109498797,-0.5118734996498853,
5,58,source_frozen,5,5,1623,151,"[""25fa32d950cdf305f8d95defcc6c07b792e2447dc359de123d43ac8ce2009c72"",""8e8a889ab6f8581c47b952acb21455e1bc3cf5988212560248ddb2b6eba518ef"",""a82f553f80ba8c9865f21e7220a8630c3956bfa2091460624b77406d7b6e223a"",""d598441fe1e20eda12d74fb07698721405420fd4610a91244b6b08bf174e8c18"",""fd8944d28a6765dc3db6a34157159537dc8e30c667e01bc96951d036ecdf86ed""]",1623,0.33859887264153343,0.25635699528764266,0.7229243412366966,3.7317425102230684,2.371135736108527,0.6058445765267141,0.8655154635967143
5,58,source_shrinkage_adapter,5,5,1623,151,"[""25fa32d950cdf305f8d95defcc6c07b792e2447dc359de123d43ac8ce2009c72"",""8e8a889ab6f8581c47b952acb21455e1bc3cf5988212560248ddb2b6eba518ef"",""a82f553f80ba8c9865f21e7220a8630c3956bfa2091460624b77406d7b6e223a"",""d598441fe1e20eda12d74fb07698721405420fd4610a91244b6b08bf174e8c18"",""fd8944d28a6765dc3db6a34157159537dc8e30c667e01bc96951d036ecdf86ed""]",1623,0.32012886017311637,0.24366927348789577,0.752327940511195,3.4001149143996794,2.3026370981993027,0.6727863913260659,0.8704548662040883
5,58,target_only_ridge,5,5,1623,151,"[""25fa32d950cdf305f8d95defcc6c07b792e2447dc359de123d43ac8ce2009c72"",""8e8a889ab6f8581c47b952acb21455e1bc3cf5988212560248ddb2b6eba518ef"",""a82f553f80ba8c9865f21e7220a8630c3956bfa2091460624b77406d7b6e223a"",""d598441fe1e20eda12d74fb07698721405420fd4610a91244b6b08bf174e8c18"",""fd8944d28a6765dc3db6a34157159537dc8e30c667e01bc96951d036ecdf86ed""]",1623,0.6649349074643972,0.49346022354409425,-0.0685273055681912,6.263389040273497,4.366136333744849,-0.11035778818379449,0.01532619703438506
5,58,anchor_constant,5,5,1623,151,"[""25fa32d950cdf305f8d95defcc6c07b792e2447dc359de123d43ac8ce2009c72"",""8e8a889ab6f8581c47b952acb21455e1bc3cf5988212560248ddb2b6eba518ef"",""a82f553f80ba8c9865f21e7220a8630c3956bfa2091460624b77406d7b6e223a"",""d598441fe1e20eda12d74fb07698721405420fd4610a91244b6b08bf174e8c18"",""fd8944d28a6765dc3db6a34157159537dc8e30c667e01bc96951d036ecdf86ed""]",1623,0.675577609428575,0.5571367182204802,-0.10300594604063451,7.204205764158119,4.71938901197521,-0.46898169486107455,
5,59,source_frozen,5,5,1625,151,"[""25fa32d950cdf305f8d95defcc6c07b792e2447dc359de123d43ac8ce2009c72"",""a82f553f80ba8c9865f21e7220a8630c3956bfa2091460624b77406d7b6e223a"",""b661f55519801041c7d52d0756a3d054d5788762d84098dfb05b2907bae1aa2f"",""d598441fe1e20eda12d74fb07698721405420fd4610a91244b6b08bf174e8c18"",""fd8944d28a6765dc3db6a34157159537dc8e30c667e01bc96951d036ecdf86ed""]",1625,0.3383026875267,0.2557963412849163,0.7238571597887622,3.734728067792436,2.371135489404076,0.6083522558092312,0.8673820808037682
5,59,source_shrinkage_adapter,5,5,1625,151,"[""25fa32d950cdf305f8d95defcc6c07b792e2447dc359de123d43ac8ce2009c72"",""a82f553f80ba8c9865f21e7220a8630c3956bfa2091460624b77406d7b6e223a"",""b661f55519801041c7d52d0756a3d054d5788762d84098dfb05b2907bae1aa2f"",""d598441fe1e20eda12d74fb07698721405420fd4610a91244b6b08bf174e8c18"",""fd8944d28a6765dc3db6a34157159537dc8e30c667e01bc96951d036ecdf86ed""]",1625,0.3212046489134279,0.2431204623747393,0.7510646709604456,3.393530930295037,2.276706790484824,0.6766437332153544,0.872947562455253
5,59,target_only_ridge,5,5,1625,151,"[""25fa32d950cdf305f8d95defcc6c07b792e2447dc359de123d43ac8ce2009c72"",""a82f553f80ba8c9865f21e7220a8630c3956bfa2091460624b77406d7b6e223a"",""b661f55519801041c7d52d0756a3d054d5788762d84098dfb05b2907bae1aa2f"",""d598441fe1e20eda12d74fb07698721405420fd4610a91244b6b08bf174e8c18"",""fd8944d28a6765dc3db6a34157159537dc8e30c667e01bc96951d036ecdf86ed""]",1625,0.7569419046372152,0.6447252078988087,-0.3824454035054121,7.612108886754212,5.023279766364906,-0.6270003348583331,0.01721357569517675
5,59,anchor_constant,5,5,1625,151,"[""25fa32d950cdf305f8d95defcc6c07b792e2447dc359de123d43ac8ce2009c72"",""a82f553f80ba8c9865f21e7220a8630c3956bfa2091460624b77406d7b6e223a"",""b661f55519801041c7d52d0756a3d054d5788762d84098dfb05b2907bae1aa2f"",""d598441fe1e20eda12d74fb07698721405420fd4610a91244b6b08bf174e8c18"",""fd8944d28a6765dc3db6a34157159537dc8e30c667e01bc96951d036ecdf86ed""]",1625,0.7073137076371091,0.5950601097609558,-0.2071105372658908,7.430753120407374,4.8910275338914655,-0.5503984424427311,
5,60,source_frozen,5,5,1626,151,"[""25fa32d950cdf305f8d95defcc6c07b792e2447dc359de123d43ac8ce2009c72"",""2b57c5d3459b2beb073040b9e0b618ae742e0bafe3c8075132c8b7c1e66f4181"",""a82f553f80ba8c9865f21e7220a8630c3956bfa2091460624b77406d7b6e223a"",""d598441fe1e20eda12d74fb07698721405420fd4610a91244b6b08bf174e8c18"",""fd8944d28a6765dc3db6a34157159537dc8e30c667e01bc96951d036ecdf86ed""]",1626,0.3378094819088819,0.255154079292156,0.7233468285160081,3.697123322871266,2.348631165699381,0.6089034007365124,0.8662147485849329
5,60,source_shrinkage_adapter,5,5,1626,151,"[""25fa32d950cdf305f8d95defcc6c07b792e2447dc359de123d43ac8ce2009c72"",""2b57c5d3459b2beb073040b9e0b618ae742e0bafe3c8075132c8b7c1e66f4181"",""a82f553f80ba8c9865f21e7220a8630c3956bfa2091460624b77406d7b6e223a"",""d598441fe1e20eda12d74fb07698721405420fd4610a91244b6b08bf174e8c18"",""fd8944d28a6765dc3db6a34157159537dc8e30c667e01bc96951d036ecdf86ed""]",1626,0.3190340347732176,0.2420388586680294,0.7532449696913114,3.3946785498163896,2.2698171909797282,0.6702737849510755,0.8708338187777556
5,60,target_only_ridge,5,5,1626,151,"[""25fa32d950cdf305f8d95defcc6c07b792e2447dc359de123d43ac8ce2009c72"",""2b57c5d3459b2beb073040b9e0b618ae742e0bafe3c8075132c8b7c1e66f4181"",""a82f553f80ba8c9865f21e7220a8630c3956bfa2091460624b77406d7b6e223a"",""d598441fe1e20eda12d74fb07698721405420fd4610a91244b6b08bf174e8c18"",""fd8944d28a6765dc3db6a34157159537dc8e30c667e01bc96951d036ecdf86ed""]",1626,0.7045706640357035,0.5098502130826799,-0.20348614663342723,6.064883271389005,4.653668556562258,-0.05244899586613383,0.08031169648071314
5,60,anchor_constant,5,5,1626,151,"[""25fa32d950cdf305f8d95defcc6c07b792e2447dc359de123d43ac8ce2009c72"",""2b57c5d3459b2beb073040b9e0b618ae742e0bafe3c8075132c8b7c1e66f4181"",""a82f553f80ba8c9865f21e7220a8630c3956bfa2091460624b77406d7b6e223a"",""d598441fe1e20eda12d74fb07698721405420fd4610a91244b6b08bf174e8c18"",""fd8944d28a6765dc3db6a34157159537dc8e30c667e01bc96951d036ecdf86ed""]",1626,0.6542356489614234,0.5277937333229208,-0.0376727021521821,6.963471832050865,4.576712575228097,-0.3874195547015826,
5,61,source_frozen,5,5,1633,151,"[""20ed6144f1368842e93ecb062d76879db61038158c87b02d1805b3ac1f2c5e22"",""25fa32d950cdf305f8d95defcc6c07b792e2447dc359de123d43ac8ce2009c72"",""a82f553f80ba8c9865f21e7220a8630c3956bfa2091460624b77406d7b6e223a"",""d598441fe1e20eda12d74fb07698721405420fd4610a91244b6b08bf174e8c18"",""fd8944d28a6765dc3db6a34157159537dc8e30c667e01bc96951d036ecdf86ed""]",1633,0.3377452105455159,0.25540150318431476,0.7237875607634574,3.725547012327349,2.3640256509129807,0.608868266508293,0.86710552249695
5,61,source_shrinkage_adapter,5,5,1633,151,"[""20ed6144f1368842e93ecb062d76879db61038158c87b02d1805b3ac1f2c5e22"",""25fa32d950cdf305f8d95defcc6c07b792e2447dc359de123d43ac8ce2009c72"",""a82f553f80ba8c9865f21e7220a8630c3956bfa2091460624b77406d7b6e223a"",""d598441fe1e20eda12d74fb07698721405420fd4610a91244b6b08bf174e8c18"",""fd8944d28a6765dc3db6a34157159537dc8e30c667e01bc96951d036ecdf86ed""]",1633,0.3194059886897388,0.24097631563961672,0.7529692913740557,3.520143097870717,2.2694094549648907,0.6508085564267776,0.8714728754840355
5,61,target_only_ridge,5,5,1633,151,"[""20ed6144f1368842e93ecb062d76879db61038158c87b02d1805b3ac1f2c5e22"",""25fa32d950cdf305f8d95defcc6c07b792e2447dc359de123d43ac8ce2009c72"",""a82f553f80ba8c9865f21e7220a8630c3956bfa2091460624b77406d7b6e223a"",""d598441fe1e20eda12d74fb07698721405420fd4610a91244b6b08bf174e8c18"",""fd8944d28a6765dc3db6a34157159537dc8e30c667e01bc96951d036ecdf86ed""]",1633,0.6552932476249224,0.51680346881418,-0.03976745687271266,6.860717506441909,4.517640492217773,-0.3264229618491774,-0.09432128025626679
5,61,anchor_constant,5,5,1633,151,"[""20ed6144f1368842e93ecb062d76879db61038158c87b02d1805b3ac1f2c5e22"",""25fa32d950cdf305f8d95defcc6c07b792e2447dc359de123d43ac8ce2009c72"",""a82f553f80ba8c9865f21e7220a8630c3956bfa2091460624b77406d7b6e223a"",""d598441fe1e20eda12d74fb07698721405420fd4610a91244b6b08bf174e8c18"",""fd8944d28a6765dc3db6a34157159537dc8e30c667e01bc96951d036ecdf86ed""]",1633,0.6800831310767596,0.5628702542367935,-0.11992474386173324,7.259160462826494,4.758979058892777,-0.48496339988488346,
5,62,source_frozen,5,5,1626,151,"[""25fa32d950cdf305f8d95defcc6c07b792e2447dc359de123d43ac8ce2009c72"",""a82f553f80ba8c9865f21e7220a8630c3956bfa2091460624b77406d7b6e223a"",""a87885910a9d409d5b73594ca4e8404bf6522c1ff36103f3b50591de4d556aaa"",""d598441fe1e20eda12d74fb07698721405420fd4610a91244b6b08bf174e8c18"",""fd8944d28a6765dc3db6a34157159537dc8e30c667e01bc96951d036ecdf86ed""]",1626,0.3378104169088224,0.2551546703583999,0.7233452970548104,3.697138754877187,2.348633141849829,0.6089001358101875,0.8662179586893769
5,62,source_shrinkage_adapter,5,5,1626,151,"[""25fa32d950cdf305f8d95defcc6c07b792e2447dc359de123d43ac8ce2009c72"",""a82f553f80ba8c9865f21e7220a8630c3956bfa2091460624b77406d7b6e223a"",""a87885910a9d409d5b73594ca4e8404bf6522c1ff36103f3b50591de4d556aaa"",""d598441fe1e20eda12d74fb07698721405420fd4610a91244b6b08bf174e8c18"",""fd8944d28a6765dc3db6a34157159537dc8e30c667e01bc96951d036ecdf86ed""]",1626,0.31903404859528994,0.24203971195642185,0.753244948310107,3.3946802076336104,2.269840152818828,0.6702734629023613,0.8708251863888468
5,62,target_only_ridge,5,5,1626,151,"[""25fa32d950cdf305f8d95defcc6c07b792e2447dc359de123d43ac8ce2009c72"",""a82f553f80ba8c9865f21e7220a8630c3956bfa2091460624b77406d7b6e223a"",""a87885910a9d409d5b73594ca4e8404bf6522c1ff36103f3b50591de4d556aaa"",""d598441fe1e20eda12d74fb07698721405420fd4610a91244b6b08bf174e8c18"",""fd8944d28a6765dc3db6a34157159537dc8e30c667e01bc96951d036ecdf86ed""]",1626,0.7046229334879236,0.509876960625051,-0.20366471749427606,6.065007009225094,4.654092617413348,-0.05249194115757372,0.0802704827366673
5,62,anchor_constant,5,5,1626,151,"[""25fa32d950cdf305f8d95defcc6c07b792e2447dc359de123d43ac8ce2009c72"",""a82f553f80ba8c9865f21e7220a8630c3956bfa2091460624b77406d7b6e223a"",""a87885910a9d409d5b73594ca4e8404bf6522c1ff36103f3b50591de4d556aaa"",""d598441fe1e20eda12d74fb07698721405420fd4610a91244b6b08bf174e8c18"",""fd8944d28a6765dc3db6a34157159537dc8e30c667e01bc96951d036ecdf86ed""]",1626,0.6542356489614234,0.5277937333229208,-0.0376727021521821,6.963471832050864,4.576712575228097,-0.3874195547015824,
5,63,source_frozen,5,5,1629,151,"[""25fa32d950cdf305f8d95defcc6c07b792e2447dc359de123d43ac8ce2009c72"",""5abace9e267ae282b47544029d874fd0ec8d5e459da02f766d0f2d20cea89504"",""a82f553f80ba8c9865f21e7220a8630c3956bfa2091460624b77406d7b6e223a"",""d598441fe1e20eda12d74fb07698721405420fd4610a91244b6b08bf174e8c18"",""fd8944d28a6765dc3db6a34157159537dc8e30c667e01bc96951d036ecdf86ed""]",1629,0.3381657924606506,0.2558020420260076,0.7232655977468183,3.7266140099207257,2.365642352710382,0.6074830649629865,0.8661688298973954
5,63,source_shrinkage_adapter,5,5,1629,151,"[""25fa32d950cdf305f8d95defcc6c07b792e2447dc359de123d43ac8ce2009c72"",""5abace9e267ae282b47544029d874fd0ec8d5e459da02f766d0f2d20cea89504"",""a82f553f80ba8c9865f21e7220a8630c3956bfa2091460624b77406d7b6e223a"",""d598441fe1e20eda12d74fb07698721405420fd4610a91244b6b08bf174e8c18"",""fd8944d28a6765dc3db6a34157159537dc8e30c667e01bc96951d036ecdf86ed""]",1629,0.32020992123274733,0.24323363580477697,0.7518733731991987,3.396702607875515,2.2880579180447174,0.6739046366981101,0.8713921998566171
5,63,target_only_ridge,5,5,1629,151,"[""25fa32d950cdf305f8d95defcc6c07b792e2447dc359de123d43ac8ce2009c72"",""5abace9e267ae282b47544029d874fd0ec8d5e459da02f766d0f2d20cea89504"",""a82f553f80ba8c9865f21e7220a8630c3956bfa2091460624b77406d7b6e223a"",""d598441fe1e20eda12d74fb07698721405420fd4610a91244b6b08bf174e8c18"",""fd8944d28a6765dc3db6a34157159537dc8e30c667e01bc96951d036ecdf86ed""]",1629,0.6449768312178676,0.4967224515636981,-0.006681372233453109,6.539017851703939,4.382672968145536,-0.2085221658793326,0.06710067766707267
5,63,anchor_constant,5,5,1629,151,"[""25fa32d950cdf305f8d95defcc6c07b792e2447dc359de123d43ac8ce2009c72"",""5abace9e267ae282b47544029d874fd0ec8d5e459da02f766d0f2d20cea89504"",""a82f553f80ba8c9865f21e7220a8630c3956bfa2091460624b77406d7b6e223a"",""d598441fe1e20eda12d74fb07698721405420fd4610a91244b6b08bf174e8c18"",""fd8944d28a6765dc3db6a34157159537dc8e30c667e01bc96951d036ecdf86ed""]",1629,0.6677797354610963,0.5470037334344854,-0.07912132640180003,7.148003507474039,4.683178237507514,-0.4441060525921996,
5,64,source_frozen,5,5,1629,151,"[""25fa32d950cdf305f8d95defcc6c07b792e2447dc359de123d43ac8ce2009c72"",""8f7c9b46a10746c107abdbdf86a359b8b116f858a81ef9d9e45d95541176976d"",""a82f553f80ba8c9865f21e7220a8630c3956bfa2091460624b77406d7b6e223a"",""d598441fe1e20eda12d74fb07698721405420fd4610a91244b6b08bf174e8c18"",""fd8944d28a6765dc3db6a34157159537dc8e30c667e01bc96951d036ecdf86ed""]",1629,0.3379962304038448,0.2555491204223415,0.7235221088189446,3.731716903714363,2.370765579146878,0.6081829545631412,0.8664570920714735
5,64,source_shrinkage_adapter,5,5,1629,151,"[""25fa32d950cdf305f8d95defcc6c07b792e2447dc359de123d43ac8ce2009c72"",""8f7c9b46a10746c107abdbdf86a359b8b116f858a81ef9d9e45d95541176976d"",""a82f553f80ba8c9865f21e7220a8630c3956bfa2091460624b77406d7b6e223a"",""d598441fe1e20eda12d74fb07698721405420fd4610a91244b6b08bf174e8c18"",""fd8944d28a6765dc3db6a34157159537dc8e30c667e01bc96951d036ecdf86ed""]",1629,0.31955516059184874,0.24311082719905186,0.7528683516982223,3.39358104158944,2.309844588144654,0.6759721077438019,0.8711551667290307
5,64,target_only_ridge,5,5,1629,151,"[""25fa32d950cdf305f8d95defcc6c07b792e2447dc359de123d43ac8ce2009c72"",""8f7c9b46a10746c107abdbdf86a359b8b116f858a81ef9d9e45d95541176976d"",""a82f553f80ba8c9865f21e7220a8630c3956bfa2091460624b77406d7b6e223a"",""d598441fe1e20eda12d74fb07698721405420fd4610a91244b6b08bf174e8c18"",""fd8944d28a6765dc3db6a34157159537dc8e30c667e01bc96951d036ecdf86ed""]",1629,0.6462197680057257,0.49612827203679755,-0.010641605202547977,6.527963380995348,4.395063548045702,-0.19900602369139686,0.0541186085368504
5,64,anchor_constant,5,5,1629,151,"[""25fa32d950cdf305f8d95defcc6c07b792e2447dc359de123d43ac8ce2009c72"",""8f7c9b46a10746c107abdbdf86a359b8b116f858a81ef9d9e45d95541176976d"",""a82f553f80ba8c9865f21e7220a8630c3956bfa2091460624b77406d7b6e223a"",""d598441fe1e20eda12d74fb07698721405420fd4610a91244b6b08bf174e8c18"",""fd8944d28a6765dc3db6a34157159537dc8e30c667e01bc96951d036ecdf86ed""]",1629,0.6656159135931934,0.5438363715256898,-0.07222045455503157,7.147555672067383,4.688284635909118,-0.4374112492755122,
5,65,source_frozen,5,5,1619,151,"[""25fa32d950cdf305f8d95defcc6c07b792e2447dc359de123d43ac8ce2009c72"",""84152c546b99712a964dfb49fc3947fb54da4d3dc8e6ac8667a390d197206d5f"",""a82f553f80ba8c9865f21e7220a8630c3956bfa2091460624b77406d7b6e223a"",""d598441fe1e20eda12d74fb07698721405420fd4610a91244b6b08bf174e8c18"",""fd8944d28a6765dc3db6a34157159537dc8e30c667e01bc96951d036ecdf86ed""]",1619,0.33653012662368187,0.2548221921891813,0.7230920043799203,3.7424242401540195,2.3810814689793003,0.6067417115313323,0.8660676844891139
5,65,source_shrinkage_adapter,5,5,1619,151,"[""25fa32d950cdf305f8d95defcc6c07b792e2447dc359de123d43ac8ce2009c72"",""84152c546b99712a964dfb49fc3947fb54da4d3dc8e6ac8667a390d197206d5f"",""a82f553f80ba8c9865f21e7220a8630c3956bfa2091460624b77406d7b6e223a"",""d598441fe1e20eda12d74fb07698721405420fd4610a91244b6b08bf174e8c18"",""fd8944d28a6765dc3db6a34157159537dc8e30c667e01bc96951d036ecdf86ed""]",1619,0.3189752699267132,0.24255643466334842,0.7512279268265041,3.387722241198743,2.3092121671581776,0.6777540701935172,0.8714130990568414
5,65,target_only_ridge,5,5,1619,151,"[""25fa32d950cdf305f8d95defcc6c07b792e2447dc359de123d43ac8ce2009c72"",""84152c546b99712a964dfb49fc3947fb54da4d3dc8e6ac8667a390d197206d5f"",""a82f553f80ba8c9865f21e7220a8630c3956bfa2091460624b77406d7b6e223a"",""d598441fe1e20eda12d74fb07698721405420fd4610a91244b6b08bf174e8c18"",""fd8944d28a6765dc3db6a34157159537dc8e30c667e01bc96951d036ecdf86ed""]",1619,0.7592425773539822,0.6471340345709017,-0.40944686429967114,7.634937420039539,5.047731124713685,-0.6367517474045066,0.020353915888674728
5,65,anchor_constant,5,5,1619,151,"[""25fa32d950cdf305f8d95defcc6c07b792e2447dc359de123d43ac8ce2009c72"",""84152c546b99712a964dfb49fc3947fb54da4d3dc8e6ac8667a390d197206d5f"",""a82f553f80ba8c9865f21e7220a8630c3956bfa2091460624b77406d7b6e223a"",""d598441fe1e20eda12d74fb07698721405420fd4610a91244b6b08bf174e8c18"",""fd8944d28a6765dc3db6a34157159537dc8e30c667e01bc96951d036ecdf86ed""]",1619,0.711532908587923,0.5998949834216464,-0.2378772471088404,7.472275675165346,4.926354283003364,-0.5677529324703643,
5,66,source_frozen,5,5,1616,151,"[""5e115fdfe7b0499dedf18564b4baad3cb329231dc8d513544bb364f98151136b"",""a82f553f80ba8c9865f21e7220a8630c3956bfa2091460624b77406d7b6e223a"",""d598441fe1e20eda12d74fb07698721405420fd4610a91244b6b08bf174e8c18"",""df68bffa3b0b9aabcb83117062f4ac2f65f52992c2e6ed39c46527a3da3771b6"",""fd8944d28a6765dc3db6a34157159537dc8e30c667e01bc96951d036ecdf86ed""]",1616,0.3325669069154457,0.25365769597929405,0.7235795555524126,3.7489301444826792,2.3877677646437787,0.6026192418904581,0.8645360619070461
5,66,source_shrinkage_adapter,5,5,1616,151,"[""5e115fdfe7b0499dedf18564b4baad3cb329231dc8d513544bb364f98151136b"",""a82f553f80ba8c9865f21e7220a8630c3956bfa2091460624b77406d7b6e223a"",""d598441fe1e20eda12d74fb07698721405420fd4610a91244b6b08bf174e8c18"",""df68bffa3b0b9aabcb83117062f4ac2f65f52992c2e6ed39c46527a3da3771b6"",""fd8944d28a6765dc3db6a34157159537dc8e30c667e01bc96951d036ecdf86ed""]",1616,0.33640447750018143,0.25792650469665307,0.7171633832813445,3.6197683724752054,2.37522616326593,0.6295294415823298,0.8630479856465889
5,66,target_only_ridge,5,5,1616,151,"[""5e115fdfe7b0499dedf18564b4baad3cb329231dc8d513544bb364f98151136b"",""a82f553f80ba8c9865f21e7220a8630c3956bfa2091460624b77406d7b6e223a"",""d598441fe1e20eda12d74fb07698721405420fd4610a91244b6b08bf174e8c18"",""df68bffa3b0b9aabcb83117062f4ac2f65f52992c2e6ed39c46527a3da3771b6"",""fd8944d28a6765dc3db6a34157159537dc8e30c667e01bc96951d036ecdf86ed""]",1616,0.7197350022678111,0.5154405644797585,-0.2946648174915496,6.28512908220556,4.863815527086965,-0.11691607335713172,0.010244757399990308
5,66,anchor_constant,5,5,1616,151,"[""5e115fdfe7b0499dedf18564b4baad3cb329231dc8d513544bb364f98151136b"",""a82f553f80ba8c9865f21e7220a8630c3956bfa2091460624b77406d7b6e223a"",""d598441fe1e20eda12d74fb07698721405420fd4610a91244b6b08bf174e8c18"",""df68bffa3b0b9aabcb83117062f4ac2f65f52992c2e6ed39c46527a3da3771b6"",""fd8944d28a6765dc3db6a34157159537dc8e30c667e01bc96951d036ecdf86ed""]",1616,0.6472433563177314,0.5246269525727962,-0.04700149308807311,7.031398653426849,4.621601731376855,-0.3978983128375235,
5,67,source_frozen,5,5,1630,151,"[""25fa32d950cdf305f8d95defcc6c07b792e2447dc359de123d43ac8ce2009c72"",""a82f553f80ba8c9865f21e7220a8630c3956bfa2091460624b77406d7b6e223a"",""c421b8bf4601e77a21b0b6e899e6c3c1451760a254d34ba4fe22a72599508727"",""d598441fe1e20eda12d74fb07698721405420fd4610a91244b6b08bf174e8c18"",""fd8944d28a6765dc3db6a34157159537dc8e30c667e01bc96951d036ecdf86ed""]",1630,0.3380188003840584,0.255728660349471,0.7237386508052643,3.73085533127395,2.3703981588090275,0.6082757134976027,0.8666731247957248
5,67,source_shrinkage_adapter,5,5,1630,151,"[""25fa32d950cdf305f8d95defcc6c07b792e2447dc359de123d43ac8ce2009c72"",""a82f553f80ba8c9865f21e7220a8630c3956bfa2091460624b77406d7b6e223a"",""c421b8bf4601e77a21b0b6e899e6c3c1451760a254d34ba4fe22a72599508727"",""d598441fe1e20eda12d74fb07698721405420fd4610a91244b6b08bf174e8c18"",""fd8944d28a6765dc3db6a34157159537dc8e30c667e01bc96951d036ecdf86ed""]",1630,0.3229698743119075,0.24638190445639946,0.7477899169069673,3.379303472247095,2.3548476997207257,0.6786205751198764,0.8723144002561135
5,67,target_only_ridge,5,5,1630,151,"[""25fa32d950cdf305f8d95defcc6c07b792e2447dc359de123d43ac8ce2009c72"",""a82f553f80ba8c9865f21e7220a8630c3956bfa2091460624b77406d7b6e223a"",""c421b8bf4601e77a21b0b6e899e6c3c1451760a254d34ba4fe22a72599508727"",""d598441fe1e20eda12d74fb07698721405420fd4610a91244b6b08bf174e8c18"",""fd8944d28a6765dc3db6a34157159537dc8e30c667e01bc96951d036ecdf86ed""]",1630,0.6590195723175635,0.5204596791424321,-0.05011059951282126,6.9032321541832715,4.535949326991694,-0.34112308398890145,-0.12100596541767242
5,67,anchor_constant,5,5,1630,151,"[""25fa32d950cdf305f8d95defcc6c07b792e2447dc359de123d43ac8ce2009c72"",""a82f553f80ba8c9865f21e7220a8630c3956bfa2091460624b77406d7b6e223a"",""c421b8bf4601e77a21b0b6e899e6c3c1451760a254d34ba4fe22a72599508727"",""d598441fe1e20eda12d74fb07698721405420fd4610a91244b6b08bf174e8c18"",""fd8944d28a6765dc3db6a34157159537dc8e30c667e01bc96951d036ecdf86ed""]",1630,0.6805372833422837,0.5634315318305685,-0.1198046392093497,7.264949503751766,4.764106884197104,-0.4853502721417349,
5,68,source_frozen,5,5,1622,151,"[""95685e0f650baf4eb76d5ddb4f02c07439294966ff6185fbc966ec43d6c6b3bb"",""a82f553f80ba8c9865f21e7220a8630c3956bfa2091460624b77406d7b6e223a"",""d598441fe1e20eda12d74fb07698721405420fd4610a91244b6b08bf174e8c18"",""df68bffa3b0b9aabcb83117062f4ac2f65f52992c2e6ed39c46527a3da3771b6"",""fd8944d28a6765dc3db6a34157159537dc8e30c667e01bc96951d036ecdf86ed""]",1622,0.3315839708783173,0.2524033628773411,0.7271753776317338,3.737890892408669,2.3722818314720224,0.604859864084296,0.8669483101762411
5,68,source_shrinkage_adapter,5,5,1622,151,"[""95685e0f650baf4eb76d5ddb4f02c07439294966ff6185fbc966ec43d6c6b3bb"",""a82f553f80ba8c9865f21e7220a8630c3956bfa2091460624b77406d7b6e223a"",""d598441fe1e20eda12d74fb07698721405420fd4610a91244b6b08bf174e8c18"",""df68bffa3b0b9aabcb83117062f4ac2f65f52992c2e6ed39c46527a3da3771b6"",""fd8944d28a6765dc3db6a34157159537dc8e30c667e01bc96951d036ecdf86ed""]",1622,0.34035302232920106,0.2614380538590344,0.7125543574571309,3.7186173085125045,2.4005375155115716,0.6089242588433952,0.8636002514223767
5,68,target_only_ridge,5,5,1622,151,"[""95685e0f650baf4eb76d5ddb4f02c07439294966ff6185fbc966ec43d6c6b3bb"",""a82f553f80ba8c9865f21e7220a8630c3956bfa2091460624b77406d7b6e223a"",""d598441fe1e20eda12d74fb07698721405420fd4610a91244b6b08bf174e8c18"",""df68bffa3b0b9aabcb83117062f4ac2f65f52992c2e6ed39c46527a3da3771b6"",""fd8944d28a6765dc3db6a34157159537dc8e30c667e01bc96951d036ecdf86ed""]",1622,0.6781679398802489,0.49978897775255604,-0.1412243148778347,6.250390031242214,4.570051369850952,-0.10487244219654368,0.0778090763726133
5,68,anchor_constant,5,5,1622,151,"[""95685e0f650baf4eb76d5ddb4f02c07439294966ff6185fbc966ec43d6c6b3bb"",""a82f553f80ba8c9865f21e7220a8630c3956bfa2091460624b77406d7b6e223a"",""d598441fe1e20eda12d74fb07698721405420fd4610a91244b6b08bf174e8c18"",""df68bffa3b0b9aabcb83117062f4ac2f65f52992c2e6ed39c46527a3da3771b6"",""fd8944d28a6765dc3db6a34157159537dc8e30c667e01bc96951d036ecdf86ed""]",1622,0.6715974449753207,0.5560307196133986,-0.11921771862483888,7.24214714384515,4.7592031766504785,-0.48331228318763064,
5,69,source_frozen,5,5,1629,151,"[""25fa32d950cdf305f8d95defcc6c07b792e2447dc359de123d43ac8ce2009c72"",""4e9789769a9421967f9a8e10f68f15a7b8ed1a7ff0c7d2cd47616dcf7343ef78"",""a82f553f80ba8c9865f21e7220a8630c3956bfa2091460624b77406d7b6e223a"",""d598441fe1e20eda12d74fb07698721405420fd4610a91244b6b08bf174e8c18"",""fd8944d28a6765dc3db6a34157159537dc8e30c667e01bc96951d036ecdf86ed""]",1629,0.33808367038276993,0.2557304951147027,0.7233003534076241,3.7319706639089945,2.37140837375838,0.6080443929653362,0.8666520860465661
5,69,source_shrinkage_adapter,5,5,1629,151,"[""25fa32d950cdf305f8d95defcc6c07b792e2447dc359de123d43ac8ce2009c72"",""4e9789769a9421967f9a8e10f68f15a7b8ed1a7ff0c7d2cd47616dcf7343ef78"",""a82f553f80ba8c9865f21e7220a8630c3956bfa2091460624b77406d7b6e223a"",""d598441fe1e20eda12d74fb07698721405420fd4610a91244b6b08bf174e8c18"",""fd8944d28a6765dc3db6a34157159537dc8e30c667e01bc96951d036ecdf86ed""]",1629,0.32101956489826594,0.242911270855384,0.7505271900560933,3.410699418403976,2.272074510820269,0.6726236265743708,0.8721763124316495
5,69,target_only_ridge,5,5,1629,151,"[""25fa32d950cdf305f8d95defcc6c07b792e2447dc359de123d43ac8ce2009c72"",""4e9789769a9421967f9a8e10f68f15a7b8ed1a7ff0c7d2cd47616dcf7343ef78"",""a82f553f80ba8c9865f21e7220a8630c3956bfa2091460624b77406d7b6e223a"",""d598441fe1e20eda12d74fb07698721405420fd4610a91244b6b08bf174e8c18"",""fd8944d28a6765dc3db6a34157159537dc8e30c667e01bc96951d036ecdf86ed""]",1629,0.6948266411837662,0.5763987843706917,-0.16872716618535644,7.342820377744747,4.7990865292161855,-0.5173516738937203,-0.04704002020392253
5,69,anchor_constant,5,5,1629,151,"[""25fa32d950cdf305f8d95defcc6c07b792e2447dc359de123d43ac8ce2009c72"",""4e9789769a9421967f9a8e10f68f15a7b8ed1a7ff0c7d2cd47616dcf7343ef78"",""a82f553f80ba8c9865f21e7220a8630c3956bfa2091460624b77406d7b6e223a"",""d598441fe1e20eda12d74fb07698721405420fd4610a91244b6b08bf174e8c18"",""fd8944d28a6765dc3db6a34157159537dc8e30c667e01bc96951d036ecdf86ed""]",1629,0.6968353259356599,0.5831220553936411,-0.175494315459495,7.372036593310539,4.846414820418405,-0.5294504222658567,
5,70,source_frozen,5,5,1621,151,"[""25fa32d950cdf305f8d95defcc6c07b792e2447dc359de123d43ac8ce2009c72"",""a82f553f80ba8c9865f21e7220a8630c3956bfa2091460624b77406d7b6e223a"",""c06e58524bb4306fb9a63db910f51fcd11de2d2f673354ee5379f1a1c6cd8123"",""d598441fe1e20eda12d74fb07698721405420fd4610a91244b6b08bf174e8c18"",""fd8944d28a6765dc3db6a34157159537dc8e30c667e01bc96951d036ecdf86ed""]",1621,0.3357836474342249,0.2538351834720968,0.7243518299144303,3.737320583486071,2.3724524835789986,0.6076448855906463,0.8671078750305221
5,70,source_shrinkage_adapter,5,5,1621,151,"[""25fa32d950cdf305f8d95defcc6c07b792e2447dc359de123d43ac8ce2009c72"",""a82f553f80ba8c9865f21e7220a8630c3956bfa2091460624b77406d7b6e223a"",""c06e58524bb4306fb9a63db910f51fcd11de2d2f673354ee5379f1a1c6cd8123"",""d598441fe1e20eda12d74fb07698721405420fd4610a91244b6b08bf174e8c18"",""fd8944d28a6765dc3db6a34157159537dc8e30c667e01bc96951d036ecdf86ed""]",1621,0.318294659098515,0.24173352759075087,0.7523178369500152,3.3806820666755963,2.30277070617984,0.678953993418762,0.872359296081934
5,70,target_only_ridge,5,5,1621,151,"[""25fa32d950cdf305f8d95defcc6c07b792e2447dc359de123d43ac8ce2009c72"",""a82f553f80ba8c9865f21e7220a8630c3956bfa2091460624b77406d7b6e223a"",""c06e58524bb4306fb9a63db910f51fcd11de2d2f673354ee5379f1a1c6cd8123"",""d598441fe1e20eda12d74fb07698721405420fd4610a91244b6b08bf174e8c18"",""fd8944d28a6765dc3db6a34157159537dc8e30c667e01bc96951d036ecdf86ed""]",1621,0.8417260438903034,0.7306018754086475,-0.7321183353312324,7.8318683845697565,5.240529352658109,-0.723016250561308,0.09294498275391763
5,70,anchor_constant,5,5,1621,151,"[""25fa32d950cdf305f8d95defcc6c07b792e2447dc359de123d43ac8ce2009c72"",""a82f553f80ba8c9865f21e7220a8630c3956bfa2091460624b77406d7b6e223a"",""c06e58524bb4306fb9a63db910f51fcd11de2d2f673354ee5379f1a1c6cd8123"",""d598441fe1e20eda12d74fb07698721405420fd4610a91244b6b08bf174e8c18"",""fd8944d28a6765dc3db6a34157159537dc8e30c667e01bc96951d036ecdf86ed""]",1621,0.7277805801007322,0.6174344047777528,-0.2949021582969271,7.540270024646755,4.982272441761041,-0.5971011038998728,
5,71,source_frozen,5,5,1627,151,"[""25fa32d950cdf305f8d95defcc6c07b792e2447dc359de123d43ac8ce2009c72"",""8d3c5154624eddd1aae5bedcef128a44858542b736adfd197b8ea34defc696bb"",""a82f553f80ba8c9865f21e7220a8630c3956bfa2091460624b77406d7b6e223a"",""d598441fe1e20eda12d74fb07698721405420fd4610a91244b6b08bf174e8c18"",""fd8944d28a6765dc3db6a34157159537dc8e30c667e01bc96951d036ecdf86ed""]",1627,0.33796482865754424,0.2553709736786227,0.7235855121316296,3.7267512534821603,2.364325933440818,0.6085184163692854,0.8664969076672037
5,71,source_shrinkage_adapter,5,5,1627,151,"[""25fa32d950cdf305f8d95defcc6c07b792e2447dc359de123d43ac8ce2009c72"",""8d3c5154624eddd1aae5bedcef128a44858542b736adfd197b8ea34defc696bb"",""a82f553f80ba8c9865f21e7220a8630c3956bfa2091460624b77406d7b6e223a"",""d598441fe1e20eda12d74fb07698721405420fd4610a91244b6b08bf174e8c18"",""fd8944d28a6765dc3db6a34157159537dc8e30c667e01bc96951d036ecdf86ed""]",1627,0.3194371069020665,0.24260889887271495,0.7530616641543205,3.395930430399027,2.2945359681840385,0.6749365852054148,0.8713283576810638
5,71,target_only_ridge,5,5,1627,151,"[""25fa32d950cdf305f8d95defcc6c07b792e2447dc359de123d43ac8ce2009c72"",""8d3c5154624eddd1aae5bedcef128a44858542b736adfd197b8ea34defc696bb"",""a82f553f80ba8c9865f21e7220a8630c3956bfa2091460624b77406d7b6e223a"",""d598441fe1e20eda12d74fb07698721405420fd4610a91244b6b08bf174e8c18"",""fd8944d28a6765dc3db6a34157159537dc8e30c667e01bc96951d036ecdf86ed""]",1627,0.647517454101216,0.49138045039177064,-0.01466048689359667,6.387754676126322,4.359057774660457,-0.15013013090508043,0.08384596284629096
5,71,anchor_constant,5,5,1627,151,"[""25fa32d950cdf305f8d95defcc6c07b792e2447dc359de123d43ac8ce2009c72"",""8d3c5154624eddd1aae5bedcef128a44858542b736adfd197b8ea34defc696bb"",""a82f553f80ba8c9865f21e7220a8630c3956bfa2091460624b77406d7b6e223a"",""d598441fe1e20eda12d74fb07698721405420fd4610a91244b6b08bf174e8c18"",""fd8944d28a6765dc3db6a34157159537dc8e30c667e01bc96951d036ecdf86ed""]",1627,0.6615385485110696,0.538116918168846,-0.05907837741993016,7.096210482230868,4.65102026919171,-0.419395753152777,
5,72,source_frozen,5,5,1627,151,"[""25fa32d950cdf305f8d95defcc6c07b792e2447dc359de123d43ac8ce2009c72"",""462b45e3bfe8a0b3baf3cd22cd9897b38e91b280fcff0ceaa5eec25306465210"",""a82f553f80ba8c9865f21e7220a8630c3956bfa2091460624b77406d7b6e223a"",""d598441fe1e20eda12d74fb07698721405420fd4610a91244b6b08bf174e8c18"",""fd8944d28a6765dc3db6a34157159537dc8e30c667e01bc96951d036ecdf86ed""]",1627,0.338284787158157,0.2559009101373696,0.7235662387936874,3.7322609214672604,2.368530914806251,0.608345883438606,0.8670378340348605
5,72,source_shrinkage_adapter,5,5,1627,151,"[""25fa32d950cdf305f8d95defcc6c07b792e2447dc359de123d43ac8ce2009c72"",""462b45e3bfe8a0b3baf3cd22cd9897b38e91b280fcff0ceaa5eec25306465210"",""a82f553f80ba8c9865f21e7220a8630c3956bfa2091460624b77406d7b6e223a"",""d598441fe1e20eda12d74fb07698721405420fd4610a91244b6b08bf174e8c18"",""fd8944d28a6765dc3db6a34157159537dc8e30c667e01bc96951d036ecdf86ed""]",1627,0.31999364547184384,0.2435030817390596,0.7526517423818255,3.3892521425027136,2.307516395366072,0.677026820412127,0.8716190929280128
5,72,target_only_ridge,5,5,1627,151,"[""25fa32d950cdf305f8d95defcc6c07b792e2447dc359de123d43ac8ce2009c72"",""462b45e3bfe8a0b3baf3cd22cd9897b38e91b280fcff0ceaa5eec25306465210"",""a82f553f80ba8c9865f21e7220a8630c3956bfa2091460624b77406d7b6e223a"",""d598441fe1e20eda12d74fb07698721405420fd4610a91244b6b08bf174e8c18"",""fd8944d28a6765dc3db6a34157159537dc8e30c667e01bc96951d036ecdf86ed""]",1627,0.6968492833887764,0.5788278164473335,-0.1730158025531181,7.345512183821574,4.800018546064948,-0.5170603836542891,-0.046851776782049326
5,72,anchor_constant,5,5,1627,151,"[""25fa32d950cdf305f8d95defcc6c07b792e2447dc359de123d43ac8ce2009c72"",""462b45e3bfe8a0b3baf3cd22cd9897b38e91b280fcff0ceaa5eec25306465210"",""a82f553f80ba8c9865f21e7220a8630c3956bfa2091460624b77406d7b6e223a"",""d598441fe1e20eda12d74fb07698721405420fd4610a91244b6b08bf174e8c18"",""fd8944d28a6765dc3db6a34157159537dc8e30c667e01bc96951d036ecdf86ed""]",1627,0.6980695192905918,0.5845691512907659,-0.17712747845271304,7.374278852775259,4.842954435921701,-0.5289659461968681,
5,73,source_frozen,5,5,1626,151,"[""25fa32d950cdf305f8d95defcc6c07b792e2447dc359de123d43ac8ce2009c72"",""8e2b58f9a7ceb84535cb454ac9a2ffa13684e92533eb23829b606481144fb146"",""a82f553f80ba8c9865f21e7220a8630c3956bfa2091460624b77406d7b6e223a"",""d598441fe1e20eda12d74fb07698721405420fd4610a91244b6b08bf174e8c18"",""fd8944d28a6765dc3db6a34157159537dc8e30c667e01bc96951d036ecdf86ed""]",1626,0.33732541848240183,0.2545696889346297,0.7244451561042421,3.6867207597938942,2.3391468807444054,0.6129826781684056,0.8675453923952376
5,73,source_shrinkage_adapter,5,5,1626,151,"[""25fa32d950cdf305f8d95defcc6c07b792e2447dc359de123d43ac8ce2009c72"",""8e2b58f9a7ceb84535cb454ac9a2ffa13684e92533eb23829b606481144fb146"",""a82f553f80ba8c9865f21e7220a8630c3956bfa2091460624b77406d7b6e223a"",""d598441fe1e20eda12d74fb07698721405420fd4610a91244b6b08bf174e8c18"",""fd8944d28a6765dc3db6a34157159537dc8e30c667e01bc96951d036ecdf86ed""]",1626,0.3186222920402229,0.24151578916267102,0.7541545194079207,3.3837194966998534,2.2597529087087183,0.6739842197423853,0.8719116536019503
5,73,target_only_ridge,5,5,1626,151,"[""25fa32d950cdf305f8d95defcc6c07b792e2447dc359de123d43ac8ce2009c72"",""8e2b58f9a7ceb84535cb454ac9a2ffa13684e92533eb23829b606481144fb146"",""a82f553f80ba8c9865f21e7220a8630c3956bfa2091460624b77406d7b6e223a"",""d598441fe1e20eda12d74fb07698721405420fd4610a91244b6b08bf174e8c18"",""fd8944d28a6765dc3db6a34157159537dc8e30c667e01bc96951d036ecdf86ed""]",1626,0.7667617463426304,0.5552112307057298,-0.4237403379867979,6.871179211181358,5.594287985557914,-0.3443503541710986,0.10404420976812427
5,73,anchor_constant,5,5,1626,151,"[""25fa32d950cdf305f8d95defcc6c07b792e2447dc359de123d43ac8ce2009c72"",""8e2b58f9a7ceb84535cb454ac9a2ffa13684e92533eb23829b606481144fb146"",""a82f553f80ba8c9865f21e7220a8630c3956bfa2091460624b77406d7b6e223a"",""d598441fe1e20eda12d74fb07698721405420fd4610a91244b6b08bf174e8c18"",""fd8944d28a6765dc3db6a34157159537dc8e30c667e01bc96951d036ecdf86ed""]",1626,0.6508397000352869,0.5219956487107748,-0.025788879545502796,6.917539639432669,4.543599098827926,-0.3625524446977608,
5,74,source_frozen,5,5,1620,151,"[""25fa32d950cdf305f8d95defcc6c07b792e2447dc359de123d43ac8ce2009c72"",""943bb1bf2191f220909c477c813ed9a2baa4e84ea3d43f5060a5a8de4c68e0fc"",""a82f553f80ba8c9865f21e7220a8630c3956bfa2091460624b77406d7b6e223a"",""d598441fe1e20eda12d74fb07698721405420fd4610a91244b6b08bf174e8c18"",""df68bffa3b0b9aabcb83117062f4ac2f65f52992c2e6ed39c46527a3da3771b6""]",1620,0.33578510040310605,0.2547305809759073,0.7229274151635825,3.7164348721791667,2.3535373447775836,0.60667697292552,0.8659691486125639
5,74,source_shrinkage_adapter,5,5,1620,151,"[""25fa32d950cdf305f8d95defcc6c07b792e2447dc359de123d43ac8ce2009c72"",""943bb1bf2191f220909c477c813ed9a2baa4e84ea3d43f5060a5a8de4c68e0fc"",""a82f553f80ba8c9865f21e7220a8630c3956bfa2091460624b77406d7b6e223a"",""d598441fe1e20eda12d74fb07698721405420fd4610a91244b6b08bf174e8c18"",""df68bffa3b0b9aabcb83117062f4ac2f65f52992c2e6ed39c46527a3da3771b6""]",1620,0.33449684976931937,0.25381532992198547,0.7250493331914338,3.583716950908552,2.32120111546732,0.6342673593432863,0.8660509781936813
5,74,target_only_ridge,5,5,1620,151,"[""25fa32d950cdf305f8d95defcc6c07b792e2447dc359de123d43ac8ce2009c72"",""943bb1bf2191f220909c477c813ed9a2baa4e84ea3d43f5060a5a8de4c68e0fc"",""a82f553f80ba8c9865f21e7220a8630c3956bfa2091460624b77406d7b6e223a"",""d598441fe1e20eda12d74fb07698721405420fd4610a91244b6b08bf174e8c18"",""df68bffa3b0b9aabcb83117062f4ac2f65f52992c2e6ed39c46527a3da3771b6""]",1620,0.862008513894442,0.6291141154330152,-0.8259707814083708,8.113471750696975,7.15440059868702,-0.8746050241378367,0.0637510025330442
5,74,anchor_constant,5,5,1620,151,"[""25fa32d950cdf305f8d95defcc6c07b792e2447dc359de123d43ac8ce2009c72"",""943bb1bf2191f220909c477c813ed9a2baa4e84ea3d43f5060a5a8de4c68e0fc"",""a82f553f80ba8c9865f21e7220a8630c3956bfa2091460624b77406d7b6e223a"",""d598441fe1e20eda12d74fb07698721405420fd4610a91244b6b08bf174e8c18"",""df68bffa3b0b9aabcb83117062f4ac2f65f52992c2e6ed39c46527a3da3771b6""]",1620,0.6905130111430142,0.4931780906212572,-0.17169464696144843,5.943934415608013,4.412445143199337,-0.006107386766163403,
5,75,source_frozen,5,5,1631,151,"[""25fa32d950cdf305f8d95defcc6c07b792e2447dc359de123d43ac8ce2009c72"",""a82f553f80ba8c9865f21e7220a8630c3956bfa2091460624b77406d7b6e223a"",""d1c444b45f6ace03b25b5d54b1e95a18a0db739baddcdaff17462a649d7500aa"",""d598441fe1e20eda12d74fb07698721405420fd4610a91244b6b08bf174e8c18"",""fd8944d28a6765dc3db6a34157159537dc8e30c667e01bc96951d036ecdf86ed""]",1631,0.33795560736391334,0.25564856201255926,0.7232331694025385,3.724592599955677,2.3634861449267444,0.6069836023726893,0.8662970169783354
5,75,source_shrinkage_adapter,5,5,1631,151,"[""25fa32d950cdf305f8d95defcc6c07b792e2447dc359de123d43ac8ce2009c72"",""a82f553f80ba8c9865f21e7220a8630c3956bfa2091460624b77406d7b6e223a"",""d1c444b45f6ace03b25b5d54b1e95a18a0db739baddcdaff17462a649d7500aa"",""d598441fe1e20eda12d74fb07698721405420fd4610a91244b6b08bf174e8c18"",""fd8944d28a6765dc3db6a34157159537dc8e30c667e01bc96951d036ecdf86ed""]",1631,0.3192380301561365,0.24259376987473436,0.7530415038677114,3.407645173425904,2.284355600564983,0.6710257904209882,0.8710675562846268
5,75,target_only_ridge,5,5,1631,151,"[""25fa32d950cdf305f8d95defcc6c07b792e2447dc359de123d43ac8ce2009c72"",""a82f553f80ba8c9865f21e7220a8630c3956bfa2091460624b77406d7b6e223a"",""d1c444b45f6ace03b25b5d54b1e95a18a0db739baddcdaff17462a649d7500aa"",""d598441fe1e20eda12d74fb07698721405420fd4610a91244b6b08bf174e8c18"",""fd8944d28a6765dc3db6a34157159537dc8e30c667e01bc96951d036ecdf86ed""]",1631,0.6648501637708506,0.49299393378797207,-0.07113025686214636,6.229576978408399,4.3701616893774355,-0.09943670507890356,0.0338939388451553
5,75,anchor_constant,5,5,1631,151,"[""25fa32d950cdf305f8d95defcc6c07b792e2447dc359de123d43ac8ce2009c72"",""a82f553f80ba8c9865f21e7220a8630c3956bfa2091460624b77406d7b6e223a"",""d1c444b45f6ace03b25b5d54b1e95a18a0db739baddcdaff17462a649d7500aa"",""d598441fe1e20eda12d74fb07698721405420fd4610a91244b6b08bf174e8c18"",""fd8944d28a6765dc3db6a34157159537dc8e30c667e01bc96951d036ecdf86ed""]",1631,0.6664689840197217,0.5452565867946096,-0.07635272180719688,7.130376042350705,4.669974880337638,-0.44038300027064814,
5,76,source_frozen,5,5,1628,151,"[""25fa32d950cdf305f8d95defcc6c07b792e2447dc359de123d43ac8ce2009c72"",""a471504e845cbe8ff1746db2f6d57a4746a439368f5b02ce6877e66f6c73a331"",""a82f553f80ba8c9865f21e7220a8630c3956bfa2091460624b77406d7b6e223a"",""d598441fe1e20eda12d74fb07698721405420fd4610a91244b6b08bf174e8c18"",""fd8944d28a6765dc3db6a34157159537dc8e30c667e01bc96951d036ecdf86ed""]",1628,0.3375469505617278,0.25527672834824994,0.722789740010814,3.7328686792270136,2.3724091681021062,0.6076945491183943,0.8662710798029724
5,76,source_shrinkage_adapter,5,5,1628,151,"[""25fa32d950cdf305f8d95defcc6c07b792e2447dc359de123d43ac8ce2009c72"",""a471504e845cbe8ff1746db2f6d57a4746a439368f5b02ce6877e66f6c73a331"",""a82f553f80ba8c9865f21e7220a8630c3956bfa2091460624b77406d7b6e223a"",""d598441fe1e20eda12d74fb07698721405420fd4610a91244b6b08bf174e8c18"",""fd8944d28a6765dc3db6a34157159537dc8e30c667e01bc96951d036ecdf86ed""]",1628,0.32116769277928414,0.24536923594261942,0.7490399304488047,3.396140366924842,2.3614251100674277,0.6752791445055961,0.8709851350164681
5,76,target_only_ridge,5,5,1628,151,"[""25fa32d950cdf305f8d95defcc6c07b792e2447dc359de123d43ac8ce2009c72"",""a471504e845cbe8ff1746db2f6d57a4746a439368f5b02ce6877e66f6c73a331"",""a82f553f80ba8c9865f21e7220a8630c3956bfa2091460624b77406d7b6e223a"",""d598441fe1e20eda12d74fb07698721405420fd4610a91244b6b08bf174e8c18"",""fd8944d28a6765dc3db6a34157159537dc8e30c667e01bc96951d036ecdf86ed""]",1628,0.7178964030648043,0.602899218116213,-0.25390454662801454,7.46270519971103,4.897913047627408,-0.5679474047251327,-0.028891813219329994
5,76,anchor_constant,5,5,1628,151,"[""25fa32d950cdf305f8d95defcc6c07b792e2447dc359de123d43ac8ce2009c72"",""a471504e845cbe8ff1746db2f6d57a4746a439368f5b02ce6877e66f6c73a331"",""a82f553f80ba8c9865f21e7220a8630c3956bfa2091460624b77406d7b6e223a"",""d598441fe1e20eda12d74fb07698721405420fd4610a91244b6b08bf174e8c18"",""fd8944d28a6765dc3db6a34157159537dc8e30c667e01bc96951d036ecdf86ed""]",1628,0.7052369329487516,0.5928979935600457,-0.21007146117088138,7.422371310428291,4.88549329310631,-0.551044548718558,
5,77,source_frozen,5,5,1626,151,"[""25fa32d950cdf305f8d95defcc6c07b792e2447dc359de123d43ac8ce2009c72"",""76d00545304a5185ce71ef791fe4639bd6e73e7c1b28b80bacd29416380bc4a7"",""a82f553f80ba8c9865f21e7220a8630c3956bfa2091460624b77406d7b6e223a"",""d598441fe1e20eda12d74fb07698721405420fd4610a91244b6b08bf174e8c18"",""fd8944d28a6765dc3db6a34157159537dc8e30c667e01bc96951d036ecdf86ed""]",1626,0.33655792817496655,0.25393414306419515,0.7256976266968886,3.671755815631537,2.333233726429123,0.6161182223659394,0.8685545417820576
5,77,source_shrinkage_adapter,5,5,1626,151,"[""25fa32d950cdf305f8d95defcc6c07b792e2447dc359de123d43ac8ce2009c72"",""76d00545304a5185ce71ef791fe4639bd6e73e7c1b28b80bacd29416380bc4a7"",""a82f553f80ba8c9865f21e7220a8630c3956bfa2091460624b77406d7b6e223a"",""d598441fe1e20eda12d74fb07698721405420fd4610a91244b6b08bf174e8c18"",""fd8944d28a6765dc3db6a34157159537dc8e30c667e01bc96951d036ecdf86ed""]",1626,0.318006663595193,0.24153015361079203,0.7551036259783375,3.351319280468514,2.2767848368096706,0.680197742931905,0.8728168611324587
5,77,target_only_ridge,5,5,1626,151,"[""25fa32d950cdf305f8d95defcc6c07b792e2447dc359de123d43ac8ce2009c72"",""76d00545304a5185ce71ef791fe4639bd6e73e7c1b28b80bacd29416380bc4a7"",""a82f553f80ba8c9865f21e7220a8630c3956bfa2091460624b77406d7b6e223a"",""d598441fe1e20eda12d74fb07698721405420fd4610a91244b6b08bf174e8c18"",""fd8944d28a6765dc3db6a34157159537dc8e30c667e01bc96951d036ecdf86ed""]",1626,0.7116465738090862,0.5167285855827294,-0.22641834948024409,6.228964982736951,4.811980591977123,-0.10479498254528274,0.10117414586564032
5,77,anchor_constant,5,5,1626,151,"[""25fa32d950cdf305f8d95defcc6c07b792e2447dc359de123d43ac8ce2009c72"",""76d00545304a5185ce71ef791fe4639bd6e73e7c1b28b80bacd29416380bc4a7"",""a82f553f80ba8c9865f21e7220a8630c3956bfa2091460624b77406d7b6e223a"",""d598441fe1e20eda12d74fb07698721405420fd4610a91244b6b08bf174e8c18"",""fd8944d28a6765dc3db6a34157159537dc8e30c667e01bc96951d036ecdf86ed""]",1626,0.6508397000352869,0.5219956487107749,-0.02578887954550302,6.917539639432669,4.543599098827926,-0.3625524446977608,
5,78,source_frozen,5,5,1623,151,"[""8a288b4e8ffe6daeed9ccc30ae0168ec210e4bf7f8fe453d04d970ec030c9297"",""a82f553f80ba8c9865f21e7220a8630c3956bfa2091460624b77406d7b6e223a"",""d598441fe1e20eda12d74fb07698721405420fd4610a91244b6b08bf174e8c18"",""df68bffa3b0b9aabcb83117062f4ac2f65f52992c2e6ed39c46527a3da3771b6"",""fd8944d28a6765dc3db6a34157159537dc8e30c667e01bc96951d036ecdf86ed""]",1623,0.33165778540072055,0.25249516368170927,0.7269231488931646,3.740043100674672,2.375863147854252,0.6040709147045489,0.8663952169651403
5,78,source_shrinkage_adapter,5,5,1623,151,"[""8a288b4e8ffe6daeed9ccc30ae0168ec210e4bf7f8fe453d04d970ec030c9297"",""a82f553f80ba8c9865f21e7220a8630c3956bfa2091460624b77406d7b6e223a"",""d598441fe1e20eda12d74fb07698721405420fd4610a91244b6b08bf174e8c18"",""df68bffa3b0b9aabcb83117062f4ac2f65f52992c2e6ed39c46527a3da3771b6"",""fd8944d28a6765dc3db6a34157159537dc8e30c667e01bc96951d036ecdf86ed""]",1623,0.33734447779183396,0.2586144928974292,0.7174783695285334,3.6992780388819297,2.387089161612479,0.6126548335698438,0.8642223800797993
5,78,target_only_ridge,5,5,1623,151,"[""8a288b4e8ffe6daeed9ccc30ae0168ec210e4bf7f8fe453d04d970ec030c9297"",""a82f553f80ba8c9865f21e7220a8630c3956bfa2091460624b77406d7b6e223a"",""d598441fe1e20eda12d74fb07698721405420fd4610a91244b6b08bf174e8c18"",""df68bffa3b0b9aabcb83117062f4ac2f65f52992c2e6ed39c46527a3da3771b6"",""fd8944d28a6765dc3db6a34157159537dc8e30c667e01bc96951d036ecdf86ed""]",1623,0.7001722213853427,0.5076589034673693,-0.21706632616933996,6.237206506283458,4.727596739331818,-0.10114481688467336,0.05695290052559225
5,78,anchor_constant,5,5,1623,151,"[""8a288b4e8ffe6daeed9ccc30ae0168ec210e4bf7f8fe453d04d970ec030c9297"",""a82f553f80ba8c9865f21e7220a8630c3956bfa2091460624b77406d7b6e223a"",""d598441fe1e20eda12d74fb07698721405420fd4610a91244b6b08bf174e8c18"",""df68bffa3b0b9aabcb83117062f4ac2f65f52992c2e6ed39c46527a3da3771b6"",""fd8944d28a6765dc3db6a34157159537dc8e30c667e01bc96951d036ecdf86ed""]",1623,0.6660045116228693,0.5491938684852166,-0.10118132022483506,7.198116987297661,4.7304702789713975,-0.466567288384113,
5,79,source_frozen,5,5,1617,151,"[""067b2daba011e1879f9dd324e02f1fc7a49d875ab73114a7c79cfa720c71e929"",""25fa32d950cdf305f8d95defcc6c07b792e2447dc359de123d43ac8ce2009c72"",""a82f553f80ba8c9865f21e7220a8630c3956bfa2091460624b77406d7b6e223a"",""d598441fe1e20eda12d74fb07698721405420fd4610a91244b6b08bf174e8c18"",""fd8944d28a6765dc3db6a34157159537dc8e30c667e01bc96951d036ecdf86ed""]",1617,0.33579736619694117,0.254421835989757,0.7211869722026276,3.743964380872066,2.382022408471584,0.6062020798322518,0.8652087265238835
5,79,source_shrinkage_adapter,5,5,1617,151,"[""067b2daba011e1879f9dd324e02f1fc7a49d875ab73114a7c79cfa720c71e929"",""25fa32d950cdf305f8d95defcc6c07b792e2447dc359de123d43ac8ce2009c72"",""a82f553f80ba8c9865f21e7220a8630c3956bfa2091460624b77406d7b6e223a"",""d598441fe1e20eda12d74fb07698721405420fd4610a91244b6b08bf174e8c18"",""fd8944d28a6765dc3db6a34157159537dc8e30c667e01bc96951d036ecdf86ed""]",1617,0.31827331704641265,0.24306775832797228,0.7495281332546582,3.3991478047833104,2.342884567736047,0.6753988155500016,0.8698172223797698
5,79,target_only_ridge,5,5,1617,151,"[""067b2daba011e1879f9dd324e02f1fc7a49d875ab73114a7c79cfa720c71e929"",""25fa32d950cdf305f8d95defcc6c07b792e2447dc359de123d43ac8ce2009c72"",""a82f553f80ba8c9865f21e7220a8630c3956bfa2091460624b77406d7b6e223a"",""d598441fe1e20eda12d74fb07698721405420fd4610a91244b6b08bf174e8c18"",""fd8944d28a6765dc3db6a34157159537dc8e30c667e01bc96951d036ecdf86ed""]",1617,0.7128780841590374,0.5985732837047305,-0.2565767469793889,7.469055823153107,4.9025864085617465,-0.5672613084059308,-0.018420792678388174
5,79,anchor_constant,5,5,1617,151,"[""067b2daba011e1879f9dd324e02f1fc7a49d875ab73114a7c79cfa720c71e929"",""25fa32d950cdf305f8d95defcc6c07b792e2447dc359de123d43ac8ce2009c72"",""a82f553f80ba8c9865f21e7220a8630c3956bfa2091460624b77406d7b6e223a"",""d598441fe1e20eda12d74fb07698721405420fd4610a91244b6b08bf174e8c18"",""fd8944d28a6765dc3db6a34157159537dc8e30c667e01bc96951d036ecdf86ed""]",1617,0.700569055235123,0.5890473850586222,-0.2135575939921146,7.429943979412696,4.891860196121421,-0.5508903009979738,
5,80,source_frozen,5,5,1627,151,"[""25fa32d950cdf305f8d95defcc6c07b792e2447dc359de123d43ac8ce2009c72"",""a82f553f80ba8c9865f21e7220a8630c3956bfa2091460624b77406d7b6e223a"",""bd5b86e4db2918595dffc4184ff7635b67192e76d884e91c95a97ea386e9881e"",""d598441fe1e20eda12d74fb07698721405420fd4610a91244b6b08bf174e8c18"",""fd8944d28a6765dc3db6a34157159537dc8e30c667e01bc96951d036ecdf86ed""]",1627,0.3379647595172493,0.2553716398931042,0.7235856252284706,3.726751553738291,2.364329042097328,0.608518353287667,0.8664947246392888
5,80,source_shrinkage_adapter,5,5,1627,151,"[""25fa32d950cdf305f8d95defcc6c07b792e2447dc359de123d43ac8ce2009c72"",""a82f553f80ba8c9865f21e7220a8630c3956bfa2091460624b77406d7b6e223a"",""bd5b86e4db2918595dffc4184ff7635b67192e76d884e91c95a97ea386e9881e"",""d598441fe1e20eda12d74fb07698721405420fd4610a91244b6b08bf174e8c18"",""fd8944d28a6765dc3db6a34157159537dc8e30c667e01bc96951d036ecdf86ed""]",1627,0.3194353937307257,0.242611243089914,0.7530643128544017,3.395916714815581,2.2946295280020927,0.674939210951424,0.871320069977097
5,80,target_only_ridge,5,5,1627,151,"[""25fa32d950cdf305f8d95defcc6c07b792e2447dc359de123d43ac8ce2009c72"",""a82f553f80ba8c9865f21e7220a8630c3956bfa2091460624b77406d7b6e223a"",""bd5b86e4db2918595dffc4184ff7635b67192e76d884e91c95a97ea386e9881e"",""d598441fe1e20eda12d74fb07698721405420fd4610a91244b6b08bf174e8c18"",""fd8944d28a6765dc3db6a34157159537dc8e30c667e01bc96951d036ecdf86ed""]",1627,0.647532916972223,0.4913779978184134,-0.014708948140349731,6.387522525502373,4.359057721696881,-0.15004653390137923,0.08379113679488714
5,80,anchor_constant,5,5,1627,151,"[""25fa32d950cdf305f8d95defcc6c07b792e2447dc359de123d43ac8ce2009c72"",""a82f553f80ba8c9865f21e7220a8630c3956bfa2091460624b77406d7b6e223a"",""bd5b86e4db2918595dffc4184ff7635b67192e76d884e91c95a97ea386e9881e"",""d598441fe1e20eda12d74fb07698721405420fd4610a91244b6b08bf174e8c18"",""fd8944d28a6765dc3db6a34157159537dc8e30c667e01bc96951d036ecdf86ed""]",1627,0.6615385485110696,0.538116918168846,-0.05907837741993016,7.096210482230868,4.65102026919171,-0.4193957531527768,
5,81,source_frozen,5,5,1629,151,"[""25fa32d950cdf305f8d95defcc6c07b792e2447dc359de123d43ac8ce2009c72"",""a82f553f80ba8c9865f21e7220a8630c3956bfa2091460624b77406d7b6e223a"",""ca0e7b0b884c6837ae121174be2490904f9195ed44a06c75b24665db6ebe6f36"",""d598441fe1e20eda12d74fb07698721405420fd4610a91244b6b08bf174e8c18"",""fd8944d28a6765dc3db6a34157159537dc8e30c667e01bc96951d036ecdf86ed""]",1629,0.3380852798692778,0.25567595695454287,0.723301026133156,3.7319724230606557,2.371355734014817,0.6080375274533096,0.866705697203414
5,81,source_shrinkage_adapter,5,5,1629,151,"[""25fa32d950cdf305f8d95defcc6c07b792e2447dc359de123d43ac8ce2009c72"",""a82f553f80ba8c9865f21e7220a8630c3956bfa2091460624b77406d7b6e223a"",""ca0e7b0b884c6837ae121174be2490904f9195ed44a06c75b24665db6ebe6f36"",""d598441fe1e20eda12d74fb07698721405420fd4610a91244b6b08bf174e8c18"",""fd8944d28a6765dc3db6a34157159537dc8e30c667e01bc96951d036ecdf86ed""]",1629,0.32095882928392655,0.24317589265282044,0.7506245603044981,3.3921051662425574,2.2826554534375303,0.676178072595431,0.8722059691048002
5,81,target_only_ridge,5,5,1629,151,"[""25fa32d950cdf305f8d95defcc6c07b792e2447dc359de123d43ac8ce2009c72"",""a82f553f80ba8c9865f21e7220a8630c3956bfa2091460624b77406d7b6e223a"",""ca0e7b0b884c6837ae121174be2490904f9195ed44a06c75b24665db6ebe6f36"",""d598441fe1e20eda12d74fb07698721405420fd4610a91244b6b08bf174e8c18"",""fd8944d28a6765dc3db6a34157159537dc8e30c667e01bc96951d036ecdf86ed""]",1629,0.7492169916452305,0.6365938788607426,-0.3588460643254421,7.582854877335948,4.999164863332375,-0.6182034605847195,0.012356322474896956
5,81,anchor_constant,5,5,1629,151,"[""25fa32d950cdf305f8d95defcc6c07b792e2447dc359de123d43ac8ce2009c72"",""a82f553f80ba8c9865f21e7220a8630c3956bfa2091460624b77406d7b6e223a"",""ca0e7b0b884c6837ae121174be2490904f9195ed44a06c75b24665db6ebe6f36"",""d598441fe1e20eda12d74fb07698721405420fd4610a91244b6b08bf174e8c18"",""fd8944d28a6765dc3db6a34157159537dc8e30c667e01bc96951d036ecdf86ed""]",1629,0.7033273974760497,0.5905692492301278,-0.19748503544085705,7.407602844357328,4.874490836755835,-0.5442692235970499,
5,82,source_frozen,5,5,1629,151,"[""25fa32d950cdf305f8d95defcc6c07b792e2447dc359de123d43ac8ce2009c72"",""7f07c2e7b5f875bed7f36af44fde00a66c5c3c537f26765d0c2d794cbfc5cd04"",""a82f553f80ba8c9865f21e7220a8630c3956bfa2091460624b77406d7b6e223a"",""d598441fe1e20eda12d74fb07698721405420fd4610a91244b6b08bf174e8c18"",""fd8944d28a6765dc3db6a34157159537dc8e30c667e01bc96951d036ecdf86ed""]",1629,0.3381795672355279,0.25588969746354984,0.7233060593057739,3.7319251192557714,2.3715142191257654,0.6080856778913564,0.8666552055788718
5,82,source_shrinkage_adapter,5,5,1629,151,"[""25fa32d950cdf305f8d95defcc6c07b792e2447dc359de123d43ac8ce2009c72"",""7f07c2e7b5f875bed7f36af44fde00a66c5c3c537f26765d0c2d794cbfc5cd04"",""a82f553f80ba8c9865f21e7220a8630c3956bfa2091460624b77406d7b6e223a"",""d598441fe1e20eda12d74fb07698721405420fd4610a91244b6b08bf174e8c18"",""fd8944d28a6765dc3db6a34157159537dc8e30c667e01bc96951d036ecdf86ed""]",1629,0.3209906454708089,0.24302042867753182,0.7507187161303351,3.4082216202220996,2.273143513035781,0.6731255717029809,0.8721554211769482
5,82,target_only_ridge,5,5,1629,151,"[""25fa32d950cdf305f8d95defcc6c07b792e2447dc359de123d43ac8ce2009c72"",""7f07c2e7b5f875bed7f36af44fde00a66c5c3c537f26765d0c2d794cbfc5cd04"",""a82f553f80ba8c9865f21e7220a8630c3956bfa2091460624b77406d7b6e223a"",""d598441fe1e20eda12d74fb07698721405420fd4610a91244b6b08bf174e8c18"",""fd8944d28a6765dc3db6a34157159537dc8e30c667e01bc96951d036ecdf86ed""]",1629,0.6887867708509879,0.5691070608287034,-0.14782192234177427,7.303864231489493,4.7702934273811115,-0.5011727621711553,-0.05114622888554098
5,82,anchor_constant,5,5,1629,151,"[""25fa32d950cdf305f8d95defcc6c07b792e2447dc359de123d43ac8ce2009c72"",""7f07c2e7b5f875bed7f36af44fde00a66c5c3c537f26765d0c2d794cbfc5cd04"",""a82f553f80ba8c9865f21e7220a8630c3956bfa2091460624b77406d7b6e223a"",""d598441fe1e20eda12d74fb07698721405420fd4610a91244b6b08bf174e8c18"",""fd8944d28a6765dc3db6a34157159537dc8e30c667e01bc96951d036ecdf86ed""]",1629,0.6948757271991131,0.5808007796148388,-0.16820538449924993,7.360406638000478,4.837543047527887,-0.5245051966606269,
5,83,source_frozen,5,5,1621,151,"[""25fa32d950cdf305f8d95defcc6c07b792e2447dc359de123d43ac8ce2009c72"",""557ada50243500159c7951c30fe42a54de3f243ba5ec0989e30aad1620baf6b1"",""a82f553f80ba8c9865f21e7220a8630c3956bfa2091460624b77406d7b6e223a"",""d598441fe1e20eda12d74fb07698721405420fd4610a91244b6b08bf174e8c18"",""fd8944d28a6765dc3db6a34157159537dc8e30c667e01bc96951d036ecdf86ed""]",1621,0.337995900863918,0.2550649826803065,0.7230542923794715,3.676865610326769,2.3311422483648574,0.6080700183781,0.8660867879767243
5,83,source_shrinkage_adapter,5,5,1621,151,"[""25fa32d950cdf305f8d95defcc6c07b792e2447dc359de123d43ac8ce2009c72"",""557ada50243500159c7951c30fe42a54de3f243ba5ec0989e30aad1620baf6b1"",""a82f553f80ba8c9865f21e7220a8630c3956bfa2091460624b77406d7b6e223a"",""d598441fe1e20eda12d74fb07698721405420fd4610a91244b6b08bf174e8c18"",""fd8944d28a6765dc3db6a34157159537dc8e30c667e01bc96951d036ecdf86ed""]",1621,0.31926307441450574,0.24213702726528125,0.7529020429538945,3.3870841052303793,2.2579301092061104,0.6674132559979392,0.8705769290210561
5,83,target_only_ridge,5,5,1621,151,"[""25fa32d950cdf305f8d95defcc6c07b792e2447dc359de123d43ac8ce2009c72"",""557ada50243500159c7951c30fe42a54de3f243ba5ec0989e30aad1620baf6b1"",""a82f553f80ba8c9865f21e7220a8630c3956bfa2091460624b77406d7b6e223a"",""d598441fe1e20eda12d74fb07698721405420fd4610a91244b6b08bf174e8c18"",""fd8944d28a6765dc3db6a34157159537dc8e30c667e01bc96951d036ecdf86ed""]",1621,0.7240377300368785,0.5201794177528003,-0.2708496337309687,6.109243836647408,4.765051333918059,-0.08200157396069674,0.02700086389433914
5,83,anchor_constant,5,5,1621,151,"[""25fa32d950cdf305f8d95defcc6c07b792e2447dc359de123d43ac8ce2009c72"",""557ada50243500159c7951c30fe42a54de3f243ba5ec0989e30aad1620baf6b1"",""a82f553f80ba8c9865f21e7220a8630c3956bfa2091460624b77406d7b6e223a"",""d598441fe1e20eda12d74fb07698721405420fd4610a91244b6b08bf174e8c18"",""fd8944d28a6765dc3db6a34157159537dc8e30c667e01bc96951d036ecdf86ed""]",1621,0.6543812006871483,0.5282205683466882,-0.03808615855552966,6.919149899708851,4.546817263507595,-0.38790088514408017,
5,84,source_frozen,5,5,1626,151,"[""25fa32d950cdf305f8d95defcc6c07b792e2447dc359de123d43ac8ce2009c72"",""2f58474b161c5bf7208d996afe300052e63ef004de2f1f57e1361ac1d33d920f"",""a82f553f80ba8c9865f21e7220a8630c3956bfa2091460624b77406d7b6e223a"",""d598441fe1e20eda12d74fb07698721405420fd4610a91244b6b08bf174e8c18"",""fd8944d28a6765dc3db6a34157159537dc8e30c667e01bc96951d036ecdf86ed""]",1626,0.33699384004101757,0.25448647121039497,0.7247311102215728,3.6738565977165165,2.3383591452437584,0.612085378633057,0.8669858318672182
5,84,source_shrinkage_adapter,5,5,1626,151,"[""25fa32d950cdf305f8d95defcc6c07b792e2447dc359de123d43ac8ce2009c72"",""2f58474b161c5bf7208d996afe300052e63ef004de2f1f57e1361ac1d33d920f"",""a82f553f80ba8c9865f21e7220a8630c3956bfa2091460624b77406d7b6e223a"",""d598441fe1e20eda12d74fb07698721405420fd4610a91244b6b08bf174e8c18"",""fd8944d28a6765dc3db6a34157159537dc8e30c667e01bc96951d036ecdf86ed""]",1626,0.3181745630685986,0.24180720594096874,0.7546171991876134,3.3630776602459385,2.2759916999830234,0.6749384956083211,0.8713607503431418
5,84,target_only_ridge,5,5,1626,151,"[""25fa32d950cdf305f8d95defcc6c07b792e2447dc359de123d43ac8ce2009c72"",""2f58474b161c5bf7208d996afe300052e63ef004de2f1f57e1361ac1d33d920f"",""a82f553f80ba8c9865f21e7220a8630c3956bfa2091460624b77406d7b6e223a"",""d598441fe1e20eda12d74fb07698721405420fd4610a91244b6b08bf174e8c18"",""fd8944d28a6765dc3db6a34157159537dc8e30c667e01bc96951d036ecdf86ed""]",1626,0.7277369780960061,0.5240800473437317,-0.2836957179709836,6.184877510912655,4.898981660377211,-0.09939549913009915,0.0830472099403037
5,84,anchor_constant,5,5,1626,151,"[""25fa32d950cdf305f8d95defcc6c07b792e2447dc359de123d43ac8ce2009c72"",""2f58474b161c5bf7208d996afe300052e63ef004de2f1f57e1361ac1d33d920f"",""a82f553f80ba8c9865f21e7220a8630c3956bfa2091460624b77406d7b6e223a"",""d598441fe1e20eda12d74fb07698721405420fd4610a91244b6b08bf174e8c18"",""fd8944d28a6765dc3db6a34157159537dc8e30c667e01bc96951d036ecdf86ed""]",1626,0.651593766152313,0.5235096019582928,-0.02912243952668936,6.908535153804623,4.547015734080199,-0.3717143825074605,
5,85,source_frozen,5,5,1627,151,"[""25fa32d950cdf305f8d95defcc6c07b792e2447dc359de123d43ac8ce2009c72"",""8d3c5154624eddd1aae5bedcef128a44858542b736adfd197b8ea34defc696bb"",""a82f553f80ba8c9865f21e7220a8630c3956bfa2091460624b77406d7b6e223a"",""d598441fe1e20eda12d74fb07698721405420fd4610a91244b6b08bf174e8c18"",""fd8944d28a6765dc3db6a34157159537dc8e30c667e01bc96951d036ecdf86ed""]",1627,0.33796482865754424,0.2553709736786227,0.7235855121316296,3.7267512534821603,2.364325933440818,0.6085184163692854,0.8664969076672037
5,85,source_shrinkage_adapter,5,5,1627,151,"[""25fa32d950cdf305f8d95defcc6c07b792e2447dc359de123d43ac8ce2009c72"",""8d3c5154624eddd1aae5bedcef128a44858542b736adfd197b8ea34defc696bb"",""a82f553f80ba8c9865f21e7220a8630c3956bfa2091460624b77406d7b6e223a"",""d598441fe1e20eda12d74fb07698721405420fd4610a91244b6b08bf174e8c18"",""fd8944d28a6765dc3db6a34157159537dc8e30c667e01bc96951d036ecdf86ed""]",1627,0.3194371069020665,0.24260889887271495,0.7530616641543205,3.395930430399027,2.2945359681840385,0.6749365852054148,0.8713283576810638
5,85,target_only_ridge,5,5,1627,151,"[""25fa32d950cdf305f8d95defcc6c07b792e2447dc359de123d43ac8ce2009c72"",""8d3c5154624eddd1aae5bedcef128a44858542b736adfd197b8ea34defc696bb"",""a82f553f80ba8c9865f21e7220a8630c3956bfa2091460624b77406d7b6e223a"",""d598441fe1e20eda12d74fb07698721405420fd4610a91244b6b08bf174e8c18"",""fd8944d28a6765dc3db6a34157159537dc8e30c667e01bc96951d036ecdf86ed""]",1627,0.647517454101216,0.49138045039177064,-0.01466048689359667,6.387754676126322,4.359057774660457,-0.15013013090508043,0.08384596284629096
5,85,anchor_constant,5,5,1627,151,"[""25fa32d950cdf305f8d95defcc6c07b792e2447dc359de123d43ac8ce2009c72"",""8d3c5154624eddd1aae5bedcef128a44858542b736adfd197b8ea34defc696bb"",""a82f553f80ba8c9865f21e7220a8630c3956bfa2091460624b77406d7b6e223a"",""d598441fe1e20eda12d74fb07698721405420fd4610a91244b6b08bf174e8c18"",""fd8944d28a6765dc3db6a34157159537dc8e30c667e01bc96951d036ecdf86ed""]",1627,0.6615385485110696,0.538116918168846,-0.05907837741993016,7.096210482230868,4.65102026919171,-0.419395753152777,
5,86,source_frozen,5,5,1621,151,"[""25fa32d950cdf305f8d95defcc6c07b792e2447dc359de123d43ac8ce2009c72"",""a82f553f80ba8c9865f21e7220a8630c3956bfa2091460624b77406d7b6e223a"",""c06e58524bb4306fb9a63db910f51fcd11de2d2f673354ee5379f1a1c6cd8123"",""d598441fe1e20eda12d74fb07698721405420fd4610a91244b6b08bf174e8c18"",""fd8944d28a6765dc3db6a34157159537dc8e30c667e01bc96951d036ecdf86ed""]",1621,0.3357836474342249,0.2538351834720968,0.7243518299144303,3.737320583486071,2.3724524835789986,0.6076448855906463,0.8671078750305221
5,86,source_shrinkage_adapter,5,5,1621,151,"[""25fa32d950cdf305f8d95defcc6c07b792e2447dc359de123d43ac8ce2009c72"",""a82f553f80ba8c9865f21e7220a8630c3956bfa2091460624b77406d7b6e223a"",""c06e58524bb4306fb9a63db910f51fcd11de2d2f673354ee5379f1a1c6cd8123"",""d598441fe1e20eda12d74fb07698721405420fd4610a91244b6b08bf174e8c18"",""fd8944d28a6765dc3db6a34157159537dc8e30c667e01bc96951d036ecdf86ed""]",1621,0.318294659098515,0.24173352759075087,0.7523178369500152,3.3806820666755963,2.30277070617984,0.678953993418762,0.872359296081934
5,86,target_only_ridge,5,5,1621,151,"[""25fa32d950cdf305f8d95defcc6c07b792e2447dc359de123d43ac8ce2009c72"",""a82f553f80ba8c9865f21e7220a8630c3956bfa2091460624b77406d7b6e223a"",""c06e58524bb4306fb9a63db910f51fcd11de2d2f673354ee5379f1a1c6cd8123"",""d598441fe1e20eda12d74fb07698721405420fd4610a91244b6b08bf174e8c18"",""fd8944d28a6765dc3db6a34157159537dc8e30c667e01bc96951d036ecdf86ed""]",1621,0.8417260438903034,0.7306018754086475,-0.7321183353312324,7.8318683845697565,5.240529352658109,-0.723016250561308,0.09294498275391763
5,86,anchor_constant,5,5,1621,151,"[""25fa32d950cdf305f8d95defcc6c07b792e2447dc359de123d43ac8ce2009c72"",""a82f553f80ba8c9865f21e7220a8630c3956bfa2091460624b77406d7b6e223a"",""c06e58524bb4306fb9a63db910f51fcd11de2d2f673354ee5379f1a1c6cd8123"",""d598441fe1e20eda12d74fb07698721405420fd4610a91244b6b08bf174e8c18"",""fd8944d28a6765dc3db6a34157159537dc8e30c667e01bc96951d036ecdf86ed""]",1621,0.7277805801007322,0.6174344047777528,-0.2949021582969271,7.540270024646755,4.982272441761041,-0.5971011038998728,
5,87,source_frozen,5,5,1621,151,"[""25fa32d950cdf305f8d95defcc6c07b792e2447dc359de123d43ac8ce2009c72"",""6354af5cc44c0363f096f981bec634555e5ce95ac6745bae00a4c05dafbf6fb6"",""a82f553f80ba8c9865f21e7220a8630c3956bfa2091460624b77406d7b6e223a"",""d598441fe1e20eda12d74fb07698721405420fd4610a91244b6b08bf174e8c18"",""fd8944d28a6765dc3db6a34157159537dc8e30c667e01bc96951d036ecdf86ed""]",1621,0.338770663792928,0.25636235723203976,0.7227978293949255,3.7398459027332724,2.377946205278625,0.6074743186048203,0.8664738099865222
5,87,source_shrinkage_adapter,5,5,1621,151,"[""25fa32d950cdf305f8d95defcc6c07b792e2447dc359de123d43ac8ce2009c72"",""6354af5cc44c0363f096f981bec634555e5ce95ac6745bae00a4c05dafbf6fb6"",""a82f553f80ba8c9865f21e7220a8630c3956bfa2091460624b77406d7b6e223a"",""d598441fe1e20eda12d74fb07698721405420fd4610a91244b6b08bf174e8c18"",""fd8944d28a6765dc3db6a34157159537dc8e30c667e01bc96951d036ecdf86ed""]",1621,0.3215458162489549,0.243257203590634,0.7502699737327159,3.415108553189145,2.2742916816912286,0.6726821528071676,0.8720465093107944
5,87,target_only_ridge,5,5,1621,151,"[""25fa32d950cdf305f8d95defcc6c07b792e2447dc359de123d43ac8ce2009c72"",""6354af5cc44c0363f096f981bec634555e5ce95ac6745bae00a4c05dafbf6fb6"",""a82f553f80ba8c9865f21e7220a8630c3956bfa2091460624b77406d7b6e223a"",""d598441fe1e20eda12d74fb07698721405420fd4610a91244b6b08bf174e8c18"",""fd8944d28a6765dc3db6a34157159537dc8e30c667e01bc96951d036ecdf86ed""]",1621,0.6957022090347121,0.5771370918390533,-0.16904654085698856,7.355681474057798,4.808858831209712,-0.5184709563569512,-0.04723432405876154
5,87,anchor_constant,5,5,1621,151,"[""25fa32d950cdf305f8d95defcc6c07b792e2447dc359de123d43ac8ce2009c72"",""6354af5cc44c0363f096f981bec634555e5ce95ac6745bae00a4c05dafbf6fb6"",""a82f553f80ba8c9865f21e7220a8630c3956bfa2091460624b77406d7b6e223a"",""d598441fe1e20eda12d74fb07698721405420fd4610a91244b6b08bf174e8c18"",""fd8944d28a6765dc3db6a34157159537dc8e30c667e01bc96951d036ecdf86ed""]",1621,0.6977017060908781,0.5838746580115163,-0.17577604139207548,7.384916757824224,4.8563490486946455,-0.5305653216965303,
5,88,source_frozen,5,5,1623,151,"[""25fa32d950cdf305f8d95defcc6c07b792e2447dc359de123d43ac8ce2009c72"",""a82f553f80ba8c9865f21e7220a8630c3956bfa2091460624b77406d7b6e223a"",""a8cb96b00914102b20d9a95335216e39f4b952d628b8968f31ec266ebaa0fa9a"",""d598441fe1e20eda12d74fb07698721405420fd4610a91244b6b08bf174e8c18"",""fd8944d28a6765dc3db6a34157159537dc8e30c667e01bc96951d036ecdf86ed""]",1623,0.33885971696849826,0.25683916362840076,0.7225967690615318,3.733181391127896,2.37203766372958,0.6060929788020644,0.8658730006081232
5,88,source_shrinkage_adapter,5,5,1623,151,"[""25fa32d950cdf305f8d95defcc6c07b792e2447dc359de123d43ac8ce2009c72"",""a82f553f80ba8c9865f21e7220a8630c3956bfa2091460624b77406d7b6e223a"",""a8cb96b00914102b20d9a95335216e39f4b952d628b8968f31ec266ebaa0fa9a"",""d598441fe1e20eda12d74fb07698721405420fd4610a91244b6b08bf174e8c18"",""fd8944d28a6765dc3db6a34157159537dc8e30c667e01bc96951d036ecdf86ed""]",1623,0.3202194656121113,0.24323368385453956,0.7522765701664893,3.446784942048743,2.2780106686591384,0.6642129745928573,0.8707070978679741
5,88,target_only_ridge,5,5,1623,151,"[""25fa32d950cdf305f8d95defcc6c07b792e2447dc359de123d43ac8ce2009c72"",""a82f553f80ba8c9865f21e7220a8630c3956bfa2091460624b77406d7b6e223a"",""a8cb96b00914102b20d9a95335216e39f4b952d628b8968f31ec266ebaa0fa9a"",""d598441fe1e20eda12d74fb07698721405420fd4610a91244b6b08bf174e8c18"",""fd8944d28a6765dc3db6a34157159537dc8e30c667e01bc96951d036ecdf86ed""]",1623,0.6609397758777965,0.4985750619220425,-0.05534730439946767,6.488530369952533,4.401340031471223,-0.189948650308444,-0.12338629174877098
5,88,anchor_constant,5,5,1623,151,"[""25fa32d950cdf305f8d95defcc6c07b792e2447dc359de123d43ac8ce2009c72"",""a82f553f80ba8c9865f21e7220a8630c3956bfa2091460624b77406d7b6e223a"",""a8cb96b00914102b20d9a95335216e39f4b952d628b8968f31ec266ebaa0fa9a"",""d598441fe1e20eda12d74fb07698721405420fd4610a91244b6b08bf174e8c18"",""fd8944d28a6765dc3db6a34157159537dc8e30c667e01bc96951d036ecdf86ed""]",1623,0.6706067353842917,0.5506800390461175,-0.08644425959839208,7.1663214221079015,4.692078518944512,-0.4515369766624999,
5,89,source_frozen,5,5,1633,151,"[""25fa32d950cdf305f8d95defcc6c07b792e2447dc359de123d43ac8ce2009c72"",""732d2f3e4564167d3e55ec4554f280ec1f558f1b92573ee23657b2409fddbc1e"",""a82f553f80ba8c9865f21e7220a8630c3956bfa2091460624b77406d7b6e223a"",""d598441fe1e20eda12d74fb07698721405420fd4610a91244b6b08bf174e8c18"",""fd8944d28a6765dc3db6a34157159537dc8e30c667e01bc96951d036ecdf86ed""]",1633,0.33766118531189104,0.2552754189644195,0.7240058310309334,3.7250583570533395,2.3628775252833267,0.6091863789243924,0.867372661525832
5,89,source_shrinkage_adapter,5,5,1633,151,"[""25fa32d950cdf305f8d95defcc6c07b792e2447dc359de123d43ac8ce2009c72"",""732d2f3e4564167d3e55ec4554f280ec1f558f1b92573ee23657b2409fddbc1e"",""a82f553f80ba8c9865f21e7220a8630c3956bfa2091460624b77406d7b6e223a"",""d598441fe1e20eda12d74fb07698721405420fd4610a91244b6b08bf174e8c18"",""fd8944d28a6765dc3db6a34157159537dc8e30c667e01bc96951d036ecdf86ed""]",1633,0.3200399451003277,0.24061211764645316,0.7520603408636697,3.608130512928192,2.277218015707057,0.6333362236735834,0.8716833941614668
5,89,target_only_ridge,5,5,1633,151,"[""25fa32d950cdf305f8d95defcc6c07b792e2447dc359de123d43ac8ce2009c72"",""732d2f3e4564167d3e55ec4554f280ec1f558f1b92573ee23657b2409fddbc1e"",""a82f553f80ba8c9865f21e7220a8630c3956bfa2091460624b77406d7b6e223a"",""d598441fe1e20eda12d74fb07698721405420fd4610a91244b6b08bf174e8c18"",""fd8944d28a6765dc3db6a34157159537dc8e30c667e01bc96951d036ecdf86ed""]",1633,0.6918082998822275,0.5715474495615965,-0.15853500781093754,7.30745832032716,4.773887553030534,-0.503959786483344,-0.040490406938437994
5,89,anchor_constant,5,5,1633,151,"[""25fa32d950cdf305f8d95defcc6c07b792e2447dc359de123d43ac8ce2009c72"",""732d2f3e4564167d3e55ec4554f280ec1f558f1b92573ee23657b2409fddbc1e"",""a82f553f80ba8c9865f21e7220a8630c3956bfa2091460624b77406d7b6e223a"",""d598441fe1e20eda12d74fb07698721405420fd4610a91244b6b08bf174e8c18"",""fd8944d28a6765dc3db6a34157159537dc8e30c667e01bc96951d036ecdf86ed""]",1633,0.6886881137052534,0.5734881425387414,-0.14810815083146878,7.318633344958526,4.803611075129925,-0.5085632034087209,
5,90,source_frozen,5,5,1629,151,"[""25fa32d950cdf305f8d95defcc6c07b792e2447dc359de123d43ac8ce2009c72"",""5abace9e267ae282b47544029d874fd0ec8d5e459da02f766d0f2d20cea89504"",""a82f553f80ba8c9865f21e7220a8630c3956bfa2091460624b77406d7b6e223a"",""d598441fe1e20eda12d74fb07698721405420fd4610a91244b6b08bf174e8c18"",""fd8944d28a6765dc3db6a34157159537dc8e30c667e01bc96951d036ecdf86ed""]",1629,0.3381657924606506,0.2558020420260076,0.7232655977468183,3.7266140099207257,2.365642352710382,0.6074830649629865,0.8661688298973954
5,90,source_shrinkage_adapter,5,5,1629,151,"[""25fa32d950cdf305f8d95defcc6c07b792e2447dc359de123d43ac8ce2009c72"",""5abace9e267ae282b47544029d874fd0ec8d5e459da02f766d0f2d20cea89504"",""a82f553f80ba8c9865f21e7220a8630c3956bfa2091460624b77406d7b6e223a"",""d598441fe1e20eda12d74fb07698721405420fd4610a91244b6b08bf174e8c18"",""fd8944d28a6765dc3db6a34157159537dc8e30c667e01bc96951d036ecdf86ed""]",1629,0.32020992123274733,0.24323363580477697,0.7518733731991987,3.396702607875515,2.2880579180447174,0.6739046366981101,0.8713921998566171
5,90,target_only_ridge,5,5,1629,151,"[""25fa32d950cdf305f8d95defcc6c07b792e2447dc359de123d43ac8ce2009c72"",""5abace9e267ae282b47544029d874fd0ec8d5e459da02f766d0f2d20cea89504"",""a82f553f80ba8c9865f21e7220a8630c3956bfa2091460624b77406d7b6e223a"",""d598441fe1e20eda12d74fb07698721405420fd4610a91244b6b08bf174e8c18"",""fd8944d28a6765dc3db6a34157159537dc8e30c667e01bc96951d036ecdf86ed""]",1629,0.6449768312178676,0.4967224515636981,-0.006681372233453109,6.539017851703939,4.382672968145536,-0.2085221658793326,0.06710067766707267
5,90,anchor_constant,5,5,1629,151,"[""25fa32d950cdf305f8d95defcc6c07b792e2447dc359de123d43ac8ce2009c72"",""5abace9e267ae282b47544029d874fd0ec8d5e459da02f766d0f2d20cea89504"",""a82f553f80ba8c9865f21e7220a8630c3956bfa2091460624b77406d7b6e223a"",""d598441fe1e20eda12d74fb07698721405420fd4610a91244b6b08bf174e8c18"",""fd8944d28a6765dc3db6a34157159537dc8e30c667e01bc96951d036ecdf86ed""]",1629,0.6677797354610963,0.5470037334344854,-0.07912132640180003,7.148003507474039,4.683178237507514,-0.4441060525921996,
5,91,source_frozen,5,5,1630,151,"[""25fa32d950cdf305f8d95defcc6c07b792e2447dc359de123d43ac8ce2009c72"",""a82f553f80ba8c9865f21e7220a8630c3956bfa2091460624b77406d7b6e223a"",""d598441fe1e20eda12d74fb07698721405420fd4610a91244b6b08bf174e8c18"",""fbb22bc8ea7897813b24a369f87c8c840f88fcf8df2fa092b7585c7252f3562b"",""fd8944d28a6765dc3db6a34157159537dc8e30c667e01bc96951d036ecdf86ed""]",1630,0.3381355781021162,0.2558514473063637,0.7232443707476837,3.728593084064411,2.3673776143717142,0.6073369804677196,0.8662074934134788
5,91,source_shrinkage_adapter,5,5,1630,151,"[""25fa32d950cdf305f8d95defcc6c07b792e2447dc359de123d43ac8ce2009c72"",""a82f553f80ba8c9865f21e7220a8630c3956bfa2091460624b77406d7b6e223a"",""d598441fe1e20eda12d74fb07698721405420fd4610a91244b6b08bf174e8c18"",""fbb22bc8ea7897813b24a369f87c8c840f88fcf8df2fa092b7585c7252f3562b"",""fd8944d28a6765dc3db6a34157159537dc8e30c667e01bc96951d036ecdf86ed""]",1630,0.3212839758295339,0.2440107183852622,0.7501422318766111,3.3896244385604817,2.2911894322988213,0.6754861873338427,0.8716893843499115
5,91,target_only_ridge,5,5,1630,151,"[""25fa32d950cdf305f8d95defcc6c07b792e2447dc359de123d43ac8ce2009c72"",""a82f553f80ba8c9865f21e7220a8630c3956bfa2091460624b77406d7b6e223a"",""d598441fe1e20eda12d74fb07698721405420fd4610a91244b6b08bf174e8c18"",""fbb22bc8ea7897813b24a369f87c8c840f88fcf8df2fa092b7585c7252f3562b"",""fd8944d28a6765dc3db6a34157159537dc8e30c667e01bc96951d036ecdf86ed""]",1630,0.6465291124718648,0.5001619772702863,-0.011791196234619994,6.610361951415147,4.411161902781915,-0.2341856784893066,0.037634985857236784
5,91,anchor_constant,5,5,1630,151,"[""25fa32d950cdf305f8d95defcc6c07b792e2447dc359de123d43ac8ce2009c72"",""a82f553f80ba8c9865f21e7220a8630c3956bfa2091460624b77406d7b6e223a"",""d598441fe1e20eda12d74fb07698721405420fd4610a91244b6b08bf174e8c18"",""fbb22bc8ea7897813b24a369f87c8c840f88fcf8df2fa092b7585c7252f3562b"",""fd8944d28a6765dc3db6a34157159537dc8e30c667e01bc96951d036ecdf86ed""]",1630,0.6750868860752391,0.5565995361055063,-0.10314872828166344,7.212881456540927,4.726838989760205,-0.4694256340412566,
5,92,source_frozen,5,5,1629,151,"[""25fa32d950cdf305f8d95defcc6c07b792e2447dc359de123d43ac8ce2009c72"",""62732037e92aac66a3b4461d385ea64ee8dc678d5157665996e87c3bdcce7c94"",""a82f553f80ba8c9865f21e7220a8630c3956bfa2091460624b77406d7b6e223a"",""d598441fe1e20eda12d74fb07698721405420fd4610a91244b6b08bf174e8c18"",""fd8944d28a6765dc3db6a34157159537dc8e30c667e01bc96951d036ecdf86ed""]",1629,0.33794527650927836,0.25544262793582256,0.7236511063721951,3.731669940544763,2.37040214046907,0.6082290080531398,0.8665117987317282
5,92,source_shrinkage_adapter,5,5,1629,151,"[""25fa32d950cdf305f8d95defcc6c07b792e2447dc359de123d43ac8ce2009c72"",""62732037e92aac66a3b4461d385ea64ee8dc678d5157665996e87c3bdcce7c94"",""a82f553f80ba8c9865f21e7220a8630c3956bfa2091460624b77406d7b6e223a"",""d598441fe1e20eda12d74fb07698721405420fd4610a91244b6b08bf174e8c18"",""fd8944d28a6765dc3db6a34157159537dc8e30c667e01bc96951d036ecdf86ed""]",1629,0.3195122412270121,0.24300624184713424,0.7529755323072491,3.3935481689067704,2.3095495966912996,0.6760083154498479,0.8711994897526928
5,92,target_only_ridge,5,5,1629,151,"[""25fa32d950cdf305f8d95defcc6c07b792e2447dc359de123d43ac8ce2009c72"",""62732037e92aac66a3b4461d385ea64ee8dc678d5157665996e87c3bdcce7c94"",""a82f553f80ba8c9865f21e7220a8630c3956bfa2091460624b77406d7b6e223a"",""d598441fe1e20eda12d74fb07698721405420fd4610a91244b6b08bf174e8c18"",""fd8944d28a6765dc3db6a34157159537dc8e30c667e01bc96951d036ecdf86ed""]",1629,0.646321997616424,0.4962364658430352,-0.01079443856191653,6.528047326130479,4.395431211639835,-0.1989261044531736,0.05386443359006722
5,92,anchor_constant,5,5,1629,151,"[""25fa32d950cdf305f8d95defcc6c07b792e2447dc359de123d43ac8ce2009c72"",""62732037e92aac66a3b4461d385ea64ee8dc678d5157665996e87c3bdcce7c94"",""a82f553f80ba8c9865f21e7220a8630c3956bfa2091460624b77406d7b6e223a"",""d598441fe1e20eda12d74fb07698721405420fd4610a91244b6b08bf174e8c18"",""fd8944d28a6765dc3db6a34157159537dc8e30c667e01bc96951d036ecdf86ed""]",1629,0.6656387446934391,0.5439459712770727,-0.07211693154816667,7.147582179303448,4.688652960034347,-0.43728913469379327,
5,93,source_frozen,5,5,1621,151,"[""25fa32d950cdf305f8d95defcc6c07b792e2447dc359de123d43ac8ce2009c72"",""a82f553f80ba8c9865f21e7220a8630c3956bfa2091460624b77406d7b6e223a"",""b442f7dda582a1daed3ae4bfd8c18036a652cd6dedc3d3f0cca7a453143ddd63"",""d598441fe1e20eda12d74fb07698721405420fd4610a91244b6b08bf174e8c18"",""fd8944d28a6765dc3db6a34157159537dc8e30c667e01bc96951d036ecdf86ed""]",1621,0.338270717575309,0.25552739663288887,0.7232174636777216,3.7381766101134457,2.3737515053930505,0.60775909834265,0.866953901171976
5,93,source_shrinkage_adapter,5,5,1621,151,"[""25fa32d950cdf305f8d95defcc6c07b792e2447dc359de123d43ac8ce2009c72"",""a82f553f80ba8c9865f21e7220a8630c3956bfa2091460624b77406d7b6e223a"",""b442f7dda582a1daed3ae4bfd8c18036a652cd6dedc3d3f0cca7a453143ddd63"",""d598441fe1e20eda12d74fb07698721405420fd4610a91244b6b08bf174e8c18"",""fd8944d28a6765dc3db6a34157159537dc8e30c667e01bc96951d036ecdf86ed""]",1621,0.32146178829964384,0.24264593760530148,0.7500411096239754,3.4209812893569507,2.2675655926318417,0.6715005515049493,0.8724745486144604
5,93,target_only_ridge,5,5,1621,151,"[""25fa32d950cdf305f8d95defcc6c07b792e2447dc359de123d43ac8ce2009c72"",""a82f553f80ba8c9865f21e7220a8630c3956bfa2091460624b77406d7b6e223a"",""b442f7dda582a1daed3ae4bfd8c18036a652cd6dedc3d3f0cca7a453143ddd63"",""d598441fe1e20eda12d74fb07698721405420fd4610a91244b6b08bf174e8c18"",""fd8944d28a6765dc3db6a34157159537dc8e30c667e01bc96951d036ecdf86ed""]",1621,0.7193957464397257,0.6039730559410383,-0.2518307247838041,7.479738904845552,4.907974236379241,-0.57038494630486,-0.01904491013522528
5,93,anchor_constant,5,5,1621,151,"[""25fa32d950cdf305f8d95defcc6c07b792e2447dc359de123d43ac8ce2009c72"",""a82f553f80ba8c9865f21e7220a8630c3956bfa2091460624b77406d7b6e223a"",""b442f7dda582a1daed3ae4bfd8c18036a652cd6dedc3d3f0cca7a453143ddd63"",""d598441fe1e20eda12d74fb07698721405420fd4610a91244b6b08bf174e8c18"",""fd8944d28a6765dc3db6a34157159537dc8e30c667e01bc96951d036ecdf86ed""]",1621,0.7047641678444475,0.5919556892111398,-0.20142732660595586,7.425371102726778,4.888667649712878,-0.547638675294627,
5,94,source_frozen,5,5,1621,151,"[""17ab7e91b1a82b47fb4d816070ebae0f9d73b318fcb752775ff1640c369d83b2"",""25fa32d950cdf305f8d95defcc6c07b792e2447dc359de123d43ac8ce2009c72"",""a82f553f80ba8c9865f21e7220a8630c3956bfa2091460624b77406d7b6e223a"",""d598441fe1e20eda12d74fb07698721405420fd4610a91244b6b08bf174e8c18"",""fd8944d28a6765dc3db6a34157159537dc8e30c667e01bc96951d036ecdf86ed""]",1621,0.3390848951555024,0.25713835707973426,0.7220037429081221,3.740270078358466,2.3795347836851652,0.6064279380253328,0.8654226280815042
5,94,source_shrinkage_adapter,5,5,1621,151,"[""17ab7e91b1a82b47fb4d816070ebae0f9d73b318fcb752775ff1640c369d83b2"",""25fa32d950cdf305f8d95defcc6c07b792e2447dc359de123d43ac8ce2009c72"",""a82f553f80ba8c9865f21e7220a8630c3956bfa2091460624b77406d7b6e223a"",""d598441fe1e20eda12d74fb07698721405420fd4610a91244b6b08bf174e8c18"",""fd8944d28a6765dc3db6a34157159537dc8e30c667e01bc96951d036ecdf86ed""]",1621,0.32113818667145305,0.24523346595377318,0.7506519582333131,3.3969454996106934,2.3368327652328307,0.675364885148402,0.8701471052526736
5,94,target_only_ridge,5,5,1621,151,"[""17ab7e91b1a82b47fb4d816070ebae0f9d73b318fcb752775ff1640c369d83b2"",""25fa32d950cdf305f8d95defcc6c07b792e2447dc359de123d43ac8ce2009c72"",""a82f553f80ba8c9865f21e7220a8630c3956bfa2091460624b77406d7b6e223a"",""d598441fe1e20eda12d74fb07698721405420fd4610a91244b6b08bf174e8c18"",""fd8944d28a6765dc3db6a34157159537dc8e30c667e01bc96951d036ecdf86ed""]",1621,0.6598137954875201,0.5307946690703724,-0.05260358187927938,7.0228417235555,4.5949841370155085,-0.38753548135228444,-0.034418484503722944
5,94,anchor_constant,5,5,1621,151,"[""17ab7e91b1a82b47fb4d816070ebae0f9d73b318fcb752775ff1640c369d83b2"",""25fa32d950cdf305f8d95defcc6c07b792e2447dc359de123d43ac8ce2009c72"",""a82f553f80ba8c9865f21e7220a8630c3956bfa2091460624b77406d7b6e223a"",""d598441fe1e20eda12d74fb07698721405420fd4610a91244b6b08bf174e8c18"",""fd8944d28a6765dc3db6a34157159537dc8e30c667e01bc96951d036ecdf86ed""]",1621,0.6902122140324103,0.5750165860299955,-0.15182722904176815,7.330752535892511,4.812252109498797,-0.5118734996498853,
5,95,source_frozen,5,5,1628,151,"[""25fa32d950cdf305f8d95defcc6c07b792e2447dc359de123d43ac8ce2009c72"",""37ea801b183301b0c947bdb39c0279bb0e250496ad588e0def291c77f7ea81e4"",""a82f553f80ba8c9865f21e7220a8630c3956bfa2091460624b77406d7b6e223a"",""d598441fe1e20eda12d74fb07698721405420fd4610a91244b6b08bf174e8c18"",""fd8944d28a6765dc3db6a34157159537dc8e30c667e01bc96951d036ecdf86ed""]",1628,0.33562273513971425,0.2535374633174269,0.7276171830904709,3.719946389396156,2.357384982746838,0.6104055610211163,0.8685015713311994
5,95,source_shrinkage_adapter,5,5,1628,151,"[""25fa32d950cdf305f8d95defcc6c07b792e2447dc359de123d43ac8ce2009c72"",""37ea801b183301b0c947bdb39c0279bb0e250496ad588e0def291c77f7ea81e4"",""a82f553f80ba8c9865f21e7220a8630c3956bfa2091460624b77406d7b6e223a"",""d598441fe1e20eda12d74fb07698721405420fd4610a91244b6b08bf174e8c18"",""fd8944d28a6765dc3db6a34157159537dc8e30c667e01bc96951d036ecdf86ed""]",1628,0.31742360239266565,0.2421981044364969,0.7563561831458654,3.3932673829324753,2.335434031806682,0.6758279613034374,0.8729472048294726
5,95,target_only_ridge,5,5,1628,151,"[""25fa32d950cdf305f8d95defcc6c07b792e2447dc359de123d43ac8ce2009c72"",""37ea801b183301b0c947bdb39c0279bb0e250496ad588e0def291c77f7ea81e4"",""a82f553f80ba8c9865f21e7220a8630c3956bfa2091460624b77406d7b6e223a"",""d598441fe1e20eda12d74fb07698721405420fd4610a91244b6b08bf174e8c18"",""fd8944d28a6765dc3db6a34157159537dc8e30c667e01bc96951d036ecdf86ed""]",1628,0.6694539571647722,0.49411441193781114,-0.08372324396425146,6.141655341737771,4.41778720235859,-0.06196516022742138,0.08249911626472
5,95,anchor_constant,5,5,1628,151,"[""25fa32d950cdf305f8d95defcc6c07b792e2447dc359de123d43ac8ce2009c72"",""37ea801b183301b0c947bdb39c0279bb0e250496ad588e0def291c77f7ea81e4"",""a82f553f80ba8c9865f21e7220a8630c3956bfa2091460624b77406d7b6e223a"",""d598441fe1e20eda12d74fb07698721405420fd4610a91244b6b08bf174e8c18"",""fd8944d28a6765dc3db6a34157159537dc8e30c667e01bc96951d036ecdf86ed""]",1628,0.6570509242012139,0.5315978471857121,-0.04393876152469822,7.043953143402754,4.619858499680429,-0.3969224721908935,
5,96,source_frozen,5,5,1621,151,"[""25fa32d950cdf305f8d95defcc6c07b792e2447dc359de123d43ac8ce2009c72"",""6354af5cc44c0363f096f981bec634555e5ce95ac6745bae00a4c05dafbf6fb6"",""a82f553f80ba8c9865f21e7220a8630c3956bfa2091460624b77406d7b6e223a"",""d598441fe1e20eda12d74fb07698721405420fd4610a91244b6b08bf174e8c18"",""fd8944d28a6765dc3db6a34157159537dc8e30c667e01bc96951d036ecdf86ed""]",1621,0.338770663792928,0.25636235723203976,0.7227978293949255,3.7398459027332724,2.377946205278625,0.6074743186048203,0.8664738099865222
5,96,source_shrinkage_adapter,5,5,1621,151,"[""25fa32d950cdf305f8d95defcc6c07b792e2447dc359de123d43ac8ce2009c72"",""6354af5cc44c0363f096f981bec634555e5ce95ac6745bae00a4c05dafbf6fb6"",""a82f553f80ba8c9865f21e7220a8630c3956bfa2091460624b77406d7b6e223a"",""d598441fe1e20eda12d74fb07698721405420fd4610a91244b6b08bf174e8c18"",""fd8944d28a6765dc3db6a34157159537dc8e30c667e01bc96951d036ecdf86ed""]",1621,0.3215458162489549,0.243257203590634,0.7502699737327159,3.415108553189145,2.2742916816912286,0.6726821528071676,0.8720465093107944
5,96,target_only_ridge,5,5,1621,151,"[""25fa32d950cdf305f8d95defcc6c07b792e2447dc359de123d43ac8ce2009c72"",""6354af5cc44c0363f096f981bec634555e5ce95ac6745bae00a4c05dafbf6fb6"",""a82f553f80ba8c9865f21e7220a8630c3956bfa2091460624b77406d7b6e223a"",""d598441fe1e20eda12d74fb07698721405420fd4610a91244b6b08bf174e8c18"",""fd8944d28a6765dc3db6a34157159537dc8e30c667e01bc96951d036ecdf86ed""]",1621,0.6957022090347121,0.5771370918390533,-0.16904654085698856,7.355681474057798,4.808858831209712,-0.5184709563569512,-0.04723432405876154
5,96,anchor_constant,5,5,1621,151,"[""25fa32d950cdf305f8d95defcc6c07b792e2447dc359de123d43ac8ce2009c72"",""6354af5cc44c0363f096f981bec634555e5ce95ac6745bae00a4c05dafbf6fb6"",""a82f553f80ba8c9865f21e7220a8630c3956bfa2091460624b77406d7b6e223a"",""d598441fe1e20eda12d74fb07698721405420fd4610a91244b6b08bf174e8c18"",""fd8944d28a6765dc3db6a34157159537dc8e30c667e01bc96951d036ecdf86ed""]",1621,0.6977017060908781,0.5838746580115163,-0.17577604139207548,7.384916757824224,4.8563490486946455,-0.5305653216965303,
5,97,source_frozen,5,5,1631,151,"[""25fa32d950cdf305f8d95defcc6c07b792e2447dc359de123d43ac8ce2009c72"",""5ad06b734f57f7be27a36982588433825440fa4781351395719328eb52913511"",""a82f553f80ba8c9865f21e7220a8630c3956bfa2091460624b77406d7b6e223a"",""d598441fe1e20eda12d74fb07698721405420fd4610a91244b6b08bf174e8c18"",""fd8944d28a6765dc3db6a34157159537dc8e30c667e01bc96951d036ecdf86ed""]",1631,0.3379557265184804,0.2556483921681326,0.7232329742405884,3.7245589795394807,2.3634615277741573,0.6069906975461182,0.8662931531531749
5,97,source_shrinkage_adapter,5,5,1631,151,"[""25fa32d950cdf305f8d95defcc6c07b792e2447dc359de123d43ac8ce2009c72"",""5ad06b734f57f7be27a36982588433825440fa4781351395719328eb52913511"",""a82f553f80ba8c9865f21e7220a8630c3956bfa2091460624b77406d7b6e223a"",""d598441fe1e20eda12d74fb07698721405420fd4610a91244b6b08bf174e8c18"",""fd8944d28a6765dc3db6a34157159537dc8e30c667e01bc96951d036ecdf86ed""]",1631,0.319238914469038,0.24258398750780286,0.7530401356792995,3.407985639613765,2.283990574120034,0.6709600498965693,0.871053221134798
5,97,target_only_ridge,5,5,1631,151,"[""25fa32d950cdf305f8d95defcc6c07b792e2447dc359de123d43ac8ce2009c72"",""5ad06b734f57f7be27a36982588433825440fa4781351395719328eb52913511"",""a82f553f80ba8c9865f21e7220a8630c3956bfa2091460624b77406d7b6e223a"",""d598441fe1e20eda12d74fb07698721405420fd4610a91244b6b08bf174e8c18"",""fd8944d28a6765dc3db6a34157159537dc8e30c667e01bc96951d036ecdf86ed""]",1631,0.6648677204202965,0.49299769370865315,-0.07118682812512445,6.229437808677808,4.370194814436805,-0.09938758244940149,0.034100320359615216
5,97,anchor_constant,5,5,1631,151,"[""25fa32d950cdf305f8d95defcc6c07b792e2447dc359de123d43ac8ce2009c72"",""5ad06b734f57f7be27a36982588433825440fa4781351395719328eb52913511"",""a82f553f80ba8c9865f21e7220a8630c3956bfa2091460624b77406d7b6e223a"",""d598441fe1e20eda12d74fb07698721405420fd4610a91244b6b08bf174e8c18"",""fd8944d28a6765dc3db6a34157159537dc8e30c667e01bc96951d036ecdf86ed""]",1631,0.6664689840197217,0.5452565867946095,-0.07635272180719688,7.130376042350706,4.669974880337638,-0.4403830002706486,
5,98,source_frozen,5,5,1628,151,"[""25fa32d950cdf305f8d95defcc6c07b792e2447dc359de123d43ac8ce2009c72"",""a471504e845cbe8ff1746db2f6d57a4746a439368f5b02ce6877e66f6c73a331"",""a82f553f80ba8c9865f21e7220a8630c3956bfa2091460624b77406d7b6e223a"",""d598441fe1e20eda12d74fb07698721405420fd4610a91244b6b08bf174e8c18"",""fd8944d28a6765dc3db6a34157159537dc8e30c667e01bc96951d036ecdf86ed""]",1628,0.3375469505617278,0.25527672834824994,0.722789740010814,3.7328686792270136,2.3724091681021062,0.6076945491183943,0.8662710798029724
5,98,source_shrinkage_adapter,5,5,1628,151,"[""25fa32d950cdf305f8d95defcc6c07b792e2447dc359de123d43ac8ce2009c72"",""a471504e845cbe8ff1746db2f6d57a4746a439368f5b02ce6877e66f6c73a331"",""a82f553f80ba8c9865f21e7220a8630c3956bfa2091460624b77406d7b6e223a"",""d598441fe1e20eda12d74fb07698721405420fd4610a91244b6b08bf174e8c18"",""fd8944d28a6765dc3db6a34157159537dc8e30c667e01bc96951d036ecdf86ed""]",1628,0.32116769277928414,0.24536923594261942,0.7490399304488047,3.396140366924842,2.3614251100674277,0.6752791445055961,0.8709851350164681
5,98,target_only_ridge,5,5,1628,151,"[""25fa32d950cdf305f8d95defcc6c07b792e2447dc359de123d43ac8ce2009c72"",""a471504e845cbe8ff1746db2f6d57a4746a439368f5b02ce6877e66f6c73a331"",""a82f553f80ba8c9865f21e7220a8630c3956bfa2091460624b77406d7b6e223a"",""d598441fe1e20eda12d74fb07698721405420fd4610a91244b6b08bf174e8c18"",""fd8944d28a6765dc3db6a34157159537dc8e30c667e01bc96951d036ecdf86ed""]",1628,0.7178964030648043,0.602899218116213,-0.25390454662801454,7.46270519971103,4.897913047627408,-0.5679474047251327,-0.028891813219329994
5,98,anchor_constant,5,5,1628,151,"[""25fa32d950cdf305f8d95defcc6c07b792e2447dc359de123d43ac8ce2009c72"",""a471504e845cbe8ff1746db2f6d57a4746a439368f5b02ce6877e66f6c73a331"",""a82f553f80ba8c9865f21e7220a8630c3956bfa2091460624b77406d7b6e223a"",""d598441fe1e20eda12d74fb07698721405420fd4610a91244b6b08bf174e8c18"",""fd8944d28a6765dc3db6a34157159537dc8e30c667e01bc96951d036ecdf86ed""]",1628,0.7052369329487516,0.5928979935600457,-0.21007146117088138,7.422371310428291,4.88549329310631,-0.551044548718558,
5,99,source_frozen,5,5,1625,151,"[""25fa32d950cdf305f8d95defcc6c07b792e2447dc359de123d43ac8ce2009c72"",""a82f553f80ba8c9865f21e7220a8630c3956bfa2091460624b77406d7b6e223a"",""b661f55519801041c7d52d0756a3d054d5788762d84098dfb05b2907bae1aa2f"",""d598441fe1e20eda12d74fb07698721405420fd4610a91244b6b08bf174e8c18"",""fd8944d28a6765dc3db6a34157159537dc8e30c667e01bc96951d036ecdf86ed""]",1625,0.3383026875267,0.2557963412849163,0.7238571597887622,3.734728067792436,2.371135489404076,0.6083522558092312,0.8673820808037682
5,99,source_shrinkage_adapter,5,5,1625,151,"[""25fa32d950cdf305f8d95defcc6c07b792e2447dc359de123d43ac8ce2009c72"",""a82f553f80ba8c9865f21e7220a8630c3956bfa2091460624b77406d7b6e223a"",""b661f55519801041c7d52d0756a3d054d5788762d84098dfb05b2907bae1aa2f"",""d598441fe1e20eda12d74fb07698721405420fd4610a91244b6b08bf174e8c18"",""fd8944d28a6765dc3db6a34157159537dc8e30c667e01bc96951d036ecdf86ed""]",1625,0.3212046489134279,0.2431204623747393,0.7510646709604456,3.393530930295037,2.276706790484824,0.6766437332153544,0.872947562455253
5,99,target_only_ridge,5,5,1625,151,"[""25fa32d950cdf305f8d95defcc6c07b792e2447dc359de123d43ac8ce2009c72"",""a82f553f80ba8c9865f21e7220a8630c3956bfa2091460624b77406d7b6e223a"",""b661f55519801041c7d52d0756a3d054d5788762d84098dfb05b2907bae1aa2f"",""d598441fe1e20eda12d74fb07698721405420fd4610a91244b6b08bf174e8c18"",""fd8944d28a6765dc3db6a34157159537dc8e30c667e01bc96951d036ecdf86ed""]",1625,0.7569419046372152,0.6447252078988087,-0.3824454035054121,7.612108886754212,5.023279766364906,-0.6270003348583331,0.01721357570721138
5,99,anchor_constant,5,5,1625,151,"[""25fa32d950cdf305f8d95defcc6c07b792e2447dc359de123d43ac8ce2009c72"",""a82f553f80ba8c9865f21e7220a8630c3956bfa2091460624b77406d7b6e223a"",""b661f55519801041c7d52d0756a3d054d5788762d84098dfb05b2907bae1aa2f"",""d598441fe1e20eda12d74fb07698721405420fd4610a91244b6b08bf174e8c18"",""fd8944d28a6765dc3db6a34157159537dc8e30c667e01bc96951d036ecdf86ed""]",1625,0.7073137076371091,0.5950601097609558,-0.2071105372658908,7.430753120407374,4.8910275338914655,-0.5503984424427311,
