scope,seed,policy,budget,candidate_n,true_top_n,auc20,first_hit,recall_at_10,best_y_at_10,regret_at_10,recall_at_20,best_y_at_20,regret_at_20,recall_at_40,best_y_at_40,regret_at_40
external_candidate,0,uniform_random,40,144,8,12.0,9,0.125,-2.1870866433571443,0.6342446746993635,0.125,-2.1870866433571443,0.6342446746993635,0.375,-2.000869458712629,0.4480274900548482
external_candidate,0,composition_novelty,40,144,8,0.0,41,0.0,-2.690369832574101,1.13752786391632,0.0,-2.690369832574101,1.13752786391632,0.0,-2.690369832574101,1.13752786391632
external_candidate,0,safe_target_novelty,40,144,8,4.0,17,0.0,-3.8538719643217614,2.3010299956639804,0.125,-1.5528419686577808,0.0,0.25,-1.5528419686577808,0.0
external_candidate,0,obelix_same_property_static,40,144,8,33.0,1,0.25,-1.5528419686577808,0.0,0.25,-1.5528419686577808,0.0,0.5,-1.5528419686577808,0.0
external_candidate,0,estm_transport_neighbor_static,40,144,8,45.0,5,0.375,-1.7212463990471711,0.16840443038939035,0.375,-1.7212463990471711,0.16840443038939035,0.75,-1.619788758288394,0.06694678963061329
external_candidate,0,borg_mechanical_static_control,40,144,8,0.0,41,0.0,-2.6989700043360187,1.146128035678238,0.0,-2.2494916051486538,0.696649636490873,0.0,-2.2494916051486538,0.696649636490873
external_candidate,0,ocx_catalysis_static_control,40,144,8,0.0,41,0.0,-2.958607314841775,1.4057653461839943,0.0,-2.958607314841775,1.4057653461839943,0.0,-2.2494916051486538,0.696649636490873
external_candidate,0,shuffled_obelix_static_control,40,144,8,0.0,27,0.0,-2.856985199745905,1.3041432310881242,0.0,-2.2494916051486538,0.696649636490873,0.375,-1.5528419686577808,0.0
external_candidate,0,safe_obelix_residual,40,144,8,0.0,27,0.0,-3.8538719643217614,2.3010299956639804,0.0,-3.0296531237699065,1.4768111551121257,0.25,-1.5528419686577808,0.0
external_candidate,0,safe_estm_residual,40,144,8,0.0,40,0.0,-4.070581074285707,2.5177391056279266,0.0,-2.690369832574101,1.13752786391632,0.125,-1.5528419686577808,0.0
external_candidate,0,safe_borg_residual_control,40,144,8,4.0,17,0.0,-3.8538719643217614,2.3010299956639804,0.125,-1.5528419686577808,0.0,0.25,-1.5528419686577808,0.0
external_candidate,0,safe_ocx_residual_control,40,144,8,2.0,19,0.0,-3.8538719643217614,2.3010299956639804,0.125,-1.5528419686577808,0.0,0.25,-1.5528419686577808,0.0
external_candidate,0,safe_shuffled_obelix_control,40,144,8,0.0,30,0.0,-3.8538719643217614,2.3010299956639804,0.0,-2.690369832574101,1.13752786391632,0.25,-1.5528419686577808,0.0
external_candidate,0,safe_multisource_residual,40,144,8,1.0,20,0.0,-4.070581074285707,2.5177391056279266,0.125,-1.5528419686577808,0.0,0.25,-1.5528419686577808,0.0
external_candidate,0,safe_multisource_novelty_band,40,144,8,0.0,38,0.0,-4.4388986163509445,2.886056647693164,0.0,-3.474955192963155,1.922113224305374,0.125,-1.5528419686577808,0.0
external_candidate,1,uniform_random,40,144,8,0.0,41,0.0,-2.690369832574101,1.13752786391632,0.0,-2.690369832574101,1.13752786391632,0.0,-2.3279021420642825,0.7750601734065017
external_candidate,1,composition_novelty,40,144,8,0.0,41,0.0,-2.690369832574101,1.13752786391632,0.0,-2.690369832574101,1.13752786391632,0.0,-2.690369832574101,1.13752786391632
external_candidate,1,safe_target_novelty,40,144,8,0.0,41,0.0,-3.0296531237699065,1.4768111551121257,0.0,-3.022733787572707,1.4698918189149264,0.0,-2.903089986991944,1.3502480183341634
external_candidate,1,obelix_same_property_static,40,144,8,33.0,1,0.25,-1.5528419686577808,0.0,0.25,-1.5528419686577808,0.0,0.5,-1.5528419686577808,0.0
external_candidate,1,estm_transport_neighbor_static,40,144,8,45.0,5,0.375,-1.7212463990471711,0.16840443038939035,0.375,-1.7212463990471711,0.16840443038939035,0.75,-1.619788758288394,0.06694678963061329
external_candidate,1,borg_mechanical_static_control,40,144,8,0.0,41,0.0,-2.6989700043360187,1.146128035678238,0.0,-2.2494916051486538,0.696649636490873,0.0,-2.2494916051486538,0.696649636490873
external_candidate,1,ocx_catalysis_static_control,40,144,8,0.0,41,0.0,-2.958607314841775,1.4057653461839943,0.0,-2.958607314841775,1.4057653461839943,0.0,-2.2494916051486538,0.696649636490873
external_candidate,1,shuffled_obelix_static_control,40,144,8,16.0,5,0.125,-2.1870866433571443,0.6342446746993635,0.125,-2.1870866433571443,0.6342446746993635,0.125,-2.1870866433571443,0.6342446746993635
external_candidate,1,safe_obelix_residual,40,144,8,0.0,41,0.0,-2.690369832574101,1.13752786391632,0.0,-2.690369832574101,1.13752786391632,0.0,-2.690369832574101,1.13752786391632
external_candidate,1,safe_estm_residual,40,144,8,0.0,41,0.0,-3.0296531237699065,1.4768111551121257,0.0,-3.022733787572707,1.4698918189149264,0.0,-2.903089986991944,1.3502480183341634
external_candidate,1,safe_borg_residual_control,40,144,8,0.0,41,0.0,-3.05453141486818,1.5016894462103993,0.0,-3.022733787572707,1.4698918189149264,0.0,-2.962573502059376,1.4097315334015954
external_candidate,1,safe_ocx_residual_control,40,144,8,0.0,41,0.0,-3.0296531237699065,1.4768111551121257,0.0,-3.022733787572707,1.4698918189149264,0.0,-2.903089986991944,1.3502480183341634
external_candidate,1,safe_shuffled_obelix_control,40,144,8,0.0,40,0.0,-3.0296531237699065,1.4768111551121257,0.0,-2.903089986991944,1.3502480183341634,0.125,-1.5528419686577808,0.0
external_candidate,1,safe_multisource_residual,40,144,8,0.0,41,0.0,-2.690369832574101,1.13752786391632,0.0,-2.690369832574101,1.13752786391632,0.0,-2.690369832574101,1.13752786391632
external_candidate,1,safe_multisource_novelty_band,40,144,8,0.0,41,0.0,-3.022733787572707,1.4698918189149264,0.0,-3.022733787572707,1.4698918189149264,0.0,-2.690369832574101,1.13752786391632
external_candidate,2,uniform_random,40,144,8,22.0,3,0.125,-2.2006594505464183,0.6478174818886375,0.25,-1.7212463990471711,0.16840443038939035,0.25,-1.7212463990471711,0.16840443038939035
external_candidate,2,composition_novelty,40,144,8,0.0,41,0.0,-2.690369832574101,1.13752786391632,0.0,-2.690369832574101,1.13752786391632,0.0,-2.690369832574101,1.13752786391632
external_candidate,2,safe_target_novelty,40,144,8,0.0,41,0.0,-2.690369832574101,1.13752786391632,0.0,-2.690369832574101,1.13752786391632,0.0,-2.2992962828549808,0.7464543141972
external_candidate,2,obelix_same_property_static,40,144,8,33.0,1,0.25,-1.5528419686577808,0.0,0.25,-1.5528419686577808,0.0,0.5,-1.5528419686577808,0.0
external_candidate,2,estm_transport_neighbor_static,40,144,8,45.0,5,0.375,-1.7212463990471711,0.16840443038939035,0.375,-1.7212463990471711,0.16840443038939035,0.75,-1.619788758288394,0.06694678963061329
external_candidate,2,borg_mechanical_static_control,40,144,8,0.0,41,0.0,-2.6989700043360187,1.146128035678238,0.0,-2.2494916051486538,0.696649636490873,0.0,-2.2494916051486538,0.696649636490873
external_candidate,2,ocx_catalysis_static_control,40,144,8,0.0,41,0.0,-2.958607314841775,1.4057653461839943,0.0,-2.958607314841775,1.4057653461839943,0.0,-2.2494916051486538,0.696649636490873
external_candidate,2,shuffled_obelix_static_control,40,144,8,0.0,33,0.0,-2.958607314841775,1.4057653461839943,0.0,-2.4989407377822483,0.9460987691244676,0.125,-2.2006594505464183,0.6478174818886375
external_candidate,2,safe_obelix_residual,40,144,8,0.0,41,0.0,-2.690369832574101,1.13752786391632,0.0,-2.2992962828549808,0.7464543141972,0.0,-2.2992962828549808,0.7464543141972
external_candidate,2,safe_estm_residual,40,144,8,0.0,41,0.0,-2.690369832574101,1.13752786391632,0.0,-2.690369832574101,1.13752786391632,0.0,-2.2992962828549808,0.7464543141972
external_candidate,2,safe_borg_residual_control,40,144,8,0.0,41,0.0,-2.690369832574101,1.13752786391632,0.0,-2.690369832574101,1.13752786391632,0.0,-2.2992962828549808,0.7464543141972
external_candidate,2,safe_ocx_residual_control,40,144,8,0.0,41,0.0,-2.690369832574101,1.13752786391632,0.0,-2.690369832574101,1.13752786391632,0.0,-2.2992962828549808,0.7464543141972
external_candidate,2,safe_shuffled_obelix_control,40,144,8,0.0,41,0.0,-2.690369832574101,1.13752786391632,0.0,-2.690369832574101,1.13752786391632,0.0,-2.2992962828549808,0.7464543141972
external_candidate,2,safe_multisource_residual,40,144,8,0.0,41,0.0,-2.690369832574101,1.13752786391632,0.0,-2.690369832574101,1.13752786391632,0.0,-2.2992962828549808,0.7464543141972
external_candidate,2,safe_multisource_novelty_band,40,144,8,0.0,41,0.0,-3.0296531237699065,1.4768111551121257,0.0,-2.690369832574101,1.13752786391632,0.0,-2.2992962828549808,0.7464543141972
external_candidate,3,uniform_random,40,144,8,12.0,9,0.125,-1.5528419686577808,0.0,0.125,-1.5528419686577808,0.0,0.25,-1.5528419686577808,0.0
external_candidate,3,composition_novelty,40,144,8,0.0,41,0.0,-2.690369832574101,1.13752786391632,0.0,-2.690369832574101,1.13752786391632,0.0,-2.690369832574101,1.13752786391632
external_candidate,3,safe_target_novelty,40,144,8,0.0,41,0.0,-2.690369832574101,1.13752786391632,0.0,-2.690369832574101,1.13752786391632,0.0,-2.690369832574101,1.13752786391632
external_candidate,3,obelix_same_property_static,40,144,8,33.0,1,0.25,-1.5528419686577808,0.0,0.25,-1.5528419686577808,0.0,0.5,-1.5528419686577808,0.0
external_candidate,3,estm_transport_neighbor_static,40,144,8,45.0,5,0.375,-1.7212463990471711,0.16840443038939035,0.375,-1.7212463990471711,0.16840443038939035,0.75,-1.619788758288394,0.06694678963061329
external_candidate,3,borg_mechanical_static_control,40,144,8,0.0,41,0.0,-2.6989700043360187,1.146128035678238,0.0,-2.2494916051486538,0.696649636490873,0.0,-2.2494916051486538,0.696649636490873
external_candidate,3,ocx_catalysis_static_control,40,144,8,0.0,41,0.0,-2.958607314841775,1.4057653461839943,0.0,-2.958607314841775,1.4057653461839943,0.0,-2.2494916051486538,0.696649636490873
external_candidate,3,shuffled_obelix_static_control,40,144,8,17.0,4,0.125,-1.769551078621726,0.2167091099639451,0.125,-1.769551078621726,0.2167091099639451,0.125,-1.769551078621726,0.2167091099639451
external_candidate,3,safe_obelix_residual,40,144,8,0.0,41,0.0,-2.690369832574101,1.13752786391632,0.0,-2.690369832574101,1.13752786391632,0.0,-2.690369832574101,1.13752786391632
external_candidate,3,safe_estm_residual,40,144,8,0.0,41,0.0,-2.690369832574101,1.13752786391632,0.0,-2.690369832574101,1.13752786391632,0.0,-2.690369832574101,1.13752786391632
external_candidate,3,safe_borg_residual_control,40,144,8,0.0,41,0.0,-2.690369832574101,1.13752786391632,0.0,-2.690369832574101,1.13752786391632,0.0,-2.690369832574101,1.13752786391632
external_candidate,3,safe_ocx_residual_control,40,144,8,0.0,41,0.0,-2.690369832574101,1.13752786391632,0.0,-2.690369832574101,1.13752786391632,0.0,-2.690369832574101,1.13752786391632
external_candidate,3,safe_shuffled_obelix_control,40,144,8,0.0,41,0.0,-2.690369832574101,1.13752786391632,0.0,-2.690369832574101,1.13752786391632,0.0,-2.690369832574101,1.13752786391632
external_candidate,3,safe_multisource_residual,40,144,8,0.0,41,0.0,-2.903089986991944,1.3502480183341634,0.0,-2.903089986991944,1.3502480183341634,0.0,-2.903089986991944,1.3502480183341634
external_candidate,3,safe_multisource_novelty_band,40,144,8,0.0,41,0.0,-2.690369832574101,1.13752786391632,0.0,-2.690369832574101,1.13752786391632,0.0,-2.690369832574101,1.13752786391632
external_candidate,4,uniform_random,40,144,8,8.0,13,0.0,-2.7619538968712045,1.2091119282134237,0.125,-1.5528419686577808,0.0,0.125,-1.5528419686577808,0.0
external_candidate,4,composition_novelty,40,144,8,0.0,41,0.0,-2.690369832574101,1.13752786391632,0.0,-2.690369832574101,1.13752786391632,0.0,-2.690369832574101,1.13752786391632
external_candidate,4,safe_target_novelty,40,144,8,0.0,38,0.0,-2.690369832574101,1.13752786391632,0.0,-2.690369832574101,1.13752786391632,0.125,-1.5528419686577808,0.0
external_candidate,4,obelix_same_property_static,40,144,8,33.0,1,0.25,-1.5528419686577808,0.0,0.25,-1.5528419686577808,0.0,0.5,-1.5528419686577808,0.0
external_candidate,4,estm_transport_neighbor_static,40,144,8,45.0,5,0.375,-1.7212463990471711,0.16840443038939035,0.375,-1.7212463990471711,0.16840443038939035,0.75,-1.619788758288394,0.06694678963061329
external_candidate,4,borg_mechanical_static_control,40,144,8,0.0,41,0.0,-2.6989700043360187,1.146128035678238,0.0,-2.2494916051486538,0.696649636490873,0.0,-2.2494916051486538,0.696649636490873
external_candidate,4,ocx_catalysis_static_control,40,144,8,0.0,41,0.0,-2.958607314841775,1.4057653461839943,0.0,-2.958607314841775,1.4057653461839943,0.0,-2.2494916051486538,0.696649636490873
external_candidate,4,shuffled_obelix_static_control,40,144,8,0.0,25,0.0,-3.0963674839157624,1.5435255152579817,0.0,-3.0963674839157624,1.5435255152579817,0.375,-1.5528419686577808,0.0
external_candidate,4,safe_obelix_residual,40,144,8,0.0,41,0.0,-2.690369832574101,1.13752786391632,0.0,-2.690369832574101,1.13752786391632,0.0,-2.690369832574101,1.13752786391632
external_candidate,4,safe_estm_residual,40,144,8,0.0,41,0.0,-2.690369832574101,1.13752786391632,0.0,-2.690369832574101,1.13752786391632,0.0,-2.690369832574101,1.13752786391632
external_candidate,4,safe_borg_residual_control,40,144,8,0.0,38,0.0,-2.690369832574101,1.13752786391632,0.0,-2.690369832574101,1.13752786391632,0.125,-1.5528419686577808,0.0
external_candidate,4,safe_ocx_residual_control,40,144,8,0.0,38,0.0,-2.690369832574101,1.13752786391632,0.0,-2.690369832574101,1.13752786391632,0.125,-1.5528419686577808,0.0
external_candidate,4,safe_shuffled_obelix_control,40,144,8,0.0,41,0.0,-2.690369832574101,1.13752786391632,0.0,-2.690369832574101,1.13752786391632,0.0,-2.690369832574101,1.13752786391632
external_candidate,4,safe_multisource_residual,40,144,8,0.0,41,0.0,-2.690369832574101,1.13752786391632,0.0,-2.690369832574101,1.13752786391632,0.0,-2.690369832574101,1.13752786391632
external_candidate,4,safe_multisource_novelty_band,40,144,8,0.0,41,0.0,-3.3809643969347203,1.8281224282769395,0.0,-2.690369832574101,1.13752786391632,0.0,-2.2992962828549808,0.7464543141972
external_candidate,5,uniform_random,40,144,8,1.0,20,0.0,-2.958607314841775,1.4057653461839943,0.125,-2.2006594505464183,0.6478174818886375,0.125,-2.2006594505464183,0.6478174818886375
external_candidate,5,composition_novelty,40,144,8,0.0,41,0.0,-2.690369832574101,1.13752786391632,0.0,-2.690369832574101,1.13752786391632,0.0,-2.690369832574101,1.13752786391632
external_candidate,5,safe_target_novelty,40,144,8,0.0,29,0.0,-4.070581074285707,2.5177391056279266,0.0,-3.0296531237699065,1.4768111551121257,0.125,-1.5528419686577808,0.0
external_candidate,5,obelix_same_property_static,40,144,8,33.0,1,0.25,-1.5528419686577808,0.0,0.25,-1.5528419686577808,0.0,0.5,-1.5528419686577808,0.0
external_candidate,5,estm_transport_neighbor_static,40,144,8,45.0,5,0.375,-1.7212463990471711,0.16840443038939035,0.375,-1.7212463990471711,0.16840443038939035,0.75,-1.619788758288394,0.06694678963061329
external_candidate,5,borg_mechanical_static_control,40,144,8,0.0,41,0.0,-2.6989700043360187,1.146128035678238,0.0,-2.2494916051486538,0.696649636490873,0.0,-2.2494916051486538,0.696649636490873
external_candidate,5,ocx_catalysis_static_control,40,144,8,0.0,41,0.0,-2.958607314841775,1.4057653461839943,0.0,-2.958607314841775,1.4057653461839943,0.0,-2.2494916051486538,0.696649636490873
external_candidate,5,shuffled_obelix_static_control,40,144,8,6.0,15,0.0,-3.207608310501746,1.6547663418439653,0.125,-2.1870866433571443,0.6342446746993635,0.25,-2.000869458712629,0.4480274900548482
external_candidate,5,safe_obelix_residual,40,144,8,0.0,34,0.0,-4.070581074285707,2.5177391056279266,0.0,-3.0296531237699065,1.4768111551121257,0.125,-1.5528419686577808,0.0
external_candidate,5,safe_estm_residual,40,144,8,0.0,32,0.0,-4.471083299722345,2.9182413310645643,0.0,-3.0296531237699065,1.4768111551121257,0.125,-1.5528419686577808,0.0
external_candidate,5,safe_borg_residual_control,40,144,8,0.0,29,0.0,-4.471083299722345,2.9182413310645643,0.0,-3.0296531237699065,1.4768111551121257,0.125,-1.5528419686577808,0.0
external_candidate,5,safe_ocx_residual_control,40,144,8,0.0,34,0.0,-4.471083299722345,2.9182413310645643,0.0,-3.0963674839157624,1.5435255152579817,0.125,-1.5528419686577808,0.0
external_candidate,5,safe_shuffled_obelix_control,40,144,8,0.0,32,0.0,-4.471083299722345,2.9182413310645643,0.0,-3.0296531237699065,1.4768111551121257,0.125,-1.5528419686577808,0.0
external_candidate,5,safe_multisource_residual,40,144,8,0.0,31,0.0,-4.070581074285707,2.5177391056279266,0.0,-2.903089986991944,1.3502480183341634,0.125,-1.5528419686577808,0.0
external_candidate,5,safe_multisource_novelty_band,40,144,8,0.0,39,0.0,-4.070581074285707,2.5177391056279266,0.0,-4.070581074285707,2.5177391056279266,0.125,-1.5528419686577808,0.0
external_candidate,6,uniform_random,40,144,8,21.0,2,0.125,-2.1870866433571443,0.6342446746993635,0.25,-1.7212463990471711,0.16840443038939035,0.25,-1.7212463990471711,0.16840443038939035
external_candidate,6,composition_novelty,40,144,8,0.0,41,0.0,-2.690369832574101,1.13752786391632,0.0,-2.690369832574101,1.13752786391632,0.0,-2.690369832574101,1.13752786391632
external_candidate,6,safe_target_novelty,40,144,8,0.0,41,0.0,-2.690369832574101,1.13752786391632,0.0,-2.690369832574101,1.13752786391632,0.0,-2.690369832574101,1.13752786391632
external_candidate,6,obelix_same_property_static,40,144,8,33.0,1,0.25,-1.5528419686577808,0.0,0.25,-1.5528419686577808,0.0,0.5,-1.5528419686577808,0.0
external_candidate,6,estm_transport_neighbor_static,40,144,8,45.0,5,0.375,-1.7212463990471711,0.16840443038939035,0.375,-1.7212463990471711,0.16840443038939035,0.75,-1.619788758288394,0.06694678963061329
external_candidate,6,borg_mechanical_static_control,40,144,8,0.0,41,0.0,-2.6989700043360187,1.146128035678238,0.0,-2.2494916051486538,0.696649636490873,0.0,-2.2494916051486538,0.696649636490873
external_candidate,6,ocx_catalysis_static_control,40,144,8,0.0,41,0.0,-2.958607314841775,1.4057653461839943,0.0,-2.958607314841775,1.4057653461839943,0.0,-2.2494916051486538,0.696649636490873
external_candidate,6,shuffled_obelix_static_control,40,144,8,0.0,29,0.0,-2.382999658879101,0.8301576902213201,0.0,-2.382999658879101,0.8301576902213201,0.125,-2.2006594505464183,0.6478174818886375
external_candidate,6,safe_obelix_residual,40,144,8,0.0,41,0.0,-3.11747546204512,1.5646334933873394,0.0,-3.0296531237699065,1.4768111551121257,0.0,-2.903089986991944,1.3502480183341634
external_candidate,6,safe_estm_residual,40,144,8,0.0,41,0.0,-3.022733787572707,1.4698918189149264,0.0,-3.022733787572707,1.4698918189149264,0.0,-2.962573502059376,1.4097315334015954
external_candidate,6,safe_borg_residual_control,40,144,8,0.0,41,0.0,-3.11747546204512,1.5646334933873394,0.0,-3.0296531237699065,1.4768111551121257,0.0,-2.903089986991944,1.3502480183341634
external_candidate,6,safe_ocx_residual_control,40,144,8,0.0,41,0.0,-2.690369832574101,1.13752786391632,0.0,-2.690369832574101,1.13752786391632,0.0,-2.690369832574101,1.13752786391632
external_candidate,6,safe_shuffled_obelix_control,40,144,8,0.0,41,0.0,-3.022733787572707,1.4698918189149264,0.0,-3.022733787572707,1.4698918189149264,0.0,-2.962573502059376,1.4097315334015954
external_candidate,6,safe_multisource_residual,40,144,8,0.0,41,0.0,-3.0963674839157624,1.5435255152579817,0.0,-2.903089986991944,1.3502480183341634,0.0,-2.903089986991944,1.3502480183341634
external_candidate,6,safe_multisource_novelty_band,40,144,8,0.0,41,0.0,-3.8538719643217614,2.3010299956639804,0.0,-2.690369832574101,1.13752786391632,0.0,-2.690369832574101,1.13752786391632
external_candidate,7,uniform_random,40,144,8,0.0,26,0.0,-2.7619538968712045,1.2091119282134237,0.0,-2.2494916051486538,0.696649636490873,0.25,-2.000869458712629,0.4480274900548482
external_candidate,7,composition_novelty,40,144,8,0.0,41,0.0,-2.690369832574101,1.13752786391632,0.0,-2.690369832574101,1.13752786391632,0.0,-2.690369832574101,1.13752786391632
external_candidate,7,safe_target_novelty,40,144,8,0.0,41,0.0,-3.207608310501746,1.6547663418439653,0.0,-3.022733787572707,1.4698918189149264,0.0,-2.2992962828549808,0.7464543141972
external_candidate,7,obelix_same_property_static,40,144,8,33.0,1,0.25,-1.5528419686577808,0.0,0.25,-1.5528419686577808,0.0,0.5,-1.5528419686577808,0.0
external_candidate,7,estm_transport_neighbor_static,40,144,8,45.0,5,0.375,-1.7212463990471711,0.16840443038939035,0.375,-1.7212463990471711,0.16840443038939035,0.75,-1.619788758288394,0.06694678963061329
external_candidate,7,borg_mechanical_static_control,40,144,8,0.0,41,0.0,-2.6989700043360187,1.146128035678238,0.0,-2.2494916051486538,0.696649636490873,0.0,-2.2494916051486538,0.696649636490873
external_candidate,7,ocx_catalysis_static_control,40,144,8,0.0,41,0.0,-2.958607314841775,1.4057653461839943,0.0,-2.958607314841775,1.4057653461839943,0.0,-2.2494916051486538,0.696649636490873
external_candidate,7,shuffled_obelix_static_control,40,144,8,12.0,9,0.125,-2.000869458712629,0.4480274900548482,0.125,-2.000869458712629,0.4480274900548482,0.125,-2.000869458712629,0.4480274900548482
external_candidate,7,safe_obelix_residual,40,144,8,0.0,40,0.0,-3.207608310501746,1.6547663418439653,0.0,-3.022733787572707,1.4698918189149264,0.125,-1.5528419686577808,0.0
external_candidate,7,safe_estm_residual,40,144,8,0.0,41,0.0,-3.207608310501746,1.6547663418439653,0.0,-3.022733787572707,1.4698918189149264,0.0,-2.2992962828549808,0.7464543141972
external_candidate,7,safe_borg_residual_control,40,144,8,0.0,41,0.0,-3.207608310501746,1.6547663418439653,0.0,-3.022733787572707,1.4698918189149264,0.0,-2.2992962828549808,0.7464543141972
external_candidate,7,safe_ocx_residual_control,40,144,8,0.0,41,0.0,-3.207608310501746,1.6547663418439653,0.0,-3.022733787572707,1.4698918189149264,0.0,-2.2992962828549808,0.7464543141972
external_candidate,7,safe_shuffled_obelix_control,40,144,8,0.0,41,0.0,-3.207608310501746,1.6547663418439653,0.0,-3.022733787572707,1.4698918189149264,0.0,-2.2992962828549808,0.7464543141972
external_candidate,7,safe_multisource_residual,40,144,8,0.0,41,0.0,-3.207608310501746,1.6547663418439653,0.0,-3.022733787572707,1.4698918189149264,0.0,-2.2992962828549808,0.7464543141972
external_candidate,7,safe_multisource_novelty_band,40,144,8,0.0,41,0.0,-3.1023729087095586,1.5495309400517778,0.0,-2.8323353685664605,1.2794933999086797,0.0,-2.2596373105057563,0.7067953418479755
external_candidate,8,uniform_random,40,144,8,4.0,17,0.0,-2.382999658879101,0.8301576902213201,0.125,-1.619788758288394,0.06694678963061329,0.125,-1.619788758288394,0.06694678963061329
external_candidate,8,composition_novelty,40,144,8,0.0,41,0.0,-2.690369832574101,1.13752786391632,0.0,-2.690369832574101,1.13752786391632,0.0,-2.690369832574101,1.13752786391632
external_candidate,8,safe_target_novelty,40,144,8,0.0,41,0.0,-2.690369832574101,1.13752786391632,0.0,-2.690369832574101,1.13752786391632,0.0,-2.690369832574101,1.13752786391632
external_candidate,8,obelix_same_property_static,40,144,8,33.0,1,0.25,-1.5528419686577808,0.0,0.25,-1.5528419686577808,0.0,0.5,-1.5528419686577808,0.0
external_candidate,8,estm_transport_neighbor_static,40,144,8,45.0,5,0.375,-1.7212463990471711,0.16840443038939035,0.375,-1.7212463990471711,0.16840443038939035,0.75,-1.619788758288394,0.06694678963061329
external_candidate,8,borg_mechanical_static_control,40,144,8,0.0,41,0.0,-2.6989700043360187,1.146128035678238,0.0,-2.2494916051486538,0.696649636490873,0.0,-2.2494916051486538,0.696649636490873
external_candidate,8,ocx_catalysis_static_control,40,144,8,0.0,41,0.0,-2.958607314841775,1.4057653461839943,0.0,-2.958607314841775,1.4057653461839943,0.0,-2.2494916051486538,0.696649636490873
external_candidate,8,shuffled_obelix_static_control,40,144,8,6.0,15,0.0,-2.2494916051486538,0.696649636490873,0.125,-2.1870866433571443,0.6342446746993635,0.125,-2.1870866433571443,0.6342446746993635
external_candidate,8,safe_obelix_residual,40,144,8,0.0,41,0.0,-2.690369832574101,1.13752786391632,0.0,-2.690369832574101,1.13752786391632,0.0,-2.690369832574101,1.13752786391632
external_candidate,8,safe_estm_residual,40,144,8,0.0,41,0.0,-2.690369832574101,1.13752786391632,0.0,-2.690369832574101,1.13752786391632,0.0,-2.690369832574101,1.13752786391632
external_candidate,8,safe_borg_residual_control,40,144,8,0.0,41,0.0,-3.0963674839157624,1.5435255152579817,0.0,-3.0296531237699065,1.4768111551121257,0.0,-2.903089986991944,1.3502480183341634
external_candidate,8,safe_ocx_residual_control,40,144,8,0.0,41,0.0,-2.690369832574101,1.13752786391632,0.0,-2.690369832574101,1.13752786391632,0.0,-2.690369832574101,1.13752786391632
external_candidate,8,safe_shuffled_obelix_control,40,144,8,0.0,41,0.0,-2.690369832574101,1.13752786391632,0.0,-2.690369832574101,1.13752786391632,0.0,-2.690369832574101,1.13752786391632
external_candidate,8,safe_multisource_residual,40,144,8,0.0,41,0.0,-2.690369832574101,1.13752786391632,0.0,-2.690369832574101,1.13752786391632,0.0,-2.690369832574101,1.13752786391632
external_candidate,8,safe_multisource_novelty_band,40,144,8,0.0,41,0.0,-3.8538719643217614,2.3010299956639804,0.0,-3.0296531237699065,1.4768111551121257,0.0,-2.690369832574101,1.13752786391632
external_candidate,9,uniform_random,40,144,8,18.0,3,0.125,-1.7212463990471711,0.16840443038939035,0.125,-1.7212463990471711,0.16840443038939035,0.25,-1.7212463990471711,0.16840443038939035
external_candidate,9,composition_novelty,40,144,8,0.0,41,0.0,-2.690369832574101,1.13752786391632,0.0,-2.690369832574101,1.13752786391632,0.0,-2.690369832574101,1.13752786391632
external_candidate,9,safe_target_novelty,40,144,8,0.0,27,0.0,-2.690369832574101,1.13752786391632,0.0,-2.690369832574101,1.13752786391632,0.125,-1.5528419686577808,0.0
external_candidate,9,obelix_same_property_static,40,144,8,33.0,1,0.25,-1.5528419686577808,0.0,0.25,-1.5528419686577808,0.0,0.5,-1.5528419686577808,0.0
external_candidate,9,estm_transport_neighbor_static,40,144,8,45.0,5,0.375,-1.7212463990471711,0.16840443038939035,0.375,-1.7212463990471711,0.16840443038939035,0.75,-1.619788758288394,0.06694678963061329
external_candidate,9,borg_mechanical_static_control,40,144,8,0.0,41,0.0,-2.6989700043360187,1.146128035678238,0.0,-2.2494916051486538,0.696649636490873,0.0,-2.2494916051486538,0.696649636490873
external_candidate,9,ocx_catalysis_static_control,40,144,8,0.0,41,0.0,-2.958607314841775,1.4057653461839943,0.0,-2.958607314841775,1.4057653461839943,0.0,-2.2494916051486538,0.696649636490873
external_candidate,9,shuffled_obelix_static_control,40,144,8,0.0,26,0.0,-3.0,1.4471580313422192,0.0,-3.0,1.4471580313422192,0.25,-2.000869458712629,0.4480274900548482
external_candidate,9,safe_obelix_residual,40,144,8,0.0,35,0.0,-2.690369832574101,1.13752786391632,0.0,-2.690369832574101,1.13752786391632,0.125,-1.5528419686577808,0.0
external_candidate,9,safe_estm_residual,40,144,8,0.0,32,0.0,-2.690369832574101,1.13752786391632,0.0,-2.690369832574101,1.13752786391632,0.125,-1.5528419686577808,0.0
external_candidate,9,safe_borg_residual_control,40,144,8,0.0,27,0.0,-2.690369832574101,1.13752786391632,0.0,-2.690369832574101,1.13752786391632,0.125,-1.5528419686577808,0.0
external_candidate,9,safe_ocx_residual_control,40,144,8,0.0,27,0.0,-2.690369832574101,1.13752786391632,0.0,-2.690369832574101,1.13752786391632,0.125,-1.5528419686577808,0.0
external_candidate,9,safe_shuffled_obelix_control,40,144,8,0.0,27,0.0,-2.690369832574101,1.13752786391632,0.0,-2.690369832574101,1.13752786391632,0.125,-1.5528419686577808,0.0
external_candidate,9,safe_multisource_residual,40,144,8,0.0,29,0.0,-2.690369832574101,1.13752786391632,0.0,-2.690369832574101,1.13752786391632,0.125,-1.5528419686577808,0.0
external_candidate,9,safe_multisource_novelty_band,40,144,8,0.0,35,0.0,-3.022733787572707,1.4698918189149264,0.0,-3.022733787572707,1.4698918189149264,0.125,-1.5528419686577808,0.0
external_candidate,10,uniform_random,40,144,8,26.0,1,0.125,-2.1870866433571443,0.6342446746993635,0.25,-1.9065783148377649,0.35373634617998406,0.5,-1.619788758288394,0.06694678963061329
external_candidate,10,composition_novelty,40,144,8,0.0,41,0.0,-2.690369832574101,1.13752786391632,0.0,-2.690369832574101,1.13752786391632,0.0,-2.690369832574101,1.13752786391632
external_candidate,10,safe_target_novelty,40,144,8,0.0,33,0.0,-2.690369832574101,1.13752786391632,0.0,-2.690369832574101,1.13752786391632,0.125,-1.5528419686577808,0.0
external_candidate,10,obelix_same_property_static,40,144,8,33.0,1,0.25,-1.5528419686577808,0.0,0.25,-1.5528419686577808,0.0,0.5,-1.5528419686577808,0.0
external_candidate,10,estm_transport_neighbor_static,40,144,8,45.0,5,0.375,-1.7212463990471711,0.16840443038939035,0.375,-1.7212463990471711,0.16840443038939035,0.75,-1.619788758288394,0.06694678963061329
external_candidate,10,borg_mechanical_static_control,40,144,8,0.0,41,0.0,-2.6989700043360187,1.146128035678238,0.0,-2.2494916051486538,0.696649636490873,0.0,-2.2494916051486538,0.696649636490873
external_candidate,10,ocx_catalysis_static_control,40,144,8,0.0,41,0.0,-2.958607314841775,1.4057653461839943,0.0,-2.958607314841775,1.4057653461839943,0.0,-2.2494916051486538,0.696649636490873
external_candidate,10,shuffled_obelix_static_control,40,144,8,13.0,8,0.125,-2.000869458712629,0.4480274900548482,0.125,-2.000869458712629,0.4480274900548482,0.25,-2.000869458712629,0.4480274900548482
external_candidate,10,safe_obelix_residual,40,144,8,0.0,30,0.0,-2.903089986991944,1.3502480183341634,0.0,-2.903089986991944,1.3502480183341634,0.125,-1.5528419686577808,0.0
external_candidate,10,safe_estm_residual,40,144,8,0.0,34,0.0,-2.690369832574101,1.13752786391632,0.0,-2.690369832574101,1.13752786391632,0.125,-1.5528419686577808,0.0
external_candidate,10,safe_borg_residual_control,40,144,8,0.0,31,0.0,-2.690369832574101,1.13752786391632,0.0,-2.690369832574101,1.13752786391632,0.125,-1.5528419686577808,0.0
external_candidate,10,safe_ocx_residual_control,40,144,8,0.0,31,0.0,-2.690369832574101,1.13752786391632,0.0,-2.690369832574101,1.13752786391632,0.125,-1.5528419686577808,0.0
external_candidate,10,safe_shuffled_obelix_control,40,144,8,0.0,39,0.0,-2.690369832574101,1.13752786391632,0.0,-2.690369832574101,1.13752786391632,0.125,-1.5528419686577808,0.0
external_candidate,10,safe_multisource_residual,40,144,8,0.0,33,0.0,-3.0296531237699065,1.4768111551121257,0.0,-3.022733787572707,1.4698918189149264,0.125,-1.5528419686577808,0.0
external_candidate,10,safe_multisource_novelty_band,40,144,8,0.0,23,0.0,-3.11747546204512,1.5646334933873394,0.0,-2.690369832574101,1.13752786391632,0.125,-1.5528419686577808,0.0
external_candidate,11,uniform_random,40,144,8,8.0,13,0.0,-3.2225731776106885,1.6697312089529077,0.125,-1.769551078621726,0.2167091099639451,0.25,-1.5528419686577808,0.0
external_candidate,11,composition_novelty,40,144,8,0.0,41,0.0,-2.690369832574101,1.13752786391632,0.0,-2.690369832574101,1.13752786391632,0.0,-2.690369832574101,1.13752786391632
external_candidate,11,safe_target_novelty,40,144,8,0.0,41,0.0,-4.82102305270683,3.2681810840490497,0.0,-2.690369832574101,1.13752786391632,0.0,-2.690369832574101,1.13752786391632
external_candidate,11,obelix_same_property_static,40,144,8,33.0,1,0.25,-1.5528419686577808,0.0,0.25,-1.5528419686577808,0.0,0.5,-1.5528419686577808,0.0
external_candidate,11,estm_transport_neighbor_static,40,144,8,45.0,5,0.375,-1.7212463990471711,0.16840443038939035,0.375,-1.7212463990471711,0.16840443038939035,0.75,-1.619788758288394,0.06694678963061329
external_candidate,11,borg_mechanical_static_control,40,144,8,0.0,41,0.0,-2.6989700043360187,1.146128035678238,0.0,-2.2494916051486538,0.696649636490873,0.0,-2.2494916051486538,0.696649636490873
external_candidate,11,ocx_catalysis_static_control,40,144,8,0.0,41,0.0,-2.958607314841775,1.4057653461839943,0.0,-2.958607314841775,1.4057653461839943,0.0,-2.2494916051486538,0.696649636490873
external_candidate,11,shuffled_obelix_static_control,40,144,8,10.0,14,0.0,-2.2494916051486538,0.696649636490873,0.25,-1.5528419686577808,0.0,0.375,-1.5528419686577808,0.0
external_candidate,11,safe_obelix_residual,40,144,8,0.0,41,0.0,-5.055517327849832,3.502675359192051,0.0,-2.690369832574101,1.13752786391632,0.0,-2.690369832574101,1.13752786391632
external_candidate,11,safe_estm_residual,40,144,8,0.0,41,0.0,-2.690369832574101,1.13752786391632,0.0,-2.690369832574101,1.13752786391632,0.0,-2.690369832574101,1.13752786391632
external_candidate,11,safe_borg_residual_control,40,144,8,0.0,41,0.0,-4.82102305270683,3.2681810840490497,0.0,-2.690369832574101,1.13752786391632,0.0,-2.690369832574101,1.13752786391632
external_candidate,11,safe_ocx_residual_control,40,144,8,0.0,41,0.0,-5.055517327849832,3.502675359192051,0.0,-2.690369832574101,1.13752786391632,0.0,-2.690369832574101,1.13752786391632
external_candidate,11,safe_shuffled_obelix_control,40,144,8,0.0,41,0.0,-4.82102305270683,3.2681810840490497,0.0,-2.690369832574101,1.13752786391632,0.0,-2.690369832574101,1.13752786391632
external_candidate,11,safe_multisource_residual,40,144,8,0.0,41,0.0,-5.055517327849832,3.502675359192051,0.0,-2.690369832574101,1.13752786391632,0.0,-2.690369832574101,1.13752786391632
external_candidate,11,safe_multisource_novelty_band,40,144,8,0.0,41,0.0,-3.11747546204512,1.5646334933873394,0.0,-3.0296531237699065,1.4768111551121257,0.0,-2.903089986991944,1.3502480183341634
external_candidate,12,uniform_random,40,144,8,12.0,9,0.125,-1.769551078621726,0.2167091099639451,0.125,-1.769551078621726,0.2167091099639451,0.375,-1.7212463990471711,0.16840443038939035
external_candidate,12,composition_novelty,40,144,8,0.0,41,0.0,-2.690369832574101,1.13752786391632,0.0,-2.690369832574101,1.13752786391632,0.0,-2.690369832574101,1.13752786391632
external_candidate,12,safe_target_novelty,40,144,8,0.0,41,0.0,-2.690369832574101,1.13752786391632,0.0,-2.690369832574101,1.13752786391632,0.0,-2.382999658879101,0.8301576902213201
external_candidate,12,obelix_same_property_static,40,144,8,33.0,1,0.25,-1.5528419686577808,0.0,0.25,-1.5528419686577808,0.0,0.5,-1.5528419686577808,0.0
external_candidate,12,estm_transport_neighbor_static,40,144,8,45.0,5,0.375,-1.7212463990471711,0.16840443038939035,0.375,-1.7212463990471711,0.16840443038939035,0.75,-1.619788758288394,0.06694678963061329
external_candidate,12,borg_mechanical_static_control,40,144,8,0.0,41,0.0,-2.6989700043360187,1.146128035678238,0.0,-2.2494916051486538,0.696649636490873,0.0,-2.2494916051486538,0.696649636490873
external_candidate,12,ocx_catalysis_static_control,40,144,8,0.0,41,0.0,-2.958607314841775,1.4057653461839943,0.0,-2.958607314841775,1.4057653461839943,0.0,-2.2494916051486538,0.696649636490873
external_candidate,12,shuffled_obelix_static_control,40,144,8,0.0,32,0.0,-2.962573502059376,1.4097315334015954,0.0,-2.962573502059376,1.4097315334015954,0.375,-1.5528419686577808,0.0
external_candidate,12,safe_obelix_residual,40,144,8,0.0,41,0.0,-2.690369832574101,1.13752786391632,0.0,-2.690369832574101,1.13752786391632,0.0,-2.690369832574101,1.13752786391632
external_candidate,12,safe_estm_residual,40,144,8,0.0,41,0.0,-2.690369832574101,1.13752786391632,0.0,-2.690369832574101,1.13752786391632,0.0,-2.690369832574101,1.13752786391632
external_candidate,12,safe_borg_residual_control,40,144,8,0.0,41,0.0,-3.022733787572707,1.4698918189149264,0.0,-3.022733787572707,1.4698918189149264,0.0,-2.903089986991944,1.3502480183341634
external_candidate,12,safe_ocx_residual_control,40,144,8,0.0,41,0.0,-2.690369832574101,1.13752786391632,0.0,-2.690369832574101,1.13752786391632,0.0,-2.382999658879101,0.8301576902213201
external_candidate,12,safe_shuffled_obelix_control,40,144,8,0.0,41,0.0,-2.690369832574101,1.13752786391632,0.0,-2.690369832574101,1.13752786391632,0.0,-2.382999658879101,0.8301576902213201
external_candidate,12,safe_multisource_residual,40,144,8,0.0,41,0.0,-3.022733787572707,1.4698918189149264,0.0,-3.022733787572707,1.4698918189149264,0.0,-2.903089986991944,1.3502480183341634
external_candidate,12,safe_multisource_novelty_band,40,144,8,0.0,41,0.0,-2.690369832574101,1.13752786391632,0.0,-2.690369832574101,1.13752786391632,0.0,-2.382999658879101,0.8301576902213201
external_candidate,13,uniform_random,40,144,8,0.0,41,0.0,-2.382999658879101,0.8301576902213201,0.0,-2.382999658879101,0.8301576902213201,0.0,-2.2494916051486538,0.696649636490873
external_candidate,13,composition_novelty,40,144,8,0.0,41,0.0,-2.690369832574101,1.13752786391632,0.0,-2.690369832574101,1.13752786391632,0.0,-2.690369832574101,1.13752786391632
external_candidate,13,safe_target_novelty,40,144,8,0.0,28,0.0,-2.690369832574101,1.13752786391632,0.0,-2.690369832574101,1.13752786391632,0.25,-1.5528419686577808,0.0
external_candidate,13,obelix_same_property_static,40,144,8,33.0,1,0.25,-1.5528419686577808,0.0,0.25,-1.5528419686577808,0.0,0.5,-1.5528419686577808,0.0
external_candidate,13,estm_transport_neighbor_static,40,144,8,45.0,5,0.375,-1.7212463990471711,0.16840443038939035,0.375,-1.7212463990471711,0.16840443038939035,0.75,-1.619788758288394,0.06694678963061329
external_candidate,13,borg_mechanical_static_control,40,144,8,0.0,41,0.0,-2.6989700043360187,1.146128035678238,0.0,-2.2494916051486538,0.696649636490873,0.0,-2.2494916051486538,0.696649636490873
external_candidate,13,ocx_catalysis_static_control,40,144,8,0.0,41,0.0,-2.958607314841775,1.4057653461839943,0.0,-2.958607314841775,1.4057653461839943,0.0,-2.2494916051486538,0.696649636490873
external_candidate,13,shuffled_obelix_static_control,40,144,8,4.0,17,0.0,-2.2992962828549808,0.7464543141972,0.125,-1.7212463990471711,0.16840443038939035,0.375,-1.5528419686577808,0.0
external_candidate,13,safe_obelix_residual,40,144,8,0.0,36,0.0,-2.690369832574101,1.13752786391632,0.0,-2.690369832574101,1.13752786391632,0.25,-1.5528419686577808,0.0
external_candidate,13,safe_estm_residual,40,144,8,0.0,40,0.0,-2.690369832574101,1.13752786391632,0.0,-2.690369832574101,1.13752786391632,0.125,-2.000869458712629,0.4480274900548482
external_candidate,13,safe_borg_residual_control,40,144,8,0.0,30,0.0,-2.690369832574101,1.13752786391632,0.0,-2.690369832574101,1.13752786391632,0.125,-2.000869458712629,0.4480274900548482
external_candidate,13,safe_ocx_residual_control,40,144,8,0.0,37,0.0,-2.690369832574101,1.13752786391632,0.0,-2.690369832574101,1.13752786391632,0.125,-2.000869458712629,0.4480274900548482
external_candidate,13,safe_shuffled_obelix_control,40,144,8,0.0,41,0.0,-2.690369832574101,1.13752786391632,0.0,-2.690369832574101,1.13752786391632,0.0,-2.690369832574101,1.13752786391632
external_candidate,13,safe_multisource_residual,40,144,8,0.0,27,0.0,-2.690369832574101,1.13752786391632,0.0,-2.690369832574101,1.13752786391632,0.125,-2.000869458712629,0.4480274900548482
external_candidate,13,safe_multisource_novelty_band,40,144,8,0.0,25,0.0,-2.690369832574101,1.13752786391632,0.0,-2.382999658879101,0.8301576902213201,0.125,-1.5528419686577808,0.0
external_candidate,14,uniform_random,40,144,8,30.0,1,0.125,-2.1870866433571443,0.6342446746993635,0.25,-1.9065783148377649,0.35373634617998406,0.375,-1.5528419686577808,0.0
external_candidate,14,composition_novelty,40,144,8,0.0,41,0.0,-2.690369832574101,1.13752786391632,0.0,-2.690369832574101,1.13752786391632,0.0,-2.690369832574101,1.13752786391632
external_candidate,14,safe_target_novelty,40,144,8,0.0,41,0.0,-2.690369832574101,1.13752786391632,0.0,-2.690369832574101,1.13752786391632,0.0,-2.690369832574101,1.13752786391632
external_candidate,14,obelix_same_property_static,40,144,8,33.0,1,0.25,-1.5528419686577808,0.0,0.25,-1.5528419686577808,0.0,0.5,-1.5528419686577808,0.0
external_candidate,14,estm_transport_neighbor_static,40,144,8,45.0,5,0.375,-1.7212463990471711,0.16840443038939035,0.375,-1.7212463990471711,0.16840443038939035,0.75,-1.619788758288394,0.06694678963061329
external_candidate,14,borg_mechanical_static_control,40,144,8,0.0,41,0.0,-2.6989700043360187,1.146128035678238,0.0,-2.2494916051486538,0.696649636490873,0.0,-2.2494916051486538,0.696649636490873
external_candidate,14,ocx_catalysis_static_control,40,144,8,0.0,41,0.0,-2.958607314841775,1.4057653461839943,0.0,-2.958607314841775,1.4057653461839943,0.0,-2.2494916051486538,0.696649636490873
external_candidate,14,shuffled_obelix_static_control,40,144,8,14.0,11,0.0,-2.2992962828549808,0.7464543141972,0.25,-1.9065783148377649,0.35373634617998406,0.25,-1.9065783148377649,0.35373634617998406
external_candidate,14,safe_obelix_residual,40,144,8,0.0,41,0.0,-2.690369832574101,1.13752786391632,0.0,-2.690369832574101,1.13752786391632,0.0,-2.690369832574101,1.13752786391632
external_candidate,14,safe_estm_residual,40,144,8,0.0,41,0.0,-2.690369832574101,1.13752786391632,0.0,-2.690369832574101,1.13752786391632,0.0,-2.690369832574101,1.13752786391632
external_candidate,14,safe_borg_residual_control,40,144,8,0.0,41,0.0,-2.690369832574101,1.13752786391632,0.0,-2.690369832574101,1.13752786391632,0.0,-2.690369832574101,1.13752786391632
external_candidate,14,safe_ocx_residual_control,40,144,8,0.0,41,0.0,-2.690369832574101,1.13752786391632,0.0,-2.690369832574101,1.13752786391632,0.0,-2.690369832574101,1.13752786391632
external_candidate,14,safe_shuffled_obelix_control,40,144,8,0.0,41,0.0,-2.690369832574101,1.13752786391632,0.0,-2.690369832574101,1.13752786391632,0.0,-2.690369832574101,1.13752786391632
external_candidate,14,safe_multisource_residual,40,144,8,0.0,41,0.0,-2.690369832574101,1.13752786391632,0.0,-2.690369832574101,1.13752786391632,0.0,-2.690369832574101,1.13752786391632
external_candidate,14,safe_multisource_novelty_band,40,144,8,0.0,41,0.0,-2.903089986991944,1.3502480183341634,0.0,-2.690369832574101,1.13752786391632,0.0,-2.2992962828549808,0.7464543141972
external_candidate,15,uniform_random,40,144,8,10.0,11,0.0,-2.958607314841775,1.4057653461839943,0.125,-1.7212463990471711,0.16840443038939035,0.125,-1.7212463990471711,0.16840443038939035
external_candidate,15,composition_novelty,40,144,8,0.0,41,0.0,-2.690369832574101,1.13752786391632,0.0,-2.690369832574101,1.13752786391632,0.0,-2.690369832574101,1.13752786391632
external_candidate,15,safe_target_novelty,40,144,8,0.0,41,0.0,-3.022733787572707,1.4698918189149264,0.0,-3.022733787572707,1.4698918189149264,0.0,-2.962573502059376,1.4097315334015954
external_candidate,15,obelix_same_property_static,40,144,8,33.0,1,0.25,-1.5528419686577808,0.0,0.25,-1.5528419686577808,0.0,0.5,-1.5528419686577808,0.0
external_candidate,15,estm_transport_neighbor_static,40,144,8,45.0,5,0.375,-1.7212463990471711,0.16840443038939035,0.375,-1.7212463990471711,0.16840443038939035,0.75,-1.619788758288394,0.06694678963061329
external_candidate,15,borg_mechanical_static_control,40,144,8,0.0,41,0.0,-2.6989700043360187,1.146128035678238,0.0,-2.2494916051486538,0.696649636490873,0.0,-2.2494916051486538,0.696649636490873
external_candidate,15,ocx_catalysis_static_control,40,144,8,0.0,41,0.0,-2.958607314841775,1.4057653461839943,0.0,-2.958607314841775,1.4057653461839943,0.0,-2.2494916051486538,0.696649636490873
external_candidate,15,shuffled_obelix_static_control,40,144,8,12.0,9,0.125,-2.2006594505464183,0.6478174818886375,0.125,-2.2006594505464183,0.6478174818886375,0.25,-1.5528419686577808,0.0
external_candidate,15,safe_obelix_residual,40,144,8,0.0,31,0.0,-2.903089986991944,1.3502480183341634,0.0,-2.903089986991944,1.3502480183341634,0.125,-1.5528419686577808,0.0
external_candidate,15,safe_estm_residual,40,144,8,0.0,41,0.0,-2.903089986991944,1.3502480183341634,0.0,-2.903089986991944,1.3502480183341634,0.0,-2.903089986991944,1.3502480183341634
external_candidate,15,safe_borg_residual_control,40,144,8,0.0,41,0.0,-3.022733787572707,1.4698918189149264,0.0,-3.022733787572707,1.4698918189149264,0.0,-2.962573502059376,1.4097315334015954
external_candidate,15,safe_ocx_residual_control,40,144,8,0.0,41,0.0,-3.022733787572707,1.4698918189149264,0.0,-3.022733787572707,1.4698918189149264,0.0,-2.962573502059376,1.4097315334015954
external_candidate,15,safe_shuffled_obelix_control,40,144,8,0.0,41,0.0,-3.022733787572707,1.4698918189149264,0.0,-3.022733787572707,1.4698918189149264,0.0,-2.962573502059376,1.4097315334015954
external_candidate,15,safe_multisource_residual,40,144,8,0.0,40,0.0,-2.903089986991944,1.3502480183341634,0.0,-2.903089986991944,1.3502480183341634,0.125,-1.5528419686577808,0.0
external_candidate,15,safe_multisource_novelty_band,40,144,8,0.0,36,0.0,-2.903089986991944,1.3502480183341634,0.0,-2.690369832574101,1.13752786391632,0.125,-1.5528419686577808,0.0
external_candidate,16,uniform_random,40,144,8,42.0,5,0.375,-1.7212463990471711,0.16840443038939035,0.375,-1.7212463990471711,0.16840443038939035,0.375,-1.7212463990471711,0.16840443038939035
external_candidate,16,composition_novelty,40,144,8,0.0,41,0.0,-2.690369832574101,1.13752786391632,0.0,-2.690369832574101,1.13752786391632,0.0,-2.690369832574101,1.13752786391632
external_candidate,16,safe_target_novelty,40,144,8,0.0,41,0.0,-2.690369832574101,1.13752786391632,0.0,-2.690369832574101,1.13752786391632,0.0,-2.690369832574101,1.13752786391632
external_candidate,16,obelix_same_property_static,40,144,8,33.0,1,0.25,-1.5528419686577808,0.0,0.25,-1.5528419686577808,0.0,0.5,-1.5528419686577808,0.0
external_candidate,16,estm_transport_neighbor_static,40,144,8,45.0,5,0.375,-1.7212463990471711,0.16840443038939035,0.375,-1.7212463990471711,0.16840443038939035,0.75,-1.619788758288394,0.06694678963061329
external_candidate,16,borg_mechanical_static_control,40,144,8,0.0,41,0.0,-2.6989700043360187,1.146128035678238,0.0,-2.2494916051486538,0.696649636490873,0.0,-2.2494916051486538,0.696649636490873
external_candidate,16,ocx_catalysis_static_control,40,144,8,0.0,41,0.0,-2.958607314841775,1.4057653461839943,0.0,-2.958607314841775,1.4057653461839943,0.0,-2.2494916051486538,0.696649636490873
external_candidate,16,shuffled_obelix_static_control,40,144,8,0.0,26,0.0,-2.958607314841775,1.4057653461839943,0.0,-2.2992962828549808,0.7464543141972,0.125,-1.9065783148377649,0.35373634617998406
external_candidate,16,safe_obelix_residual,40,144,8,0.0,41,0.0,-2.690369832574101,1.13752786391632,0.0,-2.690369832574101,1.13752786391632,0.0,-2.690369832574101,1.13752786391632
external_candidate,16,safe_estm_residual,40,144,8,0.0,41,0.0,-2.690369832574101,1.13752786391632,0.0,-2.690369832574101,1.13752786391632,0.0,-2.690369832574101,1.13752786391632
external_candidate,16,safe_borg_residual_control,40,144,8,0.0,41,0.0,-2.690369832574101,1.13752786391632,0.0,-2.690369832574101,1.13752786391632,0.0,-2.690369832574101,1.13752786391632
external_candidate,16,safe_ocx_residual_control,40,144,8,0.0,41,0.0,-2.690369832574101,1.13752786391632,0.0,-2.690369832574101,1.13752786391632,0.0,-2.690369832574101,1.13752786391632
external_candidate,16,safe_shuffled_obelix_control,40,144,8,0.0,41,0.0,-2.690369832574101,1.13752786391632,0.0,-2.690369832574101,1.13752786391632,0.0,-2.690369832574101,1.13752786391632
external_candidate,16,safe_multisource_residual,40,144,8,0.0,41,0.0,-4.129011186239425,2.5761692175816444,0.0,-2.690369832574101,1.13752786391632,0.0,-2.690369832574101,1.13752786391632
external_candidate,16,safe_multisource_novelty_band,40,144,8,0.0,41,0.0,-3.022733787572707,1.4698918189149264,0.0,-2.962573502059376,1.4097315334015954,0.0,-2.962573502059376,1.4097315334015954
external_candidate,17,uniform_random,40,144,8,0.0,34,0.0,-2.6989700043360187,1.146128035678238,0.0,-2.6989700043360187,1.146128035678238,0.125,-1.5528419686577808,0.0
external_candidate,17,composition_novelty,40,144,8,0.0,41,0.0,-2.690369832574101,1.13752786391632,0.0,-2.690369832574101,1.13752786391632,0.0,-2.690369832574101,1.13752786391632
external_candidate,17,safe_target_novelty,40,144,8,13.0,8,0.125,-1.5528419686577808,0.0,0.125,-1.5528419686577808,0.0,0.125,-1.5528419686577808,0.0
external_candidate,17,obelix_same_property_static,40,144,8,33.0,1,0.25,-1.5528419686577808,0.0,0.25,-1.5528419686577808,0.0,0.5,-1.5528419686577808,0.0
external_candidate,17,estm_transport_neighbor_static,40,144,8,45.0,5,0.375,-1.7212463990471711,0.16840443038939035,0.375,-1.7212463990471711,0.16840443038939035,0.75,-1.619788758288394,0.06694678963061329
external_candidate,17,borg_mechanical_static_control,40,144,8,0.0,41,0.0,-2.6989700043360187,1.146128035678238,0.0,-2.2494916051486538,0.696649636490873,0.0,-2.2494916051486538,0.696649636490873
external_candidate,17,ocx_catalysis_static_control,40,144,8,0.0,41,0.0,-2.958607314841775,1.4057653461839943,0.0,-2.958607314841775,1.4057653461839943,0.0,-2.2494916051486538,0.696649636490873
external_candidate,17,shuffled_obelix_static_control,40,144,8,30.0,4,0.25,-1.9065783148377649,0.35373634617998406,0.375,-1.9065783148377649,0.35373634617998406,0.5,-1.769551078621726,0.2167091099639451
external_candidate,17,safe_obelix_residual,40,144,8,13.0,8,0.125,-1.5528419686577808,0.0,0.125,-1.5528419686577808,0.0,0.125,-1.5528419686577808,0.0
external_candidate,17,safe_estm_residual,40,144,8,13.0,8,0.125,-1.5528419686577808,0.0,0.125,-1.5528419686577808,0.0,0.125,-1.5528419686577808,0.0
external_candidate,17,safe_borg_residual_control,40,144,8,13.0,8,0.125,-1.5528419686577808,0.0,0.125,-1.5528419686577808,0.0,0.125,-1.5528419686577808,0.0
external_candidate,17,safe_ocx_residual_control,40,144,8,13.0,8,0.125,-1.5528419686577808,0.0,0.125,-1.5528419686577808,0.0,0.125,-1.5528419686577808,0.0
external_candidate,17,safe_shuffled_obelix_control,40,144,8,13.0,8,0.125,-1.5528419686577808,0.0,0.125,-1.5528419686577808,0.0,0.125,-1.5528419686577808,0.0
external_candidate,17,safe_multisource_residual,40,144,8,13.0,8,0.125,-1.5528419686577808,0.0,0.125,-1.5528419686577808,0.0,0.125,-1.5528419686577808,0.0
external_candidate,17,safe_multisource_novelty_band,40,144,8,8.0,13,0.0,-4.471083299722345,2.9182413310645643,0.125,-1.5528419686577808,0.0,0.125,-1.5528419686577808,0.0
external_candidate,18,uniform_random,40,144,8,14.0,8,0.125,-1.619788758288394,0.06694678963061329,0.25,-1.619788758288394,0.06694678963061329,0.25,-1.619788758288394,0.06694678963061329
external_candidate,18,composition_novelty,40,144,8,0.0,41,0.0,-2.690369832574101,1.13752786391632,0.0,-2.690369832574101,1.13752786391632,0.0,-2.690369832574101,1.13752786391632
external_candidate,18,safe_target_novelty,40,144,8,0.0,29,0.0,-2.690369832574101,1.13752786391632,0.0,-2.690369832574101,1.13752786391632,0.125,-1.5528419686577808,0.0
external_candidate,18,obelix_same_property_static,40,144,8,33.0,1,0.25,-1.5528419686577808,0.0,0.25,-1.5528419686577808,0.0,0.5,-1.5528419686577808,0.0
external_candidate,18,estm_transport_neighbor_static,40,144,8,45.0,5,0.375,-1.7212463990471711,0.16840443038939035,0.375,-1.7212463990471711,0.16840443038939035,0.75,-1.619788758288394,0.06694678963061329
external_candidate,18,borg_mechanical_static_control,40,144,8,0.0,41,0.0,-2.6989700043360187,1.146128035678238,0.0,-2.2494916051486538,0.696649636490873,0.0,-2.2494916051486538,0.696649636490873
external_candidate,18,ocx_catalysis_static_control,40,144,8,0.0,41,0.0,-2.958607314841775,1.4057653461839943,0.0,-2.958607314841775,1.4057653461839943,0.0,-2.2494916051486538,0.696649636490873
external_candidate,18,shuffled_obelix_static_control,40,144,8,5.0,16,0.0,-2.2596373105057563,0.7067953418479755,0.125,-1.619788758288394,0.06694678963061329,0.25,-1.619788758288394,0.06694678963061329
external_candidate,18,safe_obelix_residual,40,144,8,0.0,36,0.0,-3.05453141486818,1.5016894462103993,0.0,-3.022733787572707,1.4698918189149264,0.125,-1.5528419686577808,0.0
external_candidate,18,safe_estm_residual,40,144,8,0.0,24,0.0,-3.05453141486818,1.5016894462103993,0.0,-3.022733787572707,1.4698918189149264,0.25,-1.5528419686577808,0.0
external_candidate,18,safe_borg_residual_control,40,144,8,0.0,24,0.0,-3.05453141486818,1.5016894462103993,0.0,-3.022733787572707,1.4698918189149264,0.25,-1.5528419686577808,0.0
external_candidate,18,safe_ocx_residual_control,40,144,8,2.0,19,0.0,-2.690369832574101,1.13752786391632,0.125,-1.5528419686577808,0.0,0.25,-1.5528419686577808,0.0
external_candidate,18,safe_shuffled_obelix_control,40,144,8,4.0,17,0.0,-2.903089986991944,1.3502480183341634,0.125,-1.5528419686577808,0.0,0.375,-1.5528419686577808,0.0
external_candidate,18,safe_multisource_residual,40,144,8,0.0,39,0.0,-2.903089986991944,1.3502480183341634,0.0,-2.903089986991944,1.3502480183341634,0.125,-1.5528419686577808,0.0
external_candidate,18,safe_multisource_novelty_band,40,144,8,0.0,27,0.0,-2.903089986991944,1.3502480183341634,0.0,-2.903089986991944,1.3502480183341634,0.125,-1.5528419686577808,0.0
external_candidate,19,uniform_random,40,144,8,3.0,18,0.0,-2.3279021420642825,0.7750601734065017,0.125,-1.619788758288394,0.06694678963061329,0.375,-1.619788758288394,0.06694678963061329
external_candidate,19,composition_novelty,40,144,8,0.0,41,0.0,-2.690369832574101,1.13752786391632,0.0,-2.690369832574101,1.13752786391632,0.0,-2.690369832574101,1.13752786391632
external_candidate,19,safe_target_novelty,40,144,8,0.0,41,0.0,-2.690369832574101,1.13752786391632,0.0,-2.690369832574101,1.13752786391632,0.0,-2.690369832574101,1.13752786391632
external_candidate,19,obelix_same_property_static,40,144,8,33.0,1,0.25,-1.5528419686577808,0.0,0.25,-1.5528419686577808,0.0,0.5,-1.5528419686577808,0.0
external_candidate,19,estm_transport_neighbor_static,40,144,8,45.0,5,0.375,-1.7212463990471711,0.16840443038939035,0.375,-1.7212463990471711,0.16840443038939035,0.75,-1.619788758288394,0.06694678963061329
external_candidate,19,borg_mechanical_static_control,40,144,8,0.0,41,0.0,-2.6989700043360187,1.146128035678238,0.0,-2.2494916051486538,0.696649636490873,0.0,-2.2494916051486538,0.696649636490873
external_candidate,19,ocx_catalysis_static_control,40,144,8,0.0,41,0.0,-2.958607314841775,1.4057653461839943,0.0,-2.958607314841775,1.4057653461839943,0.0,-2.2494916051486538,0.696649636490873
external_candidate,19,shuffled_obelix_static_control,40,144,8,0.0,22,0.0,-3.987162775294828,2.4343208066370474,0.0,-3.022733787572707,1.4698918189149264,0.25,-1.619788758288394,0.06694678963061329
external_candidate,19,safe_obelix_residual,40,144,8,0.0,41,0.0,-2.690369832574101,1.13752786391632,0.0,-2.690369832574101,1.13752786391632,0.0,-2.690369832574101,1.13752786391632
external_candidate,19,safe_estm_residual,40,144,8,0.0,41,0.0,-2.690369832574101,1.13752786391632,0.0,-2.690369832574101,1.13752786391632,0.0,-2.690369832574101,1.13752786391632
external_candidate,19,safe_borg_residual_control,40,144,8,0.0,41,0.0,-2.690369832574101,1.13752786391632,0.0,-2.690369832574101,1.13752786391632,0.0,-2.690369832574101,1.13752786391632
external_candidate,19,safe_ocx_residual_control,40,144,8,0.0,41,0.0,-2.690369832574101,1.13752786391632,0.0,-2.690369832574101,1.13752786391632,0.0,-2.690369832574101,1.13752786391632
external_candidate,19,safe_shuffled_obelix_control,40,144,8,0.0,41,0.0,-2.690369832574101,1.13752786391632,0.0,-2.690369832574101,1.13752786391632,0.0,-2.2596373105057563,0.7067953418479755
external_candidate,19,safe_multisource_residual,40,144,8,0.0,41,0.0,-3.0296531237699065,1.4768111551121257,0.0,-2.690369832574101,1.13752786391632,0.0,-2.690369832574101,1.13752786391632
external_candidate,19,safe_multisource_novelty_band,40,144,8,0.0,41,0.0,-3.1023729087095586,1.5495309400517778,0.0,-2.690369832574101,1.13752786391632,0.0,-2.690369832574101,1.13752786391632
external_candidate,20,uniform_random,40,144,8,35.0,1,0.125,-2.000869458712629,0.4480274900548482,0.375,-1.7212463990471711,0.16840443038939035,0.5,-1.5528419686577808,0.0
external_candidate,20,composition_novelty,40,144,8,0.0,41,0.0,-2.690369832574101,1.13752786391632,0.0,-2.690369832574101,1.13752786391632,0.0,-2.690369832574101,1.13752786391632
external_candidate,20,safe_target_novelty,40,144,8,0.0,33,0.0,-2.690369832574101,1.13752786391632,0.0,-2.690369832574101,1.13752786391632,0.125,-1.7212463990471711,0.16840443038939035
external_candidate,20,obelix_same_property_static,40,144,8,33.0,1,0.25,-1.5528419686577808,0.0,0.25,-1.5528419686577808,0.0,0.5,-1.5528419686577808,0.0
external_candidate,20,estm_transport_neighbor_static,40,144,8,45.0,5,0.375,-1.7212463990471711,0.16840443038939035,0.375,-1.7212463990471711,0.16840443038939035,0.75,-1.619788758288394,0.06694678963061329
external_candidate,20,borg_mechanical_static_control,40,144,8,0.0,41,0.0,-2.6989700043360187,1.146128035678238,0.0,-2.2494916051486538,0.696649636490873,0.0,-2.2494916051486538,0.696649636490873
external_candidate,20,ocx_catalysis_static_control,40,144,8,0.0,41,0.0,-2.958607314841775,1.4057653461839943,0.0,-2.958607314841775,1.4057653461839943,0.0,-2.2494916051486538,0.696649636490873
external_candidate,20,shuffled_obelix_static_control,40,144,8,26.0,6,0.25,-1.9065783148377649,0.35373634617998406,0.25,-1.9065783148377649,0.35373634617998406,0.25,-1.9065783148377649,0.35373634617998406
external_candidate,20,safe_obelix_residual,40,144,8,0.0,32,0.0,-2.690369832574101,1.13752786391632,0.0,-2.690369832574101,1.13752786391632,0.125,-1.7212463990471711,0.16840443038939035
external_candidate,20,safe_estm_residual,40,144,8,0.0,31,0.0,-2.690369832574101,1.13752786391632,0.0,-2.690369832574101,1.13752786391632,0.125,-1.7212463990471711,0.16840443038939035
external_candidate,20,safe_borg_residual_control,40,144,8,0.0,31,0.0,-2.690369832574101,1.13752786391632,0.0,-2.690369832574101,1.13752786391632,0.125,-1.7212463990471711,0.16840443038939035
external_candidate,20,safe_ocx_residual_control,40,144,8,0.0,31,0.0,-2.690369832574101,1.13752786391632,0.0,-2.690369832574101,1.13752786391632,0.125,-1.7212463990471711,0.16840443038939035
external_candidate,20,safe_shuffled_obelix_control,40,144,8,0.0,31,0.0,-2.690369832574101,1.13752786391632,0.0,-2.690369832574101,1.13752786391632,0.125,-1.7212463990471711,0.16840443038939035
external_candidate,20,safe_multisource_residual,40,144,8,0.0,30,0.0,-2.690369832574101,1.13752786391632,0.0,-2.690369832574101,1.13752786391632,0.125,-1.7212463990471711,0.16840443038939035
external_candidate,20,safe_multisource_novelty_band,40,144,8,0.0,28,0.0,-2.690369832574101,1.13752786391632,0.0,-2.690369832574101,1.13752786391632,0.125,-1.5528419686577808,0.0
external_candidate,21,uniform_random,40,144,8,25.0,1,0.125,-2.000869458712629,0.4480274900548482,0.25,-1.5528419686577808,0.0,0.5,-1.5528419686577808,0.0
external_candidate,21,composition_novelty,40,144,8,0.0,41,0.0,-2.690369832574101,1.13752786391632,0.0,-2.690369832574101,1.13752786391632,0.0,-2.690369832574101,1.13752786391632
external_candidate,21,safe_target_novelty,40,144,8,0.0,32,0.0,-2.690369832574101,1.13752786391632,0.0,-2.690369832574101,1.13752786391632,0.125,-2.2006594505464183,0.6478174818886375
external_candidate,21,obelix_same_property_static,40,144,8,33.0,1,0.25,-1.5528419686577808,0.0,0.25,-1.5528419686577808,0.0,0.5,-1.5528419686577808,0.0
external_candidate,21,estm_transport_neighbor_static,40,144,8,45.0,5,0.375,-1.7212463990471711,0.16840443038939035,0.375,-1.7212463990471711,0.16840443038939035,0.75,-1.619788758288394,0.06694678963061329
external_candidate,21,borg_mechanical_static_control,40,144,8,0.0,41,0.0,-2.6989700043360187,1.146128035678238,0.0,-2.2494916051486538,0.696649636490873,0.0,-2.2494916051486538,0.696649636490873
external_candidate,21,ocx_catalysis_static_control,40,144,8,0.0,41,0.0,-2.958607314841775,1.4057653461839943,0.0,-2.958607314841775,1.4057653461839943,0.0,-2.2494916051486538,0.696649636490873
external_candidate,21,shuffled_obelix_static_control,40,144,8,19.0,2,0.125,-1.7212463990471711,0.16840443038939035,0.125,-1.7212463990471711,0.16840443038939035,0.375,-1.7212463990471711,0.16840443038939035
external_candidate,21,safe_obelix_residual,40,144,8,0.0,41,0.0,-2.690369832574101,1.13752786391632,0.0,-2.690369832574101,1.13752786391632,0.0,-2.690369832574101,1.13752786391632
external_candidate,21,safe_estm_residual,40,144,8,0.0,41,0.0,-2.690369832574101,1.13752786391632,0.0,-2.690369832574101,1.13752786391632,0.0,-2.690369832574101,1.13752786391632
external_candidate,21,safe_borg_residual_control,40,144,8,0.0,32,0.0,-2.690369832574101,1.13752786391632,0.0,-2.690369832574101,1.13752786391632,0.125,-2.2006594505464183,0.6478174818886375
external_candidate,21,safe_ocx_residual_control,40,144,8,0.0,41,0.0,-2.690369832574101,1.13752786391632,0.0,-2.690369832574101,1.13752786391632,0.0,-2.690369832574101,1.13752786391632
external_candidate,21,safe_shuffled_obelix_control,40,144,8,0.0,35,0.0,-2.690369832574101,1.13752786391632,0.0,-2.690369832574101,1.13752786391632,0.125,-2.2006594505464183,0.6478174818886375
external_candidate,21,safe_multisource_residual,40,144,8,0.0,41,0.0,-2.690369832574101,1.13752786391632,0.0,-2.690369832574101,1.13752786391632,0.0,-2.690369832574101,1.13752786391632
external_candidate,21,safe_multisource_novelty_band,40,144,8,0.0,41,0.0,-2.903089986991944,1.3502480183341634,0.0,-2.690369832574101,1.13752786391632,0.0,-2.2992962828549808,0.7464543141972
external_candidate,22,uniform_random,40,144,8,51.0,2,0.375,-1.769551078621726,0.2167091099639451,0.375,-1.769551078621726,0.2167091099639451,0.75,-1.5528419686577808,0.0
external_candidate,22,composition_novelty,40,144,8,0.0,41,0.0,-2.690369832574101,1.13752786391632,0.0,-2.690369832574101,1.13752786391632,0.0,-2.690369832574101,1.13752786391632
external_candidate,22,safe_target_novelty,40,144,8,0.0,41,0.0,-2.690369832574101,1.13752786391632,0.0,-2.690369832574101,1.13752786391632,0.0,-2.690369832574101,1.13752786391632
external_candidate,22,obelix_same_property_static,40,144,8,33.0,1,0.25,-1.5528419686577808,0.0,0.25,-1.5528419686577808,0.0,0.5,-1.5528419686577808,0.0
external_candidate,22,estm_transport_neighbor_static,40,144,8,45.0,5,0.375,-1.7212463990471711,0.16840443038939035,0.375,-1.7212463990471711,0.16840443038939035,0.75,-1.619788758288394,0.06694678963061329
external_candidate,22,borg_mechanical_static_control,40,144,8,0.0,41,0.0,-2.6989700043360187,1.146128035678238,0.0,-2.2494916051486538,0.696649636490873,0.0,-2.2494916051486538,0.696649636490873
external_candidate,22,ocx_catalysis_static_control,40,144,8,0.0,41,0.0,-2.958607314841775,1.4057653461839943,0.0,-2.958607314841775,1.4057653461839943,0.0,-2.2494916051486538,0.696649636490873
external_candidate,22,shuffled_obelix_static_control,40,144,8,0.0,41,0.0,-2.958607314841775,1.4057653461839943,0.0,-2.958607314841775,1.4057653461839943,0.0,-2.690369832574101,1.13752786391632
external_candidate,22,safe_obelix_residual,40,144,8,0.0,41,0.0,-2.690369832574101,1.13752786391632,0.0,-2.690369832574101,1.13752786391632,0.0,-2.690369832574101,1.13752786391632
external_candidate,22,safe_estm_residual,40,144,8,0.0,41,0.0,-2.690369832574101,1.13752786391632,0.0,-2.690369832574101,1.13752786391632,0.0,-2.690369832574101,1.13752786391632
external_candidate,22,safe_borg_residual_control,40,144,8,0.0,41,0.0,-2.690369832574101,1.13752786391632,0.0,-2.690369832574101,1.13752786391632,0.0,-2.690369832574101,1.13752786391632
external_candidate,22,safe_ocx_residual_control,40,144,8,0.0,41,0.0,-2.690369832574101,1.13752786391632,0.0,-2.690369832574101,1.13752786391632,0.0,-2.690369832574101,1.13752786391632
external_candidate,22,safe_shuffled_obelix_control,40,144,8,0.0,41,0.0,-2.690369832574101,1.13752786391632,0.0,-2.690369832574101,1.13752786391632,0.0,-2.690369832574101,1.13752786391632
external_candidate,22,safe_multisource_residual,40,144,8,0.0,41,0.0,-2.690369832574101,1.13752786391632,0.0,-2.690369832574101,1.13752786391632,0.0,-2.690369832574101,1.13752786391632
external_candidate,22,safe_multisource_novelty_band,40,144,8,0.0,41,0.0,-2.690369832574101,1.13752786391632,0.0,-2.690369832574101,1.13752786391632,0.0,-2.690369832574101,1.13752786391632
external_candidate,23,uniform_random,40,144,8,2.0,19,0.0,-2.2494916051486538,0.696649636490873,0.125,-1.769551078621726,0.2167091099639451,0.375,-1.619788758288394,0.06694678963061329
external_candidate,23,composition_novelty,40,144,8,0.0,41,0.0,-2.690369832574101,1.13752786391632,0.0,-2.690369832574101,1.13752786391632,0.0,-2.690369832574101,1.13752786391632
external_candidate,23,safe_target_novelty,40,144,8,0.0,39,0.0,-2.690369832574101,1.13752786391632,0.0,-2.690369832574101,1.13752786391632,0.125,-1.5528419686577808,0.0
external_candidate,23,obelix_same_property_static,40,144,8,33.0,1,0.25,-1.5528419686577808,0.0,0.25,-1.5528419686577808,0.0,0.5,-1.5528419686577808,0.0
external_candidate,23,estm_transport_neighbor_static,40,144,8,45.0,5,0.375,-1.7212463990471711,0.16840443038939035,0.375,-1.7212463990471711,0.16840443038939035,0.75,-1.619788758288394,0.06694678963061329
external_candidate,23,borg_mechanical_static_control,40,144,8,0.0,41,0.0,-2.6989700043360187,1.146128035678238,0.0,-2.2494916051486538,0.696649636490873,0.0,-2.2494916051486538,0.696649636490873
external_candidate,23,ocx_catalysis_static_control,40,144,8,0.0,41,0.0,-2.958607314841775,1.4057653461839943,0.0,-2.958607314841775,1.4057653461839943,0.0,-2.2494916051486538,0.696649636490873
external_candidate,23,shuffled_obelix_static_control,40,144,8,15.0,6,0.125,-1.5528419686577808,0.0,0.125,-1.5528419686577808,0.0,0.25,-1.5528419686577808,0.0
external_candidate,23,safe_obelix_residual,40,144,8,0.0,41,0.0,-2.690369832574101,1.13752786391632,0.0,-2.690369832574101,1.13752786391632,0.0,-2.690369832574101,1.13752786391632
external_candidate,23,safe_estm_residual,40,144,8,0.0,41,0.0,-2.690369832574101,1.13752786391632,0.0,-2.690369832574101,1.13752786391632,0.0,-2.690369832574101,1.13752786391632
external_candidate,23,safe_borg_residual_control,40,144,8,0.0,41,0.0,-2.690369832574101,1.13752786391632,0.0,-2.690369832574101,1.13752786391632,0.0,-2.690369832574101,1.13752786391632
external_candidate,23,safe_ocx_residual_control,40,144,8,0.0,41,0.0,-2.690369832574101,1.13752786391632,0.0,-2.690369832574101,1.13752786391632,0.0,-2.690369832574101,1.13752786391632
external_candidate,23,safe_shuffled_obelix_control,40,144,8,0.0,41,0.0,-2.690369832574101,1.13752786391632,0.0,-2.690369832574101,1.13752786391632,0.0,-2.690369832574101,1.13752786391632
external_candidate,23,safe_multisource_residual,40,144,8,0.0,41,0.0,-2.690369832574101,1.13752786391632,0.0,-2.690369832574101,1.13752786391632,0.0,-2.690369832574101,1.13752786391632
external_candidate,23,safe_multisource_novelty_band,40,144,8,0.0,41,0.0,-3.0296531237699065,1.4768111551121257,0.0,-3.022733787572707,1.4698918189149264,0.0,-3.022733787572707,1.4698918189149264
external_candidate,24,uniform_random,40,144,8,0.0,22,0.0,-2.958607314841775,1.4057653461839943,0.0,-2.958607314841775,1.4057653461839943,0.375,-1.5528419686577808,0.0
external_candidate,24,composition_novelty,40,144,8,0.0,41,0.0,-2.690369832574101,1.13752786391632,0.0,-2.690369832574101,1.13752786391632,0.0,-2.690369832574101,1.13752786391632
external_candidate,24,safe_target_novelty,40,144,8,0.0,41,0.0,-3.05453141486818,1.5016894462103993,0.0,-3.0296531237699065,1.4768111551121257,0.0,-2.903089986991944,1.3502480183341634
external_candidate,24,obelix_same_property_static,40,144,8,33.0,1,0.25,-1.5528419686577808,0.0,0.25,-1.5528419686577808,0.0,0.5,-1.5528419686577808,0.0
external_candidate,24,estm_transport_neighbor_static,40,144,8,45.0,5,0.375,-1.7212463990471711,0.16840443038939035,0.375,-1.7212463990471711,0.16840443038939035,0.75,-1.619788758288394,0.06694678963061329
external_candidate,24,borg_mechanical_static_control,40,144,8,0.0,41,0.0,-2.6989700043360187,1.146128035678238,0.0,-2.2494916051486538,0.696649636490873,0.0,-2.2494916051486538,0.696649636490873
external_candidate,24,ocx_catalysis_static_control,40,144,8,0.0,41,0.0,-2.958607314841775,1.4057653461839943,0.0,-2.958607314841775,1.4057653461839943,0.0,-2.2494916051486538,0.696649636490873
external_candidate,24,shuffled_obelix_static_control,40,144,8,21.0,2,0.125,-2.1870866433571443,0.6342446746993635,0.25,-1.619788758288394,0.06694678963061329,0.5,-1.619788758288394,0.06694678963061329
external_candidate,24,safe_obelix_residual,40,144,8,0.0,41,0.0,-2.690369832574101,1.13752786391632,0.0,-2.690369832574101,1.13752786391632,0.0,-2.690369832574101,1.13752786391632
external_candidate,24,safe_estm_residual,40,144,8,0.0,41,0.0,-3.05453141486818,1.5016894462103993,0.0,-3.0296531237699065,1.4768111551121257,0.0,-3.022733787572707,1.4698918189149264
external_candidate,24,safe_borg_residual_control,40,144,8,0.0,41,0.0,-3.05453141486818,1.5016894462103993,0.0,-3.0296531237699065,1.4768111551121257,0.0,-2.962573502059376,1.4097315334015954
external_candidate,24,safe_ocx_residual_control,40,144,8,0.0,41,0.0,-3.05453141486818,1.5016894462103993,0.0,-3.0296531237699065,1.4768111551121257,0.0,-2.903089986991944,1.3502480183341634
external_candidate,24,safe_shuffled_obelix_control,40,144,8,0.0,41,0.0,-3.05453141486818,1.5016894462103993,0.0,-3.022733787572707,1.4698918189149264,0.0,-2.903089986991944,1.3502480183341634
external_candidate,24,safe_multisource_residual,40,144,8,0.0,41,0.0,-2.690369832574101,1.13752786391632,0.0,-2.690369832574101,1.13752786391632,0.0,-2.690369832574101,1.13752786391632
external_candidate,24,safe_multisource_novelty_band,40,144,8,0.0,39,0.0,-3.022733787572707,1.4698918189149264,0.0,-3.022733787572707,1.4698918189149264,0.125,-1.5528419686577808,0.0
external_candidate,25,uniform_random,40,144,8,0.0,23,0.0,-2.2494916051486538,0.696649636490873,0.0,-2.2494916051486538,0.696649636490873,0.25,-1.5528419686577808,0.0
external_candidate,25,composition_novelty,40,144,8,0.0,41,0.0,-2.690369832574101,1.13752786391632,0.0,-2.690369832574101,1.13752786391632,0.0,-2.690369832574101,1.13752786391632
external_candidate,25,safe_target_novelty,40,144,8,0.0,36,0.0,-3.022733787572707,1.4698918189149264,0.0,-2.903089986991944,1.3502480183341634,0.25,-1.5528419686577808,0.0
external_candidate,25,obelix_same_property_static,40,144,8,33.0,1,0.25,-1.5528419686577808,0.0,0.25,-1.5528419686577808,0.0,0.5,-1.5528419686577808,0.0
external_candidate,25,estm_transport_neighbor_static,40,144,8,45.0,5,0.375,-1.7212463990471711,0.16840443038939035,0.375,-1.7212463990471711,0.16840443038939035,0.75,-1.619788758288394,0.06694678963061329
external_candidate,25,borg_mechanical_static_control,40,144,8,0.0,41,0.0,-2.6989700043360187,1.146128035678238,0.0,-2.2494916051486538,0.696649636490873,0.0,-2.2494916051486538,0.696649636490873
external_candidate,25,ocx_catalysis_static_control,40,144,8,0.0,41,0.0,-2.958607314841775,1.4057653461839943,0.0,-2.958607314841775,1.4057653461839943,0.0,-2.2494916051486538,0.696649636490873
external_candidate,25,shuffled_obelix_static_control,40,144,8,17.0,4,0.125,-1.9065783148377649,0.35373634617998406,0.125,-1.9065783148377649,0.35373634617998406,0.125,-1.9065783148377649,0.35373634617998406
external_candidate,25,safe_obelix_residual,40,144,8,0.0,31,0.0,-3.022733787572707,1.4698918189149264,0.0,-2.903089986991944,1.3502480183341634,0.25,-1.5528419686577808,0.0
external_candidate,25,safe_estm_residual,40,144,8,0.0,39,0.0,-3.022733787572707,1.4698918189149264,0.0,-2.903089986991944,1.3502480183341634,0.125,-1.5528419686577808,0.0
external_candidate,25,safe_borg_residual_control,40,144,8,0.0,33,0.0,-3.022733787572707,1.4698918189149264,0.0,-2.903089986991944,1.3502480183341634,0.25,-1.5528419686577808,0.0
external_candidate,25,safe_ocx_residual_control,40,144,8,0.0,36,0.0,-3.022733787572707,1.4698918189149264,0.0,-2.903089986991944,1.3502480183341634,0.25,-1.5528419686577808,0.0
external_candidate,25,safe_shuffled_obelix_control,40,144,8,0.0,40,0.0,-3.022733787572707,1.4698918189149264,0.0,-3.022733787572707,1.4698918189149264,0.125,-1.5528419686577808,0.0
external_candidate,25,safe_multisource_residual,40,144,8,0.0,38,0.0,-3.022733787572707,1.4698918189149264,0.0,-3.022733787572707,1.4698918189149264,0.25,-1.5528419686577808,0.0
external_candidate,25,safe_multisource_novelty_band,40,144,8,0.0,38,0.0,-4.4388986163509445,2.886056647693164,0.0,-3.5850266520291822,2.0321846833714012,0.125,-1.5528419686577808,0.0
external_candidate,26,uniform_random,40,144,8,8.0,13,0.0,-2.6989700043360187,1.146128035678238,0.125,-1.9065783148377649,0.35373634617998406,0.25,-1.9065783148377649,0.35373634617998406
external_candidate,26,composition_novelty,40,144,8,0.0,41,0.0,-2.690369832574101,1.13752786391632,0.0,-2.690369832574101,1.13752786391632,0.0,-2.690369832574101,1.13752786391632
external_candidate,26,safe_target_novelty,40,144,8,0.0,41,0.0,-2.690369832574101,1.13752786391632,0.0,-2.690369832574101,1.13752786391632,0.0,-2.2992962828549808,0.7464543141972
external_candidate,26,obelix_same_property_static,40,144,8,33.0,1,0.25,-1.5528419686577808,0.0,0.25,-1.5528419686577808,0.0,0.5,-1.5528419686577808,0.0
external_candidate,26,estm_transport_neighbor_static,40,144,8,45.0,5,0.375,-1.7212463990471711,0.16840443038939035,0.375,-1.7212463990471711,0.16840443038939035,0.75,-1.619788758288394,0.06694678963061329
external_candidate,26,borg_mechanical_static_control,40,144,8,0.0,41,0.0,-2.6989700043360187,1.146128035678238,0.0,-2.2494916051486538,0.696649636490873,0.0,-2.2494916051486538,0.696649636490873
external_candidate,26,ocx_catalysis_static_control,40,144,8,0.0,41,0.0,-2.958607314841775,1.4057653461839943,0.0,-2.958607314841775,1.4057653461839943,0.0,-2.2494916051486538,0.696649636490873
external_candidate,26,shuffled_obelix_static_control,40,144,8,0.0,23,0.0,-3.0,1.4471580313422192,0.0,-2.2494916051486538,0.696649636490873,0.25,-1.619788758288394,0.06694678963061329
external_candidate,26,safe_obelix_residual,40,144,8,0.0,41,0.0,-3.0296531237699065,1.4768111551121257,0.0,-3.022733787572707,1.4698918189149264,0.0,-2.903089986991944,1.3502480183341634
external_candidate,26,safe_estm_residual,40,144,8,0.0,40,0.0,-2.690369832574101,1.13752786391632,0.0,-2.690369832574101,1.13752786391632,0.125,-1.5528419686577808,0.0
external_candidate,26,safe_borg_residual_control,40,144,8,0.0,41,0.0,-2.690369832574101,1.13752786391632,0.0,-2.690369832574101,1.13752786391632,0.0,-2.2992962828549808,0.7464543141972
external_candidate,26,safe_ocx_residual_control,40,144,8,0.0,41,0.0,-2.690369832574101,1.13752786391632,0.0,-2.690369832574101,1.13752786391632,0.0,-2.2992962828549808,0.7464543141972
external_candidate,26,safe_shuffled_obelix_control,40,144,8,0.0,41,0.0,-2.690369832574101,1.13752786391632,0.0,-2.690369832574101,1.13752786391632,0.0,-2.690369832574101,1.13752786391632
external_candidate,26,safe_multisource_residual,40,144,8,0.0,41,0.0,-3.0296531237699065,1.4768111551121257,0.0,-3.022733787572707,1.4698918189149264,0.0,-2.2992962828549808,0.7464543141972
external_candidate,26,safe_multisource_novelty_band,40,144,8,0.0,41,0.0,-2.690369832574101,1.13752786391632,0.0,-2.690369832574101,1.13752786391632,0.0,-2.690369832574101,1.13752786391632
external_candidate,27,uniform_random,40,144,8,0.0,41,0.0,-5.501689446210399,3.9488474775526186,0.0,-2.958607314841775,1.4057653461839943,0.0,-2.2596373105057563,0.7067953418479755
external_candidate,27,composition_novelty,40,144,8,0.0,41,0.0,-2.690369832574101,1.13752786391632,0.0,-2.690369832574101,1.13752786391632,0.0,-2.690369832574101,1.13752786391632
external_candidate,27,safe_target_novelty,40,144,8,0.0,41,0.0,-3.022733787572707,1.4698918189149264,0.0,-3.022733787572707,1.4698918189149264,0.0,-2.903089986991944,1.3502480183341634
external_candidate,27,obelix_same_property_static,40,144,8,33.0,1,0.25,-1.5528419686577808,0.0,0.25,-1.5528419686577808,0.0,0.5,-1.5528419686577808,0.0
external_candidate,27,estm_transport_neighbor_static,40,144,8,45.0,5,0.375,-1.7212463990471711,0.16840443038939035,0.375,-1.7212463990471711,0.16840443038939035,0.75,-1.619788758288394,0.06694678963061329
external_candidate,27,borg_mechanical_static_control,40,144,8,0.0,41,0.0,-2.6989700043360187,1.146128035678238,0.0,-2.2494916051486538,0.696649636490873,0.0,-2.2494916051486538,0.696649636490873
external_candidate,27,ocx_catalysis_static_control,40,144,8,0.0,41,0.0,-2.958607314841775,1.4057653461839943,0.0,-2.958607314841775,1.4057653461839943,0.0,-2.2494916051486538,0.696649636490873
external_candidate,27,shuffled_obelix_static_control,40,144,8,10.0,11,0.0,-2.958607314841775,1.4057653461839943,0.125,-2.2006594505464183,0.6478174818886375,0.375,-1.7212463990471711,0.16840443038939035
external_candidate,27,safe_obelix_residual,40,144,8,0.0,41,0.0,-3.022733787572707,1.4698918189149264,0.0,-3.022733787572707,1.4698918189149264,0.0,-2.903089986991944,1.3502480183341634
external_candidate,27,safe_estm_residual,40,144,8,0.0,41,0.0,-3.022733787572707,1.4698918189149264,0.0,-3.022733787572707,1.4698918189149264,0.0,-2.962573502059376,1.4097315334015954
external_candidate,27,safe_borg_residual_control,40,144,8,0.0,41,0.0,-3.022733787572707,1.4698918189149264,0.0,-3.022733787572707,1.4698918189149264,0.0,-2.962573502059376,1.4097315334015954
external_candidate,27,safe_ocx_residual_control,40,144,8,0.0,41,0.0,-3.022733787572707,1.4698918189149264,0.0,-3.022733787572707,1.4698918189149264,0.0,-2.903089986991944,1.3502480183341634
external_candidate,27,safe_shuffled_obelix_control,40,144,8,0.0,41,0.0,-3.022733787572707,1.4698918189149264,0.0,-3.022733787572707,1.4698918189149264,0.0,-2.903089986991944,1.3502480183341634
external_candidate,27,safe_multisource_residual,40,144,8,0.0,41,0.0,-3.022733787572707,1.4698918189149264,0.0,-3.022733787572707,1.4698918189149264,0.0,-2.903089986991944,1.3502480183341634
external_candidate,27,safe_multisource_novelty_band,40,144,8,0.0,41,0.0,-2.903089986991944,1.3502480183341634,0.0,-2.690369832574101,1.13752786391632,0.0,-2.690369832574101,1.13752786391632
external_candidate,28,uniform_random,40,144,8,1.0,20,0.0,-2.6989700043360187,1.146128035678238,0.125,-2.2006594505464183,0.6478174818886375,0.5,-1.5528419686577808,0.0
external_candidate,28,composition_novelty,40,144,8,0.0,41,0.0,-2.690369832574101,1.13752786391632,0.0,-2.690369832574101,1.13752786391632,0.0,-2.690369832574101,1.13752786391632
external_candidate,28,safe_target_novelty,40,144,8,0.0,34,0.0,-2.690369832574101,1.13752786391632,0.0,-2.690369832574101,1.13752786391632,0.125,-1.5528419686577808,0.0
external_candidate,28,obelix_same_property_static,40,144,8,33.0,1,0.25,-1.5528419686577808,0.0,0.25,-1.5528419686577808,0.0,0.5,-1.5528419686577808,0.0
external_candidate,28,estm_transport_neighbor_static,40,144,8,45.0,5,0.375,-1.7212463990471711,0.16840443038939035,0.375,-1.7212463990471711,0.16840443038939035,0.75,-1.619788758288394,0.06694678963061329
external_candidate,28,borg_mechanical_static_control,40,144,8,0.0,41,0.0,-2.6989700043360187,1.146128035678238,0.0,-2.2494916051486538,0.696649636490873,0.0,-2.2494916051486538,0.696649636490873
external_candidate,28,ocx_catalysis_static_control,40,144,8,0.0,41,0.0,-2.958607314841775,1.4057653461839943,0.0,-2.958607314841775,1.4057653461839943,0.0,-2.2494916051486538,0.696649636490873
external_candidate,28,shuffled_obelix_static_control,40,144,8,0.0,23,0.0,-2.4989407377822483,0.9460987691244676,0.0,-2.2596373105057563,0.7067953418479755,0.25,-1.769551078621726,0.2167091099639451
external_candidate,28,safe_obelix_residual,40,144,8,0.0,34,0.0,-2.690369832574101,1.13752786391632,0.0,-2.690369832574101,1.13752786391632,0.25,-1.5528419686577808,0.0
external_candidate,28,safe_estm_residual,40,144,8,0.0,38,0.0,-2.690369832574101,1.13752786391632,0.0,-2.690369832574101,1.13752786391632,0.125,-1.7212463990471711,0.16840443038939035
external_candidate,28,safe_borg_residual_control,40,144,8,0.0,40,0.0,-3.3809643969347203,1.8281224282769395,0.0,-2.690369832574101,1.13752786391632,0.125,-1.7212463990471711,0.16840443038939035
external_candidate,28,safe_ocx_residual_control,40,144,8,0.0,37,0.0,-2.690369832574101,1.13752786391632,0.0,-2.690369832574101,1.13752786391632,0.25,-1.5528419686577808,0.0
external_candidate,28,safe_shuffled_obelix_control,40,144,8,0.0,33,0.0,-2.690369832574101,1.13752786391632,0.0,-2.690369832574101,1.13752786391632,0.25,-1.5528419686577808,0.0
external_candidate,28,safe_multisource_residual,40,144,8,0.0,36,0.0,-2.690369832574101,1.13752786391632,0.0,-2.690369832574101,1.13752786391632,0.125,-1.5528419686577808,0.0
external_candidate,28,safe_multisource_novelty_band,40,144,8,0.0,40,0.0,-2.690369832574101,1.13752786391632,0.0,-2.382999658879101,0.8301576902213201,0.125,-1.5528419686577808,0.0
external_candidate,29,uniform_random,40,144,8,7.0,17,0.0,-2.2596373105057563,0.7067953418479755,0.25,-1.7212463990471711,0.16840443038939035,0.375,-1.5528419686577808,0.0
external_candidate,29,composition_novelty,40,144,8,0.0,41,0.0,-2.690369832574101,1.13752786391632,0.0,-2.690369832574101,1.13752786391632,0.0,-2.690369832574101,1.13752786391632
external_candidate,29,safe_target_novelty,40,144,8,0.0,41,0.0,-2.690369832574101,1.13752786391632,0.0,-2.690369832574101,1.13752786391632,0.0,-2.2992962828549808,0.7464543141972
external_candidate,29,obelix_same_property_static,40,144,8,33.0,1,0.25,-1.5528419686577808,0.0,0.25,-1.5528419686577808,0.0,0.5,-1.5528419686577808,0.0
external_candidate,29,estm_transport_neighbor_static,40,144,8,45.0,5,0.375,-1.7212463990471711,0.16840443038939035,0.375,-1.7212463990471711,0.16840443038939035,0.75,-1.619788758288394,0.06694678963061329
external_candidate,29,borg_mechanical_static_control,40,144,8,0.0,41,0.0,-2.6989700043360187,1.146128035678238,0.0,-2.2494916051486538,0.696649636490873,0.0,-2.2494916051486538,0.696649636490873
external_candidate,29,ocx_catalysis_static_control,40,144,8,0.0,41,0.0,-2.958607314841775,1.4057653461839943,0.0,-2.958607314841775,1.4057653461839943,0.0,-2.2494916051486538,0.696649636490873
external_candidate,29,shuffled_obelix_static_control,40,144,8,16.0,5,0.125,-2.1870866433571443,0.6342446746993635,0.125,-2.1870866433571443,0.6342446746993635,0.125,-2.1870866433571443,0.6342446746993635
external_candidate,29,safe_obelix_residual,40,144,8,0.0,41,0.0,-2.690369832574101,1.13752786391632,0.0,-2.690369832574101,1.13752786391632,0.0,-2.690369832574101,1.13752786391632
external_candidate,29,safe_estm_residual,40,144,8,0.0,41,0.0,-2.690369832574101,1.13752786391632,0.0,-2.690369832574101,1.13752786391632,0.0,-2.690369832574101,1.13752786391632
external_candidate,29,safe_borg_residual_control,40,144,8,0.0,41,0.0,-2.690369832574101,1.13752786391632,0.0,-2.690369832574101,1.13752786391632,0.0,-2.690369832574101,1.13752786391632
external_candidate,29,safe_ocx_residual_control,40,144,8,0.0,41,0.0,-2.690369832574101,1.13752786391632,0.0,-2.690369832574101,1.13752786391632,0.0,-2.690369832574101,1.13752786391632
external_candidate,29,safe_shuffled_obelix_control,40,144,8,0.0,41,0.0,-2.690369832574101,1.13752786391632,0.0,-2.690369832574101,1.13752786391632,0.0,-2.2992962828549808,0.7464543141972
external_candidate,29,safe_multisource_residual,40,144,8,0.0,41,0.0,-2.690369832574101,1.13752786391632,0.0,-2.690369832574101,1.13752786391632,0.0,-2.690369832574101,1.13752786391632
external_candidate,29,safe_multisource_novelty_band,40,144,8,0.0,41,0.0,-2.690369832574101,1.13752786391632,0.0,-2.690369832574101,1.13752786391632,0.0,-2.690369832574101,1.13752786391632
external_candidate,30,uniform_random,40,144,8,0.0,21,0.0,-2.856985199745905,1.3041432310881242,0.0,-2.382999658879101,0.8301576902213201,0.25,-1.619788758288394,0.06694678963061329
external_candidate,30,composition_novelty,40,144,8,0.0,41,0.0,-2.690369832574101,1.13752786391632,0.0,-2.690369832574101,1.13752786391632,0.0,-2.690369832574101,1.13752786391632
external_candidate,30,safe_target_novelty,40,144,8,0.0,26,0.0,-2.690369832574101,1.13752786391632,0.0,-2.690369832574101,1.13752786391632,0.125,-1.7212463990471711,0.16840443038939035
external_candidate,30,obelix_same_property_static,40,144,8,33.0,1,0.25,-1.5528419686577808,0.0,0.25,-1.5528419686577808,0.0,0.5,-1.5528419686577808,0.0
external_candidate,30,estm_transport_neighbor_static,40,144,8,45.0,5,0.375,-1.7212463990471711,0.16840443038939035,0.375,-1.7212463990471711,0.16840443038939035,0.75,-1.619788758288394,0.06694678963061329
external_candidate,30,borg_mechanical_static_control,40,144,8,0.0,41,0.0,-2.6989700043360187,1.146128035678238,0.0,-2.2494916051486538,0.696649636490873,0.0,-2.2494916051486538,0.696649636490873
external_candidate,30,ocx_catalysis_static_control,40,144,8,0.0,41,0.0,-2.958607314841775,1.4057653461839943,0.0,-2.958607314841775,1.4057653461839943,0.0,-2.2494916051486538,0.696649636490873
external_candidate,30,shuffled_obelix_static_control,40,144,8,13.0,14,0.0,-2.8323353685664605,1.2794933999086797,0.25,-1.9065783148377649,0.35373634617998406,0.25,-1.9065783148377649,0.35373634617998406
external_candidate,30,safe_obelix_residual,40,144,8,2.0,19,0.0,-2.690369832574101,1.13752786391632,0.125,-2.2006594505464183,0.6478174818886375,0.25,-1.7212463990471711,0.16840443038939035
external_candidate,30,safe_estm_residual,40,144,8,3.0,18,0.0,-2.690369832574101,1.13752786391632,0.125,-2.000869458712629,0.4480274900548482,0.125,-2.000869458712629,0.4480274900548482
external_candidate,30,safe_borg_residual_control,40,144,8,0.0,22,0.0,-2.690369832574101,1.13752786391632,0.0,-2.690369832574101,1.13752786391632,0.125,-1.7212463990471711,0.16840443038939035
external_candidate,30,safe_ocx_residual_control,40,144,8,0.0,22,0.0,-2.690369832574101,1.13752786391632,0.0,-2.690369832574101,1.13752786391632,0.125,-1.7212463990471711,0.16840443038939035
external_candidate,30,safe_shuffled_obelix_control,40,144,8,0.0,41,0.0,-2.690369832574101,1.13752786391632,0.0,-2.690369832574101,1.13752786391632,0.0,-2.382999658879101,0.8301576902213201
external_candidate,30,safe_multisource_residual,40,144,8,4.0,17,0.0,-2.690369832574101,1.13752786391632,0.125,-2.2006594505464183,0.6478174818886375,0.125,-2.2006594505464183,0.6478174818886375
external_candidate,30,safe_multisource_novelty_band,40,144,8,2.0,19,0.0,-2.690369832574101,1.13752786391632,0.125,-2.000869458712629,0.4480274900548482,0.25,-1.5528419686577808,0.0
external_candidate,31,uniform_random,40,144,8,4.0,17,0.0,-2.7619538968712045,1.2091119282134237,0.125,-1.9065783148377649,0.35373634617998406,0.25,-1.9065783148377649,0.35373634617998406
external_candidate,31,composition_novelty,40,144,8,0.0,40,0.0,-2.690369832574101,1.13752786391632,0.0,-2.690369832574101,1.13752786391632,0.125,-1.5528419686577808,0.0
external_candidate,31,safe_target_novelty,40,144,8,0.0,40,0.0,-2.690369832574101,1.13752786391632,0.0,-2.690369832574101,1.13752786391632,0.125,-1.5528419686577808,0.0
external_candidate,31,obelix_same_property_static,40,144,8,33.0,1,0.25,-1.5528419686577808,0.0,0.25,-1.5528419686577808,0.0,0.5,-1.5528419686577808,0.0
external_candidate,31,estm_transport_neighbor_static,40,144,8,45.0,5,0.375,-1.7212463990471711,0.16840443038939035,0.375,-1.7212463990471711,0.16840443038939035,0.75,-1.619788758288394,0.06694678963061329
external_candidate,31,borg_mechanical_static_control,40,144,8,0.0,41,0.0,-2.6989700043360187,1.146128035678238,0.0,-2.2494916051486538,0.696649636490873,0.0,-2.2494916051486538,0.696649636490873
external_candidate,31,ocx_catalysis_static_control,40,144,8,0.0,41,0.0,-2.958607314841775,1.4057653461839943,0.0,-2.958607314841775,1.4057653461839943,0.0,-2.2494916051486538,0.696649636490873
external_candidate,31,shuffled_obelix_static_control,40,144,8,28.0,7,0.25,-1.769551078621726,0.2167091099639451,0.375,-1.769551078621726,0.2167091099639451,0.625,-1.7212463990471711,0.16840443038939035
external_candidate,31,safe_obelix_residual,40,144,8,0.0,41,0.0,-2.690369832574101,1.13752786391632,0.0,-2.690369832574101,1.13752786391632,0.0,-2.690369832574101,1.13752786391632
external_candidate,31,safe_estm_residual,40,144,8,0.0,29,0.0,-2.690369832574101,1.13752786391632,0.0,-2.690369832574101,1.13752786391632,0.125,-1.5528419686577808,0.0
external_candidate,31,safe_borg_residual_control,40,144,8,0.0,40,0.0,-2.690369832574101,1.13752786391632,0.0,-2.690369832574101,1.13752786391632,0.125,-1.5528419686577808,0.0
external_candidate,31,safe_ocx_residual_control,40,144,8,0.0,40,0.0,-2.690369832574101,1.13752786391632,0.0,-2.690369832574101,1.13752786391632,0.125,-1.5528419686577808,0.0
external_candidate,31,safe_shuffled_obelix_control,40,144,8,0.0,41,0.0,-2.690369832574101,1.13752786391632,0.0,-2.690369832574101,1.13752786391632,0.0,-2.690369832574101,1.13752786391632
external_candidate,31,safe_multisource_residual,40,144,8,0.0,40,0.0,-2.690369832574101,1.13752786391632,0.0,-2.690369832574101,1.13752786391632,0.125,-1.5528419686577808,0.0
external_candidate,31,safe_multisource_novelty_band,40,144,8,0.0,31,0.0,-2.690369832574101,1.13752786391632,0.0,-2.690369832574101,1.13752786391632,0.125,-1.7212463990471711,0.16840443038939035
external_candidate,32,uniform_random,40,144,8,0.0,36,0.0,-2.2494916051486538,0.696649636490873,0.0,-2.2494916051486538,0.696649636490873,0.25,-1.9065783148377649,0.35373634617998406
external_candidate,32,composition_novelty,40,144,8,0.0,41,0.0,-2.690369832574101,1.13752786391632,0.0,-2.690369832574101,1.13752786391632,0.0,-2.690369832574101,1.13752786391632
external_candidate,32,safe_target_novelty,40,144,8,0.0,22,0.0,-2.690369832574101,1.13752786391632,0.0,-2.690369832574101,1.13752786391632,0.125,-2.000869458712629,0.4480274900548482
external_candidate,32,obelix_same_property_static,40,144,8,33.0,1,0.25,-1.5528419686577808,0.0,0.25,-1.5528419686577808,0.0,0.5,-1.5528419686577808,0.0
external_candidate,32,estm_transport_neighbor_static,40,144,8,45.0,5,0.375,-1.7212463990471711,0.16840443038939035,0.375,-1.7212463990471711,0.16840443038939035,0.75,-1.619788758288394,0.06694678963061329
external_candidate,32,borg_mechanical_static_control,40,144,8,0.0,41,0.0,-2.6989700043360187,1.146128035678238,0.0,-2.2494916051486538,0.696649636490873,0.0,-2.2494916051486538,0.696649636490873
external_candidate,32,ocx_catalysis_static_control,40,144,8,0.0,41,0.0,-2.958607314841775,1.4057653461839943,0.0,-2.958607314841775,1.4057653461839943,0.0,-2.2494916051486538,0.696649636490873
external_candidate,32,shuffled_obelix_static_control,40,144,8,4.0,17,0.0,-2.2596373105057563,0.7067953418479755,0.125,-1.619788758288394,0.06694678963061329,0.25,-1.5528419686577808,0.0
external_candidate,32,safe_obelix_residual,40,144,8,0.0,23,0.0,-3.0296531237699065,1.4768111551121257,0.0,-2.690369832574101,1.13752786391632,0.125,-2.000869458712629,0.4480274900548482
external_candidate,32,safe_estm_residual,40,144,8,0.0,22,0.0,-2.690369832574101,1.13752786391632,0.0,-2.690369832574101,1.13752786391632,0.125,-2.000869458712629,0.4480274900548482
external_candidate,32,safe_borg_residual_control,40,144,8,0.0,23,0.0,-3.0296531237699065,1.4768111551121257,0.0,-2.690369832574101,1.13752786391632,0.125,-2.000869458712629,0.4480274900548482
external_candidate,32,safe_ocx_residual_control,40,144,8,0.0,23,0.0,-3.0296531237699065,1.4768111551121257,0.0,-2.690369832574101,1.13752786391632,0.125,-2.000869458712629,0.4480274900548482
external_candidate,32,safe_shuffled_obelix_control,40,144,8,0.0,22,0.0,-2.690369832574101,1.13752786391632,0.0,-2.690369832574101,1.13752786391632,0.125,-2.000869458712629,0.4480274900548482
external_candidate,32,safe_multisource_residual,40,144,8,0.0,23,0.0,-3.0296531237699065,1.4768111551121257,0.0,-2.690369832574101,1.13752786391632,0.125,-2.000869458712629,0.4480274900548482
external_candidate,32,safe_multisource_novelty_band,40,144,8,0.0,23,0.0,-3.8538719643217614,2.3010299956639804,0.0,-3.022733787572707,1.4698918189149264,0.125,-2.000869458712629,0.4480274900548482
external_candidate,33,uniform_random,40,144,8,17.0,14,0.0,-3.070581074285707,1.5177391056279264,0.375,-1.619788758288394,0.06694678963061329,0.5,-1.5528419686577808,0.0
external_candidate,33,composition_novelty,40,144,8,0.0,41,0.0,-2.690369832574101,1.13752786391632,0.0,-2.690369832574101,1.13752786391632,0.0,-2.690369832574101,1.13752786391632
external_candidate,33,safe_target_novelty,40,144,8,0.0,41,0.0,-3.05453141486818,1.5016894462103993,0.0,-3.022733787572707,1.4698918189149264,0.0,-3.022733787572707,1.4698918189149264
external_candidate,33,obelix_same_property_static,40,144,8,33.0,1,0.25,-1.5528419686577808,0.0,0.25,-1.5528419686577808,0.0,0.5,-1.5528419686577808,0.0
external_candidate,33,estm_transport_neighbor_static,40,144,8,45.0,5,0.375,-1.7212463990471711,0.16840443038939035,0.375,-1.7212463990471711,0.16840443038939035,0.75,-1.619788758288394,0.06694678963061329
external_candidate,33,borg_mechanical_static_control,40,144,8,0.0,41,0.0,-2.6989700043360187,1.146128035678238,0.0,-2.2494916051486538,0.696649636490873,0.0,-2.2494916051486538,0.696649636490873
external_candidate,33,ocx_catalysis_static_control,40,144,8,0.0,41,0.0,-2.958607314841775,1.4057653461839943,0.0,-2.958607314841775,1.4057653461839943,0.0,-2.2494916051486538,0.696649636490873
external_candidate,33,shuffled_obelix_static_control,40,144,8,0.0,41,0.0,-3.355581106873665,1.8027391382158842,0.0,-2.2494916051486538,0.696649636490873,0.0,-2.2494916051486538,0.696649636490873
external_candidate,33,safe_obelix_residual,40,144,8,0.0,41,0.0,-3.0296531237699065,1.4768111551121257,0.0,-3.022733787572707,1.4698918189149264,0.0,-3.022733787572707,1.4698918189149264
external_candidate,33,safe_estm_residual,40,144,8,0.0,41,0.0,-3.05453141486818,1.5016894462103993,0.0,-3.022733787572707,1.4698918189149264,0.0,-2.962573502059376,1.4097315334015954
external_candidate,33,safe_borg_residual_control,40,144,8,0.0,41,0.0,-3.0296531237699065,1.4768111551121257,0.0,-3.022733787572707,1.4698918189149264,0.0,-2.962573502059376,1.4097315334015954
external_candidate,33,safe_ocx_residual_control,40,144,8,0.0,41,0.0,-3.05453141486818,1.5016894462103993,0.0,-3.022733787572707,1.4698918189149264,0.0,-3.022733787572707,1.4698918189149264
external_candidate,33,safe_shuffled_obelix_control,40,144,8,0.0,41,0.0,-3.05453141486818,1.5016894462103993,0.0,-3.022733787572707,1.4698918189149264,0.0,-3.022733787572707,1.4698918189149264
external_candidate,33,safe_multisource_residual,40,144,8,0.0,41,0.0,-3.0296531237699065,1.4768111551121257,0.0,-3.022733787572707,1.4698918189149264,0.0,-3.022733787572707,1.4698918189149264
external_candidate,33,safe_multisource_novelty_band,40,144,8,0.0,41,0.0,-4.471083299722345,2.9182413310645643,0.0,-2.690369832574101,1.13752786391632,0.0,-2.690369832574101,1.13752786391632
external_candidate,34,uniform_random,40,144,8,41.0,2,0.25,-1.769551078621726,0.2167091099639451,0.375,-1.769551078621726,0.2167091099639451,0.375,-1.769551078621726,0.2167091099639451
external_candidate,34,composition_novelty,40,144,8,0.0,41,0.0,-2.690369832574101,1.13752786391632,0.0,-2.690369832574101,1.13752786391632,0.0,-2.690369832574101,1.13752786391632
external_candidate,34,safe_target_novelty,40,144,8,0.0,41,0.0,-2.690369832574101,1.13752786391632,0.0,-2.690369832574101,1.13752786391632,0.0,-2.690369832574101,1.13752786391632
external_candidate,34,obelix_same_property_static,40,144,8,33.0,1,0.25,-1.5528419686577808,0.0,0.25,-1.5528419686577808,0.0,0.5,-1.5528419686577808,0.0
external_candidate,34,estm_transport_neighbor_static,40,144,8,45.0,5,0.375,-1.7212463990471711,0.16840443038939035,0.375,-1.7212463990471711,0.16840443038939035,0.75,-1.619788758288394,0.06694678963061329
external_candidate,34,borg_mechanical_static_control,40,144,8,0.0,41,0.0,-2.6989700043360187,1.146128035678238,0.0,-2.2494916051486538,0.696649636490873,0.0,-2.2494916051486538,0.696649636490873
external_candidate,34,ocx_catalysis_static_control,40,144,8,0.0,41,0.0,-2.958607314841775,1.4057653461839943,0.0,-2.958607314841775,1.4057653461839943,0.0,-2.2494916051486538,0.696649636490873
external_candidate,34,shuffled_obelix_static_control,40,144,8,3.0,18,0.0,-2.690369832574101,1.13752786391632,0.125,-2.000869458712629,0.4480274900548482,0.125,-2.000869458712629,0.4480274900548482
external_candidate,34,safe_obelix_residual,40,144,8,0.0,41,0.0,-2.690369832574101,1.13752786391632,0.0,-2.690369832574101,1.13752786391632,0.0,-2.690369832574101,1.13752786391632
external_candidate,34,safe_estm_residual,40,144,8,0.0,41,0.0,-2.690369832574101,1.13752786391632,0.0,-2.690369832574101,1.13752786391632,0.0,-2.690369832574101,1.13752786391632
external_candidate,34,safe_borg_residual_control,40,144,8,0.0,41,0.0,-2.690369832574101,1.13752786391632,0.0,-2.690369832574101,1.13752786391632,0.0,-2.690369832574101,1.13752786391632
external_candidate,34,safe_ocx_residual_control,40,144,8,0.0,41,0.0,-2.690369832574101,1.13752786391632,0.0,-2.690369832574101,1.13752786391632,0.0,-2.690369832574101,1.13752786391632
external_candidate,34,safe_shuffled_obelix_control,40,144,8,0.0,41,0.0,-2.690369832574101,1.13752786391632,0.0,-2.690369832574101,1.13752786391632,0.0,-2.690369832574101,1.13752786391632
external_candidate,34,safe_multisource_residual,40,144,8,0.0,41,0.0,-2.690369832574101,1.13752786391632,0.0,-2.690369832574101,1.13752786391632,0.0,-2.690369832574101,1.13752786391632
external_candidate,34,safe_multisource_novelty_band,40,144,8,0.0,41,0.0,-3.8538719643217614,2.3010299956639804,0.0,-3.8538719643217614,2.3010299956639804,0.0,-2.690369832574101,1.13752786391632
external_candidate,35,uniform_random,40,144,8,9.0,12,0.0,-2.7619538968712045,1.2091119282134237,0.125,-2.1870866433571443,0.6342446746993635,0.375,-1.5528419686577808,0.0
external_candidate,35,composition_novelty,40,144,8,0.0,41,0.0,-2.690369832574101,1.13752786391632,0.0,-2.690369832574101,1.13752786391632,0.0,-2.690369832574101,1.13752786391632
external_candidate,35,safe_target_novelty,40,144,8,0.0,41,0.0,-4.129011186239425,2.5761692175816444,0.0,-2.690369832574101,1.13752786391632,0.0,-2.690369832574101,1.13752786391632
external_candidate,35,obelix_same_property_static,40,144,8,33.0,1,0.25,-1.5528419686577808,0.0,0.25,-1.5528419686577808,0.0,0.5,-1.5528419686577808,0.0
external_candidate,35,estm_transport_neighbor_static,40,144,8,45.0,5,0.375,-1.7212463990471711,0.16840443038939035,0.375,-1.7212463990471711,0.16840443038939035,0.75,-1.619788758288394,0.06694678963061329
external_candidate,35,borg_mechanical_static_control,40,144,8,0.0,41,0.0,-2.6989700043360187,1.146128035678238,0.0,-2.2494916051486538,0.696649636490873,0.0,-2.2494916051486538,0.696649636490873
external_candidate,35,ocx_catalysis_static_control,40,144,8,0.0,41,0.0,-2.958607314841775,1.4057653461839943,0.0,-2.958607314841775,1.4057653461839943,0.0,-2.2494916051486538,0.696649636490873
external_candidate,35,shuffled_obelix_static_control,40,144,8,14.0,7,0.125,-1.7212463990471711,0.16840443038939035,0.125,-1.7212463990471711,0.16840443038939035,0.25,-1.7212463990471711,0.16840443038939035
external_candidate,35,safe_obelix_residual,40,144,8,0.0,41,0.0,-4.129011186239425,2.5761692175816444,0.0,-3.05453141486818,1.5016894462103993,0.0,-3.022733787572707,1.4698918189149264
external_candidate,35,safe_estm_residual,40,144,8,0.0,41,0.0,-4.129011186239425,2.5761692175816444,0.0,-2.690369832574101,1.13752786391632,0.0,-2.690369832574101,1.13752786391632
external_candidate,35,safe_borg_residual_control,40,144,8,0.0,41,0.0,-4.129011186239425,2.5761692175816444,0.0,-3.022733787572707,1.4698918189149264,0.0,-3.022733787572707,1.4698918189149264
external_candidate,35,safe_ocx_residual_control,40,144,8,0.0,41,0.0,-4.129011186239425,2.5761692175816444,0.0,-2.690369832574101,1.13752786391632,0.0,-2.690369832574101,1.13752786391632
external_candidate,35,safe_shuffled_obelix_control,40,144,8,0.0,41,0.0,-4.129011186239425,2.5761692175816444,0.0,-2.690369832574101,1.13752786391632,0.0,-2.690369832574101,1.13752786391632
external_candidate,35,safe_multisource_residual,40,144,8,0.0,41,0.0,-4.129011186239425,2.5761692175816444,0.0,-3.0296531237699065,1.4768111551121257,0.0,-3.0,1.4471580313422192
external_candidate,35,safe_multisource_novelty_band,40,144,8,0.0,41,0.0,-3.3809643969347203,1.8281224282769395,0.0,-2.690369832574101,1.13752786391632,0.0,-2.690369832574101,1.13752786391632
external_candidate,36,uniform_random,40,144,8,14.0,7,0.125,-1.769551078621726,0.2167091099639451,0.125,-1.769551078621726,0.2167091099639451,0.25,-1.769551078621726,0.2167091099639451
external_candidate,36,composition_novelty,40,144,8,0.0,41,0.0,-2.690369832574101,1.13752786391632,0.0,-2.690369832574101,1.13752786391632,0.0,-2.690369832574101,1.13752786391632
external_candidate,36,safe_target_novelty,40,144,8,0.0,41,0.0,-2.690369832574101,1.13752786391632,0.0,-2.690369832574101,1.13752786391632,0.0,-2.690369832574101,1.13752786391632
external_candidate,36,obelix_same_property_static,40,144,8,33.0,1,0.25,-1.5528419686577808,0.0,0.25,-1.5528419686577808,0.0,0.5,-1.5528419686577808,0.0
external_candidate,36,estm_transport_neighbor_static,40,144,8,45.0,5,0.375,-1.7212463990471711,0.16840443038939035,0.375,-1.7212463990471711,0.16840443038939035,0.75,-1.619788758288394,0.06694678963061329
external_candidate,36,borg_mechanical_static_control,40,144,8,0.0,41,0.0,-2.6989700043360187,1.146128035678238,0.0,-2.2494916051486538,0.696649636490873,0.0,-2.2494916051486538,0.696649636490873
external_candidate,36,ocx_catalysis_static_control,40,144,8,0.0,41,0.0,-2.958607314841775,1.4057653461839943,0.0,-2.958607314841775,1.4057653461839943,0.0,-2.2494916051486538,0.696649636490873
external_candidate,36,shuffled_obelix_static_control,40,144,8,0.0,35,0.0,-2.2494916051486538,0.696649636490873,0.0,-2.2494916051486538,0.696649636490873,0.125,-1.9065783148377649,0.35373634617998406
external_candidate,36,safe_obelix_residual,40,144,8,0.0,41,0.0,-2.690369832574101,1.13752786391632,0.0,-2.690369832574101,1.13752786391632,0.0,-2.690369832574101,1.13752786391632
external_candidate,36,safe_estm_residual,40,144,8,0.0,41,0.0,-3.0296531237699065,1.4768111551121257,0.0,-3.022733787572707,1.4698918189149264,0.0,-2.903089986991944,1.3502480183341634
external_candidate,36,safe_borg_residual_control,40,144,8,0.0,41,0.0,-2.690369832574101,1.13752786391632,0.0,-2.690369832574101,1.13752786391632,0.0,-2.690369832574101,1.13752786391632
external_candidate,36,safe_ocx_residual_control,40,144,8,0.0,41,0.0,-2.690369832574101,1.13752786391632,0.0,-2.690369832574101,1.13752786391632,0.0,-2.690369832574101,1.13752786391632
external_candidate,36,safe_shuffled_obelix_control,40,144,8,0.0,41,0.0,-2.690369832574101,1.13752786391632,0.0,-2.690369832574101,1.13752786391632,0.0,-2.690369832574101,1.13752786391632
external_candidate,36,safe_multisource_residual,40,144,8,0.0,41,0.0,-3.022733787572707,1.4698918189149264,0.0,-3.022733787572707,1.4698918189149264,0.0,-2.903089986991944,1.3502480183341634
external_candidate,36,safe_multisource_novelty_band,40,144,8,0.0,41,0.0,-5.055517327849832,3.502675359192051,0.0,-2.690369832574101,1.13752786391632,0.0,-2.690369832574101,1.13752786391632
external_candidate,37,uniform_random,40,144,8,0.0,29,0.0,-2.3279021420642825,0.7750601734065017,0.0,-2.2494916051486538,0.696649636490873,0.125,-1.7212463990471711,0.16840443038939035
external_candidate,37,composition_novelty,40,144,8,0.0,41,0.0,-2.690369832574101,1.13752786391632,0.0,-2.690369832574101,1.13752786391632,0.0,-2.690369832574101,1.13752786391632
external_candidate,37,safe_target_novelty,40,144,8,0.0,41,0.0,-3.8538719643217614,2.3010299956639804,0.0,-2.690369832574101,1.13752786391632,0.0,-2.690369832574101,1.13752786391632
external_candidate,37,obelix_same_property_static,40,144,8,33.0,1,0.25,-1.5528419686577808,0.0,0.25,-1.5528419686577808,0.0,0.5,-1.5528419686577808,0.0
external_candidate,37,estm_transport_neighbor_static,40,144,8,45.0,5,0.375,-1.7212463990471711,0.16840443038939035,0.375,-1.7212463990471711,0.16840443038939035,0.75,-1.619788758288394,0.06694678963061329
external_candidate,37,borg_mechanical_static_control,40,144,8,0.0,41,0.0,-2.6989700043360187,1.146128035678238,0.0,-2.2494916051486538,0.696649636490873,0.0,-2.2494916051486538,0.696649636490873
external_candidate,37,ocx_catalysis_static_control,40,144,8,0.0,41,0.0,-2.958607314841775,1.4057653461839943,0.0,-2.958607314841775,1.4057653461839943,0.0,-2.2494916051486538,0.696649636490873
external_candidate,37,shuffled_obelix_static_control,40,144,8,0.0,27,0.0,-2.7619538968712045,1.2091119282134237,0.0,-2.2596373105057563,0.7067953418479755,0.25,-1.769551078621726,0.2167091099639451
external_candidate,37,safe_obelix_residual,40,144,8,0.0,41,0.0,-3.8538719643217614,2.3010299956639804,0.0,-3.0296531237699065,1.4768111551121257,0.0,-2.903089986991944,1.3502480183341634
external_candidate,37,safe_estm_residual,40,144,8,0.0,41,0.0,-3.8538719643217614,2.3010299956639804,0.0,-3.0296531237699065,1.4768111551121257,0.0,-2.903089986991944,1.3502480183341634
external_candidate,37,safe_borg_residual_control,40,144,8,0.0,41,0.0,-4.070581074285707,2.5177391056279266,0.0,-2.382999658879101,0.8301576902213201,0.0,-2.382999658879101,0.8301576902213201
external_candidate,37,safe_ocx_residual_control,40,144,8,0.0,41,0.0,-3.8538719643217614,2.3010299956639804,0.0,-3.0296531237699065,1.4768111551121257,0.0,-2.903089986991944,1.3502480183341634
external_candidate,37,safe_shuffled_obelix_control,40,144,8,0.0,41,0.0,-3.8538719643217614,2.3010299956639804,0.0,-2.903089986991944,1.3502480183341634,0.0,-2.903089986991944,1.3502480183341634
external_candidate,37,safe_multisource_residual,40,144,8,0.0,41,0.0,-3.8538719643217614,2.3010299956639804,0.0,-3.022733787572707,1.4698918189149264,0.0,-2.903089986991944,1.3502480183341634
external_candidate,37,safe_multisource_novelty_band,40,144,8,0.0,41,0.0,-5.055517327849832,3.502675359192051,0.0,-2.962573502059376,1.4097315334015954,0.0,-2.690369832574101,1.13752786391632
external_candidate,38,uniform_random,40,144,8,19.0,2,0.125,-1.769551078621726,0.2167091099639451,0.125,-1.769551078621726,0.2167091099639451,0.25,-1.7212463990471711,0.16840443038939035
external_candidate,38,composition_novelty,40,144,8,0.0,41,0.0,-2.690369832574101,1.13752786391632,0.0,-2.690369832574101,1.13752786391632,0.0,-2.690369832574101,1.13752786391632
external_candidate,38,safe_target_novelty,40,144,8,0.0,41,0.0,-2.903089986991944,1.3502480183341634,0.0,-2.903089986991944,1.3502480183341634,0.0,-2.903089986991944,1.3502480183341634
external_candidate,38,obelix_same_property_static,40,144,8,33.0,1,0.25,-1.5528419686577808,0.0,0.25,-1.5528419686577808,0.0,0.5,-1.5528419686577808,0.0
external_candidate,38,estm_transport_neighbor_static,40,144,8,45.0,5,0.375,-1.7212463990471711,0.16840443038939035,0.375,-1.7212463990471711,0.16840443038939035,0.75,-1.619788758288394,0.06694678963061329
external_candidate,38,borg_mechanical_static_control,40,144,8,0.0,41,0.0,-2.6989700043360187,1.146128035678238,0.0,-2.2494916051486538,0.696649636490873,0.0,-2.2494916051486538,0.696649636490873
external_candidate,38,ocx_catalysis_static_control,40,144,8,0.0,41,0.0,-2.958607314841775,1.4057653461839943,0.0,-2.958607314841775,1.4057653461839943,0.0,-2.2494916051486538,0.696649636490873
external_candidate,38,shuffled_obelix_static_control,40,144,8,8.0,15,0.0,-2.4989407377822483,0.9460987691244676,0.25,-1.5528419686577808,0.0,0.5,-1.5528419686577808,0.0
external_candidate,38,safe_obelix_residual,40,144,8,0.0,41,0.0,-2.903089986991944,1.3502480183341634,0.0,-2.903089986991944,1.3502480183341634,0.0,-2.382999658879101,0.8301576902213201
external_candidate,38,safe_estm_residual,40,144,8,0.0,41,0.0,-2.903089986991944,1.3502480183341634,0.0,-2.903089986991944,1.3502480183341634,0.0,-2.903089986991944,1.3502480183341634
external_candidate,38,safe_borg_residual_control,40,144,8,0.0,41,0.0,-2.903089986991944,1.3502480183341634,0.0,-2.903089986991944,1.3502480183341634,0.0,-2.903089986991944,1.3502480183341634
external_candidate,38,safe_ocx_residual_control,40,144,8,0.0,41,0.0,-2.903089986991944,1.3502480183341634,0.0,-2.903089986991944,1.3502480183341634,0.0,-2.903089986991944,1.3502480183341634
external_candidate,38,safe_shuffled_obelix_control,40,144,8,0.0,41,0.0,-2.903089986991944,1.3502480183341634,0.0,-2.903089986991944,1.3502480183341634,0.0,-2.903089986991944,1.3502480183341634
external_candidate,38,safe_multisource_residual,40,144,8,0.0,41,0.0,-2.903089986991944,1.3502480183341634,0.0,-2.903089986991944,1.3502480183341634,0.0,-2.903089986991944,1.3502480183341634
external_candidate,38,safe_multisource_novelty_band,40,144,8,0.0,37,0.0,-3.2225731776106885,1.6697312089529077,0.0,-2.690369832574101,1.13752786391632,0.125,-1.5528419686577808,0.0
external_candidate,39,uniform_random,40,144,8,0.0,32,0.0,-3.0,1.4471580313422192,0.0,-2.2494916051486538,0.696649636490873,0.375,-1.7212463990471711,0.16840443038939035
external_candidate,39,composition_novelty,40,144,8,0.0,41,0.0,-2.690369832574101,1.13752786391632,0.0,-2.690369832574101,1.13752786391632,0.0,-2.690369832574101,1.13752786391632
external_candidate,39,safe_target_novelty,40,144,8,0.0,41,0.0,-3.05453141486818,1.5016894462103993,0.0,-3.022733787572707,1.4698918189149264,0.0,-2.903089986991944,1.3502480183341634
external_candidate,39,obelix_same_property_static,40,144,8,33.0,1,0.25,-1.5528419686577808,0.0,0.25,-1.5528419686577808,0.0,0.5,-1.5528419686577808,0.0
external_candidate,39,estm_transport_neighbor_static,40,144,8,45.0,5,0.375,-1.7212463990471711,0.16840443038939035,0.375,-1.7212463990471711,0.16840443038939035,0.75,-1.619788758288394,0.06694678963061329
external_candidate,39,borg_mechanical_static_control,40,144,8,0.0,41,0.0,-2.6989700043360187,1.146128035678238,0.0,-2.2494916051486538,0.696649636490873,0.0,-2.2494916051486538,0.696649636490873
external_candidate,39,ocx_catalysis_static_control,40,144,8,0.0,41,0.0,-2.958607314841775,1.4057653461839943,0.0,-2.958607314841775,1.4057653461839943,0.0,-2.2494916051486538,0.696649636490873
external_candidate,39,shuffled_obelix_static_control,40,144,8,9.0,12,0.0,-2.2494916051486538,0.696649636490873,0.125,-2.2006594505464183,0.6478174818886375,0.375,-1.769551078621726,0.2167091099639451
external_candidate,39,safe_obelix_residual,40,144,8,0.0,41,0.0,-3.0296531237699065,1.4768111551121257,0.0,-3.022733787572707,1.4698918189149264,0.0,-2.903089986991944,1.3502480183341634
external_candidate,39,safe_estm_residual,40,144,8,0.0,41,0.0,-3.05453141486818,1.5016894462103993,0.0,-3.022733787572707,1.4698918189149264,0.0,-2.903089986991944,1.3502480183341634
external_candidate,39,safe_borg_residual_control,40,144,8,0.0,41,0.0,-3.05453141486818,1.5016894462103993,0.0,-3.022733787572707,1.4698918189149264,0.0,-2.903089986991944,1.3502480183341634
external_candidate,39,safe_ocx_residual_control,40,144,8,0.0,41,0.0,-3.05453141486818,1.5016894462103993,0.0,-3.022733787572707,1.4698918189149264,0.0,-2.903089986991944,1.3502480183341634
external_candidate,39,safe_shuffled_obelix_control,40,144,8,0.0,41,0.0,-3.022733787572707,1.4698918189149264,0.0,-3.022733787572707,1.4698918189149264,0.0,-2.903089986991944,1.3502480183341634
external_candidate,39,safe_multisource_residual,40,144,8,0.0,41,0.0,-3.0296531237699065,1.4768111551121257,0.0,-3.022733787572707,1.4698918189149264,0.0,-2.903089986991944,1.3502480183341634
external_candidate,39,safe_multisource_novelty_band,40,144,8,0.0,41,0.0,-3.05453141486818,1.5016894462103993,0.0,-3.022733787572707,1.4698918189149264,0.0,-2.962573502059376,1.4097315334015954
external_candidate,40,uniform_random,40,144,8,9.0,12,0.0,-2.4989407377822483,0.9460987691244676,0.125,-2.2006594505464183,0.6478174818886375,0.125,-2.2006594505464183,0.6478174818886375
external_candidate,40,composition_novelty,40,144,8,0.0,41,0.0,-2.690369832574101,1.13752786391632,0.0,-2.690369832574101,1.13752786391632,0.0,-2.690369832574101,1.13752786391632
external_candidate,40,safe_target_novelty,40,144,8,0.0,41,0.0,-2.690369832574101,1.13752786391632,0.0,-2.690369832574101,1.13752786391632,0.0,-2.690369832574101,1.13752786391632
external_candidate,40,obelix_same_property_static,40,144,8,33.0,1,0.25,-1.5528419686577808,0.0,0.25,-1.5528419686577808,0.0,0.5,-1.5528419686577808,0.0
external_candidate,40,estm_transport_neighbor_static,40,144,8,45.0,5,0.375,-1.7212463990471711,0.16840443038939035,0.375,-1.7212463990471711,0.16840443038939035,0.75,-1.619788758288394,0.06694678963061329
external_candidate,40,borg_mechanical_static_control,40,144,8,0.0,41,0.0,-2.6989700043360187,1.146128035678238,0.0,-2.2494916051486538,0.696649636490873,0.0,-2.2494916051486538,0.696649636490873
external_candidate,40,ocx_catalysis_static_control,40,144,8,0.0,41,0.0,-2.958607314841775,1.4057653461839943,0.0,-2.958607314841775,1.4057653461839943,0.0,-2.2494916051486538,0.696649636490873
external_candidate,40,shuffled_obelix_static_control,40,144,8,0.0,26,0.0,-2.2596373105057563,0.7067953418479755,0.0,-2.2596373105057563,0.7067953418479755,0.25,-1.7212463990471711,0.16840443038939035
external_candidate,40,safe_obelix_residual,40,144,8,0.0,41,0.0,-2.690369832574101,1.13752786391632,0.0,-2.690369832574101,1.13752786391632,0.0,-2.690369832574101,1.13752786391632
external_candidate,40,safe_estm_residual,40,144,8,0.0,41,0.0,-2.690369832574101,1.13752786391632,0.0,-2.690369832574101,1.13752786391632,0.0,-2.690369832574101,1.13752786391632
external_candidate,40,safe_borg_residual_control,40,144,8,0.0,41,0.0,-2.690369832574101,1.13752786391632,0.0,-2.690369832574101,1.13752786391632,0.0,-2.690369832574101,1.13752786391632
external_candidate,40,safe_ocx_residual_control,40,144,8,0.0,41,0.0,-2.690369832574101,1.13752786391632,0.0,-2.690369832574101,1.13752786391632,0.0,-2.690369832574101,1.13752786391632
external_candidate,40,safe_shuffled_obelix_control,40,144,8,0.0,41,0.0,-2.690369832574101,1.13752786391632,0.0,-2.690369832574101,1.13752786391632,0.0,-2.690369832574101,1.13752786391632
external_candidate,40,safe_multisource_residual,40,144,8,0.0,41,0.0,-2.690369832574101,1.13752786391632,0.0,-2.690369832574101,1.13752786391632,0.0,-2.690369832574101,1.13752786391632
external_candidate,40,safe_multisource_novelty_band,40,144,8,0.0,41,0.0,-4.070581074285707,2.5177391056279266,0.0,-2.690369832574101,1.13752786391632,0.0,-2.690369832574101,1.13752786391632
external_candidate,41,uniform_random,40,144,8,18.0,3,0.125,-1.9065783148377649,0.35373634617998406,0.125,-1.9065783148377649,0.35373634617998406,0.375,-1.619788758288394,0.06694678963061329
external_candidate,41,composition_novelty,40,144,8,0.0,41,0.0,-2.690369832574101,1.13752786391632,0.0,-2.690369832574101,1.13752786391632,0.0,-2.690369832574101,1.13752786391632
external_candidate,41,safe_target_novelty,40,144,8,0.0,30,0.0,-2.690369832574101,1.13752786391632,0.0,-2.690369832574101,1.13752786391632,0.125,-2.2006594505464183,0.6478174818886375
external_candidate,41,obelix_same_property_static,40,144,8,33.0,1,0.25,-1.5528419686577808,0.0,0.25,-1.5528419686577808,0.0,0.5,-1.5528419686577808,0.0
external_candidate,41,estm_transport_neighbor_static,40,144,8,45.0,5,0.375,-1.7212463990471711,0.16840443038939035,0.375,-1.7212463990471711,0.16840443038939035,0.75,-1.619788758288394,0.06694678963061329
external_candidate,41,borg_mechanical_static_control,40,144,8,0.0,41,0.0,-2.6989700043360187,1.146128035678238,0.0,-2.2494916051486538,0.696649636490873,0.0,-2.2494916051486538,0.696649636490873
external_candidate,41,ocx_catalysis_static_control,40,144,8,0.0,41,0.0,-2.958607314841775,1.4057653461839943,0.0,-2.958607314841775,1.4057653461839943,0.0,-2.2494916051486538,0.696649636490873
external_candidate,41,shuffled_obelix_static_control,40,144,8,25.0,7,0.25,-1.9065783148377649,0.35373634617998406,0.25,-1.9065783148377649,0.35373634617998406,0.625,-1.769551078621726,0.2167091099639451
external_candidate,41,safe_obelix_residual,40,144,8,0.0,41,0.0,-4.129011186239425,2.5761692175816444,0.0,-2.690369832574101,1.13752786391632,0.0,-2.690369832574101,1.13752786391632
external_candidate,41,safe_estm_residual,40,144,8,0.0,30,0.0,-2.690369832574101,1.13752786391632,0.0,-2.690369832574101,1.13752786391632,0.125,-2.2006594505464183,0.6478174818886375
external_candidate,41,safe_borg_residual_control,40,144,8,0.0,35,0.0,-2.690369832574101,1.13752786391632,0.0,-2.690369832574101,1.13752786391632,0.125,-2.2006594505464183,0.6478174818886375
external_candidate,41,safe_ocx_residual_control,40,144,8,0.0,30,0.0,-2.690369832574101,1.13752786391632,0.0,-2.690369832574101,1.13752786391632,0.125,-2.2006594505464183,0.6478174818886375
external_candidate,41,safe_shuffled_obelix_control,40,144,8,0.0,35,0.0,-2.690369832574101,1.13752786391632,0.0,-2.690369832574101,1.13752786391632,0.125,-2.2006594505464183,0.6478174818886375
external_candidate,41,safe_multisource_residual,40,144,8,0.0,41,0.0,-4.129011186239425,2.5761692175816444,0.0,-2.690369832574101,1.13752786391632,0.0,-2.690369832574101,1.13752786391632
external_candidate,41,safe_multisource_novelty_band,40,144,8,8.0,13,0.0,-2.903089986991944,1.3502480183341634,0.125,-2.2006594505464183,0.6478174818886375,0.125,-2.2006594505464183,0.6478174818886375
external_candidate,42,uniform_random,40,144,8,27.0,7,0.25,-1.7212463990471711,0.16840443038939035,0.375,-1.7212463990471711,0.16840443038939035,0.5,-1.619788758288394,0.06694678963061329
external_candidate,42,composition_novelty,40,144,8,0.0,41,0.0,-2.690369832574101,1.13752786391632,0.0,-2.690369832574101,1.13752786391632,0.0,-2.690369832574101,1.13752786391632
external_candidate,42,safe_target_novelty,40,144,8,0.0,36,0.0,-3.8538719643217614,2.3010299956639804,0.0,-3.022733787572707,1.4698918189149264,0.375,-1.5528419686577808,0.0
external_candidate,42,obelix_same_property_static,40,144,8,33.0,1,0.25,-1.5528419686577808,0.0,0.25,-1.5528419686577808,0.0,0.5,-1.5528419686577808,0.0
external_candidate,42,estm_transport_neighbor_static,40,144,8,45.0,5,0.375,-1.7212463990471711,0.16840443038939035,0.375,-1.7212463990471711,0.16840443038939035,0.75,-1.619788758288394,0.06694678963061329
external_candidate,42,borg_mechanical_static_control,40,144,8,0.0,41,0.0,-2.6989700043360187,1.146128035678238,0.0,-2.2494916051486538,0.696649636490873,0.0,-2.2494916051486538,0.696649636490873
external_candidate,42,ocx_catalysis_static_control,40,144,8,0.0,41,0.0,-2.958607314841775,1.4057653461839943,0.0,-2.958607314841775,1.4057653461839943,0.0,-2.2494916051486538,0.696649636490873
external_candidate,42,shuffled_obelix_static_control,40,144,8,28.0,1,0.125,-1.619788758288394,0.06694678963061329,0.25,-1.619788758288394,0.06694678963061329,0.375,-1.619788758288394,0.06694678963061329
external_candidate,42,safe_obelix_residual,40,144,8,0.0,41,0.0,-2.690369832574101,1.13752786391632,0.0,-2.690369832574101,1.13752786391632,0.0,-2.2596373105057563,0.7067953418479755
external_candidate,42,safe_estm_residual,40,144,8,0.0,41,0.0,-3.8538719643217614,2.3010299956639804,0.0,-3.022733787572707,1.4698918189149264,0.0,-2.2596373105057563,0.7067953418479755
external_candidate,42,safe_borg_residual_control,40,144,8,0.0,39,0.0,-3.8538719643217614,2.3010299956639804,0.0,-3.022733787572707,1.4698918189149264,0.125,-1.7212463990471711,0.16840443038939035
external_candidate,42,safe_ocx_residual_control,40,144,8,0.0,37,0.0,-3.8538719643217614,2.3010299956639804,0.0,-3.0296531237699065,1.4768111551121257,0.125,-1.7212463990471711,0.16840443038939035
external_candidate,42,safe_shuffled_obelix_control,40,144,8,0.0,36,0.0,-3.0296531237699065,1.4768111551121257,0.0,-3.022733787572707,1.4698918189149264,0.125,-1.7212463990471711,0.16840443038939035
external_candidate,42,safe_multisource_residual,40,144,8,0.0,41,0.0,-2.690369832574101,1.13752786391632,0.0,-2.690369832574101,1.13752786391632,0.0,-2.2596373105057563,0.7067953418479755
external_candidate,42,safe_multisource_novelty_band,40,144,8,0.0,41,0.0,-3.8538719643217614,2.3010299956639804,0.0,-3.022733787572707,1.4698918189149264,0.0,-2.2992962828549808,0.7464543141972
external_candidate,43,uniform_random,40,144,8,27.0,6,0.25,-1.619788758288394,0.06694678963061329,0.25,-1.619788758288394,0.06694678963061329,0.5,-1.5528419686577808,0.0
external_candidate,43,composition_novelty,40,144,8,0.0,41,0.0,-2.690369832574101,1.13752786391632,0.0,-2.690369832574101,1.13752786391632,0.0,-2.690369832574101,1.13752786391632
external_candidate,43,safe_target_novelty,40,144,8,0.0,41,0.0,-2.690369832574101,1.13752786391632,0.0,-2.690369832574101,1.13752786391632,0.0,-2.690369832574101,1.13752786391632
external_candidate,43,obelix_same_property_static,40,144,8,33.0,1,0.25,-1.5528419686577808,0.0,0.25,-1.5528419686577808,0.0,0.5,-1.5528419686577808,0.0
external_candidate,43,estm_transport_neighbor_static,40,144,8,45.0,5,0.375,-1.7212463990471711,0.16840443038939035,0.375,-1.7212463990471711,0.16840443038939035,0.75,-1.619788758288394,0.06694678963061329
external_candidate,43,borg_mechanical_static_control,40,144,8,0.0,41,0.0,-2.6989700043360187,1.146128035678238,0.0,-2.2494916051486538,0.696649636490873,0.0,-2.2494916051486538,0.696649636490873
external_candidate,43,ocx_catalysis_static_control,40,144,8,0.0,41,0.0,-2.958607314841775,1.4057653461839943,0.0,-2.958607314841775,1.4057653461839943,0.0,-2.2494916051486538,0.696649636490873
external_candidate,43,shuffled_obelix_static_control,40,144,8,16.0,5,0.125,-1.9065783148377649,0.35373634617998406,0.125,-1.9065783148377649,0.35373634617998406,0.25,-1.9065783148377649,0.35373634617998406
external_candidate,43,safe_obelix_residual,40,144,8,0.0,41,0.0,-3.022733787572707,1.4698918189149264,0.0,-3.022733787572707,1.4698918189149264,0.0,-2.2596373105057563,0.7067953418479755
external_candidate,43,safe_estm_residual,40,144,8,0.0,41,0.0,-2.690369832574101,1.13752786391632,0.0,-2.690369832574101,1.13752786391632,0.0,-2.690369832574101,1.13752786391632
external_candidate,43,safe_borg_residual_control,40,144,8,0.0,41,0.0,-2.690369832574101,1.13752786391632,0.0,-2.690369832574101,1.13752786391632,0.0,-2.690369832574101,1.13752786391632
external_candidate,43,safe_ocx_residual_control,40,144,8,0.0,41,0.0,-2.690369832574101,1.13752786391632,0.0,-2.690369832574101,1.13752786391632,0.0,-2.690369832574101,1.13752786391632
external_candidate,43,safe_shuffled_obelix_control,40,144,8,0.0,41,0.0,-2.690369832574101,1.13752786391632,0.0,-2.690369832574101,1.13752786391632,0.0,-2.690369832574101,1.13752786391632
external_candidate,43,safe_multisource_residual,40,144,8,0.0,41,0.0,-3.022733787572707,1.4698918189149264,0.0,-3.022733787572707,1.4698918189149264,0.0,-3.022733787572707,1.4698918189149264
external_candidate,43,safe_multisource_novelty_band,40,144,8,0.0,41,0.0,-2.903089986991944,1.3502480183341634,0.0,-2.690369832574101,1.13752786391632,0.0,-2.690369832574101,1.13752786391632
external_candidate,44,uniform_random,40,144,8,10.0,11,0.0,-3.0443122496864943,1.4914702810287135,0.125,-1.9065783148377649,0.35373634617998406,0.75,-1.5528419686577808,0.0
external_candidate,44,composition_novelty,40,144,8,0.0,41,0.0,-2.690369832574101,1.13752786391632,0.0,-2.690369832574101,1.13752786391632,0.0,-2.690369832574101,1.13752786391632
external_candidate,44,safe_target_novelty,40,144,8,0.0,41,0.0,-2.690369832574101,1.13752786391632,0.0,-2.690369832574101,1.13752786391632,0.0,-2.690369832574101,1.13752786391632
external_candidate,44,obelix_same_property_static,40,144,8,33.0,1,0.25,-1.5528419686577808,0.0,0.25,-1.5528419686577808,0.0,0.5,-1.5528419686577808,0.0
external_candidate,44,estm_transport_neighbor_static,40,144,8,45.0,5,0.375,-1.7212463990471711,0.16840443038939035,0.375,-1.7212463990471711,0.16840443038939035,0.75,-1.619788758288394,0.06694678963061329
external_candidate,44,borg_mechanical_static_control,40,144,8,0.0,41,0.0,-2.6989700043360187,1.146128035678238,0.0,-2.2494916051486538,0.696649636490873,0.0,-2.2494916051486538,0.696649636490873
external_candidate,44,ocx_catalysis_static_control,40,144,8,0.0,41,0.0,-2.958607314841775,1.4057653461839943,0.0,-2.958607314841775,1.4057653461839943,0.0,-2.2494916051486538,0.696649636490873
external_candidate,44,shuffled_obelix_static_control,40,144,8,33.0,4,0.125,-1.7212463990471711,0.16840443038939035,0.375,-1.7212463990471711,0.16840443038939035,0.5,-1.619788758288394,0.06694678963061329
external_candidate,44,safe_obelix_residual,40,144,8,0.0,41,0.0,-2.690369832574101,1.13752786391632,0.0,-2.690369832574101,1.13752786391632,0.0,-2.2992962828549808,0.7464543141972
external_candidate,44,safe_estm_residual,40,144,8,0.0,41,0.0,-3.0963674839157624,1.5435255152579817,0.0,-3.022733787572707,1.4698918189149264,0.0,-2.962573502059376,1.4097315334015954
external_candidate,44,safe_borg_residual_control,40,144,8,0.0,41,0.0,-3.0963674839157624,1.5435255152579817,0.0,-3.022733787572707,1.4698918189149264,0.0,-2.2992962828549808,0.7464543141972
external_candidate,44,safe_ocx_residual_control,40,144,8,0.0,41,0.0,-3.11747546204512,1.5646334933873394,0.0,-3.0296531237699065,1.4768111551121257,0.0,-2.690369832574101,1.13752786391632
external_candidate,44,safe_shuffled_obelix_control,40,144,8,0.0,41,0.0,-2.690369832574101,1.13752786391632,0.0,-2.690369832574101,1.13752786391632,0.0,-2.690369832574101,1.13752786391632
external_candidate,44,safe_multisource_residual,40,144,8,0.0,41,0.0,-2.690369832574101,1.13752786391632,0.0,-2.690369832574101,1.13752786391632,0.0,-2.690369832574101,1.13752786391632
external_candidate,44,safe_multisource_novelty_band,40,144,8,0.0,41,0.0,-3.987162775294828,2.4343208066370474,0.0,-2.962573502059376,1.4097315334015954,0.0,-2.962573502059376,1.4097315334015954
external_candidate,45,uniform_random,40,144,8,0.0,29,0.0,-2.962573502059376,1.4097315334015954,0.0,-2.856985199745905,1.3041432310881242,0.375,-2.000869458712629,0.4480274900548482
external_candidate,45,composition_novelty,40,144,8,0.0,41,0.0,-2.690369832574101,1.13752786391632,0.0,-2.690369832574101,1.13752786391632,0.0,-2.690369832574101,1.13752786391632
external_candidate,45,safe_target_novelty,40,144,8,0.0,41,0.0,-2.690369832574101,1.13752786391632,0.0,-2.690369832574101,1.13752786391632,0.0,-2.690369832574101,1.13752786391632
external_candidate,45,obelix_same_property_static,40,144,8,33.0,1,0.25,-1.5528419686577808,0.0,0.25,-1.5528419686577808,0.0,0.5,-1.5528419686577808,0.0
external_candidate,45,estm_transport_neighbor_static,40,144,8,45.0,5,0.375,-1.7212463990471711,0.16840443038939035,0.375,-1.7212463990471711,0.16840443038939035,0.75,-1.619788758288394,0.06694678963061329
external_candidate,45,borg_mechanical_static_control,40,144,8,0.0,41,0.0,-2.6989700043360187,1.146128035678238,0.0,-2.2494916051486538,0.696649636490873,0.0,-2.2494916051486538,0.696649636490873
external_candidate,45,ocx_catalysis_static_control,40,144,8,0.0,41,0.0,-2.958607314841775,1.4057653461839943,0.0,-2.958607314841775,1.4057653461839943,0.0,-2.2494916051486538,0.696649636490873
external_candidate,45,shuffled_obelix_static_control,40,144,8,34.0,4,0.25,-1.5528419686577808,0.0,0.375,-1.5528419686577808,0.0,0.625,-1.5528419686577808,0.0
external_candidate,45,safe_obelix_residual,40,144,8,0.0,41,0.0,-2.690369832574101,1.13752786391632,0.0,-2.690369832574101,1.13752786391632,0.0,-2.690369832574101,1.13752786391632
external_candidate,45,safe_estm_residual,40,144,8,0.0,41,0.0,-2.690369832574101,1.13752786391632,0.0,-2.690369832574101,1.13752786391632,0.0,-2.690369832574101,1.13752786391632
external_candidate,45,safe_borg_residual_control,40,144,8,0.0,41,0.0,-2.690369832574101,1.13752786391632,0.0,-2.690369832574101,1.13752786391632,0.0,-2.690369832574101,1.13752786391632
external_candidate,45,safe_ocx_residual_control,40,144,8,0.0,41,0.0,-2.690369832574101,1.13752786391632,0.0,-2.690369832574101,1.13752786391632,0.0,-2.690369832574101,1.13752786391632
external_candidate,45,safe_shuffled_obelix_control,40,144,8,0.0,41,0.0,-2.690369832574101,1.13752786391632,0.0,-2.690369832574101,1.13752786391632,0.0,-2.690369832574101,1.13752786391632
external_candidate,45,safe_multisource_residual,40,144,8,0.0,41,0.0,-2.690369832574101,1.13752786391632,0.0,-2.690369832574101,1.13752786391632,0.0,-2.690369832574101,1.13752786391632
external_candidate,45,safe_multisource_novelty_band,40,144,8,0.0,41,0.0,-2.690369832574101,1.13752786391632,0.0,-2.690369832574101,1.13752786391632,0.0,-2.690369832574101,1.13752786391632
external_candidate,46,uniform_random,40,144,8,17.0,4,0.125,-2.2006594505464183,0.6478174818886375,0.125,-2.2006594505464183,0.6478174818886375,0.25,-1.619788758288394,0.06694678963061329
external_candidate,46,composition_novelty,40,144,8,0.0,41,0.0,-2.690369832574101,1.13752786391632,0.0,-2.690369832574101,1.13752786391632,0.0,-2.690369832574101,1.13752786391632
external_candidate,46,safe_target_novelty,40,144,8,0.0,41,0.0,-2.690369832574101,1.13752786391632,0.0,-2.690369832574101,1.13752786391632,0.0,-2.690369832574101,1.13752786391632
external_candidate,46,obelix_same_property_static,40,144,8,33.0,1,0.25,-1.5528419686577808,0.0,0.25,-1.5528419686577808,0.0,0.5,-1.5528419686577808,0.0
external_candidate,46,estm_transport_neighbor_static,40,144,8,45.0,5,0.375,-1.7212463990471711,0.16840443038939035,0.375,-1.7212463990471711,0.16840443038939035,0.75,-1.619788758288394,0.06694678963061329
external_candidate,46,borg_mechanical_static_control,40,144,8,0.0,41,0.0,-2.6989700043360187,1.146128035678238,0.0,-2.2494916051486538,0.696649636490873,0.0,-2.2494916051486538,0.696649636490873
external_candidate,46,ocx_catalysis_static_control,40,144,8,0.0,41,0.0,-2.958607314841775,1.4057653461839943,0.0,-2.958607314841775,1.4057653461839943,0.0,-2.2494916051486538,0.696649636490873
external_candidate,46,shuffled_obelix_static_control,40,144,8,31.0,1,0.125,-1.619788758288394,0.06694678963061329,0.375,-1.619788758288394,0.06694678963061329,0.375,-1.619788758288394,0.06694678963061329
external_candidate,46,safe_obelix_residual,40,144,8,0.0,34,0.0,-3.022733787572707,1.4698918189149264,0.0,-2.903089986991944,1.3502480183341634,0.25,-1.5528419686577808,0.0
external_candidate,46,safe_estm_residual,40,144,8,0.0,36,0.0,-2.690369832574101,1.13752786391632,0.0,-2.690369832574101,1.13752786391632,0.25,-1.5528419686577808,0.0
external_candidate,46,safe_borg_residual_control,40,144,8,0.0,41,0.0,-2.690369832574101,1.13752786391632,0.0,-2.690369832574101,1.13752786391632,0.0,-2.690369832574101,1.13752786391632
external_candidate,46,safe_ocx_residual_control,40,144,8,0.0,40,0.0,-2.690369832574101,1.13752786391632,0.0,-2.690369832574101,1.13752786391632,0.125,-1.5528419686577808,0.0
external_candidate,46,safe_shuffled_obelix_control,40,144,8,0.0,41,0.0,-2.690369832574101,1.13752786391632,0.0,-2.690369832574101,1.13752786391632,0.0,-2.690369832574101,1.13752786391632
external_candidate,46,safe_multisource_residual,40,144,8,0.0,39,0.0,-2.690369832574101,1.13752786391632,0.0,-2.690369832574101,1.13752786391632,0.125,-1.619788758288394,0.06694678963061329
external_candidate,46,safe_multisource_novelty_band,40,144,8,0.0,41,0.0,-3.022733787572707,1.4698918189149264,0.0,-3.022733787572707,1.4698918189149264,0.0,-2.690369832574101,1.13752786391632
external_candidate,47,uniform_random,40,144,8,34.0,2,0.25,-1.9065783148377649,0.35373634617998406,0.25,-1.9065783148377649,0.35373634617998406,0.375,-1.619788758288394,0.06694678963061329
external_candidate,47,composition_novelty,40,144,8,0.0,41,0.0,-2.690369832574101,1.13752786391632,0.0,-2.690369832574101,1.13752786391632,0.0,-2.690369832574101,1.13752786391632
external_candidate,47,safe_target_novelty,40,144,8,0.0,25,0.0,-3.022733787572707,1.4698918189149264,0.0,-2.2596373105057563,0.7067953418479755,0.375,-1.5528419686577808,0.0
external_candidate,47,obelix_same_property_static,40,144,8,33.0,1,0.25,-1.5528419686577808,0.0,0.25,-1.5528419686577808,0.0,0.5,-1.5528419686577808,0.0
external_candidate,47,estm_transport_neighbor_static,40,144,8,45.0,5,0.375,-1.7212463990471711,0.16840443038939035,0.375,-1.7212463990471711,0.16840443038939035,0.75,-1.619788758288394,0.06694678963061329
external_candidate,47,borg_mechanical_static_control,40,144,8,0.0,41,0.0,-2.6989700043360187,1.146128035678238,0.0,-2.2494916051486538,0.696649636490873,0.0,-2.2494916051486538,0.696649636490873
external_candidate,47,ocx_catalysis_static_control,40,144,8,0.0,41,0.0,-2.958607314841775,1.4057653461839943,0.0,-2.958607314841775,1.4057653461839943,0.0,-2.2494916051486538,0.696649636490873
external_candidate,47,shuffled_obelix_static_control,40,144,8,0.0,38,0.0,-2.690369832574101,1.13752786391632,0.0,-2.2494916051486538,0.696649636490873,0.125,-1.9065783148377649,0.35373634617998406
external_candidate,47,safe_obelix_residual,40,144,8,0.0,30,0.0,-3.022733787572707,1.4698918189149264,0.0,-2.903089986991944,1.3502480183341634,0.25,-1.5528419686577808,0.0
external_candidate,47,safe_estm_residual,40,144,8,0.0,26,0.0,-3.022733787572707,1.4698918189149264,0.0,-2.2596373105057563,0.7067953418479755,0.125,-1.5528419686577808,0.0
external_candidate,47,safe_borg_residual_control,40,144,8,0.0,25,0.0,-3.022733787572707,1.4698918189149264,0.0,-2.2596373105057563,0.7067953418479755,0.375,-1.5528419686577808,0.0
external_candidate,47,safe_ocx_residual_control,40,144,8,0.0,30,0.0,-3.022733787572707,1.4698918189149264,0.0,-2.2992962828549808,0.7464543141972,0.25,-1.5528419686577808,0.0
external_candidate,47,safe_shuffled_obelix_control,40,144,8,0.0,25,0.0,-3.022733787572707,1.4698918189149264,0.0,-2.2596373105057563,0.7067953418479755,0.125,-1.5528419686577808,0.0
external_candidate,47,safe_multisource_residual,40,144,8,0.0,28,0.0,-3.0296531237699065,1.4768111551121257,0.0,-2.2992962828549808,0.7464543141972,0.25,-1.5528419686577808,0.0
external_candidate,47,safe_multisource_novelty_band,40,144,8,0.0,38,0.0,-4.471083299722345,2.9182413310645643,0.0,-3.022733787572707,1.4698918189149264,0.125,-1.619788758288394,0.06694678963061329
external_candidate,48,uniform_random,40,144,8,0.0,25,0.0,-2.2494916051486538,0.696649636490873,0.0,-2.2494916051486538,0.696649636490873,0.25,-1.7212463990471711,0.16840443038939035
external_candidate,48,composition_novelty,40,144,8,0.0,41,0.0,-2.690369832574101,1.13752786391632,0.0,-2.690369832574101,1.13752786391632,0.0,-2.690369832574101,1.13752786391632
external_candidate,48,safe_target_novelty,40,144,8,0.0,34,0.0,-2.903089986991944,1.3502480183341634,0.0,-2.903089986991944,1.3502480183341634,0.125,-1.5528419686577808,0.0
external_candidate,48,obelix_same_property_static,40,144,8,33.0,1,0.25,-1.5528419686577808,0.0,0.25,-1.5528419686577808,0.0,0.5,-1.5528419686577808,0.0
external_candidate,48,estm_transport_neighbor_static,40,144,8,45.0,5,0.375,-1.7212463990471711,0.16840443038939035,0.375,-1.7212463990471711,0.16840443038939035,0.75,-1.619788758288394,0.06694678963061329
external_candidate,48,borg_mechanical_static_control,40,144,8,0.0,41,0.0,-2.6989700043360187,1.146128035678238,0.0,-2.2494916051486538,0.696649636490873,0.0,-2.2494916051486538,0.696649636490873
external_candidate,48,ocx_catalysis_static_control,40,144,8,0.0,41,0.0,-2.958607314841775,1.4057653461839943,0.0,-2.958607314841775,1.4057653461839943,0.0,-2.2494916051486538,0.696649636490873
external_candidate,48,shuffled_obelix_static_control,40,144,8,0.0,32,0.0,-3.80239418751722,2.2495522188594395,0.0,-2.7619538968712045,1.2091119282134237,0.125,-1.9065783148377649,0.35373634617998406
external_candidate,48,safe_obelix_residual,40,144,8,0.0,34,0.0,-2.903089986991944,1.3502480183341634,0.0,-2.903089986991944,1.3502480183341634,0.125,-1.5528419686577808,0.0
external_candidate,48,safe_estm_residual,40,144,8,0.0,41,0.0,-2.903089986991944,1.3502480183341634,0.0,-2.903089986991944,1.3502480183341634,0.0,-2.903089986991944,1.3502480183341634
external_candidate,48,safe_borg_residual_control,40,144,8,0.0,34,0.0,-2.903089986991944,1.3502480183341634,0.0,-2.903089986991944,1.3502480183341634,0.125,-1.5528419686577808,0.0
external_candidate,48,safe_ocx_residual_control,40,144,8,0.0,34,0.0,-2.903089986991944,1.3502480183341634,0.0,-2.903089986991944,1.3502480183341634,0.125,-1.5528419686577808,0.0
external_candidate,48,safe_shuffled_obelix_control,40,144,8,0.0,34,0.0,-2.903089986991944,1.3502480183341634,0.0,-2.903089986991944,1.3502480183341634,0.125,-1.5528419686577808,0.0
external_candidate,48,safe_multisource_residual,40,144,8,0.0,39,0.0,-2.903089986991944,1.3502480183341634,0.0,-2.903089986991944,1.3502480183341634,0.125,-1.5528419686577808,0.0
external_candidate,48,safe_multisource_novelty_band,40,144,8,0.0,38,0.0,-3.022733787572707,1.4698918189149264,0.0,-2.962573502059376,1.4097315334015954,0.125,-1.5528419686577808,0.0
external_candidate,49,uniform_random,40,144,8,7.0,14,0.0,-2.2494916051486538,0.696649636490873,0.125,-1.7212463990471711,0.16840443038939035,0.125,-1.7212463990471711,0.16840443038939035
external_candidate,49,composition_novelty,40,144,8,0.0,41,0.0,-2.690369832574101,1.13752786391632,0.0,-2.690369832574101,1.13752786391632,0.0,-2.690369832574101,1.13752786391632
external_candidate,49,safe_target_novelty,40,144,8,0.0,41,0.0,-2.690369832574101,1.13752786391632,0.0,-2.690369832574101,1.13752786391632,0.0,-2.690369832574101,1.13752786391632
external_candidate,49,obelix_same_property_static,40,144,8,33.0,1,0.25,-1.5528419686577808,0.0,0.25,-1.5528419686577808,0.0,0.5,-1.5528419686577808,0.0
external_candidate,49,estm_transport_neighbor_static,40,144,8,45.0,5,0.375,-1.7212463990471711,0.16840443038939035,0.375,-1.7212463990471711,0.16840443038939035,0.75,-1.619788758288394,0.06694678963061329
external_candidate,49,borg_mechanical_static_control,40,144,8,0.0,41,0.0,-2.6989700043360187,1.146128035678238,0.0,-2.2494916051486538,0.696649636490873,0.0,-2.2494916051486538,0.696649636490873
external_candidate,49,ocx_catalysis_static_control,40,144,8,0.0,41,0.0,-2.958607314841775,1.4057653461839943,0.0,-2.958607314841775,1.4057653461839943,0.0,-2.2494916051486538,0.696649636490873
external_candidate,49,shuffled_obelix_static_control,40,144,8,6.0,15,0.0,-2.2494916051486538,0.696649636490873,0.125,-1.5528419686577808,0.0,0.25,-1.5528419686577808,0.0
external_candidate,49,safe_obelix_residual,40,144,8,0.0,41,0.0,-3.0296531237699065,1.4768111551121257,0.0,-3.022733787572707,1.4698918189149264,0.0,-2.903089986991944,1.3502480183341634
external_candidate,49,safe_estm_residual,40,144,8,0.0,41,0.0,-2.690369832574101,1.13752786391632,0.0,-2.690369832574101,1.13752786391632,0.0,-2.690369832574101,1.13752786391632
external_candidate,49,safe_borg_residual_control,40,144,8,0.0,41,0.0,-2.690369832574101,1.13752786391632,0.0,-2.690369832574101,1.13752786391632,0.0,-2.690369832574101,1.13752786391632
external_candidate,49,safe_ocx_residual_control,40,144,8,0.0,41,0.0,-2.690369832574101,1.13752786391632,0.0,-2.690369832574101,1.13752786391632,0.0,-2.690369832574101,1.13752786391632
external_candidate,49,safe_shuffled_obelix_control,40,144,8,0.0,41,0.0,-3.8538719643217614,2.3010299956639804,0.0,-2.690369832574101,1.13752786391632,0.0,-2.690369832574101,1.13752786391632
external_candidate,49,safe_multisource_residual,40,144,8,0.0,41,0.0,-3.0296531237699065,1.4768111551121257,0.0,-3.022733787572707,1.4698918189149264,0.0,-2.903089986991944,1.3502480183341634
external_candidate,49,safe_multisource_novelty_band,40,144,8,0.0,25,0.0,-3.8538719643217614,2.3010299956639804,0.0,-3.022733787572707,1.4698918189149264,0.125,-1.5528419686577808,0.0
external_candidate,50,uniform_random,40,144,8,0.0,34,0.0,-3.0,1.4471580313422192,0.0,-2.4989407377822483,0.9460987691244676,0.125,-2.000869458712629,0.4480274900548482
external_candidate,50,composition_novelty,40,144,8,0.0,41,0.0,-2.690369832574101,1.13752786391632,0.0,-2.690369832574101,1.13752786391632,0.0,-2.690369832574101,1.13752786391632
external_candidate,50,safe_target_novelty,40,144,8,0.0,41,0.0,-2.690369832574101,1.13752786391632,0.0,-2.690369832574101,1.13752786391632,0.0,-2.690369832574101,1.13752786391632
external_candidate,50,obelix_same_property_static,40,144,8,33.0,1,0.25,-1.5528419686577808,0.0,0.25,-1.5528419686577808,0.0,0.5,-1.5528419686577808,0.0
external_candidate,50,estm_transport_neighbor_static,40,144,8,45.0,5,0.375,-1.7212463990471711,0.16840443038939035,0.375,-1.7212463990471711,0.16840443038939035,0.75,-1.619788758288394,0.06694678963061329
external_candidate,50,borg_mechanical_static_control,40,144,8,0.0,41,0.0,-2.6989700043360187,1.146128035678238,0.0,-2.2494916051486538,0.696649636490873,0.0,-2.2494916051486538,0.696649636490873
external_candidate,50,ocx_catalysis_static_control,40,144,8,0.0,41,0.0,-2.958607314841775,1.4057653461839943,0.0,-2.958607314841775,1.4057653461839943,0.0,-2.2494916051486538,0.696649636490873
external_candidate,50,shuffled_obelix_static_control,40,144,8,6.0,15,0.0,-2.382999658879101,0.8301576902213201,0.125,-1.7212463990471711,0.16840443038939035,0.375,-1.5528419686577808,0.0
external_candidate,50,safe_obelix_residual,40,144,8,0.0,41,0.0,-3.022733787572707,1.4698918189149264,0.0,-2.690369832574101,1.13752786391632,0.0,-2.690369832574101,1.13752786391632
external_candidate,50,safe_estm_residual,40,144,8,0.0,41,0.0,-3.022733787572707,1.4698918189149264,0.0,-3.022733787572707,1.4698918189149264,0.0,-2.903089986991944,1.3502480183341634
external_candidate,50,safe_borg_residual_control,40,144,8,0.0,41,0.0,-3.0296531237699065,1.4768111551121257,0.0,-3.022733787572707,1.4698918189149264,0.0,-2.903089986991944,1.3502480183341634
external_candidate,50,safe_ocx_residual_control,40,144,8,0.0,41,0.0,-3.022733787572707,1.4698918189149264,0.0,-3.022733787572707,1.4698918189149264,0.0,-2.903089986991944,1.3502480183341634
external_candidate,50,safe_shuffled_obelix_control,40,144,8,0.0,41,0.0,-3.0296531237699065,1.4768111551121257,0.0,-3.022733787572707,1.4698918189149264,0.0,-2.903089986991944,1.3502480183341634
external_candidate,50,safe_multisource_residual,40,144,8,0.0,41,0.0,-3.022733787572707,1.4698918189149264,0.0,-3.022733787572707,1.4698918189149264,0.0,-2.903089986991944,1.3502480183341634
external_candidate,50,safe_multisource_novelty_band,40,144,8,0.0,41,0.0,-3.474955192963155,1.922113224305374,0.0,-3.022733787572707,1.4698918189149264,0.0,-2.962573502059376,1.4097315334015954
external_candidate,51,uniform_random,40,144,8,26.0,4,0.125,-2.000869458712629,0.4480274900548482,0.375,-1.5528419686577808,0.0,0.375,-1.5528419686577808,0.0
external_candidate,51,composition_novelty,40,144,8,0.0,41,0.0,-2.690369832574101,1.13752786391632,0.0,-2.690369832574101,1.13752786391632,0.0,-2.690369832574101,1.13752786391632
external_candidate,51,safe_target_novelty,40,144,8,0.0,41,0.0,-2.690369832574101,1.13752786391632,0.0,-2.690369832574101,1.13752786391632,0.0,-2.690369832574101,1.13752786391632
external_candidate,51,obelix_same_property_static,40,144,8,33.0,1,0.25,-1.5528419686577808,0.0,0.25,-1.5528419686577808,0.0,0.5,-1.5528419686577808,0.0
external_candidate,51,estm_transport_neighbor_static,40,144,8,45.0,5,0.375,-1.7212463990471711,0.16840443038939035,0.375,-1.7212463990471711,0.16840443038939035,0.75,-1.619788758288394,0.06694678963061329
external_candidate,51,borg_mechanical_static_control,40,144,8,0.0,41,0.0,-2.6989700043360187,1.146128035678238,0.0,-2.2494916051486538,0.696649636490873,0.0,-2.2494916051486538,0.696649636490873
external_candidate,51,ocx_catalysis_static_control,40,144,8,0.0,41,0.0,-2.958607314841775,1.4057653461839943,0.0,-2.958607314841775,1.4057653461839943,0.0,-2.2494916051486538,0.696649636490873
external_candidate,51,shuffled_obelix_static_control,40,144,8,0.0,28,0.0,-2.7619538968712045,1.2091119282134237,0.0,-2.6989700043360187,1.146128035678238,0.125,-1.5528419686577808,0.0
external_candidate,51,safe_obelix_residual,40,144,8,0.0,41,0.0,-2.690369832574101,1.13752786391632,0.0,-2.690369832574101,1.13752786391632,0.0,-2.690369832574101,1.13752786391632
external_candidate,51,safe_estm_residual,40,144,8,0.0,41,0.0,-2.690369832574101,1.13752786391632,0.0,-2.690369832574101,1.13752786391632,0.0,-2.690369832574101,1.13752786391632
external_candidate,51,safe_borg_residual_control,40,144,8,0.0,41,0.0,-2.690369832574101,1.13752786391632,0.0,-2.690369832574101,1.13752786391632,0.0,-2.690369832574101,1.13752786391632
external_candidate,51,safe_ocx_residual_control,40,144,8,0.0,41,0.0,-2.690369832574101,1.13752786391632,0.0,-2.690369832574101,1.13752786391632,0.0,-2.690369832574101,1.13752786391632
external_candidate,51,safe_shuffled_obelix_control,40,144,8,0.0,41,0.0,-2.690369832574101,1.13752786391632,0.0,-2.690369832574101,1.13752786391632,0.0,-2.690369832574101,1.13752786391632
external_candidate,51,safe_multisource_residual,40,144,8,0.0,41,0.0,-2.690369832574101,1.13752786391632,0.0,-2.690369832574101,1.13752786391632,0.0,-2.690369832574101,1.13752786391632
external_candidate,51,safe_multisource_novelty_band,40,144,8,0.0,41,0.0,-2.690369832574101,1.13752786391632,0.0,-2.690369832574101,1.13752786391632,0.0,-2.690369832574101,1.13752786391632
external_candidate,52,uniform_random,40,144,8,12.0,9,0.125,-1.7212463990471711,0.16840443038939035,0.125,-1.7212463990471711,0.16840443038939035,0.125,-1.7212463990471711,0.16840443038939035
external_candidate,52,composition_novelty,40,144,8,0.0,39,0.0,-2.690369832574101,1.13752786391632,0.0,-2.690369832574101,1.13752786391632,0.125,-1.5528419686577808,0.0
external_candidate,52,safe_target_novelty,40,144,8,0.0,41,0.0,-3.022733787572707,1.4698918189149264,0.0,-3.022733787572707,1.4698918189149264,0.0,-2.2992962828549808,0.7464543141972
external_candidate,52,obelix_same_property_static,40,144,8,33.0,1,0.25,-1.5528419686577808,0.0,0.25,-1.5528419686577808,0.0,0.5,-1.5528419686577808,0.0
external_candidate,52,estm_transport_neighbor_static,40,144,8,45.0,5,0.375,-1.7212463990471711,0.16840443038939035,0.375,-1.7212463990471711,0.16840443038939035,0.75,-1.619788758288394,0.06694678963061329
external_candidate,52,borg_mechanical_static_control,40,144,8,0.0,41,0.0,-2.6989700043360187,1.146128035678238,0.0,-2.2494916051486538,0.696649636490873,0.0,-2.2494916051486538,0.696649636490873
external_candidate,52,ocx_catalysis_static_control,40,144,8,0.0,41,0.0,-2.958607314841775,1.4057653461839943,0.0,-2.958607314841775,1.4057653461839943,0.0,-2.2494916051486538,0.696649636490873
external_candidate,52,shuffled_obelix_static_control,40,144,8,0.0,22,0.0,-2.2494916051486538,0.696649636490873,0.0,-2.2494916051486538,0.696649636490873,0.375,-1.619788758288394,0.06694678963061329
external_candidate,52,safe_obelix_residual,40,144,8,0.0,41,0.0,-3.022733787572707,1.4698918189149264,0.0,-3.022733787572707,1.4698918189149264,0.0,-2.2992962828549808,0.7464543141972
external_candidate,52,safe_estm_residual,40,144,8,0.0,27,0.0,-2.690369832574101,1.13752786391632,0.0,-2.690369832574101,1.13752786391632,0.125,-1.7212463990471711,0.16840443038939035
external_candidate,52,safe_borg_residual_control,40,144,8,0.0,41,0.0,-3.022733787572707,1.4698918189149264,0.0,-3.022733787572707,1.4698918189149264,0.0,-2.2992962828549808,0.7464543141972
external_candidate,52,safe_ocx_residual_control,40,144,8,0.0,41,0.0,-3.022733787572707,1.4698918189149264,0.0,-3.022733787572707,1.4698918189149264,0.0,-2.2992962828549808,0.7464543141972
external_candidate,52,safe_shuffled_obelix_control,40,144,8,0.0,41,0.0,-3.022733787572707,1.4698918189149264,0.0,-3.022733787572707,1.4698918189149264,0.0,-2.2992962828549808,0.7464543141972
external_candidate,52,safe_multisource_residual,40,144,8,0.0,41,0.0,-2.903089986991944,1.3502480183341634,0.0,-2.903089986991944,1.3502480183341634,0.0,-2.2992962828549808,0.7464543141972
external_candidate,52,safe_multisource_novelty_band,40,144,8,0.0,26,0.0,-2.903089986991944,1.3502480183341634,0.0,-2.903089986991944,1.3502480183341634,0.25,-1.5528419686577808,0.0
external_candidate,53,uniform_random,40,144,8,0.0,41,0.0,-2.2992962828549808,0.7464543141972,0.0,-2.2494916051486538,0.696649636490873,0.0,-2.2494916051486538,0.696649636490873
external_candidate,53,composition_novelty,40,144,8,0.0,41,0.0,-2.690369832574101,1.13752786391632,0.0,-2.690369832574101,1.13752786391632,0.0,-2.690369832574101,1.13752786391632
external_candidate,53,safe_target_novelty,40,144,8,0.0,41,0.0,-3.207608310501746,1.6547663418439653,0.0,-2.690369832574101,1.13752786391632,0.0,-2.690369832574101,1.13752786391632
external_candidate,53,obelix_same_property_static,40,144,8,33.0,1,0.25,-1.5528419686577808,0.0,0.25,-1.5528419686577808,0.0,0.5,-1.5528419686577808,0.0
external_candidate,53,estm_transport_neighbor_static,40,144,8,45.0,5,0.375,-1.7212463990471711,0.16840443038939035,0.375,-1.7212463990471711,0.16840443038939035,0.75,-1.619788758288394,0.06694678963061329
external_candidate,53,borg_mechanical_static_control,40,144,8,0.0,41,0.0,-2.6989700043360187,1.146128035678238,0.0,-2.2494916051486538,0.696649636490873,0.0,-2.2494916051486538,0.696649636490873
external_candidate,53,ocx_catalysis_static_control,40,144,8,0.0,41,0.0,-2.958607314841775,1.4057653461839943,0.0,-2.958607314841775,1.4057653461839943,0.0,-2.2494916051486538,0.696649636490873
external_candidate,53,shuffled_obelix_static_control,40,144,8,21.0,4,0.125,-1.769551078621726,0.2167091099639451,0.25,-1.769551078621726,0.2167091099639451,0.375,-1.5528419686577808,0.0
external_candidate,53,safe_obelix_residual,40,144,8,0.0,41,0.0,-3.207608310501746,1.6547663418439653,0.0,-2.690369832574101,1.13752786391632,0.0,-2.690369832574101,1.13752786391632
external_candidate,53,safe_estm_residual,40,144,8,0.0,41,0.0,-3.207608310501746,1.6547663418439653,0.0,-2.690369832574101,1.13752786391632,0.0,-2.690369832574101,1.13752786391632
external_candidate,53,safe_borg_residual_control,40,144,8,0.0,41,0.0,-3.207608310501746,1.6547663418439653,0.0,-2.690369832574101,1.13752786391632,0.0,-2.690369832574101,1.13752786391632
external_candidate,53,safe_ocx_residual_control,40,144,8,0.0,41,0.0,-3.207608310501746,1.6547663418439653,0.0,-2.690369832574101,1.13752786391632,0.0,-2.690369832574101,1.13752786391632
external_candidate,53,safe_shuffled_obelix_control,40,144,8,0.0,41,0.0,-3.207608310501746,1.6547663418439653,0.0,-2.690369832574101,1.13752786391632,0.0,-2.690369832574101,1.13752786391632
external_candidate,53,safe_multisource_residual,40,144,8,0.0,41,0.0,-3.207608310501746,1.6547663418439653,0.0,-2.690369832574101,1.13752786391632,0.0,-2.690369832574101,1.13752786391632
external_candidate,53,safe_multisource_novelty_band,40,144,8,0.0,41,0.0,-2.962573502059376,1.4097315334015954,0.0,-2.962573502059376,1.4097315334015954,0.0,-2.7619538968712045,1.2091119282134237
external_candidate,54,uniform_random,40,144,8,14.0,7,0.125,-1.769551078621726,0.2167091099639451,0.125,-1.769551078621726,0.2167091099639451,0.25,-1.619788758288394,0.06694678963061329
external_candidate,54,composition_novelty,40,144,8,0.0,41,0.0,-2.690369832574101,1.13752786391632,0.0,-2.690369832574101,1.13752786391632,0.0,-2.690369832574101,1.13752786391632
external_candidate,54,safe_target_novelty,40,144,8,0.0,41,0.0,-2.690369832574101,1.13752786391632,0.0,-2.690369832574101,1.13752786391632,0.0,-2.690369832574101,1.13752786391632
external_candidate,54,obelix_same_property_static,40,144,8,33.0,1,0.25,-1.5528419686577808,0.0,0.25,-1.5528419686577808,0.0,0.5,-1.5528419686577808,0.0
external_candidate,54,estm_transport_neighbor_static,40,144,8,45.0,5,0.375,-1.7212463990471711,0.16840443038939035,0.375,-1.7212463990471711,0.16840443038939035,0.75,-1.619788758288394,0.06694678963061329
external_candidate,54,borg_mechanical_static_control,40,144,8,0.0,41,0.0,-2.6989700043360187,1.146128035678238,0.0,-2.2494916051486538,0.696649636490873,0.0,-2.2494916051486538,0.696649636490873
external_candidate,54,ocx_catalysis_static_control,40,144,8,0.0,41,0.0,-2.958607314841775,1.4057653461839943,0.0,-2.958607314841775,1.4057653461839943,0.0,-2.2494916051486538,0.696649636490873
external_candidate,54,shuffled_obelix_static_control,40,144,8,8.0,13,0.0,-3.0109953843014634,1.4581534156436826,0.125,-1.7212463990471711,0.16840443038939035,0.375,-1.7212463990471711,0.16840443038939035
external_candidate,54,safe_obelix_residual,40,144,8,0.0,41,0.0,-5.080921907623926,3.5280799389661457,0.0,-2.690369832574101,1.13752786391632,0.0,-2.690369832574101,1.13752786391632
external_candidate,54,safe_estm_residual,40,144,8,0.0,41,0.0,-2.690369832574101,1.13752786391632,0.0,-2.690369832574101,1.13752786391632,0.0,-2.690369832574101,1.13752786391632
external_candidate,54,safe_borg_residual_control,40,144,8,0.0,41,0.0,-2.690369832574101,1.13752786391632,0.0,-2.690369832574101,1.13752786391632,0.0,-2.690369832574101,1.13752786391632
external_candidate,54,safe_ocx_residual_control,40,144,8,0.0,41,0.0,-2.690369832574101,1.13752786391632,0.0,-2.690369832574101,1.13752786391632,0.0,-2.690369832574101,1.13752786391632
external_candidate,54,safe_shuffled_obelix_control,40,144,8,0.0,41,0.0,-2.690369832574101,1.13752786391632,0.0,-2.690369832574101,1.13752786391632,0.0,-2.690369832574101,1.13752786391632
external_candidate,54,safe_multisource_residual,40,144,8,0.0,41,0.0,-5.055517327849832,3.502675359192051,0.0,-2.690369832574101,1.13752786391632,0.0,-2.690369832574101,1.13752786391632
external_candidate,54,safe_multisource_novelty_band,40,144,8,0.0,41,0.0,-5.025949097207123,3.4731071285493424,0.0,-2.690369832574101,1.13752786391632,0.0,-2.690369832574101,1.13752786391632
external_candidate,55,uniform_random,40,144,8,14.0,7,0.125,-1.9065783148377649,0.35373634617998406,0.125,-1.9065783148377649,0.35373634617998406,0.25,-1.5528419686577808,0.0
external_candidate,55,composition_novelty,40,144,8,0.0,41,0.0,-2.690369832574101,1.13752786391632,0.0,-2.690369832574101,1.13752786391632,0.0,-2.690369832574101,1.13752786391632
external_candidate,55,safe_target_novelty,40,144,8,0.0,41,0.0,-2.690369832574101,1.13752786391632,0.0,-2.690369832574101,1.13752786391632,0.0,-2.690369832574101,1.13752786391632
external_candidate,55,obelix_same_property_static,40,144,8,33.0,1,0.25,-1.5528419686577808,0.0,0.25,-1.5528419686577808,0.0,0.5,-1.5528419686577808,0.0
external_candidate,55,estm_transport_neighbor_static,40,144,8,45.0,5,0.375,-1.7212463990471711,0.16840443038939035,0.375,-1.7212463990471711,0.16840443038939035,0.75,-1.619788758288394,0.06694678963061329
external_candidate,55,borg_mechanical_static_control,40,144,8,0.0,41,0.0,-2.6989700043360187,1.146128035678238,0.0,-2.2494916051486538,0.696649636490873,0.0,-2.2494916051486538,0.696649636490873
external_candidate,55,ocx_catalysis_static_control,40,144,8,0.0,41,0.0,-2.958607314841775,1.4057653461839943,0.0,-2.958607314841775,1.4057653461839943,0.0,-2.2494916051486538,0.696649636490873
external_candidate,55,shuffled_obelix_static_control,40,144,8,8.0,13,0.0,-2.7619538968712045,1.2091119282134237,0.125,-2.1870866433571443,0.6342446746993635,0.25,-1.5528419686577808,0.0
external_candidate,55,safe_obelix_residual,40,144,8,0.0,41,0.0,-4.471083299722345,2.9182413310645643,0.0,-2.903089986991944,1.3502480183341634,0.0,-2.903089986991944,1.3502480183341634
external_candidate,55,safe_estm_residual,40,144,8,0.0,41,0.0,-2.690369832574101,1.13752786391632,0.0,-2.690369832574101,1.13752786391632,0.0,-2.690369832574101,1.13752786391632
external_candidate,55,safe_borg_residual_control,40,144,8,0.0,41,0.0,-2.690369832574101,1.13752786391632,0.0,-2.690369832574101,1.13752786391632,0.0,-2.690369832574101,1.13752786391632
external_candidate,55,safe_ocx_residual_control,40,144,8,0.0,41,0.0,-2.690369832574101,1.13752786391632,0.0,-2.690369832574101,1.13752786391632,0.0,-2.690369832574101,1.13752786391632
external_candidate,55,safe_shuffled_obelix_control,40,144,8,0.0,41,0.0,-3.987162775294828,2.4343208066370474,0.0,-2.903089986991944,1.3502480183341634,0.0,-2.903089986991944,1.3502480183341634
external_candidate,55,safe_multisource_residual,40,144,8,0.0,41,0.0,-3.0963674839157624,1.5435255152579817,0.0,-2.903089986991944,1.3502480183341634,0.0,-2.8323353685664605,1.2794933999086797
external_candidate,55,safe_multisource_novelty_band,40,144,8,0.0,41,0.0,-4.471083299722345,2.9182413310645643,0.0,-2.8323353685664605,1.2794933999086797,0.0,-2.8323353685664605,1.2794933999086797
external_candidate,56,uniform_random,40,144,8,15.0,7,0.125,-1.769551078621726,0.2167091099639451,0.25,-1.769551078621726,0.2167091099639451,0.5,-1.5528419686577808,0.0
external_candidate,56,composition_novelty,40,144,8,0.0,41,0.0,-2.690369832574101,1.13752786391632,0.0,-2.690369832574101,1.13752786391632,0.0,-2.690369832574101,1.13752786391632
external_candidate,56,safe_target_novelty,40,144,8,0.0,37,0.0,-3.022733787572707,1.4698918189149264,0.0,-3.022733787572707,1.4698918189149264,0.125,-1.5528419686577808,0.0
external_candidate,56,obelix_same_property_static,40,144,8,33.0,1,0.25,-1.5528419686577808,0.0,0.25,-1.5528419686577808,0.0,0.5,-1.5528419686577808,0.0
external_candidate,56,estm_transport_neighbor_static,40,144,8,45.0,5,0.375,-1.7212463990471711,0.16840443038939035,0.375,-1.7212463990471711,0.16840443038939035,0.75,-1.619788758288394,0.06694678963061329
external_candidate,56,borg_mechanical_static_control,40,144,8,0.0,41,0.0,-2.6989700043360187,1.146128035678238,0.0,-2.2494916051486538,0.696649636490873,0.0,-2.2494916051486538,0.696649636490873
external_candidate,56,ocx_catalysis_static_control,40,144,8,0.0,41,0.0,-2.958607314841775,1.4057653461839943,0.0,-2.958607314841775,1.4057653461839943,0.0,-2.2494916051486538,0.696649636490873
external_candidate,56,shuffled_obelix_static_control,40,144,8,36.0,1,0.25,-1.9065783148377649,0.35373634617998406,0.25,-1.9065783148377649,0.35373634617998406,0.375,-1.9065783148377649,0.35373634617998406
external_candidate,56,safe_obelix_residual,40,144,8,0.0,41,0.0,-3.022733787572707,1.4698918189149264,0.0,-3.022733787572707,1.4698918189149264,0.0,-3.022733787572707,1.4698918189149264
external_candidate,56,safe_estm_residual,40,144,8,0.0,41,0.0,-3.022733787572707,1.4698918189149264,0.0,-3.022733787572707,1.4698918189149264,0.0,-2.903089986991944,1.3502480183341634
external_candidate,56,safe_borg_residual_control,40,144,8,0.0,37,0.0,-3.022733787572707,1.4698918189149264,0.0,-3.022733787572707,1.4698918189149264,0.125,-1.5528419686577808,0.0
external_candidate,56,safe_ocx_residual_control,40,144,8,0.0,37,0.0,-3.022733787572707,1.4698918189149264,0.0,-3.022733787572707,1.4698918189149264,0.125,-1.5528419686577808,0.0
external_candidate,56,safe_shuffled_obelix_control,40,144,8,0.0,41,0.0,-3.022733787572707,1.4698918189149264,0.0,-3.022733787572707,1.4698918189149264,0.0,-3.022733787572707,1.4698918189149264
external_candidate,56,safe_multisource_residual,40,144,8,0.0,41,0.0,-3.022733787572707,1.4698918189149264,0.0,-3.022733787572707,1.4698918189149264,0.0,-3.022733787572707,1.4698918189149264
external_candidate,56,safe_multisource_novelty_band,40,144,8,0.0,41,0.0,-2.690369832574101,1.13752786391632,0.0,-2.690369832574101,1.13752786391632,0.0,-2.2596373105057563,0.7067953418479755
external_candidate,57,uniform_random,40,144,8,0.0,26,0.0,-2.7619538968712045,1.2091119282134237,0.0,-2.7619538968712045,1.2091119282134237,0.25,-1.7212463990471711,0.16840443038939035
external_candidate,57,composition_novelty,40,144,8,0.0,41,0.0,-2.690369832574101,1.13752786391632,0.0,-2.690369832574101,1.13752786391632,0.0,-2.690369832574101,1.13752786391632
external_candidate,57,safe_target_novelty,40,144,8,0.0,41,0.0,-2.690369832574101,1.13752786391632,0.0,-2.690369832574101,1.13752786391632,0.0,-2.690369832574101,1.13752786391632
external_candidate,57,obelix_same_property_static,40,144,8,33.0,1,0.25,-1.5528419686577808,0.0,0.25,-1.5528419686577808,0.0,0.5,-1.5528419686577808,0.0
external_candidate,57,estm_transport_neighbor_static,40,144,8,45.0,5,0.375,-1.7212463990471711,0.16840443038939035,0.375,-1.7212463990471711,0.16840443038939035,0.75,-1.619788758288394,0.06694678963061329
external_candidate,57,borg_mechanical_static_control,40,144,8,0.0,41,0.0,-2.6989700043360187,1.146128035678238,0.0,-2.2494916051486538,0.696649636490873,0.0,-2.2494916051486538,0.696649636490873
external_candidate,57,ocx_catalysis_static_control,40,144,8,0.0,41,0.0,-2.958607314841775,1.4057653461839943,0.0,-2.958607314841775,1.4057653461839943,0.0,-2.2494916051486538,0.696649636490873
external_candidate,57,shuffled_obelix_static_control,40,144,8,47.0,3,0.25,-1.619788758288394,0.06694678963061329,0.5,-1.619788758288394,0.06694678963061329,0.625,-1.619788758288394,0.06694678963061329
external_candidate,57,safe_obelix_residual,40,144,8,0.0,41,0.0,-2.690369832574101,1.13752786391632,0.0,-2.690369832574101,1.13752786391632,0.0,-2.690369832574101,1.13752786391632
external_candidate,57,safe_estm_residual,40,144,8,0.0,41,0.0,-3.0963674839157624,1.5435255152579817,0.0,-3.0296531237699065,1.4768111551121257,0.0,-3.022733787572707,1.4698918189149264
external_candidate,57,safe_borg_residual_control,40,144,8,0.0,41,0.0,-3.0963674839157624,1.5435255152579817,0.0,-3.0296531237699065,1.4768111551121257,0.0,-3.022733787572707,1.4698918189149264
external_candidate,57,safe_ocx_residual_control,40,144,8,0.0,41,0.0,-2.690369832574101,1.13752786391632,0.0,-2.690369832574101,1.13752786391632,0.0,-2.690369832574101,1.13752786391632
external_candidate,57,safe_shuffled_obelix_control,40,144,8,0.0,41,0.0,-2.690369832574101,1.13752786391632,0.0,-2.690369832574101,1.13752786391632,0.0,-2.690369832574101,1.13752786391632
external_candidate,57,safe_multisource_residual,40,144,8,0.0,41,0.0,-3.0963674839157624,1.5435255152579817,0.0,-3.0296531237699065,1.4768111551121257,0.0,-3.0296531237699065,1.4768111551121257
external_candidate,57,safe_multisource_novelty_band,40,144,8,0.0,41,0.0,-3.0963674839157624,1.5435255152579817,0.0,-3.0963674839157624,1.5435255152579817,0.0,-2.903089986991944,1.3502480183341634
external_candidate,58,uniform_random,40,144,8,0.0,41,0.0,-2.6989700043360187,1.146128035678238,0.0,-2.6989700043360187,1.146128035678238,0.0,-2.2596373105057563,0.7067953418479755
external_candidate,58,composition_novelty,40,144,8,0.0,41,0.0,-2.690369832574101,1.13752786391632,0.0,-2.690369832574101,1.13752786391632,0.0,-2.690369832574101,1.13752786391632
external_candidate,58,safe_target_novelty,40,144,8,0.0,36,0.0,-2.690369832574101,1.13752786391632,0.0,-2.690369832574101,1.13752786391632,0.25,-1.5528419686577808,0.0
external_candidate,58,obelix_same_property_static,40,144,8,33.0,1,0.25,-1.5528419686577808,0.0,0.25,-1.5528419686577808,0.0,0.5,-1.5528419686577808,0.0
external_candidate,58,estm_transport_neighbor_static,40,144,8,45.0,5,0.375,-1.7212463990471711,0.16840443038939035,0.375,-1.7212463990471711,0.16840443038939035,0.75,-1.619788758288394,0.06694678963061329
external_candidate,58,borg_mechanical_static_control,40,144,8,0.0,41,0.0,-2.6989700043360187,1.146128035678238,0.0,-2.2494916051486538,0.696649636490873,0.0,-2.2494916051486538,0.696649636490873
external_candidate,58,ocx_catalysis_static_control,40,144,8,0.0,41,0.0,-2.958607314841775,1.4057653461839943,0.0,-2.958607314841775,1.4057653461839943,0.0,-2.2494916051486538,0.696649636490873
external_candidate,58,shuffled_obelix_static_control,40,144,8,15.0,6,0.125,-1.5528419686577808,0.0,0.125,-1.5528419686577808,0.0,0.25,-1.5528419686577808,0.0
external_candidate,58,safe_obelix_residual,40,144,8,0.0,38,0.0,-2.690369832574101,1.13752786391632,0.0,-2.690369832574101,1.13752786391632,0.25,-1.5528419686577808,0.0
external_candidate,58,safe_estm_residual,40,144,8,0.0,36,0.0,-2.903089986991944,1.3502480183341634,0.0,-2.903089986991944,1.3502480183341634,0.25,-1.5528419686577808,0.0
external_candidate,58,safe_borg_residual_control,40,144,8,0.0,41,0.0,-2.690369832574101,1.13752786391632,0.0,-2.690369832574101,1.13752786391632,0.0,-2.690369832574101,1.13752786391632
external_candidate,58,safe_ocx_residual_control,40,144,8,0.0,36,0.0,-2.690369832574101,1.13752786391632,0.0,-2.690369832574101,1.13752786391632,0.25,-1.5528419686577808,0.0
external_candidate,58,safe_shuffled_obelix_control,40,144,8,0.0,41,0.0,-2.690369832574101,1.13752786391632,0.0,-2.690369832574101,1.13752786391632,0.0,-2.690369832574101,1.13752786391632
external_candidate,58,safe_multisource_residual,40,144,8,0.0,41,0.0,-2.690369832574101,1.13752786391632,0.0,-2.690369832574101,1.13752786391632,0.0,-2.690369832574101,1.13752786391632
external_candidate,58,safe_multisource_novelty_band,40,144,8,0.0,41,0.0,-3.8538719643217614,2.3010299956639804,0.0,-3.022733787572707,1.4698918189149264,0.0,-2.962573502059376,1.4097315334015954
external_candidate,59,uniform_random,40,144,8,0.0,41,0.0,-3.118641967025269,1.5657999983674882,0.0,-2.2494916051486538,0.696649636490873,0.0,-2.2494916051486538,0.696649636490873
external_candidate,59,composition_novelty,40,144,8,0.0,41,0.0,-2.690369832574101,1.13752786391632,0.0,-2.690369832574101,1.13752786391632,0.0,-2.690369832574101,1.13752786391632
external_candidate,59,safe_target_novelty,40,144,8,0.0,41,0.0,-3.8538719643217614,2.3010299956639804,0.0,-2.690369832574101,1.13752786391632,0.0,-2.2992962828549808,0.7464543141972
external_candidate,59,obelix_same_property_static,40,144,8,33.0,1,0.25,-1.5528419686577808,0.0,0.25,-1.5528419686577808,0.0,0.5,-1.5528419686577808,0.0
external_candidate,59,estm_transport_neighbor_static,40,144,8,45.0,5,0.375,-1.7212463990471711,0.16840443038939035,0.375,-1.7212463990471711,0.16840443038939035,0.75,-1.619788758288394,0.06694678963061329
external_candidate,59,borg_mechanical_static_control,40,144,8,0.0,41,0.0,-2.6989700043360187,1.146128035678238,0.0,-2.2494916051486538,0.696649636490873,0.0,-2.2494916051486538,0.696649636490873
external_candidate,59,ocx_catalysis_static_control,40,144,8,0.0,41,0.0,-2.958607314841775,1.4057653461839943,0.0,-2.958607314841775,1.4057653461839943,0.0,-2.2494916051486538,0.696649636490873
external_candidate,59,shuffled_obelix_static_control,40,144,8,1.0,20,0.0,-2.4989407377822483,0.9460987691244676,0.125,-1.619788758288394,0.06694678963061329,0.375,-1.619788758288394,0.06694678963061329
external_candidate,59,safe_obelix_residual,40,144,8,0.0,41,0.0,-3.8538719643217614,2.3010299956639804,0.0,-2.690369832574101,1.13752786391632,0.0,-2.2992962828549808,0.7464543141972
external_candidate,59,safe_estm_residual,40,144,8,0.0,41,0.0,-3.8538719643217614,2.3010299956639804,0.0,-2.690369832574101,1.13752786391632,0.0,-2.2992962828549808,0.7464543141972
external_candidate,59,safe_borg_residual_control,40,144,8,0.0,41,0.0,-3.8538719643217614,2.3010299956639804,0.0,-2.690369832574101,1.13752786391632,0.0,-2.2992962828549808,0.7464543141972
external_candidate,59,safe_ocx_residual_control,40,144,8,0.0,41,0.0,-3.8538719643217614,2.3010299956639804,0.0,-2.690369832574101,1.13752786391632,0.0,-2.2992962828549808,0.7464543141972
external_candidate,59,safe_shuffled_obelix_control,40,144,8,0.0,41,0.0,-2.690369832574101,1.13752786391632,0.0,-2.690369832574101,1.13752786391632,0.0,-2.2992962828549808,0.7464543141972
external_candidate,59,safe_multisource_residual,40,144,8,0.0,41,0.0,-2.690369832574101,1.13752786391632,0.0,-2.690369832574101,1.13752786391632,0.0,-2.2992962828549808,0.7464543141972
external_candidate,59,safe_multisource_novelty_band,40,144,8,0.0,33,0.0,-4.129011186239425,2.5761692175816444,0.0,-2.903089986991944,1.3502480183341634,0.125,-2.2006594505464183,0.6478174818886375
external_candidate,60,uniform_random,40,144,8,21.0,2,0.125,-1.7212463990471711,0.16840443038939035,0.25,-1.619788758288394,0.06694678963061329,0.25,-1.619788758288394,0.06694678963061329
external_candidate,60,composition_novelty,40,144,8,0.0,41,0.0,-2.690369832574101,1.13752786391632,0.0,-2.690369832574101,1.13752786391632,0.0,-2.690369832574101,1.13752786391632
external_candidate,60,safe_target_novelty,40,144,8,0.0,41,0.0,-2.690369832574101,1.13752786391632,0.0,-2.690369832574101,1.13752786391632,0.0,-2.2596373105057563,0.7067953418479755
external_candidate,60,obelix_same_property_static,40,144,8,33.0,1,0.25,-1.5528419686577808,0.0,0.25,-1.5528419686577808,0.0,0.5,-1.5528419686577808,0.0
external_candidate,60,estm_transport_neighbor_static,40,144,8,45.0,5,0.375,-1.7212463990471711,0.16840443038939035,0.375,-1.7212463990471711,0.16840443038939035,0.75,-1.619788758288394,0.06694678963061329
external_candidate,60,borg_mechanical_static_control,40,144,8,0.0,41,0.0,-2.6989700043360187,1.146128035678238,0.0,-2.2494916051486538,0.696649636490873,0.0,-2.2494916051486538,0.696649636490873
external_candidate,60,ocx_catalysis_static_control,40,144,8,0.0,41,0.0,-2.958607314841775,1.4057653461839943,0.0,-2.958607314841775,1.4057653461839943,0.0,-2.2494916051486538,0.696649636490873
external_candidate,60,shuffled_obelix_static_control,40,144,8,31.0,3,0.25,-1.5528419686577808,0.0,0.25,-1.5528419686577808,0.0,0.375,-1.5528419686577808,0.0
external_candidate,60,safe_obelix_residual,40,144,8,0.0,41,0.0,-2.690369832574101,1.13752786391632,0.0,-2.690369832574101,1.13752786391632,0.0,-2.690369832574101,1.13752786391632
external_candidate,60,safe_estm_residual,40,144,8,0.0,41,0.0,-2.690369832574101,1.13752786391632,0.0,-2.690369832574101,1.13752786391632,0.0,-2.690369832574101,1.13752786391632
external_candidate,60,safe_borg_residual_control,40,144,8,0.0,41,0.0,-2.690369832574101,1.13752786391632,0.0,-2.690369832574101,1.13752786391632,0.0,-2.2596373105057563,0.7067953418479755
external_candidate,60,safe_ocx_residual_control,40,144,8,0.0,41,0.0,-2.690369832574101,1.13752786391632,0.0,-2.690369832574101,1.13752786391632,0.0,-2.2596373105057563,0.7067953418479755
external_candidate,60,safe_shuffled_obelix_control,40,144,8,0.0,41,0.0,-2.690369832574101,1.13752786391632,0.0,-2.690369832574101,1.13752786391632,0.0,-2.2596373105057563,0.7067953418479755
external_candidate,60,safe_multisource_residual,40,144,8,0.0,41,0.0,-2.690369832574101,1.13752786391632,0.0,-2.690369832574101,1.13752786391632,0.0,-2.2596373105057563,0.7067953418479755
external_candidate,60,safe_multisource_novelty_band,40,144,8,0.0,41,0.0,-2.690369832574101,1.13752786391632,0.0,-2.690369832574101,1.13752786391632,0.0,-2.690369832574101,1.13752786391632
external_candidate,61,uniform_random,40,144,8,12.0,11,0.0,-3.0296531237699065,1.4768111551121257,0.25,-1.619788758288394,0.06694678963061329,0.25,-1.619788758288394,0.06694678963061329
external_candidate,61,composition_novelty,40,144,8,0.0,41,0.0,-2.690369832574101,1.13752786391632,0.0,-2.690369832574101,1.13752786391632,0.0,-2.690369832574101,1.13752786391632
external_candidate,61,safe_target_novelty,40,144,8,0.0,41,0.0,-2.690369832574101,1.13752786391632,0.0,-2.690369832574101,1.13752786391632,0.0,-2.2992962828549808,0.7464543141972
external_candidate,61,obelix_same_property_static,40,144,8,33.0,1,0.25,-1.5528419686577808,0.0,0.25,-1.5528419686577808,0.0,0.5,-1.5528419686577808,0.0
external_candidate,61,estm_transport_neighbor_static,40,144,8,45.0,5,0.375,-1.7212463990471711,0.16840443038939035,0.375,-1.7212463990471711,0.16840443038939035,0.75,-1.619788758288394,0.06694678963061329
external_candidate,61,borg_mechanical_static_control,40,144,8,0.0,41,0.0,-2.6989700043360187,1.146128035678238,0.0,-2.2494916051486538,0.696649636490873,0.0,-2.2494916051486538,0.696649636490873
external_candidate,61,ocx_catalysis_static_control,40,144,8,0.0,41,0.0,-2.958607314841775,1.4057653461839943,0.0,-2.958607314841775,1.4057653461839943,0.0,-2.2494916051486538,0.696649636490873
external_candidate,61,shuffled_obelix_static_control,40,144,8,0.0,23,0.0,-2.903089986991944,1.3502480183341634,0.0,-2.2494916051486538,0.696649636490873,0.125,-1.7212463990471711,0.16840443038939035
external_candidate,61,safe_obelix_residual,40,144,8,0.0,27,0.0,-2.690369832574101,1.13752786391632,0.0,-2.690369832574101,1.13752786391632,0.125,-1.7212463990471711,0.16840443038939035
external_candidate,61,safe_estm_residual,40,144,8,0.0,23,0.0,-2.690369832574101,1.13752786391632,0.0,-2.690369832574101,1.13752786391632,0.125,-1.7212463990471711,0.16840443038939035
external_candidate,61,safe_borg_residual_control,40,144,8,0.0,41,0.0,-2.690369832574101,1.13752786391632,0.0,-2.690369832574101,1.13752786391632,0.0,-2.2992962828549808,0.7464543141972
external_candidate,61,safe_ocx_residual_control,40,144,8,0.0,41,0.0,-2.690369832574101,1.13752786391632,0.0,-2.690369832574101,1.13752786391632,0.0,-2.2992962828549808,0.7464543141972
external_candidate,61,safe_shuffled_obelix_control,40,144,8,0.0,33,0.0,-2.690369832574101,1.13752786391632,0.0,-2.690369832574101,1.13752786391632,0.125,-1.619788758288394,0.06694678963061329
external_candidate,61,safe_multisource_residual,40,144,8,0.0,27,0.0,-2.690369832574101,1.13752786391632,0.0,-2.690369832574101,1.13752786391632,0.125,-1.7212463990471711,0.16840443038939035
external_candidate,61,safe_multisource_novelty_band,40,144,8,6.0,15,0.0,-2.690369832574101,1.13752786391632,0.125,-1.7212463990471711,0.16840443038939035,0.25,-1.5528419686577808,0.0
external_candidate,62,uniform_random,40,144,8,2.0,19,0.0,-2.4989407377822483,0.9460987691244676,0.125,-1.7212463990471711,0.16840443038939035,0.125,-1.7212463990471711,0.16840443038939035
external_candidate,62,composition_novelty,40,144,8,0.0,41,0.0,-2.690369832574101,1.13752786391632,0.0,-2.690369832574101,1.13752786391632,0.0,-2.690369832574101,1.13752786391632
external_candidate,62,safe_target_novelty,40,144,8,0.0,41,0.0,-2.690369832574101,1.13752786391632,0.0,-2.690369832574101,1.13752786391632,0.0,-2.690369832574101,1.13752786391632
external_candidate,62,obelix_same_property_static,40,144,8,33.0,1,0.25,-1.5528419686577808,0.0,0.25,-1.5528419686577808,0.0,0.5,-1.5528419686577808,0.0
external_candidate,62,estm_transport_neighbor_static,40,144,8,45.0,5,0.375,-1.7212463990471711,0.16840443038939035,0.375,-1.7212463990471711,0.16840443038939035,0.75,-1.619788758288394,0.06694678963061329
external_candidate,62,borg_mechanical_static_control,40,144,8,0.0,41,0.0,-2.6989700043360187,1.146128035678238,0.0,-2.2494916051486538,0.696649636490873,0.0,-2.2494916051486538,0.696649636490873
external_candidate,62,ocx_catalysis_static_control,40,144,8,0.0,41,0.0,-2.958607314841775,1.4057653461839943,0.0,-2.958607314841775,1.4057653461839943,0.0,-2.2494916051486538,0.696649636490873
external_candidate,62,shuffled_obelix_static_control,40,144,8,17.0,4,0.125,-2.000869458712629,0.4480274900548482,0.125,-2.000869458712629,0.4480274900548482,0.375,-1.7212463990471711,0.16840443038939035
external_candidate,62,safe_obelix_residual,40,144,8,0.0,41,0.0,-3.0963674839157624,1.5435255152579817,0.0,-3.0296531237699065,1.4768111551121257,0.0,-3.022733787572707,1.4698918189149264
external_candidate,62,safe_estm_residual,40,144,8,0.0,41,0.0,-2.690369832574101,1.13752786391632,0.0,-2.690369832574101,1.13752786391632,0.0,-2.690369832574101,1.13752786391632
external_candidate,62,safe_borg_residual_control,40,144,8,0.0,41,0.0,-2.690369832574101,1.13752786391632,0.0,-2.690369832574101,1.13752786391632,0.0,-2.690369832574101,1.13752786391632
external_candidate,62,safe_ocx_residual_control,40,144,8,0.0,41,0.0,-2.690369832574101,1.13752786391632,0.0,-2.690369832574101,1.13752786391632,0.0,-2.690369832574101,1.13752786391632
external_candidate,62,safe_shuffled_obelix_control,40,144,8,0.0,41,0.0,-2.690369832574101,1.13752786391632,0.0,-2.690369832574101,1.13752786391632,0.0,-2.690369832574101,1.13752786391632
external_candidate,62,safe_multisource_residual,40,144,8,0.0,41,0.0,-3.0296531237699065,1.4768111551121257,0.0,-3.022733787572707,1.4698918189149264,0.0,-3.022733787572707,1.4698918189149264
external_candidate,62,safe_multisource_novelty_band,40,144,8,0.0,41,0.0,-2.690369832574101,1.13752786391632,0.0,-2.690369832574101,1.13752786391632,0.0,-2.690369832574101,1.13752786391632
external_candidate,63,uniform_random,40,144,8,16.0,9,0.125,-2.1870866433571443,0.6342446746993635,0.25,-1.5528419686577808,0.0,0.25,-1.5528419686577808,0.0
external_candidate,63,composition_novelty,40,144,8,0.0,41,0.0,-2.690369832574101,1.13752786391632,0.0,-2.690369832574101,1.13752786391632,0.0,-2.690369832574101,1.13752786391632
external_candidate,63,safe_target_novelty,40,144,8,0.0,41,0.0,-2.690369832574101,1.13752786391632,0.0,-2.690369832574101,1.13752786391632,0.0,-2.2992962828549808,0.7464543141972
external_candidate,63,obelix_same_property_static,40,144,8,33.0,1,0.25,-1.5528419686577808,0.0,0.25,-1.5528419686577808,0.0,0.5,-1.5528419686577808,0.0
external_candidate,63,estm_transport_neighbor_static,40,144,8,45.0,5,0.375,-1.7212463990471711,0.16840443038939035,0.375,-1.7212463990471711,0.16840443038939035,0.75,-1.619788758288394,0.06694678963061329
external_candidate,63,borg_mechanical_static_control,40,144,8,0.0,41,0.0,-2.6989700043360187,1.146128035678238,0.0,-2.2494916051486538,0.696649636490873,0.0,-2.2494916051486538,0.696649636490873
external_candidate,63,ocx_catalysis_static_control,40,144,8,0.0,41,0.0,-2.958607314841775,1.4057653461839943,0.0,-2.958607314841775,1.4057653461839943,0.0,-2.2494916051486538,0.696649636490873
external_candidate,63,shuffled_obelix_static_control,40,144,8,4.0,17,0.0,-2.2494916051486538,0.696649636490873,0.125,-2.000869458712629,0.4480274900548482,0.25,-1.5528419686577808,0.0
external_candidate,63,safe_obelix_residual,40,144,8,0.0,40,0.0,-2.690369832574101,1.13752786391632,0.0,-2.690369832574101,1.13752786391632,0.125,-1.5528419686577808,0.0
external_candidate,63,safe_estm_residual,40,144,8,0.0,30,0.0,-2.690369832574101,1.13752786391632,0.0,-2.690369832574101,1.13752786391632,0.125,-2.2006594505464183,0.6478174818886375
external_candidate,63,safe_borg_residual_control,40,144,8,0.0,41,0.0,-2.690369832574101,1.13752786391632,0.0,-2.690369832574101,1.13752786391632,0.0,-2.2992962828549808,0.7464543141972
external_candidate,63,safe_ocx_residual_control,40,144,8,0.0,41,0.0,-2.690369832574101,1.13752786391632,0.0,-2.690369832574101,1.13752786391632,0.0,-2.2992962828549808,0.7464543141972
external_candidate,63,safe_shuffled_obelix_control,40,144,8,0.0,41,0.0,-2.690369832574101,1.13752786391632,0.0,-2.690369832574101,1.13752786391632,0.0,-2.2992962828549808,0.7464543141972
external_candidate,63,safe_multisource_residual,40,144,8,0.0,38,0.0,-2.690369832574101,1.13752786391632,0.0,-2.690369832574101,1.13752786391632,0.125,-1.5528419686577808,0.0
external_candidate,63,safe_multisource_novelty_band,40,144,8,0.0,41,0.0,-3.1023729087095586,1.5495309400517778,0.0,-2.962573502059376,1.4097315334015954,0.0,-2.2992962828549808,0.7464543141972
external_candidate,64,uniform_random,40,144,8,13.0,8,0.125,-1.769551078621726,0.2167091099639451,0.125,-1.769551078621726,0.2167091099639451,0.125,-1.769551078621726,0.2167091099639451
external_candidate,64,composition_novelty,40,144,8,0.0,41,0.0,-2.690369832574101,1.13752786391632,0.0,-2.690369832574101,1.13752786391632,0.0,-2.690369832574101,1.13752786391632
external_candidate,64,safe_target_novelty,40,144,8,0.0,41,0.0,-2.690369832574101,1.13752786391632,0.0,-2.690369832574101,1.13752786391632,0.0,-2.690369832574101,1.13752786391632
external_candidate,64,obelix_same_property_static,40,144,8,33.0,1,0.25,-1.5528419686577808,0.0,0.25,-1.5528419686577808,0.0,0.5,-1.5528419686577808,0.0
external_candidate,64,estm_transport_neighbor_static,40,144,8,45.0,5,0.375,-1.7212463990471711,0.16840443038939035,0.375,-1.7212463990471711,0.16840443038939035,0.75,-1.619788758288394,0.06694678963061329
external_candidate,64,borg_mechanical_static_control,40,144,8,0.0,41,0.0,-2.6989700043360187,1.146128035678238,0.0,-2.2494916051486538,0.696649636490873,0.0,-2.2494916051486538,0.696649636490873
external_candidate,64,ocx_catalysis_static_control,40,144,8,0.0,41,0.0,-2.958607314841775,1.4057653461839943,0.0,-2.958607314841775,1.4057653461839943,0.0,-2.2494916051486538,0.696649636490873
external_candidate,64,shuffled_obelix_static_control,40,144,8,24.0,4,0.125,-1.619788758288394,0.06694678963061329,0.5,-1.619788758288394,0.06694678963061329,0.625,-1.619788758288394,0.06694678963061329
external_candidate,64,safe_obelix_residual,40,144,8,0.0,41,0.0,-2.690369832574101,1.13752786391632,0.0,-2.690369832574101,1.13752786391632,0.0,-2.690369832574101,1.13752786391632
external_candidate,64,safe_estm_residual,40,144,8,0.0,41,0.0,-2.690369832574101,1.13752786391632,0.0,-2.690369832574101,1.13752786391632,0.0,-2.690369832574101,1.13752786391632
external_candidate,64,safe_borg_residual_control,40,144,8,0.0,41,0.0,-2.690369832574101,1.13752786391632,0.0,-2.690369832574101,1.13752786391632,0.0,-2.690369832574101,1.13752786391632
external_candidate,64,safe_ocx_residual_control,40,144,8,0.0,41,0.0,-2.690369832574101,1.13752786391632,0.0,-2.690369832574101,1.13752786391632,0.0,-2.690369832574101,1.13752786391632
external_candidate,64,safe_shuffled_obelix_control,40,144,8,0.0,41,0.0,-2.690369832574101,1.13752786391632,0.0,-2.690369832574101,1.13752786391632,0.0,-2.2992962828549808,0.7464543141972
external_candidate,64,safe_multisource_residual,40,144,8,0.0,41,0.0,-2.690369832574101,1.13752786391632,0.0,-2.690369832574101,1.13752786391632,0.0,-2.690369832574101,1.13752786391632
external_candidate,64,safe_multisource_novelty_band,40,144,8,0.0,34,0.0,-2.690369832574101,1.13752786391632,0.0,-2.690369832574101,1.13752786391632,0.125,-1.5528419686577808,0.0
external_candidate,65,uniform_random,40,144,8,0.0,41,0.0,-2.6989700043360187,1.146128035678238,0.0,-2.4989407377822483,0.9460987691244676,0.0,-2.4989407377822483,0.9460987691244676
external_candidate,65,composition_novelty,40,144,8,0.0,41,0.0,-2.690369832574101,1.13752786391632,0.0,-2.690369832574101,1.13752786391632,0.0,-2.690369832574101,1.13752786391632
external_candidate,65,safe_target_novelty,40,144,8,0.0,41,0.0,-2.690369832574101,1.13752786391632,0.0,-2.690369832574101,1.13752786391632,0.0,-2.2992962828549808,0.7464543141972
external_candidate,65,obelix_same_property_static,40,144,8,33.0,1,0.25,-1.5528419686577808,0.0,0.25,-1.5528419686577808,0.0,0.5,-1.5528419686577808,0.0
external_candidate,65,estm_transport_neighbor_static,40,144,8,45.0,5,0.375,-1.7212463990471711,0.16840443038939035,0.375,-1.7212463990471711,0.16840443038939035,0.75,-1.619788758288394,0.06694678963061329
external_candidate,65,borg_mechanical_static_control,40,144,8,0.0,41,0.0,-2.6989700043360187,1.146128035678238,0.0,-2.2494916051486538,0.696649636490873,0.0,-2.2494916051486538,0.696649636490873
external_candidate,65,ocx_catalysis_static_control,40,144,8,0.0,41,0.0,-2.958607314841775,1.4057653461839943,0.0,-2.958607314841775,1.4057653461839943,0.0,-2.2494916051486538,0.696649636490873
external_candidate,65,shuffled_obelix_static_control,40,144,8,51.0,1,0.375,-1.5528419686577808,0.0,0.5,-1.5528419686577808,0.0,0.5,-1.5528419686577808,0.0
external_candidate,65,safe_obelix_residual,40,144,8,0.0,41,0.0,-2.690369832574101,1.13752786391632,0.0,-2.690369832574101,1.13752786391632,0.0,-2.382999658879101,0.8301576902213201
external_candidate,65,safe_estm_residual,40,144,8,0.0,41,0.0,-2.690369832574101,1.13752786391632,0.0,-2.690369832574101,1.13752786391632,0.0,-2.2992962828549808,0.7464543141972
external_candidate,65,safe_borg_residual_control,40,144,8,0.0,41,0.0,-2.690369832574101,1.13752786391632,0.0,-2.690369832574101,1.13752786391632,0.0,-2.2992962828549808,0.7464543141972
external_candidate,65,safe_ocx_residual_control,40,144,8,0.0,41,0.0,-2.690369832574101,1.13752786391632,0.0,-2.690369832574101,1.13752786391632,0.0,-2.2992962828549808,0.7464543141972
external_candidate,65,safe_shuffled_obelix_control,40,144,8,0.0,41,0.0,-2.690369832574101,1.13752786391632,0.0,-2.690369832574101,1.13752786391632,0.0,-2.690369832574101,1.13752786391632
external_candidate,65,safe_multisource_residual,40,144,8,0.0,41,0.0,-2.690369832574101,1.13752786391632,0.0,-2.690369832574101,1.13752786391632,0.0,-2.690369832574101,1.13752786391632
external_candidate,65,safe_multisource_novelty_band,40,144,8,0.0,41,0.0,-3.987162775294828,2.4343208066370474,0.0,-2.690369832574101,1.13752786391632,0.0,-2.2992962828549808,0.7464543141972
external_candidate,66,uniform_random,40,144,8,7.0,14,0.0,-2.2494916051486538,0.696649636490873,0.125,-2.1870866433571443,0.6342446746993635,0.125,-2.1870866433571443,0.6342446746993635
external_candidate,66,composition_novelty,40,144,8,0.0,41,0.0,-2.690369832574101,1.13752786391632,0.0,-2.690369832574101,1.13752786391632,0.0,-2.690369832574101,1.13752786391632
external_candidate,66,safe_target_novelty,40,144,8,0.0,41,0.0,-2.690369832574101,1.13752786391632,0.0,-2.690369832574101,1.13752786391632,0.0,-2.690369832574101,1.13752786391632
external_candidate,66,obelix_same_property_static,40,144,8,33.0,1,0.25,-1.5528419686577808,0.0,0.25,-1.5528419686577808,0.0,0.5,-1.5528419686577808,0.0
external_candidate,66,estm_transport_neighbor_static,40,144,8,45.0,5,0.375,-1.7212463990471711,0.16840443038939035,0.375,-1.7212463990471711,0.16840443038939035,0.75,-1.619788758288394,0.06694678963061329
external_candidate,66,borg_mechanical_static_control,40,144,8,0.0,41,0.0,-2.6989700043360187,1.146128035678238,0.0,-2.2494916051486538,0.696649636490873,0.0,-2.2494916051486538,0.696649636490873
external_candidate,66,ocx_catalysis_static_control,40,144,8,0.0,41,0.0,-2.958607314841775,1.4057653461839943,0.0,-2.958607314841775,1.4057653461839943,0.0,-2.2494916051486538,0.696649636490873
external_candidate,66,shuffled_obelix_static_control,40,144,8,0.0,25,0.0,-2.2494916051486538,0.696649636490873,0.0,-2.2494916051486538,0.696649636490873,0.5,-1.5528419686577808,0.0
external_candidate,66,safe_obelix_residual,40,144,8,0.0,41,0.0,-2.690369832574101,1.13752786391632,0.0,-2.690369832574101,1.13752786391632,0.0,-2.690369832574101,1.13752786391632
external_candidate,66,safe_estm_residual,40,144,8,0.0,32,0.0,-2.690369832574101,1.13752786391632,0.0,-2.690369832574101,1.13752786391632,0.25,-1.5528419686577808,0.0
external_candidate,66,safe_borg_residual_control,40,144,8,0.0,41,0.0,-2.690369832574101,1.13752786391632,0.0,-2.690369832574101,1.13752786391632,0.0,-2.2992962828549808,0.7464543141972
external_candidate,66,safe_ocx_residual_control,40,144,8,0.0,41,0.0,-2.690369832574101,1.13752786391632,0.0,-2.690369832574101,1.13752786391632,0.0,-2.690369832574101,1.13752786391632
external_candidate,66,safe_shuffled_obelix_control,40,144,8,0.0,41,0.0,-2.690369832574101,1.13752786391632,0.0,-2.690369832574101,1.13752786391632,0.0,-2.690369832574101,1.13752786391632
external_candidate,66,safe_multisource_residual,40,144,8,0.0,41,0.0,-2.690369832574101,1.13752786391632,0.0,-2.690369832574101,1.13752786391632,0.0,-2.690369832574101,1.13752786391632
external_candidate,66,safe_multisource_novelty_band,40,144,8,6.0,15,0.0,-2.690369832574101,1.13752786391632,0.125,-1.5528419686577808,0.0,0.125,-1.5528419686577808,0.0
external_candidate,67,uniform_random,40,144,8,14.0,7,0.125,-1.9065783148377649,0.35373634617998406,0.125,-1.9065783148377649,0.35373634617998406,0.5,-1.5528419686577808,0.0
external_candidate,67,composition_novelty,40,144,8,0.0,41,0.0,-2.690369832574101,1.13752786391632,0.0,-2.690369832574101,1.13752786391632,0.0,-2.690369832574101,1.13752786391632
external_candidate,67,safe_target_novelty,40,144,8,0.0,21,0.0,-2.690369832574101,1.13752786391632,0.0,-2.690369832574101,1.13752786391632,0.125,-1.5528419686577808,0.0
external_candidate,67,obelix_same_property_static,40,144,8,33.0,1,0.25,-1.5528419686577808,0.0,0.25,-1.5528419686577808,0.0,0.5,-1.5528419686577808,0.0
external_candidate,67,estm_transport_neighbor_static,40,144,8,45.0,5,0.375,-1.7212463990471711,0.16840443038939035,0.375,-1.7212463990471711,0.16840443038939035,0.75,-1.619788758288394,0.06694678963061329
external_candidate,67,borg_mechanical_static_control,40,144,8,0.0,41,0.0,-2.6989700043360187,1.146128035678238,0.0,-2.2494916051486538,0.696649636490873,0.0,-2.2494916051486538,0.696649636490873
external_candidate,67,ocx_catalysis_static_control,40,144,8,0.0,41,0.0,-2.958607314841775,1.4057653461839943,0.0,-2.958607314841775,1.4057653461839943,0.0,-2.2494916051486538,0.696649636490873
external_candidate,67,shuffled_obelix_static_control,40,144,8,0.0,41,0.0,-2.690369832574101,1.13752786391632,0.0,-2.2494916051486538,0.696649636490873,0.0,-2.2494916051486538,0.696649636490873
external_candidate,67,safe_obelix_residual,40,144,8,2.0,19,0.0,-2.690369832574101,1.13752786391632,0.125,-1.5528419686577808,0.0,0.125,-1.5528419686577808,0.0
external_candidate,67,safe_estm_residual,40,144,8,0.0,37,0.0,-2.690369832574101,1.13752786391632,0.0,-2.690369832574101,1.13752786391632,0.125,-1.5528419686577808,0.0
external_candidate,67,safe_borg_residual_control,40,144,8,0.0,41,0.0,-2.690369832574101,1.13752786391632,0.0,-2.690369832574101,1.13752786391632,0.0,-2.2596373105057563,0.7067953418479755
external_candidate,67,safe_ocx_residual_control,40,144,8,0.0,41,0.0,-2.690369832574101,1.13752786391632,0.0,-2.690369832574101,1.13752786391632,0.0,-2.2596373105057563,0.7067953418479755
external_candidate,67,safe_shuffled_obelix_control,40,144,8,0.0,21,0.0,-2.690369832574101,1.13752786391632,0.0,-2.690369832574101,1.13752786391632,0.125,-1.5528419686577808,0.0
external_candidate,67,safe_multisource_residual,40,144,8,0.0,37,0.0,-2.690369832574101,1.13752786391632,0.0,-2.690369832574101,1.13752786391632,0.125,-1.5528419686577808,0.0
external_candidate,67,safe_multisource_novelty_band,40,144,8,0.0,26,0.0,-2.690369832574101,1.13752786391632,0.0,-2.690369832574101,1.13752786391632,0.125,-1.5528419686577808,0.0
external_candidate,68,uniform_random,40,144,8,9.0,12,0.0,-3.207608310501746,1.6547663418439653,0.125,-1.619788758288394,0.06694678963061329,0.375,-1.5528419686577808,0.0
external_candidate,68,composition_novelty,40,144,8,0.0,41,0.0,-2.690369832574101,1.13752786391632,0.0,-2.690369832574101,1.13752786391632,0.0,-2.690369832574101,1.13752786391632
external_candidate,68,safe_target_novelty,40,144,8,0.0,40,0.0,-3.0296531237699065,1.4768111551121257,0.0,-2.903089986991944,1.3502480183341634,0.125,-1.5528419686577808,0.0
external_candidate,68,obelix_same_property_static,40,144,8,33.0,1,0.25,-1.5528419686577808,0.0,0.25,-1.5528419686577808,0.0,0.5,-1.5528419686577808,0.0
external_candidate,68,estm_transport_neighbor_static,40,144,8,45.0,5,0.375,-1.7212463990471711,0.16840443038939035,0.375,-1.7212463990471711,0.16840443038939035,0.75,-1.619788758288394,0.06694678963061329
external_candidate,68,borg_mechanical_static_control,40,144,8,0.0,41,0.0,-2.6989700043360187,1.146128035678238,0.0,-2.2494916051486538,0.696649636490873,0.0,-2.2494916051486538,0.696649636490873
external_candidate,68,ocx_catalysis_static_control,40,144,8,0.0,41,0.0,-2.958607314841775,1.4057653461839943,0.0,-2.958607314841775,1.4057653461839943,0.0,-2.2494916051486538,0.696649636490873
external_candidate,68,shuffled_obelix_static_control,40,144,8,8.0,13,0.0,-2.958607314841775,1.4057653461839943,0.125,-1.769551078621726,0.2167091099639451,0.25,-1.619788758288394,0.06694678963061329
external_candidate,68,safe_obelix_residual,40,144,8,3.0,18,0.0,-3.987162775294828,2.4343208066370474,0.125,-2.2006594505464183,0.6478174818886375,0.375,-1.5528419686577808,0.0
external_candidate,68,safe_estm_residual,40,144,8,0.0,41,0.0,-2.690369832574101,1.13752786391632,0.0,-2.690369832574101,1.13752786391632,0.0,-2.2992962828549808,0.7464543141972
external_candidate,68,safe_borg_residual_control,40,144,8,0.0,41,0.0,-2.690369832574101,1.13752786391632,0.0,-2.690369832574101,1.13752786391632,0.0,-2.2992962828549808,0.7464543141972
external_candidate,68,safe_ocx_residual_control,40,144,8,0.0,41,0.0,-2.690369832574101,1.13752786391632,0.0,-2.690369832574101,1.13752786391632,0.0,-2.2992962828549808,0.7464543141972
external_candidate,68,safe_shuffled_obelix_control,40,144,8,0.0,41,0.0,-3.9665762445130506,2.41373427585527,0.0,-3.022733787572707,1.4698918189149264,0.0,-2.2992962828549808,0.7464543141972
external_candidate,68,safe_multisource_residual,40,144,8,0.0,41,0.0,-3.9665762445130506,2.41373427585527,0.0,-2.690369832574101,1.13752786391632,0.0,-2.2992962828549808,0.7464543141972
external_candidate,68,safe_multisource_novelty_band,40,144,8,2.0,19,0.0,-3.0604807473813813,1.5076387787236005,0.125,-1.5528419686577808,0.0,0.125,-1.5528419686577808,0.0
external_candidate,69,uniform_random,40,144,8,0.0,41,0.0,-3.0190880622231564,1.4662460935653756,0.0,-2.2494916051486538,0.696649636490873,0.0,-2.2494916051486538,0.696649636490873
external_candidate,69,composition_novelty,40,144,8,0.0,41,0.0,-2.690369832574101,1.13752786391632,0.0,-2.690369832574101,1.13752786391632,0.0,-2.690369832574101,1.13752786391632
external_candidate,69,safe_target_novelty,40,144,8,0.0,41,0.0,-2.690369832574101,1.13752786391632,0.0,-2.690369832574101,1.13752786391632,0.0,-2.690369832574101,1.13752786391632
external_candidate,69,obelix_same_property_static,40,144,8,33.0,1,0.25,-1.5528419686577808,0.0,0.25,-1.5528419686577808,0.0,0.5,-1.5528419686577808,0.0
external_candidate,69,estm_transport_neighbor_static,40,144,8,45.0,5,0.375,-1.7212463990471711,0.16840443038939035,0.375,-1.7212463990471711,0.16840443038939035,0.75,-1.619788758288394,0.06694678963061329
external_candidate,69,borg_mechanical_static_control,40,144,8,0.0,41,0.0,-2.6989700043360187,1.146128035678238,0.0,-2.2494916051486538,0.696649636490873,0.0,-2.2494916051486538,0.696649636490873
external_candidate,69,ocx_catalysis_static_control,40,144,8,0.0,41,0.0,-2.958607314841775,1.4057653461839943,0.0,-2.958607314841775,1.4057653461839943,0.0,-2.2494916051486538,0.696649636490873
external_candidate,69,shuffled_obelix_static_control,40,144,8,42.0,4,0.25,-2.1870866433571443,0.6342446746993635,0.5,-1.7212463990471711,0.16840443038939035,0.5,-1.7212463990471711,0.16840443038939035
external_candidate,69,safe_obelix_residual,40,144,8,0.0,41,0.0,-2.690369832574101,1.13752786391632,0.0,-2.690369832574101,1.13752786391632,0.0,-2.690369832574101,1.13752786391632
external_candidate,69,safe_estm_residual,40,144,8,0.0,41,0.0,-2.690369832574101,1.13752786391632,0.0,-2.690369832574101,1.13752786391632,0.0,-2.690369832574101,1.13752786391632
external_candidate,69,safe_borg_residual_control,40,144,8,0.0,41,0.0,-2.690369832574101,1.13752786391632,0.0,-2.690369832574101,1.13752786391632,0.0,-2.690369832574101,1.13752786391632
external_candidate,69,safe_ocx_residual_control,40,144,8,0.0,41,0.0,-2.690369832574101,1.13752786391632,0.0,-2.690369832574101,1.13752786391632,0.0,-2.690369832574101,1.13752786391632
external_candidate,69,safe_shuffled_obelix_control,40,144,8,0.0,41,0.0,-2.690369832574101,1.13752786391632,0.0,-2.690369832574101,1.13752786391632,0.0,-2.690369832574101,1.13752786391632
external_candidate,69,safe_multisource_residual,40,144,8,0.0,41,0.0,-2.690369832574101,1.13752786391632,0.0,-2.690369832574101,1.13752786391632,0.0,-2.690369832574101,1.13752786391632
external_candidate,69,safe_multisource_novelty_band,40,144,8,0.0,41,0.0,-3.207608310501746,1.6547663418439653,0.0,-2.690369832574101,1.13752786391632,0.0,-2.690369832574101,1.13752786391632
external_candidate,70,uniform_random,40,144,8,6.0,15,0.0,-3.2225731776106885,1.6697312089529077,0.125,-2.2006594505464183,0.6478174818886375,0.125,-2.2006594505464183,0.6478174818886375
external_candidate,70,composition_novelty,40,144,8,0.0,41,0.0,-2.690369832574101,1.13752786391632,0.0,-2.690369832574101,1.13752786391632,0.0,-2.690369832574101,1.13752786391632
external_candidate,70,safe_target_novelty,40,144,8,0.0,41,0.0,-3.022733787572707,1.4698918189149264,0.0,-3.022733787572707,1.4698918189149264,0.0,-2.903089986991944,1.3502480183341634
external_candidate,70,obelix_same_property_static,40,144,8,33.0,1,0.25,-1.5528419686577808,0.0,0.25,-1.5528419686577808,0.0,0.5,-1.5528419686577808,0.0
external_candidate,70,estm_transport_neighbor_static,40,144,8,45.0,5,0.375,-1.7212463990471711,0.16840443038939035,0.375,-1.7212463990471711,0.16840443038939035,0.75,-1.619788758288394,0.06694678963061329
external_candidate,70,borg_mechanical_static_control,40,144,8,0.0,41,0.0,-2.6989700043360187,1.146128035678238,0.0,-2.2494916051486538,0.696649636490873,0.0,-2.2494916051486538,0.696649636490873
external_candidate,70,ocx_catalysis_static_control,40,144,8,0.0,41,0.0,-2.958607314841775,1.4057653461839943,0.0,-2.958607314841775,1.4057653461839943,0.0,-2.2494916051486538,0.696649636490873
external_candidate,70,shuffled_obelix_static_control,40,144,8,28.0,5,0.25,-1.5528419686577808,0.0,0.25,-1.5528419686577808,0.0,0.25,-1.5528419686577808,0.0
external_candidate,70,safe_obelix_residual,40,144,8,0.0,41,0.0,-3.022733787572707,1.4698918189149264,0.0,-3.022733787572707,1.4698918189149264,0.0,-2.903089986991944,1.3502480183341634
external_candidate,70,safe_estm_residual,40,144,8,0.0,41,0.0,-3.022733787572707,1.4698918189149264,0.0,-3.022733787572707,1.4698918189149264,0.0,-2.903089986991944,1.3502480183341634
external_candidate,70,safe_borg_residual_control,40,144,8,0.0,40,0.0,-3.022733787572707,1.4698918189149264,0.0,-3.022733787572707,1.4698918189149264,0.125,-1.619788758288394,0.06694678963061329
external_candidate,70,safe_ocx_residual_control,40,144,8,0.0,41,0.0,-3.022733787572707,1.4698918189149264,0.0,-3.022733787572707,1.4698918189149264,0.0,-2.903089986991944,1.3502480183341634
external_candidate,70,safe_shuffled_obelix_control,40,144,8,0.0,41,0.0,-3.987162775294828,2.4343208066370474,0.0,-3.022733787572707,1.4698918189149264,0.0,-2.903089986991944,1.3502480183341634
external_candidate,70,safe_multisource_residual,40,144,8,0.0,41,0.0,-3.022733787572707,1.4698918189149264,0.0,-3.022733787572707,1.4698918189149264,0.0,-2.903089986991944,1.3502480183341634
external_candidate,70,safe_multisource_novelty_band,40,144,8,0.0,41,0.0,-4.129011186239425,2.5761692175816444,0.0,-3.022733787572707,1.4698918189149264,0.0,-2.962573502059376,1.4097315334015954
external_candidate,71,uniform_random,40,144,8,20.0,8,0.125,-1.769551078621726,0.2167091099639451,0.25,-1.769551078621726,0.2167091099639451,0.375,-1.769551078621726,0.2167091099639451
external_candidate,71,composition_novelty,40,144,8,0.0,41,0.0,-2.690369832574101,1.13752786391632,0.0,-2.690369832574101,1.13752786391632,0.0,-2.690369832574101,1.13752786391632
external_candidate,71,safe_target_novelty,40,144,8,0.0,41,0.0,-2.690369832574101,1.13752786391632,0.0,-2.690369832574101,1.13752786391632,0.0,-2.690369832574101,1.13752786391632
external_candidate,71,obelix_same_property_static,40,144,8,33.0,1,0.25,-1.5528419686577808,0.0,0.25,-1.5528419686577808,0.0,0.5,-1.5528419686577808,0.0
external_candidate,71,estm_transport_neighbor_static,40,144,8,45.0,5,0.375,-1.7212463990471711,0.16840443038939035,0.375,-1.7212463990471711,0.16840443038939035,0.75,-1.619788758288394,0.06694678963061329
external_candidate,71,borg_mechanical_static_control,40,144,8,0.0,41,0.0,-2.6989700043360187,1.146128035678238,0.0,-2.2494916051486538,0.696649636490873,0.0,-2.2494916051486538,0.696649636490873
external_candidate,71,ocx_catalysis_static_control,40,144,8,0.0,41,0.0,-2.958607314841775,1.4057653461839943,0.0,-2.958607314841775,1.4057653461839943,0.0,-2.2494916051486538,0.696649636490873
external_candidate,71,shuffled_obelix_static_control,40,144,8,12.0,9,0.125,-2.000869458712629,0.4480274900548482,0.125,-2.000869458712629,0.4480274900548482,0.125,-2.000869458712629,0.4480274900548482
external_candidate,71,safe_obelix_residual,40,144,8,0.0,34,0.0,-3.0296531237699065,1.4768111551121257,0.0,-3.022733787572707,1.4698918189149264,0.125,-1.7212463990471711,0.16840443038939035
external_candidate,71,safe_estm_residual,40,144,8,0.0,41,0.0,-2.690369832574101,1.13752786391632,0.0,-2.690369832574101,1.13752786391632,0.0,-2.690369832574101,1.13752786391632
external_candidate,71,safe_borg_residual_control,40,144,8,0.0,41,0.0,-2.690369832574101,1.13752786391632,0.0,-2.690369832574101,1.13752786391632,0.0,-2.690369832574101,1.13752786391632
external_candidate,71,safe_ocx_residual_control,40,144,8,0.0,41,0.0,-2.690369832574101,1.13752786391632,0.0,-2.690369832574101,1.13752786391632,0.0,-2.690369832574101,1.13752786391632
external_candidate,71,safe_shuffled_obelix_control,40,144,8,0.0,41,0.0,-2.690369832574101,1.13752786391632,0.0,-2.690369832574101,1.13752786391632,0.0,-2.690369832574101,1.13752786391632
external_candidate,71,safe_multisource_residual,40,144,8,0.0,41,0.0,-3.9665762445130506,2.41373427585527,0.0,-3.8538719643217614,2.3010299956639804,0.0,-2.690369832574101,1.13752786391632
external_candidate,71,safe_multisource_novelty_band,40,144,8,0.0,33,0.0,-3.022733787572707,1.4698918189149264,0.0,-3.022733787572707,1.4698918189149264,0.125,-1.5528419686577808,0.0
external_candidate,72,uniform_random,40,144,8,0.0,24,0.0,-2.7619538968712045,1.2091119282134237,0.0,-2.7619538968712045,1.2091119282134237,0.125,-2.000869458712629,0.4480274900548482
external_candidate,72,composition_novelty,40,144,8,0.0,41,0.0,-2.690369832574101,1.13752786391632,0.0,-2.690369832574101,1.13752786391632,0.0,-2.690369832574101,1.13752786391632
external_candidate,72,safe_target_novelty,40,144,8,0.0,40,0.0,-2.690369832574101,1.13752786391632,0.0,-2.690369832574101,1.13752786391632,0.125,-1.5528419686577808,0.0
external_candidate,72,obelix_same_property_static,40,144,8,33.0,1,0.25,-1.5528419686577808,0.0,0.25,-1.5528419686577808,0.0,0.5,-1.5528419686577808,0.0
external_candidate,72,estm_transport_neighbor_static,40,144,8,45.0,5,0.375,-1.7212463990471711,0.16840443038939035,0.375,-1.7212463990471711,0.16840443038939035,0.75,-1.619788758288394,0.06694678963061329
external_candidate,72,borg_mechanical_static_control,40,144,8,0.0,41,0.0,-2.6989700043360187,1.146128035678238,0.0,-2.2494916051486538,0.696649636490873,0.0,-2.2494916051486538,0.696649636490873
external_candidate,72,ocx_catalysis_static_control,40,144,8,0.0,41,0.0,-2.958607314841775,1.4057653461839943,0.0,-2.958607314841775,1.4057653461839943,0.0,-2.2494916051486538,0.696649636490873
external_candidate,72,shuffled_obelix_static_control,40,144,8,17.0,4,0.125,-1.7212463990471711,0.16840443038939035,0.125,-1.7212463990471711,0.16840443038939035,0.25,-1.7212463990471711,0.16840443038939035
external_candidate,72,safe_obelix_residual,40,144,8,0.0,34,0.0,-2.690369832574101,1.13752786391632,0.0,-2.690369832574101,1.13752786391632,0.125,-1.5528419686577808,0.0
external_candidate,72,safe_estm_residual,40,144,8,0.0,40,0.0,-2.690369832574101,1.13752786391632,0.0,-2.690369832574101,1.13752786391632,0.125,-1.5528419686577808,0.0
external_candidate,72,safe_borg_residual_control,40,144,8,0.0,41,0.0,-2.690369832574101,1.13752786391632,0.0,-2.690369832574101,1.13752786391632,0.0,-2.690369832574101,1.13752786391632
external_candidate,72,safe_ocx_residual_control,40,144,8,0.0,40,0.0,-2.690369832574101,1.13752786391632,0.0,-2.690369832574101,1.13752786391632,0.125,-1.5528419686577808,0.0
external_candidate,72,safe_shuffled_obelix_control,40,144,8,0.0,40,0.0,-2.690369832574101,1.13752786391632,0.0,-2.690369832574101,1.13752786391632,0.125,-1.5528419686577808,0.0
external_candidate,72,safe_multisource_residual,40,144,8,0.0,41,0.0,-2.690369832574101,1.13752786391632,0.0,-2.690369832574101,1.13752786391632,0.0,-2.690369832574101,1.13752786391632
external_candidate,72,safe_multisource_novelty_band,40,144,8,0.0,41,0.0,-2.690369832574101,1.13752786391632,0.0,-2.690369832574101,1.13752786391632,0.0,-2.690369832574101,1.13752786391632
external_candidate,73,uniform_random,40,144,8,23.0,9,0.125,-1.769551078621726,0.2167091099639451,0.375,-1.619788758288394,0.06694678963061329,0.5,-1.619788758288394,0.06694678963061329
external_candidate,73,composition_novelty,40,144,8,0.0,41,0.0,-2.690369832574101,1.13752786391632,0.0,-2.690369832574101,1.13752786391632,0.0,-2.690369832574101,1.13752786391632
external_candidate,73,safe_target_novelty,40,144,8,0.0,41,0.0,-2.690369832574101,1.13752786391632,0.0,-2.690369832574101,1.13752786391632,0.0,-2.2596373105057563,0.7067953418479755
external_candidate,73,obelix_same_property_static,40,144,8,33.0,1,0.25,-1.5528419686577808,0.0,0.25,-1.5528419686577808,0.0,0.5,-1.5528419686577808,0.0
external_candidate,73,estm_transport_neighbor_static,40,144,8,45.0,5,0.375,-1.7212463990471711,0.16840443038939035,0.375,-1.7212463990471711,0.16840443038939035,0.75,-1.619788758288394,0.06694678963061329
external_candidate,73,borg_mechanical_static_control,40,144,8,0.0,41,0.0,-2.6989700043360187,1.146128035678238,0.0,-2.2494916051486538,0.696649636490873,0.0,-2.2494916051486538,0.696649636490873
external_candidate,73,ocx_catalysis_static_control,40,144,8,0.0,41,0.0,-2.958607314841775,1.4057653461839943,0.0,-2.958607314841775,1.4057653461839943,0.0,-2.2494916051486538,0.696649636490873
external_candidate,73,shuffled_obelix_static_control,40,144,8,4.0,17,0.0,-2.903089986991944,1.3502480183341634,0.125,-2.1870866433571443,0.6342446746993635,0.125,-2.1870866433571443,0.6342446746993635
external_candidate,73,safe_obelix_residual,40,144,8,0.0,39,0.0,-3.0963674839157624,1.5435255152579817,0.0,-3.022733787572707,1.4698918189149264,0.125,-1.5528419686577808,0.0
external_candidate,73,safe_estm_residual,40,144,8,0.0,41,0.0,-2.690369832574101,1.13752786391632,0.0,-2.690369832574101,1.13752786391632,0.0,-2.690369832574101,1.13752786391632
external_candidate,73,safe_borg_residual_control,40,144,8,0.0,41,0.0,-3.0296531237699065,1.4768111551121257,0.0,-3.022733787572707,1.4698918189149264,0.0,-3.022733787572707,1.4698918189149264
external_candidate,73,safe_ocx_residual_control,40,144,8,0.0,41,0.0,-2.690369832574101,1.13752786391632,0.0,-2.690369832574101,1.13752786391632,0.0,-2.2596373105057563,0.7067953418479755
external_candidate,73,safe_shuffled_obelix_control,40,144,8,0.0,41,0.0,-2.690369832574101,1.13752786391632,0.0,-2.690369832574101,1.13752786391632,0.0,-2.690369832574101,1.13752786391632
external_candidate,73,safe_multisource_residual,40,144,8,0.0,40,0.0,-3.0296531237699065,1.4768111551121257,0.0,-3.022733787572707,1.4698918189149264,0.125,-1.5528419686577808,0.0
external_candidate,73,safe_multisource_novelty_band,40,144,8,0.0,39,0.0,-3.207608310501746,1.6547663418439653,0.0,-3.022733787572707,1.4698918189149264,0.125,-1.5528419686577808,0.0
external_candidate,74,uniform_random,40,144,8,17.0,8,0.125,-1.5528419686577808,0.0,0.25,-1.5528419686577808,0.0,0.375,-1.5528419686577808,0.0
external_candidate,74,composition_novelty,40,144,8,0.0,41,0.0,-2.690369832574101,1.13752786391632,0.0,-2.690369832574101,1.13752786391632,0.0,-2.690369832574101,1.13752786391632
external_candidate,74,safe_target_novelty,40,144,8,0.0,41,0.0,-2.690369832574101,1.13752786391632,0.0,-2.690369832574101,1.13752786391632,0.0,-2.2596373105057563,0.7067953418479755
external_candidate,74,obelix_same_property_static,40,144,8,33.0,1,0.25,-1.5528419686577808,0.0,0.25,-1.5528419686577808,0.0,0.5,-1.5528419686577808,0.0
external_candidate,74,estm_transport_neighbor_static,40,144,8,45.0,5,0.375,-1.7212463990471711,0.16840443038939035,0.375,-1.7212463990471711,0.16840443038939035,0.75,-1.619788758288394,0.06694678963061329
external_candidate,74,borg_mechanical_static_control,40,144,8,0.0,41,0.0,-2.6989700043360187,1.146128035678238,0.0,-2.2494916051486538,0.696649636490873,0.0,-2.2494916051486538,0.696649636490873
external_candidate,74,ocx_catalysis_static_control,40,144,8,0.0,41,0.0,-2.958607314841775,1.4057653461839943,0.0,-2.958607314841775,1.4057653461839943,0.0,-2.2494916051486538,0.696649636490873
external_candidate,74,shuffled_obelix_static_control,40,144,8,17.0,4,0.125,-2.000869458712629,0.4480274900548482,0.125,-2.000869458712629,0.4480274900548482,0.25,-1.769551078621726,0.2167091099639451
external_candidate,74,safe_obelix_residual,40,144,8,0.0,32,0.0,-5.055517327849832,3.502675359192051,0.0,-2.690369832574101,1.13752786391632,0.125,-1.7212463990471711,0.16840443038939035
external_candidate,74,safe_estm_residual,40,144,8,0.0,24,0.0,-2.690369832574101,1.13752786391632,0.0,-2.690369832574101,1.13752786391632,0.125,-1.7212463990471711,0.16840443038939035
external_candidate,74,safe_borg_residual_control,40,144,8,0.0,29,0.0,-2.690369832574101,1.13752786391632,0.0,-2.690369832574101,1.13752786391632,0.125,-1.7212463990471711,0.16840443038939035
external_candidate,74,safe_ocx_residual_control,40,144,8,0.0,26,0.0,-2.690369832574101,1.13752786391632,0.0,-2.690369832574101,1.13752786391632,0.25,-1.5528419686577808,0.0
external_candidate,74,safe_shuffled_obelix_control,40,144,8,0.0,25,0.0,-2.690369832574101,1.13752786391632,0.0,-2.690369832574101,1.13752786391632,0.125,-1.7212463990471711,0.16840443038939035
external_candidate,74,safe_multisource_residual,40,144,8,0.0,21,0.0,-2.690369832574101,1.13752786391632,0.0,-2.690369832574101,1.13752786391632,0.125,-1.7212463990471711,0.16840443038939035
external_candidate,74,safe_multisource_novelty_band,40,144,8,0.0,41,0.0,-2.2992962828549808,0.7464543141972,0.0,-2.2992962828549808,0.7464543141972,0.0,-2.2596373105057563,0.7067953418479755
external_candidate,75,uniform_random,40,144,8,21.0,9,0.125,-2.1870866433571443,0.6342446746993635,0.375,-1.769551078621726,0.2167091099639451,0.5,-1.5528419686577808,0.0
external_candidate,75,composition_novelty,40,144,8,0.0,41,0.0,-2.690369832574101,1.13752786391632,0.0,-2.690369832574101,1.13752786391632,0.0,-2.690369832574101,1.13752786391632
external_candidate,75,safe_target_novelty,40,144,8,0.0,38,0.0,-3.022733787572707,1.4698918189149264,0.0,-2.962573502059376,1.4097315334015954,0.125,-1.5528419686577808,0.0
external_candidate,75,obelix_same_property_static,40,144,8,33.0,1,0.25,-1.5528419686577808,0.0,0.25,-1.5528419686577808,0.0,0.5,-1.5528419686577808,0.0
external_candidate,75,estm_transport_neighbor_static,40,144,8,45.0,5,0.375,-1.7212463990471711,0.16840443038939035,0.375,-1.7212463990471711,0.16840443038939035,0.75,-1.619788758288394,0.06694678963061329
external_candidate,75,borg_mechanical_static_control,40,144,8,0.0,41,0.0,-2.6989700043360187,1.146128035678238,0.0,-2.2494916051486538,0.696649636490873,0.0,-2.2494916051486538,0.696649636490873
external_candidate,75,ocx_catalysis_static_control,40,144,8,0.0,41,0.0,-2.958607314841775,1.4057653461839943,0.0,-2.958607314841775,1.4057653461839943,0.0,-2.2494916051486538,0.696649636490873
external_candidate,75,shuffled_obelix_static_control,40,144,8,0.0,22,0.0,-2.7619538968712045,1.2091119282134237,0.0,-2.2494916051486538,0.696649636490873,0.5,-1.7212463990471711,0.16840443038939035
external_candidate,75,safe_obelix_residual,40,144,8,0.0,40,0.0,-3.022733787572707,1.4698918189149264,0.0,-2.962573502059376,1.4097315334015954,0.125,-1.5528419686577808,0.0
external_candidate,75,safe_estm_residual,40,144,8,0.0,41,0.0,-3.022733787572707,1.4698918189149264,0.0,-3.022733787572707,1.4698918189149264,0.0,-2.2596373105057563,0.7067953418479755
external_candidate,75,safe_borg_residual_control,40,144,8,0.0,41,0.0,-3.022733787572707,1.4698918189149264,0.0,-2.962573502059376,1.4097315334015954,0.0,-2.903089986991944,1.3502480183341634
external_candidate,75,safe_ocx_residual_control,40,144,8,0.0,41,0.0,-3.022733787572707,1.4698918189149264,0.0,-2.962573502059376,1.4097315334015954,0.0,-2.903089986991944,1.3502480183341634
external_candidate,75,safe_shuffled_obelix_control,40,144,8,0.0,38,0.0,-3.022733787572707,1.4698918189149264,0.0,-2.962573502059376,1.4097315334015954,0.125,-1.5528419686577808,0.0
external_candidate,75,safe_multisource_residual,40,144,8,0.0,39,0.0,-2.903089986991944,1.3502480183341634,0.0,-2.903089986991944,1.3502480183341634,0.125,-1.5528419686577808,0.0
external_candidate,75,safe_multisource_novelty_band,40,144,8,0.0,39,0.0,-2.962573502059376,1.4097315334015954,0.0,-2.962573502059376,1.4097315334015954,0.125,-1.5528419686577808,0.0
external_candidate,76,uniform_random,40,144,8,0.0,32,0.0,-3.022733787572707,1.4698918189149264,0.0,-2.2992962828549808,0.7464543141972,0.125,-1.5528419686577808,0.0
external_candidate,76,composition_novelty,40,144,8,0.0,41,0.0,-2.690369832574101,1.13752786391632,0.0,-2.690369832574101,1.13752786391632,0.0,-2.690369832574101,1.13752786391632
external_candidate,76,safe_target_novelty,40,144,8,0.0,25,0.0,-2.690369832574101,1.13752786391632,0.0,-2.690369832574101,1.13752786391632,0.125,-2.2006594505464183,0.6478174818886375
external_candidate,76,obelix_same_property_static,40,144,8,33.0,1,0.25,-1.5528419686577808,0.0,0.25,-1.5528419686577808,0.0,0.5,-1.5528419686577808,0.0
external_candidate,76,estm_transport_neighbor_static,40,144,8,45.0,5,0.375,-1.7212463990471711,0.16840443038939035,0.375,-1.7212463990471711,0.16840443038939035,0.75,-1.619788758288394,0.06694678963061329
external_candidate,76,borg_mechanical_static_control,40,144,8,0.0,41,0.0,-2.6989700043360187,1.146128035678238,0.0,-2.2494916051486538,0.696649636490873,0.0,-2.2494916051486538,0.696649636490873
external_candidate,76,ocx_catalysis_static_control,40,144,8,0.0,41,0.0,-2.958607314841775,1.4057653461839943,0.0,-2.958607314841775,1.4057653461839943,0.0,-2.2494916051486538,0.696649636490873
external_candidate,76,shuffled_obelix_static_control,40,144,8,0.0,41,0.0,-2.4989407377822483,0.9460987691244676,0.0,-2.4989407377822483,0.9460987691244676,0.0,-2.2992962828549808,0.7464543141972
external_candidate,76,safe_obelix_residual,40,144,8,0.0,41,0.0,-2.690369832574101,1.13752786391632,0.0,-2.690369832574101,1.13752786391632,0.0,-2.382999658879101,0.8301576902213201
external_candidate,76,safe_estm_residual,40,144,8,0.0,41,0.0,-2.690369832574101,1.13752786391632,0.0,-2.690369832574101,1.13752786391632,0.0,-2.382999658879101,0.8301576902213201
external_candidate,76,safe_borg_residual_control,40,144,8,0.0,25,0.0,-2.690369832574101,1.13752786391632,0.0,-2.690369832574101,1.13752786391632,0.125,-2.2006594505464183,0.6478174818886375
external_candidate,76,safe_ocx_residual_control,40,144,8,0.0,25,0.0,-2.690369832574101,1.13752786391632,0.0,-2.690369832574101,1.13752786391632,0.125,-2.2006594505464183,0.6478174818886375
external_candidate,76,safe_shuffled_obelix_control,40,144,8,0.0,24,0.0,-3.0296531237699065,1.4768111551121257,0.0,-3.022733787572707,1.4698918189149264,0.125,-2.2006594505464183,0.6478174818886375
external_candidate,76,safe_multisource_residual,40,144,8,0.0,23,0.0,-3.0296531237699065,1.4768111551121257,0.0,-3.022733787572707,1.4698918189149264,0.125,-2.2006594505464183,0.6478174818886375
external_candidate,76,safe_multisource_novelty_band,40,144,8,0.0,41,0.0,-3.1023729087095586,1.5495309400517778,0.0,-2.382999658879101,0.8301576902213201,0.0,-2.382999658879101,0.8301576902213201
external_candidate,77,uniform_random,40,144,8,0.0,26,0.0,-2.903089986991944,1.3502480183341634,0.0,-2.2992962828549808,0.7464543141972,0.125,-1.7212463990471711,0.16840443038939035
external_candidate,77,composition_novelty,40,144,8,0.0,41,0.0,-2.690369832574101,1.13752786391632,0.0,-2.690369832574101,1.13752786391632,0.0,-2.690369832574101,1.13752786391632
external_candidate,77,safe_target_novelty,40,144,8,0.0,41,0.0,-2.690369832574101,1.13752786391632,0.0,-2.690369832574101,1.13752786391632,0.0,-2.690369832574101,1.13752786391632
external_candidate,77,obelix_same_property_static,40,144,8,33.0,1,0.25,-1.5528419686577808,0.0,0.25,-1.5528419686577808,0.0,0.5,-1.5528419686577808,0.0
external_candidate,77,estm_transport_neighbor_static,40,144,8,45.0,5,0.375,-1.7212463990471711,0.16840443038939035,0.375,-1.7212463990471711,0.16840443038939035,0.75,-1.619788758288394,0.06694678963061329
external_candidate,77,borg_mechanical_static_control,40,144,8,0.0,41,0.0,-2.6989700043360187,1.146128035678238,0.0,-2.2494916051486538,0.696649636490873,0.0,-2.2494916051486538,0.696649636490873
external_candidate,77,ocx_catalysis_static_control,40,144,8,0.0,41,0.0,-2.958607314841775,1.4057653461839943,0.0,-2.958607314841775,1.4057653461839943,0.0,-2.2494916051486538,0.696649636490873
external_candidate,77,shuffled_obelix_static_control,40,144,8,0.0,38,0.0,-3.0190880622231564,1.4662460935653756,0.0,-3.0190880622231564,1.4662460935653756,0.125,-1.619788758288394,0.06694678963061329
external_candidate,77,safe_obelix_residual,40,144,8,0.0,41,0.0,-3.022733787572707,1.4698918189149264,0.0,-3.022733787572707,1.4698918189149264,0.0,-2.2596373105057563,0.7067953418479755
external_candidate,77,safe_estm_residual,40,144,8,0.0,41,0.0,-3.022733787572707,1.4698918189149264,0.0,-3.022733787572707,1.4698918189149264,0.0,-2.2596373105057563,0.7067953418479755
external_candidate,77,safe_borg_residual_control,40,144,8,0.0,41,0.0,-3.022733787572707,1.4698918189149264,0.0,-3.022733787572707,1.4698918189149264,0.0,-2.903089986991944,1.3502480183341634
external_candidate,77,safe_ocx_residual_control,40,144,8,0.0,41,0.0,-3.022733787572707,1.4698918189149264,0.0,-3.022733787572707,1.4698918189149264,0.0,-2.2596373105057563,0.7067953418479755
external_candidate,77,safe_shuffled_obelix_control,40,144,8,0.0,41,0.0,-3.022733787572707,1.4698918189149264,0.0,-3.022733787572707,1.4698918189149264,0.0,-2.2596373105057563,0.7067953418479755
external_candidate,77,safe_multisource_residual,40,144,8,0.0,41,0.0,-3.022733787572707,1.4698918189149264,0.0,-3.022733787572707,1.4698918189149264,0.0,-2.962573502059376,1.4097315334015954
external_candidate,77,safe_multisource_novelty_band,40,144,8,0.0,41,0.0,-3.022733787572707,1.4698918189149264,0.0,-2.962573502059376,1.4097315334015954,0.0,-2.962573502059376,1.4097315334015954
external_candidate,78,uniform_random,40,144,8,12.0,9,0.125,-2.2006594505464183,0.6478174818886375,0.125,-2.2006594505464183,0.6478174818886375,0.375,-1.7212463990471711,0.16840443038939035
external_candidate,78,composition_novelty,40,144,8,0.0,41,0.0,-2.690369832574101,1.13752786391632,0.0,-2.690369832574101,1.13752786391632,0.0,-2.690369832574101,1.13752786391632
external_candidate,78,safe_target_novelty,40,144,8,0.0,41,0.0,-2.903089986991944,1.3502480183341634,0.0,-2.903089986991944,1.3502480183341634,0.0,-2.903089986991944,1.3502480183341634
external_candidate,78,obelix_same_property_static,40,144,8,33.0,1,0.25,-1.5528419686577808,0.0,0.25,-1.5528419686577808,0.0,0.5,-1.5528419686577808,0.0
external_candidate,78,estm_transport_neighbor_static,40,144,8,45.0,5,0.375,-1.7212463990471711,0.16840443038939035,0.375,-1.7212463990471711,0.16840443038939035,0.75,-1.619788758288394,0.06694678963061329
external_candidate,78,borg_mechanical_static_control,40,144,8,0.0,41,0.0,-2.6989700043360187,1.146128035678238,0.0,-2.2494916051486538,0.696649636490873,0.0,-2.2494916051486538,0.696649636490873
external_candidate,78,ocx_catalysis_static_control,40,144,8,0.0,41,0.0,-2.958607314841775,1.4057653461839943,0.0,-2.958607314841775,1.4057653461839943,0.0,-2.2494916051486538,0.696649636490873
external_candidate,78,shuffled_obelix_static_control,40,144,8,7.0,14,0.0,-2.8323353685664605,1.2794933999086797,0.125,-1.619788758288394,0.06694678963061329,0.125,-1.619788758288394,0.06694678963061329
external_candidate,78,safe_obelix_residual,40,144,8,0.0,41,0.0,-2.903089986991944,1.3502480183341634,0.0,-2.903089986991944,1.3502480183341634,0.0,-2.903089986991944,1.3502480183341634
external_candidate,78,safe_estm_residual,40,144,8,0.0,41,0.0,-2.903089986991944,1.3502480183341634,0.0,-2.903089986991944,1.3502480183341634,0.0,-2.2992962828549808,0.7464543141972
external_candidate,78,safe_borg_residual_control,40,144,8,0.0,41,0.0,-2.903089986991944,1.3502480183341634,0.0,-2.903089986991944,1.3502480183341634,0.0,-2.903089986991944,1.3502480183341634
external_candidate,78,safe_ocx_residual_control,40,144,8,0.0,41,0.0,-2.903089986991944,1.3502480183341634,0.0,-2.903089986991944,1.3502480183341634,0.0,-2.903089986991944,1.3502480183341634
external_candidate,78,safe_shuffled_obelix_control,40,144,8,0.0,41,0.0,-2.690369832574101,1.13752786391632,0.0,-2.690369832574101,1.13752786391632,0.0,-2.2992962828549808,0.7464543141972
external_candidate,78,safe_multisource_residual,40,144,8,0.0,41,0.0,-2.903089986991944,1.3502480183341634,0.0,-2.903089986991944,1.3502480183341634,0.0,-2.903089986991944,1.3502480183341634
external_candidate,78,safe_multisource_novelty_band,40,144,8,0.0,41,0.0,-3.022733787572707,1.4698918189149264,0.0,-3.022733787572707,1.4698918189149264,0.0,-2.2992962828549808,0.7464543141972
external_candidate,79,uniform_random,40,144,8,8.0,13,0.0,-2.2596373105057563,0.7067953418479755,0.125,-2.1870866433571443,0.6342446746993635,0.125,-2.1870866433571443,0.6342446746993635
external_candidate,79,composition_novelty,40,144,8,0.0,41,0.0,-2.690369832574101,1.13752786391632,0.0,-2.690369832574101,1.13752786391632,0.0,-2.690369832574101,1.13752786391632
external_candidate,79,safe_target_novelty,40,144,8,0.0,23,0.0,-2.690369832574101,1.13752786391632,0.0,-2.690369832574101,1.13752786391632,0.25,-1.5528419686577808,0.0
external_candidate,79,obelix_same_property_static,40,144,8,33.0,1,0.25,-1.5528419686577808,0.0,0.25,-1.5528419686577808,0.0,0.5,-1.5528419686577808,0.0
external_candidate,79,estm_transport_neighbor_static,40,144,8,45.0,5,0.375,-1.7212463990471711,0.16840443038939035,0.375,-1.7212463990471711,0.16840443038939035,0.75,-1.619788758288394,0.06694678963061329
external_candidate,79,borg_mechanical_static_control,40,144,8,0.0,41,0.0,-2.6989700043360187,1.146128035678238,0.0,-2.2494916051486538,0.696649636490873,0.0,-2.2494916051486538,0.696649636490873
external_candidate,79,ocx_catalysis_static_control,40,144,8,0.0,41,0.0,-2.958607314841775,1.4057653461839943,0.0,-2.958607314841775,1.4057653461839943,0.0,-2.2494916051486538,0.696649636490873
external_candidate,79,shuffled_obelix_static_control,40,144,8,23.0,7,0.125,-1.5528419686577808,0.0,0.25,-1.5528419686577808,0.0,0.5,-1.5528419686577808,0.0
external_candidate,79,safe_obelix_residual,40,144,8,0.0,23,0.0,-2.690369832574101,1.13752786391632,0.0,-2.690369832574101,1.13752786391632,0.25,-1.5528419686577808,0.0
external_candidate,79,safe_estm_residual,40,144,8,0.0,22,0.0,-2.690369832574101,1.13752786391632,0.0,-2.690369832574101,1.13752786391632,0.25,-1.5528419686577808,0.0
external_candidate,79,safe_borg_residual_control,40,144,8,0.0,23,0.0,-2.690369832574101,1.13752786391632,0.0,-2.690369832574101,1.13752786391632,0.25,-1.5528419686577808,0.0
external_candidate,79,safe_ocx_residual_control,40,144,8,0.0,23,0.0,-2.690369832574101,1.13752786391632,0.0,-2.690369832574101,1.13752786391632,0.25,-1.5528419686577808,0.0
external_candidate,79,safe_shuffled_obelix_control,40,144,8,0.0,23,0.0,-2.690369832574101,1.13752786391632,0.0,-2.690369832574101,1.13752786391632,0.25,-1.5528419686577808,0.0
external_candidate,79,safe_multisource_residual,40,144,8,0.0,22,0.0,-2.690369832574101,1.13752786391632,0.0,-2.690369832574101,1.13752786391632,0.25,-1.5528419686577808,0.0
external_candidate,79,safe_multisource_novelty_band,40,144,8,0.0,30,0.0,-3.8538719643217614,2.3010299956639804,0.0,-3.022733787572707,1.4698918189149264,0.125,-1.7212463990471711,0.16840443038939035
external_candidate,80,uniform_random,40,144,8,0.0,29,0.0,-3.1023729087095586,1.5495309400517778,0.0,-2.8323353685664605,1.2794933999086797,0.25,-1.7212463990471711,0.16840443038939035
external_candidate,80,composition_novelty,40,144,8,0.0,41,0.0,-2.690369832574101,1.13752786391632,0.0,-2.690369832574101,1.13752786391632,0.0,-2.690369832574101,1.13752786391632
external_candidate,80,safe_target_novelty,40,144,8,0.0,41,0.0,-3.8538719643217614,2.3010299956639804,0.0,-2.690369832574101,1.13752786391632,0.0,-2.690369832574101,1.13752786391632
external_candidate,80,obelix_same_property_static,40,144,8,33.0,1,0.25,-1.5528419686577808,0.0,0.25,-1.5528419686577808,0.0,0.5,-1.5528419686577808,0.0
external_candidate,80,estm_transport_neighbor_static,40,144,8,45.0,5,0.375,-1.7212463990471711,0.16840443038939035,0.375,-1.7212463990471711,0.16840443038939035,0.75,-1.619788758288394,0.06694678963061329
external_candidate,80,borg_mechanical_static_control,40,144,8,0.0,41,0.0,-2.6989700043360187,1.146128035678238,0.0,-2.2494916051486538,0.696649636490873,0.0,-2.2494916051486538,0.696649636490873
external_candidate,80,ocx_catalysis_static_control,40,144,8,0.0,41,0.0,-2.958607314841775,1.4057653461839943,0.0,-2.958607314841775,1.4057653461839943,0.0,-2.2494916051486538,0.696649636490873
external_candidate,80,shuffled_obelix_static_control,40,144,8,5.0,16,0.0,-2.2992962828549808,0.7464543141972,0.125,-2.000869458712629,0.4480274900548482,0.125,-2.000869458712629,0.4480274900548482
external_candidate,80,safe_obelix_residual,40,144,8,0.0,41,0.0,-3.987162775294828,2.4343208066370474,0.0,-3.0296531237699065,1.4768111551121257,0.0,-2.903089986991944,1.3502480183341634
external_candidate,80,safe_estm_residual,40,144,8,0.0,40,0.0,-3.8538719643217614,2.3010299956639804,0.0,-2.690369832574101,1.13752786391632,0.125,-1.5528419686577808,0.0
external_candidate,80,safe_borg_residual_control,40,144,8,0.0,41,0.0,-2.690369832574101,1.13752786391632,0.0,-2.690369832574101,1.13752786391632,0.0,-2.690369832574101,1.13752786391632
external_candidate,80,safe_ocx_residual_control,40,144,8,0.0,41,0.0,-3.8538719643217614,2.3010299956639804,0.0,-3.8538719643217614,2.3010299956639804,0.0,-2.690369832574101,1.13752786391632
external_candidate,80,safe_shuffled_obelix_control,40,144,8,0.0,41,0.0,-3.8538719643217614,2.3010299956639804,0.0,-2.690369832574101,1.13752786391632,0.0,-2.690369832574101,1.13752786391632
external_candidate,80,safe_multisource_residual,40,144,8,0.0,41,0.0,-3.987162775294828,2.4343208066370474,0.0,-3.8538719643217614,2.3010299956639804,0.0,-2.903089986991944,1.3502480183341634
external_candidate,80,safe_multisource_novelty_band,40,144,8,0.0,35,0.0,-3.987162775294828,2.4343208066370474,0.0,-3.8538719643217614,2.3010299956639804,0.125,-1.5528419686577808,0.0
external_candidate,81,uniform_random,40,144,8,0.0,22,0.0,-2.2596373105057563,0.7067953418479755,0.0,-2.2596373105057563,0.7067953418479755,0.125,-1.769551078621726,0.2167091099639451
external_candidate,81,composition_novelty,40,144,8,0.0,41,0.0,-2.690369832574101,1.13752786391632,0.0,-2.690369832574101,1.13752786391632,0.0,-2.690369832574101,1.13752786391632
external_candidate,81,safe_target_novelty,40,144,8,0.0,35,0.0,-2.690369832574101,1.13752786391632,0.0,-2.690369832574101,1.13752786391632,0.125,-1.5528419686577808,0.0
external_candidate,81,obelix_same_property_static,40,144,8,33.0,1,0.25,-1.5528419686577808,0.0,0.25,-1.5528419686577808,0.0,0.5,-1.5528419686577808,0.0
external_candidate,81,estm_transport_neighbor_static,40,144,8,45.0,5,0.375,-1.7212463990471711,0.16840443038939035,0.375,-1.7212463990471711,0.16840443038939035,0.75,-1.619788758288394,0.06694678963061329
external_candidate,81,borg_mechanical_static_control,40,144,8,0.0,41,0.0,-2.6989700043360187,1.146128035678238,0.0,-2.2494916051486538,0.696649636490873,0.0,-2.2494916051486538,0.696649636490873
external_candidate,81,ocx_catalysis_static_control,40,144,8,0.0,41,0.0,-2.958607314841775,1.4057653461839943,0.0,-2.958607314841775,1.4057653461839943,0.0,-2.2494916051486538,0.696649636490873
external_candidate,81,shuffled_obelix_static_control,40,144,8,9.0,12,0.0,-2.2494916051486538,0.696649636490873,0.125,-1.5528419686577808,0.0,0.375,-1.5528419686577808,0.0
external_candidate,81,safe_obelix_residual,40,144,8,0.0,41,0.0,-2.690369832574101,1.13752786391632,0.0,-2.690369832574101,1.13752786391632,0.0,-2.690369832574101,1.13752786391632
external_candidate,81,safe_estm_residual,40,144,8,0.0,35,0.0,-2.690369832574101,1.13752786391632,0.0,-2.690369832574101,1.13752786391632,0.125,-1.5528419686577808,0.0
external_candidate,81,safe_borg_residual_control,40,144,8,0.0,35,0.0,-2.690369832574101,1.13752786391632,0.0,-2.690369832574101,1.13752786391632,0.125,-1.5528419686577808,0.0
external_candidate,81,safe_ocx_residual_control,40,144,8,0.0,35,0.0,-2.690369832574101,1.13752786391632,0.0,-2.690369832574101,1.13752786391632,0.125,-1.5528419686577808,0.0
external_candidate,81,safe_shuffled_obelix_control,40,144,8,0.0,37,0.0,-2.690369832574101,1.13752786391632,0.0,-2.690369832574101,1.13752786391632,0.125,-1.5528419686577808,0.0
external_candidate,81,safe_multisource_residual,40,144,8,0.0,31,0.0,-2.690369832574101,1.13752786391632,0.0,-2.690369832574101,1.13752786391632,0.125,-1.5528419686577808,0.0
external_candidate,81,safe_multisource_novelty_band,40,144,8,0.0,36,0.0,-2.690369832574101,1.13752786391632,0.0,-2.690369832574101,1.13752786391632,0.125,-1.5528419686577808,0.0
external_candidate,82,uniform_random,40,144,8,1.0,20,0.0,-3.022733787572707,1.4698918189149264,0.125,-2.000869458712629,0.4480274900548482,0.25,-1.9065783148377649,0.35373634617998406
external_candidate,82,composition_novelty,40,144,8,0.0,41,0.0,-2.690369832574101,1.13752786391632,0.0,-2.690369832574101,1.13752786391632,0.0,-2.690369832574101,1.13752786391632
external_candidate,82,safe_target_novelty,40,144,8,0.0,41,0.0,-3.0296531237699065,1.4768111551121257,0.0,-3.0296531237699065,1.4768111551121257,0.0,-2.690369832574101,1.13752786391632
external_candidate,82,obelix_same_property_static,40,144,8,33.0,1,0.25,-1.5528419686577808,0.0,0.25,-1.5528419686577808,0.0,0.5,-1.5528419686577808,0.0
external_candidate,82,estm_transport_neighbor_static,40,144,8,45.0,5,0.375,-1.7212463990471711,0.16840443038939035,0.375,-1.7212463990471711,0.16840443038939035,0.75,-1.619788758288394,0.06694678963061329
external_candidate,82,borg_mechanical_static_control,40,144,8,0.0,41,0.0,-2.6989700043360187,1.146128035678238,0.0,-2.2494916051486538,0.696649636490873,0.0,-2.2494916051486538,0.696649636490873
external_candidate,82,ocx_catalysis_static_control,40,144,8,0.0,41,0.0,-2.958607314841775,1.4057653461839943,0.0,-2.958607314841775,1.4057653461839943,0.0,-2.2494916051486538,0.696649636490873
external_candidate,82,shuffled_obelix_static_control,40,144,8,15.0,6,0.125,-2.1870866433571443,0.6342446746993635,0.125,-2.1870866433571443,0.6342446746993635,0.25,-1.7212463990471711,0.16840443038939035
external_candidate,82,safe_obelix_residual,40,144,8,0.0,41,0.0,-3.0296531237699065,1.4768111551121257,0.0,-3.0296531237699065,1.4768111551121257,0.0,-2.690369832574101,1.13752786391632
external_candidate,82,safe_estm_residual,40,144,8,0.0,41,0.0,-3.0296531237699065,1.4768111551121257,0.0,-3.0296531237699065,1.4768111551121257,0.0,-2.690369832574101,1.13752786391632
external_candidate,82,safe_borg_residual_control,40,144,8,0.0,41,0.0,-3.0296531237699065,1.4768111551121257,0.0,-3.0296531237699065,1.4768111551121257,0.0,-2.690369832574101,1.13752786391632
external_candidate,82,safe_ocx_residual_control,40,144,8,0.0,41,0.0,-3.0296531237699065,1.4768111551121257,0.0,-3.0296531237699065,1.4768111551121257,0.0,-2.690369832574101,1.13752786391632
external_candidate,82,safe_shuffled_obelix_control,40,144,8,0.0,41,0.0,-3.0296531237699065,1.4768111551121257,0.0,-3.022733787572707,1.4698918189149264,0.0,-3.022733787572707,1.4698918189149264
external_candidate,82,safe_multisource_residual,40,144,8,0.0,41,0.0,-3.0296531237699065,1.4768111551121257,0.0,-3.022733787572707,1.4698918189149264,0.0,-3.022733787572707,1.4698918189149264
external_candidate,82,safe_multisource_novelty_band,40,144,8,0.0,41,0.0,-4.129011186239425,2.5761692175816444,0.0,-3.022733787572707,1.4698918189149264,0.0,-3.022733787572707,1.4698918189149264
external_candidate,83,uniform_random,40,144,8,32.0,2,0.25,-1.769551078621726,0.2167091099639451,0.25,-1.769551078621726,0.2167091099639451,0.625,-1.5528419686577808,0.0
external_candidate,83,composition_novelty,40,144,8,0.0,41,0.0,-2.690369832574101,1.13752786391632,0.0,-2.690369832574101,1.13752786391632,0.0,-2.690369832574101,1.13752786391632
external_candidate,83,safe_target_novelty,40,144,8,0.0,41,0.0,-2.690369832574101,1.13752786391632,0.0,-2.690369832574101,1.13752786391632,0.0,-2.690369832574101,1.13752786391632
external_candidate,83,obelix_same_property_static,40,144,8,33.0,1,0.25,-1.5528419686577808,0.0,0.25,-1.5528419686577808,0.0,0.5,-1.5528419686577808,0.0
external_candidate,83,estm_transport_neighbor_static,40,144,8,45.0,5,0.375,-1.7212463990471711,0.16840443038939035,0.375,-1.7212463990471711,0.16840443038939035,0.75,-1.619788758288394,0.06694678963061329
external_candidate,83,borg_mechanical_static_control,40,144,8,0.0,41,0.0,-2.6989700043360187,1.146128035678238,0.0,-2.2494916051486538,0.696649636490873,0.0,-2.2494916051486538,0.696649636490873
external_candidate,83,ocx_catalysis_static_control,40,144,8,0.0,41,0.0,-2.958607314841775,1.4057653461839943,0.0,-2.958607314841775,1.4057653461839943,0.0,-2.2494916051486538,0.696649636490873
external_candidate,83,shuffled_obelix_static_control,40,144,8,8.0,13,0.0,-3.2358238676096693,1.6829818989518885,0.125,-1.5528419686577808,0.0,0.25,-1.5528419686577808,0.0
external_candidate,83,safe_obelix_residual,40,144,8,0.0,41,0.0,-2.690369832574101,1.13752786391632,0.0,-2.690369832574101,1.13752786391632,0.0,-2.690369832574101,1.13752786391632
external_candidate,83,safe_estm_residual,40,144,8,0.0,41,0.0,-2.690369832574101,1.13752786391632,0.0,-2.690369832574101,1.13752786391632,0.0,-2.690369832574101,1.13752786391632
external_candidate,83,safe_borg_residual_control,40,144,8,0.0,41,0.0,-2.690369832574101,1.13752786391632,0.0,-2.690369832574101,1.13752786391632,0.0,-2.690369832574101,1.13752786391632
external_candidate,83,safe_ocx_residual_control,40,144,8,0.0,41,0.0,-2.690369832574101,1.13752786391632,0.0,-2.690369832574101,1.13752786391632,0.0,-2.690369832574101,1.13752786391632
external_candidate,83,safe_shuffled_obelix_control,40,144,8,0.0,41,0.0,-3.05453141486818,1.5016894462103993,0.0,-3.022733787572707,1.4698918189149264,0.0,-2.962573502059376,1.4097315334015954
external_candidate,83,safe_multisource_residual,40,144,8,0.0,41,0.0,-3.05453141486818,1.5016894462103993,0.0,-3.022733787572707,1.4698918189149264,0.0,-2.962573502059376,1.4097315334015954
external_candidate,83,safe_multisource_novelty_band,40,144,8,0.0,41,0.0,-2.690369832574101,1.13752786391632,0.0,-2.690369832574101,1.13752786391632,0.0,-2.690369832574101,1.13752786391632
external_candidate,84,uniform_random,40,144,8,31.0,4,0.25,-1.9065783148377649,0.35373634617998406,0.25,-1.9065783148377649,0.35373634617998406,0.25,-1.9065783148377649,0.35373634617998406
external_candidate,84,composition_novelty,40,144,8,0.0,41,0.0,-2.690369832574101,1.13752786391632,0.0,-2.690369832574101,1.13752786391632,0.0,-2.690369832574101,1.13752786391632
external_candidate,84,safe_target_novelty,40,144,8,0.0,41,0.0,-2.690369832574101,1.13752786391632,0.0,-2.690369832574101,1.13752786391632,0.0,-2.690369832574101,1.13752786391632
external_candidate,84,obelix_same_property_static,40,144,8,33.0,1,0.25,-1.5528419686577808,0.0,0.25,-1.5528419686577808,0.0,0.5,-1.5528419686577808,0.0
external_candidate,84,estm_transport_neighbor_static,40,144,8,45.0,5,0.375,-1.7212463990471711,0.16840443038939035,0.375,-1.7212463990471711,0.16840443038939035,0.75,-1.619788758288394,0.06694678963061329
external_candidate,84,borg_mechanical_static_control,40,144,8,0.0,41,0.0,-2.6989700043360187,1.146128035678238,0.0,-2.2494916051486538,0.696649636490873,0.0,-2.2494916051486538,0.696649636490873
external_candidate,84,ocx_catalysis_static_control,40,144,8,0.0,41,0.0,-2.958607314841775,1.4057653461839943,0.0,-2.958607314841775,1.4057653461839943,0.0,-2.2494916051486538,0.696649636490873
external_candidate,84,shuffled_obelix_static_control,40,144,8,32.0,3,0.25,-1.5528419686577808,0.0,0.25,-1.5528419686577808,0.0,0.625,-1.5528419686577808,0.0
external_candidate,84,safe_obelix_residual,40,144,8,0.0,40,0.0,-2.690369832574101,1.13752786391632,0.0,-2.690369832574101,1.13752786391632,0.125,-1.7212463990471711,0.16840443038939035
external_candidate,84,safe_estm_residual,40,144,8,0.0,41,0.0,-2.690369832574101,1.13752786391632,0.0,-2.690369832574101,1.13752786391632,0.0,-2.690369832574101,1.13752786391632
external_candidate,84,safe_borg_residual_control,40,144,8,0.0,41,0.0,-2.690369832574101,1.13752786391632,0.0,-2.690369832574101,1.13752786391632,0.0,-2.690369832574101,1.13752786391632
external_candidate,84,safe_ocx_residual_control,40,144,8,0.0,41,0.0,-2.690369832574101,1.13752786391632,0.0,-2.690369832574101,1.13752786391632,0.0,-2.690369832574101,1.13752786391632
external_candidate,84,safe_shuffled_obelix_control,40,144,8,0.0,36,0.0,-2.690369832574101,1.13752786391632,0.0,-2.690369832574101,1.13752786391632,0.125,-1.7212463990471711,0.16840443038939035
external_candidate,84,safe_multisource_residual,40,144,8,0.0,41,0.0,-2.690369832574101,1.13752786391632,0.0,-2.690369832574101,1.13752786391632,0.0,-2.690369832574101,1.13752786391632
external_candidate,84,safe_multisource_novelty_band,40,144,8,0.0,35,0.0,-2.690369832574101,1.13752786391632,0.0,-2.690369832574101,1.13752786391632,0.125,-1.619788758288394,0.06694678963061329
external_candidate,85,uniform_random,40,144,8,9.0,12,0.0,-3.154901959985743,1.6020599913279623,0.125,-1.7212463990471711,0.16840443038939035,0.25,-1.7212463990471711,0.16840443038939035
external_candidate,85,composition_novelty,40,144,8,0.0,41,0.0,-2.690369832574101,1.13752786391632,0.0,-2.690369832574101,1.13752786391632,0.0,-2.690369832574101,1.13752786391632
external_candidate,85,safe_target_novelty,40,144,8,0.0,41,0.0,-4.070581074285707,2.5177391056279266,0.0,-2.690369832574101,1.13752786391632,0.0,-2.690369832574101,1.13752786391632
external_candidate,85,obelix_same_property_static,40,144,8,33.0,1,0.25,-1.5528419686577808,0.0,0.25,-1.5528419686577808,0.0,0.5,-1.5528419686577808,0.0
external_candidate,85,estm_transport_neighbor_static,40,144,8,45.0,5,0.375,-1.7212463990471711,0.16840443038939035,0.375,-1.7212463990471711,0.16840443038939035,0.75,-1.619788758288394,0.06694678963061329
external_candidate,85,borg_mechanical_static_control,40,144,8,0.0,41,0.0,-2.6989700043360187,1.146128035678238,0.0,-2.2494916051486538,0.696649636490873,0.0,-2.2494916051486538,0.696649636490873
external_candidate,85,ocx_catalysis_static_control,40,144,8,0.0,41,0.0,-2.958607314841775,1.4057653461839943,0.0,-2.958607314841775,1.4057653461839943,0.0,-2.2494916051486538,0.696649636490873
external_candidate,85,shuffled_obelix_static_control,40,144,8,0.0,25,0.0,-3.0,1.4471580313422192,0.0,-2.2494916051486538,0.696649636490873,0.25,-1.7212463990471711,0.16840443038939035
external_candidate,85,safe_obelix_residual,40,144,8,0.0,41,0.0,-3.0296531237699065,1.4768111551121257,0.0,-3.022733787572707,1.4698918189149264,0.0,-3.022733787572707,1.4698918189149264
external_candidate,85,safe_estm_residual,40,144,8,0.0,41,0.0,-3.05453141486818,1.5016894462103993,0.0,-3.022733787572707,1.4698918189149264,0.0,-2.903089986991944,1.3502480183341634
external_candidate,85,safe_borg_residual_control,40,144,8,0.0,41,0.0,-4.070581074285707,2.5177391056279266,0.0,-2.690369832574101,1.13752786391632,0.0,-2.690369832574101,1.13752786391632
external_candidate,85,safe_ocx_residual_control,40,144,8,0.0,41,0.0,-2.690369832574101,1.13752786391632,0.0,-2.690369832574101,1.13752786391632,0.0,-2.690369832574101,1.13752786391632
external_candidate,85,safe_shuffled_obelix_control,40,144,8,0.0,41,0.0,-4.070581074285707,2.5177391056279266,0.0,-2.690369832574101,1.13752786391632,0.0,-2.690369832574101,1.13752786391632
external_candidate,85,safe_multisource_residual,40,144,8,0.0,34,0.0,-3.0296531237699065,1.4768111551121257,0.0,-2.690369832574101,1.13752786391632,0.125,-1.5528419686577808,0.0
external_candidate,85,safe_multisource_novelty_band,40,144,8,0.0,41,0.0,-3.022733787572707,1.4698918189149264,0.0,-3.022733787572707,1.4698918189149264,0.0,-3.022733787572707,1.4698918189149264
external_candidate,86,uniform_random,40,144,8,11.0,10,0.125,-1.7212463990471711,0.16840443038939035,0.125,-1.7212463990471711,0.16840443038939035,0.25,-1.619788758288394,0.06694678963061329
external_candidate,86,composition_novelty,40,144,8,0.0,41,0.0,-2.690369832574101,1.13752786391632,0.0,-2.690369832574101,1.13752786391632,0.0,-2.690369832574101,1.13752786391632
external_candidate,86,safe_target_novelty,40,144,8,0.0,41,0.0,-2.690369832574101,1.13752786391632,0.0,-2.690369832574101,1.13752786391632,0.0,-2.690369832574101,1.13752786391632
external_candidate,86,obelix_same_property_static,40,144,8,33.0,1,0.25,-1.5528419686577808,0.0,0.25,-1.5528419686577808,0.0,0.5,-1.5528419686577808,0.0
external_candidate,86,estm_transport_neighbor_static,40,144,8,45.0,5,0.375,-1.7212463990471711,0.16840443038939035,0.375,-1.7212463990471711,0.16840443038939035,0.75,-1.619788758288394,0.06694678963061329
external_candidate,86,borg_mechanical_static_control,40,144,8,0.0,41,0.0,-2.6989700043360187,1.146128035678238,0.0,-2.2494916051486538,0.696649636490873,0.0,-2.2494916051486538,0.696649636490873
external_candidate,86,ocx_catalysis_static_control,40,144,8,0.0,41,0.0,-2.958607314841775,1.4057653461839943,0.0,-2.958607314841775,1.4057653461839943,0.0,-2.2494916051486538,0.696649636490873
external_candidate,86,shuffled_obelix_static_control,40,144,8,13.0,8,0.125,-1.5528419686577808,0.0,0.125,-1.5528419686577808,0.0,0.125,-1.5528419686577808,0.0
external_candidate,86,safe_obelix_residual,40,144,8,0.0,41,0.0,-2.690369832574101,1.13752786391632,0.0,-2.690369832574101,1.13752786391632,0.0,-2.690369832574101,1.13752786391632
external_candidate,86,safe_estm_residual,40,144,8,0.0,41,0.0,-2.690369832574101,1.13752786391632,0.0,-2.690369832574101,1.13752786391632,0.0,-2.690369832574101,1.13752786391632
external_candidate,86,safe_borg_residual_control,40,144,8,0.0,41,0.0,-2.690369832574101,1.13752786391632,0.0,-2.690369832574101,1.13752786391632,0.0,-2.690369832574101,1.13752786391632
external_candidate,86,safe_ocx_residual_control,40,144,8,0.0,41,0.0,-2.690369832574101,1.13752786391632,0.0,-2.690369832574101,1.13752786391632,0.0,-2.690369832574101,1.13752786391632
external_candidate,86,safe_shuffled_obelix_control,40,144,8,0.0,41,0.0,-2.690369832574101,1.13752786391632,0.0,-2.690369832574101,1.13752786391632,0.0,-2.690369832574101,1.13752786391632
external_candidate,86,safe_multisource_residual,40,144,8,0.0,41,0.0,-2.690369832574101,1.13752786391632,0.0,-2.690369832574101,1.13752786391632,0.0,-2.690369832574101,1.13752786391632
external_candidate,86,safe_multisource_novelty_band,40,144,8,0.0,41,0.0,-5.055517327849832,3.502675359192051,0.0,-2.690369832574101,1.13752786391632,0.0,-2.690369832574101,1.13752786391632
external_candidate,87,uniform_random,40,144,8,3.0,18,0.0,-2.2596373105057563,0.7067953418479755,0.125,-1.769551078621726,0.2167091099639451,0.25,-1.769551078621726,0.2167091099639451
external_candidate,87,composition_novelty,40,144,8,0.0,41,0.0,-2.690369832574101,1.13752786391632,0.0,-2.690369832574101,1.13752786391632,0.0,-2.690369832574101,1.13752786391632
external_candidate,87,safe_target_novelty,40,144,8,1.0,20,0.0,-2.690369832574101,1.13752786391632,0.125,-1.7212463990471711,0.16840443038939035,0.125,-1.7212463990471711,0.16840443038939035
external_candidate,87,obelix_same_property_static,40,144,8,33.0,1,0.25,-1.5528419686577808,0.0,0.25,-1.5528419686577808,0.0,0.5,-1.5528419686577808,0.0
external_candidate,87,estm_transport_neighbor_static,40,144,8,45.0,5,0.375,-1.7212463990471711,0.16840443038939035,0.375,-1.7212463990471711,0.16840443038939035,0.75,-1.619788758288394,0.06694678963061329
external_candidate,87,borg_mechanical_static_control,40,144,8,0.0,41,0.0,-2.6989700043360187,1.146128035678238,0.0,-2.2494916051486538,0.696649636490873,0.0,-2.2494916051486538,0.696649636490873
external_candidate,87,ocx_catalysis_static_control,40,144,8,0.0,41,0.0,-2.958607314841775,1.4057653461839943,0.0,-2.958607314841775,1.4057653461839943,0.0,-2.2494916051486538,0.696649636490873
external_candidate,87,shuffled_obelix_static_control,40,144,8,33.0,3,0.25,-2.000869458712629,0.4480274900548482,0.375,-1.769551078621726,0.2167091099639451,0.375,-1.769551078621726,0.2167091099639451
external_candidate,87,safe_obelix_residual,40,144,8,1.0,20,0.0,-2.690369832574101,1.13752786391632,0.125,-1.7212463990471711,0.16840443038939035,0.125,-1.7212463990471711,0.16840443038939035
external_candidate,87,safe_estm_residual,40,144,8,2.0,19,0.0,-2.690369832574101,1.13752786391632,0.125,-1.7212463990471711,0.16840443038939035,0.125,-1.7212463990471711,0.16840443038939035
external_candidate,87,safe_borg_residual_control,40,144,8,2.0,19,0.0,-2.690369832574101,1.13752786391632,0.125,-1.7212463990471711,0.16840443038939035,0.125,-1.7212463990471711,0.16840443038939035
external_candidate,87,safe_ocx_residual_control,40,144,8,1.0,20,0.0,-2.690369832574101,1.13752786391632,0.125,-1.7212463990471711,0.16840443038939035,0.125,-1.7212463990471711,0.16840443038939035
external_candidate,87,safe_shuffled_obelix_control,40,144,8,1.0,20,0.0,-2.690369832574101,1.13752786391632,0.125,-1.7212463990471711,0.16840443038939035,0.125,-1.7212463990471711,0.16840443038939035
external_candidate,87,safe_multisource_residual,40,144,8,1.0,20,0.0,-2.690369832574101,1.13752786391632,0.125,-1.7212463990471711,0.16840443038939035,0.125,-1.7212463990471711,0.16840443038939035
external_candidate,87,safe_multisource_novelty_band,40,144,8,6.0,15,0.0,-2.690369832574101,1.13752786391632,0.125,-1.7212463990471711,0.16840443038939035,0.125,-1.7212463990471711,0.16840443038939035
external_candidate,88,uniform_random,40,144,8,0.0,41,0.0,-2.958607314841775,1.4057653461839943,0.0,-2.6989700043360187,1.146128035678238,0.0,-2.2494916051486538,0.696649636490873
external_candidate,88,composition_novelty,40,144,8,0.0,41,0.0,-2.690369832574101,1.13752786391632,0.0,-2.690369832574101,1.13752786391632,0.0,-2.690369832574101,1.13752786391632
external_candidate,88,safe_target_novelty,40,144,8,0.0,41,0.0,-2.903089986991944,1.3502480183341634,0.0,-2.903089986991944,1.3502480183341634,0.0,-2.903089986991944,1.3502480183341634
external_candidate,88,obelix_same_property_static,40,144,8,33.0,1,0.25,-1.5528419686577808,0.0,0.25,-1.5528419686577808,0.0,0.5,-1.5528419686577808,0.0
external_candidate,88,estm_transport_neighbor_static,40,144,8,45.0,5,0.375,-1.7212463990471711,0.16840443038939035,0.375,-1.7212463990471711,0.16840443038939035,0.75,-1.619788758288394,0.06694678963061329
external_candidate,88,borg_mechanical_static_control,40,144,8,0.0,41,0.0,-2.6989700043360187,1.146128035678238,0.0,-2.2494916051486538,0.696649636490873,0.0,-2.2494916051486538,0.696649636490873
external_candidate,88,ocx_catalysis_static_control,40,144,8,0.0,41,0.0,-2.958607314841775,1.4057653461839943,0.0,-2.958607314841775,1.4057653461839943,0.0,-2.2494916051486538,0.696649636490873
external_candidate,88,shuffled_obelix_static_control,40,144,8,11.0,10,0.125,-2.2006594505464183,0.6478174818886375,0.125,-2.2006594505464183,0.6478174818886375,0.5,-1.5528419686577808,0.0
external_candidate,88,safe_obelix_residual,40,144,8,0.0,26,0.0,-2.903089986991944,1.3502480183341634,0.0,-2.903089986991944,1.3502480183341634,0.125,-1.7212463990471711,0.16840443038939035
external_candidate,88,safe_estm_residual,40,144,8,0.0,41,0.0,-2.903089986991944,1.3502480183341634,0.0,-2.903089986991944,1.3502480183341634,0.0,-2.903089986991944,1.3502480183341634
external_candidate,88,safe_borg_residual_control,40,144,8,0.0,25,0.0,-2.903089986991944,1.3502480183341634,0.0,-2.903089986991944,1.3502480183341634,0.125,-2.2006594505464183,0.6478174818886375
external_candidate,88,safe_ocx_residual_control,40,144,8,0.0,33,0.0,-2.690369832574101,1.13752786391632,0.0,-2.690369832574101,1.13752786391632,0.125,-2.000869458712629,0.4480274900548482
external_candidate,88,safe_shuffled_obelix_control,40,144,8,0.0,24,0.0,-2.903089986991944,1.3502480183341634,0.0,-2.903089986991944,1.3502480183341634,0.125,-2.2006594505464183,0.6478174818886375
external_candidate,88,safe_multisource_residual,40,144,8,0.0,29,0.0,-2.690369832574101,1.13752786391632,0.0,-2.690369832574101,1.13752786391632,0.125,-2.2006594505464183,0.6478174818886375
external_candidate,88,safe_multisource_novelty_band,40,144,8,0.0,41,0.0,-2.690369832574101,1.13752786391632,0.0,-2.690369832574101,1.13752786391632,0.0,-2.2992962828549808,0.7464543141972
external_candidate,89,uniform_random,40,144,8,22.0,5,0.125,-1.9065783148377649,0.35373634617998406,0.25,-1.5528419686577808,0.0,0.375,-1.5528419686577808,0.0
external_candidate,89,composition_novelty,40,144,8,0.0,41,0.0,-2.690369832574101,1.13752786391632,0.0,-2.690369832574101,1.13752786391632,0.0,-2.690369832574101,1.13752786391632
external_candidate,89,safe_target_novelty,40,144,8,0.0,41,0.0,-2.690369832574101,1.13752786391632,0.0,-2.690369832574101,1.13752786391632,0.0,-2.2992962828549808,0.7464543141972
external_candidate,89,obelix_same_property_static,40,144,8,33.0,1,0.25,-1.5528419686577808,0.0,0.25,-1.5528419686577808,0.0,0.5,-1.5528419686577808,0.0
external_candidate,89,estm_transport_neighbor_static,40,144,8,45.0,5,0.375,-1.7212463990471711,0.16840443038939035,0.375,-1.7212463990471711,0.16840443038939035,0.75,-1.619788758288394,0.06694678963061329
external_candidate,89,borg_mechanical_static_control,40,144,8,0.0,41,0.0,-2.6989700043360187,1.146128035678238,0.0,-2.2494916051486538,0.696649636490873,0.0,-2.2494916051486538,0.696649636490873
external_candidate,89,ocx_catalysis_static_control,40,144,8,0.0,41,0.0,-2.958607314841775,1.4057653461839943,0.0,-2.958607314841775,1.4057653461839943,0.0,-2.2494916051486538,0.696649636490873
external_candidate,89,shuffled_obelix_static_control,40,144,8,6.0,15,0.0,-2.7619538968712045,1.2091119282134237,0.125,-1.5528419686577808,0.0,0.5,-1.5528419686577808,0.0
external_candidate,89,safe_obelix_residual,40,144,8,0.0,41,0.0,-2.690369832574101,1.13752786391632,0.0,-2.690369832574101,1.13752786391632,0.0,-2.690369832574101,1.13752786391632
external_candidate,89,safe_estm_residual,40,144,8,0.0,41,0.0,-2.690369832574101,1.13752786391632,0.0,-2.690369832574101,1.13752786391632,0.0,-2.690369832574101,1.13752786391632
external_candidate,89,safe_borg_residual_control,40,144,8,0.0,41,0.0,-2.690369832574101,1.13752786391632,0.0,-2.690369832574101,1.13752786391632,0.0,-2.2992962828549808,0.7464543141972
external_candidate,89,safe_ocx_residual_control,40,144,8,0.0,41,0.0,-2.690369832574101,1.13752786391632,0.0,-2.690369832574101,1.13752786391632,0.0,-2.690369832574101,1.13752786391632
external_candidate,89,safe_shuffled_obelix_control,40,144,8,0.0,41,0.0,-2.690369832574101,1.13752786391632,0.0,-2.690369832574101,1.13752786391632,0.0,-2.690369832574101,1.13752786391632
external_candidate,89,safe_multisource_residual,40,144,8,0.0,41,0.0,-2.690369832574101,1.13752786391632,0.0,-2.690369832574101,1.13752786391632,0.0,-2.690369832574101,1.13752786391632
external_candidate,89,safe_multisource_novelty_band,40,144,8,0.0,21,0.0,-3.022733787572707,1.4698918189149264,0.0,-3.0,1.4471580313422192,0.125,-2.2006594505464183,0.6478174818886375
external_candidate,90,uniform_random,40,144,8,1.0,20,0.0,-2.2494916051486538,0.696649636490873,0.125,-1.5528419686577808,0.0,0.25,-1.5528419686577808,0.0
external_candidate,90,composition_novelty,40,144,8,0.0,41,0.0,-2.690369832574101,1.13752786391632,0.0,-2.690369832574101,1.13752786391632,0.0,-2.690369832574101,1.13752786391632
external_candidate,90,safe_target_novelty,40,144,8,0.0,41,0.0,-2.690369832574101,1.13752786391632,0.0,-2.690369832574101,1.13752786391632,0.0,-2.690369832574101,1.13752786391632
external_candidate,90,obelix_same_property_static,40,144,8,33.0,1,0.25,-1.5528419686577808,0.0,0.25,-1.5528419686577808,0.0,0.5,-1.5528419686577808,0.0
external_candidate,90,estm_transport_neighbor_static,40,144,8,45.0,5,0.375,-1.7212463990471711,0.16840443038939035,0.375,-1.7212463990471711,0.16840443038939035,0.75,-1.619788758288394,0.06694678963061329
external_candidate,90,borg_mechanical_static_control,40,144,8,0.0,41,0.0,-2.6989700043360187,1.146128035678238,0.0,-2.2494916051486538,0.696649636490873,0.0,-2.2494916051486538,0.696649636490873
external_candidate,90,ocx_catalysis_static_control,40,144,8,0.0,41,0.0,-2.958607314841775,1.4057653461839943,0.0,-2.958607314841775,1.4057653461839943,0.0,-2.2494916051486538,0.696649636490873
external_candidate,90,shuffled_obelix_static_control,40,144,8,13.0,12,0.0,-3.0,1.4471580313422192,0.25,-1.5528419686577808,0.0,0.25,-1.5528419686577808,0.0
external_candidate,90,safe_obelix_residual,40,144,8,0.0,41,0.0,-2.690369832574101,1.13752786391632,0.0,-2.690369832574101,1.13752786391632,0.0,-2.690369832574101,1.13752786391632
external_candidate,90,safe_estm_residual,40,144,8,0.0,41,0.0,-3.05453141486818,1.5016894462103993,0.0,-3.022733787572707,1.4698918189149264,0.0,-2.903089986991944,1.3502480183341634
external_candidate,90,safe_borg_residual_control,40,144,8,0.0,41,0.0,-2.690369832574101,1.13752786391632,0.0,-2.690369832574101,1.13752786391632,0.0,-2.690369832574101,1.13752786391632
external_candidate,90,safe_ocx_residual_control,40,144,8,0.0,41,0.0,-2.690369832574101,1.13752786391632,0.0,-2.690369832574101,1.13752786391632,0.0,-2.690369832574101,1.13752786391632
external_candidate,90,safe_shuffled_obelix_control,40,144,8,0.0,41,0.0,-3.05453141486818,1.5016894462103993,0.0,-3.022733787572707,1.4698918189149264,0.0,-2.903089986991944,1.3502480183341634
external_candidate,90,safe_multisource_residual,40,144,8,0.0,41,0.0,-2.690369832574101,1.13752786391632,0.0,-2.690369832574101,1.13752786391632,0.0,-2.690369832574101,1.13752786391632
external_candidate,90,safe_multisource_novelty_band,40,144,8,0.0,38,0.0,-2.903089986991944,1.3502480183341634,0.0,-2.903089986991944,1.3502480183341634,0.125,-1.5528419686577808,0.0
external_candidate,91,uniform_random,40,144,8,0.0,36,0.0,-2.903089986991944,1.3502480183341634,0.0,-2.3279021420642825,0.7750601734065017,0.125,-2.2006594505464183,0.6478174818886375
external_candidate,91,composition_novelty,40,144,8,0.0,41,0.0,-2.690369832574101,1.13752786391632,0.0,-2.690369832574101,1.13752786391632,0.0,-2.690369832574101,1.13752786391632
external_candidate,91,safe_target_novelty,40,144,8,0.0,41,0.0,-2.690369832574101,1.13752786391632,0.0,-2.690369832574101,1.13752786391632,0.0,-2.690369832574101,1.13752786391632
external_candidate,91,obelix_same_property_static,40,144,8,33.0,1,0.25,-1.5528419686577808,0.0,0.25,-1.5528419686577808,0.0,0.5,-1.5528419686577808,0.0
external_candidate,91,estm_transport_neighbor_static,40,144,8,45.0,5,0.375,-1.7212463990471711,0.16840443038939035,0.375,-1.7212463990471711,0.16840443038939035,0.75,-1.619788758288394,0.06694678963061329
external_candidate,91,borg_mechanical_static_control,40,144,8,0.0,41,0.0,-2.6989700043360187,1.146128035678238,0.0,-2.2494916051486538,0.696649636490873,0.0,-2.2494916051486538,0.696649636490873
external_candidate,91,ocx_catalysis_static_control,40,144,8,0.0,41,0.0,-2.958607314841775,1.4057653461839943,0.0,-2.958607314841775,1.4057653461839943,0.0,-2.2494916051486538,0.696649636490873
external_candidate,91,shuffled_obelix_static_control,40,144,8,0.0,26,0.0,-3.0296531237699065,1.4768111551121257,0.0,-2.8323353685664605,1.2794933999086797,0.125,-1.9065783148377649,0.35373634617998406
external_candidate,91,safe_obelix_residual,40,144,8,0.0,41,0.0,-2.690369832574101,1.13752786391632,0.0,-2.690369832574101,1.13752786391632,0.0,-2.690369832574101,1.13752786391632
external_candidate,91,safe_estm_residual,40,144,8,0.0,41,0.0,-2.690369832574101,1.13752786391632,0.0,-2.690369832574101,1.13752786391632,0.0,-2.690369832574101,1.13752786391632
external_candidate,91,safe_borg_residual_control,40,144,8,0.0,41,0.0,-2.690369832574101,1.13752786391632,0.0,-2.690369832574101,1.13752786391632,0.0,-2.690369832574101,1.13752786391632
external_candidate,91,safe_ocx_residual_control,40,144,8,0.0,41,0.0,-2.690369832574101,1.13752786391632,0.0,-2.690369832574101,1.13752786391632,0.0,-2.690369832574101,1.13752786391632
external_candidate,91,safe_shuffled_obelix_control,40,144,8,0.0,41,0.0,-2.690369832574101,1.13752786391632,0.0,-2.690369832574101,1.13752786391632,0.0,-2.690369832574101,1.13752786391632
external_candidate,91,safe_multisource_residual,40,144,8,0.0,41,0.0,-2.690369832574101,1.13752786391632,0.0,-2.690369832574101,1.13752786391632,0.0,-2.690369832574101,1.13752786391632
external_candidate,91,safe_multisource_novelty_band,40,144,8,0.0,41,0.0,-2.903089986991944,1.3502480183341634,0.0,-2.690369832574101,1.13752786391632,0.0,-2.690369832574101,1.13752786391632
external_candidate,92,uniform_random,40,144,8,8.0,13,0.0,-2.2494916051486538,0.696649636490873,0.125,-1.5528419686577808,0.0,0.25,-1.5528419686577808,0.0
external_candidate,92,composition_novelty,40,144,8,0.0,41,0.0,-2.690369832574101,1.13752786391632,0.0,-2.690369832574101,1.13752786391632,0.0,-2.690369832574101,1.13752786391632
external_candidate,92,safe_target_novelty,40,144,8,0.0,41,0.0,-2.690369832574101,1.13752786391632,0.0,-2.690369832574101,1.13752786391632,0.0,-2.690369832574101,1.13752786391632
external_candidate,92,obelix_same_property_static,40,144,8,33.0,1,0.25,-1.5528419686577808,0.0,0.25,-1.5528419686577808,0.0,0.5,-1.5528419686577808,0.0
external_candidate,92,estm_transport_neighbor_static,40,144,8,45.0,5,0.375,-1.7212463990471711,0.16840443038939035,0.375,-1.7212463990471711,0.16840443038939035,0.75,-1.619788758288394,0.06694678963061329
external_candidate,92,borg_mechanical_static_control,40,144,8,0.0,41,0.0,-2.6989700043360187,1.146128035678238,0.0,-2.2494916051486538,0.696649636490873,0.0,-2.2494916051486538,0.696649636490873
external_candidate,92,ocx_catalysis_static_control,40,144,8,0.0,41,0.0,-2.958607314841775,1.4057653461839943,0.0,-2.958607314841775,1.4057653461839943,0.0,-2.2494916051486538,0.696649636490873
external_candidate,92,shuffled_obelix_static_control,40,144,8,33.0,4,0.25,-1.619788758288394,0.06694678963061329,0.375,-1.619788758288394,0.06694678963061329,0.625,-1.619788758288394,0.06694678963061329
external_candidate,92,safe_obelix_residual,40,144,8,0.0,41,0.0,-2.690369832574101,1.13752786391632,0.0,-2.690369832574101,1.13752786391632,0.0,-2.690369832574101,1.13752786391632
external_candidate,92,safe_estm_residual,40,144,8,0.0,41,0.0,-3.0296531237699065,1.4768111551121257,0.0,-3.022733787572707,1.4698918189149264,0.0,-2.962573502059376,1.4097315334015954
external_candidate,92,safe_borg_residual_control,40,144,8,0.0,41,0.0,-2.690369832574101,1.13752786391632,0.0,-2.690369832574101,1.13752786391632,0.0,-2.690369832574101,1.13752786391632
external_candidate,92,safe_ocx_residual_control,40,144,8,0.0,41,0.0,-2.690369832574101,1.13752786391632,0.0,-2.690369832574101,1.13752786391632,0.0,-2.690369832574101,1.13752786391632
external_candidate,92,safe_shuffled_obelix_control,40,144,8,0.0,41,0.0,-2.690369832574101,1.13752786391632,0.0,-2.690369832574101,1.13752786391632,0.0,-2.690369832574101,1.13752786391632
external_candidate,92,safe_multisource_residual,40,144,8,0.0,41,0.0,-2.690369832574101,1.13752786391632,0.0,-2.690369832574101,1.13752786391632,0.0,-2.690369832574101,1.13752786391632
external_candidate,92,safe_multisource_novelty_band,40,144,8,0.0,41,0.0,-2.690369832574101,1.13752786391632,0.0,-2.690369832574101,1.13752786391632,0.0,-2.690369832574101,1.13752786391632
external_candidate,93,uniform_random,40,144,8,20.0,3,0.125,-2.1870866433571443,0.6342446746993635,0.25,-1.769551078621726,0.2167091099639451,0.25,-1.769551078621726,0.2167091099639451
external_candidate,93,composition_novelty,40,144,8,0.0,41,0.0,-2.690369832574101,1.13752786391632,0.0,-2.690369832574101,1.13752786391632,0.0,-2.690369832574101,1.13752786391632
external_candidate,93,safe_target_novelty,40,144,8,0.0,41,0.0,-5.055517327849832,3.502675359192051,0.0,-2.690369832574101,1.13752786391632,0.0,-2.690369832574101,1.13752786391632
external_candidate,93,obelix_same_property_static,40,144,8,33.0,1,0.25,-1.5528419686577808,0.0,0.25,-1.5528419686577808,0.0,0.5,-1.5528419686577808,0.0
external_candidate,93,estm_transport_neighbor_static,40,144,8,45.0,5,0.375,-1.7212463990471711,0.16840443038939035,0.375,-1.7212463990471711,0.16840443038939035,0.75,-1.619788758288394,0.06694678963061329
external_candidate,93,borg_mechanical_static_control,40,144,8,0.0,41,0.0,-2.6989700043360187,1.146128035678238,0.0,-2.2494916051486538,0.696649636490873,0.0,-2.2494916051486538,0.696649636490873
external_candidate,93,ocx_catalysis_static_control,40,144,8,0.0,41,0.0,-2.958607314841775,1.4057653461839943,0.0,-2.958607314841775,1.4057653461839943,0.0,-2.2494916051486538,0.696649636490873
external_candidate,93,shuffled_obelix_static_control,40,144,8,7.0,14,0.0,-2.958607314841775,1.4057653461839943,0.125,-2.2006594505464183,0.6478174818886375,0.25,-1.9065783148377649,0.35373634617998406
external_candidate,93,safe_obelix_residual,40,144,8,0.0,41,0.0,-5.055517327849832,3.502675359192051,0.0,-2.690369832574101,1.13752786391632,0.0,-2.690369832574101,1.13752786391632
external_candidate,93,safe_estm_residual,40,144,8,0.0,41,0.0,-3.0296531237699065,1.4768111551121257,0.0,-3.0296531237699065,1.4768111551121257,0.0,-3.022733787572707,1.4698918189149264
external_candidate,93,safe_borg_residual_control,40,144,8,0.0,41,0.0,-2.690369832574101,1.13752786391632,0.0,-2.690369832574101,1.13752786391632,0.0,-2.690369832574101,1.13752786391632
external_candidate,93,safe_ocx_residual_control,40,144,8,0.0,41,0.0,-5.055517327849832,3.502675359192051,0.0,-2.690369832574101,1.13752786391632,0.0,-2.690369832574101,1.13752786391632
external_candidate,93,safe_shuffled_obelix_control,40,144,8,0.0,41,0.0,-5.055517327849832,3.502675359192051,0.0,-2.690369832574101,1.13752786391632,0.0,-2.690369832574101,1.13752786391632
external_candidate,93,safe_multisource_residual,40,144,8,0.0,41,0.0,-2.690369832574101,1.13752786391632,0.0,-2.690369832574101,1.13752786391632,0.0,-2.690369832574101,1.13752786391632
external_candidate,93,safe_multisource_novelty_band,40,144,8,0.0,41,0.0,-2.690369832574101,1.13752786391632,0.0,-2.690369832574101,1.13752786391632,0.0,-2.690369832574101,1.13752786391632
external_candidate,94,uniform_random,40,144,8,11.0,15,0.0,-2.856985199745905,1.3041432310881242,0.25,-1.619788758288394,0.06694678963061329,0.25,-1.619788758288394,0.06694678963061329
external_candidate,94,composition_novelty,40,144,8,0.0,41,0.0,-2.690369832574101,1.13752786391632,0.0,-2.690369832574101,1.13752786391632,0.0,-2.690369832574101,1.13752786391632
external_candidate,94,safe_target_novelty,40,144,8,0.0,41,0.0,-2.690369832574101,1.13752786391632,0.0,-2.690369832574101,1.13752786391632,0.0,-2.690369832574101,1.13752786391632
external_candidate,94,obelix_same_property_static,40,144,8,33.0,1,0.25,-1.5528419686577808,0.0,0.25,-1.5528419686577808,0.0,0.5,-1.5528419686577808,0.0
external_candidate,94,estm_transport_neighbor_static,40,144,8,45.0,5,0.375,-1.7212463990471711,0.16840443038939035,0.375,-1.7212463990471711,0.16840443038939035,0.75,-1.619788758288394,0.06694678963061329
external_candidate,94,borg_mechanical_static_control,40,144,8,0.0,41,0.0,-2.6989700043360187,1.146128035678238,0.0,-2.2494916051486538,0.696649636490873,0.0,-2.2494916051486538,0.696649636490873
external_candidate,94,ocx_catalysis_static_control,40,144,8,0.0,41,0.0,-2.958607314841775,1.4057653461839943,0.0,-2.958607314841775,1.4057653461839943,0.0,-2.2494916051486538,0.696649636490873
external_candidate,94,shuffled_obelix_static_control,40,144,8,0.0,24,0.0,-3.05453141486818,1.5016894462103993,0.0,-2.2494916051486538,0.696649636490873,0.25,-1.5528419686577808,0.0
external_candidate,94,safe_obelix_residual,40,144,8,0.0,41,0.0,-2.690369832574101,1.13752786391632,0.0,-2.690369832574101,1.13752786391632,0.0,-2.690369832574101,1.13752786391632
external_candidate,94,safe_estm_residual,40,144,8,0.0,41,0.0,-2.690369832574101,1.13752786391632,0.0,-2.690369832574101,1.13752786391632,0.0,-2.690369832574101,1.13752786391632
external_candidate,94,safe_borg_residual_control,40,144,8,0.0,41,0.0,-2.690369832574101,1.13752786391632,0.0,-2.690369832574101,1.13752786391632,0.0,-2.690369832574101,1.13752786391632
external_candidate,94,safe_ocx_residual_control,40,144,8,0.0,41,0.0,-2.690369832574101,1.13752786391632,0.0,-2.690369832574101,1.13752786391632,0.0,-2.690369832574101,1.13752786391632
external_candidate,94,safe_shuffled_obelix_control,40,144,8,0.0,41,0.0,-2.690369832574101,1.13752786391632,0.0,-2.690369832574101,1.13752786391632,0.0,-2.690369832574101,1.13752786391632
external_candidate,94,safe_multisource_residual,40,144,8,0.0,39,0.0,-2.690369832574101,1.13752786391632,0.0,-2.690369832574101,1.13752786391632,0.125,-1.5528419686577808,0.0
external_candidate,94,safe_multisource_novelty_band,40,144,8,0.0,41,0.0,-2.690369832574101,1.13752786391632,0.0,-2.690369832574101,1.13752786391632,0.0,-2.690369832574101,1.13752786391632
external_candidate,95,uniform_random,40,144,8,3.0,18,0.0,-2.4989407377822483,0.9460987691244676,0.125,-2.000869458712629,0.4480274900548482,0.375,-1.5528419686577808,0.0
external_candidate,95,composition_novelty,40,144,8,0.0,41,0.0,-2.690369832574101,1.13752786391632,0.0,-2.690369832574101,1.13752786391632,0.0,-2.690369832574101,1.13752786391632
external_candidate,95,safe_target_novelty,40,144,8,0.0,41,0.0,-2.690369832574101,1.13752786391632,0.0,-2.690369832574101,1.13752786391632,0.0,-2.690369832574101,1.13752786391632
external_candidate,95,obelix_same_property_static,40,144,8,33.0,1,0.25,-1.5528419686577808,0.0,0.25,-1.5528419686577808,0.0,0.5,-1.5528419686577808,0.0
external_candidate,95,estm_transport_neighbor_static,40,144,8,45.0,5,0.375,-1.7212463990471711,0.16840443038939035,0.375,-1.7212463990471711,0.16840443038939035,0.75,-1.619788758288394,0.06694678963061329
external_candidate,95,borg_mechanical_static_control,40,144,8,0.0,41,0.0,-2.6989700043360187,1.146128035678238,0.0,-2.2494916051486538,0.696649636490873,0.0,-2.2494916051486538,0.696649636490873
external_candidate,95,ocx_catalysis_static_control,40,144,8,0.0,41,0.0,-2.958607314841775,1.4057653461839943,0.0,-2.958607314841775,1.4057653461839943,0.0,-2.2494916051486538,0.696649636490873
external_candidate,95,shuffled_obelix_static_control,40,144,8,0.0,41,0.0,-2.2494916051486538,0.696649636490873,0.0,-2.2494916051486538,0.696649636490873,0.0,-2.2494916051486538,0.696649636490873
external_candidate,95,safe_obelix_residual,40,144,8,0.0,33,0.0,-2.690369832574101,1.13752786391632,0.0,-2.690369832574101,1.13752786391632,0.125,-2.000869458712629,0.4480274900548482
external_candidate,95,safe_estm_residual,40,144,8,0.0,41,0.0,-2.690369832574101,1.13752786391632,0.0,-2.690369832574101,1.13752786391632,0.0,-2.690369832574101,1.13752786391632
external_candidate,95,safe_borg_residual_control,40,144,8,0.0,41,0.0,-2.690369832574101,1.13752786391632,0.0,-2.690369832574101,1.13752786391632,0.0,-2.382999658879101,0.8301576902213201
external_candidate,95,safe_ocx_residual_control,40,144,8,0.0,39,0.0,-2.690369832574101,1.13752786391632,0.0,-2.690369832574101,1.13752786391632,0.125,-1.7212463990471711,0.16840443038939035
external_candidate,95,safe_shuffled_obelix_control,40,144,8,0.0,36,0.0,-2.690369832574101,1.13752786391632,0.0,-2.690369832574101,1.13752786391632,0.125,-1.7212463990471711,0.16840443038939035
external_candidate,95,safe_multisource_residual,40,144,8,0.0,41,0.0,-3.8538719643217614,2.3010299956639804,0.0,-2.690369832574101,1.13752786391632,0.0,-2.690369832574101,1.13752786391632
external_candidate,95,safe_multisource_novelty_band,40,144,8,0.0,41,0.0,-2.690369832574101,1.13752786391632,0.0,-2.690369832574101,1.13752786391632,0.0,-2.2596373105057563,0.7067953418479755
external_candidate,96,uniform_random,40,144,8,37.0,1,0.25,-1.769551078621726,0.2167091099639451,0.25,-1.769551078621726,0.2167091099639451,0.25,-1.769551078621726,0.2167091099639451
external_candidate,96,composition_novelty,40,144,8,0.0,41,0.0,-2.690369832574101,1.13752786391632,0.0,-2.690369832574101,1.13752786391632,0.0,-2.690369832574101,1.13752786391632
external_candidate,96,safe_target_novelty,40,144,8,0.0,41,0.0,-2.690369832574101,1.13752786391632,0.0,-2.690369832574101,1.13752786391632,0.0,-2.690369832574101,1.13752786391632
external_candidate,96,obelix_same_property_static,40,144,8,33.0,1,0.25,-1.5528419686577808,0.0,0.25,-1.5528419686577808,0.0,0.5,-1.5528419686577808,0.0
external_candidate,96,estm_transport_neighbor_static,40,144,8,45.0,5,0.375,-1.7212463990471711,0.16840443038939035,0.375,-1.7212463990471711,0.16840443038939035,0.75,-1.619788758288394,0.06694678963061329
external_candidate,96,borg_mechanical_static_control,40,144,8,0.0,41,0.0,-2.6989700043360187,1.146128035678238,0.0,-2.2494916051486538,0.696649636490873,0.0,-2.2494916051486538,0.696649636490873
external_candidate,96,ocx_catalysis_static_control,40,144,8,0.0,41,0.0,-2.958607314841775,1.4057653461839943,0.0,-2.958607314841775,1.4057653461839943,0.0,-2.2494916051486538,0.696649636490873
external_candidate,96,shuffled_obelix_static_control,40,144,8,20.0,1,0.125,-1.5528419686577808,0.0,0.125,-1.5528419686577808,0.0,0.25,-1.5528419686577808,0.0
external_candidate,96,safe_obelix_residual,40,144,8,0.0,41,0.0,-2.690369832574101,1.13752786391632,0.0,-2.690369832574101,1.13752786391632,0.0,-2.690369832574101,1.13752786391632
external_candidate,96,safe_estm_residual,40,144,8,0.0,41,0.0,-2.690369832574101,1.13752786391632,0.0,-2.690369832574101,1.13752786391632,0.0,-2.690369832574101,1.13752786391632
external_candidate,96,safe_borg_residual_control,40,144,8,0.0,41,0.0,-2.690369832574101,1.13752786391632,0.0,-2.690369832574101,1.13752786391632,0.0,-2.690369832574101,1.13752786391632
external_candidate,96,safe_ocx_residual_control,40,144,8,0.0,41,0.0,-2.690369832574101,1.13752786391632,0.0,-2.690369832574101,1.13752786391632,0.0,-2.690369832574101,1.13752786391632
external_candidate,96,safe_shuffled_obelix_control,40,144,8,0.0,41,0.0,-2.690369832574101,1.13752786391632,0.0,-2.690369832574101,1.13752786391632,0.0,-2.690369832574101,1.13752786391632
external_candidate,96,safe_multisource_residual,40,144,8,0.0,41,0.0,-2.690369832574101,1.13752786391632,0.0,-2.690369832574101,1.13752786391632,0.0,-2.690369832574101,1.13752786391632
external_candidate,96,safe_multisource_novelty_band,40,144,8,0.0,41,0.0,-2.690369832574101,1.13752786391632,0.0,-2.690369832574101,1.13752786391632,0.0,-2.690369832574101,1.13752786391632
external_candidate,97,uniform_random,40,144,8,9.0,12,0.0,-2.2494916051486538,0.696649636490873,0.125,-2.1870866433571443,0.6342446746993635,0.375,-1.5528419686577808,0.0
external_candidate,97,composition_novelty,40,144,8,0.0,41,0.0,-2.690369832574101,1.13752786391632,0.0,-2.690369832574101,1.13752786391632,0.0,-2.690369832574101,1.13752786391632
external_candidate,97,safe_target_novelty,40,144,8,0.0,40,0.0,-2.690369832574101,1.13752786391632,0.0,-2.690369832574101,1.13752786391632,0.125,-1.5528419686577808,0.0
external_candidate,97,obelix_same_property_static,40,144,8,33.0,1,0.25,-1.5528419686577808,0.0,0.25,-1.5528419686577808,0.0,0.5,-1.5528419686577808,0.0
external_candidate,97,estm_transport_neighbor_static,40,144,8,45.0,5,0.375,-1.7212463990471711,0.16840443038939035,0.375,-1.7212463990471711,0.16840443038939035,0.75,-1.619788758288394,0.06694678963061329
external_candidate,97,borg_mechanical_static_control,40,144,8,0.0,41,0.0,-2.6989700043360187,1.146128035678238,0.0,-2.2494916051486538,0.696649636490873,0.0,-2.2494916051486538,0.696649636490873
external_candidate,97,ocx_catalysis_static_control,40,144,8,0.0,41,0.0,-2.958607314841775,1.4057653461839943,0.0,-2.958607314841775,1.4057653461839943,0.0,-2.2494916051486538,0.696649636490873
external_candidate,97,shuffled_obelix_static_control,40,144,8,5.0,16,0.0,-2.903089986991944,1.3502480183341634,0.125,-1.7212463990471711,0.16840443038939035,0.25,-1.5528419686577808,0.0
external_candidate,97,safe_obelix_residual,40,144,8,0.0,40,0.0,-2.690369832574101,1.13752786391632,0.0,-2.690369832574101,1.13752786391632,0.125,-1.7212463990471711,0.16840443038939035
external_candidate,97,safe_estm_residual,40,144,8,0.0,41,0.0,-2.690369832574101,1.13752786391632,0.0,-2.690369832574101,1.13752786391632,0.0,-2.690369832574101,1.13752786391632
external_candidate,97,safe_borg_residual_control,40,144,8,0.0,41,0.0,-2.690369832574101,1.13752786391632,0.0,-2.690369832574101,1.13752786391632,0.0,-2.690369832574101,1.13752786391632
external_candidate,97,safe_ocx_residual_control,40,144,8,0.0,41,0.0,-2.690369832574101,1.13752786391632,0.0,-2.690369832574101,1.13752786391632,0.0,-2.690369832574101,1.13752786391632
external_candidate,97,safe_shuffled_obelix_control,40,144,8,0.0,41,0.0,-2.690369832574101,1.13752786391632,0.0,-2.690369832574101,1.13752786391632,0.0,-2.690369832574101,1.13752786391632
external_candidate,97,safe_multisource_residual,40,144,8,0.0,41,0.0,-2.690369832574101,1.13752786391632,0.0,-2.690369832574101,1.13752786391632,0.0,-2.690369832574101,1.13752786391632
external_candidate,97,safe_multisource_novelty_band,40,144,8,0.0,35,0.0,-2.690369832574101,1.13752786391632,0.0,-2.690369832574101,1.13752786391632,0.125,-1.5528419686577808,0.0
external_candidate,98,uniform_random,40,144,8,0.0,33,0.0,-2.2494916051486538,0.696649636490873,0.0,-2.2494916051486538,0.696649636490873,0.25,-1.619788758288394,0.06694678963061329
external_candidate,98,composition_novelty,40,144,8,0.0,41,0.0,-2.690369832574101,1.13752786391632,0.0,-2.690369832574101,1.13752786391632,0.0,-2.690369832574101,1.13752786391632
external_candidate,98,safe_target_novelty,40,144,8,10.0,14,0.0,-2.903089986991944,1.3502480183341634,0.25,-1.5528419686577808,0.0,0.375,-1.5528419686577808,0.0
external_candidate,98,obelix_same_property_static,40,144,8,33.0,1,0.25,-1.5528419686577808,0.0,0.25,-1.5528419686577808,0.0,0.5,-1.5528419686577808,0.0
external_candidate,98,estm_transport_neighbor_static,40,144,8,45.0,5,0.375,-1.7212463990471711,0.16840443038939035,0.375,-1.7212463990471711,0.16840443038939035,0.75,-1.619788758288394,0.06694678963061329
external_candidate,98,borg_mechanical_static_control,40,144,8,0.0,41,0.0,-2.6989700043360187,1.146128035678238,0.0,-2.2494916051486538,0.696649636490873,0.0,-2.2494916051486538,0.696649636490873
external_candidate,98,ocx_catalysis_static_control,40,144,8,0.0,41,0.0,-2.958607314841775,1.4057653461839943,0.0,-2.958607314841775,1.4057653461839943,0.0,-2.2494916051486538,0.696649636490873
external_candidate,98,shuffled_obelix_static_control,40,144,8,17.0,4,0.125,-1.7212463990471711,0.16840443038939035,0.125,-1.7212463990471711,0.16840443038939035,0.25,-1.7212463990471711,0.16840443038939035
external_candidate,98,safe_obelix_residual,40,144,8,1.0,20,0.0,-2.690369832574101,1.13752786391632,0.125,-1.7212463990471711,0.16840443038939035,0.25,-1.5528419686577808,0.0
external_candidate,98,safe_estm_residual,40,144,8,4.0,17,0.0,-3.8538719643217614,2.3010299956639804,0.125,-1.7212463990471711,0.16840443038939035,0.25,-1.5528419686577808,0.0
external_candidate,98,safe_borg_residual_control,40,144,8,4.0,17,0.0,-3.8538719643217614,2.3010299956639804,0.125,-1.7212463990471711,0.16840443038939035,0.25,-1.5528419686577808,0.0
external_candidate,98,safe_ocx_residual_control,40,144,8,0.0,21,0.0,-2.690369832574101,1.13752786391632,0.0,-2.690369832574101,1.13752786391632,0.25,-1.5528419686577808,0.0
external_candidate,98,safe_shuffled_obelix_control,40,144,8,10.0,14,0.0,-2.903089986991944,1.3502480183341634,0.25,-1.5528419686577808,0.0,0.375,-1.5528419686577808,0.0
external_candidate,98,safe_multisource_residual,40,144,8,0.0,24,0.0,-2.690369832574101,1.13752786391632,0.0,-2.690369832574101,1.13752786391632,0.25,-1.5528419686577808,0.0
external_candidate,98,safe_multisource_novelty_band,40,144,8,0.0,24,0.0,-2.690369832574101,1.13752786391632,0.0,-2.382999658879101,0.8301576902213201,0.125,-1.5528419686577808,0.0
external_candidate,99,uniform_random,40,144,8,20.0,1,0.125,-2.000869458712629,0.4480274900548482,0.125,-2.000869458712629,0.4480274900548482,0.25,-1.5528419686577808,0.0
external_candidate,99,composition_novelty,40,144,8,0.0,41,0.0,-2.690369832574101,1.13752786391632,0.0,-2.690369832574101,1.13752786391632,0.0,-2.690369832574101,1.13752786391632
external_candidate,99,safe_target_novelty,40,144,8,0.0,41,0.0,-3.022733787572707,1.4698918189149264,0.0,-3.022733787572707,1.4698918189149264,0.0,-2.903089986991944,1.3502480183341634
external_candidate,99,obelix_same_property_static,40,144,8,33.0,1,0.25,-1.5528419686577808,0.0,0.25,-1.5528419686577808,0.0,0.5,-1.5528419686577808,0.0
external_candidate,99,estm_transport_neighbor_static,40,144,8,45.0,5,0.375,-1.7212463990471711,0.16840443038939035,0.375,-1.7212463990471711,0.16840443038939035,0.75,-1.619788758288394,0.06694678963061329
external_candidate,99,borg_mechanical_static_control,40,144,8,0.0,41,0.0,-2.6989700043360187,1.146128035678238,0.0,-2.2494916051486538,0.696649636490873,0.0,-2.2494916051486538,0.696649636490873
external_candidate,99,ocx_catalysis_static_control,40,144,8,0.0,41,0.0,-2.958607314841775,1.4057653461839943,0.0,-2.958607314841775,1.4057653461839943,0.0,-2.2494916051486538,0.696649636490873
external_candidate,99,shuffled_obelix_static_control,40,144,8,0.0,41,0.0,-2.7619538968712045,1.2091119282134237,0.0,-2.2992962828549808,0.7464543141972,0.0,-2.2992962828549808,0.7464543141972
external_candidate,99,safe_obelix_residual,40,144,8,0.0,41,0.0,-2.903089986991944,1.3502480183341634,0.0,-2.903089986991944,1.3502480183341634,0.0,-2.903089986991944,1.3502480183341634
external_candidate,99,safe_estm_residual,40,144,8,0.0,41,0.0,-3.022733787572707,1.4698918189149264,0.0,-3.022733787572707,1.4698918189149264,0.0,-2.903089986991944,1.3502480183341634
external_candidate,99,safe_borg_residual_control,40,144,8,0.0,41,0.0,-3.022733787572707,1.4698918189149264,0.0,-3.022733787572707,1.4698918189149264,0.0,-2.903089986991944,1.3502480183341634
external_candidate,99,safe_ocx_residual_control,40,144,8,0.0,41,0.0,-3.022733787572707,1.4698918189149264,0.0,-3.022733787572707,1.4698918189149264,0.0,-2.903089986991944,1.3502480183341634
external_candidate,99,safe_shuffled_obelix_control,40,144,8,0.0,41,0.0,-3.022733787572707,1.4698918189149264,0.0,-3.022733787572707,1.4698918189149264,0.0,-2.903089986991944,1.3502480183341634
external_candidate,99,safe_multisource_residual,40,144,8,0.0,41,0.0,-2.903089986991944,1.3502480183341634,0.0,-2.903089986991944,1.3502480183341634,0.0,-2.903089986991944,1.3502480183341634
external_candidate,99,safe_multisource_novelty_band,40,144,8,0.0,41,0.0,-2.903089986991944,1.3502480183341634,0.0,-2.690369832574101,1.13752786391632,0.0,-2.690369832574101,1.13752786391632
hard_ood_40pct,0,uniform_random,40,58,3,1.0,20,0.0,-3.05453141486818,0.3641615822940789,0.3333333333333333,-3.022733787572707,0.33236395499860594,1.0,-2.690369832574101,-4.440892098500626e-16
hard_ood_40pct,0,composition_novelty,40,58,3,13.0,8,0.3333333333333333,-2.690369832574101,-4.440892098500626e-16,0.3333333333333333,-2.690369832574101,-4.440892098500626e-16,0.6666666666666666,-2.690369832574101,-4.440892098500626e-16
hard_ood_40pct,0,safe_target_novelty,40,58,3,13.0,12,0.0,-4.129011186239425,1.4386413536653238,0.6666666666666666,-2.690369832574101,-4.440892098500626e-16,0.6666666666666666,-2.690369832574101,-4.440892098500626e-16
hard_ood_40pct,0,obelix_same_property_static,40,58,3,38.0,2,0.6666666666666666,-2.690369832574101,-4.440892098500626e-16,1.0,-2.690369832574101,-4.440892098500626e-16,1.0,-2.690369832574101,-4.440892098500626e-16
hard_ood_40pct,0,estm_transport_neighbor_static,40,58,3,51.0,1,1.0,-2.690369832574101,-4.440892098500626e-16,1.0,-2.690369832574101,-4.440892098500626e-16,1.0,-2.690369832574101,-4.440892098500626e-16
hard_ood_40pct,0,borg_mechanical_static_control,40,58,3,3.0,18,0.0,-3.8538719643217614,1.1635021317476602,0.3333333333333333,-2.903089986991944,0.21272015441784298,1.0,-2.690369832574101,-4.440892098500626e-16
hard_ood_40pct,0,ocx_catalysis_static_control,40,58,3,0.0,41,0.0,-3.0296531237699065,0.33928329119580525,0.0,-3.0296531237699065,0.33928329119580525,0.0,-3.0296531237699065,0.33928329119580525
hard_ood_40pct,0,shuffled_obelix_static_control,40,58,3,0.0,27,0.0,-4.4388986163509445,1.7485287837768433,0.0,-3.3809643969347203,0.6905945643606191,0.6666666666666666,-2.690369832574101,-4.440892098500626e-16
hard_ood_40pct,0,safe_obelix_residual,40,58,3,12.0,12,0.0,-4.129011186239425,1.4386413536653238,0.6666666666666666,-2.690369832574101,-4.440892098500626e-16,0.6666666666666666,-2.690369832574101,-4.440892098500626e-16
hard_ood_40pct,0,safe_estm_residual,40,58,3,17.0,10,0.3333333333333333,-2.690369832574101,-4.440892098500626e-16,0.6666666666666666,-2.690369832574101,-4.440892098500626e-16,0.6666666666666666,-2.690369832574101,-4.440892098500626e-16
hard_ood_40pct,0,safe_borg_residual_control,40,58,3,13.0,12,0.0,-4.129011186239425,1.4386413536653238,0.6666666666666666,-2.690369832574101,-4.440892098500626e-16,0.6666666666666666,-2.690369832574101,-4.440892098500626e-16
hard_ood_40pct,0,safe_ocx_residual_control,40,58,3,13.0,12,0.0,-4.129011186239425,1.4386413536653238,0.6666666666666666,-2.690369832574101,-4.440892098500626e-16,0.6666666666666666,-2.690369832574101,-4.440892098500626e-16
hard_ood_40pct,0,safe_shuffled_obelix_control,40,58,3,13.0,12,0.0,-4.129011186239425,1.4386413536653238,0.6666666666666666,-2.690369832574101,-4.440892098500626e-16,0.6666666666666666,-2.690369832574101,-4.440892098500626e-16
hard_ood_40pct,0,safe_multisource_residual,40,58,3,16.0,11,0.0,-3.987162775294828,1.2967929427207268,0.6666666666666666,-2.690369832574101,-4.440892098500626e-16,0.6666666666666666,-2.690369832574101,-4.440892098500626e-16
hard_ood_40pct,0,safe_multisource_novelty_band,40,58,3,6.0,15,0.0,-4.471083299722345,1.7807134671482436,0.3333333333333333,-2.690369832574101,-4.440892098500626e-16,0.6666666666666666,-2.690369832574101,-4.440892098500626e-16
hard_ood_40pct,1,uniform_random,40,58,3,0.0,41,0.0,-3.987162775294828,1.2967929427207268,0.0,-3.987162775294828,1.2967929427207268,0.0,-3.0963674839157624,0.4059976513416612
hard_ood_40pct,1,composition_novelty,40,58,3,18.0,3,0.3333333333333333,-2.690369832574101,-4.440892098500626e-16,0.3333333333333333,-2.690369832574101,-4.440892098500626e-16,0.6666666666666666,-2.690369832574101,-4.440892098500626e-16
hard_ood_40pct,1,safe_target_novelty,40,58,3,0.0,25,0.0,-3.05453141486818,0.3641615822940789,0.0,-3.0296531237699065,0.33928329119580525,0.3333333333333333,-3.022733787572707,0.33236395499860594
hard_ood_40pct,1,obelix_same_property_static,40,58,3,38.0,2,0.6666666666666666,-2.690369832574101,-4.440892098500626e-16,1.0,-2.690369832574101,-4.440892098500626e-16,1.0,-2.690369832574101,-4.440892098500626e-16
hard_ood_40pct,1,estm_transport_neighbor_static,40,58,3,51.0,1,1.0,-2.690369832574101,-4.440892098500626e-16,1.0,-2.690369832574101,-4.440892098500626e-16,1.0,-2.690369832574101,-4.440892098500626e-16
hard_ood_40pct,1,borg_mechanical_static_control,40,58,3,3.0,18,0.0,-3.8538719643217614,1.1635021317476602,0.3333333333333333,-2.903089986991944,0.21272015441784298,1.0,-2.690369832574101,-4.440892098500626e-16
hard_ood_40pct,1,ocx_catalysis_static_control,40,58,3,0.0,41,0.0,-3.0296531237699065,0.33928329119580525,0.0,-3.0296531237699065,0.33928329119580525,0.0,-3.0296531237699065,0.33928329119580525
hard_ood_40pct,1,shuffled_obelix_static_control,40,58,3,1.0,20,0.0,-3.0963674839157624,0.4059976513416612,0.3333333333333333,-2.690369832574101,-4.440892098500626e-16,1.0,-2.690369832574101,-4.440892098500626e-16
hard_ood_40pct,1,safe_obelix_residual,40,58,3,19.0,2,0.3333333333333333,-2.690369832574101,-4.440892098500626e-16,0.3333333333333333,-2.690369832574101,-4.440892098500626e-16,0.3333333333333333,-2.690369832574101,-4.440892098500626e-16
hard_ood_40pct,1,safe_estm_residual,40,58,3,0.0,29,0.0,-3.05453141486818,0.3641615822940789,0.0,-3.05453141486818,0.3641615822940789,0.3333333333333333,-3.022733787572707,0.33236395499860594
hard_ood_40pct,1,safe_borg_residual_control,40,58,3,0.0,30,0.0,-3.05453141486818,0.3641615822940789,0.0,-3.05453141486818,0.3641615822940789,0.3333333333333333,-3.022733787572707,0.33236395499860594
hard_ood_40pct,1,safe_ocx_residual_control,40,58,3,0.0,25,0.0,-3.05453141486818,0.3641615822940789,0.0,-3.0296531237699065,0.33928329119580525,0.3333333333333333,-3.022733787572707,0.33236395499860594
hard_ood_40pct,1,safe_shuffled_obelix_control,40,58,3,0.0,23,0.0,-3.05453141486818,0.3641615822940789,0.0,-3.0296531237699065,0.33928329119580525,0.3333333333333333,-3.022733787572707,0.33236395499860594
hard_ood_40pct,1,safe_multisource_residual,40,58,3,19.0,2,0.3333333333333333,-2.690369832574101,-4.440892098500626e-16,0.3333333333333333,-2.690369832574101,-4.440892098500626e-16,0.3333333333333333,-2.690369832574101,-4.440892098500626e-16
hard_ood_40pct,1,safe_multisource_novelty_band,40,58,3,33.0,4,0.6666666666666666,-2.690369832574101,-4.440892098500626e-16,0.6666666666666666,-2.690369832574101,-4.440892098500626e-16,0.6666666666666666,-2.690369832574101,-4.440892098500626e-16
hard_ood_40pct,2,uniform_random,40,58,3,30.0,4,0.6666666666666666,-2.690369832574101,-4.440892098500626e-16,0.6666666666666666,-2.690369832574101,-4.440892098500626e-16,0.6666666666666666,-2.690369832574101,-4.440892098500626e-16
hard_ood_40pct,2,composition_novelty,40,58,3,18.0,3,0.3333333333333333,-2.690369832574101,-4.440892098500626e-16,0.3333333333333333,-2.690369832574101,-4.440892098500626e-16,0.6666666666666666,-2.690369832574101,-4.440892098500626e-16
hard_ood_40pct,2,safe_target_novelty,40,58,3,17.0,4,0.3333333333333333,-2.690369832574101,-4.440892098500626e-16,0.3333333333333333,-2.690369832574101,-4.440892098500626e-16,0.3333333333333333,-2.690369832574101,-4.440892098500626e-16
hard_ood_40pct,2,obelix_same_property_static,40,58,3,38.0,2,0.6666666666666666,-2.690369832574101,-4.440892098500626e-16,1.0,-2.690369832574101,-4.440892098500626e-16,1.0,-2.690369832574101,-4.440892098500626e-16
hard_ood_40pct,2,estm_transport_neighbor_static,40,58,3,51.0,1,1.0,-2.690369832574101,-4.440892098500626e-16,1.0,-2.690369832574101,-4.440892098500626e-16,1.0,-2.690369832574101,-4.440892098500626e-16
hard_ood_40pct,2,borg_mechanical_static_control,40,58,3,3.0,18,0.0,-3.8538719643217614,1.1635021317476602,0.3333333333333333,-2.903089986991944,0.21272015441784298,1.0,-2.690369832574101,-4.440892098500626e-16
hard_ood_40pct,2,ocx_catalysis_static_control,40,58,3,0.0,41,0.0,-3.0296531237699065,0.33928329119580525,0.0,-3.0296531237699065,0.33928329119580525,0.0,-3.0296531237699065,0.33928329119580525
hard_ood_40pct,2,shuffled_obelix_static_control,40,58,3,7.0,14,0.0,-4.129011186239425,1.4386413536653238,0.3333333333333333,-3.022733787572707,0.33236395499860594,1.0,-2.690369832574101,-4.440892098500626e-16
hard_ood_40pct,2,safe_obelix_residual,40,58,3,17.0,4,0.3333333333333333,-2.690369832574101,-4.440892098500626e-16,0.3333333333333333,-2.690369832574101,-4.440892098500626e-16,0.3333333333333333,-2.690369832574101,-4.440892098500626e-16
hard_ood_40pct,2,safe_estm_residual,40,58,3,17.0,4,0.3333333333333333,-2.690369832574101,-4.440892098500626e-16,0.3333333333333333,-2.690369832574101,-4.440892098500626e-16,0.6666666666666666,-2.690369832574101,-4.440892098500626e-16
hard_ood_40pct,2,safe_borg_residual_control,40,58,3,17.0,4,0.3333333333333333,-2.690369832574101,-4.440892098500626e-16,0.3333333333333333,-2.690369832574101,-4.440892098500626e-16,0.3333333333333333,-2.690369832574101,-4.440892098500626e-16
hard_ood_40pct,2,safe_ocx_residual_control,40,58,3,17.0,4,0.3333333333333333,-2.690369832574101,-4.440892098500626e-16,0.3333333333333333,-2.690369832574101,-4.440892098500626e-16,0.6666666666666666,-2.690369832574101,-4.440892098500626e-16
hard_ood_40pct,2,safe_shuffled_obelix_control,40,58,3,17.0,4,0.3333333333333333,-2.690369832574101,-4.440892098500626e-16,0.3333333333333333,-2.690369832574101,-4.440892098500626e-16,0.3333333333333333,-2.690369832574101,-4.440892098500626e-16
hard_ood_40pct,2,safe_multisource_residual,40,58,3,17.0,4,0.3333333333333333,-2.690369832574101,-4.440892098500626e-16,0.3333333333333333,-2.690369832574101,-4.440892098500626e-16,0.6666666666666666,-2.690369832574101,-4.440892098500626e-16
hard_ood_40pct,2,safe_multisource_novelty_band,40,58,3,0.0,23,0.0,-3.0296531237699065,0.33928329119580525,0.0,-3.0296531237699065,0.33928329119580525,0.3333333333333333,-3.022733787572707,0.33236395499860594
hard_ood_40pct,3,uniform_random,40,58,3,18.0,3,0.3333333333333333,-2.690369832574101,-4.440892098500626e-16,0.3333333333333333,-2.690369832574101,-4.440892098500626e-16,0.6666666666666666,-2.690369832574101,-4.440892098500626e-16
hard_ood_40pct,3,composition_novelty,40,58,3,18.0,3,0.3333333333333333,-2.690369832574101,-4.440892098500626e-16,0.3333333333333333,-2.690369832574101,-4.440892098500626e-16,0.6666666666666666,-2.690369832574101,-4.440892098500626e-16
hard_ood_40pct,3,safe_target_novelty,40,58,3,16.0,5,0.3333333333333333,-2.690369832574101,-4.440892098500626e-16,0.3333333333333333,-2.690369832574101,-4.440892098500626e-16,0.6666666666666666,-2.690369832574101,-4.440892098500626e-16
hard_ood_40pct,3,obelix_same_property_static,40,58,3,38.0,2,0.6666666666666666,-2.690369832574101,-4.440892098500626e-16,1.0,-2.690369832574101,-4.440892098500626e-16,1.0,-2.690369832574101,-4.440892098500626e-16
hard_ood_40pct,3,estm_transport_neighbor_static,40,58,3,51.0,1,1.0,-2.690369832574101,-4.440892098500626e-16,1.0,-2.690369832574101,-4.440892098500626e-16,1.0,-2.690369832574101,-4.440892098500626e-16
hard_ood_40pct,3,borg_mechanical_static_control,40,58,3,3.0,18,0.0,-3.8538719643217614,1.1635021317476602,0.3333333333333333,-2.903089986991944,0.21272015441784298,1.0,-2.690369832574101,-4.440892098500626e-16
hard_ood_40pct,3,ocx_catalysis_static_control,40,58,3,0.0,41,0.0,-3.0296531237699065,0.33928329119580525,0.0,-3.0296531237699065,0.33928329119580525,0.0,-3.0296531237699065,0.33928329119580525
hard_ood_40pct,3,shuffled_obelix_static_control,40,58,3,0.0,22,0.0,-5.154901959985743,2.464532127411642,0.0,-5.154901959985743,2.464532127411642,0.6666666666666666,-2.903089986991944,0.21272015441784298
hard_ood_40pct,3,safe_obelix_residual,40,58,3,22.0,2,0.3333333333333333,-2.690369832574101,-4.440892098500626e-16,0.6666666666666666,-2.690369832574101,-4.440892098500626e-16,0.6666666666666666,-2.690369832574101,-4.440892098500626e-16
hard_ood_40pct,3,safe_estm_residual,40,58,3,16.0,5,0.3333333333333333,-2.690369832574101,-4.440892098500626e-16,0.3333333333333333,-2.690369832574101,-4.440892098500626e-16,0.6666666666666666,-2.690369832574101,-4.440892098500626e-16
hard_ood_40pct,3,safe_borg_residual_control,40,58,3,16.0,5,0.3333333333333333,-2.690369832574101,-4.440892098500626e-16,0.3333333333333333,-2.690369832574101,-4.440892098500626e-16,0.6666666666666666,-2.690369832574101,-4.440892098500626e-16
hard_ood_40pct,3,safe_ocx_residual_control,40,58,3,16.0,5,0.3333333333333333,-2.690369832574101,-4.440892098500626e-16,0.3333333333333333,-2.690369832574101,-4.440892098500626e-16,0.6666666666666666,-2.690369832574101,-4.440892098500626e-16
hard_ood_40pct,3,safe_shuffled_obelix_control,40,58,3,16.0,5,0.3333333333333333,-2.690369832574101,-4.440892098500626e-16,0.3333333333333333,-2.690369832574101,-4.440892098500626e-16,0.3333333333333333,-2.690369832574101,-4.440892098500626e-16
hard_ood_40pct,3,safe_multisource_residual,40,58,3,22.0,2,0.3333333333333333,-2.690369832574101,-4.440892098500626e-16,0.6666666666666666,-2.690369832574101,-4.440892098500626e-16,0.6666666666666666,-2.690369832574101,-4.440892098500626e-16
hard_ood_40pct,3,safe_multisource_novelty_band,40,58,3,17.0,4,0.3333333333333333,-2.903089986991944,0.21272015441784298,0.3333333333333333,-2.903089986991944,0.21272015441784298,0.3333333333333333,-2.903089986991944,0.21272015441784298
hard_ood_40pct,4,uniform_random,40,58,3,9.0,12,0.0,-4.82102305270683,2.130653220132729,0.3333333333333333,-2.903089986991944,0.21272015441784298,0.6666666666666666,-2.690369832574101,-4.440892098500626e-16
hard_ood_40pct,4,composition_novelty,40,58,3,19.0,3,0.3333333333333333,-2.690369832574101,-4.440892098500626e-16,0.6666666666666666,-2.690369832574101,-4.440892098500626e-16,0.6666666666666666,-2.690369832574101,-4.440892098500626e-16
hard_ood_40pct,4,safe_target_novelty,40,58,3,20.0,1,0.3333333333333333,-2.690369832574101,-4.440892098500626e-16,0.3333333333333333,-2.690369832574101,-4.440892098500626e-16,0.3333333333333333,-2.690369832574101,-4.440892098500626e-16
hard_ood_40pct,4,obelix_same_property_static,40,58,3,38.0,2,0.6666666666666666,-2.690369832574101,-4.440892098500626e-16,1.0,-2.690369832574101,-4.440892098500626e-16,1.0,-2.690369832574101,-4.440892098500626e-16
hard_ood_40pct,4,estm_transport_neighbor_static,40,58,3,51.0,1,1.0,-2.690369832574101,-4.440892098500626e-16,1.0,-2.690369832574101,-4.440892098500626e-16,1.0,-2.690369832574101,-4.440892098500626e-16
hard_ood_40pct,4,borg_mechanical_static_control,40,58,3,3.0,18,0.0,-3.8538719643217614,1.1635021317476602,0.3333333333333333,-2.903089986991944,0.21272015441784298,1.0,-2.690369832574101,-4.440892098500626e-16
hard_ood_40pct,4,ocx_catalysis_static_control,40,58,3,0.0,41,0.0,-3.0296531237699065,0.33928329119580525,0.0,-3.0296531237699065,0.33928329119580525,0.0,-3.0296531237699065,0.33928329119580525
hard_ood_40pct,4,shuffled_obelix_static_control,40,58,3,0.0,33,0.0,-3.0963674839157624,0.4059976513416612,0.0,-3.0963674839157624,0.4059976513416612,0.6666666666666666,-2.903089986991944,0.21272015441784298
hard_ood_40pct,4,safe_obelix_residual,40,58,3,20.0,1,0.3333333333333333,-2.690369832574101,-4.440892098500626e-16,0.3333333333333333,-2.690369832574101,-4.440892098500626e-16,0.3333333333333333,-2.690369832574101,-4.440892098500626e-16
hard_ood_40pct,4,safe_estm_residual,40,58,3,20.0,1,0.3333333333333333,-2.690369832574101,-4.440892098500626e-16,0.3333333333333333,-2.690369832574101,-4.440892098500626e-16,0.6666666666666666,-2.690369832574101,-4.440892098500626e-16
hard_ood_40pct,4,safe_borg_residual_control,40,58,3,20.0,1,0.3333333333333333,-2.690369832574101,-4.440892098500626e-16,0.3333333333333333,-2.690369832574101,-4.440892098500626e-16,0.3333333333333333,-2.690369832574101,-4.440892098500626e-16
hard_ood_40pct,4,safe_ocx_residual_control,40,58,3,20.0,1,0.3333333333333333,-2.690369832574101,-4.440892098500626e-16,0.3333333333333333,-2.690369832574101,-4.440892098500626e-16,0.3333333333333333,-2.690369832574101,-4.440892098500626e-16
hard_ood_40pct,4,safe_shuffled_obelix_control,40,58,3,20.0,1,0.3333333333333333,-2.690369832574101,-4.440892098500626e-16,0.3333333333333333,-2.690369832574101,-4.440892098500626e-16,0.6666666666666666,-2.690369832574101,-4.440892098500626e-16
hard_ood_40pct,4,safe_multisource_residual,40,58,3,20.0,1,0.3333333333333333,-2.690369832574101,-4.440892098500626e-16,0.3333333333333333,-2.690369832574101,-4.440892098500626e-16,0.6666666666666666,-2.690369832574101,-4.440892098500626e-16
hard_ood_40pct,4,safe_multisource_novelty_band,40,58,3,19.0,2,0.3333333333333333,-2.690369832574101,-4.440892098500626e-16,0.3333333333333333,-2.690369832574101,-4.440892098500626e-16,0.3333333333333333,-2.690369832574101,-4.440892098500626e-16
hard_ood_40pct,5,uniform_random,40,58,3,0.0,22,0.0,-3.05453141486818,0.3641615822940789,0.0,-3.05453141486818,0.3641615822940789,0.3333333333333333,-2.903089986991944,0.21272015441784298
hard_ood_40pct,5,composition_novelty,40,58,3,14.0,7,0.3333333333333333,-2.690369832574101,-4.440892098500626e-16,0.3333333333333333,-2.690369832574101,-4.440892098500626e-16,0.6666666666666666,-2.690369832574101,-4.440892098500626e-16
hard_ood_40pct,5,safe_target_novelty,40,58,3,6.0,15,0.0,-4.471083299722345,1.7807134671482436,0.3333333333333333,-2.903089986991944,0.21272015441784298,0.3333333333333333,-2.903089986991944,0.21272015441784298
hard_ood_40pct,5,obelix_same_property_static,40,58,3,38.0,2,0.6666666666666666,-2.690369832574101,-4.440892098500626e-16,1.0,-2.690369832574101,-4.440892098500626e-16,1.0,-2.690369832574101,-4.440892098500626e-16
hard_ood_40pct,5,estm_transport_neighbor_static,40,58,3,51.0,1,1.0,-2.690369832574101,-4.440892098500626e-16,1.0,-2.690369832574101,-4.440892098500626e-16,1.0,-2.690369832574101,-4.440892098500626e-16
hard_ood_40pct,5,borg_mechanical_static_control,40,58,3,3.0,18,0.0,-3.8538719643217614,1.1635021317476602,0.3333333333333333,-2.903089986991944,0.21272015441784298,1.0,-2.690369832574101,-4.440892098500626e-16
hard_ood_40pct,5,ocx_catalysis_static_control,40,58,3,0.0,41,0.0,-3.0296531237699065,0.33928329119580525,0.0,-3.0296531237699065,0.33928329119580525,0.0,-3.0296531237699065,0.33928329119580525
hard_ood_40pct,5,shuffled_obelix_static_control,40,58,3,24.0,9,0.3333333333333333,-2.903089986991944,0.21272015441784298,1.0,-2.690369832574101,-4.440892098500626e-16,1.0,-2.690369832574101,-4.440892098500626e-16
hard_ood_40pct,5,safe_obelix_residual,40,58,3,6.0,15,0.0,-4.471083299722345,1.7807134671482436,0.3333333333333333,-2.903089986991944,0.21272015441784298,0.3333333333333333,-2.903089986991944,0.21272015441784298
hard_ood_40pct,5,safe_estm_residual,40,58,3,6.0,15,0.0,-4.471083299722345,1.7807134671482436,0.3333333333333333,-2.903089986991944,0.21272015441784298,0.6666666666666666,-2.903089986991944,0.21272015441784298
hard_ood_40pct,5,safe_borg_residual_control,40,58,3,6.0,15,0.0,-4.471083299722345,1.7807134671482436,0.3333333333333333,-2.903089986991944,0.21272015441784298,0.3333333333333333,-2.903089986991944,0.21272015441784298
hard_ood_40pct,5,safe_ocx_residual_control,40,58,3,6.0,15,0.0,-4.471083299722345,1.7807134671482436,0.3333333333333333,-2.903089986991944,0.21272015441784298,0.3333333333333333,-2.903089986991944,0.21272015441784298
hard_ood_40pct,5,safe_shuffled_obelix_control,40,58,3,6.0,15,0.0,-4.471083299722345,1.7807134671482436,0.3333333333333333,-2.903089986991944,0.21272015441784298,0.3333333333333333,-2.903089986991944,0.21272015441784298
hard_ood_40pct,5,safe_multisource_residual,40,58,3,5.0,16,0.0,-4.471083299722345,1.7807134671482436,0.3333333333333333,-2.903089986991944,0.21272015441784298,0.3333333333333333,-2.903089986991944,0.21272015441784298
hard_ood_40pct,5,safe_multisource_novelty_band,40,58,3,4.0,17,0.0,-4.129011186239425,1.4386413536653238,0.3333333333333333,-3.022733787572707,0.33236395499860594,0.3333333333333333,-3.022733787572707,0.33236395499860594
hard_ood_40pct,6,uniform_random,40,58,3,0.0,30,0.0,-3.11747546204512,0.42710562947101893,0.0,-3.11747546204512,0.42710562947101893,0.3333333333333333,-3.022733787572707,0.33236395499860594
hard_ood_40pct,6,composition_novelty,40,58,3,18.0,3,0.3333333333333333,-2.690369832574101,-4.440892098500626e-16,0.3333333333333333,-2.690369832574101,-4.440892098500626e-16,0.6666666666666666,-2.690369832574101,-4.440892098500626e-16
hard_ood_40pct,6,safe_target_novelty,40,58,3,23.0,4,0.3333333333333333,-2.690369832574101,-4.440892098500626e-16,0.6666666666666666,-2.690369832574101,-4.440892098500626e-16,0.6666666666666666,-2.690369832574101,-4.440892098500626e-16
hard_ood_40pct,6,obelix_same_property_static,40,58,3,38.0,2,0.6666666666666666,-2.690369832574101,-4.440892098500626e-16,1.0,-2.690369832574101,-4.440892098500626e-16,1.0,-2.690369832574101,-4.440892098500626e-16
hard_ood_40pct,6,estm_transport_neighbor_static,40,58,3,51.0,1,1.0,-2.690369832574101,-4.440892098500626e-16,1.0,-2.690369832574101,-4.440892098500626e-16,1.0,-2.690369832574101,-4.440892098500626e-16
hard_ood_40pct,6,borg_mechanical_static_control,40,58,3,3.0,18,0.0,-3.8538719643217614,1.1635021317476602,0.3333333333333333,-2.903089986991944,0.21272015441784298,1.0,-2.690369832574101,-4.440892098500626e-16
hard_ood_40pct,6,ocx_catalysis_static_control,40,58,3,0.0,41,0.0,-3.0296531237699065,0.33928329119580525,0.0,-3.0296531237699065,0.33928329119580525,0.0,-3.0296531237699065,0.33928329119580525
hard_ood_40pct,6,shuffled_obelix_static_control,40,58,3,0.0,21,0.0,-3.11747546204512,0.42710562947101893,0.0,-3.11747546204512,0.42710562947101893,0.6666666666666666,-2.690369832574101,-4.440892098500626e-16
hard_ood_40pct,6,safe_obelix_residual,40,58,3,24.0,3,0.3333333333333333,-2.690369832574101,-4.440892098500626e-16,0.6666666666666666,-2.690369832574101,-4.440892098500626e-16,0.6666666666666666,-2.690369832574101,-4.440892098500626e-16
hard_ood_40pct,6,safe_estm_residual,40,58,3,24.0,3,0.3333333333333333,-2.690369832574101,-4.440892098500626e-16,0.6666666666666666,-2.690369832574101,-4.440892098500626e-16,0.6666666666666666,-2.690369832574101,-4.440892098500626e-16
hard_ood_40pct,6,safe_borg_residual_control,40,58,3,24.0,3,0.3333333333333333,-2.690369832574101,-4.440892098500626e-16,0.6666666666666666,-2.690369832574101,-4.440892098500626e-16,0.6666666666666666,-2.690369832574101,-4.440892098500626e-16
hard_ood_40pct,6,safe_ocx_residual_control,40,58,3,24.0,3,0.3333333333333333,-2.690369832574101,-4.440892098500626e-16,0.6666666666666666,-2.690369832574101,-4.440892098500626e-16,0.6666666666666666,-2.690369832574101,-4.440892098500626e-16
hard_ood_40pct,6,safe_shuffled_obelix_control,40,58,3,4.0,17,0.0,-3.0296531237699065,0.33928329119580525,0.3333333333333333,-3.022733787572707,0.33236395499860594,0.3333333333333333,-3.022733787572707,0.33236395499860594
hard_ood_40pct,6,safe_multisource_residual,40,58,3,24.0,3,0.3333333333333333,-2.690369832574101,-4.440892098500626e-16,0.6666666666666666,-2.690369832574101,-4.440892098500626e-16,0.6666666666666666,-2.690369832574101,-4.440892098500626e-16
hard_ood_40pct,6,safe_multisource_novelty_band,40,58,3,2.0,19,0.0,-3.0296531237699065,0.33928329119580525,0.3333333333333333,-2.690369832574101,-4.440892098500626e-16,0.3333333333333333,-2.690369832574101,-4.440892098500626e-16
hard_ood_40pct,7,uniform_random,40,58,3,0.0,41,0.0,-3.0963674839157624,0.4059976513416612,0.0,-3.05453141486818,0.3641615822940789,0.0,-3.05453141486818,0.3641615822940789
hard_ood_40pct,7,composition_novelty,40,58,3,19.0,2,0.3333333333333333,-2.690369832574101,-4.440892098500626e-16,0.3333333333333333,-2.690369832574101,-4.440892098500626e-16,0.6666666666666666,-2.690369832574101,-4.440892098500626e-16
hard_ood_40pct,7,safe_target_novelty,40,58,3,12.0,9,0.3333333333333333,-2.690369832574101,-4.440892098500626e-16,0.3333333333333333,-2.690369832574101,-4.440892098500626e-16,0.6666666666666666,-2.690369832574101,-4.440892098500626e-16
hard_ood_40pct,7,obelix_same_property_static,40,58,3,38.0,2,0.6666666666666666,-2.690369832574101,-4.440892098500626e-16,1.0,-2.690369832574101,-4.440892098500626e-16,1.0,-2.690369832574101,-4.440892098500626e-16
hard_ood_40pct,7,estm_transport_neighbor_static,40,58,3,51.0,1,1.0,-2.690369832574101,-4.440892098500626e-16,1.0,-2.690369832574101,-4.440892098500626e-16,1.0,-2.690369832574101,-4.440892098500626e-16
hard_ood_40pct,7,borg_mechanical_static_control,40,58,3,3.0,18,0.0,-3.8538719643217614,1.1635021317476602,0.3333333333333333,-2.903089986991944,0.21272015441784298,1.0,-2.690369832574101,-4.440892098500626e-16
hard_ood_40pct,7,ocx_catalysis_static_control,40,58,3,0.0,41,0.0,-3.0296531237699065,0.33928329119580525,0.0,-3.0296531237699065,0.33928329119580525,0.0,-3.0296531237699065,0.33928329119580525
hard_ood_40pct,7,shuffled_obelix_static_control,40,58,3,12.0,9,0.3333333333333333,-3.022733787572707,0.33236395499860594,0.3333333333333333,-3.022733787572707,0.33236395499860594,0.3333333333333333,-3.022733787572707,0.33236395499860594
hard_ood_40pct,7,safe_obelix_residual,40,58,3,3.0,18,0.0,-3.0296531237699065,0.33928329119580525,0.3333333333333333,-3.022733787572707,0.33236395499860594,0.6666666666666666,-2.903089986991944,0.21272015441784298
hard_ood_40pct,7,safe_estm_residual,40,58,3,12.0,9,0.3333333333333333,-2.690369832574101,-4.440892098500626e-16,0.3333333333333333,-2.690369832574101,-4.440892098500626e-16,0.6666666666666666,-2.690369832574101,-4.440892098500626e-16
hard_ood_40pct,7,safe_borg_residual_control,40,58,3,3.0,18,0.0,-3.0296531237699065,0.33928329119580525,0.3333333333333333,-3.022733787572707,0.33236395499860594,0.6666666666666666,-2.903089986991944,0.21272015441784298
hard_ood_40pct,7,safe_ocx_residual_control,40,58,3,12.0,9,0.3333333333333333,-2.690369832574101,-4.440892098500626e-16,0.3333333333333333,-2.690369832574101,-4.440892098500626e-16,0.6666666666666666,-2.690369832574101,-4.440892098500626e-16
hard_ood_40pct,7,safe_shuffled_obelix_control,40,58,3,12.0,9,0.3333333333333333,-2.690369832574101,-4.440892098500626e-16,0.3333333333333333,-2.690369832574101,-4.440892098500626e-16,0.6666666666666666,-2.690369832574101,-4.440892098500626e-16
hard_ood_40pct,7,safe_multisource_residual,40,58,3,1.0,20,0.0,-3.0296531237699065,0.33928329119580525,0.3333333333333333,-2.690369832574101,-4.440892098500626e-16,0.3333333333333333,-2.690369832574101,-4.440892098500626e-16
hard_ood_40pct,7,safe_multisource_novelty_band,40,58,3,0.0,24,0.0,-3.0296531237699065,0.33928329119580525,0.0,-3.0296531237699065,0.33928329119580525,0.3333333333333333,-3.022733787572707,0.33236395499860594
hard_ood_40pct,8,uniform_random,40,58,3,0.0,29,0.0,-3.0296531237699065,0.33928329119580525,0.0,-3.0296531237699065,0.33928329119580525,0.6666666666666666,-2.690369832574101,-4.440892098500626e-16
hard_ood_40pct,8,composition_novelty,40,58,3,18.0,3,0.3333333333333333,-2.690369832574101,-4.440892098500626e-16,0.3333333333333333,-2.690369832574101,-4.440892098500626e-16,0.6666666666666666,-2.690369832574101,-4.440892098500626e-16
hard_ood_40pct,8,safe_target_novelty,40,58,3,15.0,11,0.0,-3.987162775294828,1.2967929427207268,0.6666666666666666,-2.690369832574101,-4.440892098500626e-16,0.6666666666666666,-2.690369832574101,-4.440892098500626e-16
hard_ood_40pct,8,obelix_same_property_static,40,58,3,38.0,2,0.6666666666666666,-2.690369832574101,-4.440892098500626e-16,1.0,-2.690369832574101,-4.440892098500626e-16,1.0,-2.690369832574101,-4.440892098500626e-16
hard_ood_40pct,8,estm_transport_neighbor_static,40,58,3,51.0,1,1.0,-2.690369832574101,-4.440892098500626e-16,1.0,-2.690369832574101,-4.440892098500626e-16,1.0,-2.690369832574101,-4.440892098500626e-16
hard_ood_40pct,8,borg_mechanical_static_control,40,58,3,3.0,18,0.0,-3.8538719643217614,1.1635021317476602,0.3333333333333333,-2.903089986991944,0.21272015441784298,1.0,-2.690369832574101,-4.440892098500626e-16
hard_ood_40pct,8,ocx_catalysis_static_control,40,58,3,0.0,41,0.0,-3.0296531237699065,0.33928329119580525,0.0,-3.0296531237699065,0.33928329119580525,0.0,-3.0296531237699065,0.33928329119580525
hard_ood_40pct,8,shuffled_obelix_static_control,40,58,3,13.0,8,0.3333333333333333,-3.022733787572707,0.33236395499860594,0.3333333333333333,-3.022733787572707,0.33236395499860594,0.3333333333333333,-3.022733787572707,0.33236395499860594
hard_ood_40pct,8,safe_obelix_residual,40,58,3,0.0,29,0.0,-3.987162775294828,1.2967929427207268,0.0,-3.0296531237699065,0.33928329119580525,0.3333333333333333,-3.022733787572707,0.33236395499860594
hard_ood_40pct,8,safe_estm_residual,40,58,3,15.0,11,0.0,-3.987162775294828,1.2967929427207268,0.6666666666666666,-2.690369832574101,-4.440892098500626e-16,0.6666666666666666,-2.690369832574101,-4.440892098500626e-16
hard_ood_40pct,8,safe_borg_residual_control,40,58,3,0.0,24,0.0,-3.0296531237699065,0.33928329119580525,0.0,-3.0296531237699065,0.33928329119580525,0.3333333333333333,-3.022733787572707,0.33236395499860594
hard_ood_40pct,8,safe_ocx_residual_control,40,58,3,9.0,12,0.0,-3.987162775294828,1.2967929427207268,0.3333333333333333,-2.690369832574101,-4.440892098500626e-16,0.6666666666666666,-2.690369832574101,-4.440892098500626e-16
hard_ood_40pct,8,safe_shuffled_obelix_control,40,58,3,9.0,12,0.0,-3.987162775294828,1.2967929427207268,0.3333333333333333,-2.690369832574101,-4.440892098500626e-16,0.6666666666666666,-2.690369832574101,-4.440892098500626e-16
hard_ood_40pct,8,safe_multisource_residual,40,58,3,16.0,5,0.3333333333333333,-2.690369832574101,-4.440892098500626e-16,0.3333333333333333,-2.690369832574101,-4.440892098500626e-16,0.6666666666666666,-2.690369832574101,-4.440892098500626e-16
hard_ood_40pct,8,safe_multisource_novelty_band,40,58,3,18.0,11,0.0,-4.129011186239425,1.4386413536653238,0.6666666666666666,-2.690369832574101,-4.440892098500626e-16,0.6666666666666666,-2.690369832574101,-4.440892098500626e-16
hard_ood_40pct,9,uniform_random,40,58,3,16.0,5,0.3333333333333333,-2.903089986991944,0.21272015441784298,0.3333333333333333,-2.903089986991944,0.21272015441784298,0.3333333333333333,-2.903089986991944,0.21272015441784298
hard_ood_40pct,9,composition_novelty,40,58,3,19.0,3,0.3333333333333333,-2.690369832574101,-4.440892098500626e-16,0.6666666666666666,-2.690369832574101,-4.440892098500626e-16,0.6666666666666666,-2.690369832574101,-4.440892098500626e-16
hard_ood_40pct,9,safe_target_novelty,40,58,3,18.0,3,0.3333333333333333,-2.690369832574101,-4.440892098500626e-16,0.3333333333333333,-2.690369832574101,-4.440892098500626e-16,0.6666666666666666,-2.690369832574101,-4.440892098500626e-16
hard_ood_40pct,9,obelix_same_property_static,40,58,3,38.0,2,0.6666666666666666,-2.690369832574101,-4.440892098500626e-16,1.0,-2.690369832574101,-4.440892098500626e-16,1.0,-2.690369832574101,-4.440892098500626e-16
hard_ood_40pct,9,estm_transport_neighbor_static,40,58,3,51.0,1,1.0,-2.690369832574101,-4.440892098500626e-16,1.0,-2.690369832574101,-4.440892098500626e-16,1.0,-2.690369832574101,-4.440892098500626e-16
hard_ood_40pct,9,borg_mechanical_static_control,40,58,3,3.0,18,0.0,-3.8538719643217614,1.1635021317476602,0.3333333333333333,-2.903089986991944,0.21272015441784298,1.0,-2.690369832574101,-4.440892098500626e-16
hard_ood_40pct,9,ocx_catalysis_static_control,40,58,3,0.0,41,0.0,-3.0296531237699065,0.33928329119580525,0.0,-3.0296531237699065,0.33928329119580525,0.0,-3.0296531237699065,0.33928329119580525
hard_ood_40pct,9,shuffled_obelix_static_control,40,58,3,0.0,34,0.0,-4.129011186239425,1.4386413536653238,0.0,-4.129011186239425,1.4386413536653238,0.3333333333333333,-2.903089986991944,0.21272015441784298
hard_ood_40pct,9,safe_obelix_residual,40,58,3,27.0,1,0.3333333333333333,-2.690369832574101,-4.440892098500626e-16,0.6666666666666666,-2.690369832574101,-4.440892098500626e-16,0.6666666666666666,-2.690369832574101,-4.440892098500626e-16
hard_ood_40pct,9,safe_estm_residual,40,58,3,18.0,3,0.3333333333333333,-2.690369832574101,-4.440892098500626e-16,0.3333333333333333,-2.690369832574101,-4.440892098500626e-16,0.6666666666666666,-2.690369832574101,-4.440892098500626e-16
hard_ood_40pct,9,safe_borg_residual_control,40,58,3,25.0,3,0.3333333333333333,-2.690369832574101,-4.440892098500626e-16,0.6666666666666666,-2.690369832574101,-4.440892098500626e-16,0.6666666666666666,-2.690369832574101,-4.440892098500626e-16
hard_ood_40pct,9,safe_ocx_residual_control,40,58,3,18.0,3,0.3333333333333333,-2.690369832574101,-4.440892098500626e-16,0.3333333333333333,-2.690369832574101,-4.440892098500626e-16,0.6666666666666666,-2.690369832574101,-4.440892098500626e-16
hard_ood_40pct,9,safe_shuffled_obelix_control,40,58,3,18.0,3,0.3333333333333333,-2.690369832574101,-4.440892098500626e-16,0.3333333333333333,-2.690369832574101,-4.440892098500626e-16,0.6666666666666666,-2.690369832574101,-4.440892098500626e-16
hard_ood_40pct,9,safe_multisource_residual,40,58,3,20.0,1,0.3333333333333333,-2.690369832574101,-4.440892098500626e-16,0.3333333333333333,-2.690369832574101,-4.440892098500626e-16,0.3333333333333333,-2.690369832574101,-4.440892098500626e-16
hard_ood_40pct,9,safe_multisource_novelty_band,40,58,3,36.0,1,0.6666666666666666,-2.690369832574101,-4.440892098500626e-16,0.6666666666666666,-2.690369832574101,-4.440892098500626e-16,0.6666666666666666,-2.690369832574101,-4.440892098500626e-16
hard_ood_40pct,10,uniform_random,40,58,3,15.0,10,0.3333333333333333,-2.903089986991944,0.21272015441784298,0.6666666666666666,-2.903089986991944,0.21272015441784298,1.0,-2.690369832574101,-4.440892098500626e-16
hard_ood_40pct,10,composition_novelty,40,58,3,18.0,3,0.3333333333333333,-2.690369832574101,-4.440892098500626e-16,0.3333333333333333,-2.690369832574101,-4.440892098500626e-16,0.6666666666666666,-2.690369832574101,-4.440892098500626e-16
hard_ood_40pct,10,safe_target_novelty,40,58,3,4.0,17,0.0,-3.0296531237699065,0.33928329119580525,0.3333333333333333,-3.022733787572707,0.33236395499860594,0.3333333333333333,-3.022733787572707,0.33236395499860594
hard_ood_40pct,10,obelix_same_property_static,40,58,3,38.0,2,0.6666666666666666,-2.690369832574101,-4.440892098500626e-16,1.0,-2.690369832574101,-4.440892098500626e-16,1.0,-2.690369832574101,-4.440892098500626e-16
hard_ood_40pct,10,estm_transport_neighbor_static,40,58,3,51.0,1,1.0,-2.690369832574101,-4.440892098500626e-16,1.0,-2.690369832574101,-4.440892098500626e-16,1.0,-2.690369832574101,-4.440892098500626e-16
hard_ood_40pct,10,borg_mechanical_static_control,40,58,3,3.0,18,0.0,-3.8538719643217614,1.1635021317476602,0.3333333333333333,-2.903089986991944,0.21272015441784298,1.0,-2.690369832574101,-4.440892098500626e-16
hard_ood_40pct,10,ocx_catalysis_static_control,40,58,3,0.0,41,0.0,-3.0296531237699065,0.33928329119580525,0.0,-3.0296531237699065,0.33928329119580525,0.0,-3.0296531237699065,0.33928329119580525
hard_ood_40pct,10,shuffled_obelix_static_control,40,58,3,8.0,13,0.0,-3.3809643969347203,0.6905945643606191,0.3333333333333333,-3.022733787572707,0.33236395499860594,0.6666666666666666,-2.903089986991944,0.21272015441784298
hard_ood_40pct,10,safe_obelix_residual,40,58,3,6.0,15,0.0,-3.0296531237699065,0.33928329119580525,0.3333333333333333,-3.022733787572707,0.33236395499860594,0.3333333333333333,-3.022733787572707,0.33236395499860594
hard_ood_40pct,10,safe_estm_residual,40,58,3,2.0,19,0.0,-3.0296531237699065,0.33928329119580525,0.3333333333333333,-3.022733787572707,0.33236395499860594,1.0,-2.690369832574101,-4.440892098500626e-16
hard_ood_40pct,10,safe_borg_residual_control,40,58,3,2.0,19,0.0,-3.0296531237699065,0.33928329119580525,0.3333333333333333,-3.022733787572707,0.33236395499860594,0.3333333333333333,-3.022733787572707,0.33236395499860594
hard_ood_40pct,10,safe_ocx_residual_control,40,58,3,4.0,17,0.0,-3.0296531237699065,0.33928329119580525,0.3333333333333333,-3.022733787572707,0.33236395499860594,0.3333333333333333,-3.022733787572707,0.33236395499860594
hard_ood_40pct,10,safe_shuffled_obelix_control,40,58,3,4.0,17,0.0,-3.0296531237699065,0.33928329119580525,0.3333333333333333,-3.022733787572707,0.33236395499860594,1.0,-2.690369832574101,-4.440892098500626e-16
hard_ood_40pct,10,safe_multisource_residual,40,58,3,28.0,3,0.3333333333333333,-3.022733787572707,0.33236395499860594,0.6666666666666666,-2.690369832574101,-4.440892098500626e-16,1.0,-2.690369832574101,-4.440892098500626e-16
hard_ood_40pct,10,safe_multisource_novelty_band,40,58,3,0.0,23,0.0,-3.11747546204512,0.42710562947101893,0.0,-3.0296531237699065,0.33928329119580525,0.3333333333333333,-2.690369832574101,-4.440892098500626e-16
hard_ood_40pct,11,uniform_random,40,58,3,23.0,9,0.6666666666666666,-2.903089986991944,0.21272015441784298,0.6666666666666666,-2.903089986991944,0.21272015441784298,1.0,-2.690369832574101,-4.440892098500626e-16
hard_ood_40pct,11,composition_novelty,40,58,3,19.0,3,0.3333333333333333,-2.690369832574101,-4.440892098500626e-16,0.6666666666666666,-2.690369832574101,-4.440892098500626e-16,0.6666666666666666,-2.690369832574101,-4.440892098500626e-16
hard_ood_40pct,11,safe_target_novelty,40,58,3,0.0,21,0.0,-3.987162775294828,1.2967929427207268,0.0,-3.0296531237699065,0.33928329119580525,0.3333333333333333,-3.022733787572707,0.33236395499860594
hard_ood_40pct,11,obelix_same_property_static,40,58,3,38.0,2,0.6666666666666666,-2.690369832574101,-4.440892098500626e-16,1.0,-2.690369832574101,-4.440892098500626e-16,1.0,-2.690369832574101,-4.440892098500626e-16
hard_ood_40pct,11,estm_transport_neighbor_static,40,58,3,51.0,1,1.0,-2.690369832574101,-4.440892098500626e-16,1.0,-2.690369832574101,-4.440892098500626e-16,1.0,-2.690369832574101,-4.440892098500626e-16
hard_ood_40pct,11,borg_mechanical_static_control,40,58,3,3.0,18,0.0,-3.8538719643217614,1.1635021317476602,0.3333333333333333,-2.903089986991944,0.21272015441784298,1.0,-2.690369832574101,-4.440892098500626e-16
hard_ood_40pct,11,ocx_catalysis_static_control,40,58,3,0.0,41,0.0,-3.0296531237699065,0.33928329119580525,0.0,-3.0296531237699065,0.33928329119580525,0.0,-3.0296531237699065,0.33928329119580525
hard_ood_40pct,11,shuffled_obelix_static_control,40,58,3,13.0,10,0.3333333333333333,-2.690369832574101,-4.440892098500626e-16,0.6666666666666666,-2.690369832574101,-4.440892098500626e-16,0.6666666666666666,-2.690369832574101,-4.440892098500626e-16
hard_ood_40pct,11,safe_obelix_residual,40,58,3,0.0,21,0.0,-3.987162775294828,1.2967929427207268,0.0,-3.0296531237699065,0.33928329119580525,0.3333333333333333,-3.022733787572707,0.33236395499860594
hard_ood_40pct,11,safe_estm_residual,40,58,3,0.0,21,0.0,-3.987162775294828,1.2967929427207268,0.0,-3.0296531237699065,0.33928329119580525,0.3333333333333333,-3.022733787572707,0.33236395499860594
hard_ood_40pct,11,safe_borg_residual_control,40,58,3,0.0,21,0.0,-3.987162775294828,1.2967929427207268,0.0,-3.0296531237699065,0.33928329119580525,0.3333333333333333,-3.022733787572707,0.33236395499860594
hard_ood_40pct,11,safe_ocx_residual_control,40,58,3,0.0,21,0.0,-3.987162775294828,1.2967929427207268,0.0,-3.0296531237699065,0.33928329119580525,0.3333333333333333,-3.022733787572707,0.33236395499860594
hard_ood_40pct,11,safe_shuffled_obelix_control,40,58,3,0.0,21,0.0,-3.987162775294828,1.2967929427207268,0.0,-3.0296531237699065,0.33928329119580525,0.3333333333333333,-3.022733787572707,0.33236395499860594
hard_ood_40pct,11,safe_multisource_residual,40,58,3,0.0,21,0.0,-3.987162775294828,1.2967929427207268,0.0,-3.0296531237699065,0.33928329119580525,0.3333333333333333,-3.022733787572707,0.33236395499860594
hard_ood_40pct,11,safe_multisource_novelty_band,40,58,3,4.0,17,0.0,-3.0963674839157624,0.4059976513416612,0.3333333333333333,-2.903089986991944,0.21272015441784298,0.3333333333333333,-2.903089986991944,0.21272015441784298
hard_ood_40pct,12,uniform_random,40,58,3,9.0,12,0.0,-3.05453141486818,0.3641615822940789,0.3333333333333333,-2.903089986991944,0.21272015441784298,1.0,-2.690369832574101,-4.440892098500626e-16
hard_ood_40pct,12,composition_novelty,40,58,3,20.0,3,0.3333333333333333,-2.690369832574101,-4.440892098500626e-16,0.6666666666666666,-2.690369832574101,-4.440892098500626e-16,0.6666666666666666,-2.690369832574101,-4.440892098500626e-16
hard_ood_40pct,12,safe_target_novelty,40,58,3,18.0,3,0.3333333333333333,-2.690369832574101,-4.440892098500626e-16,0.3333333333333333,-2.690369832574101,-4.440892098500626e-16,0.6666666666666666,-2.690369832574101,-4.440892098500626e-16
hard_ood_40pct,12,obelix_same_property_static,40,58,3,38.0,2,0.6666666666666666,-2.690369832574101,-4.440892098500626e-16,1.0,-2.690369832574101,-4.440892098500626e-16,1.0,-2.690369832574101,-4.440892098500626e-16
hard_ood_40pct,12,estm_transport_neighbor_static,40,58,3,51.0,1,1.0,-2.690369832574101,-4.440892098500626e-16,1.0,-2.690369832574101,-4.440892098500626e-16,1.0,-2.690369832574101,-4.440892098500626e-16
hard_ood_40pct,12,borg_mechanical_static_control,40,58,3,3.0,18,0.0,-3.8538719643217614,1.1635021317476602,0.3333333333333333,-2.903089986991944,0.21272015441784298,1.0,-2.690369832574101,-4.440892098500626e-16
hard_ood_40pct,12,ocx_catalysis_static_control,40,58,3,0.0,41,0.0,-3.0296531237699065,0.33928329119580525,0.0,-3.0296531237699065,0.33928329119580525,0.0,-3.0296531237699065,0.33928329119580525
hard_ood_40pct,12,shuffled_obelix_static_control,40,58,3,0.0,21,0.0,-3.8538719643217614,1.1635021317476602,0.0,-3.05453141486818,0.3641615822940789,0.6666666666666666,-2.690369832574101,-4.440892098500626e-16
hard_ood_40pct,12,safe_obelix_residual,40,58,3,18.0,3,0.3333333333333333,-2.690369832574101,-4.440892098500626e-16,0.3333333333333333,-2.690369832574101,-4.440892098500626e-16,0.6666666666666666,-2.690369832574101,-4.440892098500626e-16
hard_ood_40pct,12,safe_estm_residual,40,58,3,18.0,3,0.3333333333333333,-2.690369832574101,-4.440892098500626e-16,0.3333333333333333,-2.690369832574101,-4.440892098500626e-16,0.6666666666666666,-2.690369832574101,-4.440892098500626e-16
hard_ood_40pct,12,safe_borg_residual_control,40,58,3,2.0,19,0.0,-3.05453141486818,0.3641615822940789,0.3333333333333333,-3.022733787572707,0.33236395499860594,0.6666666666666666,-2.903089986991944,0.21272015441784298
hard_ood_40pct,12,safe_ocx_residual_control,40,58,3,18.0,3,0.3333333333333333,-2.690369832574101,-4.440892098500626e-16,0.3333333333333333,-2.690369832574101,-4.440892098500626e-16,0.6666666666666666,-2.690369832574101,-4.440892098500626e-16
hard_ood_40pct,12,safe_shuffled_obelix_control,40,58,3,18.0,3,0.3333333333333333,-2.690369832574101,-4.440892098500626e-16,0.3333333333333333,-2.690369832574101,-4.440892098500626e-16,0.6666666666666666,-2.690369832574101,-4.440892098500626e-16
hard_ood_40pct,12,safe_multisource_residual,40,58,3,2.0,19,0.0,-3.05453141486818,0.3641615822940789,0.3333333333333333,-3.022733787572707,0.33236395499860594,0.6666666666666666,-2.690369832574101,-4.440892098500626e-16
hard_ood_40pct,12,safe_multisource_novelty_band,40,58,3,0.0,21,0.0,-3.0296531237699065,0.33928329119580525,0.0,-3.0296531237699065,0.33928329119580525,0.3333333333333333,-2.690369832574101,-4.440892098500626e-16
hard_ood_40pct,13,uniform_random,40,58,3,24.0,5,0.3333333333333333,-2.903089986991944,0.21272015441784298,0.6666666666666666,-2.903089986991944,0.21272015441784298,1.0,-2.690369832574101,-4.440892098500626e-16
hard_ood_40pct,13,composition_novelty,40,58,3,19.0,2,0.3333333333333333,-2.690369832574101,-4.440892098500626e-16,0.3333333333333333,-2.690369832574101,-4.440892098500626e-16,0.6666666666666666,-2.690369832574101,-4.440892098500626e-16
hard_ood_40pct,13,safe_target_novelty,40,58,3,18.0,3,0.3333333333333333,-2.690369832574101,-4.440892098500626e-16,0.3333333333333333,-2.690369832574101,-4.440892098500626e-16,0.6666666666666666,-2.690369832574101,-4.440892098500626e-16
hard_ood_40pct,13,obelix_same_property_static,40,58,3,38.0,2,0.6666666666666666,-2.690369832574101,-4.440892098500626e-16,1.0,-2.690369832574101,-4.440892098500626e-16,1.0,-2.690369832574101,-4.440892098500626e-16
hard_ood_40pct,13,estm_transport_neighbor_static,40,58,3,51.0,1,1.0,-2.690369832574101,-4.440892098500626e-16,1.0,-2.690369832574101,-4.440892098500626e-16,1.0,-2.690369832574101,-4.440892098500626e-16
hard_ood_40pct,13,borg_mechanical_static_control,40,58,3,3.0,18,0.0,-3.8538719643217614,1.1635021317476602,0.3333333333333333,-2.903089986991944,0.21272015441784298,1.0,-2.690369832574101,-4.440892098500626e-16
hard_ood_40pct,13,ocx_catalysis_static_control,40,58,3,0.0,41,0.0,-3.0296531237699065,0.33928329119580525,0.0,-3.0296531237699065,0.33928329119580525,0.0,-3.0296531237699065,0.33928329119580525
hard_ood_40pct,13,shuffled_obelix_static_control,40,58,3,10.0,11,0.0,-3.11747546204512,0.42710562947101893,0.3333333333333333,-2.903089986991944,0.21272015441784298,0.6666666666666666,-2.903089986991944,0.21272015441784298
hard_ood_40pct,13,safe_obelix_residual,40,58,3,25.0,1,0.3333333333333333,-2.690369832574101,-4.440892098500626e-16,0.6666666666666666,-2.690369832574101,-4.440892098500626e-16,0.6666666666666666,-2.690369832574101,-4.440892098500626e-16
hard_ood_40pct,13,safe_estm_residual,40,58,3,18.0,3,0.3333333333333333,-2.690369832574101,-4.440892098500626e-16,0.3333333333333333,-2.690369832574101,-4.440892098500626e-16,0.3333333333333333,-2.690369832574101,-4.440892098500626e-16
hard_ood_40pct,13,safe_borg_residual_control,40,58,3,18.0,3,0.3333333333333333,-2.690369832574101,-4.440892098500626e-16,0.3333333333333333,-2.690369832574101,-4.440892098500626e-16,0.6666666666666666,-2.690369832574101,-4.440892098500626e-16
hard_ood_40pct,13,safe_ocx_residual_control,40,58,3,18.0,3,0.3333333333333333,-2.690369832574101,-4.440892098500626e-16,0.3333333333333333,-2.690369832574101,-4.440892098500626e-16,0.6666666666666666,-2.690369832574101,-4.440892098500626e-16
hard_ood_40pct,13,safe_shuffled_obelix_control,40,58,3,18.0,3,0.3333333333333333,-2.690369832574101,-4.440892098500626e-16,0.3333333333333333,-2.690369832574101,-4.440892098500626e-16,0.6666666666666666,-2.690369832574101,-4.440892098500626e-16
hard_ood_40pct,13,safe_multisource_residual,40,58,3,26.0,1,0.3333333333333333,-2.690369832574101,-4.440892098500626e-16,0.6666666666666666,-2.690369832574101,-4.440892098500626e-16,0.6666666666666666,-2.690369832574101,-4.440892098500626e-16
hard_ood_40pct,13,safe_multisource_novelty_band,40,58,3,39.0,1,0.6666666666666666,-2.690369832574101,-4.440892098500626e-16,0.6666666666666666,-2.690369832574101,-4.440892098500626e-16,0.6666666666666666,-2.690369832574101,-4.440892098500626e-16
hard_ood_40pct,14,uniform_random,40,58,3,5.0,17,0.0,-5.158015195409886,2.467645362835785,0.6666666666666666,-2.690369832574101,-4.440892098500626e-16,1.0,-2.690369832574101,-4.440892098500626e-16
hard_ood_40pct,14,composition_novelty,40,58,3,19.0,2,0.3333333333333333,-2.690369832574101,-4.440892098500626e-16,0.3333333333333333,-2.690369832574101,-4.440892098500626e-16,0.6666666666666666,-2.690369832574101,-4.440892098500626e-16
hard_ood_40pct,14,safe_target_novelty,40,58,3,25.0,2,0.3333333333333333,-2.690369832574101,-4.440892098500626e-16,0.6666666666666666,-2.690369832574101,-4.440892098500626e-16,0.6666666666666666,-2.690369832574101,-4.440892098500626e-16
hard_ood_40pct,14,obelix_same_property_static,40,58,3,38.0,2,0.6666666666666666,-2.690369832574101,-4.440892098500626e-16,1.0,-2.690369832574101,-4.440892098500626e-16,1.0,-2.690369832574101,-4.440892098500626e-16
hard_ood_40pct,14,estm_transport_neighbor_static,40,58,3,51.0,1,1.0,-2.690369832574101,-4.440892098500626e-16,1.0,-2.690369832574101,-4.440892098500626e-16,1.0,-2.690369832574101,-4.440892098500626e-16
hard_ood_40pct,14,borg_mechanical_static_control,40,58,3,3.0,18,0.0,-3.8538719643217614,1.1635021317476602,0.3333333333333333,-2.903089986991944,0.21272015441784298,1.0,-2.690369832574101,-4.440892098500626e-16
hard_ood_40pct,14,ocx_catalysis_static_control,40,58,3,0.0,41,0.0,-3.0296531237699065,0.33928329119580525,0.0,-3.0296531237699065,0.33928329119580525,0.0,-3.0296531237699065,0.33928329119580525
hard_ood_40pct,14,shuffled_obelix_static_control,40,58,3,9.0,12,0.0,-3.05453141486818,0.3641615822940789,0.3333333333333333,-3.022733787572707,0.33236395499860594,1.0,-2.690369832574101,-4.440892098500626e-16
hard_ood_40pct,14,safe_obelix_residual,40,58,3,20.0,1,0.3333333333333333,-2.690369832574101,-4.440892098500626e-16,0.3333333333333333,-2.690369832574101,-4.440892098500626e-16,0.6666666666666666,-2.690369832574101,-4.440892098500626e-16
hard_ood_40pct,14,safe_estm_residual,40,58,3,26.0,2,0.3333333333333333,-2.690369832574101,-4.440892098500626e-16,0.6666666666666666,-2.690369832574101,-4.440892098500626e-16,0.6666666666666666,-2.690369832574101,-4.440892098500626e-16
hard_ood_40pct,14,safe_borg_residual_control,40,58,3,24.0,2,0.3333333333333333,-2.690369832574101,-4.440892098500626e-16,0.6666666666666666,-2.690369832574101,-4.440892098500626e-16,0.6666666666666666,-2.690369832574101,-4.440892098500626e-16
hard_ood_40pct,14,safe_ocx_residual_control,40,58,3,26.0,2,0.3333333333333333,-2.690369832574101,-4.440892098500626e-16,0.6666666666666666,-2.690369832574101,-4.440892098500626e-16,0.6666666666666666,-2.690369832574101,-4.440892098500626e-16
hard_ood_40pct,14,safe_shuffled_obelix_control,40,58,3,25.0,2,0.3333333333333333,-2.690369832574101,-4.440892098500626e-16,0.6666666666666666,-2.690369832574101,-4.440892098500626e-16,0.6666666666666666,-2.690369832574101,-4.440892098500626e-16
hard_ood_40pct,14,safe_multisource_residual,40,58,3,20.0,1,0.3333333333333333,-2.690369832574101,-4.440892098500626e-16,0.3333333333333333,-2.690369832574101,-4.440892098500626e-16,0.6666666666666666,-2.690369832574101,-4.440892098500626e-16
hard_ood_40pct,14,safe_multisource_novelty_band,40,58,3,36.0,1,0.6666666666666666,-2.690369832574101,-4.440892098500626e-16,0.6666666666666666,-2.690369832574101,-4.440892098500626e-16,0.6666666666666666,-2.690369832574101,-4.440892098500626e-16
hard_ood_40pct,15,uniform_random,40,58,3,11.0,14,0.0,-3.05453141486818,0.3641615822940789,0.6666666666666666,-2.690369832574101,-4.440892098500626e-16,1.0,-2.690369832574101,-4.440892098500626e-16
hard_ood_40pct,15,composition_novelty,40,58,3,21.0,2,0.3333333333333333,-2.690369832574101,-4.440892098500626e-16,0.6666666666666666,-2.690369832574101,-4.440892098500626e-16,0.6666666666666666,-2.690369832574101,-4.440892098500626e-16
hard_ood_40pct,15,safe_target_novelty,40,58,3,0.0,25,0.0,-3.0296531237699065,0.33928329119580525,0.0,-3.0296531237699065,0.33928329119580525,0.3333333333333333,-3.022733787572707,0.33236395499860594
hard_ood_40pct,15,obelix_same_property_static,40,58,3,38.0,2,0.6666666666666666,-2.690369832574101,-4.440892098500626e-16,1.0,-2.690369832574101,-4.440892098500626e-16,1.0,-2.690369832574101,-4.440892098500626e-16
hard_ood_40pct,15,estm_transport_neighbor_static,40,58,3,51.0,1,1.0,-2.690369832574101,-4.440892098500626e-16,1.0,-2.690369832574101,-4.440892098500626e-16,1.0,-2.690369832574101,-4.440892098500626e-16
hard_ood_40pct,15,borg_mechanical_static_control,40,58,3,3.0,18,0.0,-3.8538719643217614,1.1635021317476602,0.3333333333333333,-2.903089986991944,0.21272015441784298,1.0,-2.690369832574101,-4.440892098500626e-16
hard_ood_40pct,15,ocx_catalysis_static_control,40,58,3,0.0,41,0.0,-3.0296531237699065,0.33928329119580525,0.0,-3.0296531237699065,0.33928329119580525,0.0,-3.0296531237699065,0.33928329119580525
hard_ood_40pct,15,shuffled_obelix_static_control,40,58,3,37.0,2,0.6666666666666666,-2.690369832574101,-4.440892098500626e-16,1.0,-2.690369832574101,-4.440892098500626e-16,1.0,-2.690369832574101,-4.440892098500626e-16
hard_ood_40pct,15,safe_obelix_residual,40,58,3,19.0,2,0.3333333333333333,-2.903089986991944,0.21272015441784298,0.3333333333333333,-2.903089986991944,0.21272015441784298,0.3333333333333333,-2.903089986991944,0.21272015441784298
hard_ood_40pct,15,safe_estm_residual,40,58,3,0.0,25,0.0,-3.0296531237699065,0.33928329119580525,0.0,-3.0296531237699065,0.33928329119580525,0.3333333333333333,-3.022733787572707,0.33236395499860594
hard_ood_40pct,15,safe_borg_residual_control,40,58,3,0.0,25,0.0,-3.0296531237699065,0.33928329119580525,0.0,-3.0296531237699065,0.33928329119580525,0.3333333333333333,-3.022733787572707,0.33236395499860594
hard_ood_40pct,15,safe_ocx_residual_control,40,58,3,0.0,25,0.0,-3.0296531237699065,0.33928329119580525,0.0,-3.0296531237699065,0.33928329119580525,0.3333333333333333,-3.022733787572707,0.33236395499860594
hard_ood_40pct,15,safe_shuffled_obelix_control,40,58,3,0.0,25,0.0,-3.0296531237699065,0.33928329119580525,0.0,-3.0296531237699065,0.33928329119580525,0.3333333333333333,-3.022733787572707,0.33236395499860594
hard_ood_40pct,15,safe_multisource_residual,40,58,3,19.0,2,0.3333333333333333,-2.903089986991944,0.21272015441784298,0.3333333333333333,-2.903089986991944,0.21272015441784298,0.3333333333333333,-2.903089986991944,0.21272015441784298
hard_ood_40pct,15,safe_multisource_novelty_band,40,58,3,19.0,2,0.3333333333333333,-2.903089986991944,0.21272015441784298,0.3333333333333333,-2.903089986991944,0.21272015441784298,0.3333333333333333,-2.903089986991944,0.21272015441784298
hard_ood_40pct,16,uniform_random,40,58,3,19.0,2,0.3333333333333333,-2.903089986991944,0.21272015441784298,0.3333333333333333,-2.903089986991944,0.21272015441784298,0.3333333333333333,-2.903089986991944,0.21272015441784298
hard_ood_40pct,16,composition_novelty,40,58,3,19.0,3,0.3333333333333333,-2.690369832574101,-4.440892098500626e-16,0.6666666666666666,-2.690369832574101,-4.440892098500626e-16,0.6666666666666666,-2.690369832574101,-4.440892098500626e-16
hard_ood_40pct,16,safe_target_novelty,40,58,3,17.0,4,0.3333333333333333,-2.690369832574101,-4.440892098500626e-16,0.3333333333333333,-2.690369832574101,-4.440892098500626e-16,0.3333333333333333,-2.690369832574101,-4.440892098500626e-16
hard_ood_40pct,16,obelix_same_property_static,40,58,3,38.0,2,0.6666666666666666,-2.690369832574101,-4.440892098500626e-16,1.0,-2.690369832574101,-4.440892098500626e-16,1.0,-2.690369832574101,-4.440892098500626e-16
hard_ood_40pct,16,estm_transport_neighbor_static,40,58,3,51.0,1,1.0,-2.690369832574101,-4.440892098500626e-16,1.0,-2.690369832574101,-4.440892098500626e-16,1.0,-2.690369832574101,-4.440892098500626e-16
hard_ood_40pct,16,borg_mechanical_static_control,40,58,3,3.0,18,0.0,-3.8538719643217614,1.1635021317476602,0.3333333333333333,-2.903089986991944,0.21272015441784298,1.0,-2.690369832574101,-4.440892098500626e-16
hard_ood_40pct,16,ocx_catalysis_static_control,40,58,3,0.0,41,0.0,-3.0296531237699065,0.33928329119580525,0.0,-3.0296531237699065,0.33928329119580525,0.0,-3.0296531237699065,0.33928329119580525
hard_ood_40pct,16,shuffled_obelix_static_control,40,58,3,0.0,29,0.0,-3.0296531237699065,0.33928329119580525,0.0,-3.0296531237699065,0.33928329119580525,0.3333333333333333,-2.903089986991944,0.21272015441784298
hard_ood_40pct,16,safe_obelix_residual,40,58,3,20.0,2,0.3333333333333333,-2.690369832574101,-4.440892098500626e-16,0.6666666666666666,-2.690369832574101,-4.440892098500626e-16,0.6666666666666666,-2.690369832574101,-4.440892098500626e-16
hard_ood_40pct,16,safe_estm_residual,40,58,3,17.0,4,0.3333333333333333,-2.690369832574101,-4.440892098500626e-16,0.3333333333333333,-2.690369832574101,-4.440892098500626e-16,0.3333333333333333,-2.690369832574101,-4.440892098500626e-16
hard_ood_40pct,16,safe_borg_residual_control,40,58,3,17.0,4,0.3333333333333333,-2.690369832574101,-4.440892098500626e-16,0.3333333333333333,-2.690369832574101,-4.440892098500626e-16,0.3333333333333333,-2.690369832574101,-4.440892098500626e-16
hard_ood_40pct,16,safe_ocx_residual_control,40,58,3,17.0,4,0.3333333333333333,-2.690369832574101,-4.440892098500626e-16,0.3333333333333333,-2.690369832574101,-4.440892098500626e-16,0.3333333333333333,-2.690369832574101,-4.440892098500626e-16
hard_ood_40pct,16,safe_shuffled_obelix_control,40,58,3,17.0,4,0.3333333333333333,-2.690369832574101,-4.440892098500626e-16,0.3333333333333333,-2.690369832574101,-4.440892098500626e-16,0.3333333333333333,-2.690369832574101,-4.440892098500626e-16
hard_ood_40pct,16,safe_multisource_residual,40,58,3,24.0,2,0.3333333333333333,-2.690369832574101,-4.440892098500626e-16,0.6666666666666666,-2.690369832574101,-4.440892098500626e-16,0.6666666666666666,-2.690369832574101,-4.440892098500626e-16
hard_ood_40pct,16,safe_multisource_novelty_band,40,58,3,19.0,2,0.3333333333333333,-2.903089986991944,0.21272015441784298,0.3333333333333333,-2.903089986991944,0.21272015441784298,0.6666666666666666,-2.690369832574101,-4.440892098500626e-16
hard_ood_40pct,17,uniform_random,40,58,3,4.0,17,0.0,-4.129011186239425,1.4386413536653238,0.3333333333333333,-2.903089986991944,0.21272015441784298,0.3333333333333333,-2.903089986991944,0.21272015441784298
hard_ood_40pct,17,composition_novelty,40,58,3,19.0,3,0.3333333333333333,-2.690369832574101,-4.440892098500626e-16,0.6666666666666666,-2.690369832574101,-4.440892098500626e-16,0.6666666666666666,-2.690369832574101,-4.440892098500626e-16
hard_ood_40pct,17,safe_target_novelty,40,58,3,0.0,25,0.0,-3.0296531237699065,0.33928329119580525,0.0,-3.0296531237699065,0.33928329119580525,0.6666666666666666,-2.690369832574101,-4.440892098500626e-16
hard_ood_40pct,17,obelix_same_property_static,40,58,3,38.0,2,0.6666666666666666,-2.690369832574101,-4.440892098500626e-16,1.0,-2.690369832574101,-4.440892098500626e-16,1.0,-2.690369832574101,-4.440892098500626e-16
hard_ood_40pct,17,estm_transport_neighbor_static,40,58,3,51.0,1,1.0,-2.690369832574101,-4.440892098500626e-16,1.0,-2.690369832574101,-4.440892098500626e-16,1.0,-2.690369832574101,-4.440892098500626e-16
hard_ood_40pct,17,borg_mechanical_static_control,40,58,3,3.0,18,0.0,-3.8538719643217614,1.1635021317476602,0.3333333333333333,-2.903089986991944,0.21272015441784298,1.0,-2.690369832574101,-4.440892098500626e-16
hard_ood_40pct,17,ocx_catalysis_static_control,40,58,3,0.0,41,0.0,-3.0296531237699065,0.33928329119580525,0.0,-3.0296531237699065,0.33928329119580525,0.0,-3.0296531237699065,0.33928329119580525
hard_ood_40pct,17,shuffled_obelix_static_control,40,58,3,2.0,19,0.0,-3.0963674839157624,0.4059976513416612,0.3333333333333333,-2.903089986991944,0.21272015441784298,1.0,-2.690369832574101,-4.440892098500626e-16
hard_ood_40pct,17,safe_obelix_residual,40,58,3,0.0,25,0.0,-3.0296531237699065,0.33928329119580525,0.0,-3.0296531237699065,0.33928329119580525,0.6666666666666666,-2.690369832574101,-4.440892098500626e-16
hard_ood_40pct,17,safe_estm_residual,40,58,3,16.0,5,0.3333333333333333,-2.690369832574101,-4.440892098500626e-16,0.3333333333333333,-2.690369832574101,-4.440892098500626e-16,0.6666666666666666,-2.690369832574101,-4.440892098500626e-16
hard_ood_40pct,17,safe_borg_residual_control,40,58,3,9.0,12,0.0,-4.471083299722345,1.7807134671482436,0.3333333333333333,-2.903089986991944,0.21272015441784298,0.3333333333333333,-2.903089986991944,0.21272015441784298
hard_ood_40pct,17,safe_ocx_residual_control,40,58,3,9.0,12,0.0,-4.471083299722345,1.7807134671482436,0.3333333333333333,-2.903089986991944,0.21272015441784298,0.3333333333333333,-2.903089986991944,0.21272015441784298
hard_ood_40pct,17,safe_shuffled_obelix_control,40,58,3,5.0,16,0.0,-3.05453141486818,0.3641615822940789,0.3333333333333333,-3.022733787572707,0.33236395499860594,0.3333333333333333,-3.022733787572707,0.33236395499860594
hard_ood_40pct,17,safe_multisource_residual,40,58,3,11.0,11,0.0,-4.471083299722345,1.7807134671482436,0.6666666666666666,-2.690369832574101,-4.440892098500626e-16,0.6666666666666666,-2.690369832574101,-4.440892098500626e-16
hard_ood_40pct,17,safe_multisource_novelty_band,40,58,3,0.0,21,0.0,-3.0296531237699065,0.33928329119580525,0.0,-3.0296531237699065,0.33928329119580525,0.3333333333333333,-2.690369832574101,-4.440892098500626e-16
hard_ood_40pct,18,uniform_random,40,58,3,19.0,9,0.3333333333333333,-3.022733787572707,0.33236395499860594,0.6666666666666666,-2.690369832574101,-4.440892098500626e-16,1.0,-2.690369832574101,-4.440892098500626e-16
hard_ood_40pct,18,composition_novelty,40,58,3,18.0,3,0.3333333333333333,-2.690369832574101,-4.440892098500626e-16,0.3333333333333333,-2.690369832574101,-4.440892098500626e-16,0.6666666666666666,-2.690369832574101,-4.440892098500626e-16
hard_ood_40pct,18,safe_target_novelty,40,58,3,4.0,17,0.0,-3.0296531237699065,0.33928329119580525,0.3333333333333333,-3.022733787572707,0.33236395499860594,0.3333333333333333,-3.022733787572707,0.33236395499860594
hard_ood_40pct,18,obelix_same_property_static,40,58,3,38.0,2,0.6666666666666666,-2.690369832574101,-4.440892098500626e-16,1.0,-2.690369832574101,-4.440892098500626e-16,1.0,-2.690369832574101,-4.440892098500626e-16
hard_ood_40pct,18,estm_transport_neighbor_static,40,58,3,51.0,1,1.0,-2.690369832574101,-4.440892098500626e-16,1.0,-2.690369832574101,-4.440892098500626e-16,1.0,-2.690369832574101,-4.440892098500626e-16
hard_ood_40pct,18,borg_mechanical_static_control,40,58,3,3.0,18,0.0,-3.8538719643217614,1.1635021317476602,0.3333333333333333,-2.903089986991944,0.21272015441784298,1.0,-2.690369832574101,-4.440892098500626e-16
hard_ood_40pct,18,ocx_catalysis_static_control,40,58,3,0.0,41,0.0,-3.0296531237699065,0.33928329119580525,0.0,-3.0296531237699065,0.33928329119580525,0.0,-3.0296531237699065,0.33928329119580525
hard_ood_40pct,18,shuffled_obelix_static_control,40,58,3,0.0,23,0.0,-3.11747546204512,0.42710562947101893,0.0,-3.05453141486818,0.3641615822940789,0.3333333333333333,-2.903089986991944,0.21272015441784298
hard_ood_40pct,18,safe_obelix_residual,40,58,3,9.0,12,0.0,-3.0963674839157624,0.4059976513416612,0.3333333333333333,-2.903089986991944,0.21272015441784298,0.3333333333333333,-2.903089986991944,0.21272015441784298
hard_ood_40pct,18,safe_estm_residual,40,58,3,4.0,17,0.0,-3.0296531237699065,0.33928329119580525,0.3333333333333333,-3.022733787572707,0.33236395499860594,0.3333333333333333,-3.022733787572707,0.33236395499860594
hard_ood_40pct,18,safe_borg_residual_control,40,58,3,4.0,17,0.0,-3.0296531237699065,0.33928329119580525,0.3333333333333333,-3.022733787572707,0.33236395499860594,0.3333333333333333,-3.022733787572707,0.33236395499860594
hard_ood_40pct,18,safe_ocx_residual_control,40,58,3,4.0,17,0.0,-3.0296531237699065,0.33928329119580525,0.3333333333333333,-3.022733787572707,0.33236395499860594,0.3333333333333333,-3.022733787572707,0.33236395499860594
hard_ood_40pct,18,safe_shuffled_obelix_control,40,58,3,4.0,17,0.0,-3.0296531237699065,0.33928329119580525,0.3333333333333333,-3.022733787572707,0.33236395499860594,0.3333333333333333,-3.022733787572707,0.33236395499860594
hard_ood_40pct,18,safe_multisource_residual,40,58,3,0.0,37,0.0,-3.0296531237699065,0.33928329119580525,0.0,-3.0296531237699065,0.33928329119580525,0.3333333333333333,-3.022733787572707,0.33236395499860594
hard_ood_40pct,18,safe_multisource_novelty_band,40,58,3,0.0,26,0.0,-3.0296531237699065,0.33928329119580525,0.0,-3.0296531237699065,0.33928329119580525,0.3333333333333333,-3.022733787572707,0.33236395499860594
hard_ood_40pct,19,uniform_random,40,58,3,0.0,25,0.0,-3.3809643969347203,0.6905945643606191,0.0,-3.05453141486818,0.3641615822940789,0.3333333333333333,-2.903089986991944,0.21272015441784298
hard_ood_40pct,19,composition_novelty,40,58,3,18.0,3,0.3333333333333333,-2.690369832574101,-4.440892098500626e-16,0.3333333333333333,-2.690369832574101,-4.440892098500626e-16,0.6666666666666666,-2.690369832574101,-4.440892098500626e-16
hard_ood_40pct,19,safe_target_novelty,40,58,3,17.0,4,0.3333333333333333,-2.690369832574101,-4.440892098500626e-16,0.3333333333333333,-2.690369832574101,-4.440892098500626e-16,0.3333333333333333,-2.690369832574101,-4.440892098500626e-16
hard_ood_40pct,19,obelix_same_property_static,40,58,3,38.0,2,0.6666666666666666,-2.690369832574101,-4.440892098500626e-16,1.0,-2.690369832574101,-4.440892098500626e-16,1.0,-2.690369832574101,-4.440892098500626e-16
hard_ood_40pct,19,estm_transport_neighbor_static,40,58,3,51.0,1,1.0,-2.690369832574101,-4.440892098500626e-16,1.0,-2.690369832574101,-4.440892098500626e-16,1.0,-2.690369832574101,-4.440892098500626e-16
hard_ood_40pct,19,borg_mechanical_static_control,40,58,3,3.0,18,0.0,-3.8538719643217614,1.1635021317476602,0.3333333333333333,-2.903089986991944,0.21272015441784298,1.0,-2.690369832574101,-4.440892098500626e-16
hard_ood_40pct,19,ocx_catalysis_static_control,40,58,3,0.0,41,0.0,-3.0296531237699065,0.33928329119580525,0.0,-3.0296531237699065,0.33928329119580525,0.0,-3.0296531237699065,0.33928329119580525
hard_ood_40pct,19,shuffled_obelix_static_control,40,58,3,10.0,11,0.0,-3.987162775294828,1.2967929427207268,0.3333333333333333,-3.022733787572707,0.33236395499860594,0.6666666666666666,-2.690369832574101,-4.440892098500626e-16
hard_ood_40pct,19,safe_obelix_residual,40,58,3,17.0,4,0.3333333333333333,-2.690369832574101,-4.440892098500626e-16,0.3333333333333333,-2.690369832574101,-4.440892098500626e-16,0.3333333333333333,-2.690369832574101,-4.440892098500626e-16
hard_ood_40pct,19,safe_estm_residual,40,58,3,17.0,4,0.3333333333333333,-2.690369832574101,-4.440892098500626e-16,0.3333333333333333,-2.690369832574101,-4.440892098500626e-16,0.3333333333333333,-2.690369832574101,-4.440892098500626e-16
hard_ood_40pct,19,safe_borg_residual_control,40,58,3,17.0,4,0.3333333333333333,-2.690369832574101,-4.440892098500626e-16,0.3333333333333333,-2.690369832574101,-4.440892098500626e-16,0.3333333333333333,-2.690369832574101,-4.440892098500626e-16
hard_ood_40pct,19,safe_ocx_residual_control,40,58,3,17.0,4,0.3333333333333333,-2.690369832574101,-4.440892098500626e-16,0.3333333333333333,-2.690369832574101,-4.440892098500626e-16,0.6666666666666666,-2.690369832574101,-4.440892098500626e-16
hard_ood_40pct,19,safe_shuffled_obelix_control,40,58,3,25.0,4,0.3333333333333333,-2.690369832574101,-4.440892098500626e-16,0.6666666666666666,-2.690369832574101,-4.440892098500626e-16,0.6666666666666666,-2.690369832574101,-4.440892098500626e-16
hard_ood_40pct,19,safe_multisource_residual,40,58,3,17.0,4,0.3333333333333333,-2.690369832574101,-4.440892098500626e-16,0.3333333333333333,-2.690369832574101,-4.440892098500626e-16,0.3333333333333333,-2.690369832574101,-4.440892098500626e-16
hard_ood_40pct,19,safe_multisource_novelty_band,40,58,3,3.0,19,0.0,-4.471083299722345,1.7807134671482436,0.6666666666666666,-2.690369832574101,-4.440892098500626e-16,0.6666666666666666,-2.690369832574101,-4.440892098500626e-16
hard_ood_40pct,20,uniform_random,40,58,3,18.0,3,0.3333333333333333,-3.022733787572707,0.33236395499860594,0.3333333333333333,-3.022733787572707,0.33236395499860594,1.0,-2.690369832574101,-4.440892098500626e-16
hard_ood_40pct,20,composition_novelty,40,58,3,20.0,3,0.3333333333333333,-2.690369832574101,-4.440892098500626e-16,0.6666666666666666,-2.690369832574101,-4.440892098500626e-16,0.6666666666666666,-2.690369832574101,-4.440892098500626e-16
hard_ood_40pct,20,safe_target_novelty,40,58,3,19.0,2,0.3333333333333333,-2.690369832574101,-4.440892098500626e-16,0.3333333333333333,-2.690369832574101,-4.440892098500626e-16,0.3333333333333333,-2.690369832574101,-4.440892098500626e-16
hard_ood_40pct,20,obelix_same_property_static,40,58,3,38.0,2,0.6666666666666666,-2.690369832574101,-4.440892098500626e-16,1.0,-2.690369832574101,-4.440892098500626e-16,1.0,-2.690369832574101,-4.440892098500626e-16
hard_ood_40pct,20,estm_transport_neighbor_static,40,58,3,51.0,1,1.0,-2.690369832574101,-4.440892098500626e-16,1.0,-2.690369832574101,-4.440892098500626e-16,1.0,-2.690369832574101,-4.440892098500626e-16
hard_ood_40pct,20,borg_mechanical_static_control,40,58,3,3.0,18,0.0,-3.8538719643217614,1.1635021317476602,0.3333333333333333,-2.903089986991944,0.21272015441784298,1.0,-2.690369832574101,-4.440892098500626e-16
hard_ood_40pct,20,ocx_catalysis_static_control,40,58,3,0.0,41,0.0,-3.0296531237699065,0.33928329119580525,0.0,-3.0296531237699065,0.33928329119580525,0.0,-3.0296531237699065,0.33928329119580525
hard_ood_40pct,20,shuffled_obelix_static_control,40,58,3,21.0,1,0.3333333333333333,-3.022733787572707,0.33236395499860594,0.6666666666666666,-2.903089986991944,0.21272015441784298,1.0,-2.690369832574101,-4.440892098500626e-16
hard_ood_40pct,20,safe_obelix_residual,40,58,3,20.0,1,0.3333333333333333,-2.690369832574101,-4.440892098500626e-16,0.3333333333333333,-2.690369832574101,-4.440892098500626e-16,0.3333333333333333,-2.690369832574101,-4.440892098500626e-16
hard_ood_40pct,20,safe_estm_residual,40,58,3,19.0,2,0.3333333333333333,-2.690369832574101,-4.440892098500626e-16,0.3333333333333333,-2.690369832574101,-4.440892098500626e-16,0.6666666666666666,-2.690369832574101,-4.440892098500626e-16
hard_ood_40pct,20,safe_borg_residual_control,40,58,3,19.0,2,0.3333333333333333,-2.690369832574101,-4.440892098500626e-16,0.3333333333333333,-2.690369832574101,-4.440892098500626e-16,0.3333333333333333,-2.690369832574101,-4.440892098500626e-16
hard_ood_40pct,20,safe_ocx_residual_control,40,58,3,19.0,2,0.3333333333333333,-2.690369832574101,-4.440892098500626e-16,0.3333333333333333,-2.690369832574101,-4.440892098500626e-16,0.3333333333333333,-2.690369832574101,-4.440892098500626e-16
hard_ood_40pct,20,safe_shuffled_obelix_control,40,58,3,19.0,2,0.3333333333333333,-2.690369832574101,-4.440892098500626e-16,0.3333333333333333,-2.690369832574101,-4.440892098500626e-16,0.3333333333333333,-2.690369832574101,-4.440892098500626e-16
hard_ood_40pct,20,safe_multisource_residual,40,58,3,20.0,1,0.3333333333333333,-2.690369832574101,-4.440892098500626e-16,0.3333333333333333,-2.690369832574101,-4.440892098500626e-16,0.6666666666666666,-2.690369832574101,-4.440892098500626e-16
hard_ood_40pct,20,safe_multisource_novelty_band,40,58,3,37.0,2,0.6666666666666666,-2.690369832574101,-4.440892098500626e-16,0.6666666666666666,-2.690369832574101,-4.440892098500626e-16,0.6666666666666666,-2.690369832574101,-4.440892098500626e-16
hard_ood_40pct,21,uniform_random,40,58,3,15.0,6,0.3333333333333333,-2.903089986991944,0.21272015441784298,0.3333333333333333,-2.903089986991944,0.21272015441784298,0.6666666666666666,-2.903089986991944,0.21272015441784298
hard_ood_40pct,21,composition_novelty,40,58,3,18.0,3,0.3333333333333333,-2.690369832574101,-4.440892098500626e-16,0.3333333333333333,-2.690369832574101,-4.440892098500626e-16,0.6666666666666666,-2.690369832574101,-4.440892098500626e-16
hard_ood_40pct,21,safe_target_novelty,40,58,3,27.0,3,0.3333333333333333,-2.690369832574101,-4.440892098500626e-16,0.6666666666666666,-2.690369832574101,-4.440892098500626e-16,0.6666666666666666,-2.690369832574101,-4.440892098500626e-16
hard_ood_40pct,21,obelix_same_property_static,40,58,3,38.0,2,0.6666666666666666,-2.690369832574101,-4.440892098500626e-16,1.0,-2.690369832574101,-4.440892098500626e-16,1.0,-2.690369832574101,-4.440892098500626e-16
hard_ood_40pct,21,estm_transport_neighbor_static,40,58,3,51.0,1,1.0,-2.690369832574101,-4.440892098500626e-16,1.0,-2.690369832574101,-4.440892098500626e-16,1.0,-2.690369832574101,-4.440892098500626e-16
hard_ood_40pct,21,borg_mechanical_static_control,40,58,3,3.0,18,0.0,-3.8538719643217614,1.1635021317476602,0.3333333333333333,-2.903089986991944,0.21272015441784298,1.0,-2.690369832574101,-4.440892098500626e-16
hard_ood_40pct,21,ocx_catalysis_static_control,40,58,3,0.0,41,0.0,-3.0296531237699065,0.33928329119580525,0.0,-3.0296531237699065,0.33928329119580525,0.0,-3.0296531237699065,0.33928329119580525
hard_ood_40pct,21,shuffled_obelix_static_control,40,58,3,9.0,12,0.0,-3.8538719643217614,1.1635021317476602,0.3333333333333333,-3.022733787572707,0.33236395499860594,0.6666666666666666,-2.690369832574101,-4.440892098500626e-16
hard_ood_40pct,21,safe_obelix_residual,40,58,3,27.0,3,0.3333333333333333,-2.690369832574101,-4.440892098500626e-16,0.6666666666666666,-2.690369832574101,-4.440892098500626e-16,0.6666666666666666,-2.690369832574101,-4.440892098500626e-16
hard_ood_40pct,21,safe_estm_residual,40,58,3,27.0,3,0.3333333333333333,-2.690369832574101,-4.440892098500626e-16,0.6666666666666666,-2.690369832574101,-4.440892098500626e-16,0.6666666666666666,-2.690369832574101,-4.440892098500626e-16
hard_ood_40pct,21,safe_borg_residual_control,40,58,3,27.0,3,0.3333333333333333,-2.690369832574101,-4.440892098500626e-16,0.6666666666666666,-2.690369832574101,-4.440892098500626e-16,0.6666666666666666,-2.690369832574101,-4.440892098500626e-16
hard_ood_40pct,21,safe_ocx_residual_control,40,58,3,27.0,3,0.3333333333333333,-2.690369832574101,-4.440892098500626e-16,0.6666666666666666,-2.690369832574101,-4.440892098500626e-16,0.6666666666666666,-2.690369832574101,-4.440892098500626e-16
hard_ood_40pct,21,safe_shuffled_obelix_control,40,58,3,23.0,3,0.3333333333333333,-2.690369832574101,-4.440892098500626e-16,0.6666666666666666,-2.690369832574101,-4.440892098500626e-16,0.6666666666666666,-2.690369832574101,-4.440892098500626e-16
hard_ood_40pct,21,safe_multisource_residual,40,58,3,27.0,3,0.3333333333333333,-2.690369832574101,-4.440892098500626e-16,0.6666666666666666,-2.690369832574101,-4.440892098500626e-16,0.6666666666666666,-2.690369832574101,-4.440892098500626e-16
hard_ood_40pct,21,safe_multisource_novelty_band,40,58,3,29.0,3,0.6666666666666666,-2.690369832574101,-4.440892098500626e-16,0.6666666666666666,-2.690369832574101,-4.440892098500626e-16,0.6666666666666666,-2.690369832574101,-4.440892098500626e-16
hard_ood_40pct,22,uniform_random,40,58,3,0.0,36,0.0,-3.05453141486818,0.3641615822940789,0.0,-3.05453141486818,0.3641615822940789,0.3333333333333333,-3.022733787572707,0.33236395499860594
hard_ood_40pct,22,composition_novelty,40,58,3,19.0,3,0.3333333333333333,-2.690369832574101,-4.440892098500626e-16,0.6666666666666666,-2.690369832574101,-4.440892098500626e-16,0.6666666666666666,-2.690369832574101,-4.440892098500626e-16
hard_ood_40pct,22,safe_target_novelty,40,58,3,19.0,3,0.3333333333333333,-2.690369832574101,-4.440892098500626e-16,0.6666666666666666,-2.690369832574101,-4.440892098500626e-16,0.6666666666666666,-2.690369832574101,-4.440892098500626e-16
hard_ood_40pct,22,obelix_same_property_static,40,58,3,38.0,2,0.6666666666666666,-2.690369832574101,-4.440892098500626e-16,1.0,-2.690369832574101,-4.440892098500626e-16,1.0,-2.690369832574101,-4.440892098500626e-16
hard_ood_40pct,22,estm_transport_neighbor_static,40,58,3,51.0,1,1.0,-2.690369832574101,-4.440892098500626e-16,1.0,-2.690369832574101,-4.440892098500626e-16,1.0,-2.690369832574101,-4.440892098500626e-16
hard_ood_40pct,22,borg_mechanical_static_control,40,58,3,3.0,18,0.0,-3.8538719643217614,1.1635021317476602,0.3333333333333333,-2.903089986991944,0.21272015441784298,1.0,-2.690369832574101,-4.440892098500626e-16
hard_ood_40pct,22,ocx_catalysis_static_control,40,58,3,0.0,41,0.0,-3.0296531237699065,0.33928329119580525,0.0,-3.0296531237699065,0.33928329119580525,0.0,-3.0296531237699065,0.33928329119580525
hard_ood_40pct,22,shuffled_obelix_static_control,40,58,3,7.0,14,0.0,-4.129011186239425,1.4386413536653238,0.3333333333333333,-2.690369832574101,-4.440892098500626e-16,1.0,-2.690369832574101,-4.440892098500626e-16
hard_ood_40pct,22,safe_obelix_residual,40,58,3,18.0,3,0.3333333333333333,-2.690369832574101,-4.440892098500626e-16,0.3333333333333333,-2.690369832574101,-4.440892098500626e-16,0.6666666666666666,-2.690369832574101,-4.440892098500626e-16
hard_ood_40pct,22,safe_estm_residual,40,58,3,19.0,3,0.3333333333333333,-2.690369832574101,-4.440892098500626e-16,0.6666666666666666,-2.690369832574101,-4.440892098500626e-16,0.6666666666666666,-2.690369832574101,-4.440892098500626e-16
hard_ood_40pct,22,safe_borg_residual_control,40,58,3,19.0,3,0.3333333333333333,-2.690369832574101,-4.440892098500626e-16,0.6666666666666666,-2.690369832574101,-4.440892098500626e-16,0.6666666666666666,-2.690369832574101,-4.440892098500626e-16
hard_ood_40pct,22,safe_ocx_residual_control,40,58,3,19.0,3,0.3333333333333333,-2.690369832574101,-4.440892098500626e-16,0.6666666666666666,-2.690369832574101,-4.440892098500626e-16,0.6666666666666666,-2.690369832574101,-4.440892098500626e-16
hard_ood_40pct,22,safe_shuffled_obelix_control,40,58,3,19.0,3,0.3333333333333333,-2.690369832574101,-4.440892098500626e-16,0.6666666666666666,-2.690369832574101,-4.440892098500626e-16,0.6666666666666666,-2.690369832574101,-4.440892098500626e-16
hard_ood_40pct,22,safe_multisource_residual,40,58,3,18.0,3,0.3333333333333333,-2.690369832574101,-4.440892098500626e-16,0.3333333333333333,-2.690369832574101,-4.440892098500626e-16,0.6666666666666666,-2.690369832574101,-4.440892098500626e-16
hard_ood_40pct,22,safe_multisource_novelty_band,40,58,3,27.0,3,0.3333333333333333,-2.690369832574101,-4.440892098500626e-16,0.6666666666666666,-2.690369832574101,-4.440892098500626e-16,0.6666666666666666,-2.690369832574101,-4.440892098500626e-16
hard_ood_40pct,23,uniform_random,40,58,3,11.0,10,0.3333333333333333,-3.022733787572707,0.33236395499860594,0.3333333333333333,-3.022733787572707,0.33236395499860594,1.0,-2.690369832574101,-4.440892098500626e-16
hard_ood_40pct,23,composition_novelty,40,58,3,13.0,8,0.3333333333333333,-2.690369832574101,-4.440892098500626e-16,0.3333333333333333,-2.690369832574101,-4.440892098500626e-16,0.6666666666666666,-2.690369832574101,-4.440892098500626e-16
hard_ood_40pct,23,safe_target_novelty,40,58,3,19.0,8,0.3333333333333333,-2.690369832574101,-4.440892098500626e-16,0.6666666666666666,-2.690369832574101,-4.440892098500626e-16,0.6666666666666666,-2.690369832574101,-4.440892098500626e-16
hard_ood_40pct,23,obelix_same_property_static,40,58,3,38.0,2,0.6666666666666666,-2.690369832574101,-4.440892098500626e-16,1.0,-2.690369832574101,-4.440892098500626e-16,1.0,-2.690369832574101,-4.440892098500626e-16
hard_ood_40pct,23,estm_transport_neighbor_static,40,58,3,51.0,1,1.0,-2.690369832574101,-4.440892098500626e-16,1.0,-2.690369832574101,-4.440892098500626e-16,1.0,-2.690369832574101,-4.440892098500626e-16
hard_ood_40pct,23,borg_mechanical_static_control,40,58,3,3.0,18,0.0,-3.8538719643217614,1.1635021317476602,0.3333333333333333,-2.903089986991944,0.21272015441784298,1.0,-2.690369832574101,-4.440892098500626e-16
hard_ood_40pct,23,ocx_catalysis_static_control,40,58,3,0.0,41,0.0,-3.0296531237699065,0.33928329119580525,0.0,-3.0296531237699065,0.33928329119580525,0.0,-3.0296531237699065,0.33928329119580525
hard_ood_40pct,23,shuffled_obelix_static_control,40,58,3,11.0,12,0.0,-5.158015195409886,2.467645362835785,0.6666666666666666,-2.690369832574101,-4.440892098500626e-16,1.0,-2.690369832574101,-4.440892098500626e-16
hard_ood_40pct,23,safe_obelix_residual,40,58,3,18.0,9,0.3333333333333333,-2.690369832574101,-4.440892098500626e-16,0.6666666666666666,-2.690369832574101,-4.440892098500626e-16,0.6666666666666666,-2.690369832574101,-4.440892098500626e-16
hard_ood_40pct,23,safe_estm_residual,40,58,3,17.0,8,0.3333333333333333,-2.690369832574101,-4.440892098500626e-16,0.6666666666666666,-2.690369832574101,-4.440892098500626e-16,0.6666666666666666,-2.690369832574101,-4.440892098500626e-16
hard_ood_40pct,23,safe_borg_residual_control,40,58,3,20.0,7,0.3333333333333333,-2.690369832574101,-4.440892098500626e-16,0.6666666666666666,-2.690369832574101,-4.440892098500626e-16,0.6666666666666666,-2.690369832574101,-4.440892098500626e-16
hard_ood_40pct,23,safe_ocx_residual_control,40,58,3,13.0,8,0.3333333333333333,-2.690369832574101,-4.440892098500626e-16,0.3333333333333333,-2.690369832574101,-4.440892098500626e-16,0.6666666666666666,-2.690369832574101,-4.440892098500626e-16
hard_ood_40pct,23,safe_shuffled_obelix_control,40,58,3,25.0,4,0.3333333333333333,-2.690369832574101,-4.440892098500626e-16,0.6666666666666666,-2.690369832574101,-4.440892098500626e-16,0.6666666666666666,-2.690369832574101,-4.440892098500626e-16
hard_ood_40pct,23,safe_multisource_residual,40,58,3,11.0,10,0.3333333333333333,-2.690369832574101,-4.440892098500626e-16,0.3333333333333333,-2.690369832574101,-4.440892098500626e-16,0.6666666666666666,-2.690369832574101,-4.440892098500626e-16
hard_ood_40pct,23,safe_multisource_novelty_band,40,58,3,29.0,4,0.6666666666666666,-2.690369832574101,-4.440892098500626e-16,0.6666666666666666,-2.690369832574101,-4.440892098500626e-16,0.6666666666666666,-2.690369832574101,-4.440892098500626e-16
hard_ood_40pct,24,uniform_random,40,58,3,3.0,18,0.0,-5.080921907623926,2.390552075049825,0.3333333333333333,-3.022733787572707,0.33236395499860594,1.0,-2.690369832574101,-4.440892098500626e-16
hard_ood_40pct,24,composition_novelty,40,58,3,18.0,3,0.3333333333333333,-2.690369832574101,-4.440892098500626e-16,0.3333333333333333,-2.690369832574101,-4.440892098500626e-16,0.6666666666666666,-2.690369832574101,-4.440892098500626e-16
hard_ood_40pct,24,safe_target_novelty,40,58,3,0.0,22,0.0,-3.05453141486818,0.3641615822940789,0.0,-3.0296531237699065,0.33928329119580525,0.3333333333333333,-3.022733787572707,0.33236395499860594
hard_ood_40pct,24,obelix_same_property_static,40,58,3,38.0,2,0.6666666666666666,-2.690369832574101,-4.440892098500626e-16,1.0,-2.690369832574101,-4.440892098500626e-16,1.0,-2.690369832574101,-4.440892098500626e-16
hard_ood_40pct,24,estm_transport_neighbor_static,40,58,3,51.0,1,1.0,-2.690369832574101,-4.440892098500626e-16,1.0,-2.690369832574101,-4.440892098500626e-16,1.0,-2.690369832574101,-4.440892098500626e-16
hard_ood_40pct,24,borg_mechanical_static_control,40,58,3,3.0,18,0.0,-3.8538719643217614,1.1635021317476602,0.3333333333333333,-2.903089986991944,0.21272015441784298,1.0,-2.690369832574101,-4.440892098500626e-16
hard_ood_40pct,24,ocx_catalysis_static_control,40,58,3,0.0,41,0.0,-3.0296531237699065,0.33928329119580525,0.0,-3.0296531237699065,0.33928329119580525,0.0,-3.0296531237699065,0.33928329119580525
hard_ood_40pct,24,shuffled_obelix_static_control,40,58,3,8.0,13,0.0,-3.0296531237699065,0.33928329119580525,0.3333333333333333,-2.903089986991944,0.21272015441784298,0.6666666666666666,-2.690369832574101,-4.440892098500626e-16
hard_ood_40pct,24,safe_obelix_residual,40,58,3,20.0,1,0.3333333333333333,-2.690369832574101,-4.440892098500626e-16,0.3333333333333333,-2.690369832574101,-4.440892098500626e-16,0.6666666666666666,-2.690369832574101,-4.440892098500626e-16
hard_ood_40pct,24,safe_estm_residual,40,58,3,0.0,25,0.0,-3.0963674839157624,0.4059976513416612,0.0,-3.0296531237699065,0.33928329119580525,0.3333333333333333,-3.022733787572707,0.33236395499860594
hard_ood_40pct,24,safe_borg_residual_control,40,58,3,0.0,22,0.0,-3.05453141486818,0.3641615822940789,0.0,-3.0296531237699065,0.33928329119580525,0.3333333333333333,-3.022733787572707,0.33236395499860594
hard_ood_40pct,24,safe_ocx_residual_control,40,58,3,0.0,22,0.0,-3.05453141486818,0.3641615822940789,0.0,-3.0296531237699065,0.33928329119580525,0.3333333333333333,-3.022733787572707,0.33236395499860594
hard_ood_40pct,24,safe_shuffled_obelix_control,40,58,3,0.0,22,0.0,-3.05453141486818,0.3641615822940789,0.0,-3.0296531237699065,0.33928329119580525,0.3333333333333333,-3.022733787572707,0.33236395499860594
hard_ood_40pct,24,safe_multisource_residual,40,58,3,28.0,1,0.3333333333333333,-2.690369832574101,-4.440892098500626e-16,0.6666666666666666,-2.690369832574101,-4.440892098500626e-16,0.6666666666666666,-2.690369832574101,-4.440892098500626e-16
hard_ood_40pct,24,safe_multisource_novelty_band,40,58,3,0.0,26,0.0,-3.05453141486818,0.3641615822940789,0.0,-3.0296531237699065,0.33928329119580525,0.3333333333333333,-3.022733787572707,0.33236395499860594
hard_ood_40pct,25,uniform_random,40,58,3,16.0,5,0.3333333333333333,-2.903089986991944,0.21272015441784298,0.3333333333333333,-2.903089986991944,0.21272015441784298,0.6666666666666666,-2.903089986991944,0.21272015441784298
hard_ood_40pct,25,composition_novelty,40,58,3,18.0,3,0.3333333333333333,-2.690369832574101,-4.440892098500626e-16,0.3333333333333333,-2.690369832574101,-4.440892098500626e-16,0.6666666666666666,-2.690369832574101,-4.440892098500626e-16
hard_ood_40pct,25,safe_target_novelty,40,58,3,7.0,14,0.0,-3.0296531237699065,0.33928329119580525,0.3333333333333333,-3.022733787572707,0.33236395499860594,0.3333333333333333,-3.022733787572707,0.33236395499860594
hard_ood_40pct,25,obelix_same_property_static,40,58,3,38.0,2,0.6666666666666666,-2.690369832574101,-4.440892098500626e-16,1.0,-2.690369832574101,-4.440892098500626e-16,1.0,-2.690369832574101,-4.440892098500626e-16
hard_ood_40pct,25,estm_transport_neighbor_static,40,58,3,51.0,1,1.0,-2.690369832574101,-4.440892098500626e-16,1.0,-2.690369832574101,-4.440892098500626e-16,1.0,-2.690369832574101,-4.440892098500626e-16
hard_ood_40pct,25,borg_mechanical_static_control,40,58,3,3.0,18,0.0,-3.8538719643217614,1.1635021317476602,0.3333333333333333,-2.903089986991944,0.21272015441784298,1.0,-2.690369832574101,-4.440892098500626e-16
hard_ood_40pct,25,ocx_catalysis_static_control,40,58,3,0.0,41,0.0,-3.0296531237699065,0.33928329119580525,0.0,-3.0296531237699065,0.33928329119580525,0.0,-3.0296531237699065,0.33928329119580525
hard_ood_40pct,25,shuffled_obelix_static_control,40,58,3,13.0,8,0.3333333333333333,-2.903089986991944,0.21272015441784298,0.3333333333333333,-2.903089986991944,0.21272015441784298,0.6666666666666666,-2.903089986991944,0.21272015441784298
hard_ood_40pct,25,safe_obelix_residual,40,58,3,7.0,14,0.0,-3.0296531237699065,0.33928329119580525,0.3333333333333333,-3.022733787572707,0.33236395499860594,0.3333333333333333,-3.022733787572707,0.33236395499860594
hard_ood_40pct,25,safe_estm_residual,40,58,3,9.0,12,0.0,-3.0296531237699065,0.33928329119580525,0.3333333333333333,-3.022733787572707,0.33236395499860594,0.3333333333333333,-3.022733787572707,0.33236395499860594
hard_ood_40pct,25,safe_borg_residual_control,40,58,3,5.0,16,0.0,-3.0296531237699065,0.33928329119580525,0.3333333333333333,-3.022733787572707,0.33236395499860594,0.3333333333333333,-3.022733787572707,0.33236395499860594
hard_ood_40pct,25,safe_ocx_residual_control,40,58,3,5.0,16,0.0,-3.0296531237699065,0.33928329119580525,0.3333333333333333,-3.022733787572707,0.33236395499860594,0.3333333333333333,-3.022733787572707,0.33236395499860594
hard_ood_40pct,25,safe_shuffled_obelix_control,40,58,3,5.0,16,0.0,-3.0296531237699065,0.33928329119580525,0.3333333333333333,-3.022733787572707,0.33236395499860594,0.3333333333333333,-3.022733787572707,0.33236395499860594
hard_ood_40pct,25,safe_multisource_residual,40,58,3,8.0,13,0.0,-3.0296531237699065,0.33928329119580525,0.3333333333333333,-3.022733787572707,0.33236395499860594,0.3333333333333333,-3.022733787572707,0.33236395499860594
hard_ood_40pct,25,safe_multisource_novelty_band,40,58,3,25.0,8,0.6666666666666666,-2.690369832574101,-4.440892098500626e-16,0.6666666666666666,-2.690369832574101,-4.440892098500626e-16,0.6666666666666666,-2.690369832574101,-4.440892098500626e-16
hard_ood_40pct,26,uniform_random,40,58,3,0.0,28,0.0,-3.0296531237699065,0.33928329119580525,0.0,-3.0296531237699065,0.33928329119580525,0.6666666666666666,-2.690369832574101,-4.440892098500626e-16
hard_ood_40pct,26,composition_novelty,40,58,3,19.0,3,0.3333333333333333,-2.690369832574101,-4.440892098500626e-16,0.6666666666666666,-2.690369832574101,-4.440892098500626e-16,0.6666666666666666,-2.690369832574101,-4.440892098500626e-16
hard_ood_40pct,26,safe_target_novelty,40,58,3,22.0,4,0.3333333333333333,-2.690369832574101,-4.440892098500626e-16,0.6666666666666666,-2.690369832574101,-4.440892098500626e-16,0.6666666666666666,-2.690369832574101,-4.440892098500626e-16
hard_ood_40pct,26,obelix_same_property_static,40,58,3,38.0,2,0.6666666666666666,-2.690369832574101,-4.440892098500626e-16,1.0,-2.690369832574101,-4.440892098500626e-16,1.0,-2.690369832574101,-4.440892098500626e-16
hard_ood_40pct,26,estm_transport_neighbor_static,40,58,3,51.0,1,1.0,-2.690369832574101,-4.440892098500626e-16,1.0,-2.690369832574101,-4.440892098500626e-16,1.0,-2.690369832574101,-4.440892098500626e-16
hard_ood_40pct,26,borg_mechanical_static_control,40,58,3,3.0,18,0.0,-3.8538719643217614,1.1635021317476602,0.3333333333333333,-2.903089986991944,0.21272015441784298,1.0,-2.690369832574101,-4.440892098500626e-16
hard_ood_40pct,26,ocx_catalysis_static_control,40,58,3,0.0,41,0.0,-3.0296531237699065,0.33928329119580525,0.0,-3.0296531237699065,0.33928329119580525,0.0,-3.0296531237699065,0.33928329119580525
hard_ood_40pct,26,shuffled_obelix_static_control,40,58,3,0.0,27,0.0,-3.0296531237699065,0.33928329119580525,0.0,-3.0296531237699065,0.33928329119580525,0.6666666666666666,-2.903089986991944,0.21272015441784298
hard_ood_40pct,26,safe_obelix_residual,40,58,3,20.0,1,0.3333333333333333,-2.690369832574101,-4.440892098500626e-16,0.3333333333333333,-2.690369832574101,-4.440892098500626e-16,0.3333333333333333,-2.690369832574101,-4.440892098500626e-16
hard_ood_40pct,26,safe_estm_residual,40,58,3,22.0,4,0.3333333333333333,-2.690369832574101,-4.440892098500626e-16,0.6666666666666666,-2.690369832574101,-4.440892098500626e-16,0.6666666666666666,-2.690369832574101,-4.440892098500626e-16
hard_ood_40pct,26,safe_borg_residual_control,40,58,3,22.0,4,0.3333333333333333,-2.690369832574101,-4.440892098500626e-16,0.6666666666666666,-2.690369832574101,-4.440892098500626e-16,0.6666666666666666,-2.690369832574101,-4.440892098500626e-16
hard_ood_40pct,26,safe_ocx_residual_control,40,58,3,22.0,4,0.3333333333333333,-2.690369832574101,-4.440892098500626e-16,0.6666666666666666,-2.690369832574101,-4.440892098500626e-16,0.6666666666666666,-2.690369832574101,-4.440892098500626e-16
hard_ood_40pct,26,safe_shuffled_obelix_control,40,58,3,22.0,4,0.3333333333333333,-2.690369832574101,-4.440892098500626e-16,0.6666666666666666,-2.690369832574101,-4.440892098500626e-16,0.6666666666666666,-2.690369832574101,-4.440892098500626e-16
hard_ood_40pct,26,safe_multisource_residual,40,58,3,20.0,1,0.3333333333333333,-2.690369832574101,-4.440892098500626e-16,0.3333333333333333,-2.690369832574101,-4.440892098500626e-16,0.3333333333333333,-2.690369832574101,-4.440892098500626e-16
hard_ood_40pct,26,safe_multisource_novelty_band,40,58,3,16.0,5,0.3333333333333333,-2.690369832574101,-4.440892098500626e-16,0.3333333333333333,-2.690369832574101,-4.440892098500626e-16,0.3333333333333333,-2.690369832574101,-4.440892098500626e-16
hard_ood_40pct,27,uniform_random,40,58,3,3.0,18,0.0,-3.11747546204512,0.42710562947101893,0.3333333333333333,-2.903089986991944,0.21272015441784298,0.6666666666666666,-2.903089986991944,0.21272015441784298
hard_ood_40pct,27,composition_novelty,40,58,3,18.0,3,0.3333333333333333,-2.690369832574101,-4.440892098500626e-16,0.3333333333333333,-2.690369832574101,-4.440892098500626e-16,0.6666666666666666,-2.690369832574101,-4.440892098500626e-16
hard_ood_40pct,27,safe_target_novelty,40,58,3,0.0,22,0.0,-3.0296531237699065,0.33928329119580525,0.0,-3.0296531237699065,0.33928329119580525,0.3333333333333333,-3.022733787572707,0.33236395499860594
hard_ood_40pct,27,obelix_same_property_static,40,58,3,38.0,2,0.6666666666666666,-2.690369832574101,-4.440892098500626e-16,1.0,-2.690369832574101,-4.440892098500626e-16,1.0,-2.690369832574101,-4.440892098500626e-16
hard_ood_40pct,27,estm_transport_neighbor_static,40,58,3,51.0,1,1.0,-2.690369832574101,-4.440892098500626e-16,1.0,-2.690369832574101,-4.440892098500626e-16,1.0,-2.690369832574101,-4.440892098500626e-16
hard_ood_40pct,27,borg_mechanical_static_control,40,58,3,3.0,18,0.0,-3.8538719643217614,1.1635021317476602,0.3333333333333333,-2.903089986991944,0.21272015441784298,1.0,-2.690369832574101,-4.440892098500626e-16
hard_ood_40pct,27,ocx_catalysis_static_control,40,58,3,0.0,41,0.0,-3.0296531237699065,0.33928329119580525,0.0,-3.0296531237699065,0.33928329119580525,0.0,-3.0296531237699065,0.33928329119580525
hard_ood_40pct,27,shuffled_obelix_static_control,40,58,3,10.0,11,0.0,-3.8538719643217614,1.1635021317476602,0.3333333333333333,-3.022733787572707,0.33236395499860594,1.0,-2.690369832574101,-4.440892098500626e-16
hard_ood_40pct,27,safe_obelix_residual,40,58,3,0.0,23,0.0,-3.0296531237699065,0.33928329119580525,0.0,-3.0296531237699065,0.33928329119580525,0.3333333333333333,-3.022733787572707,0.33236395499860594
hard_ood_40pct,27,safe_estm_residual,40,58,3,18.0,3,0.3333333333333333,-2.690369832574101,-4.440892098500626e-16,0.3333333333333333,-2.690369832574101,-4.440892098500626e-16,0.6666666666666666,-2.690369832574101,-4.440892098500626e-16
hard_ood_40pct,27,safe_borg_residual_control,40,58,3,3.0,18,0.0,-3.0296531237699065,0.33928329119580525,0.3333333333333333,-3.022733787572707,0.33236395499860594,0.3333333333333333,-3.022733787572707,0.33236395499860594
hard_ood_40pct,27,safe_ocx_residual_control,40,58,3,3.0,18,0.0,-3.0296531237699065,0.33928329119580525,0.3333333333333333,-3.022733787572707,0.33236395499860594,0.3333333333333333,-3.022733787572707,0.33236395499860594
hard_ood_40pct,27,safe_shuffled_obelix_control,40,58,3,0.0,22,0.0,-3.0296531237699065,0.33928329119580525,0.0,-3.0296531237699065,0.33928329119580525,0.3333333333333333,-3.022733787572707,0.33236395499860594
hard_ood_40pct,27,safe_multisource_residual,40,58,3,18.0,3,0.3333333333333333,-2.690369832574101,-4.440892098500626e-16,0.3333333333333333,-2.690369832574101,-4.440892098500626e-16,0.6666666666666666,-2.690369832574101,-4.440892098500626e-16
hard_ood_40pct,27,safe_multisource_novelty_band,40,58,3,17.0,4,0.3333333333333333,-2.903089986991944,0.21272015441784298,0.3333333333333333,-2.903089986991944,0.21272015441784298,0.3333333333333333,-2.903089986991944,0.21272015441784298
hard_ood_40pct,28,uniform_random,40,58,3,5.0,16,0.0,-3.987162775294828,1.2967929427207268,0.3333333333333333,-2.690369832574101,-4.440892098500626e-16,1.0,-2.690369832574101,-4.440892098500626e-16
hard_ood_40pct,28,composition_novelty,40,58,3,19.0,2,0.3333333333333333,-2.690369832574101,-4.440892098500626e-16,0.3333333333333333,-2.690369832574101,-4.440892098500626e-16,0.6666666666666666,-2.690369832574101,-4.440892098500626e-16
hard_ood_40pct,28,safe_target_novelty,40,58,3,19.0,2,0.3333333333333333,-2.690369832574101,-4.440892098500626e-16,0.3333333333333333,-2.690369832574101,-4.440892098500626e-16,0.3333333333333333,-2.690369832574101,-4.440892098500626e-16
hard_ood_40pct,28,obelix_same_property_static,40,58,3,38.0,2,0.6666666666666666,-2.690369832574101,-4.440892098500626e-16,1.0,-2.690369832574101,-4.440892098500626e-16,1.0,-2.690369832574101,-4.440892098500626e-16
hard_ood_40pct,28,estm_transport_neighbor_static,40,58,3,51.0,1,1.0,-2.690369832574101,-4.440892098500626e-16,1.0,-2.690369832574101,-4.440892098500626e-16,1.0,-2.690369832574101,-4.440892098500626e-16
hard_ood_40pct,28,borg_mechanical_static_control,40,58,3,3.0,18,0.0,-3.8538719643217614,1.1635021317476602,0.3333333333333333,-2.903089986991944,0.21272015441784298,1.0,-2.690369832574101,-4.440892098500626e-16
hard_ood_40pct,28,ocx_catalysis_static_control,40,58,3,0.0,41,0.0,-3.0296531237699065,0.33928329119580525,0.0,-3.0296531237699065,0.33928329119580525,0.0,-3.0296531237699065,0.33928329119580525
hard_ood_40pct,28,shuffled_obelix_static_control,40,58,3,5.0,16,0.0,-3.8538719643217614,1.1635021317476602,0.3333333333333333,-3.022733787572707,0.33236395499860594,0.3333333333333333,-3.022733787572707,0.33236395499860594
hard_ood_40pct,28,safe_obelix_residual,40,58,3,28.0,2,0.3333333333333333,-2.690369832574101,-4.440892098500626e-16,0.6666666666666666,-2.690369832574101,-4.440892098500626e-16,0.6666666666666666,-2.690369832574101,-4.440892098500626e-16
hard_ood_40pct,28,safe_estm_residual,40,58,3,20.0,1,0.3333333333333333,-2.690369832574101,-4.440892098500626e-16,0.3333333333333333,-2.690369832574101,-4.440892098500626e-16,0.3333333333333333,-2.690369832574101,-4.440892098500626e-16
hard_ood_40pct,28,safe_borg_residual_control,40,58,3,20.0,1,0.3333333333333333,-2.690369832574101,-4.440892098500626e-16,0.3333333333333333,-2.690369832574101,-4.440892098500626e-16,0.3333333333333333,-2.690369832574101,-4.440892098500626e-16
hard_ood_40pct,28,safe_ocx_residual_control,40,58,3,18.0,3,0.3333333333333333,-2.690369832574101,-4.440892098500626e-16,0.3333333333333333,-2.690369832574101,-4.440892098500626e-16,0.3333333333333333,-2.690369832574101,-4.440892098500626e-16
hard_ood_40pct,28,safe_shuffled_obelix_control,40,58,3,19.0,2,0.3333333333333333,-2.690369832574101,-4.440892098500626e-16,0.3333333333333333,-2.690369832574101,-4.440892098500626e-16,0.3333333333333333,-2.690369832574101,-4.440892098500626e-16
hard_ood_40pct,28,safe_multisource_residual,40,58,3,28.0,2,0.3333333333333333,-2.690369832574101,-4.440892098500626e-16,0.6666666666666666,-2.690369832574101,-4.440892098500626e-16,0.6666666666666666,-2.690369832574101,-4.440892098500626e-16
hard_ood_40pct,28,safe_multisource_novelty_band,40,58,3,29.0,2,0.3333333333333333,-2.690369832574101,-4.440892098500626e-16,0.6666666666666666,-2.690369832574101,-4.440892098500626e-16,0.6666666666666666,-2.690369832574101,-4.440892098500626e-16
hard_ood_40pct,29,uniform_random,40,58,3,14.0,7,0.3333333333333333,-3.022733787572707,0.33236395499860594,0.3333333333333333,-3.022733787572707,0.33236395499860594,0.6666666666666666,-2.690369832574101,-4.440892098500626e-16
hard_ood_40pct,29,composition_novelty,40,58,3,19.0,3,0.3333333333333333,-2.690369832574101,-4.440892098500626e-16,0.6666666666666666,-2.690369832574101,-4.440892098500626e-16,0.6666666666666666,-2.690369832574101,-4.440892098500626e-16
hard_ood_40pct,29,safe_target_novelty,40,58,3,16.0,8,0.3333333333333333,-3.022733787572707,0.33236395499860594,0.6666666666666666,-2.690369832574101,-4.440892098500626e-16,0.6666666666666666,-2.690369832574101,-4.440892098500626e-16
hard_ood_40pct,29,obelix_same_property_static,40,58,3,38.0,2,0.6666666666666666,-2.690369832574101,-4.440892098500626e-16,1.0,-2.690369832574101,-4.440892098500626e-16,1.0,-2.690369832574101,-4.440892098500626e-16
hard_ood_40pct,29,estm_transport_neighbor_static,40,58,3,51.0,1,1.0,-2.690369832574101,-4.440892098500626e-16,1.0,-2.690369832574101,-4.440892098500626e-16,1.0,-2.690369832574101,-4.440892098500626e-16
hard_ood_40pct,29,borg_mechanical_static_control,40,58,3,3.0,18,0.0,-3.8538719643217614,1.1635021317476602,0.3333333333333333,-2.903089986991944,0.21272015441784298,1.0,-2.690369832574101,-4.440892098500626e-16
hard_ood_40pct,29,ocx_catalysis_static_control,40,58,3,0.0,41,0.0,-3.0296531237699065,0.33928329119580525,0.0,-3.0296531237699065,0.33928329119580525,0.0,-3.0296531237699065,0.33928329119580525
hard_ood_40pct,29,shuffled_obelix_static_control,40,58,3,12.0,9,0.3333333333333333,-3.022733787572707,0.33236395499860594,0.3333333333333333,-3.022733787572707,0.33236395499860594,0.6666666666666666,-2.903089986991944,0.21272015441784298
hard_ood_40pct,29,safe_obelix_residual,40,58,3,16.0,8,0.3333333333333333,-3.022733787572707,0.33236395499860594,0.6666666666666666,-2.690369832574101,-4.440892098500626e-16,0.6666666666666666,-2.690369832574101,-4.440892098500626e-16
hard_ood_40pct,29,safe_estm_residual,40,58,3,16.0,8,0.3333333333333333,-3.022733787572707,0.33236395499860594,0.6666666666666666,-2.690369832574101,-4.440892098500626e-16,0.6666666666666666,-2.690369832574101,-4.440892098500626e-16
hard_ood_40pct,29,safe_borg_residual_control,40,58,3,13.0,8,0.3333333333333333,-2.903089986991944,0.21272015441784298,0.3333333333333333,-2.903089986991944,0.21272015441784298,0.3333333333333333,-2.903089986991944,0.21272015441784298
hard_ood_40pct,29,safe_ocx_residual_control,40,58,3,16.0,8,0.3333333333333333,-3.022733787572707,0.33236395499860594,0.6666666666666666,-2.690369832574101,-4.440892098500626e-16,0.6666666666666666,-2.690369832574101,-4.440892098500626e-16
hard_ood_40pct,29,safe_shuffled_obelix_control,40,58,3,16.0,8,0.3333333333333333,-3.022733787572707,0.33236395499860594,0.6666666666666666,-2.690369832574101,-4.440892098500626e-16,0.6666666666666666,-2.690369832574101,-4.440892098500626e-16
hard_ood_40pct,29,safe_multisource_residual,40,58,3,13.0,8,0.3333333333333333,-2.903089986991944,0.21272015441784298,0.3333333333333333,-2.903089986991944,0.21272015441784298,0.3333333333333333,-2.903089986991944,0.21272015441784298
hard_ood_40pct,29,safe_multisource_novelty_band,40,58,3,0.0,24,0.0,-3.0296531237699065,0.33928329119580525,0.0,-3.0296531237699065,0.33928329119580525,0.3333333333333333,-2.690369832574101,-4.440892098500626e-16
hard_ood_40pct,30,uniform_random,40,58,3,3.0,19,0.0,-4.82102305270683,2.130653220132729,0.6666666666666666,-2.690369832574101,-4.440892098500626e-16,0.6666666666666666,-2.690369832574101,-4.440892098500626e-16
hard_ood_40pct,30,composition_novelty,40,58,3,19.0,3,0.3333333333333333,-2.690369832574101,-4.440892098500626e-16,0.6666666666666666,-2.690369832574101,-4.440892098500626e-16,0.6666666666666666,-2.690369832574101,-4.440892098500626e-16
hard_ood_40pct,30,safe_target_novelty,40,58,3,31.0,1,0.6666666666666666,-2.690369832574101,-4.440892098500626e-16,0.6666666666666666,-2.690369832574101,-4.440892098500626e-16,0.6666666666666666,-2.690369832574101,-4.440892098500626e-16
hard_ood_40pct,30,obelix_same_property_static,40,58,3,38.0,2,0.6666666666666666,-2.690369832574101,-4.440892098500626e-16,1.0,-2.690369832574101,-4.440892098500626e-16,1.0,-2.690369832574101,-4.440892098500626e-16
hard_ood_40pct,30,estm_transport_neighbor_static,40,58,3,51.0,1,1.0,-2.690369832574101,-4.440892098500626e-16,1.0,-2.690369832574101,-4.440892098500626e-16,1.0,-2.690369832574101,-4.440892098500626e-16
hard_ood_40pct,30,borg_mechanical_static_control,40,58,3,3.0,18,0.0,-3.8538719643217614,1.1635021317476602,0.3333333333333333,-2.903089986991944,0.21272015441784298,1.0,-2.690369832574101,-4.440892098500626e-16
hard_ood_40pct,30,ocx_catalysis_static_control,40,58,3,0.0,41,0.0,-3.0296531237699065,0.33928329119580525,0.0,-3.0296531237699065,0.33928329119580525,0.0,-3.0296531237699065,0.33928329119580525
hard_ood_40pct,30,shuffled_obelix_static_control,40,58,3,9.0,12,0.0,-3.8538719643217614,1.1635021317476602,0.3333333333333333,-2.903089986991944,0.21272015441784298,0.6666666666666666,-2.903089986991944,0.21272015441784298
hard_ood_40pct,30,safe_obelix_residual,40,58,3,32.0,1,0.6666666666666666,-2.690369832574101,-4.440892098500626e-16,0.6666666666666666,-2.690369832574101,-4.440892098500626e-16,0.6666666666666666,-2.690369832574101,-4.440892098500626e-16
hard_ood_40pct,30,safe_estm_residual,40,58,3,31.0,1,0.6666666666666666,-2.690369832574101,-4.440892098500626e-16,0.6666666666666666,-2.690369832574101,-4.440892098500626e-16,0.6666666666666666,-2.690369832574101,-4.440892098500626e-16
hard_ood_40pct,30,safe_borg_residual_control,40,58,3,31.0,1,0.6666666666666666,-2.690369832574101,-4.440892098500626e-16,0.6666666666666666,-2.690369832574101,-4.440892098500626e-16,0.6666666666666666,-2.690369832574101,-4.440892098500626e-16
hard_ood_40pct,30,safe_ocx_residual_control,40,58,3,31.0,1,0.6666666666666666,-2.690369832574101,-4.440892098500626e-16,0.6666666666666666,-2.690369832574101,-4.440892098500626e-16,0.6666666666666666,-2.690369832574101,-4.440892098500626e-16
hard_ood_40pct,30,safe_shuffled_obelix_control,40,58,3,31.0,1,0.6666666666666666,-2.690369832574101,-4.440892098500626e-16,0.6666666666666666,-2.690369832574101,-4.440892098500626e-16,0.6666666666666666,-2.690369832574101,-4.440892098500626e-16
hard_ood_40pct,30,safe_multisource_residual,40,58,3,32.0,1,0.6666666666666666,-2.690369832574101,-4.440892098500626e-16,0.6666666666666666,-2.690369832574101,-4.440892098500626e-16,0.6666666666666666,-2.690369832574101,-4.440892098500626e-16
hard_ood_40pct,30,safe_multisource_novelty_band,40,58,3,30.0,4,0.6666666666666666,-2.690369832574101,-4.440892098500626e-16,0.6666666666666666,-2.690369832574101,-4.440892098500626e-16,0.6666666666666666,-2.690369832574101,-4.440892098500626e-16
hard_ood_40pct,31,uniform_random,40,58,3,7.0,14,0.0,-4.82102305270683,2.130653220132729,0.3333333333333333,-2.903089986991944,0.21272015441784298,0.6666666666666666,-2.690369832574101,-4.440892098500626e-16
hard_ood_40pct,31,composition_novelty,40,58,3,18.0,3,0.3333333333333333,-2.690369832574101,-4.440892098500626e-16,0.3333333333333333,-2.690369832574101,-4.440892098500626e-16,0.6666666666666666,-2.690369832574101,-4.440892098500626e-16
hard_ood_40pct,31,safe_target_novelty,40,58,3,18.0,3,0.3333333333333333,-2.690369832574101,-4.440892098500626e-16,0.3333333333333333,-2.690369832574101,-4.440892098500626e-16,0.6666666666666666,-2.690369832574101,-4.440892098500626e-16
hard_ood_40pct,31,obelix_same_property_static,40,58,3,38.0,2,0.6666666666666666,-2.690369832574101,-4.440892098500626e-16,1.0,-2.690369832574101,-4.440892098500626e-16,1.0,-2.690369832574101,-4.440892098500626e-16
hard_ood_40pct,31,estm_transport_neighbor_static,40,58,3,51.0,1,1.0,-2.690369832574101,-4.440892098500626e-16,1.0,-2.690369832574101,-4.440892098500626e-16,1.0,-2.690369832574101,-4.440892098500626e-16
hard_ood_40pct,31,borg_mechanical_static_control,40,58,3,3.0,18,0.0,-3.8538719643217614,1.1635021317476602,0.3333333333333333,-2.903089986991944,0.21272015441784298,1.0,-2.690369832574101,-4.440892098500626e-16
hard_ood_40pct,31,ocx_catalysis_static_control,40,58,3,0.0,41,0.0,-3.0296531237699065,0.33928329119580525,0.0,-3.0296531237699065,0.33928329119580525,0.0,-3.0296531237699065,0.33928329119580525
hard_ood_40pct,31,shuffled_obelix_static_control,40,58,3,3.0,18,0.0,-5.080921907623926,2.390552075049825,0.3333333333333333,-2.903089986991944,0.21272015441784298,0.6666666666666666,-2.690369832574101,-4.440892098500626e-16
hard_ood_40pct,31,safe_obelix_residual,40,58,3,23.0,3,0.3333333333333333,-2.690369832574101,-4.440892098500626e-16,0.6666666666666666,-2.690369832574101,-4.440892098500626e-16,0.6666666666666666,-2.690369832574101,-4.440892098500626e-16
hard_ood_40pct,31,safe_estm_residual,40,58,3,18.0,3,0.3333333333333333,-2.690369832574101,-4.440892098500626e-16,0.3333333333333333,-2.690369832574101,-4.440892098500626e-16,0.6666666666666666,-2.690369832574101,-4.440892098500626e-16
hard_ood_40pct,31,safe_borg_residual_control,40,58,3,18.0,3,0.3333333333333333,-2.690369832574101,-4.440892098500626e-16,0.3333333333333333,-2.690369832574101,-4.440892098500626e-16,0.6666666666666666,-2.690369832574101,-4.440892098500626e-16
hard_ood_40pct,31,safe_ocx_residual_control,40,58,3,17.0,4,0.3333333333333333,-2.690369832574101,-4.440892098500626e-16,0.3333333333333333,-2.690369832574101,-4.440892098500626e-16,0.6666666666666666,-2.690369832574101,-4.440892098500626e-16
hard_ood_40pct,31,safe_shuffled_obelix_control,40,58,3,18.0,3,0.3333333333333333,-2.690369832574101,-4.440892098500626e-16,0.3333333333333333,-2.690369832574101,-4.440892098500626e-16,0.6666666666666666,-2.690369832574101,-4.440892098500626e-16
hard_ood_40pct,31,safe_multisource_residual,40,58,3,18.0,4,0.3333333333333333,-2.690369832574101,-4.440892098500626e-16,0.6666666666666666,-2.690369832574101,-4.440892098500626e-16,0.6666666666666666,-2.690369832574101,-4.440892098500626e-16
hard_ood_40pct,31,safe_multisource_novelty_band,40,58,3,16.0,5,0.3333333333333333,-2.690369832574101,-4.440892098500626e-16,0.3333333333333333,-2.690369832574101,-4.440892098500626e-16,0.3333333333333333,-2.690369832574101,-4.440892098500626e-16
hard_ood_40pct,32,uniform_random,40,58,3,21.0,8,0.3333333333333333,-3.022733787572707,0.33236395499860594,0.6666666666666666,-2.903089986991944,0.21272015441784298,1.0,-2.690369832574101,-4.440892098500626e-16
hard_ood_40pct,32,composition_novelty,40,58,3,19.0,3,0.3333333333333333,-2.690369832574101,-4.440892098500626e-16,0.6666666666666666,-2.690369832574101,-4.440892098500626e-16,0.6666666666666666,-2.690369832574101,-4.440892098500626e-16
hard_ood_40pct,32,safe_target_novelty,40,58,3,17.0,4,0.3333333333333333,-2.690369832574101,-4.440892098500626e-16,0.3333333333333333,-2.690369832574101,-4.440892098500626e-16,0.3333333333333333,-2.690369832574101,-4.440892098500626e-16
hard_ood_40pct,32,obelix_same_property_static,40,58,3,38.0,2,0.6666666666666666,-2.690369832574101,-4.440892098500626e-16,1.0,-2.690369832574101,-4.440892098500626e-16,1.0,-2.690369832574101,-4.440892098500626e-16
hard_ood_40pct,32,estm_transport_neighbor_static,40,58,3,51.0,1,1.0,-2.690369832574101,-4.440892098500626e-16,1.0,-2.690369832574101,-4.440892098500626e-16,1.0,-2.690369832574101,-4.440892098500626e-16
hard_ood_40pct,32,borg_mechanical_static_control,40,58,3,3.0,18,0.0,-3.8538719643217614,1.1635021317476602,0.3333333333333333,-2.903089986991944,0.21272015441784298,1.0,-2.690369832574101,-4.440892098500626e-16
hard_ood_40pct,32,ocx_catalysis_static_control,40,58,3,0.0,41,0.0,-3.0296531237699065,0.33928329119580525,0.0,-3.0296531237699065,0.33928329119580525,0.0,-3.0296531237699065,0.33928329119580525
hard_ood_40pct,32,shuffled_obelix_static_control,40,58,3,0.0,23,0.0,-3.11747546204512,0.42710562947101893,0.0,-3.11747546204512,0.42710562947101893,0.6666666666666666,-2.903089986991944,0.21272015441784298
hard_ood_40pct,32,safe_obelix_residual,40,58,3,17.0,4,0.3333333333333333,-2.690369832574101,-4.440892098500626e-16,0.3333333333333333,-2.690369832574101,-4.440892098500626e-16,0.3333333333333333,-2.690369832574101,-4.440892098500626e-16
hard_ood_40pct,32,safe_estm_residual,40,58,3,17.0,4,0.3333333333333333,-2.690369832574101,-4.440892098500626e-16,0.3333333333333333,-2.690369832574101,-4.440892098500626e-16,0.3333333333333333,-2.690369832574101,-4.440892098500626e-16
hard_ood_40pct,32,safe_borg_residual_control,40,58,3,17.0,4,0.3333333333333333,-2.690369832574101,-4.440892098500626e-16,0.3333333333333333,-2.690369832574101,-4.440892098500626e-16,0.3333333333333333,-2.690369832574101,-4.440892098500626e-16
hard_ood_40pct,32,safe_ocx_residual_control,40,58,3,3.0,18,0.0,-3.0296531237699065,0.33928329119580525,0.3333333333333333,-3.022733787572707,0.33236395499860594,0.3333333333333333,-3.022733787572707,0.33236395499860594
hard_ood_40pct,32,safe_shuffled_obelix_control,40,58,3,17.0,4,0.3333333333333333,-2.690369832574101,-4.440892098500626e-16,0.3333333333333333,-2.690369832574101,-4.440892098500626e-16,0.3333333333333333,-2.690369832574101,-4.440892098500626e-16
hard_ood_40pct,32,safe_multisource_residual,40,58,3,27.0,2,0.3333333333333333,-3.022733787572707,0.33236395499860594,0.6666666666666666,-2.690369832574101,-4.440892098500626e-16,0.6666666666666666,-2.690369832574101,-4.440892098500626e-16
hard_ood_40pct,32,safe_multisource_novelty_band,40,58,3,21.0,10,0.3333333333333333,-2.690369832574101,-4.440892098500626e-16,0.6666666666666666,-2.690369832574101,-4.440892098500626e-16,0.6666666666666666,-2.690369832574101,-4.440892098500626e-16
hard_ood_40pct,33,uniform_random,40,58,3,0.0,30,0.0,-3.11747546204512,0.42710562947101893,0.0,-3.05453141486818,0.3641615822940789,0.6666666666666666,-2.690369832574101,-4.440892098500626e-16
hard_ood_40pct,33,composition_novelty,40,58,3,19.0,3,0.3333333333333333,-2.690369832574101,-4.440892098500626e-16,0.6666666666666666,-2.690369832574101,-4.440892098500626e-16,0.6666666666666666,-2.690369832574101,-4.440892098500626e-16
hard_ood_40pct,33,safe_target_novelty,40,58,3,0.0,26,0.0,-3.0963674839157624,0.4059976513416612,0.0,-3.0296531237699065,0.33928329119580525,0.3333333333333333,-3.022733787572707,0.33236395499860594
hard_ood_40pct,33,obelix_same_property_static,40,58,3,38.0,2,0.6666666666666666,-2.690369832574101,-4.440892098500626e-16,1.0,-2.690369832574101,-4.440892098500626e-16,1.0,-2.690369832574101,-4.440892098500626e-16
hard_ood_40pct,33,estm_transport_neighbor_static,40,58,3,51.0,1,1.0,-2.690369832574101,-4.440892098500626e-16,1.0,-2.690369832574101,-4.440892098500626e-16,1.0,-2.690369832574101,-4.440892098500626e-16
hard_ood_40pct,33,borg_mechanical_static_control,40,58,3,3.0,18,0.0,-3.8538719643217614,1.1635021317476602,0.3333333333333333,-2.903089986991944,0.21272015441784298,1.0,-2.690369832574101,-4.440892098500626e-16
hard_ood_40pct,33,ocx_catalysis_static_control,40,58,3,0.0,41,0.0,-3.0296531237699065,0.33928329119580525,0.0,-3.0296531237699065,0.33928329119580525,0.0,-3.0296531237699065,0.33928329119580525
hard_ood_40pct,33,shuffled_obelix_static_control,40,58,3,0.0,23,0.0,-3.3809643969347203,0.6905945643606191,0.0,-3.0963674839157624,0.4059976513416612,1.0,-2.690369832574101,-4.440892098500626e-16
hard_ood_40pct,33,safe_obelix_residual,40,58,3,0.0,26,0.0,-3.0963674839157624,0.4059976513416612,0.0,-3.0296531237699065,0.33928329119580525,0.3333333333333333,-3.022733787572707,0.33236395499860594
hard_ood_40pct,33,safe_estm_residual,40,58,3,0.0,26,0.0,-3.0963674839157624,0.4059976513416612,0.0,-3.0296531237699065,0.33928329119580525,0.3333333333333333,-3.022733787572707,0.33236395499860594
hard_ood_40pct,33,safe_borg_residual_control,40,58,3,0.0,26,0.0,-3.0963674839157624,0.4059976513416612,0.0,-3.0296531237699065,0.33928329119580525,0.3333333333333333,-3.022733787572707,0.33236395499860594
hard_ood_40pct,33,safe_ocx_residual_control,40,58,3,0.0,26,0.0,-3.0963674839157624,0.4059976513416612,0.0,-3.0296531237699065,0.33928329119580525,0.3333333333333333,-3.022733787572707,0.33236395499860594
hard_ood_40pct,33,safe_shuffled_obelix_control,40,58,3,0.0,26,0.0,-3.0963674839157624,0.4059976513416612,0.0,-3.0296531237699065,0.33928329119580525,0.3333333333333333,-3.022733787572707,0.33236395499860594
hard_ood_40pct,33,safe_multisource_residual,40,58,3,0.0,26,0.0,-3.0963674839157624,0.4059976513416612,0.0,-3.0296531237699065,0.33928329119580525,0.3333333333333333,-3.022733787572707,0.33236395499860594
hard_ood_40pct,33,safe_multisource_novelty_band,40,58,3,2.0,19,0.0,-3.0296531237699065,0.33928329119580525,0.3333333333333333,-2.690369832574101,-4.440892098500626e-16,0.3333333333333333,-2.690369832574101,-4.440892098500626e-16
hard_ood_40pct,34,uniform_random,40,58,3,36.0,2,0.6666666666666666,-2.690369832574101,-4.440892098500626e-16,0.6666666666666666,-2.690369832574101,-4.440892098500626e-16,1.0,-2.690369832574101,-4.440892098500626e-16
hard_ood_40pct,34,composition_novelty,40,58,3,19.0,3,0.3333333333333333,-2.690369832574101,-4.440892098500626e-16,0.6666666666666666,-2.690369832574101,-4.440892098500626e-16,0.6666666666666666,-2.690369832574101,-4.440892098500626e-16
hard_ood_40pct,34,safe_target_novelty,40,58,3,20.0,3,0.3333333333333333,-2.690369832574101,-4.440892098500626e-16,0.6666666666666666,-2.690369832574101,-4.440892098500626e-16,0.6666666666666666,-2.690369832574101,-4.440892098500626e-16
hard_ood_40pct,34,obelix_same_property_static,40,58,3,38.0,2,0.6666666666666666,-2.690369832574101,-4.440892098500626e-16,1.0,-2.690369832574101,-4.440892098500626e-16,1.0,-2.690369832574101,-4.440892098500626e-16
hard_ood_40pct,34,estm_transport_neighbor_static,40,58,3,51.0,1,1.0,-2.690369832574101,-4.440892098500626e-16,1.0,-2.690369832574101,-4.440892098500626e-16,1.0,-2.690369832574101,-4.440892098500626e-16
hard_ood_40pct,34,borg_mechanical_static_control,40,58,3,3.0,18,0.0,-3.8538719643217614,1.1635021317476602,0.3333333333333333,-2.903089986991944,0.21272015441784298,1.0,-2.690369832574101,-4.440892098500626e-16
hard_ood_40pct,34,ocx_catalysis_static_control,40,58,3,0.0,41,0.0,-3.0296531237699065,0.33928329119580525,0.0,-3.0296531237699065,0.33928329119580525,0.0,-3.0296531237699065,0.33928329119580525
hard_ood_40pct,34,shuffled_obelix_static_control,40,58,3,18.0,3,0.3333333333333333,-2.690369832574101,-4.440892098500626e-16,0.3333333333333333,-2.690369832574101,-4.440892098500626e-16,0.6666666666666666,-2.690369832574101,-4.440892098500626e-16
hard_ood_40pct,34,safe_obelix_residual,40,58,3,20.0,1,0.3333333333333333,-2.690369832574101,-4.440892098500626e-16,0.3333333333333333,-2.690369832574101,-4.440892098500626e-16,0.3333333333333333,-2.690369832574101,-4.440892098500626e-16
hard_ood_40pct,34,safe_estm_residual,40,58,3,20.0,3,0.3333333333333333,-2.690369832574101,-4.440892098500626e-16,0.6666666666666666,-2.690369832574101,-4.440892098500626e-16,0.6666666666666666,-2.690369832574101,-4.440892098500626e-16
hard_ood_40pct,34,safe_borg_residual_control,40,58,3,20.0,3,0.3333333333333333,-2.690369832574101,-4.440892098500626e-16,0.6666666666666666,-2.690369832574101,-4.440892098500626e-16,0.6666666666666666,-2.690369832574101,-4.440892098500626e-16
hard_ood_40pct,34,safe_ocx_residual_control,40,58,3,20.0,3,0.3333333333333333,-2.690369832574101,-4.440892098500626e-16,0.6666666666666666,-2.690369832574101,-4.440892098500626e-16,0.6666666666666666,-2.690369832574101,-4.440892098500626e-16
hard_ood_40pct,34,safe_shuffled_obelix_control,40,58,3,20.0,3,0.3333333333333333,-2.690369832574101,-4.440892098500626e-16,0.6666666666666666,-2.690369832574101,-4.440892098500626e-16,0.6666666666666666,-2.690369832574101,-4.440892098500626e-16
hard_ood_40pct,34,safe_multisource_residual,40,58,3,20.0,1,0.3333333333333333,-2.690369832574101,-4.440892098500626e-16,0.3333333333333333,-2.690369832574101,-4.440892098500626e-16,0.3333333333333333,-2.690369832574101,-4.440892098500626e-16
hard_ood_40pct,34,safe_multisource_novelty_band,40,58,3,0.0,24,0.0,-3.0296531237699065,0.33928329119580525,0.0,-3.0296531237699065,0.33928329119580525,0.3333333333333333,-3.022733787572707,0.33236395499860594
hard_ood_40pct,35,uniform_random,40,58,3,0.0,26,0.0,-3.3809643969347203,0.6905945643606191,0.0,-3.3809643969347203,0.6905945643606191,0.6666666666666666,-2.903089986991944,0.21272015441784298
hard_ood_40pct,35,composition_novelty,40,58,3,18.0,3,0.3333333333333333,-2.690369832574101,-4.440892098500626e-16,0.3333333333333333,-2.690369832574101,-4.440892098500626e-16,0.6666666666666666,-2.690369832574101,-4.440892098500626e-16
hard_ood_40pct,35,safe_target_novelty,40,58,3,7.0,14,0.0,-4.129011186239425,1.4386413536653238,0.3333333333333333,-2.690369832574101,-4.440892098500626e-16,0.3333333333333333,-2.690369832574101,-4.440892098500626e-16
hard_ood_40pct,35,obelix_same_property_static,40,58,3,38.0,2,0.6666666666666666,-2.690369832574101,-4.440892098500626e-16,1.0,-2.690369832574101,-4.440892098500626e-16,1.0,-2.690369832574101,-4.440892098500626e-16
hard_ood_40pct,35,estm_transport_neighbor_static,40,58,3,51.0,1,1.0,-2.690369832574101,-4.440892098500626e-16,1.0,-2.690369832574101,-4.440892098500626e-16,1.0,-2.690369832574101,-4.440892098500626e-16
hard_ood_40pct,35,borg_mechanical_static_control,40,58,3,3.0,18,0.0,-3.8538719643217614,1.1635021317476602,0.3333333333333333,-2.903089986991944,0.21272015441784298,1.0,-2.690369832574101,-4.440892098500626e-16
hard_ood_40pct,35,ocx_catalysis_static_control,40,58,3,0.0,41,0.0,-3.0296531237699065,0.33928329119580525,0.0,-3.0296531237699065,0.33928329119580525,0.0,-3.0296531237699065,0.33928329119580525
hard_ood_40pct,35,shuffled_obelix_static_control,40,58,3,3.0,18,0.0,-4.129011186239425,1.4386413536653238,0.3333333333333333,-2.903089986991944,0.21272015441784298,0.6666666666666666,-2.903089986991944,0.21272015441784298
hard_ood_40pct,35,safe_obelix_residual,40,58,3,7.0,14,0.0,-4.471083299722345,1.7807134671482436,0.3333333333333333,-2.690369832574101,-4.440892098500626e-16,0.3333333333333333,-2.690369832574101,-4.440892098500626e-16
hard_ood_40pct,35,safe_estm_residual,40,58,3,7.0,14,0.0,-4.471083299722345,1.7807134671482436,0.3333333333333333,-2.690369832574101,-4.440892098500626e-16,0.3333333333333333,-2.690369832574101,-4.440892098500626e-16
hard_ood_40pct,35,safe_borg_residual_control,40,58,3,7.0,14,0.0,-4.471083299722345,1.7807134671482436,0.3333333333333333,-2.690369832574101,-4.440892098500626e-16,0.3333333333333333,-2.690369832574101,-4.440892098500626e-16
hard_ood_40pct,35,safe_ocx_residual_control,40,58,3,7.0,14,0.0,-4.471083299722345,1.7807134671482436,0.3333333333333333,-2.690369832574101,-4.440892098500626e-16,0.3333333333333333,-2.690369832574101,-4.440892098500626e-16
hard_ood_40pct,35,safe_shuffled_obelix_control,40,58,3,7.0,14,0.0,-4.471083299722345,1.7807134671482436,0.3333333333333333,-2.690369832574101,-4.440892098500626e-16,0.3333333333333333,-2.690369832574101,-4.440892098500626e-16
hard_ood_40pct,35,safe_multisource_residual,40,58,3,7.0,14,0.0,-4.471083299722345,1.7807134671482436,0.3333333333333333,-2.690369832574101,-4.440892098500626e-16,0.3333333333333333,-2.690369832574101,-4.440892098500626e-16
hard_ood_40pct,35,safe_multisource_novelty_band,40,58,3,6.0,15,0.0,-5.055517327849832,2.3651474952757305,0.3333333333333333,-2.903089986991944,0.21272015441784298,0.3333333333333333,-2.903089986991944,0.21272015441784298
hard_ood_40pct,36,uniform_random,40,58,3,20.0,1,0.3333333333333333,-2.903089986991944,0.21272015441784298,0.3333333333333333,-2.903089986991944,0.21272015441784298,1.0,-2.690369832574101,-4.440892098500626e-16
hard_ood_40pct,36,composition_novelty,40,58,3,19.0,2,0.3333333333333333,-2.690369832574101,-4.440892098500626e-16,0.3333333333333333,-2.690369832574101,-4.440892098500626e-16,0.6666666666666666,-2.690369832574101,-4.440892098500626e-16
hard_ood_40pct,36,safe_target_novelty,40,58,3,19.0,2,0.3333333333333333,-2.690369832574101,-4.440892098500626e-16,0.3333333333333333,-2.690369832574101,-4.440892098500626e-16,0.6666666666666666,-2.690369832574101,-4.440892098500626e-16
hard_ood_40pct,36,obelix_same_property_static,40,58,3,38.0,2,0.6666666666666666,-2.690369832574101,-4.440892098500626e-16,1.0,-2.690369832574101,-4.440892098500626e-16,1.0,-2.690369832574101,-4.440892098500626e-16
hard_ood_40pct,36,estm_transport_neighbor_static,40,58,3,51.0,1,1.0,-2.690369832574101,-4.440892098500626e-16,1.0,-2.690369832574101,-4.440892098500626e-16,1.0,-2.690369832574101,-4.440892098500626e-16
hard_ood_40pct,36,borg_mechanical_static_control,40,58,3,3.0,18,0.0,-3.8538719643217614,1.1635021317476602,0.3333333333333333,-2.903089986991944,0.21272015441784298,1.0,-2.690369832574101,-4.440892098500626e-16
hard_ood_40pct,36,ocx_catalysis_static_control,40,58,3,0.0,41,0.0,-3.0296531237699065,0.33928329119580525,0.0,-3.0296531237699065,0.33928329119580525,0.0,-3.0296531237699065,0.33928329119580525
hard_ood_40pct,36,shuffled_obelix_static_control,40,58,3,39.0,1,0.6666666666666666,-2.690369832574101,-4.440892098500626e-16,1.0,-2.690369832574101,-4.440892098500626e-16,1.0,-2.690369832574101,-4.440892098500626e-16
hard_ood_40pct,36,safe_obelix_residual,40,58,3,19.0,2,0.3333333333333333,-2.690369832574101,-4.440892098500626e-16,0.3333333333333333,-2.690369832574101,-4.440892098500626e-16,0.6666666666666666,-2.690369832574101,-4.440892098500626e-16
hard_ood_40pct,36,safe_estm_residual,40,58,3,0.0,21,0.0,-3.05453141486818,0.3641615822940789,0.0,-3.0296531237699065,0.33928329119580525,0.3333333333333333,-3.022733787572707,0.33236395499860594
hard_ood_40pct,36,safe_borg_residual_control,40,58,3,19.0,2,0.3333333333333333,-2.690369832574101,-4.440892098500626e-16,0.3333333333333333,-2.690369832574101,-4.440892098500626e-16,0.6666666666666666,-2.690369832574101,-4.440892098500626e-16
hard_ood_40pct,36,safe_ocx_residual_control,40,58,3,19.0,2,0.3333333333333333,-2.690369832574101,-4.440892098500626e-16,0.3333333333333333,-2.690369832574101,-4.440892098500626e-16,0.6666666666666666,-2.690369832574101,-4.440892098500626e-16
hard_ood_40pct,36,safe_shuffled_obelix_control,40,58,3,19.0,2,0.3333333333333333,-2.690369832574101,-4.440892098500626e-16,0.3333333333333333,-2.690369832574101,-4.440892098500626e-16,0.6666666666666666,-2.690369832574101,-4.440892098500626e-16
hard_ood_40pct,36,safe_multisource_residual,40,58,3,5.0,16,0.0,-3.0296531237699065,0.33928329119580525,0.3333333333333333,-3.022733787572707,0.33236395499860594,0.3333333333333333,-3.022733787572707,0.33236395499860594
hard_ood_40pct,36,safe_multisource_novelty_band,40,58,3,16.0,5,0.3333333333333333,-2.690369832574101,-4.440892098500626e-16,0.3333333333333333,-2.690369832574101,-4.440892098500626e-16,0.6666666666666666,-2.690369832574101,-4.440892098500626e-16
hard_ood_40pct,37,uniform_random,40,58,3,1.0,20,0.0,-3.0296531237699065,0.33928329119580525,0.3333333333333333,-2.903089986991944,0.21272015441784298,0.3333333333333333,-2.903089986991944,0.21272015441784298
hard_ood_40pct,37,composition_novelty,40,58,3,19.0,2,0.3333333333333333,-2.690369832574101,-4.440892098500626e-16,0.3333333333333333,-2.690369832574101,-4.440892098500626e-16,0.6666666666666666,-2.690369832574101,-4.440892098500626e-16
hard_ood_40pct,37,safe_target_novelty,40,58,3,0.0,28,0.0,-3.0963674839157624,0.4059976513416612,0.0,-3.0296531237699065,0.33928329119580525,0.3333333333333333,-3.022733787572707,0.33236395499860594
hard_ood_40pct,37,obelix_same_property_static,40,58,3,38.0,2,0.6666666666666666,-2.690369832574101,-4.440892098500626e-16,1.0,-2.690369832574101,-4.440892098500626e-16,1.0,-2.690369832574101,-4.440892098500626e-16
hard_ood_40pct,37,estm_transport_neighbor_static,40,58,3,51.0,1,1.0,-2.690369832574101,-4.440892098500626e-16,1.0,-2.690369832574101,-4.440892098500626e-16,1.0,-2.690369832574101,-4.440892098500626e-16
hard_ood_40pct,37,borg_mechanical_static_control,40,58,3,3.0,18,0.0,-3.8538719643217614,1.1635021317476602,0.3333333333333333,-2.903089986991944,0.21272015441784298,1.0,-2.690369832574101,-4.440892098500626e-16
hard_ood_40pct,37,ocx_catalysis_static_control,40,58,3,0.0,41,0.0,-3.0296531237699065,0.33928329119580525,0.0,-3.0296531237699065,0.33928329119580525,0.0,-3.0296531237699065,0.33928329119580525
hard_ood_40pct,37,shuffled_obelix_static_control,40,58,3,12.0,9,0.3333333333333333,-2.903089986991944,0.21272015441784298,0.3333333333333333,-2.903089986991944,0.21272015441784298,0.6666666666666666,-2.903089986991944,0.21272015441784298
hard_ood_40pct,37,safe_obelix_residual,40,58,3,0.0,24,0.0,-3.0296531237699065,0.33928329119580525,0.0,-3.0296531237699065,0.33928329119580525,0.3333333333333333,-3.022733787572707,0.33236395499860594
hard_ood_40pct,37,safe_estm_residual,40,58,3,0.0,24,0.0,-3.0963674839157624,0.4059976513416612,0.0,-3.0296531237699065,0.33928329119580525,0.3333333333333333,-3.022733787572707,0.33236395499860594
hard_ood_40pct,37,safe_borg_residual_control,40,58,3,0.0,29,0.0,-3.0963674839157624,0.4059976513416612,0.0,-3.0296531237699065,0.33928329119580525,0.3333333333333333,-3.022733787572707,0.33236395499860594
hard_ood_40pct,37,safe_ocx_residual_control,40,58,3,0.0,28,0.0,-3.0963674839157624,0.4059976513416612,0.0,-3.0296531237699065,0.33928329119580525,0.3333333333333333,-3.022733787572707,0.33236395499860594
hard_ood_40pct,37,safe_shuffled_obelix_control,40,58,3,0.0,28,0.0,-3.0963674839157624,0.4059976513416612,0.0,-3.0296531237699065,0.33928329119580525,0.3333333333333333,-3.022733787572707,0.33236395499860594
hard_ood_40pct,37,safe_multisource_residual,40,58,3,0.0,29,0.0,-3.0296531237699065,0.33928329119580525,0.0,-3.0296531237699065,0.33928329119580525,0.3333333333333333,-3.022733787572707,0.33236395499860594
hard_ood_40pct,37,safe_multisource_novelty_band,40,58,3,0.0,22,0.0,-3.987162775294828,1.2967929427207268,0.0,-3.0296531237699065,0.33928329119580525,0.3333333333333333,-2.903089986991944,0.21272015441784298
hard_ood_40pct,38,uniform_random,40,58,3,19.0,2,0.3333333333333333,-2.690369832574101,-4.440892098500626e-16,0.3333333333333333,-2.690369832574101,-4.440892098500626e-16,1.0,-2.690369832574101,-4.440892098500626e-16
hard_ood_40pct,38,composition_novelty,40,58,3,14.0,7,0.3333333333333333,-2.690369832574101,-4.440892098500626e-16,0.3333333333333333,-2.690369832574101,-4.440892098500626e-16,0.6666666666666666,-2.690369832574101,-4.440892098500626e-16
hard_ood_40pct,38,safe_target_novelty,40,58,3,14.0,7,0.3333333333333333,-2.690369832574101,-4.440892098500626e-16,0.3333333333333333,-2.690369832574101,-4.440892098500626e-16,0.6666666666666666,-2.690369832574101,-4.440892098500626e-16
hard_ood_40pct,38,obelix_same_property_static,40,58,3,38.0,2,0.6666666666666666,-2.690369832574101,-4.440892098500626e-16,1.0,-2.690369832574101,-4.440892098500626e-16,1.0,-2.690369832574101,-4.440892098500626e-16
hard_ood_40pct,38,estm_transport_neighbor_static,40,58,3,51.0,1,1.0,-2.690369832574101,-4.440892098500626e-16,1.0,-2.690369832574101,-4.440892098500626e-16,1.0,-2.690369832574101,-4.440892098500626e-16
hard_ood_40pct,38,borg_mechanical_static_control,40,58,3,3.0,18,0.0,-3.8538719643217614,1.1635021317476602,0.3333333333333333,-2.903089986991944,0.21272015441784298,1.0,-2.690369832574101,-4.440892098500626e-16
hard_ood_40pct,38,ocx_catalysis_static_control,40,58,3,0.0,41,0.0,-3.0296531237699065,0.33928329119580525,0.0,-3.0296531237699065,0.33928329119580525,0.0,-3.0296531237699065,0.33928329119580525
hard_ood_40pct,38,shuffled_obelix_static_control,40,58,3,22.0,7,0.3333333333333333,-2.903089986991944,0.21272015441784298,0.6666666666666666,-2.690369832574101,-4.440892098500626e-16,0.6666666666666666,-2.690369832574101,-4.440892098500626e-16
hard_ood_40pct,38,safe_obelix_residual,40,58,3,14.0,7,0.3333333333333333,-2.690369832574101,-4.440892098500626e-16,0.3333333333333333,-2.690369832574101,-4.440892098500626e-16,0.6666666666666666,-2.690369832574101,-4.440892098500626e-16
hard_ood_40pct,38,safe_estm_residual,40,58,3,15.0,7,0.3333333333333333,-2.690369832574101,-4.440892098500626e-16,0.6666666666666666,-2.690369832574101,-4.440892098500626e-16,0.6666666666666666,-2.690369832574101,-4.440892098500626e-16
hard_ood_40pct,38,safe_borg_residual_control,40,58,3,14.0,7,0.3333333333333333,-2.690369832574101,-4.440892098500626e-16,0.3333333333333333,-2.690369832574101,-4.440892098500626e-16,0.6666666666666666,-2.690369832574101,-4.440892098500626e-16
hard_ood_40pct,38,safe_ocx_residual_control,40,58,3,14.0,7,0.3333333333333333,-2.690369832574101,-4.440892098500626e-16,0.3333333333333333,-2.690369832574101,-4.440892098500626e-16,0.6666666666666666,-2.690369832574101,-4.440892098500626e-16
hard_ood_40pct,38,safe_shuffled_obelix_control,40,58,3,14.0,7,0.3333333333333333,-2.690369832574101,-4.440892098500626e-16,0.3333333333333333,-2.690369832574101,-4.440892098500626e-16,0.6666666666666666,-2.690369832574101,-4.440892098500626e-16
hard_ood_40pct,38,safe_multisource_residual,40,58,3,13.0,9,0.3333333333333333,-2.690369832574101,-4.440892098500626e-16,0.6666666666666666,-2.690369832574101,-4.440892098500626e-16,0.6666666666666666,-2.690369832574101,-4.440892098500626e-16
hard_ood_40pct,38,safe_multisource_novelty_band,40,58,3,17.0,11,0.0,-4.129011186239425,1.4386413536653238,0.6666666666666666,-2.690369832574101,-4.440892098500626e-16,0.6666666666666666,-2.690369832574101,-4.440892098500626e-16
hard_ood_40pct,39,uniform_random,40,58,3,0.0,23,0.0,-4.471083299722345,1.7807134671482436,0.0,-3.0296531237699065,0.33928329119580525,0.6666666666666666,-2.690369832574101,-4.440892098500626e-16
hard_ood_40pct,39,composition_novelty,40,58,3,18.0,3,0.3333333333333333,-2.690369832574101,-4.440892098500626e-16,0.3333333333333333,-2.690369832574101,-4.440892098500626e-16,0.6666666666666666,-2.690369832574101,-4.440892098500626e-16
hard_ood_40pct,39,safe_target_novelty,40,58,3,8.0,13,0.0,-3.0296531237699065,0.33928329119580525,0.3333333333333333,-3.022733787572707,0.33236395499860594,0.6666666666666666,-2.903089986991944,0.21272015441784298
hard_ood_40pct,39,obelix_same_property_static,40,58,3,38.0,2,0.6666666666666666,-2.690369832574101,-4.440892098500626e-16,1.0,-2.690369832574101,-4.440892098500626e-16,1.0,-2.690369832574101,-4.440892098500626e-16
hard_ood_40pct,39,estm_transport_neighbor_static,40,58,3,51.0,1,1.0,-2.690369832574101,-4.440892098500626e-16,1.0,-2.690369832574101,-4.440892098500626e-16,1.0,-2.690369832574101,-4.440892098500626e-16
hard_ood_40pct,39,borg_mechanical_static_control,40,58,3,3.0,18,0.0,-3.8538719643217614,1.1635021317476602,0.3333333333333333,-2.903089986991944,0.21272015441784298,1.0,-2.690369832574101,-4.440892098500626e-16
hard_ood_40pct,39,ocx_catalysis_static_control,40,58,3,0.0,41,0.0,-3.0296531237699065,0.33928329119580525,0.0,-3.0296531237699065,0.33928329119580525,0.0,-3.0296531237699065,0.33928329119580525
hard_ood_40pct,39,shuffled_obelix_static_control,40,58,3,19.0,2,0.3333333333333333,-2.903089986991944,0.21272015441784298,0.3333333333333333,-2.903089986991944,0.21272015441784298,0.6666666666666666,-2.903089986991944,0.21272015441784298
hard_ood_40pct,39,safe_obelix_residual,40,58,3,29.0,2,0.3333333333333333,-3.022733787572707,0.33236395499860594,0.6666666666666666,-2.690369832574101,-4.440892098500626e-16,1.0,-2.690369832574101,-4.440892098500626e-16
hard_ood_40pct,39,safe_estm_residual,40,58,3,8.0,13,0.0,-3.0296531237699065,0.33928329119580525,0.3333333333333333,-3.022733787572707,0.33236395499860594,0.6666666666666666,-2.903089986991944,0.21272015441784298
hard_ood_40pct,39,safe_borg_residual_control,40,58,3,8.0,13,0.0,-3.0296531237699065,0.33928329119580525,0.3333333333333333,-3.022733787572707,0.33236395499860594,0.6666666666666666,-2.903089986991944,0.21272015441784298
hard_ood_40pct,39,safe_ocx_residual_control,40,58,3,19.0,2,0.3333333333333333,-2.903089986991944,0.21272015441784298,0.3333333333333333,-2.903089986991944,0.21272015441784298,0.3333333333333333,-2.903089986991944,0.21272015441784298
hard_ood_40pct,39,safe_shuffled_obelix_control,40,58,3,19.0,2,0.3333333333333333,-2.903089986991944,0.21272015441784298,0.3333333333333333,-2.903089986991944,0.21272015441784298,0.3333333333333333,-2.903089986991944,0.21272015441784298
hard_ood_40pct,39,safe_multisource_residual,40,58,3,8.0,13,0.0,-3.0296531237699065,0.33928329119580525,0.3333333333333333,-3.022733787572707,0.33236395499860594,1.0,-2.690369832574101,-4.440892098500626e-16
hard_ood_40pct,39,safe_multisource_novelty_band,40,58,3,2.0,19,0.0,-3.0296531237699065,0.33928329119580525,0.3333333333333333,-2.690369832574101,-4.440892098500626e-16,0.3333333333333333,-2.690369832574101,-4.440892098500626e-16
hard_ood_40pct,40,uniform_random,40,58,3,4.0,17,0.0,-3.11747546204512,0.42710562947101893,0.3333333333333333,-3.022733787572707,0.33236395499860594,0.6666666666666666,-2.903089986991944,0.21272015441784298
hard_ood_40pct,40,composition_novelty,40,58,3,18.0,3,0.3333333333333333,-2.690369832574101,-4.440892098500626e-16,0.3333333333333333,-2.690369832574101,-4.440892098500626e-16,0.6666666666666666,-2.690369832574101,-4.440892098500626e-16
hard_ood_40pct,40,safe_target_novelty,40,58,3,16.0,5,0.3333333333333333,-2.690369832574101,-4.440892098500626e-16,0.3333333333333333,-2.690369832574101,-4.440892098500626e-16,0.6666666666666666,-2.690369832574101,-4.440892098500626e-16
hard_ood_40pct,40,obelix_same_property_static,40,58,3,38.0,2,0.6666666666666666,-2.690369832574101,-4.440892098500626e-16,1.0,-2.690369832574101,-4.440892098500626e-16,1.0,-2.690369832574101,-4.440892098500626e-16
hard_ood_40pct,40,estm_transport_neighbor_static,40,58,3,51.0,1,1.0,-2.690369832574101,-4.440892098500626e-16,1.0,-2.690369832574101,-4.440892098500626e-16,1.0,-2.690369832574101,-4.440892098500626e-16
hard_ood_40pct,40,borg_mechanical_static_control,40,58,3,3.0,18,0.0,-3.8538719643217614,1.1635021317476602,0.3333333333333333,-2.903089986991944,0.21272015441784298,1.0,-2.690369832574101,-4.440892098500626e-16
hard_ood_40pct,40,ocx_catalysis_static_control,40,58,3,0.0,41,0.0,-3.0296531237699065,0.33928329119580525,0.0,-3.0296531237699065,0.33928329119580525,0.0,-3.0296531237699065,0.33928329119580525
hard_ood_40pct,40,shuffled_obelix_static_control,40,58,3,34.0,2,0.6666666666666666,-2.903089986991944,0.21272015441784298,0.6666666666666666,-2.903089986991944,0.21272015441784298,1.0,-2.690369832574101,-4.440892098500626e-16
hard_ood_40pct,40,safe_obelix_residual,40,58,3,14.0,7,0.3333333333333333,-2.690369832574101,-4.440892098500626e-16,0.3333333333333333,-2.690369832574101,-4.440892098500626e-16,0.6666666666666666,-2.690369832574101,-4.440892098500626e-16
hard_ood_40pct,40,safe_estm_residual,40,58,3,16.0,5,0.3333333333333333,-2.690369832574101,-4.440892098500626e-16,0.3333333333333333,-2.690369832574101,-4.440892098500626e-16,0.6666666666666666,-2.690369832574101,-4.440892098500626e-16
hard_ood_40pct,40,safe_borg_residual_control,40,58,3,20.0,1,0.3333333333333333,-2.690369832574101,-4.440892098500626e-16,0.3333333333333333,-2.690369832574101,-4.440892098500626e-16,0.3333333333333333,-2.690369832574101,-4.440892098500626e-16
hard_ood_40pct,40,safe_ocx_residual_control,40,58,3,20.0,1,0.3333333333333333,-2.690369832574101,-4.440892098500626e-16,0.3333333333333333,-2.690369832574101,-4.440892098500626e-16,0.6666666666666666,-2.690369832574101,-4.440892098500626e-16
hard_ood_40pct,40,safe_shuffled_obelix_control,40,58,3,16.0,5,0.3333333333333333,-2.690369832574101,-4.440892098500626e-16,0.3333333333333333,-2.690369832574101,-4.440892098500626e-16,0.6666666666666666,-2.690369832574101,-4.440892098500626e-16
hard_ood_40pct,40,safe_multisource_residual,40,58,3,20.0,1,0.3333333333333333,-2.690369832574101,-4.440892098500626e-16,0.3333333333333333,-2.690369832574101,-4.440892098500626e-16,0.6666666666666666,-2.690369832574101,-4.440892098500626e-16
hard_ood_40pct,40,safe_multisource_novelty_band,40,58,3,17.0,8,0.3333333333333333,-3.022733787572707,0.33236395499860594,0.6666666666666666,-2.690369832574101,-4.440892098500626e-16,0.6666666666666666,-2.690369832574101,-4.440892098500626e-16
hard_ood_40pct,41,uniform_random,40,58,3,25.0,8,0.6666666666666666,-2.690369832574101,-4.440892098500626e-16,0.6666666666666666,-2.690369832574101,-4.440892098500626e-16,0.6666666666666666,-2.690369832574101,-4.440892098500626e-16
hard_ood_40pct,41,composition_novelty,40,58,3,18.0,3,0.3333333333333333,-2.690369832574101,-4.440892098500626e-16,0.3333333333333333,-2.690369832574101,-4.440892098500626e-16,0.6666666666666666,-2.690369832574101,-4.440892098500626e-16
hard_ood_40pct,41,safe_target_novelty,40,58,3,16.0,9,0.3333333333333333,-2.690369832574101,-4.440892098500626e-16,0.6666666666666666,-2.690369832574101,-4.440892098500626e-16,0.6666666666666666,-2.690369832574101,-4.440892098500626e-16
hard_ood_40pct,41,obelix_same_property_static,40,58,3,38.0,2,0.6666666666666666,-2.690369832574101,-4.440892098500626e-16,1.0,-2.690369832574101,-4.440892098500626e-16,1.0,-2.690369832574101,-4.440892098500626e-16
hard_ood_40pct,41,estm_transport_neighbor_static,40,58,3,51.0,1,1.0,-2.690369832574101,-4.440892098500626e-16,1.0,-2.690369832574101,-4.440892098500626e-16,1.0,-2.690369832574101,-4.440892098500626e-16
hard_ood_40pct,41,borg_mechanical_static_control,40,58,3,3.0,18,0.0,-3.8538719643217614,1.1635021317476602,0.3333333333333333,-2.903089986991944,0.21272015441784298,1.0,-2.690369832574101,-4.440892098500626e-16
hard_ood_40pct,41,ocx_catalysis_static_control,40,58,3,0.0,41,0.0,-3.0296531237699065,0.33928329119580525,0.0,-3.0296531237699065,0.33928329119580525,0.0,-3.0296531237699065,0.33928329119580525
hard_ood_40pct,41,shuffled_obelix_static_control,40,58,3,14.0,7,0.3333333333333333,-3.022733787572707,0.33236395499860594,0.3333333333333333,-3.022733787572707,0.33236395499860594,0.3333333333333333,-3.022733787572707,0.33236395499860594
hard_ood_40pct,41,safe_obelix_residual,40,58,3,0.0,24,0.0,-3.987162775294828,1.2967929427207268,0.0,-3.0296531237699065,0.33928329119580525,0.3333333333333333,-3.022733787572707,0.33236395499860594
hard_ood_40pct,41,safe_estm_residual,40,58,3,16.0,9,0.3333333333333333,-2.690369832574101,-4.440892098500626e-16,0.6666666666666666,-2.690369832574101,-4.440892098500626e-16,0.6666666666666666,-2.690369832574101,-4.440892098500626e-16
hard_ood_40pct,41,safe_borg_residual_control,40,58,3,1.0,20,0.0,-5.055517327849832,2.3651474952757305,0.3333333333333333,-3.022733787572707,0.33236395499860594,0.3333333333333333,-3.022733787572707,0.33236395499860594
hard_ood_40pct,41,safe_ocx_residual_control,40,58,3,16.0,9,0.3333333333333333,-2.690369832574101,-4.440892098500626e-16,0.6666666666666666,-2.690369832574101,-4.440892098500626e-16,0.6666666666666666,-2.690369832574101,-4.440892098500626e-16
hard_ood_40pct,41,safe_shuffled_obelix_control,40,58,3,16.0,9,0.3333333333333333,-2.690369832574101,-4.440892098500626e-16,0.6666666666666666,-2.690369832574101,-4.440892098500626e-16,0.6666666666666666,-2.690369832574101,-4.440892098500626e-16
hard_ood_40pct,41,safe_multisource_residual,40,58,3,0.0,35,0.0,-3.987162775294828,1.2967929427207268,0.0,-3.0963674839157624,0.4059976513416612,0.3333333333333333,-3.022733787572707,0.33236395499860594
hard_ood_40pct,41,safe_multisource_novelty_band,40,58,3,3.0,18,0.0,-3.987162775294828,1.2967929427207268,0.3333333333333333,-2.690369832574101,-4.440892098500626e-16,0.3333333333333333,-2.690369832574101,-4.440892098500626e-16
hard_ood_40pct,42,uniform_random,40,58,3,5.0,16,0.0,-4.4388986163509445,1.7485287837768433,0.3333333333333333,-2.690369832574101,-4.440892098500626e-16,1.0,-2.690369832574101,-4.440892098500626e-16
hard_ood_40pct,42,composition_novelty,40,58,3,18.0,3,0.3333333333333333,-2.690369832574101,-4.440892098500626e-16,0.3333333333333333,-2.690369832574101,-4.440892098500626e-16,0.6666666666666666,-2.690369832574101,-4.440892098500626e-16
hard_ood_40pct,42,safe_target_novelty,40,58,3,8.0,13,0.0,-3.0296531237699065,0.33928329119580525,0.3333333333333333,-3.022733787572707,0.33236395499860594,0.3333333333333333,-3.022733787572707,0.33236395499860594
hard_ood_40pct,42,obelix_same_property_static,40,58,3,38.0,2,0.6666666666666666,-2.690369832574101,-4.440892098500626e-16,1.0,-2.690369832574101,-4.440892098500626e-16,1.0,-2.690369832574101,-4.440892098500626e-16
hard_ood_40pct,42,estm_transport_neighbor_static,40,58,3,51.0,1,1.0,-2.690369832574101,-4.440892098500626e-16,1.0,-2.690369832574101,-4.440892098500626e-16,1.0,-2.690369832574101,-4.440892098500626e-16
hard_ood_40pct,42,borg_mechanical_static_control,40,58,3,3.0,18,0.0,-3.8538719643217614,1.1635021317476602,0.3333333333333333,-2.903089986991944,0.21272015441784298,1.0,-2.690369832574101,-4.440892098500626e-16
hard_ood_40pct,42,ocx_catalysis_static_control,40,58,3,0.0,41,0.0,-3.0296531237699065,0.33928329119580525,0.0,-3.0296531237699065,0.33928329119580525,0.0,-3.0296531237699065,0.33928329119580525
hard_ood_40pct,42,shuffled_obelix_static_control,40,58,3,0.0,23,0.0,-3.05453141486818,0.3641615822940789,0.0,-3.05453141486818,0.3641615822940789,1.0,-2.690369832574101,-4.440892098500626e-16
hard_ood_40pct,42,safe_obelix_residual,40,58,3,36.0,1,0.6666666666666666,-2.690369832574101,-4.440892098500626e-16,0.6666666666666666,-2.690369832574101,-4.440892098500626e-16,0.6666666666666666,-2.690369832574101,-4.440892098500626e-16
hard_ood_40pct,42,safe_estm_residual,40,58,3,7.0,14,0.0,-3.0296531237699065,0.33928329119580525,0.3333333333333333,-3.022733787572707,0.33236395499860594,0.3333333333333333,-3.022733787572707,0.33236395499860594
hard_ood_40pct,42,safe_borg_residual_control,40,58,3,8.0,13,0.0,-3.0296531237699065,0.33928329119580525,0.3333333333333333,-3.022733787572707,0.33236395499860594,0.3333333333333333,-3.022733787572707,0.33236395499860594
hard_ood_40pct,42,safe_ocx_residual_control,40,58,3,8.0,13,0.0,-3.0296531237699065,0.33928329119580525,0.3333333333333333,-3.022733787572707,0.33236395499860594,0.3333333333333333,-3.022733787572707,0.33236395499860594
hard_ood_40pct,42,safe_shuffled_obelix_control,40,58,3,11.0,10,0.3333333333333333,-2.903089986991944,0.21272015441784298,0.3333333333333333,-2.903089986991944,0.21272015441784298,0.3333333333333333,-2.903089986991944,0.21272015441784298
hard_ood_40pct,42,safe_multisource_residual,40,58,3,36.0,1,0.6666666666666666,-2.690369832574101,-4.440892098500626e-16,0.6666666666666666,-2.690369832574101,-4.440892098500626e-16,0.6666666666666666,-2.690369832574101,-4.440892098500626e-16
hard_ood_40pct,42,safe_multisource_novelty_band,40,58,3,37.0,1,0.6666666666666666,-2.690369832574101,-4.440892098500626e-16,0.6666666666666666,-2.690369832574101,-4.440892098500626e-16,0.6666666666666666,-2.690369832574101,-4.440892098500626e-16
hard_ood_40pct,43,uniform_random,40,58,3,0.0,22,0.0,-3.987162775294828,1.2967929427207268,0.0,-3.05453141486818,0.3641615822940789,0.6666666666666666,-2.690369832574101,-4.440892098500626e-16
hard_ood_40pct,43,composition_novelty,40,58,3,19.0,2,0.3333333333333333,-2.690369832574101,-4.440892098500626e-16,0.3333333333333333,-2.690369832574101,-4.440892098500626e-16,0.6666666666666666,-2.690369832574101,-4.440892098500626e-16
hard_ood_40pct,43,safe_target_novelty,40,58,3,0.0,23,0.0,-3.05453141486818,0.3641615822940789,0.0,-3.0296531237699065,0.33928329119580525,0.3333333333333333,-3.022733787572707,0.33236395499860594
hard_ood_40pct,43,obelix_same_property_static,40,58,3,38.0,2,0.6666666666666666,-2.690369832574101,-4.440892098500626e-16,1.0,-2.690369832574101,-4.440892098500626e-16,1.0,-2.690369832574101,-4.440892098500626e-16
hard_ood_40pct,43,estm_transport_neighbor_static,40,58,3,51.0,1,1.0,-2.690369832574101,-4.440892098500626e-16,1.0,-2.690369832574101,-4.440892098500626e-16,1.0,-2.690369832574101,-4.440892098500626e-16
hard_ood_40pct,43,borg_mechanical_static_control,40,58,3,3.0,18,0.0,-3.8538719643217614,1.1635021317476602,0.3333333333333333,-2.903089986991944,0.21272015441784298,1.0,-2.690369832574101,-4.440892098500626e-16
hard_ood_40pct,43,ocx_catalysis_static_control,40,58,3,0.0,41,0.0,-3.0296531237699065,0.33928329119580525,0.0,-3.0296531237699065,0.33928329119580525,0.0,-3.0296531237699065,0.33928329119580525
hard_ood_40pct,43,shuffled_obelix_static_control,40,58,3,20.0,4,0.3333333333333333,-3.022733787572707,0.33236395499860594,0.6666666666666666,-2.690369832574101,-4.440892098500626e-16,0.6666666666666666,-2.690369832574101,-4.440892098500626e-16
hard_ood_40pct,43,safe_obelix_residual,40,58,3,1.0,20,0.0,-3.0963674839157624,0.4059976513416612,0.3333333333333333,-3.022733787572707,0.33236395499860594,0.3333333333333333,-3.022733787572707,0.33236395499860594
hard_ood_40pct,43,safe_estm_residual,40,58,3,0.0,23,0.0,-3.05453141486818,0.3641615822940789,0.0,-3.0296531237699065,0.33928329119580525,0.3333333333333333,-3.022733787572707,0.33236395499860594
hard_ood_40pct,43,safe_borg_residual_control,40,58,3,0.0,23,0.0,-3.05453141486818,0.3641615822940789,0.0,-3.0296531237699065,0.33928329119580525,0.3333333333333333,-3.022733787572707,0.33236395499860594
hard_ood_40pct,43,safe_ocx_residual_control,40,58,3,0.0,23,0.0,-3.05453141486818,0.3641615822940789,0.0,-3.0296531237699065,0.33928329119580525,0.3333333333333333,-3.022733787572707,0.33236395499860594
hard_ood_40pct,43,safe_shuffled_obelix_control,40,58,3,0.0,23,0.0,-3.0963674839157624,0.4059976513416612,0.0,-3.0296531237699065,0.33928329119580525,0.3333333333333333,-3.022733787572707,0.33236395499860594
hard_ood_40pct,43,safe_multisource_residual,40,58,3,0.0,24,0.0,-3.05453141486818,0.3641615822940789,0.0,-3.0296531237699065,0.33928329119580525,0.3333333333333333,-3.022733787572707,0.33236395499860594
hard_ood_40pct,43,safe_multisource_novelty_band,40,58,3,17.0,4,0.3333333333333333,-2.903089986991944,0.21272015441784298,0.3333333333333333,-2.903089986991944,0.21272015441784298,0.3333333333333333,-2.903089986991944,0.21272015441784298
hard_ood_40pct,44,uniform_random,40,58,3,3.0,18,0.0,-3.987162775294828,1.2967929427207268,0.3333333333333333,-2.903089986991944,0.21272015441784298,0.6666666666666666,-2.903089986991944,0.21272015441784298
hard_ood_40pct,44,composition_novelty,40,58,3,18.0,3,0.3333333333333333,-2.690369832574101,-4.440892098500626e-16,0.3333333333333333,-2.690369832574101,-4.440892098500626e-16,0.6666666666666666,-2.690369832574101,-4.440892098500626e-16
hard_ood_40pct,44,safe_target_novelty,40,58,3,18.0,3,0.3333333333333333,-2.690369832574101,-4.440892098500626e-16,0.3333333333333333,-2.690369832574101,-4.440892098500626e-16,0.6666666666666666,-2.690369832574101,-4.440892098500626e-16
hard_ood_40pct,44,obelix_same_property_static,40,58,3,38.0,2,0.6666666666666666,-2.690369832574101,-4.440892098500626e-16,1.0,-2.690369832574101,-4.440892098500626e-16,1.0,-2.690369832574101,-4.440892098500626e-16
hard_ood_40pct,44,estm_transport_neighbor_static,40,58,3,51.0,1,1.0,-2.690369832574101,-4.440892098500626e-16,1.0,-2.690369832574101,-4.440892098500626e-16,1.0,-2.690369832574101,-4.440892098500626e-16
hard_ood_40pct,44,borg_mechanical_static_control,40,58,3,3.0,18,0.0,-3.8538719643217614,1.1635021317476602,0.3333333333333333,-2.903089986991944,0.21272015441784298,1.0,-2.690369832574101,-4.440892098500626e-16
hard_ood_40pct,44,ocx_catalysis_static_control,40,58,3,0.0,41,0.0,-3.0296531237699065,0.33928329119580525,0.0,-3.0296531237699065,0.33928329119580525,0.0,-3.0296531237699065,0.33928329119580525
hard_ood_40pct,44,shuffled_obelix_static_control,40,58,3,2.0,19,0.0,-4.129011186239425,1.4386413536653238,0.3333333333333333,-2.690369832574101,-4.440892098500626e-16,0.6666666666666666,-2.690369832574101,-4.440892098500626e-16
hard_ood_40pct,44,safe_obelix_residual,40,58,3,23.0,2,0.3333333333333333,-2.690369832574101,-4.440892098500626e-16,0.6666666666666666,-2.690369832574101,-4.440892098500626e-16,0.6666666666666666,-2.690369832574101,-4.440892098500626e-16
hard_ood_40pct,44,safe_estm_residual,40,58,3,1.0,20,0.0,-3.0963674839157624,0.4059976513416612,0.3333333333333333,-3.022733787572707,0.33236395499860594,0.3333333333333333,-3.022733787572707,0.33236395499860594
hard_ood_40pct,44,safe_borg_residual_control,40,58,3,1.0,20,0.0,-3.0963674839157624,0.4059976513416612,0.3333333333333333,-3.022733787572707,0.33236395499860594,0.3333333333333333,-3.022733787572707,0.33236395499860594
hard_ood_40pct,44,safe_ocx_residual_control,40,58,3,1.0,20,0.0,-3.0963674839157624,0.4059976513416612,0.3333333333333333,-3.022733787572707,0.33236395499860594,0.3333333333333333,-3.022733787572707,0.33236395499860594
hard_ood_40pct,44,safe_shuffled_obelix_control,40,58,3,18.0,3,0.3333333333333333,-2.690369832574101,-4.440892098500626e-16,0.3333333333333333,-2.690369832574101,-4.440892098500626e-16,0.6666666666666666,-2.690369832574101,-4.440892098500626e-16
hard_ood_40pct,44,safe_multisource_residual,40,58,3,0.0,32,0.0,-3.05453141486818,0.3641615822940789,0.0,-3.0296531237699065,0.33928329119580525,0.3333333333333333,-3.022733787572707,0.33236395499860594
hard_ood_40pct,44,safe_multisource_novelty_band,40,58,3,9.0,12,0.0,-4.471083299722345,1.7807134671482436,0.3333333333333333,-3.022733787572707,0.33236395499860594,0.6666666666666666,-2.690369832574101,-4.440892098500626e-16
hard_ood_40pct,45,uniform_random,40,58,3,0.0,33,0.0,-3.8538719643217614,1.1635021317476602,0.0,-3.8538719643217614,1.1635021317476602,0.6666666666666666,-2.903089986991944,0.21272015441784298
hard_ood_40pct,45,composition_novelty,40,58,3,18.0,3,0.3333333333333333,-2.690369832574101,-4.440892098500626e-16,0.3333333333333333,-2.690369832574101,-4.440892098500626e-16,0.6666666666666666,-2.690369832574101,-4.440892098500626e-16
hard_ood_40pct,45,safe_target_novelty,40,58,3,18.0,3,0.3333333333333333,-2.690369832574101,-4.440892098500626e-16,0.3333333333333333,-2.690369832574101,-4.440892098500626e-16,0.6666666666666666,-2.690369832574101,-4.440892098500626e-16
hard_ood_40pct,45,obelix_same_property_static,40,58,3,38.0,2,0.6666666666666666,-2.690369832574101,-4.440892098500626e-16,1.0,-2.690369832574101,-4.440892098500626e-16,1.0,-2.690369832574101,-4.440892098500626e-16
hard_ood_40pct,45,estm_transport_neighbor_static,40,58,3,51.0,1,1.0,-2.690369832574101,-4.440892098500626e-16,1.0,-2.690369832574101,-4.440892098500626e-16,1.0,-2.690369832574101,-4.440892098500626e-16
hard_ood_40pct,45,borg_mechanical_static_control,40,58,3,3.0,18,0.0,-3.8538719643217614,1.1635021317476602,0.3333333333333333,-2.903089986991944,0.21272015441784298,1.0,-2.690369832574101,-4.440892098500626e-16
hard_ood_40pct,45,ocx_catalysis_static_control,40,58,3,0.0,41,0.0,-3.0296531237699065,0.33928329119580525,0.0,-3.0296531237699065,0.33928329119580525,0.0,-3.0296531237699065,0.33928329119580525
hard_ood_40pct,45,shuffled_obelix_static_control,40,58,3,11.0,10,0.3333333333333333,-3.022733787572707,0.33236395499860594,0.3333333333333333,-3.022733787572707,0.33236395499860594,0.6666666666666666,-2.690369832574101,-4.440892098500626e-16
hard_ood_40pct,45,safe_obelix_residual,40,58,3,17.0,4,0.3333333333333333,-2.690369832574101,-4.440892098500626e-16,0.3333333333333333,-2.690369832574101,-4.440892098500626e-16,0.6666666666666666,-2.690369832574101,-4.440892098500626e-16
hard_ood_40pct,45,safe_estm_residual,40,58,3,18.0,3,0.3333333333333333,-2.690369832574101,-4.440892098500626e-16,0.3333333333333333,-2.690369832574101,-4.440892098500626e-16,0.6666666666666666,-2.690369832574101,-4.440892098500626e-16
hard_ood_40pct,45,safe_borg_residual_control,40,58,3,18.0,3,0.3333333333333333,-2.690369832574101,-4.440892098500626e-16,0.3333333333333333,-2.690369832574101,-4.440892098500626e-16,0.6666666666666666,-2.690369832574101,-4.440892098500626e-16
hard_ood_40pct,45,safe_ocx_residual_control,40,58,3,19.0,2,0.3333333333333333,-2.690369832574101,-4.440892098500626e-16,0.3333333333333333,-2.690369832574101,-4.440892098500626e-16,0.6666666666666666,-2.690369832574101,-4.440892098500626e-16
hard_ood_40pct,45,safe_shuffled_obelix_control,40,58,3,18.0,3,0.3333333333333333,-2.690369832574101,-4.440892098500626e-16,0.3333333333333333,-2.690369832574101,-4.440892098500626e-16,0.6666666666666666,-2.690369832574101,-4.440892098500626e-16
hard_ood_40pct,45,safe_multisource_residual,40,58,3,17.0,4,0.3333333333333333,-2.690369832574101,-4.440892098500626e-16,0.3333333333333333,-2.690369832574101,-4.440892098500626e-16,0.6666666666666666,-2.690369832574101,-4.440892098500626e-16
hard_ood_40pct,45,safe_multisource_novelty_band,40,58,3,4.0,17,0.0,-5.055517327849832,2.3651474952757305,0.3333333333333333,-2.690369832574101,-4.440892098500626e-16,0.6666666666666666,-2.690369832574101,-4.440892098500626e-16
hard_ood_40pct,46,uniform_random,40,58,3,19.0,4,0.3333333333333333,-3.022733787572707,0.33236395499860594,0.6666666666666666,-2.903089986991944,0.21272015441784298,1.0,-2.690369832574101,-4.440892098500626e-16
hard_ood_40pct,46,composition_novelty,40,58,3,18.0,3,0.3333333333333333,-2.690369832574101,-4.440892098500626e-16,0.3333333333333333,-2.690369832574101,-4.440892098500626e-16,0.6666666666666666,-2.690369832574101,-4.440892098500626e-16
hard_ood_40pct,46,safe_target_novelty,40,58,3,19.0,2,0.3333333333333333,-2.690369832574101,-4.440892098500626e-16,0.3333333333333333,-2.690369832574101,-4.440892098500626e-16,0.6666666666666666,-2.690369832574101,-4.440892098500626e-16
hard_ood_40pct,46,obelix_same_property_static,40,58,3,38.0,2,0.6666666666666666,-2.690369832574101,-4.440892098500626e-16,1.0,-2.690369832574101,-4.440892098500626e-16,1.0,-2.690369832574101,-4.440892098500626e-16
hard_ood_40pct,46,estm_transport_neighbor_static,40,58,3,51.0,1,1.0,-2.690369832574101,-4.440892098500626e-16,1.0,-2.690369832574101,-4.440892098500626e-16,1.0,-2.690369832574101,-4.440892098500626e-16
hard_ood_40pct,46,borg_mechanical_static_control,40,58,3,3.0,18,0.0,-3.8538719643217614,1.1635021317476602,0.3333333333333333,-2.903089986991944,0.21272015441784298,1.0,-2.690369832574101,-4.440892098500626e-16
hard_ood_40pct,46,ocx_catalysis_static_control,40,58,3,0.0,41,0.0,-3.0296531237699065,0.33928329119580525,0.0,-3.0296531237699065,0.33928329119580525,0.0,-3.0296531237699065,0.33928329119580525
hard_ood_40pct,46,shuffled_obelix_static_control,40,58,3,9.0,12,0.0,-3.05453141486818,0.3641615822940789,0.3333333333333333,-2.903089986991944,0.21272015441784298,0.6666666666666666,-2.903089986991944,0.21272015441784298
hard_ood_40pct,46,safe_obelix_residual,40,58,3,20.0,1,0.3333333333333333,-2.690369832574101,-4.440892098500626e-16,0.3333333333333333,-2.690369832574101,-4.440892098500626e-16,0.6666666666666666,-2.690369832574101,-4.440892098500626e-16
hard_ood_40pct,46,safe_estm_residual,40,58,3,19.0,2,0.3333333333333333,-2.690369832574101,-4.440892098500626e-16,0.3333333333333333,-2.690369832574101,-4.440892098500626e-16,0.6666666666666666,-2.690369832574101,-4.440892098500626e-16
hard_ood_40pct,46,safe_borg_residual_control,40,58,3,19.0,2,0.3333333333333333,-2.690369832574101,-4.440892098500626e-16,0.3333333333333333,-2.690369832574101,-4.440892098500626e-16,0.6666666666666666,-2.690369832574101,-4.440892098500626e-16
hard_ood_40pct,46,safe_ocx_residual_control,40,58,3,19.0,2,0.3333333333333333,-2.690369832574101,-4.440892098500626e-16,0.3333333333333333,-2.690369832574101,-4.440892098500626e-16,0.6666666666666666,-2.690369832574101,-4.440892098500626e-16
hard_ood_40pct,46,safe_shuffled_obelix_control,40,58,3,19.0,2,0.3333333333333333,-2.690369832574101,-4.440892098500626e-16,0.3333333333333333,-2.690369832574101,-4.440892098500626e-16,0.6666666666666666,-2.690369832574101,-4.440892098500626e-16
hard_ood_40pct,46,safe_multisource_residual,40,58,3,20.0,1,0.3333333333333333,-2.690369832574101,-4.440892098500626e-16,0.3333333333333333,-2.690369832574101,-4.440892098500626e-16,0.6666666666666666,-2.690369832574101,-4.440892098500626e-16
hard_ood_40pct,46,safe_multisource_novelty_band,40,58,3,31.0,5,0.6666666666666666,-2.690369832574101,-4.440892098500626e-16,0.6666666666666666,-2.690369832574101,-4.440892098500626e-16,0.6666666666666666,-2.690369832574101,-4.440892098500626e-16
hard_ood_40pct,47,uniform_random,40,58,3,4.0,17,0.0,-4.585026652029182,1.8946568194550806,0.3333333333333333,-2.690369832574101,-4.440892098500626e-16,0.6666666666666666,-2.690369832574101,-4.440892098500626e-16
hard_ood_40pct,47,composition_novelty,40,58,3,18.0,3,0.3333333333333333,-2.690369832574101,-4.440892098500626e-16,0.3333333333333333,-2.690369832574101,-4.440892098500626e-16,0.6666666666666666,-2.690369832574101,-4.440892098500626e-16
hard_ood_40pct,47,safe_target_novelty,40,58,3,4.0,17,0.0,-3.0296531237699065,0.33928329119580525,0.3333333333333333,-3.022733787572707,0.33236395499860594,0.6666666666666666,-2.690369832574101,-4.440892098500626e-16
hard_ood_40pct,47,obelix_same_property_static,40,58,3,38.0,2,0.6666666666666666,-2.690369832574101,-4.440892098500626e-16,1.0,-2.690369832574101,-4.440892098500626e-16,1.0,-2.690369832574101,-4.440892098500626e-16
hard_ood_40pct,47,estm_transport_neighbor_static,40,58,3,51.0,1,1.0,-2.690369832574101,-4.440892098500626e-16,1.0,-2.690369832574101,-4.440892098500626e-16,1.0,-2.690369832574101,-4.440892098500626e-16
hard_ood_40pct,47,borg_mechanical_static_control,40,58,3,3.0,18,0.0,-3.8538719643217614,1.1635021317476602,0.3333333333333333,-2.903089986991944,0.21272015441784298,1.0,-2.690369832574101,-4.440892098500626e-16
hard_ood_40pct,47,ocx_catalysis_static_control,40,58,3,0.0,41,0.0,-3.0296531237699065,0.33928329119580525,0.0,-3.0296531237699065,0.33928329119580525,0.0,-3.0296531237699065,0.33928329119580525
hard_ood_40pct,47,shuffled_obelix_static_control,40,58,3,24.0,1,0.3333333333333333,-2.690369832574101,-4.440892098500626e-16,0.6666666666666666,-2.690369832574101,-4.440892098500626e-16,0.6666666666666666,-2.690369832574101,-4.440892098500626e-16
hard_ood_40pct,47,safe_obelix_residual,40,58,3,0.0,25,0.0,-3.0296531237699065,0.33928329119580525,0.0,-3.0296531237699065,0.33928329119580525,0.3333333333333333,-3.022733787572707,0.33236395499860594
hard_ood_40pct,47,safe_estm_residual,40,58,3,4.0,17,0.0,-3.0296531237699065,0.33928329119580525,0.3333333333333333,-3.022733787572707,0.33236395499860594,0.3333333333333333,-3.022733787572707,0.33236395499860594
hard_ood_40pct,47,safe_borg_residual_control,40,58,3,4.0,17,0.0,-3.0296531237699065,0.33928329119580525,0.3333333333333333,-3.022733787572707,0.33236395499860594,0.6666666666666666,-2.690369832574101,-4.440892098500626e-16
hard_ood_40pct,47,safe_ocx_residual_control,40,58,3,4.0,17,0.0,-3.0296531237699065,0.33928329119580525,0.3333333333333333,-3.022733787572707,0.33236395499860594,0.6666666666666666,-2.690369832574101,-4.440892098500626e-16
hard_ood_40pct,47,safe_shuffled_obelix_control,40,58,3,4.0,17,0.0,-3.0296531237699065,0.33928329119580525,0.3333333333333333,-3.022733787572707,0.33236395499860594,0.6666666666666666,-2.690369832574101,-4.440892098500626e-16
hard_ood_40pct,47,safe_multisource_residual,40,58,3,0.0,21,0.0,-3.0296531237699065,0.33928329119580525,0.0,-3.0296531237699065,0.33928329119580525,0.6666666666666666,-2.903089986991944,0.21272015441784298
hard_ood_40pct,47,safe_multisource_novelty_band,40,58,3,0.0,25,0.0,-3.0296531237699065,0.33928329119580525,0.0,-3.0296531237699065,0.33928329119580525,0.3333333333333333,-2.690369832574101,-4.440892098500626e-16
hard_ood_40pct,48,uniform_random,40,58,3,7.0,14,0.0,-3.3809643969347203,0.6905945643606191,0.3333333333333333,-2.903089986991944,0.21272015441784298,0.3333333333333333,-2.903089986991944,0.21272015441784298
hard_ood_40pct,48,composition_novelty,40,58,3,14.0,7,0.3333333333333333,-2.690369832574101,-4.440892098500626e-16,0.3333333333333333,-2.690369832574101,-4.440892098500626e-16,0.6666666666666666,-2.690369832574101,-4.440892098500626e-16
hard_ood_40pct,48,safe_target_novelty,40,58,3,31.0,3,0.6666666666666666,-2.690369832574101,-4.440892098500626e-16,0.6666666666666666,-2.690369832574101,-4.440892098500626e-16,0.6666666666666666,-2.690369832574101,-4.440892098500626e-16
hard_ood_40pct,48,obelix_same_property_static,40,58,3,38.0,2,0.6666666666666666,-2.690369832574101,-4.440892098500626e-16,1.0,-2.690369832574101,-4.440892098500626e-16,1.0,-2.690369832574101,-4.440892098500626e-16
hard_ood_40pct,48,estm_transport_neighbor_static,40,58,3,51.0,1,1.0,-2.690369832574101,-4.440892098500626e-16,1.0,-2.690369832574101,-4.440892098500626e-16,1.0,-2.690369832574101,-4.440892098500626e-16
hard_ood_40pct,48,borg_mechanical_static_control,40,58,3,3.0,18,0.0,-3.8538719643217614,1.1635021317476602,0.3333333333333333,-2.903089986991944,0.21272015441784298,1.0,-2.690369832574101,-4.440892098500626e-16
hard_ood_40pct,48,ocx_catalysis_static_control,40,58,3,0.0,41,0.0,-3.0296531237699065,0.33928329119580525,0.0,-3.0296531237699065,0.33928329119580525,0.0,-3.0296531237699065,0.33928329119580525
hard_ood_40pct,48,shuffled_obelix_static_control,40,58,3,1.0,20,0.0,-5.155522824254319,2.465152991680218,0.3333333333333333,-3.022733787572707,0.33236395499860594,0.3333333333333333,-3.022733787572707,0.33236395499860594
hard_ood_40pct,48,safe_obelix_residual,40,58,3,31.0,3,0.6666666666666666,-2.690369832574101,-4.440892098500626e-16,0.6666666666666666,-2.690369832574101,-4.440892098500626e-16,0.6666666666666666,-2.690369832574101,-4.440892098500626e-16
hard_ood_40pct,48,safe_estm_residual,40,58,3,31.0,3,0.6666666666666666,-2.690369832574101,-4.440892098500626e-16,0.6666666666666666,-2.690369832574101,-4.440892098500626e-16,0.6666666666666666,-2.690369832574101,-4.440892098500626e-16
hard_ood_40pct,48,safe_borg_residual_control,40,58,3,31.0,3,0.6666666666666666,-2.690369832574101,-4.440892098500626e-16,0.6666666666666666,-2.690369832574101,-4.440892098500626e-16,0.6666666666666666,-2.690369832574101,-4.440892098500626e-16
hard_ood_40pct,48,safe_ocx_residual_control,40,58,3,30.0,4,0.6666666666666666,-2.690369832574101,-4.440892098500626e-16,0.6666666666666666,-2.690369832574101,-4.440892098500626e-16,0.6666666666666666,-2.690369832574101,-4.440892098500626e-16
hard_ood_40pct,48,safe_shuffled_obelix_control,40,58,3,31.0,3,0.6666666666666666,-2.690369832574101,-4.440892098500626e-16,0.6666666666666666,-2.690369832574101,-4.440892098500626e-16,0.6666666666666666,-2.690369832574101,-4.440892098500626e-16
hard_ood_40pct,48,safe_multisource_residual,40,58,3,30.0,4,0.6666666666666666,-2.690369832574101,-4.440892098500626e-16,0.6666666666666666,-2.690369832574101,-4.440892098500626e-16,0.6666666666666666,-2.690369832574101,-4.440892098500626e-16
hard_ood_40pct,48,safe_multisource_novelty_band,40,58,3,28.0,5,0.6666666666666666,-2.690369832574101,-4.440892098500626e-16,0.6666666666666666,-2.690369832574101,-4.440892098500626e-16,0.6666666666666666,-2.690369832574101,-4.440892098500626e-16
hard_ood_40pct,49,uniform_random,40,58,3,20.0,1,0.3333333333333333,-2.690369832574101,-4.440892098500626e-16,0.3333333333333333,-2.690369832574101,-4.440892098500626e-16,0.6666666666666666,-2.690369832574101,-4.440892098500626e-16
hard_ood_40pct,49,composition_novelty,40,58,3,19.0,3,0.3333333333333333,-2.690369832574101,-4.440892098500626e-16,0.6666666666666666,-2.690369832574101,-4.440892098500626e-16,0.6666666666666666,-2.690369832574101,-4.440892098500626e-16
hard_ood_40pct,49,safe_target_novelty,40,58,3,13.0,8,0.3333333333333333,-2.690369832574101,-4.440892098500626e-16,0.3333333333333333,-2.690369832574101,-4.440892098500626e-16,0.3333333333333333,-2.690369832574101,-4.440892098500626e-16
hard_ood_40pct,49,obelix_same_property_static,40,58,3,38.0,2,0.6666666666666666,-2.690369832574101,-4.440892098500626e-16,1.0,-2.690369832574101,-4.440892098500626e-16,1.0,-2.690369832574101,-4.440892098500626e-16
hard_ood_40pct,49,estm_transport_neighbor_static,40,58,3,51.0,1,1.0,-2.690369832574101,-4.440892098500626e-16,1.0,-2.690369832574101,-4.440892098500626e-16,1.0,-2.690369832574101,-4.440892098500626e-16
hard_ood_40pct,49,borg_mechanical_static_control,40,58,3,3.0,18,0.0,-3.8538719643217614,1.1635021317476602,0.3333333333333333,-2.903089986991944,0.21272015441784298,1.0,-2.690369832574101,-4.440892098500626e-16
hard_ood_40pct,49,ocx_catalysis_static_control,40,58,3,0.0,41,0.0,-3.0296531237699065,0.33928329119580525,0.0,-3.0296531237699065,0.33928329119580525,0.0,-3.0296531237699065,0.33928329119580525
hard_ood_40pct,49,shuffled_obelix_static_control,40,58,3,36.0,3,0.6666666666666666,-2.690369832574101,-4.440892098500626e-16,1.0,-2.690369832574101,-4.440892098500626e-16,1.0,-2.690369832574101,-4.440892098500626e-16
hard_ood_40pct,49,safe_obelix_residual,40,58,3,2.0,19,0.0,-3.0296531237699065,0.33928329119580525,0.3333333333333333,-3.022733787572707,0.33236395499860594,0.3333333333333333,-3.022733787572707,0.33236395499860594
hard_ood_40pct,49,safe_estm_residual,40,58,3,13.0,8,0.3333333333333333,-2.690369832574101,-4.440892098500626e-16,0.3333333333333333,-2.690369832574101,-4.440892098500626e-16,0.3333333333333333,-2.690369832574101,-4.440892098500626e-16
hard_ood_40pct,49,safe_borg_residual_control,40,58,3,13.0,8,0.3333333333333333,-2.690369832574101,-4.440892098500626e-16,0.3333333333333333,-2.690369832574101,-4.440892098500626e-16,0.3333333333333333,-2.690369832574101,-4.440892098500626e-16
hard_ood_40pct,49,safe_ocx_residual_control,40,58,3,13.0,8,0.3333333333333333,-2.690369832574101,-4.440892098500626e-16,0.3333333333333333,-2.690369832574101,-4.440892098500626e-16,0.3333333333333333,-2.690369832574101,-4.440892098500626e-16
hard_ood_40pct,49,safe_shuffled_obelix_control,40,58,3,13.0,8,0.3333333333333333,-2.690369832574101,-4.440892098500626e-16,0.3333333333333333,-2.690369832574101,-4.440892098500626e-16,0.3333333333333333,-2.690369832574101,-4.440892098500626e-16
hard_ood_40pct,49,safe_multisource_residual,40,58,3,3.0,18,0.0,-3.0296531237699065,0.33928329119580525,0.3333333333333333,-3.022733787572707,0.33236395499860594,0.3333333333333333,-3.022733787572707,0.33236395499860594
hard_ood_40pct,49,safe_multisource_novelty_band,40,58,3,29.0,6,0.6666666666666666,-2.690369832574101,-4.440892098500626e-16,0.6666666666666666,-2.690369832574101,-4.440892098500626e-16,0.6666666666666666,-2.690369832574101,-4.440892098500626e-16
hard_ood_40pct,50,uniform_random,40,58,3,0.0,28,0.0,-3.987162775294828,1.2967929427207268,0.0,-3.11747546204512,0.42710562947101893,0.6666666666666666,-2.690369832574101,-4.440892098500626e-16
hard_ood_40pct,50,composition_novelty,40,58,3,18.0,3,0.3333333333333333,-2.690369832574101,-4.440892098500626e-16,0.3333333333333333,-2.690369832574101,-4.440892098500626e-16,0.6666666666666666,-2.690369832574101,-4.440892098500626e-16
hard_ood_40pct,50,safe_target_novelty,40,58,3,0.0,21,0.0,-3.0296531237699065,0.33928329119580525,0.0,-3.0296531237699065,0.33928329119580525,0.3333333333333333,-3.022733787572707,0.33236395499860594
hard_ood_40pct,50,obelix_same_property_static,40,58,3,38.0,2,0.6666666666666666,-2.690369832574101,-4.440892098500626e-16,1.0,-2.690369832574101,-4.440892098500626e-16,1.0,-2.690369832574101,-4.440892098500626e-16
hard_ood_40pct,50,estm_transport_neighbor_static,40,58,3,51.0,1,1.0,-2.690369832574101,-4.440892098500626e-16,1.0,-2.690369832574101,-4.440892098500626e-16,1.0,-2.690369832574101,-4.440892098500626e-16
hard_ood_40pct,50,borg_mechanical_static_control,40,58,3,3.0,18,0.0,-3.8538719643217614,1.1635021317476602,0.3333333333333333,-2.903089986991944,0.21272015441784298,1.0,-2.690369832574101,-4.440892098500626e-16
hard_ood_40pct,50,ocx_catalysis_static_control,40,58,3,0.0,41,0.0,-3.0296531237699065,0.33928329119580525,0.0,-3.0296531237699065,0.33928329119580525,0.0,-3.0296531237699065,0.33928329119580525
hard_ood_40pct,50,shuffled_obelix_static_control,40,58,3,0.0,41,0.0,-5.3124710387853655,2.6221012062112643,0.0,-3.0296531237699065,0.33928329119580525,0.0,-3.0296531237699065,0.33928329119580525
hard_ood_40pct,50,safe_obelix_residual,40,58,3,17.0,4,0.3333333333333333,-2.690369832574101,-4.440892098500626e-16,0.3333333333333333,-2.690369832574101,-4.440892098500626e-16,0.6666666666666666,-2.690369832574101,-4.440892098500626e-16
hard_ood_40pct,50,safe_estm_residual,40,58,3,5.0,16,0.0,-3.0296531237699065,0.33928329119580525,0.3333333333333333,-3.022733787572707,0.33236395499860594,0.6666666666666666,-2.903089986991944,0.21272015441784298
hard_ood_40pct,50,safe_borg_residual_control,40,58,3,0.0,21,0.0,-3.0296531237699065,0.33928329119580525,0.0,-3.0296531237699065,0.33928329119580525,0.3333333333333333,-3.022733787572707,0.33236395499860594
hard_ood_40pct,50,safe_ocx_residual_control,40,58,3,4.0,17,0.0,-3.0296531237699065,0.33928329119580525,0.3333333333333333,-3.022733787572707,0.33236395499860594,0.6666666666666666,-2.903089986991944,0.21272015441784298
hard_ood_40pct,50,safe_shuffled_obelix_control,40,58,3,6.0,15,0.0,-3.0296531237699065,0.33928329119580525,0.3333333333333333,-3.022733787572707,0.33236395499860594,0.3333333333333333,-3.022733787572707,0.33236395499860594
hard_ood_40pct,50,safe_multisource_residual,40,58,3,17.0,4,0.3333333333333333,-2.690369832574101,-4.440892098500626e-16,0.3333333333333333,-2.690369832574101,-4.440892098500626e-16,0.6666666666666666,-2.690369832574101,-4.440892098500626e-16
hard_ood_40pct,50,safe_multisource_novelty_band,40,58,3,0.0,28,0.0,-3.0296531237699065,0.33928329119580525,0.0,-3.0296531237699065,0.33928329119580525,0.3333333333333333,-3.022733787572707,0.33236395499860594
hard_ood_40pct,51,uniform_random,40,58,3,15.0,6,0.3333333333333333,-3.022733787572707,0.33236395499860594,0.3333333333333333,-3.022733787572707,0.33236395499860594,1.0,-2.690369832574101,-4.440892098500626e-16
hard_ood_40pct,51,composition_novelty,40,58,3,18.0,3,0.3333333333333333,-2.690369832574101,-4.440892098500626e-16,0.3333333333333333,-2.690369832574101,-4.440892098500626e-16,0.6666666666666666,-2.690369832574101,-4.440892098500626e-16
hard_ood_40pct,51,safe_target_novelty,40,58,3,18.0,3,0.3333333333333333,-2.690369832574101,-4.440892098500626e-16,0.3333333333333333,-2.690369832574101,-4.440892098500626e-16,0.3333333333333333,-2.690369832574101,-4.440892098500626e-16
hard_ood_40pct,51,obelix_same_property_static,40,58,3,38.0,2,0.6666666666666666,-2.690369832574101,-4.440892098500626e-16,1.0,-2.690369832574101,-4.440892098500626e-16,1.0,-2.690369832574101,-4.440892098500626e-16
hard_ood_40pct,51,estm_transport_neighbor_static,40,58,3,51.0,1,1.0,-2.690369832574101,-4.440892098500626e-16,1.0,-2.690369832574101,-4.440892098500626e-16,1.0,-2.690369832574101,-4.440892098500626e-16
hard_ood_40pct,51,borg_mechanical_static_control,40,58,3,3.0,18,0.0,-3.8538719643217614,1.1635021317476602,0.3333333333333333,-2.903089986991944,0.21272015441784298,1.0,-2.690369832574101,-4.440892098500626e-16
hard_ood_40pct,51,ocx_catalysis_static_control,40,58,3,0.0,41,0.0,-3.0296531237699065,0.33928329119580525,0.0,-3.0296531237699065,0.33928329119580525,0.0,-3.0296531237699065,0.33928329119580525
hard_ood_40pct,51,shuffled_obelix_static_control,40,58,3,0.0,27,0.0,-3.05453141486818,0.3641615822940789,0.0,-3.05453141486818,0.3641615822940789,0.3333333333333333,-2.903089986991944,0.21272015441784298
hard_ood_40pct,51,safe_obelix_residual,40,58,3,18.0,3,0.3333333333333333,-2.690369832574101,-4.440892098500626e-16,0.3333333333333333,-2.690369832574101,-4.440892098500626e-16,0.3333333333333333,-2.690369832574101,-4.440892098500626e-16
hard_ood_40pct,51,safe_estm_residual,40,58,3,18.0,3,0.3333333333333333,-2.690369832574101,-4.440892098500626e-16,0.3333333333333333,-2.690369832574101,-4.440892098500626e-16,0.3333333333333333,-2.690369832574101,-4.440892098500626e-16
hard_ood_40pct,51,safe_borg_residual_control,40,58,3,18.0,3,0.3333333333333333,-2.690369832574101,-4.440892098500626e-16,0.3333333333333333,-2.690369832574101,-4.440892098500626e-16,0.3333333333333333,-2.690369832574101,-4.440892098500626e-16
hard_ood_40pct,51,safe_ocx_residual_control,40,58,3,18.0,3,0.3333333333333333,-2.690369832574101,-4.440892098500626e-16,0.3333333333333333,-2.690369832574101,-4.440892098500626e-16,0.3333333333333333,-2.690369832574101,-4.440892098500626e-16
hard_ood_40pct,51,safe_shuffled_obelix_control,40,58,3,18.0,3,0.3333333333333333,-2.690369832574101,-4.440892098500626e-16,0.3333333333333333,-2.690369832574101,-4.440892098500626e-16,0.3333333333333333,-2.690369832574101,-4.440892098500626e-16
hard_ood_40pct,51,safe_multisource_residual,40,58,3,18.0,3,0.3333333333333333,-2.690369832574101,-4.440892098500626e-16,0.3333333333333333,-2.690369832574101,-4.440892098500626e-16,0.3333333333333333,-2.690369832574101,-4.440892098500626e-16
hard_ood_40pct,51,safe_multisource_novelty_band,40,58,3,24.0,8,0.6666666666666666,-2.690369832574101,-4.440892098500626e-16,0.6666666666666666,-2.690369832574101,-4.440892098500626e-16,0.6666666666666666,-2.690369832574101,-4.440892098500626e-16
hard_ood_40pct,52,uniform_random,40,58,3,0.0,30,0.0,-3.11747546204512,0.42710562947101893,0.0,-3.0296531237699065,0.33928329119580525,0.3333333333333333,-2.690369832574101,-4.440892098500626e-16
hard_ood_40pct,52,composition_novelty,40,58,3,18.0,3,0.3333333333333333,-2.690369832574101,-4.440892098500626e-16,0.3333333333333333,-2.690369832574101,-4.440892098500626e-16,0.6666666666666666,-2.690369832574101,-4.440892098500626e-16
hard_ood_40pct,52,safe_target_novelty,40,58,3,2.0,19,0.0,-3.0296531237699065,0.33928329119580525,0.3333333333333333,-3.022733787572707,0.33236395499860594,0.6666666666666666,-2.903089986991944,0.21272015441784298
hard_ood_40pct,52,obelix_same_property_static,40,58,3,38.0,2,0.6666666666666666,-2.690369832574101,-4.440892098500626e-16,1.0,-2.690369832574101,-4.440892098500626e-16,1.0,-2.690369832574101,-4.440892098500626e-16
hard_ood_40pct,52,estm_transport_neighbor_static,40,58,3,51.0,1,1.0,-2.690369832574101,-4.440892098500626e-16,1.0,-2.690369832574101,-4.440892098500626e-16,1.0,-2.690369832574101,-4.440892098500626e-16
hard_ood_40pct,52,borg_mechanical_static_control,40,58,3,3.0,18,0.0,-3.8538719643217614,1.1635021317476602,0.3333333333333333,-2.903089986991944,0.21272015441784298,1.0,-2.690369832574101,-4.440892098500626e-16
hard_ood_40pct,52,ocx_catalysis_static_control,40,58,3,0.0,41,0.0,-3.0296531237699065,0.33928329119580525,0.0,-3.0296531237699065,0.33928329119580525,0.0,-3.0296531237699065,0.33928329119580525
hard_ood_40pct,52,shuffled_obelix_static_control,40,58,3,11.0,10,0.3333333333333333,-3.022733787572707,0.33236395499860594,0.3333333333333333,-3.022733787572707,0.33236395499860594,0.3333333333333333,-3.022733787572707,0.33236395499860594
hard_ood_40pct,52,safe_obelix_residual,40,58,3,3.0,18,0.0,-3.0296531237699065,0.33928329119580525,0.3333333333333333,-2.690369832574101,-4.440892098500626e-16,0.6666666666666666,-2.690369832574101,-4.440892098500626e-16
hard_ood_40pct,52,safe_estm_residual,40,58,3,17.0,4,0.3333333333333333,-2.690369832574101,-4.440892098500626e-16,0.3333333333333333,-2.690369832574101,-4.440892098500626e-16,0.6666666666666666,-2.690369832574101,-4.440892098500626e-16
hard_ood_40pct,52,safe_borg_residual_control,40,58,3,2.0,19,0.0,-3.0296531237699065,0.33928329119580525,0.3333333333333333,-3.022733787572707,0.33236395499860594,0.3333333333333333,-3.022733787572707,0.33236395499860594
hard_ood_40pct,52,safe_ocx_residual_control,40,58,3,17.0,4,0.3333333333333333,-2.690369832574101,-4.440892098500626e-16,0.3333333333333333,-2.690369832574101,-4.440892098500626e-16,0.6666666666666666,-2.690369832574101,-4.440892098500626e-16
hard_ood_40pct,52,safe_shuffled_obelix_control,40,58,3,2.0,19,0.0,-3.0296531237699065,0.33928329119580525,0.3333333333333333,-3.022733787572707,0.33236395499860594,0.6666666666666666,-2.903089986991944,0.21272015441784298
hard_ood_40pct,52,safe_multisource_residual,40,58,3,17.0,4,0.3333333333333333,-2.690369832574101,-4.440892098500626e-16,0.3333333333333333,-2.690369832574101,-4.440892098500626e-16,0.6666666666666666,-2.690369832574101,-4.440892098500626e-16
hard_ood_40pct,52,safe_multisource_novelty_band,40,58,3,0.0,21,0.0,-3.0296531237699065,0.33928329119580525,0.0,-3.0296531237699065,0.33928329119580525,0.3333333333333333,-2.690369832574101,-4.440892098500626e-16
hard_ood_40pct,53,uniform_random,40,58,3,6.0,15,0.0,-3.8538719643217614,1.1635021317476602,0.3333333333333333,-2.690369832574101,-4.440892098500626e-16,1.0,-2.690369832574101,-4.440892098500626e-16
hard_ood_40pct,53,composition_novelty,40,58,3,18.0,3,0.3333333333333333,-2.690369832574101,-4.440892098500626e-16,0.3333333333333333,-2.690369832574101,-4.440892098500626e-16,0.6666666666666666,-2.690369832574101,-4.440892098500626e-16
hard_ood_40pct,53,safe_target_novelty,40,58,3,9.0,12,0.0,-4.129011186239425,1.4386413536653238,0.3333333333333333,-2.690369832574101,-4.440892098500626e-16,0.3333333333333333,-2.690369832574101,-4.440892098500626e-16
hard_ood_40pct,53,obelix_same_property_static,40,58,3,38.0,2,0.6666666666666666,-2.690369832574101,-4.440892098500626e-16,1.0,-2.690369832574101,-4.440892098500626e-16,1.0,-2.690369832574101,-4.440892098500626e-16
hard_ood_40pct,53,estm_transport_neighbor_static,40,58,3,51.0,1,1.0,-2.690369832574101,-4.440892098500626e-16,1.0,-2.690369832574101,-4.440892098500626e-16,1.0,-2.690369832574101,-4.440892098500626e-16
hard_ood_40pct,53,borg_mechanical_static_control,40,58,3,3.0,18,0.0,-3.8538719643217614,1.1635021317476602,0.3333333333333333,-2.903089986991944,0.21272015441784298,1.0,-2.690369832574101,-4.440892098500626e-16
hard_ood_40pct,53,ocx_catalysis_static_control,40,58,3,0.0,41,0.0,-3.0296531237699065,0.33928329119580525,0.0,-3.0296531237699065,0.33928329119580525,0.0,-3.0296531237699065,0.33928329119580525
hard_ood_40pct,53,shuffled_obelix_static_control,40,58,3,15.0,6,0.3333333333333333,-2.903089986991944,0.21272015441784298,0.3333333333333333,-2.903089986991944,0.21272015441784298,0.6666666666666666,-2.903089986991944,0.21272015441784298
hard_ood_40pct,53,safe_obelix_residual,40,58,3,9.0,12,0.0,-4.129011186239425,1.4386413536653238,0.3333333333333333,-2.690369832574101,-4.440892098500626e-16,0.3333333333333333,-2.690369832574101,-4.440892098500626e-16
hard_ood_40pct,53,safe_estm_residual,40,58,3,9.0,12,0.0,-4.129011186239425,1.4386413536653238,0.3333333333333333,-2.690369832574101,-4.440892098500626e-16,0.3333333333333333,-2.690369832574101,-4.440892098500626e-16
hard_ood_40pct,53,safe_borg_residual_control,40,58,3,9.0,12,0.0,-4.129011186239425,1.4386413536653238,0.3333333333333333,-2.690369832574101,-4.440892098500626e-16,0.3333333333333333,-2.690369832574101,-4.440892098500626e-16
hard_ood_40pct,53,safe_ocx_residual_control,40,58,3,9.0,12,0.0,-4.129011186239425,1.4386413536653238,0.3333333333333333,-2.690369832574101,-4.440892098500626e-16,0.3333333333333333,-2.690369832574101,-4.440892098500626e-16
hard_ood_40pct,53,safe_shuffled_obelix_control,40,58,3,9.0,12,0.0,-4.129011186239425,1.4386413536653238,0.3333333333333333,-2.690369832574101,-4.440892098500626e-16,0.3333333333333333,-2.690369832574101,-4.440892098500626e-16
hard_ood_40pct,53,safe_multisource_residual,40,58,3,17.0,4,0.3333333333333333,-2.903089986991944,0.21272015441784298,0.3333333333333333,-2.903089986991944,0.21272015441784298,0.3333333333333333,-2.903089986991944,0.21272015441784298
hard_ood_40pct,53,safe_multisource_novelty_band,40,58,3,0.0,38,0.0,-3.0296531237699065,0.33928329119580525,0.0,-3.0296531237699065,0.33928329119580525,0.3333333333333333,-2.690369832574101,-4.440892098500626e-16
hard_ood_40pct,54,uniform_random,40,58,3,13.0,9,0.3333333333333333,-2.690369832574101,-4.440892098500626e-16,0.6666666666666666,-2.690369832574101,-4.440892098500626e-16,1.0,-2.690369832574101,-4.440892098500626e-16
hard_ood_40pct,54,composition_novelty,40,58,3,18.0,3,0.3333333333333333,-2.690369832574101,-4.440892098500626e-16,0.3333333333333333,-2.690369832574101,-4.440892098500626e-16,0.6666666666666666,-2.690369832574101,-4.440892098500626e-16
hard_ood_40pct,54,safe_target_novelty,40,58,3,14.0,11,0.0,-3.987162775294828,1.2967929427207268,0.6666666666666666,-2.690369832574101,-4.440892098500626e-16,0.6666666666666666,-2.690369832574101,-4.440892098500626e-16
hard_ood_40pct,54,obelix_same_property_static,40,58,3,38.0,2,0.6666666666666666,-2.690369832574101,-4.440892098500626e-16,1.0,-2.690369832574101,-4.440892098500626e-16,1.0,-2.690369832574101,-4.440892098500626e-16
hard_ood_40pct,54,estm_transport_neighbor_static,40,58,3,51.0,1,1.0,-2.690369832574101,-4.440892098500626e-16,1.0,-2.690369832574101,-4.440892098500626e-16,1.0,-2.690369832574101,-4.440892098500626e-16
hard_ood_40pct,54,borg_mechanical_static_control,40,58,3,3.0,18,0.0,-3.8538719643217614,1.1635021317476602,0.3333333333333333,-2.903089986991944,0.21272015441784298,1.0,-2.690369832574101,-4.440892098500626e-16
hard_ood_40pct,54,ocx_catalysis_static_control,40,58,3,0.0,41,0.0,-3.0296531237699065,0.33928329119580525,0.0,-3.0296531237699065,0.33928329119580525,0.0,-3.0296531237699065,0.33928329119580525
hard_ood_40pct,54,shuffled_obelix_static_control,40,58,3,3.0,18,0.0,-3.05453141486818,0.3641615822940789,0.3333333333333333,-2.690369832574101,-4.440892098500626e-16,0.6666666666666666,-2.690369832574101,-4.440892098500626e-16
hard_ood_40pct,54,safe_obelix_residual,40,58,3,12.0,13,0.0,-5.080921907623926,2.390552075049825,0.6666666666666666,-2.690369832574101,-4.440892098500626e-16,0.6666666666666666,-2.690369832574101,-4.440892098500626e-16
hard_ood_40pct,54,safe_estm_residual,40,58,3,16.0,9,0.3333333333333333,-2.690369832574101,-4.440892098500626e-16,0.6666666666666666,-2.690369832574101,-4.440892098500626e-16,0.6666666666666666,-2.690369832574101,-4.440892098500626e-16
hard_ood_40pct,54,safe_borg_residual_control,40,58,3,19.0,6,0.3333333333333333,-2.690369832574101,-4.440892098500626e-16,0.6666666666666666,-2.690369832574101,-4.440892098500626e-16,0.6666666666666666,-2.690369832574101,-4.440892098500626e-16
hard_ood_40pct,54,safe_ocx_residual_control,40,58,3,16.0,9,0.3333333333333333,-2.690369832574101,-4.440892098500626e-16,0.6666666666666666,-2.690369832574101,-4.440892098500626e-16,0.6666666666666666,-2.690369832574101,-4.440892098500626e-16
hard_ood_40pct,54,safe_shuffled_obelix_control,40,58,3,16.0,10,0.3333333333333333,-2.690369832574101,-4.440892098500626e-16,0.6666666666666666,-2.690369832574101,-4.440892098500626e-16,0.6666666666666666,-2.690369832574101,-4.440892098500626e-16
hard_ood_40pct,54,safe_multisource_residual,40,58,3,16.0,10,0.3333333333333333,-2.690369832574101,-4.440892098500626e-16,0.6666666666666666,-2.690369832574101,-4.440892098500626e-16,0.6666666666666666,-2.690369832574101,-4.440892098500626e-16
hard_ood_40pct,54,safe_multisource_novelty_band,40,58,3,0.0,24,0.0,-3.987162775294828,1.2967929427207268,0.0,-3.0296531237699065,0.33928329119580525,0.3333333333333333,-2.690369832574101,-4.440892098500626e-16
hard_ood_40pct,55,uniform_random,40,58,3,6.0,15,0.0,-3.05453141486818,0.3641615822940789,0.3333333333333333,-3.022733787572707,0.33236395499860594,0.6666666666666666,-2.903089986991944,0.21272015441784298
hard_ood_40pct,55,composition_novelty,40,58,3,15.0,6,0.3333333333333333,-2.690369832574101,-4.440892098500626e-16,0.3333333333333333,-2.690369832574101,-4.440892098500626e-16,0.6666666666666666,-2.690369832574101,-4.440892098500626e-16
hard_ood_40pct,55,safe_target_novelty,40,58,3,21.0,7,0.3333333333333333,-2.690369832574101,-4.440892098500626e-16,0.6666666666666666,-2.690369832574101,-4.440892098500626e-16,0.6666666666666666,-2.690369832574101,-4.440892098500626e-16
hard_ood_40pct,55,obelix_same_property_static,40,58,3,38.0,2,0.6666666666666666,-2.690369832574101,-4.440892098500626e-16,1.0,-2.690369832574101,-4.440892098500626e-16,1.0,-2.690369832574101,-4.440892098500626e-16
hard_ood_40pct,55,estm_transport_neighbor_static,40,58,3,51.0,1,1.0,-2.690369832574101,-4.440892098500626e-16,1.0,-2.690369832574101,-4.440892098500626e-16,1.0,-2.690369832574101,-4.440892098500626e-16
hard_ood_40pct,55,borg_mechanical_static_control,40,58,3,3.0,18,0.0,-3.8538719643217614,1.1635021317476602,0.3333333333333333,-2.903089986991944,0.21272015441784298,1.0,-2.690369832574101,-4.440892098500626e-16
hard_ood_40pct,55,ocx_catalysis_static_control,40,58,3,0.0,41,0.0,-3.0296531237699065,0.33928329119580525,0.0,-3.0296531237699065,0.33928329119580525,0.0,-3.0296531237699065,0.33928329119580525
hard_ood_40pct,55,shuffled_obelix_static_control,40,58,3,15.0,6,0.3333333333333333,-3.022733787572707,0.33236395499860594,0.3333333333333333,-3.022733787572707,0.33236395499860594,0.3333333333333333,-3.022733787572707,0.33236395499860594
hard_ood_40pct,55,safe_obelix_residual,40,58,3,9.0,12,0.0,-3.987162775294828,1.2967929427207268,0.3333333333333333,-2.690369832574101,-4.440892098500626e-16,0.6666666666666666,-2.690369832574101,-4.440892098500626e-16
hard_ood_40pct,55,safe_estm_residual,40,58,3,21.0,7,0.3333333333333333,-2.690369832574101,-4.440892098500626e-16,0.6666666666666666,-2.690369832574101,-4.440892098500626e-16,0.6666666666666666,-2.690369832574101,-4.440892098500626e-16
hard_ood_40pct,55,safe_borg_residual_control,40,58,3,10.0,11,0.0,-5.055517327849832,2.3651474952757305,0.3333333333333333,-2.690369832574101,-4.440892098500626e-16,0.6666666666666666,-2.690369832574101,-4.440892098500626e-16
hard_ood_40pct,55,safe_ocx_residual_control,40,58,3,21.0,7,0.3333333333333333,-2.690369832574101,-4.440892098500626e-16,0.6666666666666666,-2.690369832574101,-4.440892098500626e-16,0.6666666666666666,-2.690369832574101,-4.440892098500626e-16
hard_ood_40pct,55,safe_shuffled_obelix_control,40,58,3,0.0,32,0.0,-5.055517327849832,2.3651474952757305,0.0,-3.11747546204512,0.42710562947101893,0.3333333333333333,-2.690369832574101,-4.440892098500626e-16
hard_ood_40pct,55,safe_multisource_residual,40,58,3,0.0,32,0.0,-5.055517327849832,2.3651474952757305,0.0,-3.0296531237699065,0.33928329119580525,0.3333333333333333,-2.690369832574101,-4.440892098500626e-16
hard_ood_40pct,55,safe_multisource_novelty_band,40,58,3,0.0,26,0.0,-3.11747546204512,0.42710562947101893,0.0,-3.11747546204512,0.42710562947101893,0.3333333333333333,-2.690369832574101,-4.440892098500626e-16
hard_ood_40pct,56,uniform_random,40,58,3,0.0,38,0.0,-3.0296531237699065,0.33928329119580525,0.0,-3.0296531237699065,0.33928329119580525,0.3333333333333333,-2.903089986991944,0.21272015441784298
hard_ood_40pct,56,composition_novelty,40,58,3,18.0,3,0.3333333333333333,-2.690369832574101,-4.440892098500626e-16,0.3333333333333333,-2.690369832574101,-4.440892098500626e-16,0.6666666666666666,-2.690369832574101,-4.440892098500626e-16
hard_ood_40pct,56,safe_target_novelty,40,58,3,17.0,4,0.3333333333333333,-2.690369832574101,-4.440892098500626e-16,0.3333333333333333,-2.690369832574101,-4.440892098500626e-16,0.6666666666666666,-2.690369832574101,-4.440892098500626e-16
hard_ood_40pct,56,obelix_same_property_static,40,58,3,38.0,2,0.6666666666666666,-2.690369832574101,-4.440892098500626e-16,1.0,-2.690369832574101,-4.440892098500626e-16,1.0,-2.690369832574101,-4.440892098500626e-16
hard_ood_40pct,56,estm_transport_neighbor_static,40,58,3,51.0,1,1.0,-2.690369832574101,-4.440892098500626e-16,1.0,-2.690369832574101,-4.440892098500626e-16,1.0,-2.690369832574101,-4.440892098500626e-16
hard_ood_40pct,56,borg_mechanical_static_control,40,58,3,3.0,18,0.0,-3.8538719643217614,1.1635021317476602,0.3333333333333333,-2.903089986991944,0.21272015441784298,1.0,-2.690369832574101,-4.440892098500626e-16
hard_ood_40pct,56,ocx_catalysis_static_control,40,58,3,0.0,41,0.0,-3.0296531237699065,0.33928329119580525,0.0,-3.0296531237699065,0.33928329119580525,0.0,-3.0296531237699065,0.33928329119580525
hard_ood_40pct,56,shuffled_obelix_static_control,40,58,3,25.0,8,0.6666666666666666,-2.903089986991944,0.21272015441784298,0.6666666666666666,-2.903089986991944,0.21272015441784298,1.0,-2.690369832574101,-4.440892098500626e-16
hard_ood_40pct,56,safe_obelix_residual,40,58,3,17.0,4,0.3333333333333333,-2.690369832574101,-4.440892098500626e-16,0.3333333333333333,-2.690369832574101,-4.440892098500626e-16,0.3333333333333333,-2.690369832574101,-4.440892098500626e-16
hard_ood_40pct,56,safe_estm_residual,40,58,3,17.0,4,0.3333333333333333,-2.690369832574101,-4.440892098500626e-16,0.3333333333333333,-2.690369832574101,-4.440892098500626e-16,0.6666666666666666,-2.690369832574101,-4.440892098500626e-16
hard_ood_40pct,56,safe_borg_residual_control,40,58,3,17.0,4,0.3333333333333333,-2.690369832574101,-4.440892098500626e-16,0.3333333333333333,-2.690369832574101,-4.440892098500626e-16,0.6666666666666666,-2.690369832574101,-4.440892098500626e-16
hard_ood_40pct,56,safe_ocx_residual_control,40,58,3,17.0,4,0.3333333333333333,-2.690369832574101,-4.440892098500626e-16,0.3333333333333333,-2.690369832574101,-4.440892098500626e-16,0.3333333333333333,-2.690369832574101,-4.440892098500626e-16
hard_ood_40pct,56,safe_shuffled_obelix_control,40,58,3,17.0,4,0.3333333333333333,-2.690369832574101,-4.440892098500626e-16,0.3333333333333333,-2.690369832574101,-4.440892098500626e-16,0.6666666666666666,-2.690369832574101,-4.440892098500626e-16
hard_ood_40pct,56,safe_multisource_residual,40,58,3,17.0,4,0.3333333333333333,-2.690369832574101,-4.440892098500626e-16,0.3333333333333333,-2.690369832574101,-4.440892098500626e-16,0.6666666666666666,-2.690369832574101,-4.440892098500626e-16
hard_ood_40pct,56,safe_multisource_novelty_band,40,58,3,0.0,36,0.0,-3.0296531237699065,0.33928329119580525,0.0,-3.0296531237699065,0.33928329119580525,0.3333333333333333,-3.022733787572707,0.33236395499860594
hard_ood_40pct,57,uniform_random,40,58,3,13.0,8,0.3333333333333333,-2.903089986991944,0.21272015441784298,0.3333333333333333,-2.903089986991944,0.21272015441784298,1.0,-2.690369832574101,-4.440892098500626e-16
hard_ood_40pct,57,composition_novelty,40,58,3,19.0,3,0.3333333333333333,-2.690369832574101,-4.440892098500626e-16,0.6666666666666666,-2.690369832574101,-4.440892098500626e-16,0.6666666666666666,-2.690369832574101,-4.440892098500626e-16
hard_ood_40pct,57,safe_target_novelty,40,58,3,19.0,3,0.3333333333333333,-2.690369832574101,-4.440892098500626e-16,0.6666666666666666,-2.690369832574101,-4.440892098500626e-16,0.6666666666666666,-2.690369832574101,-4.440892098500626e-16
hard_ood_40pct,57,obelix_same_property_static,40,58,3,38.0,2,0.6666666666666666,-2.690369832574101,-4.440892098500626e-16,1.0,-2.690369832574101,-4.440892098500626e-16,1.0,-2.690369832574101,-4.440892098500626e-16
hard_ood_40pct,57,estm_transport_neighbor_static,40,58,3,51.0,1,1.0,-2.690369832574101,-4.440892098500626e-16,1.0,-2.690369832574101,-4.440892098500626e-16,1.0,-2.690369832574101,-4.440892098500626e-16
hard_ood_40pct,57,borg_mechanical_static_control,40,58,3,3.0,18,0.0,-3.8538719643217614,1.1635021317476602,0.3333333333333333,-2.903089986991944,0.21272015441784298,1.0,-2.690369832574101,-4.440892098500626e-16
hard_ood_40pct,57,ocx_catalysis_static_control,40,58,3,0.0,41,0.0,-3.0296531237699065,0.33928329119580525,0.0,-3.0296531237699065,0.33928329119580525,0.0,-3.0296531237699065,0.33928329119580525
hard_ood_40pct,57,shuffled_obelix_static_control,40,58,3,0.0,32,0.0,-3.05453141486818,0.3641615822940789,0.0,-3.05453141486818,0.3641615822940789,1.0,-2.690369832574101,-4.440892098500626e-16
hard_ood_40pct,57,safe_obelix_residual,40,58,3,21.0,1,0.3333333333333333,-2.690369832574101,-4.440892098500626e-16,0.6666666666666666,-2.690369832574101,-4.440892098500626e-16,0.6666666666666666,-2.690369832574101,-4.440892098500626e-16
hard_ood_40pct,57,safe_estm_residual,40,58,3,0.0,31,0.0,-3.0963674839157624,0.4059976513416612,0.0,-3.0296531237699065,0.33928329119580525,0.3333333333333333,-3.022733787572707,0.33236395499860594
hard_ood_40pct,57,safe_borg_residual_control,40,58,3,21.0,1,0.3333333333333333,-2.690369832574101,-4.440892098500626e-16,0.6666666666666666,-2.690369832574101,-4.440892098500626e-16,0.6666666666666666,-2.690369832574101,-4.440892098500626e-16
hard_ood_40pct,57,safe_ocx_residual_control,40,58,3,19.0,3,0.3333333333333333,-2.690369832574101,-4.440892098500626e-16,0.6666666666666666,-2.690369832574101,-4.440892098500626e-16,0.6666666666666666,-2.690369832574101,-4.440892098500626e-16
hard_ood_40pct,57,safe_shuffled_obelix_control,40,58,3,19.0,3,0.3333333333333333,-2.690369832574101,-4.440892098500626e-16,0.6666666666666666,-2.690369832574101,-4.440892098500626e-16,0.6666666666666666,-2.690369832574101,-4.440892098500626e-16
hard_ood_40pct,57,safe_multisource_residual,40,58,3,0.0,34,0.0,-3.0963674839157624,0.4059976513416612,0.0,-3.0296531237699065,0.33928329119580525,0.3333333333333333,-3.022733787572707,0.33236395499860594
hard_ood_40pct,57,safe_multisource_novelty_band,40,58,3,0.0,24,0.0,-3.0963674839157624,0.4059976513416612,0.0,-3.0296531237699065,0.33928329119580525,0.3333333333333333,-3.022733787572707,0.33236395499860594
hard_ood_40pct,58,uniform_random,40,58,3,3.0,18,0.0,-4.82102305270683,2.130653220132729,0.3333333333333333,-2.690369832574101,-4.440892098500626e-16,1.0,-2.690369832574101,-4.440892098500626e-16
hard_ood_40pct,58,composition_novelty,40,58,3,18.0,3,0.3333333333333333,-2.690369832574101,-4.440892098500626e-16,0.3333333333333333,-2.690369832574101,-4.440892098500626e-16,0.6666666666666666,-2.690369832574101,-4.440892098500626e-16
hard_ood_40pct,58,safe_target_novelty,40,58,3,0.0,26,0.0,-5.055517327849832,2.3651474952757305,0.0,-3.0296531237699065,0.33928329119580525,0.3333333333333333,-3.022733787572707,0.33236395499860594
hard_ood_40pct,58,obelix_same_property_static,40,58,3,38.0,2,0.6666666666666666,-2.690369832574101,-4.440892098500626e-16,1.0,-2.690369832574101,-4.440892098500626e-16,1.0,-2.690369832574101,-4.440892098500626e-16
hard_ood_40pct,58,estm_transport_neighbor_static,40,58,3,51.0,1,1.0,-2.690369832574101,-4.440892098500626e-16,1.0,-2.690369832574101,-4.440892098500626e-16,1.0,-2.690369832574101,-4.440892098500626e-16
hard_ood_40pct,58,borg_mechanical_static_control,40,58,3,3.0,18,0.0,-3.8538719643217614,1.1635021317476602,0.3333333333333333,-2.903089986991944,0.21272015441784298,1.0,-2.690369832574101,-4.440892098500626e-16
hard_ood_40pct,58,ocx_catalysis_static_control,40,58,3,0.0,41,0.0,-3.0296531237699065,0.33928329119580525,0.0,-3.0296531237699065,0.33928329119580525,0.0,-3.0296531237699065,0.33928329119580525
hard_ood_40pct,58,shuffled_obelix_static_control,40,58,3,22.0,1,0.3333333333333333,-2.903089986991944,0.21272015441784298,0.6666666666666666,-2.690369832574101,-4.440892098500626e-16,1.0,-2.690369832574101,-4.440892098500626e-16
hard_ood_40pct,58,safe_obelix_residual,40,58,3,0.0,27,0.0,-3.0296531237699065,0.33928329119580525,0.0,-3.0296531237699065,0.33928329119580525,0.3333333333333333,-3.022733787572707,0.33236395499860594
hard_ood_40pct,58,safe_estm_residual,40,58,3,6.0,17,0.0,-5.055517327849832,2.3651474952757305,0.6666666666666666,-2.690369832574101,-4.440892098500626e-16,0.6666666666666666,-2.690369832574101,-4.440892098500626e-16
hard_ood_40pct,58,safe_borg_residual_control,40,58,3,0.0,26,0.0,-5.055517327849832,2.3651474952757305,0.0,-3.0296531237699065,0.33928329119580525,0.3333333333333333,-3.022733787572707,0.33236395499860594
hard_ood_40pct,58,safe_ocx_residual_control,40,58,3,0.0,27,0.0,-5.055517327849832,2.3651474952757305,0.0,-3.0296531237699065,0.33928329119580525,0.3333333333333333,-3.022733787572707,0.33236395499860594
hard_ood_40pct,58,safe_shuffled_obelix_control,40,58,3,0.0,26,0.0,-5.055517327849832,2.3651474952757305,0.0,-3.0296531237699065,0.33928329119580525,0.3333333333333333,-3.022733787572707,0.33236395499860594
hard_ood_40pct,58,safe_multisource_residual,40,58,3,0.0,28,0.0,-3.0296531237699065,0.33928329119580525,0.0,-3.0296531237699065,0.33928329119580525,0.3333333333333333,-3.022733787572707,0.33236395499860594
hard_ood_40pct,58,safe_multisource_novelty_band,40,58,3,24.0,8,0.6666666666666666,-2.690369832574101,-4.440892098500626e-16,0.6666666666666666,-2.690369832574101,-4.440892098500626e-16,0.6666666666666666,-2.690369832574101,-4.440892098500626e-16
hard_ood_40pct,59,uniform_random,40,58,3,10.0,11,0.0,-3.11747546204512,0.42710562947101893,0.3333333333333333,-2.903089986991944,0.21272015441784298,0.6666666666666666,-2.690369832574101,-4.440892098500626e-16
hard_ood_40pct,59,composition_novelty,40,58,3,18.0,3,0.3333333333333333,-2.690369832574101,-4.440892098500626e-16,0.3333333333333333,-2.690369832574101,-4.440892098500626e-16,0.6666666666666666,-2.690369832574101,-4.440892098500626e-16
hard_ood_40pct,59,safe_target_novelty,40,58,3,21.0,10,0.3333333333333333,-2.690369832574101,-4.440892098500626e-16,0.6666666666666666,-2.690369832574101,-4.440892098500626e-16,0.6666666666666666,-2.690369832574101,-4.440892098500626e-16
hard_ood_40pct,59,obelix_same_property_static,40,58,3,38.0,2,0.6666666666666666,-2.690369832574101,-4.440892098500626e-16,1.0,-2.690369832574101,-4.440892098500626e-16,1.0,-2.690369832574101,-4.440892098500626e-16
hard_ood_40pct,59,estm_transport_neighbor_static,40,58,3,51.0,1,1.0,-2.690369832574101,-4.440892098500626e-16,1.0,-2.690369832574101,-4.440892098500626e-16,1.0,-2.690369832574101,-4.440892098500626e-16
hard_ood_40pct,59,borg_mechanical_static_control,40,58,3,3.0,18,0.0,-3.8538719643217614,1.1635021317476602,0.3333333333333333,-2.903089986991944,0.21272015441784298,1.0,-2.690369832574101,-4.440892098500626e-16
hard_ood_40pct,59,ocx_catalysis_static_control,40,58,3,0.0,41,0.0,-3.0296531237699065,0.33928329119580525,0.0,-3.0296531237699065,0.33928329119580525,0.0,-3.0296531237699065,0.33928329119580525
hard_ood_40pct,59,shuffled_obelix_static_control,40,58,3,0.0,24,0.0,-3.05453141486818,0.3641615822940789,0.0,-3.05453141486818,0.3641615822940789,0.3333333333333333,-2.690369832574101,-4.440892098500626e-16
hard_ood_40pct,59,safe_obelix_residual,40,58,3,11.0,10,0.3333333333333333,-2.690369832574101,-4.440892098500626e-16,0.3333333333333333,-2.690369832574101,-4.440892098500626e-16,1.0,-2.690369832574101,-4.440892098500626e-16
hard_ood_40pct,59,safe_estm_residual,40,58,3,21.0,10,0.3333333333333333,-2.690369832574101,-4.440892098500626e-16,0.6666666666666666,-2.690369832574101,-4.440892098500626e-16,0.6666666666666666,-2.690369832574101,-4.440892098500626e-16
hard_ood_40pct,59,safe_borg_residual_control,40,58,3,25.0,8,0.6666666666666666,-2.690369832574101,-4.440892098500626e-16,0.6666666666666666,-2.690369832574101,-4.440892098500626e-16,0.6666666666666666,-2.690369832574101,-4.440892098500626e-16
hard_ood_40pct,59,safe_ocx_residual_control,40,58,3,25.0,8,0.6666666666666666,-2.690369832574101,-4.440892098500626e-16,0.6666666666666666,-2.690369832574101,-4.440892098500626e-16,0.6666666666666666,-2.690369832574101,-4.440892098500626e-16
hard_ood_40pct,59,safe_shuffled_obelix_control,40,58,3,25.0,8,0.6666666666666666,-2.690369832574101,-4.440892098500626e-16,0.6666666666666666,-2.690369832574101,-4.440892098500626e-16,0.6666666666666666,-2.690369832574101,-4.440892098500626e-16
hard_ood_40pct,59,safe_multisource_residual,40,58,3,25.0,8,0.6666666666666666,-2.690369832574101,-4.440892098500626e-16,0.6666666666666666,-2.690369832574101,-4.440892098500626e-16,0.6666666666666666,-2.690369832574101,-4.440892098500626e-16
hard_ood_40pct,59,safe_multisource_novelty_band,40,58,3,14.0,13,0.0,-4.129011186239425,1.4386413536653238,0.6666666666666666,-2.690369832574101,-4.440892098500626e-16,0.6666666666666666,-2.690369832574101,-4.440892098500626e-16
hard_ood_40pct,60,uniform_random,40,58,3,14.0,7,0.3333333333333333,-2.903089986991944,0.21272015441784298,0.3333333333333333,-2.903089986991944,0.21272015441784298,0.6666666666666666,-2.903089986991944,0.21272015441784298
hard_ood_40pct,60,composition_novelty,40,58,3,20.0,3,0.3333333333333333,-2.690369832574101,-4.440892098500626e-16,0.6666666666666666,-2.690369832574101,-4.440892098500626e-16,0.6666666666666666,-2.690369832574101,-4.440892098500626e-16
hard_ood_40pct,60,safe_target_novelty,40,58,3,20.0,1,0.3333333333333333,-2.690369832574101,-4.440892098500626e-16,0.3333333333333333,-2.690369832574101,-4.440892098500626e-16,0.6666666666666666,-2.690369832574101,-4.440892098500626e-16
hard_ood_40pct,60,obelix_same_property_static,40,58,3,38.0,2,0.6666666666666666,-2.690369832574101,-4.440892098500626e-16,1.0,-2.690369832574101,-4.440892098500626e-16,1.0,-2.690369832574101,-4.440892098500626e-16
hard_ood_40pct,60,estm_transport_neighbor_static,40,58,3,51.0,1,1.0,-2.690369832574101,-4.440892098500626e-16,1.0,-2.690369832574101,-4.440892098500626e-16,1.0,-2.690369832574101,-4.440892098500626e-16
hard_ood_40pct,60,borg_mechanical_static_control,40,58,3,3.0,18,0.0,-3.8538719643217614,1.1635021317476602,0.3333333333333333,-2.903089986991944,0.21272015441784298,1.0,-2.690369832574101,-4.440892098500626e-16
hard_ood_40pct,60,ocx_catalysis_static_control,40,58,3,0.0,41,0.0,-3.0296531237699065,0.33928329119580525,0.0,-3.0296531237699065,0.33928329119580525,0.0,-3.0296531237699065,0.33928329119580525
hard_ood_40pct,60,shuffled_obelix_static_control,40,58,3,16.0,5,0.3333333333333333,-2.690369832574101,-4.440892098500626e-16,0.3333333333333333,-2.690369832574101,-4.440892098500626e-16,0.6666666666666666,-2.690369832574101,-4.440892098500626e-16
hard_ood_40pct,60,safe_obelix_residual,40,58,3,20.0,1,0.3333333333333333,-2.690369832574101,-4.440892098500626e-16,0.3333333333333333,-2.690369832574101,-4.440892098500626e-16,0.6666666666666666,-2.690369832574101,-4.440892098500626e-16
hard_ood_40pct,60,safe_estm_residual,40,58,3,20.0,1,0.3333333333333333,-2.690369832574101,-4.440892098500626e-16,0.3333333333333333,-2.690369832574101,-4.440892098500626e-16,0.6666666666666666,-2.690369832574101,-4.440892098500626e-16
hard_ood_40pct,60,safe_borg_residual_control,40,58,3,20.0,1,0.3333333333333333,-2.690369832574101,-4.440892098500626e-16,0.3333333333333333,-2.690369832574101,-4.440892098500626e-16,0.6666666666666666,-2.690369832574101,-4.440892098500626e-16
hard_ood_40pct,60,safe_ocx_residual_control,40,58,3,20.0,1,0.3333333333333333,-2.690369832574101,-4.440892098500626e-16,0.3333333333333333,-2.690369832574101,-4.440892098500626e-16,0.6666666666666666,-2.690369832574101,-4.440892098500626e-16
hard_ood_40pct,60,safe_shuffled_obelix_control,40,58,3,20.0,1,0.3333333333333333,-2.690369832574101,-4.440892098500626e-16,0.3333333333333333,-2.690369832574101,-4.440892098500626e-16,0.6666666666666666,-2.690369832574101,-4.440892098500626e-16
hard_ood_40pct,60,safe_multisource_residual,40,58,3,20.0,1,0.3333333333333333,-2.690369832574101,-4.440892098500626e-16,0.3333333333333333,-2.690369832574101,-4.440892098500626e-16,0.6666666666666666,-2.690369832574101,-4.440892098500626e-16
hard_ood_40pct,60,safe_multisource_novelty_band,40,58,3,34.0,2,0.6666666666666666,-2.690369832574101,-4.440892098500626e-16,0.6666666666666666,-2.690369832574101,-4.440892098500626e-16,0.6666666666666666,-2.690369832574101,-4.440892098500626e-16
hard_ood_40pct,61,uniform_random,40,58,3,18.0,3,0.3333333333333333,-2.690369832574101,-4.440892098500626e-16,0.3333333333333333,-2.690369832574101,-4.440892098500626e-16,0.6666666666666666,-2.690369832574101,-4.440892098500626e-16
hard_ood_40pct,61,composition_novelty,40,58,3,20.0,2,0.3333333333333333,-2.690369832574101,-4.440892098500626e-16,0.6666666666666666,-2.690369832574101,-4.440892098500626e-16,0.6666666666666666,-2.690369832574101,-4.440892098500626e-16
hard_ood_40pct,61,safe_target_novelty,40,58,3,19.0,2,0.3333333333333333,-2.690369832574101,-4.440892098500626e-16,0.3333333333333333,-2.690369832574101,-4.440892098500626e-16,0.6666666666666666,-2.690369832574101,-4.440892098500626e-16
hard_ood_40pct,61,obelix_same_property_static,40,58,3,38.0,2,0.6666666666666666,-2.690369832574101,-4.440892098500626e-16,1.0,-2.690369832574101,-4.440892098500626e-16,1.0,-2.690369832574101,-4.440892098500626e-16
hard_ood_40pct,61,estm_transport_neighbor_static,40,58,3,51.0,1,1.0,-2.690369832574101,-4.440892098500626e-16,1.0,-2.690369832574101,-4.440892098500626e-16,1.0,-2.690369832574101,-4.440892098500626e-16
hard_ood_40pct,61,borg_mechanical_static_control,40,58,3,3.0,18,0.0,-3.8538719643217614,1.1635021317476602,0.3333333333333333,-2.903089986991944,0.21272015441784298,1.0,-2.690369832574101,-4.440892098500626e-16
hard_ood_40pct,61,ocx_catalysis_static_control,40,58,3,0.0,41,0.0,-3.0296531237699065,0.33928329119580525,0.0,-3.0296531237699065,0.33928329119580525,0.0,-3.0296531237699065,0.33928329119580525
hard_ood_40pct,61,shuffled_obelix_static_control,40,58,3,30.0,1,0.3333333333333333,-2.903089986991944,0.21272015441784298,0.6666666666666666,-2.903089986991944,0.21272015441784298,1.0,-2.690369832574101,-4.440892098500626e-16
hard_ood_40pct,61,safe_obelix_residual,40,58,3,32.0,1,0.6666666666666666,-2.690369832574101,-4.440892098500626e-16,0.6666666666666666,-2.690369832574101,-4.440892098500626e-16,0.6666666666666666,-2.690369832574101,-4.440892098500626e-16
hard_ood_40pct,61,safe_estm_residual,40,58,3,19.0,2,0.3333333333333333,-2.690369832574101,-4.440892098500626e-16,0.3333333333333333,-2.690369832574101,-4.440892098500626e-16,0.3333333333333333,-2.690369832574101,-4.440892098500626e-16
hard_ood_40pct,61,safe_borg_residual_control,40,58,3,19.0,2,0.3333333333333333,-2.690369832574101,-4.440892098500626e-16,0.3333333333333333,-2.690369832574101,-4.440892098500626e-16,0.6666666666666666,-2.690369832574101,-4.440892098500626e-16
hard_ood_40pct,61,safe_ocx_residual_control,40,58,3,19.0,2,0.3333333333333333,-2.690369832574101,-4.440892098500626e-16,0.3333333333333333,-2.690369832574101,-4.440892098500626e-16,0.6666666666666666,-2.690369832574101,-4.440892098500626e-16
hard_ood_40pct,61,safe_shuffled_obelix_control,40,58,3,19.0,2,0.3333333333333333,-2.690369832574101,-4.440892098500626e-16,0.3333333333333333,-2.690369832574101,-4.440892098500626e-16,0.6666666666666666,-2.690369832574101,-4.440892098500626e-16
hard_ood_40pct,61,safe_multisource_residual,40,58,3,29.0,2,0.3333333333333333,-2.690369832574101,-4.440892098500626e-16,0.6666666666666666,-2.690369832574101,-4.440892098500626e-16,0.6666666666666666,-2.690369832574101,-4.440892098500626e-16
hard_ood_40pct,61,safe_multisource_novelty_band,40,58,3,34.0,2,0.6666666666666666,-2.690369832574101,-4.440892098500626e-16,0.6666666666666666,-2.690369832574101,-4.440892098500626e-16,0.6666666666666666,-2.690369832574101,-4.440892098500626e-16
hard_ood_40pct,62,uniform_random,40,58,3,18.0,3,0.3333333333333333,-2.903089986991944,0.21272015441784298,0.3333333333333333,-2.903089986991944,0.21272015441784298,0.3333333333333333,-2.903089986991944,0.21272015441784298
hard_ood_40pct,62,composition_novelty,40,58,3,18.0,3,0.3333333333333333,-2.690369832574101,-4.440892098500626e-16,0.3333333333333333,-2.690369832574101,-4.440892098500626e-16,0.6666666666666666,-2.690369832574101,-4.440892098500626e-16
hard_ood_40pct,62,safe_target_novelty,40,58,3,18.0,3,0.3333333333333333,-2.690369832574101,-4.440892098500626e-16,0.3333333333333333,-2.690369832574101,-4.440892098500626e-16,0.6666666666666666,-2.690369832574101,-4.440892098500626e-16
hard_ood_40pct,62,obelix_same_property_static,40,58,3,38.0,2,0.6666666666666666,-2.690369832574101,-4.440892098500626e-16,1.0,-2.690369832574101,-4.440892098500626e-16,1.0,-2.690369832574101,-4.440892098500626e-16
hard_ood_40pct,62,estm_transport_neighbor_static,40,58,3,51.0,1,1.0,-2.690369832574101,-4.440892098500626e-16,1.0,-2.690369832574101,-4.440892098500626e-16,1.0,-2.690369832574101,-4.440892098500626e-16
hard_ood_40pct,62,borg_mechanical_static_control,40,58,3,3.0,18,0.0,-3.8538719643217614,1.1635021317476602,0.3333333333333333,-2.903089986991944,0.21272015441784298,1.0,-2.690369832574101,-4.440892098500626e-16
hard_ood_40pct,62,ocx_catalysis_static_control,40,58,3,0.0,41,0.0,-3.0296531237699065,0.33928329119580525,0.0,-3.0296531237699065,0.33928329119580525,0.0,-3.0296531237699065,0.33928329119580525
hard_ood_40pct,62,shuffled_obelix_static_control,40,58,3,13.0,8,0.3333333333333333,-2.690369832574101,-4.440892098500626e-16,0.3333333333333333,-2.690369832574101,-4.440892098500626e-16,0.6666666666666666,-2.690369832574101,-4.440892098500626e-16
hard_ood_40pct,62,safe_obelix_residual,40,58,3,22.0,1,0.3333333333333333,-2.690369832574101,-4.440892098500626e-16,0.6666666666666666,-2.690369832574101,-4.440892098500626e-16,0.6666666666666666,-2.690369832574101,-4.440892098500626e-16
hard_ood_40pct,62,safe_estm_residual,40,58,3,18.0,3,0.3333333333333333,-2.690369832574101,-4.440892098500626e-16,0.3333333333333333,-2.690369832574101,-4.440892098500626e-16,0.6666666666666666,-2.690369832574101,-4.440892098500626e-16
hard_ood_40pct,62,safe_borg_residual_control,40,58,3,21.0,3,0.3333333333333333,-2.690369832574101,-4.440892098500626e-16,0.6666666666666666,-2.690369832574101,-4.440892098500626e-16,0.6666666666666666,-2.690369832574101,-4.440892098500626e-16
hard_ood_40pct,62,safe_ocx_residual_control,40,58,3,18.0,3,0.3333333333333333,-2.690369832574101,-4.440892098500626e-16,0.3333333333333333,-2.690369832574101,-4.440892098500626e-16,0.6666666666666666,-2.690369832574101,-4.440892098500626e-16
hard_ood_40pct,62,safe_shuffled_obelix_control,40,58,3,18.0,3,0.3333333333333333,-2.690369832574101,-4.440892098500626e-16,0.3333333333333333,-2.690369832574101,-4.440892098500626e-16,0.6666666666666666,-2.690369832574101,-4.440892098500626e-16
hard_ood_40pct,62,safe_multisource_residual,40,58,3,23.0,1,0.3333333333333333,-2.690369832574101,-4.440892098500626e-16,0.6666666666666666,-2.690369832574101,-4.440892098500626e-16,0.6666666666666666,-2.690369832574101,-4.440892098500626e-16
hard_ood_40pct,62,safe_multisource_novelty_band,40,58,3,0.0,31,0.0,-3.05453141486818,0.3641615822940789,0.0,-3.05453141486818,0.3641615822940789,0.3333333333333333,-3.022733787572707,0.33236395499860594
hard_ood_40pct,63,uniform_random,40,58,3,9.0,12,0.0,-3.0296531237699065,0.33928329119580525,0.3333333333333333,-3.022733787572707,0.33236395499860594,1.0,-2.690369832574101,-4.440892098500626e-16
hard_ood_40pct,63,composition_novelty,40,58,3,18.0,3,0.3333333333333333,-2.690369832574101,-4.440892098500626e-16,0.3333333333333333,-2.690369832574101,-4.440892098500626e-16,0.6666666666666666,-2.690369832574101,-4.440892098500626e-16
hard_ood_40pct,63,safe_target_novelty,40,58,3,23.0,4,0.3333333333333333,-2.690369832574101,-4.440892098500626e-16,0.6666666666666666,-2.690369832574101,-4.440892098500626e-16,0.6666666666666666,-2.690369832574101,-4.440892098500626e-16
hard_ood_40pct,63,obelix_same_property_static,40,58,3,38.0,2,0.6666666666666666,-2.690369832574101,-4.440892098500626e-16,1.0,-2.690369832574101,-4.440892098500626e-16,1.0,-2.690369832574101,-4.440892098500626e-16
hard_ood_40pct,63,estm_transport_neighbor_static,40,58,3,51.0,1,1.0,-2.690369832574101,-4.440892098500626e-16,1.0,-2.690369832574101,-4.440892098500626e-16,1.0,-2.690369832574101,-4.440892098500626e-16
hard_ood_40pct,63,borg_mechanical_static_control,40,58,3,3.0,18,0.0,-3.8538719643217614,1.1635021317476602,0.3333333333333333,-2.903089986991944,0.21272015441784298,1.0,-2.690369832574101,-4.440892098500626e-16
hard_ood_40pct,63,ocx_catalysis_static_control,40,58,3,0.0,41,0.0,-3.0296531237699065,0.33928329119580525,0.0,-3.0296531237699065,0.33928329119580525,0.0,-3.0296531237699065,0.33928329119580525
hard_ood_40pct,63,shuffled_obelix_static_control,40,58,3,49.0,2,1.0,-2.690369832574101,-4.440892098500626e-16,1.0,-2.690369832574101,-4.440892098500626e-16,1.0,-2.690369832574101,-4.440892098500626e-16
hard_ood_40pct,63,safe_obelix_residual,40,58,3,20.0,2,0.3333333333333333,-2.690369832574101,-4.440892098500626e-16,0.6666666666666666,-2.690369832574101,-4.440892098500626e-16,0.6666666666666666,-2.690369832574101,-4.440892098500626e-16
hard_ood_40pct,63,safe_estm_residual,40,58,3,20.0,4,0.3333333333333333,-2.690369832574101,-4.440892098500626e-16,0.6666666666666666,-2.690369832574101,-4.440892098500626e-16,0.6666666666666666,-2.690369832574101,-4.440892098500626e-16
hard_ood_40pct,63,safe_borg_residual_control,40,58,3,24.0,3,0.3333333333333333,-2.690369832574101,-4.440892098500626e-16,0.6666666666666666,-2.690369832574101,-4.440892098500626e-16,0.6666666666666666,-2.690369832574101,-4.440892098500626e-16
hard_ood_40pct,63,safe_ocx_residual_control,40,58,3,23.0,4,0.3333333333333333,-2.690369832574101,-4.440892098500626e-16,0.6666666666666666,-2.690369832574101,-4.440892098500626e-16,0.6666666666666666,-2.690369832574101,-4.440892098500626e-16
hard_ood_40pct,63,safe_shuffled_obelix_control,40,58,3,20.0,4,0.3333333333333333,-2.690369832574101,-4.440892098500626e-16,0.6666666666666666,-2.690369832574101,-4.440892098500626e-16,0.6666666666666666,-2.690369832574101,-4.440892098500626e-16
hard_ood_40pct,63,safe_multisource_residual,40,58,3,25.0,2,0.3333333333333333,-2.690369832574101,-4.440892098500626e-16,0.6666666666666666,-2.690369832574101,-4.440892098500626e-16,0.6666666666666666,-2.690369832574101,-4.440892098500626e-16
hard_ood_40pct,63,safe_multisource_novelty_band,40,58,3,30.0,2,0.6666666666666666,-2.690369832574101,-4.440892098500626e-16,0.6666666666666666,-2.690369832574101,-4.440892098500626e-16,0.6666666666666666,-2.690369832574101,-4.440892098500626e-16
hard_ood_40pct,64,uniform_random,40,58,3,21.0,9,0.3333333333333333,-2.690369832574101,-4.440892098500626e-16,0.6666666666666666,-2.690369832574101,-4.440892098500626e-16,0.6666666666666666,-2.690369832574101,-4.440892098500626e-16
hard_ood_40pct,64,composition_novelty,40,58,3,18.0,3,0.3333333333333333,-2.690369832574101,-4.440892098500626e-16,0.3333333333333333,-2.690369832574101,-4.440892098500626e-16,0.6666666666666666,-2.690369832574101,-4.440892098500626e-16
hard_ood_40pct,64,safe_target_novelty,40,58,3,20.0,3,0.3333333333333333,-2.690369832574101,-4.440892098500626e-16,0.6666666666666666,-2.690369832574101,-4.440892098500626e-16,0.6666666666666666,-2.690369832574101,-4.440892098500626e-16
hard_ood_40pct,64,obelix_same_property_static,40,58,3,38.0,2,0.6666666666666666,-2.690369832574101,-4.440892098500626e-16,1.0,-2.690369832574101,-4.440892098500626e-16,1.0,-2.690369832574101,-4.440892098500626e-16
hard_ood_40pct,64,estm_transport_neighbor_static,40,58,3,51.0,1,1.0,-2.690369832574101,-4.440892098500626e-16,1.0,-2.690369832574101,-4.440892098500626e-16,1.0,-2.690369832574101,-4.440892098500626e-16
hard_ood_40pct,64,borg_mechanical_static_control,40,58,3,3.0,18,0.0,-3.8538719643217614,1.1635021317476602,0.3333333333333333,-2.903089986991944,0.21272015441784298,1.0,-2.690369832574101,-4.440892098500626e-16
hard_ood_40pct,64,ocx_catalysis_static_control,40,58,3,0.0,41,0.0,-3.0296531237699065,0.33928329119580525,0.0,-3.0296531237699065,0.33928329119580525,0.0,-3.0296531237699065,0.33928329119580525
hard_ood_40pct,64,shuffled_obelix_static_control,40,58,3,0.0,23,0.0,-4.129011186239425,1.4386413536653238,0.0,-3.0296531237699065,0.33928329119580525,1.0,-2.690369832574101,-4.440892098500626e-16
hard_ood_40pct,64,safe_obelix_residual,40,58,3,31.0,2,0.6666666666666666,-2.690369832574101,-4.440892098500626e-16,0.6666666666666666,-2.690369832574101,-4.440892098500626e-16,0.6666666666666666,-2.690369832574101,-4.440892098500626e-16
hard_ood_40pct,64,safe_estm_residual,40,58,3,20.0,3,0.3333333333333333,-2.690369832574101,-4.440892098500626e-16,0.6666666666666666,-2.690369832574101,-4.440892098500626e-16,0.6666666666666666,-2.690369832574101,-4.440892098500626e-16
hard_ood_40pct,64,safe_borg_residual_control,40,58,3,20.0,3,0.3333333333333333,-2.690369832574101,-4.440892098500626e-16,0.6666666666666666,-2.690369832574101,-4.440892098500626e-16,0.6666666666666666,-2.690369832574101,-4.440892098500626e-16
hard_ood_40pct,64,safe_ocx_residual_control,40,58,3,20.0,3,0.3333333333333333,-2.690369832574101,-4.440892098500626e-16,0.6666666666666666,-2.690369832574101,-4.440892098500626e-16,0.6666666666666666,-2.690369832574101,-4.440892098500626e-16
hard_ood_40pct,64,safe_shuffled_obelix_control,40,58,3,20.0,3,0.3333333333333333,-2.690369832574101,-4.440892098500626e-16,0.6666666666666666,-2.690369832574101,-4.440892098500626e-16,0.6666666666666666,-2.690369832574101,-4.440892098500626e-16
hard_ood_40pct,64,safe_multisource_residual,40,58,3,30.0,2,0.6666666666666666,-2.690369832574101,-4.440892098500626e-16,0.6666666666666666,-2.690369832574101,-4.440892098500626e-16,0.6666666666666666,-2.690369832574101,-4.440892098500626e-16
hard_ood_40pct,64,safe_multisource_novelty_band,40,58,3,35.0,3,0.6666666666666666,-2.690369832574101,-4.440892098500626e-16,0.6666666666666666,-2.690369832574101,-4.440892098500626e-16,0.6666666666666666,-2.690369832574101,-4.440892098500626e-16
hard_ood_40pct,65,uniform_random,40,58,3,8.0,13,0.0,-3.0963674839157624,0.4059976513416612,0.3333333333333333,-2.690369832574101,-4.440892098500626e-16,0.3333333333333333,-2.690369832574101,-4.440892098500626e-16
hard_ood_40pct,65,composition_novelty,40,58,3,18.0,3,0.3333333333333333,-2.690369832574101,-4.440892098500626e-16,0.3333333333333333,-2.690369832574101,-4.440892098500626e-16,0.6666666666666666,-2.690369832574101,-4.440892098500626e-16
hard_ood_40pct,65,safe_target_novelty,40,58,3,17.0,4,0.3333333333333333,-2.690369832574101,-4.440892098500626e-16,0.3333333333333333,-2.690369832574101,-4.440892098500626e-16,0.6666666666666666,-2.690369832574101,-4.440892098500626e-16
hard_ood_40pct,65,obelix_same_property_static,40,58,3,38.0,2,0.6666666666666666,-2.690369832574101,-4.440892098500626e-16,1.0,-2.690369832574101,-4.440892098500626e-16,1.0,-2.690369832574101,-4.440892098500626e-16
hard_ood_40pct,65,estm_transport_neighbor_static,40,58,3,51.0,1,1.0,-2.690369832574101,-4.440892098500626e-16,1.0,-2.690369832574101,-4.440892098500626e-16,1.0,-2.690369832574101,-4.440892098500626e-16
hard_ood_40pct,65,borg_mechanical_static_control,40,58,3,3.0,18,0.0,-3.8538719643217614,1.1635021317476602,0.3333333333333333,-2.903089986991944,0.21272015441784298,1.0,-2.690369832574101,-4.440892098500626e-16
hard_ood_40pct,65,ocx_catalysis_static_control,40,58,3,0.0,41,0.0,-3.0296531237699065,0.33928329119580525,0.0,-3.0296531237699065,0.33928329119580525,0.0,-3.0296531237699065,0.33928329119580525
hard_ood_40pct,65,shuffled_obelix_static_control,40,58,3,20.0,1,0.3333333333333333,-3.022733787572707,0.33236395499860594,0.3333333333333333,-3.022733787572707,0.33236395499860594,0.6666666666666666,-2.903089986991944,0.21272015441784298
hard_ood_40pct,65,safe_obelix_residual,40,58,3,18.0,3,0.3333333333333333,-2.690369832574101,-4.440892098500626e-16,0.3333333333333333,-2.690369832574101,-4.440892098500626e-16,0.6666666666666666,-2.690369832574101,-4.440892098500626e-16
hard_ood_40pct,65,safe_estm_residual,40,58,3,17.0,4,0.3333333333333333,-2.690369832574101,-4.440892098500626e-16,0.3333333333333333,-2.690369832574101,-4.440892098500626e-16,0.6666666666666666,-2.690369832574101,-4.440892098500626e-16
hard_ood_40pct,65,safe_borg_residual_control,40,58,3,17.0,4,0.3333333333333333,-2.690369832574101,-4.440892098500626e-16,0.3333333333333333,-2.690369832574101,-4.440892098500626e-16,0.6666666666666666,-2.690369832574101,-4.440892098500626e-16
hard_ood_40pct,65,safe_ocx_residual_control,40,58,3,17.0,4,0.3333333333333333,-2.690369832574101,-4.440892098500626e-16,0.3333333333333333,-2.690369832574101,-4.440892098500626e-16,0.6666666666666666,-2.690369832574101,-4.440892098500626e-16
hard_ood_40pct,65,safe_shuffled_obelix_control,40,58,3,17.0,4,0.3333333333333333,-2.690369832574101,-4.440892098500626e-16,0.3333333333333333,-2.690369832574101,-4.440892098500626e-16,0.6666666666666666,-2.690369832574101,-4.440892098500626e-16
hard_ood_40pct,65,safe_multisource_residual,40,58,3,18.0,3,0.3333333333333333,-2.690369832574101,-4.440892098500626e-16,0.3333333333333333,-2.690369832574101,-4.440892098500626e-16,0.6666666666666666,-2.690369832574101,-4.440892098500626e-16
hard_ood_40pct,65,safe_multisource_novelty_band,40,58,3,13.0,8,0.3333333333333333,-2.690369832574101,-4.440892098500626e-16,0.3333333333333333,-2.690369832574101,-4.440892098500626e-16,0.3333333333333333,-2.690369832574101,-4.440892098500626e-16
hard_ood_40pct,66,uniform_random,40,58,3,10.0,11,0.0,-3.0296531237699065,0.33928329119580525,0.3333333333333333,-2.690369832574101,-4.440892098500626e-16,0.3333333333333333,-2.690369832574101,-4.440892098500626e-16
hard_ood_40pct,66,composition_novelty,40,58,3,18.0,3,0.3333333333333333,-2.690369832574101,-4.440892098500626e-16,0.3333333333333333,-2.690369832574101,-4.440892098500626e-16,0.6666666666666666,-2.690369832574101,-4.440892098500626e-16
hard_ood_40pct,66,safe_target_novelty,40,58,3,18.0,3,0.3333333333333333,-2.690369832574101,-4.440892098500626e-16,0.3333333333333333,-2.690369832574101,-4.440892098500626e-16,0.3333333333333333,-2.690369832574101,-4.440892098500626e-16
hard_ood_40pct,66,obelix_same_property_static,40,58,3,38.0,2,0.6666666666666666,-2.690369832574101,-4.440892098500626e-16,1.0,-2.690369832574101,-4.440892098500626e-16,1.0,-2.690369832574101,-4.440892098500626e-16
hard_ood_40pct,66,estm_transport_neighbor_static,40,58,3,51.0,1,1.0,-2.690369832574101,-4.440892098500626e-16,1.0,-2.690369832574101,-4.440892098500626e-16,1.0,-2.690369832574101,-4.440892098500626e-16
hard_ood_40pct,66,borg_mechanical_static_control,40,58,3,3.0,18,0.0,-3.8538719643217614,1.1635021317476602,0.3333333333333333,-2.903089986991944,0.21272015441784298,1.0,-2.690369832574101,-4.440892098500626e-16
hard_ood_40pct,66,ocx_catalysis_static_control,40,58,3,0.0,41,0.0,-3.0296531237699065,0.33928329119580525,0.0,-3.0296531237699065,0.33928329119580525,0.0,-3.0296531237699065,0.33928329119580525
hard_ood_40pct,66,shuffled_obelix_static_control,40,58,3,34.0,3,0.6666666666666666,-2.690369832574101,-4.440892098500626e-16,0.6666666666666666,-2.690369832574101,-4.440892098500626e-16,1.0,-2.690369832574101,-4.440892098500626e-16
hard_ood_40pct,66,safe_obelix_residual,40,58,3,20.0,1,0.3333333333333333,-2.690369832574101,-4.440892098500626e-16,0.3333333333333333,-2.690369832574101,-4.440892098500626e-16,0.3333333333333333,-2.690369832574101,-4.440892098500626e-16
hard_ood_40pct,66,safe_estm_residual,40,58,3,18.0,3,0.3333333333333333,-2.690369832574101,-4.440892098500626e-16,0.3333333333333333,-2.690369832574101,-4.440892098500626e-16,0.3333333333333333,-2.690369832574101,-4.440892098500626e-16
hard_ood_40pct,66,safe_borg_residual_control,40,58,3,18.0,3,0.3333333333333333,-2.690369832574101,-4.440892098500626e-16,0.3333333333333333,-2.690369832574101,-4.440892098500626e-16,0.3333333333333333,-2.690369832574101,-4.440892098500626e-16
hard_ood_40pct,66,safe_ocx_residual_control,40,58,3,18.0,3,0.3333333333333333,-2.690369832574101,-4.440892098500626e-16,0.3333333333333333,-2.690369832574101,-4.440892098500626e-16,0.3333333333333333,-2.690369832574101,-4.440892098500626e-16
hard_ood_40pct,66,safe_shuffled_obelix_control,40,58,3,18.0,3,0.3333333333333333,-2.690369832574101,-4.440892098500626e-16,0.3333333333333333,-2.690369832574101,-4.440892098500626e-16,0.3333333333333333,-2.690369832574101,-4.440892098500626e-16
hard_ood_40pct,66,safe_multisource_residual,40,58,3,20.0,1,0.3333333333333333,-2.690369832574101,-4.440892098500626e-16,0.3333333333333333,-2.690369832574101,-4.440892098500626e-16,0.3333333333333333,-2.690369832574101,-4.440892098500626e-16
hard_ood_40pct,66,safe_multisource_novelty_band,40,58,3,18.0,10,0.3333333333333333,-2.690369832574101,-4.440892098500626e-16,0.6666666666666666,-2.690369832574101,-4.440892098500626e-16,0.6666666666666666,-2.690369832574101,-4.440892098500626e-16
hard_ood_40pct,67,uniform_random,40,58,3,38.0,1,0.6666666666666666,-2.690369832574101,-4.440892098500626e-16,0.6666666666666666,-2.690369832574101,-4.440892098500626e-16,1.0,-2.690369832574101,-4.440892098500626e-16
hard_ood_40pct,67,composition_novelty,40,58,3,20.0,3,0.3333333333333333,-2.690369832574101,-4.440892098500626e-16,0.6666666666666666,-2.690369832574101,-4.440892098500626e-16,0.6666666666666666,-2.690369832574101,-4.440892098500626e-16
hard_ood_40pct,67,safe_target_novelty,40,58,3,20.0,1,0.3333333333333333,-2.690369832574101,-4.440892098500626e-16,0.3333333333333333,-2.690369832574101,-4.440892098500626e-16,0.3333333333333333,-2.690369832574101,-4.440892098500626e-16
hard_ood_40pct,67,obelix_same_property_static,40,58,3,38.0,2,0.6666666666666666,-2.690369832574101,-4.440892098500626e-16,1.0,-2.690369832574101,-4.440892098500626e-16,1.0,-2.690369832574101,-4.440892098500626e-16
hard_ood_40pct,67,estm_transport_neighbor_static,40,58,3,51.0,1,1.0,-2.690369832574101,-4.440892098500626e-16,1.0,-2.690369832574101,-4.440892098500626e-16,1.0,-2.690369832574101,-4.440892098500626e-16
hard_ood_40pct,67,borg_mechanical_static_control,40,58,3,3.0,18,0.0,-3.8538719643217614,1.1635021317476602,0.3333333333333333,-2.903089986991944,0.21272015441784298,1.0,-2.690369832574101,-4.440892098500626e-16
hard_ood_40pct,67,ocx_catalysis_static_control,40,58,3,0.0,41,0.0,-3.0296531237699065,0.33928329119580525,0.0,-3.0296531237699065,0.33928329119580525,0.0,-3.0296531237699065,0.33928329119580525
hard_ood_40pct,67,shuffled_obelix_static_control,40,58,3,31.0,1,0.6666666666666666,-2.690369832574101,-4.440892098500626e-16,0.6666666666666666,-2.690369832574101,-4.440892098500626e-16,0.6666666666666666,-2.690369832574101,-4.440892098500626e-16
hard_ood_40pct,67,safe_obelix_residual,40,58,3,20.0,1,0.3333333333333333,-2.690369832574101,-4.440892098500626e-16,0.3333333333333333,-2.690369832574101,-4.440892098500626e-16,0.3333333333333333,-2.690369832574101,-4.440892098500626e-16
hard_ood_40pct,67,safe_estm_residual,40,58,3,20.0,1,0.3333333333333333,-2.690369832574101,-4.440892098500626e-16,0.3333333333333333,-2.690369832574101,-4.440892098500626e-16,0.3333333333333333,-2.690369832574101,-4.440892098500626e-16
hard_ood_40pct,67,safe_borg_residual_control,40,58,3,20.0,1,0.3333333333333333,-2.690369832574101,-4.440892098500626e-16,0.3333333333333333,-2.690369832574101,-4.440892098500626e-16,0.6666666666666666,-2.690369832574101,-4.440892098500626e-16
hard_ood_40pct,67,safe_ocx_residual_control,40,58,3,20.0,1,0.3333333333333333,-2.690369832574101,-4.440892098500626e-16,0.3333333333333333,-2.690369832574101,-4.440892098500626e-16,0.6666666666666666,-2.690369832574101,-4.440892098500626e-16
hard_ood_40pct,67,safe_shuffled_obelix_control,40,58,3,20.0,1,0.3333333333333333,-2.690369832574101,-4.440892098500626e-16,0.3333333333333333,-2.690369832574101,-4.440892098500626e-16,0.3333333333333333,-2.690369832574101,-4.440892098500626e-16
hard_ood_40pct,67,safe_multisource_residual,40,58,3,20.0,1,0.3333333333333333,-2.690369832574101,-4.440892098500626e-16,0.3333333333333333,-2.690369832574101,-4.440892098500626e-16,0.3333333333333333,-2.690369832574101,-4.440892098500626e-16
hard_ood_40pct,67,safe_multisource_novelty_band,40,58,3,38.0,1,0.6666666666666666,-2.690369832574101,-4.440892098500626e-16,0.6666666666666666,-2.690369832574101,-4.440892098500626e-16,0.6666666666666666,-2.690369832574101,-4.440892098500626e-16
hard_ood_40pct,68,uniform_random,40,58,3,18.0,3,0.3333333333333333,-3.022733787572707,0.33236395499860594,0.3333333333333333,-3.022733787572707,0.33236395499860594,0.3333333333333333,-3.022733787572707,0.33236395499860594
hard_ood_40pct,68,composition_novelty,40,58,3,18.0,3,0.3333333333333333,-2.690369832574101,-4.440892098500626e-16,0.3333333333333333,-2.690369832574101,-4.440892098500626e-16,0.6666666666666666,-2.690369832574101,-4.440892098500626e-16
hard_ood_40pct,68,safe_target_novelty,40,58,3,9.0,12,0.0,-3.0296531237699065,0.33928329119580525,0.3333333333333333,-2.903089986991944,0.21272015441784298,0.3333333333333333,-2.903089986991944,0.21272015441784298
hard_ood_40pct,68,obelix_same_property_static,40,58,3,38.0,2,0.6666666666666666,-2.690369832574101,-4.440892098500626e-16,1.0,-2.690369832574101,-4.440892098500626e-16,1.0,-2.690369832574101,-4.440892098500626e-16
hard_ood_40pct,68,estm_transport_neighbor_static,40,58,3,51.0,1,1.0,-2.690369832574101,-4.440892098500626e-16,1.0,-2.690369832574101,-4.440892098500626e-16,1.0,-2.690369832574101,-4.440892098500626e-16
hard_ood_40pct,68,borg_mechanical_static_control,40,58,3,3.0,18,0.0,-3.8538719643217614,1.1635021317476602,0.3333333333333333,-2.903089986991944,0.21272015441784298,1.0,-2.690369832574101,-4.440892098500626e-16
hard_ood_40pct,68,ocx_catalysis_static_control,40,58,3,0.0,41,0.0,-3.0296531237699065,0.33928329119580525,0.0,-3.0296531237699065,0.33928329119580525,0.0,-3.0296531237699065,0.33928329119580525
hard_ood_40pct,68,shuffled_obelix_static_control,40,58,3,6.0,15,0.0,-5.568636235841013,2.878266403266912,0.3333333333333333,-2.690369832574101,-4.440892098500626e-16,0.6666666666666666,-2.690369832574101,-4.440892098500626e-16
hard_ood_40pct,68,safe_obelix_residual,40,58,3,9.0,12,0.0,-3.0296531237699065,0.33928329119580525,0.3333333333333333,-2.903089986991944,0.21272015441784298,0.3333333333333333,-2.903089986991944,0.21272015441784298
hard_ood_40pct,68,safe_estm_residual,40,58,3,17.0,10,0.3333333333333333,-2.690369832574101,-4.440892098500626e-16,0.6666666666666666,-2.690369832574101,-4.440892098500626e-16,0.6666666666666666,-2.690369832574101,-4.440892098500626e-16
hard_ood_40pct,68,safe_borg_residual_control,40,58,3,17.0,10,0.3333333333333333,-2.690369832574101,-4.440892098500626e-16,0.6666666666666666,-2.690369832574101,-4.440892098500626e-16,0.6666666666666666,-2.690369832574101,-4.440892098500626e-16
hard_ood_40pct,68,safe_ocx_residual_control,40,58,3,17.0,11,0.0,-3.987162775294828,1.2967929427207268,0.6666666666666666,-2.690369832574101,-4.440892098500626e-16,0.6666666666666666,-2.690369832574101,-4.440892098500626e-16
hard_ood_40pct,68,safe_shuffled_obelix_control,40,58,3,9.0,12,0.0,-3.0296531237699065,0.33928329119580525,0.3333333333333333,-2.903089986991944,0.21272015441784298,0.3333333333333333,-2.903089986991944,0.21272015441784298
hard_ood_40pct,68,safe_multisource_residual,40,58,3,7.0,14,0.0,-3.0963674839157624,0.4059976513416612,0.3333333333333333,-2.903089986991944,0.21272015441784298,0.3333333333333333,-2.903089986991944,0.21272015441784298
hard_ood_40pct,68,safe_multisource_novelty_band,40,58,3,23.0,9,0.6666666666666666,-2.690369832574101,-4.440892098500626e-16,0.6666666666666666,-2.690369832574101,-4.440892098500626e-16,0.6666666666666666,-2.690369832574101,-4.440892098500626e-16
hard_ood_40pct,69,uniform_random,40,58,3,12.0,9,0.3333333333333333,-3.022733787572707,0.33236395499860594,0.3333333333333333,-3.022733787572707,0.33236395499860594,0.6666666666666666,-2.690369832574101,-4.440892098500626e-16
hard_ood_40pct,69,composition_novelty,40,58,3,20.0,2,0.3333333333333333,-2.690369832574101,-4.440892098500626e-16,0.6666666666666666,-2.690369832574101,-4.440892098500626e-16,0.6666666666666666,-2.690369832574101,-4.440892098500626e-16
hard_ood_40pct,69,safe_target_novelty,40,58,3,21.0,2,0.3333333333333333,-2.690369832574101,-4.440892098500626e-16,0.6666666666666666,-2.690369832574101,-4.440892098500626e-16,0.6666666666666666,-2.690369832574101,-4.440892098500626e-16
hard_ood_40pct,69,obelix_same_property_static,40,58,3,38.0,2,0.6666666666666666,-2.690369832574101,-4.440892098500626e-16,1.0,-2.690369832574101,-4.440892098500626e-16,1.0,-2.690369832574101,-4.440892098500626e-16
hard_ood_40pct,69,estm_transport_neighbor_static,40,58,3,51.0,1,1.0,-2.690369832574101,-4.440892098500626e-16,1.0,-2.690369832574101,-4.440892098500626e-16,1.0,-2.690369832574101,-4.440892098500626e-16
hard_ood_40pct,69,borg_mechanical_static_control,40,58,3,3.0,18,0.0,-3.8538719643217614,1.1635021317476602,0.3333333333333333,-2.903089986991944,0.21272015441784298,1.0,-2.690369832574101,-4.440892098500626e-16
hard_ood_40pct,69,ocx_catalysis_static_control,40,58,3,0.0,41,0.0,-3.0296531237699065,0.33928329119580525,0.0,-3.0296531237699065,0.33928329119580525,0.0,-3.0296531237699065,0.33928329119580525
hard_ood_40pct,69,shuffled_obelix_static_control,40,58,3,9.0,12,0.0,-3.3809643969347203,0.6905945643606191,0.3333333333333333,-3.022733787572707,0.33236395499860594,1.0,-2.690369832574101,-4.440892098500626e-16
hard_ood_40pct,69,safe_obelix_residual,40,58,3,22.0,1,0.3333333333333333,-2.690369832574101,-4.440892098500626e-16,0.6666666666666666,-2.690369832574101,-4.440892098500626e-16,0.6666666666666666,-2.690369832574101,-4.440892098500626e-16
hard_ood_40pct,69,safe_estm_residual,40,58,3,21.0,2,0.3333333333333333,-2.690369832574101,-4.440892098500626e-16,0.6666666666666666,-2.690369832574101,-4.440892098500626e-16,0.6666666666666666,-2.690369832574101,-4.440892098500626e-16
hard_ood_40pct,69,safe_borg_residual_control,40,58,3,21.0,2,0.3333333333333333,-2.690369832574101,-4.440892098500626e-16,0.6666666666666666,-2.690369832574101,-4.440892098500626e-16,0.6666666666666666,-2.690369832574101,-4.440892098500626e-16
hard_ood_40pct,69,safe_ocx_residual_control,40,58,3,21.0,2,0.3333333333333333,-2.690369832574101,-4.440892098500626e-16,0.6666666666666666,-2.690369832574101,-4.440892098500626e-16,0.6666666666666666,-2.690369832574101,-4.440892098500626e-16
hard_ood_40pct,69,safe_shuffled_obelix_control,40,58,3,20.0,3,0.3333333333333333,-2.690369832574101,-4.440892098500626e-16,0.6666666666666666,-2.690369832574101,-4.440892098500626e-16,0.6666666666666666,-2.690369832574101,-4.440892098500626e-16
hard_ood_40pct,69,safe_multisource_residual,40,58,3,22.0,1,0.3333333333333333,-2.690369832574101,-4.440892098500626e-16,0.6666666666666666,-2.690369832574101,-4.440892098500626e-16,0.6666666666666666,-2.690369832574101,-4.440892098500626e-16
hard_ood_40pct,69,safe_multisource_novelty_band,40,58,3,18.0,3,0.3333333333333333,-2.690369832574101,-4.440892098500626e-16,0.3333333333333333,-2.690369832574101,-4.440892098500626e-16,0.6666666666666666,-2.690369832574101,-4.440892098500626e-16
hard_ood_40pct,70,uniform_random,40,58,3,28.0,1,0.3333333333333333,-3.022733787572707,0.33236395499860594,0.6666666666666666,-2.690369832574101,-4.440892098500626e-16,0.6666666666666666,-2.690369832574101,-4.440892098500626e-16
hard_ood_40pct,70,composition_novelty,40,58,3,18.0,3,0.3333333333333333,-2.690369832574101,-4.440892098500626e-16,0.3333333333333333,-2.690369832574101,-4.440892098500626e-16,0.6666666666666666,-2.690369832574101,-4.440892098500626e-16
hard_ood_40pct,70,safe_target_novelty,40,58,3,7.0,14,0.0,-3.0296531237699065,0.33928329119580525,0.3333333333333333,-3.022733787572707,0.33236395499860594,0.3333333333333333,-3.022733787572707,0.33236395499860594
hard_ood_40pct,70,obelix_same_property_static,40,58,3,38.0,2,0.6666666666666666,-2.690369832574101,-4.440892098500626e-16,1.0,-2.690369832574101,-4.440892098500626e-16,1.0,-2.690369832574101,-4.440892098500626e-16
hard_ood_40pct,70,estm_transport_neighbor_static,40,58,3,51.0,1,1.0,-2.690369832574101,-4.440892098500626e-16,1.0,-2.690369832574101,-4.440892098500626e-16,1.0,-2.690369832574101,-4.440892098500626e-16
hard_ood_40pct,70,borg_mechanical_static_control,40,58,3,3.0,18,0.0,-3.8538719643217614,1.1635021317476602,0.3333333333333333,-2.903089986991944,0.21272015441784298,1.0,-2.690369832574101,-4.440892098500626e-16
hard_ood_40pct,70,ocx_catalysis_static_control,40,58,3,0.0,41,0.0,-3.0296531237699065,0.33928329119580525,0.0,-3.0296531237699065,0.33928329119580525,0.0,-3.0296531237699065,0.33928329119580525
hard_ood_40pct,70,shuffled_obelix_static_control,40,58,3,18.0,3,0.3333333333333333,-2.903089986991944,0.21272015441784298,0.3333333333333333,-2.903089986991944,0.21272015441784298,0.6666666666666666,-2.690369832574101,-4.440892098500626e-16
hard_ood_40pct,70,safe_obelix_residual,40,58,3,7.0,14,0.0,-3.0296531237699065,0.33928329119580525,0.3333333333333333,-3.022733787572707,0.33236395499860594,0.3333333333333333,-3.022733787572707,0.33236395499860594
hard_ood_40pct,70,safe_estm_residual,40,58,3,9.0,12,0.0,-3.0296531237699065,0.33928329119580525,0.3333333333333333,-3.022733787572707,0.33236395499860594,0.3333333333333333,-3.022733787572707,0.33236395499860594
hard_ood_40pct,70,safe_borg_residual_control,40,58,3,10.0,11,0.0,-3.0296531237699065,0.33928329119580525,0.3333333333333333,-3.022733787572707,0.33236395499860594,0.3333333333333333,-3.022733787572707,0.33236395499860594
hard_ood_40pct,70,safe_ocx_residual_control,40,58,3,6.0,15,0.0,-3.0296531237699065,0.33928329119580525,0.3333333333333333,-3.022733787572707,0.33236395499860594,0.3333333333333333,-3.022733787572707,0.33236395499860594
hard_ood_40pct,70,safe_shuffled_obelix_control,40,58,3,8.0,13,0.0,-3.0296531237699065,0.33928329119580525,0.3333333333333333,-3.022733787572707,0.33236395499860594,0.3333333333333333,-3.022733787572707,0.33236395499860594
hard_ood_40pct,70,safe_multisource_residual,40,58,3,7.0,14,0.0,-3.0296531237699065,0.33928329119580525,0.3333333333333333,-3.022733787572707,0.33236395499860594,0.3333333333333333,-3.022733787572707,0.33236395499860594
hard_ood_40pct,70,safe_multisource_novelty_band,40,58,3,21.0,10,0.3333333333333333,-3.022733787572707,0.33236395499860594,0.6666666666666666,-2.690369832574101,-4.440892098500626e-16,0.6666666666666666,-2.690369832574101,-4.440892098500626e-16
hard_ood_40pct,71,uniform_random,40,58,3,22.0,4,0.3333333333333333,-2.690369832574101,-4.440892098500626e-16,0.6666666666666666,-2.690369832574101,-4.440892098500626e-16,0.6666666666666666,-2.690369832574101,-4.440892098500626e-16
hard_ood_40pct,71,composition_novelty,40,58,3,18.0,3,0.3333333333333333,-2.690369832574101,-4.440892098500626e-16,0.3333333333333333,-2.690369832574101,-4.440892098500626e-16,0.6666666666666666,-2.690369832574101,-4.440892098500626e-16
hard_ood_40pct,71,safe_target_novelty,40,58,3,21.0,4,0.3333333333333333,-2.690369832574101,-4.440892098500626e-16,0.6666666666666666,-2.690369832574101,-4.440892098500626e-16,0.6666666666666666,-2.690369832574101,-4.440892098500626e-16
hard_ood_40pct,71,obelix_same_property_static,40,58,3,38.0,2,0.6666666666666666,-2.690369832574101,-4.440892098500626e-16,1.0,-2.690369832574101,-4.440892098500626e-16,1.0,-2.690369832574101,-4.440892098500626e-16
hard_ood_40pct,71,estm_transport_neighbor_static,40,58,3,51.0,1,1.0,-2.690369832574101,-4.440892098500626e-16,1.0,-2.690369832574101,-4.440892098500626e-16,1.0,-2.690369832574101,-4.440892098500626e-16
hard_ood_40pct,71,borg_mechanical_static_control,40,58,3,3.0,18,0.0,-3.8538719643217614,1.1635021317476602,0.3333333333333333,-2.903089986991944,0.21272015441784298,1.0,-2.690369832574101,-4.440892098500626e-16
hard_ood_40pct,71,ocx_catalysis_static_control,40,58,3,0.0,41,0.0,-3.0296531237699065,0.33928329119580525,0.0,-3.0296531237699065,0.33928329119580525,0.0,-3.0296531237699065,0.33928329119580525
hard_ood_40pct,71,shuffled_obelix_static_control,40,58,3,27.0,7,0.6666666666666666,-2.690369832574101,-4.440892098500626e-16,0.6666666666666666,-2.690369832574101,-4.440892098500626e-16,0.6666666666666666,-2.690369832574101,-4.440892098500626e-16
hard_ood_40pct,71,safe_obelix_residual,40,58,3,23.0,4,0.3333333333333333,-2.690369832574101,-4.440892098500626e-16,0.6666666666666666,-2.690369832574101,-4.440892098500626e-16,0.6666666666666666,-2.690369832574101,-4.440892098500626e-16
hard_ood_40pct,71,safe_estm_residual,40,58,3,21.0,4,0.3333333333333333,-2.690369832574101,-4.440892098500626e-16,0.6666666666666666,-2.690369832574101,-4.440892098500626e-16,0.6666666666666666,-2.690369832574101,-4.440892098500626e-16
hard_ood_40pct,71,safe_borg_residual_control,40,58,3,21.0,4,0.3333333333333333,-2.690369832574101,-4.440892098500626e-16,0.6666666666666666,-2.690369832574101,-4.440892098500626e-16,0.6666666666666666,-2.690369832574101,-4.440892098500626e-16
hard_ood_40pct,71,safe_ocx_residual_control,40,58,3,23.0,4,0.3333333333333333,-2.690369832574101,-4.440892098500626e-16,0.6666666666666666,-2.690369832574101,-4.440892098500626e-16,0.6666666666666666,-2.690369832574101,-4.440892098500626e-16
hard_ood_40pct,71,safe_shuffled_obelix_control,40,58,3,19.0,4,0.3333333333333333,-2.690369832574101,-4.440892098500626e-16,0.6666666666666666,-2.690369832574101,-4.440892098500626e-16,0.6666666666666666,-2.690369832574101,-4.440892098500626e-16
hard_ood_40pct,71,safe_multisource_residual,40,58,3,19.0,4,0.3333333333333333,-2.690369832574101,-4.440892098500626e-16,0.6666666666666666,-2.690369832574101,-4.440892098500626e-16,0.6666666666666666,-2.690369832574101,-4.440892098500626e-16
hard_ood_40pct,71,safe_multisource_novelty_band,40,58,3,31.0,4,0.6666666666666666,-2.690369832574101,-4.440892098500626e-16,0.6666666666666666,-2.690369832574101,-4.440892098500626e-16,0.6666666666666666,-2.690369832574101,-4.440892098500626e-16
hard_ood_40pct,72,uniform_random,40,58,3,0.0,21,0.0,-3.0296531237699065,0.33928329119580525,0.0,-3.0296531237699065,0.33928329119580525,1.0,-2.690369832574101,-4.440892098500626e-16
hard_ood_40pct,72,composition_novelty,40,58,3,18.0,3,0.3333333333333333,-2.690369832574101,-4.440892098500626e-16,0.3333333333333333,-2.690369832574101,-4.440892098500626e-16,0.6666666666666666,-2.690369832574101,-4.440892098500626e-16
hard_ood_40pct,72,safe_target_novelty,40,58,3,27.0,3,0.3333333333333333,-2.690369832574101,-4.440892098500626e-16,0.6666666666666666,-2.690369832574101,-4.440892098500626e-16,0.6666666666666666,-2.690369832574101,-4.440892098500626e-16
hard_ood_40pct,72,obelix_same_property_static,40,58,3,38.0,2,0.6666666666666666,-2.690369832574101,-4.440892098500626e-16,1.0,-2.690369832574101,-4.440892098500626e-16,1.0,-2.690369832574101,-4.440892098500626e-16
hard_ood_40pct,72,estm_transport_neighbor_static,40,58,3,51.0,1,1.0,-2.690369832574101,-4.440892098500626e-16,1.0,-2.690369832574101,-4.440892098500626e-16,1.0,-2.690369832574101,-4.440892098500626e-16
hard_ood_40pct,72,borg_mechanical_static_control,40,58,3,3.0,18,0.0,-3.8538719643217614,1.1635021317476602,0.3333333333333333,-2.903089986991944,0.21272015441784298,1.0,-2.690369832574101,-4.440892098500626e-16
hard_ood_40pct,72,ocx_catalysis_static_control,40,58,3,0.0,41,0.0,-3.0296531237699065,0.33928329119580525,0.0,-3.0296531237699065,0.33928329119580525,0.0,-3.0296531237699065,0.33928329119580525
hard_ood_40pct,72,shuffled_obelix_static_control,40,58,3,11.0,10,0.3333333333333333,-2.903089986991944,0.21272015441784298,0.3333333333333333,-2.903089986991944,0.21272015441784298,0.3333333333333333,-2.903089986991944,0.21272015441784298
hard_ood_40pct,72,safe_obelix_residual,40,58,3,29.0,1,0.3333333333333333,-2.690369832574101,-4.440892098500626e-16,0.6666666666666666,-2.690369832574101,-4.440892098500626e-16,0.6666666666666666,-2.690369832574101,-4.440892098500626e-16
hard_ood_40pct,72,safe_estm_residual,40,58,3,27.0,3,0.3333333333333333,-2.690369832574101,-4.440892098500626e-16,0.6666666666666666,-2.690369832574101,-4.440892098500626e-16,0.6666666666666666,-2.690369832574101,-4.440892098500626e-16
hard_ood_40pct,72,safe_borg_residual_control,40,58,3,22.0,4,0.3333333333333333,-2.690369832574101,-4.440892098500626e-16,0.6666666666666666,-2.690369832574101,-4.440892098500626e-16,0.6666666666666666,-2.690369832574101,-4.440892098500626e-16
hard_ood_40pct,72,safe_ocx_residual_control,40,58,3,27.0,3,0.3333333333333333,-2.690369832574101,-4.440892098500626e-16,0.6666666666666666,-2.690369832574101,-4.440892098500626e-16,0.6666666666666666,-2.690369832574101,-4.440892098500626e-16
hard_ood_40pct,72,safe_shuffled_obelix_control,40,58,3,27.0,3,0.3333333333333333,-2.690369832574101,-4.440892098500626e-16,0.6666666666666666,-2.690369832574101,-4.440892098500626e-16,0.6666666666666666,-2.690369832574101,-4.440892098500626e-16
hard_ood_40pct,72,safe_multisource_residual,40,58,3,1.0,20,0.0,-3.0296531237699065,0.33928329119580525,0.3333333333333333,-3.022733787572707,0.33236395499860594,0.3333333333333333,-3.022733787572707,0.33236395499860594
hard_ood_40pct,72,safe_multisource_novelty_band,40,58,3,12.0,9,0.3333333333333333,-2.690369832574101,-4.440892098500626e-16,0.3333333333333333,-2.690369832574101,-4.440892098500626e-16,0.6666666666666666,-2.690369832574101,-4.440892098500626e-16
hard_ood_40pct,73,uniform_random,40,58,3,0.0,23,0.0,-3.0963674839157624,0.4059976513416612,0.0,-3.0296531237699065,0.33928329119580525,0.6666666666666666,-2.690369832574101,-4.440892098500626e-16
hard_ood_40pct,73,composition_novelty,40,58,3,19.0,3,0.3333333333333333,-2.690369832574101,-4.440892098500626e-16,0.6666666666666666,-2.690369832574101,-4.440892098500626e-16,0.6666666666666666,-2.690369832574101,-4.440892098500626e-16
hard_ood_40pct,73,safe_target_novelty,40,58,3,18.0,3,0.3333333333333333,-2.690369832574101,-4.440892098500626e-16,0.3333333333333333,-2.690369832574101,-4.440892098500626e-16,0.3333333333333333,-2.690369832574101,-4.440892098500626e-16
hard_ood_40pct,73,obelix_same_property_static,40,58,3,38.0,2,0.6666666666666666,-2.690369832574101,-4.440892098500626e-16,1.0,-2.690369832574101,-4.440892098500626e-16,1.0,-2.690369832574101,-4.440892098500626e-16
hard_ood_40pct,73,estm_transport_neighbor_static,40,58,3,51.0,1,1.0,-2.690369832574101,-4.440892098500626e-16,1.0,-2.690369832574101,-4.440892098500626e-16,1.0,-2.690369832574101,-4.440892098500626e-16
hard_ood_40pct,73,borg_mechanical_static_control,40,58,3,3.0,18,0.0,-3.8538719643217614,1.1635021317476602,0.3333333333333333,-2.903089986991944,0.21272015441784298,1.0,-2.690369832574101,-4.440892098500626e-16
hard_ood_40pct,73,ocx_catalysis_static_control,40,58,3,0.0,41,0.0,-3.0296531237699065,0.33928329119580525,0.0,-3.0296531237699065,0.33928329119580525,0.0,-3.0296531237699065,0.33928329119580525
hard_ood_40pct,73,shuffled_obelix_static_control,40,58,3,17.0,4,0.3333333333333333,-2.903089986991944,0.21272015441784298,0.3333333333333333,-2.903089986991944,0.21272015441784298,0.6666666666666666,-2.903089986991944,0.21272015441784298
hard_ood_40pct,73,safe_obelix_residual,40,58,3,1.0,20,0.0,-3.0963674839157624,0.4059976513416612,0.3333333333333333,-3.022733787572707,0.33236395499860594,0.3333333333333333,-3.022733787572707,0.33236395499860594
hard_ood_40pct,73,safe_estm_residual,40,58,3,18.0,3,0.3333333333333333,-2.690369832574101,-4.440892098500626e-16,0.3333333333333333,-2.690369832574101,-4.440892098500626e-16,0.3333333333333333,-2.690369832574101,-4.440892098500626e-16
hard_ood_40pct,73,safe_borg_residual_control,40,58,3,3.0,18,0.0,-3.0296531237699065,0.33928329119580525,0.3333333333333333,-3.022733787572707,0.33236395499860594,0.3333333333333333,-3.022733787572707,0.33236395499860594
hard_ood_40pct,73,safe_ocx_residual_control,40,58,3,18.0,3,0.3333333333333333,-2.690369832574101,-4.440892098500626e-16,0.3333333333333333,-2.690369832574101,-4.440892098500626e-16,0.3333333333333333,-2.690369832574101,-4.440892098500626e-16
hard_ood_40pct,73,safe_shuffled_obelix_control,40,58,3,18.0,3,0.3333333333333333,-2.690369832574101,-4.440892098500626e-16,0.3333333333333333,-2.690369832574101,-4.440892098500626e-16,0.3333333333333333,-2.690369832574101,-4.440892098500626e-16
hard_ood_40pct,73,safe_multisource_residual,40,58,3,3.0,18,0.0,-3.0296531237699065,0.33928329119580525,0.3333333333333333,-3.022733787572707,0.33236395499860594,0.3333333333333333,-3.022733787572707,0.33236395499860594
hard_ood_40pct,73,safe_multisource_novelty_band,40,58,3,0.0,26,0.0,-3.0296531237699065,0.33928329119580525,0.0,-3.0296531237699065,0.33928329119580525,0.3333333333333333,-3.022733787572707,0.33236395499860594
hard_ood_40pct,74,uniform_random,40,58,3,0.0,24,0.0,-3.0296531237699065,0.33928329119580525,0.0,-3.0296531237699065,0.33928329119580525,1.0,-2.690369832574101,-4.440892098500626e-16
hard_ood_40pct,74,composition_novelty,40,58,3,16.0,6,0.3333333333333333,-2.690369832574101,-4.440892098500626e-16,0.6666666666666666,-2.690369832574101,-4.440892098500626e-16,0.6666666666666666,-2.690369832574101,-4.440892098500626e-16
hard_ood_40pct,74,safe_target_novelty,40,58,3,21.0,6,0.3333333333333333,-2.690369832574101,-4.440892098500626e-16,0.6666666666666666,-2.690369832574101,-4.440892098500626e-16,0.6666666666666666,-2.690369832574101,-4.440892098500626e-16
hard_ood_40pct,74,obelix_same_property_static,40,58,3,38.0,2,0.6666666666666666,-2.690369832574101,-4.440892098500626e-16,1.0,-2.690369832574101,-4.440892098500626e-16,1.0,-2.690369832574101,-4.440892098500626e-16
hard_ood_40pct,74,estm_transport_neighbor_static,40,58,3,51.0,1,1.0,-2.690369832574101,-4.440892098500626e-16,1.0,-2.690369832574101,-4.440892098500626e-16,1.0,-2.690369832574101,-4.440892098500626e-16
hard_ood_40pct,74,borg_mechanical_static_control,40,58,3,3.0,18,0.0,-3.8538719643217614,1.1635021317476602,0.3333333333333333,-2.903089986991944,0.21272015441784298,1.0,-2.690369832574101,-4.440892098500626e-16
hard_ood_40pct,74,ocx_catalysis_static_control,40,58,3,0.0,41,0.0,-3.0296531237699065,0.33928329119580525,0.0,-3.0296531237699065,0.33928329119580525,0.0,-3.0296531237699065,0.33928329119580525
hard_ood_40pct,74,shuffled_obelix_static_control,40,58,3,16.0,5,0.3333333333333333,-2.690369832574101,-4.440892098500626e-16,0.3333333333333333,-2.690369832574101,-4.440892098500626e-16,0.3333333333333333,-2.690369832574101,-4.440892098500626e-16
hard_ood_40pct,74,safe_obelix_residual,40,58,3,21.0,6,0.3333333333333333,-2.690369832574101,-4.440892098500626e-16,0.6666666666666666,-2.690369832574101,-4.440892098500626e-16,0.6666666666666666,-2.690369832574101,-4.440892098500626e-16
hard_ood_40pct,74,safe_estm_residual,40,58,3,21.0,6,0.3333333333333333,-2.690369832574101,-4.440892098500626e-16,0.6666666666666666,-2.690369832574101,-4.440892098500626e-16,0.6666666666666666,-2.690369832574101,-4.440892098500626e-16
hard_ood_40pct,74,safe_borg_residual_control,40,58,3,21.0,6,0.3333333333333333,-2.690369832574101,-4.440892098500626e-16,0.6666666666666666,-2.690369832574101,-4.440892098500626e-16,0.6666666666666666,-2.690369832574101,-4.440892098500626e-16
hard_ood_40pct,74,safe_ocx_residual_control,40,58,3,21.0,6,0.3333333333333333,-2.690369832574101,-4.440892098500626e-16,0.6666666666666666,-2.690369832574101,-4.440892098500626e-16,0.6666666666666666,-2.690369832574101,-4.440892098500626e-16
hard_ood_40pct,74,safe_shuffled_obelix_control,40,58,3,20.0,6,0.3333333333333333,-2.690369832574101,-4.440892098500626e-16,0.6666666666666666,-2.690369832574101,-4.440892098500626e-16,0.6666666666666666,-2.690369832574101,-4.440892098500626e-16
hard_ood_40pct,74,safe_multisource_residual,40,58,3,17.0,9,0.3333333333333333,-2.690369832574101,-4.440892098500626e-16,0.6666666666666666,-2.690369832574101,-4.440892098500626e-16,0.6666666666666666,-2.690369832574101,-4.440892098500626e-16
hard_ood_40pct,74,safe_multisource_novelty_band,40,58,3,17.0,8,0.3333333333333333,-2.690369832574101,-4.440892098500626e-16,0.6666666666666666,-2.690369832574101,-4.440892098500626e-16,0.6666666666666666,-2.690369832574101,-4.440892098500626e-16
hard_ood_40pct,75,uniform_random,40,58,3,16.0,11,0.0,-5.155522824254319,2.465152991680218,0.6666666666666666,-2.690369832574101,-4.440892098500626e-16,0.6666666666666666,-2.690369832574101,-4.440892098500626e-16
hard_ood_40pct,75,composition_novelty,40,58,3,19.0,2,0.3333333333333333,-2.690369832574101,-4.440892098500626e-16,0.3333333333333333,-2.690369832574101,-4.440892098500626e-16,0.6666666666666666,-2.690369832574101,-4.440892098500626e-16
hard_ood_40pct,75,safe_target_novelty,40,58,3,6.0,15,0.0,-3.0296531237699065,0.33928329119580525,0.3333333333333333,-3.022733787572707,0.33236395499860594,0.3333333333333333,-3.022733787572707,0.33236395499860594
hard_ood_40pct,75,obelix_same_property_static,40,58,3,38.0,2,0.6666666666666666,-2.690369832574101,-4.440892098500626e-16,1.0,-2.690369832574101,-4.440892098500626e-16,1.0,-2.690369832574101,-4.440892098500626e-16
hard_ood_40pct,75,estm_transport_neighbor_static,40,58,3,51.0,1,1.0,-2.690369832574101,-4.440892098500626e-16,1.0,-2.690369832574101,-4.440892098500626e-16,1.0,-2.690369832574101,-4.440892098500626e-16
hard_ood_40pct,75,borg_mechanical_static_control,40,58,3,3.0,18,0.0,-3.8538719643217614,1.1635021317476602,0.3333333333333333,-2.903089986991944,0.21272015441784298,1.0,-2.690369832574101,-4.440892098500626e-16
hard_ood_40pct,75,ocx_catalysis_static_control,40,58,3,0.0,41,0.0,-3.0296531237699065,0.33928329119580525,0.0,-3.0296531237699065,0.33928329119580525,0.0,-3.0296531237699065,0.33928329119580525
hard_ood_40pct,75,shuffled_obelix_static_control,40,58,3,14.0,7,0.3333333333333333,-2.903089986991944,0.21272015441784298,0.3333333333333333,-2.903089986991944,0.21272015441784298,0.6666666666666666,-2.903089986991944,0.21272015441784298
hard_ood_40pct,75,safe_obelix_residual,40,58,3,7.0,14,0.0,-3.0296531237699065,0.33928329119580525,0.3333333333333333,-3.022733787572707,0.33236395499860594,0.3333333333333333,-3.022733787572707,0.33236395499860594
hard_ood_40pct,75,safe_estm_residual,40,58,3,6.0,15,0.0,-3.0296531237699065,0.33928329119580525,0.3333333333333333,-3.022733787572707,0.33236395499860594,0.3333333333333333,-3.022733787572707,0.33236395499860594
hard_ood_40pct,75,safe_borg_residual_control,40,58,3,6.0,15,0.0,-3.0296531237699065,0.33928329119580525,0.3333333333333333,-3.022733787572707,0.33236395499860594,0.3333333333333333,-3.022733787572707,0.33236395499860594
hard_ood_40pct,75,safe_ocx_residual_control,40,58,3,6.0,15,0.0,-3.0296531237699065,0.33928329119580525,0.3333333333333333,-3.022733787572707,0.33236395499860594,0.3333333333333333,-3.022733787572707,0.33236395499860594
hard_ood_40pct,75,safe_shuffled_obelix_control,40,58,3,6.0,15,0.0,-3.0296531237699065,0.33928329119580525,0.3333333333333333,-3.022733787572707,0.33236395499860594,0.3333333333333333,-3.022733787572707,0.33236395499860594
hard_ood_40pct,75,safe_multisource_residual,40,58,3,19.0,2,0.3333333333333333,-2.903089986991944,0.21272015441784298,0.3333333333333333,-2.903089986991944,0.21272015441784298,0.3333333333333333,-2.903089986991944,0.21272015441784298
hard_ood_40pct,75,safe_multisource_novelty_band,40,58,3,0.0,26,0.0,-3.0296531237699065,0.33928329119580525,0.0,-3.0296531237699065,0.33928329119580525,0.3333333333333333,-3.022733787572707,0.33236395499860594
hard_ood_40pct,76,uniform_random,40,58,3,11.0,10,0.3333333333333333,-3.022733787572707,0.33236395499860594,0.3333333333333333,-3.022733787572707,0.33236395499860594,1.0,-2.690369832574101,-4.440892098500626e-16
hard_ood_40pct,76,composition_novelty,40,58,3,18.0,3,0.3333333333333333,-2.690369832574101,-4.440892098500626e-16,0.3333333333333333,-2.690369832574101,-4.440892098500626e-16,0.6666666666666666,-2.690369832574101,-4.440892098500626e-16
hard_ood_40pct,76,safe_target_novelty,40,58,3,17.0,4,0.3333333333333333,-2.690369832574101,-4.440892098500626e-16,0.3333333333333333,-2.690369832574101,-4.440892098500626e-16,0.3333333333333333,-2.690369832574101,-4.440892098500626e-16
hard_ood_40pct,76,obelix_same_property_static,40,58,3,38.0,2,0.6666666666666666,-2.690369832574101,-4.440892098500626e-16,1.0,-2.690369832574101,-4.440892098500626e-16,1.0,-2.690369832574101,-4.440892098500626e-16
hard_ood_40pct,76,estm_transport_neighbor_static,40,58,3,51.0,1,1.0,-2.690369832574101,-4.440892098500626e-16,1.0,-2.690369832574101,-4.440892098500626e-16,1.0,-2.690369832574101,-4.440892098500626e-16
hard_ood_40pct,76,borg_mechanical_static_control,40,58,3,3.0,18,0.0,-3.8538719643217614,1.1635021317476602,0.3333333333333333,-2.903089986991944,0.21272015441784298,1.0,-2.690369832574101,-4.440892098500626e-16
hard_ood_40pct,76,ocx_catalysis_static_control,40,58,3,0.0,41,0.0,-3.0296531237699065,0.33928329119580525,0.0,-3.0296531237699065,0.33928329119580525,0.0,-3.0296531237699065,0.33928329119580525
hard_ood_40pct,76,shuffled_obelix_static_control,40,58,3,17.0,9,0.3333333333333333,-3.022733787572707,0.33236395499860594,0.6666666666666666,-2.903089986991944,0.21272015441784298,1.0,-2.690369832574101,-4.440892098500626e-16
hard_ood_40pct,76,safe_obelix_residual,40,58,3,17.0,4,0.3333333333333333,-2.690369832574101,-4.440892098500626e-16,0.3333333333333333,-2.690369832574101,-4.440892098500626e-16,0.3333333333333333,-2.690369832574101,-4.440892098500626e-16
hard_ood_40pct,76,safe_estm_residual,40,58,3,17.0,4,0.3333333333333333,-2.690369832574101,-4.440892098500626e-16,0.3333333333333333,-2.690369832574101,-4.440892098500626e-16,0.3333333333333333,-2.690369832574101,-4.440892098500626e-16
hard_ood_40pct,76,safe_borg_residual_control,40,58,3,17.0,4,0.3333333333333333,-2.690369832574101,-4.440892098500626e-16,0.3333333333333333,-2.690369832574101,-4.440892098500626e-16,0.3333333333333333,-2.690369832574101,-4.440892098500626e-16
hard_ood_40pct,76,safe_ocx_residual_control,40,58,3,17.0,4,0.3333333333333333,-2.690369832574101,-4.440892098500626e-16,0.3333333333333333,-2.690369832574101,-4.440892098500626e-16,0.3333333333333333,-2.690369832574101,-4.440892098500626e-16
hard_ood_40pct,76,safe_shuffled_obelix_control,40,58,3,17.0,4,0.3333333333333333,-2.690369832574101,-4.440892098500626e-16,0.3333333333333333,-2.690369832574101,-4.440892098500626e-16,0.3333333333333333,-2.690369832574101,-4.440892098500626e-16
hard_ood_40pct,76,safe_multisource_residual,40,58,3,17.0,4,0.3333333333333333,-2.690369832574101,-4.440892098500626e-16,0.3333333333333333,-2.690369832574101,-4.440892098500626e-16,0.3333333333333333,-2.690369832574101,-4.440892098500626e-16
hard_ood_40pct,76,safe_multisource_novelty_band,40,58,3,23.0,9,0.6666666666666666,-2.690369832574101,-4.440892098500626e-16,0.6666666666666666,-2.690369832574101,-4.440892098500626e-16,0.6666666666666666,-2.690369832574101,-4.440892098500626e-16
hard_ood_40pct,77,uniform_random,40,58,3,1.0,20,0.0,-3.11747546204512,0.42710562947101893,0.3333333333333333,-2.903089986991944,0.21272015441784298,1.0,-2.690369832574101,-4.440892098500626e-16
hard_ood_40pct,77,composition_novelty,40,58,3,18.0,3,0.3333333333333333,-2.690369832574101,-4.440892098500626e-16,0.3333333333333333,-2.690369832574101,-4.440892098500626e-16,0.6666666666666666,-2.690369832574101,-4.440892098500626e-16
hard_ood_40pct,77,safe_target_novelty,40,58,3,17.0,4,0.3333333333333333,-2.690369832574101,-4.440892098500626e-16,0.3333333333333333,-2.690369832574101,-4.440892098500626e-16,0.3333333333333333,-2.690369832574101,-4.440892098500626e-16
hard_ood_40pct,77,obelix_same_property_static,40,58,3,38.0,2,0.6666666666666666,-2.690369832574101,-4.440892098500626e-16,1.0,-2.690369832574101,-4.440892098500626e-16,1.0,-2.690369832574101,-4.440892098500626e-16
hard_ood_40pct,77,estm_transport_neighbor_static,40,58,3,51.0,1,1.0,-2.690369832574101,-4.440892098500626e-16,1.0,-2.690369832574101,-4.440892098500626e-16,1.0,-2.690369832574101,-4.440892098500626e-16
hard_ood_40pct,77,borg_mechanical_static_control,40,58,3,3.0,18,0.0,-3.8538719643217614,1.1635021317476602,0.3333333333333333,-2.903089986991944,0.21272015441784298,1.0,-2.690369832574101,-4.440892098500626e-16
hard_ood_40pct,77,ocx_catalysis_static_control,40,58,3,0.0,41,0.0,-3.0296531237699065,0.33928329119580525,0.0,-3.0296531237699065,0.33928329119580525,0.0,-3.0296531237699065,0.33928329119580525
hard_ood_40pct,77,shuffled_obelix_static_control,40,58,3,10.0,12,0.0,-3.3809643969347203,0.6905945643606191,0.6666666666666666,-2.690369832574101,-4.440892098500626e-16,1.0,-2.690369832574101,-4.440892098500626e-16
hard_ood_40pct,77,safe_obelix_residual,40,58,3,5.0,16,0.0,-3.0296531237699065,0.33928329119580525,0.3333333333333333,-3.022733787572707,0.33236395499860594,0.3333333333333333,-3.022733787572707,0.33236395499860594
hard_ood_40pct,77,safe_estm_residual,40,58,3,5.0,16,0.0,-3.0296531237699065,0.33928329119580525,0.3333333333333333,-3.022733787572707,0.33236395499860594,0.3333333333333333,-3.022733787572707,0.33236395499860594
hard_ood_40pct,77,safe_borg_residual_control,40,58,3,5.0,16,0.0,-3.0296531237699065,0.33928329119580525,0.3333333333333333,-3.022733787572707,0.33236395499860594,0.3333333333333333,-3.022733787572707,0.33236395499860594
hard_ood_40pct,77,safe_ocx_residual_control,40,58,3,5.0,16,0.0,-3.0296531237699065,0.33928329119580525,0.3333333333333333,-3.022733787572707,0.33236395499860594,0.3333333333333333,-3.022733787572707,0.33236395499860594
hard_ood_40pct,77,safe_shuffled_obelix_control,40,58,3,5.0,16,0.0,-3.0296531237699065,0.33928329119580525,0.3333333333333333,-3.022733787572707,0.33236395499860594,0.3333333333333333,-3.022733787572707,0.33236395499860594
hard_ood_40pct,77,safe_multisource_residual,40,58,3,5.0,16,0.0,-3.0296531237699065,0.33928329119580525,0.3333333333333333,-3.022733787572707,0.33236395499860594,0.3333333333333333,-3.022733787572707,0.33236395499860594
hard_ood_40pct,77,safe_multisource_novelty_band,40,58,3,0.0,31,0.0,-3.0296531237699065,0.33928329119580525,0.0,-3.0296531237699065,0.33928329119580525,0.3333333333333333,-2.690369832574101,-4.440892098500626e-16
hard_ood_40pct,78,uniform_random,40,58,3,0.0,38,0.0,-4.585026652029182,1.8946568194550806,0.0,-3.11747546204512,0.42710562947101893,0.3333333333333333,-2.690369832574101,-4.440892098500626e-16
hard_ood_40pct,78,composition_novelty,40,58,3,18.0,3,0.3333333333333333,-2.690369832574101,-4.440892098500626e-16,0.3333333333333333,-2.690369832574101,-4.440892098500626e-16,0.6666666666666666,-2.690369832574101,-4.440892098500626e-16
hard_ood_40pct,78,safe_target_novelty,40,58,3,8.0,13,0.0,-3.0296531237699065,0.33928329119580525,0.3333333333333333,-3.022733787572707,0.33236395499860594,0.3333333333333333,-3.022733787572707,0.33236395499860594
hard_ood_40pct,78,obelix_same_property_static,40,58,3,38.0,2,0.6666666666666666,-2.690369832574101,-4.440892098500626e-16,1.0,-2.690369832574101,-4.440892098500626e-16,1.0,-2.690369832574101,-4.440892098500626e-16
hard_ood_40pct,78,estm_transport_neighbor_static,40,58,3,51.0,1,1.0,-2.690369832574101,-4.440892098500626e-16,1.0,-2.690369832574101,-4.440892098500626e-16,1.0,-2.690369832574101,-4.440892098500626e-16
hard_ood_40pct,78,borg_mechanical_static_control,40,58,3,3.0,18,0.0,-3.8538719643217614,1.1635021317476602,0.3333333333333333,-2.903089986991944,0.21272015441784298,1.0,-2.690369832574101,-4.440892098500626e-16
hard_ood_40pct,78,ocx_catalysis_static_control,40,58,3,0.0,41,0.0,-3.0296531237699065,0.33928329119580525,0.0,-3.0296531237699065,0.33928329119580525,0.0,-3.0296531237699065,0.33928329119580525
hard_ood_40pct,78,shuffled_obelix_static_control,40,58,3,15.0,7,0.3333333333333333,-2.690369832574101,-4.440892098500626e-16,0.6666666666666666,-2.690369832574101,-4.440892098500626e-16,1.0,-2.690369832574101,-4.440892098500626e-16
hard_ood_40pct,78,safe_obelix_residual,40,58,3,4.0,17,0.0,-3.0296531237699065,0.33928329119580525,0.3333333333333333,-3.022733787572707,0.33236395499860594,0.6666666666666666,-2.903089986991944,0.21272015441784298
hard_ood_40pct,78,safe_estm_residual,40,58,3,8.0,13,0.0,-3.0296531237699065,0.33928329119580525,0.3333333333333333,-3.022733787572707,0.33236395499860594,0.3333333333333333,-3.022733787572707,0.33236395499860594
hard_ood_40pct,78,safe_borg_residual_control,40,58,3,8.0,13,0.0,-3.0296531237699065,0.33928329119580525,0.3333333333333333,-3.022733787572707,0.33236395499860594,1.0,-2.690369832574101,-4.440892098500626e-16
hard_ood_40pct,78,safe_ocx_residual_control,40,58,3,8.0,13,0.0,-3.0296531237699065,0.33928329119580525,0.3333333333333333,-3.022733787572707,0.33236395499860594,0.3333333333333333,-3.022733787572707,0.33236395499860594
hard_ood_40pct,78,safe_shuffled_obelix_control,40,58,3,8.0,13,0.0,-3.0296531237699065,0.33928329119580525,0.3333333333333333,-3.022733787572707,0.33236395499860594,1.0,-2.690369832574101,-4.440892098500626e-16
hard_ood_40pct,78,safe_multisource_residual,40,58,3,1.0,20,0.0,-3.0296531237699065,0.33928329119580525,0.3333333333333333,-3.022733787572707,0.33236395499860594,0.3333333333333333,-3.022733787572707,0.33236395499860594
hard_ood_40pct,78,safe_multisource_novelty_band,40,58,3,1.0,20,0.0,-3.0296531237699065,0.33928329119580525,0.3333333333333333,-2.690369832574101,-4.440892098500626e-16,0.3333333333333333,-2.690369832574101,-4.440892098500626e-16
hard_ood_40pct,79,uniform_random,40,58,3,6.0,17,0.0,-3.0296531237699065,0.33928329119580525,0.6666666666666666,-2.690369832574101,-4.440892098500626e-16,0.6666666666666666,-2.690369832574101,-4.440892098500626e-16
hard_ood_40pct,79,composition_novelty,40,58,3,18.0,3,0.3333333333333333,-2.690369832574101,-4.440892098500626e-16,0.3333333333333333,-2.690369832574101,-4.440892098500626e-16,0.6666666666666666,-2.690369832574101,-4.440892098500626e-16
hard_ood_40pct,79,safe_target_novelty,40,58,3,19.0,2,0.3333333333333333,-2.690369832574101,-4.440892098500626e-16,0.3333333333333333,-2.690369832574101,-4.440892098500626e-16,0.6666666666666666,-2.690369832574101,-4.440892098500626e-16
hard_ood_40pct,79,obelix_same_property_static,40,58,3,38.0,2,0.6666666666666666,-2.690369832574101,-4.440892098500626e-16,1.0,-2.690369832574101,-4.440892098500626e-16,1.0,-2.690369832574101,-4.440892098500626e-16
hard_ood_40pct,79,estm_transport_neighbor_static,40,58,3,51.0,1,1.0,-2.690369832574101,-4.440892098500626e-16,1.0,-2.690369832574101,-4.440892098500626e-16,1.0,-2.690369832574101,-4.440892098500626e-16
hard_ood_40pct,79,borg_mechanical_static_control,40,58,3,3.0,18,0.0,-3.8538719643217614,1.1635021317476602,0.3333333333333333,-2.903089986991944,0.21272015441784298,1.0,-2.690369832574101,-4.440892098500626e-16
hard_ood_40pct,79,ocx_catalysis_static_control,40,58,3,0.0,41,0.0,-3.0296531237699065,0.33928329119580525,0.0,-3.0296531237699065,0.33928329119580525,0.0,-3.0296531237699065,0.33928329119580525
hard_ood_40pct,79,shuffled_obelix_static_control,40,58,3,0.0,41,0.0,-3.05453141486818,0.3641615822940789,0.0,-3.05453141486818,0.3641615822940789,0.0,-3.0296531237699065,0.33928329119580525
hard_ood_40pct,79,safe_obelix_residual,40,58,3,19.0,2,0.3333333333333333,-2.690369832574101,-4.440892098500626e-16,0.3333333333333333,-2.690369832574101,-4.440892098500626e-16,0.6666666666666666,-2.690369832574101,-4.440892098500626e-16
hard_ood_40pct,79,safe_estm_residual,40,58,3,19.0,2,0.3333333333333333,-2.690369832574101,-4.440892098500626e-16,0.3333333333333333,-2.690369832574101,-4.440892098500626e-16,0.6666666666666666,-2.690369832574101,-4.440892098500626e-16
hard_ood_40pct,79,safe_borg_residual_control,40,58,3,19.0,2,0.3333333333333333,-2.690369832574101,-4.440892098500626e-16,0.3333333333333333,-2.690369832574101,-4.440892098500626e-16,0.3333333333333333,-2.690369832574101,-4.440892098500626e-16
hard_ood_40pct,79,safe_ocx_residual_control,40,58,3,19.0,2,0.3333333333333333,-2.690369832574101,-4.440892098500626e-16,0.3333333333333333,-2.690369832574101,-4.440892098500626e-16,0.6666666666666666,-2.690369832574101,-4.440892098500626e-16
hard_ood_40pct,79,safe_shuffled_obelix_control,40,58,3,19.0,2,0.3333333333333333,-2.690369832574101,-4.440892098500626e-16,0.3333333333333333,-2.690369832574101,-4.440892098500626e-16,0.6666666666666666,-2.690369832574101,-4.440892098500626e-16
hard_ood_40pct,79,safe_multisource_residual,40,58,3,19.0,2,0.3333333333333333,-2.690369832574101,-4.440892098500626e-16,0.3333333333333333,-2.690369832574101,-4.440892098500626e-16,0.6666666666666666,-2.690369832574101,-4.440892098500626e-16
hard_ood_40pct,79,safe_multisource_novelty_band,40,58,3,35.0,2,0.6666666666666666,-2.690369832574101,-4.440892098500626e-16,0.6666666666666666,-2.690369832574101,-4.440892098500626e-16,0.6666666666666666,-2.690369832574101,-4.440892098500626e-16
hard_ood_40pct,80,uniform_random,40,58,3,3.0,18,0.0,-3.0296531237699065,0.33928329119580525,0.3333333333333333,-2.903089986991944,0.21272015441784298,0.3333333333333333,-2.903089986991944,0.21272015441784298
hard_ood_40pct,80,composition_novelty,40,58,3,14.0,7,0.3333333333333333,-2.690369832574101,-4.440892098500626e-16,0.3333333333333333,-2.690369832574101,-4.440892098500626e-16,0.6666666666666666,-2.690369832574101,-4.440892098500626e-16
hard_ood_40pct,80,safe_target_novelty,40,58,3,3.0,18,0.0,-3.987162775294828,1.2967929427207268,0.3333333333333333,-2.690369832574101,-4.440892098500626e-16,0.6666666666666666,-2.690369832574101,-4.440892098500626e-16
hard_ood_40pct,80,obelix_same_property_static,40,58,3,38.0,2,0.6666666666666666,-2.690369832574101,-4.440892098500626e-16,1.0,-2.690369832574101,-4.440892098500626e-16,1.0,-2.690369832574101,-4.440892098500626e-16
hard_ood_40pct,80,estm_transport_neighbor_static,40,58,3,51.0,1,1.0,-2.690369832574101,-4.440892098500626e-16,1.0,-2.690369832574101,-4.440892098500626e-16,1.0,-2.690369832574101,-4.440892098500626e-16
hard_ood_40pct,80,borg_mechanical_static_control,40,58,3,3.0,18,0.0,-3.8538719643217614,1.1635021317476602,0.3333333333333333,-2.903089986991944,0.21272015441784298,1.0,-2.690369832574101,-4.440892098500626e-16
hard_ood_40pct,80,ocx_catalysis_static_control,40,58,3,0.0,41,0.0,-3.0296531237699065,0.33928329119580525,0.0,-3.0296531237699065,0.33928329119580525,0.0,-3.0296531237699065,0.33928329119580525
hard_ood_40pct,80,shuffled_obelix_static_control,40,58,3,13.0,8,0.3333333333333333,-2.903089986991944,0.21272015441784298,0.3333333333333333,-2.903089986991944,0.21272015441784298,0.3333333333333333,-2.903089986991944,0.21272015441784298
hard_ood_40pct,80,safe_obelix_residual,40,58,3,3.0,18,0.0,-3.987162775294828,1.2967929427207268,0.3333333333333333,-2.903089986991944,0.21272015441784298,0.3333333333333333,-2.903089986991944,0.21272015441784298
hard_ood_40pct,80,safe_estm_residual,40,58,3,5.0,18,0.0,-3.987162775294828,1.2967929427207268,0.6666666666666666,-2.690369832574101,-4.440892098500626e-16,0.6666666666666666,-2.690369832574101,-4.440892098500626e-16
hard_ood_40pct,80,safe_borg_residual_control,40,58,3,15.0,8,0.3333333333333333,-2.690369832574101,-4.440892098500626e-16,0.6666666666666666,-2.690369832574101,-4.440892098500626e-16,0.6666666666666666,-2.690369832574101,-4.440892098500626e-16
hard_ood_40pct,80,safe_ocx_residual_control,40,58,3,0.0,37,0.0,-3.987162775294828,1.2967929427207268,0.0,-3.0296531237699065,0.33928329119580525,0.3333333333333333,-2.690369832574101,-4.440892098500626e-16
hard_ood_40pct,80,safe_shuffled_obelix_control,40,58,3,2.0,19,0.0,-3.987162775294828,1.2967929427207268,0.3333333333333333,-2.903089986991944,0.21272015441784298,0.3333333333333333,-2.903089986991944,0.21272015441784298
hard_ood_40pct,80,safe_multisource_residual,40,58,3,8.0,14,0.0,-3.987162775294828,1.2967929427207268,0.6666666666666666,-2.690369832574101,-4.440892098500626e-16,0.6666666666666666,-2.690369832574101,-4.440892098500626e-16
hard_ood_40pct,80,safe_multisource_novelty_band,40,58,3,0.0,30,0.0,-3.0296531237699065,0.33928329119580525,0.0,-3.0296531237699065,0.33928329119580525,0.6666666666666666,-2.690369832574101,-4.440892098500626e-16
hard_ood_40pct,81,uniform_random,40,58,3,0.0,30,0.0,-3.0963674839157624,0.4059976513416612,0.0,-3.0963674839157624,0.4059976513416612,0.3333333333333333,-2.690369832574101,-4.440892098500626e-16
hard_ood_40pct,81,composition_novelty,40,58,3,18.0,3,0.3333333333333333,-2.690369832574101,-4.440892098500626e-16,0.3333333333333333,-2.690369832574101,-4.440892098500626e-16,0.6666666666666666,-2.690369832574101,-4.440892098500626e-16
hard_ood_40pct,81,safe_target_novelty,40,58,3,19.0,2,0.3333333333333333,-2.690369832574101,-4.440892098500626e-16,0.3333333333333333,-2.690369832574101,-4.440892098500626e-16,0.3333333333333333,-2.690369832574101,-4.440892098500626e-16
hard_ood_40pct,81,obelix_same_property_static,40,58,3,38.0,2,0.6666666666666666,-2.690369832574101,-4.440892098500626e-16,1.0,-2.690369832574101,-4.440892098500626e-16,1.0,-2.690369832574101,-4.440892098500626e-16
hard_ood_40pct,81,estm_transport_neighbor_static,40,58,3,51.0,1,1.0,-2.690369832574101,-4.440892098500626e-16,1.0,-2.690369832574101,-4.440892098500626e-16,1.0,-2.690369832574101,-4.440892098500626e-16
hard_ood_40pct,81,borg_mechanical_static_control,40,58,3,3.0,18,0.0,-3.8538719643217614,1.1635021317476602,0.3333333333333333,-2.903089986991944,0.21272015441784298,1.0,-2.690369832574101,-4.440892098500626e-16
hard_ood_40pct,81,ocx_catalysis_static_control,40,58,3,0.0,41,0.0,-3.0296531237699065,0.33928329119580525,0.0,-3.0296531237699065,0.33928329119580525,0.0,-3.0296531237699065,0.33928329119580525
hard_ood_40pct,81,shuffled_obelix_static_control,40,58,3,16.0,5,0.3333333333333333,-2.903089986991944,0.21272015441784298,0.3333333333333333,-2.903089986991944,0.21272015441784298,1.0,-2.690369832574101,-4.440892098500626e-16
hard_ood_40pct,81,safe_obelix_residual,40,58,3,26.0,1,0.3333333333333333,-2.690369832574101,-4.440892098500626e-16,0.6666666666666666,-2.690369832574101,-4.440892098500626e-16,0.6666666666666666,-2.690369832574101,-4.440892098500626e-16
hard_ood_40pct,81,safe_estm_residual,40,58,3,19.0,2,0.3333333333333333,-2.690369832574101,-4.440892098500626e-16,0.3333333333333333,-2.690369832574101,-4.440892098500626e-16,0.3333333333333333,-2.690369832574101,-4.440892098500626e-16
hard_ood_40pct,81,safe_borg_residual_control,40,58,3,19.0,2,0.3333333333333333,-2.690369832574101,-4.440892098500626e-16,0.3333333333333333,-2.690369832574101,-4.440892098500626e-16,0.3333333333333333,-2.690369832574101,-4.440892098500626e-16
hard_ood_40pct,81,safe_ocx_residual_control,40,58,3,19.0,2,0.3333333333333333,-2.690369832574101,-4.440892098500626e-16,0.3333333333333333,-2.690369832574101,-4.440892098500626e-16,0.3333333333333333,-2.690369832574101,-4.440892098500626e-16
hard_ood_40pct,81,safe_shuffled_obelix_control,40,58,3,19.0,2,0.3333333333333333,-2.690369832574101,-4.440892098500626e-16,0.3333333333333333,-2.690369832574101,-4.440892098500626e-16,0.3333333333333333,-2.690369832574101,-4.440892098500626e-16
hard_ood_40pct,81,safe_multisource_residual,40,58,3,29.0,2,0.3333333333333333,-2.690369832574101,-4.440892098500626e-16,0.6666666666666666,-2.690369832574101,-4.440892098500626e-16,0.6666666666666666,-2.690369832574101,-4.440892098500626e-16
hard_ood_40pct,81,safe_multisource_novelty_band,40,58,3,29.0,2,0.3333333333333333,-2.690369832574101,-4.440892098500626e-16,0.6666666666666666,-2.690369832574101,-4.440892098500626e-16,0.6666666666666666,-2.690369832574101,-4.440892098500626e-16
hard_ood_40pct,82,uniform_random,40,58,3,0.0,22,0.0,-5.154901959985743,2.464532127411642,0.0,-3.05453141486818,0.3641615822940789,1.0,-2.690369832574101,-4.440892098500626e-16
hard_ood_40pct,82,composition_novelty,40,58,3,19.0,3,0.3333333333333333,-2.690369832574101,-4.440892098500626e-16,0.6666666666666666,-2.690369832574101,-4.440892098500626e-16,0.6666666666666666,-2.690369832574101,-4.440892098500626e-16
hard_ood_40pct,82,safe_target_novelty,40,58,3,22.0,3,0.3333333333333333,-3.022733787572707,0.33236395499860594,0.6666666666666666,-2.690369832574101,-4.440892098500626e-16,0.6666666666666666,-2.690369832574101,-4.440892098500626e-16
hard_ood_40pct,82,obelix_same_property_static,40,58,3,38.0,2,0.6666666666666666,-2.690369832574101,-4.440892098500626e-16,1.0,-2.690369832574101,-4.440892098500626e-16,1.0,-2.690369832574101,-4.440892098500626e-16
hard_ood_40pct,82,estm_transport_neighbor_static,40,58,3,51.0,1,1.0,-2.690369832574101,-4.440892098500626e-16,1.0,-2.690369832574101,-4.440892098500626e-16,1.0,-2.690369832574101,-4.440892098500626e-16
hard_ood_40pct,82,borg_mechanical_static_control,40,58,3,3.0,18,0.0,-3.8538719643217614,1.1635021317476602,0.3333333333333333,-2.903089986991944,0.21272015441784298,1.0,-2.690369832574101,-4.440892098500626e-16
hard_ood_40pct,82,ocx_catalysis_static_control,40,58,3,0.0,41,0.0,-3.0296531237699065,0.33928329119580525,0.0,-3.0296531237699065,0.33928329119580525,0.0,-3.0296531237699065,0.33928329119580525
hard_ood_40pct,82,shuffled_obelix_static_control,40,58,3,21.0,9,0.3333333333333333,-3.022733787572707,0.33236395499860594,0.6666666666666666,-2.903089986991944,0.21272015441784298,0.6666666666666666,-2.903089986991944,0.21272015441784298
hard_ood_40pct,82,safe_obelix_residual,40,58,3,20.0,3,0.3333333333333333,-3.022733787572707,0.33236395499860594,0.6666666666666666,-2.690369832574101,-4.440892098500626e-16,0.6666666666666666,-2.690369832574101,-4.440892098500626e-16
hard_ood_40pct,82,safe_estm_residual,40,58,3,22.0,3,0.3333333333333333,-3.022733787572707,0.33236395499860594,0.6666666666666666,-2.690369832574101,-4.440892098500626e-16,0.6666666666666666,-2.690369832574101,-4.440892098500626e-16
hard_ood_40pct,82,safe_borg_residual_control,40,58,3,25.0,3,0.3333333333333333,-3.022733787572707,0.33236395499860594,0.6666666666666666,-2.690369832574101,-4.440892098500626e-16,0.6666666666666666,-2.690369832574101,-4.440892098500626e-16
hard_ood_40pct,82,safe_ocx_residual_control,40,58,3,22.0,3,0.3333333333333333,-3.022733787572707,0.33236395499860594,0.6666666666666666,-2.690369832574101,-4.440892098500626e-16,0.6666666666666666,-2.690369832574101,-4.440892098500626e-16
hard_ood_40pct,82,safe_shuffled_obelix_control,40,58,3,22.0,3,0.3333333333333333,-3.022733787572707,0.33236395499860594,0.6666666666666666,-2.690369832574101,-4.440892098500626e-16,0.6666666666666666,-2.690369832574101,-4.440892098500626e-16
hard_ood_40pct,82,safe_multisource_residual,40,58,3,20.0,3,0.3333333333333333,-3.022733787572707,0.33236395499860594,0.6666666666666666,-2.690369832574101,-4.440892098500626e-16,0.6666666666666666,-2.690369832574101,-4.440892098500626e-16
hard_ood_40pct,82,safe_multisource_novelty_band,40,58,3,33.0,4,0.6666666666666666,-2.690369832574101,-4.440892098500626e-16,0.6666666666666666,-2.690369832574101,-4.440892098500626e-16,0.6666666666666666,-2.690369832574101,-4.440892098500626e-16
hard_ood_40pct,83,uniform_random,40,58,3,33.0,3,0.6666666666666666,-2.690369832574101,-4.440892098500626e-16,0.6666666666666666,-2.690369832574101,-4.440892098500626e-16,1.0,-2.690369832574101,-4.440892098500626e-16
hard_ood_40pct,83,composition_novelty,40,58,3,18.0,3,0.3333333333333333,-2.690369832574101,-4.440892098500626e-16,0.3333333333333333,-2.690369832574101,-4.440892098500626e-16,0.6666666666666666,-2.690369832574101,-4.440892098500626e-16
hard_ood_40pct,83,safe_target_novelty,40,58,3,21.0,4,0.3333333333333333,-2.690369832574101,-4.440892098500626e-16,0.6666666666666666,-2.690369832574101,-4.440892098500626e-16,0.6666666666666666,-2.690369832574101,-4.440892098500626e-16
hard_ood_40pct,83,obelix_same_property_static,40,58,3,38.0,2,0.6666666666666666,-2.690369832574101,-4.440892098500626e-16,1.0,-2.690369832574101,-4.440892098500626e-16,1.0,-2.690369832574101,-4.440892098500626e-16
hard_ood_40pct,83,estm_transport_neighbor_static,40,58,3,51.0,1,1.0,-2.690369832574101,-4.440892098500626e-16,1.0,-2.690369832574101,-4.440892098500626e-16,1.0,-2.690369832574101,-4.440892098500626e-16
hard_ood_40pct,83,borg_mechanical_static_control,40,58,3,3.0,18,0.0,-3.8538719643217614,1.1635021317476602,0.3333333333333333,-2.903089986991944,0.21272015441784298,1.0,-2.690369832574101,-4.440892098500626e-16
hard_ood_40pct,83,ocx_catalysis_static_control,40,58,3,0.0,41,0.0,-3.0296531237699065,0.33928329119580525,0.0,-3.0296531237699065,0.33928329119580525,0.0,-3.0296531237699065,0.33928329119580525
hard_ood_40pct,83,shuffled_obelix_static_control,40,58,3,0.0,37,0.0,-3.0296531237699065,0.33928329119580525,0.0,-3.0296531237699065,0.33928329119580525,0.6666666666666666,-2.690369832574101,-4.440892098500626e-16
hard_ood_40pct,83,safe_obelix_residual,40,58,3,21.0,4,0.3333333333333333,-2.690369832574101,-4.440892098500626e-16,0.6666666666666666,-2.690369832574101,-4.440892098500626e-16,0.6666666666666666,-2.690369832574101,-4.440892098500626e-16
hard_ood_40pct,83,safe_estm_residual,40,58,3,24.0,4,0.3333333333333333,-2.690369832574101,-4.440892098500626e-16,0.6666666666666666,-2.690369832574101,-4.440892098500626e-16,0.6666666666666666,-2.690369832574101,-4.440892098500626e-16
hard_ood_40pct,83,safe_borg_residual_control,40,58,3,19.0,4,0.3333333333333333,-2.690369832574101,-4.440892098500626e-16,0.6666666666666666,-2.690369832574101,-4.440892098500626e-16,0.6666666666666666,-2.690369832574101,-4.440892098500626e-16
hard_ood_40pct,83,safe_ocx_residual_control,40,58,3,17.0,4,0.3333333333333333,-2.690369832574101,-4.440892098500626e-16,0.3333333333333333,-2.690369832574101,-4.440892098500626e-16,0.3333333333333333,-2.690369832574101,-4.440892098500626e-16
hard_ood_40pct,83,safe_shuffled_obelix_control,40,58,3,0.0,33,0.0,-3.0963674839157624,0.4059976513416612,0.0,-3.0296531237699065,0.33928329119580525,0.3333333333333333,-3.022733787572707,0.33236395499860594
hard_ood_40pct,83,safe_multisource_residual,40,58,3,1.0,20,0.0,-3.0963674839157624,0.4059976513416612,0.3333333333333333,-2.903089986991944,0.21272015441784298,0.3333333333333333,-2.903089986991944,0.21272015441784298
hard_ood_40pct,83,safe_multisource_novelty_band,40,58,3,14.0,7,0.3333333333333333,-2.690369832574101,-4.440892098500626e-16,0.3333333333333333,-2.690369832574101,-4.440892098500626e-16,0.3333333333333333,-2.690369832574101,-4.440892098500626e-16
hard_ood_40pct,84,uniform_random,40,58,3,54.0,1,1.0,-2.690369832574101,-4.440892098500626e-16,1.0,-2.690369832574101,-4.440892098500626e-16,1.0,-2.690369832574101,-4.440892098500626e-16
hard_ood_40pct,84,composition_novelty,40,58,3,18.0,3,0.3333333333333333,-2.690369832574101,-4.440892098500626e-16,0.3333333333333333,-2.690369832574101,-4.440892098500626e-16,0.6666666666666666,-2.690369832574101,-4.440892098500626e-16
hard_ood_40pct,84,safe_target_novelty,40,58,3,15.0,6,0.3333333333333333,-2.690369832574101,-4.440892098500626e-16,0.3333333333333333,-2.690369832574101,-4.440892098500626e-16,0.3333333333333333,-2.690369832574101,-4.440892098500626e-16
hard_ood_40pct,84,obelix_same_property_static,40,58,3,38.0,2,0.6666666666666666,-2.690369832574101,-4.440892098500626e-16,1.0,-2.690369832574101,-4.440892098500626e-16,1.0,-2.690369832574101,-4.440892098500626e-16
hard_ood_40pct,84,estm_transport_neighbor_static,40,58,3,51.0,1,1.0,-2.690369832574101,-4.440892098500626e-16,1.0,-2.690369832574101,-4.440892098500626e-16,1.0,-2.690369832574101,-4.440892098500626e-16
hard_ood_40pct,84,borg_mechanical_static_control,40,58,3,3.0,18,0.0,-3.8538719643217614,1.1635021317476602,0.3333333333333333,-2.903089986991944,0.21272015441784298,1.0,-2.690369832574101,-4.440892098500626e-16
hard_ood_40pct,84,ocx_catalysis_static_control,40,58,3,0.0,41,0.0,-3.0296531237699065,0.33928329119580525,0.0,-3.0296531237699065,0.33928329119580525,0.0,-3.0296531237699065,0.33928329119580525
hard_ood_40pct,84,shuffled_obelix_static_control,40,58,3,44.0,1,0.6666666666666666,-2.690369832574101,-4.440892098500626e-16,1.0,-2.690369832574101,-4.440892098500626e-16,1.0,-2.690369832574101,-4.440892098500626e-16
hard_ood_40pct,84,safe_obelix_residual,40,58,3,15.0,6,0.3333333333333333,-2.690369832574101,-4.440892098500626e-16,0.3333333333333333,-2.690369832574101,-4.440892098500626e-16,0.3333333333333333,-2.690369832574101,-4.440892098500626e-16
hard_ood_40pct,84,safe_estm_residual,40,58,3,15.0,6,0.3333333333333333,-2.690369832574101,-4.440892098500626e-16,0.3333333333333333,-2.690369832574101,-4.440892098500626e-16,0.3333333333333333,-2.690369832574101,-4.440892098500626e-16
hard_ood_40pct,84,safe_borg_residual_control,40,58,3,15.0,6,0.3333333333333333,-2.690369832574101,-4.440892098500626e-16,0.3333333333333333,-2.690369832574101,-4.440892098500626e-16,0.3333333333333333,-2.690369832574101,-4.440892098500626e-16
hard_ood_40pct,84,safe_ocx_residual_control,40,58,3,15.0,6,0.3333333333333333,-2.690369832574101,-4.440892098500626e-16,0.3333333333333333,-2.690369832574101,-4.440892098500626e-16,0.3333333333333333,-2.690369832574101,-4.440892098500626e-16
hard_ood_40pct,84,safe_shuffled_obelix_control,40,58,3,15.0,6,0.3333333333333333,-2.690369832574101,-4.440892098500626e-16,0.3333333333333333,-2.690369832574101,-4.440892098500626e-16,0.3333333333333333,-2.690369832574101,-4.440892098500626e-16
hard_ood_40pct,84,safe_multisource_residual,40,58,3,15.0,6,0.3333333333333333,-2.690369832574101,-4.440892098500626e-16,0.3333333333333333,-2.690369832574101,-4.440892098500626e-16,0.6666666666666666,-2.690369832574101,-4.440892098500626e-16
hard_ood_40pct,84,safe_multisource_novelty_band,40,58,3,22.0,9,0.3333333333333333,-2.690369832574101,-4.440892098500626e-16,0.6666666666666666,-2.690369832574101,-4.440892098500626e-16,0.6666666666666666,-2.690369832574101,-4.440892098500626e-16
hard_ood_40pct,85,uniform_random,40,58,3,14.0,7,0.3333333333333333,-2.903089986991944,0.21272015441784298,0.3333333333333333,-2.903089986991944,0.21272015441784298,0.3333333333333333,-2.903089986991944,0.21272015441784298
hard_ood_40pct,85,composition_novelty,40,58,3,19.0,3,0.3333333333333333,-2.690369832574101,-4.440892098500626e-16,0.6666666666666666,-2.690369832574101,-4.440892098500626e-16,0.6666666666666666,-2.690369832574101,-4.440892098500626e-16
hard_ood_40pct,85,safe_target_novelty,40,58,3,17.0,4,0.3333333333333333,-2.690369832574101,-4.440892098500626e-16,0.3333333333333333,-2.690369832574101,-4.440892098500626e-16,0.6666666666666666,-2.690369832574101,-4.440892098500626e-16
hard_ood_40pct,85,obelix_same_property_static,40,58,3,38.0,2,0.6666666666666666,-2.690369832574101,-4.440892098500626e-16,1.0,-2.690369832574101,-4.440892098500626e-16,1.0,-2.690369832574101,-4.440892098500626e-16
hard_ood_40pct,85,estm_transport_neighbor_static,40,58,3,51.0,1,1.0,-2.690369832574101,-4.440892098500626e-16,1.0,-2.690369832574101,-4.440892098500626e-16,1.0,-2.690369832574101,-4.440892098500626e-16
hard_ood_40pct,85,borg_mechanical_static_control,40,58,3,3.0,18,0.0,-3.8538719643217614,1.1635021317476602,0.3333333333333333,-2.903089986991944,0.21272015441784298,1.0,-2.690369832574101,-4.440892098500626e-16
hard_ood_40pct,85,ocx_catalysis_static_control,40,58,3,0.0,41,0.0,-3.0296531237699065,0.33928329119580525,0.0,-3.0296531237699065,0.33928329119580525,0.0,-3.0296531237699065,0.33928329119580525
hard_ood_40pct,85,shuffled_obelix_static_control,40,58,3,4.0,17,0.0,-3.3809643969347203,0.6905945643606191,0.3333333333333333,-2.690369832574101,-4.440892098500626e-16,0.6666666666666666,-2.690369832574101,-4.440892098500626e-16
hard_ood_40pct,85,safe_obelix_residual,40,58,3,2.0,19,0.0,-3.0296531237699065,0.33928329119580525,0.3333333333333333,-3.022733787572707,0.33236395499860594,0.3333333333333333,-3.022733787572707,0.33236395499860594
hard_ood_40pct,85,safe_estm_residual,40,58,3,4.0,17,0.0,-3.0296531237699065,0.33928329119580525,0.3333333333333333,-3.022733787572707,0.33236395499860594,0.3333333333333333,-3.022733787572707,0.33236395499860594
hard_ood_40pct,85,safe_borg_residual_control,40,58,3,17.0,4,0.3333333333333333,-2.690369832574101,-4.440892098500626e-16,0.3333333333333333,-2.690369832574101,-4.440892098500626e-16,0.6666666666666666,-2.690369832574101,-4.440892098500626e-16
hard_ood_40pct,85,safe_ocx_residual_control,40,58,3,17.0,4,0.3333333333333333,-2.690369832574101,-4.440892098500626e-16,0.3333333333333333,-2.690369832574101,-4.440892098500626e-16,0.6666666666666666,-2.690369832574101,-4.440892098500626e-16
hard_ood_40pct,85,safe_shuffled_obelix_control,40,58,3,17.0,4,0.3333333333333333,-2.690369832574101,-4.440892098500626e-16,0.3333333333333333,-2.690369832574101,-4.440892098500626e-16,0.3333333333333333,-2.690369832574101,-4.440892098500626e-16
hard_ood_40pct,85,safe_multisource_residual,40,58,3,20.0,10,0.3333333333333333,-2.690369832574101,-4.440892098500626e-16,0.6666666666666666,-2.690369832574101,-4.440892098500626e-16,0.6666666666666666,-2.690369832574101,-4.440892098500626e-16
hard_ood_40pct,85,safe_multisource_novelty_band,40,58,3,29.0,6,0.6666666666666666,-2.690369832574101,-4.440892098500626e-16,0.6666666666666666,-2.690369832574101,-4.440892098500626e-16,0.6666666666666666,-2.690369832574101,-4.440892098500626e-16
hard_ood_40pct,86,uniform_random,40,58,3,7.0,14,0.0,-4.129011186239425,1.4386413536653238,0.3333333333333333,-3.022733787572707,0.33236395499860594,1.0,-2.690369832574101,-4.440892098500626e-16
hard_ood_40pct,86,composition_novelty,40,58,3,14.0,7,0.3333333333333333,-2.690369832574101,-4.440892098500626e-16,0.3333333333333333,-2.690369832574101,-4.440892098500626e-16,0.6666666666666666,-2.690369832574101,-4.440892098500626e-16
hard_ood_40pct,86,safe_target_novelty,40,58,3,14.0,7,0.3333333333333333,-2.690369832574101,-4.440892098500626e-16,0.3333333333333333,-2.690369832574101,-4.440892098500626e-16,0.6666666666666666,-2.690369832574101,-4.440892098500626e-16
hard_ood_40pct,86,obelix_same_property_static,40,58,3,38.0,2,0.6666666666666666,-2.690369832574101,-4.440892098500626e-16,1.0,-2.690369832574101,-4.440892098500626e-16,1.0,-2.690369832574101,-4.440892098500626e-16
hard_ood_40pct,86,estm_transport_neighbor_static,40,58,3,51.0,1,1.0,-2.690369832574101,-4.440892098500626e-16,1.0,-2.690369832574101,-4.440892098500626e-16,1.0,-2.690369832574101,-4.440892098500626e-16
hard_ood_40pct,86,borg_mechanical_static_control,40,58,3,3.0,18,0.0,-3.8538719643217614,1.1635021317476602,0.3333333333333333,-2.903089986991944,0.21272015441784298,1.0,-2.690369832574101,-4.440892098500626e-16
hard_ood_40pct,86,ocx_catalysis_static_control,40,58,3,0.0,41,0.0,-3.0296531237699065,0.33928329119580525,0.0,-3.0296531237699065,0.33928329119580525,0.0,-3.0296531237699065,0.33928329119580525
hard_ood_40pct,86,shuffled_obelix_static_control,40,58,3,17.0,4,0.3333333333333333,-3.022733787572707,0.33236395499860594,0.3333333333333333,-3.022733787572707,0.33236395499860594,1.0,-2.690369832574101,-4.440892098500626e-16
hard_ood_40pct,86,safe_obelix_residual,40,58,3,15.0,6,0.3333333333333333,-2.690369832574101,-4.440892098500626e-16,0.3333333333333333,-2.690369832574101,-4.440892098500626e-16,0.6666666666666666,-2.690369832574101,-4.440892098500626e-16
hard_ood_40pct,86,safe_estm_residual,40,58,3,17.0,4,0.3333333333333333,-2.690369832574101,-4.440892098500626e-16,0.3333333333333333,-2.690369832574101,-4.440892098500626e-16,0.6666666666666666,-2.690369832574101,-4.440892098500626e-16
hard_ood_40pct,86,safe_borg_residual_control,40,58,3,17.0,4,0.3333333333333333,-2.690369832574101,-4.440892098500626e-16,0.3333333333333333,-2.690369832574101,-4.440892098500626e-16,0.6666666666666666,-2.690369832574101,-4.440892098500626e-16
hard_ood_40pct,86,safe_ocx_residual_control,40,58,3,17.0,4,0.3333333333333333,-2.690369832574101,-4.440892098500626e-16,0.3333333333333333,-2.690369832574101,-4.440892098500626e-16,0.6666666666666666,-2.690369832574101,-4.440892098500626e-16
hard_ood_40pct,86,safe_shuffled_obelix_control,40,58,3,17.0,4,0.3333333333333333,-2.690369832574101,-4.440892098500626e-16,0.3333333333333333,-2.690369832574101,-4.440892098500626e-16,0.6666666666666666,-2.690369832574101,-4.440892098500626e-16
hard_ood_40pct,86,safe_multisource_residual,40,58,3,16.0,5,0.3333333333333333,-2.690369832574101,-4.440892098500626e-16,0.3333333333333333,-2.690369832574101,-4.440892098500626e-16,0.6666666666666666,-2.690369832574101,-4.440892098500626e-16
hard_ood_40pct,86,safe_multisource_novelty_band,40,58,3,11.0,10,0.3333333333333333,-2.690369832574101,-4.440892098500626e-16,0.3333333333333333,-2.690369832574101,-4.440892098500626e-16,0.6666666666666666,-2.690369832574101,-4.440892098500626e-16
hard_ood_40pct,87,uniform_random,40,58,3,15.0,6,0.3333333333333333,-2.903089986991944,0.21272015441784298,0.3333333333333333,-2.903089986991944,0.21272015441784298,0.6666666666666666,-2.903089986991944,0.21272015441784298
hard_ood_40pct,87,composition_novelty,40,58,3,19.0,3,0.3333333333333333,-2.690369832574101,-4.440892098500626e-16,0.6666666666666666,-2.690369832574101,-4.440892098500626e-16,0.6666666666666666,-2.690369832574101,-4.440892098500626e-16
hard_ood_40pct,87,safe_target_novelty,40,58,3,20.0,1,0.3333333333333333,-2.690369832574101,-4.440892098500626e-16,0.3333333333333333,-2.690369832574101,-4.440892098500626e-16,0.3333333333333333,-2.690369832574101,-4.440892098500626e-16
hard_ood_40pct,87,obelix_same_property_static,40,58,3,38.0,2,0.6666666666666666,-2.690369832574101,-4.440892098500626e-16,1.0,-2.690369832574101,-4.440892098500626e-16,1.0,-2.690369832574101,-4.440892098500626e-16
hard_ood_40pct,87,estm_transport_neighbor_static,40,58,3,51.0,1,1.0,-2.690369832574101,-4.440892098500626e-16,1.0,-2.690369832574101,-4.440892098500626e-16,1.0,-2.690369832574101,-4.440892098500626e-16
hard_ood_40pct,87,borg_mechanical_static_control,40,58,3,3.0,18,0.0,-3.8538719643217614,1.1635021317476602,0.3333333333333333,-2.903089986991944,0.21272015441784298,1.0,-2.690369832574101,-4.440892098500626e-16
hard_ood_40pct,87,ocx_catalysis_static_control,40,58,3,0.0,41,0.0,-3.0296531237699065,0.33928329119580525,0.0,-3.0296531237699065,0.33928329119580525,0.0,-3.0296531237699065,0.33928329119580525
hard_ood_40pct,87,shuffled_obelix_static_control,40,58,3,0.0,25,0.0,-4.471083299722345,1.7807134671482436,0.0,-3.0963674839157624,0.4059976513416612,0.6666666666666666,-2.903089986991944,0.21272015441784298
hard_ood_40pct,87,safe_obelix_residual,40,58,3,20.0,1,0.3333333333333333,-2.690369832574101,-4.440892098500626e-16,0.3333333333333333,-2.690369832574101,-4.440892098500626e-16,0.3333333333333333,-2.690369832574101,-4.440892098500626e-16
hard_ood_40pct,87,safe_estm_residual,40,58,3,20.0,1,0.3333333333333333,-2.690369832574101,-4.440892098500626e-16,0.3333333333333333,-2.690369832574101,-4.440892098500626e-16,0.3333333333333333,-2.690369832574101,-4.440892098500626e-16
hard_ood_40pct,87,safe_borg_residual_control,40,58,3,20.0,1,0.3333333333333333,-2.690369832574101,-4.440892098500626e-16,0.3333333333333333,-2.690369832574101,-4.440892098500626e-16,0.3333333333333333,-2.690369832574101,-4.440892098500626e-16
hard_ood_40pct,87,safe_ocx_residual_control,40,58,3,20.0,1,0.3333333333333333,-2.690369832574101,-4.440892098500626e-16,0.3333333333333333,-2.690369832574101,-4.440892098500626e-16,0.3333333333333333,-2.690369832574101,-4.440892098500626e-16
hard_ood_40pct,87,safe_shuffled_obelix_control,40,58,3,20.0,1,0.3333333333333333,-2.690369832574101,-4.440892098500626e-16,0.3333333333333333,-2.690369832574101,-4.440892098500626e-16,0.3333333333333333,-2.690369832574101,-4.440892098500626e-16
hard_ood_40pct,87,safe_multisource_residual,40,58,3,20.0,1,0.3333333333333333,-2.690369832574101,-4.440892098500626e-16,0.3333333333333333,-2.690369832574101,-4.440892098500626e-16,0.3333333333333333,-2.690369832574101,-4.440892098500626e-16
hard_ood_40pct,87,safe_multisource_novelty_band,40,58,3,32.0,3,0.6666666666666666,-2.690369832574101,-4.440892098500626e-16,0.6666666666666666,-2.690369832574101,-4.440892098500626e-16,0.6666666666666666,-2.690369832574101,-4.440892098500626e-16
hard_ood_40pct,88,uniform_random,40,58,3,0.0,22,0.0,-3.05453141486818,0.3641615822940789,0.0,-3.05453141486818,0.3641615822940789,0.6666666666666666,-2.690369832574101,-4.440892098500626e-16
hard_ood_40pct,88,composition_novelty,40,58,3,21.0,3,0.3333333333333333,-2.690369832574101,-4.440892098500626e-16,0.6666666666666666,-2.690369832574101,-4.440892098500626e-16,0.6666666666666666,-2.690369832574101,-4.440892098500626e-16
hard_ood_40pct,88,safe_target_novelty,40,58,3,8.0,13,0.0,-3.0296531237699065,0.33928329119580525,0.3333333333333333,-3.022733787572707,0.33236395499860594,0.6666666666666666,-2.690369832574101,-4.440892098500626e-16
hard_ood_40pct,88,obelix_same_property_static,40,58,3,38.0,2,0.6666666666666666,-2.690369832574101,-4.440892098500626e-16,1.0,-2.690369832574101,-4.440892098500626e-16,1.0,-2.690369832574101,-4.440892098500626e-16
hard_ood_40pct,88,estm_transport_neighbor_static,40,58,3,51.0,1,1.0,-2.690369832574101,-4.440892098500626e-16,1.0,-2.690369832574101,-4.440892098500626e-16,1.0,-2.690369832574101,-4.440892098500626e-16
hard_ood_40pct,88,borg_mechanical_static_control,40,58,3,3.0,18,0.0,-3.8538719643217614,1.1635021317476602,0.3333333333333333,-2.903089986991944,0.21272015441784298,1.0,-2.690369832574101,-4.440892098500626e-16
hard_ood_40pct,88,ocx_catalysis_static_control,40,58,3,0.0,41,0.0,-3.0296531237699065,0.33928329119580525,0.0,-3.0296531237699065,0.33928329119580525,0.0,-3.0296531237699065,0.33928329119580525
hard_ood_40pct,88,shuffled_obelix_static_control,40,58,3,13.0,8,0.3333333333333333,-2.903089986991944,0.21272015441784298,0.3333333333333333,-2.903089986991944,0.21272015441784298,0.6666666666666666,-2.903089986991944,0.21272015441784298
hard_ood_40pct,88,safe_obelix_residual,40,58,3,4.0,17,0.0,-3.0296531237699065,0.33928329119580525,0.3333333333333333,-3.022733787572707,0.33236395499860594,0.6666666666666666,-2.690369832574101,-4.440892098500626e-16
hard_ood_40pct,88,safe_estm_residual,40,58,3,8.0,13,0.0,-3.0296531237699065,0.33928329119580525,0.3333333333333333,-3.022733787572707,0.33236395499860594,0.6666666666666666,-2.690369832574101,-4.440892098500626e-16
hard_ood_40pct,88,safe_borg_residual_control,40,58,3,8.0,13,0.0,-3.0296531237699065,0.33928329119580525,0.3333333333333333,-3.022733787572707,0.33236395499860594,0.3333333333333333,-3.022733787572707,0.33236395499860594
hard_ood_40pct,88,safe_ocx_residual_control,40,58,3,8.0,13,0.0,-3.0296531237699065,0.33928329119580525,0.3333333333333333,-3.022733787572707,0.33236395499860594,0.6666666666666666,-2.690369832574101,-4.440892098500626e-16
hard_ood_40pct,88,safe_shuffled_obelix_control,40,58,3,8.0,13,0.0,-3.0296531237699065,0.33928329119580525,0.3333333333333333,-3.022733787572707,0.33236395499860594,0.6666666666666666,-2.690369832574101,-4.440892098500626e-16
hard_ood_40pct,88,safe_multisource_residual,40,58,3,32.0,2,0.6666666666666666,-2.690369832574101,-4.440892098500626e-16,0.6666666666666666,-2.690369832574101,-4.440892098500626e-16,0.6666666666666666,-2.690369832574101,-4.440892098500626e-16
hard_ood_40pct,88,safe_multisource_novelty_band,40,58,3,30.0,5,0.6666666666666666,-2.690369832574101,-4.440892098500626e-16,0.6666666666666666,-2.690369832574101,-4.440892098500626e-16,0.6666666666666666,-2.690369832574101,-4.440892098500626e-16
hard_ood_40pct,89,uniform_random,40,58,3,0.0,31,0.0,-3.8538719643217614,1.1635021317476602,0.0,-3.0296531237699065,0.33928329119580525,1.0,-2.690369832574101,-4.440892098500626e-16
hard_ood_40pct,89,composition_novelty,40,58,3,19.0,2,0.3333333333333333,-2.690369832574101,-4.440892098500626e-16,0.3333333333333333,-2.690369832574101,-4.440892098500626e-16,0.6666666666666666,-2.690369832574101,-4.440892098500626e-16
hard_ood_40pct,89,safe_target_novelty,40,58,3,21.0,1,0.3333333333333333,-2.690369832574101,-4.440892098500626e-16,0.6666666666666666,-2.690369832574101,-4.440892098500626e-16,0.6666666666666666,-2.690369832574101,-4.440892098500626e-16
hard_ood_40pct,89,obelix_same_property_static,40,58,3,38.0,2,0.6666666666666666,-2.690369832574101,-4.440892098500626e-16,1.0,-2.690369832574101,-4.440892098500626e-16,1.0,-2.690369832574101,-4.440892098500626e-16
hard_ood_40pct,89,estm_transport_neighbor_static,40,58,3,51.0,1,1.0,-2.690369832574101,-4.440892098500626e-16,1.0,-2.690369832574101,-4.440892098500626e-16,1.0,-2.690369832574101,-4.440892098500626e-16
hard_ood_40pct,89,borg_mechanical_static_control,40,58,3,3.0,18,0.0,-3.8538719643217614,1.1635021317476602,0.3333333333333333,-2.903089986991944,0.21272015441784298,1.0,-2.690369832574101,-4.440892098500626e-16
hard_ood_40pct,89,ocx_catalysis_static_control,40,58,3,0.0,41,0.0,-3.0296531237699065,0.33928329119580525,0.0,-3.0296531237699065,0.33928329119580525,0.0,-3.0296531237699065,0.33928329119580525
hard_ood_40pct,89,shuffled_obelix_static_control,40,58,3,0.0,23,0.0,-3.11747546204512,0.42710562947101893,0.0,-3.11747546204512,0.42710562947101893,0.6666666666666666,-2.903089986991944,0.21272015441784298
hard_ood_40pct,89,safe_obelix_residual,40,58,3,24.0,1,0.3333333333333333,-2.690369832574101,-4.440892098500626e-16,0.6666666666666666,-2.690369832574101,-4.440892098500626e-16,0.6666666666666666,-2.690369832574101,-4.440892098500626e-16
hard_ood_40pct,89,safe_estm_residual,40,58,3,20.0,1,0.3333333333333333,-2.690369832574101,-4.440892098500626e-16,0.3333333333333333,-2.690369832574101,-4.440892098500626e-16,0.6666666666666666,-2.690369832574101,-4.440892098500626e-16
hard_ood_40pct,89,safe_borg_residual_control,40,58,3,20.0,1,0.3333333333333333,-2.690369832574101,-4.440892098500626e-16,0.3333333333333333,-2.690369832574101,-4.440892098500626e-16,0.6666666666666666,-2.690369832574101,-4.440892098500626e-16
hard_ood_40pct,89,safe_ocx_residual_control,40,58,3,26.0,1,0.3333333333333333,-2.690369832574101,-4.440892098500626e-16,0.6666666666666666,-2.690369832574101,-4.440892098500626e-16,0.6666666666666666,-2.690369832574101,-4.440892098500626e-16
hard_ood_40pct,89,safe_shuffled_obelix_control,40,58,3,20.0,1,0.3333333333333333,-2.690369832574101,-4.440892098500626e-16,0.3333333333333333,-2.690369832574101,-4.440892098500626e-16,0.6666666666666666,-2.690369832574101,-4.440892098500626e-16
hard_ood_40pct,89,safe_multisource_residual,40,58,3,25.0,1,0.3333333333333333,-2.690369832574101,-4.440892098500626e-16,0.6666666666666666,-2.690369832574101,-4.440892098500626e-16,0.6666666666666666,-2.690369832574101,-4.440892098500626e-16
hard_ood_40pct,89,safe_multisource_novelty_band,40,58,3,2.0,19,0.0,-3.0296531237699065,0.33928329119580525,0.3333333333333333,-2.903089986991944,0.21272015441784298,0.3333333333333333,-2.903089986991944,0.21272015441784298
hard_ood_40pct,90,uniform_random,40,58,3,5.0,16,0.0,-3.05453141486818,0.3641615822940789,0.3333333333333333,-3.022733787572707,0.33236395499860594,1.0,-2.690369832574101,-4.440892098500626e-16
hard_ood_40pct,90,composition_novelty,40,58,3,20.0,3,0.3333333333333333,-2.690369832574101,-4.440892098500626e-16,0.6666666666666666,-2.690369832574101,-4.440892098500626e-16,0.6666666666666666,-2.690369832574101,-4.440892098500626e-16
hard_ood_40pct,90,safe_target_novelty,40,58,3,24.0,3,0.3333333333333333,-2.690369832574101,-4.440892098500626e-16,0.6666666666666666,-2.690369832574101,-4.440892098500626e-16,0.6666666666666666,-2.690369832574101,-4.440892098500626e-16
hard_ood_40pct,90,obelix_same_property_static,40,58,3,38.0,2,0.6666666666666666,-2.690369832574101,-4.440892098500626e-16,1.0,-2.690369832574101,-4.440892098500626e-16,1.0,-2.690369832574101,-4.440892098500626e-16
hard_ood_40pct,90,estm_transport_neighbor_static,40,58,3,51.0,1,1.0,-2.690369832574101,-4.440892098500626e-16,1.0,-2.690369832574101,-4.440892098500626e-16,1.0,-2.690369832574101,-4.440892098500626e-16
hard_ood_40pct,90,borg_mechanical_static_control,40,58,3,3.0,18,0.0,-3.8538719643217614,1.1635021317476602,0.3333333333333333,-2.903089986991944,0.21272015441784298,1.0,-2.690369832574101,-4.440892098500626e-16
hard_ood_40pct,90,ocx_catalysis_static_control,40,58,3,0.0,41,0.0,-3.0296531237699065,0.33928329119580525,0.0,-3.0296531237699065,0.33928329119580525,0.0,-3.0296531237699065,0.33928329119580525
hard_ood_40pct,90,shuffled_obelix_static_control,40,58,3,7.0,14,0.0,-3.05453141486818,0.3641615822940789,0.3333333333333333,-2.903089986991944,0.21272015441784298,0.3333333333333333,-2.903089986991944,0.21272015441784298
hard_ood_40pct,90,safe_obelix_residual,40,58,3,22.0,9,0.3333333333333333,-2.690369832574101,-4.440892098500626e-16,0.6666666666666666,-2.690369832574101,-4.440892098500626e-16,0.6666666666666666,-2.690369832574101,-4.440892098500626e-16
hard_ood_40pct,90,safe_estm_residual,40,58,3,24.0,3,0.3333333333333333,-2.690369832574101,-4.440892098500626e-16,0.6666666666666666,-2.690369832574101,-4.440892098500626e-16,0.6666666666666666,-2.690369832574101,-4.440892098500626e-16
hard_ood_40pct,90,safe_borg_residual_control,40,58,3,24.0,3,0.3333333333333333,-2.690369832574101,-4.440892098500626e-16,0.6666666666666666,-2.690369832574101,-4.440892098500626e-16,0.6666666666666666,-2.690369832574101,-4.440892098500626e-16
hard_ood_40pct,90,safe_ocx_residual_control,40,58,3,24.0,3,0.3333333333333333,-2.690369832574101,-4.440892098500626e-16,0.6666666666666666,-2.690369832574101,-4.440892098500626e-16,0.6666666666666666,-2.690369832574101,-4.440892098500626e-16
hard_ood_40pct,90,safe_shuffled_obelix_control,40,58,3,24.0,3,0.3333333333333333,-2.690369832574101,-4.440892098500626e-16,0.6666666666666666,-2.690369832574101,-4.440892098500626e-16,0.6666666666666666,-2.690369832574101,-4.440892098500626e-16
hard_ood_40pct,90,safe_multisource_residual,40,58,3,22.0,9,0.3333333333333333,-2.690369832574101,-4.440892098500626e-16,0.6666666666666666,-2.690369832574101,-4.440892098500626e-16,0.6666666666666666,-2.690369832574101,-4.440892098500626e-16
hard_ood_40pct,90,safe_multisource_novelty_band,40,58,3,33.0,4,0.6666666666666666,-2.690369832574101,-4.440892098500626e-16,0.6666666666666666,-2.690369832574101,-4.440892098500626e-16,0.6666666666666666,-2.690369832574101,-4.440892098500626e-16
hard_ood_40pct,91,uniform_random,40,58,3,6.0,15,0.0,-3.0296531237699065,0.33928329119580525,0.3333333333333333,-2.690369832574101,-4.440892098500626e-16,0.3333333333333333,-2.690369832574101,-4.440892098500626e-16
hard_ood_40pct,91,composition_novelty,40,58,3,18.0,3,0.3333333333333333,-2.690369832574101,-4.440892098500626e-16,0.3333333333333333,-2.690369832574101,-4.440892098500626e-16,0.6666666666666666,-2.690369832574101,-4.440892098500626e-16
hard_ood_40pct,91,safe_target_novelty,40,58,3,17.0,4,0.3333333333333333,-2.690369832574101,-4.440892098500626e-16,0.3333333333333333,-2.690369832574101,-4.440892098500626e-16,0.6666666666666666,-2.690369832574101,-4.440892098500626e-16
hard_ood_40pct,91,obelix_same_property_static,40,58,3,38.0,2,0.6666666666666666,-2.690369832574101,-4.440892098500626e-16,1.0,-2.690369832574101,-4.440892098500626e-16,1.0,-2.690369832574101,-4.440892098500626e-16
hard_ood_40pct,91,estm_transport_neighbor_static,40,58,3,51.0,1,1.0,-2.690369832574101,-4.440892098500626e-16,1.0,-2.690369832574101,-4.440892098500626e-16,1.0,-2.690369832574101,-4.440892098500626e-16
hard_ood_40pct,91,borg_mechanical_static_control,40,58,3,3.0,18,0.0,-3.8538719643217614,1.1635021317476602,0.3333333333333333,-2.903089986991944,0.21272015441784298,1.0,-2.690369832574101,-4.440892098500626e-16
hard_ood_40pct,91,ocx_catalysis_static_control,40,58,3,0.0,41,0.0,-3.0296531237699065,0.33928329119580525,0.0,-3.0296531237699065,0.33928329119580525,0.0,-3.0296531237699065,0.33928329119580525
hard_ood_40pct,91,shuffled_obelix_static_control,40,58,3,11.0,14,0.0,-3.0296531237699065,0.33928329119580525,0.6666666666666666,-2.690369832574101,-4.440892098500626e-16,1.0,-2.690369832574101,-4.440892098500626e-16
hard_ood_40pct,91,safe_obelix_residual,40,58,3,20.0,1,0.3333333333333333,-2.690369832574101,-4.440892098500626e-16,0.3333333333333333,-2.690369832574101,-4.440892098500626e-16,0.6666666666666666,-2.690369832574101,-4.440892098500626e-16
hard_ood_40pct,91,safe_estm_residual,40,58,3,17.0,4,0.3333333333333333,-2.690369832574101,-4.440892098500626e-16,0.3333333333333333,-2.690369832574101,-4.440892098500626e-16,0.3333333333333333,-2.690369832574101,-4.440892098500626e-16
hard_ood_40pct,91,safe_borg_residual_control,40,58,3,17.0,4,0.3333333333333333,-2.690369832574101,-4.440892098500626e-16,0.3333333333333333,-2.690369832574101,-4.440892098500626e-16,0.3333333333333333,-2.690369832574101,-4.440892098500626e-16
hard_ood_40pct,91,safe_ocx_residual_control,40,58,3,17.0,4,0.3333333333333333,-2.690369832574101,-4.440892098500626e-16,0.3333333333333333,-2.690369832574101,-4.440892098500626e-16,0.3333333333333333,-2.690369832574101,-4.440892098500626e-16
hard_ood_40pct,91,safe_shuffled_obelix_control,40,58,3,17.0,4,0.3333333333333333,-2.690369832574101,-4.440892098500626e-16,0.3333333333333333,-2.690369832574101,-4.440892098500626e-16,0.6666666666666666,-2.690369832574101,-4.440892098500626e-16
hard_ood_40pct,91,safe_multisource_residual,40,58,3,23.0,1,0.3333333333333333,-2.690369832574101,-4.440892098500626e-16,0.6666666666666666,-2.690369832574101,-4.440892098500626e-16,0.6666666666666666,-2.690369832574101,-4.440892098500626e-16
hard_ood_40pct,91,safe_multisource_novelty_band,40,58,3,0.0,21,0.0,-3.0296531237699065,0.33928329119580525,0.0,-3.0296531237699065,0.33928329119580525,0.3333333333333333,-2.690369832574101,-4.440892098500626e-16
hard_ood_40pct,92,uniform_random,40,58,3,0.0,28,0.0,-3.11747546204512,0.42710562947101893,0.0,-3.05453141486818,0.3641615822940789,0.6666666666666666,-2.690369832574101,-4.440892098500626e-16
hard_ood_40pct,92,composition_novelty,40,58,3,19.0,3,0.3333333333333333,-2.690369832574101,-4.440892098500626e-16,0.6666666666666666,-2.690369832574101,-4.440892098500626e-16,0.6666666666666666,-2.690369832574101,-4.440892098500626e-16
hard_ood_40pct,92,safe_target_novelty,40,58,3,18.0,3,0.3333333333333333,-2.690369832574101,-4.440892098500626e-16,0.3333333333333333,-2.690369832574101,-4.440892098500626e-16,0.3333333333333333,-2.690369832574101,-4.440892098500626e-16
hard_ood_40pct,92,obelix_same_property_static,40,58,3,38.0,2,0.6666666666666666,-2.690369832574101,-4.440892098500626e-16,1.0,-2.690369832574101,-4.440892098500626e-16,1.0,-2.690369832574101,-4.440892098500626e-16
hard_ood_40pct,92,estm_transport_neighbor_static,40,58,3,51.0,1,1.0,-2.690369832574101,-4.440892098500626e-16,1.0,-2.690369832574101,-4.440892098500626e-16,1.0,-2.690369832574101,-4.440892098500626e-16
hard_ood_40pct,92,borg_mechanical_static_control,40,58,3,3.0,18,0.0,-3.8538719643217614,1.1635021317476602,0.3333333333333333,-2.903089986991944,0.21272015441784298,1.0,-2.690369832574101,-4.440892098500626e-16
hard_ood_40pct,92,ocx_catalysis_static_control,40,58,3,0.0,41,0.0,-3.0296531237699065,0.33928329119580525,0.0,-3.0296531237699065,0.33928329119580525,0.0,-3.0296531237699065,0.33928329119580525
hard_ood_40pct,92,shuffled_obelix_static_control,40,58,3,0.0,22,0.0,-3.0296531237699065,0.33928329119580525,0.0,-3.0296531237699065,0.33928329119580525,1.0,-2.690369832574101,-4.440892098500626e-16
hard_ood_40pct,92,safe_obelix_residual,40,58,3,18.0,3,0.3333333333333333,-2.690369832574101,-4.440892098500626e-16,0.3333333333333333,-2.690369832574101,-4.440892098500626e-16,0.3333333333333333,-2.690369832574101,-4.440892098500626e-16
hard_ood_40pct,92,safe_estm_residual,40,58,3,0.0,32,0.0,-3.0296531237699065,0.33928329119580525,0.0,-3.0296531237699065,0.33928329119580525,0.3333333333333333,-3.022733787572707,0.33236395499860594
hard_ood_40pct,92,safe_borg_residual_control,40,58,3,18.0,3,0.3333333333333333,-2.690369832574101,-4.440892098500626e-16,0.3333333333333333,-2.690369832574101,-4.440892098500626e-16,0.3333333333333333,-2.690369832574101,-4.440892098500626e-16
hard_ood_40pct,92,safe_ocx_residual_control,40,58,3,18.0,3,0.3333333333333333,-2.690369832574101,-4.440892098500626e-16,0.3333333333333333,-2.690369832574101,-4.440892098500626e-16,0.3333333333333333,-2.690369832574101,-4.440892098500626e-16
hard_ood_40pct,92,safe_shuffled_obelix_control,40,58,3,17.0,4,0.3333333333333333,-2.690369832574101,-4.440892098500626e-16,0.3333333333333333,-2.690369832574101,-4.440892098500626e-16,0.3333333333333333,-2.690369832574101,-4.440892098500626e-16
hard_ood_40pct,92,safe_multisource_residual,40,58,3,17.0,4,0.3333333333333333,-2.690369832574101,-4.440892098500626e-16,0.3333333333333333,-2.690369832574101,-4.440892098500626e-16,0.3333333333333333,-2.690369832574101,-4.440892098500626e-16
hard_ood_40pct,92,safe_multisource_novelty_band,40,58,3,27.0,6,0.6666666666666666,-2.690369832574101,-4.440892098500626e-16,0.6666666666666666,-2.690369832574101,-4.440892098500626e-16,0.6666666666666666,-2.690369832574101,-4.440892098500626e-16
hard_ood_40pct,93,uniform_random,40,58,3,18.0,6,0.3333333333333333,-2.690369832574101,-4.440892098500626e-16,0.6666666666666666,-2.690369832574101,-4.440892098500626e-16,1.0,-2.690369832574101,-4.440892098500626e-16
hard_ood_40pct,93,composition_novelty,40,58,3,19.0,2,0.3333333333333333,-2.690369832574101,-4.440892098500626e-16,0.3333333333333333,-2.690369832574101,-4.440892098500626e-16,0.6666666666666666,-2.690369832574101,-4.440892098500626e-16
hard_ood_40pct,93,safe_target_novelty,40,58,3,8.0,13,0.0,-4.585026652029182,1.8946568194550806,0.3333333333333333,-2.690369832574101,-4.440892098500626e-16,0.6666666666666666,-2.690369832574101,-4.440892098500626e-16
hard_ood_40pct,93,obelix_same_property_static,40,58,3,38.0,2,0.6666666666666666,-2.690369832574101,-4.440892098500626e-16,1.0,-2.690369832574101,-4.440892098500626e-16,1.0,-2.690369832574101,-4.440892098500626e-16
hard_ood_40pct,93,estm_transport_neighbor_static,40,58,3,51.0,1,1.0,-2.690369832574101,-4.440892098500626e-16,1.0,-2.690369832574101,-4.440892098500626e-16,1.0,-2.690369832574101,-4.440892098500626e-16
hard_ood_40pct,93,borg_mechanical_static_control,40,58,3,3.0,18,0.0,-3.8538719643217614,1.1635021317476602,0.3333333333333333,-2.903089986991944,0.21272015441784298,1.0,-2.690369832574101,-4.440892098500626e-16
hard_ood_40pct,93,ocx_catalysis_static_control,40,58,3,0.0,41,0.0,-3.0296531237699065,0.33928329119580525,0.0,-3.0296531237699065,0.33928329119580525,0.0,-3.0296531237699065,0.33928329119580525
hard_ood_40pct,93,shuffled_obelix_static_control,40,58,3,0.0,27,0.0,-3.11747546204512,0.42710562947101893,0.0,-3.11747546204512,0.42710562947101893,1.0,-2.690369832574101,-4.440892098500626e-16
hard_ood_40pct,93,safe_obelix_residual,40,58,3,13.0,13,0.0,-4.585026652029182,1.8946568194550806,0.6666666666666666,-2.690369832574101,-4.440892098500626e-16,0.6666666666666666,-2.690369832574101,-4.440892098500626e-16
hard_ood_40pct,93,safe_estm_residual,40,58,3,11.0,13,0.0,-4.585026652029182,1.8946568194550806,0.6666666666666666,-2.690369832574101,-4.440892098500626e-16,0.6666666666666666,-2.690369832574101,-4.440892098500626e-16
hard_ood_40pct,93,safe_borg_residual_control,40,58,3,8.0,13,0.0,-4.585026652029182,1.8946568194550806,0.3333333333333333,-2.690369832574101,-4.440892098500626e-16,0.6666666666666666,-2.690369832574101,-4.440892098500626e-16
hard_ood_40pct,93,safe_ocx_residual_control,40,58,3,8.0,13,0.0,-4.585026652029182,1.8946568194550806,0.3333333333333333,-2.690369832574101,-4.440892098500626e-16,0.6666666666666666,-2.690369832574101,-4.440892098500626e-16
hard_ood_40pct,93,safe_shuffled_obelix_control,40,58,3,13.0,13,0.0,-4.585026652029182,1.8946568194550806,0.6666666666666666,-2.690369832574101,-4.440892098500626e-16,0.6666666666666666,-2.690369832574101,-4.440892098500626e-16
hard_ood_40pct,93,safe_multisource_residual,40,58,3,13.0,13,0.0,-4.585026652029182,1.8946568194550806,0.6666666666666666,-2.690369832574101,-4.440892098500626e-16,0.6666666666666666,-2.690369832574101,-4.440892098500626e-16
hard_ood_40pct,93,safe_multisource_novelty_band,40,58,3,17.0,4,0.3333333333333333,-2.690369832574101,-4.440892098500626e-16,0.3333333333333333,-2.690369832574101,-4.440892098500626e-16,0.3333333333333333,-2.690369832574101,-4.440892098500626e-16
hard_ood_40pct,94,uniform_random,40,58,3,2.0,19,0.0,-3.05453141486818,0.3641615822940789,0.3333333333333333,-3.022733787572707,0.33236395499860594,0.3333333333333333,-3.022733787572707,0.33236395499860594
hard_ood_40pct,94,composition_novelty,40,58,3,18.0,3,0.3333333333333333,-2.690369832574101,-4.440892098500626e-16,0.3333333333333333,-2.690369832574101,-4.440892098500626e-16,0.6666666666666666,-2.690369832574101,-4.440892098500626e-16
hard_ood_40pct,94,safe_target_novelty,40,58,3,18.0,4,0.3333333333333333,-2.690369832574101,-4.440892098500626e-16,0.6666666666666666,-2.690369832574101,-4.440892098500626e-16,0.6666666666666666,-2.690369832574101,-4.440892098500626e-16
hard_ood_40pct,94,obelix_same_property_static,40,58,3,38.0,2,0.6666666666666666,-2.690369832574101,-4.440892098500626e-16,1.0,-2.690369832574101,-4.440892098500626e-16,1.0,-2.690369832574101,-4.440892098500626e-16
hard_ood_40pct,94,estm_transport_neighbor_static,40,58,3,51.0,1,1.0,-2.690369832574101,-4.440892098500626e-16,1.0,-2.690369832574101,-4.440892098500626e-16,1.0,-2.690369832574101,-4.440892098500626e-16
hard_ood_40pct,94,borg_mechanical_static_control,40,58,3,3.0,18,0.0,-3.8538719643217614,1.1635021317476602,0.3333333333333333,-2.903089986991944,0.21272015441784298,1.0,-2.690369832574101,-4.440892098500626e-16
hard_ood_40pct,94,ocx_catalysis_static_control,40,58,3,0.0,41,0.0,-3.0296531237699065,0.33928329119580525,0.0,-3.0296531237699065,0.33928329119580525,0.0,-3.0296531237699065,0.33928329119580525
hard_ood_40pct,94,shuffled_obelix_static_control,40,58,3,7.0,14,0.0,-3.05453141486818,0.3641615822940789,0.3333333333333333,-2.903089986991944,0.21272015441784298,1.0,-2.690369832574101,-4.440892098500626e-16
hard_ood_40pct,94,safe_obelix_residual,40,58,3,22.0,4,0.3333333333333333,-2.690369832574101,-4.440892098500626e-16,0.6666666666666666,-2.690369832574101,-4.440892098500626e-16,0.6666666666666666,-2.690369832574101,-4.440892098500626e-16
hard_ood_40pct,94,safe_estm_residual,40,58,3,20.0,2,0.3333333333333333,-2.690369832574101,-4.440892098500626e-16,0.6666666666666666,-2.690369832574101,-4.440892098500626e-16,0.6666666666666666,-2.690369832574101,-4.440892098500626e-16
hard_ood_40pct,94,safe_borg_residual_control,40,58,3,18.0,4,0.3333333333333333,-2.690369832574101,-4.440892098500626e-16,0.6666666666666666,-2.690369832574101,-4.440892098500626e-16,0.6666666666666666,-2.690369832574101,-4.440892098500626e-16
hard_ood_40pct,94,safe_ocx_residual_control,40,58,3,18.0,4,0.3333333333333333,-2.690369832574101,-4.440892098500626e-16,0.6666666666666666,-2.690369832574101,-4.440892098500626e-16,0.6666666666666666,-2.690369832574101,-4.440892098500626e-16
hard_ood_40pct,94,safe_shuffled_obelix_control,40,58,3,22.0,4,0.3333333333333333,-2.690369832574101,-4.440892098500626e-16,0.6666666666666666,-2.690369832574101,-4.440892098500626e-16,0.6666666666666666,-2.690369832574101,-4.440892098500626e-16
hard_ood_40pct,94,safe_multisource_residual,40,58,3,22.0,4,0.3333333333333333,-2.690369832574101,-4.440892098500626e-16,0.6666666666666666,-2.690369832574101,-4.440892098500626e-16,0.6666666666666666,-2.690369832574101,-4.440892098500626e-16
hard_ood_40pct,94,safe_multisource_novelty_band,40,58,3,6.0,15,0.0,-3.0296531237699065,0.33928329119580525,0.3333333333333333,-3.022733787572707,0.33236395499860594,0.6666666666666666,-2.690369832574101,-4.440892098500626e-16
hard_ood_40pct,95,uniform_random,40,58,3,0.0,30,0.0,-3.11747546204512,0.42710562947101893,0.0,-3.0296531237699065,0.33928329119580525,0.6666666666666666,-2.903089986991944,0.21272015441784298
hard_ood_40pct,95,composition_novelty,40,58,3,19.0,3,0.3333333333333333,-2.690369832574101,-4.440892098500626e-16,0.6666666666666666,-2.690369832574101,-4.440892098500626e-16,0.6666666666666666,-2.690369832574101,-4.440892098500626e-16
hard_ood_40pct,95,safe_target_novelty,40,58,3,18.0,3,0.3333333333333333,-2.690369832574101,-4.440892098500626e-16,0.3333333333333333,-2.690369832574101,-4.440892098500626e-16,0.3333333333333333,-2.690369832574101,-4.440892098500626e-16
hard_ood_40pct,95,obelix_same_property_static,40,58,3,38.0,2,0.6666666666666666,-2.690369832574101,-4.440892098500626e-16,1.0,-2.690369832574101,-4.440892098500626e-16,1.0,-2.690369832574101,-4.440892098500626e-16
hard_ood_40pct,95,estm_transport_neighbor_static,40,58,3,51.0,1,1.0,-2.690369832574101,-4.440892098500626e-16,1.0,-2.690369832574101,-4.440892098500626e-16,1.0,-2.690369832574101,-4.440892098500626e-16
hard_ood_40pct,95,borg_mechanical_static_control,40,58,3,3.0,18,0.0,-3.8538719643217614,1.1635021317476602,0.3333333333333333,-2.903089986991944,0.21272015441784298,1.0,-2.690369832574101,-4.440892098500626e-16
hard_ood_40pct,95,ocx_catalysis_static_control,40,58,3,0.0,41,0.0,-3.0296531237699065,0.33928329119580525,0.0,-3.0296531237699065,0.33928329119580525,0.0,-3.0296531237699065,0.33928329119580525
hard_ood_40pct,95,shuffled_obelix_static_control,40,58,3,7.0,14,0.0,-3.8538719643217614,1.1635021317476602,0.3333333333333333,-3.022733787572707,0.33236395499860594,0.6666666666666666,-2.903089986991944,0.21272015441784298
hard_ood_40pct,95,safe_obelix_residual,40,58,3,0.0,25,0.0,-3.0296531237699065,0.33928329119580525,0.0,-3.0296531237699065,0.33928329119580525,0.3333333333333333,-3.022733787572707,0.33236395499860594
hard_ood_40pct,95,safe_estm_residual,40,58,3,19.0,2,0.3333333333333333,-2.690369832574101,-4.440892098500626e-16,0.3333333333333333,-2.690369832574101,-4.440892098500626e-16,0.3333333333333333,-2.690369832574101,-4.440892098500626e-16
hard_ood_40pct,95,safe_borg_residual_control,40,58,3,19.0,2,0.3333333333333333,-2.690369832574101,-4.440892098500626e-16,0.3333333333333333,-2.690369832574101,-4.440892098500626e-16,0.3333333333333333,-2.690369832574101,-4.440892098500626e-16
hard_ood_40pct,95,safe_ocx_residual_control,40,58,3,18.0,3,0.3333333333333333,-2.690369832574101,-4.440892098500626e-16,0.3333333333333333,-2.690369832574101,-4.440892098500626e-16,0.3333333333333333,-2.690369832574101,-4.440892098500626e-16
hard_ood_40pct,95,safe_shuffled_obelix_control,40,58,3,18.0,3,0.3333333333333333,-2.690369832574101,-4.440892098500626e-16,0.3333333333333333,-2.690369832574101,-4.440892098500626e-16,0.3333333333333333,-2.690369832574101,-4.440892098500626e-16
hard_ood_40pct,95,safe_multisource_residual,40,58,3,0.0,23,0.0,-3.0963674839157624,0.4059976513416612,0.0,-3.0296531237699065,0.33928329119580525,0.3333333333333333,-3.022733787572707,0.33236395499860594
hard_ood_40pct,95,safe_multisource_novelty_band,40,58,3,6.0,15,0.0,-3.0296531237699065,0.33928329119580525,0.3333333333333333,-2.903089986991944,0.21272015441784298,0.3333333333333333,-2.903089986991944,0.21272015441784298
hard_ood_40pct,96,uniform_random,40,58,3,0.0,37,0.0,-5.055517327849832,2.3651474952757305,0.0,-3.05453141486818,0.3641615822940789,0.6666666666666666,-2.903089986991944,0.21272015441784298
hard_ood_40pct,96,composition_novelty,40,58,3,20.0,2,0.3333333333333333,-2.690369832574101,-4.440892098500626e-16,0.6666666666666666,-2.690369832574101,-4.440892098500626e-16,0.6666666666666666,-2.690369832574101,-4.440892098500626e-16
hard_ood_40pct,96,safe_target_novelty,40,58,3,20.0,2,0.3333333333333333,-2.690369832574101,-4.440892098500626e-16,0.6666666666666666,-2.690369832574101,-4.440892098500626e-16,0.6666666666666666,-2.690369832574101,-4.440892098500626e-16
hard_ood_40pct,96,obelix_same_property_static,40,58,3,38.0,2,0.6666666666666666,-2.690369832574101,-4.440892098500626e-16,1.0,-2.690369832574101,-4.440892098500626e-16,1.0,-2.690369832574101,-4.440892098500626e-16
hard_ood_40pct,96,estm_transport_neighbor_static,40,58,3,51.0,1,1.0,-2.690369832574101,-4.440892098500626e-16,1.0,-2.690369832574101,-4.440892098500626e-16,1.0,-2.690369832574101,-4.440892098500626e-16
hard_ood_40pct,96,borg_mechanical_static_control,40,58,3,3.0,18,0.0,-3.8538719643217614,1.1635021317476602,0.3333333333333333,-2.903089986991944,0.21272015441784298,1.0,-2.690369832574101,-4.440892098500626e-16
hard_ood_40pct,96,ocx_catalysis_static_control,40,58,3,0.0,41,0.0,-3.0296531237699065,0.33928329119580525,0.0,-3.0296531237699065,0.33928329119580525,0.0,-3.0296531237699065,0.33928329119580525
hard_ood_40pct,96,shuffled_obelix_static_control,40,58,3,1.0,20,0.0,-5.158015195409886,2.467645362835785,0.3333333333333333,-2.903089986991944,0.21272015441784298,0.6666666666666666,-2.903089986991944,0.21272015441784298
hard_ood_40pct,96,safe_obelix_residual,40,58,3,20.0,1,0.3333333333333333,-2.690369832574101,-4.440892098500626e-16,0.3333333333333333,-2.690369832574101,-4.440892098500626e-16,0.6666666666666666,-2.690369832574101,-4.440892098500626e-16
hard_ood_40pct,96,safe_estm_residual,40,58,3,20.0,2,0.3333333333333333,-2.690369832574101,-4.440892098500626e-16,0.6666666666666666,-2.690369832574101,-4.440892098500626e-16,0.6666666666666666,-2.690369832574101,-4.440892098500626e-16
hard_ood_40pct,96,safe_borg_residual_control,40,58,3,20.0,2,0.3333333333333333,-2.690369832574101,-4.440892098500626e-16,0.6666666666666666,-2.690369832574101,-4.440892098500626e-16,0.6666666666666666,-2.690369832574101,-4.440892098500626e-16
hard_ood_40pct,96,safe_ocx_residual_control,40,58,3,20.0,2,0.3333333333333333,-2.690369832574101,-4.440892098500626e-16,0.6666666666666666,-2.690369832574101,-4.440892098500626e-16,0.6666666666666666,-2.690369832574101,-4.440892098500626e-16
hard_ood_40pct,96,safe_shuffled_obelix_control,40,58,3,20.0,2,0.3333333333333333,-2.690369832574101,-4.440892098500626e-16,0.6666666666666666,-2.690369832574101,-4.440892098500626e-16,0.6666666666666666,-2.690369832574101,-4.440892098500626e-16
hard_ood_40pct,96,safe_multisource_residual,40,58,3,20.0,1,0.3333333333333333,-2.690369832574101,-4.440892098500626e-16,0.3333333333333333,-2.690369832574101,-4.440892098500626e-16,0.6666666666666666,-2.690369832574101,-4.440892098500626e-16
hard_ood_40pct,96,safe_multisource_novelty_band,40,58,3,20.0,1,0.3333333333333333,-2.690369832574101,-4.440892098500626e-16,0.3333333333333333,-2.690369832574101,-4.440892098500626e-16,0.6666666666666666,-2.690369832574101,-4.440892098500626e-16
hard_ood_40pct,97,uniform_random,40,58,3,22.0,6,0.3333333333333333,-3.022733787572707,0.33236395499860594,0.6666666666666666,-2.690369832574101,-4.440892098500626e-16,0.6666666666666666,-2.690369832574101,-4.440892098500626e-16
hard_ood_40pct,97,composition_novelty,40,58,3,18.0,3,0.3333333333333333,-2.690369832574101,-4.440892098500626e-16,0.3333333333333333,-2.690369832574101,-4.440892098500626e-16,0.6666666666666666,-2.690369832574101,-4.440892098500626e-16
hard_ood_40pct,97,safe_target_novelty,40,58,3,1.0,20,0.0,-3.05453141486818,0.3641615822940789,0.3333333333333333,-3.022733787572707,0.33236395499860594,0.6666666666666666,-2.690369832574101,-4.440892098500626e-16
hard_ood_40pct,97,obelix_same_property_static,40,58,3,38.0,2,0.6666666666666666,-2.690369832574101,-4.440892098500626e-16,1.0,-2.690369832574101,-4.440892098500626e-16,1.0,-2.690369832574101,-4.440892098500626e-16
hard_ood_40pct,97,estm_transport_neighbor_static,40,58,3,51.0,1,1.0,-2.690369832574101,-4.440892098500626e-16,1.0,-2.690369832574101,-4.440892098500626e-16,1.0,-2.690369832574101,-4.440892098500626e-16
hard_ood_40pct,97,borg_mechanical_static_control,40,58,3,3.0,18,0.0,-3.8538719643217614,1.1635021317476602,0.3333333333333333,-2.903089986991944,0.21272015441784298,1.0,-2.690369832574101,-4.440892098500626e-16
hard_ood_40pct,97,ocx_catalysis_static_control,40,58,3,0.0,41,0.0,-3.0296531237699065,0.33928329119580525,0.0,-3.0296531237699065,0.33928329119580525,0.0,-3.0296531237699065,0.33928329119580525
hard_ood_40pct,97,shuffled_obelix_static_control,40,58,3,23.0,1,0.3333333333333333,-2.903089986991944,0.21272015441784298,0.6666666666666666,-2.690369832574101,-4.440892098500626e-16,1.0,-2.690369832574101,-4.440892098500626e-16
hard_ood_40pct,97,safe_obelix_residual,40,58,3,25.0,2,0.3333333333333333,-2.690369832574101,-4.440892098500626e-16,0.6666666666666666,-2.690369832574101,-4.440892098500626e-16,0.6666666666666666,-2.690369832574101,-4.440892098500626e-16
hard_ood_40pct,97,safe_estm_residual,40,58,3,1.0,20,0.0,-3.05453141486818,0.3641615822940789,0.3333333333333333,-3.022733787572707,0.33236395499860594,0.6666666666666666,-2.690369832574101,-4.440892098500626e-16
hard_ood_40pct,97,safe_borg_residual_control,40,58,3,1.0,20,0.0,-3.05453141486818,0.3641615822940789,0.3333333333333333,-3.022733787572707,0.33236395499860594,0.6666666666666666,-2.690369832574101,-4.440892098500626e-16
hard_ood_40pct,97,safe_ocx_residual_control,40,58,3,1.0,20,0.0,-3.05453141486818,0.3641615822940789,0.3333333333333333,-3.022733787572707,0.33236395499860594,0.6666666666666666,-2.690369832574101,-4.440892098500626e-16
hard_ood_40pct,97,safe_shuffled_obelix_control,40,58,3,1.0,20,0.0,-3.05453141486818,0.3641615822940789,0.3333333333333333,-3.022733787572707,0.33236395499860594,0.6666666666666666,-2.690369832574101,-4.440892098500626e-16
hard_ood_40pct,97,safe_multisource_residual,40,58,3,28.0,2,0.3333333333333333,-2.690369832574101,-4.440892098500626e-16,0.6666666666666666,-2.690369832574101,-4.440892098500626e-16,0.6666666666666666,-2.690369832574101,-4.440892098500626e-16
hard_ood_40pct,97,safe_multisource_novelty_band,40,58,3,0.0,21,0.0,-3.0296531237699065,0.33928329119580525,0.0,-3.0296531237699065,0.33928329119580525,0.3333333333333333,-2.690369832574101,-4.440892098500626e-16
hard_ood_40pct,98,uniform_random,40,58,3,7.0,14,0.0,-3.0296531237699065,0.33928329119580525,0.3333333333333333,-3.022733787572707,0.33236395499860594,0.6666666666666666,-2.690369832574101,-4.440892098500626e-16
hard_ood_40pct,98,composition_novelty,40,58,3,19.0,3,0.3333333333333333,-2.690369832574101,-4.440892098500626e-16,0.6666666666666666,-2.690369832574101,-4.440892098500626e-16,0.6666666666666666,-2.690369832574101,-4.440892098500626e-16
hard_ood_40pct,98,safe_target_novelty,40,58,3,8.0,13,0.0,-3.0296531237699065,0.33928329119580525,0.3333333333333333,-3.022733787572707,0.33236395499860594,0.3333333333333333,-3.022733787572707,0.33236395499860594
hard_ood_40pct,98,obelix_same_property_static,40,58,3,38.0,2,0.6666666666666666,-2.690369832574101,-4.440892098500626e-16,1.0,-2.690369832574101,-4.440892098500626e-16,1.0,-2.690369832574101,-4.440892098500626e-16
hard_ood_40pct,98,estm_transport_neighbor_static,40,58,3,51.0,1,1.0,-2.690369832574101,-4.440892098500626e-16,1.0,-2.690369832574101,-4.440892098500626e-16,1.0,-2.690369832574101,-4.440892098500626e-16
hard_ood_40pct,98,borg_mechanical_static_control,40,58,3,3.0,18,0.0,-3.8538719643217614,1.1635021317476602,0.3333333333333333,-2.903089986991944,0.21272015441784298,1.0,-2.690369832574101,-4.440892098500626e-16
hard_ood_40pct,98,ocx_catalysis_static_control,40,58,3,0.0,41,0.0,-3.0296531237699065,0.33928329119580525,0.0,-3.0296531237699065,0.33928329119580525,0.0,-3.0296531237699065,0.33928329119580525
hard_ood_40pct,98,shuffled_obelix_static_control,40,58,3,13.0,13,0.0,-3.0963674839157624,0.4059976513416612,0.6666666666666666,-2.690369832574101,-4.440892098500626e-16,1.0,-2.690369832574101,-4.440892098500626e-16
hard_ood_40pct,98,safe_obelix_residual,40,58,3,20.0,1,0.3333333333333333,-2.690369832574101,-4.440892098500626e-16,0.3333333333333333,-2.690369832574101,-4.440892098500626e-16,0.6666666666666666,-2.690369832574101,-4.440892098500626e-16
hard_ood_40pct,98,safe_estm_residual,40,58,3,12.0,9,0.3333333333333333,-2.903089986991944,0.21272015441784298,0.3333333333333333,-2.903089986991944,0.21272015441784298,0.3333333333333333,-2.903089986991944,0.21272015441784298
hard_ood_40pct,98,safe_borg_residual_control,40,58,3,8.0,13,0.0,-3.0296531237699065,0.33928329119580525,0.3333333333333333,-3.022733787572707,0.33236395499860594,0.6666666666666666,-2.903089986991944,0.21272015441784298
hard_ood_40pct,98,safe_ocx_residual_control,40,58,3,12.0,9,0.3333333333333333,-2.903089986991944,0.21272015441784298,0.3333333333333333,-2.903089986991944,0.21272015441784298,0.6666666666666666,-2.690369832574101,-4.440892098500626e-16
hard_ood_40pct,98,safe_shuffled_obelix_control,40,58,3,8.0,13,0.0,-3.0296531237699065,0.33928329119580525,0.3333333333333333,-3.022733787572707,0.33236395499860594,0.3333333333333333,-3.022733787572707,0.33236395499860594
hard_ood_40pct,98,safe_multisource_residual,40,58,3,20.0,1,0.3333333333333333,-2.690369832574101,-4.440892098500626e-16,0.3333333333333333,-2.690369832574101,-4.440892098500626e-16,0.6666666666666666,-2.690369832574101,-4.440892098500626e-16
hard_ood_40pct,98,safe_multisource_novelty_band,40,58,3,38.0,1,0.6666666666666666,-2.690369832574101,-4.440892098500626e-16,0.6666666666666666,-2.690369832574101,-4.440892098500626e-16,0.6666666666666666,-2.690369832574101,-4.440892098500626e-16
hard_ood_40pct,99,uniform_random,40,58,3,3.0,18,0.0,-3.0296531237699065,0.33928329119580525,0.3333333333333333,-2.903089986991944,0.21272015441784298,0.6666666666666666,-2.903089986991944,0.21272015441784298
hard_ood_40pct,99,composition_novelty,40,58,3,19.0,3,0.3333333333333333,-2.690369832574101,-4.440892098500626e-16,0.6666666666666666,-2.690369832574101,-4.440892098500626e-16,0.6666666666666666,-2.690369832574101,-4.440892098500626e-16
hard_ood_40pct,99,safe_target_novelty,40,58,3,6.0,15,0.0,-3.0296531237699065,0.33928329119580525,0.3333333333333333,-3.022733787572707,0.33236395499860594,0.6666666666666666,-2.903089986991944,0.21272015441784298
hard_ood_40pct,99,obelix_same_property_static,40,58,3,38.0,2,0.6666666666666666,-2.690369832574101,-4.440892098500626e-16,1.0,-2.690369832574101,-4.440892098500626e-16,1.0,-2.690369832574101,-4.440892098500626e-16
hard_ood_40pct,99,estm_transport_neighbor_static,40,58,3,51.0,1,1.0,-2.690369832574101,-4.440892098500626e-16,1.0,-2.690369832574101,-4.440892098500626e-16,1.0,-2.690369832574101,-4.440892098500626e-16
hard_ood_40pct,99,borg_mechanical_static_control,40,58,3,3.0,18,0.0,-3.8538719643217614,1.1635021317476602,0.3333333333333333,-2.903089986991944,0.21272015441784298,1.0,-2.690369832574101,-4.440892098500626e-16
hard_ood_40pct,99,ocx_catalysis_static_control,40,58,3,0.0,41,0.0,-3.0296531237699065,0.33928329119580525,0.0,-3.0296531237699065,0.33928329119580525,0.0,-3.0296531237699065,0.33928329119580525
hard_ood_40pct,99,shuffled_obelix_static_control,40,58,3,0.0,22,0.0,-3.11747546204512,0.42710562947101893,0.0,-3.11747546204512,0.42710562947101893,0.6666666666666666,-2.690369832574101,-4.440892098500626e-16
hard_ood_40pct,99,safe_obelix_residual,40,58,3,6.0,15,0.0,-3.0296531237699065,0.33928329119580525,0.3333333333333333,-3.022733787572707,0.33236395499860594,0.6666666666666666,-2.903089986991944,0.21272015441784298
hard_ood_40pct,99,safe_estm_residual,40,58,3,6.0,15,0.0,-3.0296531237699065,0.33928329119580525,0.3333333333333333,-3.022733787572707,0.33236395499860594,0.6666666666666666,-2.903089986991944,0.21272015441784298
hard_ood_40pct,99,safe_borg_residual_control,40,58,3,6.0,15,0.0,-3.0296531237699065,0.33928329119580525,0.3333333333333333,-3.022733787572707,0.33236395499860594,0.6666666666666666,-2.903089986991944,0.21272015441784298
hard_ood_40pct,99,safe_ocx_residual_control,40,58,3,6.0,15,0.0,-3.0296531237699065,0.33928329119580525,0.3333333333333333,-3.022733787572707,0.33236395499860594,0.6666666666666666,-2.903089986991944,0.21272015441784298
hard_ood_40pct,99,safe_shuffled_obelix_control,40,58,3,6.0,15,0.0,-3.0296531237699065,0.33928329119580525,0.3333333333333333,-3.022733787572707,0.33236395499860594,0.6666666666666666,-2.903089986991944,0.21272015441784298
hard_ood_40pct,99,safe_multisource_residual,40,58,3,6.0,15,0.0,-3.0296531237699065,0.33928329119580525,0.3333333333333333,-3.022733787572707,0.33236395499860594,0.6666666666666666,-2.903089986991944,0.21272015441784298
hard_ood_40pct,99,safe_multisource_novelty_band,40,58,3,17.0,4,0.3333333333333333,-2.903089986991944,0.21272015441784298,0.3333333333333333,-2.903089986991944,0.21272015441784298,0.3333333333333333,-2.903089986991944,0.21272015441784298
