scope,policy,rank,candidate_index,material_key,material_raw,group,first_group_representative
external_candidate,uniform_family_first,1,464,Li:0.4444444444|S:0.2222222222|Se:0.2222222222|Sn:0.1111111111,Li4SnS2Se2,component-e765a42161a2cd5d,True
external_candidate,uniform_family_first,2,230,Ge:0.02533333333|Li:0.4444444444|S:0.4444444444|Sn:0.08577777778,Li4Ge0.228Sn0.772S4,component-c070aaa1f32fc816,True
external_candidate,uniform_family_first,3,41,Al:0.06|La:0.13|Li:0.07|O:0.6|Ti:0.14,(La0.65Li0.35)(Ti0.7Al0.3)O3,component-21f452ed084570e0,True
external_candidate,uniform_family_first,4,210,Ga:0.02040816327|Li:0.2517006803|O:0.5442176871|P:0.1360544218|Zn:0.04761904762,Li3.7Zn0.7Ga0.3(PO4)2,component-6c0b8e88c79a5e35,True
external_candidate,uniform_family_first,5,295,K:0.02|Li:0.18|O:0.6|Sb:0.2,(K0.1Li0.9)(SbO3),component-f164aba2b81882f9,True
external_candidate,uniform_family_first,6,171,Co:0.02024291498|La:0.1275303644|Li:0.06275303644|O:0.6072874494|Ti:0.1821862348,Li0.31La0.63((Ti0.9Co0.1)O3,component-edf2c8506f6784d3,True
external_candidate,uniform_family_first,7,25,Al:0.02222707662|Li:0.07165092021|O:0.6553437824|P:0.1638359456|Ti:0.08694227514,Li1.312Al0.407Ti1.592(PO4)3,component-1751b0c9bec9cfa2,True
external_candidate,uniform_family_first,8,333,La:0.1276595745|Li:0.2765957447|O:0.5106382979|Ta:0.02127659574|Zr:0.06382978723,Li6.5La3Zr1.5Ta0.5O12,component-9538ad9c5715847d,True
external_candidate,uniform_family_first,9,20,Al:0.02173913043|Ge:0.01086956522|Li:0.07608695652|O:0.652173913|P:0.1630434783|Ti:0.07608695652,Li1.4(Al0.4Ge0.2Ti1.4)(PO4)3,component-d77d678c12faf4d4,True
external_candidate,uniform_family_first,10,428,Li:0.3333333333|P:0.1666666667|S:0.5,Li4P2S6,component-add16a77287243fe,True
external_candidate,uniform_family_first,11,92,Br:0.05591054313|Cl:0.07987220447|Li:0.4408945687|P:0.07987220447|S:0.3434504792,Li5.52PS4.3ClBr0.7,component-864a0973e33a172f,True
external_candidate,uniform_family_first,12,218,Ga:0.25|Li:0.25|S:0.5,LiGaS2,component-f1a63e35375195fa,True
external_candidate,uniform_family_first,13,403,Li:0.1|Mn:0.2|O:0.6|Te:0.1,LiMn2TeO6,component-cc8eb4822ea3c7a0,True
external_candidate,uniform_family_first,14,166,Cl:0.629590766|Er:0.055613851|Li:0.2654774397|Zr:0.04931794334,Li2.53Er0.53Zr0.47Cl6,component-c15bf60682542e1c,True
external_candidate,uniform_family_first,15,355,La:0.1428571429|Li:0.1428571429|O:0.5714285714|Ti:0.1428571429,Li(LaTiO4),component-49fd470de09087f3,True
external_candidate,uniform_family_first,16,216,Ga:0.1|Li:0.5|S:0.4,Li5GaS4,component-95dd48f923dfd756,True
external_candidate,uniform_family_first,17,369,Li:0.05555555556|O:0.6666666667|P:0.1666666667|Sn:0.08888888889|Ti:0.02222222222,Li(Ti0.4Sn1.6)(PO4)3,component-2aea8a8a209c0c0c,True
external_candidate,uniform_family_first,18,310,La:0.09090909091|Li:0.09090909091|Nb:0.1818181818|O:0.6363636364,LiLaNb2O7,component-90f2532a956b2036,True
external_candidate,uniform_family_first,19,248,Ge:0.09770114943|Li:0.4252873563|O:0.4597701149|W:0.01724137931,Li3.70Ge0.85W0.15O4,component-0ad73f6417e66053,True
external_candidate,uniform_family_first,20,58,B:0.07142857143|Li:0.1428571429|Na:0.07142857143|O:0.5714285714|P:0.1428571429,Li2NaBP2O8,component-7fcb199d19799006,True
external_candidate,uniform_family_first,21,35,Al:0.04166666667|Li:0.375|O:0.5|Te:0.08333333333,Li3(Li1.5Al0.5Te)O6,component-2e864a32f95201a0,True
external_candidate,uniform_family_first,22,165,Cl:0.625|In:0.0625|Li:0.2708333333|Zr:0.04166666667,Li2.6In0.6Zr0.4Cl6,component-c68a57832f7e8eda,True
external_candidate,uniform_family_first,23,133,Ca:0.04752376188|Li:0.04902451226|O:0.6003001501|P:0.1500750375|Pb:0.1530765383,Pb6.12Ca1.9Li1.96(PO4)6,component-422e6de1dc0ae59a,True
external_candidate,uniform_family_first,24,439,Li:0.375|S:0.5|Sb:0.125,Li3SbS4,component-7771fc0e7b635877,True
external_candidate,uniform_family_first,25,48,Al:0.1428571429|Li:0.1428571429|O:0.5714285714|Si:0.1428571429,LiAlSiO4,component-02650e3b427bf6d5,True
external_candidate,uniform_family_first,26,394,Li:0.1666666667|Na:0.2777777778|S:0.4444444444|Ti:0.1111111111,Li3Na5(TiS4)2,component-8ef18f4be6109927,True
external_candidate,uniform_family_first,27,293,In:0.05660377358|Li:0.1090146751|O:0.6289308176|P:0.1572327044|Ti:0.04821802935,Li2.08Ti0.92In1.08P3O12,component-a7d5850a1d3b53ef,True
external_candidate,uniform_family_first,28,474,Li:0.5714285714|N:0.2857142857|Sr:0.1428571429,Li4SrN2,component-af5c59da78f6f5e9,True
external_candidate,uniform_family_first,29,196,F:0.125|Fe:0.125|Li:0.125|O:0.5|P:0.125,LiFe(PO4)F,component-b51556d2e940fc10,True
external_candidate,uniform_family_first,30,470,Li:0.4|N:0.4|Si:0.2,Li2SiN2,component-94e3acef4c28d550,True
external_candidate,uniform_family_first,31,450,Li:0.4082840237|P:0.0650887574|S:0.4733727811|Si:0.05325443787,Li10.35Si1.35P1.65S12,component-72e6f457205e515c,True
external_candidate,uniform_family_first,32,181,Co:0.09090909091|Li:0.2727272727|O:0.5454545455|Te:0.09090909091,Li3CoTeO6,component-0a1bf62c483c3d35,True
external_candidate,uniform_family_first,33,267,I:0.07066869301|Li:0.4680851064|S:0.3852583587|Sb:0.02887537994|Si:0.04711246201,Li6.16Si0.62Sb0.38S5.07I0.93,component-fd6acb7e688a0625,True
external_candidate,uniform_family_first,34,123,Br:0.6666666667|Ga:0.1666666667|Li:0.1666666667,LiGaBr4,component-fa5653c94495539a,True
external_candidate,uniform_family_first,35,158,Cl:0.5714285714|Li:0.2857142857|V:0.1428571429,Li2VCl4,component-37ec49522d82065c,True
external_candidate,uniform_family_first,36,361,La:0.2604166667|Li:0.1979166667|Mg:0.02083333333|O:0.5208333333,La(Li0.76Mg0.08)O2,component-e37baddd7483659e,True
external_candidate,uniform_family_first,37,479,Li:0.6657142857|P:0.2857142857|Si:0.04857142857,Li2.33PSi0.17,component-e732dea4ad2fb342,True
external_candidate,uniform_family_first,38,85,Bi:0.25|Li:0.25|O:0.5,LiBiO2,component-d698ad42acc6f36f,True
external_candidate,uniform_family_first,39,180,Co:0.08333333333|Li:0.3333333333|O:0.5|Te:0.08333333333,Li8Co2Te2O12,component-f09f77e8ebc487de,True
external_candidate,uniform_family_first,40,144,Cl:0.01213592233|Li:0.3859223301|O:0.01213592233|P:0.05825242718|S:0.4611650485|Si:0.07038834951,Li9.54Si1.74P1.44S11.4Cl0.3O0.3,component-314d75ed53e5e991,True
external_candidate,uniform_family_first,41,341,La:0.1319261214|Li:0.2524186456|O:0.5277044855|Ta:0.0219876869|Zr:0.06596306069,Li5.74La3Zr1.5Ta0.5O12,component-715d7f4cc477853b,True
external_candidate,uniform_family_first,42,317,La:0.1195876289|Li:0.05567010309|O:0.618556701|Ti:0.206185567,La0.58Li0.27TiO3,component-d5d8b9ddf1098984,True
external_candidate,uniform_family_first,43,61,B:0.1666666667|Ca:0.08333333333|F:0.08333333333|Li:0.25|O:0.4166666667,Li3CaB2O5F,component-8a61e3e41857b7c9,True
external_candidate,uniform_family_first,44,421,Li:0.2|O:0.6|V:0.2,LiVO3,component-a846d0d6dbbddb08,True
external_candidate,uniform_family_first,45,375,Li:0.08024691358|O:0.6090534979|Pr:0.1049382716|Ti:0.2057613169,Pr0.51Li0.39TiO2.96,component-022488b4edb8df14,True
external_candidate,uniform_family_first,46,481,Li:0.75|N:0.25,Li3N,component-9aac23560fbd0a52,True
external_candidate,uniform_family_first,47,65,B:0.1818181818|H:0.7272727273|Li:0.04545454545|Y:0.04545454545,LiY(BH4)4,component-2a71e0a499ed03ca,True
external_candidate,uniform_family_first,48,262,Ge:0.2916666667|Li:0.08333333333|O:0.625,Li2Ge7O15,component-9eaac6273622ea6b,True
external_candidate,uniform_family_first,49,447,Li:0.4047619048|O:0.4761904762|S:0.03571428571|Si:0.08333333333,Li3.4Si0.7S0.3O4,component-ccf7ec7c08f1f450,True
external_candidate,uniform_family_first,50,257,Ge:0.125|Li:0.25|O:0.5|Zn:0.125,Li2ZnGeO4,component-4334a435eca1fbda,True
external_candidate,uniform_family_first,51,62,B:0.1666666667|Ce:0.05555555556|Cl:0.05555555556|H:0.6666666667|Li:0.05555555556,LiCe(BH4)3Cl,component-9fa8e1338292e83b,True
external_candidate,uniform_family_first,52,155,Cl:0.5714285714|Cr:0.1428571429|Li:0.2857142857,Li2CrCl4,component-42f535930d9218fc,True
external_candidate,uniform_family_first,53,329,La:0.1276595745|Li:0.2765957447|Mo:0.01063829787|O:0.5106382979|Zr:0.07446808511,Li6.5La3Zr1.75Mo0.25O12,component-fadf7e803da09fb1,True
external_candidate,uniform_family_first,54,185,Cs:0.04|Li:0.2|Mn:0.04|O:0.56|P:0.16,CsLi5Mn(P2O7)2,component-c31acf0dcf5558c4,True
external_candidate,uniform_family_first,55,69,B:0.25|Li:0.25|O:0.5,LiBO2,component-21e7f685f9aa879e,True
external_candidate,uniform_family_first,56,204,Fe:0.02283105023|Ge:0.08588823657|Li:0.07588606219|O:0.6523157208|P:0.1630789302,Li1.396Fe0.42Ge1.58(PO4)3,component-522ebac993ddfc90,True
external_candidate,uniform_family_first,57,423,Li:0.3023457863|P:0.03475238923|S:0.5212858384|Si:0.07428323197|Sn:0.06733275413,Li6.96Sn1.55Si1.71P0.8S12,component-9360d422928dd2b7,True
external_candidate,uniform_family_first,58,294,In:0.2|Li:0.1|O:0.6|Sb:0.1,LiIn2SbO6,component-ac036796a9cc3192,True
external_candidate,uniform_family_first,59,366,Li:0.05027932961|Nb:0.01117318436|O:0.6703910615|P:0.1675977654|Ti:0.1005586592,	Li0.9Nb0.2O12P3Ti1.8,component-b156a0dd8a38892d,True
external_candidate,uniform_family_first,60,435,Li:0.375|N:0.125|O:0.375|S:0.125,Li3(SO3)N,component-fe94550320fb2c0c,True
external_candidate,uniform_family_first,61,380,Li:0.1282051282|O:0.6153846154|P:0.1538461538|V:0.1025641026,Li2.5V2(PO4)3,component-197ac27fe90328b2,True
external_candidate,uniform_family_first,62,383,Li:0.1428571429|Mg:0.1428571429|O:0.5714285714|P:0.1428571429,LiMgPO4,component-658d336280cea144,True
external_candidate,uniform_family_first,63,139,Ce:0.03296703297|La:0.1318681319|Li:0.2527472527|Nb:0.05494505495|O:0.5274725275,Li5.75La3Nb1.25Ce0.75O12,component-b3ee152f7464c9e7,True
external_candidate,uniform_family_first,64,211,Ga:0.03448275862|Li:0.2413793103|O:0.5517241379|P:0.1379310345|Zn:0.03448275862,Li3.5Zn0.5Ga0.5(PO4)2,component-6c0b8e88c79a5e35,False
external_candidate,uniform_family_first,65,465,Li:0.4444444444|S:0.3333333333|Se:0.1111111111|Sn:0.1111111111,Li4SnS3Se,component-e765a42161a2cd5d,False
external_candidate,uniform_family_first,66,327,La:0.1271186441|Li:0.2796610169|O:0.5084745763|Ta:0.01694915254|Zr:0.06779661017,Li6.6La3Zr1.6Ta0.4O12,component-9538ad9c5715847d,False
external_candidate,uniform_family_first,67,240,Ge:0.05511111111|Li:0.4444444444|S:0.4444444444|Sn:0.056,Li4Ge0.496Sn0.504S4,component-c070aaa1f32fc816,False
external_candidate,uniform_family_first,68,32,Al:0.03225806452|Ge:0.02150537634|Li:0.08602150538|O:0.6451612903|P:0.1612903226|Ti:0.05376344086,Li1.6(Al0.6Ge0.4Ti)(PO4)3,component-d77d678c12faf4d4,False
external_candidate,uniform_family_first,69,14,Al:0.01098901099|Ge:0.03296703297|Li:0.06593406593|O:0.6593406593|P:0.1648351648|Ti:0.06593406593,Li1.2(Al0.2Ge0.6Ti1.2)(PO4)3,component-d77d678c12faf4d4,False
external_candidate,uniform_family_first,70,371,Li:0.05555555556|O:0.6666666667|P:0.1666666667|Ti:0.1111111111,LiTi2(PO4)3,component-1751b0c9bec9cfa2,False
external_candidate,uniform_family_first,71,468,Li:0.4444444444|Se:0.4444444444|Sn:0.1111111111,Li4SnSe4,component-e765a42161a2cd5d,False
external_candidate,uniform_family_first,72,319,La:0.1237006237|Li:0.0446985447|O:0.6237006237|Ti:0.2079002079,La0.595Li0.215TiO3,component-21f452ed084570e0,False
external_candidate,uniform_family_first,73,91,Br:0.03955696203|Cl:0.07911392405|Li:0.4462025316|P:0.07911392405|S:0.3560126582,Li5.64PS4.5ClBr0.5,component-864a0973e33a172f,False
external_candidate,uniform_family_first,74,164,Cl:0.622406639|In:0.07157676349|Li:0.27593361|Zr:0.03008298755,Li2.66In0.69Zr0.29Cl6,component-c68a57832f7e8eda,False
external_candidate,uniform_family_first,75,7,Al:0.005575489925|Li:0.06149599779|O:0.6624344466|P:0.1656086116|Ti:0.104885454,Li1.114Al0.101Ti1.9(PO4)3,component-1751b0c9bec9cfa2,False
external_candidate,uniform_family_first,76,460,Li:0.4324631101|S:0.4540295119|Sb:0.0170261067|Sn:0.09648127128,Li3.81Sn0.85Sb0.15S4,component-c070aaa1f32fc816,False
external_candidate,uniform_family_first,77,340,La:0.1315789474|Li:0.02631578947|O:0.6315789474|Ti:0.2105263158,La0.625Li0.125TiO3,component-21f452ed084570e0,False
external_candidate,uniform_family_first,78,39,Al:0.04|La:0.12|Li:0.08|O:0.6|Ti:0.16,(La0.6Li0.4)(Ti0.8Al0.2)O3,component-21f452ed084570e0,False
external_candidate,uniform_family_first,79,250,Ge:0.1111111111|Li:0.4444444444|O:0.4444444444,Li4GeO4,component-e765a42161a2cd5d,False
external_candidate,uniform_family_first,80,162,Cl:0.6060606061|In:0.09090909091|Li:0.2929292929|Zr:0.0101010101,Li2.9In0.9Zr0.1Cl6,component-c68a57832f7e8eda,False
external_candidate,uniform_family_first,81,385,Li:0.1428571429|Nd:0.1428571429|O:0.5714285714|Ti:0.1428571429,Li(NdTiO4),component-49fd470de09087f3,False
external_candidate,uniform_family_first,82,251,Ge:0.1111111111|Li:0.4444444444|S:0.1111111111|Se:0.3333333333,Li4GeSSe3,component-e765a42161a2cd5d,False
external_candidate,uniform_family_first,83,367,Li:0.05555555556|O:0.6666666667|P:0.1666666667|Sn:0.03333333333|Ti:0.07777777778,Li(Ti1.4Sn0.6)(PO4)3,component-2aea8a8a209c0c0c,False
external_candidate,uniform_family_first,84,325,La:0.1265822785|Li:0.2827004219|O:0.5063291139|Ta:0.01265822785|Zr:0.07172995781,Li6.7La3Zr1.7Ta0.3O12,component-9538ad9c5715847d,False
external_candidate,uniform_family_first,85,217,Ga:0.25|Li:0.25|O:0.5,LiGaO2,component-f1a63e35375195fa,False
external_candidate,uniform_family_first,86,349,La:0.1355932203|Li:0.01694915254|O:0.6355932203|Ti:0.2118644068,La0.64Li0.08TiO3,component-21f452ed084570e0,False
external_candidate,uniform_family_first,87,18,Al:0.01539641663|Li:0.06859898088|O:0.6574982193|P:0.1643745548|Ti:0.09413182839,Li1.252Al0.281Ti1.718(PO4)3,component-1751b0c9bec9cfa2,False
external_candidate,uniform_family_first,88,17,Al:0.0112501372|Li:0.06706179344|O:0.6585446164|P:0.1646361541|Ti:0.09850729887,Li1.222Al0.205Ti1.795(PO4)3,component-1751b0c9bec9cfa2,False
external_candidate,uniform_family_first,89,456,Li:0.4266055046|S:0.4587155963|Sb:0.02293577982|Sn:0.09174311927,Li3.72Sn0.8Sb0.2S4,component-c070aaa1f32fc816,False
external_candidate,uniform_family_first,90,335,La:0.1293103448|Li:0.2672413793|O:0.5172413793|Ta:0.03448275862|Zr:0.05172413793,Li6.2La3Zr1.2Ta0.8O12,component-9538ad9c5715847d,False
external_candidate,uniform_family_first,91,357,La:0.1|Li:0.1|O:0.6|Ti:0.2,La0.5Li0.5O3Ti1,component-21f452ed084570e0,False
external_candidate,uniform_family_first,92,330,La:0.1276595745|Li:0.2765957447|Nb:0.02127659574|O:0.5106382979|Zr:0.06382978723,Li6.5La3Zr1.5Nb0.5O12,component-9538ad9c5715847d,False
external_candidate,uniform_family_first,93,163,Cl:0.6147540984|In:0.07991803279|Li:0.2868852459|Zr:0.01844262295,Li2.8In0.78Zr0.18Cl6,component-c68a57832f7e8eda,False
external_candidate,uniform_family_first,94,33,Al:0.03225806452|Ge:0.03225806452|Li:0.08602150538|O:0.6451612903|P:0.1612903226|Ti:0.04301075269,Li1.6(Al0.6Ge0.6Ti0.8)(PO4)3,component-d77d678c12faf4d4,False
external_candidate,uniform_family_first,95,268,I:0.07228915663|Li:0.4728915663|S:0.3795180723|Sb:0.04141566265|Si:0.03388554217,Li6.28Si0.45Sb0.55S5.04I0.96,component-fd6acb7e688a0625,False
external_candidate,uniform_family_first,96,167,Cl:0.6315789474|In:0.05263157895|Li:0.2631578947|Zr:0.05263157895,Li2.5In0.5Zr0.5Cl6,component-c68a57832f7e8eda,False
external_candidate,uniform_family_first,97,30,Al:0.02|La:0.11|Li:0.09|O:0.6|Ti:0.18,(La0.55Li0.45)(Ti0.9Al0.1)O3,component-21f452ed084570e0,False
external_candidate,uniform_family_first,98,59,B:0.07142857143|Li:0.2142857143|O:0.5714285714|P:0.1428571429,Li3BP2O8,component-7fcb199d19799006,False
external_candidate,uniform_family_first,99,278,I:0.07574598317|Li:0.4644223412|S:0.3833205815|Sb:0.05049732211|Si:0.026013772,Li6.07Si0.34Sb0.66S5.01I0.99,component-fd6acb7e688a0625,False
external_candidate,uniform_family_first,100,255,Ge:0.1111111111|Li:0.4444444444|Se:0.4444444444,Li4GeSe4,component-e765a42161a2cd5d,False
external_candidate,uniform_family_first,101,31,Al:0.03225806452|Ge:0.01075268817|Li:0.08602150538|O:0.6451612903|P:0.1612903226|Ti:0.06451612903,Li1.6(Al0.6Ge0.2Ti1.2)(PO4)3,component-d77d678c12faf4d4,False
external_candidate,uniform_family_first,102,286,I:0.07927786499|Li:0.4505494505|S:0.3916797488|Sb:0.07221350078|Si:0.006279434851,Li5.74Si0.08Sb0.92S4.99I1.01,component-fd6acb7e688a0625,False
external_candidate,uniform_family_first,103,94,Br:0.07396449704|Cl:0.07396449704|Li:0.4304733728|P:0.07396449704|S:0.3476331361,Li5.82PS4.7ClBr,component-864a0973e33a172f,False
external_candidate,uniform_family_first,104,334,La:0.1282051282|Li:0.2735042735|O:0.5128205128|Ta:0.02564102564|Zr:0.05982905983,Li6.4La3Zr1.4Ta0.6O12,component-9538ad9c5715847d,False
external_candidate,uniform_family_first,105,169,Cl:0.6|In:0.1|Li:0.3,Li3InCl6,component-c68a57832f7e8eda,False
external_candidate,uniform_family_first,106,247,Ge:0.08571428571|Li:0.4285714286|O:0.4571428571|V:0.02857142857,Li3.75Ge0.75V0.25O4,component-0ad73f6417e66053,False
external_candidate,uniform_family_first,107,157,Cl:0.5714285714|Li:0.2857142857|Mn:0.1428571429,Li2MnCl4,component-37ec49522d82065c,False
external_candidate,uniform_family_first,108,322,La:0.1260504202|Li:0.2857142857|O:0.5042016807|Ta:0.008403361345|Zr:0.0756302521,Li6.8La3Zr1.8Ta0.2O12,component-9538ad9c5715847d,False
external_candidate,uniform_family_first,109,253,Ge:0.1111111111|Li:0.4444444444|S:0.3333333333|Se:0.1111111111,Li4GeS3Se,component-e765a42161a2cd5d,False
external_candidate,uniform_family_first,110,156,Cl:0.5714285714|Li:0.2857142857|Mg:0.1428571429,Li2MgCl4,component-37ec49522d82065c,False
external_candidate,uniform_family_first,111,315,La:0.1160164271|Li:0.06262833676|O:0.6160164271|Ti:0.205338809,La0.565Li0.305TiO3,component-21f452ed084570e0,False
external_candidate,uniform_family_first,112,353,La:0.1364877161|Li:0.2311191993|O:0.5459508644|Ta:0.06869881711|Zr:0.01774340309,La3Li5.08Ta1.51Zr0.39O12,component-715d7f4cc477853b,False
external_candidate,uniform_family_first,113,172,Co:0.02057613169|La:0.1378600823|Li:0.03909465021|O:0.6172839506|Ti:0.1851851852,Li0.19La0.67(Ti0.9Co0.1)O3,component-edf2c8506f6784d3,False
external_candidate,uniform_family_first,114,182,Cr:0.04166666667|Li:0.375|O:0.5|Te:0.08333333333,Li3(Li1.5Cr0.5Te)O6,component-2e864a32f95201a0,False
external_candidate,uniform_family_first,115,13,Al:0.01098901099|Ge:0.02197802198|Li:0.06593406593|O:0.6593406593|P:0.1648351648|Ti:0.07692307692,Li1.2(Al0.2Ge0.4Ti1.4)(PO4)3,component-d77d678c12faf4d4,False
external_candidate,uniform_family_first,116,88,Br:0.02384737679|Cl:0.07949125596|Li:0.4435612083|P:0.07949125596|S:0.373608903,Li5.58PS4.7ClBr0.3,component-864a0973e33a172f,False
external_candidate,uniform_family_first,117,359,La:0.225|Li:0.25|O:0.5|Sr:0.025,(La0.9Sr0.1)LiO2,component-e37baddd7483659e,False
external_candidate,uniform_family_first,118,444,Li:0.3954050786|P:0.08827085852|S:0.4836759371|Sn:0.03264812576,Li9.81Sn0.81P2.19S12,component-72e6f457205e515c,False
external_candidate,uniform_family_first,119,21,Al:0.02173913043|Ge:0.02173913043|Li:0.07608695652|O:0.652173913|P:0.1630434783|Ti:0.0652173913,Li1.4(Al0.4Ge0.4Ti1.2)(PO4)3,component-d77d678c12faf4d4,False
external_candidate,uniform_family_first,120,245,Ge:0.08011111111|Li:0.4444444444|S:0.4444444444|Sn:0.031,Li4Ge0.721Sn0.279S4,component-c070aaa1f32fc816,False
external_candidate,uniform_family_first,121,360,La:0.25|Li:0.25|O:0.5,LaLiO2,component-e37baddd7483659e,False
external_candidate,uniform_family_first,122,393,Li:0.1666666667|N:0.5|Si:0.3333333333,LiSi2N3,component-94e3acef4c28d550,False
external_candidate,uniform_family_first,123,467,Li:0.4444444444|S:0.4444444444|Sn:0.1111111111,Li4SnS4,component-c070aaa1f32fc816,False
external_candidate,uniform_family_first,124,283,I:0.07646622123|Li:0.4803266518|S:0.3689680772|Sb:0.05939123979|Sn:0.01484780995,Li6.47Sn0.2Sb0.8S4.97I1.03,component-fd6acb7e688a0625,False
external_candidate,uniform_family_first,125,416,Li:0.2666666667|O:0.5333333333|P:0.1333333333|Zn:0.06666666667,Li4Zn(PO4)2,component-6c0b8e88c79a5e35,False
external_candidate,uniform_family_first,126,461,Li:0.4337485844|S:0.4530011325|Sb:0.01132502831|Sn:0.1019252548,Li3.83Sn0.9Sb0.1S4,component-c070aaa1f32fc816,False
external_candidate,uniform_family_first,127,208,Fe:0.05657894737|Li:0.1052631579|O:0.6315789474|P:0.1578947368|Ti:0.04868421053,Li2Fe1.075Ti0.925P3O12,component-a7d5850a1d3b53ef,False
external_candidate,uniform_family_first,128,29,Al:0.02775062452|Li:0.07678939937|O:0.651678071|P:0.1629195178|Ti:0.08086238731,Li1.414Al0.511Ti1.489(PO4)3,component-1751b0c9bec9cfa2,False
external_candidate,uniform_family_first,129,356,La:0.1|Li:0.06|Na:0.04|O:0.6|Ti:0.2,La0.5Li0.3Na0.2O3Ti1,component-21f452ed084570e0,False
external_candidate,uniform_family_first,130,252,Ge:0.1111111111|Li:0.4444444444|S:0.2222222222|Se:0.2222222222,Li4GeS2Se2,component-e765a42161a2cd5d,False
external_candidate,uniform_family_first,131,368,Li:0.05555555556|O:0.6666666667|P:0.1666666667|Sn:0.07777777778|Ti:0.03333333333,Li(Ti0.6Sn1.4)(PO4)3,component-2aea8a8a209c0c0c,False
external_candidate,uniform_family_first,132,63,B:0.1666666667|H:0.6666666667|Li:0.1666666667,Li(BH4),component-2a71e0a499ed03ca,False
external_candidate,uniform_family_first,133,229,Ge:0.01697530864|I:0.07638888889|Li:0.4598765432|S:0.3865740741|Sb:0.06018518519,Li5.96Ge0.22Sb0.78S5.01I0.99,component-fd6acb7e688a0625,False
external_candidate,uniform_family_first,134,241,Ge:0.05555555556|Li:0.4444444444|Se:0.4444444444|Sn:0.05555555556,Li4Ge0.5Sn0.5Se4,component-e765a42161a2cd5d,False
external_candidate,uniform_family_first,135,434,Li:0.375|Mn:0.04166666667|O:0.5|Te:0.08333333333,Li3(Li1.5Mn0.5Te)O6,component-2e864a32f95201a0,False
external_candidate,uniform_family_first,136,246,Ge:0.08333333333|Li:0.4444444444|Se:0.4444444444|Sn:0.02777777778,Li4Ge0.75Sn0.25Se4,component-e765a42161a2cd5d,False
external_candidate,uniform_family_first,137,254,Ge:0.1111111111|Li:0.4444444444|S:0.4444444444,Li4GeS4,component-c070aaa1f32fc816,False
external_candidate,uniform_family_first,138,234,Ge:0.03252647504|I:0.0756429652|Li:0.4704992436|S:0.378214826|Sb:0.04311649017,Li6.22Ge0.43Sb0.57S5I,component-fd6acb7e688a0625,False
external_candidate,uniform_family_first,139,22,Al:0.02173913043|Ge:0.03260869565|Li:0.07608695652|O:0.652173913|P:0.1630434783|Ti:0.05434782609,Li1.4(Al0.4Ge0.6Ti)(PO4)3,component-d77d678c12faf4d4,False
external_candidate,uniform_family_first,140,26,Al:0.02285435101|Li:0.0771402204|O:0.6514304327|P:0.1628576082|Ti:0.08571738776,Li1.421Al0.421Ti1.579(PO4)3,component-1751b0c9bec9cfa2,False
external_candidate,uniform_family_first,141,374,Li:0.07346938776|Nd:0.1102040816|O:0.612244898|Ti:0.2040816327,Nd0.54Li0.36TiO3,component-022488b4edb8df14,False
external_candidate,uniform_family_first,142,463,Li:0.4444444444|S:0.1|Se:0.3444444444|Sn:0.1111111111,Li4SnS0.9Se3.1,component-e765a42161a2cd5d,False
external_candidate,uniform_family_first,143,44,Al:0.08|La:0.14|Li:0.06|O:0.6|Ti:0.12,(La0.7Li0.3)(Ti0.6Al0.4)O3,component-21f452ed084570e0,False
external_candidate,uniform_family_first,144,232,Ge:0.02|Li:0.4444444444|Se:0.4444444444|Sn:0.09111111111,Li4Ge0.18Sn0.82Se4,component-e765a42161a2cd5d,False
external_candidate,composition_novelty_family_first,1,294,In:0.2|Li:0.1|O:0.6|Sb:0.1,LiIn2SbO6,component-ac036796a9cc3192,True
external_candidate,composition_novelty_family_first,2,375,Li:0.08024691358|O:0.6090534979|Pr:0.1049382716|Ti:0.2057613169,Pr0.51Li0.39TiO2.96,component-022488b4edb8df14,True
external_candidate,composition_novelty_family_first,3,85,Bi:0.25|Li:0.25|O:0.5,LiBiO2,component-d698ad42acc6f36f,True
external_candidate,composition_novelty_family_first,4,169,Cl:0.6|In:0.1|Li:0.3,Li3InCl6,component-c68a57832f7e8eda,True
external_candidate,composition_novelty_family_first,5,155,Cl:0.5714285714|Cr:0.1428571429|Li:0.2857142857,Li2CrCl4,component-42f535930d9218fc,True
external_candidate,composition_novelty_family_first,6,394,Li:0.1666666667|Na:0.2777777778|S:0.4444444444|Ti:0.1111111111,Li3Na5(TiS4)2,component-8ef18f4be6109927,True
external_candidate,composition_novelty_family_first,7,295,K:0.02|Li:0.18|O:0.6|Sb:0.2,(K0.1Li0.9)(SbO3),component-f164aba2b81882f9,True
external_candidate,composition_novelty_family_first,8,468,Li:0.4444444444|Se:0.4444444444|Sn:0.1111111111,Li4SnSe4,component-e765a42161a2cd5d,True
external_candidate,composition_novelty_family_first,9,123,Br:0.6666666667|Ga:0.1666666667|Li:0.1666666667,LiGaBr4,component-fa5653c94495539a,True
external_candidate,composition_novelty_family_first,10,403,Li:0.1|Mn:0.2|O:0.6|Te:0.1,LiMn2TeO6,component-cc8eb4822ea3c7a0,True
external_candidate,composition_novelty_family_first,11,393,Li:0.1666666667|N:0.5|Si:0.3333333333,LiSi2N3,component-94e3acef4c28d550,True
external_candidate,composition_novelty_family_first,12,293,In:0.05660377358|Li:0.1090146751|O:0.6289308176|P:0.1572327044|Ti:0.04821802935,Li2.08Ti0.92In1.08P3O12,component-a7d5850a1d3b53ef,True
external_candidate,composition_novelty_family_first,13,182,Cr:0.04166666667|Li:0.375|O:0.5|Te:0.08333333333,Li3(Li1.5Cr0.5Te)O6,component-2e864a32f95201a0,True
external_candidate,composition_novelty_family_first,14,62,B:0.1666666667|Ce:0.05555555556|Cl:0.05555555556|H:0.6666666667|Li:0.05555555556,LiCe(BH4)3Cl,component-9fa8e1338292e83b,True
external_candidate,composition_novelty_family_first,15,166,Cl:0.629590766|Er:0.055613851|Li:0.2654774397|Zr:0.04931794334,Li2.53Er0.53Zr0.47Cl6,component-c15bf60682542e1c,True
external_candidate,composition_novelty_family_first,16,156,Cl:0.5714285714|Li:0.2857142857|Mg:0.1428571429,Li2MgCl4,component-37ec49522d82065c,True
external_candidate,composition_novelty_family_first,17,181,Co:0.09090909091|Li:0.2727272727|O:0.5454545455|Te:0.09090909091,Li3CoTeO6,component-0a1bf62c483c3d35,True
external_candidate,composition_novelty_family_first,18,58,B:0.07142857143|Li:0.1428571429|Na:0.07142857143|O:0.5714285714|P:0.1428571429,Li2NaBP2O8,component-7fcb199d19799006,True
external_candidate,composition_novelty_family_first,19,474,Li:0.5714285714|N:0.2857142857|Sr:0.1428571429,Li4SrN2,component-af5c59da78f6f5e9,True
external_candidate,composition_novelty_family_first,20,180,Co:0.08333333333|Li:0.3333333333|O:0.5|Te:0.08333333333,Li8Co2Te2O12,component-f09f77e8ebc487de,True
external_candidate,composition_novelty_family_first,21,61,B:0.1666666667|Ca:0.08333333333|F:0.08333333333|Li:0.25|O:0.4166666667,Li3CaB2O5F,component-8a61e3e41857b7c9,True
external_candidate,composition_novelty_family_first,22,217,Ga:0.25|Li:0.25|O:0.5,LiGaO2,component-f1a63e35375195fa,True
external_candidate,composition_novelty_family_first,23,421,Li:0.2|O:0.6|V:0.2,LiVO3,component-a846d0d6dbbddb08,True
external_candidate,composition_novelty_family_first,24,196,F:0.125|Fe:0.125|Li:0.125|O:0.5|P:0.125,LiFe(PO4)F,component-b51556d2e940fc10,True
external_candidate,composition_novelty_family_first,25,262,Ge:0.2916666667|Li:0.08333333333|O:0.625,Li2Ge7O15,component-9eaac6273622ea6b,True
external_candidate,composition_novelty_family_first,26,65,B:0.1818181818|H:0.7272727273|Li:0.04545454545|Y:0.04545454545,LiY(BH4)4,component-2a71e0a499ed03ca,True
external_candidate,composition_novelty_family_first,27,385,Li:0.1428571429|Nd:0.1428571429|O:0.5714285714|Ti:0.1428571429,Li(NdTiO4),component-49fd470de09087f3,True
external_candidate,composition_novelty_family_first,28,257,Ge:0.125|Li:0.25|O:0.5|Zn:0.125,Li2ZnGeO4,component-4334a435eca1fbda,True
external_candidate,composition_novelty_family_first,29,139,Ce:0.03296703297|La:0.1318681319|Li:0.2527472527|Nb:0.05494505495|O:0.5274725275,Li5.75La3Nb1.25Ce0.75O12,component-b3ee152f7464c9e7,True
external_candidate,composition_novelty_family_first,30,133,Ca:0.04752376188|Li:0.04902451226|O:0.6003001501|P:0.1500750375|Pb:0.1530765383,Pb6.12Ca1.9Li1.96(PO4)6,component-422e6de1dc0ae59a,True
external_candidate,composition_novelty_family_first,31,481,Li:0.75|N:0.25,Li3N,component-9aac23560fbd0a52,True
external_candidate,composition_novelty_family_first,32,48,Al:0.1428571429|Li:0.1428571429|O:0.5714285714|Si:0.1428571429,LiAlSiO4,component-02650e3b427bf6d5,True
external_candidate,composition_novelty_family_first,33,356,La:0.1|Li:0.06|Na:0.04|O:0.6|Ti:0.2,La0.5Li0.3Na0.2O3Ti1,component-21f452ed084570e0,True
external_candidate,composition_novelty_family_first,34,185,Cs:0.04|Li:0.2|Mn:0.04|O:0.56|P:0.16,CsLi5Mn(P2O7)2,component-c31acf0dcf5558c4,True
external_candidate,composition_novelty_family_first,35,467,Li:0.4444444444|S:0.4444444444|Sn:0.1111111111,Li4SnS4,component-c070aaa1f32fc816,True
external_candidate,composition_novelty_family_first,36,361,La:0.2604166667|Li:0.1979166667|Mg:0.02083333333|O:0.5208333333,La(Li0.76Mg0.08)O2,component-e37baddd7483659e,True
external_candidate,composition_novelty_family_first,37,380,Li:0.1282051282|O:0.6153846154|P:0.1538461538|V:0.1025641026,Li2.5V2(PO4)3,component-197ac27fe90328b2,True
external_candidate,composition_novelty_family_first,38,423,Li:0.3023457863|P:0.03475238923|S:0.5212858384|Si:0.07428323197|Sn:0.06733275413,Li6.96Sn1.55Si1.71P0.8S12,component-9360d422928dd2b7,True
external_candidate,composition_novelty_family_first,39,286,I:0.07927786499|Li:0.4505494505|S:0.3916797488|Sb:0.07221350078|Si:0.006279434851,Li5.74Si0.08Sb0.92S4.99I1.01,component-fd6acb7e688a0625,True
external_candidate,composition_novelty_family_first,40,435,Li:0.375|N:0.125|O:0.375|S:0.125,Li3(SO3)N,component-fe94550320fb2c0c,True
external_candidate,composition_novelty_family_first,41,204,Fe:0.02283105023|Ge:0.08588823657|Li:0.07588606219|O:0.6523157208|P:0.1630789302,Li1.396Fe0.42Ge1.58(PO4)3,component-522ebac993ddfc90,True
external_candidate,composition_novelty_family_first,42,248,Ge:0.09770114943|Li:0.4252873563|O:0.4597701149|W:0.01724137931,Li3.70Ge0.85W0.15O4,component-0ad73f6417e66053,True
external_candidate,composition_novelty_family_first,43,367,Li:0.05555555556|O:0.6666666667|P:0.1666666667|Sn:0.03333333333|Ti:0.07777777778,Li(Ti1.4Sn0.6)(PO4)3,component-2aea8a8a209c0c0c,True
external_candidate,composition_novelty_family_first,44,383,Li:0.1428571429|Mg:0.1428571429|O:0.5714285714|P:0.1428571429,LiMgPO4,component-658d336280cea144,True
external_candidate,composition_novelty_family_first,45,211,Ga:0.03448275862|Li:0.2413793103|O:0.5517241379|P:0.1379310345|Zn:0.03448275862,Li3.5Zn0.5Ga0.5(PO4)2,component-6c0b8e88c79a5e35,True
external_candidate,composition_novelty_family_first,46,216,Ga:0.1|Li:0.5|S:0.4,Li5GaS4,component-95dd48f923dfd756,True
external_candidate,composition_novelty_family_first,47,172,Co:0.02057613169|La:0.1378600823|Li:0.03909465021|O:0.6172839506|Ti:0.1851851852,Li0.19La0.67(Ti0.9Co0.1)O3,component-edf2c8506f6784d3,True
external_candidate,composition_novelty_family_first,48,310,La:0.09090909091|Li:0.09090909091|Nb:0.1818181818|O:0.6363636364,LiLaNb2O7,component-90f2532a956b2036,True
external_candidate,composition_novelty_family_first,49,33,Al:0.03225806452|Ge:0.03225806452|Li:0.08602150538|O:0.6451612903|P:0.1612903226|Ti:0.04301075269,Li1.6(Al0.6Ge0.6Ti0.8)(PO4)3,component-d77d678c12faf4d4,True
external_candidate,composition_novelty_family_first,50,479,Li:0.6657142857|P:0.2857142857|Si:0.04857142857,Li2.33PSi0.17,component-e732dea4ad2fb342,True
external_candidate,composition_novelty_family_first,51,144,Cl:0.01213592233|Li:0.3859223301|O:0.01213592233|P:0.05825242718|S:0.4611650485|Si:0.07038834951,Li9.54Si1.74P1.44S11.4Cl0.3O0.3,component-314d75ed53e5e991,True
external_candidate,composition_novelty_family_first,52,94,Br:0.07396449704|Cl:0.07396449704|Li:0.4304733728|P:0.07396449704|S:0.3476331361,Li5.82PS4.7ClBr,component-864a0973e33a172f,True
external_candidate,composition_novelty_family_first,53,69,B:0.25|Li:0.25|O:0.5,LiBO2,component-21e7f685f9aa879e,True
external_candidate,composition_novelty_family_first,54,439,Li:0.375|S:0.5|Sb:0.125,Li3SbS4,component-7771fc0e7b635877,True
external_candidate,composition_novelty_family_first,55,371,Li:0.05555555556|O:0.6666666667|P:0.1666666667|Ti:0.1111111111,LiTi2(PO4)3,component-1751b0c9bec9cfa2,True
external_candidate,composition_novelty_family_first,56,366,Li:0.05027932961|Nb:0.01117318436|O:0.6703910615|P:0.1675977654|Ti:0.1005586592,	Li0.9Nb0.2O12P3Ti1.8,component-b156a0dd8a38892d,True
external_candidate,composition_novelty_family_first,57,353,La:0.1364877161|Li:0.2311191993|O:0.5459508644|Ta:0.06869881711|Zr:0.01774340309,La3Li5.08Ta1.51Zr0.39O12,component-715d7f4cc477853b,True
external_candidate,composition_novelty_family_first,58,330,La:0.1276595745|Li:0.2765957447|Nb:0.02127659574|O:0.5106382979|Zr:0.06382978723,Li6.5La3Zr1.5Nb0.5O12,component-9538ad9c5715847d,True
external_candidate,composition_novelty_family_first,59,428,Li:0.3333333333|P:0.1666666667|S:0.5,Li4P2S6,component-add16a77287243fe,True
external_candidate,composition_novelty_family_first,60,329,La:0.1276595745|Li:0.2765957447|Mo:0.01063829787|O:0.5106382979|Zr:0.07446808511,Li6.5La3Zr1.75Mo0.25O12,component-fadf7e803da09fb1,True
external_candidate,composition_novelty_family_first,61,447,Li:0.4047619048|O:0.4761904762|S:0.03571428571|Si:0.08333333333,Li3.4Si0.7S0.3O4,component-ccf7ec7c08f1f450,True
external_candidate,composition_novelty_family_first,62,444,Li:0.3954050786|P:0.08827085852|S:0.4836759371|Sn:0.03264812576,Li9.81Sn0.81P2.19S12,component-72e6f457205e515c,True
external_candidate,composition_novelty_family_first,63,317,La:0.1195876289|Li:0.05567010309|O:0.618556701|Ti:0.206185567,La0.58Li0.27TiO3,component-d5d8b9ddf1098984,True
external_candidate,composition_novelty_family_first,64,162,Cl:0.6060606061|In:0.09090909091|Li:0.2929292929|Zr:0.0101010101,Li2.9In0.9Zr0.1Cl6,component-c68a57832f7e8eda,False
external_candidate,composition_novelty_family_first,65,232,Ge:0.02|Li:0.4444444444|Se:0.4444444444|Sn:0.09111111111,Li4Ge0.18Sn0.82Se4,component-e765a42161a2cd5d,False
external_candidate,composition_novelty_family_first,66,463,Li:0.4444444444|S:0.1|Se:0.3444444444|Sn:0.1111111111,Li4SnS0.9Se3.1,component-e765a42161a2cd5d,False
external_candidate,composition_novelty_family_first,67,241,Ge:0.05555555556|Li:0.4444444444|Se:0.4444444444|Sn:0.05555555556,Li4Ge0.5Sn0.5Se4,component-e765a42161a2cd5d,False
external_candidate,composition_novelty_family_first,68,255,Ge:0.1111111111|Li:0.4444444444|Se:0.4444444444,Li4GeSe4,component-e765a42161a2cd5d,False
external_candidate,composition_novelty_family_first,69,246,Ge:0.08333333333|Li:0.4444444444|Se:0.4444444444|Sn:0.02777777778,Li4Ge0.75Sn0.25Se4,component-e765a42161a2cd5d,False
external_candidate,composition_novelty_family_first,70,163,Cl:0.6147540984|In:0.07991803279|Li:0.2868852459|Zr:0.01844262295,Li2.8In0.78Zr0.18Cl6,component-c68a57832f7e8eda,False
external_candidate,composition_novelty_family_first,71,251,Ge:0.1111111111|Li:0.4444444444|S:0.1111111111|Se:0.3333333333,Li4GeSSe3,component-e765a42161a2cd5d,False
external_candidate,composition_novelty_family_first,72,464,Li:0.4444444444|S:0.2222222222|Se:0.2222222222|Sn:0.1111111111,Li4SnS2Se2,component-e765a42161a2cd5d,False
external_candidate,composition_novelty_family_first,73,164,Cl:0.622406639|In:0.07157676349|Li:0.27593361|Zr:0.03008298755,Li2.66In0.69Zr0.29Cl6,component-c68a57832f7e8eda,False
external_candidate,composition_novelty_family_first,74,165,Cl:0.625|In:0.0625|Li:0.2708333333|Zr:0.04166666667,Li2.6In0.6Zr0.4Cl6,component-c68a57832f7e8eda,False
external_candidate,composition_novelty_family_first,75,470,Li:0.4|N:0.4|Si:0.2,Li2SiN2,component-94e3acef4c28d550,False
external_candidate,composition_novelty_family_first,76,252,Ge:0.1111111111|Li:0.4444444444|S:0.2222222222|Se:0.2222222222,Li4GeS2Se2,component-e765a42161a2cd5d,False
external_candidate,composition_novelty_family_first,77,167,Cl:0.6315789474|In:0.05263157895|Li:0.2631578947|Zr:0.05263157895,Li2.5In0.5Zr0.5Cl6,component-c68a57832f7e8eda,False
external_candidate,composition_novelty_family_first,78,158,Cl:0.5714285714|Li:0.2857142857|V:0.1428571429,Li2VCl4,component-37ec49522d82065c,False
external_candidate,composition_novelty_family_first,79,465,Li:0.4444444444|S:0.3333333333|Se:0.1111111111|Sn:0.1111111111,Li4SnS3Se,component-e765a42161a2cd5d,False
external_candidate,composition_novelty_family_first,80,374,Li:0.07346938776|Nd:0.1102040816|O:0.612244898|Ti:0.2040816327,Nd0.54Li0.36TiO3,component-022488b4edb8df14,False
external_candidate,composition_novelty_family_first,81,218,Ga:0.25|Li:0.25|S:0.5,LiGaS2,component-f1a63e35375195fa,False
external_candidate,composition_novelty_family_first,82,434,Li:0.375|Mn:0.04166666667|O:0.5|Te:0.08333333333,Li3(Li1.5Mn0.5Te)O6,component-2e864a32f95201a0,False
external_candidate,composition_novelty_family_first,83,35,Al:0.04166666667|Li:0.375|O:0.5|Te:0.08333333333,Li3(Li1.5Al0.5Te)O6,component-2e864a32f95201a0,False
external_candidate,composition_novelty_family_first,84,253,Ge:0.1111111111|Li:0.4444444444|S:0.3333333333|Se:0.1111111111,Li4GeS3Se,component-e765a42161a2cd5d,False
external_candidate,composition_novelty_family_first,85,208,Fe:0.05657894737|Li:0.1052631579|O:0.6315789474|P:0.1578947368|Ti:0.04868421053,Li2Fe1.075Ti0.925P3O12,component-a7d5850a1d3b53ef,False
external_candidate,composition_novelty_family_first,86,44,Al:0.08|La:0.14|Li:0.06|O:0.6|Ti:0.12,(La0.7Li0.3)(Ti0.6Al0.4)O3,component-21f452ed084570e0,False
external_candidate,composition_novelty_family_first,87,360,La:0.25|Li:0.25|O:0.5,LaLiO2,component-e37baddd7483659e,False
external_candidate,composition_novelty_family_first,88,359,La:0.225|Li:0.25|O:0.5|Sr:0.025,(La0.9Sr0.1)LiO2,component-e37baddd7483659e,False
external_candidate,composition_novelty_family_first,89,461,Li:0.4337485844|S:0.4530011325|Sb:0.01132502831|Sn:0.1019252548,Li3.83Sn0.9Sb0.1S4,component-c070aaa1f32fc816,False
external_candidate,composition_novelty_family_first,90,229,Ge:0.01697530864|I:0.07638888889|Li:0.4598765432|S:0.3865740741|Sb:0.06018518519,Li5.96Ge0.22Sb0.78S5.01I0.99,component-fd6acb7e688a0625,False
external_candidate,composition_novelty_family_first,91,460,Li:0.4324631101|S:0.4540295119|Sb:0.0170261067|Sn:0.09648127128,Li3.81Sn0.85Sb0.15S4,component-c070aaa1f32fc816,False
external_candidate,composition_novelty_family_first,92,63,B:0.1666666667|H:0.6666666667|Li:0.1666666667,Li(BH4),component-2a71e0a499ed03ca,False
external_candidate,composition_novelty_family_first,93,456,Li:0.4266055046|S:0.4587155963|Sb:0.02293577982|Sn:0.09174311927,Li3.72Sn0.8Sb0.2S4,component-c070aaa1f32fc816,False
external_candidate,composition_novelty_family_first,94,283,I:0.07646622123|Li:0.4803266518|S:0.3689680772|Sb:0.05939123979|Sn:0.01484780995,Li6.47Sn0.2Sb0.8S4.97I1.03,component-fd6acb7e688a0625,False
external_candidate,composition_novelty_family_first,95,245,Ge:0.08011111111|Li:0.4444444444|S:0.4444444444|Sn:0.031,Li4Ge0.721Sn0.279S4,component-c070aaa1f32fc816,False
external_candidate,composition_novelty_family_first,96,41,Al:0.06|La:0.13|Li:0.07|O:0.6|Ti:0.14,(La0.65Li0.35)(Ti0.7Al0.3)O3,component-21f452ed084570e0,False
external_candidate,composition_novelty_family_first,97,368,Li:0.05555555556|O:0.6666666667|P:0.1666666667|Sn:0.07777777778|Ti:0.03333333333,Li(Ti0.6Sn1.4)(PO4)3,component-2aea8a8a209c0c0c,False
external_candidate,composition_novelty_family_first,98,240,Ge:0.05511111111|Li:0.4444444444|S:0.4444444444|Sn:0.056,Li4Ge0.496Sn0.504S4,component-c070aaa1f32fc816,False
external_candidate,composition_novelty_family_first,99,230,Ge:0.02533333333|Li:0.4444444444|S:0.4444444444|Sn:0.08577777778,Li4Ge0.228Sn0.772S4,component-c070aaa1f32fc816,False
external_candidate,composition_novelty_family_first,100,234,Ge:0.03252647504|I:0.0756429652|Li:0.4704992436|S:0.378214826|Sb:0.04311649017,Li6.22Ge0.43Sb0.57S5I,component-fd6acb7e688a0625,False
external_candidate,composition_novelty_family_first,101,278,I:0.07574598317|Li:0.4644223412|S:0.3833205815|Sb:0.05049732211|Si:0.026013772,Li6.07Si0.34Sb0.66S5.01I0.99,component-fd6acb7e688a0625,False
external_candidate,composition_novelty_family_first,102,254,Ge:0.1111111111|Li:0.4444444444|S:0.4444444444,Li4GeS4,component-c070aaa1f32fc816,False
external_candidate,composition_novelty_family_first,103,171,Co:0.02024291498|La:0.1275303644|Li:0.06275303644|O:0.6072874494|Ti:0.1821862348,Li0.31La0.63((Ti0.9Co0.1)O3,component-edf2c8506f6784d3,False
external_candidate,composition_novelty_family_first,104,59,B:0.07142857143|Li:0.2142857143|O:0.5714285714|P:0.1428571429,Li3BP2O8,component-7fcb199d19799006,False
external_candidate,composition_novelty_family_first,105,268,I:0.07228915663|Li:0.4728915663|S:0.3795180723|Sb:0.04141566265|Si:0.03388554217,Li6.28Si0.45Sb0.55S5.04I0.96,component-fd6acb7e688a0625,False
external_candidate,composition_novelty_family_first,106,369,Li:0.05555555556|O:0.6666666667|P:0.1666666667|Sn:0.08888888889|Ti:0.02222222222,Li(Ti0.4Sn1.6)(PO4)3,component-2aea8a8a209c0c0c,False
external_candidate,composition_novelty_family_first,107,210,Ga:0.02040816327|Li:0.2517006803|O:0.5442176871|P:0.1360544218|Zn:0.04761904762,Li3.7Zn0.7Ga0.3(PO4)2,component-6c0b8e88c79a5e35,False
external_candidate,composition_novelty_family_first,108,39,Al:0.04|La:0.12|Li:0.08|O:0.6|Ti:0.16,(La0.6Li0.4)(Ti0.8Al0.2)O3,component-21f452ed084570e0,False
external_candidate,composition_novelty_family_first,109,14,Al:0.01098901099|Ge:0.03296703297|Li:0.06593406593|O:0.6593406593|P:0.1648351648|Ti:0.06593406593,Li1.2(Al0.2Ge0.6Ti1.2)(PO4)3,component-d77d678c12faf4d4,False
external_candidate,composition_novelty_family_first,110,22,Al:0.02173913043|Ge:0.03260869565|Li:0.07608695652|O:0.652173913|P:0.1630434783|Ti:0.05434782609,Li1.4(Al0.4Ge0.6Ti)(PO4)3,component-d77d678c12faf4d4,False
external_candidate,composition_novelty_family_first,111,416,Li:0.2666666667|O:0.5333333333|P:0.1333333333|Zn:0.06666666667,Li4Zn(PO4)2,component-6c0b8e88c79a5e35,False
external_candidate,composition_novelty_family_first,112,157,Cl:0.5714285714|Li:0.2857142857|Mn:0.1428571429,Li2MnCl4,component-37ec49522d82065c,False
external_candidate,composition_novelty_family_first,113,32,Al:0.03225806452|Ge:0.02150537634|Li:0.08602150538|O:0.6451612903|P:0.1612903226|Ti:0.05376344086,Li1.6(Al0.6Ge0.4Ti)(PO4)3,component-d77d678c12faf4d4,False
external_candidate,composition_novelty_family_first,114,247,Ge:0.08571428571|Li:0.4285714286|O:0.4571428571|V:0.02857142857,Li3.75Ge0.75V0.25O4,component-0ad73f6417e66053,False
external_candidate,composition_novelty_family_first,115,355,La:0.1428571429|Li:0.1428571429|O:0.5714285714|Ti:0.1428571429,Li(LaTiO4),component-49fd470de09087f3,False
external_candidate,composition_novelty_family_first,116,13,Al:0.01098901099|Ge:0.02197802198|Li:0.06593406593|O:0.6593406593|P:0.1648351648|Ti:0.07692307692,Li1.2(Al0.2Ge0.4Ti1.4)(PO4)3,component-d77d678c12faf4d4,False
external_candidate,composition_novelty_family_first,117,21,Al:0.02173913043|Ge:0.02173913043|Li:0.07608695652|O:0.652173913|P:0.1630434783|Ti:0.0652173913,Li1.4(Al0.4Ge0.4Ti1.2)(PO4)3,component-d77d678c12faf4d4,False
external_candidate,composition_novelty_family_first,118,267,I:0.07066869301|Li:0.4680851064|S:0.3852583587|Sb:0.02887537994|Si:0.04711246201,Li6.16Si0.62Sb0.38S5.07I0.93,component-fd6acb7e688a0625,False
external_candidate,composition_novelty_family_first,119,31,Al:0.03225806452|Ge:0.01075268817|Li:0.08602150538|O:0.6451612903|P:0.1612903226|Ti:0.06451612903,Li1.6(Al0.6Ge0.2Ti1.2)(PO4)3,component-d77d678c12faf4d4,False
external_candidate,composition_novelty_family_first,120,92,Br:0.05591054313|Cl:0.07987220447|Li:0.4408945687|P:0.07987220447|S:0.3434504792,Li5.52PS4.3ClBr0.7,component-864a0973e33a172f,False
external_candidate,composition_novelty_family_first,121,20,Al:0.02173913043|Ge:0.01086956522|Li:0.07608695652|O:0.652173913|P:0.1630434783|Ti:0.07608695652,Li1.4(Al0.4Ge0.2Ti1.4)(PO4)3,component-d77d678c12faf4d4,False
external_candidate,composition_novelty_family_first,122,30,Al:0.02|La:0.11|Li:0.09|O:0.6|Ti:0.18,(La0.55Li0.45)(Ti0.9Al0.1)O3,component-21f452ed084570e0,False
external_candidate,composition_novelty_family_first,123,91,Br:0.03955696203|Cl:0.07911392405|Li:0.4462025316|P:0.07911392405|S:0.3560126582,Li5.64PS4.5ClBr0.5,component-864a0973e33a172f,False
external_candidate,composition_novelty_family_first,124,250,Ge:0.1111111111|Li:0.4444444444|O:0.4444444444,Li4GeO4,component-e765a42161a2cd5d,False
external_candidate,composition_novelty_family_first,125,357,La:0.1|Li:0.1|O:0.6|Ti:0.2,La0.5Li0.5O3Ti1,component-21f452ed084570e0,False
external_candidate,composition_novelty_family_first,126,88,Br:0.02384737679|Cl:0.07949125596|Li:0.4435612083|P:0.07949125596|S:0.373608903,Li5.58PS4.7ClBr0.3,component-864a0973e33a172f,False
external_candidate,composition_novelty_family_first,127,335,La:0.1293103448|Li:0.2672413793|O:0.5172413793|Ta:0.03448275862|Zr:0.05172413793,Li6.2La3Zr1.2Ta0.8O12,component-9538ad9c5715847d,False
external_candidate,composition_novelty_family_first,128,349,La:0.1355932203|Li:0.01694915254|O:0.6355932203|Ti:0.2118644068,La0.64Li0.08TiO3,component-21f452ed084570e0,False
external_candidate,composition_novelty_family_first,129,341,La:0.1319261214|Li:0.2524186456|O:0.5277044855|Ta:0.0219876869|Zr:0.06596306069,Li5.74La3Zr1.5Ta0.5O12,component-715d7f4cc477853b,False
external_candidate,composition_novelty_family_first,130,7,Al:0.005575489925|Li:0.06149599779|O:0.6624344466|P:0.1656086116|Ti:0.104885454,Li1.114Al0.101Ti1.9(PO4)3,component-1751b0c9bec9cfa2,False
external_candidate,composition_novelty_family_first,131,25,Al:0.02222707662|Li:0.07165092021|O:0.6553437824|P:0.1638359456|Ti:0.08694227514,Li1.312Al0.407Ti1.592(PO4)3,component-1751b0c9bec9cfa2,False
external_candidate,composition_novelty_family_first,132,340,La:0.1315789474|Li:0.02631578947|O:0.6315789474|Ti:0.2105263158,La0.625Li0.125TiO3,component-21f452ed084570e0,False
external_candidate,composition_novelty_family_first,133,26,Al:0.02285435101|Li:0.0771402204|O:0.6514304327|P:0.1628576082|Ti:0.08571738776,Li1.421Al0.421Ti1.579(PO4)3,component-1751b0c9bec9cfa2,False
external_candidate,composition_novelty_family_first,134,334,La:0.1282051282|Li:0.2735042735|O:0.5128205128|Ta:0.02564102564|Zr:0.05982905983,Li6.4La3Zr1.4Ta0.6O12,component-9538ad9c5715847d,False
external_candidate,composition_novelty_family_first,135,450,Li:0.4082840237|P:0.0650887574|S:0.4733727811|Si:0.05325443787,Li10.35Si1.35P1.65S12,component-72e6f457205e515c,False
external_candidate,composition_novelty_family_first,136,327,La:0.1271186441|Li:0.2796610169|O:0.5084745763|Ta:0.01694915254|Zr:0.06779661017,Li6.6La3Zr1.6Ta0.4O12,component-9538ad9c5715847d,False
external_candidate,composition_novelty_family_first,137,319,La:0.1237006237|Li:0.0446985447|O:0.6237006237|Ti:0.2079002079,La0.595Li0.215TiO3,component-21f452ed084570e0,False
external_candidate,composition_novelty_family_first,138,322,La:0.1260504202|Li:0.2857142857|O:0.5042016807|Ta:0.008403361345|Zr:0.0756302521,Li6.8La3Zr1.8Ta0.2O12,component-9538ad9c5715847d,False
external_candidate,composition_novelty_family_first,139,325,La:0.1265822785|Li:0.2827004219|O:0.5063291139|Ta:0.01265822785|Zr:0.07172995781,Li6.7La3Zr1.7Ta0.3O12,component-9538ad9c5715847d,False
external_candidate,composition_novelty_family_first,140,29,Al:0.02775062452|Li:0.07678939937|O:0.651678071|P:0.1629195178|Ti:0.08086238731,Li1.414Al0.511Ti1.489(PO4)3,component-1751b0c9bec9cfa2,False
external_candidate,composition_novelty_family_first,141,18,Al:0.01539641663|Li:0.06859898088|O:0.6574982193|P:0.1643745548|Ti:0.09413182839,Li1.252Al0.281Ti1.718(PO4)3,component-1751b0c9bec9cfa2,False
external_candidate,composition_novelty_family_first,142,315,La:0.1160164271|Li:0.06262833676|O:0.6160164271|Ti:0.205338809,La0.565Li0.305TiO3,component-21f452ed084570e0,False
external_candidate,composition_novelty_family_first,143,17,Al:0.0112501372|Li:0.06706179344|O:0.6585446164|P:0.1646361541|Ti:0.09850729887,Li1.222Al0.205Ti1.795(PO4)3,component-1751b0c9bec9cfa2,False
external_candidate,composition_novelty_family_first,144,333,La:0.1276595745|Li:0.2765957447|O:0.5106382979|Ta:0.02127659574|Zr:0.06382978723,Li6.5La3Zr1.5Ta0.5O12,component-9538ad9c5715847d,False
external_candidate,obelix_family_first,1,450,Li:0.4082840237|P:0.0650887574|S:0.4733727811|Si:0.05325443787,Li10.35Si1.35P1.65S12,component-72e6f457205e515c,True
external_candidate,obelix_family_first,2,26,Al:0.02285435101|Li:0.0771402204|O:0.6514304327|P:0.1628576082|Ti:0.08571738776,Li1.421Al0.421Ti1.579(PO4)3,component-1751b0c9bec9cfa2,True
external_candidate,obelix_family_first,3,423,Li:0.3023457863|P:0.03475238923|S:0.5212858384|Si:0.07428323197|Sn:0.06733275413,Li6.96Sn1.55Si1.71P0.8S12,component-9360d422928dd2b7,True
external_candidate,obelix_family_first,4,329,La:0.1276595745|Li:0.2765957447|Mo:0.01063829787|O:0.5106382979|Zr:0.07446808511,Li6.5La3Zr1.75Mo0.25O12,component-fadf7e803da09fb1,True
external_candidate,obelix_family_first,5,144,Cl:0.01213592233|Li:0.3859223301|O:0.01213592233|P:0.05825242718|S:0.4611650485|Si:0.07038834951,Li9.54Si1.74P1.44S11.4Cl0.3O0.3,component-314d75ed53e5e991,True
external_candidate,obelix_family_first,6,333,La:0.1276595745|Li:0.2765957447|O:0.5106382979|Ta:0.02127659574|Zr:0.06382978723,Li6.5La3Zr1.5Ta0.5O12,component-9538ad9c5715847d,True
external_candidate,obelix_family_first,7,208,Fe:0.05657894737|Li:0.1052631579|O:0.6315789474|P:0.1578947368|Ti:0.04868421053,Li2Fe1.075Ti0.925P3O12,component-a7d5850a1d3b53ef,True
external_candidate,obelix_family_first,8,169,Cl:0.6|In:0.1|Li:0.3,Li3InCl6,component-c68a57832f7e8eda,True
external_candidate,obelix_family_first,9,157,Cl:0.5714285714|Li:0.2857142857|Mn:0.1428571429,Li2MnCl4,component-37ec49522d82065c,True
external_candidate,obelix_family_first,10,155,Cl:0.5714285714|Cr:0.1428571429|Li:0.2857142857,Li2CrCl4,component-42f535930d9218fc,True
external_candidate,obelix_family_first,11,20,Al:0.02173913043|Ge:0.01086956522|Li:0.07608695652|O:0.652173913|P:0.1630434783|Ti:0.07608695652,Li1.4(Al0.4Ge0.2Ti1.4)(PO4)3,component-d77d678c12faf4d4,True
external_candidate,obelix_family_first,12,315,La:0.1160164271|Li:0.06262833676|O:0.6160164271|Ti:0.205338809,La0.565Li0.305TiO3,component-21f452ed084570e0,True
external_candidate,obelix_family_first,13,428,Li:0.3333333333|P:0.1666666667|S:0.5,Li4P2S6,component-add16a77287243fe,True
external_candidate,obelix_family_first,14,474,Li:0.5714285714|N:0.2857142857|Sr:0.1428571429,Li4SrN2,component-af5c59da78f6f5e9,True
external_candidate,obelix_family_first,15,234,Ge:0.03252647504|I:0.0756429652|Li:0.4704992436|S:0.378214826|Sb:0.04311649017,Li6.22Ge0.43Sb0.57S5I,component-fd6acb7e688a0625,True
external_candidate,obelix_family_first,16,218,Ga:0.25|Li:0.25|S:0.5,LiGaS2,component-f1a63e35375195fa,True
external_candidate,obelix_family_first,17,341,La:0.1319261214|Li:0.2524186456|O:0.5277044855|Ta:0.0219876869|Zr:0.06596306069,Li5.74La3Zr1.5Ta0.5O12,component-715d7f4cc477853b,True
external_candidate,obelix_family_first,18,317,La:0.1195876289|Li:0.05567010309|O:0.618556701|Ti:0.206185567,La0.58Li0.27TiO3,component-d5d8b9ddf1098984,True
external_candidate,obelix_family_first,19,216,Ga:0.1|Li:0.5|S:0.4,Li5GaS4,component-95dd48f923dfd756,True
external_candidate,obelix_family_first,20,123,Br:0.6666666667|Ga:0.1666666667|Li:0.1666666667,LiGaBr4,component-fa5653c94495539a,True
external_candidate,obelix_family_first,21,481,Li:0.75|N:0.25,Li3N,component-9aac23560fbd0a52,True
external_candidate,obelix_family_first,22,465,Li:0.4444444444|S:0.3333333333|Se:0.1111111111|Sn:0.1111111111,Li4SnS3Se,component-e765a42161a2cd5d,True
external_candidate,obelix_family_first,23,91,Br:0.03955696203|Cl:0.07911392405|Li:0.4462025316|P:0.07911392405|S:0.3560126582,Li5.64PS4.5ClBr0.5,component-864a0973e33a172f,True
external_candidate,obelix_family_first,24,166,Cl:0.629590766|Er:0.055613851|Li:0.2654774397|Zr:0.04931794334,Li2.53Er0.53Zr0.47Cl6,component-c15bf60682542e1c,True
external_candidate,obelix_family_first,25,171,Co:0.02024291498|La:0.1275303644|Li:0.06275303644|O:0.6072874494|Ti:0.1821862348,Li0.31La0.63((Ti0.9Co0.1)O3,component-edf2c8506f6784d3,True
external_candidate,obelix_family_first,26,467,Li:0.4444444444|S:0.4444444444|Sn:0.1111111111,Li4SnS4,component-c070aaa1f32fc816,True
external_candidate,obelix_family_first,27,63,B:0.1666666667|H:0.6666666667|Li:0.1666666667,Li(BH4),component-2a71e0a499ed03ca,True
external_candidate,obelix_family_first,28,439,Li:0.375|S:0.5|Sb:0.125,Li3SbS4,component-7771fc0e7b635877,True
external_candidate,obelix_family_first,29,196,F:0.125|Fe:0.125|Li:0.125|O:0.5|P:0.125,LiFe(PO4)F,component-b51556d2e940fc10,True
external_candidate,obelix_family_first,30,355,La:0.1428571429|Li:0.1428571429|O:0.5714285714|Ti:0.1428571429,Li(LaTiO4),component-49fd470de09087f3,True
external_candidate,obelix_family_first,31,394,Li:0.1666666667|Na:0.2777777778|S:0.4444444444|Ti:0.1111111111,Li3Na5(TiS4)2,component-8ef18f4be6109927,True
external_candidate,obelix_family_first,32,204,Fe:0.02283105023|Ge:0.08588823657|Li:0.07588606219|O:0.6523157208|P:0.1630789302,Li1.396Fe0.42Ge1.58(PO4)3,component-522ebac993ddfc90,True
external_candidate,obelix_family_first,33,479,Li:0.6657142857|P:0.2857142857|Si:0.04857142857,Li2.33PSi0.17,component-e732dea4ad2fb342,True
external_candidate,obelix_family_first,34,310,La:0.09090909091|Li:0.09090909091|Nb:0.1818181818|O:0.6363636364,LiLaNb2O7,component-90f2532a956b2036,True
external_candidate,obelix_family_first,35,133,Ca:0.04752376188|Li:0.04902451226|O:0.6003001501|P:0.1500750375|Pb:0.1530765383,Pb6.12Ca1.9Li1.96(PO4)6,component-422e6de1dc0ae59a,True
external_candidate,obelix_family_first,36,139,Ce:0.03296703297|La:0.1318681319|Li:0.2527472527|Nb:0.05494505495|O:0.5274725275,Li5.75La3Nb1.25Ce0.75O12,component-b3ee152f7464c9e7,True
external_candidate,obelix_family_first,37,185,Cs:0.04|Li:0.2|Mn:0.04|O:0.56|P:0.16,CsLi5Mn(P2O7)2,component-c31acf0dcf5558c4,True
external_candidate,obelix_family_first,38,360,La:0.25|Li:0.25|O:0.5,LaLiO2,component-e37baddd7483659e,True
external_candidate,obelix_family_first,39,62,B:0.1666666667|Ce:0.05555555556|Cl:0.05555555556|H:0.6666666667|Li:0.05555555556,LiCe(BH4)3Cl,component-9fa8e1338292e83b,True
external_candidate,obelix_family_first,40,211,Ga:0.03448275862|Li:0.2413793103|O:0.5517241379|P:0.1379310345|Zn:0.03448275862,Li3.5Zn0.5Ga0.5(PO4)2,component-6c0b8e88c79a5e35,True
external_candidate,obelix_family_first,41,58,B:0.07142857143|Li:0.1428571429|Na:0.07142857143|O:0.5714285714|P:0.1428571429,Li2NaBP2O8,component-7fcb199d19799006,True
external_candidate,obelix_family_first,42,393,Li:0.1666666667|N:0.5|Si:0.3333333333,LiSi2N3,component-94e3acef4c28d550,True
external_candidate,obelix_family_first,43,262,Ge:0.2916666667|Li:0.08333333333|O:0.625,Li2Ge7O15,component-9eaac6273622ea6b,True
external_candidate,obelix_family_first,44,61,B:0.1666666667|Ca:0.08333333333|F:0.08333333333|Li:0.25|O:0.4166666667,Li3CaB2O5F,component-8a61e3e41857b7c9,True
external_candidate,obelix_family_first,45,257,Ge:0.125|Li:0.25|O:0.5|Zn:0.125,Li2ZnGeO4,component-4334a435eca1fbda,True
external_candidate,obelix_family_first,46,85,Bi:0.25|Li:0.25|O:0.5,LiBiO2,component-d698ad42acc6f36f,True
external_candidate,obelix_family_first,47,403,Li:0.1|Mn:0.2|O:0.6|Te:0.1,LiMn2TeO6,component-cc8eb4822ea3c7a0,True
external_candidate,obelix_family_first,48,367,Li:0.05555555556|O:0.6666666667|P:0.1666666667|Sn:0.03333333333|Ti:0.07777777778,Li(Ti1.4Sn0.6)(PO4)3,component-2aea8a8a209c0c0c,True
external_candidate,obelix_family_first,49,375,Li:0.08024691358|O:0.6090534979|Pr:0.1049382716|Ti:0.2057613169,Pr0.51Li0.39TiO2.96,component-022488b4edb8df14,True
external_candidate,obelix_family_first,50,181,Co:0.09090909091|Li:0.2727272727|O:0.5454545455|Te:0.09090909091,Li3CoTeO6,component-0a1bf62c483c3d35,True
external_candidate,obelix_family_first,51,248,Ge:0.09770114943|Li:0.4252873563|O:0.4597701149|W:0.01724137931,Li3.70Ge0.85W0.15O4,component-0ad73f6417e66053,True
external_candidate,obelix_family_first,52,180,Co:0.08333333333|Li:0.3333333333|O:0.5|Te:0.08333333333,Li8Co2Te2O12,component-f09f77e8ebc487de,True
external_candidate,obelix_family_first,53,383,Li:0.1428571429|Mg:0.1428571429|O:0.5714285714|P:0.1428571429,LiMgPO4,component-658d336280cea144,True
external_candidate,obelix_family_first,54,434,Li:0.375|Mn:0.04166666667|O:0.5|Te:0.08333333333,Li3(Li1.5Mn0.5Te)O6,component-2e864a32f95201a0,True
external_candidate,obelix_family_first,55,366,Li:0.05027932961|Nb:0.01117318436|O:0.6703910615|P:0.1675977654|Ti:0.1005586592,	Li0.9Nb0.2O12P3Ti1.8,component-b156a0dd8a38892d,True
external_candidate,obelix_family_first,56,435,Li:0.375|N:0.125|O:0.375|S:0.125,Li3(SO3)N,component-fe94550320fb2c0c,True
external_candidate,obelix_family_first,57,69,B:0.25|Li:0.25|O:0.5,LiBO2,component-21e7f685f9aa879e,True
external_candidate,obelix_family_first,58,447,Li:0.4047619048|O:0.4761904762|S:0.03571428571|Si:0.08333333333,Li3.4Si0.7S0.3O4,component-ccf7ec7c08f1f450,True
external_candidate,obelix_family_first,59,295,K:0.02|Li:0.18|O:0.6|Sb:0.2,(K0.1Li0.9)(SbO3),component-f164aba2b81882f9,True
external_candidate,obelix_family_first,60,294,In:0.2|Li:0.1|O:0.6|Sb:0.1,LiIn2SbO6,component-ac036796a9cc3192,True
external_candidate,obelix_family_first,61,48,Al:0.1428571429|Li:0.1428571429|O:0.5714285714|Si:0.1428571429,LiAlSiO4,component-02650e3b427bf6d5,True
external_candidate,obelix_family_first,62,421,Li:0.2|O:0.6|V:0.2,LiVO3,component-a846d0d6dbbddb08,True
external_candidate,obelix_family_first,63,380,Li:0.1282051282|O:0.6153846154|P:0.1538461538|V:0.1025641026,Li2.5V2(PO4)3,component-197ac27fe90328b2,True
external_candidate,obelix_family_first,64,444,Li:0.3954050786|P:0.08827085852|S:0.4836759371|Sn:0.03264812576,Li9.81Sn0.81P2.19S12,component-72e6f457205e515c,False
external_candidate,obelix_family_first,65,25,Al:0.02222707662|Li:0.07165092021|O:0.6553437824|P:0.1638359456|Ti:0.08694227514,Li1.312Al0.407Ti1.592(PO4)3,component-1751b0c9bec9cfa2,False
external_candidate,obelix_family_first,66,18,Al:0.01539641663|Li:0.06859898088|O:0.6574982193|P:0.1643745548|Ti:0.09413182839,Li1.252Al0.281Ti1.718(PO4)3,component-1751b0c9bec9cfa2,False
external_candidate,obelix_family_first,67,330,La:0.1276595745|Li:0.2765957447|Nb:0.02127659574|O:0.5106382979|Zr:0.06382978723,Li6.5La3Zr1.5Nb0.5O12,component-9538ad9c5715847d,False
external_candidate,obelix_family_first,68,327,La:0.1271186441|Li:0.2796610169|O:0.5084745763|Ta:0.01694915254|Zr:0.06779661017,Li6.6La3Zr1.6Ta0.4O12,component-9538ad9c5715847d,False
external_candidate,obelix_family_first,69,334,La:0.1282051282|Li:0.2735042735|O:0.5128205128|Ta:0.02564102564|Zr:0.05982905983,Li6.4La3Zr1.4Ta0.6O12,component-9538ad9c5715847d,False
external_candidate,obelix_family_first,70,325,La:0.1265822785|Li:0.2827004219|O:0.5063291139|Ta:0.01265822785|Zr:0.07172995781,Li6.7La3Zr1.7Ta0.3O12,component-9538ad9c5715847d,False
external_candidate,obelix_family_first,71,17,Al:0.0112501372|Li:0.06706179344|O:0.6585446164|P:0.1646361541|Ti:0.09850729887,Li1.222Al0.205Ti1.795(PO4)3,component-1751b0c9bec9cfa2,False
external_candidate,obelix_family_first,72,29,Al:0.02775062452|Li:0.07678939937|O:0.651678071|P:0.1629195178|Ti:0.08086238731,Li1.414Al0.511Ti1.489(PO4)3,component-1751b0c9bec9cfa2,False
external_candidate,obelix_family_first,73,335,La:0.1293103448|Li:0.2672413793|O:0.5172413793|Ta:0.03448275862|Zr:0.05172413793,Li6.2La3Zr1.2Ta0.8O12,component-9538ad9c5715847d,False
external_candidate,obelix_family_first,74,156,Cl:0.5714285714|Li:0.2857142857|Mg:0.1428571429,Li2MgCl4,component-37ec49522d82065c,False
external_candidate,obelix_family_first,75,322,La:0.1260504202|Li:0.2857142857|O:0.5042016807|Ta:0.008403361345|Zr:0.0756302521,Li6.8La3Zr1.8Ta0.2O12,component-9538ad9c5715847d,False
external_candidate,obelix_family_first,76,7,Al:0.005575489925|Li:0.06149599779|O:0.6624344466|P:0.1656086116|Ti:0.104885454,Li1.114Al0.101Ti1.9(PO4)3,component-1751b0c9bec9cfa2,False
external_candidate,obelix_family_first,77,21,Al:0.02173913043|Ge:0.02173913043|Li:0.07608695652|O:0.652173913|P:0.1630434783|Ti:0.0652173913,Li1.4(Al0.4Ge0.4Ti1.2)(PO4)3,component-d77d678c12faf4d4,False
external_candidate,obelix_family_first,78,22,Al:0.02173913043|Ge:0.03260869565|Li:0.07608695652|O:0.652173913|P:0.1630434783|Ti:0.05434782609,Li1.4(Al0.4Ge0.6Ti)(PO4)3,component-d77d678c12faf4d4,False
external_candidate,obelix_family_first,79,33,Al:0.03225806452|Ge:0.03225806452|Li:0.08602150538|O:0.6451612903|P:0.1612903226|Ti:0.04301075269,Li1.6(Al0.6Ge0.6Ti0.8)(PO4)3,component-d77d678c12faf4d4,False
external_candidate,obelix_family_first,80,32,Al:0.03225806452|Ge:0.02150537634|Li:0.08602150538|O:0.6451612903|P:0.1612903226|Ti:0.05376344086,Li1.6(Al0.6Ge0.4Ti)(PO4)3,component-d77d678c12faf4d4,False
external_candidate,obelix_family_first,81,31,Al:0.03225806452|Ge:0.01075268817|Li:0.08602150538|O:0.6451612903|P:0.1612903226|Ti:0.06451612903,Li1.6(Al0.6Ge0.2Ti1.2)(PO4)3,component-d77d678c12faf4d4,False
external_candidate,obelix_family_first,82,13,Al:0.01098901099|Ge:0.02197802198|Li:0.06593406593|O:0.6593406593|P:0.1648351648|Ti:0.07692307692,Li1.2(Al0.2Ge0.4Ti1.4)(PO4)3,component-d77d678c12faf4d4,False
external_candidate,obelix_family_first,83,268,I:0.07228915663|Li:0.4728915663|S:0.3795180723|Sb:0.04141566265|Si:0.03388554217,Li6.28Si0.45Sb0.55S5.04I0.96,component-fd6acb7e688a0625,False
external_candidate,obelix_family_first,84,14,Al:0.01098901099|Ge:0.03296703297|Li:0.06593406593|O:0.6593406593|P:0.1648351648|Ti:0.06593406593,Li1.2(Al0.2Ge0.6Ti1.2)(PO4)3,component-d77d678c12faf4d4,False
external_candidate,obelix_family_first,85,357,La:0.1|Li:0.1|O:0.6|Ti:0.2,La0.5Li0.5O3Ti1,component-21f452ed084570e0,False
external_candidate,obelix_family_first,86,319,La:0.1237006237|Li:0.0446985447|O:0.6237006237|Ti:0.2079002079,La0.595Li0.215TiO3,component-21f452ed084570e0,False
external_candidate,obelix_family_first,87,162,Cl:0.6060606061|In:0.09090909091|Li:0.2929292929|Zr:0.0101010101,Li2.9In0.9Zr0.1Cl6,component-c68a57832f7e8eda,False
external_candidate,obelix_family_first,88,163,Cl:0.6147540984|In:0.07991803279|Li:0.2868852459|Zr:0.01844262295,Li2.8In0.78Zr0.18Cl6,component-c68a57832f7e8eda,False
external_candidate,obelix_family_first,89,30,Al:0.02|La:0.11|Li:0.09|O:0.6|Ti:0.18,(La0.55Li0.45)(Ti0.9Al0.1)O3,component-21f452ed084570e0,False
external_candidate,obelix_family_first,90,164,Cl:0.622406639|In:0.07157676349|Li:0.27593361|Zr:0.03008298755,Li2.66In0.69Zr0.29Cl6,component-c68a57832f7e8eda,False
external_candidate,obelix_family_first,91,356,La:0.1|Li:0.06|Na:0.04|O:0.6|Ti:0.2,La0.5Li0.3Na0.2O3Ti1,component-21f452ed084570e0,False
external_candidate,obelix_family_first,92,165,Cl:0.625|In:0.0625|Li:0.2708333333|Zr:0.04166666667,Li2.6In0.6Zr0.4Cl6,component-c68a57832f7e8eda,False
external_candidate,obelix_family_first,93,267,I:0.07066869301|Li:0.4680851064|S:0.3852583587|Sb:0.02887537994|Si:0.04711246201,Li6.16Si0.62Sb0.38S5.07I0.93,component-fd6acb7e688a0625,False
external_candidate,obelix_family_first,94,92,Br:0.05591054313|Cl:0.07987220447|Li:0.4408945687|P:0.07987220447|S:0.3434504792,Li5.52PS4.3ClBr0.7,component-864a0973e33a172f,False
external_candidate,obelix_family_first,95,88,Br:0.02384737679|Cl:0.07949125596|Li:0.4435612083|P:0.07949125596|S:0.373608903,Li5.58PS4.7ClBr0.3,component-864a0973e33a172f,False
external_candidate,obelix_family_first,96,94,Br:0.07396449704|Cl:0.07396449704|Li:0.4304733728|P:0.07396449704|S:0.3476331361,Li5.82PS4.7ClBr,component-864a0973e33a172f,False
external_candidate,obelix_family_first,97,167,Cl:0.6315789474|In:0.05263157895|Li:0.2631578947|Zr:0.05263157895,Li2.5In0.5Zr0.5Cl6,component-c68a57832f7e8eda,False
external_candidate,obelix_family_first,98,468,Li:0.4444444444|Se:0.4444444444|Sn:0.1111111111,Li4SnSe4,component-e765a42161a2cd5d,False
external_candidate,obelix_family_first,99,283,I:0.07646622123|Li:0.4803266518|S:0.3689680772|Sb:0.05939123979|Sn:0.01484780995,Li6.47Sn0.2Sb0.8S4.97I1.03,component-fd6acb7e688a0625,False
external_candidate,obelix_family_first,100,293,In:0.05660377358|Li:0.1090146751|O:0.6289308176|P:0.1572327044|Ti:0.04821802935,Li2.08Ti0.92In1.08P3O12,component-a7d5850a1d3b53ef,False
external_candidate,obelix_family_first,101,464,Li:0.4444444444|S:0.2222222222|Se:0.2222222222|Sn:0.1111111111,Li4SnS2Se2,component-e765a42161a2cd5d,False
external_candidate,obelix_family_first,102,456,Li:0.4266055046|S:0.4587155963|Sb:0.02293577982|Sn:0.09174311927,Li3.72Sn0.8Sb0.2S4,component-c070aaa1f32fc816,False
external_candidate,obelix_family_first,103,240,Ge:0.05511111111|Li:0.4444444444|S:0.4444444444|Sn:0.056,Li4Ge0.496Sn0.504S4,component-c070aaa1f32fc816,False
external_candidate,obelix_family_first,104,463,Li:0.4444444444|S:0.1|Se:0.3444444444|Sn:0.1111111111,Li4SnS0.9Se3.1,component-e765a42161a2cd5d,False
external_candidate,obelix_family_first,105,340,La:0.1315789474|Li:0.02631578947|O:0.6315789474|Ti:0.2105263158,La0.625Li0.125TiO3,component-21f452ed084570e0,False
external_candidate,obelix_family_first,106,253,Ge:0.1111111111|Li:0.4444444444|S:0.3333333333|Se:0.1111111111,Li4GeS3Se,component-e765a42161a2cd5d,False
external_candidate,obelix_family_first,107,255,Ge:0.1111111111|Li:0.4444444444|Se:0.4444444444,Li4GeSe4,component-e765a42161a2cd5d,False
external_candidate,obelix_family_first,108,172,Co:0.02057613169|La:0.1378600823|Li:0.03909465021|O:0.6172839506|Ti:0.1851851852,Li0.19La0.67(Ti0.9Co0.1)O3,component-edf2c8506f6784d3,False
external_candidate,obelix_family_first,109,39,Al:0.04|La:0.12|Li:0.08|O:0.6|Ti:0.16,(La0.6Li0.4)(Ti0.8Al0.2)O3,component-21f452ed084570e0,False
external_candidate,obelix_family_first,110,230,Ge:0.02533333333|Li:0.4444444444|S:0.4444444444|Sn:0.08577777778,Li4Ge0.228Sn0.772S4,component-c070aaa1f32fc816,False
external_candidate,obelix_family_first,111,241,Ge:0.05555555556|Li:0.4444444444|Se:0.4444444444|Sn:0.05555555556,Li4Ge0.5Sn0.5Se4,component-e765a42161a2cd5d,False
external_candidate,obelix_family_first,112,460,Li:0.4324631101|S:0.4540295119|Sb:0.0170261067|Sn:0.09648127128,Li3.81Sn0.85Sb0.15S4,component-c070aaa1f32fc816,False
external_candidate,obelix_family_first,113,252,Ge:0.1111111111|Li:0.4444444444|S:0.2222222222|Se:0.2222222222,Li4GeS2Se2,component-e765a42161a2cd5d,False
external_candidate,obelix_family_first,114,251,Ge:0.1111111111|Li:0.4444444444|S:0.1111111111|Se:0.3333333333,Li4GeSSe3,component-e765a42161a2cd5d,False
external_candidate,obelix_family_first,115,461,Li:0.4337485844|S:0.4530011325|Sb:0.01132502831|Sn:0.1019252548,Li3.83Sn0.9Sb0.1S4,component-c070aaa1f32fc816,False
external_candidate,obelix_family_first,116,349,La:0.1355932203|Li:0.01694915254|O:0.6355932203|Ti:0.2118644068,La0.64Li0.08TiO3,component-21f452ed084570e0,False
external_candidate,obelix_family_first,117,278,I:0.07574598317|Li:0.4644223412|S:0.3833205815|Sb:0.05049732211|Si:0.026013772,Li6.07Si0.34Sb0.66S5.01I0.99,component-fd6acb7e688a0625,False
external_candidate,obelix_family_first,118,232,Ge:0.02|Li:0.4444444444|Se:0.4444444444|Sn:0.09111111111,Li4Ge0.18Sn0.82Se4,component-e765a42161a2cd5d,False
external_candidate,obelix_family_first,119,246,Ge:0.08333333333|Li:0.4444444444|Se:0.4444444444|Sn:0.02777777778,Li4Ge0.75Sn0.25Se4,component-e765a42161a2cd5d,False
external_candidate,obelix_family_first,120,353,La:0.1364877161|Li:0.2311191993|O:0.5459508644|Ta:0.06869881711|Zr:0.01774340309,La3Li5.08Ta1.51Zr0.39O12,component-715d7f4cc477853b,False
external_candidate,obelix_family_first,121,210,Ga:0.02040816327|Li:0.2517006803|O:0.5442176871|P:0.1360544218|Zn:0.04761904762,Li3.7Zn0.7Ga0.3(PO4)2,component-6c0b8e88c79a5e35,False
external_candidate,obelix_family_first,122,245,Ge:0.08011111111|Li:0.4444444444|S:0.4444444444|Sn:0.031,Li4Ge0.721Sn0.279S4,component-c070aaa1f32fc816,False
external_candidate,obelix_family_first,123,359,La:0.225|Li:0.25|O:0.5|Sr:0.025,(La0.9Sr0.1)LiO2,component-e37baddd7483659e,False
external_candidate,obelix_family_first,124,229,Ge:0.01697530864|I:0.07638888889|Li:0.4598765432|S:0.3865740741|Sb:0.06018518519,Li5.96Ge0.22Sb0.78S5.01I0.99,component-fd6acb7e688a0625,False
external_candidate,obelix_family_first,125,254,Ge:0.1111111111|Li:0.4444444444|S:0.4444444444,Li4GeS4,component-c070aaa1f32fc816,False
external_candidate,obelix_family_first,126,361,La:0.2604166667|Li:0.1979166667|Mg:0.02083333333|O:0.5208333333,La(Li0.76Mg0.08)O2,component-e37baddd7483659e,False
external_candidate,obelix_family_first,127,286,I:0.07927786499|Li:0.4505494505|S:0.3916797488|Sb:0.07221350078|Si:0.006279434851,Li5.74Si0.08Sb0.92S4.99I1.01,component-fd6acb7e688a0625,False
external_candidate,obelix_family_first,128,65,B:0.1818181818|H:0.7272727273|Li:0.04545454545|Y:0.04545454545,LiY(BH4)4,component-2a71e0a499ed03ca,False
external_candidate,obelix_family_first,129,470,Li:0.4|N:0.4|Si:0.2,Li2SiN2,component-94e3acef4c28d550,False
external_candidate,obelix_family_first,130,41,Al:0.06|La:0.13|Li:0.07|O:0.6|Ti:0.14,(La0.65Li0.35)(Ti0.7Al0.3)O3,component-21f452ed084570e0,False
external_candidate,obelix_family_first,131,217,Ga:0.25|Li:0.25|O:0.5,LiGaO2,component-f1a63e35375195fa,False
external_candidate,obelix_family_first,132,44,Al:0.08|La:0.14|Li:0.06|O:0.6|Ti:0.12,(La0.7Li0.3)(Ti0.6Al0.4)O3,component-21f452ed084570e0,False
external_candidate,obelix_family_first,133,250,Ge:0.1111111111|Li:0.4444444444|O:0.4444444444,Li4GeO4,component-e765a42161a2cd5d,False
external_candidate,obelix_family_first,134,371,Li:0.05555555556|O:0.6666666667|P:0.1666666667|Ti:0.1111111111,LiTi2(PO4)3,component-1751b0c9bec9cfa2,False
external_candidate,obelix_family_first,135,368,Li:0.05555555556|O:0.6666666667|P:0.1666666667|Sn:0.07777777778|Ti:0.03333333333,Li(Ti0.6Sn1.4)(PO4)3,component-2aea8a8a209c0c0c,False
external_candidate,obelix_family_first,136,416,Li:0.2666666667|O:0.5333333333|P:0.1333333333|Zn:0.06666666667,Li4Zn(PO4)2,component-6c0b8e88c79a5e35,False
external_candidate,obelix_family_first,137,369,Li:0.05555555556|O:0.6666666667|P:0.1666666667|Sn:0.08888888889|Ti:0.02222222222,Li(Ti0.4Sn1.6)(PO4)3,component-2aea8a8a209c0c0c,False
external_candidate,obelix_family_first,138,182,Cr:0.04166666667|Li:0.375|O:0.5|Te:0.08333333333,Li3(Li1.5Cr0.5Te)O6,component-2e864a32f95201a0,False
external_candidate,obelix_family_first,139,247,Ge:0.08571428571|Li:0.4285714286|O:0.4571428571|V:0.02857142857,Li3.75Ge0.75V0.25O4,component-0ad73f6417e66053,False
external_candidate,obelix_family_first,140,59,B:0.07142857143|Li:0.2142857143|O:0.5714285714|P:0.1428571429,Li3BP2O8,component-7fcb199d19799006,False
external_candidate,obelix_family_first,141,35,Al:0.04166666667|Li:0.375|O:0.5|Te:0.08333333333,Li3(Li1.5Al0.5Te)O6,component-2e864a32f95201a0,False
external_candidate,obelix_family_first,142,158,Cl:0.5714285714|Li:0.2857142857|V:0.1428571429,Li2VCl4,component-37ec49522d82065c,False
external_candidate,obelix_family_first,143,374,Li:0.07346938776|Nd:0.1102040816|O:0.612244898|Ti:0.2040816327,Nd0.54Li0.36TiO3,component-022488b4edb8df14,False
external_candidate,obelix_family_first,144,385,Li:0.1428571429|Nd:0.1428571429|O:0.5714285714|Ti:0.1428571429,Li(NdTiO4),component-49fd470de09087f3,False
external_candidate,estm_family_first,1,286,I:0.07927786499|Li:0.4505494505|S:0.3916797488|Sb:0.07221350078|Si:0.006279434851,Li5.74Si0.08Sb0.92S4.99I1.01,component-fd6acb7e688a0625,True
external_candidate,estm_family_first,2,169,Cl:0.6|In:0.1|Li:0.3,Li3InCl6,component-c68a57832f7e8eda,True
external_candidate,estm_family_first,3,166,Cl:0.629590766|Er:0.055613851|Li:0.2654774397|Zr:0.04931794334,Li2.53Er0.53Zr0.47Cl6,component-c15bf60682542e1c,True
external_candidate,estm_family_first,4,464,Li:0.4444444444|S:0.2222222222|Se:0.2222222222|Sn:0.1111111111,Li4SnS2Se2,component-e765a42161a2cd5d,True
external_candidate,estm_family_first,5,62,B:0.1666666667|Ce:0.05555555556|Cl:0.05555555556|H:0.6666666667|Li:0.05555555556,LiCe(BH4)3Cl,component-9fa8e1338292e83b,True
external_candidate,estm_family_first,6,456,Li:0.4266055046|S:0.4587155963|Sb:0.02293577982|Sn:0.09174311927,Li3.72Sn0.8Sb0.2S4,component-c070aaa1f32fc816,True
external_candidate,estm_family_first,7,94,Br:0.07396449704|Cl:0.07396449704|Li:0.4304733728|P:0.07396449704|S:0.3476331361,Li5.82PS4.7ClBr,component-864a0973e33a172f,True
external_candidate,estm_family_first,8,123,Br:0.6666666667|Ga:0.1666666667|Li:0.1666666667,LiGaBr4,component-fa5653c94495539a,True
external_candidate,estm_family_first,9,423,Li:0.3023457863|P:0.03475238923|S:0.5212858384|Si:0.07428323197|Sn:0.06733275413,Li6.96Sn1.55Si1.71P0.8S12,component-9360d422928dd2b7,True
external_candidate,estm_family_first,10,474,Li:0.5714285714|N:0.2857142857|Sr:0.1428571429,Li4SrN2,component-af5c59da78f6f5e9,True
external_candidate,estm_family_first,11,444,Li:0.3954050786|P:0.08827085852|S:0.4836759371|Sn:0.03264812576,Li9.81Sn0.81P2.19S12,component-72e6f457205e515c,True
external_candidate,estm_family_first,12,65,B:0.1818181818|H:0.7272727273|Li:0.04545454545|Y:0.04545454545,LiY(BH4)4,component-2a71e0a499ed03ca,True
external_candidate,estm_family_first,13,156,Cl:0.5714285714|Li:0.2857142857|Mg:0.1428571429,Li2MgCl4,component-37ec49522d82065c,True
external_candidate,estm_family_first,14,155,Cl:0.5714285714|Cr:0.1428571429|Li:0.2857142857,Li2CrCl4,component-42f535930d9218fc,True
external_candidate,estm_family_first,15,439,Li:0.375|S:0.5|Sb:0.125,Li3SbS4,component-7771fc0e7b635877,True
external_candidate,estm_family_first,16,144,Cl:0.01213592233|Li:0.3859223301|O:0.01213592233|P:0.05825242718|S:0.4611650485|Si:0.07038834951,Li9.54Si1.74P1.44S11.4Cl0.3O0.3,component-314d75ed53e5e991,True
external_candidate,estm_family_first,17,394,Li:0.1666666667|Na:0.2777777778|S:0.4444444444|Ti:0.1111111111,Li3Na5(TiS4)2,component-8ef18f4be6109927,True
external_candidate,estm_family_first,18,470,Li:0.4|N:0.4|Si:0.2,Li2SiN2,component-94e3acef4c28d550,True
external_candidate,estm_family_first,19,218,Ga:0.25|Li:0.25|S:0.5,LiGaS2,component-f1a63e35375195fa,True
external_candidate,estm_family_first,20,479,Li:0.6657142857|P:0.2857142857|Si:0.04857142857,Li2.33PSi0.17,component-e732dea4ad2fb342,True
external_candidate,estm_family_first,21,216,Ga:0.1|Li:0.5|S:0.4,Li5GaS4,component-95dd48f923dfd756,True
external_candidate,estm_family_first,22,481,Li:0.75|N:0.25,Li3N,component-9aac23560fbd0a52,True
external_candidate,estm_family_first,23,428,Li:0.3333333333|P:0.1666666667|S:0.5,Li4P2S6,component-add16a77287243fe,True
external_candidate,estm_family_first,24,435,Li:0.375|N:0.125|O:0.375|S:0.125,Li3(SO3)N,component-fe94550320fb2c0c,True
external_candidate,estm_family_first,25,61,B:0.1666666667|Ca:0.08333333333|F:0.08333333333|Li:0.25|O:0.4166666667,Li3CaB2O5F,component-8a61e3e41857b7c9,True
external_candidate,estm_family_first,26,403,Li:0.1|Mn:0.2|O:0.6|Te:0.1,LiMn2TeO6,component-cc8eb4822ea3c7a0,True
external_candidate,estm_family_first,27,85,Bi:0.25|Li:0.25|O:0.5,LiBiO2,component-d698ad42acc6f36f,True
external_candidate,estm_family_first,28,434,Li:0.375|Mn:0.04166666667|O:0.5|Te:0.08333333333,Li3(Li1.5Mn0.5Te)O6,component-2e864a32f95201a0,True
external_candidate,estm_family_first,29,356,La:0.1|Li:0.06|Na:0.04|O:0.6|Ti:0.2,La0.5Li0.3Na0.2O3Ti1,component-21f452ed084570e0,True
external_candidate,estm_family_first,30,180,Co:0.08333333333|Li:0.3333333333|O:0.5|Te:0.08333333333,Li8Co2Te2O12,component-f09f77e8ebc487de,True
external_candidate,estm_family_first,31,172,Co:0.02057613169|La:0.1378600823|Li:0.03909465021|O:0.6172839506|Ti:0.1851851852,Li0.19La0.67(Ti0.9Co0.1)O3,component-edf2c8506f6784d3,True
external_candidate,estm_family_first,32,317,La:0.1195876289|Li:0.05567010309|O:0.618556701|Ti:0.206185567,La0.58Li0.27TiO3,component-d5d8b9ddf1098984,True
external_candidate,estm_family_first,33,133,Ca:0.04752376188|Li:0.04902451226|O:0.6003001501|P:0.1500750375|Pb:0.1530765383,Pb6.12Ca1.9Li1.96(PO4)6,component-422e6de1dc0ae59a,True
external_candidate,estm_family_first,34,181,Co:0.09090909091|Li:0.2727272727|O:0.5454545455|Te:0.09090909091,Li3CoTeO6,component-0a1bf62c483c3d35,True
external_candidate,estm_family_first,35,248,Ge:0.09770114943|Li:0.4252873563|O:0.4597701149|W:0.01724137931,Li3.70Ge0.85W0.15O4,component-0ad73f6417e66053,True
external_candidate,estm_family_first,36,369,Li:0.05555555556|O:0.6666666667|P:0.1666666667|Sn:0.08888888889|Ti:0.02222222222,Li(Ti0.4Sn1.6)(PO4)3,component-2aea8a8a209c0c0c,True
external_candidate,estm_family_first,37,375,Li:0.08024691358|O:0.6090534979|Pr:0.1049382716|Ti:0.2057613169,Pr0.51Li0.39TiO2.96,component-022488b4edb8df14,True
external_candidate,estm_family_first,38,295,K:0.02|Li:0.18|O:0.6|Sb:0.2,(K0.1Li0.9)(SbO3),component-f164aba2b81882f9,True
external_candidate,estm_family_first,39,293,In:0.05660377358|Li:0.1090146751|O:0.6289308176|P:0.1572327044|Ti:0.04821802935,Li2.08Ti0.92In1.08P3O12,component-a7d5850a1d3b53ef,True
external_candidate,estm_family_first,40,355,La:0.1428571429|Li:0.1428571429|O:0.5714285714|Ti:0.1428571429,Li(LaTiO4),component-49fd470de09087f3,True
external_candidate,estm_family_first,41,366,Li:0.05027932961|Nb:0.01117318436|O:0.6703910615|P:0.1675977654|Ti:0.1005586592,	Li0.9Nb0.2O12P3Ti1.8,component-b156a0dd8a38892d,True
external_candidate,estm_family_first,42,294,In:0.2|Li:0.1|O:0.6|Sb:0.1,LiIn2SbO6,component-ac036796a9cc3192,True
external_candidate,estm_family_first,43,325,La:0.1265822785|Li:0.2827004219|O:0.5063291139|Ta:0.01265822785|Zr:0.07172995781,Li6.7La3Zr1.7Ta0.3O12,component-9538ad9c5715847d,True
external_candidate,estm_family_first,44,310,La:0.09090909091|Li:0.09090909091|Nb:0.1818181818|O:0.6363636364,LiLaNb2O7,component-90f2532a956b2036,True
external_candidate,estm_family_first,45,329,La:0.1276595745|Li:0.2765957447|Mo:0.01063829787|O:0.5106382979|Zr:0.07446808511,Li6.5La3Zr1.75Mo0.25O12,component-fadf7e803da09fb1,True
external_candidate,estm_family_first,46,13,Al:0.01098901099|Ge:0.02197802198|Li:0.06593406593|O:0.6593406593|P:0.1648351648|Ti:0.07692307692,Li1.2(Al0.2Ge0.4Ti1.4)(PO4)3,component-d77d678c12faf4d4,True
external_candidate,estm_family_first,47,204,Fe:0.02283105023|Ge:0.08588823657|Li:0.07588606219|O:0.6523157208|P:0.1630789302,Li1.396Fe0.42Ge1.58(PO4)3,component-522ebac993ddfc90,True
external_candidate,estm_family_first,48,359,La:0.225|Li:0.25|O:0.5|Sr:0.025,(La0.9Sr0.1)LiO2,component-e37baddd7483659e,True
external_candidate,estm_family_first,49,139,Ce:0.03296703297|La:0.1318681319|Li:0.2527472527|Nb:0.05494505495|O:0.5274725275,Li5.75La3Nb1.25Ce0.75O12,component-b3ee152f7464c9e7,True
external_candidate,estm_family_first,50,341,La:0.1319261214|Li:0.2524186456|O:0.5277044855|Ta:0.0219876869|Zr:0.06596306069,Li5.74La3Zr1.5Ta0.5O12,component-715d7f4cc477853b,True
external_candidate,estm_family_first,51,185,Cs:0.04|Li:0.2|Mn:0.04|O:0.56|P:0.16,CsLi5Mn(P2O7)2,component-c31acf0dcf5558c4,True
external_candidate,estm_family_first,52,262,Ge:0.2916666667|Li:0.08333333333|O:0.625,Li2Ge7O15,component-9eaac6273622ea6b,True
external_candidate,estm_family_first,53,29,Al:0.02775062452|Li:0.07678939937|O:0.651678071|P:0.1629195178|Ti:0.08086238731,Li1.414Al0.511Ti1.489(PO4)3,component-1751b0c9bec9cfa2,True
external_candidate,estm_family_first,54,257,Ge:0.125|Li:0.25|O:0.5|Zn:0.125,Li2ZnGeO4,component-4334a435eca1fbda,True
external_candidate,estm_family_first,55,447,Li:0.4047619048|O:0.4761904762|S:0.03571428571|Si:0.08333333333,Li3.4Si0.7S0.3O4,component-ccf7ec7c08f1f450,True
external_candidate,estm_family_first,56,383,Li:0.1428571429|Mg:0.1428571429|O:0.5714285714|P:0.1428571429,LiMgPO4,component-658d336280cea144,True
external_candidate,estm_family_first,57,380,Li:0.1282051282|O:0.6153846154|P:0.1538461538|V:0.1025641026,Li2.5V2(PO4)3,component-197ac27fe90328b2,True
external_candidate,estm_family_first,58,58,B:0.07142857143|Li:0.1428571429|Na:0.07142857143|O:0.5714285714|P:0.1428571429,Li2NaBP2O8,component-7fcb199d19799006,True
external_candidate,estm_family_first,59,211,Ga:0.03448275862|Li:0.2413793103|O:0.5517241379|P:0.1379310345|Zn:0.03448275862,Li3.5Zn0.5Ga0.5(PO4)2,component-6c0b8e88c79a5e35,True
external_candidate,estm_family_first,60,48,Al:0.1428571429|Li:0.1428571429|O:0.5714285714|Si:0.1428571429,LiAlSiO4,component-02650e3b427bf6d5,True
external_candidate,estm_family_first,61,196,F:0.125|Fe:0.125|Li:0.125|O:0.5|P:0.125,LiFe(PO4)F,component-b51556d2e940fc10,True
external_candidate,estm_family_first,62,421,Li:0.2|O:0.6|V:0.2,LiVO3,component-a846d0d6dbbddb08,True
external_candidate,estm_family_first,63,69,B:0.25|Li:0.25|O:0.5,LiBO2,component-21e7f685f9aa879e,True
external_candidate,estm_family_first,64,283,I:0.07646622123|Li:0.4803266518|S:0.3689680772|Sb:0.05939123979|Sn:0.01484780995,Li6.47Sn0.2Sb0.8S4.97I1.03,component-fd6acb7e688a0625,False
external_candidate,estm_family_first,65,229,Ge:0.01697530864|I:0.07638888889|Li:0.4598765432|S:0.3865740741|Sb:0.06018518519,Li5.96Ge0.22Sb0.78S5.01I0.99,component-fd6acb7e688a0625,False
external_candidate,estm_family_first,66,278,I:0.07574598317|Li:0.4644223412|S:0.3833205815|Sb:0.05049732211|Si:0.026013772,Li6.07Si0.34Sb0.66S5.01I0.99,component-fd6acb7e688a0625,False
external_candidate,estm_family_first,67,268,I:0.07228915663|Li:0.4728915663|S:0.3795180723|Sb:0.04141566265|Si:0.03388554217,Li6.28Si0.45Sb0.55S5.04I0.96,component-fd6acb7e688a0625,False
external_candidate,estm_family_first,68,234,Ge:0.03252647504|I:0.0756429652|Li:0.4704992436|S:0.378214826|Sb:0.04311649017,Li6.22Ge0.43Sb0.57S5I,component-fd6acb7e688a0625,False
external_candidate,estm_family_first,69,267,I:0.07066869301|Li:0.4680851064|S:0.3852583587|Sb:0.02887537994|Si:0.04711246201,Li6.16Si0.62Sb0.38S5.07I0.93,component-fd6acb7e688a0625,False
external_candidate,estm_family_first,70,162,Cl:0.6060606061|In:0.09090909091|Li:0.2929292929|Zr:0.0101010101,Li2.9In0.9Zr0.1Cl6,component-c68a57832f7e8eda,False
external_candidate,estm_family_first,71,163,Cl:0.6147540984|In:0.07991803279|Li:0.2868852459|Zr:0.01844262295,Li2.8In0.78Zr0.18Cl6,component-c68a57832f7e8eda,False
external_candidate,estm_family_first,72,164,Cl:0.622406639|In:0.07157676349|Li:0.27593361|Zr:0.03008298755,Li2.66In0.69Zr0.29Cl6,component-c68a57832f7e8eda,False
external_candidate,estm_family_first,73,165,Cl:0.625|In:0.0625|Li:0.2708333333|Zr:0.04166666667,Li2.6In0.6Zr0.4Cl6,component-c68a57832f7e8eda,False
external_candidate,estm_family_first,74,167,Cl:0.6315789474|In:0.05263157895|Li:0.2631578947|Zr:0.05263157895,Li2.5In0.5Zr0.5Cl6,component-c68a57832f7e8eda,False
external_candidate,estm_family_first,75,465,Li:0.4444444444|S:0.3333333333|Se:0.1111111111|Sn:0.1111111111,Li4SnS3Se,component-e765a42161a2cd5d,False
external_candidate,estm_family_first,76,460,Li:0.4324631101|S:0.4540295119|Sb:0.0170261067|Sn:0.09648127128,Li3.81Sn0.85Sb0.15S4,component-c070aaa1f32fc816,False
external_candidate,estm_family_first,77,461,Li:0.4337485844|S:0.4530011325|Sb:0.01132502831|Sn:0.1019252548,Li3.83Sn0.9Sb0.1S4,component-c070aaa1f32fc816,False
external_candidate,estm_family_first,78,463,Li:0.4444444444|S:0.1|Se:0.3444444444|Sn:0.1111111111,Li4SnS0.9Se3.1,component-e765a42161a2cd5d,False
external_candidate,estm_family_first,79,230,Ge:0.02533333333|Li:0.4444444444|S:0.4444444444|Sn:0.08577777778,Li4Ge0.228Sn0.772S4,component-c070aaa1f32fc816,False
external_candidate,estm_family_first,80,92,Br:0.05591054313|Cl:0.07987220447|Li:0.4408945687|P:0.07987220447|S:0.3434504792,Li5.52PS4.3ClBr0.7,component-864a0973e33a172f,False
external_candidate,estm_family_first,81,240,Ge:0.05511111111|Li:0.4444444444|S:0.4444444444|Sn:0.056,Li4Ge0.496Sn0.504S4,component-c070aaa1f32fc816,False
external_candidate,estm_family_first,82,88,Br:0.02384737679|Cl:0.07949125596|Li:0.4435612083|P:0.07949125596|S:0.373608903,Li5.58PS4.7ClBr0.3,component-864a0973e33a172f,False
external_candidate,estm_family_first,83,91,Br:0.03955696203|Cl:0.07911392405|Li:0.4462025316|P:0.07911392405|S:0.3560126582,Li5.64PS4.5ClBr0.5,component-864a0973e33a172f,False
external_candidate,estm_family_first,84,245,Ge:0.08011111111|Li:0.4444444444|S:0.4444444444|Sn:0.031,Li4Ge0.721Sn0.279S4,component-c070aaa1f32fc816,False
external_candidate,estm_family_first,85,252,Ge:0.1111111111|Li:0.4444444444|S:0.2222222222|Se:0.2222222222,Li4GeS2Se2,component-e765a42161a2cd5d,False
external_candidate,estm_family_first,86,251,Ge:0.1111111111|Li:0.4444444444|S:0.1111111111|Se:0.3333333333,Li4GeSSe3,component-e765a42161a2cd5d,False
external_candidate,estm_family_first,87,253,Ge:0.1111111111|Li:0.4444444444|S:0.3333333333|Se:0.1111111111,Li4GeS3Se,component-e765a42161a2cd5d,False
external_candidate,estm_family_first,88,232,Ge:0.02|Li:0.4444444444|Se:0.4444444444|Sn:0.09111111111,Li4Ge0.18Sn0.82Se4,component-e765a42161a2cd5d,False
external_candidate,estm_family_first,89,241,Ge:0.05555555556|Li:0.4444444444|Se:0.4444444444|Sn:0.05555555556,Li4Ge0.5Sn0.5Se4,component-e765a42161a2cd5d,False
external_candidate,estm_family_first,90,467,Li:0.4444444444|S:0.4444444444|Sn:0.1111111111,Li4SnS4,component-c070aaa1f32fc816,False
external_candidate,estm_family_first,91,246,Ge:0.08333333333|Li:0.4444444444|Se:0.4444444444|Sn:0.02777777778,Li4Ge0.75Sn0.25Se4,component-e765a42161a2cd5d,False
external_candidate,estm_family_first,92,468,Li:0.4444444444|Se:0.4444444444|Sn:0.1111111111,Li4SnSe4,component-e765a42161a2cd5d,False
external_candidate,estm_family_first,93,157,Cl:0.5714285714|Li:0.2857142857|Mn:0.1428571429,Li2MnCl4,component-37ec49522d82065c,False
external_candidate,estm_family_first,94,158,Cl:0.5714285714|Li:0.2857142857|V:0.1428571429,Li2VCl4,component-37ec49522d82065c,False
external_candidate,estm_family_first,95,255,Ge:0.1111111111|Li:0.4444444444|Se:0.4444444444,Li4GeSe4,component-e765a42161a2cd5d,False
external_candidate,estm_family_first,96,393,Li:0.1666666667|N:0.5|Si:0.3333333333,LiSi2N3,component-94e3acef4c28d550,False
external_candidate,estm_family_first,97,254,Ge:0.1111111111|Li:0.4444444444|S:0.4444444444,Li4GeS4,component-c070aaa1f32fc816,False
external_candidate,estm_family_first,98,450,Li:0.4082840237|P:0.0650887574|S:0.4733727811|Si:0.05325443787,Li10.35Si1.35P1.65S12,component-72e6f457205e515c,False
external_candidate,estm_family_first,99,63,B:0.1666666667|H:0.6666666667|Li:0.1666666667,Li(BH4),component-2a71e0a499ed03ca,False
external_candidate,estm_family_first,100,35,Al:0.04166666667|Li:0.375|O:0.5|Te:0.08333333333,Li3(Li1.5Al0.5Te)O6,component-2e864a32f95201a0,False
external_candidate,estm_family_first,101,182,Cr:0.04166666667|Li:0.375|O:0.5|Te:0.08333333333,Li3(Li1.5Cr0.5Te)O6,component-2e864a32f95201a0,False
external_candidate,estm_family_first,102,39,Al:0.04|La:0.12|Li:0.08|O:0.6|Ti:0.16,(La0.6Li0.4)(Ti0.8Al0.2)O3,component-21f452ed084570e0,False
external_candidate,estm_family_first,103,41,Al:0.06|La:0.13|Li:0.07|O:0.6|Ti:0.14,(La0.65Li0.35)(Ti0.7Al0.3)O3,component-21f452ed084570e0,False
external_candidate,estm_family_first,104,44,Al:0.08|La:0.14|Li:0.06|O:0.6|Ti:0.12,(La0.7Li0.3)(Ti0.6Al0.4)O3,component-21f452ed084570e0,False
external_candidate,estm_family_first,105,30,Al:0.02|La:0.11|Li:0.09|O:0.6|Ti:0.18,(La0.55Li0.45)(Ti0.9Al0.1)O3,component-21f452ed084570e0,False
external_candidate,estm_family_first,106,171,Co:0.02024291498|La:0.1275303644|Li:0.06275303644|O:0.6072874494|Ti:0.1821862348,Li0.31La0.63((Ti0.9Co0.1)O3,component-edf2c8506f6784d3,False
external_candidate,estm_family_first,107,357,La:0.1|Li:0.1|O:0.6|Ti:0.2,La0.5Li0.5O3Ti1,component-21f452ed084570e0,False
external_candidate,estm_family_first,108,315,La:0.1160164271|Li:0.06262833676|O:0.6160164271|Ti:0.205338809,La0.565Li0.305TiO3,component-21f452ed084570e0,False
external_candidate,estm_family_first,109,319,La:0.1237006237|Li:0.0446985447|O:0.6237006237|Ti:0.2079002079,La0.595Li0.215TiO3,component-21f452ed084570e0,False
external_candidate,estm_family_first,110,250,Ge:0.1111111111|Li:0.4444444444|O:0.4444444444,Li4GeO4,component-e765a42161a2cd5d,False
external_candidate,estm_family_first,111,368,Li:0.05555555556|O:0.6666666667|P:0.1666666667|Sn:0.07777777778|Ti:0.03333333333,Li(Ti0.6Sn1.4)(PO4)3,component-2aea8a8a209c0c0c,False
external_candidate,estm_family_first,112,340,La:0.1315789474|Li:0.02631578947|O:0.6315789474|Ti:0.2105263158,La0.625Li0.125TiO3,component-21f452ed084570e0,False
external_candidate,estm_family_first,113,374,Li:0.07346938776|Nd:0.1102040816|O:0.612244898|Ti:0.2040816327,Nd0.54Li0.36TiO3,component-022488b4edb8df14,False
external_candidate,estm_family_first,114,349,La:0.1355932203|Li:0.01694915254|O:0.6355932203|Ti:0.2118644068,La0.64Li0.08TiO3,component-21f452ed084570e0,False
external_candidate,estm_family_first,115,367,Li:0.05555555556|O:0.6666666667|P:0.1666666667|Sn:0.03333333333|Ti:0.07777777778,Li(Ti1.4Sn0.6)(PO4)3,component-2aea8a8a209c0c0c,False
external_candidate,estm_family_first,116,247,Ge:0.08571428571|Li:0.4285714286|O:0.4571428571|V:0.02857142857,Li3.75Ge0.75V0.25O4,component-0ad73f6417e66053,False
external_candidate,estm_family_first,117,322,La:0.1260504202|Li:0.2857142857|O:0.5042016807|Ta:0.008403361345|Zr:0.0756302521,Li6.8La3Zr1.8Ta0.2O12,component-9538ad9c5715847d,False
external_candidate,estm_family_first,118,327,La:0.1271186441|Li:0.2796610169|O:0.5084745763|Ta:0.01694915254|Zr:0.06779661017,Li6.6La3Zr1.6Ta0.4O12,component-9538ad9c5715847d,False
external_candidate,estm_family_first,119,333,La:0.1276595745|Li:0.2765957447|O:0.5106382979|Ta:0.02127659574|Zr:0.06382978723,Li6.5La3Zr1.5Ta0.5O12,component-9538ad9c5715847d,False
external_candidate,estm_family_first,120,334,La:0.1282051282|Li:0.2735042735|O:0.5128205128|Ta:0.02564102564|Zr:0.05982905983,Li6.4La3Zr1.4Ta0.6O12,component-9538ad9c5715847d,False
external_candidate,estm_family_first,121,330,La:0.1276595745|Li:0.2765957447|Nb:0.02127659574|O:0.5106382979|Zr:0.06382978723,Li6.5La3Zr1.5Nb0.5O12,component-9538ad9c5715847d,False
external_candidate,estm_family_first,122,335,La:0.1293103448|Li:0.2672413793|O:0.5172413793|Ta:0.03448275862|Zr:0.05172413793,Li6.2La3Zr1.2Ta0.8O12,component-9538ad9c5715847d,False
external_candidate,estm_family_first,123,385,Li:0.1428571429|Nd:0.1428571429|O:0.5714285714|Ti:0.1428571429,Li(NdTiO4),component-49fd470de09087f3,False
external_candidate,estm_family_first,124,21,Al:0.02173913043|Ge:0.02173913043|Li:0.07608695652|O:0.652173913|P:0.1630434783|Ti:0.0652173913,Li1.4(Al0.4Ge0.4Ti1.2)(PO4)3,component-d77d678c12faf4d4,False
external_candidate,estm_family_first,125,14,Al:0.01098901099|Ge:0.03296703297|Li:0.06593406593|O:0.6593406593|P:0.1648351648|Ti:0.06593406593,Li1.2(Al0.2Ge0.6Ti1.2)(PO4)3,component-d77d678c12faf4d4,False
external_candidate,estm_family_first,126,33,Al:0.03225806452|Ge:0.03225806452|Li:0.08602150538|O:0.6451612903|P:0.1612903226|Ti:0.04301075269,Li1.6(Al0.6Ge0.6Ti0.8)(PO4)3,component-d77d678c12faf4d4,False
external_candidate,estm_family_first,127,22,Al:0.02173913043|Ge:0.03260869565|Li:0.07608695652|O:0.652173913|P:0.1630434783|Ti:0.05434782609,Li1.4(Al0.4Ge0.6Ti)(PO4)3,component-d77d678c12faf4d4,False
external_candidate,estm_family_first,128,360,La:0.25|Li:0.25|O:0.5,LaLiO2,component-e37baddd7483659e,False
external_candidate,estm_family_first,129,32,Al:0.03225806452|Ge:0.02150537634|Li:0.08602150538|O:0.6451612903|P:0.1612903226|Ti:0.05376344086,Li1.6(Al0.6Ge0.4Ti)(PO4)3,component-d77d678c12faf4d4,False
external_candidate,estm_family_first,130,20,Al:0.02173913043|Ge:0.01086956522|Li:0.07608695652|O:0.652173913|P:0.1630434783|Ti:0.07608695652,Li1.4(Al0.4Ge0.2Ti1.4)(PO4)3,component-d77d678c12faf4d4,False
external_candidate,estm_family_first,131,31,Al:0.03225806452|Ge:0.01075268817|Li:0.08602150538|O:0.6451612903|P:0.1612903226|Ti:0.06451612903,Li1.6(Al0.6Ge0.2Ti1.2)(PO4)3,component-d77d678c12faf4d4,False
external_candidate,estm_family_first,132,361,La:0.2604166667|Li:0.1979166667|Mg:0.02083333333|O:0.5208333333,La(Li0.76Mg0.08)O2,component-e37baddd7483659e,False
external_candidate,estm_family_first,133,353,La:0.1364877161|Li:0.2311191993|O:0.5459508644|Ta:0.06869881711|Zr:0.01774340309,La3Li5.08Ta1.51Zr0.39O12,component-715d7f4cc477853b,False
external_candidate,estm_family_first,134,26,Al:0.02285435101|Li:0.0771402204|O:0.6514304327|P:0.1628576082|Ti:0.08571738776,Li1.421Al0.421Ti1.579(PO4)3,component-1751b0c9bec9cfa2,False
external_candidate,estm_family_first,135,25,Al:0.02222707662|Li:0.07165092021|O:0.6553437824|P:0.1638359456|Ti:0.08694227514,Li1.312Al0.407Ti1.592(PO4)3,component-1751b0c9bec9cfa2,False
external_candidate,estm_family_first,136,17,Al:0.0112501372|Li:0.06706179344|O:0.6585446164|P:0.1646361541|Ti:0.09850729887,Li1.222Al0.205Ti1.795(PO4)3,component-1751b0c9bec9cfa2,False
external_candidate,estm_family_first,137,18,Al:0.01539641663|Li:0.06859898088|O:0.6574982193|P:0.1643745548|Ti:0.09413182839,Li1.252Al0.281Ti1.718(PO4)3,component-1751b0c9bec9cfa2,False
external_candidate,estm_family_first,138,7,Al:0.005575489925|Li:0.06149599779|O:0.6624344466|P:0.1656086116|Ti:0.104885454,Li1.114Al0.101Ti1.9(PO4)3,component-1751b0c9bec9cfa2,False
external_candidate,estm_family_first,139,208,Fe:0.05657894737|Li:0.1052631579|O:0.6315789474|P:0.1578947368|Ti:0.04868421053,Li2Fe1.075Ti0.925P3O12,component-a7d5850a1d3b53ef,False
external_candidate,estm_family_first,140,371,Li:0.05555555556|O:0.6666666667|P:0.1666666667|Ti:0.1111111111,LiTi2(PO4)3,component-1751b0c9bec9cfa2,False
external_candidate,estm_family_first,141,217,Ga:0.25|Li:0.25|O:0.5,LiGaO2,component-f1a63e35375195fa,False
external_candidate,estm_family_first,142,59,B:0.07142857143|Li:0.2142857143|O:0.5714285714|P:0.1428571429,Li3BP2O8,component-7fcb199d19799006,False
external_candidate,estm_family_first,143,210,Ga:0.02040816327|Li:0.2517006803|O:0.5442176871|P:0.1360544218|Zn:0.04761904762,Li3.7Zn0.7Ga0.3(PO4)2,component-6c0b8e88c79a5e35,False
external_candidate,estm_family_first,144,416,Li:0.2666666667|O:0.5333333333|P:0.1333333333|Zn:0.06666666667,Li4Zn(PO4)2,component-6c0b8e88c79a5e35,False
external_candidate,neighbor_entity_consensus,1,169,Cl:0.6|In:0.1|Li:0.3,Li3InCl6,component-c68a57832f7e8eda,True
external_candidate,neighbor_entity_consensus,2,423,Li:0.3023457863|P:0.03475238923|S:0.5212858384|Si:0.07428323197|Sn:0.06733275413,Li6.96Sn1.55Si1.71P0.8S12,component-9360d422928dd2b7,True
external_candidate,neighbor_entity_consensus,3,234,Ge:0.03252647504|I:0.0756429652|Li:0.4704992436|S:0.378214826|Sb:0.04311649017,Li6.22Ge0.43Sb0.57S5I,component-fd6acb7e688a0625,True
external_candidate,neighbor_entity_consensus,4,444,Li:0.3954050786|P:0.08827085852|S:0.4836759371|Sn:0.03264812576,Li9.81Sn0.81P2.19S12,component-72e6f457205e515c,True
external_candidate,neighbor_entity_consensus,5,268,I:0.07228915663|Li:0.4728915663|S:0.3795180723|Sb:0.04141566265|Si:0.03388554217,Li6.28Si0.45Sb0.55S5.04I0.96,component-fd6acb7e688a0625,False
external_candidate,neighbor_entity_consensus,6,162,Cl:0.6060606061|In:0.09090909091|Li:0.2929292929|Zr:0.0101010101,Li2.9In0.9Zr0.1Cl6,component-c68a57832f7e8eda,False
external_candidate,neighbor_entity_consensus,7,163,Cl:0.6147540984|In:0.07991803279|Li:0.2868852459|Zr:0.01844262295,Li2.8In0.78Zr0.18Cl6,component-c68a57832f7e8eda,False
external_candidate,neighbor_entity_consensus,8,450,Li:0.4082840237|P:0.0650887574|S:0.4733727811|Si:0.05325443787,Li10.35Si1.35P1.65S12,component-72e6f457205e515c,False
external_candidate,neighbor_entity_consensus,9,144,Cl:0.01213592233|Li:0.3859223301|O:0.01213592233|P:0.05825242718|S:0.4611650485|Si:0.07038834951,Li9.54Si1.74P1.44S11.4Cl0.3O0.3,component-314d75ed53e5e991,True
external_candidate,neighbor_entity_consensus,10,164,Cl:0.622406639|In:0.07157676349|Li:0.27593361|Zr:0.03008298755,Li2.66In0.69Zr0.29Cl6,component-c68a57832f7e8eda,False
external_candidate,neighbor_entity_consensus,11,267,I:0.07066869301|Li:0.4680851064|S:0.3852583587|Sb:0.02887537994|Si:0.04711246201,Li6.16Si0.62Sb0.38S5.07I0.93,component-fd6acb7e688a0625,False
external_candidate,neighbor_entity_consensus,12,157,Cl:0.5714285714|Li:0.2857142857|Mn:0.1428571429,Li2MnCl4,component-37ec49522d82065c,True
external_candidate,neighbor_entity_consensus,13,156,Cl:0.5714285714|Li:0.2857142857|Mg:0.1428571429,Li2MgCl4,component-37ec49522d82065c,False
external_candidate,neighbor_entity_consensus,14,283,I:0.07646622123|Li:0.4803266518|S:0.3689680772|Sb:0.05939123979|Sn:0.01484780995,Li6.47Sn0.2Sb0.8S4.97I1.03,component-fd6acb7e688a0625,False
external_candidate,neighbor_entity_consensus,15,165,Cl:0.625|In:0.0625|Li:0.2708333333|Zr:0.04166666667,Li2.6In0.6Zr0.4Cl6,component-c68a57832f7e8eda,False
external_candidate,neighbor_entity_consensus,16,166,Cl:0.629590766|Er:0.055613851|Li:0.2654774397|Zr:0.04931794334,Li2.53Er0.53Zr0.47Cl6,component-c15bf60682542e1c,True
external_candidate,neighbor_entity_consensus,17,155,Cl:0.5714285714|Cr:0.1428571429|Li:0.2857142857,Li2CrCl4,component-42f535930d9218fc,True
external_candidate,neighbor_entity_consensus,18,474,Li:0.5714285714|N:0.2857142857|Sr:0.1428571429,Li4SrN2,component-af5c59da78f6f5e9,True
external_candidate,neighbor_entity_consensus,19,465,Li:0.4444444444|S:0.3333333333|Se:0.1111111111|Sn:0.1111111111,Li4SnS3Se,component-e765a42161a2cd5d,True
external_candidate,neighbor_entity_consensus,20,123,Br:0.6666666667|Ga:0.1666666667|Li:0.1666666667,LiGaBr4,component-fa5653c94495539a,True
external_candidate,neighbor_entity_consensus,21,167,Cl:0.6315789474|In:0.05263157895|Li:0.2631578947|Zr:0.05263157895,Li2.5In0.5Zr0.5Cl6,component-c68a57832f7e8eda,False
external_candidate,neighbor_entity_consensus,22,94,Br:0.07396449704|Cl:0.07396449704|Li:0.4304733728|P:0.07396449704|S:0.3476331361,Li5.82PS4.7ClBr,component-864a0973e33a172f,True
external_candidate,neighbor_entity_consensus,23,91,Br:0.03955696203|Cl:0.07911392405|Li:0.4462025316|P:0.07911392405|S:0.3560126582,Li5.64PS4.5ClBr0.5,component-864a0973e33a172f,False
external_candidate,neighbor_entity_consensus,24,92,Br:0.05591054313|Cl:0.07987220447|Li:0.4408945687|P:0.07987220447|S:0.3434504792,Li5.52PS4.3ClBr0.7,component-864a0973e33a172f,False
external_candidate,neighbor_entity_consensus,25,464,Li:0.4444444444|S:0.2222222222|Se:0.2222222222|Sn:0.1111111111,Li4SnS2Se2,component-e765a42161a2cd5d,False
external_candidate,neighbor_entity_consensus,26,218,Ga:0.25|Li:0.25|S:0.5,LiGaS2,component-f1a63e35375195fa,True
external_candidate,neighbor_entity_consensus,27,88,Br:0.02384737679|Cl:0.07949125596|Li:0.4435612083|P:0.07949125596|S:0.373608903,Li5.58PS4.7ClBr0.3,component-864a0973e33a172f,False
external_candidate,neighbor_entity_consensus,28,456,Li:0.4266055046|S:0.4587155963|Sb:0.02293577982|Sn:0.09174311927,Li3.72Sn0.8Sb0.2S4,component-c070aaa1f32fc816,True
external_candidate,neighbor_entity_consensus,29,428,Li:0.3333333333|P:0.1666666667|S:0.5,Li4P2S6,component-add16a77287243fe,True
external_candidate,neighbor_entity_consensus,30,278,I:0.07574598317|Li:0.4644223412|S:0.3833205815|Sb:0.05049732211|Si:0.026013772,Li6.07Si0.34Sb0.66S5.01I0.99,component-fd6acb7e688a0625,False
external_candidate,neighbor_entity_consensus,31,463,Li:0.4444444444|S:0.1|Se:0.3444444444|Sn:0.1111111111,Li4SnS0.9Se3.1,component-e765a42161a2cd5d,False
external_candidate,neighbor_entity_consensus,32,216,Ga:0.1|Li:0.5|S:0.4,Li5GaS4,component-95dd48f923dfd756,True
external_candidate,neighbor_entity_consensus,33,240,Ge:0.05511111111|Li:0.4444444444|S:0.4444444444|Sn:0.056,Li4Ge0.496Sn0.504S4,component-c070aaa1f32fc816,False
external_candidate,neighbor_entity_consensus,34,467,Li:0.4444444444|S:0.4444444444|Sn:0.1111111111,Li4SnS4,component-c070aaa1f32fc816,False
external_candidate,neighbor_entity_consensus,35,468,Li:0.4444444444|Se:0.4444444444|Sn:0.1111111111,Li4SnSe4,component-e765a42161a2cd5d,False
external_candidate,neighbor_entity_consensus,36,315,La:0.1160164271|Li:0.06262833676|O:0.6160164271|Ti:0.205338809,La0.565Li0.305TiO3,component-21f452ed084570e0,True
external_candidate,neighbor_entity_consensus,37,460,Li:0.4324631101|S:0.4540295119|Sb:0.0170261067|Sn:0.09648127128,Li3.81Sn0.85Sb0.15S4,component-c070aaa1f32fc816,False
external_candidate,neighbor_entity_consensus,38,230,Ge:0.02533333333|Li:0.4444444444|S:0.4444444444|Sn:0.08577777778,Li4Ge0.228Sn0.772S4,component-c070aaa1f32fc816,False
external_candidate,neighbor_entity_consensus,39,229,Ge:0.01697530864|I:0.07638888889|Li:0.4598765432|S:0.3865740741|Sb:0.06018518519,Li5.96Ge0.22Sb0.78S5.01I0.99,component-fd6acb7e688a0625,False
external_candidate,neighbor_entity_consensus,40,461,Li:0.4337485844|S:0.4530011325|Sb:0.01132502831|Sn:0.1019252548,Li3.83Sn0.9Sb0.1S4,component-c070aaa1f32fc816,False
external_candidate,neighbor_entity_consensus,41,481,Li:0.75|N:0.25,Li3N,component-9aac23560fbd0a52,True
external_candidate,neighbor_entity_consensus,42,253,Ge:0.1111111111|Li:0.4444444444|S:0.3333333333|Se:0.1111111111,Li4GeS3Se,component-e765a42161a2cd5d,False
external_candidate,neighbor_entity_consensus,43,286,I:0.07927786499|Li:0.4505494505|S:0.3916797488|Sb:0.07221350078|Si:0.006279434851,Li5.74Si0.08Sb0.92S4.99I1.01,component-fd6acb7e688a0625,False
external_candidate,neighbor_entity_consensus,44,325,La:0.1265822785|Li:0.2827004219|O:0.5063291139|Ta:0.01265822785|Zr:0.07172995781,Li6.7La3Zr1.7Ta0.3O12,component-9538ad9c5715847d,True
external_candidate,neighbor_entity_consensus,45,329,La:0.1276595745|Li:0.2765957447|Mo:0.01063829787|O:0.5106382979|Zr:0.07446808511,Li6.5La3Zr1.75Mo0.25O12,component-fadf7e803da09fb1,True
external_candidate,neighbor_entity_consensus,46,333,La:0.1276595745|Li:0.2765957447|O:0.5106382979|Ta:0.02127659574|Zr:0.06382978723,Li6.5La3Zr1.5Ta0.5O12,component-9538ad9c5715847d,False
external_candidate,neighbor_entity_consensus,47,62,B:0.1666666667|Ce:0.05555555556|Cl:0.05555555556|H:0.6666666667|Li:0.05555555556,LiCe(BH4)3Cl,component-9fa8e1338292e83b,True
external_candidate,neighbor_entity_consensus,48,327,La:0.1271186441|Li:0.2796610169|O:0.5084745763|Ta:0.01694915254|Zr:0.06779661017,Li6.6La3Zr1.6Ta0.4O12,component-9538ad9c5715847d,False
external_candidate,neighbor_entity_consensus,49,439,Li:0.375|S:0.5|Sb:0.125,Li3SbS4,component-7771fc0e7b635877,True
external_candidate,neighbor_entity_consensus,50,317,La:0.1195876289|Li:0.05567010309|O:0.618556701|Ti:0.206185567,La0.58Li0.27TiO3,component-d5d8b9ddf1098984,True
external_candidate,neighbor_entity_consensus,51,330,La:0.1276595745|Li:0.2765957447|Nb:0.02127659574|O:0.5106382979|Zr:0.06382978723,Li6.5La3Zr1.5Nb0.5O12,component-9538ad9c5715847d,False
external_candidate,neighbor_entity_consensus,52,334,La:0.1282051282|Li:0.2735042735|O:0.5128205128|Ta:0.02564102564|Zr:0.05982905983,Li6.4La3Zr1.4Ta0.6O12,component-9538ad9c5715847d,False
external_candidate,neighbor_entity_consensus,53,252,Ge:0.1111111111|Li:0.4444444444|S:0.2222222222|Se:0.2222222222,Li4GeS2Se2,component-e765a42161a2cd5d,False
external_candidate,neighbor_entity_consensus,54,356,La:0.1|Li:0.06|Na:0.04|O:0.6|Ti:0.2,La0.5Li0.3Na0.2O3Ti1,component-21f452ed084570e0,False
external_candidate,neighbor_entity_consensus,55,357,La:0.1|Li:0.1|O:0.6|Ti:0.2,La0.5Li0.5O3Ti1,component-21f452ed084570e0,False
external_candidate,neighbor_entity_consensus,56,241,Ge:0.05555555556|Li:0.4444444444|Se:0.4444444444|Sn:0.05555555556,Li4Ge0.5Sn0.5Se4,component-e765a42161a2cd5d,False
external_candidate,neighbor_entity_consensus,57,30,Al:0.02|La:0.11|Li:0.09|O:0.6|Ti:0.18,(La0.55Li0.45)(Ti0.9Al0.1)O3,component-21f452ed084570e0,False
external_candidate,neighbor_entity_consensus,58,251,Ge:0.1111111111|Li:0.4444444444|S:0.1111111111|Se:0.3333333333,Li4GeSSe3,component-e765a42161a2cd5d,False
external_candidate,neighbor_entity_consensus,59,322,La:0.1260504202|Li:0.2857142857|O:0.5042016807|Ta:0.008403361345|Zr:0.0756302521,Li6.8La3Zr1.8Ta0.2O12,component-9538ad9c5715847d,False
external_candidate,neighbor_entity_consensus,60,394,Li:0.1666666667|Na:0.2777777778|S:0.4444444444|Ti:0.1111111111,Li3Na5(TiS4)2,component-8ef18f4be6109927,True
external_candidate,neighbor_entity_consensus,61,63,B:0.1666666667|H:0.6666666667|Li:0.1666666667,Li(BH4),component-2a71e0a499ed03ca,True
external_candidate,neighbor_entity_consensus,62,319,La:0.1237006237|Li:0.0446985447|O:0.6237006237|Ti:0.2079002079,La0.595Li0.215TiO3,component-21f452ed084570e0,False
external_candidate,neighbor_entity_consensus,63,255,Ge:0.1111111111|Li:0.4444444444|Se:0.4444444444,Li4GeSe4,component-e765a42161a2cd5d,False
external_candidate,neighbor_entity_consensus,64,335,La:0.1293103448|Li:0.2672413793|O:0.5172413793|Ta:0.03448275862|Zr:0.05172413793,Li6.2La3Zr1.2Ta0.8O12,component-9538ad9c5715847d,False
external_candidate,neighbor_entity_consensus,65,232,Ge:0.02|Li:0.4444444444|Se:0.4444444444|Sn:0.09111111111,Li4Ge0.18Sn0.82Se4,component-e765a42161a2cd5d,False
external_candidate,neighbor_entity_consensus,66,26,Al:0.02285435101|Li:0.0771402204|O:0.6514304327|P:0.1628576082|Ti:0.08571738776,Li1.421Al0.421Ti1.579(PO4)3,component-1751b0c9bec9cfa2,True
external_candidate,neighbor_entity_consensus,67,25,Al:0.02222707662|Li:0.07165092021|O:0.6553437824|P:0.1638359456|Ti:0.08694227514,Li1.312Al0.407Ti1.592(PO4)3,component-1751b0c9bec9cfa2,False
external_candidate,neighbor_entity_consensus,68,245,Ge:0.08011111111|Li:0.4444444444|S:0.4444444444|Sn:0.031,Li4Ge0.721Sn0.279S4,component-c070aaa1f32fc816,False
external_candidate,neighbor_entity_consensus,69,479,Li:0.6657142857|P:0.2857142857|Si:0.04857142857,Li2.33PSi0.17,component-e732dea4ad2fb342,True
external_candidate,neighbor_entity_consensus,70,246,Ge:0.08333333333|Li:0.4444444444|Se:0.4444444444|Sn:0.02777777778,Li4Ge0.75Sn0.25Se4,component-e765a42161a2cd5d,False
external_candidate,neighbor_entity_consensus,71,18,Al:0.01539641663|Li:0.06859898088|O:0.6574982193|P:0.1643745548|Ti:0.09413182839,Li1.252Al0.281Ti1.718(PO4)3,component-1751b0c9bec9cfa2,False
external_candidate,neighbor_entity_consensus,72,21,Al:0.02173913043|Ge:0.02173913043|Li:0.07608695652|O:0.652173913|P:0.1630434783|Ti:0.0652173913,Li1.4(Al0.4Ge0.4Ti1.2)(PO4)3,component-d77d678c12faf4d4,True
external_candidate,neighbor_entity_consensus,73,171,Co:0.02024291498|La:0.1275303644|Li:0.06275303644|O:0.6072874494|Ti:0.1821862348,Li0.31La0.63((Ti0.9Co0.1)O3,component-edf2c8506f6784d3,True
external_candidate,neighbor_entity_consensus,74,20,Al:0.02173913043|Ge:0.01086956522|Li:0.07608695652|O:0.652173913|P:0.1630434783|Ti:0.07608695652,Li1.4(Al0.4Ge0.2Ti1.4)(PO4)3,component-d77d678c12faf4d4,False
external_candidate,neighbor_entity_consensus,75,29,Al:0.02775062452|Li:0.07678939937|O:0.651678071|P:0.1629195178|Ti:0.08086238731,Li1.414Al0.511Ti1.489(PO4)3,component-1751b0c9bec9cfa2,False
external_candidate,neighbor_entity_consensus,76,17,Al:0.0112501372|Li:0.06706179344|O:0.6585446164|P:0.1646361541|Ti:0.09850729887,Li1.222Al0.205Ti1.795(PO4)3,component-1751b0c9bec9cfa2,False
external_candidate,neighbor_entity_consensus,77,22,Al:0.02173913043|Ge:0.03260869565|Li:0.07608695652|O:0.652173913|P:0.1630434783|Ti:0.05434782609,Li1.4(Al0.4Ge0.6Ti)(PO4)3,component-d77d678c12faf4d4,False
external_candidate,neighbor_entity_consensus,78,33,Al:0.03225806452|Ge:0.03225806452|Li:0.08602150538|O:0.6451612903|P:0.1612903226|Ti:0.04301075269,Li1.6(Al0.6Ge0.6Ti0.8)(PO4)3,component-d77d678c12faf4d4,False
external_candidate,neighbor_entity_consensus,79,13,Al:0.01098901099|Ge:0.02197802198|Li:0.06593406593|O:0.6593406593|P:0.1648351648|Ti:0.07692307692,Li1.2(Al0.2Ge0.4Ti1.4)(PO4)3,component-d77d678c12faf4d4,False
external_candidate,neighbor_entity_consensus,80,208,Fe:0.05657894737|Li:0.1052631579|O:0.6315789474|P:0.1578947368|Ti:0.04868421053,Li2Fe1.075Ti0.925P3O12,component-a7d5850a1d3b53ef,True
external_candidate,neighbor_entity_consensus,81,39,Al:0.04|La:0.12|Li:0.08|O:0.6|Ti:0.16,(La0.6Li0.4)(Ti0.8Al0.2)O3,component-21f452ed084570e0,False
external_candidate,neighbor_entity_consensus,82,14,Al:0.01098901099|Ge:0.03296703297|Li:0.06593406593|O:0.6593406593|P:0.1648351648|Ti:0.06593406593,Li1.2(Al0.2Ge0.6Ti1.2)(PO4)3,component-d77d678c12faf4d4,False
external_candidate,neighbor_entity_consensus,83,32,Al:0.03225806452|Ge:0.02150537634|Li:0.08602150538|O:0.6451612903|P:0.1612903226|Ti:0.05376344086,Li1.6(Al0.6Ge0.4Ti)(PO4)3,component-d77d678c12faf4d4,False
external_candidate,neighbor_entity_consensus,84,65,B:0.1818181818|H:0.7272727273|Li:0.04545454545|Y:0.04545454545,LiY(BH4)4,component-2a71e0a499ed03ca,False
external_candidate,neighbor_entity_consensus,85,7,Al:0.005575489925|Li:0.06149599779|O:0.6624344466|P:0.1656086116|Ti:0.104885454,Li1.114Al0.101Ti1.9(PO4)3,component-1751b0c9bec9cfa2,False
external_candidate,neighbor_entity_consensus,86,172,Co:0.02057613169|La:0.1378600823|Li:0.03909465021|O:0.6172839506|Ti:0.1851851852,Li0.19La0.67(Ti0.9Co0.1)O3,component-edf2c8506f6784d3,False
external_candidate,neighbor_entity_consensus,87,341,La:0.1319261214|Li:0.2524186456|O:0.5277044855|Ta:0.0219876869|Zr:0.06596306069,Li5.74La3Zr1.5Ta0.5O12,component-715d7f4cc477853b,True
external_candidate,neighbor_entity_consensus,88,31,Al:0.03225806452|Ge:0.01075268817|Li:0.08602150538|O:0.6451612903|P:0.1612903226|Ti:0.06451612903,Li1.6(Al0.6Ge0.2Ti1.2)(PO4)3,component-d77d678c12faf4d4,False
external_candidate,neighbor_entity_consensus,89,293,In:0.05660377358|Li:0.1090146751|O:0.6289308176|P:0.1572327044|Ti:0.04821802935,Li2.08Ti0.92In1.08P3O12,component-a7d5850a1d3b53ef,False
external_candidate,neighbor_entity_consensus,90,393,Li:0.1666666667|N:0.5|Si:0.3333333333,LiSi2N3,component-94e3acef4c28d550,True
external_candidate,neighbor_entity_consensus,91,254,Ge:0.1111111111|Li:0.4444444444|S:0.4444444444,Li4GeS4,component-c070aaa1f32fc816,False
external_candidate,neighbor_entity_consensus,92,470,Li:0.4|N:0.4|Si:0.2,Li2SiN2,component-94e3acef4c28d550,False
external_candidate,neighbor_entity_consensus,93,340,La:0.1315789474|Li:0.02631578947|O:0.6315789474|Ti:0.2105263158,La0.625Li0.125TiO3,component-21f452ed084570e0,False
external_candidate,neighbor_entity_consensus,94,355,La:0.1428571429|Li:0.1428571429|O:0.5714285714|Ti:0.1428571429,Li(LaTiO4),component-49fd470de09087f3,True
external_candidate,neighbor_entity_consensus,95,133,Ca:0.04752376188|Li:0.04902451226|O:0.6003001501|P:0.1500750375|Pb:0.1530765383,Pb6.12Ca1.9Li1.96(PO4)6,component-422e6de1dc0ae59a,True
external_candidate,neighbor_entity_consensus,96,61,B:0.1666666667|Ca:0.08333333333|F:0.08333333333|Li:0.25|O:0.4166666667,Li3CaB2O5F,component-8a61e3e41857b7c9,True
external_candidate,neighbor_entity_consensus,97,349,La:0.1355932203|Li:0.01694915254|O:0.6355932203|Ti:0.2118644068,La0.64Li0.08TiO3,component-21f452ed084570e0,False
external_candidate,neighbor_entity_consensus,98,85,Bi:0.25|Li:0.25|O:0.5,LiBiO2,component-d698ad42acc6f36f,True
external_candidate,neighbor_entity_consensus,99,204,Fe:0.02283105023|Ge:0.08588823657|Li:0.07588606219|O:0.6523157208|P:0.1630789302,Li1.396Fe0.42Ge1.58(PO4)3,component-522ebac993ddfc90,True
external_candidate,neighbor_entity_consensus,100,403,Li:0.1|Mn:0.2|O:0.6|Te:0.1,LiMn2TeO6,component-cc8eb4822ea3c7a0,True
external_candidate,neighbor_entity_consensus,101,310,La:0.09090909091|Li:0.09090909091|Nb:0.1818181818|O:0.6363636364,LiLaNb2O7,component-90f2532a956b2036,True
external_candidate,neighbor_entity_consensus,102,41,Al:0.06|La:0.13|Li:0.07|O:0.6|Ti:0.14,(La0.65Li0.35)(Ti0.7Al0.3)O3,component-21f452ed084570e0,False
external_candidate,neighbor_entity_consensus,103,44,Al:0.08|La:0.14|Li:0.06|O:0.6|Ti:0.12,(La0.7Li0.3)(Ti0.6Al0.4)O3,component-21f452ed084570e0,False
external_candidate,neighbor_entity_consensus,104,158,Cl:0.5714285714|Li:0.2857142857|V:0.1428571429,Li2VCl4,component-37ec49522d82065c,False
external_candidate,neighbor_entity_consensus,105,435,Li:0.375|N:0.125|O:0.375|S:0.125,Li3(SO3)N,component-fe94550320fb2c0c,True
external_candidate,neighbor_entity_consensus,106,180,Co:0.08333333333|Li:0.3333333333|O:0.5|Te:0.08333333333,Li8Co2Te2O12,component-f09f77e8ebc487de,True
external_candidate,neighbor_entity_consensus,107,434,Li:0.375|Mn:0.04166666667|O:0.5|Te:0.08333333333,Li3(Li1.5Mn0.5Te)O6,component-2e864a32f95201a0,True
external_candidate,neighbor_entity_consensus,108,182,Cr:0.04166666667|Li:0.375|O:0.5|Te:0.08333333333,Li3(Li1.5Cr0.5Te)O6,component-2e864a32f95201a0,False
external_candidate,neighbor_entity_consensus,109,250,Ge:0.1111111111|Li:0.4444444444|O:0.4444444444,Li4GeO4,component-e765a42161a2cd5d,False
external_candidate,neighbor_entity_consensus,110,35,Al:0.04166666667|Li:0.375|O:0.5|Te:0.08333333333,Li3(Li1.5Al0.5Te)O6,component-2e864a32f95201a0,False
external_candidate,neighbor_entity_consensus,111,181,Co:0.09090909091|Li:0.2727272727|O:0.5454545455|Te:0.09090909091,Li3CoTeO6,component-0a1bf62c483c3d35,True
external_candidate,neighbor_entity_consensus,112,248,Ge:0.09770114943|Li:0.4252873563|O:0.4597701149|W:0.01724137931,Li3.70Ge0.85W0.15O4,component-0ad73f6417e66053,True
external_candidate,neighbor_entity_consensus,113,139,Ce:0.03296703297|La:0.1318681319|Li:0.2527472527|Nb:0.05494505495|O:0.5274725275,Li5.75La3Nb1.25Ce0.75O12,component-b3ee152f7464c9e7,True
external_candidate,neighbor_entity_consensus,114,375,Li:0.08024691358|O:0.6090534979|Pr:0.1049382716|Ti:0.2057613169,Pr0.51Li0.39TiO2.96,component-022488b4edb8df14,True
external_candidate,neighbor_entity_consensus,115,360,La:0.25|Li:0.25|O:0.5,LaLiO2,component-e37baddd7483659e,True
external_candidate,neighbor_entity_consensus,116,196,F:0.125|Fe:0.125|Li:0.125|O:0.5|P:0.125,LiFe(PO4)F,component-b51556d2e940fc10,True
external_candidate,neighbor_entity_consensus,117,368,Li:0.05555555556|O:0.6666666667|P:0.1666666667|Sn:0.07777777778|Ti:0.03333333333,Li(Ti0.6Sn1.4)(PO4)3,component-2aea8a8a209c0c0c,True
external_candidate,neighbor_entity_consensus,118,367,Li:0.05555555556|O:0.6666666667|P:0.1666666667|Sn:0.03333333333|Ti:0.07777777778,Li(Ti1.4Sn0.6)(PO4)3,component-2aea8a8a209c0c0c,False
external_candidate,neighbor_entity_consensus,119,359,La:0.225|Li:0.25|O:0.5|Sr:0.025,(La0.9Sr0.1)LiO2,component-e37baddd7483659e,False
external_candidate,neighbor_entity_consensus,120,369,Li:0.05555555556|O:0.6666666667|P:0.1666666667|Sn:0.08888888889|Ti:0.02222222222,Li(Ti0.4Sn1.6)(PO4)3,component-2aea8a8a209c0c0c,False
external_candidate,neighbor_entity_consensus,121,185,Cs:0.04|Li:0.2|Mn:0.04|O:0.56|P:0.16,CsLi5Mn(P2O7)2,component-c31acf0dcf5558c4,True
external_candidate,neighbor_entity_consensus,122,353,La:0.1364877161|Li:0.2311191993|O:0.5459508644|Ta:0.06869881711|Zr:0.01774340309,La3Li5.08Ta1.51Zr0.39O12,component-715d7f4cc477853b,False
external_candidate,neighbor_entity_consensus,123,366,Li:0.05027932961|Nb:0.01117318436|O:0.6703910615|P:0.1675977654|Ti:0.1005586592,	Li0.9Nb0.2O12P3Ti1.8,component-b156a0dd8a38892d,True
external_candidate,neighbor_entity_consensus,124,361,La:0.2604166667|Li:0.1979166667|Mg:0.02083333333|O:0.5208333333,La(Li0.76Mg0.08)O2,component-e37baddd7483659e,False
external_candidate,neighbor_entity_consensus,125,295,K:0.02|Li:0.18|O:0.6|Sb:0.2,(K0.1Li0.9)(SbO3),component-f164aba2b81882f9,True
external_candidate,neighbor_entity_consensus,126,262,Ge:0.2916666667|Li:0.08333333333|O:0.625,Li2Ge7O15,component-9eaac6273622ea6b,True
external_candidate,neighbor_entity_consensus,127,247,Ge:0.08571428571|Li:0.4285714286|O:0.4571428571|V:0.02857142857,Li3.75Ge0.75V0.25O4,component-0ad73f6417e66053,False
external_candidate,neighbor_entity_consensus,128,374,Li:0.07346938776|Nd:0.1102040816|O:0.612244898|Ti:0.2040816327,Nd0.54Li0.36TiO3,component-022488b4edb8df14,False
external_candidate,neighbor_entity_consensus,129,211,Ga:0.03448275862|Li:0.2413793103|O:0.5517241379|P:0.1379310345|Zn:0.03448275862,Li3.5Zn0.5Ga0.5(PO4)2,component-6c0b8e88c79a5e35,True
external_candidate,neighbor_entity_consensus,130,58,B:0.07142857143|Li:0.1428571429|Na:0.07142857143|O:0.5714285714|P:0.1428571429,Li2NaBP2O8,component-7fcb199d19799006,True
external_candidate,neighbor_entity_consensus,131,294,In:0.2|Li:0.1|O:0.6|Sb:0.1,LiIn2SbO6,component-ac036796a9cc3192,True
external_candidate,neighbor_entity_consensus,132,210,Ga:0.02040816327|Li:0.2517006803|O:0.5442176871|P:0.1360544218|Zn:0.04761904762,Li3.7Zn0.7Ga0.3(PO4)2,component-6c0b8e88c79a5e35,False
external_candidate,neighbor_entity_consensus,133,257,Ge:0.125|Li:0.25|O:0.5|Zn:0.125,Li2ZnGeO4,component-4334a435eca1fbda,True
external_candidate,neighbor_entity_consensus,134,385,Li:0.1428571429|Nd:0.1428571429|O:0.5714285714|Ti:0.1428571429,Li(NdTiO4),component-49fd470de09087f3,False
external_candidate,neighbor_entity_consensus,135,217,Ga:0.25|Li:0.25|O:0.5,LiGaO2,component-f1a63e35375195fa,False
external_candidate,neighbor_entity_consensus,136,371,Li:0.05555555556|O:0.6666666667|P:0.1666666667|Ti:0.1111111111,LiTi2(PO4)3,component-1751b0c9bec9cfa2,False
external_candidate,neighbor_entity_consensus,137,383,Li:0.1428571429|Mg:0.1428571429|O:0.5714285714|P:0.1428571429,LiMgPO4,component-658d336280cea144,True
external_candidate,neighbor_entity_consensus,138,447,Li:0.4047619048|O:0.4761904762|S:0.03571428571|Si:0.08333333333,Li3.4Si0.7S0.3O4,component-ccf7ec7c08f1f450,True
external_candidate,neighbor_entity_consensus,139,416,Li:0.2666666667|O:0.5333333333|P:0.1333333333|Zn:0.06666666667,Li4Zn(PO4)2,component-6c0b8e88c79a5e35,False
external_candidate,neighbor_entity_consensus,140,59,B:0.07142857143|Li:0.2142857143|O:0.5714285714|P:0.1428571429,Li3BP2O8,component-7fcb199d19799006,False
external_candidate,neighbor_entity_consensus,141,69,B:0.25|Li:0.25|O:0.5,LiBO2,component-21e7f685f9aa879e,True
external_candidate,neighbor_entity_consensus,142,48,Al:0.1428571429|Li:0.1428571429|O:0.5714285714|Si:0.1428571429,LiAlSiO4,component-02650e3b427bf6d5,True
external_candidate,neighbor_entity_consensus,143,380,Li:0.1282051282|O:0.6153846154|P:0.1538461538|V:0.1025641026,Li2.5V2(PO4)3,component-197ac27fe90328b2,True
external_candidate,neighbor_entity_consensus,144,421,Li:0.2|O:0.6|V:0.2,LiVO3,component-a846d0d6dbbddb08,True
external_candidate,neighbor_family_first_round_robin,1,450,Li:0.4082840237|P:0.0650887574|S:0.4733727811|Si:0.05325443787,Li10.35Si1.35P1.65S12,component-72e6f457205e515c,True
external_candidate,neighbor_family_first_round_robin,2,286,I:0.07927786499|Li:0.4505494505|S:0.3916797488|Sb:0.07221350078|Si:0.006279434851,Li5.74Si0.08Sb0.92S4.99I1.01,component-fd6acb7e688a0625,True
external_candidate,neighbor_family_first_round_robin,3,26,Al:0.02285435101|Li:0.0771402204|O:0.6514304327|P:0.1628576082|Ti:0.08571738776,Li1.421Al0.421Ti1.579(PO4)3,component-1751b0c9bec9cfa2,True
external_candidate,neighbor_family_first_round_robin,4,423,Li:0.3023457863|P:0.03475238923|S:0.5212858384|Si:0.07428323197|Sn:0.06733275413,Li6.96Sn1.55Si1.71P0.8S12,component-9360d422928dd2b7,True
external_candidate,neighbor_family_first_round_robin,5,329,La:0.1276595745|Li:0.2765957447|Mo:0.01063829787|O:0.5106382979|Zr:0.07446808511,Li6.5La3Zr1.75Mo0.25O12,component-fadf7e803da09fb1,True
external_candidate,neighbor_family_first_round_robin,6,144,Cl:0.01213592233|Li:0.3859223301|O:0.01213592233|P:0.05825242718|S:0.4611650485|Si:0.07038834951,Li9.54Si1.74P1.44S11.4Cl0.3O0.3,component-314d75ed53e5e991,True
external_candidate,neighbor_family_first_round_robin,7,169,Cl:0.6|In:0.1|Li:0.3,Li3InCl6,component-c68a57832f7e8eda,True
external_candidate,neighbor_family_first_round_robin,8,333,La:0.1276595745|Li:0.2765957447|O:0.5106382979|Ta:0.02127659574|Zr:0.06382978723,Li6.5La3Zr1.5Ta0.5O12,component-9538ad9c5715847d,True
external_candidate,neighbor_family_first_round_robin,9,166,Cl:0.629590766|Er:0.055613851|Li:0.2654774397|Zr:0.04931794334,Li2.53Er0.53Zr0.47Cl6,component-c15bf60682542e1c,True
external_candidate,neighbor_family_first_round_robin,10,208,Fe:0.05657894737|Li:0.1052631579|O:0.6315789474|P:0.1578947368|Ti:0.04868421053,Li2Fe1.075Ti0.925P3O12,component-a7d5850a1d3b53ef,True
external_candidate,neighbor_family_first_round_robin,11,464,Li:0.4444444444|S:0.2222222222|Se:0.2222222222|Sn:0.1111111111,Li4SnS2Se2,component-e765a42161a2cd5d,True
external_candidate,neighbor_family_first_round_robin,12,62,B:0.1666666667|Ce:0.05555555556|Cl:0.05555555556|H:0.6666666667|Li:0.05555555556,LiCe(BH4)3Cl,component-9fa8e1338292e83b,True
external_candidate,neighbor_family_first_round_robin,13,456,Li:0.4266055046|S:0.4587155963|Sb:0.02293577982|Sn:0.09174311927,Li3.72Sn0.8Sb0.2S4,component-c070aaa1f32fc816,True
external_candidate,neighbor_family_first_round_robin,14,157,Cl:0.5714285714|Li:0.2857142857|Mn:0.1428571429,Li2MnCl4,component-37ec49522d82065c,True
external_candidate,neighbor_family_first_round_robin,15,155,Cl:0.5714285714|Cr:0.1428571429|Li:0.2857142857,Li2CrCl4,component-42f535930d9218fc,True
external_candidate,neighbor_family_first_round_robin,16,94,Br:0.07396449704|Cl:0.07396449704|Li:0.4304733728|P:0.07396449704|S:0.3476331361,Li5.82PS4.7ClBr,component-864a0973e33a172f,True
external_candidate,neighbor_family_first_round_robin,17,123,Br:0.6666666667|Ga:0.1666666667|Li:0.1666666667,LiGaBr4,component-fa5653c94495539a,True
external_candidate,neighbor_family_first_round_robin,18,20,Al:0.02173913043|Ge:0.01086956522|Li:0.07608695652|O:0.652173913|P:0.1630434783|Ti:0.07608695652,Li1.4(Al0.4Ge0.2Ti1.4)(PO4)3,component-d77d678c12faf4d4,True
external_candidate,neighbor_family_first_round_robin,19,315,La:0.1160164271|Li:0.06262833676|O:0.6160164271|Ti:0.205338809,La0.565Li0.305TiO3,component-21f452ed084570e0,True
external_candidate,neighbor_family_first_round_robin,20,428,Li:0.3333333333|P:0.1666666667|S:0.5,Li4P2S6,component-add16a77287243fe,True
external_candidate,neighbor_family_first_round_robin,21,474,Li:0.5714285714|N:0.2857142857|Sr:0.1428571429,Li4SrN2,component-af5c59da78f6f5e9,True
external_candidate,neighbor_family_first_round_robin,22,218,Ga:0.25|Li:0.25|S:0.5,LiGaS2,component-f1a63e35375195fa,True
external_candidate,neighbor_family_first_round_robin,23,341,La:0.1319261214|Li:0.2524186456|O:0.5277044855|Ta:0.0219876869|Zr:0.06596306069,Li5.74La3Zr1.5Ta0.5O12,component-715d7f4cc477853b,True
external_candidate,neighbor_family_first_round_robin,24,317,La:0.1195876289|Li:0.05567010309|O:0.618556701|Ti:0.206185567,La0.58Li0.27TiO3,component-d5d8b9ddf1098984,True
external_candidate,neighbor_family_first_round_robin,25,216,Ga:0.1|Li:0.5|S:0.4,Li5GaS4,component-95dd48f923dfd756,True
external_candidate,neighbor_family_first_round_robin,26,65,B:0.1818181818|H:0.7272727273|Li:0.04545454545|Y:0.04545454545,LiY(BH4)4,component-2a71e0a499ed03ca,True
external_candidate,neighbor_family_first_round_robin,27,439,Li:0.375|S:0.5|Sb:0.125,Li3SbS4,component-7771fc0e7b635877,True
external_candidate,neighbor_family_first_round_robin,28,481,Li:0.75|N:0.25,Li3N,component-9aac23560fbd0a52,True
external_candidate,neighbor_family_first_round_robin,29,394,Li:0.1666666667|Na:0.2777777778|S:0.4444444444|Ti:0.1111111111,Li3Na5(TiS4)2,component-8ef18f4be6109927,True
external_candidate,neighbor_family_first_round_robin,30,470,Li:0.4|N:0.4|Si:0.2,Li2SiN2,component-94e3acef4c28d550,True
external_candidate,neighbor_family_first_round_robin,31,479,Li:0.6657142857|P:0.2857142857|Si:0.04857142857,Li2.33PSi0.17,component-e732dea4ad2fb342,True
external_candidate,neighbor_family_first_round_robin,32,171,Co:0.02024291498|La:0.1275303644|Li:0.06275303644|O:0.6072874494|Ti:0.1821862348,Li0.31La0.63((Ti0.9Co0.1)O3,component-edf2c8506f6784d3,True
external_candidate,neighbor_family_first_round_robin,33,435,Li:0.375|N:0.125|O:0.375|S:0.125,Li3(SO3)N,component-fe94550320fb2c0c,True
external_candidate,neighbor_family_first_round_robin,34,61,B:0.1666666667|Ca:0.08333333333|F:0.08333333333|Li:0.25|O:0.4166666667,Li3CaB2O5F,component-8a61e3e41857b7c9,True
external_candidate,neighbor_family_first_round_robin,35,403,Li:0.1|Mn:0.2|O:0.6|Te:0.1,LiMn2TeO6,component-cc8eb4822ea3c7a0,True
external_candidate,neighbor_family_first_round_robin,36,85,Bi:0.25|Li:0.25|O:0.5,LiBiO2,component-d698ad42acc6f36f,True
external_candidate,neighbor_family_first_round_robin,37,434,Li:0.375|Mn:0.04166666667|O:0.5|Te:0.08333333333,Li3(Li1.5Mn0.5Te)O6,component-2e864a32f95201a0,True
external_candidate,neighbor_family_first_round_robin,38,196,F:0.125|Fe:0.125|Li:0.125|O:0.5|P:0.125,LiFe(PO4)F,component-b51556d2e940fc10,True
external_candidate,neighbor_family_first_round_robin,39,355,La:0.1428571429|Li:0.1428571429|O:0.5714285714|Ti:0.1428571429,Li(LaTiO4),component-49fd470de09087f3,True
external_candidate,neighbor_family_first_round_robin,40,180,Co:0.08333333333|Li:0.3333333333|O:0.5|Te:0.08333333333,Li8Co2Te2O12,component-f09f77e8ebc487de,True
external_candidate,neighbor_family_first_round_robin,41,204,Fe:0.02283105023|Ge:0.08588823657|Li:0.07588606219|O:0.6523157208|P:0.1630789302,Li1.396Fe0.42Ge1.58(PO4)3,component-522ebac993ddfc90,True
external_candidate,neighbor_family_first_round_robin,42,133,Ca:0.04752376188|Li:0.04902451226|O:0.6003001501|P:0.1500750375|Pb:0.1530765383,Pb6.12Ca1.9Li1.96(PO4)6,component-422e6de1dc0ae59a,True
external_candidate,neighbor_family_first_round_robin,43,181,Co:0.09090909091|Li:0.2727272727|O:0.5454545455|Te:0.09090909091,Li3CoTeO6,component-0a1bf62c483c3d35,True
external_candidate,neighbor_family_first_round_robin,44,248,Ge:0.09770114943|Li:0.4252873563|O:0.4597701149|W:0.01724137931,Li3.70Ge0.85W0.15O4,component-0ad73f6417e66053,True
external_candidate,neighbor_family_first_round_robin,45,310,La:0.09090909091|Li:0.09090909091|Nb:0.1818181818|O:0.6363636364,LiLaNb2O7,component-90f2532a956b2036,True
external_candidate,neighbor_family_first_round_robin,46,369,Li:0.05555555556|O:0.6666666667|P:0.1666666667|Sn:0.08888888889|Ti:0.02222222222,Li(Ti0.4Sn1.6)(PO4)3,component-2aea8a8a209c0c0c,True
external_candidate,neighbor_family_first_round_robin,47,375,Li:0.08024691358|O:0.6090534979|Pr:0.1049382716|Ti:0.2057613169,Pr0.51Li0.39TiO2.96,component-022488b4edb8df14,True
external_candidate,neighbor_family_first_round_robin,48,139,Ce:0.03296703297|La:0.1318681319|Li:0.2527472527|Nb:0.05494505495|O:0.5274725275,Li5.75La3Nb1.25Ce0.75O12,component-b3ee152f7464c9e7,True
external_candidate,neighbor_family_first_round_robin,49,295,K:0.02|Li:0.18|O:0.6|Sb:0.2,(K0.1Li0.9)(SbO3),component-f164aba2b81882f9,True
external_candidate,neighbor_family_first_round_robin,50,185,Cs:0.04|Li:0.2|Mn:0.04|O:0.56|P:0.16,CsLi5Mn(P2O7)2,component-c31acf0dcf5558c4,True
external_candidate,neighbor_family_first_round_robin,51,360,La:0.25|Li:0.25|O:0.5,LaLiO2,component-e37baddd7483659e,True
external_candidate,neighbor_family_first_round_robin,52,366,Li:0.05027932961|Nb:0.01117318436|O:0.6703910615|P:0.1675977654|Ti:0.1005586592,	Li0.9Nb0.2O12P3Ti1.8,component-b156a0dd8a38892d,True
external_candidate,neighbor_family_first_round_robin,53,294,In:0.2|Li:0.1|O:0.6|Sb:0.1,LiIn2SbO6,component-ac036796a9cc3192,True
external_candidate,neighbor_family_first_round_robin,54,211,Ga:0.03448275862|Li:0.2413793103|O:0.5517241379|P:0.1379310345|Zn:0.03448275862,Li3.5Zn0.5Ga0.5(PO4)2,component-6c0b8e88c79a5e35,True
external_candidate,neighbor_family_first_round_robin,55,58,B:0.07142857143|Li:0.1428571429|Na:0.07142857143|O:0.5714285714|P:0.1428571429,Li2NaBP2O8,component-7fcb199d19799006,True
external_candidate,neighbor_family_first_round_robin,56,262,Ge:0.2916666667|Li:0.08333333333|O:0.625,Li2Ge7O15,component-9eaac6273622ea6b,True
external_candidate,neighbor_family_first_round_robin,57,257,Ge:0.125|Li:0.25|O:0.5|Zn:0.125,Li2ZnGeO4,component-4334a435eca1fbda,True
external_candidate,neighbor_family_first_round_robin,58,383,Li:0.1428571429|Mg:0.1428571429|O:0.5714285714|P:0.1428571429,LiMgPO4,component-658d336280cea144,True
external_candidate,neighbor_family_first_round_robin,59,447,Li:0.4047619048|O:0.4761904762|S:0.03571428571|Si:0.08333333333,Li3.4Si0.7S0.3O4,component-ccf7ec7c08f1f450,True
external_candidate,neighbor_family_first_round_robin,60,69,B:0.25|Li:0.25|O:0.5,LiBO2,component-21e7f685f9aa879e,True
external_candidate,neighbor_family_first_round_robin,61,380,Li:0.1282051282|O:0.6153846154|P:0.1538461538|V:0.1025641026,Li2.5V2(PO4)3,component-197ac27fe90328b2,True
external_candidate,neighbor_family_first_round_robin,62,48,Al:0.1428571429|Li:0.1428571429|O:0.5714285714|Si:0.1428571429,LiAlSiO4,component-02650e3b427bf6d5,True
external_candidate,neighbor_family_first_round_robin,63,421,Li:0.2|O:0.6|V:0.2,LiVO3,component-a846d0d6dbbddb08,True
external_candidate,neighbor_family_first_round_robin,64,444,Li:0.3954050786|P:0.08827085852|S:0.4836759371|Sn:0.03264812576,Li9.81Sn0.81P2.19S12,component-72e6f457205e515c,False
external_candidate,neighbor_family_first_round_robin,65,283,I:0.07646622123|Li:0.4803266518|S:0.3689680772|Sb:0.05939123979|Sn:0.01484780995,Li6.47Sn0.2Sb0.8S4.97I1.03,component-fd6acb7e688a0625,False
external_candidate,neighbor_family_first_round_robin,66,229,Ge:0.01697530864|I:0.07638888889|Li:0.4598765432|S:0.3865740741|Sb:0.06018518519,Li5.96Ge0.22Sb0.78S5.01I0.99,component-fd6acb7e688a0625,False
external_candidate,neighbor_family_first_round_robin,67,25,Al:0.02222707662|Li:0.07165092021|O:0.6553437824|P:0.1638359456|Ti:0.08694227514,Li1.312Al0.407Ti1.592(PO4)3,component-1751b0c9bec9cfa2,False
external_candidate,neighbor_family_first_round_robin,68,278,I:0.07574598317|Li:0.4644223412|S:0.3833205815|Sb:0.05049732211|Si:0.026013772,Li6.07Si0.34Sb0.66S5.01I0.99,component-fd6acb7e688a0625,False
external_candidate,neighbor_family_first_round_robin,69,268,I:0.07228915663|Li:0.4728915663|S:0.3795180723|Sb:0.04141566265|Si:0.03388554217,Li6.28Si0.45Sb0.55S5.04I0.96,component-fd6acb7e688a0625,False
external_candidate,neighbor_family_first_round_robin,70,234,Ge:0.03252647504|I:0.0756429652|Li:0.4704992436|S:0.378214826|Sb:0.04311649017,Li6.22Ge0.43Sb0.57S5I,component-fd6acb7e688a0625,False
external_candidate,neighbor_family_first_round_robin,71,18,Al:0.01539641663|Li:0.06859898088|O:0.6574982193|P:0.1643745548|Ti:0.09413182839,Li1.252Al0.281Ti1.718(PO4)3,component-1751b0c9bec9cfa2,False
external_candidate,neighbor_family_first_round_robin,72,267,I:0.07066869301|Li:0.4680851064|S:0.3852583587|Sb:0.02887537994|Si:0.04711246201,Li6.16Si0.62Sb0.38S5.07I0.93,component-fd6acb7e688a0625,False
external_candidate,neighbor_family_first_round_robin,73,162,Cl:0.6060606061|In:0.09090909091|Li:0.2929292929|Zr:0.0101010101,Li2.9In0.9Zr0.1Cl6,component-c68a57832f7e8eda,False
external_candidate,neighbor_family_first_round_robin,74,330,La:0.1276595745|Li:0.2765957447|Nb:0.02127659574|O:0.5106382979|Zr:0.06382978723,Li6.5La3Zr1.5Nb0.5O12,component-9538ad9c5715847d,False
external_candidate,neighbor_family_first_round_robin,75,327,La:0.1271186441|Li:0.2796610169|O:0.5084745763|Ta:0.01694915254|Zr:0.06779661017,Li6.6La3Zr1.6Ta0.4O12,component-9538ad9c5715847d,False
external_candidate,neighbor_family_first_round_robin,76,163,Cl:0.6147540984|In:0.07991803279|Li:0.2868852459|Zr:0.01844262295,Li2.8In0.78Zr0.18Cl6,component-c68a57832f7e8eda,False
external_candidate,neighbor_family_first_round_robin,77,334,La:0.1282051282|Li:0.2735042735|O:0.5128205128|Ta:0.02564102564|Zr:0.05982905983,Li6.4La3Zr1.4Ta0.6O12,component-9538ad9c5715847d,False
external_candidate,neighbor_family_first_round_robin,78,164,Cl:0.622406639|In:0.07157676349|Li:0.27593361|Zr:0.03008298755,Li2.66In0.69Zr0.29Cl6,component-c68a57832f7e8eda,False
external_candidate,neighbor_family_first_round_robin,79,325,La:0.1265822785|Li:0.2827004219|O:0.5063291139|Ta:0.01265822785|Zr:0.07172995781,Li6.7La3Zr1.7Ta0.3O12,component-9538ad9c5715847d,False
external_candidate,neighbor_family_first_round_robin,80,165,Cl:0.625|In:0.0625|Li:0.2708333333|Zr:0.04166666667,Li2.6In0.6Zr0.4Cl6,component-c68a57832f7e8eda,False
external_candidate,neighbor_family_first_round_robin,81,167,Cl:0.6315789474|In:0.05263157895|Li:0.2631578947|Zr:0.05263157895,Li2.5In0.5Zr0.5Cl6,component-c68a57832f7e8eda,False
external_candidate,neighbor_family_first_round_robin,82,17,Al:0.0112501372|Li:0.06706179344|O:0.6585446164|P:0.1646361541|Ti:0.09850729887,Li1.222Al0.205Ti1.795(PO4)3,component-1751b0c9bec9cfa2,False
external_candidate,neighbor_family_first_round_robin,83,29,Al:0.02775062452|Li:0.07678939937|O:0.651678071|P:0.1629195178|Ti:0.08086238731,Li1.414Al0.511Ti1.489(PO4)3,component-1751b0c9bec9cfa2,False
external_candidate,neighbor_family_first_round_robin,84,465,Li:0.4444444444|S:0.3333333333|Se:0.1111111111|Sn:0.1111111111,Li4SnS3Se,component-e765a42161a2cd5d,False
external_candidate,neighbor_family_first_round_robin,85,335,La:0.1293103448|Li:0.2672413793|O:0.5172413793|Ta:0.03448275862|Zr:0.05172413793,Li6.2La3Zr1.2Ta0.8O12,component-9538ad9c5715847d,False
external_candidate,neighbor_family_first_round_robin,86,460,Li:0.4324631101|S:0.4540295119|Sb:0.0170261067|Sn:0.09648127128,Li3.81Sn0.85Sb0.15S4,component-c070aaa1f32fc816,False
external_candidate,neighbor_family_first_round_robin,87,156,Cl:0.5714285714|Li:0.2857142857|Mg:0.1428571429,Li2MgCl4,component-37ec49522d82065c,False
external_candidate,neighbor_family_first_round_robin,88,461,Li:0.4337485844|S:0.4530011325|Sb:0.01132502831|Sn:0.1019252548,Li3.83Sn0.9Sb0.1S4,component-c070aaa1f32fc816,False
external_candidate,neighbor_family_first_round_robin,89,463,Li:0.4444444444|S:0.1|Se:0.3444444444|Sn:0.1111111111,Li4SnS0.9Se3.1,component-e765a42161a2cd5d,False
external_candidate,neighbor_family_first_round_robin,90,322,La:0.1260504202|Li:0.2857142857|O:0.5042016807|Ta:0.008403361345|Zr:0.0756302521,Li6.8La3Zr1.8Ta0.2O12,component-9538ad9c5715847d,False
external_candidate,neighbor_family_first_round_robin,91,7,Al:0.005575489925|Li:0.06149599779|O:0.6624344466|P:0.1656086116|Ti:0.104885454,Li1.114Al0.101Ti1.9(PO4)3,component-1751b0c9bec9cfa2,False
external_candidate,neighbor_family_first_round_robin,92,230,Ge:0.02533333333|Li:0.4444444444|S:0.4444444444|Sn:0.08577777778,Li4Ge0.228Sn0.772S4,component-c070aaa1f32fc816,False
external_candidate,neighbor_family_first_round_robin,93,21,Al:0.02173913043|Ge:0.02173913043|Li:0.07608695652|O:0.652173913|P:0.1630434783|Ti:0.0652173913,Li1.4(Al0.4Ge0.4Ti1.2)(PO4)3,component-d77d678c12faf4d4,False
external_candidate,neighbor_family_first_round_robin,94,92,Br:0.05591054313|Cl:0.07987220447|Li:0.4408945687|P:0.07987220447|S:0.3434504792,Li5.52PS4.3ClBr0.7,component-864a0973e33a172f,False
external_candidate,neighbor_family_first_round_robin,95,240,Ge:0.05511111111|Li:0.4444444444|S:0.4444444444|Sn:0.056,Li4Ge0.496Sn0.504S4,component-c070aaa1f32fc816,False
external_candidate,neighbor_family_first_round_robin,96,88,Br:0.02384737679|Cl:0.07949125596|Li:0.4435612083|P:0.07949125596|S:0.373608903,Li5.58PS4.7ClBr0.3,component-864a0973e33a172f,False
external_candidate,neighbor_family_first_round_robin,97,22,Al:0.02173913043|Ge:0.03260869565|Li:0.07608695652|O:0.652173913|P:0.1630434783|Ti:0.05434782609,Li1.4(Al0.4Ge0.6Ti)(PO4)3,component-d77d678c12faf4d4,False
external_candidate,neighbor_family_first_round_robin,98,91,Br:0.03955696203|Cl:0.07911392405|Li:0.4462025316|P:0.07911392405|S:0.3560126582,Li5.64PS4.5ClBr0.5,component-864a0973e33a172f,False
external_candidate,neighbor_family_first_round_robin,99,33,Al:0.03225806452|Ge:0.03225806452|Li:0.08602150538|O:0.6451612903|P:0.1612903226|Ti:0.04301075269,Li1.6(Al0.6Ge0.6Ti0.8)(PO4)3,component-d77d678c12faf4d4,False
external_candidate,neighbor_family_first_round_robin,100,245,Ge:0.08011111111|Li:0.4444444444|S:0.4444444444|Sn:0.031,Li4Ge0.721Sn0.279S4,component-c070aaa1f32fc816,False
external_candidate,neighbor_family_first_round_robin,101,252,Ge:0.1111111111|Li:0.4444444444|S:0.2222222222|Se:0.2222222222,Li4GeS2Se2,component-e765a42161a2cd5d,False
external_candidate,neighbor_family_first_round_robin,102,251,Ge:0.1111111111|Li:0.4444444444|S:0.1111111111|Se:0.3333333333,Li4GeSSe3,component-e765a42161a2cd5d,False
external_candidate,neighbor_family_first_round_robin,103,253,Ge:0.1111111111|Li:0.4444444444|S:0.3333333333|Se:0.1111111111,Li4GeS3Se,component-e765a42161a2cd5d,False
external_candidate,neighbor_family_first_round_robin,104,232,Ge:0.02|Li:0.4444444444|Se:0.4444444444|Sn:0.09111111111,Li4Ge0.18Sn0.82Se4,component-e765a42161a2cd5d,False
external_candidate,neighbor_family_first_round_robin,105,32,Al:0.03225806452|Ge:0.02150537634|Li:0.08602150538|O:0.6451612903|P:0.1612903226|Ti:0.05376344086,Li1.6(Al0.6Ge0.4Ti)(PO4)3,component-d77d678c12faf4d4,False
external_candidate,neighbor_family_first_round_robin,106,241,Ge:0.05555555556|Li:0.4444444444|Se:0.4444444444|Sn:0.05555555556,Li4Ge0.5Sn0.5Se4,component-e765a42161a2cd5d,False
external_candidate,neighbor_family_first_round_robin,107,31,Al:0.03225806452|Ge:0.01075268817|Li:0.08602150538|O:0.6451612903|P:0.1612903226|Ti:0.06451612903,Li1.6(Al0.6Ge0.2Ti1.2)(PO4)3,component-d77d678c12faf4d4,False
external_candidate,neighbor_family_first_round_robin,108,467,Li:0.4444444444|S:0.4444444444|Sn:0.1111111111,Li4SnS4,component-c070aaa1f32fc816,False
external_candidate,neighbor_family_first_round_robin,109,13,Al:0.01098901099|Ge:0.02197802198|Li:0.06593406593|O:0.6593406593|P:0.1648351648|Ti:0.07692307692,Li1.2(Al0.2Ge0.4Ti1.4)(PO4)3,component-d77d678c12faf4d4,False
external_candidate,neighbor_family_first_round_robin,110,246,Ge:0.08333333333|Li:0.4444444444|Se:0.4444444444|Sn:0.02777777778,Li4Ge0.75Sn0.25Se4,component-e765a42161a2cd5d,False
external_candidate,neighbor_family_first_round_robin,111,14,Al:0.01098901099|Ge:0.03296703297|Li:0.06593406593|O:0.6593406593|P:0.1648351648|Ti:0.06593406593,Li1.2(Al0.2Ge0.6Ti1.2)(PO4)3,component-d77d678c12faf4d4,False
external_candidate,neighbor_family_first_round_robin,112,357,La:0.1|Li:0.1|O:0.6|Ti:0.2,La0.5Li0.5O3Ti1,component-21f452ed084570e0,False
external_candidate,neighbor_family_first_round_robin,113,468,Li:0.4444444444|Se:0.4444444444|Sn:0.1111111111,Li4SnSe4,component-e765a42161a2cd5d,False
external_candidate,neighbor_family_first_round_robin,114,319,La:0.1237006237|Li:0.0446985447|O:0.6237006237|Ti:0.2079002079,La0.595Li0.215TiO3,component-21f452ed084570e0,False
external_candidate,neighbor_family_first_round_robin,115,30,Al:0.02|La:0.11|Li:0.09|O:0.6|Ti:0.18,(La0.55Li0.45)(Ti0.9Al0.1)O3,component-21f452ed084570e0,False
external_candidate,neighbor_family_first_round_robin,116,158,Cl:0.5714285714|Li:0.2857142857|V:0.1428571429,Li2VCl4,component-37ec49522d82065c,False
external_candidate,neighbor_family_first_round_robin,117,255,Ge:0.1111111111|Li:0.4444444444|Se:0.4444444444,Li4GeSe4,component-e765a42161a2cd5d,False
external_candidate,neighbor_family_first_round_robin,118,356,La:0.1|Li:0.06|Na:0.04|O:0.6|Ti:0.2,La0.5Li0.3Na0.2O3Ti1,component-21f452ed084570e0,False
external_candidate,neighbor_family_first_round_robin,119,393,Li:0.1666666667|N:0.5|Si:0.3333333333,LiSi2N3,component-94e3acef4c28d550,False
external_candidate,neighbor_family_first_round_robin,120,254,Ge:0.1111111111|Li:0.4444444444|S:0.4444444444,Li4GeS4,component-c070aaa1f32fc816,False
external_candidate,neighbor_family_first_round_robin,121,63,B:0.1666666667|H:0.6666666667|Li:0.1666666667,Li(BH4),component-2a71e0a499ed03ca,False
external_candidate,neighbor_family_first_round_robin,122,293,In:0.05660377358|Li:0.1090146751|O:0.6289308176|P:0.1572327044|Ti:0.04821802935,Li2.08Ti0.92In1.08P3O12,component-a7d5850a1d3b53ef,False
external_candidate,neighbor_family_first_round_robin,123,35,Al:0.04166666667|Li:0.375|O:0.5|Te:0.08333333333,Li3(Li1.5Al0.5Te)O6,component-2e864a32f95201a0,False
external_candidate,neighbor_family_first_round_robin,124,182,Cr:0.04166666667|Li:0.375|O:0.5|Te:0.08333333333,Li3(Li1.5Cr0.5Te)O6,component-2e864a32f95201a0,False
external_candidate,neighbor_family_first_round_robin,125,39,Al:0.04|La:0.12|Li:0.08|O:0.6|Ti:0.16,(La0.6Li0.4)(Ti0.8Al0.2)O3,component-21f452ed084570e0,False
external_candidate,neighbor_family_first_round_robin,126,41,Al:0.06|La:0.13|Li:0.07|O:0.6|Ti:0.14,(La0.65Li0.35)(Ti0.7Al0.3)O3,component-21f452ed084570e0,False
external_candidate,neighbor_family_first_round_robin,127,44,Al:0.08|La:0.14|Li:0.06|O:0.6|Ti:0.12,(La0.7Li0.3)(Ti0.6Al0.4)O3,component-21f452ed084570e0,False
external_candidate,neighbor_family_first_round_robin,128,172,Co:0.02057613169|La:0.1378600823|Li:0.03909465021|O:0.6172839506|Ti:0.1851851852,Li0.19La0.67(Ti0.9Co0.1)O3,component-edf2c8506f6784d3,False
external_candidate,neighbor_family_first_round_robin,129,340,La:0.1315789474|Li:0.02631578947|O:0.6315789474|Ti:0.2105263158,La0.625Li0.125TiO3,component-21f452ed084570e0,False
external_candidate,neighbor_family_first_round_robin,130,250,Ge:0.1111111111|Li:0.4444444444|O:0.4444444444,Li4GeO4,component-e765a42161a2cd5d,False
external_candidate,neighbor_family_first_round_robin,131,368,Li:0.05555555556|O:0.6666666667|P:0.1666666667|Sn:0.07777777778|Ti:0.03333333333,Li(Ti0.6Sn1.4)(PO4)3,component-2aea8a8a209c0c0c,False
external_candidate,neighbor_family_first_round_robin,132,374,Li:0.07346938776|Nd:0.1102040816|O:0.612244898|Ti:0.2040816327,Nd0.54Li0.36TiO3,component-022488b4edb8df14,False
external_candidate,neighbor_family_first_round_robin,133,349,La:0.1355932203|Li:0.01694915254|O:0.6355932203|Ti:0.2118644068,La0.64Li0.08TiO3,component-21f452ed084570e0,False
external_candidate,neighbor_family_first_round_robin,134,367,Li:0.05555555556|O:0.6666666667|P:0.1666666667|Sn:0.03333333333|Ti:0.07777777778,Li(Ti1.4Sn0.6)(PO4)3,component-2aea8a8a209c0c0c,False
external_candidate,neighbor_family_first_round_robin,135,247,Ge:0.08571428571|Li:0.4285714286|O:0.4571428571|V:0.02857142857,Li3.75Ge0.75V0.25O4,component-0ad73f6417e66053,False
external_candidate,neighbor_family_first_round_robin,136,353,La:0.1364877161|Li:0.2311191993|O:0.5459508644|Ta:0.06869881711|Zr:0.01774340309,La3Li5.08Ta1.51Zr0.39O12,component-715d7f4cc477853b,False
external_candidate,neighbor_family_first_round_robin,137,210,Ga:0.02040816327|Li:0.2517006803|O:0.5442176871|P:0.1360544218|Zn:0.04761904762,Li3.7Zn0.7Ga0.3(PO4)2,component-6c0b8e88c79a5e35,False
external_candidate,neighbor_family_first_round_robin,138,359,La:0.225|Li:0.25|O:0.5|Sr:0.025,(La0.9Sr0.1)LiO2,component-e37baddd7483659e,False
external_candidate,neighbor_family_first_round_robin,139,385,Li:0.1428571429|Nd:0.1428571429|O:0.5714285714|Ti:0.1428571429,Li(NdTiO4),component-49fd470de09087f3,False
external_candidate,neighbor_family_first_round_robin,140,361,La:0.2604166667|Li:0.1979166667|Mg:0.02083333333|O:0.5208333333,La(Li0.76Mg0.08)O2,component-e37baddd7483659e,False
external_candidate,neighbor_family_first_round_robin,141,217,Ga:0.25|Li:0.25|O:0.5,LiGaO2,component-f1a63e35375195fa,False
external_candidate,neighbor_family_first_round_robin,142,371,Li:0.05555555556|O:0.6666666667|P:0.1666666667|Ti:0.1111111111,LiTi2(PO4)3,component-1751b0c9bec9cfa2,False
external_candidate,neighbor_family_first_round_robin,143,416,Li:0.2666666667|O:0.5333333333|P:0.1333333333|Zn:0.06666666667,Li4Zn(PO4)2,component-6c0b8e88c79a5e35,False
external_candidate,neighbor_family_first_round_robin,144,59,B:0.07142857143|Li:0.2142857143|O:0.5714285714|P:0.1428571429,Li3BP2O8,component-7fcb199d19799006,False
external_candidate,neighbor_family_first_consensus,1,169,Cl:0.6|In:0.1|Li:0.3,Li3InCl6,component-c68a57832f7e8eda,True
external_candidate,neighbor_family_first_consensus,2,423,Li:0.3023457863|P:0.03475238923|S:0.5212858384|Si:0.07428323197|Sn:0.06733275413,Li6.96Sn1.55Si1.71P0.8S12,component-9360d422928dd2b7,True
external_candidate,neighbor_family_first_consensus,3,234,Ge:0.03252647504|I:0.0756429652|Li:0.4704992436|S:0.378214826|Sb:0.04311649017,Li6.22Ge0.43Sb0.57S5I,component-fd6acb7e688a0625,True
external_candidate,neighbor_family_first_consensus,4,444,Li:0.3954050786|P:0.08827085852|S:0.4836759371|Sn:0.03264812576,Li9.81Sn0.81P2.19S12,component-72e6f457205e515c,True
external_candidate,neighbor_family_first_consensus,5,144,Cl:0.01213592233|Li:0.3859223301|O:0.01213592233|P:0.05825242718|S:0.4611650485|Si:0.07038834951,Li9.54Si1.74P1.44S11.4Cl0.3O0.3,component-314d75ed53e5e991,True
external_candidate,neighbor_family_first_consensus,6,157,Cl:0.5714285714|Li:0.2857142857|Mn:0.1428571429,Li2MnCl4,component-37ec49522d82065c,True
external_candidate,neighbor_family_first_consensus,7,166,Cl:0.629590766|Er:0.055613851|Li:0.2654774397|Zr:0.04931794334,Li2.53Er0.53Zr0.47Cl6,component-c15bf60682542e1c,True
external_candidate,neighbor_family_first_consensus,8,155,Cl:0.5714285714|Cr:0.1428571429|Li:0.2857142857,Li2CrCl4,component-42f535930d9218fc,True
external_candidate,neighbor_family_first_consensus,9,474,Li:0.5714285714|N:0.2857142857|Sr:0.1428571429,Li4SrN2,component-af5c59da78f6f5e9,True
external_candidate,neighbor_family_first_consensus,10,465,Li:0.4444444444|S:0.3333333333|Se:0.1111111111|Sn:0.1111111111,Li4SnS3Se,component-e765a42161a2cd5d,True
external_candidate,neighbor_family_first_consensus,11,123,Br:0.6666666667|Ga:0.1666666667|Li:0.1666666667,LiGaBr4,component-fa5653c94495539a,True
external_candidate,neighbor_family_first_consensus,12,94,Br:0.07396449704|Cl:0.07396449704|Li:0.4304733728|P:0.07396449704|S:0.3476331361,Li5.82PS4.7ClBr,component-864a0973e33a172f,True
external_candidate,neighbor_family_first_consensus,13,218,Ga:0.25|Li:0.25|S:0.5,LiGaS2,component-f1a63e35375195fa,True
external_candidate,neighbor_family_first_consensus,14,456,Li:0.4266055046|S:0.4587155963|Sb:0.02293577982|Sn:0.09174311927,Li3.72Sn0.8Sb0.2S4,component-c070aaa1f32fc816,True
external_candidate,neighbor_family_first_consensus,15,428,Li:0.3333333333|P:0.1666666667|S:0.5,Li4P2S6,component-add16a77287243fe,True
external_candidate,neighbor_family_first_consensus,16,216,Ga:0.1|Li:0.5|S:0.4,Li5GaS4,component-95dd48f923dfd756,True
external_candidate,neighbor_family_first_consensus,17,315,La:0.1160164271|Li:0.06262833676|O:0.6160164271|Ti:0.205338809,La0.565Li0.305TiO3,component-21f452ed084570e0,True
external_candidate,neighbor_family_first_consensus,18,481,Li:0.75|N:0.25,Li3N,component-9aac23560fbd0a52,True
external_candidate,neighbor_family_first_consensus,19,325,La:0.1265822785|Li:0.2827004219|O:0.5063291139|Ta:0.01265822785|Zr:0.07172995781,Li6.7La3Zr1.7Ta0.3O12,component-9538ad9c5715847d,True
external_candidate,neighbor_family_first_consensus,20,329,La:0.1276595745|Li:0.2765957447|Mo:0.01063829787|O:0.5106382979|Zr:0.07446808511,Li6.5La3Zr1.75Mo0.25O12,component-fadf7e803da09fb1,True
external_candidate,neighbor_family_first_consensus,21,62,B:0.1666666667|Ce:0.05555555556|Cl:0.05555555556|H:0.6666666667|Li:0.05555555556,LiCe(BH4)3Cl,component-9fa8e1338292e83b,True
external_candidate,neighbor_family_first_consensus,22,439,Li:0.375|S:0.5|Sb:0.125,Li3SbS4,component-7771fc0e7b635877,True
external_candidate,neighbor_family_first_consensus,23,317,La:0.1195876289|Li:0.05567010309|O:0.618556701|Ti:0.206185567,La0.58Li0.27TiO3,component-d5d8b9ddf1098984,True
external_candidate,neighbor_family_first_consensus,24,394,Li:0.1666666667|Na:0.2777777778|S:0.4444444444|Ti:0.1111111111,Li3Na5(TiS4)2,component-8ef18f4be6109927,True
external_candidate,neighbor_family_first_consensus,25,63,B:0.1666666667|H:0.6666666667|Li:0.1666666667,Li(BH4),component-2a71e0a499ed03ca,True
external_candidate,neighbor_family_first_consensus,26,26,Al:0.02285435101|Li:0.0771402204|O:0.6514304327|P:0.1628576082|Ti:0.08571738776,Li1.421Al0.421Ti1.579(PO4)3,component-1751b0c9bec9cfa2,True
external_candidate,neighbor_family_first_consensus,27,479,Li:0.6657142857|P:0.2857142857|Si:0.04857142857,Li2.33PSi0.17,component-e732dea4ad2fb342,True
external_candidate,neighbor_family_first_consensus,28,21,Al:0.02173913043|Ge:0.02173913043|Li:0.07608695652|O:0.652173913|P:0.1630434783|Ti:0.0652173913,Li1.4(Al0.4Ge0.4Ti1.2)(PO4)3,component-d77d678c12faf4d4,True
external_candidate,neighbor_family_first_consensus,29,171,Co:0.02024291498|La:0.1275303644|Li:0.06275303644|O:0.6072874494|Ti:0.1821862348,Li0.31La0.63((Ti0.9Co0.1)O3,component-edf2c8506f6784d3,True
external_candidate,neighbor_family_first_consensus,30,208,Fe:0.05657894737|Li:0.1052631579|O:0.6315789474|P:0.1578947368|Ti:0.04868421053,Li2Fe1.075Ti0.925P3O12,component-a7d5850a1d3b53ef,True
external_candidate,neighbor_family_first_consensus,31,341,La:0.1319261214|Li:0.2524186456|O:0.5277044855|Ta:0.0219876869|Zr:0.06596306069,Li5.74La3Zr1.5Ta0.5O12,component-715d7f4cc477853b,True
external_candidate,neighbor_family_first_consensus,32,393,Li:0.1666666667|N:0.5|Si:0.3333333333,LiSi2N3,component-94e3acef4c28d550,True
external_candidate,neighbor_family_first_consensus,33,355,La:0.1428571429|Li:0.1428571429|O:0.5714285714|Ti:0.1428571429,Li(LaTiO4),component-49fd470de09087f3,True
external_candidate,neighbor_family_first_consensus,34,133,Ca:0.04752376188|Li:0.04902451226|O:0.6003001501|P:0.1500750375|Pb:0.1530765383,Pb6.12Ca1.9Li1.96(PO4)6,component-422e6de1dc0ae59a,True
external_candidate,neighbor_family_first_consensus,35,61,B:0.1666666667|Ca:0.08333333333|F:0.08333333333|Li:0.25|O:0.4166666667,Li3CaB2O5F,component-8a61e3e41857b7c9,True
external_candidate,neighbor_family_first_consensus,36,85,Bi:0.25|Li:0.25|O:0.5,LiBiO2,component-d698ad42acc6f36f,True
external_candidate,neighbor_family_first_consensus,37,204,Fe:0.02283105023|Ge:0.08588823657|Li:0.07588606219|O:0.6523157208|P:0.1630789302,Li1.396Fe0.42Ge1.58(PO4)3,component-522ebac993ddfc90,True
external_candidate,neighbor_family_first_consensus,38,403,Li:0.1|Mn:0.2|O:0.6|Te:0.1,LiMn2TeO6,component-cc8eb4822ea3c7a0,True
external_candidate,neighbor_family_first_consensus,39,310,La:0.09090909091|Li:0.09090909091|Nb:0.1818181818|O:0.6363636364,LiLaNb2O7,component-90f2532a956b2036,True
external_candidate,neighbor_family_first_consensus,40,435,Li:0.375|N:0.125|O:0.375|S:0.125,Li3(SO3)N,component-fe94550320fb2c0c,True
external_candidate,neighbor_family_first_consensus,41,180,Co:0.08333333333|Li:0.3333333333|O:0.5|Te:0.08333333333,Li8Co2Te2O12,component-f09f77e8ebc487de,True
external_candidate,neighbor_family_first_consensus,42,434,Li:0.375|Mn:0.04166666667|O:0.5|Te:0.08333333333,Li3(Li1.5Mn0.5Te)O6,component-2e864a32f95201a0,True
external_candidate,neighbor_family_first_consensus,43,181,Co:0.09090909091|Li:0.2727272727|O:0.5454545455|Te:0.09090909091,Li3CoTeO6,component-0a1bf62c483c3d35,True
external_candidate,neighbor_family_first_consensus,44,248,Ge:0.09770114943|Li:0.4252873563|O:0.4597701149|W:0.01724137931,Li3.70Ge0.85W0.15O4,component-0ad73f6417e66053,True
external_candidate,neighbor_family_first_consensus,45,139,Ce:0.03296703297|La:0.1318681319|Li:0.2527472527|Nb:0.05494505495|O:0.5274725275,Li5.75La3Nb1.25Ce0.75O12,component-b3ee152f7464c9e7,True
external_candidate,neighbor_family_first_consensus,46,375,Li:0.08024691358|O:0.6090534979|Pr:0.1049382716|Ti:0.2057613169,Pr0.51Li0.39TiO2.96,component-022488b4edb8df14,True
external_candidate,neighbor_family_first_consensus,47,360,La:0.25|Li:0.25|O:0.5,LaLiO2,component-e37baddd7483659e,True
external_candidate,neighbor_family_first_consensus,48,196,F:0.125|Fe:0.125|Li:0.125|O:0.5|P:0.125,LiFe(PO4)F,component-b51556d2e940fc10,True
external_candidate,neighbor_family_first_consensus,49,368,Li:0.05555555556|O:0.6666666667|P:0.1666666667|Sn:0.07777777778|Ti:0.03333333333,Li(Ti0.6Sn1.4)(PO4)3,component-2aea8a8a209c0c0c,True
external_candidate,neighbor_family_first_consensus,50,185,Cs:0.04|Li:0.2|Mn:0.04|O:0.56|P:0.16,CsLi5Mn(P2O7)2,component-c31acf0dcf5558c4,True
external_candidate,neighbor_family_first_consensus,51,366,Li:0.05027932961|Nb:0.01117318436|O:0.6703910615|P:0.1675977654|Ti:0.1005586592,	Li0.9Nb0.2O12P3Ti1.8,component-b156a0dd8a38892d,True
external_candidate,neighbor_family_first_consensus,52,295,K:0.02|Li:0.18|O:0.6|Sb:0.2,(K0.1Li0.9)(SbO3),component-f164aba2b81882f9,True
external_candidate,neighbor_family_first_consensus,53,262,Ge:0.2916666667|Li:0.08333333333|O:0.625,Li2Ge7O15,component-9eaac6273622ea6b,True
external_candidate,neighbor_family_first_consensus,54,211,Ga:0.03448275862|Li:0.2413793103|O:0.5517241379|P:0.1379310345|Zn:0.03448275862,Li3.5Zn0.5Ga0.5(PO4)2,component-6c0b8e88c79a5e35,True
external_candidate,neighbor_family_first_consensus,55,58,B:0.07142857143|Li:0.1428571429|Na:0.07142857143|O:0.5714285714|P:0.1428571429,Li2NaBP2O8,component-7fcb199d19799006,True
external_candidate,neighbor_family_first_consensus,56,294,In:0.2|Li:0.1|O:0.6|Sb:0.1,LiIn2SbO6,component-ac036796a9cc3192,True
external_candidate,neighbor_family_first_consensus,57,257,Ge:0.125|Li:0.25|O:0.5|Zn:0.125,Li2ZnGeO4,component-4334a435eca1fbda,True
external_candidate,neighbor_family_first_consensus,58,383,Li:0.1428571429|Mg:0.1428571429|O:0.5714285714|P:0.1428571429,LiMgPO4,component-658d336280cea144,True
external_candidate,neighbor_family_first_consensus,59,447,Li:0.4047619048|O:0.4761904762|S:0.03571428571|Si:0.08333333333,Li3.4Si0.7S0.3O4,component-ccf7ec7c08f1f450,True
external_candidate,neighbor_family_first_consensus,60,69,B:0.25|Li:0.25|O:0.5,LiBO2,component-21e7f685f9aa879e,True
external_candidate,neighbor_family_first_consensus,61,48,Al:0.1428571429|Li:0.1428571429|O:0.5714285714|Si:0.1428571429,LiAlSiO4,component-02650e3b427bf6d5,True
external_candidate,neighbor_family_first_consensus,62,380,Li:0.1282051282|O:0.6153846154|P:0.1538461538|V:0.1025641026,Li2.5V2(PO4)3,component-197ac27fe90328b2,True
external_candidate,neighbor_family_first_consensus,63,421,Li:0.2|O:0.6|V:0.2,LiVO3,component-a846d0d6dbbddb08,True
external_candidate,neighbor_family_first_consensus,64,268,I:0.07228915663|Li:0.4728915663|S:0.3795180723|Sb:0.04141566265|Si:0.03388554217,Li6.28Si0.45Sb0.55S5.04I0.96,component-fd6acb7e688a0625,False
external_candidate,neighbor_family_first_consensus,65,162,Cl:0.6060606061|In:0.09090909091|Li:0.2929292929|Zr:0.0101010101,Li2.9In0.9Zr0.1Cl6,component-c68a57832f7e8eda,False
external_candidate,neighbor_family_first_consensus,66,163,Cl:0.6147540984|In:0.07991803279|Li:0.2868852459|Zr:0.01844262295,Li2.8In0.78Zr0.18Cl6,component-c68a57832f7e8eda,False
external_candidate,neighbor_family_first_consensus,67,450,Li:0.4082840237|P:0.0650887574|S:0.4733727811|Si:0.05325443787,Li10.35Si1.35P1.65S12,component-72e6f457205e515c,False
external_candidate,neighbor_family_first_consensus,68,164,Cl:0.622406639|In:0.07157676349|Li:0.27593361|Zr:0.03008298755,Li2.66In0.69Zr0.29Cl6,component-c68a57832f7e8eda,False
external_candidate,neighbor_family_first_consensus,69,267,I:0.07066869301|Li:0.4680851064|S:0.3852583587|Sb:0.02887537994|Si:0.04711246201,Li6.16Si0.62Sb0.38S5.07I0.93,component-fd6acb7e688a0625,False
external_candidate,neighbor_family_first_consensus,70,156,Cl:0.5714285714|Li:0.2857142857|Mg:0.1428571429,Li2MgCl4,component-37ec49522d82065c,False
external_candidate,neighbor_family_first_consensus,71,283,I:0.07646622123|Li:0.4803266518|S:0.3689680772|Sb:0.05939123979|Sn:0.01484780995,Li6.47Sn0.2Sb0.8S4.97I1.03,component-fd6acb7e688a0625,False
external_candidate,neighbor_family_first_consensus,72,165,Cl:0.625|In:0.0625|Li:0.2708333333|Zr:0.04166666667,Li2.6In0.6Zr0.4Cl6,component-c68a57832f7e8eda,False
external_candidate,neighbor_family_first_consensus,73,167,Cl:0.6315789474|In:0.05263157895|Li:0.2631578947|Zr:0.05263157895,Li2.5In0.5Zr0.5Cl6,component-c68a57832f7e8eda,False
external_candidate,neighbor_family_first_consensus,74,91,Br:0.03955696203|Cl:0.07911392405|Li:0.4462025316|P:0.07911392405|S:0.3560126582,Li5.64PS4.5ClBr0.5,component-864a0973e33a172f,False
external_candidate,neighbor_family_first_consensus,75,92,Br:0.05591054313|Cl:0.07987220447|Li:0.4408945687|P:0.07987220447|S:0.3434504792,Li5.52PS4.3ClBr0.7,component-864a0973e33a172f,False
external_candidate,neighbor_family_first_consensus,76,464,Li:0.4444444444|S:0.2222222222|Se:0.2222222222|Sn:0.1111111111,Li4SnS2Se2,component-e765a42161a2cd5d,False
external_candidate,neighbor_family_first_consensus,77,88,Br:0.02384737679|Cl:0.07949125596|Li:0.4435612083|P:0.07949125596|S:0.373608903,Li5.58PS4.7ClBr0.3,component-864a0973e33a172f,False
external_candidate,neighbor_family_first_consensus,78,278,I:0.07574598317|Li:0.4644223412|S:0.3833205815|Sb:0.05049732211|Si:0.026013772,Li6.07Si0.34Sb0.66S5.01I0.99,component-fd6acb7e688a0625,False
external_candidate,neighbor_family_first_consensus,79,463,Li:0.4444444444|S:0.1|Se:0.3444444444|Sn:0.1111111111,Li4SnS0.9Se3.1,component-e765a42161a2cd5d,False
external_candidate,neighbor_family_first_consensus,80,240,Ge:0.05511111111|Li:0.4444444444|S:0.4444444444|Sn:0.056,Li4Ge0.496Sn0.504S4,component-c070aaa1f32fc816,False
external_candidate,neighbor_family_first_consensus,81,467,Li:0.4444444444|S:0.4444444444|Sn:0.1111111111,Li4SnS4,component-c070aaa1f32fc816,False
external_candidate,neighbor_family_first_consensus,82,468,Li:0.4444444444|Se:0.4444444444|Sn:0.1111111111,Li4SnSe4,component-e765a42161a2cd5d,False
external_candidate,neighbor_family_first_consensus,83,460,Li:0.4324631101|S:0.4540295119|Sb:0.0170261067|Sn:0.09648127128,Li3.81Sn0.85Sb0.15S4,component-c070aaa1f32fc816,False
external_candidate,neighbor_family_first_consensus,84,230,Ge:0.02533333333|Li:0.4444444444|S:0.4444444444|Sn:0.08577777778,Li4Ge0.228Sn0.772S4,component-c070aaa1f32fc816,False
external_candidate,neighbor_family_first_consensus,85,229,Ge:0.01697530864|I:0.07638888889|Li:0.4598765432|S:0.3865740741|Sb:0.06018518519,Li5.96Ge0.22Sb0.78S5.01I0.99,component-fd6acb7e688a0625,False
external_candidate,neighbor_family_first_consensus,86,461,Li:0.4337485844|S:0.4530011325|Sb:0.01132502831|Sn:0.1019252548,Li3.83Sn0.9Sb0.1S4,component-c070aaa1f32fc816,False
external_candidate,neighbor_family_first_consensus,87,253,Ge:0.1111111111|Li:0.4444444444|S:0.3333333333|Se:0.1111111111,Li4GeS3Se,component-e765a42161a2cd5d,False
external_candidate,neighbor_family_first_consensus,88,286,I:0.07927786499|Li:0.4505494505|S:0.3916797488|Sb:0.07221350078|Si:0.006279434851,Li5.74Si0.08Sb0.92S4.99I1.01,component-fd6acb7e688a0625,False
external_candidate,neighbor_family_first_consensus,89,333,La:0.1276595745|Li:0.2765957447|O:0.5106382979|Ta:0.02127659574|Zr:0.06382978723,Li6.5La3Zr1.5Ta0.5O12,component-9538ad9c5715847d,False
external_candidate,neighbor_family_first_consensus,90,327,La:0.1271186441|Li:0.2796610169|O:0.5084745763|Ta:0.01694915254|Zr:0.06779661017,Li6.6La3Zr1.6Ta0.4O12,component-9538ad9c5715847d,False
external_candidate,neighbor_family_first_consensus,91,330,La:0.1276595745|Li:0.2765957447|Nb:0.02127659574|O:0.5106382979|Zr:0.06382978723,Li6.5La3Zr1.5Nb0.5O12,component-9538ad9c5715847d,False
external_candidate,neighbor_family_first_consensus,92,334,La:0.1282051282|Li:0.2735042735|O:0.5128205128|Ta:0.02564102564|Zr:0.05982905983,Li6.4La3Zr1.4Ta0.6O12,component-9538ad9c5715847d,False
external_candidate,neighbor_family_first_consensus,93,252,Ge:0.1111111111|Li:0.4444444444|S:0.2222222222|Se:0.2222222222,Li4GeS2Se2,component-e765a42161a2cd5d,False
external_candidate,neighbor_family_first_consensus,94,356,La:0.1|Li:0.06|Na:0.04|O:0.6|Ti:0.2,La0.5Li0.3Na0.2O3Ti1,component-21f452ed084570e0,False
external_candidate,neighbor_family_first_consensus,95,357,La:0.1|Li:0.1|O:0.6|Ti:0.2,La0.5Li0.5O3Ti1,component-21f452ed084570e0,False
external_candidate,neighbor_family_first_consensus,96,241,Ge:0.05555555556|Li:0.4444444444|Se:0.4444444444|Sn:0.05555555556,Li4Ge0.5Sn0.5Se4,component-e765a42161a2cd5d,False
external_candidate,neighbor_family_first_consensus,97,30,Al:0.02|La:0.11|Li:0.09|O:0.6|Ti:0.18,(La0.55Li0.45)(Ti0.9Al0.1)O3,component-21f452ed084570e0,False
external_candidate,neighbor_family_first_consensus,98,251,Ge:0.1111111111|Li:0.4444444444|S:0.1111111111|Se:0.3333333333,Li4GeSSe3,component-e765a42161a2cd5d,False
external_candidate,neighbor_family_first_consensus,99,322,La:0.1260504202|Li:0.2857142857|O:0.5042016807|Ta:0.008403361345|Zr:0.0756302521,Li6.8La3Zr1.8Ta0.2O12,component-9538ad9c5715847d,False
external_candidate,neighbor_family_first_consensus,100,319,La:0.1237006237|Li:0.0446985447|O:0.6237006237|Ti:0.2079002079,La0.595Li0.215TiO3,component-21f452ed084570e0,False
external_candidate,neighbor_family_first_consensus,101,255,Ge:0.1111111111|Li:0.4444444444|Se:0.4444444444,Li4GeSe4,component-e765a42161a2cd5d,False
external_candidate,neighbor_family_first_consensus,102,335,La:0.1293103448|Li:0.2672413793|O:0.5172413793|Ta:0.03448275862|Zr:0.05172413793,Li6.2La3Zr1.2Ta0.8O12,component-9538ad9c5715847d,False
external_candidate,neighbor_family_first_consensus,103,232,Ge:0.02|Li:0.4444444444|Se:0.4444444444|Sn:0.09111111111,Li4Ge0.18Sn0.82Se4,component-e765a42161a2cd5d,False
external_candidate,neighbor_family_first_consensus,104,25,Al:0.02222707662|Li:0.07165092021|O:0.6553437824|P:0.1638359456|Ti:0.08694227514,Li1.312Al0.407Ti1.592(PO4)3,component-1751b0c9bec9cfa2,False
external_candidate,neighbor_family_first_consensus,105,245,Ge:0.08011111111|Li:0.4444444444|S:0.4444444444|Sn:0.031,Li4Ge0.721Sn0.279S4,component-c070aaa1f32fc816,False
external_candidate,neighbor_family_first_consensus,106,246,Ge:0.08333333333|Li:0.4444444444|Se:0.4444444444|Sn:0.02777777778,Li4Ge0.75Sn0.25Se4,component-e765a42161a2cd5d,False
external_candidate,neighbor_family_first_consensus,107,18,Al:0.01539641663|Li:0.06859898088|O:0.6574982193|P:0.1643745548|Ti:0.09413182839,Li1.252Al0.281Ti1.718(PO4)3,component-1751b0c9bec9cfa2,False
external_candidate,neighbor_family_first_consensus,108,20,Al:0.02173913043|Ge:0.01086956522|Li:0.07608695652|O:0.652173913|P:0.1630434783|Ti:0.07608695652,Li1.4(Al0.4Ge0.2Ti1.4)(PO4)3,component-d77d678c12faf4d4,False
external_candidate,neighbor_family_first_consensus,109,29,Al:0.02775062452|Li:0.07678939937|O:0.651678071|P:0.1629195178|Ti:0.08086238731,Li1.414Al0.511Ti1.489(PO4)3,component-1751b0c9bec9cfa2,False
external_candidate,neighbor_family_first_consensus,110,17,Al:0.0112501372|Li:0.06706179344|O:0.6585446164|P:0.1646361541|Ti:0.09850729887,Li1.222Al0.205Ti1.795(PO4)3,component-1751b0c9bec9cfa2,False
external_candidate,neighbor_family_first_consensus,111,22,Al:0.02173913043|Ge:0.03260869565|Li:0.07608695652|O:0.652173913|P:0.1630434783|Ti:0.05434782609,Li1.4(Al0.4Ge0.6Ti)(PO4)3,component-d77d678c12faf4d4,False
external_candidate,neighbor_family_first_consensus,112,33,Al:0.03225806452|Ge:0.03225806452|Li:0.08602150538|O:0.6451612903|P:0.1612903226|Ti:0.04301075269,Li1.6(Al0.6Ge0.6Ti0.8)(PO4)3,component-d77d678c12faf4d4,False
external_candidate,neighbor_family_first_consensus,113,13,Al:0.01098901099|Ge:0.02197802198|Li:0.06593406593|O:0.6593406593|P:0.1648351648|Ti:0.07692307692,Li1.2(Al0.2Ge0.4Ti1.4)(PO4)3,component-d77d678c12faf4d4,False
external_candidate,neighbor_family_first_consensus,114,39,Al:0.04|La:0.12|Li:0.08|O:0.6|Ti:0.16,(La0.6Li0.4)(Ti0.8Al0.2)O3,component-21f452ed084570e0,False
external_candidate,neighbor_family_first_consensus,115,14,Al:0.01098901099|Ge:0.03296703297|Li:0.06593406593|O:0.6593406593|P:0.1648351648|Ti:0.06593406593,Li1.2(Al0.2Ge0.6Ti1.2)(PO4)3,component-d77d678c12faf4d4,False
external_candidate,neighbor_family_first_consensus,116,32,Al:0.03225806452|Ge:0.02150537634|Li:0.08602150538|O:0.6451612903|P:0.1612903226|Ti:0.05376344086,Li1.6(Al0.6Ge0.4Ti)(PO4)3,component-d77d678c12faf4d4,False
external_candidate,neighbor_family_first_consensus,117,65,B:0.1818181818|H:0.7272727273|Li:0.04545454545|Y:0.04545454545,LiY(BH4)4,component-2a71e0a499ed03ca,False
external_candidate,neighbor_family_first_consensus,118,7,Al:0.005575489925|Li:0.06149599779|O:0.6624344466|P:0.1656086116|Ti:0.104885454,Li1.114Al0.101Ti1.9(PO4)3,component-1751b0c9bec9cfa2,False
external_candidate,neighbor_family_first_consensus,119,172,Co:0.02057613169|La:0.1378600823|Li:0.03909465021|O:0.6172839506|Ti:0.1851851852,Li0.19La0.67(Ti0.9Co0.1)O3,component-edf2c8506f6784d3,False
external_candidate,neighbor_family_first_consensus,120,31,Al:0.03225806452|Ge:0.01075268817|Li:0.08602150538|O:0.6451612903|P:0.1612903226|Ti:0.06451612903,Li1.6(Al0.6Ge0.2Ti1.2)(PO4)3,component-d77d678c12faf4d4,False
external_candidate,neighbor_family_first_consensus,121,293,In:0.05660377358|Li:0.1090146751|O:0.6289308176|P:0.1572327044|Ti:0.04821802935,Li2.08Ti0.92In1.08P3O12,component-a7d5850a1d3b53ef,False
external_candidate,neighbor_family_first_consensus,122,254,Ge:0.1111111111|Li:0.4444444444|S:0.4444444444,Li4GeS4,component-c070aaa1f32fc816,False
external_candidate,neighbor_family_first_consensus,123,470,Li:0.4|N:0.4|Si:0.2,Li2SiN2,component-94e3acef4c28d550,False
external_candidate,neighbor_family_first_consensus,124,340,La:0.1315789474|Li:0.02631578947|O:0.6315789474|Ti:0.2105263158,La0.625Li0.125TiO3,component-21f452ed084570e0,False
external_candidate,neighbor_family_first_consensus,125,349,La:0.1355932203|Li:0.01694915254|O:0.6355932203|Ti:0.2118644068,La0.64Li0.08TiO3,component-21f452ed084570e0,False
external_candidate,neighbor_family_first_consensus,126,41,Al:0.06|La:0.13|Li:0.07|O:0.6|Ti:0.14,(La0.65Li0.35)(Ti0.7Al0.3)O3,component-21f452ed084570e0,False
external_candidate,neighbor_family_first_consensus,127,44,Al:0.08|La:0.14|Li:0.06|O:0.6|Ti:0.12,(La0.7Li0.3)(Ti0.6Al0.4)O3,component-21f452ed084570e0,False
external_candidate,neighbor_family_first_consensus,128,158,Cl:0.5714285714|Li:0.2857142857|V:0.1428571429,Li2VCl4,component-37ec49522d82065c,False
external_candidate,neighbor_family_first_consensus,129,182,Cr:0.04166666667|Li:0.375|O:0.5|Te:0.08333333333,Li3(Li1.5Cr0.5Te)O6,component-2e864a32f95201a0,False
external_candidate,neighbor_family_first_consensus,130,250,Ge:0.1111111111|Li:0.4444444444|O:0.4444444444,Li4GeO4,component-e765a42161a2cd5d,False
external_candidate,neighbor_family_first_consensus,131,35,Al:0.04166666667|Li:0.375|O:0.5|Te:0.08333333333,Li3(Li1.5Al0.5Te)O6,component-2e864a32f95201a0,False
external_candidate,neighbor_family_first_consensus,132,367,Li:0.05555555556|O:0.6666666667|P:0.1666666667|Sn:0.03333333333|Ti:0.07777777778,Li(Ti1.4Sn0.6)(PO4)3,component-2aea8a8a209c0c0c,False
external_candidate,neighbor_family_first_consensus,133,359,La:0.225|Li:0.25|O:0.5|Sr:0.025,(La0.9Sr0.1)LiO2,component-e37baddd7483659e,False
external_candidate,neighbor_family_first_consensus,134,369,Li:0.05555555556|O:0.6666666667|P:0.1666666667|Sn:0.08888888889|Ti:0.02222222222,Li(Ti0.4Sn1.6)(PO4)3,component-2aea8a8a209c0c0c,False
external_candidate,neighbor_family_first_consensus,135,353,La:0.1364877161|Li:0.2311191993|O:0.5459508644|Ta:0.06869881711|Zr:0.01774340309,La3Li5.08Ta1.51Zr0.39O12,component-715d7f4cc477853b,False
external_candidate,neighbor_family_first_consensus,136,361,La:0.2604166667|Li:0.1979166667|Mg:0.02083333333|O:0.5208333333,La(Li0.76Mg0.08)O2,component-e37baddd7483659e,False
external_candidate,neighbor_family_first_consensus,137,247,Ge:0.08571428571|Li:0.4285714286|O:0.4571428571|V:0.02857142857,Li3.75Ge0.75V0.25O4,component-0ad73f6417e66053,False
external_candidate,neighbor_family_first_consensus,138,374,Li:0.07346938776|Nd:0.1102040816|O:0.612244898|Ti:0.2040816327,Nd0.54Li0.36TiO3,component-022488b4edb8df14,False
external_candidate,neighbor_family_first_consensus,139,210,Ga:0.02040816327|Li:0.2517006803|O:0.5442176871|P:0.1360544218|Zn:0.04761904762,Li3.7Zn0.7Ga0.3(PO4)2,component-6c0b8e88c79a5e35,False
external_candidate,neighbor_family_first_consensus,140,385,Li:0.1428571429|Nd:0.1428571429|O:0.5714285714|Ti:0.1428571429,Li(NdTiO4),component-49fd470de09087f3,False
external_candidate,neighbor_family_first_consensus,141,217,Ga:0.25|Li:0.25|O:0.5,LiGaO2,component-f1a63e35375195fa,False
external_candidate,neighbor_family_first_consensus,142,371,Li:0.05555555556|O:0.6666666667|P:0.1666666667|Ti:0.1111111111,LiTi2(PO4)3,component-1751b0c9bec9cfa2,False
external_candidate,neighbor_family_first_consensus,143,416,Li:0.2666666667|O:0.5333333333|P:0.1333333333|Zn:0.06666666667,Li4Zn(PO4)2,component-6c0b8e88c79a5e35,False
external_candidate,neighbor_family_first_consensus,144,59,B:0.07142857143|Li:0.2142857143|O:0.5714285714|P:0.1428571429,Li3BP2O8,component-7fcb199d19799006,False
external_candidate,wrong_source_family_first_consensus,1,133,Ca:0.04752376188|Li:0.04902451226|O:0.6003001501|P:0.1500750375|Pb:0.1530765383,Pb6.12Ca1.9Li1.96(PO4)6,component-422e6de1dc0ae59a,True
external_candidate,wrong_source_family_first_consensus,2,353,La:0.1364877161|Li:0.2311191993|O:0.5459508644|Ta:0.06869881711|Zr:0.01774340309,La3Li5.08Ta1.51Zr0.39O12,component-715d7f4cc477853b,True
external_candidate,wrong_source_family_first_consensus,3,21,Al:0.02173913043|Ge:0.02173913043|Li:0.07608695652|O:0.652173913|P:0.1630434783|Ti:0.0652173913,Li1.4(Al0.4Ge0.4Ti1.2)(PO4)3,component-d77d678c12faf4d4,True
external_candidate,wrong_source_family_first_consensus,4,335,La:0.1293103448|Li:0.2672413793|O:0.5172413793|Ta:0.03448275862|Zr:0.05172413793,Li6.2La3Zr1.2Ta0.8O12,component-9538ad9c5715847d,True
external_candidate,wrong_source_family_first_consensus,5,7,Al:0.005575489925|Li:0.06149599779|O:0.6624344466|P:0.1656086116|Ti:0.104885454,Li1.114Al0.101Ti1.9(PO4)3,component-1751b0c9bec9cfa2,True
external_candidate,wrong_source_family_first_consensus,6,204,Fe:0.02283105023|Ge:0.08588823657|Li:0.07588606219|O:0.6523157208|P:0.1630789302,Li1.396Fe0.42Ge1.58(PO4)3,component-522ebac993ddfc90,True
external_candidate,wrong_source_family_first_consensus,7,208,Fe:0.05657894737|Li:0.1052631579|O:0.6315789474|P:0.1578947368|Ti:0.04868421053,Li2Fe1.075Ti0.925P3O12,component-a7d5850a1d3b53ef,True
external_candidate,wrong_source_family_first_consensus,8,310,La:0.09090909091|Li:0.09090909091|Nb:0.1818181818|O:0.6363636364,LiLaNb2O7,component-90f2532a956b2036,True
external_candidate,wrong_source_family_first_consensus,9,166,Cl:0.629590766|Er:0.055613851|Li:0.2654774397|Zr:0.04931794334,Li2.53Er0.53Zr0.47Cl6,component-c15bf60682542e1c,True
external_candidate,wrong_source_family_first_consensus,10,366,Li:0.05027932961|Nb:0.01117318436|O:0.6703910615|P:0.1675977654|Ti:0.1005586592,	Li0.9Nb0.2O12P3Ti1.8,component-b156a0dd8a38892d,True
external_candidate,wrong_source_family_first_consensus,11,62,B:0.1666666667|Ce:0.05555555556|Cl:0.05555555556|H:0.6666666667|Li:0.05555555556,LiCe(BH4)3Cl,component-9fa8e1338292e83b,True
external_candidate,wrong_source_family_first_consensus,12,85,Bi:0.25|Li:0.25|O:0.5,LiBiO2,component-d698ad42acc6f36f,True
external_candidate,wrong_source_family_first_consensus,13,262,Ge:0.2916666667|Li:0.08333333333|O:0.625,Li2Ge7O15,component-9eaac6273622ea6b,True
external_candidate,wrong_source_family_first_consensus,14,123,Br:0.6666666667|Ga:0.1666666667|Li:0.1666666667,LiGaBr4,component-fa5653c94495539a,True
external_candidate,wrong_source_family_first_consensus,15,94,Br:0.07396449704|Cl:0.07396449704|Li:0.4304733728|P:0.07396449704|S:0.3476331361,Li5.82PS4.7ClBr,component-864a0973e33a172f,True
external_candidate,wrong_source_family_first_consensus,16,196,F:0.125|Fe:0.125|Li:0.125|O:0.5|P:0.125,LiFe(PO4)F,component-b51556d2e940fc10,True
external_candidate,wrong_source_family_first_consensus,17,380,Li:0.1282051282|O:0.6153846154|P:0.1538461538|V:0.1025641026,Li2.5V2(PO4)3,component-197ac27fe90328b2,True
external_candidate,wrong_source_family_first_consensus,18,421,Li:0.2|O:0.6|V:0.2,LiVO3,component-a846d0d6dbbddb08,True
external_candidate,wrong_source_family_first_consensus,19,139,Ce:0.03296703297|La:0.1318681319|Li:0.2527472527|Nb:0.05494505495|O:0.5274725275,Li5.75La3Nb1.25Ce0.75O12,component-b3ee152f7464c9e7,True
external_candidate,wrong_source_family_first_consensus,20,329,La:0.1276595745|Li:0.2765957447|Mo:0.01063829787|O:0.5106382979|Zr:0.07446808511,Li6.5La3Zr1.75Mo0.25O12,component-fadf7e803da09fb1,True
external_candidate,wrong_source_family_first_consensus,21,44,Al:0.08|La:0.14|Li:0.06|O:0.6|Ti:0.12,(La0.7Li0.3)(Ti0.6Al0.4)O3,component-21f452ed084570e0,True
external_candidate,wrong_source_family_first_consensus,22,479,Li:0.6657142857|P:0.2857142857|Si:0.04857142857,Li2.33PSi0.17,component-e732dea4ad2fb342,True
external_candidate,wrong_source_family_first_consensus,23,172,Co:0.02057613169|La:0.1378600823|Li:0.03909465021|O:0.6172839506|Ti:0.1851851852,Li0.19La0.67(Ti0.9Co0.1)O3,component-edf2c8506f6784d3,True
external_candidate,wrong_source_family_first_consensus,24,248,Ge:0.09770114943|Li:0.4252873563|O:0.4597701149|W:0.01724137931,Li3.70Ge0.85W0.15O4,component-0ad73f6417e66053,True
external_candidate,wrong_source_family_first_consensus,25,361,La:0.2604166667|Li:0.1979166667|Mg:0.02083333333|O:0.5208333333,La(Li0.76Mg0.08)O2,component-e37baddd7483659e,True
external_candidate,wrong_source_family_first_consensus,26,61,B:0.1666666667|Ca:0.08333333333|F:0.08333333333|Li:0.25|O:0.4166666667,Li3CaB2O5F,component-8a61e3e41857b7c9,True
external_candidate,wrong_source_family_first_consensus,27,65,B:0.1818181818|H:0.7272727273|Li:0.04545454545|Y:0.04545454545,LiY(BH4)4,component-2a71e0a499ed03ca,True
external_candidate,wrong_source_family_first_consensus,28,369,Li:0.05555555556|O:0.6666666667|P:0.1666666667|Sn:0.08888888889|Ti:0.02222222222,Li(Ti0.4Sn1.6)(PO4)3,component-2aea8a8a209c0c0c,True
external_candidate,wrong_source_family_first_consensus,29,155,Cl:0.5714285714|Cr:0.1428571429|Li:0.2857142857,Li2CrCl4,component-42f535930d9218fc,True
external_candidate,wrong_source_family_first_consensus,30,185,Cs:0.04|Li:0.2|Mn:0.04|O:0.56|P:0.16,CsLi5Mn(P2O7)2,component-c31acf0dcf5558c4,True
external_candidate,wrong_source_family_first_consensus,31,474,Li:0.5714285714|N:0.2857142857|Sr:0.1428571429,Li4SrN2,component-af5c59da78f6f5e9,True
external_candidate,wrong_source_family_first_consensus,32,211,Ga:0.03448275862|Li:0.2413793103|O:0.5517241379|P:0.1379310345|Zn:0.03448275862,Li3.5Zn0.5Ga0.5(PO4)2,component-6c0b8e88c79a5e35,True
external_candidate,wrong_source_family_first_consensus,33,255,Ge:0.1111111111|Li:0.4444444444|Se:0.4444444444,Li4GeSe4,component-e765a42161a2cd5d,True
external_candidate,wrong_source_family_first_consensus,34,158,Cl:0.5714285714|Li:0.2857142857|V:0.1428571429,Li2VCl4,component-37ec49522d82065c,True
external_candidate,wrong_source_family_first_consensus,35,144,Cl:0.01213592233|Li:0.3859223301|O:0.01213592233|P:0.05825242718|S:0.4611650485|Si:0.07038834951,Li9.54Si1.74P1.44S11.4Cl0.3O0.3,component-314d75ed53e5e991,True
external_candidate,wrong_source_family_first_consensus,36,385,Li:0.1428571429|Nd:0.1428571429|O:0.5714285714|Ti:0.1428571429,Li(NdTiO4),component-49fd470de09087f3,True
external_candidate,wrong_source_family_first_consensus,37,374,Li:0.07346938776|Nd:0.1102040816|O:0.612244898|Ti:0.2040816327,Nd0.54Li0.36TiO3,component-022488b4edb8df14,True
external_candidate,wrong_source_family_first_consensus,38,286,I:0.07927786499|Li:0.4505494505|S:0.3916797488|Sb:0.07221350078|Si:0.006279434851,Li5.74Si0.08Sb0.92S4.99I1.01,component-fd6acb7e688a0625,True
external_candidate,wrong_source_family_first_consensus,39,254,Ge:0.1111111111|Li:0.4444444444|S:0.4444444444,Li4GeS4,component-c070aaa1f32fc816,True
external_candidate,wrong_source_family_first_consensus,40,294,In:0.2|Li:0.1|O:0.6|Sb:0.1,LiIn2SbO6,component-ac036796a9cc3192,True
external_candidate,wrong_source_family_first_consensus,41,295,K:0.02|Li:0.18|O:0.6|Sb:0.2,(K0.1Li0.9)(SbO3),component-f164aba2b81882f9,True
external_candidate,wrong_source_family_first_consensus,42,216,Ga:0.1|Li:0.5|S:0.4,Li5GaS4,component-95dd48f923dfd756,True
external_candidate,wrong_source_family_first_consensus,43,217,Ga:0.25|Li:0.25|O:0.5,LiGaO2,component-f1a63e35375195fa,True
external_candidate,wrong_source_family_first_consensus,44,394,Li:0.1666666667|Na:0.2777777778|S:0.4444444444|Ti:0.1111111111,Li3Na5(TiS4)2,component-8ef18f4be6109927,True
external_candidate,wrong_source_family_first_consensus,45,403,Li:0.1|Mn:0.2|O:0.6|Te:0.1,LiMn2TeO6,component-cc8eb4822ea3c7a0,True
external_candidate,wrong_source_family_first_consensus,46,428,Li:0.3333333333|P:0.1666666667|S:0.5,Li4P2S6,component-add16a77287243fe,True
external_candidate,wrong_source_family_first_consensus,47,181,Co:0.09090909091|Li:0.2727272727|O:0.5454545455|Te:0.09090909091,Li3CoTeO6,component-0a1bf62c483c3d35,True
external_candidate,wrong_source_family_first_consensus,48,167,Cl:0.6315789474|In:0.05263157895|Li:0.2631578947|Zr:0.05263157895,Li2.5In0.5Zr0.5Cl6,component-c68a57832f7e8eda,True
external_candidate,wrong_source_family_first_consensus,49,423,Li:0.3023457863|P:0.03475238923|S:0.5212858384|Si:0.07428323197|Sn:0.06733275413,Li6.96Sn1.55Si1.71P0.8S12,component-9360d422928dd2b7,True
external_candidate,wrong_source_family_first_consensus,50,450,Li:0.4082840237|P:0.0650887574|S:0.4733727811|Si:0.05325443787,Li10.35Si1.35P1.65S12,component-72e6f457205e515c,True
external_candidate,wrong_source_family_first_consensus,51,317,La:0.1195876289|Li:0.05567010309|O:0.618556701|Ti:0.206185567,La0.58Li0.27TiO3,component-d5d8b9ddf1098984,True
external_candidate,wrong_source_family_first_consensus,52,180,Co:0.08333333333|Li:0.3333333333|O:0.5|Te:0.08333333333,Li8Co2Te2O12,component-f09f77e8ebc487de,True
external_candidate,wrong_source_family_first_consensus,53,48,Al:0.1428571429|Li:0.1428571429|O:0.5714285714|Si:0.1428571429,LiAlSiO4,component-02650e3b427bf6d5,True
external_candidate,wrong_source_family_first_consensus,54,69,B:0.25|Li:0.25|O:0.5,LiBO2,component-21e7f685f9aa879e,True
external_candidate,wrong_source_family_first_consensus,55,481,Li:0.75|N:0.25,Li3N,component-9aac23560fbd0a52,True
external_candidate,wrong_source_family_first_consensus,56,58,B:0.07142857143|Li:0.1428571429|Na:0.07142857143|O:0.5714285714|P:0.1428571429,Li2NaBP2O8,component-7fcb199d19799006,True
external_candidate,wrong_source_family_first_consensus,57,435,Li:0.375|N:0.125|O:0.375|S:0.125,Li3(SO3)N,component-fe94550320fb2c0c,True
external_candidate,wrong_source_family_first_consensus,58,470,Li:0.4|N:0.4|Si:0.2,Li2SiN2,component-94e3acef4c28d550,True
external_candidate,wrong_source_family_first_consensus,59,383,Li:0.1428571429|Mg:0.1428571429|O:0.5714285714|P:0.1428571429,LiMgPO4,component-658d336280cea144,True
external_candidate,wrong_source_family_first_consensus,60,434,Li:0.375|Mn:0.04166666667|O:0.5|Te:0.08333333333,Li3(Li1.5Mn0.5Te)O6,component-2e864a32f95201a0,True
external_candidate,wrong_source_family_first_consensus,61,439,Li:0.375|S:0.5|Sb:0.125,Li3SbS4,component-7771fc0e7b635877,True
external_candidate,wrong_source_family_first_consensus,62,257,Ge:0.125|Li:0.25|O:0.5|Zn:0.125,Li2ZnGeO4,component-4334a435eca1fbda,True
external_candidate,wrong_source_family_first_consensus,63,447,Li:0.4047619048|O:0.4761904762|S:0.03571428571|Si:0.08333333333,Li3.4Si0.7S0.3O4,component-ccf7ec7c08f1f450,True
external_candidate,wrong_source_family_first_consensus,64,14,Al:0.01098901099|Ge:0.03296703297|Li:0.06593406593|O:0.6593406593|P:0.1648351648|Ti:0.06593406593,Li1.2(Al0.2Ge0.6Ti1.2)(PO4)3,component-d77d678c12faf4d4,False
external_candidate,wrong_source_family_first_consensus,65,32,Al:0.03225806452|Ge:0.02150537634|Li:0.08602150538|O:0.6451612903|P:0.1612903226|Ti:0.05376344086,Li1.6(Al0.6Ge0.4Ti)(PO4)3,component-d77d678c12faf4d4,False
external_candidate,wrong_source_family_first_consensus,66,13,Al:0.01098901099|Ge:0.02197802198|Li:0.06593406593|O:0.6593406593|P:0.1648351648|Ti:0.07692307692,Li1.2(Al0.2Ge0.4Ti1.4)(PO4)3,component-d77d678c12faf4d4,False
external_candidate,wrong_source_family_first_consensus,67,341,La:0.1319261214|Li:0.2524186456|O:0.5277044855|Ta:0.0219876869|Zr:0.06596306069,Li5.74La3Zr1.5Ta0.5O12,component-715d7f4cc477853b,False
external_candidate,wrong_source_family_first_consensus,68,334,La:0.1282051282|Li:0.2735042735|O:0.5128205128|Ta:0.02564102564|Zr:0.05982905983,Li6.4La3Zr1.4Ta0.6O12,component-9538ad9c5715847d,False
external_candidate,wrong_source_family_first_consensus,69,20,Al:0.02173913043|Ge:0.01086956522|Li:0.07608695652|O:0.652173913|P:0.1630434783|Ti:0.07608695652,Li1.4(Al0.4Ge0.2Ti1.4)(PO4)3,component-d77d678c12faf4d4,False
external_candidate,wrong_source_family_first_consensus,70,22,Al:0.02173913043|Ge:0.03260869565|Li:0.07608695652|O:0.652173913|P:0.1630434783|Ti:0.05434782609,Li1.4(Al0.4Ge0.6Ti)(PO4)3,component-d77d678c12faf4d4,False
external_candidate,wrong_source_family_first_consensus,71,33,Al:0.03225806452|Ge:0.03225806452|Li:0.08602150538|O:0.6451612903|P:0.1612903226|Ti:0.04301075269,Li1.6(Al0.6Ge0.6Ti0.8)(PO4)3,component-d77d678c12faf4d4,False
external_candidate,wrong_source_family_first_consensus,72,333,La:0.1276595745|Li:0.2765957447|O:0.5106382979|Ta:0.02127659574|Zr:0.06382978723,Li6.5La3Zr1.5Ta0.5O12,component-9538ad9c5715847d,False
external_candidate,wrong_source_family_first_consensus,73,31,Al:0.03225806452|Ge:0.01075268817|Li:0.08602150538|O:0.6451612903|P:0.1612903226|Ti:0.06451612903,Li1.6(Al0.6Ge0.2Ti1.2)(PO4)3,component-d77d678c12faf4d4,False
external_candidate,wrong_source_family_first_consensus,74,327,La:0.1271186441|Li:0.2796610169|O:0.5084745763|Ta:0.01694915254|Zr:0.06779661017,Li6.6La3Zr1.6Ta0.4O12,component-9538ad9c5715847d,False
external_candidate,wrong_source_family_first_consensus,75,322,La:0.1260504202|Li:0.2857142857|O:0.5042016807|Ta:0.008403361345|Zr:0.0756302521,Li6.8La3Zr1.8Ta0.2O12,component-9538ad9c5715847d,False
external_candidate,wrong_source_family_first_consensus,76,325,La:0.1265822785|Li:0.2827004219|O:0.5063291139|Ta:0.01265822785|Zr:0.07172995781,Li6.7La3Zr1.7Ta0.3O12,component-9538ad9c5715847d,False
external_candidate,wrong_source_family_first_consensus,77,17,Al:0.0112501372|Li:0.06706179344|O:0.6585446164|P:0.1646361541|Ti:0.09850729887,Li1.222Al0.205Ti1.795(PO4)3,component-1751b0c9bec9cfa2,False
external_candidate,wrong_source_family_first_consensus,78,25,Al:0.02222707662|Li:0.07165092021|O:0.6553437824|P:0.1638359456|Ti:0.08694227514,Li1.312Al0.407Ti1.592(PO4)3,component-1751b0c9bec9cfa2,False
external_candidate,wrong_source_family_first_consensus,79,26,Al:0.02285435101|Li:0.0771402204|O:0.6514304327|P:0.1628576082|Ti:0.08571738776,Li1.421Al0.421Ti1.579(PO4)3,component-1751b0c9bec9cfa2,False
external_candidate,wrong_source_family_first_consensus,80,18,Al:0.01539641663|Li:0.06859898088|O:0.6574982193|P:0.1643745548|Ti:0.09413182839,Li1.252Al0.281Ti1.718(PO4)3,component-1751b0c9bec9cfa2,False
external_candidate,wrong_source_family_first_consensus,81,371,Li:0.05555555556|O:0.6666666667|P:0.1666666667|Ti:0.1111111111,LiTi2(PO4)3,component-1751b0c9bec9cfa2,False
external_candidate,wrong_source_family_first_consensus,82,29,Al:0.02775062452|Li:0.07678939937|O:0.651678071|P:0.1629195178|Ti:0.08086238731,Li1.414Al0.511Ti1.489(PO4)3,component-1751b0c9bec9cfa2,False
external_candidate,wrong_source_family_first_consensus,83,92,Br:0.05591054313|Cl:0.07987220447|Li:0.4408945687|P:0.07987220447|S:0.3434504792,Li5.52PS4.3ClBr0.7,component-864a0973e33a172f,False
external_candidate,wrong_source_family_first_consensus,84,359,La:0.225|Li:0.25|O:0.5|Sr:0.025,(La0.9Sr0.1)LiO2,component-e37baddd7483659e,False
external_candidate,wrong_source_family_first_consensus,85,360,La:0.25|Li:0.25|O:0.5,LaLiO2,component-e37baddd7483659e,False
external_candidate,wrong_source_family_first_consensus,86,171,Co:0.02024291498|La:0.1275303644|Li:0.06275303644|O:0.6072874494|Ti:0.1821862348,Li0.31La0.63((Ti0.9Co0.1)O3,component-edf2c8506f6784d3,False
external_candidate,wrong_source_family_first_consensus,87,330,La:0.1276595745|Li:0.2765957447|Nb:0.02127659574|O:0.5106382979|Zr:0.06382978723,Li6.5La3Zr1.5Nb0.5O12,component-9538ad9c5715847d,False
external_candidate,wrong_source_family_first_consensus,88,368,Li:0.05555555556|O:0.6666666667|P:0.1666666667|Sn:0.07777777778|Ti:0.03333333333,Li(Ti0.6Sn1.4)(PO4)3,component-2aea8a8a209c0c0c,False
external_candidate,wrong_source_family_first_consensus,89,41,Al:0.06|La:0.13|Li:0.07|O:0.6|Ti:0.14,(La0.65Li0.35)(Ti0.7Al0.3)O3,component-21f452ed084570e0,False
external_candidate,wrong_source_family_first_consensus,90,63,B:0.1666666667|H:0.6666666667|Li:0.1666666667,Li(BH4),component-2a71e0a499ed03ca,False
external_candidate,wrong_source_family_first_consensus,91,91,Br:0.03955696203|Cl:0.07911392405|Li:0.4462025316|P:0.07911392405|S:0.3560126582,Li5.64PS4.5ClBr0.5,component-864a0973e33a172f,False
external_candidate,wrong_source_family_first_consensus,92,252,Ge:0.1111111111|Li:0.4444444444|S:0.2222222222|Se:0.2222222222,Li4GeS2Se2,component-e765a42161a2cd5d,False
external_candidate,wrong_source_family_first_consensus,93,30,Al:0.02|La:0.11|Li:0.09|O:0.6|Ti:0.18,(La0.55Li0.45)(Ti0.9Al0.1)O3,component-21f452ed084570e0,False
external_candidate,wrong_source_family_first_consensus,94,39,Al:0.04|La:0.12|Li:0.08|O:0.6|Ti:0.16,(La0.6Li0.4)(Ti0.8Al0.2)O3,component-21f452ed084570e0,False
external_candidate,wrong_source_family_first_consensus,95,88,Br:0.02384737679|Cl:0.07949125596|Li:0.4435612083|P:0.07949125596|S:0.373608903,Li5.58PS4.7ClBr0.3,component-864a0973e33a172f,False
external_candidate,wrong_source_family_first_consensus,96,253,Ge:0.1111111111|Li:0.4444444444|S:0.3333333333|Se:0.1111111111,Li4GeS3Se,component-e765a42161a2cd5d,False
external_candidate,wrong_source_family_first_consensus,97,157,Cl:0.5714285714|Li:0.2857142857|Mn:0.1428571429,Li2MnCl4,component-37ec49522d82065c,False
external_candidate,wrong_source_family_first_consensus,98,251,Ge:0.1111111111|Li:0.4444444444|S:0.1111111111|Se:0.3333333333,Li4GeSSe3,component-e765a42161a2cd5d,False
external_candidate,wrong_source_family_first_consensus,99,247,Ge:0.08571428571|Li:0.4285714286|O:0.4571428571|V:0.02857142857,Li3.75Ge0.75V0.25O4,component-0ad73f6417e66053,False
external_candidate,wrong_source_family_first_consensus,100,367,Li:0.05555555556|O:0.6666666667|P:0.1666666667|Sn:0.03333333333|Ti:0.07777777778,Li(Ti1.4Sn0.6)(PO4)3,component-2aea8a8a209c0c0c,False
external_candidate,wrong_source_family_first_consensus,101,356,La:0.1|Li:0.06|Na:0.04|O:0.6|Ti:0.2,La0.5Li0.3Na0.2O3Ti1,component-21f452ed084570e0,False
external_candidate,wrong_source_family_first_consensus,102,210,Ga:0.02040816327|Li:0.2517006803|O:0.5442176871|P:0.1360544218|Zn:0.04761904762,Li3.7Zn0.7Ga0.3(PO4)2,component-6c0b8e88c79a5e35,False
external_candidate,wrong_source_family_first_consensus,103,283,I:0.07646622123|Li:0.4803266518|S:0.3689680772|Sb:0.05939123979|Sn:0.01484780995,Li6.47Sn0.2Sb0.8S4.97I1.03,component-fd6acb7e688a0625,False
external_candidate,wrong_source_family_first_consensus,104,229,Ge:0.01697530864|I:0.07638888889|Li:0.4598765432|S:0.3865740741|Sb:0.06018518519,Li5.96Ge0.22Sb0.78S5.01I0.99,component-fd6acb7e688a0625,False
external_candidate,wrong_source_family_first_consensus,105,278,I:0.07574598317|Li:0.4644223412|S:0.3833205815|Sb:0.05049732211|Si:0.026013772,Li6.07Si0.34Sb0.66S5.01I0.99,component-fd6acb7e688a0625,False
external_candidate,wrong_source_family_first_consensus,106,234,Ge:0.03252647504|I:0.0756429652|Li:0.4704992436|S:0.378214826|Sb:0.04311649017,Li6.22Ge0.43Sb0.57S5I,component-fd6acb7e688a0625,False
external_candidate,wrong_source_family_first_consensus,107,250,Ge:0.1111111111|Li:0.4444444444|O:0.4444444444,Li4GeO4,component-e765a42161a2cd5d,False
external_candidate,wrong_source_family_first_consensus,108,349,La:0.1355932203|Li:0.01694915254|O:0.6355932203|Ti:0.2118644068,La0.64Li0.08TiO3,component-21f452ed084570e0,False
external_candidate,wrong_source_family_first_consensus,109,293,In:0.05660377358|Li:0.1090146751|O:0.6289308176|P:0.1572327044|Ti:0.04821802935,Li2.08Ti0.92In1.08P3O12,component-a7d5850a1d3b53ef,False
external_candidate,wrong_source_family_first_consensus,110,340,La:0.1315789474|Li:0.02631578947|O:0.6315789474|Ti:0.2105263158,La0.625Li0.125TiO3,component-21f452ed084570e0,False
external_candidate,wrong_source_family_first_consensus,111,218,Ga:0.25|Li:0.25|S:0.5,LiGaS2,component-f1a63e35375195fa,False
external_candidate,wrong_source_family_first_consensus,112,268,I:0.07228915663|Li:0.4728915663|S:0.3795180723|Sb:0.04141566265|Si:0.03388554217,Li6.28Si0.45Sb0.55S5.04I0.96,component-fd6acb7e688a0625,False
external_candidate,wrong_source_family_first_consensus,113,375,Li:0.08024691358|O:0.6090534979|Pr:0.1049382716|Ti:0.2057613169,Pr0.51Li0.39TiO2.96,component-022488b4edb8df14,False
external_candidate,wrong_source_family_first_consensus,114,267,I:0.07066869301|Li:0.4680851064|S:0.3852583587|Sb:0.02887537994|Si:0.04711246201,Li6.16Si0.62Sb0.38S5.07I0.93,component-fd6acb7e688a0625,False
external_candidate,wrong_source_family_first_consensus,115,156,Cl:0.5714285714|Li:0.2857142857|Mg:0.1428571429,Li2MgCl4,component-37ec49522d82065c,False
external_candidate,wrong_source_family_first_consensus,116,319,La:0.1237006237|Li:0.0446985447|O:0.6237006237|Ti:0.2079002079,La0.595Li0.215TiO3,component-21f452ed084570e0,False
external_candidate,wrong_source_family_first_consensus,117,468,Li:0.4444444444|Se:0.4444444444|Sn:0.1111111111,Li4SnSe4,component-e765a42161a2cd5d,False
external_candidate,wrong_source_family_first_consensus,118,165,Cl:0.625|In:0.0625|Li:0.2708333333|Zr:0.04166666667,Li2.6In0.6Zr0.4Cl6,component-c68a57832f7e8eda,False
external_candidate,wrong_source_family_first_consensus,119,232,Ge:0.02|Li:0.4444444444|Se:0.4444444444|Sn:0.09111111111,Li4Ge0.18Sn0.82Se4,component-e765a42161a2cd5d,False
external_candidate,wrong_source_family_first_consensus,120,355,La:0.1428571429|Li:0.1428571429|O:0.5714285714|Ti:0.1428571429,Li(LaTiO4),component-49fd470de09087f3,False
external_candidate,wrong_source_family_first_consensus,121,164,Cl:0.622406639|In:0.07157676349|Li:0.27593361|Zr:0.03008298755,Li2.66In0.69Zr0.29Cl6,component-c68a57832f7e8eda,False
external_candidate,wrong_source_family_first_consensus,122,463,Li:0.4444444444|S:0.1|Se:0.3444444444|Sn:0.1111111111,Li4SnS0.9Se3.1,component-e765a42161a2cd5d,False
external_candidate,wrong_source_family_first_consensus,123,315,La:0.1160164271|Li:0.06262833676|O:0.6160164271|Ti:0.205338809,La0.565Li0.305TiO3,component-21f452ed084570e0,False
external_candidate,wrong_source_family_first_consensus,124,464,Li:0.4444444444|S:0.2222222222|Se:0.2222222222|Sn:0.1111111111,Li4SnS2Se2,component-e765a42161a2cd5d,False
external_candidate,wrong_source_family_first_consensus,125,163,Cl:0.6147540984|In:0.07991803279|Li:0.2868852459|Zr:0.01844262295,Li2.8In0.78Zr0.18Cl6,component-c68a57832f7e8eda,False
external_candidate,wrong_source_family_first_consensus,126,241,Ge:0.05555555556|Li:0.4444444444|Se:0.4444444444|Sn:0.05555555556,Li4Ge0.5Sn0.5Se4,component-e765a42161a2cd5d,False
external_candidate,wrong_source_family_first_consensus,127,162,Cl:0.6060606061|In:0.09090909091|Li:0.2929292929|Zr:0.0101010101,Li2.9In0.9Zr0.1Cl6,component-c68a57832f7e8eda,False
external_candidate,wrong_source_family_first_consensus,128,416,Li:0.2666666667|O:0.5333333333|P:0.1333333333|Zn:0.06666666667,Li4Zn(PO4)2,component-6c0b8e88c79a5e35,False
external_candidate,wrong_source_family_first_consensus,129,59,B:0.07142857143|Li:0.2142857143|O:0.5714285714|P:0.1428571429,Li3BP2O8,component-7fcb199d19799006,False
external_candidate,wrong_source_family_first_consensus,130,393,Li:0.1666666667|N:0.5|Si:0.3333333333,LiSi2N3,component-94e3acef4c28d550,False
external_candidate,wrong_source_family_first_consensus,131,169,Cl:0.6|In:0.1|Li:0.3,Li3InCl6,component-c68a57832f7e8eda,False
external_candidate,wrong_source_family_first_consensus,132,246,Ge:0.08333333333|Li:0.4444444444|Se:0.4444444444|Sn:0.02777777778,Li4Ge0.75Sn0.25Se4,component-e765a42161a2cd5d,False
external_candidate,wrong_source_family_first_consensus,133,357,La:0.1|Li:0.1|O:0.6|Ti:0.2,La0.5Li0.5O3Ti1,component-21f452ed084570e0,False
external_candidate,wrong_source_family_first_consensus,134,465,Li:0.4444444444|S:0.3333333333|Se:0.1111111111|Sn:0.1111111111,Li4SnS3Se,component-e765a42161a2cd5d,False
external_candidate,wrong_source_family_first_consensus,135,456,Li:0.4266055046|S:0.4587155963|Sb:0.02293577982|Sn:0.09174311927,Li3.72Sn0.8Sb0.2S4,component-c070aaa1f32fc816,False
external_candidate,wrong_source_family_first_consensus,136,460,Li:0.4324631101|S:0.4540295119|Sb:0.0170261067|Sn:0.09648127128,Li3.81Sn0.85Sb0.15S4,component-c070aaa1f32fc816,False
external_candidate,wrong_source_family_first_consensus,137,467,Li:0.4444444444|S:0.4444444444|Sn:0.1111111111,Li4SnS4,component-c070aaa1f32fc816,False
external_candidate,wrong_source_family_first_consensus,138,461,Li:0.4337485844|S:0.4530011325|Sb:0.01132502831|Sn:0.1019252548,Li3.83Sn0.9Sb0.1S4,component-c070aaa1f32fc816,False
external_candidate,wrong_source_family_first_consensus,139,182,Cr:0.04166666667|Li:0.375|O:0.5|Te:0.08333333333,Li3(Li1.5Cr0.5Te)O6,component-2e864a32f95201a0,False
external_candidate,wrong_source_family_first_consensus,140,240,Ge:0.05511111111|Li:0.4444444444|S:0.4444444444|Sn:0.056,Li4Ge0.496Sn0.504S4,component-c070aaa1f32fc816,False
external_candidate,wrong_source_family_first_consensus,141,245,Ge:0.08011111111|Li:0.4444444444|S:0.4444444444|Sn:0.031,Li4Ge0.721Sn0.279S4,component-c070aaa1f32fc816,False
external_candidate,wrong_source_family_first_consensus,142,230,Ge:0.02533333333|Li:0.4444444444|S:0.4444444444|Sn:0.08577777778,Li4Ge0.228Sn0.772S4,component-c070aaa1f32fc816,False
external_candidate,wrong_source_family_first_consensus,143,35,Al:0.04166666667|Li:0.375|O:0.5|Te:0.08333333333,Li3(Li1.5Al0.5Te)O6,component-2e864a32f95201a0,False
external_candidate,wrong_source_family_first_consensus,144,444,Li:0.3954050786|P:0.08827085852|S:0.4836759371|Sn:0.03264812576,Li9.81Sn0.81P2.19S12,component-72e6f457205e515c,False
hard_ood_40pct,uniform_family_first,1,255,Ge:0.1111111111|Li:0.4444444444|Se:0.4444444444,Li4GeSe4,component-e765a42161a2cd5d,True
hard_ood_40pct,uniform_family_first,2,481,Li:0.75|N:0.25,Li3N,component-9aac23560fbd0a52,True
hard_ood_40pct,uniform_family_first,3,35,Al:0.04166666667|Li:0.375|O:0.5|Te:0.08333333333,Li3(Li1.5Al0.5Te)O6,component-2e864a32f95201a0,True
hard_ood_40pct,uniform_family_first,4,257,Ge:0.125|Li:0.25|O:0.5|Zn:0.125,Li2ZnGeO4,component-4334a435eca1fbda,True
hard_ood_40pct,uniform_family_first,5,196,F:0.125|Fe:0.125|Li:0.125|O:0.5|P:0.125,LiFe(PO4)F,component-b51556d2e940fc10,True
hard_ood_40pct,uniform_family_first,6,169,Cl:0.6|In:0.1|Li:0.3,Li3InCl6,component-c68a57832f7e8eda,True
hard_ood_40pct,uniform_family_first,7,393,Li:0.1666666667|N:0.5|Si:0.3333333333,LiSi2N3,component-94e3acef4c28d550,True
hard_ood_40pct,uniform_family_first,8,421,Li:0.2|O:0.6|V:0.2,LiVO3,component-a846d0d6dbbddb08,True
hard_ood_40pct,uniform_family_first,9,375,Li:0.08024691358|O:0.6090534979|Pr:0.1049382716|Ti:0.2057613169,Pr0.51Li0.39TiO2.96,component-022488b4edb8df14,True
hard_ood_40pct,uniform_family_first,10,262,Ge:0.2916666667|Li:0.08333333333|O:0.625,Li2Ge7O15,component-9eaac6273622ea6b,True
hard_ood_40pct,uniform_family_first,11,158,Cl:0.5714285714|Li:0.2857142857|V:0.1428571429,Li2VCl4,component-37ec49522d82065c,True
hard_ood_40pct,uniform_family_first,12,48,Al:0.1428571429|Li:0.1428571429|O:0.5714285714|Si:0.1428571429,LiAlSiO4,component-02650e3b427bf6d5,True
hard_ood_40pct,uniform_family_first,13,185,Cs:0.04|Li:0.2|Mn:0.04|O:0.56|P:0.16,CsLi5Mn(P2O7)2,component-c31acf0dcf5558c4,True
hard_ood_40pct,uniform_family_first,14,62,B:0.1666666667|Ce:0.05555555556|Cl:0.05555555556|H:0.6666666667|Li:0.05555555556,LiCe(BH4)3Cl,component-9fa8e1338292e83b,True
hard_ood_40pct,uniform_family_first,15,65,B:0.1818181818|H:0.7272727273|Li:0.04545454545|Y:0.04545454545,LiY(BH4)4,component-2a71e0a499ed03ca,True
hard_ood_40pct,uniform_family_first,16,180,Co:0.08333333333|Li:0.3333333333|O:0.5|Te:0.08333333333,Li8Co2Te2O12,component-f09f77e8ebc487de,True
hard_ood_40pct,uniform_family_first,17,474,Li:0.5714285714|N:0.2857142857|Sr:0.1428571429,Li4SrN2,component-af5c59da78f6f5e9,True
hard_ood_40pct,uniform_family_first,18,361,La:0.2604166667|Li:0.1979166667|Mg:0.02083333333|O:0.5208333333,La(Li0.76Mg0.08)O2,component-e37baddd7483659e,True
hard_ood_40pct,uniform_family_first,19,155,Cl:0.5714285714|Cr:0.1428571429|Li:0.2857142857,Li2CrCl4,component-42f535930d9218fc,True
hard_ood_40pct,uniform_family_first,20,293,In:0.05660377358|Li:0.1090146751|O:0.6289308176|P:0.1572327044|Ti:0.04821802935,Li2.08Ti0.92In1.08P3O12,component-a7d5850a1d3b53ef,True
hard_ood_40pct,uniform_family_first,21,181,Co:0.09090909091|Li:0.2727272727|O:0.5454545455|Te:0.09090909091,Li3CoTeO6,component-0a1bf62c483c3d35,True
hard_ood_40pct,uniform_family_first,22,133,Ca:0.04752376188|Li:0.04902451226|O:0.6003001501|P:0.1500750375|Pb:0.1530765383,Pb6.12Ca1.9Li1.96(PO4)6,component-422e6de1dc0ae59a,True
hard_ood_40pct,uniform_family_first,23,61,B:0.1666666667|Ca:0.08333333333|F:0.08333333333|Li:0.25|O:0.4166666667,Li3CaB2O5F,component-8a61e3e41857b7c9,True
hard_ood_40pct,uniform_family_first,24,356,La:0.1|Li:0.06|Na:0.04|O:0.6|Ti:0.2,La0.5Li0.3Na0.2O3Ti1,component-21f452ed084570e0,True
hard_ood_40pct,uniform_family_first,25,295,K:0.02|Li:0.18|O:0.6|Sb:0.2,(K0.1Li0.9)(SbO3),component-f164aba2b81882f9,True
hard_ood_40pct,uniform_family_first,26,403,Li:0.1|Mn:0.2|O:0.6|Te:0.1,LiMn2TeO6,component-cc8eb4822ea3c7a0,True
hard_ood_40pct,uniform_family_first,27,218,Ga:0.25|Li:0.25|S:0.5,LiGaS2,component-f1a63e35375195fa,True
hard_ood_40pct,uniform_family_first,28,294,In:0.2|Li:0.1|O:0.6|Sb:0.1,LiIn2SbO6,component-ac036796a9cc3192,True
hard_ood_40pct,uniform_family_first,29,394,Li:0.1666666667|Na:0.2777777778|S:0.4444444444|Ti:0.1111111111,Li3Na5(TiS4)2,component-8ef18f4be6109927,True
hard_ood_40pct,uniform_family_first,30,123,Br:0.6666666667|Ga:0.1666666667|Li:0.1666666667,LiGaBr4,component-fa5653c94495539a,True
hard_ood_40pct,uniform_family_first,31,467,Li:0.4444444444|S:0.4444444444|Sn:0.1111111111,Li4SnS4,component-c070aaa1f32fc816,True
hard_ood_40pct,uniform_family_first,32,385,Li:0.1428571429|Nd:0.1428571429|O:0.5714285714|Ti:0.1428571429,Li(NdTiO4),component-49fd470de09087f3,True
hard_ood_40pct,uniform_family_first,33,166,Cl:0.629590766|Er:0.055613851|Li:0.2654774397|Zr:0.04931794334,Li2.53Er0.53Zr0.47Cl6,component-c15bf60682542e1c,True
hard_ood_40pct,uniform_family_first,34,58,B:0.07142857143|Li:0.1428571429|Na:0.07142857143|O:0.5714285714|P:0.1428571429,Li2NaBP2O8,component-7fcb199d19799006,True
hard_ood_40pct,uniform_family_first,35,139,Ce:0.03296703297|La:0.1318681319|Li:0.2527472527|Nb:0.05494505495|O:0.5274725275,Li5.75La3Nb1.25Ce0.75O12,component-b3ee152f7464c9e7,True
hard_ood_40pct,uniform_family_first,36,85,Bi:0.25|Li:0.25|O:0.5,LiBiO2,component-d698ad42acc6f36f,True
hard_ood_40pct,uniform_family_first,37,253,Ge:0.1111111111|Li:0.4444444444|S:0.3333333333|Se:0.1111111111,Li4GeS3Se,component-e765a42161a2cd5d,False
hard_ood_40pct,uniform_family_first,38,252,Ge:0.1111111111|Li:0.4444444444|S:0.2222222222|Se:0.2222222222,Li4GeS2Se2,component-e765a42161a2cd5d,False
hard_ood_40pct,uniform_family_first,39,246,Ge:0.08333333333|Li:0.4444444444|Se:0.4444444444|Sn:0.02777777778,Li4Ge0.75Sn0.25Se4,component-e765a42161a2cd5d,False
hard_ood_40pct,uniform_family_first,40,182,Cr:0.04166666667|Li:0.375|O:0.5|Te:0.08333333333,Li3(Li1.5Cr0.5Te)O6,component-2e864a32f95201a0,False
hard_ood_40pct,uniform_family_first,41,251,Ge:0.1111111111|Li:0.4444444444|S:0.1111111111|Se:0.3333333333,Li4GeSSe3,component-e765a42161a2cd5d,False
hard_ood_40pct,uniform_family_first,42,464,Li:0.4444444444|S:0.2222222222|Se:0.2222222222|Sn:0.1111111111,Li4SnS2Se2,component-e765a42161a2cd5d,False
hard_ood_40pct,uniform_family_first,43,434,Li:0.375|Mn:0.04166666667|O:0.5|Te:0.08333333333,Li3(Li1.5Mn0.5Te)O6,component-2e864a32f95201a0,False
hard_ood_40pct,uniform_family_first,44,468,Li:0.4444444444|Se:0.4444444444|Sn:0.1111111111,Li4SnSe4,component-e765a42161a2cd5d,False
hard_ood_40pct,uniform_family_first,45,465,Li:0.4444444444|S:0.3333333333|Se:0.1111111111|Sn:0.1111111111,Li4SnS3Se,component-e765a42161a2cd5d,False
hard_ood_40pct,uniform_family_first,46,165,Cl:0.625|In:0.0625|Li:0.2708333333|Zr:0.04166666667,Li2.6In0.6Zr0.4Cl6,component-c68a57832f7e8eda,False
hard_ood_40pct,uniform_family_first,47,156,Cl:0.5714285714|Li:0.2857142857|Mg:0.1428571429,Li2MgCl4,component-37ec49522d82065c,False
hard_ood_40pct,uniform_family_first,48,208,Fe:0.05657894737|Li:0.1052631579|O:0.6315789474|P:0.1578947368|Ti:0.04868421053,Li2Fe1.075Ti0.925P3O12,component-a7d5850a1d3b53ef,False
hard_ood_40pct,uniform_family_first,49,374,Li:0.07346938776|Nd:0.1102040816|O:0.612244898|Ti:0.2040816327,Nd0.54Li0.36TiO3,component-022488b4edb8df14,False
hard_ood_40pct,uniform_family_first,50,232,Ge:0.02|Li:0.4444444444|Se:0.4444444444|Sn:0.09111111111,Li4Ge0.18Sn0.82Se4,component-e765a42161a2cd5d,False
hard_ood_40pct,uniform_family_first,51,162,Cl:0.6060606061|In:0.09090909091|Li:0.2929292929|Zr:0.0101010101,Li2.9In0.9Zr0.1Cl6,component-c68a57832f7e8eda,False
hard_ood_40pct,uniform_family_first,52,241,Ge:0.05555555556|Li:0.4444444444|Se:0.4444444444|Sn:0.05555555556,Li4Ge0.5Sn0.5Se4,component-e765a42161a2cd5d,False
hard_ood_40pct,uniform_family_first,53,164,Cl:0.622406639|In:0.07157676349|Li:0.27593361|Zr:0.03008298755,Li2.66In0.69Zr0.29Cl6,component-c68a57832f7e8eda,False
hard_ood_40pct,uniform_family_first,54,167,Cl:0.6315789474|In:0.05263157895|Li:0.2631578947|Zr:0.05263157895,Li2.5In0.5Zr0.5Cl6,component-c68a57832f7e8eda,False
hard_ood_40pct,uniform_family_first,55,463,Li:0.4444444444|S:0.1|Se:0.3444444444|Sn:0.1111111111,Li4SnS0.9Se3.1,component-e765a42161a2cd5d,False
hard_ood_40pct,uniform_family_first,56,163,Cl:0.6147540984|In:0.07991803279|Li:0.2868852459|Zr:0.01844262295,Li2.8In0.78Zr0.18Cl6,component-c68a57832f7e8eda,False
hard_ood_40pct,uniform_family_first,57,217,Ga:0.25|Li:0.25|O:0.5,LiGaO2,component-f1a63e35375195fa,False
hard_ood_40pct,uniform_family_first,58,470,Li:0.4|N:0.4|Si:0.2,Li2SiN2,component-94e3acef4c28d550,False
hard_ood_40pct,composition_novelty_family_first,1,294,In:0.2|Li:0.1|O:0.6|Sb:0.1,LiIn2SbO6,component-ac036796a9cc3192,True
hard_ood_40pct,composition_novelty_family_first,2,375,Li:0.08024691358|O:0.6090534979|Pr:0.1049382716|Ti:0.2057613169,Pr0.51Li0.39TiO2.96,component-022488b4edb8df14,True
hard_ood_40pct,composition_novelty_family_first,3,85,Bi:0.25|Li:0.25|O:0.5,LiBiO2,component-d698ad42acc6f36f,True
hard_ood_40pct,composition_novelty_family_first,4,169,Cl:0.6|In:0.1|Li:0.3,Li3InCl6,component-c68a57832f7e8eda,True
hard_ood_40pct,composition_novelty_family_first,5,155,Cl:0.5714285714|Cr:0.1428571429|Li:0.2857142857,Li2CrCl4,component-42f535930d9218fc,True
hard_ood_40pct,composition_novelty_family_first,6,394,Li:0.1666666667|Na:0.2777777778|S:0.4444444444|Ti:0.1111111111,Li3Na5(TiS4)2,component-8ef18f4be6109927,True
hard_ood_40pct,composition_novelty_family_first,7,295,K:0.02|Li:0.18|O:0.6|Sb:0.2,(K0.1Li0.9)(SbO3),component-f164aba2b81882f9,True
hard_ood_40pct,composition_novelty_family_first,8,468,Li:0.4444444444|Se:0.4444444444|Sn:0.1111111111,Li4SnSe4,component-e765a42161a2cd5d,True
hard_ood_40pct,composition_novelty_family_first,9,123,Br:0.6666666667|Ga:0.1666666667|Li:0.1666666667,LiGaBr4,component-fa5653c94495539a,True
hard_ood_40pct,composition_novelty_family_first,10,403,Li:0.1|Mn:0.2|O:0.6|Te:0.1,LiMn2TeO6,component-cc8eb4822ea3c7a0,True
hard_ood_40pct,composition_novelty_family_first,11,393,Li:0.1666666667|N:0.5|Si:0.3333333333,LiSi2N3,component-94e3acef4c28d550,True
hard_ood_40pct,composition_novelty_family_first,12,293,In:0.05660377358|Li:0.1090146751|O:0.6289308176|P:0.1572327044|Ti:0.04821802935,Li2.08Ti0.92In1.08P3O12,component-a7d5850a1d3b53ef,True
hard_ood_40pct,composition_novelty_family_first,13,182,Cr:0.04166666667|Li:0.375|O:0.5|Te:0.08333333333,Li3(Li1.5Cr0.5Te)O6,component-2e864a32f95201a0,True
hard_ood_40pct,composition_novelty_family_first,14,62,B:0.1666666667|Ce:0.05555555556|Cl:0.05555555556|H:0.6666666667|Li:0.05555555556,LiCe(BH4)3Cl,component-9fa8e1338292e83b,True
hard_ood_40pct,composition_novelty_family_first,15,166,Cl:0.629590766|Er:0.055613851|Li:0.2654774397|Zr:0.04931794334,Li2.53Er0.53Zr0.47Cl6,component-c15bf60682542e1c,True
hard_ood_40pct,composition_novelty_family_first,16,156,Cl:0.5714285714|Li:0.2857142857|Mg:0.1428571429,Li2MgCl4,component-37ec49522d82065c,True
hard_ood_40pct,composition_novelty_family_first,17,181,Co:0.09090909091|Li:0.2727272727|O:0.5454545455|Te:0.09090909091,Li3CoTeO6,component-0a1bf62c483c3d35,True
hard_ood_40pct,composition_novelty_family_first,18,58,B:0.07142857143|Li:0.1428571429|Na:0.07142857143|O:0.5714285714|P:0.1428571429,Li2NaBP2O8,component-7fcb199d19799006,True
hard_ood_40pct,composition_novelty_family_first,19,474,Li:0.5714285714|N:0.2857142857|Sr:0.1428571429,Li4SrN2,component-af5c59da78f6f5e9,True
hard_ood_40pct,composition_novelty_family_first,20,180,Co:0.08333333333|Li:0.3333333333|O:0.5|Te:0.08333333333,Li8Co2Te2O12,component-f09f77e8ebc487de,True
hard_ood_40pct,composition_novelty_family_first,21,61,B:0.1666666667|Ca:0.08333333333|F:0.08333333333|Li:0.25|O:0.4166666667,Li3CaB2O5F,component-8a61e3e41857b7c9,True
hard_ood_40pct,composition_novelty_family_first,22,217,Ga:0.25|Li:0.25|O:0.5,LiGaO2,component-f1a63e35375195fa,True
hard_ood_40pct,composition_novelty_family_first,23,421,Li:0.2|O:0.6|V:0.2,LiVO3,component-a846d0d6dbbddb08,True
hard_ood_40pct,composition_novelty_family_first,24,196,F:0.125|Fe:0.125|Li:0.125|O:0.5|P:0.125,LiFe(PO4)F,component-b51556d2e940fc10,True
hard_ood_40pct,composition_novelty_family_first,25,262,Ge:0.2916666667|Li:0.08333333333|O:0.625,Li2Ge7O15,component-9eaac6273622ea6b,True
hard_ood_40pct,composition_novelty_family_first,26,65,B:0.1818181818|H:0.7272727273|Li:0.04545454545|Y:0.04545454545,LiY(BH4)4,component-2a71e0a499ed03ca,True
hard_ood_40pct,composition_novelty_family_first,27,385,Li:0.1428571429|Nd:0.1428571429|O:0.5714285714|Ti:0.1428571429,Li(NdTiO4),component-49fd470de09087f3,True
hard_ood_40pct,composition_novelty_family_first,28,257,Ge:0.125|Li:0.25|O:0.5|Zn:0.125,Li2ZnGeO4,component-4334a435eca1fbda,True
hard_ood_40pct,composition_novelty_family_first,29,139,Ce:0.03296703297|La:0.1318681319|Li:0.2527472527|Nb:0.05494505495|O:0.5274725275,Li5.75La3Nb1.25Ce0.75O12,component-b3ee152f7464c9e7,True
hard_ood_40pct,composition_novelty_family_first,30,133,Ca:0.04752376188|Li:0.04902451226|O:0.6003001501|P:0.1500750375|Pb:0.1530765383,Pb6.12Ca1.9Li1.96(PO4)6,component-422e6de1dc0ae59a,True
hard_ood_40pct,composition_novelty_family_first,31,481,Li:0.75|N:0.25,Li3N,component-9aac23560fbd0a52,True
hard_ood_40pct,composition_novelty_family_first,32,48,Al:0.1428571429|Li:0.1428571429|O:0.5714285714|Si:0.1428571429,LiAlSiO4,component-02650e3b427bf6d5,True
hard_ood_40pct,composition_novelty_family_first,33,356,La:0.1|Li:0.06|Na:0.04|O:0.6|Ti:0.2,La0.5Li0.3Na0.2O3Ti1,component-21f452ed084570e0,True
hard_ood_40pct,composition_novelty_family_first,34,185,Cs:0.04|Li:0.2|Mn:0.04|O:0.56|P:0.16,CsLi5Mn(P2O7)2,component-c31acf0dcf5558c4,True
hard_ood_40pct,composition_novelty_family_first,35,467,Li:0.4444444444|S:0.4444444444|Sn:0.1111111111,Li4SnS4,component-c070aaa1f32fc816,True
hard_ood_40pct,composition_novelty_family_first,36,361,La:0.2604166667|Li:0.1979166667|Mg:0.02083333333|O:0.5208333333,La(Li0.76Mg0.08)O2,component-e37baddd7483659e,True
hard_ood_40pct,composition_novelty_family_first,37,162,Cl:0.6060606061|In:0.09090909091|Li:0.2929292929|Zr:0.0101010101,Li2.9In0.9Zr0.1Cl6,component-c68a57832f7e8eda,False
hard_ood_40pct,composition_novelty_family_first,38,232,Ge:0.02|Li:0.4444444444|Se:0.4444444444|Sn:0.09111111111,Li4Ge0.18Sn0.82Se4,component-e765a42161a2cd5d,False
hard_ood_40pct,composition_novelty_family_first,39,463,Li:0.4444444444|S:0.1|Se:0.3444444444|Sn:0.1111111111,Li4SnS0.9Se3.1,component-e765a42161a2cd5d,False
hard_ood_40pct,composition_novelty_family_first,40,241,Ge:0.05555555556|Li:0.4444444444|Se:0.4444444444|Sn:0.05555555556,Li4Ge0.5Sn0.5Se4,component-e765a42161a2cd5d,False
hard_ood_40pct,composition_novelty_family_first,41,255,Ge:0.1111111111|Li:0.4444444444|Se:0.4444444444,Li4GeSe4,component-e765a42161a2cd5d,False
hard_ood_40pct,composition_novelty_family_first,42,246,Ge:0.08333333333|Li:0.4444444444|Se:0.4444444444|Sn:0.02777777778,Li4Ge0.75Sn0.25Se4,component-e765a42161a2cd5d,False
hard_ood_40pct,composition_novelty_family_first,43,163,Cl:0.6147540984|In:0.07991803279|Li:0.2868852459|Zr:0.01844262295,Li2.8In0.78Zr0.18Cl6,component-c68a57832f7e8eda,False
hard_ood_40pct,composition_novelty_family_first,44,251,Ge:0.1111111111|Li:0.4444444444|S:0.1111111111|Se:0.3333333333,Li4GeSSe3,component-e765a42161a2cd5d,False
hard_ood_40pct,composition_novelty_family_first,45,464,Li:0.4444444444|S:0.2222222222|Se:0.2222222222|Sn:0.1111111111,Li4SnS2Se2,component-e765a42161a2cd5d,False
hard_ood_40pct,composition_novelty_family_first,46,164,Cl:0.622406639|In:0.07157676349|Li:0.27593361|Zr:0.03008298755,Li2.66In0.69Zr0.29Cl6,component-c68a57832f7e8eda,False
hard_ood_40pct,composition_novelty_family_first,47,165,Cl:0.625|In:0.0625|Li:0.2708333333|Zr:0.04166666667,Li2.6In0.6Zr0.4Cl6,component-c68a57832f7e8eda,False
hard_ood_40pct,composition_novelty_family_first,48,470,Li:0.4|N:0.4|Si:0.2,Li2SiN2,component-94e3acef4c28d550,False
hard_ood_40pct,composition_novelty_family_first,49,252,Ge:0.1111111111|Li:0.4444444444|S:0.2222222222|Se:0.2222222222,Li4GeS2Se2,component-e765a42161a2cd5d,False
hard_ood_40pct,composition_novelty_family_first,50,167,Cl:0.6315789474|In:0.05263157895|Li:0.2631578947|Zr:0.05263157895,Li2.5In0.5Zr0.5Cl6,component-c68a57832f7e8eda,False
hard_ood_40pct,composition_novelty_family_first,51,158,Cl:0.5714285714|Li:0.2857142857|V:0.1428571429,Li2VCl4,component-37ec49522d82065c,False
hard_ood_40pct,composition_novelty_family_first,52,465,Li:0.4444444444|S:0.3333333333|Se:0.1111111111|Sn:0.1111111111,Li4SnS3Se,component-e765a42161a2cd5d,False
hard_ood_40pct,composition_novelty_family_first,53,374,Li:0.07346938776|Nd:0.1102040816|O:0.612244898|Ti:0.2040816327,Nd0.54Li0.36TiO3,component-022488b4edb8df14,False
hard_ood_40pct,composition_novelty_family_first,54,218,Ga:0.25|Li:0.25|S:0.5,LiGaS2,component-f1a63e35375195fa,False
hard_ood_40pct,composition_novelty_family_first,55,434,Li:0.375|Mn:0.04166666667|O:0.5|Te:0.08333333333,Li3(Li1.5Mn0.5Te)O6,component-2e864a32f95201a0,False
hard_ood_40pct,composition_novelty_family_first,56,35,Al:0.04166666667|Li:0.375|O:0.5|Te:0.08333333333,Li3(Li1.5Al0.5Te)O6,component-2e864a32f95201a0,False
hard_ood_40pct,composition_novelty_family_first,57,253,Ge:0.1111111111|Li:0.4444444444|S:0.3333333333|Se:0.1111111111,Li4GeS3Se,component-e765a42161a2cd5d,False
hard_ood_40pct,composition_novelty_family_first,58,208,Fe:0.05657894737|Li:0.1052631579|O:0.6315789474|P:0.1578947368|Ti:0.04868421053,Li2Fe1.075Ti0.925P3O12,component-a7d5850a1d3b53ef,False
hard_ood_40pct,obelix_family_first,1,208,Fe:0.05657894737|Li:0.1052631579|O:0.6315789474|P:0.1578947368|Ti:0.04868421053,Li2Fe1.075Ti0.925P3O12,component-a7d5850a1d3b53ef,True
hard_ood_40pct,obelix_family_first,2,169,Cl:0.6|In:0.1|Li:0.3,Li3InCl6,component-c68a57832f7e8eda,True
hard_ood_40pct,obelix_family_first,3,156,Cl:0.5714285714|Li:0.2857142857|Mg:0.1428571429,Li2MgCl4,component-37ec49522d82065c,True
hard_ood_40pct,obelix_family_first,4,155,Cl:0.5714285714|Cr:0.1428571429|Li:0.2857142857,Li2CrCl4,component-42f535930d9218fc,True
hard_ood_40pct,obelix_family_first,5,474,Li:0.5714285714|N:0.2857142857|Sr:0.1428571429,Li4SrN2,component-af5c59da78f6f5e9,True
hard_ood_40pct,obelix_family_first,6,218,Ga:0.25|Li:0.25|S:0.5,LiGaS2,component-f1a63e35375195fa,True
hard_ood_40pct,obelix_family_first,7,123,Br:0.6666666667|Ga:0.1666666667|Li:0.1666666667,LiGaBr4,component-fa5653c94495539a,True
hard_ood_40pct,obelix_family_first,8,356,La:0.1|Li:0.06|Na:0.04|O:0.6|Ti:0.2,La0.5Li0.3Na0.2O3Ti1,component-21f452ed084570e0,True
hard_ood_40pct,obelix_family_first,9,481,Li:0.75|N:0.25,Li3N,component-9aac23560fbd0a52,True
hard_ood_40pct,obelix_family_first,10,465,Li:0.4444444444|S:0.3333333333|Se:0.1111111111|Sn:0.1111111111,Li4SnS3Se,component-e765a42161a2cd5d,True
hard_ood_40pct,obelix_family_first,11,166,Cl:0.629590766|Er:0.055613851|Li:0.2654774397|Zr:0.04931794334,Li2.53Er0.53Zr0.47Cl6,component-c15bf60682542e1c,True
hard_ood_40pct,obelix_family_first,12,467,Li:0.4444444444|S:0.4444444444|Sn:0.1111111111,Li4SnS4,component-c070aaa1f32fc816,True
hard_ood_40pct,obelix_family_first,13,196,F:0.125|Fe:0.125|Li:0.125|O:0.5|P:0.125,LiFe(PO4)F,component-b51556d2e940fc10,True
hard_ood_40pct,obelix_family_first,14,394,Li:0.1666666667|Na:0.2777777778|S:0.4444444444|Ti:0.1111111111,Li3Na5(TiS4)2,component-8ef18f4be6109927,True
hard_ood_40pct,obelix_family_first,15,133,Ca:0.04752376188|Li:0.04902451226|O:0.6003001501|P:0.1500750375|Pb:0.1530765383,Pb6.12Ca1.9Li1.96(PO4)6,component-422e6de1dc0ae59a,True
hard_ood_40pct,obelix_family_first,16,139,Ce:0.03296703297|La:0.1318681319|Li:0.2527472527|Nb:0.05494505495|O:0.5274725275,Li5.75La3Nb1.25Ce0.75O12,component-b3ee152f7464c9e7,True
hard_ood_40pct,obelix_family_first,17,185,Cs:0.04|Li:0.2|Mn:0.04|O:0.56|P:0.16,CsLi5Mn(P2O7)2,component-c31acf0dcf5558c4,True
hard_ood_40pct,obelix_family_first,18,62,B:0.1666666667|Ce:0.05555555556|Cl:0.05555555556|H:0.6666666667|Li:0.05555555556,LiCe(BH4)3Cl,component-9fa8e1338292e83b,True
hard_ood_40pct,obelix_family_first,19,58,B:0.07142857143|Li:0.1428571429|Na:0.07142857143|O:0.5714285714|P:0.1428571429,Li2NaBP2O8,component-7fcb199d19799006,True
hard_ood_40pct,obelix_family_first,20,393,Li:0.1666666667|N:0.5|Si:0.3333333333,LiSi2N3,component-94e3acef4c28d550,True
hard_ood_40pct,obelix_family_first,21,262,Ge:0.2916666667|Li:0.08333333333|O:0.625,Li2Ge7O15,component-9eaac6273622ea6b,True
hard_ood_40pct,obelix_family_first,22,361,La:0.2604166667|Li:0.1979166667|Mg:0.02083333333|O:0.5208333333,La(Li0.76Mg0.08)O2,component-e37baddd7483659e,True
hard_ood_40pct,obelix_family_first,23,65,B:0.1818181818|H:0.7272727273|Li:0.04545454545|Y:0.04545454545,LiY(BH4)4,component-2a71e0a499ed03ca,True
hard_ood_40pct,obelix_family_first,24,61,B:0.1666666667|Ca:0.08333333333|F:0.08333333333|Li:0.25|O:0.4166666667,Li3CaB2O5F,component-8a61e3e41857b7c9,True
hard_ood_40pct,obelix_family_first,25,257,Ge:0.125|Li:0.25|O:0.5|Zn:0.125,Li2ZnGeO4,component-4334a435eca1fbda,True
hard_ood_40pct,obelix_family_first,26,85,Bi:0.25|Li:0.25|O:0.5,LiBiO2,component-d698ad42acc6f36f,True
hard_ood_40pct,obelix_family_first,27,403,Li:0.1|Mn:0.2|O:0.6|Te:0.1,LiMn2TeO6,component-cc8eb4822ea3c7a0,True
hard_ood_40pct,obelix_family_first,28,375,Li:0.08024691358|O:0.6090534979|Pr:0.1049382716|Ti:0.2057613169,Pr0.51Li0.39TiO2.96,component-022488b4edb8df14,True
hard_ood_40pct,obelix_family_first,29,181,Co:0.09090909091|Li:0.2727272727|O:0.5454545455|Te:0.09090909091,Li3CoTeO6,component-0a1bf62c483c3d35,True
hard_ood_40pct,obelix_family_first,30,180,Co:0.08333333333|Li:0.3333333333|O:0.5|Te:0.08333333333,Li8Co2Te2O12,component-f09f77e8ebc487de,True
hard_ood_40pct,obelix_family_first,31,434,Li:0.375|Mn:0.04166666667|O:0.5|Te:0.08333333333,Li3(Li1.5Mn0.5Te)O6,component-2e864a32f95201a0,True
hard_ood_40pct,obelix_family_first,32,295,K:0.02|Li:0.18|O:0.6|Sb:0.2,(K0.1Li0.9)(SbO3),component-f164aba2b81882f9,True
hard_ood_40pct,obelix_family_first,33,294,In:0.2|Li:0.1|O:0.6|Sb:0.1,LiIn2SbO6,component-ac036796a9cc3192,True
hard_ood_40pct,obelix_family_first,34,48,Al:0.1428571429|Li:0.1428571429|O:0.5714285714|Si:0.1428571429,LiAlSiO4,component-02650e3b427bf6d5,True
hard_ood_40pct,obelix_family_first,35,421,Li:0.2|O:0.6|V:0.2,LiVO3,component-a846d0d6dbbddb08,True
hard_ood_40pct,obelix_family_first,36,385,Li:0.1428571429|Nd:0.1428571429|O:0.5714285714|Ti:0.1428571429,Li(NdTiO4),component-49fd470de09087f3,True
hard_ood_40pct,obelix_family_first,37,162,Cl:0.6060606061|In:0.09090909091|Li:0.2929292929|Zr:0.0101010101,Li2.9In0.9Zr0.1Cl6,component-c68a57832f7e8eda,False
hard_ood_40pct,obelix_family_first,38,163,Cl:0.6147540984|In:0.07991803279|Li:0.2868852459|Zr:0.01844262295,Li2.8In0.78Zr0.18Cl6,component-c68a57832f7e8eda,False
hard_ood_40pct,obelix_family_first,39,164,Cl:0.622406639|In:0.07157676349|Li:0.27593361|Zr:0.03008298755,Li2.66In0.69Zr0.29Cl6,component-c68a57832f7e8eda,False
hard_ood_40pct,obelix_family_first,40,165,Cl:0.625|In:0.0625|Li:0.2708333333|Zr:0.04166666667,Li2.6In0.6Zr0.4Cl6,component-c68a57832f7e8eda,False
hard_ood_40pct,obelix_family_first,41,167,Cl:0.6315789474|In:0.05263157895|Li:0.2631578947|Zr:0.05263157895,Li2.5In0.5Zr0.5Cl6,component-c68a57832f7e8eda,False
hard_ood_40pct,obelix_family_first,42,468,Li:0.4444444444|Se:0.4444444444|Sn:0.1111111111,Li4SnSe4,component-e765a42161a2cd5d,False
hard_ood_40pct,obelix_family_first,43,293,In:0.05660377358|Li:0.1090146751|O:0.6289308176|P:0.1572327044|Ti:0.04821802935,Li2.08Ti0.92In1.08P3O12,component-a7d5850a1d3b53ef,False
hard_ood_40pct,obelix_family_first,44,464,Li:0.4444444444|S:0.2222222222|Se:0.2222222222|Sn:0.1111111111,Li4SnS2Se2,component-e765a42161a2cd5d,False
hard_ood_40pct,obelix_family_first,45,463,Li:0.4444444444|S:0.1|Se:0.3444444444|Sn:0.1111111111,Li4SnS0.9Se3.1,component-e765a42161a2cd5d,False
hard_ood_40pct,obelix_family_first,46,253,Ge:0.1111111111|Li:0.4444444444|S:0.3333333333|Se:0.1111111111,Li4GeS3Se,component-e765a42161a2cd5d,False
hard_ood_40pct,obelix_family_first,47,255,Ge:0.1111111111|Li:0.4444444444|Se:0.4444444444,Li4GeSe4,component-e765a42161a2cd5d,False
hard_ood_40pct,obelix_family_first,48,241,Ge:0.05555555556|Li:0.4444444444|Se:0.4444444444|Sn:0.05555555556,Li4Ge0.5Sn0.5Se4,component-e765a42161a2cd5d,False
hard_ood_40pct,obelix_family_first,49,252,Ge:0.1111111111|Li:0.4444444444|S:0.2222222222|Se:0.2222222222,Li4GeS2Se2,component-e765a42161a2cd5d,False
hard_ood_40pct,obelix_family_first,50,251,Ge:0.1111111111|Li:0.4444444444|S:0.1111111111|Se:0.3333333333,Li4GeSSe3,component-e765a42161a2cd5d,False
hard_ood_40pct,obelix_family_first,51,232,Ge:0.02|Li:0.4444444444|Se:0.4444444444|Sn:0.09111111111,Li4Ge0.18Sn0.82Se4,component-e765a42161a2cd5d,False
hard_ood_40pct,obelix_family_first,52,246,Ge:0.08333333333|Li:0.4444444444|Se:0.4444444444|Sn:0.02777777778,Li4Ge0.75Sn0.25Se4,component-e765a42161a2cd5d,False
hard_ood_40pct,obelix_family_first,53,470,Li:0.4|N:0.4|Si:0.2,Li2SiN2,component-94e3acef4c28d550,False
hard_ood_40pct,obelix_family_first,54,217,Ga:0.25|Li:0.25|O:0.5,LiGaO2,component-f1a63e35375195fa,False
hard_ood_40pct,obelix_family_first,55,182,Cr:0.04166666667|Li:0.375|O:0.5|Te:0.08333333333,Li3(Li1.5Cr0.5Te)O6,component-2e864a32f95201a0,False
hard_ood_40pct,obelix_family_first,56,35,Al:0.04166666667|Li:0.375|O:0.5|Te:0.08333333333,Li3(Li1.5Al0.5Te)O6,component-2e864a32f95201a0,False
hard_ood_40pct,obelix_family_first,57,158,Cl:0.5714285714|Li:0.2857142857|V:0.1428571429,Li2VCl4,component-37ec49522d82065c,False
hard_ood_40pct,obelix_family_first,58,374,Li:0.07346938776|Nd:0.1102040816|O:0.612244898|Ti:0.2040816327,Nd0.54Li0.36TiO3,component-022488b4edb8df14,False
hard_ood_40pct,estm_family_first,1,169,Cl:0.6|In:0.1|Li:0.3,Li3InCl6,component-c68a57832f7e8eda,True
hard_ood_40pct,estm_family_first,2,166,Cl:0.629590766|Er:0.055613851|Li:0.2654774397|Zr:0.04931794334,Li2.53Er0.53Zr0.47Cl6,component-c15bf60682542e1c,True
hard_ood_40pct,estm_family_first,3,464,Li:0.4444444444|S:0.2222222222|Se:0.2222222222|Sn:0.1111111111,Li4SnS2Se2,component-e765a42161a2cd5d,True
hard_ood_40pct,estm_family_first,4,62,B:0.1666666667|Ce:0.05555555556|Cl:0.05555555556|H:0.6666666667|Li:0.05555555556,LiCe(BH4)3Cl,component-9fa8e1338292e83b,True
hard_ood_40pct,estm_family_first,5,123,Br:0.6666666667|Ga:0.1666666667|Li:0.1666666667,LiGaBr4,component-fa5653c94495539a,True
hard_ood_40pct,estm_family_first,6,467,Li:0.4444444444|S:0.4444444444|Sn:0.1111111111,Li4SnS4,component-c070aaa1f32fc816,True
hard_ood_40pct,estm_family_first,7,474,Li:0.5714285714|N:0.2857142857|Sr:0.1428571429,Li4SrN2,component-af5c59da78f6f5e9,True
hard_ood_40pct,estm_family_first,8,65,B:0.1818181818|H:0.7272727273|Li:0.04545454545|Y:0.04545454545,LiY(BH4)4,component-2a71e0a499ed03ca,True
hard_ood_40pct,estm_family_first,9,156,Cl:0.5714285714|Li:0.2857142857|Mg:0.1428571429,Li2MgCl4,component-37ec49522d82065c,True
hard_ood_40pct,estm_family_first,10,155,Cl:0.5714285714|Cr:0.1428571429|Li:0.2857142857,Li2CrCl4,component-42f535930d9218fc,True
hard_ood_40pct,estm_family_first,11,394,Li:0.1666666667|Na:0.2777777778|S:0.4444444444|Ti:0.1111111111,Li3Na5(TiS4)2,component-8ef18f4be6109927,True
hard_ood_40pct,estm_family_first,12,470,Li:0.4|N:0.4|Si:0.2,Li2SiN2,component-94e3acef4c28d550,True
hard_ood_40pct,estm_family_first,13,218,Ga:0.25|Li:0.25|S:0.5,LiGaS2,component-f1a63e35375195fa,True
hard_ood_40pct,estm_family_first,14,481,Li:0.75|N:0.25,Li3N,component-9aac23560fbd0a52,True
hard_ood_40pct,estm_family_first,15,61,B:0.1666666667|Ca:0.08333333333|F:0.08333333333|Li:0.25|O:0.4166666667,Li3CaB2O5F,component-8a61e3e41857b7c9,True
hard_ood_40pct,estm_family_first,16,403,Li:0.1|Mn:0.2|O:0.6|Te:0.1,LiMn2TeO6,component-cc8eb4822ea3c7a0,True
hard_ood_40pct,estm_family_first,17,85,Bi:0.25|Li:0.25|O:0.5,LiBiO2,component-d698ad42acc6f36f,True
hard_ood_40pct,estm_family_first,18,434,Li:0.375|Mn:0.04166666667|O:0.5|Te:0.08333333333,Li3(Li1.5Mn0.5Te)O6,component-2e864a32f95201a0,True
hard_ood_40pct,estm_family_first,19,356,La:0.1|Li:0.06|Na:0.04|O:0.6|Ti:0.2,La0.5Li0.3Na0.2O3Ti1,component-21f452ed084570e0,True
hard_ood_40pct,estm_family_first,20,180,Co:0.08333333333|Li:0.3333333333|O:0.5|Te:0.08333333333,Li8Co2Te2O12,component-f09f77e8ebc487de,True
hard_ood_40pct,estm_family_first,21,133,Ca:0.04752376188|Li:0.04902451226|O:0.6003001501|P:0.1500750375|Pb:0.1530765383,Pb6.12Ca1.9Li1.96(PO4)6,component-422e6de1dc0ae59a,True
hard_ood_40pct,estm_family_first,22,181,Co:0.09090909091|Li:0.2727272727|O:0.5454545455|Te:0.09090909091,Li3CoTeO6,component-0a1bf62c483c3d35,True
hard_ood_40pct,estm_family_first,23,375,Li:0.08024691358|O:0.6090534979|Pr:0.1049382716|Ti:0.2057613169,Pr0.51Li0.39TiO2.96,component-022488b4edb8df14,True
hard_ood_40pct,estm_family_first,24,295,K:0.02|Li:0.18|O:0.6|Sb:0.2,(K0.1Li0.9)(SbO3),component-f164aba2b81882f9,True
hard_ood_40pct,estm_family_first,25,293,In:0.05660377358|Li:0.1090146751|O:0.6289308176|P:0.1572327044|Ti:0.04821802935,Li2.08Ti0.92In1.08P3O12,component-a7d5850a1d3b53ef,True
hard_ood_40pct,estm_family_first,26,294,In:0.2|Li:0.1|O:0.6|Sb:0.1,LiIn2SbO6,component-ac036796a9cc3192,True
hard_ood_40pct,estm_family_first,27,385,Li:0.1428571429|Nd:0.1428571429|O:0.5714285714|Ti:0.1428571429,Li(NdTiO4),component-49fd470de09087f3,True
hard_ood_40pct,estm_family_first,28,139,Ce:0.03296703297|La:0.1318681319|Li:0.2527472527|Nb:0.05494505495|O:0.5274725275,Li5.75La3Nb1.25Ce0.75O12,component-b3ee152f7464c9e7,True
hard_ood_40pct,estm_family_first,29,361,La:0.2604166667|Li:0.1979166667|Mg:0.02083333333|O:0.5208333333,La(Li0.76Mg0.08)O2,component-e37baddd7483659e,True
hard_ood_40pct,estm_family_first,30,185,Cs:0.04|Li:0.2|Mn:0.04|O:0.56|P:0.16,CsLi5Mn(P2O7)2,component-c31acf0dcf5558c4,True
hard_ood_40pct,estm_family_first,31,262,Ge:0.2916666667|Li:0.08333333333|O:0.625,Li2Ge7O15,component-9eaac6273622ea6b,True
hard_ood_40pct,estm_family_first,32,257,Ge:0.125|Li:0.25|O:0.5|Zn:0.125,Li2ZnGeO4,component-4334a435eca1fbda,True
hard_ood_40pct,estm_family_first,33,58,B:0.07142857143|Li:0.1428571429|Na:0.07142857143|O:0.5714285714|P:0.1428571429,Li2NaBP2O8,component-7fcb199d19799006,True
hard_ood_40pct,estm_family_first,34,48,Al:0.1428571429|Li:0.1428571429|O:0.5714285714|Si:0.1428571429,LiAlSiO4,component-02650e3b427bf6d5,True
hard_ood_40pct,estm_family_first,35,196,F:0.125|Fe:0.125|Li:0.125|O:0.5|P:0.125,LiFe(PO4)F,component-b51556d2e940fc10,True
hard_ood_40pct,estm_family_first,36,421,Li:0.2|O:0.6|V:0.2,LiVO3,component-a846d0d6dbbddb08,True
hard_ood_40pct,estm_family_first,37,162,Cl:0.6060606061|In:0.09090909091|Li:0.2929292929|Zr:0.0101010101,Li2.9In0.9Zr0.1Cl6,component-c68a57832f7e8eda,False
hard_ood_40pct,estm_family_first,38,163,Cl:0.6147540984|In:0.07991803279|Li:0.2868852459|Zr:0.01844262295,Li2.8In0.78Zr0.18Cl6,component-c68a57832f7e8eda,False
hard_ood_40pct,estm_family_first,39,164,Cl:0.622406639|In:0.07157676349|Li:0.27593361|Zr:0.03008298755,Li2.66In0.69Zr0.29Cl6,component-c68a57832f7e8eda,False
hard_ood_40pct,estm_family_first,40,165,Cl:0.625|In:0.0625|Li:0.2708333333|Zr:0.04166666667,Li2.6In0.6Zr0.4Cl6,component-c68a57832f7e8eda,False
hard_ood_40pct,estm_family_first,41,167,Cl:0.6315789474|In:0.05263157895|Li:0.2631578947|Zr:0.05263157895,Li2.5In0.5Zr0.5Cl6,component-c68a57832f7e8eda,False
hard_ood_40pct,estm_family_first,42,465,Li:0.4444444444|S:0.3333333333|Se:0.1111111111|Sn:0.1111111111,Li4SnS3Se,component-e765a42161a2cd5d,False
hard_ood_40pct,estm_family_first,43,463,Li:0.4444444444|S:0.1|Se:0.3444444444|Sn:0.1111111111,Li4SnS0.9Se3.1,component-e765a42161a2cd5d,False
hard_ood_40pct,estm_family_first,44,252,Ge:0.1111111111|Li:0.4444444444|S:0.2222222222|Se:0.2222222222,Li4GeS2Se2,component-e765a42161a2cd5d,False
hard_ood_40pct,estm_family_first,45,251,Ge:0.1111111111|Li:0.4444444444|S:0.1111111111|Se:0.3333333333,Li4GeSSe3,component-e765a42161a2cd5d,False
hard_ood_40pct,estm_family_first,46,253,Ge:0.1111111111|Li:0.4444444444|S:0.3333333333|Se:0.1111111111,Li4GeS3Se,component-e765a42161a2cd5d,False
hard_ood_40pct,estm_family_first,47,232,Ge:0.02|Li:0.4444444444|Se:0.4444444444|Sn:0.09111111111,Li4Ge0.18Sn0.82Se4,component-e765a42161a2cd5d,False
hard_ood_40pct,estm_family_first,48,241,Ge:0.05555555556|Li:0.4444444444|Se:0.4444444444|Sn:0.05555555556,Li4Ge0.5Sn0.5Se4,component-e765a42161a2cd5d,False
hard_ood_40pct,estm_family_first,49,246,Ge:0.08333333333|Li:0.4444444444|Se:0.4444444444|Sn:0.02777777778,Li4Ge0.75Sn0.25Se4,component-e765a42161a2cd5d,False
hard_ood_40pct,estm_family_first,50,468,Li:0.4444444444|Se:0.4444444444|Sn:0.1111111111,Li4SnSe4,component-e765a42161a2cd5d,False
hard_ood_40pct,estm_family_first,51,158,Cl:0.5714285714|Li:0.2857142857|V:0.1428571429,Li2VCl4,component-37ec49522d82065c,False
hard_ood_40pct,estm_family_first,52,255,Ge:0.1111111111|Li:0.4444444444|Se:0.4444444444,Li4GeSe4,component-e765a42161a2cd5d,False
hard_ood_40pct,estm_family_first,53,393,Li:0.1666666667|N:0.5|Si:0.3333333333,LiSi2N3,component-94e3acef4c28d550,False
hard_ood_40pct,estm_family_first,54,35,Al:0.04166666667|Li:0.375|O:0.5|Te:0.08333333333,Li3(Li1.5Al0.5Te)O6,component-2e864a32f95201a0,False
hard_ood_40pct,estm_family_first,55,182,Cr:0.04166666667|Li:0.375|O:0.5|Te:0.08333333333,Li3(Li1.5Cr0.5Te)O6,component-2e864a32f95201a0,False
hard_ood_40pct,estm_family_first,56,374,Li:0.07346938776|Nd:0.1102040816|O:0.612244898|Ti:0.2040816327,Nd0.54Li0.36TiO3,component-022488b4edb8df14,False
hard_ood_40pct,estm_family_first,57,208,Fe:0.05657894737|Li:0.1052631579|O:0.6315789474|P:0.1578947368|Ti:0.04868421053,Li2Fe1.075Ti0.925P3O12,component-a7d5850a1d3b53ef,False
hard_ood_40pct,estm_family_first,58,217,Ga:0.25|Li:0.25|O:0.5,LiGaO2,component-f1a63e35375195fa,False
hard_ood_40pct,neighbor_entity_consensus,1,169,Cl:0.6|In:0.1|Li:0.3,Li3InCl6,component-c68a57832f7e8eda,True
hard_ood_40pct,neighbor_entity_consensus,2,162,Cl:0.6060606061|In:0.09090909091|Li:0.2929292929|Zr:0.0101010101,Li2.9In0.9Zr0.1Cl6,component-c68a57832f7e8eda,False
hard_ood_40pct,neighbor_entity_consensus,3,163,Cl:0.6147540984|In:0.07991803279|Li:0.2868852459|Zr:0.01844262295,Li2.8In0.78Zr0.18Cl6,component-c68a57832f7e8eda,False
hard_ood_40pct,neighbor_entity_consensus,4,164,Cl:0.622406639|In:0.07157676349|Li:0.27593361|Zr:0.03008298755,Li2.66In0.69Zr0.29Cl6,component-c68a57832f7e8eda,False
hard_ood_40pct,neighbor_entity_consensus,5,166,Cl:0.629590766|Er:0.055613851|Li:0.2654774397|Zr:0.04931794334,Li2.53Er0.53Zr0.47Cl6,component-c15bf60682542e1c,True
hard_ood_40pct,neighbor_entity_consensus,6,165,Cl:0.625|In:0.0625|Li:0.2708333333|Zr:0.04166666667,Li2.6In0.6Zr0.4Cl6,component-c68a57832f7e8eda,False
hard_ood_40pct,neighbor_entity_consensus,7,123,Br:0.6666666667|Ga:0.1666666667|Li:0.1666666667,LiGaBr4,component-fa5653c94495539a,True
hard_ood_40pct,neighbor_entity_consensus,8,167,Cl:0.6315789474|In:0.05263157895|Li:0.2631578947|Zr:0.05263157895,Li2.5In0.5Zr0.5Cl6,component-c68a57832f7e8eda,False
hard_ood_40pct,neighbor_entity_consensus,9,465,Li:0.4444444444|S:0.3333333333|Se:0.1111111111|Sn:0.1111111111,Li4SnS3Se,component-e765a42161a2cd5d,True
hard_ood_40pct,neighbor_entity_consensus,10,474,Li:0.5714285714|N:0.2857142857|Sr:0.1428571429,Li4SrN2,component-af5c59da78f6f5e9,True
hard_ood_40pct,neighbor_entity_consensus,11,156,Cl:0.5714285714|Li:0.2857142857|Mg:0.1428571429,Li2MgCl4,component-37ec49522d82065c,True
hard_ood_40pct,neighbor_entity_consensus,12,155,Cl:0.5714285714|Cr:0.1428571429|Li:0.2857142857,Li2CrCl4,component-42f535930d9218fc,True
hard_ood_40pct,neighbor_entity_consensus,13,464,Li:0.4444444444|S:0.2222222222|Se:0.2222222222|Sn:0.1111111111,Li4SnS2Se2,component-e765a42161a2cd5d,False
hard_ood_40pct,neighbor_entity_consensus,14,463,Li:0.4444444444|S:0.1|Se:0.3444444444|Sn:0.1111111111,Li4SnS0.9Se3.1,component-e765a42161a2cd5d,False
hard_ood_40pct,neighbor_entity_consensus,15,218,Ga:0.25|Li:0.25|S:0.5,LiGaS2,component-f1a63e35375195fa,True
hard_ood_40pct,neighbor_entity_consensus,16,467,Li:0.4444444444|S:0.4444444444|Sn:0.1111111111,Li4SnS4,component-c070aaa1f32fc816,True
hard_ood_40pct,neighbor_entity_consensus,17,468,Li:0.4444444444|Se:0.4444444444|Sn:0.1111111111,Li4SnSe4,component-e765a42161a2cd5d,False
hard_ood_40pct,neighbor_entity_consensus,18,253,Ge:0.1111111111|Li:0.4444444444|S:0.3333333333|Se:0.1111111111,Li4GeS3Se,component-e765a42161a2cd5d,False
hard_ood_40pct,neighbor_entity_consensus,19,252,Ge:0.1111111111|Li:0.4444444444|S:0.2222222222|Se:0.2222222222,Li4GeS2Se2,component-e765a42161a2cd5d,False
hard_ood_40pct,neighbor_entity_consensus,20,62,B:0.1666666667|Ce:0.05555555556|Cl:0.05555555556|H:0.6666666667|Li:0.05555555556,LiCe(BH4)3Cl,component-9fa8e1338292e83b,True
hard_ood_40pct,neighbor_entity_consensus,21,251,Ge:0.1111111111|Li:0.4444444444|S:0.1111111111|Se:0.3333333333,Li4GeSSe3,component-e765a42161a2cd5d,False
hard_ood_40pct,neighbor_entity_consensus,22,241,Ge:0.05555555556|Li:0.4444444444|Se:0.4444444444|Sn:0.05555555556,Li4Ge0.5Sn0.5Se4,component-e765a42161a2cd5d,False
hard_ood_40pct,neighbor_entity_consensus,23,481,Li:0.75|N:0.25,Li3N,component-9aac23560fbd0a52,True
hard_ood_40pct,neighbor_entity_consensus,24,232,Ge:0.02|Li:0.4444444444|Se:0.4444444444|Sn:0.09111111111,Li4Ge0.18Sn0.82Se4,component-e765a42161a2cd5d,False
hard_ood_40pct,neighbor_entity_consensus,25,356,La:0.1|Li:0.06|Na:0.04|O:0.6|Ti:0.2,La0.5Li0.3Na0.2O3Ti1,component-21f452ed084570e0,True
hard_ood_40pct,neighbor_entity_consensus,26,394,Li:0.1666666667|Na:0.2777777778|S:0.4444444444|Ti:0.1111111111,Li3Na5(TiS4)2,component-8ef18f4be6109927,True
hard_ood_40pct,neighbor_entity_consensus,27,255,Ge:0.1111111111|Li:0.4444444444|Se:0.4444444444,Li4GeSe4,component-e765a42161a2cd5d,False
hard_ood_40pct,neighbor_entity_consensus,28,208,Fe:0.05657894737|Li:0.1052631579|O:0.6315789474|P:0.1578947368|Ti:0.04868421053,Li2Fe1.075Ti0.925P3O12,component-a7d5850a1d3b53ef,True
hard_ood_40pct,neighbor_entity_consensus,29,246,Ge:0.08333333333|Li:0.4444444444|Se:0.4444444444|Sn:0.02777777778,Li4Ge0.75Sn0.25Se4,component-e765a42161a2cd5d,False
hard_ood_40pct,neighbor_entity_consensus,30,65,B:0.1818181818|H:0.7272727273|Li:0.04545454545|Y:0.04545454545,LiY(BH4)4,component-2a71e0a499ed03ca,True
hard_ood_40pct,neighbor_entity_consensus,31,293,In:0.05660377358|Li:0.1090146751|O:0.6289308176|P:0.1572327044|Ti:0.04821802935,Li2.08Ti0.92In1.08P3O12,component-a7d5850a1d3b53ef,False
hard_ood_40pct,neighbor_entity_consensus,32,393,Li:0.1666666667|N:0.5|Si:0.3333333333,LiSi2N3,component-94e3acef4c28d550,True
hard_ood_40pct,neighbor_entity_consensus,33,470,Li:0.4|N:0.4|Si:0.2,Li2SiN2,component-94e3acef4c28d550,False
hard_ood_40pct,neighbor_entity_consensus,34,133,Ca:0.04752376188|Li:0.04902451226|O:0.6003001501|P:0.1500750375|Pb:0.1530765383,Pb6.12Ca1.9Li1.96(PO4)6,component-422e6de1dc0ae59a,True
hard_ood_40pct,neighbor_entity_consensus,35,61,B:0.1666666667|Ca:0.08333333333|F:0.08333333333|Li:0.25|O:0.4166666667,Li3CaB2O5F,component-8a61e3e41857b7c9,True
hard_ood_40pct,neighbor_entity_consensus,36,85,Bi:0.25|Li:0.25|O:0.5,LiBiO2,component-d698ad42acc6f36f,True
hard_ood_40pct,neighbor_entity_consensus,37,139,Ce:0.03296703297|La:0.1318681319|Li:0.2527472527|Nb:0.05494505495|O:0.5274725275,Li5.75La3Nb1.25Ce0.75O12,component-b3ee152f7464c9e7,True
hard_ood_40pct,neighbor_entity_consensus,38,196,F:0.125|Fe:0.125|Li:0.125|O:0.5|P:0.125,LiFe(PO4)F,component-b51556d2e940fc10,True
hard_ood_40pct,neighbor_entity_consensus,39,403,Li:0.1|Mn:0.2|O:0.6|Te:0.1,LiMn2TeO6,component-cc8eb4822ea3c7a0,True
hard_ood_40pct,neighbor_entity_consensus,40,158,Cl:0.5714285714|Li:0.2857142857|V:0.1428571429,Li2VCl4,component-37ec49522d82065c,False
hard_ood_40pct,neighbor_entity_consensus,41,185,Cs:0.04|Li:0.2|Mn:0.04|O:0.56|P:0.16,CsLi5Mn(P2O7)2,component-c31acf0dcf5558c4,True
hard_ood_40pct,neighbor_entity_consensus,42,434,Li:0.375|Mn:0.04166666667|O:0.5|Te:0.08333333333,Li3(Li1.5Mn0.5Te)O6,component-2e864a32f95201a0,True
hard_ood_40pct,neighbor_entity_consensus,43,35,Al:0.04166666667|Li:0.375|O:0.5|Te:0.08333333333,Li3(Li1.5Al0.5Te)O6,component-2e864a32f95201a0,False
hard_ood_40pct,neighbor_entity_consensus,44,180,Co:0.08333333333|Li:0.3333333333|O:0.5|Te:0.08333333333,Li8Co2Te2O12,component-f09f77e8ebc487de,True
hard_ood_40pct,neighbor_entity_consensus,45,182,Cr:0.04166666667|Li:0.375|O:0.5|Te:0.08333333333,Li3(Li1.5Cr0.5Te)O6,component-2e864a32f95201a0,False
hard_ood_40pct,neighbor_entity_consensus,46,361,La:0.2604166667|Li:0.1979166667|Mg:0.02083333333|O:0.5208333333,La(Li0.76Mg0.08)O2,component-e37baddd7483659e,True
hard_ood_40pct,neighbor_entity_consensus,47,181,Co:0.09090909091|Li:0.2727272727|O:0.5454545455|Te:0.09090909091,Li3CoTeO6,component-0a1bf62c483c3d35,True
hard_ood_40pct,neighbor_entity_consensus,48,262,Ge:0.2916666667|Li:0.08333333333|O:0.625,Li2Ge7O15,component-9eaac6273622ea6b,True
hard_ood_40pct,neighbor_entity_consensus,49,375,Li:0.08024691358|O:0.6090534979|Pr:0.1049382716|Ti:0.2057613169,Pr0.51Li0.39TiO2.96,component-022488b4edb8df14,True
hard_ood_40pct,neighbor_entity_consensus,50,58,B:0.07142857143|Li:0.1428571429|Na:0.07142857143|O:0.5714285714|P:0.1428571429,Li2NaBP2O8,component-7fcb199d19799006,True
hard_ood_40pct,neighbor_entity_consensus,51,257,Ge:0.125|Li:0.25|O:0.5|Zn:0.125,Li2ZnGeO4,component-4334a435eca1fbda,True
hard_ood_40pct,neighbor_entity_consensus,52,295,K:0.02|Li:0.18|O:0.6|Sb:0.2,(K0.1Li0.9)(SbO3),component-f164aba2b81882f9,True
hard_ood_40pct,neighbor_entity_consensus,53,217,Ga:0.25|Li:0.25|O:0.5,LiGaO2,component-f1a63e35375195fa,False
hard_ood_40pct,neighbor_entity_consensus,54,294,In:0.2|Li:0.1|O:0.6|Sb:0.1,LiIn2SbO6,component-ac036796a9cc3192,True
hard_ood_40pct,neighbor_entity_consensus,55,374,Li:0.07346938776|Nd:0.1102040816|O:0.612244898|Ti:0.2040816327,Nd0.54Li0.36TiO3,component-022488b4edb8df14,False
hard_ood_40pct,neighbor_entity_consensus,56,385,Li:0.1428571429|Nd:0.1428571429|O:0.5714285714|Ti:0.1428571429,Li(NdTiO4),component-49fd470de09087f3,True
hard_ood_40pct,neighbor_entity_consensus,57,48,Al:0.1428571429|Li:0.1428571429|O:0.5714285714|Si:0.1428571429,LiAlSiO4,component-02650e3b427bf6d5,True
hard_ood_40pct,neighbor_entity_consensus,58,421,Li:0.2|O:0.6|V:0.2,LiVO3,component-a846d0d6dbbddb08,True
hard_ood_40pct,neighbor_family_first_round_robin,1,208,Fe:0.05657894737|Li:0.1052631579|O:0.6315789474|P:0.1578947368|Ti:0.04868421053,Li2Fe1.075Ti0.925P3O12,component-a7d5850a1d3b53ef,True
hard_ood_40pct,neighbor_family_first_round_robin,2,169,Cl:0.6|In:0.1|Li:0.3,Li3InCl6,component-c68a57832f7e8eda,True
hard_ood_40pct,neighbor_family_first_round_robin,3,156,Cl:0.5714285714|Li:0.2857142857|Mg:0.1428571429,Li2MgCl4,component-37ec49522d82065c,True
hard_ood_40pct,neighbor_family_first_round_robin,4,166,Cl:0.629590766|Er:0.055613851|Li:0.2654774397|Zr:0.04931794334,Li2.53Er0.53Zr0.47Cl6,component-c15bf60682542e1c,True
hard_ood_40pct,neighbor_family_first_round_robin,5,155,Cl:0.5714285714|Cr:0.1428571429|Li:0.2857142857,Li2CrCl4,component-42f535930d9218fc,True
hard_ood_40pct,neighbor_family_first_round_robin,6,474,Li:0.5714285714|N:0.2857142857|Sr:0.1428571429,Li4SrN2,component-af5c59da78f6f5e9,True
hard_ood_40pct,neighbor_family_first_round_robin,7,218,Ga:0.25|Li:0.25|S:0.5,LiGaS2,component-f1a63e35375195fa,True
hard_ood_40pct,neighbor_family_first_round_robin,8,464,Li:0.4444444444|S:0.2222222222|Se:0.2222222222|Sn:0.1111111111,Li4SnS2Se2,component-e765a42161a2cd5d,True
hard_ood_40pct,neighbor_family_first_round_robin,9,123,Br:0.6666666667|Ga:0.1666666667|Li:0.1666666667,LiGaBr4,component-fa5653c94495539a,True
hard_ood_40pct,neighbor_family_first_round_robin,10,62,B:0.1666666667|Ce:0.05555555556|Cl:0.05555555556|H:0.6666666667|Li:0.05555555556,LiCe(BH4)3Cl,component-9fa8e1338292e83b,True
hard_ood_40pct,neighbor_family_first_round_robin,11,356,La:0.1|Li:0.06|Na:0.04|O:0.6|Ti:0.2,La0.5Li0.3Na0.2O3Ti1,component-21f452ed084570e0,True
hard_ood_40pct,neighbor_family_first_round_robin,12,481,Li:0.75|N:0.25,Li3N,component-9aac23560fbd0a52,True
hard_ood_40pct,neighbor_family_first_round_robin,13,467,Li:0.4444444444|S:0.4444444444|Sn:0.1111111111,Li4SnS4,component-c070aaa1f32fc816,True
hard_ood_40pct,neighbor_family_first_round_robin,14,196,F:0.125|Fe:0.125|Li:0.125|O:0.5|P:0.125,LiFe(PO4)F,component-b51556d2e940fc10,True
hard_ood_40pct,neighbor_family_first_round_robin,15,394,Li:0.1666666667|Na:0.2777777778|S:0.4444444444|Ti:0.1111111111,Li3Na5(TiS4)2,component-8ef18f4be6109927,True
hard_ood_40pct,neighbor_family_first_round_robin,16,65,B:0.1818181818|H:0.7272727273|Li:0.04545454545|Y:0.04545454545,LiY(BH4)4,component-2a71e0a499ed03ca,True
hard_ood_40pct,neighbor_family_first_round_robin,17,470,Li:0.4|N:0.4|Si:0.2,Li2SiN2,component-94e3acef4c28d550,True
hard_ood_40pct,neighbor_family_first_round_robin,18,133,Ca:0.04752376188|Li:0.04902451226|O:0.6003001501|P:0.1500750375|Pb:0.1530765383,Pb6.12Ca1.9Li1.96(PO4)6,component-422e6de1dc0ae59a,True
hard_ood_40pct,neighbor_family_first_round_robin,19,139,Ce:0.03296703297|La:0.1318681319|Li:0.2527472527|Nb:0.05494505495|O:0.5274725275,Li5.75La3Nb1.25Ce0.75O12,component-b3ee152f7464c9e7,True
hard_ood_40pct,neighbor_family_first_round_robin,20,185,Cs:0.04|Li:0.2|Mn:0.04|O:0.56|P:0.16,CsLi5Mn(P2O7)2,component-c31acf0dcf5558c4,True
hard_ood_40pct,neighbor_family_first_round_robin,21,61,B:0.1666666667|Ca:0.08333333333|F:0.08333333333|Li:0.25|O:0.4166666667,Li3CaB2O5F,component-8a61e3e41857b7c9,True
hard_ood_40pct,neighbor_family_first_round_robin,22,403,Li:0.1|Mn:0.2|O:0.6|Te:0.1,LiMn2TeO6,component-cc8eb4822ea3c7a0,True
hard_ood_40pct,neighbor_family_first_round_robin,23,85,Bi:0.25|Li:0.25|O:0.5,LiBiO2,component-d698ad42acc6f36f,True
hard_ood_40pct,neighbor_family_first_round_robin,24,58,B:0.07142857143|Li:0.1428571429|Na:0.07142857143|O:0.5714285714|P:0.1428571429,Li2NaBP2O8,component-7fcb199d19799006,True
hard_ood_40pct,neighbor_family_first_round_robin,25,434,Li:0.375|Mn:0.04166666667|O:0.5|Te:0.08333333333,Li3(Li1.5Mn0.5Te)O6,component-2e864a32f95201a0,True
hard_ood_40pct,neighbor_family_first_round_robin,26,262,Ge:0.2916666667|Li:0.08333333333|O:0.625,Li2Ge7O15,component-9eaac6273622ea6b,True
hard_ood_40pct,neighbor_family_first_round_robin,27,361,La:0.2604166667|Li:0.1979166667|Mg:0.02083333333|O:0.5208333333,La(Li0.76Mg0.08)O2,component-e37baddd7483659e,True
hard_ood_40pct,neighbor_family_first_round_robin,28,180,Co:0.08333333333|Li:0.3333333333|O:0.5|Te:0.08333333333,Li8Co2Te2O12,component-f09f77e8ebc487de,True
hard_ood_40pct,neighbor_family_first_round_robin,29,181,Co:0.09090909091|Li:0.2727272727|O:0.5454545455|Te:0.09090909091,Li3CoTeO6,component-0a1bf62c483c3d35,True
hard_ood_40pct,neighbor_family_first_round_robin,30,375,Li:0.08024691358|O:0.6090534979|Pr:0.1049382716|Ti:0.2057613169,Pr0.51Li0.39TiO2.96,component-022488b4edb8df14,True
hard_ood_40pct,neighbor_family_first_round_robin,31,257,Ge:0.125|Li:0.25|O:0.5|Zn:0.125,Li2ZnGeO4,component-4334a435eca1fbda,True
hard_ood_40pct,neighbor_family_first_round_robin,32,295,K:0.02|Li:0.18|O:0.6|Sb:0.2,(K0.1Li0.9)(SbO3),component-f164aba2b81882f9,True
hard_ood_40pct,neighbor_family_first_round_robin,33,294,In:0.2|Li:0.1|O:0.6|Sb:0.1,LiIn2SbO6,component-ac036796a9cc3192,True
hard_ood_40pct,neighbor_family_first_round_robin,34,385,Li:0.1428571429|Nd:0.1428571429|O:0.5714285714|Ti:0.1428571429,Li(NdTiO4),component-49fd470de09087f3,True
hard_ood_40pct,neighbor_family_first_round_robin,35,48,Al:0.1428571429|Li:0.1428571429|O:0.5714285714|Si:0.1428571429,LiAlSiO4,component-02650e3b427bf6d5,True
hard_ood_40pct,neighbor_family_first_round_robin,36,421,Li:0.2|O:0.6|V:0.2,LiVO3,component-a846d0d6dbbddb08,True
hard_ood_40pct,neighbor_family_first_round_robin,37,162,Cl:0.6060606061|In:0.09090909091|Li:0.2929292929|Zr:0.0101010101,Li2.9In0.9Zr0.1Cl6,component-c68a57832f7e8eda,False
hard_ood_40pct,neighbor_family_first_round_robin,38,163,Cl:0.6147540984|In:0.07991803279|Li:0.2868852459|Zr:0.01844262295,Li2.8In0.78Zr0.18Cl6,component-c68a57832f7e8eda,False
hard_ood_40pct,neighbor_family_first_round_robin,39,164,Cl:0.622406639|In:0.07157676349|Li:0.27593361|Zr:0.03008298755,Li2.66In0.69Zr0.29Cl6,component-c68a57832f7e8eda,False
hard_ood_40pct,neighbor_family_first_round_robin,40,165,Cl:0.625|In:0.0625|Li:0.2708333333|Zr:0.04166666667,Li2.6In0.6Zr0.4Cl6,component-c68a57832f7e8eda,False
hard_ood_40pct,neighbor_family_first_round_robin,41,167,Cl:0.6315789474|In:0.05263157895|Li:0.2631578947|Zr:0.05263157895,Li2.5In0.5Zr0.5Cl6,component-c68a57832f7e8eda,False
hard_ood_40pct,neighbor_family_first_round_robin,42,465,Li:0.4444444444|S:0.3333333333|Se:0.1111111111|Sn:0.1111111111,Li4SnS3Se,component-e765a42161a2cd5d,False
hard_ood_40pct,neighbor_family_first_round_robin,43,463,Li:0.4444444444|S:0.1|Se:0.3444444444|Sn:0.1111111111,Li4SnS0.9Se3.1,component-e765a42161a2cd5d,False
hard_ood_40pct,neighbor_family_first_round_robin,44,252,Ge:0.1111111111|Li:0.4444444444|S:0.2222222222|Se:0.2222222222,Li4GeS2Se2,component-e765a42161a2cd5d,False
hard_ood_40pct,neighbor_family_first_round_robin,45,251,Ge:0.1111111111|Li:0.4444444444|S:0.1111111111|Se:0.3333333333,Li4GeSSe3,component-e765a42161a2cd5d,False
hard_ood_40pct,neighbor_family_first_round_robin,46,253,Ge:0.1111111111|Li:0.4444444444|S:0.3333333333|Se:0.1111111111,Li4GeS3Se,component-e765a42161a2cd5d,False
hard_ood_40pct,neighbor_family_first_round_robin,47,232,Ge:0.02|Li:0.4444444444|Se:0.4444444444|Sn:0.09111111111,Li4Ge0.18Sn0.82Se4,component-e765a42161a2cd5d,False
hard_ood_40pct,neighbor_family_first_round_robin,48,468,Li:0.4444444444|Se:0.4444444444|Sn:0.1111111111,Li4SnSe4,component-e765a42161a2cd5d,False
hard_ood_40pct,neighbor_family_first_round_robin,49,241,Ge:0.05555555556|Li:0.4444444444|Se:0.4444444444|Sn:0.05555555556,Li4Ge0.5Sn0.5Se4,component-e765a42161a2cd5d,False
hard_ood_40pct,neighbor_family_first_round_robin,50,293,In:0.05660377358|Li:0.1090146751|O:0.6289308176|P:0.1572327044|Ti:0.04821802935,Li2.08Ti0.92In1.08P3O12,component-a7d5850a1d3b53ef,False
hard_ood_40pct,neighbor_family_first_round_robin,51,246,Ge:0.08333333333|Li:0.4444444444|Se:0.4444444444|Sn:0.02777777778,Li4Ge0.75Sn0.25Se4,component-e765a42161a2cd5d,False
hard_ood_40pct,neighbor_family_first_round_robin,52,255,Ge:0.1111111111|Li:0.4444444444|Se:0.4444444444,Li4GeSe4,component-e765a42161a2cd5d,False
hard_ood_40pct,neighbor_family_first_round_robin,53,158,Cl:0.5714285714|Li:0.2857142857|V:0.1428571429,Li2VCl4,component-37ec49522d82065c,False
hard_ood_40pct,neighbor_family_first_round_robin,54,393,Li:0.1666666667|N:0.5|Si:0.3333333333,LiSi2N3,component-94e3acef4c28d550,False
hard_ood_40pct,neighbor_family_first_round_robin,55,35,Al:0.04166666667|Li:0.375|O:0.5|Te:0.08333333333,Li3(Li1.5Al0.5Te)O6,component-2e864a32f95201a0,False
hard_ood_40pct,neighbor_family_first_round_robin,56,182,Cr:0.04166666667|Li:0.375|O:0.5|Te:0.08333333333,Li3(Li1.5Cr0.5Te)O6,component-2e864a32f95201a0,False
hard_ood_40pct,neighbor_family_first_round_robin,57,217,Ga:0.25|Li:0.25|O:0.5,LiGaO2,component-f1a63e35375195fa,False
hard_ood_40pct,neighbor_family_first_round_robin,58,374,Li:0.07346938776|Nd:0.1102040816|O:0.612244898|Ti:0.2040816327,Nd0.54Li0.36TiO3,component-022488b4edb8df14,False
hard_ood_40pct,neighbor_family_first_consensus,1,169,Cl:0.6|In:0.1|Li:0.3,Li3InCl6,component-c68a57832f7e8eda,True
hard_ood_40pct,neighbor_family_first_consensus,2,166,Cl:0.629590766|Er:0.055613851|Li:0.2654774397|Zr:0.04931794334,Li2.53Er0.53Zr0.47Cl6,component-c15bf60682542e1c,True
hard_ood_40pct,neighbor_family_first_consensus,3,123,Br:0.6666666667|Ga:0.1666666667|Li:0.1666666667,LiGaBr4,component-fa5653c94495539a,True
hard_ood_40pct,neighbor_family_first_consensus,4,465,Li:0.4444444444|S:0.3333333333|Se:0.1111111111|Sn:0.1111111111,Li4SnS3Se,component-e765a42161a2cd5d,True
hard_ood_40pct,neighbor_family_first_consensus,5,474,Li:0.5714285714|N:0.2857142857|Sr:0.1428571429,Li4SrN2,component-af5c59da78f6f5e9,True
hard_ood_40pct,neighbor_family_first_consensus,6,156,Cl:0.5714285714|Li:0.2857142857|Mg:0.1428571429,Li2MgCl4,component-37ec49522d82065c,True
hard_ood_40pct,neighbor_family_first_consensus,7,155,Cl:0.5714285714|Cr:0.1428571429|Li:0.2857142857,Li2CrCl4,component-42f535930d9218fc,True
hard_ood_40pct,neighbor_family_first_consensus,8,218,Ga:0.25|Li:0.25|S:0.5,LiGaS2,component-f1a63e35375195fa,True
hard_ood_40pct,neighbor_family_first_consensus,9,467,Li:0.4444444444|S:0.4444444444|Sn:0.1111111111,Li4SnS4,component-c070aaa1f32fc816,True
hard_ood_40pct,neighbor_family_first_consensus,10,62,B:0.1666666667|Ce:0.05555555556|Cl:0.05555555556|H:0.6666666667|Li:0.05555555556,LiCe(BH4)3Cl,component-9fa8e1338292e83b,True
hard_ood_40pct,neighbor_family_first_consensus,11,481,Li:0.75|N:0.25,Li3N,component-9aac23560fbd0a52,True
hard_ood_40pct,neighbor_family_first_consensus,12,356,La:0.1|Li:0.06|Na:0.04|O:0.6|Ti:0.2,La0.5Li0.3Na0.2O3Ti1,component-21f452ed084570e0,True
hard_ood_40pct,neighbor_family_first_consensus,13,394,Li:0.1666666667|Na:0.2777777778|S:0.4444444444|Ti:0.1111111111,Li3Na5(TiS4)2,component-8ef18f4be6109927,True
hard_ood_40pct,neighbor_family_first_consensus,14,208,Fe:0.05657894737|Li:0.1052631579|O:0.6315789474|P:0.1578947368|Ti:0.04868421053,Li2Fe1.075Ti0.925P3O12,component-a7d5850a1d3b53ef,True
hard_ood_40pct,neighbor_family_first_consensus,15,65,B:0.1818181818|H:0.7272727273|Li:0.04545454545|Y:0.04545454545,LiY(BH4)4,component-2a71e0a499ed03ca,True
hard_ood_40pct,neighbor_family_first_consensus,16,393,Li:0.1666666667|N:0.5|Si:0.3333333333,LiSi2N3,component-94e3acef4c28d550,True
hard_ood_40pct,neighbor_family_first_consensus,17,133,Ca:0.04752376188|Li:0.04902451226|O:0.6003001501|P:0.1500750375|Pb:0.1530765383,Pb6.12Ca1.9Li1.96(PO4)6,component-422e6de1dc0ae59a,True
hard_ood_40pct,neighbor_family_first_consensus,18,61,B:0.1666666667|Ca:0.08333333333|F:0.08333333333|Li:0.25|O:0.4166666667,Li3CaB2O5F,component-8a61e3e41857b7c9,True
hard_ood_40pct,neighbor_family_first_consensus,19,85,Bi:0.25|Li:0.25|O:0.5,LiBiO2,component-d698ad42acc6f36f,True
hard_ood_40pct,neighbor_family_first_consensus,20,139,Ce:0.03296703297|La:0.1318681319|Li:0.2527472527|Nb:0.05494505495|O:0.5274725275,Li5.75La3Nb1.25Ce0.75O12,component-b3ee152f7464c9e7,True
hard_ood_40pct,neighbor_family_first_consensus,21,196,F:0.125|Fe:0.125|Li:0.125|O:0.5|P:0.125,LiFe(PO4)F,component-b51556d2e940fc10,True
hard_ood_40pct,neighbor_family_first_consensus,22,403,Li:0.1|Mn:0.2|O:0.6|Te:0.1,LiMn2TeO6,component-cc8eb4822ea3c7a0,True
hard_ood_40pct,neighbor_family_first_consensus,23,185,Cs:0.04|Li:0.2|Mn:0.04|O:0.56|P:0.16,CsLi5Mn(P2O7)2,component-c31acf0dcf5558c4,True
hard_ood_40pct,neighbor_family_first_consensus,24,434,Li:0.375|Mn:0.04166666667|O:0.5|Te:0.08333333333,Li3(Li1.5Mn0.5Te)O6,component-2e864a32f95201a0,True
hard_ood_40pct,neighbor_family_first_consensus,25,180,Co:0.08333333333|Li:0.3333333333|O:0.5|Te:0.08333333333,Li8Co2Te2O12,component-f09f77e8ebc487de,True
hard_ood_40pct,neighbor_family_first_consensus,26,361,La:0.2604166667|Li:0.1979166667|Mg:0.02083333333|O:0.5208333333,La(Li0.76Mg0.08)O2,component-e37baddd7483659e,True
hard_ood_40pct,neighbor_family_first_consensus,27,181,Co:0.09090909091|Li:0.2727272727|O:0.5454545455|Te:0.09090909091,Li3CoTeO6,component-0a1bf62c483c3d35,True
hard_ood_40pct,neighbor_family_first_consensus,28,262,Ge:0.2916666667|Li:0.08333333333|O:0.625,Li2Ge7O15,component-9eaac6273622ea6b,True
hard_ood_40pct,neighbor_family_first_consensus,29,375,Li:0.08024691358|O:0.6090534979|Pr:0.1049382716|Ti:0.2057613169,Pr0.51Li0.39TiO2.96,component-022488b4edb8df14,True
hard_ood_40pct,neighbor_family_first_consensus,30,58,B:0.07142857143|Li:0.1428571429|Na:0.07142857143|O:0.5714285714|P:0.1428571429,Li2NaBP2O8,component-7fcb199d19799006,True
hard_ood_40pct,neighbor_family_first_consensus,31,257,Ge:0.125|Li:0.25|O:0.5|Zn:0.125,Li2ZnGeO4,component-4334a435eca1fbda,True
hard_ood_40pct,neighbor_family_first_consensus,32,295,K:0.02|Li:0.18|O:0.6|Sb:0.2,(K0.1Li0.9)(SbO3),component-f164aba2b81882f9,True
hard_ood_40pct,neighbor_family_first_consensus,33,294,In:0.2|Li:0.1|O:0.6|Sb:0.1,LiIn2SbO6,component-ac036796a9cc3192,True
hard_ood_40pct,neighbor_family_first_consensus,34,385,Li:0.1428571429|Nd:0.1428571429|O:0.5714285714|Ti:0.1428571429,Li(NdTiO4),component-49fd470de09087f3,True
hard_ood_40pct,neighbor_family_first_consensus,35,48,Al:0.1428571429|Li:0.1428571429|O:0.5714285714|Si:0.1428571429,LiAlSiO4,component-02650e3b427bf6d5,True
hard_ood_40pct,neighbor_family_first_consensus,36,421,Li:0.2|O:0.6|V:0.2,LiVO3,component-a846d0d6dbbddb08,True
hard_ood_40pct,neighbor_family_first_consensus,37,162,Cl:0.6060606061|In:0.09090909091|Li:0.2929292929|Zr:0.0101010101,Li2.9In0.9Zr0.1Cl6,component-c68a57832f7e8eda,False
hard_ood_40pct,neighbor_family_first_consensus,38,163,Cl:0.6147540984|In:0.07991803279|Li:0.2868852459|Zr:0.01844262295,Li2.8In0.78Zr0.18Cl6,component-c68a57832f7e8eda,False
hard_ood_40pct,neighbor_family_first_consensus,39,164,Cl:0.622406639|In:0.07157676349|Li:0.27593361|Zr:0.03008298755,Li2.66In0.69Zr0.29Cl6,component-c68a57832f7e8eda,False
hard_ood_40pct,neighbor_family_first_consensus,40,165,Cl:0.625|In:0.0625|Li:0.2708333333|Zr:0.04166666667,Li2.6In0.6Zr0.4Cl6,component-c68a57832f7e8eda,False
hard_ood_40pct,neighbor_family_first_consensus,41,167,Cl:0.6315789474|In:0.05263157895|Li:0.2631578947|Zr:0.05263157895,Li2.5In0.5Zr0.5Cl6,component-c68a57832f7e8eda,False
hard_ood_40pct,neighbor_family_first_consensus,42,464,Li:0.4444444444|S:0.2222222222|Se:0.2222222222|Sn:0.1111111111,Li4SnS2Se2,component-e765a42161a2cd5d,False
hard_ood_40pct,neighbor_family_first_consensus,43,463,Li:0.4444444444|S:0.1|Se:0.3444444444|Sn:0.1111111111,Li4SnS0.9Se3.1,component-e765a42161a2cd5d,False
hard_ood_40pct,neighbor_family_first_consensus,44,468,Li:0.4444444444|Se:0.4444444444|Sn:0.1111111111,Li4SnSe4,component-e765a42161a2cd5d,False
hard_ood_40pct,neighbor_family_first_consensus,45,253,Ge:0.1111111111|Li:0.4444444444|S:0.3333333333|Se:0.1111111111,Li4GeS3Se,component-e765a42161a2cd5d,False
hard_ood_40pct,neighbor_family_first_consensus,46,252,Ge:0.1111111111|Li:0.4444444444|S:0.2222222222|Se:0.2222222222,Li4GeS2Se2,component-e765a42161a2cd5d,False
hard_ood_40pct,neighbor_family_first_consensus,47,251,Ge:0.1111111111|Li:0.4444444444|S:0.1111111111|Se:0.3333333333,Li4GeSSe3,component-e765a42161a2cd5d,False
hard_ood_40pct,neighbor_family_first_consensus,48,241,Ge:0.05555555556|Li:0.4444444444|Se:0.4444444444|Sn:0.05555555556,Li4Ge0.5Sn0.5Se4,component-e765a42161a2cd5d,False
hard_ood_40pct,neighbor_family_first_consensus,49,232,Ge:0.02|Li:0.4444444444|Se:0.4444444444|Sn:0.09111111111,Li4Ge0.18Sn0.82Se4,component-e765a42161a2cd5d,False
hard_ood_40pct,neighbor_family_first_consensus,50,255,Ge:0.1111111111|Li:0.4444444444|Se:0.4444444444,Li4GeSe4,component-e765a42161a2cd5d,False
hard_ood_40pct,neighbor_family_first_consensus,51,246,Ge:0.08333333333|Li:0.4444444444|Se:0.4444444444|Sn:0.02777777778,Li4Ge0.75Sn0.25Se4,component-e765a42161a2cd5d,False
hard_ood_40pct,neighbor_family_first_consensus,52,293,In:0.05660377358|Li:0.1090146751|O:0.6289308176|P:0.1572327044|Ti:0.04821802935,Li2.08Ti0.92In1.08P3O12,component-a7d5850a1d3b53ef,False
hard_ood_40pct,neighbor_family_first_consensus,53,470,Li:0.4|N:0.4|Si:0.2,Li2SiN2,component-94e3acef4c28d550,False
hard_ood_40pct,neighbor_family_first_consensus,54,158,Cl:0.5714285714|Li:0.2857142857|V:0.1428571429,Li2VCl4,component-37ec49522d82065c,False
hard_ood_40pct,neighbor_family_first_consensus,55,35,Al:0.04166666667|Li:0.375|O:0.5|Te:0.08333333333,Li3(Li1.5Al0.5Te)O6,component-2e864a32f95201a0,False
hard_ood_40pct,neighbor_family_first_consensus,56,182,Cr:0.04166666667|Li:0.375|O:0.5|Te:0.08333333333,Li3(Li1.5Cr0.5Te)O6,component-2e864a32f95201a0,False
hard_ood_40pct,neighbor_family_first_consensus,57,217,Ga:0.25|Li:0.25|O:0.5,LiGaO2,component-f1a63e35375195fa,False
hard_ood_40pct,neighbor_family_first_consensus,58,374,Li:0.07346938776|Nd:0.1102040816|O:0.612244898|Ti:0.2040816327,Nd0.54Li0.36TiO3,component-022488b4edb8df14,False
hard_ood_40pct,wrong_source_family_first_consensus,1,133,Ca:0.04752376188|Li:0.04902451226|O:0.6003001501|P:0.1500750375|Pb:0.1530765383,Pb6.12Ca1.9Li1.96(PO4)6,component-422e6de1dc0ae59a,True
hard_ood_40pct,wrong_source_family_first_consensus,2,208,Fe:0.05657894737|Li:0.1052631579|O:0.6315789474|P:0.1578947368|Ti:0.04868421053,Li2Fe1.075Ti0.925P3O12,component-a7d5850a1d3b53ef,True
hard_ood_40pct,wrong_source_family_first_consensus,3,166,Cl:0.629590766|Er:0.055613851|Li:0.2654774397|Zr:0.04931794334,Li2.53Er0.53Zr0.47Cl6,component-c15bf60682542e1c,True
hard_ood_40pct,wrong_source_family_first_consensus,4,262,Ge:0.2916666667|Li:0.08333333333|O:0.625,Li2Ge7O15,component-9eaac6273622ea6b,True
hard_ood_40pct,wrong_source_family_first_consensus,5,85,Bi:0.25|Li:0.25|O:0.5,LiBiO2,component-d698ad42acc6f36f,True
hard_ood_40pct,wrong_source_family_first_consensus,6,123,Br:0.6666666667|Ga:0.1666666667|Li:0.1666666667,LiGaBr4,component-fa5653c94495539a,True
hard_ood_40pct,wrong_source_family_first_consensus,7,62,B:0.1666666667|Ce:0.05555555556|Cl:0.05555555556|H:0.6666666667|Li:0.05555555556,LiCe(BH4)3Cl,component-9fa8e1338292e83b,True
hard_ood_40pct,wrong_source_family_first_consensus,8,421,Li:0.2|O:0.6|V:0.2,LiVO3,component-a846d0d6dbbddb08,True
hard_ood_40pct,wrong_source_family_first_consensus,9,139,Ce:0.03296703297|La:0.1318681319|Li:0.2527472527|Nb:0.05494505495|O:0.5274725275,Li5.75La3Nb1.25Ce0.75O12,component-b3ee152f7464c9e7,True
hard_ood_40pct,wrong_source_family_first_consensus,10,196,F:0.125|Fe:0.125|Li:0.125|O:0.5|P:0.125,LiFe(PO4)F,component-b51556d2e940fc10,True
hard_ood_40pct,wrong_source_family_first_consensus,11,65,B:0.1818181818|H:0.7272727273|Li:0.04545454545|Y:0.04545454545,LiY(BH4)4,component-2a71e0a499ed03ca,True
hard_ood_40pct,wrong_source_family_first_consensus,12,155,Cl:0.5714285714|Cr:0.1428571429|Li:0.2857142857,Li2CrCl4,component-42f535930d9218fc,True
hard_ood_40pct,wrong_source_family_first_consensus,13,361,La:0.2604166667|Li:0.1979166667|Mg:0.02083333333|O:0.5208333333,La(Li0.76Mg0.08)O2,component-e37baddd7483659e,True
hard_ood_40pct,wrong_source_family_first_consensus,14,61,B:0.1666666667|Ca:0.08333333333|F:0.08333333333|Li:0.25|O:0.4166666667,Li3CaB2O5F,component-8a61e3e41857b7c9,True
hard_ood_40pct,wrong_source_family_first_consensus,15,185,Cs:0.04|Li:0.2|Mn:0.04|O:0.56|P:0.16,CsLi5Mn(P2O7)2,component-c31acf0dcf5558c4,True
hard_ood_40pct,wrong_source_family_first_consensus,16,158,Cl:0.5714285714|Li:0.2857142857|V:0.1428571429,Li2VCl4,component-37ec49522d82065c,True
hard_ood_40pct,wrong_source_family_first_consensus,17,356,La:0.1|Li:0.06|Na:0.04|O:0.6|Ti:0.2,La0.5Li0.3Na0.2O3Ti1,component-21f452ed084570e0,True
hard_ood_40pct,wrong_source_family_first_consensus,18,255,Ge:0.1111111111|Li:0.4444444444|Se:0.4444444444,Li4GeSe4,component-e765a42161a2cd5d,True
hard_ood_40pct,wrong_source_family_first_consensus,19,295,K:0.02|Li:0.18|O:0.6|Sb:0.2,(K0.1Li0.9)(SbO3),component-f164aba2b81882f9,True
hard_ood_40pct,wrong_source_family_first_consensus,20,294,In:0.2|Li:0.1|O:0.6|Sb:0.1,LiIn2SbO6,component-ac036796a9cc3192,True
hard_ood_40pct,wrong_source_family_first_consensus,21,474,Li:0.5714285714|N:0.2857142857|Sr:0.1428571429,Li4SrN2,component-af5c59da78f6f5e9,True
hard_ood_40pct,wrong_source_family_first_consensus,22,394,Li:0.1666666667|Na:0.2777777778|S:0.4444444444|Ti:0.1111111111,Li3Na5(TiS4)2,component-8ef18f4be6109927,True
hard_ood_40pct,wrong_source_family_first_consensus,23,385,Li:0.1428571429|Nd:0.1428571429|O:0.5714285714|Ti:0.1428571429,Li(NdTiO4),component-49fd470de09087f3,True
hard_ood_40pct,wrong_source_family_first_consensus,24,374,Li:0.07346938776|Nd:0.1102040816|O:0.612244898|Ti:0.2040816327,Nd0.54Li0.36TiO3,component-022488b4edb8df14,True
hard_ood_40pct,wrong_source_family_first_consensus,25,403,Li:0.1|Mn:0.2|O:0.6|Te:0.1,LiMn2TeO6,component-cc8eb4822ea3c7a0,True
hard_ood_40pct,wrong_source_family_first_consensus,26,181,Co:0.09090909091|Li:0.2727272727|O:0.5454545455|Te:0.09090909091,Li3CoTeO6,component-0a1bf62c483c3d35,True
hard_ood_40pct,wrong_source_family_first_consensus,27,167,Cl:0.6315789474|In:0.05263157895|Li:0.2631578947|Zr:0.05263157895,Li2.5In0.5Zr0.5Cl6,component-c68a57832f7e8eda,True
hard_ood_40pct,wrong_source_family_first_consensus,28,217,Ga:0.25|Li:0.25|O:0.5,LiGaO2,component-f1a63e35375195fa,True
hard_ood_40pct,wrong_source_family_first_consensus,29,48,Al:0.1428571429|Li:0.1428571429|O:0.5714285714|Si:0.1428571429,LiAlSiO4,component-02650e3b427bf6d5,True
hard_ood_40pct,wrong_source_family_first_consensus,30,180,Co:0.08333333333|Li:0.3333333333|O:0.5|Te:0.08333333333,Li8Co2Te2O12,component-f09f77e8ebc487de,True
hard_ood_40pct,wrong_source_family_first_consensus,31,470,Li:0.4|N:0.4|Si:0.2,Li2SiN2,component-94e3acef4c28d550,True
hard_ood_40pct,wrong_source_family_first_consensus,32,58,B:0.07142857143|Li:0.1428571429|Na:0.07142857143|O:0.5714285714|P:0.1428571429,Li2NaBP2O8,component-7fcb199d19799006,True
hard_ood_40pct,wrong_source_family_first_consensus,33,481,Li:0.75|N:0.25,Li3N,component-9aac23560fbd0a52,True
hard_ood_40pct,wrong_source_family_first_consensus,34,257,Ge:0.125|Li:0.25|O:0.5|Zn:0.125,Li2ZnGeO4,component-4334a435eca1fbda,True
hard_ood_40pct,wrong_source_family_first_consensus,35,434,Li:0.375|Mn:0.04166666667|O:0.5|Te:0.08333333333,Li3(Li1.5Mn0.5Te)O6,component-2e864a32f95201a0,True
hard_ood_40pct,wrong_source_family_first_consensus,36,467,Li:0.4444444444|S:0.4444444444|Sn:0.1111111111,Li4SnS4,component-c070aaa1f32fc816,True
hard_ood_40pct,wrong_source_family_first_consensus,37,252,Ge:0.1111111111|Li:0.4444444444|S:0.2222222222|Se:0.2222222222,Li4GeS2Se2,component-e765a42161a2cd5d,False
hard_ood_40pct,wrong_source_family_first_consensus,38,253,Ge:0.1111111111|Li:0.4444444444|S:0.3333333333|Se:0.1111111111,Li4GeS3Se,component-e765a42161a2cd5d,False
hard_ood_40pct,wrong_source_family_first_consensus,39,251,Ge:0.1111111111|Li:0.4444444444|S:0.1111111111|Se:0.3333333333,Li4GeSSe3,component-e765a42161a2cd5d,False
hard_ood_40pct,wrong_source_family_first_consensus,40,293,In:0.05660377358|Li:0.1090146751|O:0.6289308176|P:0.1572327044|Ti:0.04821802935,Li2.08Ti0.92In1.08P3O12,component-a7d5850a1d3b53ef,False
hard_ood_40pct,wrong_source_family_first_consensus,41,165,Cl:0.625|In:0.0625|Li:0.2708333333|Zr:0.04166666667,Li2.6In0.6Zr0.4Cl6,component-c68a57832f7e8eda,False
hard_ood_40pct,wrong_source_family_first_consensus,42,218,Ga:0.25|Li:0.25|S:0.5,LiGaS2,component-f1a63e35375195fa,False
hard_ood_40pct,wrong_source_family_first_consensus,43,468,Li:0.4444444444|Se:0.4444444444|Sn:0.1111111111,Li4SnSe4,component-e765a42161a2cd5d,False
hard_ood_40pct,wrong_source_family_first_consensus,44,156,Cl:0.5714285714|Li:0.2857142857|Mg:0.1428571429,Li2MgCl4,component-37ec49522d82065c,False
hard_ood_40pct,wrong_source_family_first_consensus,45,232,Ge:0.02|Li:0.4444444444|Se:0.4444444444|Sn:0.09111111111,Li4Ge0.18Sn0.82Se4,component-e765a42161a2cd5d,False
hard_ood_40pct,wrong_source_family_first_consensus,46,164,Cl:0.622406639|In:0.07157676349|Li:0.27593361|Zr:0.03008298755,Li2.66In0.69Zr0.29Cl6,component-c68a57832f7e8eda,False
hard_ood_40pct,wrong_source_family_first_consensus,47,375,Li:0.08024691358|O:0.6090534979|Pr:0.1049382716|Ti:0.2057613169,Pr0.51Li0.39TiO2.96,component-022488b4edb8df14,False
hard_ood_40pct,wrong_source_family_first_consensus,48,463,Li:0.4444444444|S:0.1|Se:0.3444444444|Sn:0.1111111111,Li4SnS0.9Se3.1,component-e765a42161a2cd5d,False
hard_ood_40pct,wrong_source_family_first_consensus,49,464,Li:0.4444444444|S:0.2222222222|Se:0.2222222222|Sn:0.1111111111,Li4SnS2Se2,component-e765a42161a2cd5d,False
hard_ood_40pct,wrong_source_family_first_consensus,50,163,Cl:0.6147540984|In:0.07991803279|Li:0.2868852459|Zr:0.01844262295,Li2.8In0.78Zr0.18Cl6,component-c68a57832f7e8eda,False
hard_ood_40pct,wrong_source_family_first_consensus,51,241,Ge:0.05555555556|Li:0.4444444444|Se:0.4444444444|Sn:0.05555555556,Li4Ge0.5Sn0.5Se4,component-e765a42161a2cd5d,False
hard_ood_40pct,wrong_source_family_first_consensus,52,393,Li:0.1666666667|N:0.5|Si:0.3333333333,LiSi2N3,component-94e3acef4c28d550,False
hard_ood_40pct,wrong_source_family_first_consensus,53,162,Cl:0.6060606061|In:0.09090909091|Li:0.2929292929|Zr:0.0101010101,Li2.9In0.9Zr0.1Cl6,component-c68a57832f7e8eda,False
hard_ood_40pct,wrong_source_family_first_consensus,54,169,Cl:0.6|In:0.1|Li:0.3,Li3InCl6,component-c68a57832f7e8eda,False
hard_ood_40pct,wrong_source_family_first_consensus,55,246,Ge:0.08333333333|Li:0.4444444444|Se:0.4444444444|Sn:0.02777777778,Li4Ge0.75Sn0.25Se4,component-e765a42161a2cd5d,False
hard_ood_40pct,wrong_source_family_first_consensus,56,465,Li:0.4444444444|S:0.3333333333|Se:0.1111111111|Sn:0.1111111111,Li4SnS3Se,component-e765a42161a2cd5d,False
hard_ood_40pct,wrong_source_family_first_consensus,57,182,Cr:0.04166666667|Li:0.375|O:0.5|Te:0.08333333333,Li3(Li1.5Cr0.5Te)O6,component-2e864a32f95201a0,False
hard_ood_40pct,wrong_source_family_first_consensus,58,35,Al:0.04166666667|Li:0.375|O:0.5|Te:0.08333333333,Li3(Li1.5Al0.5Te)O6,component-2e864a32f95201a0,False
