edge_id,pool,identity,nearest_target_l1,hard_ood_rank,hard_ood_selected,candidate_pool_n,hard_ood_n,target_reference_n
hard_ood_birdshot_temporal_alloy_uts_to_ys,year1_to_year2,Al:0.04|Cr:0.08|Cu:0.24|Fe:0.04|Mn:0.16|Ni:0.44,0.8,1,True,51,21,80
hard_ood_birdshot_temporal_alloy_uts_to_ys,year1_to_year2,Co:0.24|Cr:0.08|Fe:0.16|Mn:0.4|Ni:0.04|V:0.08,0.8,2,True,51,21,80
hard_ood_birdshot_temporal_alloy_uts_to_ys,year1_to_year2,Al:0.04|Co:0.16|Cu:0.2|Fe:0.04|Mn:0.12|Ni:0.44,0.64,3,True,51,21,80
hard_ood_birdshot_temporal_alloy_uts_to_ys,year1_to_year2,Al:0.04|Co:0.28|Cu:0.2|Fe:0.04|Mn:0.08|Ni:0.36,0.64,4,True,51,21,80
hard_ood_birdshot_temporal_alloy_uts_to_ys,year1_to_year2,Co:0.08|Cu:0.04|Fe:0.04|Mn:0.28|Ni:0.36|V:0.2,0.64,5,True,51,21,80
hard_ood_birdshot_temporal_alloy_uts_to_ys,year1_to_year2,Co:0.24|Cr:0.04|Fe:0.04|Mn:0.32|Ni:0.2|V:0.16,0.64,6,True,51,21,80
hard_ood_birdshot_temporal_alloy_uts_to_ys,year1_to_year2,Al:0.04|Co:0.08|Cr:0.12|Cu:0.04|Fe:0.04|Mn:0.24|Ni:0.4|V:0.04,0.6399999999999999,7,True,51,21,80
hard_ood_birdshot_temporal_alloy_uts_to_ys,year1_to_year2,Al:0.04|Cr:0.12|Cu:0.16|Fe:0.04|Mn:0.12|Ni:0.52,0.6000000000000001,8,True,51,21,80
hard_ood_birdshot_temporal_alloy_uts_to_ys,year1_to_year2,Al:0.04|Co:0.32|Cr:0.08|Cu:0.04|Fe:0.04|Mn:0.2|Ni:0.24|V:0.04,0.56,9,True,51,21,80
hard_ood_birdshot_temporal_alloy_uts_to_ys,year1_to_year2,Co:0.04|Cr:0.08|Fe:0.04|Mn:0.28|Ni:0.4|V:0.16,0.56,10,True,51,21,80
hard_ood_birdshot_temporal_alloy_uts_to_ys,year1_to_year2,Al:0.04|Co:0.04|Cr:0.04|Cu:0.08|Fe:0.28|Mn:0.16|Ni:0.32|V:0.04,0.54,11,True,51,21,80
hard_ood_birdshot_temporal_alloy_uts_to_ys,year1_to_year2,Al:0.04|Cr:0.12|Cu:0.04|Fe:0.04|Mn:0.16|Ni:0.52|V:0.08,0.4800000000000001,12,True,51,21,80
hard_ood_birdshot_temporal_alloy_uts_to_ys,year1_to_year2,Co:0.16|Cr:0.08|Cu:0.04|Fe:0.16|Mn:0.2|Ni:0.36,0.4800000000000001,13,True,51,21,80
hard_ood_birdshot_temporal_alloy_uts_to_ys,year1_to_year2,Co:0.12|Cr:0.08|Cu:0.04|Fe:0.16|Mn:0.2|Ni:0.36|V:0.04,0.48000000000000004,14,True,51,21,80
hard_ood_birdshot_temporal_alloy_uts_to_ys,year1_to_year2,Al:0.04|Co:0.12|Cr:0.04|Cu:0.04|Fe:0.12|Mn:0.16|Ni:0.36|V:0.12,0.48,15,True,51,21,80
hard_ood_birdshot_temporal_alloy_uts_to_ys,year1_to_year2,Co:0.04|Cr:0.08|Cu:0.04|Fe:0.16|Mn:0.2|Ni:0.44|V:0.04,0.48,16,True,51,21,80
hard_ood_birdshot_temporal_alloy_uts_to_ys,year1_to_year2,Co:0.16|Cu:0.04|Fe:0.2|Mn:0.2|Ni:0.28|V:0.12,0.48,17,True,51,21,80
hard_ood_birdshot_temporal_alloy_uts_to_ys,year1_to_year2,Co:0.2|Cr:0.08|Cu:0.04|Mn:0.2|Ni:0.44|V:0.04,0.48,18,True,51,21,80
hard_ood_birdshot_temporal_alloy_uts_to_ys,year1_to_year2,Al:0.04|Co:0.12|Cr:0.04|Cu:0.04|Fe:0.2|Mn:0.16|Ni:0.32|V:0.08,0.4799999999999999,19,True,51,21,80
hard_ood_birdshot_temporal_alloy_uts_to_ys,year1_to_year2,Al:0.04|Cr:0.04|Cu:0.04|Fe:0.08|Mn:0.16|Ni:0.52|V:0.12,0.44000000000000006,20,True,51,21,80
hard_ood_birdshot_temporal_alloy_uts_to_ys,year1_to_year2,Al:0.04|Co:0.08|Cu:0.12|Fe:0.2|Mn:0.08|Ni:0.48,0.4,21,True,51,21,80
hard_ood_birdshot_temporal_alloy_uts_to_ys,year1_to_year2,Al:0.04|Co:0.12|Cu:0.12|Fe:0.2|Mn:0.08|Ni:0.44,0.4,22,False,51,21,80
hard_ood_birdshot_temporal_alloy_uts_to_ys,year1_to_year2,Cr:0.08|Cu:0.04|Fe:0.16|Mn:0.12|Ni:0.52|V:0.08,0.38000000000000006,23,False,51,21,80
hard_ood_birdshot_temporal_alloy_uts_to_ys,year1_to_year2,Al:0.04|Cr:0.08|Cu:0.04|Fe:0.24|Mn:0.12|Ni:0.44|V:0.04,0.38,24,False,51,21,80
hard_ood_birdshot_temporal_alloy_uts_to_ys,year1_to_year2,Al:0.04|Co:0.4|Fe:0.12|Mn:0.04|Ni:0.36|V:0.04,0.36000000000000004,25,False,51,21,80
hard_ood_birdshot_temporal_alloy_uts_to_ys,year1_to_year2,Al:0.04|Co:0.16|Cu:0.04|Fe:0.12|Mn:0.08|Ni:0.52|V:0.04,0.36,26,False,51,21,80
hard_ood_birdshot_temporal_alloy_uts_to_ys,year1_to_year2,Co:0.24|Cr:0.08|Fe:0.12|Mn:0.16|Ni:0.32|V:0.08,0.36,27,False,51,21,80
hard_ood_birdshot_temporal_alloy_uts_to_ys,year1_to_year2,Co:0.36|Cr:0.04|Fe:0.16|Mn:0.16|Ni:0.08|V:0.2,0.34,28,False,51,21,80
hard_ood_birdshot_temporal_alloy_uts_to_ys,year1_to_year2,Co:0.4|Cr:0.04|Fe:0.28|Mn:0.04|Ni:0.04|V:0.2,0.34,29,False,51,21,80
hard_ood_birdshot_temporal_alloy_uts_to_ys,year1_to_year2,Al:0.04|Co:0.12|Cr:0.08|Cu:0.04|Fe:0.16|Mn:0.08|Ni:0.48,0.33999999999999997,30,False,51,21,80
hard_ood_birdshot_temporal_alloy_uts_to_ys,year1_to_year2,Al:0.04|Co:0.08|Cr:0.04|Cu:0.04|Fe:0.16|Mn:0.12|Ni:0.48|V:0.04,0.32,31,False,51,21,80
hard_ood_birdshot_temporal_alloy_uts_to_ys,year1_to_year2,Co:0.12|Cr:0.04|Fe:0.04|Mn:0.16|Ni:0.4|V:0.24,0.32,32,False,51,21,80
hard_ood_birdshot_temporal_alloy_uts_to_ys,year1_to_year2,Al:0.04|Co:0.36|Fe:0.04|Mn:0.04|Ni:0.4|V:0.12,0.31999999999999995,33,False,51,21,80
hard_ood_birdshot_temporal_alloy_uts_to_ys,year1_to_year2,Al:0.04|Cr:0.04|Cu:0.04|Fe:0.16|Mn:0.12|Ni:0.56|V:0.04,0.31999999999999995,34,False,51,21,80
hard_ood_birdshot_temporal_alloy_uts_to_ys,year1_to_year2,Al:0.04|Co:0.04|Cr:0.12|Mn:0.04|Ni:0.52|V:0.24,0.28,35,False,51,21,80
hard_ood_birdshot_temporal_alloy_uts_to_ys,year1_to_year2,Al:0.04|Co:0.12|Cr:0.08|Fe:0.08|Mn:0.08|Ni:0.56|V:0.04,0.27999999999999997,36,False,51,21,80
hard_ood_birdshot_temporal_alloy_uts_to_ys,year1_to_year2,Al:0.04|Co:0.12|Fe:0.16|Mn:0.08|Ni:0.52|V:0.08,0.26,37,False,51,21,80
hard_ood_birdshot_temporal_alloy_uts_to_ys,year1_to_year2,Co:0.44|Cr:0.12|Fe:0.04|Mn:0.04|Ni:0.12|V:0.24,0.26,38,False,51,21,80
hard_ood_birdshot_temporal_alloy_uts_to_ys,year1_to_year2,Al:0.04|Cr:0.04|Fe:0.04|Mn:0.04|Ni:0.6|V:0.24,0.25999999999999995,39,False,51,21,80
hard_ood_birdshot_temporal_alloy_uts_to_ys,year1_to_year2,Al:0.04|Co:0.28|Cr:0.04|Fe:0.08|Ni:0.4|V:0.16,0.24000000000000005,40,False,51,21,80
hard_ood_birdshot_temporal_alloy_uts_to_ys,year1_to_year2,Al:0.04|Co:0.32|Cr:0.04|Mn:0.04|Ni:0.44|V:0.12,0.24000000000000002,41,False,51,21,80
hard_ood_birdshot_temporal_alloy_uts_to_ys,year1_to_year2,Al:0.04|Co:0.2|Cr:0.04|Cu:0.04|Fe:0.16|Ni:0.52,0.22,42,False,51,21,80
hard_ood_birdshot_temporal_alloy_uts_to_ys,year1_to_year2,Co:0.2|Cr:0.04|Fe:0.04|Mn:0.04|Ni:0.48|V:0.2,0.21999999999999997,43,False,51,21,80
hard_ood_birdshot_temporal_alloy_uts_to_ys,year1_to_year2,Al:0.04|Co:0.04|Cr:0.16|Fe:0.08|Ni:0.52|V:0.16,0.20000000000000004,44,False,51,21,80
hard_ood_birdshot_temporal_alloy_uts_to_ys,year1_to_year2,Co:0.16|Cr:0.2|Fe:0.04|Mn:0.04|Ni:0.36|V:0.2,0.20000000000000004,45,False,51,21,80
hard_ood_birdshot_temporal_alloy_uts_to_ys,year1_to_year2,Al:0.04|Cr:0.04|Fe:0.2|Mn:0.08|Ni:0.52|V:0.12,0.2,46,False,51,21,80
hard_ood_birdshot_temporal_alloy_uts_to_ys,year1_to_year2,Al:0.04|Co:0.12|Cr:0.04|Fe:0.28|Ni:0.4|V:0.12,0.19999999999999998,47,False,51,21,80
hard_ood_birdshot_temporal_alloy_uts_to_ys,year1_to_year2,Al:0.04|Co:0.28|Cr:0.04|Fe:0.04|Mn:0.04|Ni:0.44|V:0.12,0.19999999999999996,48,False,51,21,80
hard_ood_birdshot_temporal_alloy_uts_to_ys,year1_to_year2,Al:0.04|Co:0.16|Cr:0.08|Fe:0.12|Ni:0.48|V:0.12,0.17999999999999997,49,False,51,21,80
hard_ood_birdshot_temporal_alloy_uts_to_ys,year1_to_year2,Al:0.04|Co:0.08|Fe:0.04|Mn:0.08|Ni:0.52|V:0.24,0.16000000000000003,50,False,51,21,80
hard_ood_birdshot_temporal_alloy_uts_to_ys,year1_to_year2,Co:0.24|Cr:0.04|Fe:0.08|Mn:0.04|Ni:0.36|V:0.24,0.10000000000000003,51,False,51,21,80
hard_ood_birdshot_temporal_alloy_uts_to_ys,years1_2_to_year3,Co:0.44|Cr:0.12|Fe:0.08|Mn:0.12|Ni:0.2|V:0.04,0.32,1,True,20,8,131
hard_ood_birdshot_temporal_alloy_uts_to_ys,years1_2_to_year3,Co:0.08|Cr:0.08|Fe:0.32|Mn:0.08|Ni:0.4|V:0.04,0.26,2,True,20,8,131
hard_ood_birdshot_temporal_alloy_uts_to_ys,years1_2_to_year3,Co:0.28|Cr:0.12|Fe:0.12|Mn:0.08|Ni:0.36|V:0.04,0.24000000000000002,3,True,20,8,131
hard_ood_birdshot_temporal_alloy_uts_to_ys,years1_2_to_year3,Co:0.08|Cr:0.08|Fe:0.28|Mn:0.08|Ni:0.4|V:0.08,0.24,4,True,20,8,131
hard_ood_birdshot_temporal_alloy_uts_to_ys,years1_2_to_year3,Co:0.08|Cr:0.08|Fe:0.2|Mn:0.12|Ni:0.44|V:0.08,0.24,5,True,20,8,131
hard_ood_birdshot_temporal_alloy_uts_to_ys,years1_2_to_year3,Co:0.12|Cr:0.08|Fe:0.08|Mn:0.12|Ni:0.48|V:0.12,0.24,6,True,20,8,131
hard_ood_birdshot_temporal_alloy_uts_to_ys,years1_2_to_year3,Co:0.12|Cr:0.08|Fe:0.2|Mn:0.08|Ni:0.44|V:0.08,0.24,7,True,20,8,131
hard_ood_birdshot_temporal_alloy_uts_to_ys,years1_2_to_year3,Co:0.24|Cr:0.08|Fe:0.08|Mn:0.08|Ni:0.4|V:0.12,0.24,8,True,20,8,131
hard_ood_birdshot_temporal_alloy_uts_to_ys,years1_2_to_year3,Co:0.28|Cr:0.12|Fe:0.08|Mn:0.08|Ni:0.36|V:0.08,0.24,9,False,20,8,131
hard_ood_birdshot_temporal_alloy_uts_to_ys,years1_2_to_year3,Co:0.36|Cr:0.08|Fe:0.08|Mn:0.12|Ni:0.28|V:0.08,0.24,10,False,20,8,131
hard_ood_birdshot_temporal_alloy_uts_to_ys,years1_2_to_year3,Co:0.08|Cr:0.04|Fe:0.32|Mn:0.08|Ni:0.4|V:0.08,0.23999999999999996,11,False,20,8,131
hard_ood_birdshot_temporal_alloy_uts_to_ys,years1_2_to_year3,Co:0.16|Cr:0.08|Fe:0.08|Mn:0.12|Ni:0.44|V:0.12,0.23999999999999996,12,False,20,8,131
hard_ood_birdshot_temporal_alloy_uts_to_ys,years1_2_to_year3,Co:0.16|Cr:0.08|Fe:0.12|Mn:0.12|Ni:0.4|V:0.12,0.23999999999999996,13,False,20,8,131
hard_ood_birdshot_temporal_alloy_uts_to_ys,years1_2_to_year3,Co:0.16|Cr:0.08|Fe:0.16|Mn:0.08|Ni:0.44|V:0.08,0.23999999999999996,14,False,20,8,131
hard_ood_birdshot_temporal_alloy_uts_to_ys,years1_2_to_year3,Co:0.2|Cr:0.04|Fe:0.08|Mn:0.12|Ni:0.4|V:0.16,0.23999999999999996,15,False,20,8,131
hard_ood_birdshot_temporal_alloy_uts_to_ys,years1_2_to_year3,Co:0.08|Cr:0.08|Fe:0.24|Mn:0.08|Ni:0.44|V:0.08,0.22000000000000003,16,False,20,8,131
hard_ood_birdshot_temporal_alloy_uts_to_ys,years1_2_to_year3,Co:0.24|Cr:0.12|Fe:0.16|Mn:0.08|Ni:0.36|V:0.04,0.20000000000000004,17,False,20,8,131
hard_ood_birdshot_temporal_alloy_uts_to_ys,years1_2_to_year3,Co:0.16|Cr:0.12|Fe:0.12|Mn:0.08|Ni:0.4|V:0.12,0.18,18,False,20,8,131
hard_ood_birdshot_temporal_alloy_uts_to_ys,years1_2_to_year3,Co:0.32|Cr:0.08|Fe:0.08|Mn:0.12|Ni:0.32|V:0.08,0.16000000000000003,19,False,20,8,131
hard_ood_birdshot_temporal_alloy_uts_to_ys,years1_2_to_year3,Co:0.24|Cr:0.08|Fe:0.12|Mn:0.08|Ni:0.36|V:0.12,0.15999999999999998,20,False,20,8,131
hard_ood_matbench_alloy_uts_to_ys,fold_0,Al:0.008122579731|Co:0.1320419365|Cr:0.0936297368|Fe:0.6251985631|Mn:0.0001020324055|Mo:0.004801524964|Nb:6.041918913e-05|Ni:0.1290409834|Si:0.0002000635402|Ti:0.006692125419|V:0.0001100349471,0.11824040973487006,1,True,63,26,249
hard_ood_matbench_alloy_uts_to_ys,fold_0,Al:0.0006520234728|C:0.01760063362|Co:0.05010180366|Cr:0.0802028873|Fe:0.806029017|Mn:0.001810065162|Mo:0.001530055082|Nb:6.310227168e-05|Ni:9.990359653e-05|Si:0.0002090075243|V:0.01240044642|W:0.02930105484,0.06668474095018996,2,True,63,26,249
hard_ood_matbench_alloy_uts_to_ys,fold_0,Al:0.002727861084|C:0.0004716301948|Co:9.602470703e-05|Cr:0.0001089146001|Fe:0.7584053344|Mn:0.000102919301|Mo:0.01239028478|Nb:6.095220737e-05|Ni:0.2028409524|Si:0.0002018417359|Ti:0.02248237157|V:0.0001109130331,0.05850124263510999,3,True,63,26,249
hard_ood_matbench_alloy_uts_to_ys,fold_0,Al:0.002100132308|C:0.001410088836|Co:9.600604838e-05|Cr:0.0001090068674|Fe:0.7810492061|Mn:0.0001030064894|Mo:0.0001180074345|Nb:0.01520095766|Ni:0.1670105217|Si:0.0002010126638|Ti:0.01260079385|V:0.02000126008,0.051827926275950065,4,True,63,26,249
hard_ood_matbench_alloy_uts_to_ys,fold_0,Al:0.0006232999319|C:0.01870900277|Co:0.04632229029|Cr:0.1040500689|Fe:0.783376961|Mn:0.001840885834|Mo:0.03411641682|Nb:6.032903033e-05|Ni:9.554597672e-05|Si:0.0002000962863|V:0.01060510318,0.046398907050870075,5,True,63,26,249
hard_ood_matbench_alloy_uts_to_ys,fold_0,Al:0.001400332299|C:0.0008992133833|Co:9.162174184e-05|Cr:0.0001040246851|Fe:0.7471773052|Mn:0.0009822330839|Mo:0.0001120265839|Nb:5.81137904e-05|Ni:0.1660394011|Si:0.08201946322|Ti:0.00101023973|V:0.0001060251598,0.04403150299373,6,True,63,26,249
hard_ood_matbench_alloy_uts_to_ys,fold_0,Al:0.008294082347|C:0.0004782353875|Co:0.08474170987|Cr:0.0001100541687|Fe:0.6993442172|Mn:0.000104051214|Mo:0.0287141331|Nb:6.183043294e-05|Ni:0.1660817454|Si:0.0002041004582|Ti:0.008033954312|V:0.003831886054,0.043645534787060014,7,True,63,26,249
hard_ood_matbench_alloy_uts_to_ys,fold_0,Al:0.0006137943175|C:0.004138613151|Co:9.366861165e-05|Cr:0.1799397022|Fe:0.7437507691|Mn:0.02169273077|Mo:0.005977996773|Nb:5.938010173e-05|Ni:0.04008656699|Si:0.003538814143|V:0.0001079638213,0.04270798072335995,8,True,63,26,249
hard_ood_matbench_alloy_uts_to_ys,fold_0,Al:0.0241929671|C:0.003169078749|Co:9.217320525e-05|Cr:0.1779482704|Fe:0.7177913381|Mn:0.005938273744|Mo:0.0001129671604|Nb:5.848299899e-05|Ni:0.06478116811|Si:0.005808311524|V:0.0001069689041,0.03962147636227008,9,True,63,26,249
hard_ood_matbench_alloy_uts_to_ys,fold_0,Al:0.0004051239679|C:0.0004541389665|Co:0.06852096742|Cr:0.1650505055|Fe:0.6932121229|Mn:9.93303951e-05|Mo:0.0001140348947|Nb:5.87179677e-05|Ni:0.03811166217|Si:0.03341022353|Ti:0.0004561395787|V:0.000107032752,0.036158824424579954,10,True,63,26,249
hard_ood_matbench_alloy_uts_to_ys,fold_0,Al:0.0006179585968|C:0.009259379622|Co:0.1609892137|Cr:0.1339910226|Fe:0.663955515|Mn:0.0001009932335|Mo:0.01139923625|Nb:0.0004789679092|Ni:0.00899939704|Si:0.01009932335|V:0.0001089926975,0.033014566643069974,11,True,63,26,249
hard_ood_matbench_alloy_uts_to_ys,fold_0,Al:0.002739933694|C:0.0004739885295|Co:0.1439965153|Cr:0.0001089973623|Fe:0.6359846092|Mn:0.0005179874647|Mo:0.008599791885|Nb:6.1198519e-05|Ni:0.1879954505|Si:0.001009975559|Ti:0.01839955473|V:0.0001119972897,0.03204064566994003,12,True,63,26,249
hard_ood_matbench_alloy_uts_to_ys,fold_0,Al:0.0006280531961|C:0.0174014739|Co:0.0468039643|Cr:0.05650478596|Fe:0.8250698834|Mn:0.001750148238|Mo:0.03440291393|Nb:0.005540469278|Ni:9.63081573e-05|Si:0.0002010170261|V:0.0116009826,0.031464213605769994,13,True,63,26,249
hard_ood_matbench_alloy_uts_to_ys,fold_0,Al:0.001869098907|C:0.0009305513812|Co:9.485427076e-05|Cr:0.0001079479583|Fe:0.7846217339|Mn:0.0001019508495|Mo:0.0001169436215|Nb:6.017099156e-05|Ni:0.1669195281|Si:0.0001989041083|Ti:0.02408838699|V:0.02088992897,0.030743256864140027,14,True,63,26,249
hard_ood_matbench_alloy_uts_to_ys,fold_0,Al:0.0006101743878|C:0.004571306479|Co:9.312661559e-05|Cr:0.1790511728|Fe:0.7402115525|Mn:0.03000857645|Mo:0.0001140325905|Nb:5.911689561e-05|Ni:0.03931123515|Si:0.005861675267|V:0.0001080308752,0.030057789562879952,15,True,63,26,249
hard_ood_matbench_alloy_uts_to_ys,fold_0,Al:0.0006060466656|C:0.0004540349607|Co:0.09720748498|Cr:0.164012629|Fe:0.6610509009|Mn:9.930764669e-05|Mo:0.0001140087787|Nb:5.870452025e-05|Ni:0.03810293393|Si:0.03750288772|Ti:0.0006840526721|V:0.0001070082396,0.029671771858630003,16,True,63,26,249
hard_ood_matbench_alloy_uts_to_ys,fold_0,Al:0.002770061218|C:0.0004790105861|Co:0.07710170395|Cr:0.0001110024532|Fe:0.7000154703|Mn:0.0005230115586|Mo:0.02980065859|Nb:6.190136802e-05|Ni:0.1700037571|Si:0.001020022542|Ti:0.01800039781|V:0.0001130024974,0.029169047392199957,17,True,63,26,249
hard_ood_matbench_alloy_uts_to_ys,fold_0,Al:0.0108006718|C:0.0004780297334|Co:0.08470526867|Cr:0.0001100068424|Fe:0.6810423608|Mn:0.0001040064692|Mo:0.02930182257|Nb:6.18038442e-05|Ni:0.1810112589|Si:0.0002040126896|Ti:0.007790484568|V:0.004390273075,0.021020167526119973,18,True,63,26,249
hard_ood_matbench_alloy_uts_to_ys,fold_0,Al:0.0006167440512|C:0.01059560282|Co:0.1199502207|Cr:0.1349439982|Fe:0.7057071315|Mn:0.0001009581024|Mo:0.01139527096|Nb:0.0004778017123|Ni:0.008986270698|Si:0.007117046426|V:0.0001089547838,0.020185406949099937,19,True,63,26,249
hard_ood_matbench_alloy_uts_to_ys,fold_0,Al:0.0006359405396|C:0.0004759554982|Co:0.0974908846|Cr:0.1109896225|Fe:0.6889355845|Mn:0.0001039902769|Mo:0.03269694284|Nb:6.149425029e-05|Ni:0.06829361455|Si:0.0002039809278|V:0.000111989529,0.018250908824820056,20,True,63,26,249
hard_ood_matbench_alloy_uts_to_ys,fold_0,Al:0.0006196556577|C:0.00975031681|Co:0.1301376987|Cr:0.1501588831|Fe:0.6967372176|Mn:0.0001011069813|Mo:0.01161228696|Nb:0.000480508426|Ni:9.500052005e-05|Si:0.0001982097257|V:0.0001091154551,0.017546146301550023,21,True,63,26,249
hard_ood_matbench_alloy_uts_to_ys,fold_0,Al:0.00103951143|C:0.0004677801433|Co:9.545513609e-05|Cr:0.0001079492638|Fe:0.7986246464|Mn:0.02558797365|Mo:0.0001169450358|Nb:6.047157836e-05|Ni:0.1729187282|Si:0.0004008116185|Ti:0.0004697792038|V:0.0001099483243,0.016001848014380034,22,True,63,26,249
hard_ood_matbench_alloy_uts_to_ys,fold_0,Al:0.002499942251|C:0.0009369783558|Co:9.5497794e-05|Cr:0.0001079975053|Fe:0.8159811508|Mn:0.0001019976439|Mo:0.008209810353|Nb:6.059860017e-05|Ni:0.1469966044|Si:0.0001999953801|Ti:0.02469942944|V:0.0001099974591,0.015231645991230034,23,True,63,26,249
hard_ood_matbench_alloy_uts_to_ys,fold_0,Al:0.0006180885103|C:0.009721392103|Co:0.1500214831|Cr:0.1340191915|Fe:0.6680956713|Mn:0.004350623009|Mo:0.01190170432|Nb:5.980856459e-05|Ni:0.01120160407|Si:0.009901417883|V:0.000109015611,0.014885274449960007,24,True,63,26,249
hard_ood_matbench_alloy_uts_to_ys,fold_0,Al:0.0006290094351|Co:9.610144152e-05|Cr:0.05610084151|Fe:0.8230123452|Mn:0.0006180092701|Mo:0.0189002835|Nb:6.090091351e-05|Ni:0.09840147602|Si:0.00101001515|Ti:0.0010600159|V:0.000111001665,0.01464995483777997,25,True,63,26,249
hard_ood_matbench_alloy_uts_to_ys,fold_0,Al:0.01270115962|C:0.0004770435541|Co:0.08850808079|Cr:0.0001100100439|Fe:0.7100648289|Mn:0.0001040094961|Mo:0.0305027849|Nb:6.170563372e-05|Ni:0.1490136049|Si:0.0002040186269|Ti:0.00814074325|V:0.0001120102265,0.014572856301940058,26,True,63,26,249
hard_ood_matbench_alloy_uts_to_ys,fold_0,Al:0.002120261852|C:0.0004760587933|Co:0.06110754678|Cr:0.05490678099|Fe:0.7270897956|Mn:0.0001040128456|Mo:0.03040375486|Nb:6.150759619e-05|Ni:0.1080133396|Si:0.0002030250736|Ti:0.01540190213|V:0.0001120138337,0.014355046804659996,27,False,63,26,249
hard_ood_matbench_alloy_uts_to_ys,fold_0,Al:0.01890780703|C:0.0009313845687|Co:9.49392004e-05|Cr:0.07963288042|Fe:0.7783213689|Mn:0.0006112523861|Mo:0.01890780703|Nb:6.022486685e-05|Ni:0.09814052222|Si:0.001590656782|Ti:0.00269111116|V:0.0001100454378,0.013842431915170018,28,False,63,26,249
hard_ood_matbench_alloy_uts_to_ys,fold_0,Al:0.0006240124178|C:0.01870037214|Co:0.04600091542|Cr:0.08000159203|Fe:0.813016179|Mn:0.001430028458|Mo:0.03370067064|Nb:6.040120198e-05|Ni:9.570190447e-05|Si:0.0002000039801|V:0.006170122785,0.012938164865409985,29,False,63,26,249
hard_ood_matbench_alloy_uts_to_ys,fold_0,Al:0.001670186727|C:0.0004690524401|Co:9.561068928e-05|Cr:0.0001080120758|Fe:0.7960890028|Mn:0.0001030115167|Mo:0.005870656339|Nb:6.060677584e-05|Ni:0.1740194554|Si:0.0002010224743|Ti:0.02120237043|V:0.0001110124112,0.0122283356223201,30,False,63,26,249
hard_ood_matbench_alloy_uts_to_ys,fold_0,Al:0.001009815002|C:0.0004539168424|Co:9.24830571e-05|Cr:0.0001049807675|Fe:0.7598607935|Mn:0.0009918182989|Mo:0.000113979119|Nb:5.868924813e-05|Ni:0.1719684954|Si:0.06398827735|Ti:0.001249771042|V:0.0001069804012,0.011564467432740009,31,False,63,26,249
hard_ood_matbench_alloy_uts_to_ys,fold_0,Al:0.006000510643|C:0.0009300791497|Co:9.480806817e-05|Cr:0.1070091065|Fe:0.7700655326|Mn:0.004880415323|Mo:0.0112009532|Nb:6.010511495e-05|Ni:0.09520810221|Si:0.001990169363|Ti:0.002450208513|V:0.0001100093618,0.011476730309639933,32,False,63,26,249
hard_ood_matbench_alloy_uts_to_ys,fold_0,Al:0.0006173298393|C:0.008774688316|Co:0.1420759112|Cr:0.1350721691|Fe:0.6813640528|Mn:0.004642480477|Mo:0.008614602782|Nb:5.973191476e-05|Ni:0.008984800579|Si:0.009685174789|V:0.0001090582698,0.011266867540840025,33,False,63,26,249
hard_ood_matbench_alloy_uts_to_ys,fold_0,Al:0.0006287699331|C:0.0009426550825|Co:0.1489455008|Cr:0.0001089601315|Fe:0.7017432322|Mn:0.0001029623261|Mo:0.0001179568396|Nb:6.087772484e-05|Ni:0.1419480612|Si:0.0002019261152|Ti:0.00508813825|V:0.0001109594,0.010688109654250046,34,False,63,26,249
hard_ood_matbench_alloy_uts_to_ys,fold_0,Al:0.0006173358307|C:0.009705279672|Co:0.1290702142|Cr:0.1340729357|Fe:0.6903755643|Mn:0.0001010549739|Mo:0.01140620498|Nb:0.0004782601735|Ni:0.009365094611|Si:0.01110604169|V:0.003702013896,0.010604734075899933,35,False,63,26,249
hard_ood_matbench_alloy_uts_to_ys,fold_0,Al:0.0006159952568|C:0.008769932472|Co:0.1419989066|Cr:0.1339989682|Fe:0.6819947486|Mn:0.0002019984446|Mo:0.008609933704|Nb:5.969954031e-05|Ni:0.009069930162|Si:0.009669925542|V:0.005009961423,0.010393786900589962,36,False,63,26,249
hard_ood_matbench_alloy_uts_to_ys,fold_0,Al:0.002347872827|C:0.001438696541|Co:0.06544071072|Cr:0.000110899525|Fe:0.7113555119|Mn:0.0001049049561|Mo:0.03057230149|Nb:6.194387885e-05|Ni:0.1798370676|Si:0.0002048144381|Ti:0.008412378385|V:0.0001128977147,0.00955005363670003,37,False,63,26,249
hard_ood_matbench_alloy_uts_to_ys,fold_0,Al:0.001470018375|C:0.0009460118251|Co:9.640120502e-05|Cr:0.0001090013625|Fe:0.7790097376|Mn:0.0001030012875|Mo:0.01840023|Nb:6.110076376e-05|Ni:0.1730021625|Si:0.000202002525|Ti:0.0166002075|V:0.010000125,0.008757498727289975,38,False,63,26,249
hard_ood_matbench_alloy_uts_to_ys,fold_0,Al:0.004767495635|Co:9.49501227e-05|Cr:0.1069438224|Fe:0.7705952063|Mn:0.00121935947|Mo:0.0122935422|Nb:6.026834104e-05|Ni:0.09994749758|Si:0.001399264966|Ti:0.002568650688|V:0.0001099422473,0.00865872087490004,39,False,63,26,249
hard_ood_matbench_alloy_uts_to_ys,fold_0,Al:0.0006278938859|C:0.003759364667|Co:0.1299780337|Cr:0.1569734715|Fe:0.6708866202|Mn:0.0001029825959|Mo:0.02939503224|N:0.002819523501|Nb:6.078972654e-05|Ni:9.618374495e-05|Si:0.0002009660367|V:0.005099138246,0.007833581003480018,40,False,63,26,249
hard_ood_matbench_alloy_uts_to_ys,fold_0,Al:0.005211496221|C:0.0004681344014|Co:9.542739721e-05|Cr:0.09622762695|Fe:0.7932277357|Mn:0.0008192352024|Mo:0.01900545647|Nb:6.051737454e-05|Ni:0.0800229746|Si:0.002400689238|Ti:0.002350674879|V:0.0001100315901,0.007570938464499912,41,False,63,26,249
hard_ood_matbench_alloy_uts_to_ys,fold_0,Al:0.0008336396176|C:0.007486763472|Co:0.1119516033|Cr:0.1559325903|Fe:0.6827048667|Mn:0.0001019559245|Mo:0.0308866477|N:0.005217744369|Nb:6.047385715e-05|Ni:9.575860356e-05|Si:0.0001999135774|V:0.004528042527,0.007322682167760044,42,False,63,26,249
hard_ood_matbench_alloy_uts_to_ys,fold_0,Al:0.0006167362219|C:0.008766250675|Co:0.1409397201|Cr:0.1339427127|Fe:0.6847071508|Mn:0.0001009568208|Mo:0.008546344728|Nb:5.967447723e-05|Ni:0.009066122419|Si:0.009665865909|V:0.003588465213,0.0071323876076500245,43,False,63,26,249
hard_ood_matbench_alloy_uts_to_ys,fold_0,Al:0.001470114816|C:0.000471036788|Co:9.600749819e-05|Cr:0.0001090085136|Fe:0.7990624068|Mn:0.0001030080449|Mo:0.01180092165|Nb:6.090475666e-05|Ni:0.1650128875|Si:0.0002010156993|Ti:0.02150167928|V:0.0001110086698,0.006661238823910076,44,False,63,26,249
hard_ood_matbench_alloy_uts_to_ys,fold_0,Al:0.00835125937|C:0.0004690707359|Co:9.561441865e-05|Cr:0.05200784278|Fe:0.7991205074|Mn:0.0005130773721|Mo:0.01760265448|Nb:6.060913986e-05|Ni:0.1170176463|Si:0.002410363483|Ti:0.002240337843|V:0.0001110167413,0.00654187265269005,45,False,63,26,249
hard_ood_matbench_alloy_uts_to_ys,fold_0,Al:0.02537821027|C:0.0004675985199|Co:0.08222939784|Cr:0.1208961985|Fe:0.6644295208|Mn:0.0001019124979|Mo:0.0292748646|Nb:6.054801348e-05|Ni:0.07673411609|Si:0.0001998284273|Ti:0.0001178987721|V:0.000109905635,0.006274376722810048,46,False,63,26,249
hard_ood_matbench_alloy_uts_to_ys,fold_0,Al:0.02050825457|C:0.001840740898|Co:9.393780997e-05|Cr:0.1330535541|Fe:0.7503019966|Mn:0.0001010406689|Mo:0.01210487221|Nb:5.962399866e-05|Ni:0.08143277669|Si:0.0003941586489|V:0.0001090438902,0.006006918015890066,47,False,63,26,249
hard_ood_matbench_alloy_uts_to_ys,fold_0,Al:0.007937774248|C:0.0009387367782|Co:9.567317324e-05|Cr:0.05128561951|Fe:0.8007754626|Mn:0.0008207698561|Mo:0.01849481405|Nb:6.068298449e-05|Ni:0.1159674827|Si:0.0008027749019|Ti:0.002709240329|V:0.0001109688843,0.005977259296469983,48,False,63,26,249
hard_ood_matbench_alloy_uts_to_ys,fold_0,Al:0.00125949041|C:0.0004698099149|Co:9.5761255e-05|Cr:0.08466574424|Fe:0.7936788775|Mn:0.0006167504628|Mo:0.0187923966|Nb:6.077541027e-05|Ni:0.09806032479|Si:0.001009591519|Ti:0.001179522765|V:0.0001109551076,0.005941960569530013,49,False,63,26,249
hard_ood_matbench_alloy_uts_to_ys,fold_0,Al:0.005586704403|C:0.0004647258582|Co:9.474411045e-05|Cr:0.1099351493|Fe:0.7665478134|Mn:0.001119339702|Mo:0.01189298433|Nb:6.006456791e-05|Ni:0.09804216493|Si:0.003577889403|Ti:0.002568484851|V:0.0001099351493,0.005660177125070007,50,False,63,26,249
hard_ood_matbench_alloy_uts_to_ys,fold_0,Al:0.0006281827384|C:0.005641641153|Co:0.129037537|Cr:0.1580459756|Fe:0.6701949597|Mn:0.0001030299714|Mo:0.03000872954|N:0.001210352091|Nb:6.081769187e-05|Ni:9.632802182e-05|Si:0.0002010584879|V:0.004771387997,0.005506585921040063,51,False,63,26,249
hard_ood_matbench_alloy_uts_to_ys,fold_0,Al:0.0006182183547|C:0.009253268254|Co:0.1470519387|Cr:0.1350476988|Fe:0.6712370809|Mn:0.005161823156|Mo:0.01150406324|Nb:5.982112882e-05|Ni:0.009653409584|Si:0.01030363925|V:0.0001090385124,0.004971678614990016,52,False,63,26,249
hard_ood_matbench_alloy_uts_to_ys,fold_0,Al:0.01369550924|Co:9.536872859e-05|Cr:0.05198295479|Fe:0.8027367826|Mn:0.0005118321702|Mo:0.01729432919|Nb:6.048016855e-05|Ni:0.1099639428|Si:0.001199606649|Ti:0.002349229688|V:0.0001099639428,0.004706753065849986,53,False,63,26,249
hard_ood_matbench_alloy_uts_to_ys,fold_0,Al:0.005441874726|C:0.0004701619708|Co:9.583301447e-05|Cr:0.05181785125|Fe:0.8022763842|Mn:0.0003081061426|Mo:0.01780613421|Nb:6.072091836e-05|Ni:0.1170403204|Si:0.002210761607|Ti:0.0023608133|V:0.0001110382527,0.004439633852529946,54,False,63,26,249
hard_ood_matbench_alloy_uts_to_ys,fold_0,Al:0.0006142837991|C:0.01010466836|Co:0.1290596255|Cr:0.1340619366|Fe:0.6853166163|Mn:0.0001010466836|Mo:0.01140526923|Nb:0.0004752195514|Ni:0.008844085968|Si:0.01990919805|V:0.0001080499191,0.004366089746899983,55,False,63,26,249
hard_ood_matbench_alloy_uts_to_ys,fold_0,Al:0.0006184397106|C:0.009256581429|Co:0.1421010338|Cr:0.1340953418|Fe:0.6834859585|Mn:0.0002021437242|Mo:0.01140811117|Nb:0.0001200853807|Ni:0.008906332402|Si:0.009696894492|V:0.0001090775541,0.003621916752500012,56,False,63,26,249
hard_ood_matbench_alloy_uts_to_ys,fold_0,Al:0.0006189808735|C:0.01109965702|Co:0.1169963848|Cr:0.09639702133|Fe:0.7369772274|Mn:0.0001009968792|Mo:0.007549766712|Nb:5.989814915e-05|Ni:0.02659917809|Si:0.000197993882|Ti:0.0002329928005|V:0.00316990205,0.00254018204278002,57,False,63,26,249
hard_ood_matbench_alloy_uts_to_ys,fold_0,Al:0.01949190112|C:0.0004748027195|Co:0.08906299433|Cr:0.000109954314|Fe:0.7047071942|Mn:0.0001039568059|Mo:0.03038737405|Nb:6.147445736e-05|Ni:0.1469389469|Si:0.0002029156885|Ti:0.008346532016|V:0.0001119534833,0.0023666531707200677,58,False,63,26,249
hard_ood_matbench_alloy_uts_to_ys,fold_0,Al:0.0002079545619|C:0.00983785043|Co:0.1289718197|Cr:0.03359266|Fe:0.7138440251|Mn:0.0001019777179|Mo:0.006978475203|Nb:6.048678364e-05|Ni:0.1059768441|Si:0.0001999563095|Ti:0.0001179742226|V:0.0001099759703,0.0019939964116900523,59,False,63,26,249
hard_ood_matbench_alloy_uts_to_ys,fold_0,Al:0.0002079776424|C:0.01079883912|Co:0.1279862415|Cr:0.03359638839|Fe:0.7129233607|Mn:0.0001019890362|Mo:0.006909257255|Nb:6.049349695e-05|Ni:0.1069884987|Si:0.0001999785023|Ti:0.0001169874239|V:0.0001099881763,0.0019064841298900622,60,False,63,26,249
hard_ood_matbench_alloy_uts_to_ys,fold_0,Al:0.001039820631|C:0.009838302893|Co:0.1289777513|Cr:0.1579727497|Fe:0.6668849623|Mn:0.000101982408|Mo:0.02949491213|N:0.0008038613339|Nb:6.05895483e-05|Ni:9.58834601e-05|Si:0.000199965506|V:0.00452921871,0.001884442969710003,61,False,63,26,249
hard_ood_matbench_alloy_uts_to_ys,fold_0,Al:0.02129113012|C:0.001839233775|Co:9.396085591e-05|Cr:0.1329446153|Fe:0.7516868473|Mn:0.0001009579409|Mo:0.0128946281|Nb:5.957518098e-05|Ni:0.07866722723|Si:0.000196917964|Ti:0.0001159516945|V:0.0001089546095,0.0016378709947199811,62,False,63,26,249
hard_ood_matbench_alloy_uts_to_ys,fold_0,Al:0.0218113288|C:0.001380717144|Co:9.404884897e-05|Cr:0.1330691161|Fe:0.7503897524|Mn:0.0001010524867|Mo:0.01280665177|Nb:5.963097233e-05|Ni:0.07894100196|Si:0.000197102375|Ti:0.001040540457|V:0.000109056644,0.0015965905466999552,63,False,63,26,249
hard_ood_matbench_alloy_uts_to_ys,fold_1,Al:0.002280966902|C:0.008373549548|Co:0.07643239969|Cr:0.0001070453765|Fe:0.6922934632|Mn:0.001120474969|Mo:0.0001160491933|Nb:6.012548719e-05|Ni:0.1690716695|Si:0.001790759103|Ti:0.0009333956664|V:0.04742010138,0.06816706937946,1,True,63,26,249
hard_ood_matbench_alloy_uts_to_ys,fold_1,Al:0.0006049366631|C:0.0004529525759|Co:0.1089885889|Cr:0.1829808419|Fe:0.6479321615|Mn:9.908962532e-05|Mo:0.0001129881701|Nb:5.859386522e-05|Ni:0.01949795856|Si:0.038595959|Ti:0.0005689404319|V:0.0001069887983,0.06368477622379998,2,True,63,26,249
hard_ood_matbench_alloy_uts_to_ys,fold_1,Al:0.0006520834667|C:0.004390561992|Co:0.1470188184|Cr:0.1380176663|Fe:0.670085771|Mn:0.007040901235|Mo:0.000122015618|N:0.001260161301|Nb:6.310807783e-05|Ni:9.991278884e-05|Si:0.005630720732|V:0.0001150147219|W:0.02550326442,0.06331119896767001,3,True,63,26,249
hard_ood_matbench_alloy_uts_to_ys,fold_1,Al:0.0006251809899|C:0.005151491357|Co:0.1590460438|Cr:0.09952881359|Fe:0.6821974962|Mn:0.0001020295376|Mo:0.01170338813|Nb:6.051751982e-05|Ni:0.03551028023|Si:0.0002000579168|Ti:0.0003531022231|V:0.005521598503,0.05286488207562995,4,True,63,26,249
hard_ood_matbench_alloy_uts_to_ys,fold_1,Al:0.0006167596488|C:0.009696221383|Co:0.1339478005|Cr:0.08746591453|Fe:0.7207191358|Mn:0.0001009606556|Mo:0.007517070598|Nb:5.967674397e-05|Ni:0.02459041711|Si:0.01189536438|Ti:0.0002319096248|V:0.003158769028,0.05159268703162001,5,True,63,26,249
hard_ood_matbench_alloy_uts_to_ys,fold_1,Al:0.003430932184|C:0.001930524524|Co:0.07852133425|Cr:0.0001110301669|Fe:0.6891872522|Mn:0.0001050285363|Mo:0.03620983821|Nb:6.231693151e-05|Ni:0.1850502782|Si:0.0002060559854|Ti:0.005071377893|V:0.0001140309822,0.04100424921906,6,True,63,26,249
hard_ood_matbench_alloy_uts_to_ys,fold_1,Al:0.002118923799|C:0.001429274072|Co:9.715065718e-05|Cr:0.0001099441594|Fe:0.7885994703|Mn:0.0001039472052|Mo:0.0001189395906|Nb:6.166867848e-05|Ni:0.1809081168|Si:0.000203896441|Ti:0.01679147161|V:0.0001119431441|W:0.009345253546,0.03530429606053995,7,True,63,26,249
hard_ood_matbench_alloy_uts_to_ys,fold_1,Al:0.0008350137777|C:0.007500123752|Co:0.1010016665|Cr:0.154002541|Fe:0.7010115667|Mn:0.000102001683|Mo:0.02890047686|N:0.001210019965|Nb:6.060099992e-05|Ni:9.590158238e-05|Si:0.0002000033001|V:0.005080083821,0.035210392805249936,8,True,63,26,249
hard_ood_matbench_alloy_uts_to_ys,fold_1,Al:0.002771727063|C:0.0004782980275|Co:0.1460910293|Cr:0.0001110692072|Fe:0.6343952917|Mn:0.0005233260845|Mo:0.02371477668|Nb:6.193859394e-05|Ni:0.1731078635|Si:0.001020635958|Ti:0.0176109734|V:0.0001130704542,0.03453097159514005,9,True,63,26,249
hard_ood_matbench_alloy_uts_to_ys,fold_1,Al:0.0006204690746|C:0.009297028554|Co:0.1170885189|Cr:0.08806657833|Fe:0.7535696987|Mn:0.0001020771703|Mo:0.007565719684|Nb:6.004539432e-05|Ni:0.02001513144|Si:0.0001991505578|Ti:0.0002331762813|V:0.003182405899,0.03343423623096995,10,True,63,26,249
hard_ood_matbench_alloy_uts_to_ys,fold_1,Al:0.02442123915|C:0.003202785463|Co:9.32811266e-05|Cr:0.1581375322|Fe:0.7236293404|Mn:0.006005222742|Mo:0.0129112289|Nb:5.915144401e-05|Ni:0.06555701494|Si:0.005875109583|V:0.0001080940094,0.03161553000176008,11,True,63,26,249
hard_ood_matbench_alloy_uts_to_ys,fold_1,Al:0.002510629164|C:0.0004701178115|Co:9.572398843e-05|Cr:0.0001090273222|Fe:0.7701930104|Mn:0.0001030258183|Mo:0.01240310822|Nb:6.071521523e-05|Ni:0.1680421114|Si:0.0002010503832|Ti:0.02360591564|V:0.02220556471,0.030743256864140027,12,True,63,26,249
hard_ood_matbench_alloy_uts_to_ys,fold_1,Al:0.0006095281033|C:0.006395048953|Co:9.302797774e-05|Cr:0.1658715822|Fe:0.7534167048|Mn:0.02997679197|Mo:0.0001139118095|Nb:5.905428018e-05|Ni:0.03867006164|Si:0.004686371811|V:0.0001079164511,0.030057789562879952,13,True,63,26,249
hard_ood_matbench_alloy_uts_to_ys,fold_1,Al:0.0006189158274|C:0.009268739451|Co:0.1289824584|Cr:0.1279825944|Fe:0.702904405|Mn:0.0001009862659|Mo:0.005739219466|Nb:0.0005989185471|Ni:0.02349680443|Si:0.0001979730757|V:0.000108985178,0.02999795390430008,14,True,63,26,249
hard_ood_matbench_alloy_uts_to_ys,fold_1,Al:0.0008360611997|C:0.007510549772|Co:0.1490109076|Cr:0.1580115664|Fe:0.6480474371|Mn:0.0001030075402|Mo:0.02880210831|N:0.002010147143|Nb:6.070444357e-05|Ni:9.610703503e-05|Si:0.0002010147143|V:0.00531038872,0.02679206727574994,15,True,63,26,249
hard_ood_matbench_alloy_uts_to_ys,fold_1,Al:0.0006250804479|C:0.004210541897|Co:0.1450186639|Cr:0.1330171193|Fe:0.6780872698|Mn:0.006450830222|Mo:0.0233029991|N:0.001610207234|Nb:6.050778735e-05|Ni:9.581233105e-05|Si:0.00741095379|V:0.0001100141588,0.024824523445179984,16,True,63,26,249
hard_ood_matbench_alloy_uts_to_ys,fold_1,Al:0.001020246696|C:0.0004571105293|Co:9.312251702e-05|Cr:0.000106025637|Fe:0.7801886496|Mn:0.0005991448732|Mo:0.0001140275719|Nb:5.911429384e-05|Ni:0.1660401485|Si:0.05041218967|Ti:0.0008021939705|V:0.0001080261207,0.02381827520347002,17,True,63,26,249
hard_ood_matbench_alloy_uts_to_ys,fold_1,Al:0.008910168402|Co:0.07090134004|Cr:0.1270024003|Fe:0.6800128522|Mn:0.0001020019278|Mo:0.008560161787|Nb:6.010113591e-05|Ni:0.09760184467|Si:0.0001990037612|Ti:0.006540123608|V:0.000110002079,0.023419292568890054,18,True,63,26,249
hard_ood_matbench_alloy_uts_to_ys,fold_1,Al:0.0002089100433|C:0.005627576765|Co:0.1159500719|Cr:0.02179061696|Fe:0.7506767586|Mn:0.001849203733|Mo:0.005867473466|Nb:6.057391687e-05|Ni:0.0966583789|Si:0.001199483502|V:0.000110952224,0.023372446327620044,19,True,63,26,249
hard_ood_matbench_alloy_uts_to_ys,fold_1,Al:0.0002090165959|C:0.00704055902|Co:0.1160092111|Cr:0.02180173106|Fe:0.7480593959|Mn:0.001640130226|Mo:0.007160568549|Nb:6.060481202e-05|Ni:0.09670767859|Si:0.001200095288|V:0.0001110088141,0.020570964314470024,20,True,63,26,249
hard_ood_matbench_alloy_uts_to_ys,fold_1,Al:0.001870205162|C:0.0009331023613|Co:9.501042264e-05|Cr:0.1120122877|Fe:0.7730848074|Mn:0.0006120671438|Mo:0.01260138237|Nb:6.030661564e-05|Ni:0.09451036779|Si:0.002590284154|Ti:0.001520166762|V:0.0001100120683,0.016966157814809934,21,True,63,26,249
hard_ood_matbench_alloy_uts_to_ys,fold_1,Al:0.007643772618|C:0.0009542225949|Co:0.08453113249|Cr:0.000109910456|Fe:0.7204130795|Mn:0.0001039153402|Mo:0.02867663714|Nb:6.164977393e-05|Ni:0.1458811506|Si:0.0002038339365|Ti:0.008493080687|V:0.002927614872,0.016859285533570047,22,True,63,26,249
hard_ood_matbench_alloy_uts_to_ys,fold_1,Al:0.002090186863|C:0.0009400840435|Co:9.580856529e-05|Cr:0.0001090097455|Fe:0.8100724205|Mn:0.000103009209|Mo:0.01180105501|Nb:6.080543601e-05|Ni:0.1510135006|Si:0.000201017971|Ti:0.02340209215|V:0.0001110099243,0.015231645991230034,23,True,63,26,249
hard_ood_matbench_alloy_uts_to_ys,fold_1,Al:0.008647005542|C:0.0009476718212|Co:0.06087891763|Cr:0.05588064853|Fe:0.7197507503|Mn:0.0001039639973|Mo:0.03028951074|Nb:6.127877916e-05|Ni:0.1089622664|Si:0.0002029297254|Ti:0.008796953615|V:0.005478102933,0.01441766252754999,24,True,63,26,249
hard_ood_matbench_alloy_uts_to_ys,fold_1,Al:0.001899894746|C:0.0004749736865|Co:0.05999667618|Cr:0.05489695871|Fe:0.7219600034|Mn:0.0001039942387|Mo:0.02969835471|Nb:6.139659863e-05|Ni:0.1089939617|Si:0.0002029887544|Ti:0.02159880343|V:0.0001119937955,0.014355046804659996,25,True,63,26,249
hard_ood_matbench_alloy_uts_to_ys,fold_1,Al:0.0006308171261|C:0.00472862917|Co:0.1409591359|Cr:0.1309620341|Fe:0.6718052437|Mn:0.00526847267|Mo:0.03728918986|N:0.001619530498|Nb:6.108229224e-05|Ni:9.677194581e-05|Si:0.006468124891|V:0.0001109678304,0.014168098304680089,26,True,63,26,249
hard_ood_matbench_alloy_uts_to_ys,fold_1,Al:0.001050506554|C:0.007513623069|Co:0.1280617514|Cr:0.1570757419|Fe:0.6643203353|Mn:0.005752773988|Mo:0.03011452122|N:0.001210583743|Nb:6.072928366e-05|Ni:9.614636178e-05|Si:0.000201096969|V:0.004542190244,0.013402504014430041,27,False,63,26,249
hard_ood_matbench_alloy_uts_to_ys,fold_1,Al:0.0006271354613|C:0.01690365119|Co:0.04881054308|Cr:0.07101533931|Fe:0.814175862|Mn:0.00236050987|Mo:0.03380730238|Nb:0.002490537956|Ni:9.602074048e-05|Si:0.0002010434254|V:0.009512054604,0.012658484047309963,28,False,63,26,249
hard_ood_matbench_alloy_uts_to_ys,fold_1,Al:0.001870382306|Co:9.521946286e-05|Cr:0.111022693|Fe:0.7741582379|Mn:0.0005111044698|Mo:0.0120024533|Nb:6.041234828e-05|Ni:0.09852013752|Si:0.0005991224606|Ti:0.001050214664|V:0.0001100224886,0.012647304333269997,29,False,63,26,249
hard_ood_matbench_alloy_uts_to_ys,fold_1,Al:0.0006253557023|C:0.01680956128|Co:0.04702674881|Cr:0.08344746492|Fe:0.8034570063|Mn:0.002151223616|Mo:0.03341900873|Nb:6.053443198e-05|Ni:9.575446514e-05|Si:0.0002001138247|V:0.01270722787,0.012512398879430058,30,False,63,26,249
hard_ood_matbench_alloy_uts_to_ys,fold_1,Al:0.0006208739626|C:0.008828207874|Co:0.1309734124|Cr:0.1349726006|Fe:0.70285732|Mn:0.0001019792982|Mo:0.01149766597|Nb:0.0004209145543|Ni:0.009418088128|Si:0.0001989596112|V:0.0001099776745,0.012484095363999963,31,False,63,26,249
hard_ood_matbench_alloy_uts_to_ys,fold_1,Al:0.001039843296|C:0.007508868414|Co:0.1289805626|Cr:0.154976645|Fe:0.6658996489|Mn:0.0001029844802|Mo:0.02989549475|N:0.00160975741|Nb:6.069085389e-05|Ni:9.598553498e-05|Si:0.0002009697139|V:0.009628548978,0.012021392518620045,32,False,63,26,249
hard_ood_matbench_alloy_uts_to_ys,fold_1,Al:0.01019334375|C:0.000954376792|Co:0.08664342185|Cr:0.0001099282169|Fe:0.7205294942|Mn:0.0001039321323|Mo:0.02988048804|Nb:0.001239190808|Ni:0.1429066819|Si:0.0002038668749|Ti:0.002398433823|V:0.004836841542,0.011666034693000048,33,False,63,26,249
hard_ood_matbench_alloy_uts_to_ys,fold_1,Al:0.0006209919271|C:0.009299879102|Co:0.130998297|Cr:0.132998271|Fe:0.7019908741|Mn:0.000101998674|Mo:0.0116998479|Nb:0.0004809937471|Ni:0.0114998505|Si:0.000198997413|V:0.00010999857,0.011505471920400023,34,False,63,26,249
hard_ood_matbench_alloy_uts_to_ys,fold_1,Al:0.006209472816|C:0.0009299210497|Co:9.479195216e-05|Cr:0.1099906618|Fe:0.7619353117|Mn:0.007519361606|Mo:0.01149902373|Nb:6.009489794e-05|Ni:0.09709175691|Si:0.001989831063|Ti:0.002569781826|V:0.0001099906618,0.010434515031180073,35,False,63,26,249
hard_ood_matbench_alloy_uts_to_ys,fold_1,Al:0.0006298497179|C:0.003779098307|Co:0.09617705216|Cr:0.1329682738|Fe:0.7148294417|Mn:0.006088547273|Mo:0.0371911262|N:0.002019518143|Nb:6.098544887e-05|Ni:9.657695674e-05|Si:0.006048556814|V:0.0001109735217,0.00901332522172999,36,False,63,26,249
hard_ood_matbench_alloy_uts_to_ys,fold_1,Al:0.001060180231|C:0.0004750807637|Co:9.67164418e-05|Cr:0.0001100187032|Fe:0.7811327926|Mn:0.000104017683|Mo:0.01840312853|Nb:6.131042277e-05|Ni:0.173029415|Si:0.0002030345159|Ti:0.01310222738|V:0.01120190432|W:0.001020173429,0.008757498727289975,37,False,63,26,249
hard_ood_matbench_alloy_uts_to_ys,fold_1,Al:0.0006248555334|C:0.01819579313|Co:0.04668920546|Cr:0.07548254843|Fe:0.8108125401|Mn:0.00224947992|Mo:0.03369221036|Nb:6.048601563e-05|Ni:9.567787927e-05|Si:0.0001999537707|V:0.01189724936,0.00854645681622003,38,False,63,26,249
hard_ood_matbench_alloy_uts_to_ys,fold_1,Al:0.0021215982|Co:0.1260949874|Cr:0.0001100829255|Fe:0.6524915219|Mn:0.000522393519|Mo:0.02091575584|Nb:6.174651365e-05|Ni:0.1771334346|Si:0.001020768945|Ti:0.01941462504|V:0.0001130851871,0.008292909194140035,39,False,63,26,249
hard_ood_matbench_alloy_uts_to_ys,fold_1,Al:0.004779878591|C:0.0004659881639|Co:9.509758452e-05|Cr:0.1099972061|Fe:0.7679804933|Mn:0.0003059922278|Mo:0.01279967489|Nb:6.029846842e-05|Ni:0.09999746006|Si:0.0005979848112|Ti:0.002809928628|V:0.0001099972061,0.00827125330803994,40,False,63,26,249
hard_ood_matbench_alloy_uts_to_ys,fold_1,Al:0.0130923593|C:0.0004667276178|Co:9.514447369e-05|Cr:0.08305153113|Fe:0.7635543897|Mn:0.0005107019543|Mo:0.01778961798|Nb:6.036477112e-05|Ni:0.1169317586|Si:0.001998833481|Ti:0.002338635173|V:0.0001099358414,0.008233746822850028,41,False,63,26,249
hard_ood_matbench_alloy_uts_to_ys,fold_1,Al:0.000616639266|C:0.01059380263|Co:0.1299239945|Cr:0.1329222405|Fe:0.6945936627|Mn:0.0001009409495|Mo:0.0113933349|Nb:0.0004777205335|Ni:0.008974749771|Si:0.01029397802|V:0.0001089362723,0.007245149611399958,42,False,63,26,249
hard_ood_matbench_alloy_uts_to_ys,fold_1,Al:0.006477373425|C:0.0004698094923|Co:9.576116885e-05|Cr:0.05427799027|Fe:0.8006753262|Mn:0.0002049169062|Mo:0.01759286609|Nb:6.067539613e-05|Ni:0.1169525757|Si:0.0006027555826|Ti:0.002478994768|V:0.0001109550077,0.007227638359149982,43,False,63,26,249
hard_ood_matbench_alloy_uts_to_ys,fold_1,Al:0.001670518863|C:0.0004701460274|Co:9.572973366e-05|Cr:0.0001080335552|Fe:0.7992482465|Mn:0.0001030320017|Mo:0.008472631599|Nb:6.071885928e-05|Ni:0.1670518863|Si:0.00020106245|Ti:0.0224069596|V:0.0001110344873,0.006661238823910076,44,False,63,26,249
hard_ood_matbench_alloy_uts_to_ys,fold_1,Al:0.005171688039|Co:9.463088752e-05|Cr:0.1090355892|Fe:0.7632491245|Mn:0.001020333037|Mo:0.01160378748|Nb:6.001959039e-05|Ni:0.09883225885|Si:0.008142657763|Ti:0.002680875038|V:0.0001090355892,0.006629551454169969,45,False,63,26,249
hard_ood_matbench_alloy_uts_to_ys,fold_1,Al:0.005221741973|C:0.0004691565106|Co:9.573193617e-05|Cr:0.05281761996|Fe:0.8012673028|Mn:0.001030343723|Mo:0.01750583995|Nb:6.072025628e-05|Ni:0.1160387105|Si:0.003611204698|Ti:0.001770590669|V:0.000111037042,0.006244898736679993,46,False,63,26,249
hard_ood_matbench_alloy_uts_to_ys,fold_1,Al:0.002560217618|C:0.0009590815219|Co:0.06550556797|Cr:0.0001110094358|Fe:0.7070601001|Mn:0.0001050089258|Mo:0.03060260122|Nb:6.200527045e-05|Ni:0.1820154713|Si:0.0002050174265|Ti:0.01070090958|V:0.0001130096058,0.0060005100439999804,47,False,63,26,249
hard_ood_matbench_alloy_uts_to_ys,fold_1,Al:0.0072482452|Co:9.487703027e-05|Cr:0.1119728914|Fe:0.7688138702|Mn:0.0005088768009|Mo:0.01189711971|Nb:6.018542911e-05|Ni:0.09527693345|Si:0.0003979036675|Ti:0.00361912381|V:0.0001099733754,0.005345415144310009,48,False,63,26,249
hard_ood_matbench_alloy_uts_to_ys,fold_1,Al:0.0002089810663|C:0.007499320562|Co:0.1329879513|Cr:0.02129807039|Fe:0.7329335962|Mn:0.001639851429|Mo:0.005869468226|Nb:6.059451014e-05|Ni:0.09639126695|Si:0.0009999094082|V:0.0001109899443,0.004949279060779973,49,False,63,26,249
hard_ood_matbench_alloy_uts_to_ys,fold_1,Al:0.0006168242051|C:0.009707233438|Co:0.1299629606|Cr:0.1339618209|Fe:0.6948019814|Mn:0.0001009712232|Mo:0.01149672343|Nb:0.0004778638088|Ni:0.008887467072|Si:0.009877185002|V:0.0001089689439,0.004945352849299936,50,False,63,26,249
hard_ood_matbench_alloy_uts_to_ys,fold_1,Al:0.005442472515|C:0.000470213618|Co:9.594358717e-05|Cr:0.05112322528|Fe:0.8033649687|Mn:0.0008233740588|Mo:0.01840836292|Nb:6.082763399e-05|Ni:0.1170531773|Si:0.0008053658777|Ti:0.002241018095|V:0.0001110504502,0.004439633852529946,51,False,63,26,249
hard_ood_matbench_alloy_uts_to_ys,fold_1,Al:0.0006179091674|C:0.00924864045|Co:0.1429789821|Cr:0.1339803049|Fe:0.6818997607|Mn:0.0001009851552|Mo:0.01149830975|Nb:0.0004789295973|Ni:0.008988678664|Si:0.01009851552|V:0.0001089839794,0.003621916752500012,52,False,63,26,249
hard_ood_matbench_alloy_uts_to_ys,fold_1,Al:0.002489570798|Co:0.04089295006|Cr:0.153973455|Fe:0.7018789961|Mn:0.0001019824182|Mo:0.01459748339|Nb:6.038958883e-05|Ni:0.0801861759|Si:0.0001999655259|Ti:0.00550905024|V:0.0001099810393,0.0025414129327299257,53,False,63,26,249
hard_ood_matbench_alloy_uts_to_ys,fold_1,Al:0.0002078903378|C:0.010794306|Co:0.1279325156|Cr:0.03368223262|Fe:0.7136235636|Mn:0.0001019462234|Mo:0.00702629363|Nb:6.046810308e-05|Ni:0.1059441145|Si:0.0003997891112|Ti:0.000116938315|V:0.0001099420056,0.002205788124770052,54,False,63,26,249
hard_ood_matbench_alloy_uts_to_ys,fold_1,Al:0.0002079859609|C:0.01079927105|Co:0.1289912931|Cr:0.0334977389|Fe:0.7129518757|Mn:0.0001019931155|Mo:0.006969529557|Nb:6.049591653e-05|Ni:0.1059928455|Si:0.0001999865009|Ti:0.000116992103|V:0.0001099925755,0.0019939964116900523,55,False,63,26,249
hard_ood_matbench_alloy_uts_to_ys,fold_1,Al:0.0006154811494|C:0.008762613117|Co:0.1298905023|Cr:0.1328879754|Fe:0.6924162931|Mn:0.0001009149287|Mo:0.01139039789|Nb:0.0004765982277|Ni:0.008962444659|Si:0.01438787102|V:0.0001089081904,0.0019322144470000347,56,False,63,26,249
hard_ood_matbench_alloy_uts_to_ys,fold_1,Al:0.000208069183|C:0.01120372524|Co:0.1280425742|Cr:0.03371120898|Fe:0.7132371514|Mn:0.0001020339263|Mo:0.006972318296|Nb:6.052012294e-05|Ni:0.1060352567|Si:0.0002000665221|Ti:0.0001170389154|V:0.0001100365872,0.0019064841298900622,57,False,63,26,249
hard_ood_matbench_alloy_uts_to_ys,fold_1,Al:0.0212965819|C:0.001839704727|Co:9.388493147e-05|Cr:0.1329786569|Fe:0.7508794838|Mn:0.0001009837921|Mo:0.01269796198|Nb:5.959043574e-05|Ni:0.07858738672|Si:0.0001969683866|Ti:0.00115981385|V:0.0001089825083,0.0017716107425099876,58,False,63,26,249
hard_ood_matbench_alloy_uts_to_ys,fold_1,Al:0.02170506813|C:0.001380322305|Co:9.392193077e-05|Cr:0.1330310628|Fe:0.7511753995|Mn:0.000101023589|Mo:0.0128029895|N:0.000395092254|Nb:5.961391985e-05|Ni:0.07871838074|Si:0.0001970460102|Ti:0.0002310539511|V:0.0001090254574,0.0015736660827599513,59,False,63,26,249
hard_ood_matbench_alloy_uts_to_ys,fold_1,Al:0.02149541073|C:0.001379705433|Co:9.387995663e-05|Cr:0.1329716106|Fe:0.7518394823|Mn:0.0001009784411|Mo:0.01269728913|N:0.0003949156855|Nb:5.958727812e-05|Ni:0.07808332921|Si:0.0001969579495|Ti:0.0005778766233|V:0.0001089767335,0.0014836637603100134,60,False,63,26,249
hard_ood_matbench_alloy_uts_to_ys,fold_1,Al:0.0002078591754|C:0.01029302647|Co:0.1289126617|Cr:0.03357725141|Fe:0.7115179466|Mn:0.0001019309418|Mo:0.006975274252|Nb:6.0459039e-05|Ni:0.1079268795|Si:0.0001998645917|Ti:0.0001169207862|V:0.0001099255255,0.0012869213725500432,61,False,63,26,249
hard_ood_matbench_alloy_uts_to_ys,fold_1,Al:0.02170046656|C:0.001840039561|Co:9.390201889e-05|Cr:0.1330028596|Fe:0.7510161468|Mn:0.0001010021715|Mo:0.01280027521|Nb:5.960128143e-05|Ni:0.07850168779|Si:0.0001970042356|Ti:0.0005780124273|V:0.0001090023436,0.0012829259947700325,62,False,63,26,249
hard_ood_matbench_alloy_uts_to_ys,fold_1,Al:0.02200619474|C:0.001380388579|Co:9.392644029e-05|Cr:0.13303745|Fe:0.751211466|Mn:0.0001010284395|Mo:0.01280360421|Nb:5.961678212e-05|Ni:0.07842207581|Si:0.0001970554711|Ti:0.0005781627528|V:0.0001090306921,0.0011240027681799925,63,False,63,26,249
hard_ood_matbench_alloy_uts_to_ys,fold_2,Al:0.008055883444|C:0.0004637630171|Co:0.09914933469|Cr:0.08725541248|Fe:0.6776537189|Mn:0.0001019479046|Mo:0.0001159407543|Nb:5.996935566e-05|Ni:0.1139417758|Si:0.0001988983629|Ti:0.01289341147|V:0.0001099438187,0.09895927688015993,1,True,62,25,250
hard_ood_matbench_alloy_uts_to_ys,fold_2,Al:0.0006397985274|C:0.004788492104|Co:0.04878463772|Cr:0.1329581315|Fe:0.7627598069|Mn:0.005238350443|Mo:0.0001199622239|Nb:6.188051383e-05|Ni:0.0195938299|Si:0.006148063975|V:0.0001129644275|W:0.01879408174,0.08718357562576999,2,True,62,25,250
hard_ood_matbench_alloy_uts_to_ys,fold_2,Al:0.000626846548|C:0.01689586389|Co:0.09047785102|Cr:0.07318208503|Fe:0.7718110607|Mn:0.002259446887|Mo:0.03379172779|Nb:6.068514428e-05|Ni:9.607648048e-05|Si:0.0002009508072|V:0.01059740576,0.0865906431968899,3,True,62,25,250
hard_ood_matbench_alloy_uts_to_ys,fold_2,Al:0.005621071376|C:0.0004670890272|Co:0.09471805326|Cr:0.08351591813|Fe:0.6871309672|Mn:0.0001020194449|Mo:0.005731092346|Nb:6.041151443e-05|Ni:0.1140217325|Si:0.0002000381273|Ti:0.008321586094|V:0.00011002097,0.08407727509172996,4,True,62,25,250
hard_ood_matbench_alloy_uts_to_ys,fold_2,Al:0.0006399660178|C:0.004799745134|Co:0.09529493984|Cr:0.1359927788|Fe:0.7319611329|Mn:0.00555970478|Mo:0.0001199936283|N:0.00122993469|Nb:6.199670797e-05|Ni:9.809479117e-05|Si:0.005329716992|V:0.000112994|W:0.01879900177,0.07998102132843002,5,True,62,25,250
hard_ood_matbench_alloy_uts_to_ys,fold_2,Al:0.03761387952|C:0.0004691731249|Co:0.07672831275|Cr:0.1070394976|Fe:0.6862532274|Mn:0.0004101513458|Mo:0.01610594309|Ni:0.06712476904|Si:0.0008022960472|W:0.007452750065,0.07897583810419004,6,True,62,25,250
hard_ood_matbench_alloy_uts_to_ys,fold_2,Al:0.0006221075002|C:0.01120193569|Co:0.1230212581|Cr:0.09571653982|Fe:0.6741164873|Mn:0.0001020176286|Mo:0.008741510533|Nb:6.021040436e-05|Ni:0.0829143276|Si:0.0001990343931|Ti:0.0002340404422|V:0.003070530588,0.06898078166839007,7,True,62,25,250
hard_ood_matbench_alloy_uts_to_ys,fold_2,Al:0.008923148087|C:0.0004661644628|Co:0.08773095148|Cr:0.09513356312|Fe:0.6862421062|Mn:0.0001020359983|Mo:0.006942449296|Nb:6.022124606e-05|Ni:0.1030363512|Si:0.000199070232|Ti:0.006662350477|V:0.00450158816,0.06697309939025009,8,True,62,25,250
hard_ood_matbench_alloy_uts_to_ys,fold_2,Al:0.0006161819585|C:0.004151225857|Co:0.01900561236|Cr:0.1820537605|Fe:0.7322162235|Mn:0.005041488752|Mo:0.01170345603|Nb:5.971763462e-05|Ni:0.0395116678|Si:0.005531633491|V:0.0001090321972,0.05752137371714001,9,True,62,25,250
hard_ood_matbench_alloy_uts_to_ys,fold_2,Al:0.0006138863696|C:0.004139233828|Co:9.368265934e-05|Cr:0.1859655778|Fe:0.729864902|Mn:0.01009813084|Mo:0.01579707596|N:0.003939270841|Nb:5.938900709e-05|Ni:0.0394926899|Si:0.009828180804|V:0.0001079800129,0.05184925208577005,10,True,62,25,250
hard_ood_matbench_alloy_uts_to_ys,fold_2,Al:0.0006304741845|C:0.008962525254|Co:0.1368858372|Cr:0.07413816877|Fe:0.730390854|Mn:0.0001029141696|Mo:0.01418816707|Nb:6.094916839e-05|Ni:0.02707741743|Si:0.0002018316724|Ti:0.0002368025067|V:0.003117400088|W:0.004006658447,0.05159268703162001,11,True,62,25,250
hard_ood_matbench_alloy_uts_to_ys,fold_2,Al:0.0004051818051|C:0.0009104085003|Co:0.08253703437|Cr:0.1460655396|Fe:0.6863079464|Mn:9.954466569e-05|Mo:0.0001140511748|Nb:5.88263954e-05|Ni:0.04752132282|Si:0.03541589111|Ti:0.0004572051479|V:0.0001070480325,0.048205793569480085,12,True,62,25,250
hard_ood_matbench_alloy_uts_to_ys,fold_2,Al:0.01809039762|C:0.00406784079|Co:9.225103315e-05|Cr:0.1829029151|Fe:0.7196180268|Mn:0.02768530464|Mo:0.0001129400514|Nb:5.846896467e-05|Ni:0.04107819569|Si:0.006186716091|V:0.0001069432345,0.04684793378838008,13,True,62,25,250
hard_ood_matbench_alloy_uts_to_ys,fold_2,Al:0.000623961252|C:0.005139680826|Co:0.09719396425|Cr:0.1279920517|Fe:0.7349543593|Mn:0.00592963177|Mo:0.02269859042|N:0.0008019501989|Nb:6.039624939e-05|Ni:9.56940574e-05|Si:0.004399726777|V:0.0001099931694,0.04500482449012003,14,True,62,25,250
hard_ood_matbench_alloy_uts_to_ys,fold_2,Al:0.00425950249|C:0.0009558883522|Co:0.08668987462|Cr:0.0001099871535|Fe:0.7369139285|Mn:0.0001049877374|Mo:0.02989650809|Nb:6.17927826e-05|Ni:0.1269851681|Si:0.0002039761756|Ti:0.00851900498|V:0.005299381032,0.04456050526077006,15,True,62,25,250
hard_ood_matbench_alloy_uts_to_ys,fold_2,Al:0.0006221778184|C:0.01120320188|Co:0.1230351634|Cr:0.09572735888|Fe:0.685195829|Mn:0.0001020291599|Mo:0.009912833088|Nb:6.021721008e-05|Ni:0.07052015466|Si:0.0001990568905|Ti:0.0003511003445|V:0.003070877657,0.04423619138231006,16,True,62,25,250
hard_ood_matbench_alloy_uts_to_ys,fold_2,Al:0.008219788751|C:0.001419963507|Co:9.649752001e-05|Cr:0.122996839|Fe:0.7579805199|Mn:0.0001039973273|Mo:0.0001189969418|Nb:6.11984272e-05|Ni:0.09319760482|Si:0.000202994783|Ti:0.003089920589|V:0.0001119971217|W:0.01239968133,0.03762805274773001,17,True,62,25,250
hard_ood_matbench_alloy_uts_to_ys,fold_2,Al:0.0008063341449|C:0.000906375602|Co:0.05542296728|Cr:0.1620671606|Fe:0.7062926877|Mn:9.904104261e-05|Mo:0.0001130468466|Nb:5.862429391e-05|Ni:0.03611496604|Si:0.03721542207|Ti:0.0007963299992|V:0.0001070443592,0.036158824424579954,18,True,62,25,250
hard_ood_matbench_alloy_uts_to_ys,fold_2,Al:0.02449385694|C:0.001379653983|Co:9.347655608e-05|Cr:0.1539613865|Fe:0.7138209737|Mn:0.006018490563|Mo:0.01439638939|Nb:5.928513129e-05|Ni:0.07977999118|Si:0.005888523158|V:0.0001079729204,0.03161553000176008,19,True,62,25,250
hard_ood_matbench_alloy_uts_to_ys,fold_2,Al:0.01860925252|C:0.000465231313|Co:9.474710826e-05|Cr:0.09664805341|Fe:0.778387014|Mn:0.0008134044247|Mo:0.01890940175|Nb:6.012989658e-05|Ni:0.08084019374|Si:0.002381183925|Ti:0.002681333159|V:0.0001100547192,0.029932166674110056,20,True,62,25,250
hard_ood_matbench_alloy_uts_to_ys,fold_2,Al:0.01059791115|C:0.0004689075783|Co:9.548118066e-05|Cr:0.05758864928|Fe:0.7858451099|Mn:0.0005118991047|Mo:0.01719661055|Nb:6.058805809e-05|Ni:0.1239755644|Si:0.001199763527|Ti:0.002349536906|V:0.0001099783233,0.029789150991759956,21,True,62,25,250
hard_ood_matbench_alloy_uts_to_ys,fold_2,Al:0.0002091274423|C:0.00797485988|Co:0.1310798801|Cr:0.03221963465|Fe:0.7224402551|Mn:0.001641000025|Mo:0.007104329378|Nb:6.063695216e-05|Ni:0.09615859905|Si:0.001000609772|V:0.0001110676846,0.025268160448119997,22,True,62,25,250
hard_ood_matbench_alloy_uts_to_ys,fold_2,Al:0.0006141750399|C:0.0009192619897|Co:9.36266836e-05|Cr:0.0001060302186|Fe:0.7842235037|Mn:0.001000285081|Mo:0.0001150327843|Nb:5.941693383e-05|Ni:0.1730493191|Si:0.03971131773|V:0.0001080307888,0.02381827520347002,23,True,62,25,250
hard_ood_matbench_alloy_uts_to_ys,fold_2,Al:0.01180505138|Co:0.07123047952|Cr:0.1190509419|Fe:0.6872940931|Mn:0.0001020436645|Mo:0.007163065076|Nb:6.01257278e-05|Ni:0.09524075352|Si:0.0001990851886|Ti:0.006892949493|V:0.0001100470891|W:0.0008513642988,0.023419292568890054,24,True,62,25,250
hard_ood_matbench_alloy_uts_to_ys,fold_2,Al:0.0006199696215|C:0.01159943163|Co:0.1149943653|Cr:0.09649527173|Fe:0.7059654077|Mn:0.0001009950512|Mo:0.007549630068|Nb:5.999706014e-05|Ni:0.05889711404|Si:0.0001989902495|Ti:0.0003489828998|V:0.003169844678,0.02329418726092998,25,True,62,25,250
hard_ood_matbench_alloy_uts_to_ys,fold_2,Al:0.01310264018|C:0.0004750957318|Co:0.111022371|Cr:0.0001100221695|Fe:0.6611332183|Mn:0.0005201048011|Mo:0.02470497805|Nb:6.151239475e-05|Ni:0.1700342619|Si:0.001020205571|Ti:0.01770356727|V:0.0001120225725,0.021830087285979932,26,False,62,25,250
hard_ood_matbench_alloy_uts_to_ys,fold_2,Al:0.0006286604605|C:0.00328822403|Co:0.1289303647|Cr:0.1689087724|Fe:0.662642107|Mn:0.0001029443997|Mo:0.02938412963|N:0.001209346832|Nb:6.076717965e-05|Ni:9.624801645e-05|Si:0.0002008914985|V:0.004547543872,0.021726549017789955,27,False,62,25,250
hard_ood_matbench_alloy_uts_to_ys,fold_2,Al:0.0006462252095|C:0.0004841687328|Co:0.1460508987|Cr:0.0001120390456|Fe:0.6602300902|Mn:0.0001060369539|Mo:0.03641268982|Nb:6.252178884e-05|Ni:0.148051596|Si:0.0002070721646|Ti:0.007522621634|V:0.0001140397429,0.021442337281340002,28,False,62,25,250
hard_ood_matbench_alloy_uts_to_ys,fold_2,Al:0.005626775295|C:0.0004677319428|Co:9.54453003e-05|Cr:0.1019415773|Fe:0.7655612568|Mn:0.0008185308999|Mo:0.01878923189|Nb:6.056529003e-05|Ni:0.1029410045|Si:0.0009994272283|Ti:0.002588516521|V:0.0001099369951,0.02139267516748997,29,False,62,25,250
hard_ood_matbench_alloy_uts_to_ys,fold_2,Al:0.02070229796|C:0.001430158748|Co:0.08520945825|Cr:0.0001100122114|Fe:0.7120790408|Mn:0.0001040115453|Mo:0.02970329707|Nb:0.001230136545|Ni:0.1460162078|Si:0.0002030225355|Ti:0.003100344138|V:0.0001120124334,0.020665023241500113,30,False,62,25,250
hard_ood_matbench_alloy_uts_to_ys,fold_2,Al:0.003399905823|C:0.0009539735749|Co:0.1199966761|Cr:0.0001099969531|Fe:0.6569818016|Mn:0.000521985541|Mo:0.02429932691|Nb:6.169829096e-05|Ni:0.1659954019|Si:0.001019971747|Ti:0.01889947648|V:0.007759785054,0.019956740773930032,31,False,62,25,250
hard_ood_matbench_alloy_uts_to_ys,fold_2,Al:0.002697614499|Co:9.491606572e-05|Cr:0.1208930942|Fe:0.7653232247|Mn:0.0005095494055|Mo:0.01198939778|Nb:6.024672382e-05|Ni:0.09441650748|Si:0.000398647476|Ti:0.003506898849|V:0.0001099028129,0.017365803112090038,32,False,62,25,250
hard_ood_matbench_alloy_uts_to_ys,fold_2,Al:0.001900548308|C:0.0009512744427|Co:0.06011734385|Cr:0.05491584322|Fe:0.7352121087|Mn:0.0001040300127|Mo:0.02860825348|Nb:6.151774787e-05|Ni:0.108031167|Si:0.0002030585824|Ti:0.009782822344|V:0.0001120323213,0.01724899533458001,33,False,62,25,250
hard_ood_matbench_alloy_uts_to_ys,fold_2,Al:0.0006277263113|C:0.01739241691|Co:0.04677960409|Cr:0.0804649173|Fe:0.8016504804|Mn:0.001849193752|Mo:0.04028243686|Nb:6.077350275e-05|Ni:9.615807508e-05|Si:0.0002009124022|V:0.01059538041,0.014900191191210088,34,False,62,25,250
hard_ood_matbench_alloy_uts_to_ys,fold_2,Al:0.005232075041|C:0.000470186476|Co:9.573796968e-05|Cr:0.05122031398|Fe:0.8223261345|Mn:0.0006162444025|Mo:0.01840730034|Nb:6.072408317e-05|Ni:0.09713852514|Si:0.001610638779|Ti:0.002711075212|V:0.0001110440401,0.01464995483777997,35,False,62,25,250
hard_ood_matbench_alloy_uts_to_ys,fold_2,Al:0.001040794855|C:0.007445686271|Co:0.1260962997|Cr:0.1541176997|Fe:0.6815204772|Mn:0.0001020779569|Mo:0.01751337496|N:0.00120091714|Nb:6.014593345e-05|Ni:9.527275981e-05|Si:0.0001991520925|V:0.01060810141,0.01398024366231004,36,False,62,25,250
hard_ood_matbench_alloy_uts_to_ys,fold_2,Al:0.0006311705423|C:0.001890510816|Co:0.09632602729|Cr:0.1310354058|Fe:0.7211948669|Mn:0.004551229742|Mo:0.03640983794|N:0.001220329733|Nb:6.111651368e-05|Ni:9.67261354e-05|Si:0.006471748666|V:0.0001110300003,0.013878499420470062,37,False,62,25,250
hard_ood_matbench_alloy_uts_to_ys,fold_2,Al:0.005219696736|C:0.001409918084|Co:9.549445177e-05|Cr:0.08119528255|Fe:0.7729550913|Mn:0.0005119702545|Mo:0.01789896007|Nb:6.059647934e-05|Ni:0.1159932608|Si:0.002199872187|Ti:0.002349863473|V:0.0001099936094,0.013502609845849908,38,False,62,25,250
hard_ood_matbench_alloy_uts_to_ys,fold_2,Al:0.007459753082|C:0.0004659845759|Co:9.489685891e-05|Cr:0.1139962267|Fe:0.7629747455|Mn:0.0005089831527|Mo:0.01199960281|Nb:6.019800745e-05|Ni:0.100996657|Si:0.0003979868266|Ti:0.0009349690525|V:0.0001099963591,0.013003552568339958,39,False,62,25,250
hard_ood_matbench_alloy_uts_to_ys,fold_2,Al:0.0006271793733|C:0.01740497782|Co:0.0477136461|Cr:0.07792228577|Fe:0.8032297237|Mn:0.002360675153|Mo:0.03350958374|Nb:0.004731353167|Ni:9.602746385e-05|Si:0.0002010575024|V:0.0122034902,0.012512398879430058,40,False,62,25,250
hard_ood_matbench_alloy_uts_to_ys,fold_2,Al:0.0006070708452|C:0.0009091060927|Co:9.261080768e-05|Cr:0.0001050122549|Fe:0.7650892859|Mn:0.001090127218|Mo:0.0001140133054|Nb:5.870685109e-05|Ni:0.1700198413|Si:0.0618072129|V:0.0001070124884,0.011564467432740009,41,False,62,25,250
hard_ood_matbench_alloy_uts_to_ys,fold_2,Al:0.0008360110353|C:0.007040092929|Co:0.1170015444|Cr:0.1560020592|Fe:0.6830090157|Mn:0.0001030013596|Mo:0.02990039469|N:0.001210015972|Nb:6.070080125e-05|Ni:9.610126854e-05|Si:0.0002010026532|V:0.004540059929,0.010881303889680078,42,False,62,25,250
hard_ood_matbench_alloy_uts_to_ys,fold_2,Al:0.0006323255212|C:0.0009464872516|Co:0.1480762296|Cr:0.0001090561421|Fe:0.6993600305|Mn:0.0001030530517|Mo:0.005452807105|Nb:6.123152199e-05|Ni:0.1400721091|Si:0.0002021040432|Ti:0.004872508367|V:0.0001120576873,0.010688109654250046,43,False,62,25,250
hard_ood_matbench_alloy_uts_to_ys,fold_2,Al:0.0006248534719|C:0.01029758522|Co:0.1329688188|Cr:0.0327923102|Fe:0.7088337785|Mn:0.0001019760866|Mo:0.00691837764|Nb:6.048581608e-05|Ni:0.1069749144|Si:0.000199953111|Ti:0.0001169725699|V:0.000109974211,0.008955942078880074,44,False,62,25,250
hard_ood_matbench_alloy_uts_to_ys,fold_2,Al:0.005190164528|Co:9.50030116e-05|Cr:0.1120035505|Fe:0.7650242513|Mn:0.0007130226028|Mo:0.01280040577|Nb:6.030191157e-05|Ni:0.09920314474|Si:0.001990063085|Ti:0.00281008908|V:0.0001100034871,0.00843328009877,45,False,62,25,250
hard_ood_matbench_alloy_uts_to_ys,fold_2,Al:0.0107974097|C:0.0009367752676|Co:9.537711903e-05|Cr:0.05218748022|Fe:0.8138047682|Mn:0.000716828033|Mo:0.01879549096|Nb:6.048548953e-05|Ni:0.09767656739|Si:0.001999520315|Ti:0.002819323644|V:0.0001099736173,0.008019908877340037,46,False,62,25,250
hard_ood_matbench_alloy_uts_to_ys,fold_2,Al:0.002709869655|C:0.007949617623|Co:0.1089947574|Cr:0.1559924968|Fe:0.6839671012|Mn:0.000101995094|Mo:0.03059852821|N:0.00480976865|Nb:6.03970949e-05|Ni:9.569539705e-05|Si:0.0001999903805|V:0.004519782598,0.007322682167760044,47,False,62,25,250
hard_ood_matbench_alloy_uts_to_ys,fold_2,Al:0.002560217618|C:0.0009590815219|Co:0.06750573799|Cr:0.0001110094358|Fe:0.7070601001|Mn:0.0001050089258|Mo:0.03060260122|Nb:6.200527045e-05|Ni:0.1830155563|Si:0.0002050174265|Ti:0.007700654556|V:0.0001130096058,0.0060005100439999804,48,False,62,25,250
hard_ood_matbench_alloy_uts_to_ys,fold_2,Al:0.009817885228|C:0.0004698987838|Co:9.567939066e-05|Cr:0.05058910311|Fe:0.7998277171|Mn:0.0006158673422|Mo:0.01859599442|Nb:6.068692804e-05|Ni:0.1169748036|Si:0.0006018703571|Ti:0.002239517608|V:0.0001109760957,0.0056025190879800384,49,False,62,25,250
hard_ood_matbench_alloy_uts_to_ys,fold_2,Al:0.001050734463|C:0.005643945118|Co:0.1290902341|Cr:0.1561091203|Fe:0.6724700566|Mn:0.0001030720474|Mo:0.02942056497|N:0.001210846382|Nb:6.084252893e-05|Ni:9.626729084e-05|Si:0.0002011405973|V:0.00454317568,0.005506585921040063,50,False,62,25,250
hard_ood_matbench_alloy_uts_to_ys,fold_2,Al:0.0006176622623|C:0.009244944864|Co:0.1449207573|Cr:0.1349262223|Fe:0.6736316582|Mn:0.005157180054|Mo:0.01149371524|Nb:5.976731923e-05|Ni:0.009744671614|Si:0.01009448034|V:0.0001089404314,0.004971678614990016,51,False,62,25,250
hard_ood_matbench_alloy_uts_to_ys,fold_2,Al:0.0006168846426|C:0.008778358447|Co:0.1289758815|Cr:0.1349747597|Fe:0.6958698723|Mn:0.0001009811165|Mo:0.0112978873|Nb:0.0001199775642|Ni:0.009268266834|Si:0.009888150916|V:0.0001089796208,0.004945352849299936,52,False,62,25,250
hard_ood_matbench_alloy_uts_to_ys,fold_2,Al:0.01580720809|C:0.001850843985|Co:9.42429748e-05|Cr:0.1340611319|Fe:0.7553444371|Mn:0.000101046077|Mo:0.01270579384|Nb:5.982728124e-05|Ni:0.07943622292|Si:0.0001980903292|Ti:0.0002321058403|V:0.0001090497267,0.004744176947749956,53,False,62,25,250
hard_ood_matbench_alloy_uts_to_ys,fold_2,Al:0.001901401904|C:0.0004743497381|Co:9.657120195e-05|Cr:0.000109080425|Fe:0.7875806832|Mn:0.0002071527337|Mo:0.01811335498|Nb:6.124515605e-05|Ni:0.1761298605|Si:0.0002031497823|Ti:0.01501106766|V:0.0001120826385,0.0036996991220599185,54,False,62,25,250
hard_ood_matbench_alloy_uts_to_ys,fold_2,Al:0.0166973301|C:0.001849704232|Co:9.418493983e-05|Cr:0.1319788966|Fe:0.7578788152|Mn:0.0001009838527|Mo:0.01269796959|Nb:5.96904555e-05|Ni:0.07798752979|Si:0.0001979683449|Ti:0.0003479443637|V:0.0001089825737,0.0035319751185600395,55,False,62,25,250
hard_ood_matbench_alloy_uts_to_ys,fold_2,Al:0.0019015903|C:0.000473395901|Co:9.65807705e-05|Cr:0.000109091233|Fe:0.786657882|Mn:0.00031025947|Mo:0.0182152334|Nb:6.12512244e-05|Ni:0.175146475|Si:0.000202169074|Ti:0.0167139779|V:0.000112093744,0.00331735677906009,56,False,62,25,250
hard_ood_matbench_alloy_uts_to_ys,fold_2,Al:0.006217978535|Co:9.486915804e-05|Cr:0.1099642506|Fe:0.7657510543|Mn:0.003658810521|Mo:0.01179616507|Nb:6.018043534e-05|Ni:0.09806811805|Si:0.001589483259|Ti:0.002689125765|V:0.0001099642506,0.0023406157064800328,57,False,62,25,250
hard_ood_matbench_alloy_uts_to_ys,fold_2,Al:0.02089672757|C:0.001379783926|Co:9.39852819e-05|Cr:0.1339790189|Fe:0.7518822552|Mn:0.0001009841859|Mo:0.01279799583|Nb:5.95906681e-05|Ni:0.07838772448|Si:0.0001969691546|Ti:0.0001159818372|V:0.0001089829333,0.001999686839999921,58,False,62,25,250
hard_ood_matbench_alloy_uts_to_ys,fold_2,Al:0.0215010428|C:0.001380066933|Co:9.390455437e-05|Cr:0.1340064993|Fe:0.7510364253|Mn:0.0001010048987|Mo:0.01280062083|N:0.0003950191584|Nb:5.960289074e-05|Ni:0.07820379288|Si:0.000197009555|Ti:0.0001160056263|V:0.0001090052868,0.001950873074009984,59,False,62,25,250
hard_ood_matbench_alloy_uts_to_ys,fold_2,Al:0.00104028868|C:0.009842731358|Co:0.1280355299|Cr:0.1580438572|Fe:0.6671851439|Mn:0.0001020283129|Mo:0.02950818852|N:0.0008042231719|Nb:6.061682117e-05|Ni:9.592661964e-05|Si:0.0002000555154|V:0.005081410091,0.001884442969710003,60,False,62,25,250
hard_ood_matbench_alloy_uts_to_ys,fold_2,Al:0.02179625976|C:0.001379763233|Co:9.398387237e-05|Cr:0.1329771811|Fe:0.7518709789|Mn:0.0001009826714|Mo:0.0127978039|Nb:5.958977439e-05|Ni:0.07838654887|Si:0.0001969662006|Ti:0.0002309603672|V:0.0001089812988,0.0013191406333099877,61,False,62,25,250
hard_ood_matbench_alloy_uts_to_ys,fold_2,Al:0.0002079651658|C:0.0107981913|Co:0.1289783961|Cr:0.03359437294|Fe:0.7108809274|Mn:0.0001019829179|Mo:0.006968832721|Nb:6.048986795e-05|Ni:0.107981913|Si:0.0001999665056|Ti:0.0001169804058|V:0.0001099815781,0.0012869213725500432,62,False,62,25,250
hard_ood_matbench_alloy_uts_to_ys,fold_3,Al:0.0006155625812|C:0.005066399816|Co:9.393325103e-05|Cr:0.1269098179|Fe:0.8184184319|Mn:0.006855128746|Mo:0.01019275703|N:0.0007904383145|Nb:5.955767831e-05|Ni:0.02248402285|Si:0.00492649923|V:0.003587450757,0.14519058921411002,1,True,62,25,250
hard_ood_matbench_alloy_uts_to_ys,fold_3,Al:0.0006302117511|C:0.01370460475|Co:0.06892315818|Cr:0.01110373085|Fe:0.7872645209|Mn:0.0001030346196|Mo:0.01180396613|Nb:6.102050289e-05|Ni:0.1010339474|Si:0.0002020678948|Ti:0.0001180396613|V:0.001110373085|W:0.003941324285,0.12063835231386996,2,True,62,25,250
hard_ood_matbench_alloy_uts_to_ys,fold_3,Al:0.0006150153754|C:0.005520138003|Co:0.03750093752|Cr:0.1280032001|Fe:0.7550188755|Mn:0.005430135753|Mo:0.01730043251|N:0.001970049251|Nb:0.002440061002|Ni:0.01880047001|Si:0.02360059001|V:0.003800095002,0.08718357562576999,3,True,62,25,250
hard_ood_matbench_alloy_uts_to_ys,fold_3,Al:0.0008451517047|C:0.008541533205|Co:0.1880337521|Cr:0.1470263912|Fe:0.6231118486|Mn:0.0001040186714|Mo:0.01790321363|N:0.001630292638|Nb:6.141102328e-05|Ni:9.711743258e-05|Si:0.000203036445|V:0.005150924591|W:0.00729130879,0.06568704488489993,4,True,62,25,250
hard_ood_matbench_alloy_uts_to_ys,fold_3,Al:0.01590501485|C:0.0004701482377|Co:0.1470463637|Cr:0.0001090343785|Fe:0.671211633|Mn:0.0005141621153|Mo:0.008822781823|Nb:6.071914475e-05|Ni:0.1410444713|Si:0.001000315399|Ti:0.01370432097|V:0.0001110350093,0.05931231850193997,5,True,62,25,250
hard_ood_matbench_alloy_uts_to_ys,fold_3,Al:0.0006216851165|C:0.01859058387|Co:0.04667635842|Cr:0.1309336821|Fe:0.7566167736|Mn:0.001629174823|Mo:0.03408273709|Nb:6.016952414e-05|Ni:9.525175499e-05|Si:0.0001988992575|V:0.01049468444,0.05447536268311998,6,True,62,25,250
hard_ood_matbench_alloy_uts_to_ys,fold_3,Al:0.00062000434|C:0.0162001134|Co:0.17000119|Cr:0.0965006755|Fe:0.687004809|Mn:0.000101000707|Mo:0.0116000812|Nb:6.000042e-05|Ni:0.0142000994|Si:0.000199001393|Ti:0.000233001631|V:0.00328002296,0.05362216213222002,7,True,62,25,250
hard_ood_matbench_alloy_uts_to_ys,fold_3,Al:0.0006349362524|C:0.0004749523148|Co:0.1449854435|Cr:0.0001099889571|Fe:0.6729324376|Mn:0.0001039895594|Mo:0.01489850419|Nb:6.139383606e-05|Ni:0.1439855439|Si:0.0002029796208|Ti:0.02149784162|V:0.0001119887563,0.05194609223993994,8,True,62,25,250
hard_ood_matbench_alloy_uts_to_ys,fold_3,Al:0.0006157853372|C:0.005987912614|Co:9.396724302e-05|Cr:0.164942501|Fe:0.7537372472|Mn:0.01009648037|Mo:0.01589445919|N:0.00394862351|Nb:5.957923068e-05|Ni:0.03958620025|Si:0.004928282001|V:0.0001089620158,0.04243305824388003,9,True,62,25,250
hard_ood_matbench_alloy_uts_to_ys,fold_3,Al:0.0006346402859|C:0.01808974673|Co:0.0475730356|Cr:0.08155377532|Fe:0.7815570135|Mn:0.001868940684|Mo:0.05756737081|Nb:6.146516155e-05|Ni:9.72448816e-05|Si:0.0002028850048|V:0.01079388203,0.04018693379452002,10,True,62,25,250
hard_ood_matbench_alloy_uts_to_ys,fold_3,Al:0.001019911166|C:0.0004599599375|Co:9.369183944e-05|Cr:0.0001059907682|Fe:0.8029300648|Mn:0.0004019649888|Mo:0.0001149899844|Nb:5.939482671e-05|Ni:0.1569863265|Si:0.036796795|Ti:0.0009229196137|V:0.000107990594,0.0400705640222599,11,True,62,25,250
hard_ood_matbench_alloy_uts_to_ys,fold_3,Al:0.000637586334|C:0.0004776900747|Co:0.1499027431|Cr:0.0001099286783|Fe:0.6855552118|Mn:0.0001039325685|Mo:0.01848800498|Nb:6.175993016e-05|Ni:0.1429072818|Si:0.0002038677306|Ti:0.001439066334|V:0.0001129267331,0.03541411599206996,12,True,62,25,250
hard_ood_matbench_alloy_uts_to_ys,fold_3,Al:0.0006374271442|C:0.0004775708071|Co:0.1488662139|Cr:0.0001099012318|Fe:0.6763921264|Mn:0.0001039066191|Mo:0.01878311961|Nb:6.16446e-05|Ni:0.1458689076|Si:0.0002038168298|Ti:0.008382466677|V:0.0001128985381,0.03263472010370001,13,True,62,25,250
hard_ood_matbench_alloy_uts_to_ys,fold_3,Al:0.0006219098231|C:0.009308650246|Co:0.1299811527|Cr:0.1129836174|Fe:0.7108969199|Mn:0.0001019852121|Mo:0.01149833274|Nb:0.0006019127227|Ni:0.023696564|Si:0.0001989711492|V:0.0001099840523,0.02999795390430008,14,True,62,25,250
hard_ood_matbench_alloy_uts_to_ys,fold_3,Al:0.004318800237|C:0.001389613965|Co:9.407386628e-05|Cr:0.1139683396|Fe:0.7787836539|Mn:0.00010097195|Mo:0.0001159677841|Nb:5.968341995e-05|Ni:0.09727297757|Si:0.0001979450109|Ti:0.003589002975|V:0.0001089697282,0.027895765527709976,15,True,62,25,250
hard_ood_matbench_alloy_uts_to_ys,fold_3,Al:0.02159513246|C:0.0004748929591|Co:0.08518080025|Cr:0.0001099752116|Fe:0.6758476639|Mn:0.0001039765637|Mo:0.02789371276|Nb:6.138616356e-05|Ni:0.1799594371|Si:0.0002029542541|Ti:0.008458093546|V:0.0001119747609,0.023875202468840055,16,True,62,25,250
hard_ood_matbench_alloy_uts_to_ys,fold_3,Al:0.003607785902|C:0.0004767074446|Co:0.1149294678|Cr:0.0001099325344|Fe:0.6665909132|Mn:0.0005216798451|Mo:0.02328570956|Nb:6.166215793e-05|Ni:0.1708951217|Si:0.00101937441|Ti:0.01838871485|V:0.0001129306944,0.021830087285979932,17,True,62,25,250
hard_ood_matbench_alloy_uts_to_ys,fold_3,Al:0.0004249708045|Co:0.1169919627|Cr:0.0001099924435|Fe:0.6549550046|Mn:0.0005219641411|Mo:0.02149852305|Nb:6.16957615e-05|Ni:0.1759879096|Si:0.001019929931|Ti:0.02279843375|V:0.005629613246,0.021545080486910048,18,True,62,25,250
hard_ood_matbench_alloy_uts_to_ys,fold_3,Al:0.02009490795|C:0.0004748796655|Co:0.08417866913|Cr:0.0001099721331|Fe:0.672829505|Mn:0.0001039736531|Mo:0.0285927546|Nb:6.138444518e-05|Ni:0.1799543996|Si:0.0002029485728|Ti:0.008577826379|V:0.004818778921,0.021020167526119973,19,True,62,25,250
hard_ood_matbench_alloy_uts_to_ys,fold_3,Al:0.000207917145|C:0.007017203644|Co:0.1149541908|Cr:0.03208721325|Fe:0.7407048291|Mn:0.00163934672|Mo:0.00585766572|Nb:6.047590035e-05|Ni:0.0963615999|Si:0.0009996016587|V:0.0001099561825,0.020570964314470024,20,True,62,25,250
hard_ood_matbench_alloy_uts_to_ys,fold_3,Al:0.004874727495|C:0.0004764846342|Co:0.1188714287|Cr:0.0001098811525|Fe:0.6612847544|Mn:0.0005204370952|Mo:0.02357450182|Nb:6.153344543e-05|Ni:0.1678184875|Si:0.00101889796|Ti:0.02127698681|V:0.0001118789917,0.019956740773930032,21,True,62,25,250
hard_ood_matbench_alloy_uts_to_ys,fold_3,Al:0.005389918612|Co:9.489856703e-05|Cr:0.1119983088|Fe:0.7779882524|Mn:0.001219981578|Mo:0.01149982635|Nb:6.019909099e-05|Ni:0.08759867726|Si:0.001589975991|Ti:0.002449963006|V:0.000109998339,0.019921738212060065,22,True,62,25,250
hard_ood_matbench_alloy_uts_to_ys,fold_3,Al:0.004139544236|C:0.0004649488091|Co:9.488955266e-05|Cr:0.1049884408|Fe:0.7799141315|Mn:0.001219865693|Mo:0.009908909029|Nb:6.019337271e-05|Ni:0.09528950863|Si:0.00158982496|Ti:0.002219755605|V:0.0001099878903,0.01986035009335001,23,True,62,25,250
hard_ood_matbench_alloy_uts_to_ys,fold_3,Al:0.0006110226078|C:0.009160338933|Co:0.1290047732|Cr:0.1340049582|Fe:0.6770250499|Mn:0.0001000037001|Mo:0.01130041812|Nb:0.0004740175386|Ni:0.008810325982|Si:0.02940108784|V:0.0001080039961,0.018983779523599927,24,True,62,25,250
hard_ood_matbench_alloy_uts_to_ys,fold_3,Al:0.0006364929001|Co:0.10608215|Cr:0.111086025|Fe:0.6805270001|Mn:0.0001040806|Mo:0.03272534251|N:0.0004083162001|Nb:6.164774001e-05|Ni:0.06805270001|Si:0.0002041581|V:0.0001120868,0.018250908824820056,25,True,62,25,250
hard_ood_matbench_alloy_uts_to_ys,fold_3,Al:0.009519467862|C:0.001399921744|Co:9.479470098e-05|Cr:0.1149935719|Fe:0.765957183|Mn:0.0001019942985|Mo:0.01429920067|Nb:6.00966406e-05|Ni:0.08999496928|Si:0.0001989888765|Ti:0.003269817217|V:0.0001099938513,0.018187852716099982,26,False,62,25,250
hard_ood_matbench_alloy_uts_to_ys,fold_3,Al:0.01489967072|C:0.000944979116|Co:0.05969868066|Cr:0.05569876906|Fe:0.7189841105|Mn:0.0001029977238|Mo:0.03019933259|Nb:6.109864972e-05|Ni:0.1079976133|Si:0.0002019955359|Ti:0.0110997547|V:0.000110997547,0.017110932436640015,27,False,62,25,250
hard_ood_matbench_alloy_uts_to_ys,fold_3,Al:0.0006211788374|C:0.01120322541|Co:0.1230354219|Cr:0.09562753117|Fe:0.7072036039|Mn:0.0001020293743|Mo:0.009902851031|Nb:6.011730777e-05|Ni:0.04851396717|Si:0.0001990573086|Ti:0.000350100794|V:0.003180915786,0.01628684951922,28,False,62,25,250
hard_ood_matbench_alloy_uts_to_ys,fold_3,Al:0.001039267213|C:0.0004676702457|Co:9.54327104e-05|Cr:0.0001079239029|Fe:0.8054320898|Mn:0.01758759898|Mo:0.0001169175614|Nb:6.055730105e-05|Ni:0.173877399|Si:0.0004007174541|Ti:0.0007045032548|V:0.0001099224936,0.016001848014380034,29,False,62,25,250
hard_ood_matbench_alloy_uts_to_ys,fold_3,Al:0.0006320808431|C:0.001890241762|Co:0.1450185479|Cr:0.1340171408|Fe:0.6710858319|Mn:0.005690727844|Mo:0.0347044387|N:0.001220156058|Nb:6.120782848e-05|Ni:9.69123951e-05|Si:0.005470699702|V:0.0001120143266,0.01507870006972998,30,False,62,25,250
hard_ood_matbench_alloy_uts_to_ys,fold_3,Al:0.0006217087295|C:0.006986726719|Co:0.1299391235|Cr:0.1549274165|Fe:0.6836796961|Mn:0.0001019522354|Mo:0.01769171143|N:0.001199438063|Nb:6.017180951e-05|Ni:9.525537286e-05|Si:0.0001989068122|V:0.004497892737,0.01398024366231004,31,False,62,25,250
hard_ood_matbench_alloy_uts_to_ys,fold_3,Al:0.002079293872|C:0.0009336829213|Co:9.516768106e-05|Cr:0.0001079633357|Fe:0.8007280727|Mn:0.0001019653726|Mo:0.001749405902|Nb:6.037949512e-05|Ni:0.1709419481|Si:0.0001999321031|Ti:0.0228922258|V:0.0001099626567,0.013454932242759959,32,False,62,25,250
hard_ood_matbench_alloy_uts_to_ys,fold_3,Al:0.0006320429157|C:0.01660112722|Co:0.04730321189|Cr:0.07820531014|Fe:0.8040545953|Mn:0.002380161613|Mo:0.03430232913|Nb:6.120415576e-05|Ni:9.690657996e-05|Si:0.0002020137167|V:0.01140077411|W:0.004760323226,0.013374299830049997,33,False,62,25,250
hard_ood_matbench_alloy_uts_to_ys,fold_3,Al:0.0006252605461|C:0.01780742035|Co:0.04661942631|Cr:0.07993330821|Fe:0.8183410027|Mn:0.001940808735|Mo:0.03371404864|Nb:6.052522086e-05|Ni:9.58399365e-05|Si:0.0002000833747|V:0.0006622759704,0.012938164865409985,34,False,62,25,250
hard_ood_matbench_alloy_uts_to_ys,fold_3,Al:0.002341019046|Co:0.1260548717|Cr:0.0001100479039|Fe:0.6442804553|Mn:0.0005212268901|Mo:0.02150936303|Nb:6.172686971e-05|Ni:0.1770770817|Si:0.001020444199|Ti:0.02691171467|V:0.0001120487748,0.01239171993859995,35,False,62,25,250
hard_ood_matbench_alloy_uts_to_ys,fold_3,Al:0.01059310389|C:0.001908757399|Co:0.08554431065|Cr:0.0001099284366|Fe:0.7205309344|Mn:0.00010393234|Mo:0.02988054776|Nb:0.001229199791|Ni:0.1469043653|Si:0.0002038672824|Ti:0.00287812634|V:0.0001129264849,0.011666034693000048,36,False,62,25,250
hard_ood_matbench_alloy_uts_to_ys,fold_3,Al:0.01080547189|C:0.0004672366086|Co:9.524823371e-05|Cr:0.08204154584|Fe:0.7853977254|Mn:0.0005112589015|Mo:0.01780901849|Nb:6.043060206e-05|Ni:0.09854990567|Si:0.001800911982|Ti:0.002351190643|V:0.0001100557322,0.010323602579449937,37,False,62,25,250
hard_ood_matbench_alloy_uts_to_ys,fold_3,Al:0.004809392093|C:0.0009388813254|Co:9.568790505e-05|Cr:0.05399317526|Fe:0.7968992719|Mn:0.002149728274|Mo:0.01749778828|Nb:6.069232849e-05|Ni:0.1179850867|Si:0.003809518477|Ti:0.001649791466|V:0.0001109859714,0.009818709327310046,38,False,62,25,250
hard_ood_matbench_alloy_uts_to_ys,fold_3,Al:0.004391271712|C:0.0004701361514|Co:9.572772275e-05|Cr:0.05011451316|Fe:0.8072337749|Mn:0.0005131486078|Mo:0.01640475082|Nb:6.071758381e-05|Ni:0.1160336033|Si:0.002210640201|Ti:0.002360683654|V:0.0001110321549,0.009814090190059988,39,False,62,25,250
hard_ood_matbench_alloy_uts_to_ys,fold_3,Al:0.001670280774|C:0.0009361573681|Co:9.541603944e-05|Cr:0.0001080181579|Fe:0.7991343345|Mn:0.0001020171491|Mo:0.003750630481|Nb:6.051017176e-05|Ni:0.1700285818|Si:0.0002000336257|Ti:0.02380400145|V:0.0001100184941,0.00967949734683998,40,False,62,25,250
hard_ood_matbench_alloy_uts_to_ys,fold_3,Al:0.0006216633148|C:0.006977444934|Co:0.1301388582|Cr:0.150160221|Fe:0.6907370164|Mn:0.0001021089502|Mo:0.01161239042|Nb:0.0004815137752|Ni:0.008859453036|Si:0.0001992125598|V:0.0001101174954,0.008531620456599887,41,False,62,25,250
hard_ood_matbench_alloy_uts_to_ys,fold_3,Al:0.0006265502622|C:0.007974276065|Co:0.1309060356|Cr:0.1548888208|Fe:0.669519419|Mn:0.0001029261196|Mo:0.02987855317|N:0.001209132085|Nb:6.065646079e-05|Ni:9.60310689e-05|Si:0.0002008558257|V:0.004536743525,0.008402267034199976,42,False,62,25,250
hard_ood_matbench_alloy_uts_to_ys,fold_3,Al:0.009574486053|C:0.0004677306339|Co:9.534509076e-05|Cr:0.08265240048|Fe:0.7675579634|Mn:0.0005117053089|Mo:0.01788969732|Nb:6.04651781e-05|Ni:0.1169326585|Si:0.001798963977|Ti:0.002348647414|V:0.0001099366875,0.008233746822850028,43,False,62,25,250
hard_ood_matbench_alloy_uts_to_ys,fold_3,Al:0.000616362681|C:0.007841891484|Co:0.131863653|Cr:0.1338615871|Fe:0.689287277|Mn:0.0001008956739|Mo:0.01148812128|Nb:0.0004765072915|Ni:0.008970724271|Si:0.01538409285|V:0.0001088874104,0.00809973746759996,44,False,62,25,250
hard_ood_matbench_alloy_uts_to_ys,fold_3,Al:0.008148472976|Co:9.568206918e-05|Cr:0.05428982609|Fe:0.8018497334|Mn:0.0004099231804|Mo:0.01749672111|Nb:6.068862695e-05|Ni:0.1139786404|Si:0.001199775162|Ti:0.002359557819|V:0.0001109792025,0.0073188116711899575,45,False,62,25,250
hard_ood_matbench_alloy_uts_to_ys,fold_3,Al:0.0006169588488|C:0.00876941508|Co:0.1409905959|Cr:0.1339910628|Fe:0.6879541135|Mn:0.0001009932637|Mo:0.008559429086|Nb:5.969601828e-05|Ni:0.008979401074|Si:0.009869341715|V:0.0001089927302,0.0071323876076500245,46,False,62,25,250
hard_ood_matbench_alloy_uts_to_ys,fold_3,Al:0.001670472075|C:0.0004701328595|Co:9.572705247e-05|Cr:0.08622436701|Fe:0.7922238825|Mn:0.0004111161814|Mo:0.01810511651|Nb:6.071715867e-05|Ni:0.09802770263|Si:0.002010568187|Ti:0.0005891664985|V:0.0001110313775,0.005941960569530013,47,False,62,25,250
hard_ood_matbench_alloy_uts_to_ys,fold_3,Al:0.001459909778|C:0.007519535293|Co:0.1289920283|Cr:0.1559903598|Fe:0.6739583494|Mn:0.000102993635|Mo:0.03029812758|N:0.001209925227|Nb:6.069624897e-05|Ni:9.609406139e-05|Si:0.000200987579|V:0.0001109931406,0.005905331000170048,48,False,62,25,250
hard_ood_matbench_alloy_uts_to_ys,fold_3,Al:0.01190468926|C:0.0004691848119|Co:9.553763227e-05|Cr:0.05041986038|Fe:0.7983144561|Mn:0.0008203231253|Mo:0.01840725062|Nb:6.062387975e-05|Ni:0.1160457104|Si:0.001000394055|Ti:0.00235092603|V:0.0001110437401,0.0056025190879800384,49,False,62,25,250
hard_ood_matbench_alloy_uts_to_ys,fold_3,Al:0.0006211664105|C:0.008362240244|Co:0.1180316207|Cr:0.09772618084|Fe:0.7371974952|Mn:0.0001020273331|Mo:0.007562025867|Nb:6.01161051e-05|Ni:0.02660712805|Si:0.0001990533264|Ti:0.0003500937901|V:0.00318085215,0.0054748335818499486,50,False,62,25,250
hard_ood_matbench_alloy_uts_to_ys,fold_3,Al:0.0006174214761|C:0.009710900886|Co:0.129878304|Cr:0.1348736234|Fe:0.6963475224|Mn:0.0001009054516|Mo:0.01148923459|Nb:0.0004785515972|Ni:0.009081490643|Si:0.007313147581|V:0.0001088979626,0.0053126391922999425,51,False,62,25,250
hard_ood_matbench_alloy_uts_to_ys,fold_3,Al:0.006419286817|C:0.0004659482332|Co:9.488945778e-05|Cr:0.1109876693|Fe:0.7679146847|Mn:0.001219864473|Mo:0.01189867806|Nb:6.019331252e-05|Ni:0.09718920228|Si:0.001189867806|Ti:0.002449727835|V:0.0001099877804,0.005073314152030004,52,False,62,25,250
hard_ood_matbench_alloy_uts_to_ys,fold_3,Al:0.000209069913|C:0.007502508839|Co:0.1320441556|Cr:0.0211070582|Fe:0.7342455317|Mn:0.0006152057248|Mo:0.005751923443|Nb:6.062027142e-05|Ni:0.09743258146|Si:0.0008022682785|Ti:0.0001180394724|V:0.0001110371308,0.004949279060779973,53,False,62,25,250
hard_ood_matbench_alloy_uts_to_ys,fold_3,Al:0.002080640005|Co:0.04091258471|Cr:0.154047385|Fe:0.7022160016|Mn:0.0001020313849|Mo:0.01520467696|Nb:6.041858476e-05|Ni:0.07932440019|Si:0.0002000615389|Ti:0.005741766167|V:0.0001100338464,0.0025414129327299257,54,False,62,25,250
hard_ood_matbench_alloy_uts_to_ys,fold_3,Al:0.0006190885297|C:0.01070153032|Co:0.1180168764|Cr:0.09641378717|Fe:0.7361052631|Mn:0.0001010144451|Mo:0.007551079804|Nb:6.000858123e-05|Ni:0.02660380434|Si:0.000198028318|Ti:0.0003490499141|V:0.003280469107,0.00254018204278002,55,False,62,25,250
hard_ood_matbench_alloy_uts_to_ys,fold_3,Al:0.02518338904|C:0.0004686908515|Co:0.0816461462|Cr:0.1189215593|Fe:0.6675596776|Mn:0.0001019327651|Mo:0.02928068646|Nb:6.056005459e-05|Ni:0.07634963978|Si:0.000199868167|Ti:0.0001179222185|V:0.0001099274918,0.0024789492908000024,56,False,62,25,250
hard_ood_matbench_alloy_uts_to_ys,fold_3,Al:0.01909777511|C:0.0004759445525|Co:0.08918960941|Cr:0.0001099871865|Fe:0.7039179936|Mn:0.0001039878854|Mo:0.03039645881|Nb:6.149283608e-05|Ni:0.14798276|Si:0.0002029763533|Ti:0.008349027338|V:0.0001119869535,0.0023666531707200677,57,False,62,25,250
hard_ood_matbench_alloy_uts_to_ys,fold_3,Al:0.0006155980145|C:0.009673683085|Co:0.1299151654|Cr:0.1329132077|Fe:0.6915484189|Mn:0.00010093409|Mo:0.01139256066|Nb:0.0004766887223|Ni:0.00886421167|Si:0.01439060294|V:0.0001089288694,0.0019322144470000347,58,False,62,25,250
hard_ood_matbench_alloy_uts_to_ys,fold_3,Al:0.02089079552|C:0.001839189653|Co:9.395860184e-05|Cr:0.132941426|Fe:0.7516688147|Mn:0.000100955519|Mo:0.0127943628|Nb:5.95737518e-05|Ni:0.07826551621|Si:0.00019691324|Ti:0.001039541978|V:0.0001089519958,0.0017716107425099876,59,False,62,25,250
hard_ood_matbench_alloy_uts_to_ys,fold_3,Al:0.0216940233|C:0.001379619915|Co:9.387413768e-05|Cr:0.1329633686|Fe:0.7507931565|Mn:0.0001009721822|Mo:0.01279647457|N:0.0003948912075|Nb:5.958358472e-05|Ni:0.07837840675|Si:0.0001969457414|Ti:0.001039713559|V:0.0001089699788,0.0015965905466999552,60,False,62,25,250
hard_ood_matbench_alloy_uts_to_ys,fold_3,Al:0.02200623877|C:0.001840521788|Co:9.39266282e-05|Cr:0.1330377162|Fe:0.7512129689|Mn:0.0001010286416|Mo:0.01290365819|Nb:5.961690139e-05|Ni:0.07832220434|Si:0.0001970558653|Ti:0.0001160328953|V:0.0001090309103,0.0011240027681799925,61,False,62,25,250
hard_ood_matbench_alloy_uts_to_ys,fold_3,Al:0.002300251417|C:0.00141015413|Co:9.591048302e-05|Cr:0.000109011915|Fe:0.779085154|Mn:0.0001030112591|Mo:0.01300142106|Nb:6.080664617e-05|Ni:0.1740190203|Si:0.0002010219717|Ti:0.0295032247|V:0.0001110121336,0.0004191676323000316,62,False,62,25,250
hard_ood_matbench_alloy_uts_to_ys,fold_4,Al:0.0006192402652|C:0.01250485188|Co:0.03691432276|Cr:0.004391703981|Fe:0.8603338095|Mn:0.002741063533|Mo:0.002841102348|Nb:6.002328904e-05|Ni:0.07863050864|Si:0.0001980768538|V:0.0007652969352,0.15141463505125005,1,True,62,25,250
hard_ood_matbench_alloy_uts_to_ys,fold_4,Al:0.0006231821561|C:0.01910558456|Co:0.0001900555532|Cr:0.07532201663|Fe:0.8582508667|Mn:0.001940567228|Mo:0.03410997034|Nb:6.031763084e-05|Ni:9.542789357e-05|Si:0.0001990581847|V:0.01010295309,0.09753175601258991,2,True,62,25,250
hard_ood_matbench_alloy_uts_to_ys,fold_4,Al:0.004211023279|C:0.0004731149669|Co:0.07841905583|Cr:0.08662104891|Fe:0.7181745164|Mn:0.0001030250351|Mo:0.00118028681|N:0.0004050984389|Ni:0.09692355242|Si:0.0006061472938|Ti:0.005811412173|W:0.007071718428,0.07964848731365992,3,True,62,25,250
hard_ood_matbench_alloy_uts_to_ys,fold_4,Al:0.01790721482|C:0.002741104391|Co:0.01890761788|Cr:0.1730697298|Fe:0.7032833529|Mn:0.020908424|Mo:0.008643482459|Nb:5.912382099e-05|Ni:0.0481193873|Si:0.00625251914|V:0.0001080435307,0.06890931810497,4,True,62,25,250
hard_ood_matbench_alloy_uts_to_ys,fold_4,Al:0.002080196995|C:0.001400132593|Co:0.06560621291|Cr:0.0001080102286|Fe:0.7240685693|Mn:0.0005100483016|Mo:0.0001170110809|Nb:6.030571095e-05|Ni:0.1570148693|Si:0.003390321063|Ti:0.001640155323|V:0.04400416719,0.06816706937946,5,True,62,25,250
hard_ood_matbench_alloy_uts_to_ys,fold_4,Al:0.0006194783992|C:0.008802588221|Co:0.1898401546|Cr:0.1348864256|Fe:0.6354649385|Mn:0.0002028292178|Mo:0.01139040928|Nb:5.99495225e-05|Ni:0.008912495679|Si:0.009711822645|V:0.0001089082992,0.05969939940870009,6,True,62,25,250
hard_ood_matbench_alloy_uts_to_ys,fold_4,Al:0.0006401191262|C:0.004790891585|Co:0.1480275479|Cr:0.1350251282|Fe:0.646120243|Mn:0.005971111224|Mo:0.05340993959|N:0.0008211528165|Nb:6.191152173e-05|Ni:9.801824119e-05|Si:0.004920915782|V:0.0001130210332,0.051828752083540035,7,True,62,25,250
hard_ood_matbench_alloy_uts_to_ys,fold_4,Al:0.0006235520402|C:0.01029260579|Co:0.1458951889|Cr:0.09163417001|Fe:0.6935017883|Mn:0.0001019267758|Mo:0.008763704155|Nb:6.035663979e-05|Ni:0.04396841309|Si:0.0001998564231|Ti:0.0003517473047|V:0.003077788916|W:0.001528901637,0.04878745360152006,8,True,62,25,250
hard_ood_matbench_alloy_uts_to_ys,fold_4,Al:0.0005915131968|C:0.01551345948|Co:9.027832548e-05|Cr:0.000102088572|Fe:0.7256295562|Mn:0.0006775878752|Mo:0.0001110963872|Nb:5.724966981e-05|Ni:0.167145015|Si:0.08997806497|V:0.0001040903088,0.04735692348534999,9,True,62,25,250
hard_ood_matbench_alloy_uts_to_ys,fold_4,Al:0.0006201283666|C:0.009291923428|Co:0.1570325057|Cr:0.1510312635|Fe:0.6691385117|Mn:0.0001020211184|Mo:0.01150238099|Nb:0.0004800993806|Ni:9.501966907e-05|Si:0.0005961233975|V:0.0001100227747,0.044728570672730006,10,True,62,25,250
hard_ood_matbench_alloy_uts_to_ys,fold_4,Al:0.0006059019045|C:0.0009078530186|Co:0.055491016|Cr:0.1459763664|Fe:0.7028862027|Mn:9.918394212e-05|Mo:0.0001139815464|Nb:5.869049801e-05|Ni:0.05569098363|Si:0.03749392973|Ti:0.0005689078938|V:0.0001069826795,0.03985039041550997,11,True,62,25,250
hard_ood_matbench_alloy_uts_to_ys,fold_4,Al:0.0006208987935|C:0.009298484347|Co:0.1609737613|Cr:0.151975228|Fe:0.6558930894|Mn:0.0001019833767|Mo:0.01159810951|Nb:0.0004809216098|Ni:0.008748573982|Si:0.0001989675683|V:0.0001099820729,0.03645811364060002,12,True,62,25,250
hard_ood_matbench_alloy_uts_to_ys,fold_4,Al:0.008097139281|C:0.001399505555|Co:9.496644835e-05|Cr:0.1219569126|Fe:0.7767255829|Mn:0.0001019639761|Mo:0.0001169586785|Nb:6.027870353e-05|Ni:0.08237089836|Si:0.0001989297181|Ti:0.003158883966|V:0.0001099611507|W:0.005608018687,0.034780538455849996,13,True,62,25,250
hard_ood_matbench_alloy_uts_to_ys,fold_4,Al:0.003179816843|C:0.0009529451104|Co:0.1459915909|Cr:0.0001099936644|Fe:0.6199642901|Mn:0.0005209699921|Mo:0.0175989863|Nb:6.159645204e-05|Ni:0.1919889414|Si:0.001019941251|Ti:0.01849893446|V:0.0001119935492,0.03204064566994003,14,True,62,25,250
hard_ood_matbench_alloy_uts_to_ys,fold_4,Al:0.0006287943842|C:0.007537535226|Co:0.1339561963|Cr:0.1519503122|Fe:0.663782943|Mn:0.00010296633|Mo:0.02919045472|Nb:0.001639463895|Ni:0.01049656762|Si:0.0006038025566|V:0.0001109637149,0.030869471532710045,15,True,62,25,250
hard_ood_matbench_alloy_uts_to_ys,fold_4,Al:0.0004037335762|C:0.0009074012059|Co:0.08504387954|Cr:0.1668898694|Fe:0.6725561802|Mn:9.913458109e-05|Mo:0.000113924821|Nb:5.866128942e-05|Ni:0.03717546791|Si:0.03607619332|Ti:0.0005686247645|V:0.0001069294373,0.029671771858630003,16,True,62,25,250
hard_ood_matbench_alloy_uts_to_ys,fold_4,Al:0.000619998202|C:0.01759994896|Co:0.04629986573|Cr:0.07789977409|Fe:0.8229976133|Mn:0.001829994693|Mo:0.02189993649|Nb:5.9999826e-05|Ni:9.489972479e-05|Si:0.0001979994258|V:0.01049996955,0.028988608361170003,17,True,62,25,250
hard_ood_matbench_alloy_uts_to_ys,fold_4,Al:0.003190275002|C:0.001430123277|Co:0.06820587935|Cr:0.0001100094828|Fe:0.6960600004|Mn:0.0001050090518|Mo:0.02930252588|Nb:6.180532762e-05|Ni:0.1800155173|Si:0.0002040175863|Ti:0.0212018276|V:0.0001130097414,0.028604657576729933,18,True,62,25,250
hard_ood_matbench_alloy_uts_to_ys,fold_4,Al:0.0008439246375|C:0.007579323166|Co:0.1309883027|Cr:0.1559860704|Fe:0.6559414244|Mn:0.0001039907136|Mo:0.04239621402|N:0.001219891064|Nb:6.12945264e-05|Ni:9.699133867e-05|Si:0.0002029818737|V:0.004579591043,0.027945894898680004,19,True,62,25,250
hard_ood_matbench_alloy_uts_to_ys,fold_4,Al:0.000836454362|C:0.007524087084|Co:0.1550842418|Cr:0.1470798938|Fe:0.6553559894|Mn:0.00010305598|Mo:0.02761500047|N:0.001610875027|Nb:6.073299016e-05|Ni:9.615222989e-05|Si:0.0002011092425|V:0.004432407684,0.02679206727574994,20,True,62,25,250
hard_ood_matbench_alloy_uts_to_ys,fold_4,Al:0.000831025928|C:0.007470233071|Co:0.1280039937|Cr:0.1560048674|Fe:0.6590205614|Mn:0.0001020031825|Mo:0.02970092667|N:0.0008000249608|Nb:6.030188142e-05|Ni:9.550297969e-05|Si:0.01340041809|V:0.004510140716,0.02639864229503003,21,True,62,25,250
hard_ood_matbench_alloy_uts_to_ys,fold_4,Al:0.0006440358728|C:0.0004820268489|Co:0.1500083555|Cr:0.000111006183|Fe:0.6660370983|Mn:0.0001050058488|Mo:0.03080171566|Nb:6.23034703e-05|Ni:0.1490082998|Si:0.0002060114748|Ti:0.002420134802|V:0.0001140063502,0.021442337281340002,22,True,62,25,250
hard_ood_matbench_alloy_uts_to_ys,fold_4,Al:0.0006081729644|C:0.009572722482|Co:0.129036698|Cr:0.1320375515|Fe:0.6691903177|Mn:9.96283343e-05|Mo:0.01130321463|Nb:0.0004711339905|Ni:0.008762492053|Si:0.03881103786|V:0.0001070304395,0.01971410982189998,23,True,62,25,250
hard_ood_matbench_alloy_uts_to_ys,fold_4,Al:0.0006168501054|C:0.009247752796|Co:0.1289686606|Cr:0.1479640447|Fe:0.6958309131|Mn:0.000100975463|Mo:0.005728607948|Nb:0.0005378692978|Ni:0.01069740053|Si:0.0001979518977|V:0.0001089735194,0.01851701528530007,24,True,62,25,250
hard_ood_matbench_alloy_uts_to_ys,fold_4,Al:0.004973521253|C:0.0004653294533|Co:9.486716595e-05|Cr:0.1210857287|Fe:0.7575363357|Mn:0.0007125044532|Mo:0.01190843117|Nb:6.02426518e-05|Ni:0.09816950401|Si:0.002191551619|Ti:0.002691905869|V:0.0001100779352,0.017365803112090038,25,True,62,25,250
hard_ood_matbench_alloy_uts_to_ys,fold_4,Al:0.0006280484853|C:0.007050544302|Co:0.1280098824|Cr:0.1530118125|Fe:0.6790524228|Mn:0.0001030079522|Mo:0.02820217721|Nb:6.080469412e-05|Ni:0.001350104228|Si:0.0002010155184|V:0.00233017989,0.017134842098460015,26,False,62,25,250
hard_ood_matbench_alloy_uts_to_ys,fold_4,Al:0.000622530832|C:0.00699596546|Co:0.1231049716|Cr:0.09698269715|Fe:0.7116067871|Mn:0.0001020870496|Mo:0.008757467493|Nb:6.035146169e-05|Ni:0.04583908699|Si:0.0001991698321|Ti:0.0002341997021|V:0.005494685318,0.01628684951922,27,False,62,25,250
hard_ood_matbench_alloy_uts_to_ys,fold_4,Al:0.001919013627|C:0.0009595068135|Co:0.06646583656|Cr:0.0001109429753|Fe:0.7166316513|Mn:0.0001049460577|Mo:0.0287852044|Nb:0.001859044451|Ni:0.177908555|Si:0.0002048946841|Ti:0.004937462144|V:0.0001129419478,0.01619714970164995,28,False,62,25,250
hard_ood_matbench_alloy_uts_to_ys,fold_4,Al:0.004387821885|Co:9.565251809e-05|Cr:0.08135961309|Fe:0.7886085347|Mn:0.0007186432655|Mo:0.01939037462|Nb:6.066988347e-05|Ni:0.1009498885|Si:0.001609201193|Ti:0.002708655423|V:0.0001109449269,0.015517060317090062,29,False,62,25,250
hard_ood_matbench_alloy_uts_to_ys,fold_4,Al:0.001671264311|C:0.0004703558242|Co:9.587252757e-05|Cr:0.08366329128|Fe:0.7775882455|Mn:0.0007195443353|Mo:0.01781347589|Nb:6.074595431e-05|Ni:0.1150870634|Si:0.002011521716|Ti:0.0007075352504|V:0.0001110840351,0.014620709945670102,30,False,62,25,250
hard_ood_matbench_alloy_uts_to_ys,fold_4,Al:0.001909876813|C:0.0004759693|Co:0.0610960593|Cr:0.05599638823|Fe:0.7209534985|Mn:0.0001039932924|Mo:0.03039803933|Nb:6.149603351e-05|Ni:0.10899297|Si:0.0002029869073|Ti:0.009309399544|V:0.01049932279,0.01441766252754999,31,False,62,25,250
hard_ood_matbench_alloy_uts_to_ys,fold_4,Al:0.0006312916277|C:0.003306290012|Co:0.1468352362|Cr:0.1288554113|Fe:0.6682501565|Mn:0.00589338703|Mo:0.03745796841|N:0.00202772469|Nb:6.113140445e-05|Ni:9.679139038e-05|Si:0.006472736942|V:0.0001118744657,0.014168098304680089,32,False,62,25,250
hard_ood_matbench_alloy_uts_to_ys,fold_4,Al:0.007493628415|C:0.0004682267154|Co:9.534616661e-05|Cr:0.1130547411|Fe:0.7603681703|Mn:0.0001020494123|Mo:0.01810876827|Nb:6.052930829e-05|Ni:0.09864776525|Si:0.0002000968869|Ti:0.001290624921|V:0.0001100532878,0.013003552568339958,33,False,62,25,250
hard_ood_matbench_alloy_uts_to_ys,fold_4,Al:0.02679587076|C:0.001379787375|Co:9.368556305e-05|Cr:0.1339793538|Fe:0.7448852132|Mn:0.0001009844383|Mo:0.01289801242|Nb:5.939084787e-05|Ni:0.07938776635|Si:0.000196969647|Ti:0.0001149822812|V:0.0001079833598,0.01286580931578005,34,False,62,25,250
hard_ood_matbench_alloy_uts_to_ys,fold_4,Al:0.0006261605476|C:0.01500384699|Co:0.0468120026|Cr:0.07161836295|Fe:0.8192100455|Mn:0.002360605259|Mo:0.03380866854|Nb:6.061554182e-05|Ni:9.602462071e-05|Si:0.0002010515496|V:0.01020261595,0.012658484047309963,35,False,62,25,250
hard_ood_matbench_alloy_uts_to_ys,fold_4,Al:0.0006186745772|C:0.01159390161|Co:0.1309311302|Cr:0.1509206158|Fe:0.6846398794|Mn:0.0001009469019|Mo:0.01159390161|Nb:0.0004787481785|Ni:0.008815363119|Si:0.0001978959068|V:0.0001089426961,0.012338247037899881,36,False,62,25,250
hard_ood_matbench_alloy_uts_to_ys,fold_4,Al:0.00103873451|C:0.007011457941|Co:0.1288430305|Cr:0.1568089596|Fe:0.6651895995|Mn:0.0001018758846|Mo:0.0295639822|N:0.006012674758|Nb:6.042638254e-05|Ni:9.568342888e-05|Si:0.0001997566365|V:0.005073818567,0.011644966713980038,37,False,62,25,250
hard_ood_matbench_alloy_uts_to_ys,fold_4,Al:0.01390441604|C:0.0004671483663|Co:9.513021336e-05|Cr:0.08302636917|Fe:0.7802478067|Mn:0.0005101620275|Mo:0.01790568685|Nb:6.031915736e-05|Ni:0.0993315477|Si:0.002000635402|Ti:0.00234074342|V:0.0001100349471,0.010323602579449937,38,False,62,25,250
hard_ood_matbench_alloy_uts_to_ys,fold_4,Al:0.000629020569|C:0.004710154022|Co:0.0980032047|Cr:0.1330043492|Fe:0.7120232832|Mn:0.00639020896|Mo:0.03630118705|N:0.001210039568|Nb:6.09019915e-05|Ni:9.640315238e-05|Si:0.00746024395|V:0.0001110036298,0.00901332522172999,39,False,62,25,250
hard_ood_matbench_alloy_uts_to_ys,fold_4,Al:0.0006231752369|C:0.02010565371|Co:0.04751336076|Cr:0.07702165849|Fe:0.8082272735|Mn:0.002140601937|Mo:0.03280922595|Nb:6.031696113e-05|Ni:9.552686215e-05|Si:0.0002000562558|V:0.01120315033,0.00854645681622003,40,False,62,25,250
hard_ood_matbench_alloy_uts_to_ys,fold_4,Al:0.0006195799248|C:0.009733400754|Co:0.1309112422|Cr:0.1508976914|Fe:0.6865345296|Mn:0.0001009315684|Mo:0.01159214053|Nb:0.0004796747805|Ni:0.008824017316|Si:0.000197865847|V:0.0001089261481,0.008531620456599887,41,False,62,25,250
hard_ood_matbench_alloy_uts_to_ys,fold_4,Al:0.00169999371|C:0.0004769982351|Co:0.1259995338|Cr:0.000109999593|Fe:0.649997595|Mn:0.0005219980686|Mo:0.02149992045|Nb:6.169977171e-05|Ni:0.1759993488|Si:0.001019996226|Ti:0.02249991675|V:0.0001129995819,0.008292909194140035,42,False,62,25,250
hard_ood_matbench_alloy_uts_to_ys,fold_4,Al:0.01460592124|C:0.0009343787972|Co:9.523860973e-05|Cr:0.05072056212|Fe:0.8123293183|Mn:0.0007152899786|Mo:0.01810734072|Nb:6.042449609e-05|Ni:0.09753954253|Si:0.002200892242|Ti:0.002581046356|V:0.0001100446121,0.008019908877340037,43,False,62,25,250
hard_ood_matbench_alloy_uts_to_ys,fold_4,Al:0.0006190445712|C:0.009270667488|Co:0.1300093607|Cr:0.1330095767|Fe:0.7000504036|Mn:0.0001010072725|Mo:0.01140082086|Nb:0.0004790344905|Ni:0.009010648767|Si:0.005940427711|V:0.0001090078486,0.007672511169300066,44,False,62,25,250
hard_ood_matbench_alloy_uts_to_ys,fold_4,Al:0.00312867313|C:0.001409402272|Co:9.545951562e-05|Cr:0.09625917648|Fe:0.7946629834|Mn:0.0007166960492|Mo:0.01909190312|Nb:6.057431043e-05|Ni:0.08096566246|Si:0.0008006604399|Ti:0.002698855415|V:0.0001099533688,0.007570938464499912,45,False,62,25,250
hard_ood_matbench_alloy_uts_to_ys,fold_4,Al:0.004140145319|Co:9.48033276e-05|Cr:0.1100038611|Fe:0.7650268524|Mn:0.001120039313|Mo:0.0119004177|Nb:6.010210958e-05|Ni:0.09900347502|Si:0.005970209554|Ti:0.00257009021|V:0.0001100038611,0.006629551454169969,46,False,62,25,250
hard_ood_matbench_alloy_uts_to_ys,fold_4,Al:0.001050975305|C:0.007056548477|Co:0.1291198232|Cr:0.1571458313|Fe:0.6756269818|Mn:0.0001030956728|Mo:0.02942730854|Nb:6.085647481e-05|Ni:9.628935652e-05|Si:0.0002011867013|V:0.0001111031037,0.005905331000170048,47,False,62,25,250
hard_ood_matbench_alloy_uts_to_ys,fold_4,Al:0.007106513544|C:0.0004697695311|Co:9.575302357e-05|Cr:0.04957567817|Fe:0.8046052607|Mn:0.0007186474316|Mo:0.01839097739|Nb:6.077018615e-05|Ni:0.1159431183|Si:0.000803605751|Ti:0.002118960438|V:0.0001109455701,0.005808666058340095,48,False,62,25,250
hard_ood_matbench_alloy_uts_to_ys,fold_4,Al:0.004966592917|C:0.0009303617718|Co:9.473501178e-05|Cr:0.1099245917|Fe:0.7674735132|Mn:0.002438327307|Mo:0.01129225351|Nb:6.015873111e-05|Ni:0.09803274953|Si:0.001988635796|Ti:0.002688155925|V:0.0001099245917,0.005660177125070007,49,False,62,25,250
hard_ood_matbench_alloy_uts_to_ys,fold_4,Al:0.007255486362|Co:9.484099941e-05|Cr:0.1109309898|Fe:0.7695212808|Mn:0.000508683548|Mo:0.01199253944|Nb:6.016257286e-05|Ni:0.09713956947|Si:0.0003977525581|Ti:0.001988762791|V:0.0001099316115,0.005073314152030004,50,False,62,25,250
hard_ood_matbench_alloy_uts_to_ys,fold_4,Al:0.01209968662|C:0.0004679878791|Co:9.53975292e-05|Cr:0.0525986377|Fe:0.8019792287|Mn:0.0005119867395|Mo:0.01729955194|Nb:6.049843309e-05|Ni:0.1109971252|Si:0.001199968921|Ti:0.00257993318|V:0.0001099971511,0.004706753065849986,51,False,62,25,250
hard_ood_matbench_alloy_uts_to_ys,fold_4,Al:0.0006142327942|C:0.009203488122|Co:0.1290489095|Cr:0.1340508053|Fe:0.6842593343|Mn:0.0001010382935|Mo:0.01140432224|Nb:0.0004761804724|Ni:0.008853355422|Si:0.01970746913|V:0.002280864448,0.004366089746899983,52,False,62,25,250
hard_ood_matbench_alloy_uts_to_ys,fold_4,Al:0.0006189957289|C:0.01109992341|Co:0.1169991927|Cr:0.09739932794|Fe:0.7349949285|Mn:0.0001009993031|Mo:0.007539947974|Nb:5.989958669e-05|Ni:0.02659981646|Si:0.0001979986338|Ti:0.0003489975919|V:0.004039972124,0.003984235242040014,53,False,62,25,250
hard_ood_matbench_alloy_uts_to_ys,fold_4,Al:0.02128196141|C:0.001838441737|Co:9.392039307e-05|Cr:0.1318882116|Fe:0.7533614508|Mn:0.0001009144649|Mo:0.01278915991|Nb:5.954952582e-05|Ni:0.07793394319|Si:0.0001968331642|Ti:0.0003467061319|V:0.0001089076898,0.003810715928900055,54,False,62,25,250
hard_ood_matbench_alloy_uts_to_ys,fold_4,Al:0.0158025774|C:0.001850301784|Co:9.421536653e-05|Cr:0.1330216958|Fe:0.7571234868|Mn:0.0001010164758|Mo:0.01270207171|Nb:5.970973866e-05|Ni:0.07811274019|Si:0.0007911290331|Ti:0.0002320378454|V:0.0001090177808,0.0035319751185600395,55,False,62,25,250
hard_ood_matbench_alloy_uts_to_ys,fold_4,Al:0.001049227873|Co:9.652896434e-05|Cr:0.0001089198459|Fe:0.7874205372|Mn:0.0001039235227|Mo:0.0183864694|Nb:6.12549225e-05|Ni:0.1758705768|Si:0.0002028507222|Ti:0.01658779304|V:0.0001119176398,0.00331735677906009,56,False,62,25,250
hard_ood_matbench_alloy_uts_to_ys,fold_4,Al:0.02480722883|Co:0.08132369773|Cr:0.1190346867|Fe:0.6681947119|Mn:0.0001020297315|Mo:0.02920851136|Nb:6.061766399e-05|Ni:0.07672235689|Si:0.000200058297|Ti:0.000235068499|V:0.0001110323548,0.0024789492908000024,57,False,62,25,250
hard_ood_matbench_alloy_uts_to_ys,fold_4,Al:0.006220465913|Co:9.490710854e-05|Cr:0.1090081647|Fe:0.7660573777|Mn:0.004480335577|Mo:0.0117008764|Nb:6.020450932e-05|Ni:0.09810734824|Si:0.0015901191|Ti:0.002570192507|V:0.0001100082396,0.0023406157064800328,58,False,62,25,250
hard_ood_matbench_alloy_uts_to_ys,fold_4,Al:0.0002089750066|C:0.009838823277|Co:0.1289845734|Cr:0.03349599388|Fe:0.7129147354|Mn:0.0001019878023|Mo:0.006979165292|Nb:6.059275311e-05|Ni:0.1069872043|Si:0.0001999760829|Ti:0.0001179858889|V:0.0001099868456,0.002012148457279893,59,False,62,25,250
hard_ood_matbench_alloy_uts_to_ys,fold_4,Al:0.02109669626|C:0.001379783926|Co:9.39852819e-05|Cr:0.1339790189|Fe:0.7508824118|Mn:0.0001009841859|Mo:0.01289798018|Nb:5.95906681e-05|Ni:0.07908761488|Si:0.0001969691546|Ti:0.0001159818372|V:0.0001089829333,0.001962524161370005,60,False,62,25,250
hard_ood_matbench_alloy_uts_to_ys,fold_4,Al:0.02109216215|C:0.001379487382|Co:9.396508258e-05|Cr:0.1329505956|Fe:0.7527202891|Mn:0.0001009624823|Mo:0.01269528243|Nb:5.957786087e-05|Ni:0.07837087738|Si:0.000196926822|Ti:0.0002309141923|V:0.0001089595106,0.0016986203551100248,61,False,62,25,250
hard_ood_matbench_alloy_uts_to_ys,fold_4,Al:0.00209066755|C:0.001410450357|Co:9.593063065e-05|Cr:0.0001090348148|Fe:0.7792488141|Mn:0.0001030328984|Mo:0.01300415223|Nb:6.081941964e-05|Ni:0.1740555759|Si:0.0002010641998|Ti:0.02950942236|V:0.0001110354536,0.0004191676323000316,62,False,62,25,250
hard_ood_obelix_thermoelectric_zt_to_ionic_conductivity,official_pool,Ge:0.05555555556|Li:0.4444444444|Se:0.4444444444|Sn:0.05555555556,0.95726495724,1,True,110,44,390
hard_ood_obelix_thermoelectric_zt_to_ionic_conductivity,official_pool,Ge:0.02777777778|Li:0.4444444444|Se:0.4444444444|Sn:0.08333333333,0.9444444443500001,2,True,110,44,390
hard_ood_obelix_thermoelectric_zt_to_ionic_conductivity,official_pool,Ge:0.08333333333|Li:0.4444444444|Se:0.4444444444|Sn:0.02777777778,0.9444444443500001,3,True,110,44,390
hard_ood_obelix_thermoelectric_zt_to_ionic_conductivity,official_pool,H:0.4392523364|Li:0.02803738318|Mo:0.07476635514|O:0.3738317757|S:0.07476635514|W:0.009345794393,0.922563417953,4,True,110,44,390
hard_ood_obelix_thermoelectric_zt_to_ionic_conductivity,official_pool,Ge:0.1111111111|Li:0.4444444444|Se:0.4444444444,0.8888888888,5,True,110,44,390
hard_ood_obelix_thermoelectric_zt_to_ionic_conductivity,official_pool,Li:0.4444444444|Se:0.4444444444|Sn:0.1111111111,0.8888888888,6,True,110,44,390
hard_ood_obelix_thermoelectric_zt_to_ionic_conductivity,official_pool,B:0.1|H:0.4|Li:0.25|P:0.05|S:0.2,0.7,7,True,110,44,390
hard_ood_obelix_thermoelectric_zt_to_ionic_conductivity,official_pool,Ge:0.1111111111|Li:0.4444444444|S:0.1111111111|Se:0.3333333333,0.6666666666000001,8,True,110,44,390
hard_ood_obelix_thermoelectric_zt_to_ionic_conductivity,official_pool,Li:0.4444444444|S:0.1111111111|Se:0.3333333333|Sn:0.1111111111,0.6666666666000001,9,True,110,44,390
hard_ood_obelix_thermoelectric_zt_to_ionic_conductivity,official_pool,Li:0.01376479111|O:0.6235208887|Si:0.144892538|Sm:0.2178217822,0.48268534179,10,True,110,44,390
hard_ood_obelix_thermoelectric_zt_to_ionic_conductivity,official_pool,Ge:0.1111111111|Li:0.4444444444|S:0.2222222222|Se:0.2222222222,0.4444444444,11,True,110,44,390
hard_ood_obelix_thermoelectric_zt_to_ionic_conductivity,official_pool,Li:0.4444444444|S:0.2222222222|Se:0.2222222222|Sn:0.1111111111,0.4444444444,12,True,110,44,390
hard_ood_obelix_thermoelectric_zt_to_ionic_conductivity,official_pool,Li:0.1428571429|P:0.1428571429|S:0.5714285714|Zn:0.1428571429,0.42857142849999996,13,True,110,44,390
hard_ood_obelix_thermoelectric_zt_to_ionic_conductivity,official_pool,Al:0.1666666667|Cl:0.6666666667|Li:0.1666666667,0.4035087719,14,True,110,44,390
hard_ood_obelix_thermoelectric_zt_to_ionic_conductivity,official_pool,Cl:0.2|Li:0.6|O:0.2,0.36923076932,15,True,110,44,390
hard_ood_obelix_thermoelectric_zt_to_ionic_conductivity,official_pool,Al:0.1666666667|Li:0.5|N:0.3333333333,0.3333333334,16,True,110,44,390
hard_ood_obelix_thermoelectric_zt_to_ionic_conductivity,official_pool,Li:0.2068965517|P:0.1379310345|S:0.5517241379|Zn:0.1034482759,0.31034482759999993,17,True,110,44,390
hard_ood_obelix_thermoelectric_zt_to_ionic_conductivity,official_pool,La:0.2604166667|Li:0.1979166667|Mg:0.02083333333|O:0.5208333333,0.28952456782999997,18,True,110,44,390
hard_ood_obelix_thermoelectric_zt_to_ionic_conductivity,official_pool,Br:0.6|Li:0.3|Y:0.1,0.2857142857999999,19,True,110,44,390
hard_ood_obelix_thermoelectric_zt_to_ionic_conductivity,official_pool,Al:0.1428571429|Ge:0.1428571429|Li:0.1428571429|O:0.5714285714,0.28571428573,20,True,110,44,390
hard_ood_obelix_thermoelectric_zt_to_ionic_conductivity,official_pool,Ga:0.1428571429|Ge:0.1428571429|Li:0.1428571429|O:0.5714285714,0.28571428573,21,True,110,44,390
hard_ood_obelix_thermoelectric_zt_to_ionic_conductivity,official_pool,Al:0.07142857143|Ga:0.07142857143|Ge:0.1428571429|Li:0.1428571429|O:0.5714285714,0.28571428569,22,True,110,44,390
hard_ood_obelix_thermoelectric_zt_to_ionic_conductivity,official_pool,B:0.07142857143|Li:0.1428571429|Na:0.07142857143|O:0.5714285714|P:0.1428571429,0.28571428568999996,23,True,110,44,390
hard_ood_obelix_thermoelectric_zt_to_ionic_conductivity,official_pool,Cl:0.07692307692|Li:0.4615384615|O:0.3846153846|P:0.07692307692,0.27838827832999996,24,True,110,44,390
hard_ood_obelix_thermoelectric_zt_to_ionic_conductivity,official_pool,Li:0.08333333333|O:0.6666666667|P:0.08333333333|Ta:0.1666666667,0.2753623188299999,25,True,110,44,390
hard_ood_obelix_thermoelectric_zt_to_ionic_conductivity,official_pool,Li:0.2|P:0.2|S:0.6,0.26666666659999994,26,True,110,44,390
hard_ood_obelix_thermoelectric_zt_to_ionic_conductivity,official_pool,Li:0.1052631579|Mg:0.1052631579|Mo:0.1578947368|O:0.6315789474,0.254385965,27,True,110,44,390
hard_ood_obelix_thermoelectric_zt_to_ionic_conductivity,official_pool,Cr:0.05263157895|Li:0.1578947368|Mo:0.1578947368|O:0.6315789474,0.25438596495,28,True,110,44,390
hard_ood_obelix_thermoelectric_zt_to_ionic_conductivity,official_pool,Fe:0.05263157895|Li:0.1578947368|Mo:0.1578947368|O:0.6315789474,0.25438596495,29,True,110,44,390
hard_ood_obelix_thermoelectric_zt_to_ionic_conductivity,official_pool,La:0.05555555556|Li:0.002222222222|Na:0.05333333333|Nb:0.2222222222|O:0.6666666667,0.24808080806799993,30,True,110,44,390
hard_ood_obelix_thermoelectric_zt_to_ionic_conductivity,official_pool,La:0.05555555556|Li:0.004444444444|Na:0.05111111111|Nb:0.2222222222|O:0.6666666667,0.24363636362599994,31,True,110,44,390
hard_ood_obelix_thermoelectric_zt_to_ionic_conductivity,official_pool,Ge:0.1304347826|Li:0.3043478261|P:0.04347826087|S:0.5217391304,0.24312333623000001,32,True,110,44,390
hard_ood_obelix_thermoelectric_zt_to_ionic_conductivity,official_pool,La:0.05555555556|Li:0.007777777778|Na:0.04777777778|Nb:0.2222222222|O:0.6666666667,0.23696969696199993,33,True,110,44,390
hard_ood_obelix_thermoelectric_zt_to_ionic_conductivity,official_pool,La:0.225|Li:0.25|O:0.5|Sr:0.025,0.23568281936999996,34,True,110,44,390
hard_ood_obelix_thermoelectric_zt_to_ionic_conductivity,official_pool,La:0.25|Li:0.25|O:0.5,0.23568281936999996,35,True,110,44,390
hard_ood_obelix_thermoelectric_zt_to_ionic_conductivity,official_pool,La:0.05555555556|Li:0.01111111111|Na:0.04444444444|Nb:0.2222222222|O:0.6666666667,0.23030303028999993,36,True,110,44,390
hard_ood_obelix_thermoelectric_zt_to_ionic_conductivity,official_pool,Ge:0.1111111111|Li:0.4444444444|S:0.3333333333|Se:0.1111111111,0.22222222220000004,37,True,110,44,390
hard_ood_obelix_thermoelectric_zt_to_ionic_conductivity,official_pool,Li:0.4444444444|S:0.3333333333|Se:0.1111111111|Sn:0.1111111111,0.22222222220000004,38,True,110,44,390
hard_ood_obelix_thermoelectric_zt_to_ionic_conductivity,official_pool,La:0.05555555556|Li:0.02222222222|Na:0.03333333333|Nb:0.2222222222|O:0.6666666667,0.20808080806999996,39,True,110,44,390
hard_ood_obelix_thermoelectric_zt_to_ionic_conductivity,official_pool,Li:0.2666666667|P:0.1333333333|S:0.5333333333|Zn:0.06666666667,0.19999999996999995,40,True,110,44,390
hard_ood_obelix_thermoelectric_zt_to_ionic_conductivity,official_pool,Cl:0.6|In:0.1|Li:0.3,0.19849624055,41,True,110,44,390
hard_ood_obelix_thermoelectric_zt_to_ionic_conductivity,official_pool,Li:0.2354497354|Mg:0.05908289242|P:0.176366843|S:0.5291005291,0.19576719572000004,42,True,110,44,390
hard_ood_obelix_thermoelectric_zt_to_ionic_conductivity,official_pool,B:0.07142857143|Li:0.2142857143|O:0.5714285714|P:0.1428571429,0.19211822657000008,43,True,110,44,390
hard_ood_obelix_thermoelectric_zt_to_ionic_conductivity,official_pool,La:0.05555555556|Li:0.03333333333|Na:0.02222222222|Nb:0.2222222222|O:0.6666666667,0.18585858584999992,44,True,110,44,390
hard_ood_obelix_thermoelectric_zt_to_ionic_conductivity,official_pool,Al:0.08|La:0.14|Li:0.06|O:0.6|Ti:0.12,0.18396728018,45,False,110,44,390
hard_ood_obelix_thermoelectric_zt_to_ionic_conductivity,official_pool,La:0.05555555556|Li:0.05555555556|O:0.6666666667|Ta:0.2222222222,0.17391304358999993,46,False,110,44,390
hard_ood_obelix_thermoelectric_zt_to_ionic_conductivity,official_pool,Li:0.05555555556|O:0.6666666667|Sm:0.05555555556|Ta:0.2222222222,0.17391304358999993,47,False,110,44,390
hard_ood_obelix_thermoelectric_zt_to_ionic_conductivity,official_pool,Li:0.05555555556|Nd:0.05555555556|O:0.6666666667|Ta:0.2222222222,0.1739130435899999,48,False,110,44,390
hard_ood_obelix_thermoelectric_zt_to_ionic_conductivity,official_pool,Fe:0.007018614587|Li:0.1220628624|Nb:0.176075679|O:0.6032956973|Sr:0.09154714678,0.17121312804700003,49,False,110,44,390
hard_ood_obelix_thermoelectric_zt_to_ionic_conductivity,official_pool,Cl:0.6|Li:0.3|Y:0.1,0.1684210527,50,False,110,44,390
hard_ood_obelix_thermoelectric_zt_to_ionic_conductivity,official_pool,Hf:0.08333333333|La:0.125|Li:0.2916666667|O:0.5,0.16666666666,51,False,110,44,390
hard_ood_obelix_thermoelectric_zt_to_ionic_conductivity,official_pool,La:0.05555555556|Li:0.04444444444|Na:0.01111111111|Nb:0.2222222222|O:0.6666666667,0.16363636362999995,52,False,110,44,390
hard_ood_obelix_thermoelectric_zt_to_ionic_conductivity,official_pool,Li:0.1904761905|Nd:0.1428571429|O:0.5714285714|Sb:0.04761904762|Te:0.04761904762,0.16017316011,53,False,110,44,390
hard_ood_obelix_thermoelectric_zt_to_ionic_conductivity,official_pool,Li:0.1212121212|Nb:0.1818181818|O:0.6060606061|Sr:0.09090909091,0.15972812239000006,54,False,110,44,390
hard_ood_obelix_thermoelectric_zt_to_ionic_conductivity,official_pool,Al:0.03670745273|Li:0.4449388209|O:0.4449388209|P:0.03670745273|Si:0.03670745273,0.14007562921999997,55,False,110,44,390
hard_ood_obelix_thermoelectric_zt_to_ionic_conductivity,official_pool,Al:0.02702702703|Li:0.4594594595|O:0.4324324324|Si:0.08108108108,0.13441315883999994,56,False,110,44,390
hard_ood_obelix_thermoelectric_zt_to_ionic_conductivity,official_pool,Al:0.06043956044|Li:0.06593406593|O:0.6593406593|P:0.1648351648|Ta:0.04945054945,0.12942612956,57,False,110,44,390
hard_ood_obelix_thermoelectric_zt_to_ionic_conductivity,official_pool,Al:0.06|La:0.13|Li:0.07|O:0.6|Ti:0.14,0.12899795502,58,False,110,44,390
hard_ood_obelix_thermoelectric_zt_to_ionic_conductivity,official_pool,La:0.1276595745|Li:0.2765957447|Nb:0.05319148936|O:0.5106382979|Y:0.03191489362,0.12813238764999993,59,False,110,44,390
hard_ood_obelix_thermoelectric_zt_to_ionic_conductivity,official_pool,La:0.07258064516|Li:0.06048387097|O:0.6048387097|Sr:0.06048387097|Ti:0.2016129032,0.12096774187000005,60,False,110,44,390
hard_ood_obelix_thermoelectric_zt_to_ionic_conductivity,official_pool,La:0.07878787879|Li:0.05656565657|O:0.6060606061|Sr:0.05656565657|Ti:0.202020202,0.11313131303999999,61,False,110,44,390
hard_ood_obelix_thermoelectric_zt_to_ionic_conductivity,official_pool,Al:0.05555555556|Li:0.05555555556|O:0.6666666667|P:0.1666666667|Ta:0.05555555556,0.11111111112,62,False,110,44,390
hard_ood_obelix_thermoelectric_zt_to_ionic_conductivity,official_pool,La:0.08350305499|Li:0.05091649695|O:0.6109979633|Sr:0.05091649695|Ti:0.2036659878,0.10183299387000001,63,False,110,44,390
hard_ood_obelix_thermoelectric_zt_to_ionic_conductivity,official_pool,Li:0.3225806452|P:0.1290322581|S:0.5161290323|Zn:0.03225806452,0.09677419351999991,64,False,110,44,390
hard_ood_obelix_thermoelectric_zt_to_ionic_conductivity,official_pool,Li:0.2855917667|Mg:0.02830188679|P:0.1715265866|S:0.5145797599,0.09548313319000001,65,False,110,44,390
hard_ood_obelix_thermoelectric_zt_to_ionic_conductivity,official_pool,Al:0.04|La:0.12|Li:0.08|O:0.6|Ti:0.16,0.08899795501999999,66,False,110,44,390
hard_ood_obelix_thermoelectric_zt_to_ionic_conductivity,official_pool,La:0.1304347826|Li:0.2608695652|O:0.5217391304|Sb:0.04347826087|Zr:0.04347826087,0.08695652174,67,False,110,44,390
hard_ood_obelix_thermoelectric_zt_to_ionic_conductivity,official_pool,La:0.1304347826|Li:0.2608695652|Nb:0.0652173913|O:0.5217391304|Y:0.02173913043,0.07632850242000003,68,False,110,44,390
hard_ood_obelix_thermoelectric_zt_to_ionic_conductivity,official_pool,Ag:0.03719008264|La:0.117768595|Li:0.01859504132|O:0.6198347107|Ti:0.2066115702,0.07438016533000007,69,False,110,44,390
hard_ood_obelix_thermoelectric_zt_to_ionic_conductivity,official_pool,La:0.1293103448|Li:0.2672413793|O:0.5172413793|Sb:0.03448275862|Zr:0.05172413793,0.06896551724,70,False,110,44,390
hard_ood_obelix_thermoelectric_zt_to_ionic_conductivity,official_pool,Ge:0.09090909091|Li:0.4318181818|P:0.02272727273|S:0.4545454545,0.06565656562000002,71,False,110,44,390
hard_ood_obelix_thermoelectric_zt_to_ionic_conductivity,official_pool,La:0.106029106|Li:0.03118503119|O:0.6237006237|Sr:0.03118503119|Ti:0.2079002079,0.0623700624,72,False,110,44,390
hard_ood_obelix_thermoelectric_zt_to_ionic_conductivity,official_pool,La:0.1307189542|Li:0.2352941176|Nb:0.07843137255|O:0.522875817|Y:0.03267973856,0.05867498520000008,73,False,110,44,390
hard_ood_obelix_thermoelectric_zt_to_ionic_conductivity,official_pool,Al:0.02|La:0.11|Li:0.09|O:0.6|Ti:0.18,0.058036809819999986,74,False,110,44,390
hard_ood_obelix_thermoelectric_zt_to_ionic_conductivity,official_pool,Ag:0.02789256198|La:0.117768595|Li:0.02789256198|O:0.6198347107|Ti:0.2066115702,0.05578512401000006,75,False,110,44,390
hard_ood_obelix_thermoelectric_zt_to_ionic_conductivity,official_pool,La:0.1282051282|Li:0.2735042735|O:0.5128205128|Sb:0.02564102564|Zr:0.05982905983,0.05128205128,76,False,110,44,390
hard_ood_obelix_thermoelectric_zt_to_ionic_conductivity,official_pool,La:0.1293103448|Li:0.2672413793|Mo:0.01724137931|O:0.5172413793|Zr:0.06896551724,0.05050579629300004,77,False,110,44,390
hard_ood_obelix_thermoelectric_zt_to_ionic_conductivity,official_pool,Li:0.3333333333|P:0.1428571429|S:0.5238095238,0.04761904759999999,78,False,110,44,390
hard_ood_obelix_thermoelectric_zt_to_ionic_conductivity,official_pool,Ge:0.0243902439|Li:0.3902439024|P:0.09756097561|S:0.487804878,0.04623371539699995,79,False,110,44,390
hard_ood_obelix_thermoelectric_zt_to_ionic_conductivity,official_pool,Fe:0.00702062308|La:0.129442738|Li:0.2492321194|O:0.526546731|Zr:0.0877577885,0.04546235007000006,80,False,110,44,390
hard_ood_obelix_thermoelectric_zt_to_ionic_conductivity,official_pool,Fe:0.008366358432|La:0.129898723|Li:0.2452664025|O:0.5284015852|Zr:0.08806693087,0.04455038009200005,81,False,110,44,390
hard_ood_obelix_thermoelectric_zt_to_ionic_conductivity,official_pool,La:0.1176470588|Li:0.02100840336|O:0.6302521008|Sr:0.02100840336|Ti:0.2100840336,0.04201680670999999,82,False,110,44,390
hard_ood_obelix_thermoelectric_zt_to_ionic_conductivity,official_pool,Cr:0.04255319149|Li:0.09574468085|O:0.6382978723|P:0.1595744681|Ti:0.06382978723,0.03919372899000005,83,False,110,44,390
hard_ood_obelix_thermoelectric_zt_to_ionic_conductivity,official_pool,Ag:0.01859504132|La:0.117768595|Li:0.03719008264|O:0.6198347107|Ti:0.2066115702,0.037190082780000036,84,False,110,44,390
hard_ood_obelix_thermoelectric_zt_to_ionic_conductivity,official_pool,Ge:0.06976744186|Li:0.4186046512|P:0.04651162791|S:0.4651162791,0.03556771545,85,False,110,44,390
hard_ood_obelix_thermoelectric_zt_to_ionic_conductivity,official_pool,La:0.1271186441|Li:0.2796610169|O:0.5084745763|Sb:0.01694915254|Zr:0.06779661017,0.03389830508,86,False,110,44,390
hard_ood_obelix_thermoelectric_zt_to_ionic_conductivity,official_pool,La:0.1282051282|Li:0.2735042735|Mo:0.01282051282|O:0.5128205128|Zr:0.07264957265,0.03109656294999988,87,False,110,44,390
hard_ood_obelix_thermoelectric_zt_to_ionic_conductivity,official_pool,Ge:0.0303030303|Li:0.3939393939|P:0.09090909091|S:0.4848484848,0.027747352996999975,88,False,110,44,390
hard_ood_obelix_thermoelectric_zt_to_ionic_conductivity,official_pool,La:0.1339285714|Li:0.2410714286|Nb:0.08035714286|O:0.5357142857|Y:0.008928571429,0.02759740272200003,89,False,110,44,390
hard_ood_obelix_thermoelectric_zt_to_ionic_conductivity,official_pool,La:0.1271186441|Li:0.01271186441|O:0.6355932203|Sr:0.01271186441|Ti:0.2118644068,0.025423728740000002,90,False,110,44,390
hard_ood_obelix_thermoelectric_zt_to_ionic_conductivity,official_pool,La:0.1271186441|Li:0.2796610169|Mo:0.008474576271|O:0.5084745763|Zr:0.07627118644,0.02497769854600005,91,False,110,44,390
hard_ood_obelix_thermoelectric_zt_to_ionic_conductivity,official_pool,La:0.1095334686|Li:0.07910750507|O:0.6085192698|Ti:0.2028397566,0.022375892909999986,92,False,110,44,390
hard_ood_obelix_thermoelectric_zt_to_ionic_conductivity,official_pool,La:0.1333333333|Li:0.2444444444|Nb:0.07777777778|O:0.5333333333|Y:0.01111111111,0.02222222222,93,False,110,44,390
hard_ood_obelix_thermoelectric_zt_to_ionic_conductivity,official_pool,La:0.1276595745|Li:0.2765957447|Mo:0.01063829787|O:0.5106382979|Zr:0.07446808511,0.02127659574,94,False,110,44,390
hard_ood_obelix_thermoelectric_zt_to_ionic_conductivity,official_pool,F:0.008583690987|Ga:0.01072961373|La:0.1287553648|Li:0.2596566524|O:0.5064377682|Zr:0.08583690987,0.021002648137000025,95,False,110,44,390
hard_ood_obelix_thermoelectric_zt_to_ionic_conductivity,official_pool,La:0.1046277666|Li:0.09054325956|O:0.6036217304|Ti:0.2012072435,0.018913480940000005,96,False,110,44,390
hard_ood_obelix_thermoelectric_zt_to_ionic_conductivity,official_pool,Li:0.4285714286|O:0.4571428571|P:0.02857142857|Si:0.08571428571,0.018583043009999963,97,False,110,44,390
hard_ood_obelix_thermoelectric_zt_to_ionic_conductivity,official_pool,La:0.1260504202|Li:0.2857142857|O:0.5042016807|Sb:0.008403361345|Zr:0.0756302521,0.01680672269,98,False,110,44,390
hard_ood_obelix_thermoelectric_zt_to_ionic_conductivity,official_pool,La:0.127348643|Li:0.0375782881|O:0.6263048017|Ti:0.2087682672,0.014240513200000027,99,False,110,44,390
hard_ood_obelix_thermoelectric_zt_to_ionic_conductivity,official_pool,La:0.1120162933|Li:0.0733197556|O:0.6109979633|Ti:0.2036659878,0.014094186170000026,100,False,110,44,390
hard_ood_obelix_thermoelectric_zt_to_ionic_conductivity,official_pool,La:0.1351351351|Li:0.2342342342|Nb:0.08558558559|O:0.5405405405|Y:0.004504504505,0.01392301401000004,101,False,110,44,390
hard_ood_obelix_thermoelectric_zt_to_ionic_conductivity,official_pool,La:0.1195876289|Li:0.05567010309|O:0.618556701|Ti:0.206185567,0.013916467369999984,102,False,110,44,390
hard_ood_obelix_thermoelectric_zt_to_ionic_conductivity,official_pool,La:0.117768595|Li:0.05578512397|O:0.6198347107|Ti:0.2066115702,0.013686425489999918,103,False,110,44,390
hard_ood_obelix_thermoelectric_zt_to_ionic_conductivity,official_pool,La:0.1260504202|Li:0.2857142857|Mo:0.004201680672|O:0.5042016807|Zr:0.07983193277,0.013180008816999956,104,False,110,44,390
hard_ood_obelix_thermoelectric_zt_to_ionic_conductivity,official_pool,Ge:0.03614457831|Li:0.3975903614|P:0.0843373494|S:0.4819277108,0.012530120490000074,105,False,110,44,390
hard_ood_obelix_thermoelectric_zt_to_ionic_conductivity,official_pool,Al:0.008474576271|La:0.1271186441|Li:0.2711864407|O:0.5084745763|Zr:0.08474576271,0.008673850078000048,106,False,110,44,390
hard_ood_obelix_thermoelectric_zt_to_ionic_conductivity,official_pool,La:0.1145194274|Li:0.06748466258|O:0.6134969325|Ti:0.2044989775,0.008179959150000016,107,False,110,44,390
hard_ood_obelix_thermoelectric_zt_to_ionic_conductivity,official_pool,Al:0.008547008547|La:0.1282051282|Li:0.264957265|O:0.5128205128|Ta:0.008547008547|Zr:0.07692307692,0.0071011550290000485,108,False,110,44,390
hard_ood_obelix_thermoelectric_zt_to_ionic_conductivity,official_pool,La:0.1172839506|Li:0.05967078189|O:0.6172839506|Ti:0.2057613169,0.005915109769999906,109,False,110,44,390
hard_ood_obelix_thermoelectric_zt_to_ionic_conductivity,official_pool,Ge:0.038|Li:0.4|P:0.08|S:0.48|Si:0.002,0.004000000000000002,110,False,110,44,390
