scope,seed,policy,candidate_n,top_n,auc20,first_hit,recall20,recall40,regret20
external_candidate,0,uniform_random,144,8,32.0,3,0.25,0.375,0.35373634617998406
external_candidate,0,composition_novelty,144,8,0.0,41,0.0,0.0,1.1375278639163204
external_candidate,0,static_neighbor_round_robin,144,8,53.0,1,0.625,0.625,0.0
external_candidate,0,static_neighbor_consensus,144,8,69.0,3,0.625,1.0,0.0
external_candidate,0,single_best_local_neighbor,144,8,0.0,41,0.0,0.0,1.4662460935653756
external_candidate,0,global_gated_neighbor_portfolio,144,8,0.0,41,0.0,0.0,1.4662460935653756
external_candidate,0,local_gated_no_source_support,144,8,0.0,41,0.0,0.0,1.4662460935653756
external_candidate,0,local_gated_no_target_ood,144,8,31.0,2,0.25,0.25,0.0
external_candidate,0,local_gated_no_diversity,144,8,0.0,41,0.0,0.0,1.4662460935653756
external_candidate,0,local_gated_neighbor_portfolio,144,8,0.0,41,0.0,0.0,1.4662460935653756
external_candidate,0,local_gated_wrong_source_portfolio,144,8,0.0,41,0.0,0.0,1.1375278639163204
external_candidate,0,local_gated_shuffled_obelix,144,8,0.0,41,0.0,0.0,1.1375278639163204
external_candidate,1,uniform_random,144,8,22.0,9,0.25,0.5,0.0
external_candidate,1,composition_novelty,144,8,0.0,41,0.0,0.0,1.1375278639163204
external_candidate,1,static_neighbor_round_robin,144,8,53.0,1,0.625,0.625,0.0
external_candidate,1,static_neighbor_consensus,144,8,69.0,3,0.625,1.0,0.0
external_candidate,1,single_best_local_neighbor,144,8,0.0,41,0.0,0.0,1.4471580313422192
external_candidate,1,global_gated_neighbor_portfolio,144,8,0.0,41,0.0,0.0,1.4471580313422192
external_candidate,1,local_gated_no_source_support,144,8,0.0,41,0.0,0.0,1.1375278639163204
external_candidate,1,local_gated_no_target_ood,144,8,0.0,36,0.0,0.125,0.696649636490873
external_candidate,1,local_gated_no_diversity,144,8,0.0,41,0.0,0.0,1.4471580313422192
external_candidate,1,local_gated_neighbor_portfolio,144,8,0.0,41,0.0,0.0,1.4471580313422192
external_candidate,1,local_gated_wrong_source_portfolio,144,8,0.0,41,0.0,0.0,1.1375278639163204
external_candidate,1,local_gated_shuffled_obelix,144,8,0.0,41,0.0,0.0,1.1375278639163204
external_candidate,2,uniform_random,144,8,8.0,13,0.125,0.375,0.6342446746993635
external_candidate,2,composition_novelty,144,8,0.0,41,0.0,0.0,1.1375278639163204
external_candidate,2,static_neighbor_round_robin,144,8,53.0,1,0.625,0.625,0.0
external_candidate,2,static_neighbor_consensus,144,8,69.0,3,0.625,1.0,0.0
external_candidate,2,single_best_local_neighbor,144,8,0.0,41,0.0,0.0,1.1375278639163204
external_candidate,2,global_gated_neighbor_portfolio,144,8,0.0,41,0.0,0.0,1.5495309400517778
external_candidate,2,local_gated_no_source_support,144,8,0.0,33,0.0,0.125,1.1375278639163204
external_candidate,2,local_gated_no_target_ood,144,8,0.0,36,0.0,0.125,1.2794933999086797
external_candidate,2,local_gated_no_diversity,144,8,0.0,41,0.0,0.0,2.5761692175816444
external_candidate,2,local_gated_neighbor_portfolio,144,8,0.0,41,0.0,0.0,2.5761692175816444
external_candidate,2,local_gated_wrong_source_portfolio,144,8,0.0,41,0.0,0.0,1.1375278639163204
external_candidate,2,local_gated_shuffled_obelix,144,8,0.0,41,0.0,0.0,1.1375278639163204
external_candidate,3,uniform_random,144,8,0.0,30,0.0,0.25,0.696649636490873
external_candidate,3,composition_novelty,144,8,0.0,41,0.0,0.0,1.1375278639163204
external_candidate,3,static_neighbor_round_robin,144,8,53.0,1,0.625,0.625,0.0
external_candidate,3,static_neighbor_consensus,144,8,69.0,3,0.625,1.0,0.0
external_candidate,3,single_best_local_neighbor,144,8,0.0,41,0.0,0.0,1.1375278639163204
external_candidate,3,global_gated_neighbor_portfolio,144,8,0.0,41,0.0,0.0,1.4471580313422192
external_candidate,3,local_gated_no_source_support,144,8,0.0,41,0.0,0.0,1.1375278639163204
external_candidate,3,local_gated_no_target_ood,144,8,0.0,25,0.0,0.125,0.7067953418479755
external_candidate,3,local_gated_no_diversity,144,8,0.0,41,0.0,0.0,1.4471580313422192
external_candidate,3,local_gated_neighbor_portfolio,144,8,0.0,41,0.0,0.0,1.4471580313422192
external_candidate,3,local_gated_wrong_source_portfolio,144,8,0.0,41,0.0,0.0,1.8450980400142567
external_candidate,3,local_gated_shuffled_obelix,144,8,0.0,41,0.0,0.0,1.1375278639163204
external_candidate,4,uniform_random,144,8,4.0,17,0.125,0.25,0.21670910996394532
external_candidate,4,composition_novelty,144,8,0.0,41,0.0,0.0,1.1375278639163204
external_candidate,4,static_neighbor_round_robin,144,8,53.0,1,0.625,0.625,0.0
external_candidate,4,static_neighbor_consensus,144,8,69.0,3,0.625,1.0,0.0
external_candidate,4,single_best_local_neighbor,144,8,0.0,41,0.0,0.0,1.2794933999086797
external_candidate,4,global_gated_neighbor_portfolio,144,8,0.0,41,0.0,0.0,1.2794933999086797
external_candidate,4,local_gated_no_source_support,144,8,0.0,41,0.0,0.0,1.1375278639163204
external_candidate,4,local_gated_no_target_ood,144,8,0.0,22,0.0,0.25,1.2794933999086797
external_candidate,4,local_gated_no_diversity,144,8,0.0,41,0.0,0.0,1.2794933999086797
external_candidate,4,local_gated_neighbor_portfolio,144,8,0.0,41,0.0,0.0,1.2794933999086797
external_candidate,4,local_gated_wrong_source_portfolio,144,8,0.0,41,0.0,0.0,1.4768111551121257
external_candidate,4,local_gated_shuffled_obelix,144,8,0.0,41,0.0,0.0,1.1375278639163204
external_candidate,5,uniform_random,144,8,9.0,12,0.125,0.375,0.35373634617998406
external_candidate,5,composition_novelty,144,8,0.0,41,0.0,0.0,1.1375278639163204
external_candidate,5,static_neighbor_round_robin,144,8,53.0,1,0.625,0.625,0.0
external_candidate,5,static_neighbor_consensus,144,8,69.0,3,0.625,1.0,0.0
external_candidate,5,single_best_local_neighbor,144,8,0.0,41,0.0,0.0,1.4662460935653756
external_candidate,5,global_gated_neighbor_portfolio,144,8,0.0,41,0.0,0.0,1.4662460935653756
external_candidate,5,local_gated_no_source_support,144,8,0.0,41,0.0,0.0,1.1375278639163204
external_candidate,5,local_gated_no_target_ood,144,8,0.0,30,0.0,0.125,1.2794933999086797
external_candidate,5,local_gated_no_diversity,144,8,0.0,41,0.0,0.0,1.4662460935653756
external_candidate,5,local_gated_neighbor_portfolio,144,8,0.0,41,0.0,0.0,1.4662460935653756
external_candidate,5,local_gated_wrong_source_portfolio,144,8,0.0,41,0.0,0.0,1.1375278639163204
external_candidate,5,local_gated_shuffled_obelix,144,8,0.0,41,0.0,0.0,1.4662460935653756
external_candidate,6,uniform_random,144,8,13.0,9,0.25,0.25,0.0
external_candidate,6,composition_novelty,144,8,0.0,41,0.0,0.0,1.1375278639163204
external_candidate,6,static_neighbor_round_robin,144,8,53.0,1,0.625,0.625,0.0
external_candidate,6,static_neighbor_consensus,144,8,69.0,3,0.625,1.0,0.0
external_candidate,6,single_best_local_neighbor,144,8,0.0,41,0.0,0.0,1.5495309400517778
external_candidate,6,global_gated_neighbor_portfolio,144,8,0.0,41,0.0,0.0,1.4057653461839943
external_candidate,6,local_gated_no_source_support,144,8,0.0,41,0.0,0.0,1.1375278639163204
external_candidate,6,local_gated_no_target_ood,144,8,0.0,38,0.0,0.125,0.696649636490873
external_candidate,6,local_gated_no_diversity,144,8,0.0,41,0.0,0.0,1.4057653461839943
external_candidate,6,local_gated_neighbor_portfolio,144,8,0.0,41,0.0,0.0,1.4057653461839943
external_candidate,6,local_gated_wrong_source_portfolio,144,8,0.0,41,0.0,0.0,1.1375278639163204
external_candidate,6,local_gated_shuffled_obelix,144,8,0.0,41,0.0,0.0,1.1375278639163204
external_candidate,7,uniform_random,144,8,0.0,28,0.0,0.125,0.7067953418479755
external_candidate,7,composition_novelty,144,8,0.0,41,0.0,0.0,1.1375278639163204
external_candidate,7,static_neighbor_round_robin,144,8,53.0,1,0.625,0.625,0.0
external_candidate,7,static_neighbor_consensus,144,8,69.0,3,0.625,1.0,0.0
external_candidate,7,single_best_local_neighbor,144,8,0.0,41,0.0,0.0,1.4662460935653756
external_candidate,7,global_gated_neighbor_portfolio,144,8,0.0,41,0.0,0.0,1.4662460935653756
external_candidate,7,local_gated_no_source_support,144,8,0.0,41,0.0,0.0,1.1375278639163204
external_candidate,7,local_gated_no_target_ood,144,8,0.0,21,0.0,0.25,0.696649636490873
external_candidate,7,local_gated_no_diversity,144,8,0.0,41,0.0,0.0,1.4662460935653756
external_candidate,7,local_gated_neighbor_portfolio,144,8,0.0,41,0.0,0.0,1.4662460935653756
external_candidate,7,local_gated_wrong_source_portfolio,144,8,0.0,41,0.0,0.0,1.1375278639163204
external_candidate,7,local_gated_shuffled_obelix,144,8,0.0,41,0.0,0.0,1.1375278639163204
external_candidate,8,uniform_random,144,8,3.0,18,0.125,0.375,0.6478174818886375
external_candidate,8,composition_novelty,144,8,0.0,41,0.0,0.0,1.1375278639163204
external_candidate,8,static_neighbor_round_robin,144,8,53.0,1,0.625,0.625,0.0
external_candidate,8,static_neighbor_consensus,144,8,69.0,3,0.625,1.0,0.0
external_candidate,8,single_best_local_neighbor,144,8,0.0,41,0.0,0.0,1.1375278639163204
external_candidate,8,global_gated_neighbor_portfolio,144,8,0.0,41,0.0,0.0,1.5495309400517778
external_candidate,8,local_gated_no_source_support,144,8,0.0,41,0.0,0.0,1.350248018334163
external_candidate,8,local_gated_no_target_ood,144,8,0.0,39,0.0,0.125,0.696649636490873
external_candidate,8,local_gated_no_diversity,144,8,0.0,41,0.0,0.0,1.5177391056279264
external_candidate,8,local_gated_neighbor_portfolio,144,8,0.0,41,0.0,0.0,1.5495309400517778
external_candidate,8,local_gated_wrong_source_portfolio,144,8,0.0,41,0.0,0.0,2.3010299956639813
external_candidate,8,local_gated_shuffled_obelix,144,8,0.0,41,0.0,0.0,1.1375278639163204
external_candidate,9,uniform_random,144,8,11.0,11,0.25,0.375,0.35373634617998406
external_candidate,9,composition_novelty,144,8,0.0,41,0.0,0.0,1.1375278639163204
external_candidate,9,static_neighbor_round_robin,144,8,53.0,1,0.625,0.625,0.0
external_candidate,9,static_neighbor_consensus,144,8,69.0,3,0.625,1.0,0.0
external_candidate,9,single_best_local_neighbor,144,8,0.0,41,0.0,0.0,1.516209000174696
external_candidate,9,global_gated_neighbor_portfolio,144,8,0.0,41,0.0,0.0,1.4662460935653756
external_candidate,9,local_gated_no_source_support,144,8,0.0,41,0.0,0.0,1.1375278639163204
external_candidate,9,local_gated_no_target_ood,144,8,2.0,19,0.125,0.25,0.6342446746993635
external_candidate,9,local_gated_no_diversity,144,8,0.0,41,0.0,0.0,1.4662460935653756
external_candidate,9,local_gated_neighbor_portfolio,144,8,0.0,41,0.0,0.0,1.4662460935653756
external_candidate,9,local_gated_wrong_source_portfolio,144,8,0.0,41,0.0,0.0,1.1375278639163204
external_candidate,9,local_gated_shuffled_obelix,144,8,0.0,41,0.0,0.0,1.1375278639163204
external_candidate,10,uniform_random,144,8,24.0,5,0.25,0.25,0.21670910996394532
external_candidate,10,composition_novelty,144,8,0.0,41,0.0,0.0,1.1375278639163204
external_candidate,10,static_neighbor_round_robin,144,8,53.0,1,0.625,0.625,0.0
external_candidate,10,static_neighbor_consensus,144,8,69.0,3,0.625,1.0,0.0
external_candidate,10,single_best_local_neighbor,144,8,0.0,41,0.0,0.0,1.146128035678238
external_candidate,10,global_gated_neighbor_portfolio,144,8,0.0,41,0.0,0.0,1.146128035678238
external_candidate,10,local_gated_no_source_support,144,8,0.0,41,0.0,0.0,1.1375278639163204
external_candidate,10,local_gated_no_target_ood,144,8,0.0,41,0.0,0.0,0.696649636490873
external_candidate,10,local_gated_no_diversity,144,8,0.0,41,0.0,0.0,1.146128035678238
external_candidate,10,local_gated_neighbor_portfolio,144,8,0.0,41,0.0,0.0,1.4471580313422192
external_candidate,10,local_gated_wrong_source_portfolio,144,8,0.0,41,0.0,0.0,1.1375278639163204
external_candidate,10,local_gated_shuffled_obelix,144,8,0.0,41,0.0,0.0,1.1375278639163204
external_candidate,11,uniform_random,144,8,9.0,12,0.125,0.5,0.0
external_candidate,11,composition_novelty,144,8,0.0,41,0.0,0.0,1.1375278639163204
external_candidate,11,static_neighbor_round_robin,144,8,53.0,1,0.625,0.625,0.0
external_candidate,11,static_neighbor_consensus,144,8,69.0,3,0.625,1.0,0.0
external_candidate,11,single_best_local_neighbor,144,8,0.0,41,0.0,0.0,1.1375278639163204
external_candidate,11,global_gated_neighbor_portfolio,144,8,0.0,41,0.0,0.0,2.3010299956639813
external_candidate,11,local_gated_no_source_support,144,8,0.0,41,0.0,0.0,1.1375278639163204
external_candidate,11,local_gated_no_target_ood,144,8,4.0,17,0.125,0.125,0.6342446746993635
external_candidate,11,local_gated_no_diversity,144,8,0.0,41,0.0,0.0,1.5177391056279264
external_candidate,11,local_gated_neighbor_portfolio,144,8,0.0,41,0.0,0.0,1.5495309400517778
external_candidate,11,local_gated_wrong_source_portfolio,144,8,0.0,41,0.0,0.0,1.1375278639163204
external_candidate,11,local_gated_shuffled_obelix,144,8,0.0,41,0.0,0.0,1.1375278639163204
external_candidate,12,uniform_random,144,8,40.0,1,0.375,0.625,0.06694678963061307
external_candidate,12,composition_novelty,144,8,0.0,41,0.0,0.0,1.1375278639163204
external_candidate,12,static_neighbor_round_robin,144,8,53.0,1,0.625,0.625,0.0
external_candidate,12,static_neighbor_consensus,144,8,69.0,3,0.625,1.0,0.0
external_candidate,12,single_best_local_neighbor,144,8,0.0,41,0.0,0.0,1.146128035678238
external_candidate,12,global_gated_neighbor_portfolio,144,8,0.0,41,0.0,0.0,1.146128035678238
external_candidate,12,local_gated_no_source_support,144,8,0.0,41,0.0,0.0,1.1375278639163204
external_candidate,12,local_gated_no_target_ood,144,8,16.0,5,0.125,0.25,0.6342446746993635
external_candidate,12,local_gated_no_diversity,144,8,0.0,41,0.0,0.0,1.146128035678238
external_candidate,12,local_gated_neighbor_portfolio,144,8,0.0,41,0.0,0.0,1.146128035678238
external_candidate,12,local_gated_wrong_source_portfolio,144,8,0.0,41,0.0,0.0,1.146128035678238
external_candidate,12,local_gated_shuffled_obelix,144,8,0.0,41,0.0,0.0,1.146128035678238
external_candidate,13,uniform_random,144,8,0.0,41,0.0,0.0,0.696649636490873
external_candidate,13,composition_novelty,144,8,0.0,41,0.0,0.0,1.1375278639163204
external_candidate,13,static_neighbor_round_robin,144,8,53.0,1,0.625,0.625,0.0
external_candidate,13,static_neighbor_consensus,144,8,69.0,3,0.625,1.0,0.0
external_candidate,13,single_best_local_neighbor,144,8,0.0,41,0.0,0.0,1.1375278639163204
external_candidate,13,global_gated_neighbor_portfolio,144,8,0.0,41,0.0,0.0,2.3010299956639813
external_candidate,13,local_gated_no_source_support,144,8,2.0,19,0.125,0.25,0.6478174818886375
external_candidate,13,local_gated_no_target_ood,144,8,0.0,36,0.0,0.125,1.2794933999086797
external_candidate,13,local_gated_no_diversity,144,8,0.0,41,0.0,0.0,1.5495309400517778
external_candidate,13,local_gated_neighbor_portfolio,144,8,0.0,41,0.0,0.0,1.5495309400517778
external_candidate,13,local_gated_wrong_source_portfolio,144,8,0.0,41,0.0,0.0,1.1375278639163204
external_candidate,13,local_gated_shuffled_obelix,144,8,0.0,41,0.0,0.0,1.1375278639163204
external_candidate,14,uniform_random,144,8,0.0,41,0.0,0.0,0.696649636490873
external_candidate,14,composition_novelty,144,8,0.0,41,0.0,0.0,1.1375278639163204
external_candidate,14,static_neighbor_round_robin,144,8,53.0,1,0.625,0.625,0.0
external_candidate,14,static_neighbor_consensus,144,8,69.0,3,0.625,1.0,0.0
external_candidate,14,single_best_local_neighbor,144,8,0.0,41,0.0,0.0,1.516209000174696
external_candidate,14,global_gated_neighbor_portfolio,144,8,0.0,41,0.0,0.0,1.516209000174696
external_candidate,14,local_gated_no_source_support,144,8,0.0,41,0.0,0.0,1.1375278639163204
external_candidate,14,local_gated_no_target_ood,144,8,0.0,38,0.0,0.125,1.3041432310881242
external_candidate,14,local_gated_no_diversity,144,8,0.0,41,0.0,0.0,1.516209000174696
external_candidate,14,local_gated_neighbor_portfolio,144,8,0.0,41,0.0,0.0,1.516209000174696
external_candidate,14,local_gated_wrong_source_portfolio,144,8,0.0,41,0.0,0.0,1.1375278639163204
external_candidate,14,local_gated_shuffled_obelix,144,8,0.0,41,0.0,0.0,1.1375278639163204
external_candidate,15,uniform_random,144,8,45.0,3,0.375,0.5,0.0
external_candidate,15,composition_novelty,144,8,0.0,41,0.0,0.0,1.1375278639163204
external_candidate,15,static_neighbor_round_robin,144,8,53.0,1,0.625,0.625,0.0
external_candidate,15,static_neighbor_consensus,144,8,69.0,3,0.625,1.0,0.0
external_candidate,15,single_best_local_neighbor,144,8,0.0,41,0.0,0.0,1.4662460935653756
external_candidate,15,global_gated_neighbor_portfolio,144,8,0.0,41,0.0,0.0,1.4662460935653756
external_candidate,15,local_gated_no_source_support,144,8,0.0,41,0.0,0.0,1.4662460935653756
external_candidate,15,local_gated_no_target_ood,144,8,0.0,27,0.0,0.25,1.2794933999086797
external_candidate,15,local_gated_no_diversity,144,8,0.0,41,0.0,0.0,1.4662460935653756
external_candidate,15,local_gated_neighbor_portfolio,144,8,0.0,41,0.0,0.0,1.4662460935653756
external_candidate,15,local_gated_wrong_source_portfolio,144,8,0.0,41,0.0,0.0,1.1375278639163204
external_candidate,15,local_gated_shuffled_obelix,144,8,0.0,41,0.0,0.0,1.1375278639163204
external_candidate,16,uniform_random,144,8,0.0,38,0.0,0.125,1.146128035678238
external_candidate,16,composition_novelty,144,8,0.0,41,0.0,0.0,1.1375278639163204
external_candidate,16,static_neighbor_round_robin,144,8,53.0,1,0.625,0.625,0.0
external_candidate,16,static_neighbor_consensus,144,8,69.0,3,0.625,1.0,0.0
external_candidate,16,single_best_local_neighbor,144,8,0.0,41,0.0,0.0,1.3041432310881242
external_candidate,16,global_gated_neighbor_portfolio,144,8,0.0,41,0.0,0.0,1.3041432310881242
external_candidate,16,local_gated_no_source_support,144,8,0.0,41,0.0,0.0,1.1375278639163204
external_candidate,16,local_gated_no_target_ood,144,8,26.0,1,0.25,0.25,0.0
external_candidate,16,local_gated_no_diversity,144,8,0.0,41,0.0,0.0,1.3041432310881242
external_candidate,16,local_gated_neighbor_portfolio,144,8,0.0,41,0.0,0.0,1.3041432310881242
external_candidate,16,local_gated_wrong_source_portfolio,144,8,0.0,41,0.0,0.0,1.1375278639163204
external_candidate,16,local_gated_shuffled_obelix,144,8,0.0,41,0.0,0.0,1.3041432310881242
external_candidate,17,uniform_random,144,8,35.0,2,0.25,0.375,0.21670910996394532
external_candidate,17,composition_novelty,144,8,0.0,41,0.0,0.0,1.1375278639163204
external_candidate,17,static_neighbor_round_robin,144,8,53.0,1,0.625,0.625,0.0
external_candidate,17,static_neighbor_consensus,144,8,69.0,3,0.625,1.0,0.0
external_candidate,17,single_best_local_neighbor,144,8,15.0,6,0.125,0.125,0.0
external_candidate,17,global_gated_neighbor_portfolio,144,8,12.0,9,0.125,0.125,0.0
external_candidate,17,local_gated_no_source_support,144,8,0.0,29,0.0,0.125,1.1375278639163204
external_candidate,17,local_gated_no_target_ood,144,8,17.0,4,0.125,0.25,0.6342446746993635
external_candidate,17,local_gated_no_diversity,144,8,9.0,12,0.125,0.125,0.0
external_candidate,17,local_gated_neighbor_portfolio,144,8,13.0,8,0.125,0.125,0.0
external_candidate,17,local_gated_wrong_source_portfolio,144,8,0.0,41,0.0,0.0,1.146128035678238
external_candidate,17,local_gated_shuffled_obelix,144,8,7.0,14,0.125,0.125,0.0
external_candidate,18,uniform_random,144,8,13.0,8,0.125,0.375,0.0
external_candidate,18,composition_novelty,144,8,0.0,41,0.0,0.0,1.1375278639163204
external_candidate,18,static_neighbor_round_robin,144,8,53.0,1,0.625,0.625,0.0
external_candidate,18,static_neighbor_consensus,144,8,69.0,3,0.625,1.0,0.0
external_candidate,18,single_best_local_neighbor,144,8,0.0,41,0.0,0.0,1.1375278639163204
external_candidate,18,global_gated_neighbor_portfolio,144,8,0.0,41,0.0,0.0,2.3010299956639813
external_candidate,18,local_gated_no_source_support,144,8,0.0,41,0.0,0.0,1.1375278639163204
external_candidate,18,local_gated_no_target_ood,144,8,5.0,16,0.125,0.25,0.6342446746993635
external_candidate,18,local_gated_no_diversity,144,8,0.0,41,0.0,0.0,1.5177391056279264
external_candidate,18,local_gated_neighbor_portfolio,144,8,0.0,41,0.0,0.0,1.5495309400517778
external_candidate,18,local_gated_wrong_source_portfolio,144,8,0.0,41,0.0,0.0,3.0321846833714012
external_candidate,18,local_gated_shuffled_obelix,144,8,0.0,41,0.0,0.0,1.1375278639163204
external_candidate,19,uniform_random,144,8,11.0,10,0.125,0.5,0.6478174818886375
external_candidate,19,composition_novelty,144,8,0.0,41,0.0,0.0,1.1375278639163204
external_candidate,19,static_neighbor_round_robin,144,8,53.0,1,0.625,0.625,0.0
external_candidate,19,static_neighbor_consensus,144,8,69.0,3,0.625,1.0,0.0
external_candidate,19,single_best_local_neighbor,144,8,0.0,41,0.0,0.0,1.6243363860391147
external_candidate,19,global_gated_neighbor_portfolio,144,8,0.0,41,0.0,0.0,1.6243363860391147
external_candidate,19,local_gated_no_source_support,144,8,0.0,41,0.0,0.0,1.350248018334163
external_candidate,19,local_gated_no_target_ood,144,8,0.0,41,0.0,0.0,1.2794933999086797
external_candidate,19,local_gated_no_diversity,144,8,0.0,41,0.0,0.0,1.6243363860391147
external_candidate,19,local_gated_neighbor_portfolio,144,8,0.0,41,0.0,0.0,1.6243363860391147
external_candidate,19,local_gated_wrong_source_portfolio,144,8,0.0,41,0.0,0.0,1.1375278639163204
external_candidate,19,local_gated_shuffled_obelix,144,8,0.0,41,0.0,0.0,1.1375278639163204
external_candidate,20,uniform_random,144,8,19.0,8,0.25,0.75,0.4480274900548482
external_candidate,20,composition_novelty,144,8,0.0,41,0.0,0.0,1.1375278639163204
external_candidate,20,static_neighbor_round_robin,144,8,53.0,1,0.625,0.625,0.0
external_candidate,20,static_neighbor_consensus,144,8,69.0,3,0.625,1.0,0.0
external_candidate,20,single_best_local_neighbor,144,8,0.0,41,0.0,0.0,1.146128035678238
external_candidate,20,global_gated_neighbor_portfolio,144,8,0.0,41,0.0,0.0,1.8027391382158842
external_candidate,20,local_gated_no_source_support,144,8,0.0,41,0.0,0.0,1.1375278639163204
external_candidate,20,local_gated_no_target_ood,144,8,0.0,31,0.0,0.125,0.696649636490873
external_candidate,20,local_gated_no_diversity,144,8,0.0,41,0.0,0.0,1.146128035678238
external_candidate,20,local_gated_neighbor_portfolio,144,8,0.0,41,0.0,0.0,1.8027391382158842
external_candidate,20,local_gated_wrong_source_portfolio,144,8,0.0,41,0.0,0.0,1.4768111551121257
external_candidate,20,local_gated_shuffled_obelix,144,8,0.0,41,0.0,0.0,1.1375278639163204
external_candidate,21,uniform_random,144,8,0.0,41,0.0,0.0,0.7750601734065017
external_candidate,21,composition_novelty,144,8,0.0,41,0.0,0.0,1.1375278639163204
external_candidate,21,static_neighbor_round_robin,144,8,53.0,1,0.625,0.625,0.0
external_candidate,21,static_neighbor_consensus,144,8,69.0,3,0.625,1.0,0.0
external_candidate,21,single_best_local_neighbor,144,8,0.0,41,0.0,0.0,1.1375278639163204
external_candidate,21,global_gated_neighbor_portfolio,144,8,0.0,41,0.0,0.0,1.146128035678238
external_candidate,21,local_gated_no_source_support,144,8,0.0,41,0.0,0.0,1.1375278639163204
external_candidate,21,local_gated_no_target_ood,144,8,20.0,1,0.125,0.125,0.6342446746993635
external_candidate,21,local_gated_no_diversity,144,8,0.0,41,0.0,0.0,1.1375278639163204
external_candidate,21,local_gated_neighbor_portfolio,144,8,0.0,41,0.0,0.0,1.1375278639163204
external_candidate,21,local_gated_wrong_source_portfolio,144,8,0.0,41,0.0,0.0,1.4768111551121257
external_candidate,21,local_gated_shuffled_obelix,144,8,0.0,41,0.0,0.0,1.1375278639163204
external_candidate,22,uniform_random,144,8,3.0,18,0.125,0.125,0.16840443038939035
external_candidate,22,composition_novelty,144,8,0.0,41,0.0,0.0,1.1375278639163204
external_candidate,22,static_neighbor_round_robin,144,8,53.0,1,0.625,0.625,0.0
external_candidate,22,static_neighbor_consensus,144,8,69.0,3,0.625,1.0,0.0
external_candidate,22,single_best_local_neighbor,144,8,0.0,41,0.0,0.0,1.4662460935653756
external_candidate,22,global_gated_neighbor_portfolio,144,8,0.0,41,0.0,0.0,1.4662460935653756
external_candidate,22,local_gated_no_source_support,144,8,0.0,41,0.0,0.0,1.1375278639163204
external_candidate,22,local_gated_no_target_ood,144,8,0.0,41,0.0,0.0,1.3041432310881242
external_candidate,22,local_gated_no_diversity,144,8,0.0,41,0.0,0.0,1.4662460935653756
external_candidate,22,local_gated_neighbor_portfolio,144,8,0.0,41,0.0,0.0,1.4662460935653756
external_candidate,22,local_gated_wrong_source_portfolio,144,8,0.0,41,0.0,0.0,1.1375278639163204
external_candidate,22,local_gated_shuffled_obelix,144,8,0.0,41,0.0,0.0,1.1375278639163204
external_candidate,23,uniform_random,144,8,12.0,9,0.125,0.375,0.21670910996394532
external_candidate,23,composition_novelty,144,8,0.0,41,0.0,0.0,1.1375278639163204
external_candidate,23,static_neighbor_round_robin,144,8,53.0,1,0.625,0.625,0.0
external_candidate,23,static_neighbor_consensus,144,8,69.0,3,0.625,1.0,0.0
external_candidate,23,single_best_local_neighbor,144,8,0.0,41,0.0,0.0,1.5177391056279264
external_candidate,23,global_gated_neighbor_portfolio,144,8,0.0,41,0.0,0.0,1.4581534156436826
external_candidate,23,local_gated_no_source_support,144,8,0.0,41,0.0,0.0,1.1375278639163204
external_candidate,23,local_gated_no_target_ood,144,8,0.0,21,0.0,0.25,0.7067953418479755
external_candidate,23,local_gated_no_diversity,144,8,0.0,41,0.0,0.0,1.4581534156436826
external_candidate,23,local_gated_neighbor_portfolio,144,8,0.0,41,0.0,0.0,1.4581534156436826
external_candidate,23,local_gated_wrong_source_portfolio,144,8,0.0,41,0.0,0.0,2.3010299956639813
external_candidate,23,local_gated_shuffled_obelix,144,8,0.0,41,0.0,0.0,1.1375278639163204
external_candidate,24,uniform_random,144,8,0.0,35,0.0,0.125,0.696649636490873
external_candidate,24,composition_novelty,144,8,0.0,41,0.0,0.0,1.1375278639163204
external_candidate,24,static_neighbor_round_robin,144,8,53.0,1,0.625,0.625,0.0
external_candidate,24,static_neighbor_consensus,144,8,69.0,3,0.625,1.0,0.0
external_candidate,24,single_best_local_neighbor,144,8,0.0,41,0.0,0.0,2.5177391056279266
external_candidate,24,global_gated_neighbor_portfolio,144,8,0.0,41,0.0,0.0,1.4471580313422192
external_candidate,24,local_gated_no_source_support,144,8,0.0,41,0.0,0.0,1.1375278639163204
external_candidate,24,local_gated_no_target_ood,144,8,0.0,30,0.0,0.125,0.696649636490873
external_candidate,24,local_gated_no_diversity,144,8,0.0,41,0.0,0.0,1.4471580313422192
external_candidate,24,local_gated_neighbor_portfolio,144,8,0.0,41,0.0,0.0,1.4471580313422192
external_candidate,24,local_gated_wrong_source_portfolio,144,8,0.0,41,0.0,0.0,1.1375278639163204
external_candidate,24,local_gated_shuffled_obelix,144,8,0.0,41,0.0,0.0,1.1375278639163204
external_candidate,25,uniform_random,144,8,0.0,40,0.0,0.125,1.1375278639163204
external_candidate,25,composition_novelty,144,8,0.0,41,0.0,0.0,1.1375278639163204
external_candidate,25,static_neighbor_round_robin,144,8,53.0,1,0.625,0.625,0.0
external_candidate,25,static_neighbor_consensus,144,8,69.0,3,0.625,1.0,0.0
external_candidate,25,single_best_local_neighbor,144,8,0.0,41,0.0,0.0,1.4662460935653756
external_candidate,25,global_gated_neighbor_portfolio,144,8,0.0,41,0.0,0.0,1.4662460935653756
external_candidate,25,local_gated_no_source_support,144,8,0.0,41,0.0,0.0,1.1375278639163204
external_candidate,25,local_gated_no_target_ood,144,8,0.0,37,0.0,0.125,1.3041432310881242
external_candidate,25,local_gated_no_diversity,144,8,0.0,41,0.0,0.0,1.4662460935653756
external_candidate,25,local_gated_neighbor_portfolio,144,8,0.0,41,0.0,0.0,1.4662460935653756
external_candidate,25,local_gated_wrong_source_portfolio,144,8,0.0,41,0.0,0.0,1.7046434228828924
external_candidate,25,local_gated_shuffled_obelix,144,8,0.0,41,0.0,0.0,1.1375278639163204
external_candidate,26,uniform_random,144,8,14.0,13,0.375,0.625,0.0
external_candidate,26,composition_novelty,144,8,0.0,41,0.0,0.0,1.1375278639163204
external_candidate,26,static_neighbor_round_robin,144,8,53.0,1,0.625,0.625,0.0
external_candidate,26,static_neighbor_consensus,144,8,69.0,3,0.625,1.0,0.0
external_candidate,26,single_best_local_neighbor,144,8,0.0,41,0.0,0.0,2.3010299956639813
external_candidate,26,global_gated_neighbor_portfolio,144,8,0.0,41,0.0,0.0,2.3010299956639813
external_candidate,26,local_gated_no_source_support,144,8,0.0,41,0.0,0.0,1.1375278639163204
external_candidate,26,local_gated_no_target_ood,144,8,0.0,27,0.0,0.25,1.2794933999086797
external_candidate,26,local_gated_no_diversity,144,8,0.0,41,0.0,0.0,1.5177391056279264
external_candidate,26,local_gated_neighbor_portfolio,144,8,0.0,41,0.0,0.0,1.5495309400517778
external_candidate,26,local_gated_wrong_source_portfolio,144,8,0.0,41,0.0,0.0,1.1375278639163204
external_candidate,26,local_gated_shuffled_obelix,144,8,0.0,41,0.0,0.0,1.1375278639163204
external_candidate,27,uniform_random,144,8,0.0,28,0.0,0.25,0.7067953418479755
external_candidate,27,composition_novelty,144,8,0.0,41,0.0,0.0,1.1375278639163204
external_candidate,27,static_neighbor_round_robin,144,8,53.0,1,0.625,0.625,0.0
external_candidate,27,static_neighbor_consensus,144,8,69.0,3,0.625,1.0,0.0
external_candidate,27,single_best_local_neighbor,144,8,0.0,41,0.0,0.0,1.6020599913279623
external_candidate,27,global_gated_neighbor_portfolio,144,8,0.0,41,0.0,0.0,1.6020599913279623
external_candidate,27,local_gated_no_source_support,144,8,0.0,41,0.0,0.0,1.1375278639163204
external_candidate,27,local_gated_no_target_ood,144,8,0.0,40,0.0,0.125,1.3041432310881242
external_candidate,27,local_gated_no_diversity,144,8,0.0,41,0.0,0.0,1.5177391056279264
external_candidate,27,local_gated_neighbor_portfolio,144,8,0.0,41,0.0,0.0,1.6020599913279623
external_candidate,27,local_gated_wrong_source_portfolio,144,8,0.0,41,0.0,0.0,1.1375278639163204
external_candidate,27,local_gated_shuffled_obelix,144,8,0.0,41,0.0,0.0,1.1375278639163204
external_candidate,28,uniform_random,144,8,20.0,6,0.25,0.5,0.35373634617998406
external_candidate,28,composition_novelty,144,8,0.0,41,0.0,0.0,1.1375278639163204
external_candidate,28,static_neighbor_round_robin,144,8,53.0,1,0.625,0.625,0.0
external_candidate,28,static_neighbor_consensus,144,8,69.0,3,0.625,1.0,0.0
external_candidate,28,single_best_local_neighbor,144,8,0.0,41,0.0,0.0,1.1375278639163204
external_candidate,28,global_gated_neighbor_portfolio,144,8,0.0,41,0.0,0.0,1.1375278639163204
external_candidate,28,local_gated_no_source_support,144,8,0.0,41,0.0,0.0,1.1375278639163204
external_candidate,28,local_gated_no_target_ood,144,8,19.0,2,0.125,0.25,0.6342446746993635
external_candidate,28,local_gated_no_diversity,144,8,0.0,41,0.0,0.0,1.1375278639163204
external_candidate,28,local_gated_neighbor_portfolio,144,8,0.0,41,0.0,0.0,1.1375278639163204
external_candidate,28,local_gated_wrong_source_portfolio,144,8,0.0,41,0.0,0.0,1.4768111551121257
external_candidate,28,local_gated_shuffled_obelix,144,8,0.0,41,0.0,0.0,1.1375278639163204
external_candidate,29,uniform_random,144,8,20.0,1,0.125,0.125,0.4480274900548482
external_candidate,29,composition_novelty,144,8,0.0,41,0.0,0.0,1.1375278639163204
external_candidate,29,static_neighbor_round_robin,144,8,53.0,1,0.625,0.625,0.0
external_candidate,29,static_neighbor_consensus,144,8,69.0,3,0.625,1.0,0.0
external_candidate,29,single_best_local_neighbor,144,8,0.0,41,0.0,0.0,1.2794933999086797
external_candidate,29,global_gated_neighbor_portfolio,144,8,0.0,41,0.0,0.0,1.2794933999086797
external_candidate,29,local_gated_no_source_support,144,8,0.0,41,0.0,0.0,1.1375278639163204
external_candidate,29,local_gated_no_target_ood,144,8,21.0,4,0.25,0.25,0.0
external_candidate,29,local_gated_no_diversity,144,8,0.0,41,0.0,0.0,1.2794933999086797
external_candidate,29,local_gated_neighbor_portfolio,144,8,0.0,41,0.0,0.0,1.2794933999086797
external_candidate,29,local_gated_wrong_source_portfolio,144,8,0.0,41,0.0,0.0,1.1375278639163204
external_candidate,29,local_gated_shuffled_obelix,144,8,0.0,41,0.0,0.0,1.2794933999086797
external_candidate,30,uniform_random,144,8,0.0,33,0.0,0.25,0.8301576902213201
external_candidate,30,composition_novelty,144,8,0.0,41,0.0,0.0,1.1375278639163204
external_candidate,30,static_neighbor_round_robin,144,8,53.0,1,0.625,0.625,0.0
external_candidate,30,static_neighbor_consensus,144,8,69.0,3,0.625,1.0,0.0
external_candidate,30,single_best_local_neighbor,144,8,0.0,41,0.0,0.0,2.0321846833714012
external_candidate,30,global_gated_neighbor_portfolio,144,8,0.0,41,0.0,0.0,2.0321846833714012
external_candidate,30,local_gated_no_source_support,144,8,0.0,26,0.0,0.125,1.1375278639163204
external_candidate,30,local_gated_no_target_ood,144,8,6.0,15,0.125,0.25,0.0
external_candidate,30,local_gated_no_diversity,144,8,0.0,41,0.0,0.0,2.0321846833714012
external_candidate,30,local_gated_neighbor_portfolio,144,8,0.0,41,0.0,0.0,2.0321846833714012
external_candidate,30,local_gated_wrong_source_portfolio,144,8,0.0,41,0.0,0.0,2.4343208066370474
external_candidate,30,local_gated_shuffled_obelix,144,8,0.0,41,0.0,0.0,1.1375278639163204
external_candidate,31,uniform_random,144,8,6.0,15,0.125,0.5,0.6478174818886375
external_candidate,31,composition_novelty,144,8,0.0,40,0.0,0.125,1.1375278639163204
external_candidate,31,static_neighbor_round_robin,144,8,53.0,1,0.625,0.625,0.0
external_candidate,31,static_neighbor_consensus,144,8,69.0,3,0.625,1.0,0.0
external_candidate,31,single_best_local_neighbor,144,8,19.0,2,0.125,0.125,0.0
external_candidate,31,global_gated_neighbor_portfolio,144,8,19.0,2,0.125,0.125,0.0
external_candidate,31,local_gated_no_source_support,144,8,3.0,18,0.125,0.125,0.0
external_candidate,31,local_gated_no_target_ood,144,8,35.0,3,0.25,0.25,0.0
external_candidate,31,local_gated_no_diversity,144,8,20.0,1,0.125,0.125,0.0
external_candidate,31,local_gated_neighbor_portfolio,144,8,19.0,2,0.125,0.125,0.0
external_candidate,31,local_gated_wrong_source_portfolio,144,8,0.0,41,0.0,0.0,1.4768111551121257
external_candidate,31,local_gated_shuffled_obelix,144,8,0.0,40,0.0,0.125,1.1375278639163204
external_candidate,32,uniform_random,144,8,25.0,4,0.375,0.5,0.06694678963061307
external_candidate,32,composition_novelty,144,8,0.0,41,0.0,0.0,1.1375278639163204
external_candidate,32,static_neighbor_round_robin,144,8,53.0,1,0.625,0.625,0.0
external_candidate,32,static_neighbor_consensus,144,8,69.0,3,0.625,1.0,0.0
external_candidate,32,single_best_local_neighbor,144,8,0.0,41,0.0,0.0,1.5177391056279264
external_candidate,32,global_gated_neighbor_portfolio,144,8,0.0,41,0.0,0.0,1.2794933999086797
external_candidate,32,local_gated_no_source_support,144,8,0.0,41,0.0,0.0,1.1375278639163204
external_candidate,32,local_gated_no_target_ood,144,8,7.0,14,0.125,0.25,0.0
external_candidate,32,local_gated_no_diversity,144,8,0.0,41,0.0,0.0,1.2794933999086797
external_candidate,32,local_gated_neighbor_portfolio,144,8,0.0,41,0.0,0.0,1.2794933999086797
external_candidate,32,local_gated_wrong_source_portfolio,144,8,0.0,41,0.0,0.0,1.4768111551121257
external_candidate,32,local_gated_shuffled_obelix,144,8,0.0,41,0.0,0.0,1.1375278639163204
external_candidate,33,uniform_random,144,8,10.0,11,0.125,0.375,0.21670910996394532
external_candidate,33,composition_novelty,144,8,0.0,41,0.0,0.0,1.1375278639163204
external_candidate,33,static_neighbor_round_robin,144,8,53.0,1,0.625,0.625,0.0
external_candidate,33,static_neighbor_consensus,144,8,69.0,3,0.625,1.0,0.0
external_candidate,33,single_best_local_neighbor,144,8,0.0,41,0.0,0.0,1.146128035678238
external_candidate,33,global_gated_neighbor_portfolio,144,8,0.0,41,0.0,0.0,1.2091119282134237
external_candidate,33,local_gated_no_source_support,144,8,0.0,41,0.0,0.0,1.1375278639163204
external_candidate,33,local_gated_no_target_ood,144,8,8.0,13,0.125,0.125,0.6342446746993635
external_candidate,33,local_gated_no_diversity,144,8,0.0,41,0.0,0.0,1.146128035678238
external_candidate,33,local_gated_neighbor_portfolio,144,8,0.0,41,0.0,0.0,1.146128035678238
external_candidate,33,local_gated_wrong_source_portfolio,144,8,0.0,41,0.0,0.0,1.2091119282134237
external_candidate,33,local_gated_shuffled_obelix,144,8,0.0,41,0.0,0.0,1.1375278639163204
external_candidate,34,uniform_random,144,8,18.0,9,0.25,0.375,0.06694678963061307
external_candidate,34,composition_novelty,144,8,0.0,41,0.0,0.0,1.1375278639163204
external_candidate,34,static_neighbor_round_robin,144,8,53.0,1,0.625,0.625,0.0
external_candidate,34,static_neighbor_consensus,144,8,69.0,3,0.625,1.0,0.0
external_candidate,34,single_best_local_neighbor,144,8,0.0,41,0.0,0.0,1.5177391056279264
external_candidate,34,global_gated_neighbor_portfolio,144,8,0.0,41,0.0,0.0,2.3010299956639813
external_candidate,34,local_gated_no_source_support,144,8,0.0,41,0.0,0.0,1.1375278639163204
external_candidate,34,local_gated_no_target_ood,144,8,0.0,32,0.0,0.125,0.696649636490873
external_candidate,34,local_gated_no_diversity,144,8,0.0,41,0.0,0.0,1.5177391056279264
external_candidate,34,local_gated_neighbor_portfolio,144,8,0.0,41,0.0,0.0,2.3010299956639813
external_candidate,34,local_gated_wrong_source_portfolio,144,8,0.0,41,0.0,0.0,1.1375278639163204
external_candidate,34,local_gated_shuffled_obelix,144,8,0.0,41,0.0,0.0,1.1375278639163204
external_candidate,35,uniform_random,144,8,4.0,17,0.125,0.375,0.16840443038939035
external_candidate,35,composition_novelty,144,8,0.0,41,0.0,0.0,1.1375278639163204
external_candidate,35,static_neighbor_round_robin,144,8,53.0,1,0.625,0.625,0.0
external_candidate,35,static_neighbor_consensus,144,8,69.0,3,0.625,1.0,0.0
external_candidate,35,single_best_local_neighbor,144,8,0.0,41,0.0,0.0,1.2794933999086797
external_candidate,35,global_gated_neighbor_portfolio,144,8,0.0,41,0.0,0.0,1.4662460935653756
external_candidate,35,local_gated_no_source_support,144,8,0.0,41,0.0,0.0,1.1375278639163204
external_candidate,35,local_gated_no_target_ood,144,8,0.0,28,0.0,0.25,1.3041432310881242
external_candidate,35,local_gated_no_diversity,144,8,0.0,41,0.0,0.0,1.2794933999086797
external_candidate,35,local_gated_neighbor_portfolio,144,8,0.0,41,0.0,0.0,1.2794933999086797
external_candidate,35,local_gated_wrong_source_portfolio,144,8,0.0,41,0.0,0.0,1.1375278639163204
external_candidate,35,local_gated_shuffled_obelix,144,8,0.0,41,0.0,0.0,1.2794933999086797
external_candidate,36,uniform_random,144,8,11.0,11,0.25,0.375,0.35373634617998406
external_candidate,36,composition_novelty,144,8,0.0,41,0.0,0.0,1.1375278639163204
external_candidate,36,static_neighbor_round_robin,144,8,53.0,1,0.625,0.625,0.0
external_candidate,36,static_neighbor_consensus,144,8,69.0,3,0.625,1.0,0.0
external_candidate,36,single_best_local_neighbor,144,8,0.0,41,0.0,0.0,2.9182413310645643
external_candidate,36,global_gated_neighbor_portfolio,144,8,0.0,41,0.0,0.0,1.146128035678238
external_candidate,36,local_gated_no_source_support,144,8,0.0,41,0.0,0.0,1.1375278639163204
external_candidate,36,local_gated_no_target_ood,144,8,0.0,25,0.0,0.25,0.696649636490873
external_candidate,36,local_gated_no_diversity,144,8,0.0,41,0.0,0.0,1.146128035678238
external_candidate,36,local_gated_neighbor_portfolio,144,8,0.0,41,0.0,0.0,1.146128035678238
external_candidate,36,local_gated_wrong_source_portfolio,144,8,0.0,41,0.0,0.0,1.1375278639163204
external_candidate,36,local_gated_shuffled_obelix,144,8,0.0,41,0.0,0.0,1.1375278639163204
external_candidate,37,uniform_random,144,8,14.0,7,0.125,0.375,0.35373634617998406
external_candidate,37,composition_novelty,144,8,0.0,41,0.0,0.0,1.1375278639163204
external_candidate,37,static_neighbor_round_robin,144,8,53.0,1,0.625,0.625,0.0
external_candidate,37,static_neighbor_consensus,144,8,69.0,3,0.625,1.0,0.0
external_candidate,37,single_best_local_neighbor,144,8,0.0,41,0.0,0.0,1.1375278639163204
external_candidate,37,global_gated_neighbor_portfolio,144,8,0.0,41,0.0,0.0,1.1375278639163204
external_candidate,37,local_gated_no_source_support,144,8,0.0,41,0.0,0.0,1.1375278639163204
external_candidate,37,local_gated_no_target_ood,144,8,0.0,21,0.0,0.25,0.7750601734065017
external_candidate,37,local_gated_no_diversity,144,8,0.0,41,0.0,0.0,1.1375278639163204
external_candidate,37,local_gated_neighbor_portfolio,144,8,0.0,41,0.0,0.0,1.1375278639163204
external_candidate,37,local_gated_wrong_source_portfolio,144,8,0.0,41,0.0,0.0,1.1375278639163204
external_candidate,37,local_gated_shuffled_obelix,144,8,0.0,41,0.0,0.0,1.1375278639163204
external_candidate,38,uniform_random,144,8,0.0,25,0.0,0.5,0.696649636490873
external_candidate,38,composition_novelty,144,8,0.0,41,0.0,0.0,1.1375278639163204
external_candidate,38,static_neighbor_round_robin,144,8,53.0,1,0.625,0.625,0.0
external_candidate,38,static_neighbor_consensus,144,8,69.0,3,0.625,1.0,0.0
external_candidate,38,single_best_local_neighbor,144,8,0.0,41,0.0,0.0,1.2794933999086797
external_candidate,38,global_gated_neighbor_portfolio,144,8,0.0,41,0.0,0.0,1.2794933999086797
external_candidate,38,local_gated_no_source_support,144,8,0.0,41,0.0,0.0,1.350248018334163
external_candidate,38,local_gated_no_target_ood,144,8,9.0,12,0.125,0.125,0.0
external_candidate,38,local_gated_no_diversity,144,8,0.0,41,0.0,0.0,1.2794933999086797
external_candidate,38,local_gated_neighbor_portfolio,144,8,0.0,41,0.0,0.0,1.2794933999086797
external_candidate,38,local_gated_wrong_source_portfolio,144,8,0.0,41,0.0,0.0,1.1375278639163204
external_candidate,38,local_gated_shuffled_obelix,144,8,0.0,41,0.0,0.0,1.1375278639163204
external_candidate,39,uniform_random,144,8,11.0,10,0.125,0.25,0.21670910996394532
external_candidate,39,composition_novelty,144,8,0.0,41,0.0,0.0,1.1375278639163204
external_candidate,39,static_neighbor_round_robin,144,8,53.0,1,0.625,0.625,0.0
external_candidate,39,static_neighbor_consensus,144,8,69.0,3,0.625,1.0,0.0
external_candidate,39,single_best_local_neighbor,144,8,0.0,41,0.0,0.0,1.5177391056279264
external_candidate,39,global_gated_neighbor_portfolio,144,8,0.0,41,0.0,0.0,1.4471580313422192
external_candidate,39,local_gated_no_source_support,144,8,0.0,41,0.0,0.0,1.1375278639163204
external_candidate,39,local_gated_no_target_ood,144,8,0.0,30,0.0,0.25,1.4057653461839943
external_candidate,39,local_gated_no_diversity,144,8,0.0,41,0.0,0.0,1.4471580313422192
external_candidate,39,local_gated_neighbor_portfolio,144,8,0.0,41,0.0,0.0,1.4471580313422192
external_candidate,39,local_gated_wrong_source_portfolio,144,8,0.0,41,0.0,0.0,1.1375278639163204
external_candidate,39,local_gated_shuffled_obelix,144,8,0.0,41,0.0,0.0,1.1375278639163204
external_candidate,40,uniform_random,144,8,12.0,9,0.125,0.125,0.06694678963061307
external_candidate,40,composition_novelty,144,8,0.0,41,0.0,0.0,1.1375278639163204
external_candidate,40,static_neighbor_round_robin,144,8,53.0,1,0.625,0.625,0.0
external_candidate,40,static_neighbor_consensus,144,8,69.0,3,0.625,1.0,0.0
external_candidate,40,single_best_local_neighbor,144,8,0.0,41,0.0,0.0,1.4662460935653756
external_candidate,40,global_gated_neighbor_portfolio,144,8,0.0,41,0.0,0.0,1.4662460935653756
external_candidate,40,local_gated_no_source_support,144,8,0.0,41,0.0,0.0,1.1375278639163204
external_candidate,40,local_gated_no_target_ood,144,8,0.0,30,0.0,0.125,1.2794933999086797
external_candidate,40,local_gated_no_diversity,144,8,0.0,41,0.0,0.0,1.4662460935653756
external_candidate,40,local_gated_neighbor_portfolio,144,8,0.0,41,0.0,0.0,1.4662460935653756
external_candidate,40,local_gated_wrong_source_portfolio,144,8,0.0,41,0.0,0.0,1.1375278639163204
external_candidate,40,local_gated_shuffled_obelix,144,8,0.0,41,0.0,0.0,1.4662460935653756
external_candidate,41,uniform_random,144,8,42.0,2,0.375,0.375,0.0
external_candidate,41,composition_novelty,144,8,0.0,41,0.0,0.0,1.1375278639163204
external_candidate,41,static_neighbor_round_robin,144,8,53.0,1,0.625,0.625,0.0
external_candidate,41,static_neighbor_consensus,144,8,69.0,3,0.625,1.0,0.0
external_candidate,41,single_best_local_neighbor,144,8,0.0,41,0.0,0.0,1.4662460935653756
external_candidate,41,global_gated_neighbor_portfolio,144,8,0.0,41,0.0,0.0,1.4662460935653756
external_candidate,41,local_gated_no_source_support,144,8,0.0,41,0.0,0.0,1.1375278639163204
external_candidate,41,local_gated_no_target_ood,144,8,31.0,3,0.25,0.25,0.0
external_candidate,41,local_gated_no_diversity,144,8,0.0,41,0.0,0.0,1.4662460935653756
external_candidate,41,local_gated_neighbor_portfolio,144,8,0.0,41,0.0,0.0,1.4662460935653756
external_candidate,41,local_gated_wrong_source_portfolio,144,8,0.0,41,0.0,0.0,3.502675359192051
external_candidate,41,local_gated_shuffled_obelix,144,8,0.0,41,0.0,0.0,1.1375278639163204
external_candidate,42,uniform_random,144,8,32.0,4,0.25,0.25,0.16840443038939035
external_candidate,42,composition_novelty,144,8,0.0,41,0.0,0.0,1.1375278639163204
external_candidate,42,static_neighbor_round_robin,144,8,53.0,1,0.625,0.625,0.0
external_candidate,42,static_neighbor_consensus,144,8,69.0,3,0.625,1.0,0.0
external_candidate,42,single_best_local_neighbor,144,8,0.0,41,0.0,0.0,1.1375278639163204
external_candidate,42,global_gated_neighbor_portfolio,144,8,0.0,41,0.0,0.0,2.3010299956639813
external_candidate,42,local_gated_no_source_support,144,8,0.0,41,0.0,0.0,1.1375278639163204
external_candidate,42,local_gated_no_target_ood,144,8,0.0,32,0.0,0.125,0.696649636490873
external_candidate,42,local_gated_no_diversity,144,8,0.0,41,0.0,0.0,1.5495309400517778
external_candidate,42,local_gated_neighbor_portfolio,144,8,0.0,41,0.0,0.0,2.3010299956639813
external_candidate,42,local_gated_wrong_source_portfolio,144,8,0.0,41,0.0,0.0,2.3010299956639813
external_candidate,42,local_gated_shuffled_obelix,144,8,0.0,41,0.0,0.0,1.1375278639163204
external_candidate,43,uniform_random,144,8,26.0,4,0.25,0.375,0.06694678963061307
external_candidate,43,composition_novelty,144,8,0.0,41,0.0,0.0,1.1375278639163204
external_candidate,43,static_neighbor_round_robin,144,8,53.0,1,0.625,0.625,0.0
external_candidate,43,static_neighbor_consensus,144,8,69.0,3,0.625,1.0,0.0
external_candidate,43,single_best_local_neighbor,144,8,0.0,41,0.0,0.0,1.146128035678238
external_candidate,43,global_gated_neighbor_portfolio,144,8,0.0,41,0.0,0.0,1.146128035678238
external_candidate,43,local_gated_no_source_support,144,8,0.0,41,0.0,0.0,1.1375278639163204
external_candidate,43,local_gated_no_target_ood,144,8,0.0,28,0.0,0.25,0.696649636490873
external_candidate,43,local_gated_no_diversity,144,8,0.0,41,0.0,0.0,1.146128035678238
external_candidate,43,local_gated_neighbor_portfolio,144,8,0.0,41,0.0,0.0,1.146128035678238
external_candidate,43,local_gated_wrong_source_portfolio,144,8,0.0,41,0.0,0.0,1.1375278639163204
external_candidate,43,local_gated_shuffled_obelix,144,8,0.0,41,0.0,0.0,1.146128035678238
external_candidate,44,uniform_random,144,8,9.0,12,0.125,0.25,0.06694678963061307
external_candidate,44,composition_novelty,144,8,0.0,41,0.0,0.0,1.1375278639163204
external_candidate,44,static_neighbor_round_robin,144,8,53.0,1,0.625,0.625,0.0
external_candidate,44,static_neighbor_consensus,144,8,69.0,3,0.625,1.0,0.0
external_candidate,44,single_best_local_neighbor,144,8,0.0,41,0.0,0.0,2.413734275855269
external_candidate,44,global_gated_neighbor_portfolio,144,8,0.0,41,0.0,0.0,1.4662460935653756
external_candidate,44,local_gated_no_source_support,144,8,0.0,41,0.0,0.0,1.1375278639163204
external_candidate,44,local_gated_no_target_ood,144,8,0.0,26,0.0,0.125,1.2794933999086797
external_candidate,44,local_gated_no_diversity,144,8,0.0,41,0.0,0.0,1.4662460935653756
external_candidate,44,local_gated_neighbor_portfolio,144,8,0.0,41,0.0,0.0,1.4662460935653756
external_candidate,44,local_gated_wrong_source_portfolio,144,8,0.0,41,0.0,0.0,1.1375278639163204
external_candidate,44,local_gated_shuffled_obelix,144,8,0.0,41,0.0,0.0,1.4662460935653756
external_candidate,45,uniform_random,144,8,0.0,26,0.0,0.375,0.7750601734065017
external_candidate,45,composition_novelty,144,8,0.0,41,0.0,0.0,1.1375278639163204
external_candidate,45,static_neighbor_round_robin,144,8,53.0,1,0.625,0.625,0.0
external_candidate,45,static_neighbor_consensus,144,8,69.0,3,0.625,1.0,0.0
external_candidate,45,single_best_local_neighbor,144,8,0.0,41,0.0,0.0,1.146128035678238
external_candidate,45,global_gated_neighbor_portfolio,144,8,0.0,41,0.0,0.0,1.146128035678238
external_candidate,45,local_gated_no_source_support,144,8,0.0,41,0.0,0.0,1.1375278639163204
external_candidate,45,local_gated_no_target_ood,144,8,0.0,34,0.0,0.125,0.696649636490873
external_candidate,45,local_gated_no_diversity,144,8,0.0,41,0.0,0.0,1.146128035678238
external_candidate,45,local_gated_neighbor_portfolio,144,8,0.0,41,0.0,0.0,1.146128035678238
external_candidate,45,local_gated_wrong_source_portfolio,144,8,0.0,41,0.0,0.0,1.1375278639163204
external_candidate,45,local_gated_shuffled_obelix,144,8,0.0,41,0.0,0.0,1.1375278639163204
external_candidate,46,uniform_random,144,8,0.0,41,0.0,0.0,0.8301576902213201
external_candidate,46,composition_novelty,144,8,0.0,41,0.0,0.0,1.1375278639163204
external_candidate,46,static_neighbor_round_robin,144,8,53.0,1,0.625,0.625,0.0
external_candidate,46,static_neighbor_consensus,144,8,69.0,3,0.625,1.0,0.0
external_candidate,46,single_best_local_neighbor,144,8,0.0,41,0.0,0.0,1.1375278639163204
external_candidate,46,global_gated_neighbor_portfolio,144,8,0.0,41,0.0,0.0,2.3010299956639813
external_candidate,46,local_gated_no_source_support,144,8,0.0,41,0.0,0.0,1.1375278639163204
external_candidate,46,local_gated_no_target_ood,144,8,29.0,4,0.25,0.25,0.0
external_candidate,46,local_gated_no_diversity,144,8,0.0,41,0.0,0.0,2.3010299956639813
external_candidate,46,local_gated_neighbor_portfolio,144,8,0.0,41,0.0,0.0,2.3010299956639813
external_candidate,46,local_gated_wrong_source_portfolio,144,8,0.0,41,0.0,0.0,1.4768111551121257
external_candidate,46,local_gated_shuffled_obelix,144,8,0.0,41,0.0,0.0,1.1375278639163204
external_candidate,47,uniform_random,144,8,0.0,25,0.0,0.25,1.4581534156436826
external_candidate,47,composition_novelty,144,8,0.0,41,0.0,0.0,1.1375278639163204
external_candidate,47,static_neighbor_round_robin,144,8,53.0,1,0.625,0.625,0.0
external_candidate,47,static_neighbor_consensus,144,8,69.0,3,0.625,1.0,0.0
external_candidate,47,single_best_local_neighbor,144,8,0.0,41,0.0,0.0,1.1375278639163204
external_candidate,47,global_gated_neighbor_portfolio,144,8,0.0,41,0.0,0.0,2.3010299956639813
external_candidate,47,local_gated_no_source_support,144,8,0.0,41,0.0,0.0,1.1375278639163204
external_candidate,47,local_gated_no_target_ood,144,8,1.0,20,0.125,0.25,0.0
external_candidate,47,local_gated_no_diversity,144,8,0.0,41,0.0,0.0,2.3010299956639813
external_candidate,47,local_gated_neighbor_portfolio,144,8,0.0,41,0.0,0.0,2.3010299956639813
external_candidate,47,local_gated_wrong_source_portfolio,144,8,0.0,41,0.0,0.0,1.1375278639163204
external_candidate,47,local_gated_shuffled_obelix,144,8,0.0,41,0.0,0.0,1.1375278639163204
external_candidate,48,uniform_random,144,8,11.0,13,0.25,0.375,0.06694678963061307
external_candidate,48,composition_novelty,144,8,0.0,41,0.0,0.0,1.1375278639163204
external_candidate,48,static_neighbor_round_robin,144,8,53.0,1,0.625,0.625,0.0
external_candidate,48,static_neighbor_consensus,144,8,69.0,3,0.625,1.0,0.0
external_candidate,48,single_best_local_neighbor,144,8,0.0,41,0.0,0.0,1.516209000174696
external_candidate,48,global_gated_neighbor_portfolio,144,8,0.0,41,0.0,0.0,1.4662460935653756
external_candidate,48,local_gated_no_source_support,144,8,0.0,41,0.0,0.0,1.1375278639163204
external_candidate,48,local_gated_no_target_ood,144,8,0.0,31,0.0,0.125,0.696649636490873
external_candidate,48,local_gated_no_diversity,144,8,0.0,41,0.0,0.0,1.4662460935653756
external_candidate,48,local_gated_neighbor_portfolio,144,8,0.0,41,0.0,0.0,1.4662460935653756
external_candidate,48,local_gated_wrong_source_portfolio,144,8,0.0,41,0.0,0.0,1.1375278639163204
external_candidate,48,local_gated_shuffled_obelix,144,8,0.0,41,0.0,0.0,1.1375278639163204
external_candidate,49,uniform_random,144,8,2.0,19,0.125,0.25,0.6478174818886375
external_candidate,49,composition_novelty,144,8,0.0,41,0.0,0.0,1.1375278639163204
external_candidate,49,static_neighbor_round_robin,144,8,53.0,1,0.625,0.625,0.0
external_candidate,49,static_neighbor_consensus,144,8,69.0,3,0.625,1.0,0.0
external_candidate,49,single_best_local_neighbor,144,8,0.0,41,0.0,0.0,1.146128035678238
external_candidate,49,global_gated_neighbor_portfolio,144,8,0.0,41,0.0,0.0,1.146128035678238
external_candidate,49,local_gated_no_source_support,144,8,0.0,41,0.0,0.0,1.1375278639163204
external_candidate,49,local_gated_no_target_ood,144,8,14.0,9,0.25,0.25,0.0
external_candidate,49,local_gated_no_diversity,144,8,0.0,41,0.0,0.0,1.146128035678238
external_candidate,49,local_gated_neighbor_portfolio,144,8,0.0,41,0.0,0.0,1.146128035678238
external_candidate,49,local_gated_wrong_source_portfolio,144,8,0.0,41,0.0,0.0,1.8450980400142567
external_candidate,49,local_gated_shuffled_obelix,144,8,0.0,41,0.0,0.0,1.1375278639163204
external_candidate,50,uniform_random,144,8,3.0,18,0.125,0.125,0.0
external_candidate,50,composition_novelty,144,8,0.0,41,0.0,0.0,1.1375278639163204
external_candidate,50,static_neighbor_round_robin,144,8,53.0,1,0.625,0.625,0.0
external_candidate,50,static_neighbor_consensus,144,8,69.0,3,0.625,1.0,0.0
external_candidate,50,single_best_local_neighbor,144,8,0.0,41,0.0,0.0,1.516209000174696
external_candidate,50,global_gated_neighbor_portfolio,144,8,0.0,41,0.0,0.0,1.4662460935653756
external_candidate,50,local_gated_no_source_support,144,8,0.0,41,0.0,0.0,1.1375278639163204
external_candidate,50,local_gated_no_target_ood,144,8,0.0,27,0.0,0.125,0.696649636490873
external_candidate,50,local_gated_no_diversity,144,8,0.0,41,0.0,0.0,1.4662460935653756
external_candidate,50,local_gated_neighbor_portfolio,144,8,0.0,41,0.0,0.0,1.4662460935653756
external_candidate,50,local_gated_wrong_source_portfolio,144,8,0.0,41,0.0,0.0,1.1375278639163204
external_candidate,50,local_gated_shuffled_obelix,144,8,0.0,41,0.0,0.0,1.1375278639163204
external_candidate,51,uniform_random,144,8,28.0,2,0.25,0.25,0.0
external_candidate,51,composition_novelty,144,8,0.0,41,0.0,0.0,1.1375278639163204
external_candidate,51,static_neighbor_round_robin,144,8,53.0,1,0.625,0.625,0.0
external_candidate,51,static_neighbor_consensus,144,8,69.0,3,0.625,1.0,0.0
external_candidate,51,single_best_local_neighbor,144,8,0.0,41,0.0,0.0,1.1375278639163204
external_candidate,51,global_gated_neighbor_portfolio,144,8,0.0,41,0.0,0.0,2.3010299956639813
external_candidate,51,local_gated_no_source_support,144,8,0.0,41,0.0,0.0,1.1375278639163204
external_candidate,51,local_gated_no_target_ood,144,8,0.0,25,0.0,0.25,0.696649636490873
external_candidate,51,local_gated_no_diversity,144,8,0.0,41,0.0,0.0,2.3010299956639813
external_candidate,51,local_gated_neighbor_portfolio,144,8,0.0,41,0.0,0.0,2.3010299956639813
external_candidate,51,local_gated_wrong_source_portfolio,144,8,0.0,41,0.0,0.0,3.0321846833714012
external_candidate,51,local_gated_shuffled_obelix,144,8,0.0,41,0.0,0.0,1.1375278639163204
external_candidate,52,uniform_random,144,8,17.0,4,0.125,0.25,0.06694678963061307
external_candidate,52,composition_novelty,144,8,0.0,39,0.0,0.125,1.1375278639163204
external_candidate,52,static_neighbor_round_robin,144,8,53.0,1,0.625,0.625,0.0
external_candidate,52,static_neighbor_consensus,144,8,69.0,3,0.625,1.0,0.0
external_candidate,52,single_best_local_neighbor,144,8,0.0,41,0.0,0.0,1.5177391056279264
external_candidate,52,global_gated_neighbor_portfolio,144,8,15.0,6,0.125,0.125,0.0
external_candidate,52,local_gated_no_source_support,144,8,0.0,41,0.0,0.0,1.1375278639163204
external_candidate,52,local_gated_no_target_ood,144,8,0.0,41,0.0,0.0,1.2794933999086797
external_candidate,52,local_gated_no_diversity,144,8,0.0,41,0.0,0.0,1.5495309400517778
external_candidate,52,local_gated_neighbor_portfolio,144,8,0.0,41,0.0,0.0,1.5495309400517778
external_candidate,52,local_gated_wrong_source_portfolio,144,8,0.0,41,0.0,0.0,1.4768111551121257
external_candidate,52,local_gated_shuffled_obelix,144,8,16.0,5,0.125,0.125,0.0
external_candidate,53,uniform_random,144,8,0.0,21,0.0,0.125,0.7750601734065017
external_candidate,53,composition_novelty,144,8,0.0,41,0.0,0.0,1.1375278639163204
external_candidate,53,static_neighbor_round_robin,144,8,53.0,1,0.625,0.625,0.0
external_candidate,53,static_neighbor_consensus,144,8,69.0,3,0.625,1.0,0.0
external_candidate,53,single_best_local_neighbor,144,8,0.0,41,0.0,0.0,1.8027391382158842
external_candidate,53,global_gated_neighbor_portfolio,144,8,0.0,41,0.0,0.0,1.8027391382158842
external_candidate,53,local_gated_no_source_support,144,8,0.0,41,0.0,0.0,1.1375278639163204
external_candidate,53,local_gated_no_target_ood,144,8,0.0,36,0.0,0.125,0.696649636490873
external_candidate,53,local_gated_no_diversity,144,8,0.0,41,0.0,0.0,1.5177391056279264
external_candidate,53,local_gated_neighbor_portfolio,144,8,0.0,41,0.0,0.0,1.5495309400517778
external_candidate,53,local_gated_wrong_source_portfolio,144,8,0.0,41,0.0,0.0,1.1375278639163204
external_candidate,53,local_gated_shuffled_obelix,144,8,0.0,41,0.0,0.0,1.1375278639163204
external_candidate,54,uniform_random,144,8,3.0,18,0.125,0.5,0.6342446746993635
external_candidate,54,composition_novelty,144,8,0.0,41,0.0,0.0,1.1375278639163204
external_candidate,54,static_neighbor_round_robin,144,8,53.0,1,0.625,0.625,0.0
external_candidate,54,static_neighbor_consensus,144,8,69.0,3,0.625,1.0,0.0
external_candidate,54,single_best_local_neighbor,144,8,0.0,41,0.0,0.0,2.3010299956639813
external_candidate,54,global_gated_neighbor_portfolio,144,8,0.0,41,0.0,0.0,2.3010299956639813
external_candidate,54,local_gated_no_source_support,144,8,0.0,41,0.0,0.0,1.1375278639163204
external_candidate,54,local_gated_no_target_ood,144,8,30.0,2,0.25,0.25,0.0
external_candidate,54,local_gated_no_diversity,144,8,0.0,41,0.0,0.0,2.3010299956639813
external_candidate,54,local_gated_neighbor_portfolio,144,8,0.0,41,0.0,0.0,2.3010299956639813
external_candidate,54,local_gated_wrong_source_portfolio,144,8,0.0,41,0.0,0.0,3.2681810840490497
external_candidate,54,local_gated_shuffled_obelix,144,8,0.0,41,0.0,0.0,1.1375278639163204
external_candidate,55,uniform_random,144,8,0.0,23,0.0,0.375,0.7464543141972
external_candidate,55,composition_novelty,144,8,0.0,41,0.0,0.0,1.1375278639163204
external_candidate,55,static_neighbor_round_robin,144,8,53.0,1,0.625,0.625,0.0
external_candidate,55,static_neighbor_consensus,144,8,69.0,3,0.625,1.0,0.0
external_candidate,55,single_best_local_neighbor,144,8,0.0,41,0.0,0.0,1.2794933999086797
external_candidate,55,global_gated_neighbor_portfolio,144,8,0.0,41,0.0,0.0,1.2794933999086797
external_candidate,55,local_gated_no_source_support,144,8,0.0,41,0.0,0.0,1.4662460935653756
external_candidate,55,local_gated_no_target_ood,144,8,10.0,13,0.25,0.25,0.0
external_candidate,55,local_gated_no_diversity,144,8,0.0,41,0.0,0.0,1.2794933999086797
external_candidate,55,local_gated_neighbor_portfolio,144,8,0.0,41,0.0,0.0,1.2794933999086797
external_candidate,55,local_gated_wrong_source_portfolio,144,8,0.0,41,0.0,0.0,1.4768111551121257
external_candidate,55,local_gated_shuffled_obelix,144,8,0.0,41,0.0,0.0,1.1375278639163204
external_candidate,56,uniform_random,144,8,0.0,24,0.0,0.25,0.696649636490873
external_candidate,56,composition_novelty,144,8,0.0,41,0.0,0.0,1.1375278639163204
external_candidate,56,static_neighbor_round_robin,144,8,53.0,1,0.625,0.625,0.0
external_candidate,56,static_neighbor_consensus,144,8,69.0,3,0.625,1.0,0.0
external_candidate,56,single_best_local_neighbor,144,8,0.0,41,0.0,0.0,1.1375278639163204
external_candidate,56,global_gated_neighbor_portfolio,144,8,0.0,41,0.0,0.0,2.413734275855269
external_candidate,56,local_gated_no_source_support,144,8,0.0,41,0.0,0.0,1.1375278639163204
external_candidate,56,local_gated_no_target_ood,144,8,0.0,24,0.0,0.25,0.7067953418479755
external_candidate,56,local_gated_no_diversity,144,8,0.0,41,0.0,0.0,2.413734275855269
external_candidate,56,local_gated_neighbor_portfolio,144,8,0.0,41,0.0,0.0,2.413734275855269
external_candidate,56,local_gated_wrong_source_portfolio,144,8,0.0,41,0.0,0.0,1.4768111551121257
external_candidate,56,local_gated_shuffled_obelix,144,8,0.0,41,0.0,0.0,1.1375278639163204
external_candidate,57,uniform_random,144,8,26.0,6,0.375,0.5,0.35373634617998406
external_candidate,57,composition_novelty,144,8,0.0,41,0.0,0.0,1.1375278639163204
external_candidate,57,static_neighbor_round_robin,144,8,53.0,1,0.625,0.625,0.0
external_candidate,57,static_neighbor_consensus,144,8,69.0,3,0.625,1.0,0.0
external_candidate,57,single_best_local_neighbor,144,8,0.0,41,0.0,0.0,1.7046434228828924
external_candidate,57,global_gated_neighbor_portfolio,144,8,0.0,41,0.0,0.0,1.7046434228828924
external_candidate,57,local_gated_no_source_support,144,8,0.0,41,0.0,0.0,1.1375278639163204
external_candidate,57,local_gated_no_target_ood,144,8,36.0,2,0.25,0.25,0.0
external_candidate,57,local_gated_no_diversity,144,8,0.0,41,0.0,0.0,1.7046434228828924
external_candidate,57,local_gated_neighbor_portfolio,144,8,0.0,41,0.0,0.0,1.7046434228828924
external_candidate,57,local_gated_wrong_source_portfolio,144,8,0.0,41,0.0,0.0,3.2681810840490497
external_candidate,57,local_gated_shuffled_obelix,144,8,0.0,41,0.0,0.0,1.1375278639163204
external_candidate,58,uniform_random,144,8,16.0,5,0.125,0.25,0.6478174818886375
external_candidate,58,composition_novelty,144,8,0.0,41,0.0,0.0,1.1375278639163204
external_candidate,58,static_neighbor_round_robin,144,8,53.0,1,0.625,0.625,0.0
external_candidate,58,static_neighbor_consensus,144,8,69.0,3,0.625,1.0,0.0
external_candidate,58,single_best_local_neighbor,144,8,0.0,41,0.0,0.0,1.1375278639163204
external_candidate,58,global_gated_neighbor_portfolio,144,8,0.0,41,0.0,0.0,2.5761692175816444
external_candidate,58,local_gated_no_source_support,144,8,0.0,41,0.0,0.0,1.1375278639163204
external_candidate,58,local_gated_no_target_ood,144,8,0.0,27,0.0,0.125,0.696649636490873
external_candidate,58,local_gated_no_diversity,144,8,0.0,41,0.0,0.0,2.3010299956639813
external_candidate,58,local_gated_neighbor_portfolio,144,8,0.0,41,0.0,0.0,2.3010299956639813
external_candidate,58,local_gated_wrong_source_portfolio,144,8,0.0,41,0.0,0.0,1.1375278639163204
external_candidate,58,local_gated_shuffled_obelix,144,8,0.0,41,0.0,0.0,1.1375278639163204
external_candidate,59,uniform_random,144,8,5.0,16,0.125,0.5,0.35373634617998406
external_candidate,59,composition_novelty,144,8,0.0,41,0.0,0.0,1.1375278639163204
external_candidate,59,static_neighbor_round_robin,144,8,53.0,1,0.625,0.625,0.0
external_candidate,59,static_neighbor_consensus,144,8,69.0,3,0.625,1.0,0.0
external_candidate,59,single_best_local_neighbor,144,8,0.0,41,0.0,0.0,1.4662460935653756
external_candidate,59,global_gated_neighbor_portfolio,144,8,0.0,41,0.0,0.0,1.4662460935653756
external_candidate,59,local_gated_no_source_support,144,8,0.0,41,0.0,0.0,1.1375278639163204
external_candidate,59,local_gated_no_target_ood,144,8,0.0,34,0.0,0.125,0.696649636490873
external_candidate,59,local_gated_no_diversity,144,8,0.0,41,0.0,0.0,1.4662460935653756
external_candidate,59,local_gated_neighbor_portfolio,144,8,0.0,41,0.0,0.0,1.4662460935653756
external_candidate,59,local_gated_wrong_source_portfolio,144,8,0.0,41,0.0,0.0,1.1375278639163204
external_candidate,59,local_gated_shuffled_obelix,144,8,0.0,41,0.0,0.0,1.4662460935653756
external_candidate,60,uniform_random,144,8,0.0,31,0.0,0.125,0.7067953418479755
external_candidate,60,composition_novelty,144,8,0.0,41,0.0,0.0,1.1375278639163204
external_candidate,60,static_neighbor_round_robin,144,8,53.0,1,0.625,0.625,0.0
external_candidate,60,static_neighbor_consensus,144,8,69.0,3,0.625,1.0,0.0
external_candidate,60,single_best_local_neighbor,144,8,0.0,41,0.0,0.0,1.4471580313422192
external_candidate,60,global_gated_neighbor_portfolio,144,8,0.0,41,0.0,0.0,1.4471580313422192
external_candidate,60,local_gated_no_source_support,144,8,0.0,41,0.0,0.0,1.1375278639163204
external_candidate,60,local_gated_no_target_ood,144,8,0.0,35,0.0,0.125,0.696649636490873
external_candidate,60,local_gated_no_diversity,144,8,0.0,41,0.0,0.0,1.4471580313422192
external_candidate,60,local_gated_neighbor_portfolio,144,8,0.0,41,0.0,0.0,1.4471580313422192
external_candidate,60,local_gated_wrong_source_portfolio,144,8,0.0,41,0.0,0.0,1.1375278639163204
external_candidate,60,local_gated_shuffled_obelix,144,8,0.0,41,0.0,0.0,1.4471580313422192
external_candidate,61,uniform_random,144,8,34.0,3,0.25,0.375,0.06694678963061307
external_candidate,61,composition_novelty,144,8,0.0,41,0.0,0.0,1.1375278639163204
external_candidate,61,static_neighbor_round_robin,144,8,53.0,1,0.625,0.625,0.0
external_candidate,61,static_neighbor_consensus,144,8,69.0,3,0.625,1.0,0.0
external_candidate,61,single_best_local_neighbor,144,8,0.0,41,0.0,0.0,2.0321846833714012
external_candidate,61,global_gated_neighbor_portfolio,144,8,14.0,7,0.125,0.125,0.0
external_candidate,61,local_gated_no_source_support,144,8,0.0,38,0.0,0.125,1.1375278639163204
external_candidate,61,local_gated_no_target_ood,144,8,10.0,11,0.125,0.25,0.6342446746993635
external_candidate,61,local_gated_no_diversity,144,8,7.0,14,0.125,0.125,0.0
external_candidate,61,local_gated_neighbor_portfolio,144,8,10.0,11,0.125,0.125,0.0
external_candidate,61,local_gated_wrong_source_portfolio,144,8,0.0,41,0.0,0.0,1.4768111551121257
external_candidate,61,local_gated_shuffled_obelix,144,8,0.0,41,0.0,0.0,1.1375278639163204
external_candidate,62,uniform_random,144,8,27.0,7,0.25,0.25,0.6342446746993635
external_candidate,62,composition_novelty,144,8,0.0,41,0.0,0.0,1.1375278639163204
external_candidate,62,static_neighbor_round_robin,144,8,53.0,1,0.625,0.625,0.0
external_candidate,62,static_neighbor_consensus,144,8,69.0,3,0.625,1.0,0.0
external_candidate,62,single_best_local_neighbor,144,8,0.0,41,0.0,0.0,1.4057653461839943
external_candidate,62,global_gated_neighbor_portfolio,144,8,0.0,41,0.0,0.0,1.4057653461839943
external_candidate,62,local_gated_no_source_support,144,8,0.0,41,0.0,0.0,1.1375278639163204
external_candidate,62,local_gated_no_target_ood,144,8,0.0,35,0.0,0.125,1.2794933999086797
external_candidate,62,local_gated_no_diversity,144,8,0.0,41,0.0,0.0,1.4057653461839943
external_candidate,62,local_gated_neighbor_portfolio,144,8,0.0,41,0.0,0.0,1.4057653461839943
external_candidate,62,local_gated_wrong_source_portfolio,144,8,0.0,41,0.0,0.0,1.6829818989518885
external_candidate,62,local_gated_shuffled_obelix,144,8,0.0,41,0.0,0.0,1.4057653461839943
external_candidate,63,uniform_random,144,8,11.0,11,0.25,0.375,0.06694678963061307
external_candidate,63,composition_novelty,144,8,0.0,41,0.0,0.0,1.1375278639163204
external_candidate,63,static_neighbor_round_robin,144,8,53.0,1,0.625,0.625,0.0
external_candidate,63,static_neighbor_consensus,144,8,69.0,3,0.625,1.0,0.0
external_candidate,63,single_best_local_neighbor,144,8,0.0,41,0.0,0.0,1.1375278639163204
external_candidate,63,global_gated_neighbor_portfolio,144,8,0.0,41,0.0,0.0,1.5495309400517778
external_candidate,63,local_gated_no_source_support,144,8,0.0,35,0.0,0.125,1.1375278639163204
external_candidate,63,local_gated_no_target_ood,144,8,0.0,24,0.0,0.125,0.7067953418479755
external_candidate,63,local_gated_no_diversity,144,8,0.0,41,0.0,0.0,2.5761692175816444
external_candidate,63,local_gated_neighbor_portfolio,144,8,0.0,41,0.0,0.0,2.5761692175816444
external_candidate,63,local_gated_wrong_source_portfolio,144,8,0.0,41,0.0,0.0,2.3010299956639813
external_candidate,63,local_gated_shuffled_obelix,144,8,0.0,41,0.0,0.0,1.1375278639163204
external_candidate,64,uniform_random,144,8,54.0,5,0.75,0.75,0.0
external_candidate,64,composition_novelty,144,8,0.0,41,0.0,0.0,1.1375278639163204
external_candidate,64,static_neighbor_round_robin,144,8,53.0,1,0.625,0.625,0.0
external_candidate,64,static_neighbor_consensus,144,8,69.0,3,0.625,1.0,0.0
external_candidate,64,single_best_local_neighbor,144,8,0.0,41,0.0,0.0,1.4662460935653756
external_candidate,64,global_gated_neighbor_portfolio,144,8,0.0,41,0.0,0.0,1.4662460935653756
external_candidate,64,local_gated_no_source_support,144,8,0.0,41,0.0,0.0,1.1375278639163204
external_candidate,64,local_gated_no_target_ood,144,8,0.0,28,0.0,0.125,1.2794933999086797
external_candidate,64,local_gated_no_diversity,144,8,0.0,41,0.0,0.0,1.4662460935653756
external_candidate,64,local_gated_neighbor_portfolio,144,8,0.0,41,0.0,0.0,1.4662460935653756
external_candidate,64,local_gated_wrong_source_portfolio,144,8,0.0,41,0.0,0.0,1.8027391382158842
external_candidate,64,local_gated_shuffled_obelix,144,8,0.0,41,0.0,0.0,1.1375278639163204
external_candidate,65,uniform_random,144,8,0.0,33,0.0,0.125,1.3041432310881242
external_candidate,65,composition_novelty,144,8,0.0,41,0.0,0.0,1.1375278639163204
external_candidate,65,static_neighbor_round_robin,144,8,53.0,1,0.625,0.625,0.0
external_candidate,65,static_neighbor_consensus,144,8,69.0,3,0.625,1.0,0.0
external_candidate,65,single_best_local_neighbor,144,8,0.0,41,0.0,0.0,1.1375278639163204
external_candidate,65,global_gated_neighbor_portfolio,144,8,0.0,41,0.0,0.0,2.3010299956639813
external_candidate,65,local_gated_no_source_support,144,8,0.0,25,0.0,0.125,1.1375278639163204
external_candidate,65,local_gated_no_target_ood,144,8,0.0,32,0.0,0.125,1.3041432310881242
external_candidate,65,local_gated_no_diversity,144,8,0.0,41,0.0,0.0,2.3010299956639813
external_candidate,65,local_gated_neighbor_portfolio,144,8,0.0,41,0.0,0.0,2.3010299956639813
external_candidate,65,local_gated_wrong_source_portfolio,144,8,0.0,41,0.0,0.0,2.3010299956639813
external_candidate,65,local_gated_shuffled_obelix,144,8,0.0,41,0.0,0.0,1.1375278639163204
external_candidate,66,uniform_random,144,8,0.0,23,0.0,0.375,0.696649636490873
external_candidate,66,composition_novelty,144,8,0.0,41,0.0,0.0,1.1375278639163204
external_candidate,66,static_neighbor_round_robin,144,8,53.0,1,0.625,0.625,0.0
external_candidate,66,static_neighbor_consensus,144,8,69.0,3,0.625,1.0,0.0
external_candidate,66,single_best_local_neighbor,144,8,38.0,1,0.25,0.25,0.0
external_candidate,66,global_gated_neighbor_portfolio,144,8,20.0,7,0.25,0.25,0.0
external_candidate,66,local_gated_no_source_support,144,8,5.0,16,0.125,0.375,0.0
external_candidate,66,local_gated_no_target_ood,144,8,0.0,24,0.0,0.125,0.7067953418479755
external_candidate,66,local_gated_no_diversity,144,8,26.0,7,0.25,0.25,0.0
external_candidate,66,local_gated_neighbor_portfolio,144,8,24.0,6,0.25,0.25,0.0
external_candidate,66,local_gated_wrong_source_portfolio,144,8,0.0,26,0.0,0.125,2.4343208066370474
external_candidate,66,local_gated_shuffled_obelix,144,8,0.0,41,0.0,0.0,1.1375278639163204
external_candidate,67,uniform_random,144,8,16.0,11,0.375,0.5,0.4480274900548482
external_candidate,67,composition_novelty,144,8,0.0,41,0.0,0.0,1.1375278639163204
external_candidate,67,static_neighbor_round_robin,144,8,53.0,1,0.625,0.625,0.0
external_candidate,67,static_neighbor_consensus,144,8,69.0,3,0.625,1.0,0.0
external_candidate,67,single_best_local_neighbor,144,8,17.0,4,0.125,0.125,0.0
external_candidate,67,global_gated_neighbor_portfolio,144,8,14.0,7,0.125,0.125,0.0
external_candidate,67,local_gated_no_source_support,144,8,0.0,37,0.0,0.125,1.1375278639163204
external_candidate,67,local_gated_no_target_ood,144,8,0.0,25,0.0,0.125,1.2794933999086797
external_candidate,67,local_gated_no_diversity,144,8,11.0,10,0.125,0.125,0.0
external_candidate,67,local_gated_neighbor_portfolio,144,8,11.0,10,0.125,0.125,0.0
external_candidate,67,local_gated_wrong_source_portfolio,144,8,0.0,41,0.0,0.0,2.4343208066370474
external_candidate,67,local_gated_shuffled_obelix,144,8,0.0,41,0.0,0.0,1.1375278639163204
external_candidate,68,uniform_random,144,8,6.0,15,0.125,0.25,0.21670910996394532
external_candidate,68,composition_novelty,144,8,0.0,41,0.0,0.0,1.1375278639163204
external_candidate,68,static_neighbor_round_robin,144,8,53.0,1,0.625,0.625,0.0
external_candidate,68,static_neighbor_consensus,144,8,69.0,3,0.625,1.0,0.0
external_candidate,68,single_best_local_neighbor,144,8,0.0,41,0.0,0.0,1.1375278639163204
external_candidate,68,global_gated_neighbor_portfolio,144,8,0.0,41,0.0,0.0,1.1375278639163204
external_candidate,68,local_gated_no_source_support,144,8,6.0,15,0.125,0.25,0.6478174818886375
external_candidate,68,local_gated_no_target_ood,144,8,17.0,4,0.125,0.25,0.0
external_candidate,68,local_gated_no_diversity,144,8,0.0,41,0.0,0.0,1.1375278639163204
external_candidate,68,local_gated_neighbor_portfolio,144,8,0.0,41,0.0,0.0,1.1375278639163204
external_candidate,68,local_gated_wrong_source_portfolio,144,8,0.0,41,0.0,0.0,2.4343208066370474
external_candidate,68,local_gated_shuffled_obelix,144,8,0.0,41,0.0,0.0,1.1375278639163204
external_candidate,69,uniform_random,144,8,14.0,7,0.125,0.125,0.4480274900548482
external_candidate,69,composition_novelty,144,8,0.0,41,0.0,0.0,1.1375278639163204
external_candidate,69,static_neighbor_round_robin,144,8,53.0,1,0.625,0.625,0.0
external_candidate,69,static_neighbor_consensus,144,8,69.0,3,0.625,1.0,0.0
external_candidate,69,single_best_local_neighbor,144,8,0.0,41,0.0,0.0,1.4581534156436826
external_candidate,69,global_gated_neighbor_portfolio,144,8,0.0,41,0.0,0.0,1.4581534156436826
external_candidate,69,local_gated_no_source_support,144,8,0.0,41,0.0,0.0,1.1375278639163204
external_candidate,69,local_gated_no_target_ood,144,8,0.0,34,0.0,0.125,1.2794933999086797
external_candidate,69,local_gated_no_diversity,144,8,0.0,41,0.0,0.0,1.4581534156436826
external_candidate,69,local_gated_neighbor_portfolio,144,8,0.0,41,0.0,0.0,1.4581534156436826
external_candidate,69,local_gated_wrong_source_portfolio,144,8,0.0,41,0.0,0.0,1.1375278639163204
external_candidate,69,local_gated_shuffled_obelix,144,8,0.0,41,0.0,0.0,1.1375278639163204
external_candidate,70,uniform_random,144,8,38.0,1,0.25,0.375,0.06694678963061307
external_candidate,70,composition_novelty,144,8,0.0,41,0.0,0.0,1.1375278639163204
external_candidate,70,static_neighbor_round_robin,144,8,53.0,1,0.625,0.625,0.0
external_candidate,70,static_neighbor_consensus,144,8,69.0,3,0.625,1.0,0.0
external_candidate,70,single_best_local_neighbor,144,8,0.0,41,0.0,0.0,1.4662460935653756
external_candidate,70,global_gated_neighbor_portfolio,144,8,0.0,41,0.0,0.0,1.4662460935653756
external_candidate,70,local_gated_no_source_support,144,8,0.0,41,0.0,0.0,1.1375278639163204
external_candidate,70,local_gated_no_target_ood,144,8,0.0,41,0.0,0.0,0.696649636490873
external_candidate,70,local_gated_no_diversity,144,8,0.0,41,0.0,0.0,1.4662460935653756
external_candidate,70,local_gated_neighbor_portfolio,144,8,0.0,41,0.0,0.0,1.4662460935653756
external_candidate,70,local_gated_wrong_source_portfolio,144,8,0.0,41,0.0,0.0,1.1375278639163204
external_candidate,70,local_gated_shuffled_obelix,144,8,0.0,41,0.0,0.0,1.4662460935653756
external_candidate,71,uniform_random,144,8,5.0,16,0.125,0.25,0.06694678963061307
external_candidate,71,composition_novelty,144,8,0.0,41,0.0,0.0,1.1375278639163204
external_candidate,71,static_neighbor_round_robin,144,8,53.0,1,0.625,0.625,0.0
external_candidate,71,static_neighbor_consensus,144,8,69.0,3,0.625,1.0,0.0
external_candidate,71,single_best_local_neighbor,144,8,0.0,41,0.0,0.0,1.1375278639163204
external_candidate,71,global_gated_neighbor_portfolio,144,8,0.0,41,0.0,0.0,1.4662460935653756
external_candidate,71,local_gated_no_source_support,144,8,0.0,41,0.0,0.0,1.350248018334163
external_candidate,71,local_gated_no_target_ood,144,8,12.0,9,0.125,0.125,0.0
external_candidate,71,local_gated_no_diversity,144,8,0.0,41,0.0,0.0,1.4662460935653756
external_candidate,71,local_gated_neighbor_portfolio,144,8,0.0,41,0.0,0.0,1.4662460935653756
external_candidate,71,local_gated_wrong_source_portfolio,144,8,0.0,41,0.0,0.0,1.1375278639163204
external_candidate,71,local_gated_shuffled_obelix,144,8,0.0,41,0.0,0.0,1.4662460935653756
external_candidate,72,uniform_random,144,8,9.0,12,0.125,0.375,0.4480274900548482
external_candidate,72,composition_novelty,144,8,0.0,41,0.0,0.0,1.1375278639163204
external_candidate,72,static_neighbor_round_robin,144,8,53.0,1,0.625,0.625,0.0
external_candidate,72,static_neighbor_consensus,144,8,69.0,3,0.625,1.0,0.0
external_candidate,72,single_best_local_neighbor,144,8,0.0,41,0.0,0.0,1.516209000174696
external_candidate,72,global_gated_neighbor_portfolio,144,8,0.0,41,0.0,0.0,1.516209000174696
external_candidate,72,local_gated_no_source_support,144,8,0.0,41,0.0,0.0,1.1375278639163204
external_candidate,72,local_gated_no_target_ood,144,8,7.0,14,0.125,0.25,0.6342446746993635
external_candidate,72,local_gated_no_diversity,144,8,0.0,41,0.0,0.0,1.516209000174696
external_candidate,72,local_gated_neighbor_portfolio,144,8,0.0,41,0.0,0.0,1.516209000174696
external_candidate,72,local_gated_wrong_source_portfolio,144,8,0.0,41,0.0,0.0,1.1375278639163204
external_candidate,72,local_gated_shuffled_obelix,144,8,0.0,41,0.0,0.0,1.1375278639163204
external_candidate,73,uniform_random,144,8,0.0,24,0.0,0.25,1.2091119282134237
external_candidate,73,composition_novelty,144,8,0.0,41,0.0,0.0,1.1375278639163204
external_candidate,73,static_neighbor_round_robin,144,8,53.0,1,0.625,0.625,0.0
external_candidate,73,static_neighbor_consensus,144,8,69.0,3,0.625,1.0,0.0
external_candidate,73,single_best_local_neighbor,144,8,0.0,41,0.0,0.0,1.5495309400517778
external_candidate,73,global_gated_neighbor_portfolio,144,8,0.0,41,0.0,0.0,1.6020599913279623
external_candidate,73,local_gated_no_source_support,144,8,0.0,41,0.0,0.0,1.1375278639163204
external_candidate,73,local_gated_no_target_ood,144,8,0.0,33,0.0,0.125,1.2794933999086797
external_candidate,73,local_gated_no_diversity,144,8,0.0,41,0.0,0.0,1.6020599913279623
external_candidate,73,local_gated_neighbor_portfolio,144,8,0.0,41,0.0,0.0,1.6020599913279623
external_candidate,73,local_gated_wrong_source_portfolio,144,8,0.0,41,0.0,0.0,1.4768111551121257
external_candidate,73,local_gated_shuffled_obelix,144,8,0.0,41,0.0,0.0,1.1375278639163204
external_candidate,74,uniform_random,144,8,31.0,1,0.25,0.25,0.21670910996394532
external_candidate,74,composition_novelty,144,8,0.0,41,0.0,0.0,1.1375278639163204
external_candidate,74,static_neighbor_round_robin,144,8,53.0,1,0.625,0.625,0.0
external_candidate,74,static_neighbor_consensus,144,8,69.0,3,0.625,1.0,0.0
external_candidate,74,single_best_local_neighbor,144,8,19.0,2,0.125,0.125,0.0
external_candidate,74,global_gated_neighbor_portfolio,144,8,19.0,2,0.125,0.125,0.0
external_candidate,74,local_gated_no_source_support,144,8,9.0,12,0.125,0.375,0.0
external_candidate,74,local_gated_no_target_ood,144,8,18.0,4,0.25,0.25,0.0
external_candidate,74,local_gated_no_diversity,144,8,20.0,1,0.125,0.125,0.0
external_candidate,74,local_gated_neighbor_portfolio,144,8,19.0,2,0.125,0.125,0.0
external_candidate,74,local_gated_wrong_source_portfolio,144,8,0.0,41,0.0,0.0,2.0321846833714012
external_candidate,74,local_gated_shuffled_obelix,144,8,0.0,41,0.0,0.0,1.1375278639163204
external_candidate,75,uniform_random,144,8,0.0,26,0.0,0.25,0.696649636490873
external_candidate,75,composition_novelty,144,8,0.0,41,0.0,0.0,1.1375278639163204
external_candidate,75,static_neighbor_round_robin,144,8,53.0,1,0.625,0.625,0.0
external_candidate,75,static_neighbor_consensus,144,8,69.0,3,0.625,1.0,0.0
external_candidate,75,single_best_local_neighbor,144,8,0.0,41,0.0,0.0,1.4662460935653756
external_candidate,75,global_gated_neighbor_portfolio,144,8,0.0,41,0.0,0.0,1.4662460935653756
external_candidate,75,local_gated_no_source_support,144,8,0.0,41,0.0,0.0,1.1375278639163204
external_candidate,75,local_gated_no_target_ood,144,8,0.0,22,0.0,0.25,1.3041432310881242
external_candidate,75,local_gated_no_diversity,144,8,0.0,41,0.0,0.0,1.4662460935653756
external_candidate,75,local_gated_neighbor_portfolio,144,8,0.0,41,0.0,0.0,1.4662460935653756
external_candidate,75,local_gated_wrong_source_portfolio,144,8,0.0,41,0.0,0.0,1.8027391382158842
external_candidate,75,local_gated_shuffled_obelix,144,8,0.0,41,0.0,0.0,1.1375278639163204
external_candidate,76,uniform_random,144,8,18.0,3,0.125,0.25,0.35373634617998406
external_candidate,76,composition_novelty,144,8,0.0,41,0.0,0.0,1.1375278639163204
external_candidate,76,static_neighbor_round_robin,144,8,53.0,1,0.625,0.625,0.0
external_candidate,76,static_neighbor_consensus,144,8,69.0,3,0.625,1.0,0.0
external_candidate,76,single_best_local_neighbor,144,8,0.0,41,0.0,0.0,1.6020599913279623
external_candidate,76,global_gated_neighbor_portfolio,144,8,0.0,41,0.0,0.0,1.6020599913279623
external_candidate,76,local_gated_no_source_support,144,8,0.0,41,0.0,0.0,1.350248018334163
external_candidate,76,local_gated_no_target_ood,144,8,0.0,24,0.0,0.125,0.696649636490873
external_candidate,76,local_gated_no_diversity,144,8,0.0,41,0.0,0.0,1.6020599913279623
external_candidate,76,local_gated_neighbor_portfolio,144,8,0.0,41,0.0,0.0,1.6020599913279623
external_candidate,76,local_gated_wrong_source_portfolio,144,8,0.0,41,0.0,0.0,2.4343208066370474
external_candidate,76,local_gated_shuffled_obelix,144,8,0.0,41,0.0,0.0,1.1375278639163204
external_candidate,77,uniform_random,144,8,4.0,17,0.125,0.125,0.4480274900548482
external_candidate,77,composition_novelty,144,8,0.0,41,0.0,0.0,1.1375278639163204
external_candidate,77,static_neighbor_round_robin,144,8,53.0,1,0.625,0.625,0.0
external_candidate,77,static_neighbor_consensus,144,8,69.0,3,0.625,1.0,0.0
external_candidate,77,single_best_local_neighbor,144,8,0.0,41,0.0,0.0,1.4662460935653756
external_candidate,77,global_gated_neighbor_portfolio,144,8,0.0,41,0.0,0.0,1.4662460935653756
external_candidate,77,local_gated_no_source_support,144,8,0.0,41,0.0,0.0,1.1375278639163204
external_candidate,77,local_gated_no_target_ood,144,8,17.0,4,0.125,0.25,0.6342446746993635
external_candidate,77,local_gated_no_diversity,144,8,0.0,41,0.0,0.0,1.4662460935653756
external_candidate,77,local_gated_neighbor_portfolio,144,8,0.0,41,0.0,0.0,1.4662460935653756
external_candidate,77,local_gated_wrong_source_portfolio,144,8,0.0,41,0.0,0.0,1.1375278639163204
external_candidate,77,local_gated_shuffled_obelix,144,8,0.0,41,0.0,0.0,1.1375278639163204
external_candidate,78,uniform_random,144,8,0.0,26,0.0,0.125,0.696649636490873
external_candidate,78,composition_novelty,144,8,0.0,41,0.0,0.0,1.1375278639163204
external_candidate,78,static_neighbor_round_robin,144,8,53.0,1,0.625,0.625,0.0
external_candidate,78,static_neighbor_consensus,144,8,69.0,3,0.625,1.0,0.0
external_candidate,78,single_best_local_neighbor,144,8,0.0,41,0.0,0.0,1.516209000174696
external_candidate,78,global_gated_neighbor_portfolio,144,8,0.0,41,0.0,0.0,1.516209000174696
external_candidate,78,local_gated_no_source_support,144,8,0.0,41,0.0,0.0,1.1375278639163204
external_candidate,78,local_gated_no_target_ood,144,8,0.0,29,0.0,0.125,1.2794933999086797
external_candidate,78,local_gated_no_diversity,144,8,0.0,41,0.0,0.0,1.516209000174696
external_candidate,78,local_gated_neighbor_portfolio,144,8,0.0,41,0.0,0.0,1.516209000174696
external_candidate,78,local_gated_wrong_source_portfolio,144,8,0.0,41,0.0,0.0,1.1375278639163204
external_candidate,78,local_gated_shuffled_obelix,144,8,0.0,41,0.0,0.0,1.1375278639163204
external_candidate,79,uniform_random,144,8,18.0,3,0.125,0.125,0.0
external_candidate,79,composition_novelty,144,8,0.0,41,0.0,0.0,1.1375278639163204
external_candidate,79,static_neighbor_round_robin,144,8,53.0,1,0.625,0.625,0.0
external_candidate,79,static_neighbor_consensus,144,8,69.0,3,0.625,1.0,0.0
external_candidate,79,single_best_local_neighbor,144,8,0.0,41,0.0,0.0,1.5177391056279264
external_candidate,79,global_gated_neighbor_portfolio,144,8,0.0,41,0.0,0.0,1.5495309400517778
external_candidate,79,local_gated_no_source_support,144,8,0.0,41,0.0,0.0,1.1375278639163204
external_candidate,79,local_gated_no_target_ood,144,8,3.0,18,0.125,0.25,0.6342446746993635
external_candidate,79,local_gated_no_diversity,144,8,0.0,41,0.0,0.0,1.5177391056279264
external_candidate,79,local_gated_neighbor_portfolio,144,8,0.0,41,0.0,0.0,1.6020599913279623
external_candidate,79,local_gated_wrong_source_portfolio,144,8,0.0,41,0.0,0.0,1.1375278639163204
external_candidate,79,local_gated_shuffled_obelix,144,8,0.0,41,0.0,0.0,1.1375278639163204
external_candidate,80,uniform_random,144,8,0.0,31,0.0,0.125,0.696649636490873
external_candidate,80,composition_novelty,144,8,0.0,41,0.0,0.0,1.1375278639163204
external_candidate,80,static_neighbor_round_robin,144,8,53.0,1,0.625,0.625,0.0
external_candidate,80,static_neighbor_consensus,144,8,69.0,3,0.625,1.0,0.0
external_candidate,80,single_best_local_neighbor,144,8,0.0,41,0.0,0.0,1.4662460935653756
external_candidate,80,global_gated_neighbor_portfolio,144,8,0.0,41,0.0,0.0,1.4662460935653756
external_candidate,80,local_gated_no_source_support,144,8,0.0,41,0.0,0.0,1.1375278639163204
external_candidate,80,local_gated_no_target_ood,144,8,21.0,2,0.25,0.25,0.0
external_candidate,80,local_gated_no_diversity,144,8,0.0,41,0.0,0.0,1.4662460935653756
external_candidate,80,local_gated_neighbor_portfolio,144,8,0.0,41,0.0,0.0,1.4662460935653756
external_candidate,80,local_gated_wrong_source_portfolio,144,8,0.0,41,0.0,0.0,1.4768111551121257
external_candidate,80,local_gated_shuffled_obelix,144,8,0.0,41,0.0,0.0,1.1375278639163204
external_candidate,81,uniform_random,144,8,35.0,6,0.375,0.5,0.21670910996394532
external_candidate,81,composition_novelty,144,8,0.0,41,0.0,0.0,1.1375278639163204
external_candidate,81,static_neighbor_round_robin,144,8,53.0,1,0.625,0.625,0.0
external_candidate,81,static_neighbor_consensus,144,8,69.0,3,0.625,1.0,0.0
external_candidate,81,single_best_local_neighbor,144,8,0.0,41,0.0,0.0,2.3010299956639813
external_candidate,81,global_gated_neighbor_portfolio,144,8,0.0,41,0.0,0.0,2.3010299956639813
external_candidate,81,local_gated_no_source_support,144,8,0.0,41,0.0,0.0,1.1375278639163204
external_candidate,81,local_gated_no_target_ood,144,8,16.0,7,0.25,0.25,0.0
external_candidate,81,local_gated_no_diversity,144,8,0.0,41,0.0,0.0,2.3010299956639813
external_candidate,81,local_gated_neighbor_portfolio,144,8,0.0,41,0.0,0.0,2.3010299956639813
external_candidate,81,local_gated_wrong_source_portfolio,144,8,0.0,41,0.0,0.0,2.4343208066370474
external_candidate,81,local_gated_shuffled_obelix,144,8,0.0,41,0.0,0.0,2.3010299956639813
external_candidate,82,uniform_random,144,8,0.0,21,0.0,0.125,0.7067953418479755
external_candidate,82,composition_novelty,144,8,0.0,41,0.0,0.0,1.1375278639163204
external_candidate,82,static_neighbor_round_robin,144,8,53.0,1,0.625,0.625,0.0
external_candidate,82,static_neighbor_consensus,144,8,69.0,3,0.625,1.0,0.0
external_candidate,82,single_best_local_neighbor,144,8,0.0,41,0.0,0.0,1.4662460935653756
external_candidate,82,global_gated_neighbor_portfolio,144,8,0.0,41,0.0,0.0,1.4662460935653756
external_candidate,82,local_gated_no_source_support,144,8,0.0,41,0.0,0.0,1.1375278639163204
external_candidate,82,local_gated_no_target_ood,144,8,0.0,30,0.0,0.25,1.2794933999086797
external_candidate,82,local_gated_no_diversity,144,8,0.0,41,0.0,0.0,1.4662460935653756
external_candidate,82,local_gated_neighbor_portfolio,144,8,0.0,41,0.0,0.0,1.4662460935653756
external_candidate,82,local_gated_wrong_source_portfolio,144,8,0.0,41,0.0,0.0,2.0321846833714012
external_candidate,82,local_gated_shuffled_obelix,144,8,0.0,41,0.0,0.0,1.1375278639163204
external_candidate,83,uniform_random,144,8,7.0,14,0.125,0.25,0.4480274900548482
external_candidate,83,composition_novelty,144,8,0.0,41,0.0,0.0,1.1375278639163204
external_candidate,83,static_neighbor_round_robin,144,8,53.0,1,0.625,0.625,0.0
external_candidate,83,static_neighbor_consensus,144,8,69.0,3,0.625,1.0,0.0
external_candidate,83,single_best_local_neighbor,144,8,0.0,41,0.0,0.0,2.0321846833714012
external_candidate,83,global_gated_neighbor_portfolio,144,8,0.0,41,0.0,0.0,2.0321846833714012
external_candidate,83,local_gated_no_source_support,144,8,0.0,41,0.0,0.0,1.1375278639163204
external_candidate,83,local_gated_no_target_ood,144,8,0.0,21,0.0,0.125,0.696649636490873
external_candidate,83,local_gated_no_diversity,144,8,0.0,41,0.0,0.0,1.5177391056279264
external_candidate,83,local_gated_neighbor_portfolio,144,8,0.0,41,0.0,0.0,2.0321846833714012
external_candidate,83,local_gated_wrong_source_portfolio,144,8,0.0,41,0.0,0.0,1.1375278639163204
external_candidate,83,local_gated_shuffled_obelix,144,8,0.0,41,0.0,0.0,2.0321846833714012
external_candidate,84,uniform_random,144,8,0.0,31,0.0,0.125,0.8301576902213201
external_candidate,84,composition_novelty,144,8,0.0,41,0.0,0.0,1.1375278639163204
external_candidate,84,static_neighbor_round_robin,144,8,53.0,1,0.625,0.625,0.0
external_candidate,84,static_neighbor_consensus,144,8,69.0,3,0.625,1.0,0.0
external_candidate,84,single_best_local_neighbor,144,8,0.0,41,0.0,0.0,1.1375278639163204
external_candidate,84,global_gated_neighbor_portfolio,144,8,0.0,41,0.0,0.0,1.1375278639163204
external_candidate,84,local_gated_no_source_support,144,8,0.0,41,0.0,0.0,1.350248018334163
external_candidate,84,local_gated_no_target_ood,144,8,5.0,16,0.125,0.25,0.6342446746993635
external_candidate,84,local_gated_no_diversity,144,8,0.0,41,0.0,0.0,1.1375278639163204
external_candidate,84,local_gated_neighbor_portfolio,144,8,0.0,41,0.0,0.0,1.1375278639163204
external_candidate,84,local_gated_wrong_source_portfolio,144,8,0.0,41,0.0,0.0,1.1375278639163204
external_candidate,84,local_gated_shuffled_obelix,144,8,0.0,41,0.0,0.0,1.1375278639163204
external_candidate,85,uniform_random,144,8,12.0,9,0.125,0.125,0.6342446746993635
external_candidate,85,composition_novelty,144,8,0.0,41,0.0,0.0,1.1375278639163204
external_candidate,85,static_neighbor_round_robin,144,8,53.0,1,0.625,0.625,0.0
external_candidate,85,static_neighbor_consensus,144,8,69.0,3,0.625,1.0,0.0
external_candidate,85,single_best_local_neighbor,144,8,0.0,41,0.0,0.0,1.4662460935653756
external_candidate,85,global_gated_neighbor_portfolio,144,8,0.0,41,0.0,0.0,1.4662460935653756
external_candidate,85,local_gated_no_source_support,144,8,0.0,41,0.0,0.0,1.1375278639163204
external_candidate,85,local_gated_no_target_ood,144,8,0.0,27,0.0,0.125,0.696649636490873
external_candidate,85,local_gated_no_diversity,144,8,0.0,41,0.0,0.0,1.4662460935653756
external_candidate,85,local_gated_neighbor_portfolio,144,8,0.0,41,0.0,0.0,1.4662460935653756
external_candidate,85,local_gated_wrong_source_portfolio,144,8,0.0,41,0.0,0.0,2.4343208066370474
external_candidate,85,local_gated_shuffled_obelix,144,8,0.0,41,0.0,0.0,1.1375278639163204
external_candidate,86,uniform_random,144,8,43.0,1,0.5,0.5,0.0
external_candidate,86,composition_novelty,144,8,0.0,41,0.0,0.0,1.1375278639163204
external_candidate,86,static_neighbor_round_robin,144,8,53.0,1,0.625,0.625,0.0
external_candidate,86,static_neighbor_consensus,144,8,69.0,3,0.625,1.0,0.0
external_candidate,86,single_best_local_neighbor,144,8,0.0,41,0.0,0.0,2.3010299956639813
external_candidate,86,global_gated_neighbor_portfolio,144,8,0.0,41,0.0,0.0,2.3010299956639813
external_candidate,86,local_gated_no_source_support,144,8,0.0,41,0.0,0.0,1.1375278639163204
external_candidate,86,local_gated_no_target_ood,144,8,25.0,3,0.25,0.25,0.0
external_candidate,86,local_gated_no_diversity,144,8,0.0,41,0.0,0.0,2.3010299956639813
external_candidate,86,local_gated_neighbor_portfolio,144,8,0.0,41,0.0,0.0,2.3010299956639813
external_candidate,86,local_gated_wrong_source_portfolio,144,8,0.0,41,0.0,0.0,2.413734275855269
external_candidate,86,local_gated_shuffled_obelix,144,8,0.0,41,0.0,0.0,1.1375278639163204
external_candidate,87,uniform_random,144,8,1.0,20,0.125,0.5,0.35373634617998406
external_candidate,87,composition_novelty,144,8,0.0,41,0.0,0.0,1.1375278639163204
external_candidate,87,static_neighbor_round_robin,144,8,53.0,1,0.625,0.625,0.0
external_candidate,87,static_neighbor_consensus,144,8,69.0,3,0.625,1.0,0.0
external_candidate,87,single_best_local_neighbor,144,8,0.0,41,0.0,0.0,1.5495309400517778
external_candidate,87,global_gated_neighbor_portfolio,144,8,0.0,41,0.0,0.0,2.3010299956639813
external_candidate,87,local_gated_no_source_support,144,8,0.0,24,0.0,0.25,1.1375278639163204
external_candidate,87,local_gated_no_target_ood,144,8,0.0,23,0.0,0.125,0.7067953418479755
external_candidate,87,local_gated_no_diversity,144,8,0.0,41,0.0,0.0,1.5495309400517778
external_candidate,87,local_gated_neighbor_portfolio,144,8,0.0,41,0.0,0.0,2.3010299956639813
external_candidate,87,local_gated_wrong_source_portfolio,144,8,0.0,41,0.0,0.0,2.3010299956639813
external_candidate,87,local_gated_shuffled_obelix,144,8,0.0,41,0.0,0.0,1.1375278639163204
external_candidate,88,uniform_random,144,8,21.0,2,0.25,0.375,0.0
external_candidate,88,composition_novelty,144,8,0.0,41,0.0,0.0,1.1375278639163204
external_candidate,88,static_neighbor_round_robin,144,8,53.0,1,0.625,0.625,0.0
external_candidate,88,static_neighbor_consensus,144,8,69.0,3,0.625,1.0,0.0
external_candidate,88,single_best_local_neighbor,144,8,0.0,41,0.0,0.0,1.1375278639163204
external_candidate,88,global_gated_neighbor_portfolio,144,8,0.0,41,0.0,0.0,1.6020599913279623
external_candidate,88,local_gated_no_source_support,144,8,0.0,41,0.0,0.0,1.4097315334015954
external_candidate,88,local_gated_no_target_ood,144,8,11.0,13,0.25,0.25,0.0
external_candidate,88,local_gated_no_diversity,144,8,0.0,41,0.0,0.0,1.6020599913279623
external_candidate,88,local_gated_neighbor_portfolio,144,8,0.0,41,0.0,0.0,1.6020599913279623
external_candidate,88,local_gated_wrong_source_portfolio,144,8,0.0,41,0.0,0.0,1.1375278639163204
external_candidate,88,local_gated_shuffled_obelix,144,8,0.0,41,0.0,0.0,1.1375278639163204
external_candidate,89,uniform_random,144,8,7.0,14,0.125,0.125,0.16840443038939035
external_candidate,89,composition_novelty,144,8,0.0,41,0.0,0.0,1.1375278639163204
external_candidate,89,static_neighbor_round_robin,144,8,53.0,1,0.625,0.625,0.0
external_candidate,89,static_neighbor_consensus,144,8,69.0,3,0.625,1.0,0.0
external_candidate,89,single_best_local_neighbor,144,8,0.0,41,0.0,0.0,1.6020599913279623
external_candidate,89,global_gated_neighbor_portfolio,144,8,0.0,41,0.0,0.0,1.6020599913279623
external_candidate,89,local_gated_no_source_support,144,8,0.0,41,0.0,0.0,1.1375278639163204
external_candidate,89,local_gated_no_target_ood,144,8,36.0,2,0.25,0.25,0.0
external_candidate,89,local_gated_no_diversity,144,8,0.0,41,0.0,0.0,1.6020599913279623
external_candidate,89,local_gated_neighbor_portfolio,144,8,0.0,41,0.0,0.0,1.6020599913279623
external_candidate,89,local_gated_wrong_source_portfolio,144,8,0.0,41,0.0,0.0,1.1375278639163204
external_candidate,89,local_gated_shuffled_obelix,144,8,0.0,41,0.0,0.0,1.1375278639163204
external_candidate,90,uniform_random,144,8,20.0,1,0.125,0.375,0.0
external_candidate,90,composition_novelty,144,8,0.0,41,0.0,0.0,1.1375278639163204
external_candidate,90,static_neighbor_round_robin,144,8,53.0,1,0.625,0.625,0.0
external_candidate,90,static_neighbor_consensus,144,8,69.0,3,0.625,1.0,0.0
external_candidate,90,single_best_local_neighbor,144,8,0.0,41,0.0,0.0,1.1375278639163204
external_candidate,90,global_gated_neighbor_portfolio,144,8,0.0,41,0.0,0.0,1.516209000174696
external_candidate,90,local_gated_no_source_support,144,8,0.0,41,0.0,0.0,1.1375278639163204
external_candidate,90,local_gated_no_target_ood,144,8,0.0,21,0.0,0.25,0.7067953418479755
external_candidate,90,local_gated_no_diversity,144,8,0.0,41,0.0,0.0,1.516209000174696
external_candidate,90,local_gated_neighbor_portfolio,144,8,0.0,41,0.0,0.0,1.516209000174696
external_candidate,90,local_gated_wrong_source_portfolio,144,8,0.0,41,0.0,0.0,2.0321846833714012
external_candidate,90,local_gated_shuffled_obelix,144,8,0.0,41,0.0,0.0,1.1375278639163204
external_candidate,91,uniform_random,144,8,16.0,5,0.125,0.25,0.16840443038939035
external_candidate,91,composition_novelty,144,8,0.0,41,0.0,0.0,1.1375278639163204
external_candidate,91,static_neighbor_round_robin,144,8,53.0,1,0.625,0.625,0.0
external_candidate,91,static_neighbor_consensus,144,8,69.0,3,0.625,1.0,0.0
external_candidate,91,single_best_local_neighbor,144,8,0.0,41,0.0,0.0,1.6829818989518885
external_candidate,91,global_gated_neighbor_portfolio,144,8,0.0,41,0.0,0.0,1.6829818989518885
external_candidate,91,local_gated_no_source_support,144,8,0.0,41,0.0,0.0,1.1375278639163204
external_candidate,91,local_gated_no_target_ood,144,8,0.0,37,0.0,0.125,1.3041432310881242
external_candidate,91,local_gated_no_diversity,144,8,0.0,41,0.0,0.0,1.5177391056279264
external_candidate,91,local_gated_neighbor_portfolio,144,8,0.0,41,0.0,0.0,1.5177391056279264
external_candidate,91,local_gated_wrong_source_portfolio,144,8,0.0,41,0.0,0.0,1.1375278639163204
external_candidate,91,local_gated_shuffled_obelix,144,8,0.0,41,0.0,0.0,1.1375278639163204
external_candidate,92,uniform_random,144,8,18.0,6,0.25,0.375,0.21670910996394532
external_candidate,92,composition_novelty,144,8,0.0,41,0.0,0.0,1.1375278639163204
external_candidate,92,static_neighbor_round_robin,144,8,53.0,1,0.625,0.625,0.0
external_candidate,92,static_neighbor_consensus,144,8,69.0,3,0.625,1.0,0.0
external_candidate,92,single_best_local_neighbor,144,8,0.0,41,0.0,0.0,2.0321846833714012
external_candidate,92,global_gated_neighbor_portfolio,144,8,0.0,41,0.0,0.0,1.5177391056279264
external_candidate,92,local_gated_no_source_support,144,8,0.0,41,0.0,0.0,1.4097315334015954
external_candidate,92,local_gated_no_target_ood,144,8,0.0,41,0.0,0.0,2.413734275855269
external_candidate,92,local_gated_no_diversity,144,8,0.0,41,0.0,0.0,2.0321846833714012
external_candidate,92,local_gated_neighbor_portfolio,144,8,0.0,41,0.0,0.0,2.0321846833714012
external_candidate,92,local_gated_wrong_source_portfolio,144,8,0.0,41,0.0,0.0,1.146128035678238
external_candidate,92,local_gated_shuffled_obelix,144,8,0.0,41,0.0,0.0,1.1375278639163204
external_candidate,93,uniform_random,144,8,5.0,16,0.125,0.25,0.35373634617998406
external_candidate,93,composition_novelty,144,8,0.0,41,0.0,0.0,1.1375278639163204
external_candidate,93,static_neighbor_round_robin,144,8,53.0,1,0.625,0.625,0.0
external_candidate,93,static_neighbor_consensus,144,8,69.0,3,0.625,1.0,0.0
external_candidate,93,single_best_local_neighbor,144,8,0.0,41,0.0,0.0,1.5177391056279264
external_candidate,93,global_gated_neighbor_portfolio,144,8,0.0,41,0.0,0.0,1.4662460935653756
external_candidate,93,local_gated_no_source_support,144,8,0.0,41,0.0,0.0,1.350248018334163
external_candidate,93,local_gated_no_target_ood,144,8,0.0,30,0.0,0.125,0.7067953418479755
external_candidate,93,local_gated_no_diversity,144,8,0.0,41,0.0,0.0,1.4662460935653756
external_candidate,93,local_gated_neighbor_portfolio,144,8,0.0,41,0.0,0.0,1.4662460935653756
external_candidate,93,local_gated_wrong_source_portfolio,144,8,0.0,41,0.0,0.0,1.1375278639163204
external_candidate,93,local_gated_shuffled_obelix,144,8,0.0,41,0.0,0.0,1.1375278639163204
external_candidate,94,uniform_random,144,8,22.0,9,0.25,0.375,0.16840443038939035
external_candidate,94,composition_novelty,144,8,0.0,41,0.0,0.0,1.1375278639163204
external_candidate,94,static_neighbor_round_robin,144,8,53.0,1,0.625,0.625,0.0
external_candidate,94,static_neighbor_consensus,144,8,69.0,3,0.625,1.0,0.0
external_candidate,94,single_best_local_neighbor,144,8,0.0,41,0.0,0.0,1.1375278639163204
external_candidate,94,global_gated_neighbor_portfolio,144,8,0.0,41,0.0,0.0,1.1375278639163204
external_candidate,94,local_gated_no_source_support,144,8,0.0,41,0.0,0.0,1.1375278639163204
external_candidate,94,local_gated_no_target_ood,144,8,0.0,40,0.0,0.125,0.7067953418479755
external_candidate,94,local_gated_no_diversity,144,8,0.0,41,0.0,0.0,1.1375278639163204
external_candidate,94,local_gated_neighbor_portfolio,144,8,0.0,41,0.0,0.0,1.1375278639163204
external_candidate,94,local_gated_wrong_source_portfolio,144,8,0.0,41,0.0,0.0,2.4343208066370474
external_candidate,94,local_gated_shuffled_obelix,144,8,0.0,41,0.0,0.0,1.1375278639163204
external_candidate,95,uniform_random,144,8,0.0,41,0.0,0.0,1.146128035678238
external_candidate,95,composition_novelty,144,8,0.0,41,0.0,0.0,1.1375278639163204
external_candidate,95,static_neighbor_round_robin,144,8,53.0,1,0.625,0.625,0.0
external_candidate,95,static_neighbor_consensus,144,8,69.0,3,0.625,1.0,0.0
external_candidate,95,single_best_local_neighbor,144,8,0.0,41,0.0,0.0,1.1375278639163204
external_candidate,95,global_gated_neighbor_portfolio,144,8,0.0,41,0.0,0.0,2.3010299956639813
external_candidate,95,local_gated_no_source_support,144,8,0.0,41,0.0,0.0,1.1375278639163204
external_candidate,95,local_gated_no_target_ood,144,8,0.0,22,0.0,0.125,0.7067953418479755
external_candidate,95,local_gated_no_diversity,144,8,0.0,41,0.0,0.0,2.5177391056279266
external_candidate,95,local_gated_neighbor_portfolio,144,8,0.0,41,0.0,0.0,2.3010299956639813
external_candidate,95,local_gated_wrong_source_portfolio,144,8,0.0,41,0.0,0.0,1.1375278639163204
external_candidate,95,local_gated_shuffled_obelix,144,8,0.0,41,0.0,0.0,1.1375278639163204
external_candidate,96,uniform_random,144,8,11.0,10,0.125,0.25,0.6478174818886375
external_candidate,96,composition_novelty,144,8,0.0,41,0.0,0.0,1.1375278639163204
external_candidate,96,static_neighbor_round_robin,144,8,53.0,1,0.625,0.625,0.0
external_candidate,96,static_neighbor_consensus,144,8,69.0,3,0.625,1.0,0.0
external_candidate,96,single_best_local_neighbor,144,8,0.0,41,0.0,0.0,2.3010299956639813
external_candidate,96,global_gated_neighbor_portfolio,144,8,0.0,41,0.0,0.0,2.3010299956639813
external_candidate,96,local_gated_no_source_support,144,8,0.0,41,0.0,0.0,1.4698918189149264
external_candidate,96,local_gated_no_target_ood,144,8,29.0,2,0.25,0.25,0.0
external_candidate,96,local_gated_no_diversity,144,8,0.0,41,0.0,0.0,2.3010299956639813
external_candidate,96,local_gated_neighbor_portfolio,144,8,0.0,41,0.0,0.0,2.3010299956639813
external_candidate,96,local_gated_wrong_source_portfolio,144,8,0.0,41,0.0,0.0,1.5016894462103993
external_candidate,96,local_gated_shuffled_obelix,144,8,0.0,41,0.0,0.0,2.3010299956639813
external_candidate,97,uniform_random,144,8,0.0,41,0.0,0.0,1.4057653461839943
external_candidate,97,composition_novelty,144,8,0.0,41,0.0,0.0,1.1375278639163204
external_candidate,97,static_neighbor_round_robin,144,8,53.0,1,0.625,0.625,0.0
external_candidate,97,static_neighbor_consensus,144,8,69.0,3,0.625,1.0,0.0
external_candidate,97,single_best_local_neighbor,144,8,0.0,41,0.0,0.0,1.4662460935653756
external_candidate,97,global_gated_neighbor_portfolio,144,8,0.0,41,0.0,0.0,1.4662460935653756
external_candidate,97,local_gated_no_source_support,144,8,0.0,41,0.0,0.0,1.1375278639163204
external_candidate,97,local_gated_no_target_ood,144,8,0.0,41,0.0,0.0,0.696649636490873
external_candidate,97,local_gated_no_diversity,144,8,0.0,41,0.0,0.0,1.4662460935653756
external_candidate,97,local_gated_neighbor_portfolio,144,8,0.0,41,0.0,0.0,1.4662460935653756
external_candidate,97,local_gated_wrong_source_portfolio,144,8,0.0,41,0.0,0.0,1.4768111551121257
external_candidate,97,local_gated_shuffled_obelix,144,8,0.0,41,0.0,0.0,1.4662460935653756
external_candidate,98,uniform_random,144,8,19.0,6,0.25,0.25,0.21670910996394532
external_candidate,98,composition_novelty,144,8,0.0,41,0.0,0.0,1.1375278639163204
external_candidate,98,static_neighbor_round_robin,144,8,53.0,1,0.625,0.625,0.0
external_candidate,98,static_neighbor_consensus,144,8,69.0,3,0.625,1.0,0.0
external_candidate,98,single_best_local_neighbor,144,8,0.0,41,0.0,0.0,1.516209000174696
external_candidate,98,global_gated_neighbor_portfolio,144,8,0.0,41,0.0,0.0,1.516209000174696
external_candidate,98,local_gated_no_source_support,144,8,0.0,41,0.0,0.0,1.1375278639163204
external_candidate,98,local_gated_no_target_ood,144,8,22.0,3,0.25,0.25,0.0
external_candidate,98,local_gated_no_diversity,144,8,0.0,41,0.0,0.0,1.516209000174696
external_candidate,98,local_gated_neighbor_portfolio,144,8,0.0,41,0.0,0.0,1.516209000174696
external_candidate,98,local_gated_wrong_source_portfolio,144,8,0.0,41,0.0,0.0,2.4343208066370474
external_candidate,98,local_gated_shuffled_obelix,144,8,0.0,41,0.0,0.0,1.1375278639163204
external_candidate,99,uniform_random,144,8,0.0,30,0.0,0.375,1.5495309400517778
external_candidate,99,composition_novelty,144,8,0.0,41,0.0,0.0,1.1375278639163204
external_candidate,99,static_neighbor_round_robin,144,8,53.0,1,0.625,0.625,0.0
external_candidate,99,static_neighbor_consensus,144,8,69.0,3,0.625,1.0,0.0
external_candidate,99,single_best_local_neighbor,144,8,0.0,41,0.0,0.0,1.2794933999086797
external_candidate,99,global_gated_neighbor_portfolio,144,8,0.0,41,0.0,0.0,1.2794933999086797
external_candidate,99,local_gated_no_source_support,144,8,0.0,41,0.0,0.0,1.1375278639163204
external_candidate,99,local_gated_no_target_ood,144,8,16.0,6,0.25,0.25,0.0
external_candidate,99,local_gated_no_diversity,144,8,0.0,41,0.0,0.0,1.2794933999086797
external_candidate,99,local_gated_neighbor_portfolio,144,8,0.0,41,0.0,0.0,1.2794933999086797
external_candidate,99,local_gated_wrong_source_portfolio,144,8,0.0,41,0.0,0.0,1.1375278639163204
external_candidate,99,local_gated_shuffled_obelix,144,8,0.0,41,0.0,0.0,1.1375278639163204
hard_ood_40pct,0,uniform_random,58,3,10.0,12,0.6666666666666666,1.0,0.0
hard_ood_40pct,0,composition_novelty,58,3,13.0,8,0.3333333333333333,0.6666666666666666,0.0
hard_ood_40pct,0,static_neighbor_round_robin,58,3,41.0,2,1.0,1.0,0.0
hard_ood_40pct,0,static_neighbor_consensus,58,3,52.0,1,1.0,1.0,0.0
hard_ood_40pct,0,single_best_local_neighbor,58,3,5.0,16,0.3333333333333333,0.6666666666666666,0.0
hard_ood_40pct,0,global_gated_neighbor_portfolio,58,3,5.0,16,0.3333333333333333,0.6666666666666666,0.0
hard_ood_40pct,0,local_gated_no_source_support,58,3,0.0,38,0.0,0.3333333333333333,0.33928329119580525
hard_ood_40pct,0,local_gated_no_target_ood,58,3,0.0,33,0.0,0.3333333333333333,1.1635021317476606
hard_ood_40pct,0,local_gated_no_diversity,58,3,5.0,16,0.3333333333333333,0.6666666666666666,0.0
hard_ood_40pct,0,local_gated_neighbor_portfolio,58,3,5.0,16,0.3333333333333333,0.6666666666666666,0.0
hard_ood_40pct,0,local_gated_wrong_source_portfolio,58,3,13.0,8,0.3333333333333333,0.6666666666666666,0.0
hard_ood_40pct,0,local_gated_shuffled_obelix,58,3,13.0,8,0.3333333333333333,0.6666666666666666,0.0
hard_ood_40pct,1,uniform_random,58,3,15.0,6,0.3333333333333333,0.6666666666666666,0.33236395499860594
hard_ood_40pct,1,composition_novelty,58,3,18.0,3,0.3333333333333333,0.6666666666666666,0.0
hard_ood_40pct,1,static_neighbor_round_robin,58,3,41.0,2,1.0,1.0,0.0
hard_ood_40pct,1,static_neighbor_consensus,58,3,52.0,1,1.0,1.0,0.0
hard_ood_40pct,1,single_best_local_neighbor,58,3,7.0,14,0.3333333333333333,0.6666666666666666,0.0
hard_ood_40pct,1,global_gated_neighbor_portfolio,58,3,1.0,20,0.3333333333333333,0.6666666666666666,0.0
hard_ood_40pct,1,local_gated_no_source_support,58,3,28.0,1,0.6666666666666666,1.0,0.0
hard_ood_40pct,1,local_gated_no_target_ood,58,3,0.0,41,0.0,0.0,0.6905945643606191
hard_ood_40pct,1,local_gated_no_diversity,58,3,1.0,20,0.3333333333333333,0.6666666666666666,0.0
hard_ood_40pct,1,local_gated_neighbor_portfolio,58,3,1.0,20,0.3333333333333333,0.6666666666666666,0.0
hard_ood_40pct,1,local_gated_wrong_source_portfolio,58,3,18.0,3,0.3333333333333333,0.6666666666666666,0.0
hard_ood_40pct,1,local_gated_shuffled_obelix,58,3,18.0,3,0.3333333333333333,0.6666666666666666,0.0
hard_ood_40pct,2,uniform_random,58,3,9.0,12,0.3333333333333333,1.0,0.21272015441784253
hard_ood_40pct,2,composition_novelty,58,3,18.0,3,0.3333333333333333,0.6666666666666666,0.0
hard_ood_40pct,2,static_neighbor_round_robin,58,3,41.0,2,1.0,1.0,0.0
hard_ood_40pct,2,static_neighbor_consensus,58,3,52.0,1,1.0,1.0,0.0
hard_ood_40pct,2,single_best_local_neighbor,58,3,7.0,14,0.3333333333333333,0.6666666666666666,0.0
hard_ood_40pct,2,global_gated_neighbor_portfolio,58,3,3.0,18,0.3333333333333333,0.6666666666666666,0.0
hard_ood_40pct,2,local_gated_no_source_support,58,3,39.0,1,1.0,1.0,0.0
hard_ood_40pct,2,local_gated_no_target_ood,58,3,0.0,39,0.0,0.3333333333333333,1.1635021317476606
hard_ood_40pct,2,local_gated_no_diversity,58,3,3.0,18,0.3333333333333333,0.6666666666666666,0.0
hard_ood_40pct,2,local_gated_neighbor_portfolio,58,3,3.0,18,0.3333333333333333,0.6666666666666666,0.0
hard_ood_40pct,2,local_gated_wrong_source_portfolio,58,3,18.0,3,0.3333333333333333,0.6666666666666666,0.0
hard_ood_40pct,2,local_gated_shuffled_obelix,58,3,18.0,3,0.3333333333333333,0.6666666666666666,0.0
hard_ood_40pct,3,uniform_random,58,3,6.0,15,0.3333333333333333,1.0,0.21272015441784253
hard_ood_40pct,3,composition_novelty,58,3,18.0,3,0.3333333333333333,0.6666666666666666,0.0
hard_ood_40pct,3,static_neighbor_round_robin,58,3,41.0,2,1.0,1.0,0.0
hard_ood_40pct,3,static_neighbor_consensus,58,3,52.0,1,1.0,1.0,0.0
hard_ood_40pct,3,single_best_local_neighbor,58,3,9.0,12,0.3333333333333333,0.6666666666666666,0.0
hard_ood_40pct,3,global_gated_neighbor_portfolio,58,3,4.0,17,0.3333333333333333,0.6666666666666666,0.0
hard_ood_40pct,3,local_gated_no_source_support,58,3,49.0,1,1.0,1.0,0.0
hard_ood_40pct,3,local_gated_no_target_ood,58,3,0.0,41,0.0,0.0,1.1635021317476606
hard_ood_40pct,3,local_gated_no_diversity,58,3,4.0,17,0.3333333333333333,0.6666666666666666,0.0
hard_ood_40pct,3,local_gated_neighbor_portfolio,58,3,4.0,17,0.3333333333333333,0.6666666666666666,0.0
hard_ood_40pct,3,local_gated_wrong_source_portfolio,58,3,2.0,19,0.3333333333333333,0.3333333333333333,0.0
hard_ood_40pct,3,local_gated_shuffled_obelix,58,3,9.0,12,0.3333333333333333,0.6666666666666666,0.0
hard_ood_40pct,4,uniform_random,58,3,0.0,24,0.0,0.6666666666666666,0.4271056294710185
hard_ood_40pct,4,composition_novelty,58,3,19.0,3,0.6666666666666666,0.6666666666666666,0.0
hard_ood_40pct,4,static_neighbor_round_robin,58,3,41.0,2,1.0,1.0,0.0
hard_ood_40pct,4,static_neighbor_consensus,58,3,52.0,1,1.0,1.0,0.0
hard_ood_40pct,4,single_best_local_neighbor,58,3,8.0,13,0.3333333333333333,0.6666666666666666,0.0
hard_ood_40pct,4,global_gated_neighbor_portfolio,58,3,4.0,17,0.3333333333333333,0.6666666666666666,0.0
hard_ood_40pct,4,local_gated_no_source_support,58,3,49.0,1,1.0,1.0,0.0
hard_ood_40pct,4,local_gated_no_target_ood,58,3,0.0,41,0.0,0.0,1.1635021317476606
hard_ood_40pct,4,local_gated_no_diversity,58,3,4.0,17,0.3333333333333333,0.6666666666666666,0.0
hard_ood_40pct,4,local_gated_neighbor_portfolio,58,3,4.0,17,0.3333333333333333,0.6666666666666666,0.0
hard_ood_40pct,4,local_gated_wrong_source_portfolio,58,3,0.0,21,0.0,0.3333333333333333,0.3641615822940789
hard_ood_40pct,4,local_gated_shuffled_obelix,58,3,19.0,3,0.6666666666666666,0.6666666666666666,0.0
hard_ood_40pct,5,uniform_random,58,3,19.0,2,0.3333333333333333,1.0,0.21272015441784253
hard_ood_40pct,5,composition_novelty,58,3,14.0,7,0.3333333333333333,0.6666666666666666,0.0
hard_ood_40pct,5,static_neighbor_round_robin,58,3,41.0,2,1.0,1.0,0.0
hard_ood_40pct,5,static_neighbor_consensus,58,3,52.0,1,1.0,1.0,0.0
hard_ood_40pct,5,single_best_local_neighbor,58,3,5.0,16,0.3333333333333333,0.6666666666666666,0.0
hard_ood_40pct,5,global_gated_neighbor_portfolio,58,3,0.0,22,0.0,0.6666666666666666,1.4386413536653238
hard_ood_40pct,5,local_gated_no_source_support,58,3,12.0,9,0.3333333333333333,0.3333333333333333,0.0
hard_ood_40pct,5,local_gated_no_target_ood,58,3,0.0,41,0.0,0.0,1.4386413536653238
hard_ood_40pct,5,local_gated_no_diversity,58,3,0.0,22,0.0,0.6666666666666666,1.4386413536653238
hard_ood_40pct,5,local_gated_neighbor_portfolio,58,3,0.0,22,0.0,0.6666666666666666,1.4386413536653238
hard_ood_40pct,5,local_gated_wrong_source_portfolio,58,3,14.0,7,0.3333333333333333,0.6666666666666666,0.0
hard_ood_40pct,5,local_gated_shuffled_obelix,58,3,5.0,16,0.3333333333333333,0.6666666666666666,0.0
hard_ood_40pct,6,uniform_random,58,3,0.0,24,0.0,0.3333333333333333,0.4059976513416612
hard_ood_40pct,6,composition_novelty,58,3,18.0,3,0.3333333333333333,0.6666666666666666,0.0
hard_ood_40pct,6,static_neighbor_round_robin,58,3,41.0,2,1.0,1.0,0.0
hard_ood_40pct,6,static_neighbor_consensus,58,3,52.0,1,1.0,1.0,0.0
hard_ood_40pct,6,single_best_local_neighbor,58,3,4.0,17,0.3333333333333333,0.6666666666666666,0.0
hard_ood_40pct,6,global_gated_neighbor_portfolio,58,3,3.0,18,0.3333333333333333,0.6666666666666666,0.0
hard_ood_40pct,6,local_gated_no_source_support,58,3,42.0,1,1.0,1.0,0.0
hard_ood_40pct,6,local_gated_no_target_ood,58,3,0.0,41,0.0,0.0,1.1635021317476606
hard_ood_40pct,6,local_gated_no_diversity,58,3,3.0,18,0.3333333333333333,0.6666666666666666,0.0
hard_ood_40pct,6,local_gated_neighbor_portfolio,58,3,3.0,18,0.3333333333333333,0.6666666666666666,0.0
hard_ood_40pct,6,local_gated_wrong_source_portfolio,58,3,18.0,3,0.3333333333333333,0.6666666666666666,0.0
hard_ood_40pct,6,local_gated_shuffled_obelix,58,3,18.0,3,0.3333333333333333,0.6666666666666666,0.0
hard_ood_40pct,7,uniform_random,58,3,15.0,6,0.3333333333333333,1.0,0.0
hard_ood_40pct,7,composition_novelty,58,3,19.0,2,0.3333333333333333,0.6666666666666666,0.0
hard_ood_40pct,7,static_neighbor_round_robin,58,3,41.0,2,1.0,1.0,0.0
hard_ood_40pct,7,static_neighbor_consensus,58,3,52.0,1,1.0,1.0,0.0
hard_ood_40pct,7,single_best_local_neighbor,58,3,7.0,14,0.3333333333333333,0.6666666666666666,0.0
hard_ood_40pct,7,global_gated_neighbor_portfolio,58,3,4.0,17,0.3333333333333333,0.6666666666666666,0.0
hard_ood_40pct,7,local_gated_no_source_support,58,3,43.0,1,1.0,1.0,0.0
hard_ood_40pct,7,local_gated_no_target_ood,58,3,0.0,32,0.0,0.3333333333333333,0.6905945643606191
hard_ood_40pct,7,local_gated_no_diversity,58,3,7.0,14,0.3333333333333333,0.6666666666666666,0.0
hard_ood_40pct,7,local_gated_neighbor_portfolio,58,3,7.0,14,0.3333333333333333,0.6666666666666666,0.0
hard_ood_40pct,7,local_gated_wrong_source_portfolio,58,3,19.0,2,0.3333333333333333,0.6666666666666666,0.0
hard_ood_40pct,7,local_gated_shuffled_obelix,58,3,19.0,2,0.3333333333333333,0.6666666666666666,0.0
hard_ood_40pct,8,uniform_random,58,3,0.0,34,0.0,0.3333333333333333,0.33928329119580525
hard_ood_40pct,8,composition_novelty,58,3,18.0,3,0.3333333333333333,0.6666666666666666,0.0
hard_ood_40pct,8,static_neighbor_round_robin,58,3,41.0,2,1.0,1.0,0.0
hard_ood_40pct,8,static_neighbor_consensus,58,3,52.0,1,1.0,1.0,0.0
hard_ood_40pct,8,single_best_local_neighbor,58,3,7.0,14,0.3333333333333333,0.6666666666666666,0.0
hard_ood_40pct,8,global_gated_neighbor_portfolio,58,3,3.0,18,0.3333333333333333,0.6666666666666666,0.0
hard_ood_40pct,8,local_gated_no_source_support,58,3,39.0,6,1.0,1.0,0.0
hard_ood_40pct,8,local_gated_no_target_ood,58,3,0.0,41,0.0,0.0,1.1635021317476606
hard_ood_40pct,8,local_gated_no_diversity,58,3,3.0,18,0.3333333333333333,0.6666666666666666,0.0
hard_ood_40pct,8,local_gated_neighbor_portfolio,58,3,3.0,18,0.3333333333333333,0.6666666666666666,0.0
hard_ood_40pct,8,local_gated_wrong_source_portfolio,58,3,4.0,17,0.3333333333333333,0.3333333333333333,0.0
hard_ood_40pct,8,local_gated_shuffled_obelix,58,3,18.0,3,0.3333333333333333,0.6666666666666666,0.0
hard_ood_40pct,9,uniform_random,58,3,4.0,17,0.3333333333333333,0.3333333333333333,0.33236395499860594
hard_ood_40pct,9,composition_novelty,58,3,19.0,3,0.6666666666666666,0.6666666666666666,0.0
hard_ood_40pct,9,static_neighbor_round_robin,58,3,41.0,2,1.0,1.0,0.0
hard_ood_40pct,9,static_neighbor_consensus,58,3,52.0,1,1.0,1.0,0.0
hard_ood_40pct,9,single_best_local_neighbor,58,3,6.0,15,0.3333333333333333,0.6666666666666666,0.0
hard_ood_40pct,9,global_gated_neighbor_portfolio,58,3,5.0,16,0.3333333333333333,0.6666666666666666,0.0
hard_ood_40pct,9,local_gated_no_source_support,58,3,42.0,1,1.0,1.0,0.0
hard_ood_40pct,9,local_gated_no_target_ood,58,3,0.0,41,0.0,0.0,1.4386413536653238
hard_ood_40pct,9,local_gated_no_diversity,58,3,5.0,16,0.3333333333333333,0.6666666666666666,0.0
hard_ood_40pct,9,local_gated_neighbor_portfolio,58,3,5.0,16,0.3333333333333333,0.6666666666666666,0.0
hard_ood_40pct,9,local_gated_wrong_source_portfolio,58,3,19.0,3,0.6666666666666666,0.6666666666666666,0.0
hard_ood_40pct,9,local_gated_shuffled_obelix,58,3,19.0,3,0.6666666666666666,0.6666666666666666,0.0
hard_ood_40pct,10,uniform_random,58,3,14.0,7,0.3333333333333333,0.3333333333333333,0.21272015441784253
hard_ood_40pct,10,composition_novelty,58,3,18.0,3,0.3333333333333333,0.6666666666666666,0.0
hard_ood_40pct,10,static_neighbor_round_robin,58,3,41.0,2,1.0,1.0,0.0
hard_ood_40pct,10,static_neighbor_consensus,58,3,52.0,1,1.0,1.0,0.0
hard_ood_40pct,10,single_best_local_neighbor,58,3,8.0,13,0.3333333333333333,0.6666666666666666,0.0
hard_ood_40pct,10,global_gated_neighbor_portfolio,58,3,2.0,19,0.3333333333333333,0.6666666666666666,0.0
hard_ood_40pct,10,local_gated_no_source_support,58,3,45.0,1,1.0,1.0,0.0
hard_ood_40pct,10,local_gated_no_target_ood,58,3,0.0,40,0.0,0.3333333333333333,1.1635021317476606
hard_ood_40pct,10,local_gated_no_diversity,58,3,2.0,19,0.3333333333333333,0.6666666666666666,0.0
hard_ood_40pct,10,local_gated_neighbor_portfolio,58,3,2.0,19,0.3333333333333333,0.6666666666666666,0.0
hard_ood_40pct,10,local_gated_wrong_source_portfolio,58,3,18.0,3,0.3333333333333333,0.6666666666666666,0.0
hard_ood_40pct,10,local_gated_shuffled_obelix,58,3,18.0,3,0.3333333333333333,0.6666666666666666,0.0
hard_ood_40pct,11,uniform_random,58,3,0.0,29,0.0,0.3333333333333333,0.3641615822940789
hard_ood_40pct,11,composition_novelty,58,3,19.0,3,0.6666666666666666,0.6666666666666666,0.0
hard_ood_40pct,11,static_neighbor_round_robin,58,3,41.0,2,1.0,1.0,0.0
hard_ood_40pct,11,static_neighbor_consensus,58,3,52.0,1,1.0,1.0,0.0
hard_ood_40pct,11,single_best_local_neighbor,58,3,8.0,13,0.3333333333333333,0.6666666666666666,0.0
hard_ood_40pct,11,global_gated_neighbor_portfolio,58,3,4.0,17,0.3333333333333333,0.6666666666666666,0.0
hard_ood_40pct,11,local_gated_no_source_support,58,3,47.0,1,1.0,1.0,0.0
hard_ood_40pct,11,local_gated_no_target_ood,58,3,0.0,41,0.0,0.0,0.6905945643606191
hard_ood_40pct,11,local_gated_no_diversity,58,3,4.0,17,0.3333333333333333,0.6666666666666666,0.0
hard_ood_40pct,11,local_gated_neighbor_portfolio,58,3,4.0,17,0.3333333333333333,0.6666666666666666,0.0
hard_ood_40pct,11,local_gated_wrong_source_portfolio,58,3,14.0,8,0.6666666666666666,0.6666666666666666,0.0
hard_ood_40pct,11,local_gated_shuffled_obelix,58,3,19.0,3,0.6666666666666666,0.6666666666666666,0.0
hard_ood_40pct,12,uniform_random,58,3,18.0,3,0.3333333333333333,0.6666666666666666,0.33236395499860594
hard_ood_40pct,12,composition_novelty,58,3,20.0,3,0.6666666666666666,0.6666666666666666,0.0
hard_ood_40pct,12,static_neighbor_round_robin,58,3,41.0,2,1.0,1.0,0.0
hard_ood_40pct,12,static_neighbor_consensus,58,3,52.0,1,1.0,1.0,0.0
hard_ood_40pct,12,single_best_local_neighbor,58,3,7.0,14,0.3333333333333333,0.6666666666666666,0.0
hard_ood_40pct,12,global_gated_neighbor_portfolio,58,3,7.0,14,0.3333333333333333,0.6666666666666666,0.0
hard_ood_40pct,12,local_gated_no_source_support,58,3,46.0,1,1.0,1.0,0.0
hard_ood_40pct,12,local_gated_no_target_ood,58,3,0.0,31,0.0,0.3333333333333333,0.6905945643606191
hard_ood_40pct,12,local_gated_no_diversity,58,3,7.0,14,0.3333333333333333,0.6666666666666666,0.0
hard_ood_40pct,12,local_gated_neighbor_portfolio,58,3,7.0,14,0.3333333333333333,0.6666666666666666,0.0
hard_ood_40pct,12,local_gated_wrong_source_portfolio,58,3,6.0,15,0.3333333333333333,0.3333333333333333,0.0
hard_ood_40pct,12,local_gated_shuffled_obelix,58,3,7.0,14,0.3333333333333333,0.6666666666666666,0.0
hard_ood_40pct,13,uniform_random,58,3,15.0,6,0.3333333333333333,0.6666666666666666,0.33236395499860594
hard_ood_40pct,13,composition_novelty,58,3,19.0,2,0.3333333333333333,0.6666666666666666,0.0
hard_ood_40pct,13,static_neighbor_round_robin,58,3,41.0,2,1.0,1.0,0.0
hard_ood_40pct,13,static_neighbor_consensus,58,3,52.0,1,1.0,1.0,0.0
hard_ood_40pct,13,single_best_local_neighbor,58,3,7.0,14,0.3333333333333333,0.6666666666666666,0.0
hard_ood_40pct,13,global_gated_neighbor_portfolio,58,3,3.0,18,0.3333333333333333,0.6666666666666666,0.0
hard_ood_40pct,13,local_gated_no_source_support,58,3,46.0,3,1.0,1.0,0.0
hard_ood_40pct,13,local_gated_no_target_ood,58,3,0.0,41,0.0,0.0,1.1635021317476606
hard_ood_40pct,13,local_gated_no_diversity,58,3,3.0,18,0.3333333333333333,0.6666666666666666,0.0
hard_ood_40pct,13,local_gated_neighbor_portfolio,58,3,3.0,18,0.3333333333333333,0.6666666666666666,0.0
hard_ood_40pct,13,local_gated_wrong_source_portfolio,58,3,19.0,2,0.3333333333333333,0.6666666666666666,0.0
hard_ood_40pct,13,local_gated_shuffled_obelix,58,3,9.0,12,0.3333333333333333,0.6666666666666666,0.0
hard_ood_40pct,14,uniform_random,58,3,29.0,5,0.6666666666666666,0.6666666666666666,0.21272015441784253
hard_ood_40pct,14,composition_novelty,58,3,19.0,2,0.3333333333333333,0.6666666666666666,0.0
hard_ood_40pct,14,static_neighbor_round_robin,58,3,41.0,2,1.0,1.0,0.0
hard_ood_40pct,14,static_neighbor_consensus,58,3,52.0,1,1.0,1.0,0.0
hard_ood_40pct,14,single_best_local_neighbor,58,3,8.0,13,0.3333333333333333,0.6666666666666666,0.0
hard_ood_40pct,14,global_gated_neighbor_portfolio,58,3,4.0,17,0.3333333333333333,0.6666666666666666,0.0
hard_ood_40pct,14,local_gated_no_source_support,58,3,38.0,1,1.0,1.0,0.0
hard_ood_40pct,14,local_gated_no_target_ood,58,3,0.0,40,0.0,0.3333333333333333,1.1635021317476606
hard_ood_40pct,14,local_gated_no_diversity,58,3,5.0,16,0.3333333333333333,0.6666666666666666,0.0
hard_ood_40pct,14,local_gated_neighbor_portfolio,58,3,5.0,16,0.3333333333333333,0.6666666666666666,0.0
hard_ood_40pct,14,local_gated_wrong_source_portfolio,58,3,19.0,2,0.3333333333333333,0.6666666666666666,0.0
hard_ood_40pct,14,local_gated_shuffled_obelix,58,3,19.0,2,0.3333333333333333,0.6666666666666666,0.0
hard_ood_40pct,15,uniform_random,58,3,0.0,37,0.0,0.3333333333333333,0.4059976513416612
hard_ood_40pct,15,composition_novelty,58,3,21.0,2,0.6666666666666666,0.6666666666666666,0.0
hard_ood_40pct,15,static_neighbor_round_robin,58,3,41.0,2,1.0,1.0,0.0
hard_ood_40pct,15,static_neighbor_consensus,58,3,52.0,1,1.0,1.0,0.0
hard_ood_40pct,15,single_best_local_neighbor,58,3,9.0,12,0.3333333333333333,0.6666666666666666,0.0
hard_ood_40pct,15,global_gated_neighbor_portfolio,58,3,5.0,16,0.3333333333333333,0.6666666666666666,0.0
hard_ood_40pct,15,local_gated_no_source_support,58,3,12.0,12,0.6666666666666666,1.0,0.21272015441784253
hard_ood_40pct,15,local_gated_no_target_ood,58,3,0.0,41,0.0,0.0,1.1635021317476606
hard_ood_40pct,15,local_gated_no_diversity,58,3,5.0,16,0.3333333333333333,0.6666666666666666,0.0
hard_ood_40pct,15,local_gated_neighbor_portfolio,58,3,5.0,16,0.3333333333333333,0.6666666666666666,0.0
hard_ood_40pct,15,local_gated_wrong_source_portfolio,58,3,21.0,2,0.6666666666666666,0.6666666666666666,0.0
hard_ood_40pct,15,local_gated_shuffled_obelix,58,3,21.0,2,0.6666666666666666,0.6666666666666666,0.0
hard_ood_40pct,16,uniform_random,58,3,0.0,23,0.0,0.3333333333333333,0.3641615822940789
hard_ood_40pct,16,composition_novelty,58,3,19.0,3,0.6666666666666666,0.6666666666666666,0.0
hard_ood_40pct,16,static_neighbor_round_robin,58,3,41.0,2,1.0,1.0,0.0
hard_ood_40pct,16,static_neighbor_consensus,58,3,52.0,1,1.0,1.0,0.0
hard_ood_40pct,16,single_best_local_neighbor,58,3,8.0,13,0.3333333333333333,0.6666666666666666,0.0
hard_ood_40pct,16,global_gated_neighbor_portfolio,58,3,8.0,13,0.3333333333333333,0.6666666666666666,0.0
hard_ood_40pct,16,local_gated_no_source_support,58,3,35.0,2,1.0,1.0,0.0
hard_ood_40pct,16,local_gated_no_target_ood,58,3,0.0,31,0.0,0.6666666666666666,0.6905945643606191
hard_ood_40pct,16,local_gated_no_diversity,58,3,8.0,13,0.3333333333333333,0.6666666666666666,0.0
hard_ood_40pct,16,local_gated_neighbor_portfolio,58,3,8.0,13,0.3333333333333333,0.6666666666666666,0.0
hard_ood_40pct,16,local_gated_wrong_source_portfolio,58,3,19.0,3,0.6666666666666666,0.6666666666666666,0.0
hard_ood_40pct,16,local_gated_shuffled_obelix,58,3,16.0,6,0.6666666666666666,0.6666666666666666,0.0
hard_ood_40pct,17,uniform_random,58,3,0.0,27,0.0,0.6666666666666666,0.6905945643606191
hard_ood_40pct,17,composition_novelty,58,3,19.0,3,0.6666666666666666,0.6666666666666666,0.0
hard_ood_40pct,17,static_neighbor_round_robin,58,3,41.0,2,1.0,1.0,0.0
hard_ood_40pct,17,static_neighbor_consensus,58,3,52.0,1,1.0,1.0,0.0
hard_ood_40pct,17,single_best_local_neighbor,58,3,8.0,13,0.3333333333333333,0.6666666666666666,0.0
hard_ood_40pct,17,global_gated_neighbor_portfolio,58,3,4.0,17,0.3333333333333333,0.6666666666666666,0.0
hard_ood_40pct,17,local_gated_no_source_support,58,3,37.0,3,1.0,1.0,0.0
hard_ood_40pct,17,local_gated_no_target_ood,58,3,0.0,32,0.0,0.3333333333333333,0.6905945643606191
hard_ood_40pct,17,local_gated_no_diversity,58,3,8.0,13,0.3333333333333333,0.6666666666666666,0.0
hard_ood_40pct,17,local_gated_neighbor_portfolio,58,3,8.0,13,0.3333333333333333,0.6666666666666666,0.0
hard_ood_40pct,17,local_gated_wrong_source_portfolio,58,3,3.0,18,0.3333333333333333,0.3333333333333333,0.0
hard_ood_40pct,17,local_gated_shuffled_obelix,58,3,8.0,13,0.3333333333333333,0.6666666666666666,0.0
hard_ood_40pct,18,uniform_random,58,3,27.0,3,0.6666666666666666,1.0,0.0
hard_ood_40pct,18,composition_novelty,58,3,18.0,3,0.3333333333333333,0.6666666666666666,0.0
hard_ood_40pct,18,static_neighbor_round_robin,58,3,41.0,2,1.0,1.0,0.0
hard_ood_40pct,18,static_neighbor_consensus,58,3,52.0,1,1.0,1.0,0.0
hard_ood_40pct,18,single_best_local_neighbor,58,3,8.0,13,0.3333333333333333,0.6666666666666666,0.0
hard_ood_40pct,18,global_gated_neighbor_portfolio,58,3,4.0,17,0.3333333333333333,0.6666666666666666,0.0
hard_ood_40pct,18,local_gated_no_source_support,58,3,38.0,1,1.0,1.0,0.0
hard_ood_40pct,18,local_gated_no_target_ood,58,3,0.0,41,0.0,0.0,0.6905945643606191
hard_ood_40pct,18,local_gated_no_diversity,58,3,4.0,17,0.3333333333333333,0.6666666666666666,0.0
hard_ood_40pct,18,local_gated_neighbor_portfolio,58,3,4.0,17,0.3333333333333333,0.6666666666666666,0.0
hard_ood_40pct,18,local_gated_wrong_source_portfolio,58,3,7.0,14,0.3333333333333333,0.3333333333333333,0.0
hard_ood_40pct,18,local_gated_shuffled_obelix,58,3,9.0,12,0.3333333333333333,0.6666666666666666,0.0
hard_ood_40pct,19,uniform_random,58,3,17.0,4,0.3333333333333333,0.3333333333333333,0.21272015441784253
hard_ood_40pct,19,composition_novelty,58,3,18.0,3,0.3333333333333333,0.6666666666666666,0.0
hard_ood_40pct,19,static_neighbor_round_robin,58,3,41.0,2,1.0,1.0,0.0
hard_ood_40pct,19,static_neighbor_consensus,58,3,52.0,1,1.0,1.0,0.0
hard_ood_40pct,19,single_best_local_neighbor,58,3,4.0,17,0.3333333333333333,0.6666666666666666,0.0
hard_ood_40pct,19,global_gated_neighbor_portfolio,58,3,2.0,19,0.3333333333333333,0.6666666666666666,0.0
hard_ood_40pct,19,local_gated_no_source_support,58,3,13.0,12,0.6666666666666666,1.0,0.21272015441784253
hard_ood_40pct,19,local_gated_no_target_ood,58,3,0.0,40,0.0,0.3333333333333333,0.6905945643606191
hard_ood_40pct,19,local_gated_no_diversity,58,3,3.0,18,0.3333333333333333,0.6666666666666666,0.0
hard_ood_40pct,19,local_gated_neighbor_portfolio,58,3,3.0,18,0.3333333333333333,0.6666666666666666,0.0
hard_ood_40pct,19,local_gated_wrong_source_portfolio,58,3,18.0,3,0.3333333333333333,0.6666666666666666,0.0
hard_ood_40pct,19,local_gated_shuffled_obelix,58,3,18.0,3,0.3333333333333333,0.6666666666666666,0.0
hard_ood_40pct,20,uniform_random,58,3,14.0,7,0.3333333333333333,0.3333333333333333,0.0
hard_ood_40pct,20,composition_novelty,58,3,20.0,3,0.6666666666666666,0.6666666666666666,0.0
hard_ood_40pct,20,static_neighbor_round_robin,58,3,41.0,2,1.0,1.0,0.0
hard_ood_40pct,20,static_neighbor_consensus,58,3,52.0,1,1.0,1.0,0.0
hard_ood_40pct,20,single_best_local_neighbor,58,3,8.0,13,0.3333333333333333,0.6666666666666666,0.0
hard_ood_40pct,20,global_gated_neighbor_portfolio,58,3,4.0,17,0.3333333333333333,0.6666666666666666,0.0
hard_ood_40pct,20,local_gated_no_source_support,58,3,41.0,1,1.0,1.0,0.0
hard_ood_40pct,20,local_gated_no_target_ood,58,3,0.0,41,0.0,0.0,1.4386413536653238
hard_ood_40pct,20,local_gated_no_diversity,58,3,4.0,17,0.3333333333333333,0.6666666666666666,0.0
hard_ood_40pct,20,local_gated_neighbor_portfolio,58,3,4.0,17,0.3333333333333333,0.6666666666666666,0.0
hard_ood_40pct,20,local_gated_wrong_source_portfolio,58,3,4.0,17,0.3333333333333333,0.3333333333333333,0.0
hard_ood_40pct,20,local_gated_shuffled_obelix,58,3,20.0,3,0.6666666666666666,0.6666666666666666,0.0
hard_ood_40pct,21,uniform_random,58,3,0.0,30,0.0,0.3333333333333333,0.6905945643606191
hard_ood_40pct,21,composition_novelty,58,3,18.0,3,0.3333333333333333,0.6666666666666666,0.0
hard_ood_40pct,21,static_neighbor_round_robin,58,3,41.0,2,1.0,1.0,0.0
hard_ood_40pct,21,static_neighbor_consensus,58,3,52.0,1,1.0,1.0,0.0
hard_ood_40pct,21,single_best_local_neighbor,58,3,16.0,5,0.3333333333333333,0.6666666666666666,0.0
hard_ood_40pct,21,global_gated_neighbor_portfolio,58,3,7.0,14,0.3333333333333333,0.6666666666666666,0.0
hard_ood_40pct,21,local_gated_no_source_support,58,3,7.0,14,0.3333333333333333,0.3333333333333333,0.0
hard_ood_40pct,21,local_gated_no_target_ood,58,3,14.0,7,0.3333333333333333,0.6666666666666666,0.0
hard_ood_40pct,21,local_gated_no_diversity,58,3,16.0,5,0.3333333333333333,0.6666666666666666,0.0
hard_ood_40pct,21,local_gated_neighbor_portfolio,58,3,16.0,5,0.3333333333333333,0.6666666666666666,0.0
hard_ood_40pct,21,local_gated_wrong_source_portfolio,58,3,3.0,18,0.3333333333333333,0.3333333333333333,0.0
hard_ood_40pct,21,local_gated_shuffled_obelix,58,3,18.0,3,0.3333333333333333,0.6666666666666666,0.0
hard_ood_40pct,22,uniform_random,58,3,16.0,5,0.3333333333333333,1.0,0.33236395499860594
hard_ood_40pct,22,composition_novelty,58,3,19.0,3,0.6666666666666666,0.6666666666666666,0.0
hard_ood_40pct,22,static_neighbor_round_robin,58,3,41.0,2,1.0,1.0,0.0
hard_ood_40pct,22,static_neighbor_consensus,58,3,52.0,1,1.0,1.0,0.0
hard_ood_40pct,22,single_best_local_neighbor,58,3,10.0,11,0.3333333333333333,0.6666666666666666,0.0
hard_ood_40pct,22,global_gated_neighbor_portfolio,58,3,4.0,17,0.3333333333333333,0.6666666666666666,0.0
hard_ood_40pct,22,local_gated_no_source_support,58,3,35.0,7,1.0,1.0,0.0
hard_ood_40pct,22,local_gated_no_target_ood,58,3,0.0,41,0.0,0.0,1.1635021317476606
hard_ood_40pct,22,local_gated_no_diversity,58,3,4.0,17,0.3333333333333333,0.6666666666666666,0.0
hard_ood_40pct,22,local_gated_neighbor_portfolio,58,3,4.0,17,0.3333333333333333,0.6666666666666666,0.0
hard_ood_40pct,22,local_gated_wrong_source_portfolio,58,3,19.0,3,0.6666666666666666,0.6666666666666666,0.0
hard_ood_40pct,22,local_gated_shuffled_obelix,58,3,18.0,4,0.6666666666666666,0.6666666666666666,0.0
hard_ood_40pct,23,uniform_random,58,3,5.0,16,0.3333333333333333,0.6666666666666666,0.21272015441784253
hard_ood_40pct,23,composition_novelty,58,3,13.0,8,0.3333333333333333,0.6666666666666666,0.0
hard_ood_40pct,23,static_neighbor_round_robin,58,3,41.0,2,1.0,1.0,0.0
hard_ood_40pct,23,static_neighbor_consensus,58,3,52.0,1,1.0,1.0,0.0
hard_ood_40pct,23,single_best_local_neighbor,58,3,0.0,21,0.0,0.6666666666666666,1.4386413536653238
hard_ood_40pct,23,global_gated_neighbor_portfolio,58,3,0.0,22,0.0,0.6666666666666666,1.4386413536653238
hard_ood_40pct,23,local_gated_no_source_support,58,3,20.0,1,0.3333333333333333,0.3333333333333333,0.0
hard_ood_40pct,23,local_gated_no_target_ood,58,3,0.0,41,0.0,0.0,0.6905945643606191
hard_ood_40pct,23,local_gated_no_diversity,58,3,0.0,22,0.0,0.6666666666666666,1.4386413536653238
hard_ood_40pct,23,local_gated_neighbor_portfolio,58,3,0.0,22,0.0,0.6666666666666666,1.4386413536653238
hard_ood_40pct,23,local_gated_wrong_source_portfolio,58,3,3.0,18,0.3333333333333333,0.6666666666666666,0.0
hard_ood_40pct,23,local_gated_shuffled_obelix,58,3,13.0,8,0.3333333333333333,0.6666666666666666,0.0
hard_ood_40pct,24,uniform_random,58,3,0.0,41,0.0,0.0,0.4271056294710185
hard_ood_40pct,24,composition_novelty,58,3,18.0,3,0.3333333333333333,0.6666666666666666,0.0
hard_ood_40pct,24,static_neighbor_round_robin,58,3,41.0,2,1.0,1.0,0.0
hard_ood_40pct,24,static_neighbor_consensus,58,3,52.0,1,1.0,1.0,0.0
hard_ood_40pct,24,single_best_local_neighbor,58,3,6.0,15,0.3333333333333333,0.6666666666666666,0.0
hard_ood_40pct,24,global_gated_neighbor_portfolio,58,3,4.0,17,0.3333333333333333,0.6666666666666666,0.0
hard_ood_40pct,24,local_gated_no_source_support,58,3,48.0,1,1.0,1.0,0.0
hard_ood_40pct,24,local_gated_no_target_ood,58,3,0.0,41,0.0,0.0,1.1635021317476606
hard_ood_40pct,24,local_gated_no_diversity,58,3,4.0,17,0.3333333333333333,0.6666666666666666,0.0
hard_ood_40pct,24,local_gated_neighbor_portfolio,58,3,4.0,17,0.3333333333333333,0.6666666666666666,0.0
hard_ood_40pct,24,local_gated_wrong_source_portfolio,58,3,18.0,3,0.3333333333333333,0.6666666666666666,0.0
hard_ood_40pct,24,local_gated_shuffled_obelix,58,3,18.0,3,0.3333333333333333,0.6666666666666666,0.0
hard_ood_40pct,25,uniform_random,58,3,7.0,14,0.3333333333333333,1.0,0.33236395499860594
hard_ood_40pct,25,composition_novelty,58,3,18.0,3,0.3333333333333333,0.6666666666666666,0.0
hard_ood_40pct,25,static_neighbor_round_robin,58,3,41.0,2,1.0,1.0,0.0
hard_ood_40pct,25,static_neighbor_consensus,58,3,52.0,1,1.0,1.0,0.0
hard_ood_40pct,25,single_best_local_neighbor,58,3,9.0,12,0.3333333333333333,0.6666666666666666,0.0
hard_ood_40pct,25,global_gated_neighbor_portfolio,58,3,3.0,18,0.3333333333333333,0.6666666666666666,0.0
hard_ood_40pct,25,local_gated_no_source_support,58,3,47.0,1,1.0,1.0,0.0
hard_ood_40pct,25,local_gated_no_target_ood,58,3,0.0,41,0.0,0.0,1.1635021317476606
hard_ood_40pct,25,local_gated_no_diversity,58,3,3.0,18,0.3333333333333333,0.6666666666666666,0.0
hard_ood_40pct,25,local_gated_neighbor_portfolio,58,3,3.0,18,0.3333333333333333,0.6666666666666666,0.0
hard_ood_40pct,25,local_gated_wrong_source_portfolio,58,3,6.0,15,0.3333333333333333,0.3333333333333333,0.0
hard_ood_40pct,25,local_gated_shuffled_obelix,58,3,18.0,3,0.3333333333333333,0.6666666666666666,0.0
hard_ood_40pct,26,uniform_random,58,3,0.0,41,0.0,0.0,0.4059976513416612
hard_ood_40pct,26,composition_novelty,58,3,19.0,3,0.6666666666666666,0.6666666666666666,0.0
hard_ood_40pct,26,static_neighbor_round_robin,58,3,41.0,2,1.0,1.0,0.0
hard_ood_40pct,26,static_neighbor_consensus,58,3,52.0,1,1.0,1.0,0.0
hard_ood_40pct,26,single_best_local_neighbor,58,3,8.0,13,0.3333333333333333,0.6666666666666666,0.0
hard_ood_40pct,26,global_gated_neighbor_portfolio,58,3,3.0,18,0.3333333333333333,0.6666666666666666,0.0
hard_ood_40pct,26,local_gated_no_source_support,58,3,47.0,1,1.0,1.0,0.0
hard_ood_40pct,26,local_gated_no_target_ood,58,3,0.0,41,0.0,0.0,0.6905945643606191
hard_ood_40pct,26,local_gated_no_diversity,58,3,3.0,18,0.3333333333333333,0.6666666666666666,0.0
hard_ood_40pct,26,local_gated_neighbor_portfolio,58,3,3.0,18,0.3333333333333333,0.6666666666666666,0.0
hard_ood_40pct,26,local_gated_wrong_source_portfolio,58,3,19.0,3,0.6666666666666666,0.6666666666666666,0.0
hard_ood_40pct,26,local_gated_shuffled_obelix,58,3,19.0,3,0.6666666666666666,0.6666666666666666,0.0
hard_ood_40pct,27,uniform_random,58,3,5.0,16,0.3333333333333333,0.3333333333333333,0.0
hard_ood_40pct,27,composition_novelty,58,3,18.0,3,0.3333333333333333,0.6666666666666666,0.0
hard_ood_40pct,27,static_neighbor_round_robin,58,3,41.0,2,1.0,1.0,0.0
hard_ood_40pct,27,static_neighbor_consensus,58,3,52.0,1,1.0,1.0,0.0
hard_ood_40pct,27,single_best_local_neighbor,58,3,8.0,13,0.3333333333333333,0.6666666666666666,0.0
hard_ood_40pct,27,global_gated_neighbor_portfolio,58,3,2.0,19,0.3333333333333333,0.6666666666666666,0.0
hard_ood_40pct,27,local_gated_no_source_support,58,3,39.0,3,1.0,1.0,0.0
hard_ood_40pct,27,local_gated_no_target_ood,58,3,0.0,41,0.0,0.0,1.1635021317476606
hard_ood_40pct,27,local_gated_no_diversity,58,3,2.0,19,0.3333333333333333,0.6666666666666666,0.0
hard_ood_40pct,27,local_gated_neighbor_portfolio,58,3,2.0,19,0.3333333333333333,0.6666666666666666,0.0
hard_ood_40pct,27,local_gated_wrong_source_portfolio,58,3,18.0,3,0.3333333333333333,0.6666666666666666,0.0
hard_ood_40pct,27,local_gated_shuffled_obelix,58,3,18.0,3,0.3333333333333333,0.6666666666666666,0.0
hard_ood_40pct,28,uniform_random,58,3,5.0,16,0.3333333333333333,0.3333333333333333,0.0
hard_ood_40pct,28,composition_novelty,58,3,19.0,2,0.3333333333333333,0.6666666666666666,0.0
hard_ood_40pct,28,static_neighbor_round_robin,58,3,41.0,2,1.0,1.0,0.0
hard_ood_40pct,28,static_neighbor_consensus,58,3,52.0,1,1.0,1.0,0.0
hard_ood_40pct,28,single_best_local_neighbor,58,3,10.0,11,0.3333333333333333,0.6666666666666666,0.0
hard_ood_40pct,28,global_gated_neighbor_portfolio,58,3,7.0,14,0.3333333333333333,0.6666666666666666,0.0
hard_ood_40pct,28,local_gated_no_source_support,58,3,50.0,1,1.0,1.0,0.0
hard_ood_40pct,28,local_gated_no_target_ood,58,3,0.0,28,0.0,0.6666666666666666,0.6905945643606191
hard_ood_40pct,28,local_gated_no_diversity,58,3,10.0,11,0.3333333333333333,0.6666666666666666,0.0
hard_ood_40pct,28,local_gated_neighbor_portfolio,58,3,10.0,11,0.3333333333333333,0.6666666666666666,0.0
hard_ood_40pct,28,local_gated_wrong_source_portfolio,58,3,9.0,12,0.3333333333333333,0.3333333333333333,0.0
hard_ood_40pct,28,local_gated_shuffled_obelix,58,3,7.0,14,0.3333333333333333,0.6666666666666666,0.0
hard_ood_40pct,29,uniform_random,58,3,0.0,30,0.0,0.6666666666666666,0.33928329119580525
hard_ood_40pct,29,composition_novelty,58,3,19.0,3,0.6666666666666666,0.6666666666666666,0.0
hard_ood_40pct,29,static_neighbor_round_robin,58,3,41.0,2,1.0,1.0,0.0
hard_ood_40pct,29,static_neighbor_consensus,58,3,52.0,1,1.0,1.0,0.0
hard_ood_40pct,29,single_best_local_neighbor,58,3,8.0,13,0.3333333333333333,0.6666666666666666,0.0
hard_ood_40pct,29,global_gated_neighbor_portfolio,58,3,8.0,13,0.3333333333333333,0.6666666666666666,0.0
hard_ood_40pct,29,local_gated_no_source_support,58,3,48.0,1,1.0,1.0,0.0
hard_ood_40pct,29,local_gated_no_target_ood,58,3,0.0,31,0.0,0.3333333333333333,1.1635021317476606
hard_ood_40pct,29,local_gated_no_diversity,58,3,8.0,13,0.3333333333333333,0.6666666666666666,0.0
hard_ood_40pct,29,local_gated_neighbor_portfolio,58,3,8.0,13,0.3333333333333333,0.6666666666666666,0.0
hard_ood_40pct,29,local_gated_wrong_source_portfolio,58,3,19.0,3,0.6666666666666666,0.6666666666666666,0.0
hard_ood_40pct,29,local_gated_shuffled_obelix,58,3,8.0,13,0.3333333333333333,0.6666666666666666,0.0
hard_ood_40pct,30,uniform_random,58,3,0.0,21,0.0,0.3333333333333333,0.4271056294710185
hard_ood_40pct,30,composition_novelty,58,3,19.0,3,0.6666666666666666,0.6666666666666666,0.0
hard_ood_40pct,30,static_neighbor_round_robin,58,3,41.0,2,1.0,1.0,0.0
hard_ood_40pct,30,static_neighbor_consensus,58,3,52.0,1,1.0,1.0,0.0
hard_ood_40pct,30,single_best_local_neighbor,58,3,9.0,12,0.3333333333333333,0.6666666666666666,0.0
hard_ood_40pct,30,global_gated_neighbor_portfolio,58,3,3.0,18,0.3333333333333333,0.6666666666666666,0.0
hard_ood_40pct,30,local_gated_no_source_support,58,3,34.0,4,1.0,1.0,0.0
hard_ood_40pct,30,local_gated_no_target_ood,58,3,0.0,33,0.0,0.3333333333333333,0.6905945643606191
hard_ood_40pct,30,local_gated_no_diversity,58,3,7.0,14,0.3333333333333333,0.6666666666666666,0.0
hard_ood_40pct,30,local_gated_neighbor_portfolio,58,3,7.0,14,0.3333333333333333,0.6666666666666666,0.0
hard_ood_40pct,30,local_gated_wrong_source_portfolio,58,3,1.0,20,0.3333333333333333,0.3333333333333333,0.0
hard_ood_40pct,30,local_gated_shuffled_obelix,58,3,19.0,3,0.6666666666666666,0.6666666666666666,0.0
hard_ood_40pct,31,uniform_random,58,3,9.0,16,0.6666666666666666,0.6666666666666666,0.0
hard_ood_40pct,31,composition_novelty,58,3,18.0,3,0.3333333333333333,0.6666666666666666,0.0
hard_ood_40pct,31,static_neighbor_round_robin,58,3,41.0,2,1.0,1.0,0.0
hard_ood_40pct,31,static_neighbor_consensus,58,3,52.0,1,1.0,1.0,0.0
hard_ood_40pct,31,single_best_local_neighbor,58,3,8.0,13,0.3333333333333333,0.6666666666666666,0.0
hard_ood_40pct,31,global_gated_neighbor_portfolio,58,3,7.0,14,0.3333333333333333,0.6666666666666666,0.0
hard_ood_40pct,31,local_gated_no_source_support,58,3,38.0,6,1.0,1.0,0.0
hard_ood_40pct,31,local_gated_no_target_ood,58,3,0.0,29,0.0,0.3333333333333333,0.6905945643606191
hard_ood_40pct,31,local_gated_no_diversity,58,3,8.0,13,0.3333333333333333,0.6666666666666666,0.0
hard_ood_40pct,31,local_gated_neighbor_portfolio,58,3,8.0,13,0.3333333333333333,0.6666666666666666,0.0
hard_ood_40pct,31,local_gated_wrong_source_portfolio,58,3,2.0,19,0.3333333333333333,0.3333333333333333,0.0
hard_ood_40pct,31,local_gated_shuffled_obelix,58,3,18.0,3,0.3333333333333333,0.6666666666666666,0.0
hard_ood_40pct,32,uniform_random,58,3,19.0,2,0.3333333333333333,1.0,0.33236395499860594
hard_ood_40pct,32,composition_novelty,58,3,19.0,3,0.6666666666666666,0.6666666666666666,0.0
hard_ood_40pct,32,static_neighbor_round_robin,58,3,41.0,2,1.0,1.0,0.0
hard_ood_40pct,32,static_neighbor_consensus,58,3,52.0,1,1.0,1.0,0.0
hard_ood_40pct,32,single_best_local_neighbor,58,3,6.0,15,0.3333333333333333,0.6666666666666666,0.0
hard_ood_40pct,32,global_gated_neighbor_portfolio,58,3,4.0,17,0.3333333333333333,0.6666666666666666,0.0
hard_ood_40pct,32,local_gated_no_source_support,58,3,38.0,5,1.0,1.0,0.0
hard_ood_40pct,32,local_gated_no_target_ood,58,3,0.0,41,0.0,0.0,1.1635021317476606
hard_ood_40pct,32,local_gated_no_diversity,58,3,4.0,17,0.3333333333333333,0.6666666666666666,0.0
hard_ood_40pct,32,local_gated_neighbor_portfolio,58,3,4.0,17,0.3333333333333333,0.6666666666666666,0.0
hard_ood_40pct,32,local_gated_wrong_source_portfolio,58,3,5.0,16,0.3333333333333333,0.3333333333333333,0.0
hard_ood_40pct,32,local_gated_shuffled_obelix,58,3,17.0,5,0.6666666666666666,0.6666666666666666,0.0
hard_ood_40pct,33,uniform_random,58,3,4.0,17,0.3333333333333333,0.6666666666666666,0.21272015441784253
hard_ood_40pct,33,composition_novelty,58,3,19.0,3,0.6666666666666666,0.6666666666666666,0.0
hard_ood_40pct,33,static_neighbor_round_robin,58,3,41.0,2,1.0,1.0,0.0
hard_ood_40pct,33,static_neighbor_consensus,58,3,52.0,1,1.0,1.0,0.0
hard_ood_40pct,33,single_best_local_neighbor,58,3,8.0,13,0.3333333333333333,0.6666666666666666,0.0
hard_ood_40pct,33,global_gated_neighbor_portfolio,58,3,4.0,17,0.3333333333333333,0.6666666666666666,0.0
hard_ood_40pct,33,local_gated_no_source_support,58,3,41.0,3,1.0,1.0,0.0
hard_ood_40pct,33,local_gated_no_target_ood,58,3,0.0,33,0.0,0.3333333333333333,1.1635021317476606
hard_ood_40pct,33,local_gated_no_diversity,58,3,8.0,13,0.3333333333333333,0.6666666666666666,0.0
hard_ood_40pct,33,local_gated_neighbor_portfolio,58,3,8.0,13,0.3333333333333333,0.6666666666666666,0.0
hard_ood_40pct,33,local_gated_wrong_source_portfolio,58,3,4.0,17,0.3333333333333333,0.3333333333333333,0.0
hard_ood_40pct,33,local_gated_shuffled_obelix,58,3,15.0,6,0.3333333333333333,0.6666666666666666,0.0
hard_ood_40pct,34,uniform_random,58,3,0.0,41,0.0,0.0,0.33928329119580525
hard_ood_40pct,34,composition_novelty,58,3,19.0,3,0.6666666666666666,0.6666666666666666,0.0
hard_ood_40pct,34,static_neighbor_round_robin,58,3,41.0,2,1.0,1.0,0.0
hard_ood_40pct,34,static_neighbor_consensus,58,3,52.0,1,1.0,1.0,0.0
hard_ood_40pct,34,single_best_local_neighbor,58,3,5.0,16,0.3333333333333333,0.6666666666666666,0.0
hard_ood_40pct,34,global_gated_neighbor_portfolio,58,3,3.0,18,0.3333333333333333,0.6666666666666666,0.0
hard_ood_40pct,34,local_gated_no_source_support,58,3,50.0,1,1.0,1.0,0.0
hard_ood_40pct,34,local_gated_no_target_ood,58,3,0.0,41,0.0,0.0,0.6905945643606191
hard_ood_40pct,34,local_gated_no_diversity,58,3,3.0,18,0.3333333333333333,0.6666666666666666,0.0
hard_ood_40pct,34,local_gated_neighbor_portfolio,58,3,3.0,18,0.3333333333333333,0.6666666666666666,0.0
hard_ood_40pct,34,local_gated_wrong_source_portfolio,58,3,19.0,3,0.6666666666666666,0.6666666666666666,0.0
hard_ood_40pct,34,local_gated_shuffled_obelix,58,3,19.0,3,0.6666666666666666,0.6666666666666666,0.0
hard_ood_40pct,35,uniform_random,58,3,3.0,18,0.3333333333333333,1.0,0.21272015441784253
hard_ood_40pct,35,composition_novelty,58,3,18.0,3,0.3333333333333333,0.6666666666666666,0.0
hard_ood_40pct,35,static_neighbor_round_robin,58,3,41.0,2,1.0,1.0,0.0
hard_ood_40pct,35,static_neighbor_consensus,58,3,52.0,1,1.0,1.0,0.0
hard_ood_40pct,35,single_best_local_neighbor,58,3,8.0,13,0.3333333333333333,0.6666666666666666,0.0
hard_ood_40pct,35,global_gated_neighbor_portfolio,58,3,4.0,17,0.3333333333333333,0.6666666666666666,0.0
hard_ood_40pct,35,local_gated_no_source_support,58,3,46.0,1,1.0,1.0,0.0
hard_ood_40pct,35,local_gated_no_target_ood,58,3,0.0,36,0.0,0.3333333333333333,1.4386413536653238
hard_ood_40pct,35,local_gated_no_diversity,58,3,4.0,17,0.3333333333333333,0.6666666666666666,0.0
hard_ood_40pct,35,local_gated_neighbor_portfolio,58,3,4.0,17,0.3333333333333333,0.6666666666666666,0.0
hard_ood_40pct,35,local_gated_wrong_source_portfolio,58,3,18.0,3,0.3333333333333333,0.6666666666666666,0.0
hard_ood_40pct,35,local_gated_shuffled_obelix,58,3,10.0,11,0.3333333333333333,0.6666666666666666,0.0
hard_ood_40pct,36,uniform_random,58,3,6.0,15,0.3333333333333333,0.6666666666666666,0.33236395499860594
hard_ood_40pct,36,composition_novelty,58,3,19.0,2,0.3333333333333333,0.6666666666666666,0.0
hard_ood_40pct,36,static_neighbor_round_robin,58,3,41.0,2,1.0,1.0,0.0
hard_ood_40pct,36,static_neighbor_consensus,58,3,52.0,1,1.0,1.0,0.0
hard_ood_40pct,36,single_best_local_neighbor,58,3,12.0,9,0.3333333333333333,0.6666666666666666,0.0
hard_ood_40pct,36,global_gated_neighbor_portfolio,58,3,4.0,17,0.3333333333333333,0.6666666666666666,0.0
hard_ood_40pct,36,local_gated_no_source_support,58,3,43.0,1,1.0,1.0,0.0
hard_ood_40pct,36,local_gated_no_target_ood,58,3,0.0,40,0.0,0.3333333333333333,0.6905945643606191
hard_ood_40pct,36,local_gated_no_diversity,58,3,4.0,17,0.3333333333333333,0.6666666666666666,0.0
hard_ood_40pct,36,local_gated_neighbor_portfolio,58,3,4.0,17,0.3333333333333333,0.6666666666666666,0.0
hard_ood_40pct,36,local_gated_wrong_source_portfolio,58,3,19.0,2,0.3333333333333333,0.6666666666666666,0.0
hard_ood_40pct,36,local_gated_shuffled_obelix,58,3,12.0,9,0.3333333333333333,0.6666666666666666,0.0
hard_ood_40pct,37,uniform_random,58,3,0.0,41,0.0,0.0,0.33928329119580525
hard_ood_40pct,37,composition_novelty,58,3,19.0,2,0.3333333333333333,0.6666666666666666,0.0
hard_ood_40pct,37,static_neighbor_round_robin,58,3,41.0,2,1.0,1.0,0.0
hard_ood_40pct,37,static_neighbor_consensus,58,3,52.0,1,1.0,1.0,0.0
hard_ood_40pct,37,single_best_local_neighbor,58,3,8.0,13,0.3333333333333333,0.6666666666666666,0.0
hard_ood_40pct,37,global_gated_neighbor_portfolio,58,3,8.0,13,0.3333333333333333,0.6666666666666666,0.0
hard_ood_40pct,37,local_gated_no_source_support,58,3,51.0,1,1.0,1.0,0.0
hard_ood_40pct,37,local_gated_no_target_ood,58,3,0.0,30,0.0,0.3333333333333333,0.6905945643606191
hard_ood_40pct,37,local_gated_no_diversity,58,3,8.0,13,0.3333333333333333,0.6666666666666666,0.0
hard_ood_40pct,37,local_gated_neighbor_portfolio,58,3,8.0,13,0.3333333333333333,0.6666666666666666,0.0
hard_ood_40pct,37,local_gated_wrong_source_portfolio,58,3,19.0,2,0.3333333333333333,0.6666666666666666,0.0
hard_ood_40pct,37,local_gated_shuffled_obelix,58,3,19.0,2,0.3333333333333333,0.6666666666666666,0.0
hard_ood_40pct,38,uniform_random,58,3,22.0,9,0.6666666666666666,0.6666666666666666,0.0
hard_ood_40pct,38,composition_novelty,58,3,14.0,7,0.3333333333333333,0.6666666666666666,0.0
hard_ood_40pct,38,static_neighbor_round_robin,58,3,41.0,2,1.0,1.0,0.0
hard_ood_40pct,38,static_neighbor_consensus,58,3,52.0,1,1.0,1.0,0.0
hard_ood_40pct,38,single_best_local_neighbor,58,3,6.0,15,0.3333333333333333,0.6666666666666666,0.0
hard_ood_40pct,38,global_gated_neighbor_portfolio,58,3,6.0,15,0.3333333333333333,0.6666666666666666,0.0
hard_ood_40pct,38,local_gated_no_source_support,58,3,0.0,23,0.0,0.6666666666666666,0.33928329119580525
hard_ood_40pct,38,local_gated_no_target_ood,58,3,0.0,31,0.0,0.3333333333333333,1.1635021317476606
hard_ood_40pct,38,local_gated_no_diversity,58,3,6.0,15,0.3333333333333333,0.6666666666666666,0.0
hard_ood_40pct,38,local_gated_neighbor_portfolio,58,3,6.0,15,0.3333333333333333,0.6666666666666666,0.0
hard_ood_40pct,38,local_gated_wrong_source_portfolio,58,3,14.0,7,0.3333333333333333,0.6666666666666666,0.0
hard_ood_40pct,38,local_gated_shuffled_obelix,58,3,14.0,7,0.3333333333333333,0.6666666666666666,0.0
hard_ood_40pct,39,uniform_random,58,3,0.0,23,0.0,0.6666666666666666,0.3641615822940789
hard_ood_40pct,39,composition_novelty,58,3,18.0,3,0.3333333333333333,0.6666666666666666,0.0
hard_ood_40pct,39,static_neighbor_round_robin,58,3,41.0,2,1.0,1.0,0.0
hard_ood_40pct,39,static_neighbor_consensus,58,3,52.0,1,1.0,1.0,0.0
hard_ood_40pct,39,single_best_local_neighbor,58,3,5.0,16,0.3333333333333333,0.6666666666666666,0.0
hard_ood_40pct,39,global_gated_neighbor_portfolio,58,3,3.0,18,0.3333333333333333,0.6666666666666666,0.0
hard_ood_40pct,39,local_gated_no_source_support,58,3,27.0,3,0.6666666666666666,1.0,0.0
hard_ood_40pct,39,local_gated_no_target_ood,58,3,0.0,41,0.0,0.0,1.1635021317476606
hard_ood_40pct,39,local_gated_no_diversity,58,3,3.0,18,0.3333333333333333,0.6666666666666666,0.0
hard_ood_40pct,39,local_gated_neighbor_portfolio,58,3,3.0,18,0.3333333333333333,0.6666666666666666,0.0
hard_ood_40pct,39,local_gated_wrong_source_portfolio,58,3,18.0,3,0.3333333333333333,0.6666666666666666,0.0
hard_ood_40pct,39,local_gated_shuffled_obelix,58,3,7.0,14,0.3333333333333333,0.6666666666666666,0.0
hard_ood_40pct,40,uniform_random,58,3,14.0,7,0.3333333333333333,0.3333333333333333,0.33236395499860594
hard_ood_40pct,40,composition_novelty,58,3,18.0,3,0.3333333333333333,0.6666666666666666,0.0
hard_ood_40pct,40,static_neighbor_round_robin,58,3,41.0,2,1.0,1.0,0.0
hard_ood_40pct,40,static_neighbor_consensus,58,3,52.0,1,1.0,1.0,0.0
hard_ood_40pct,40,single_best_local_neighbor,58,3,9.0,12,0.3333333333333333,0.6666666666666666,0.0
hard_ood_40pct,40,global_gated_neighbor_portfolio,58,3,4.0,17,0.3333333333333333,0.6666666666666666,0.0
hard_ood_40pct,40,local_gated_no_source_support,58,3,36.0,7,1.0,1.0,0.0
hard_ood_40pct,40,local_gated_no_target_ood,58,3,0.0,41,0.0,0.0,1.4386413536653238
hard_ood_40pct,40,local_gated_no_diversity,58,3,4.0,17,0.3333333333333333,0.6666666666666666,0.0
hard_ood_40pct,40,local_gated_neighbor_portfolio,58,3,4.0,17,0.3333333333333333,0.6666666666666666,0.0
hard_ood_40pct,40,local_gated_wrong_source_portfolio,58,3,18.0,3,0.3333333333333333,0.6666666666666666,0.0
hard_ood_40pct,40,local_gated_shuffled_obelix,58,3,10.0,11,0.3333333333333333,0.6666666666666666,0.0
hard_ood_40pct,41,uniform_random,58,3,29.0,5,1.0,1.0,0.0
hard_ood_40pct,41,composition_novelty,58,3,18.0,3,0.3333333333333333,0.6666666666666666,0.0
hard_ood_40pct,41,static_neighbor_round_robin,58,3,41.0,2,1.0,1.0,0.0
hard_ood_40pct,41,static_neighbor_consensus,58,3,52.0,1,1.0,1.0,0.0
hard_ood_40pct,41,single_best_local_neighbor,58,3,8.0,13,0.3333333333333333,0.6666666666666666,0.0
hard_ood_40pct,41,global_gated_neighbor_portfolio,58,3,8.0,13,0.3333333333333333,0.6666666666666666,0.0
hard_ood_40pct,41,local_gated_no_source_support,58,3,46.0,1,1.0,1.0,0.0
hard_ood_40pct,41,local_gated_no_target_ood,58,3,0.0,31,0.0,0.3333333333333333,1.1635021317476606
hard_ood_40pct,41,local_gated_no_diversity,58,3,8.0,13,0.3333333333333333,0.6666666666666666,0.0
hard_ood_40pct,41,local_gated_neighbor_portfolio,58,3,8.0,13,0.3333333333333333,0.6666666666666666,0.0
hard_ood_40pct,41,local_gated_wrong_source_portfolio,58,3,3.0,18,0.3333333333333333,0.3333333333333333,0.0
hard_ood_40pct,41,local_gated_shuffled_obelix,58,3,18.0,3,0.3333333333333333,0.6666666666666666,0.0
hard_ood_40pct,42,uniform_random,58,3,19.0,2,0.3333333333333333,0.6666666666666666,0.0
hard_ood_40pct,42,composition_novelty,58,3,18.0,3,0.3333333333333333,0.6666666666666666,0.0
hard_ood_40pct,42,static_neighbor_round_robin,58,3,41.0,2,1.0,1.0,0.0
hard_ood_40pct,42,static_neighbor_consensus,58,3,52.0,1,1.0,1.0,0.0
hard_ood_40pct,42,single_best_local_neighbor,58,3,8.0,13,0.3333333333333333,0.6666666666666666,0.0
hard_ood_40pct,42,global_gated_neighbor_portfolio,58,3,4.0,17,0.3333333333333333,0.6666666666666666,0.0
hard_ood_40pct,42,local_gated_no_source_support,58,3,49.0,1,1.0,1.0,0.0
hard_ood_40pct,42,local_gated_no_target_ood,58,3,0.0,41,0.0,0.0,1.1635021317476606
hard_ood_40pct,42,local_gated_no_diversity,58,3,4.0,17,0.3333333333333333,0.6666666666666666,0.0
hard_ood_40pct,42,local_gated_neighbor_portfolio,58,3,4.0,17,0.3333333333333333,0.6666666666666666,0.0
hard_ood_40pct,42,local_gated_wrong_source_portfolio,58,3,3.0,18,0.3333333333333333,0.3333333333333333,0.0
hard_ood_40pct,42,local_gated_shuffled_obelix,58,3,8.0,13,0.3333333333333333,0.6666666666666666,0.0
hard_ood_40pct,43,uniform_random,58,3,17.0,4,0.3333333333333333,0.3333333333333333,0.0
hard_ood_40pct,43,composition_novelty,58,3,19.0,2,0.3333333333333333,0.6666666666666666,0.0
hard_ood_40pct,43,static_neighbor_round_robin,58,3,41.0,2,1.0,1.0,0.0
hard_ood_40pct,43,static_neighbor_consensus,58,3,52.0,1,1.0,1.0,0.0
hard_ood_40pct,43,single_best_local_neighbor,58,3,9.0,12,0.3333333333333333,0.6666666666666666,0.0
hard_ood_40pct,43,global_gated_neighbor_portfolio,58,3,3.0,18,0.3333333333333333,0.6666666666666666,0.0
hard_ood_40pct,43,local_gated_no_source_support,58,3,45.0,1,1.0,1.0,0.0
hard_ood_40pct,43,local_gated_no_target_ood,58,3,0.0,41,0.0,0.0,1.4386413536653238
hard_ood_40pct,43,local_gated_no_diversity,58,3,3.0,18,0.3333333333333333,0.6666666666666666,0.0
hard_ood_40pct,43,local_gated_neighbor_portfolio,58,3,3.0,18,0.3333333333333333,0.6666666666666666,0.0
hard_ood_40pct,43,local_gated_wrong_source_portfolio,58,3,19.0,2,0.3333333333333333,0.6666666666666666,0.0
hard_ood_40pct,43,local_gated_shuffled_obelix,58,3,9.0,12,0.3333333333333333,0.6666666666666666,0.0
hard_ood_40pct,44,uniform_random,58,3,13.0,8,0.3333333333333333,0.3333333333333333,0.21272015441784253
hard_ood_40pct,44,composition_novelty,58,3,18.0,3,0.3333333333333333,0.6666666666666666,0.0
hard_ood_40pct,44,static_neighbor_round_robin,58,3,41.0,2,1.0,1.0,0.0
hard_ood_40pct,44,static_neighbor_consensus,58,3,52.0,1,1.0,1.0,0.0
hard_ood_40pct,44,single_best_local_neighbor,58,3,6.0,15,0.3333333333333333,0.6666666666666666,0.0
hard_ood_40pct,44,global_gated_neighbor_portfolio,58,3,4.0,17,0.3333333333333333,0.6666666666666666,0.0
hard_ood_40pct,44,local_gated_no_source_support,58,3,42.0,1,1.0,1.0,0.0
hard_ood_40pct,44,local_gated_no_target_ood,58,3,0.0,41,0.0,0.0,0.6905945643606191
hard_ood_40pct,44,local_gated_no_diversity,58,3,4.0,17,0.3333333333333333,0.6666666666666666,0.0
hard_ood_40pct,44,local_gated_neighbor_portfolio,58,3,4.0,17,0.3333333333333333,0.6666666666666666,0.0
hard_ood_40pct,44,local_gated_wrong_source_portfolio,58,3,18.0,3,0.3333333333333333,0.6666666666666666,0.0
hard_ood_40pct,44,local_gated_shuffled_obelix,58,3,8.0,13,0.3333333333333333,0.6666666666666666,0.0
hard_ood_40pct,45,uniform_random,58,3,30.0,2,0.6666666666666666,1.0,0.0
hard_ood_40pct,45,composition_novelty,58,3,18.0,3,0.3333333333333333,0.6666666666666666,0.0
hard_ood_40pct,45,static_neighbor_round_robin,58,3,41.0,2,1.0,1.0,0.0
hard_ood_40pct,45,static_neighbor_consensus,58,3,52.0,1,1.0,1.0,0.0
hard_ood_40pct,45,single_best_local_neighbor,58,3,8.0,13,0.3333333333333333,0.6666666666666666,0.0
hard_ood_40pct,45,global_gated_neighbor_portfolio,58,3,4.0,17,0.3333333333333333,0.6666666666666666,0.0
hard_ood_40pct,45,local_gated_no_source_support,58,3,48.0,1,1.0,1.0,0.0
hard_ood_40pct,45,local_gated_no_target_ood,58,3,0.0,41,0.0,0.0,1.1635021317476606
hard_ood_40pct,45,local_gated_no_diversity,58,3,4.0,17,0.3333333333333333,0.6666666666666666,0.0
hard_ood_40pct,45,local_gated_neighbor_portfolio,58,3,4.0,17,0.3333333333333333,0.6666666666666666,0.0
hard_ood_40pct,45,local_gated_wrong_source_portfolio,58,3,18.0,3,0.3333333333333333,0.6666666666666666,0.0
hard_ood_40pct,45,local_gated_shuffled_obelix,58,3,18.0,3,0.3333333333333333,0.6666666666666666,0.0
hard_ood_40pct,46,uniform_random,58,3,29.0,1,0.6666666666666666,1.0,0.21272015441784253
hard_ood_40pct,46,composition_novelty,58,3,18.0,3,0.3333333333333333,0.6666666666666666,0.0
hard_ood_40pct,46,static_neighbor_round_robin,58,3,41.0,2,1.0,1.0,0.0
hard_ood_40pct,46,static_neighbor_consensus,58,3,52.0,1,1.0,1.0,0.0
hard_ood_40pct,46,single_best_local_neighbor,58,3,9.0,12,0.3333333333333333,0.6666666666666666,0.0
hard_ood_40pct,46,global_gated_neighbor_portfolio,58,3,1.0,20,0.3333333333333333,0.6666666666666666,0.0
hard_ood_40pct,46,local_gated_no_source_support,58,3,36.0,3,1.0,1.0,0.0
hard_ood_40pct,46,local_gated_no_target_ood,58,3,0.0,34,0.0,0.3333333333333333,0.6905945643606191
hard_ood_40pct,46,local_gated_no_diversity,58,3,6.0,15,0.3333333333333333,0.6666666666666666,0.0
hard_ood_40pct,46,local_gated_neighbor_portfolio,58,3,6.0,15,0.3333333333333333,0.6666666666666666,0.0
hard_ood_40pct,46,local_gated_wrong_source_portfolio,58,3,14.0,7,0.3333333333333333,0.3333333333333333,0.0
hard_ood_40pct,46,local_gated_shuffled_obelix,58,3,18.0,3,0.3333333333333333,0.6666666666666666,0.0
hard_ood_40pct,47,uniform_random,58,3,5.0,16,0.3333333333333333,0.6666666666666666,0.21272015441784253
hard_ood_40pct,47,composition_novelty,58,3,18.0,3,0.3333333333333333,0.6666666666666666,0.0
hard_ood_40pct,47,static_neighbor_round_robin,58,3,41.0,2,1.0,1.0,0.0
hard_ood_40pct,47,static_neighbor_consensus,58,3,52.0,1,1.0,1.0,0.0
hard_ood_40pct,47,single_best_local_neighbor,58,3,8.0,13,0.3333333333333333,0.6666666666666666,0.0
hard_ood_40pct,47,global_gated_neighbor_portfolio,58,3,5.0,16,0.3333333333333333,0.6666666666666666,0.0
hard_ood_40pct,47,local_gated_no_source_support,58,3,30.0,2,0.6666666666666666,1.0,0.0
hard_ood_40pct,47,local_gated_no_target_ood,58,3,0.0,38,0.0,0.3333333333333333,1.4386413536653238
hard_ood_40pct,47,local_gated_no_diversity,58,3,6.0,15,0.3333333333333333,0.6666666666666666,0.0
hard_ood_40pct,47,local_gated_neighbor_portfolio,58,3,6.0,15,0.3333333333333333,0.6666666666666666,0.0
hard_ood_40pct,47,local_gated_wrong_source_portfolio,58,3,18.0,3,0.3333333333333333,0.6666666666666666,0.0
hard_ood_40pct,47,local_gated_shuffled_obelix,58,3,8.0,13,0.3333333333333333,0.6666666666666666,0.0
hard_ood_40pct,48,uniform_random,58,3,21.0,6,0.6666666666666666,1.0,0.0
hard_ood_40pct,48,composition_novelty,58,3,14.0,7,0.3333333333333333,0.6666666666666666,0.0
hard_ood_40pct,48,static_neighbor_round_robin,58,3,41.0,2,1.0,1.0,0.0
hard_ood_40pct,48,static_neighbor_consensus,58,3,52.0,1,1.0,1.0,0.0
hard_ood_40pct,48,single_best_local_neighbor,58,3,1.0,20,0.3333333333333333,0.6666666666666666,0.0
hard_ood_40pct,48,global_gated_neighbor_portfolio,58,3,1.0,20,0.3333333333333333,0.6666666666666666,0.0
hard_ood_40pct,48,local_gated_no_source_support,58,3,20.0,1,0.3333333333333333,0.3333333333333333,0.0
hard_ood_40pct,48,local_gated_no_target_ood,58,3,0.0,41,0.0,0.0,1.1635021317476606
hard_ood_40pct,48,local_gated_no_diversity,58,3,1.0,20,0.3333333333333333,0.6666666666666666,0.0
hard_ood_40pct,48,local_gated_neighbor_portfolio,58,3,1.0,20,0.3333333333333333,0.6666666666666666,0.0
hard_ood_40pct,48,local_gated_wrong_source_portfolio,58,3,14.0,7,0.3333333333333333,0.6666666666666666,0.0
hard_ood_40pct,48,local_gated_shuffled_obelix,58,3,12.0,9,0.3333333333333333,0.6666666666666666,0.0
hard_ood_40pct,49,uniform_random,58,3,0.0,32,0.0,0.6666666666666666,0.3641615822940789
hard_ood_40pct,49,composition_novelty,58,3,19.0,3,0.6666666666666666,0.6666666666666666,0.0
hard_ood_40pct,49,static_neighbor_round_robin,58,3,41.0,2,1.0,1.0,0.0
hard_ood_40pct,49,static_neighbor_consensus,58,3,52.0,1,1.0,1.0,0.0
hard_ood_40pct,49,single_best_local_neighbor,58,3,9.0,12,0.3333333333333333,0.6666666666666666,0.0
hard_ood_40pct,49,global_gated_neighbor_portfolio,58,3,3.0,18,0.3333333333333333,0.6666666666666666,0.0
hard_ood_40pct,49,local_gated_no_source_support,58,3,32.0,3,1.0,1.0,0.0
hard_ood_40pct,49,local_gated_no_target_ood,58,3,0.0,33,0.0,0.3333333333333333,1.1635021317476606
hard_ood_40pct,49,local_gated_no_diversity,58,3,8.0,13,0.3333333333333333,0.6666666666666666,0.0
hard_ood_40pct,49,local_gated_neighbor_portfolio,58,3,8.0,13,0.3333333333333333,0.6666666666666666,0.0
hard_ood_40pct,49,local_gated_wrong_source_portfolio,58,3,3.0,18,0.3333333333333333,0.3333333333333333,0.0
hard_ood_40pct,49,local_gated_shuffled_obelix,58,3,15.0,6,0.3333333333333333,0.6666666666666666,0.0
hard_ood_40pct,50,uniform_random,58,3,16.0,11,0.6666666666666666,0.6666666666666666,0.0
hard_ood_40pct,50,composition_novelty,58,3,18.0,3,0.3333333333333333,0.6666666666666666,0.0
hard_ood_40pct,50,static_neighbor_round_robin,58,3,41.0,2,1.0,1.0,0.0
hard_ood_40pct,50,static_neighbor_consensus,58,3,52.0,1,1.0,1.0,0.0
hard_ood_40pct,50,single_best_local_neighbor,58,3,6.0,15,0.3333333333333333,0.6666666666666666,0.0
hard_ood_40pct,50,global_gated_neighbor_portfolio,58,3,4.0,17,0.3333333333333333,0.6666666666666666,0.0
hard_ood_40pct,50,local_gated_no_source_support,58,3,38.0,6,1.0,1.0,0.0
hard_ood_40pct,50,local_gated_no_target_ood,58,3,0.0,41,0.0,0.0,0.6905945643606191
hard_ood_40pct,50,local_gated_no_diversity,58,3,4.0,17,0.3333333333333333,0.6666666666666666,0.0
hard_ood_40pct,50,local_gated_neighbor_portfolio,58,3,4.0,17,0.3333333333333333,0.6666666666666666,0.0
hard_ood_40pct,50,local_gated_wrong_source_portfolio,58,3,18.0,3,0.3333333333333333,0.6666666666666666,0.0
hard_ood_40pct,50,local_gated_shuffled_obelix,58,3,18.0,3,0.3333333333333333,0.6666666666666666,0.0
hard_ood_40pct,51,uniform_random,58,3,29.0,4,0.6666666666666666,0.6666666666666666,0.0
hard_ood_40pct,51,composition_novelty,58,3,18.0,3,0.3333333333333333,0.6666666666666666,0.0
hard_ood_40pct,51,static_neighbor_round_robin,58,3,41.0,2,1.0,1.0,0.0
hard_ood_40pct,51,static_neighbor_consensus,58,3,52.0,1,1.0,1.0,0.0
hard_ood_40pct,51,single_best_local_neighbor,58,3,7.0,14,0.3333333333333333,0.6666666666666666,0.0
hard_ood_40pct,51,global_gated_neighbor_portfolio,58,3,2.0,19,0.3333333333333333,0.6666666666666666,0.0
hard_ood_40pct,51,local_gated_no_source_support,58,3,32.0,5,1.0,1.0,0.0
hard_ood_40pct,51,local_gated_no_target_ood,58,3,0.0,40,0.0,0.3333333333333333,0.6905945643606191
hard_ood_40pct,51,local_gated_no_diversity,58,3,3.0,18,0.3333333333333333,0.6666666666666666,0.0
hard_ood_40pct,51,local_gated_neighbor_portfolio,58,3,3.0,18,0.3333333333333333,0.6666666666666666,0.0
hard_ood_40pct,51,local_gated_wrong_source_portfolio,58,3,11.0,10,0.3333333333333333,0.6666666666666666,0.0
hard_ood_40pct,51,local_gated_shuffled_obelix,58,3,10.0,11,0.3333333333333333,0.6666666666666666,0.0
hard_ood_40pct,52,uniform_random,58,3,9.0,12,0.3333333333333333,1.0,0.21272015441784253
hard_ood_40pct,52,composition_novelty,58,3,18.0,3,0.3333333333333333,0.6666666666666666,0.0
hard_ood_40pct,52,static_neighbor_round_robin,58,3,41.0,2,1.0,1.0,0.0
hard_ood_40pct,52,static_neighbor_consensus,58,3,52.0,1,1.0,1.0,0.0
hard_ood_40pct,52,single_best_local_neighbor,58,3,6.0,15,0.3333333333333333,0.6666666666666666,0.0
hard_ood_40pct,52,global_gated_neighbor_portfolio,58,3,4.0,17,0.3333333333333333,0.6666666666666666,0.0
hard_ood_40pct,52,local_gated_no_source_support,58,3,18.0,3,0.3333333333333333,1.0,0.0
hard_ood_40pct,52,local_gated_no_target_ood,58,3,0.0,38,0.0,0.3333333333333333,0.6905945643606191
hard_ood_40pct,52,local_gated_no_diversity,58,3,5.0,16,0.3333333333333333,0.6666666666666666,0.0
hard_ood_40pct,52,local_gated_neighbor_portfolio,58,3,5.0,16,0.3333333333333333,0.6666666666666666,0.0
hard_ood_40pct,52,local_gated_wrong_source_portfolio,58,3,8.0,13,0.3333333333333333,0.3333333333333333,0.0
hard_ood_40pct,52,local_gated_shuffled_obelix,58,3,8.0,13,0.3333333333333333,0.6666666666666666,0.0
hard_ood_40pct,53,uniform_random,58,3,25.0,7,0.6666666666666666,1.0,0.0
hard_ood_40pct,53,composition_novelty,58,3,18.0,3,0.3333333333333333,0.6666666666666666,0.0
hard_ood_40pct,53,static_neighbor_round_robin,58,3,41.0,2,1.0,1.0,0.0
hard_ood_40pct,53,static_neighbor_consensus,58,3,52.0,1,1.0,1.0,0.0
hard_ood_40pct,53,single_best_local_neighbor,58,3,9.0,12,0.3333333333333333,0.6666666666666666,0.0
hard_ood_40pct,53,global_gated_neighbor_portfolio,58,3,4.0,17,0.3333333333333333,0.6666666666666666,0.0
hard_ood_40pct,53,local_gated_no_source_support,58,3,41.0,4,1.0,1.0,0.0
hard_ood_40pct,53,local_gated_no_target_ood,58,3,0.0,40,0.0,0.3333333333333333,0.6905945643606191
hard_ood_40pct,53,local_gated_no_diversity,58,3,4.0,17,0.3333333333333333,0.6666666666666666,0.0
hard_ood_40pct,53,local_gated_neighbor_portfolio,58,3,4.0,17,0.3333333333333333,0.6666666666666666,0.0
hard_ood_40pct,53,local_gated_wrong_source_portfolio,58,3,18.0,3,0.3333333333333333,0.6666666666666666,0.0
hard_ood_40pct,53,local_gated_shuffled_obelix,58,3,18.0,3,0.3333333333333333,0.6666666666666666,0.0
hard_ood_40pct,54,uniform_random,58,3,14.0,7,0.3333333333333333,1.0,0.21272015441784253
hard_ood_40pct,54,composition_novelty,58,3,18.0,3,0.3333333333333333,0.6666666666666666,0.0
hard_ood_40pct,54,static_neighbor_round_robin,58,3,41.0,2,1.0,1.0,0.0
hard_ood_40pct,54,static_neighbor_consensus,58,3,52.0,1,1.0,1.0,0.0
hard_ood_40pct,54,single_best_local_neighbor,58,3,8.0,13,0.3333333333333333,0.6666666666666666,0.0
hard_ood_40pct,54,global_gated_neighbor_portfolio,58,3,8.0,13,0.3333333333333333,0.6666666666666666,0.0
hard_ood_40pct,54,local_gated_no_source_support,58,3,35.0,8,1.0,1.0,0.0
hard_ood_40pct,54,local_gated_no_target_ood,58,3,0.0,31,0.0,0.3333333333333333,0.6905945643606191
hard_ood_40pct,54,local_gated_no_diversity,58,3,8.0,13,0.3333333333333333,0.6666666666666666,0.0
hard_ood_40pct,54,local_gated_neighbor_portfolio,58,3,8.0,13,0.3333333333333333,0.6666666666666666,0.0
hard_ood_40pct,54,local_gated_wrong_source_portfolio,58,3,1.0,20,0.3333333333333333,0.3333333333333333,0.0
hard_ood_40pct,54,local_gated_shuffled_obelix,58,3,18.0,3,0.3333333333333333,0.6666666666666666,0.0
hard_ood_40pct,55,uniform_random,58,3,12.0,14,0.6666666666666666,0.6666666666666666,0.0
hard_ood_40pct,55,composition_novelty,58,3,15.0,6,0.3333333333333333,0.6666666666666666,0.0
hard_ood_40pct,55,static_neighbor_round_robin,58,3,41.0,2,1.0,1.0,0.0
hard_ood_40pct,55,static_neighbor_consensus,58,3,52.0,1,1.0,1.0,0.0
hard_ood_40pct,55,single_best_local_neighbor,58,3,6.0,15,0.3333333333333333,0.6666666666666666,0.0
hard_ood_40pct,55,global_gated_neighbor_portfolio,58,3,6.0,15,0.3333333333333333,0.6666666666666666,0.0
hard_ood_40pct,55,local_gated_no_source_support,58,3,0.0,30,0.0,0.3333333333333333,0.33928329119580525
hard_ood_40pct,55,local_gated_no_target_ood,58,3,0.0,33,0.0,0.3333333333333333,0.6905945643606191
hard_ood_40pct,55,local_gated_no_diversity,58,3,6.0,15,0.3333333333333333,0.6666666666666666,0.0
hard_ood_40pct,55,local_gated_neighbor_portfolio,58,3,6.0,15,0.3333333333333333,0.6666666666666666,0.0
hard_ood_40pct,55,local_gated_wrong_source_portfolio,58,3,1.0,20,0.3333333333333333,0.6666666666666666,0.0
hard_ood_40pct,55,local_gated_shuffled_obelix,58,3,15.0,6,0.3333333333333333,0.6666666666666666,0.0
hard_ood_40pct,56,uniform_random,58,3,0.0,21,0.0,1.0,0.4059976513416612
hard_ood_40pct,56,composition_novelty,58,3,18.0,3,0.3333333333333333,0.6666666666666666,0.0
hard_ood_40pct,56,static_neighbor_round_robin,58,3,41.0,2,1.0,1.0,0.0
hard_ood_40pct,56,static_neighbor_consensus,58,3,52.0,1,1.0,1.0,0.0
hard_ood_40pct,56,single_best_local_neighbor,58,3,8.0,13,0.3333333333333333,0.6666666666666666,0.0
hard_ood_40pct,56,global_gated_neighbor_portfolio,58,3,3.0,18,0.3333333333333333,0.6666666666666666,0.0
hard_ood_40pct,56,local_gated_no_source_support,58,3,41.0,6,1.0,1.0,0.0
hard_ood_40pct,56,local_gated_no_target_ood,58,3,0.0,41,0.0,0.0,1.4386413536653238
hard_ood_40pct,56,local_gated_no_diversity,58,3,3.0,18,0.3333333333333333,0.6666666666666666,0.0
hard_ood_40pct,56,local_gated_neighbor_portfolio,58,3,3.0,18,0.3333333333333333,0.6666666666666666,0.0
hard_ood_40pct,56,local_gated_wrong_source_portfolio,58,3,0.0,22,0.0,0.3333333333333333,0.3641615822940789
hard_ood_40pct,56,local_gated_shuffled_obelix,58,3,18.0,3,0.3333333333333333,0.6666666666666666,0.0
hard_ood_40pct,57,uniform_random,58,3,14.0,7,0.3333333333333333,0.6666666666666666,0.0
hard_ood_40pct,57,composition_novelty,58,3,19.0,3,0.6666666666666666,0.6666666666666666,0.0
hard_ood_40pct,57,static_neighbor_round_robin,58,3,41.0,2,1.0,1.0,0.0
hard_ood_40pct,57,static_neighbor_consensus,58,3,52.0,1,1.0,1.0,0.0
hard_ood_40pct,57,single_best_local_neighbor,58,3,8.0,13,0.3333333333333333,0.6666666666666666,0.0
hard_ood_40pct,57,global_gated_neighbor_portfolio,58,3,8.0,13,0.3333333333333333,0.6666666666666666,0.0
hard_ood_40pct,57,local_gated_no_source_support,58,3,37.0,1,1.0,1.0,0.0
hard_ood_40pct,57,local_gated_no_target_ood,58,3,0.0,31,0.0,0.3333333333333333,0.6905945643606191
hard_ood_40pct,57,local_gated_no_diversity,58,3,8.0,13,0.3333333333333333,0.6666666666666666,0.0
hard_ood_40pct,57,local_gated_neighbor_portfolio,58,3,8.0,13,0.3333333333333333,0.6666666666666666,0.0
hard_ood_40pct,57,local_gated_wrong_source_portfolio,58,3,2.0,19,0.3333333333333333,0.3333333333333333,0.0
hard_ood_40pct,57,local_gated_shuffled_obelix,58,3,19.0,3,0.6666666666666666,0.6666666666666666,0.0
hard_ood_40pct,58,uniform_random,58,3,42.0,4,1.0,1.0,0.0
hard_ood_40pct,58,composition_novelty,58,3,18.0,3,0.3333333333333333,0.6666666666666666,0.0
hard_ood_40pct,58,static_neighbor_round_robin,58,3,41.0,2,1.0,1.0,0.0
hard_ood_40pct,58,static_neighbor_consensus,58,3,52.0,1,1.0,1.0,0.0
hard_ood_40pct,58,single_best_local_neighbor,58,3,8.0,13,0.3333333333333333,0.6666666666666666,0.0
hard_ood_40pct,58,global_gated_neighbor_portfolio,58,3,4.0,17,0.3333333333333333,0.6666666666666666,0.0
hard_ood_40pct,58,local_gated_no_source_support,58,3,25.0,4,0.6666666666666666,1.0,0.0
hard_ood_40pct,58,local_gated_no_target_ood,58,3,0.0,34,0.0,0.3333333333333333,0.6905945643606191
hard_ood_40pct,58,local_gated_no_diversity,58,3,8.0,13,0.3333333333333333,0.6666666666666666,0.0
hard_ood_40pct,58,local_gated_neighbor_portfolio,58,3,8.0,13,0.3333333333333333,0.6666666666666666,0.0
hard_ood_40pct,58,local_gated_wrong_source_portfolio,58,3,18.0,3,0.3333333333333333,0.6666666666666666,0.0
hard_ood_40pct,58,local_gated_shuffled_obelix,58,3,18.0,3,0.3333333333333333,0.6666666666666666,0.0
hard_ood_40pct,59,uniform_random,58,3,7.0,14,0.3333333333333333,0.6666666666666666,0.21272015441784253
hard_ood_40pct,59,composition_novelty,58,3,18.0,3,0.3333333333333333,0.6666666666666666,0.0
hard_ood_40pct,59,static_neighbor_round_robin,58,3,41.0,2,1.0,1.0,0.0
hard_ood_40pct,59,static_neighbor_consensus,58,3,52.0,1,1.0,1.0,0.0
hard_ood_40pct,59,single_best_local_neighbor,58,3,8.0,13,0.3333333333333333,0.6666666666666666,0.0
hard_ood_40pct,59,global_gated_neighbor_portfolio,58,3,3.0,18,0.3333333333333333,0.6666666666666666,0.0
hard_ood_40pct,59,local_gated_no_source_support,58,3,41.0,1,1.0,1.0,0.0
hard_ood_40pct,59,local_gated_no_target_ood,58,3,0.0,41,0.0,0.0,0.6905945643606191
hard_ood_40pct,59,local_gated_no_diversity,58,3,3.0,18,0.3333333333333333,0.6666666666666666,0.0
hard_ood_40pct,59,local_gated_neighbor_portfolio,58,3,3.0,18,0.3333333333333333,0.6666666666666666,0.0
hard_ood_40pct,59,local_gated_wrong_source_portfolio,58,3,18.0,3,0.3333333333333333,0.6666666666666666,0.0
hard_ood_40pct,59,local_gated_shuffled_obelix,58,3,8.0,13,0.3333333333333333,0.6666666666666666,0.0
hard_ood_40pct,60,uniform_random,58,3,0.0,41,0.0,0.0,0.33928329119580525
hard_ood_40pct,60,composition_novelty,58,3,20.0,3,0.6666666666666666,0.6666666666666666,0.0
hard_ood_40pct,60,static_neighbor_round_robin,58,3,41.0,2,1.0,1.0,0.0
hard_ood_40pct,60,static_neighbor_consensus,58,3,52.0,1,1.0,1.0,0.0
hard_ood_40pct,60,single_best_local_neighbor,58,3,8.0,13,0.3333333333333333,0.6666666666666666,0.0
hard_ood_40pct,60,global_gated_neighbor_portfolio,58,3,4.0,17,0.3333333333333333,0.6666666666666666,0.0
hard_ood_40pct,60,local_gated_no_source_support,58,3,36.0,1,1.0,1.0,0.0
hard_ood_40pct,60,local_gated_no_target_ood,58,3,0.0,41,0.0,0.0,0.6905945643606191
hard_ood_40pct,60,local_gated_no_diversity,58,3,4.0,17,0.3333333333333333,0.6666666666666666,0.0
hard_ood_40pct,60,local_gated_neighbor_portfolio,58,3,4.0,17,0.3333333333333333,0.6666666666666666,0.0
hard_ood_40pct,60,local_gated_wrong_source_portfolio,58,3,20.0,3,0.6666666666666666,0.6666666666666666,0.0
hard_ood_40pct,60,local_gated_shuffled_obelix,58,3,12.0,9,0.3333333333333333,0.6666666666666666,0.0
hard_ood_40pct,61,uniform_random,58,3,36.0,1,0.6666666666666666,0.6666666666666666,0.0
hard_ood_40pct,61,composition_novelty,58,3,20.0,2,0.6666666666666666,0.6666666666666666,0.0
hard_ood_40pct,61,static_neighbor_round_robin,58,3,41.0,2,1.0,1.0,0.0
hard_ood_40pct,61,static_neighbor_consensus,58,3,52.0,1,1.0,1.0,0.0
hard_ood_40pct,61,single_best_local_neighbor,58,3,13.0,8,0.3333333333333333,0.6666666666666666,0.0
hard_ood_40pct,61,global_gated_neighbor_portfolio,58,3,4.0,17,0.3333333333333333,0.6666666666666666,0.0
hard_ood_40pct,61,local_gated_no_source_support,58,3,25.0,3,0.6666666666666666,1.0,0.0
hard_ood_40pct,61,local_gated_no_target_ood,58,3,0.0,34,0.0,0.3333333333333333,0.6905945643606191
hard_ood_40pct,61,local_gated_no_diversity,58,3,7.0,14,0.3333333333333333,0.6666666666666666,0.0
hard_ood_40pct,61,local_gated_neighbor_portfolio,58,3,7.0,14,0.3333333333333333,0.6666666666666666,0.0
hard_ood_40pct,61,local_gated_wrong_source_portfolio,58,3,1.0,20,0.3333333333333333,0.3333333333333333,0.0
hard_ood_40pct,61,local_gated_shuffled_obelix,58,3,20.0,2,0.6666666666666666,0.6666666666666666,0.0
hard_ood_40pct,62,uniform_random,58,3,0.0,38,0.0,0.3333333333333333,0.33928329119580525
hard_ood_40pct,62,composition_novelty,58,3,18.0,3,0.3333333333333333,0.6666666666666666,0.0
hard_ood_40pct,62,static_neighbor_round_robin,58,3,41.0,2,1.0,1.0,0.0
hard_ood_40pct,62,static_neighbor_consensus,58,3,52.0,1,1.0,1.0,0.0
hard_ood_40pct,62,single_best_local_neighbor,58,3,9.0,12,0.3333333333333333,0.6666666666666666,0.0
hard_ood_40pct,62,global_gated_neighbor_portfolio,58,3,4.0,17,0.3333333333333333,0.6666666666666666,0.0
hard_ood_40pct,62,local_gated_no_source_support,58,3,38.0,1,1.0,1.0,0.0
hard_ood_40pct,62,local_gated_no_target_ood,58,3,0.0,41,0.0,0.0,1.1635021317476606
hard_ood_40pct,62,local_gated_no_diversity,58,3,4.0,17,0.3333333333333333,0.6666666666666666,0.0
hard_ood_40pct,62,local_gated_neighbor_portfolio,58,3,4.0,17,0.3333333333333333,0.6666666666666666,0.0
hard_ood_40pct,62,local_gated_wrong_source_portfolio,58,3,4.0,17,0.3333333333333333,0.3333333333333333,0.0
hard_ood_40pct,62,local_gated_shuffled_obelix,58,3,10.0,11,0.3333333333333333,0.6666666666666666,0.0
hard_ood_40pct,63,uniform_random,58,3,17.0,4,0.3333333333333333,0.3333333333333333,0.0
hard_ood_40pct,63,composition_novelty,58,3,18.0,3,0.3333333333333333,0.6666666666666666,0.0
hard_ood_40pct,63,static_neighbor_round_robin,58,3,41.0,2,1.0,1.0,0.0
hard_ood_40pct,63,static_neighbor_consensus,58,3,52.0,1,1.0,1.0,0.0
hard_ood_40pct,63,single_best_local_neighbor,58,3,8.0,13,0.3333333333333333,0.6666666666666666,0.0
hard_ood_40pct,63,global_gated_neighbor_portfolio,58,3,3.0,18,0.3333333333333333,0.6666666666666666,0.0
hard_ood_40pct,63,local_gated_no_source_support,58,3,43.0,1,1.0,1.0,0.0
hard_ood_40pct,63,local_gated_no_target_ood,58,3,0.0,40,0.0,0.3333333333333333,1.1635021317476606
hard_ood_40pct,63,local_gated_no_diversity,58,3,4.0,17,0.3333333333333333,0.6666666666666666,0.0
hard_ood_40pct,63,local_gated_neighbor_portfolio,58,3,4.0,17,0.3333333333333333,0.6666666666666666,0.0
hard_ood_40pct,63,local_gated_wrong_source_portfolio,58,3,3.0,18,0.3333333333333333,0.3333333333333333,0.0
hard_ood_40pct,63,local_gated_shuffled_obelix,58,3,15.0,6,0.3333333333333333,0.6666666666666666,0.0
hard_ood_40pct,64,uniform_random,58,3,0.0,22,0.0,0.6666666666666666,0.33928329119580525
hard_ood_40pct,64,composition_novelty,58,3,18.0,3,0.3333333333333333,0.6666666666666666,0.0
hard_ood_40pct,64,static_neighbor_round_robin,58,3,41.0,2,1.0,1.0,0.0
hard_ood_40pct,64,static_neighbor_consensus,58,3,52.0,1,1.0,1.0,0.0
hard_ood_40pct,64,single_best_local_neighbor,58,3,9.0,12,0.3333333333333333,0.6666666666666666,0.0
hard_ood_40pct,64,global_gated_neighbor_portfolio,58,3,4.0,17,0.3333333333333333,0.6666666666666666,0.0
hard_ood_40pct,64,local_gated_no_source_support,58,3,50.0,1,1.0,1.0,0.0
hard_ood_40pct,64,local_gated_no_target_ood,58,3,0.0,41,0.0,0.0,1.1635021317476606
hard_ood_40pct,64,local_gated_no_diversity,58,3,4.0,17,0.3333333333333333,0.6666666666666666,0.0
hard_ood_40pct,64,local_gated_neighbor_portfolio,58,3,4.0,17,0.3333333333333333,0.6666666666666666,0.0
hard_ood_40pct,64,local_gated_wrong_source_portfolio,58,3,1.0,20,0.3333333333333333,0.3333333333333333,0.0
hard_ood_40pct,64,local_gated_shuffled_obelix,58,3,18.0,3,0.3333333333333333,0.6666666666666666,0.0
hard_ood_40pct,65,uniform_random,58,3,1.0,20,0.3333333333333333,0.3333333333333333,0.33236395499860594
hard_ood_40pct,65,composition_novelty,58,3,18.0,3,0.3333333333333333,0.6666666666666666,0.0
hard_ood_40pct,65,static_neighbor_round_robin,58,3,41.0,2,1.0,1.0,0.0
hard_ood_40pct,65,static_neighbor_consensus,58,3,52.0,1,1.0,1.0,0.0
hard_ood_40pct,65,single_best_local_neighbor,58,3,8.0,13,0.3333333333333333,0.6666666666666666,0.0
hard_ood_40pct,65,global_gated_neighbor_portfolio,58,3,4.0,17,0.3333333333333333,0.6666666666666666,0.0
hard_ood_40pct,65,local_gated_no_source_support,58,3,48.0,1,1.0,1.0,0.0
hard_ood_40pct,65,local_gated_no_target_ood,58,3,0.0,41,0.0,0.0,1.1635021317476606
hard_ood_40pct,65,local_gated_no_diversity,58,3,4.0,17,0.3333333333333333,0.6666666666666666,0.0
hard_ood_40pct,65,local_gated_neighbor_portfolio,58,3,4.0,17,0.3333333333333333,0.6666666666666666,0.0
hard_ood_40pct,65,local_gated_wrong_source_portfolio,58,3,4.0,17,0.3333333333333333,0.3333333333333333,0.0
hard_ood_40pct,65,local_gated_shuffled_obelix,58,3,18.0,3,0.3333333333333333,0.6666666666666666,0.0
hard_ood_40pct,66,uniform_random,58,3,0.0,27,0.0,0.6666666666666666,0.33928329119580525
hard_ood_40pct,66,composition_novelty,58,3,18.0,3,0.3333333333333333,0.6666666666666666,0.0
hard_ood_40pct,66,static_neighbor_round_robin,58,3,41.0,2,1.0,1.0,0.0
hard_ood_40pct,66,static_neighbor_consensus,58,3,52.0,1,1.0,1.0,0.0
hard_ood_40pct,66,single_best_local_neighbor,58,3,7.0,14,0.3333333333333333,0.6666666666666666,0.0
hard_ood_40pct,66,global_gated_neighbor_portfolio,58,3,2.0,19,0.3333333333333333,0.6666666666666666,0.0
hard_ood_40pct,66,local_gated_no_source_support,58,3,34.0,7,1.0,1.0,0.0
hard_ood_40pct,66,local_gated_no_target_ood,58,3,0.0,41,0.0,0.0,1.1635021317476606
hard_ood_40pct,66,local_gated_no_diversity,58,3,2.0,19,0.3333333333333333,0.6666666666666666,0.0
hard_ood_40pct,66,local_gated_neighbor_portfolio,58,3,2.0,19,0.3333333333333333,0.6666666666666666,0.0
hard_ood_40pct,66,local_gated_wrong_source_portfolio,58,3,11.0,10,0.3333333333333333,0.3333333333333333,0.0
hard_ood_40pct,66,local_gated_shuffled_obelix,58,3,18.0,3,0.3333333333333333,0.6666666666666666,0.0
hard_ood_40pct,67,uniform_random,58,3,17.0,4,0.3333333333333333,0.6666666666666666,0.33236395499860594
hard_ood_40pct,67,composition_novelty,58,3,20.0,3,0.6666666666666666,0.6666666666666666,0.0
hard_ood_40pct,67,static_neighbor_round_robin,58,3,41.0,2,1.0,1.0,0.0
hard_ood_40pct,67,static_neighbor_consensus,58,3,52.0,1,1.0,1.0,0.0
hard_ood_40pct,67,single_best_local_neighbor,58,3,8.0,13,0.3333333333333333,0.6666666666666666,0.0
hard_ood_40pct,67,global_gated_neighbor_portfolio,58,3,3.0,18,0.3333333333333333,0.6666666666666666,0.0
hard_ood_40pct,67,local_gated_no_source_support,58,3,41.0,4,1.0,1.0,0.0
hard_ood_40pct,67,local_gated_no_target_ood,58,3,0.0,41,0.0,0.0,1.1635021317476606
hard_ood_40pct,67,local_gated_no_diversity,58,3,3.0,18,0.3333333333333333,0.6666666666666666,0.0
hard_ood_40pct,67,local_gated_neighbor_portfolio,58,3,3.0,18,0.3333333333333333,0.6666666666666666,0.0
hard_ood_40pct,67,local_gated_wrong_source_portfolio,58,3,4.0,17,0.3333333333333333,0.3333333333333333,0.0
hard_ood_40pct,67,local_gated_shuffled_obelix,58,3,20.0,3,0.6666666666666666,0.6666666666666666,0.0
hard_ood_40pct,68,uniform_random,58,3,16.0,5,0.3333333333333333,0.6666666666666666,0.0
hard_ood_40pct,68,composition_novelty,58,3,18.0,3,0.3333333333333333,0.6666666666666666,0.0
hard_ood_40pct,68,static_neighbor_round_robin,58,3,41.0,2,1.0,1.0,0.0
hard_ood_40pct,68,static_neighbor_consensus,58,3,52.0,1,1.0,1.0,0.0
hard_ood_40pct,68,single_best_local_neighbor,58,3,9.0,12,0.3333333333333333,0.6666666666666666,0.0
hard_ood_40pct,68,global_gated_neighbor_portfolio,58,3,9.0,12,0.3333333333333333,0.6666666666666666,0.0
hard_ood_40pct,68,local_gated_no_source_support,58,3,47.0,1,1.0,1.0,0.0
hard_ood_40pct,68,local_gated_no_target_ood,58,3,0.0,31,0.0,0.3333333333333333,1.1635021317476606
hard_ood_40pct,68,local_gated_no_diversity,58,3,9.0,12,0.3333333333333333,0.6666666666666666,0.0
hard_ood_40pct,68,local_gated_neighbor_portfolio,58,3,9.0,12,0.3333333333333333,0.6666666666666666,0.0
hard_ood_40pct,68,local_gated_wrong_source_portfolio,58,3,4.0,17,0.3333333333333333,0.3333333333333333,0.0
hard_ood_40pct,68,local_gated_shuffled_obelix,58,3,9.0,12,0.3333333333333333,0.6666666666666666,0.0
hard_ood_40pct,69,uniform_random,58,3,20.0,8,0.6666666666666666,0.6666666666666666,0.0
hard_ood_40pct,69,composition_novelty,58,3,20.0,2,0.6666666666666666,0.6666666666666666,0.0
hard_ood_40pct,69,static_neighbor_round_robin,58,3,41.0,2,1.0,1.0,0.0
hard_ood_40pct,69,static_neighbor_consensus,58,3,52.0,1,1.0,1.0,0.0
hard_ood_40pct,69,single_best_local_neighbor,58,3,7.0,14,0.3333333333333333,0.6666666666666666,0.0
hard_ood_40pct,69,global_gated_neighbor_portfolio,58,3,3.0,18,0.3333333333333333,0.6666666666666666,0.0
hard_ood_40pct,69,local_gated_no_source_support,58,3,43.0,1,1.0,1.0,0.0
hard_ood_40pct,69,local_gated_no_target_ood,58,3,0.0,41,0.0,0.0,1.1635021317476606
hard_ood_40pct,69,local_gated_no_diversity,58,3,3.0,18,0.3333333333333333,0.6666666666666666,0.0
hard_ood_40pct,69,local_gated_neighbor_portfolio,58,3,3.0,18,0.3333333333333333,0.6666666666666666,0.0
hard_ood_40pct,69,local_gated_wrong_source_portfolio,58,3,20.0,2,0.6666666666666666,0.6666666666666666,0.0
hard_ood_40pct,69,local_gated_shuffled_obelix,58,3,20.0,2,0.6666666666666666,0.6666666666666666,0.0
hard_ood_40pct,70,uniform_random,58,3,15.0,6,0.3333333333333333,1.0,0.0
hard_ood_40pct,70,composition_novelty,58,3,18.0,3,0.3333333333333333,0.6666666666666666,0.0
hard_ood_40pct,70,static_neighbor_round_robin,58,3,41.0,2,1.0,1.0,0.0
hard_ood_40pct,70,static_neighbor_consensus,58,3,52.0,1,1.0,1.0,0.0
hard_ood_40pct,70,single_best_local_neighbor,58,3,7.0,14,0.3333333333333333,0.6666666666666666,0.0
hard_ood_40pct,70,global_gated_neighbor_portfolio,58,3,4.0,17,0.3333333333333333,0.6666666666666666,0.0
hard_ood_40pct,70,local_gated_no_source_support,58,3,46.0,1,1.0,1.0,0.0
hard_ood_40pct,70,local_gated_no_target_ood,58,3,0.0,41,0.0,0.0,1.1635021317476606
hard_ood_40pct,70,local_gated_no_diversity,58,3,4.0,17,0.3333333333333333,0.6666666666666666,0.0
hard_ood_40pct,70,local_gated_neighbor_portfolio,58,3,4.0,17,0.3333333333333333,0.6666666666666666,0.0
hard_ood_40pct,70,local_gated_wrong_source_portfolio,58,3,12.0,9,0.3333333333333333,0.6666666666666666,0.0
hard_ood_40pct,70,local_gated_shuffled_obelix,58,3,7.0,14,0.3333333333333333,0.6666666666666666,0.0
hard_ood_40pct,71,uniform_random,58,3,6.0,15,0.3333333333333333,0.3333333333333333,0.21272015441784253
hard_ood_40pct,71,composition_novelty,58,3,18.0,3,0.3333333333333333,0.6666666666666666,0.0
hard_ood_40pct,71,static_neighbor_round_robin,58,3,41.0,2,1.0,1.0,0.0
hard_ood_40pct,71,static_neighbor_consensus,58,3,52.0,1,1.0,1.0,0.0
hard_ood_40pct,71,single_best_local_neighbor,58,3,18.0,3,0.3333333333333333,0.6666666666666666,0.0
hard_ood_40pct,71,global_gated_neighbor_portfolio,58,3,2.0,19,0.3333333333333333,0.6666666666666666,0.0
hard_ood_40pct,71,local_gated_no_source_support,58,3,25.0,6,0.6666666666666666,1.0,0.21272015441784253
hard_ood_40pct,71,local_gated_no_target_ood,58,3,0.0,29,0.0,0.3333333333333333,1.1635021317476606
hard_ood_40pct,71,local_gated_no_diversity,58,3,8.0,13,0.3333333333333333,0.6666666666666666,0.0
hard_ood_40pct,71,local_gated_neighbor_portfolio,58,3,8.0,13,0.3333333333333333,0.6666666666666666,0.0
hard_ood_40pct,71,local_gated_wrong_source_portfolio,58,3,18.0,3,0.3333333333333333,0.6666666666666666,0.0
hard_ood_40pct,71,local_gated_shuffled_obelix,58,3,8.0,13,0.3333333333333333,0.6666666666666666,0.0
hard_ood_40pct,72,uniform_random,58,3,16.0,5,0.3333333333333333,0.3333333333333333,0.21272015441784253
hard_ood_40pct,72,composition_novelty,58,3,18.0,3,0.3333333333333333,0.6666666666666666,0.0
hard_ood_40pct,72,static_neighbor_round_robin,58,3,41.0,2,1.0,1.0,0.0
hard_ood_40pct,72,static_neighbor_consensus,58,3,52.0,1,1.0,1.0,0.0
hard_ood_40pct,72,single_best_local_neighbor,58,3,7.0,14,0.3333333333333333,0.6666666666666666,0.0
hard_ood_40pct,72,global_gated_neighbor_portfolio,58,3,3.0,18,0.3333333333333333,0.6666666666666666,0.0
hard_ood_40pct,72,local_gated_no_source_support,58,3,44.0,1,1.0,1.0,0.0
hard_ood_40pct,72,local_gated_no_target_ood,58,3,0.0,41,0.0,0.0,0.6905945643606191
hard_ood_40pct,72,local_gated_no_diversity,58,3,3.0,18,0.3333333333333333,0.6666666666666666,0.0
hard_ood_40pct,72,local_gated_neighbor_portfolio,58,3,3.0,18,0.3333333333333333,0.6666666666666666,0.0
hard_ood_40pct,72,local_gated_wrong_source_portfolio,58,3,18.0,3,0.3333333333333333,0.6666666666666666,0.0
hard_ood_40pct,72,local_gated_shuffled_obelix,58,3,18.0,3,0.3333333333333333,0.6666666666666666,0.0
hard_ood_40pct,73,uniform_random,58,3,14.0,7,0.3333333333333333,1.0,0.33236395499860594
hard_ood_40pct,73,composition_novelty,58,3,19.0,3,0.6666666666666666,0.6666666666666666,0.0
hard_ood_40pct,73,static_neighbor_round_robin,58,3,41.0,2,1.0,1.0,0.0
hard_ood_40pct,73,static_neighbor_consensus,58,3,52.0,1,1.0,1.0,0.0
hard_ood_40pct,73,single_best_local_neighbor,58,3,4.0,17,0.3333333333333333,0.6666666666666666,0.0
hard_ood_40pct,73,global_gated_neighbor_portfolio,58,3,3.0,18,0.3333333333333333,0.6666666666666666,0.0
hard_ood_40pct,73,local_gated_no_source_support,58,3,43.0,1,1.0,1.0,0.0
hard_ood_40pct,73,local_gated_no_target_ood,58,3,0.0,41,0.0,0.0,1.1635021317476606
hard_ood_40pct,73,local_gated_no_diversity,58,3,3.0,18,0.3333333333333333,0.6666666666666666,0.0
hard_ood_40pct,73,local_gated_neighbor_portfolio,58,3,3.0,18,0.3333333333333333,0.6666666666666666,0.0
hard_ood_40pct,73,local_gated_wrong_source_portfolio,58,3,3.0,18,0.3333333333333333,0.3333333333333333,0.0
hard_ood_40pct,73,local_gated_shuffled_obelix,58,3,19.0,3,0.6666666666666666,0.6666666666666666,0.0
hard_ood_40pct,74,uniform_random,58,3,8.0,13,0.3333333333333333,0.6666666666666666,0.0
hard_ood_40pct,74,composition_novelty,58,3,16.0,6,0.6666666666666666,0.6666666666666666,0.0
hard_ood_40pct,74,static_neighbor_round_robin,58,3,41.0,2,1.0,1.0,0.0
hard_ood_40pct,74,static_neighbor_consensus,58,3,52.0,1,1.0,1.0,0.0
hard_ood_40pct,74,single_best_local_neighbor,58,3,5.0,16,0.3333333333333333,0.6666666666666666,0.0
hard_ood_40pct,74,global_gated_neighbor_portfolio,58,3,5.0,16,0.3333333333333333,0.6666666666666666,0.0
hard_ood_40pct,74,local_gated_no_source_support,58,3,14.0,7,0.3333333333333333,0.3333333333333333,0.0
hard_ood_40pct,74,local_gated_no_target_ood,58,3,0.0,33,0.0,0.3333333333333333,1.1635021317476606
hard_ood_40pct,74,local_gated_no_diversity,58,3,5.0,16,0.3333333333333333,0.6666666666666666,0.0
hard_ood_40pct,74,local_gated_neighbor_portfolio,58,3,5.0,16,0.3333333333333333,0.6666666666666666,0.0
hard_ood_40pct,74,local_gated_wrong_source_portfolio,58,3,5.0,16,0.3333333333333333,0.6666666666666666,0.0
hard_ood_40pct,74,local_gated_shuffled_obelix,58,3,16.0,6,0.6666666666666666,0.6666666666666666,0.0
hard_ood_40pct,75,uniform_random,58,3,0.0,34,0.0,0.6666666666666666,0.3641615822940789
hard_ood_40pct,75,composition_novelty,58,3,19.0,2,0.3333333333333333,0.6666666666666666,0.0
hard_ood_40pct,75,static_neighbor_round_robin,58,3,41.0,2,1.0,1.0,0.0
hard_ood_40pct,75,static_neighbor_consensus,58,3,52.0,1,1.0,1.0,0.0
hard_ood_40pct,75,single_best_local_neighbor,58,3,8.0,13,0.3333333333333333,0.6666666666666666,0.0
hard_ood_40pct,75,global_gated_neighbor_portfolio,58,3,2.0,19,0.3333333333333333,0.6666666666666666,0.0
hard_ood_40pct,75,local_gated_no_source_support,58,3,37.0,1,1.0,1.0,0.0
hard_ood_40pct,75,local_gated_no_target_ood,58,3,0.0,41,0.0,0.0,1.4386413536653238
hard_ood_40pct,75,local_gated_no_diversity,58,3,2.0,19,0.3333333333333333,0.6666666666666666,0.0
hard_ood_40pct,75,local_gated_neighbor_portfolio,58,3,2.0,19,0.3333333333333333,0.6666666666666666,0.0
hard_ood_40pct,75,local_gated_wrong_source_portfolio,58,3,4.0,17,0.3333333333333333,0.3333333333333333,0.0
hard_ood_40pct,75,local_gated_shuffled_obelix,58,3,19.0,2,0.3333333333333333,0.6666666666666666,0.0
hard_ood_40pct,76,uniform_random,58,3,0.0,23,0.0,0.6666666666666666,0.33928329119580525
hard_ood_40pct,76,composition_novelty,58,3,18.0,3,0.3333333333333333,0.6666666666666666,0.0
hard_ood_40pct,76,static_neighbor_round_robin,58,3,41.0,2,1.0,1.0,0.0
hard_ood_40pct,76,static_neighbor_consensus,58,3,52.0,1,1.0,1.0,0.0
hard_ood_40pct,76,single_best_local_neighbor,58,3,8.0,13,0.3333333333333333,0.6666666666666666,0.0
hard_ood_40pct,76,global_gated_neighbor_portfolio,58,3,8.0,13,0.3333333333333333,0.6666666666666666,0.0
hard_ood_40pct,76,local_gated_no_source_support,58,3,18.0,11,0.6666666666666666,0.6666666666666666,0.21272015441784253
hard_ood_40pct,76,local_gated_no_target_ood,58,3,0.0,30,0.0,0.3333333333333333,0.6905945643606191
hard_ood_40pct,76,local_gated_no_diversity,58,3,8.0,13,0.3333333333333333,0.6666666666666666,0.0
hard_ood_40pct,76,local_gated_neighbor_portfolio,58,3,8.0,13,0.3333333333333333,0.6666666666666666,0.0
hard_ood_40pct,76,local_gated_wrong_source_portfolio,58,3,2.0,19,0.3333333333333333,0.3333333333333333,0.0
hard_ood_40pct,76,local_gated_shuffled_obelix,58,3,12.0,9,0.3333333333333333,0.6666666666666666,0.0
hard_ood_40pct,77,uniform_random,58,3,0.0,39,0.0,0.3333333333333333,0.3641615822940789
hard_ood_40pct,77,composition_novelty,58,3,18.0,3,0.3333333333333333,0.6666666666666666,0.0
hard_ood_40pct,77,static_neighbor_round_robin,58,3,41.0,2,1.0,1.0,0.0
hard_ood_40pct,77,static_neighbor_consensus,58,3,52.0,1,1.0,1.0,0.0
hard_ood_40pct,77,single_best_local_neighbor,58,3,9.0,12,0.3333333333333333,0.6666666666666666,0.0
hard_ood_40pct,77,global_gated_neighbor_portfolio,58,3,9.0,12,0.3333333333333333,0.6666666666666666,0.0
hard_ood_40pct,77,local_gated_no_source_support,58,3,47.0,1,1.0,1.0,0.0
hard_ood_40pct,77,local_gated_no_target_ood,58,3,0.0,31,0.0,0.3333333333333333,0.6905945643606191
hard_ood_40pct,77,local_gated_no_diversity,58,3,9.0,12,0.3333333333333333,0.6666666666666666,0.0
hard_ood_40pct,77,local_gated_neighbor_portfolio,58,3,9.0,12,0.3333333333333333,0.6666666666666666,0.0
hard_ood_40pct,77,local_gated_wrong_source_portfolio,58,3,18.0,3,0.3333333333333333,0.6666666666666666,0.0
hard_ood_40pct,77,local_gated_shuffled_obelix,58,3,18.0,3,0.3333333333333333,0.6666666666666666,0.0
hard_ood_40pct,78,uniform_random,58,3,15.0,6,0.3333333333333333,0.6666666666666666,0.33236395499860594
hard_ood_40pct,78,composition_novelty,58,3,18.0,3,0.3333333333333333,0.6666666666666666,0.0
hard_ood_40pct,78,static_neighbor_round_robin,58,3,41.0,2,1.0,1.0,0.0
hard_ood_40pct,78,static_neighbor_consensus,58,3,52.0,1,1.0,1.0,0.0
hard_ood_40pct,78,single_best_local_neighbor,58,3,8.0,13,0.3333333333333333,0.6666666666666666,0.0
hard_ood_40pct,78,global_gated_neighbor_portfolio,58,3,4.0,17,0.3333333333333333,0.6666666666666666,0.0
hard_ood_40pct,78,local_gated_no_source_support,58,3,48.0,1,1.0,1.0,0.0
hard_ood_40pct,78,local_gated_no_target_ood,58,3,0.0,41,0.0,0.0,1.4386413536653238
hard_ood_40pct,78,local_gated_no_diversity,58,3,4.0,17,0.3333333333333333,0.6666666666666666,0.0
hard_ood_40pct,78,local_gated_neighbor_portfolio,58,3,4.0,17,0.3333333333333333,0.6666666666666666,0.0
hard_ood_40pct,78,local_gated_wrong_source_portfolio,58,3,18.0,3,0.3333333333333333,0.6666666666666666,0.0
hard_ood_40pct,78,local_gated_shuffled_obelix,58,3,18.0,3,0.3333333333333333,0.6666666666666666,0.0
hard_ood_40pct,79,uniform_random,58,3,0.0,21,0.0,0.6666666666666666,0.33928329119580525
hard_ood_40pct,79,composition_novelty,58,3,18.0,3,0.3333333333333333,0.6666666666666666,0.0
hard_ood_40pct,79,static_neighbor_round_robin,58,3,41.0,2,1.0,1.0,0.0
hard_ood_40pct,79,static_neighbor_consensus,58,3,52.0,1,1.0,1.0,0.0
hard_ood_40pct,79,single_best_local_neighbor,58,3,2.0,19,0.3333333333333333,0.6666666666666666,0.0
hard_ood_40pct,79,global_gated_neighbor_portfolio,58,3,1.0,20,0.3333333333333333,0.6666666666666666,0.0
hard_ood_40pct,79,local_gated_no_source_support,58,3,51.0,1,1.0,1.0,0.0
hard_ood_40pct,79,local_gated_no_target_ood,58,3,0.0,41,0.0,0.0,0.6905945643606191
hard_ood_40pct,79,local_gated_no_diversity,58,3,1.0,20,0.3333333333333333,0.6666666666666666,0.0
hard_ood_40pct,79,local_gated_neighbor_portfolio,58,3,1.0,20,0.3333333333333333,0.6666666666666666,0.0
hard_ood_40pct,79,local_gated_wrong_source_portfolio,58,3,18.0,3,0.3333333333333333,0.6666666666666666,0.0
hard_ood_40pct,79,local_gated_shuffled_obelix,58,3,18.0,3,0.3333333333333333,0.6666666666666666,0.0
hard_ood_40pct,80,uniform_random,58,3,0.0,41,0.0,0.0,0.4059976513416612
hard_ood_40pct,80,composition_novelty,58,3,14.0,7,0.3333333333333333,0.6666666666666666,0.0
hard_ood_40pct,80,static_neighbor_round_robin,58,3,41.0,2,1.0,1.0,0.0
hard_ood_40pct,80,static_neighbor_consensus,58,3,52.0,1,1.0,1.0,0.0
hard_ood_40pct,80,single_best_local_neighbor,58,3,6.0,15,0.3333333333333333,0.6666666666666666,0.0
hard_ood_40pct,80,global_gated_neighbor_portfolio,58,3,6.0,15,0.3333333333333333,0.6666666666666666,0.0
hard_ood_40pct,80,local_gated_no_source_support,58,3,17.0,4,0.3333333333333333,0.3333333333333333,0.0
hard_ood_40pct,80,local_gated_no_target_ood,58,3,0.0,33,0.0,0.3333333333333333,0.6905945643606191
hard_ood_40pct,80,local_gated_no_diversity,58,3,6.0,15,0.3333333333333333,0.6666666666666666,0.0
hard_ood_40pct,80,local_gated_neighbor_portfolio,58,3,6.0,15,0.3333333333333333,0.6666666666666666,0.0
hard_ood_40pct,80,local_gated_wrong_source_portfolio,58,3,1.0,20,0.3333333333333333,0.6666666666666666,0.0
hard_ood_40pct,80,local_gated_shuffled_obelix,58,3,14.0,7,0.3333333333333333,0.6666666666666666,0.0
hard_ood_40pct,81,uniform_random,58,3,7.0,14,0.3333333333333333,0.6666666666666666,0.0
hard_ood_40pct,81,composition_novelty,58,3,18.0,3,0.3333333333333333,0.6666666666666666,0.0
hard_ood_40pct,81,static_neighbor_round_robin,58,3,41.0,2,1.0,1.0,0.0
hard_ood_40pct,81,static_neighbor_consensus,58,3,52.0,1,1.0,1.0,0.0
hard_ood_40pct,81,single_best_local_neighbor,58,3,8.0,13,0.3333333333333333,0.6666666666666666,0.0
hard_ood_40pct,81,global_gated_neighbor_portfolio,58,3,8.0,13,0.3333333333333333,0.6666666666666666,0.0
hard_ood_40pct,81,local_gated_no_source_support,58,3,48.0,1,1.0,1.0,0.0
hard_ood_40pct,81,local_gated_no_target_ood,58,3,0.0,31,0.0,0.3333333333333333,0.6905945643606191
hard_ood_40pct,81,local_gated_no_diversity,58,3,8.0,13,0.3333333333333333,0.6666666666666666,0.0
hard_ood_40pct,81,local_gated_neighbor_portfolio,58,3,8.0,13,0.3333333333333333,0.6666666666666666,0.0
hard_ood_40pct,81,local_gated_wrong_source_portfolio,58,3,3.0,18,0.3333333333333333,0.3333333333333333,0.0
hard_ood_40pct,81,local_gated_shuffled_obelix,58,3,8.0,13,0.3333333333333333,0.6666666666666666,0.0
hard_ood_40pct,82,uniform_random,58,3,44.0,2,1.0,1.0,0.0
hard_ood_40pct,82,composition_novelty,58,3,19.0,3,0.6666666666666666,0.6666666666666666,0.0
hard_ood_40pct,82,static_neighbor_round_robin,58,3,41.0,2,1.0,1.0,0.0
hard_ood_40pct,82,static_neighbor_consensus,58,3,52.0,1,1.0,1.0,0.0
hard_ood_40pct,82,single_best_local_neighbor,58,3,8.0,13,0.3333333333333333,0.6666666666666666,0.0
hard_ood_40pct,82,global_gated_neighbor_portfolio,58,3,4.0,17,0.3333333333333333,0.6666666666666666,0.0
hard_ood_40pct,82,local_gated_no_source_support,58,3,41.0,5,1.0,1.0,0.0
hard_ood_40pct,82,local_gated_no_target_ood,58,3,0.0,41,0.0,0.0,1.4386413536653238
hard_ood_40pct,82,local_gated_no_diversity,58,3,4.0,17,0.3333333333333333,0.6666666666666666,0.0
hard_ood_40pct,82,local_gated_neighbor_portfolio,58,3,4.0,17,0.3333333333333333,0.6666666666666666,0.0
hard_ood_40pct,82,local_gated_wrong_source_portfolio,58,3,4.0,17,0.3333333333333333,0.3333333333333333,0.0
hard_ood_40pct,82,local_gated_shuffled_obelix,58,3,19.0,3,0.6666666666666666,0.6666666666666666,0.0
hard_ood_40pct,83,uniform_random,58,3,14.0,7,0.3333333333333333,0.6666666666666666,0.0
hard_ood_40pct,83,composition_novelty,58,3,18.0,3,0.3333333333333333,0.6666666666666666,0.0
hard_ood_40pct,83,static_neighbor_round_robin,58,3,41.0,2,1.0,1.0,0.0
hard_ood_40pct,83,static_neighbor_consensus,58,3,52.0,1,1.0,1.0,0.0
hard_ood_40pct,83,single_best_local_neighbor,58,3,8.0,13,0.3333333333333333,0.6666666666666666,0.0
hard_ood_40pct,83,global_gated_neighbor_portfolio,58,3,4.0,17,0.3333333333333333,0.6666666666666666,0.0
hard_ood_40pct,83,local_gated_no_source_support,58,3,47.0,1,1.0,1.0,0.0
hard_ood_40pct,83,local_gated_no_target_ood,58,3,0.0,41,0.0,0.0,0.6905945643606191
hard_ood_40pct,83,local_gated_no_diversity,58,3,4.0,17,0.3333333333333333,0.6666666666666666,0.0
hard_ood_40pct,83,local_gated_neighbor_portfolio,58,3,4.0,17,0.3333333333333333,0.6666666666666666,0.0
hard_ood_40pct,83,local_gated_wrong_source_portfolio,58,3,18.0,3,0.3333333333333333,0.6666666666666666,0.0
hard_ood_40pct,83,local_gated_shuffled_obelix,58,3,8.0,13,0.3333333333333333,0.6666666666666666,0.0
hard_ood_40pct,84,uniform_random,58,3,14.0,9,0.6666666666666666,1.0,0.0
hard_ood_40pct,84,composition_novelty,58,3,18.0,3,0.3333333333333333,0.6666666666666666,0.0
hard_ood_40pct,84,static_neighbor_round_robin,58,3,41.0,2,1.0,1.0,0.0
hard_ood_40pct,84,static_neighbor_consensus,58,3,52.0,1,1.0,1.0,0.0
hard_ood_40pct,84,single_best_local_neighbor,58,3,9.0,12,0.3333333333333333,0.6666666666666666,0.0
hard_ood_40pct,84,global_gated_neighbor_portfolio,58,3,7.0,14,0.3333333333333333,0.6666666666666666,0.0
hard_ood_40pct,84,local_gated_no_source_support,58,3,34.0,1,0.6666666666666666,0.6666666666666666,0.21272015441784253
hard_ood_40pct,84,local_gated_no_target_ood,58,3,0.0,28,0.0,0.3333333333333333,0.6905945643606191
hard_ood_40pct,84,local_gated_no_diversity,58,3,9.0,12,0.3333333333333333,0.6666666666666666,0.0
hard_ood_40pct,84,local_gated_neighbor_portfolio,58,3,9.0,12,0.3333333333333333,0.6666666666666666,0.0
hard_ood_40pct,84,local_gated_wrong_source_portfolio,58,3,18.0,3,0.3333333333333333,0.6666666666666666,0.0
hard_ood_40pct,84,local_gated_shuffled_obelix,58,3,18.0,3,0.3333333333333333,0.6666666666666666,0.0
hard_ood_40pct,85,uniform_random,58,3,0.0,29,0.0,0.3333333333333333,0.33928329119580525
hard_ood_40pct,85,composition_novelty,58,3,19.0,3,0.6666666666666666,0.6666666666666666,0.0
hard_ood_40pct,85,static_neighbor_round_robin,58,3,41.0,2,1.0,1.0,0.0
hard_ood_40pct,85,static_neighbor_consensus,58,3,52.0,1,1.0,1.0,0.0
hard_ood_40pct,85,single_best_local_neighbor,58,3,9.0,12,0.3333333333333333,0.6666666666666666,0.0
hard_ood_40pct,85,global_gated_neighbor_portfolio,58,3,3.0,18,0.3333333333333333,0.6666666666666666,0.0
hard_ood_40pct,85,local_gated_no_source_support,58,3,41.0,6,1.0,1.0,0.0
hard_ood_40pct,85,local_gated_no_target_ood,58,3,0.0,41,0.0,0.0,1.1635021317476606
hard_ood_40pct,85,local_gated_no_diversity,58,3,3.0,18,0.3333333333333333,0.6666666666666666,0.0
hard_ood_40pct,85,local_gated_neighbor_portfolio,58,3,3.0,18,0.3333333333333333,0.6666666666666666,0.0
hard_ood_40pct,85,local_gated_wrong_source_portfolio,58,3,5.0,16,0.3333333333333333,0.3333333333333333,0.0
hard_ood_40pct,85,local_gated_shuffled_obelix,58,3,19.0,3,0.6666666666666666,0.6666666666666666,0.0
hard_ood_40pct,86,uniform_random,58,3,0.0,33,0.0,1.0,0.33928329119580525
hard_ood_40pct,86,composition_novelty,58,3,14.0,7,0.3333333333333333,0.6666666666666666,0.0
hard_ood_40pct,86,static_neighbor_round_robin,58,3,41.0,2,1.0,1.0,0.0
hard_ood_40pct,86,static_neighbor_consensus,58,3,52.0,1,1.0,1.0,0.0
hard_ood_40pct,86,single_best_local_neighbor,58,3,5.0,16,0.3333333333333333,0.6666666666666666,0.0
hard_ood_40pct,86,global_gated_neighbor_portfolio,58,3,5.0,16,0.3333333333333333,0.6666666666666666,0.0
hard_ood_40pct,86,local_gated_no_source_support,58,3,19.0,2,0.3333333333333333,0.3333333333333333,0.0
hard_ood_40pct,86,local_gated_no_target_ood,58,3,0.0,31,0.0,0.3333333333333333,1.4386413536653238
hard_ood_40pct,86,local_gated_no_diversity,58,3,5.0,16,0.3333333333333333,0.6666666666666666,0.0
hard_ood_40pct,86,local_gated_neighbor_portfolio,58,3,5.0,16,0.3333333333333333,0.6666666666666666,0.0
hard_ood_40pct,86,local_gated_wrong_source_portfolio,58,3,5.0,16,0.3333333333333333,0.6666666666666666,0.0
hard_ood_40pct,86,local_gated_shuffled_obelix,58,3,14.0,7,0.3333333333333333,0.6666666666666666,0.0
hard_ood_40pct,87,uniform_random,58,3,0.0,26,0.0,0.6666666666666666,0.33928329119580525
hard_ood_40pct,87,composition_novelty,58,3,19.0,3,0.6666666666666666,0.6666666666666666,0.0
hard_ood_40pct,87,static_neighbor_round_robin,58,3,41.0,2,1.0,1.0,0.0
hard_ood_40pct,87,static_neighbor_consensus,58,3,52.0,1,1.0,1.0,0.0
hard_ood_40pct,87,single_best_local_neighbor,58,3,6.0,15,0.3333333333333333,0.6666666666666666,0.0
hard_ood_40pct,87,global_gated_neighbor_portfolio,58,3,4.0,17,0.3333333333333333,0.6666666666666666,0.0
hard_ood_40pct,87,local_gated_no_source_support,58,3,42.0,1,1.0,1.0,0.0
hard_ood_40pct,87,local_gated_no_target_ood,58,3,0.0,41,0.0,0.0,0.6905945643606191
hard_ood_40pct,87,local_gated_no_diversity,58,3,4.0,17,0.3333333333333333,0.6666666666666666,0.0
hard_ood_40pct,87,local_gated_neighbor_portfolio,58,3,4.0,17,0.3333333333333333,0.6666666666666666,0.0
hard_ood_40pct,87,local_gated_wrong_source_portfolio,58,3,2.0,19,0.3333333333333333,0.3333333333333333,0.0
hard_ood_40pct,87,local_gated_shuffled_obelix,58,3,14.0,7,0.3333333333333333,0.6666666666666666,0.0
hard_ood_40pct,88,uniform_random,58,3,0.0,41,0.0,0.0,0.33928329119580525
hard_ood_40pct,88,composition_novelty,58,3,21.0,3,0.6666666666666666,0.6666666666666666,0.0
hard_ood_40pct,88,static_neighbor_round_robin,58,3,41.0,2,1.0,1.0,0.0
hard_ood_40pct,88,static_neighbor_consensus,58,3,52.0,1,1.0,1.0,0.0
hard_ood_40pct,88,single_best_local_neighbor,58,3,18.0,5,0.6666666666666666,0.6666666666666666,0.0
hard_ood_40pct,88,global_gated_neighbor_portfolio,58,3,4.0,17,0.3333333333333333,0.6666666666666666,0.0
hard_ood_40pct,88,local_gated_no_source_support,58,3,3.0,18,0.3333333333333333,0.6666666666666666,0.0
hard_ood_40pct,88,local_gated_no_target_ood,58,3,0.0,25,0.0,0.6666666666666666,0.6905945643606191
hard_ood_40pct,88,local_gated_no_diversity,58,3,18.0,5,0.6666666666666666,0.6666666666666666,0.0
hard_ood_40pct,88,local_gated_neighbor_portfolio,58,3,18.0,5,0.6666666666666666,0.6666666666666666,0.0
hard_ood_40pct,88,local_gated_wrong_source_portfolio,58,3,21.0,3,0.6666666666666666,0.6666666666666666,0.0
hard_ood_40pct,88,local_gated_shuffled_obelix,58,3,21.0,3,0.6666666666666666,0.6666666666666666,0.0
hard_ood_40pct,89,uniform_random,58,3,27.0,7,0.6666666666666666,0.6666666666666666,0.0
hard_ood_40pct,89,composition_novelty,58,3,19.0,2,0.3333333333333333,0.6666666666666666,0.0
hard_ood_40pct,89,static_neighbor_round_robin,58,3,41.0,2,1.0,1.0,0.0
hard_ood_40pct,89,static_neighbor_consensus,58,3,52.0,1,1.0,1.0,0.0
hard_ood_40pct,89,single_best_local_neighbor,58,3,8.0,13,0.3333333333333333,0.6666666666666666,0.0
hard_ood_40pct,89,global_gated_neighbor_portfolio,58,3,7.0,14,0.3333333333333333,0.6666666666666666,0.0
hard_ood_40pct,89,local_gated_no_source_support,58,3,33.0,7,1.0,1.0,0.0
hard_ood_40pct,89,local_gated_no_target_ood,58,3,0.0,29,0.0,0.3333333333333333,0.6905945643606191
hard_ood_40pct,89,local_gated_no_diversity,58,3,8.0,13,0.3333333333333333,0.6666666666666666,0.0
hard_ood_40pct,89,local_gated_neighbor_portfolio,58,3,8.0,13,0.3333333333333333,0.6666666666666666,0.0
hard_ood_40pct,89,local_gated_wrong_source_portfolio,58,3,19.0,2,0.3333333333333333,0.6666666666666666,0.0
hard_ood_40pct,89,local_gated_shuffled_obelix,58,3,11.0,10,0.3333333333333333,0.6666666666666666,0.0
hard_ood_40pct,90,uniform_random,58,3,13.0,8,0.3333333333333333,0.6666666666666666,0.0
hard_ood_40pct,90,composition_novelty,58,3,20.0,3,0.6666666666666666,0.6666666666666666,0.0
hard_ood_40pct,90,static_neighbor_round_robin,58,3,41.0,2,1.0,1.0,0.0
hard_ood_40pct,90,static_neighbor_consensus,58,3,52.0,1,1.0,1.0,0.0
hard_ood_40pct,90,single_best_local_neighbor,58,3,7.0,14,0.3333333333333333,0.6666666666666666,0.0
hard_ood_40pct,90,global_gated_neighbor_portfolio,58,3,2.0,19,0.3333333333333333,0.6666666666666666,0.0
hard_ood_40pct,90,local_gated_no_source_support,58,3,16.0,9,0.6666666666666666,1.0,0.0
hard_ood_40pct,90,local_gated_no_target_ood,58,3,0.0,39,0.0,0.3333333333333333,1.1635021317476606
hard_ood_40pct,90,local_gated_no_diversity,58,3,4.0,17,0.3333333333333333,0.6666666666666666,0.0
hard_ood_40pct,90,local_gated_neighbor_portfolio,58,3,4.0,17,0.3333333333333333,0.6666666666666666,0.0
hard_ood_40pct,90,local_gated_wrong_source_portfolio,58,3,5.0,16,0.3333333333333333,0.3333333333333333,0.0
hard_ood_40pct,90,local_gated_shuffled_obelix,58,3,20.0,3,0.6666666666666666,0.6666666666666666,0.0
hard_ood_40pct,91,uniform_random,58,3,5.0,16,0.3333333333333333,0.6666666666666666,0.21272015441784253
hard_ood_40pct,91,composition_novelty,58,3,18.0,3,0.3333333333333333,0.6666666666666666,0.0
hard_ood_40pct,91,static_neighbor_round_robin,58,3,41.0,2,1.0,1.0,0.0
hard_ood_40pct,91,static_neighbor_consensus,58,3,52.0,1,1.0,1.0,0.0
hard_ood_40pct,91,single_best_local_neighbor,58,3,7.0,14,0.3333333333333333,0.6666666666666666,0.0
hard_ood_40pct,91,global_gated_neighbor_portfolio,58,3,1.0,20,0.3333333333333333,0.6666666666666666,0.0
hard_ood_40pct,91,local_gated_no_source_support,58,3,43.0,1,1.0,1.0,0.0
hard_ood_40pct,91,local_gated_no_target_ood,58,3,0.0,41,0.0,0.0,0.6905945643606191
hard_ood_40pct,91,local_gated_no_diversity,58,3,1.0,20,0.3333333333333333,0.6666666666666666,0.0
hard_ood_40pct,91,local_gated_neighbor_portfolio,58,3,1.0,20,0.3333333333333333,0.6666666666666666,0.0
hard_ood_40pct,91,local_gated_wrong_source_portfolio,58,3,15.0,6,0.3333333333333333,0.3333333333333333,0.0
hard_ood_40pct,91,local_gated_shuffled_obelix,58,3,7.0,14,0.3333333333333333,0.6666666666666666,0.0
hard_ood_40pct,92,uniform_random,58,3,10.0,13,0.6666666666666666,0.6666666666666666,0.0
hard_ood_40pct,92,composition_novelty,58,3,19.0,3,0.6666666666666666,0.6666666666666666,0.0
hard_ood_40pct,92,static_neighbor_round_robin,58,3,41.0,2,1.0,1.0,0.0
hard_ood_40pct,92,static_neighbor_consensus,58,3,52.0,1,1.0,1.0,0.0
hard_ood_40pct,92,single_best_local_neighbor,58,3,7.0,14,0.3333333333333333,0.6666666666666666,0.0
hard_ood_40pct,92,global_gated_neighbor_portfolio,58,3,6.0,15,0.3333333333333333,0.6666666666666666,0.0
hard_ood_40pct,92,local_gated_no_source_support,58,3,27.0,7,1.0,1.0,0.0
hard_ood_40pct,92,local_gated_no_target_ood,58,3,0.0,26,0.0,0.6666666666666666,1.4386413536653238
hard_ood_40pct,92,local_gated_no_diversity,58,3,7.0,14,0.3333333333333333,0.6666666666666666,0.0
hard_ood_40pct,92,local_gated_neighbor_portfolio,58,3,7.0,14,0.3333333333333333,0.6666666666666666,0.0
hard_ood_40pct,92,local_gated_wrong_source_portfolio,58,3,4.0,17,0.3333333333333333,0.3333333333333333,0.0
hard_ood_40pct,92,local_gated_shuffled_obelix,58,3,19.0,3,0.6666666666666666,0.6666666666666666,0.0
hard_ood_40pct,93,uniform_random,58,3,19.0,9,0.6666666666666666,1.0,0.0
hard_ood_40pct,93,composition_novelty,58,3,19.0,2,0.3333333333333333,0.6666666666666666,0.0
hard_ood_40pct,93,static_neighbor_round_robin,58,3,41.0,2,1.0,1.0,0.0
hard_ood_40pct,93,static_neighbor_consensus,58,3,52.0,1,1.0,1.0,0.0
hard_ood_40pct,93,single_best_local_neighbor,58,3,6.0,15,0.3333333333333333,0.6666666666666666,0.0
hard_ood_40pct,93,global_gated_neighbor_portfolio,58,3,3.0,18,0.3333333333333333,0.6666666666666666,0.0
hard_ood_40pct,93,local_gated_no_source_support,58,3,32.0,5,1.0,1.0,0.0
hard_ood_40pct,93,local_gated_no_target_ood,58,3,0.0,41,0.0,0.0,1.1635021317476606
hard_ood_40pct,93,local_gated_no_diversity,58,3,3.0,18,0.3333333333333333,0.6666666666666666,0.0
hard_ood_40pct,93,local_gated_neighbor_portfolio,58,3,3.0,18,0.3333333333333333,0.6666666666666666,0.0
hard_ood_40pct,93,local_gated_wrong_source_portfolio,58,3,19.0,2,0.3333333333333333,0.6666666666666666,0.0
hard_ood_40pct,93,local_gated_shuffled_obelix,58,3,9.0,12,0.3333333333333333,0.6666666666666666,0.0
hard_ood_40pct,94,uniform_random,58,3,0.0,23,0.0,0.3333333333333333,0.3641615822940789
hard_ood_40pct,94,composition_novelty,58,3,18.0,3,0.3333333333333333,0.6666666666666666,0.0
hard_ood_40pct,94,static_neighbor_round_robin,58,3,41.0,2,1.0,1.0,0.0
hard_ood_40pct,94,static_neighbor_consensus,58,3,52.0,1,1.0,1.0,0.0
hard_ood_40pct,94,single_best_local_neighbor,58,3,10.0,11,0.3333333333333333,0.6666666666666666,0.0
hard_ood_40pct,94,global_gated_neighbor_portfolio,58,3,8.0,13,0.3333333333333333,0.6666666666666666,0.0
hard_ood_40pct,94,local_gated_no_source_support,58,3,41.0,1,1.0,1.0,0.0
hard_ood_40pct,94,local_gated_no_target_ood,58,3,0.0,27,0.0,0.3333333333333333,0.6905945643606191
hard_ood_40pct,94,local_gated_no_diversity,58,3,10.0,11,0.3333333333333333,0.6666666666666666,0.0
hard_ood_40pct,94,local_gated_neighbor_portfolio,58,3,10.0,11,0.3333333333333333,0.6666666666666666,0.0
hard_ood_40pct,94,local_gated_wrong_source_portfolio,58,3,1.0,20,0.3333333333333333,0.3333333333333333,0.0
hard_ood_40pct,94,local_gated_shuffled_obelix,58,3,18.0,3,0.3333333333333333,0.6666666666666666,0.0
hard_ood_40pct,95,uniform_random,58,3,16.0,11,0.6666666666666666,0.6666666666666666,0.21272015441784253
hard_ood_40pct,95,composition_novelty,58,3,19.0,3,0.6666666666666666,0.6666666666666666,0.0
hard_ood_40pct,95,static_neighbor_round_robin,58,3,41.0,2,1.0,1.0,0.0
hard_ood_40pct,95,static_neighbor_consensus,58,3,52.0,1,1.0,1.0,0.0
hard_ood_40pct,95,single_best_local_neighbor,58,3,7.0,14,0.3333333333333333,0.6666666666666666,0.0
hard_ood_40pct,95,global_gated_neighbor_portfolio,58,3,3.0,18,0.3333333333333333,0.6666666666666666,0.0
hard_ood_40pct,95,local_gated_no_source_support,58,3,22.0,6,0.6666666666666666,1.0,0.0
hard_ood_40pct,95,local_gated_no_target_ood,58,3,0.0,40,0.0,0.3333333333333333,0.6905945643606191
hard_ood_40pct,95,local_gated_no_diversity,58,3,4.0,17,0.3333333333333333,0.6666666666666666,0.0
hard_ood_40pct,95,local_gated_neighbor_portfolio,58,3,4.0,17,0.3333333333333333,0.6666666666666666,0.0
hard_ood_40pct,95,local_gated_wrong_source_portfolio,58,3,19.0,3,0.6666666666666666,0.6666666666666666,0.0
hard_ood_40pct,95,local_gated_shuffled_obelix,58,3,19.0,3,0.6666666666666666,0.6666666666666666,0.0
hard_ood_40pct,96,uniform_random,58,3,9.0,12,0.3333333333333333,1.0,0.21272015441784253
hard_ood_40pct,96,composition_novelty,58,3,20.0,2,0.6666666666666666,0.6666666666666666,0.0
hard_ood_40pct,96,static_neighbor_round_robin,58,3,41.0,2,1.0,1.0,0.0
hard_ood_40pct,96,static_neighbor_consensus,58,3,52.0,1,1.0,1.0,0.0
hard_ood_40pct,96,single_best_local_neighbor,58,3,9.0,12,0.3333333333333333,0.6666666666666666,0.0
hard_ood_40pct,96,global_gated_neighbor_portfolio,58,3,9.0,12,0.3333333333333333,0.6666666666666666,0.0
hard_ood_40pct,96,local_gated_no_source_support,58,3,20.0,7,0.6666666666666666,1.0,0.21272015441784253
hard_ood_40pct,96,local_gated_no_target_ood,58,3,0.0,31,0.0,0.3333333333333333,1.1635021317476606
hard_ood_40pct,96,local_gated_no_diversity,58,3,9.0,12,0.3333333333333333,0.6666666666666666,0.0
hard_ood_40pct,96,local_gated_neighbor_portfolio,58,3,9.0,12,0.3333333333333333,0.6666666666666666,0.0
hard_ood_40pct,96,local_gated_wrong_source_portfolio,58,3,11.0,10,0.3333333333333333,0.3333333333333333,0.0
hard_ood_40pct,96,local_gated_shuffled_obelix,58,3,9.0,12,0.3333333333333333,0.6666666666666666,0.0
hard_ood_40pct,97,uniform_random,58,3,7.0,14,0.3333333333333333,0.3333333333333333,0.0
hard_ood_40pct,97,composition_novelty,58,3,18.0,3,0.3333333333333333,0.6666666666666666,0.0
hard_ood_40pct,97,static_neighbor_round_robin,58,3,41.0,2,1.0,1.0,0.0
hard_ood_40pct,97,static_neighbor_consensus,58,3,52.0,1,1.0,1.0,0.0
hard_ood_40pct,97,single_best_local_neighbor,58,3,8.0,13,0.3333333333333333,0.6666666666666666,0.0
hard_ood_40pct,97,global_gated_neighbor_portfolio,58,3,3.0,18,0.3333333333333333,0.6666666666666666,0.0
hard_ood_40pct,97,local_gated_no_source_support,58,3,30.0,1,0.6666666666666666,1.0,0.0
hard_ood_40pct,97,local_gated_no_target_ood,58,3,0.0,39,0.0,0.3333333333333333,1.7485287837768424
hard_ood_40pct,97,local_gated_no_diversity,58,3,4.0,17,0.3333333333333333,0.6666666666666666,0.0
hard_ood_40pct,97,local_gated_neighbor_portfolio,58,3,4.0,17,0.3333333333333333,0.6666666666666666,0.0
hard_ood_40pct,97,local_gated_wrong_source_portfolio,58,3,3.0,18,0.3333333333333333,0.3333333333333333,0.0
hard_ood_40pct,97,local_gated_shuffled_obelix,58,3,10.0,11,0.3333333333333333,0.6666666666666666,0.0
hard_ood_40pct,98,uniform_random,58,3,12.0,10,0.6666666666666666,0.6666666666666666,0.21272015441784253
hard_ood_40pct,98,composition_novelty,58,3,19.0,3,0.6666666666666666,0.6666666666666666,0.0
hard_ood_40pct,98,static_neighbor_round_robin,58,3,41.0,2,1.0,1.0,0.0
hard_ood_40pct,98,static_neighbor_consensus,58,3,52.0,1,1.0,1.0,0.0
hard_ood_40pct,98,single_best_local_neighbor,58,3,9.0,12,0.3333333333333333,0.6666666666666666,0.0
hard_ood_40pct,98,global_gated_neighbor_portfolio,58,3,3.0,18,0.3333333333333333,0.6666666666666666,0.0
hard_ood_40pct,98,local_gated_no_source_support,58,3,35.0,1,1.0,1.0,0.0
hard_ood_40pct,98,local_gated_no_target_ood,58,3,0.0,31,0.0,0.3333333333333333,1.1635021317476606
hard_ood_40pct,98,local_gated_no_diversity,58,3,9.0,12,0.3333333333333333,0.6666666666666666,0.0
hard_ood_40pct,98,local_gated_neighbor_portfolio,58,3,9.0,12,0.3333333333333333,0.6666666666666666,0.0
hard_ood_40pct,98,local_gated_wrong_source_portfolio,58,3,2.0,19,0.3333333333333333,0.3333333333333333,0.0
hard_ood_40pct,98,local_gated_shuffled_obelix,58,3,19.0,3,0.6666666666666666,0.6666666666666666,0.0
hard_ood_40pct,99,uniform_random,58,3,0.0,30,0.0,0.3333333333333333,0.3641615822940789
hard_ood_40pct,99,composition_novelty,58,3,19.0,3,0.6666666666666666,0.6666666666666666,0.0
hard_ood_40pct,99,static_neighbor_round_robin,58,3,41.0,2,1.0,1.0,0.0
hard_ood_40pct,99,static_neighbor_consensus,58,3,52.0,1,1.0,1.0,0.0
hard_ood_40pct,99,single_best_local_neighbor,58,3,8.0,13,0.3333333333333333,0.6666666666666666,0.0
hard_ood_40pct,99,global_gated_neighbor_portfolio,58,3,5.0,16,0.3333333333333333,0.6666666666666666,0.0
hard_ood_40pct,99,local_gated_no_source_support,58,3,33.0,3,1.0,1.0,0.0
hard_ood_40pct,99,local_gated_no_target_ood,58,3,0.0,34,0.0,0.3333333333333333,0.6905945643606191
hard_ood_40pct,99,local_gated_no_diversity,58,3,7.0,14,0.3333333333333333,0.6666666666666666,0.0
hard_ood_40pct,99,local_gated_neighbor_portfolio,58,3,7.0,14,0.3333333333333333,0.6666666666666666,0.0
hard_ood_40pct,99,local_gated_wrong_source_portfolio,58,3,19.0,3,0.6666666666666666,0.6666666666666666,0.0
hard_ood_40pct,99,local_gated_shuffled_obelix,58,3,19.0,3,0.6666666666666666,0.6666666666666666,0.0
