target,entity_index,material_key,group,entity_distance,scope,group_distance,group_n
te_zt,0,Ag:0.0025|Cu:0.25|Se:0.5|Sn:0.1225|Zn:0.125,Ag-Cu-Se-Sn-Zn,0.6744134627642635,q1,0.6601216088437336,3
te_zt,2,Ag:0.003361344538|Cu:0.6605042017|S:0.1680672269|Se:0.1680672269,Ag-Cu-S-Se,2.6333915204676734,q3,2.670199730430046,3
te_zt,3,Ag:0.004016064257|Mg:0.3975903614|Sb:0.4016064257|Zn:0.1967871486,Ag-Mg-Sb-Zn,0.6131869003903634,q1,0.6131869003903634,1
te_zt,5,Ag:0.005|S:0.05|Se:0.45|Sn:0.495,Ag-S-Se-Sn,2.385442126895218,q3,2.550899688865879,4
te_zt,6,Ag:0.005|S:0.075|Se:0.425|Sn:0.495,Ag-S-Se-Sn,2.4911180822994172,q3,2.550899688865879,4
te_zt,7,Ag:0.005|S:0.175|Se:0.325|Sn:0.495,Ag-S-Se-Sn,3.081656344166034,q3,2.550899688865879,4
te_zt,8,Ag:0.005|S:0.1|Se:0.4|Sn:0.495,Ag-S-Se-Sn,2.6106812954323404,q3,2.550899688865879,4
te_zt,9,Ag:0.005|Se:0.5|Sn:0.495,Ag-Se-Sn,1.2253219761904106,q1,1.277647518946197,2
te_zt,10,Ag:0.00625|Cu:0.25|Se:0.5|Sn:0.11875|Zn:0.125,Ag-Cu-Se-Sn-Zn,0.6601216088437336,q1,0.6601216088437336,3
te_zt,11,Ag:0.006722689076|Cu:0.6571428571|S:0.1680672269|Se:0.1680672269,Ag-Cu-S-Se,2.670199730430046,q3,2.670199730430046,3
te_zt,13,Ag:0.0075|Cu:0.3675|Sb:0.125|Se:0.5,Ag-Cu-Sb-Se,0.28520655845260423,q1,0.28520655845260423,3
te_zt,15,Ag:0.009375|Cu:0.25|Se:0.5|Sn:0.115625|Zn:0.125,Ag-Cu-Se-Sn-Zn,0.6564697633097883,q1,0.6601216088437336,3
te_zt,16,Ag:0.01002506266|Pb:0.4912280702|Sb:0.02756892231|Te:0.4711779449,Ag-Pb-Sb-Te,1.4874896198706797,q2,1.5896843610140234,8
te_zt,17,Ag:0.01008403361|Cu:0.6537815126|S:0.1680672269|Se:0.1680672269,Ag-Cu-S-Se,2.7075872394271703,q3,2.670199730430046,3
te_zt,19,Ag:0.0125|Pb:0.49|Sb:0.0275|Te:0.47,Ag-Pb-Sb-Te,1.5155031466199258,q2,1.5896843610140234,8
te_zt,21,Ag:0.01496259352|Pb:0.4862842893|Sb:0.02244389027|Te:0.4763092269,Ag-Pb-Sb-Te,1.499180042161659,q2,1.5896843610140234,8
te_zt,23,Ag:0.015|Cu:0.36|Sb:0.125|Se:0.5,Ag-Cu-Sb-Se,0.27814957359124587,q1,0.28520655845260423,3
te_zt,27,Ag:0.02005012531|Pb:0.4586466165|Sb:0.02005012531|Te:0.5012531328,Ag-Pb-Sb-Te,1.5628707186987225,q2,1.5896843610140234,8
te_zt,29,Ag:0.0225|Cu:0.3525|Sb:0.125|Se:0.5,Ag-Cu-Sb-Se,0.3547887802156317,q1,0.28520655845260423,3
te_zt,30,Ag:0.0225|Pb:0.4575|Sb:0.0225|Te:0.4975,Ag-Pb-Sb-Te,1.6164980033293244,q2,1.5896843610140234,8
te_zt,35,Ag:0.0275|Pb:0.3875|Sb:0.02|Te:0.565,Ag-Pb-Sb-Te,2.0350885079498235,q2,1.5896843610140234,8
te_zt,38,Ag:0.0303030303|Pb:0.3762626263|Sb:0.0202020202|Te:0.5732323232,Ag-Pb-Sb-Te,2.1477542133757237,q2,1.5896843610140234,8
te_zt,39,Ag:0.03258145363|Pb:0.3934837093|Sb:0.02255639098|Te:0.5513784461,Ag-Pb-Sb-Te,2.0261588503763144,q2,1.5896843610140234,8
te_zt,52,Ag:0.07692307692|Ca:0.3846153846|Sb:0.3846153846|Zn:0.1538461538,Ag-Ca-Sb-Zn,2.047081257703163,q2,2.047081257703163,1
te_zt,58,Ag:0.125|Mo:0.375|Rb:0.04166666667|Se:0.4583333333,Ag-Mo-Rb-Se,3.9479250252892393,q4,3.9479250252892393,1
te_zt,69,Ag:0.2427184466|Bi:0.2281553398|Pb:0.0145631068|Se:0.5145631068,Ag-Bi-Pb-Se,0.3506205262965908,q1,0.2813815350714841,6
te_zt,70,Ag:0.2427184466|Bi:0.2305825243|Pb:0.01213592233|Se:0.5145631068,Ag-Bi-Pb-Se,0.31863353708723224,q1,0.2813815350714841,6
te_zt,71,Ag:0.2427184466|Bi:0.2330097087|Pb:0.009708737864|Se:0.5145631068,Ag-Bi-Pb-Se,0.29141074395613453,q1,0.2813815350714841,6
te_zt,72,Ag:0.2427184466|Bi:0.2354368932|Pb:0.007281553398|Se:0.5145631068,Ag-Bi-Pb-Se,0.2713523261868337,q1,0.2813815350714841,6
te_zt,73,Ag:0.2427184466|Bi:0.2378640777|Pb:0.004854368932|Se:0.5145631068,Ag-Bi-Pb-Se,0.26160700686326954,q1,0.2813815350714841,6
te_zt,74,Ag:0.2427184466|Bi:0.2402912621|Pb:0.002427184466|Se:0.5145631068,Ag-Bi-Pb-Se,0.26593491941312153,q1,0.2813815350714841,6
te_zt,76,Ag:0.2443324937|Bi:0.002518891688|Cr:0.2493702771|Se:0.5037783375,Ag-Bi-Cr-Se,1.9619287346473409,q2,1.9688507648683913,3
te_zt,77,Ag:0.2443324937|Bi:0.007556675063|Cr:0.2443324937|Se:0.5037783375,Ag-Bi-Cr-Se,1.9688507648683913,q2,1.9688507648683913,3
te_zt,78,Ag:0.2443324937|Bi:0.01259445844|Cr:0.2392947103|Se:0.5037783375,Ag-Bi-Cr-Se,1.9814883974547624,q2,1.9688507648683913,3
te_zt,86,Ag:0.25|Bi:0.14875|Pb:0.02625|Sb:0.075|Se:0.5,Ag-Bi-Pb-Sb-Se,0.4670638848829485,q1,0.5371468765018186,6
te_zt,88,Ag:0.25|Bi:0.14|Pb:0.035|Sb:0.075|Se:0.5,Ag-Bi-Pb-Sb-Se,0.5622479397610516,q1,0.5371468765018186,6
te_zt,90,Ag:0.25|Bi:0.1575|Pb:0.0175|Sb:0.075|Se:0.5,Ag-Bi-Pb-Sb-Se,0.40245380769118244,q1,0.5371468765018186,6
te_zt,91,Ag:0.25|Bi:0.175|Sb:0.075|Se:0.5,Ag-Bi-Sb-Se,1.1790634546853525,q1,0.5392967543293018,4
te_zt,93,Ag:0.25|Bi:0.18|Pb:0.045|Sb:0.025|Se:0.5,Ag-Bi-Pb-Sb-Se,0.7214967661930124,q1,0.5371468765018186,6
te_zt,95,Ag:0.25|Bi:0.19125|Pb:0.03375|Sb:0.025|Se:0.5,Ag-Bi-Pb-Sb-Se,0.5968200163698273,q1,0.5371468765018186,6
te_zt,97,Ag:0.25|Bi:0.2025|Pb:0.0225|Sb:0.025|Se:0.5,Ag-Bi-Pb-Sb-Se,0.5120458132425855,q1,0.5371468765018186,6
te_zt,98,Ag:0.25|Bi:0.2125|Sb:0.0375|Se:0.5,Ag-Bi-Sb-Se,0.6339382985250522,q1,0.5392967543293018,4
te_zt,99,Ag:0.25|Bi:0.225|Sb:0.025|Se:0.5,Ag-Bi-Sb-Se,0.4446552101335514,q1,0.5392967543293018,4
te_zt,100,Ag:0.25|Bi:0.2375|Sb:0.0125|Se:0.5,Ag-Bi-Sb-Se,0.23393610041960358,q1,0.5392967543293018,4
te_zt,102,Ag:0.25|Mn:0.0025|Sb:0.2475|Te:0.5,Ag-Mn-Sb-Te,2.220279810934327,q3,2.493328105517943,3
te_zt,103,Ag:0.25|Mn:0.0125|Sb:0.2375|Te:0.5,Ag-Mn-Sb-Te,2.493328105517943,q3,2.493328105517943,3
te_zt,104,Ag:0.25|Mn:0.0175|Sb:0.2325|Te:0.5,Ag-Mn-Sb-Te,2.73372233114966,q3,2.493328105517943,3
te_zt,106,Ag:0.2727272727|Cs:0.09090909091|Nd:0.1818181818|Te:0.4545454545,Ag-Cs-Nd-Te,16.369646911142294,q4,16.369646911142294,1
te_zt,107,Ag:0.2727272727|Cs:0.09090909091|Pr:0.1818181818|Te:0.4545454545,Ag-Cs-Pr-Te,16.3666775743285,q4,16.3666775743285,1
te_zt,111,Ag:0.3197278912|Cu:0.3401360544|Se:0.3401360544,Ag-Cu-Se,2.1641447595720895,q2,2.1490926154222807,3
te_zt,112,Ag:0.3265993266|Cu:0.3367003367|Se:0.3367003367,Ag-Cu-Se,2.1490926154222807,q2,2.1490926154222807,3
te_zt,118,Ag:0.3333333333|Cu:0.3333333333|Se:0.3333333333,Ag-Cu-Se,2.1386753449591036,q2,2.1490926154222807,3
te_zt,119,Ag:0.3333333333|Cu:0.3333333333|Te:0.3333333333,Ag-Cu-Te,1.3560659714317884,q2,1.3560659714317884,1
te_zt,120,Ag:0.3333333333|In:0.001666666667|Mg:0.3333333333|Sb:0.3316666667,Ag-In-Mg-Sb,1.2167606498164905,q1,1.2224378160868499,4
te_zt,121,Ag:0.3333333333|In:0.003333333333|Mg:0.3333333333|Sb:0.33,Ag-In-Mg-Sb,1.220032875688262,q1,1.2224378160868499,4
te_zt,122,Ag:0.3333333333|In:0.005|Mg:0.3333333333|Sb:0.3283333333,Ag-In-Mg-Sb,1.224842756485438,q1,1.2224378160868499,4
te_zt,123,Ag:0.3333333333|In:0.006666666667|Mg:0.3333333333|Sb:0.3266666667,Ag-In-Mg-Sb,1.2310077564016761,q1,1.2224378160868499,4
te_zt,131,Ag:0.5333333333|Se:0.4|Sn:0.06666666667,Ag-Se-Sn,1.3299730617019838,q1,1.277647518946197,2
te_zt,135,Ag:0.6535947712|Se:0.3464052288,Ag-Se,3.3857481652189176,q3,3.50464559195238,8
te_zt,136,Ag:0.6578947368|Se:0.3421052632,Ag-Se,3.4372779839782863,q3,3.50464559195238,8
te_zt,137,Ag:0.6600660066|Se:0.3399339934,Ag-Se,3.4638099017566972,q3,3.50464559195238,8
te_zt,138,Ag:0.6622516556|Se:0.3377483444,Ag-Se,3.4908595804489,q3,3.50464559195238,8
te_zt,139,Ag:0.6644518272|Se:0.3355481728,Ag-Se,3.51843160345586,q3,3.50464559195238,8
te_zt,140,Ag:0.6661115737|Se:0.3338884263,Ag-Se,3.539456110971317,q3,3.50464559195238,8
te_zt,141,Ag:0.6666666667|Se:0.1666666667|Te:0.1666666667,Ag-Se-Te,2.5173940824191865,q3,2.6818434059558895,4
te_zt,142,Ag:0.6666666667|Se:0.2666666667|Te:0.06666666667,Ag-Se-Te,2.707023988928971,q3,2.6818434059558895,4
te_zt,143,Ag:0.6666666667|Se:0.2|Te:0.1333333333,Ag-Se-Te,2.656662822982808,q3,2.6818434059558895,4
te_zt,144,Ag:0.6666666667|Se:0.3333333333,Ag-Se,3.546530791363514,q3,3.50464559195238,8
te_zt,145,Ag:0.6666666667|Se:0.3|Te:0.03333333333,Ag-Se-Te,2.7918261781524114,q3,2.6818434059558895,4
te_zt,146,Ag:0.6666666667|Te:0.3333333333,Ag-Te,2.3286191187055882,q3,2.3286191187055882,1
te_zt,147,Ag:0.6711409396|Se:0.3288590604,Ag-Se,3.6043308815362582,q3,3.50464559195238,8
te_zt,153,Al:0.005|Ge:0.495|Te:0.5,Al-Ge-Te,1.132023700343191,q1,1.2343125054605135,3
te_zt,156,Al:0.015|Ge:0.485|Te:0.5,Al-Ge-Te,1.3932764867371064,q1,1.2343125054605135,3
te_zt,159,Al:0.01|Ge:0.49|Te:0.5,Al-Ge-Te,1.2343125054605135,q1,1.2343125054605135,3
te_zt,163,Al:0.1357142857|Ca:0.4285714286|Sb:0.4285714286|Zn:0.007142857143,Al-Ca-Sb-Zn,1.2860820576012437,q1,1.2568242574100126,4
te_zt,164,Al:0.1414285714|Ca:0.4285714286|Sb:0.4285714286|Zn:0.001428571429,Al-Ca-Sb-Zn,1.2185833220720206,q1,1.2568242574100126,4
te_zt,167,Al:0.1461538462|Ca:0.3846153846|Sb:0.4615384615|Zn:0.007692307692,Al-Ca-Sb-Zn,1.423505399692698,q1,1.2568242574100126,4
te_zt,168,Al:0.1481481481|Ge:0.7037037037|K:0.1481481481,Al-Ge-K,8.72229821576074,q4,8.72229821576074,1
te_zt,169,Al:0.14|Ca:0.4285714286|Sb:0.4285714286|Zn:0.002857142857,Al-Ca-Sb-Zn,1.2275664572187814,q1,1.2568242574100126,4
te_zt,174,Al:0.1538461538|Ca:0.2461538462|Pr:0.01153846154|Sb:0.4615384615|Yb:0.1269230769,Al-Ca-Pr-Sb-Yb,1.8939076327090179,q2,1.896901421226198,2
te_zt,176,Al:0.1538461538|Ca:0.2661538462|Pr:0.01461538462|Sb:0.4615384615|Yb:0.1038461538,Al-Ca-Pr-Sb-Yb,1.899895209743378,q2,1.896901421226198,2
te_zt,178,As:0.3333333333|Co:0.3333333333|Sb:0.3333333333,As-Co-Sb,5.260872017717059,q4,5.260872017717059,1
te_zt,192,As:0.4|Te:0.6,As-Te,1.3343989660371793,q2,1.3343989660371793,1
te_zt,195,Ba:0.0008333333333|Ga:0.1666666667|K:0.1658333333|Sb:0.6666666667,Ba-Ga-K-Sb,7.610812875275599,q4,7.5266582902093555,5
te_zt,196,Ba:0.001666666667|Ga:0.1666666667|K:0.165|Sb:0.6666666667,Ba-Ga-K-Sb,7.567778386369184,q4,7.5266582902093555,5
te_zt,197,Ba:0.001871490954|Co:0.2495321273|Sb:0.7485963818,Ba-Co-Sb,2.9597430273517635,q3,2.9597430273517635,1
te_zt,198,Ba:0.0025|Ga:0.1666666667|K:0.1641666667|Sb:0.6666666667,Ba-Ga-K-Sb,7.5266582902093555,q4,7.5266582902093555,5
te_zt,199,Ba:0.003097893432|Co:0.2478314746|Sb:0.7434944238|Yb:0.005576208178,Ba-Co-Sb-Yb,2.132887881223862,q2,2.1271237585802463,5
te_zt,200,Ba:0.003333333333|Ga:0.1666666667|K:0.1633333333|Sb:0.6666666667,Ba-Ga-K-Sb,7.487500277000236,q4,7.5266582902093555,5
te_zt,201,Ba:0.004166666667|Ga:0.1666666667|K:0.1625|Sb:0.6666666667,Ba-Ga-K-Sb,7.450343776938755,q4,7.5266582902093555,5
te_zt,202,Ba:0.004947433519|Co:0.2473716759|Sb:0.7421150278|Yb:0.005565862709,Ba-Co-Sb-Yb,2.0885164876751303,q2,2.1271237585802463,5
te_zt,203,Ba:0.00679431748|Co:0.2470660902|Sb:0.7411982705|Yb:0.004941321804,Ba-Co-Sb-Yb,2.062669125614825,q2,2.1271237585802463,5
te_zt,204,Ba:0.006815365551|Co:0.2478314746|Sb:0.7434944238|Yb:0.001858736059,Ba-Co-Sb-Yb,2.142789299412027,q2,2.1271237585802463,5
te_zt,205,Ba:0.009282178218|Co:0.2475247525|Sb:0.7425742574|Yb:0.0006188118812,Ba-Co-Sb-Yb,2.1271237585802463,q2,2.1271237585802463,5
te_zt,209,Ba:0.03703703704|Cr:0.3703703704|Se:0.5925925926,Ba-Cr-Se,1.325939961483463,q2,1.325939961483463,1
te_zt,210,Ba:0.03846153846|Ca:0.03846153846|Mg:0.03846153846|Sb:0.4230769231|Yb:0.4615384615,Ba-Ca-Mg-Sb-Yb,2.0151421696115936,q3,2.282818114204008,6
te_zt,211,Ba:0.03846153846|Ca:0.07692307692|Mg:0.03846153846|Sb:0.4230769231|Yb:0.4230769231,Ba-Ca-Mg-Sb-Yb,1.839076142067638,q3,2.282818114204008,6
te_zt,212,Ba:0.03846153846|Ca:0.1153846154|Mg:0.03846153846|Sb:0.4230769231|Yb:0.3846153846,Ba-Ca-Mg-Sb-Yb,2.0619242406531733,q3,2.282818114204008,6
te_zt,213,Ba:0.03846153846|Ca:0.1538461538|Mg:0.03846153846|Sb:0.4230769231|Yb:0.3461538462,Ba-Ca-Mg-Sb-Yb,2.5037119877548424,q3,2.282818114204008,6
te_zt,214,Ba:0.03846153846|Ca:0.1923076923|Mg:0.03846153846|Sb:0.4230769231|Yb:0.3076923077,Ba-Ca-Mg-Sb-Yb,3.041452873716259,q3,2.282818114204008,6
te_zt,215,Ba:0.03846153846|Ca:0.2307692308|Mg:0.03846153846|Sb:0.4230769231|Yb:0.2692307692,Ba-Ca-Mg-Sb-Yb,3.2235462394340506,q3,2.282818114204008,6
te_zt,223,Ba:0.1111111111|Ca:0.005555555556|Gd:0.2166666667|Ni:0.1111111111|O:0.5555555556,Ba-Ca-Gd-Ni-O,1.230384340254111,q2,1.3236907933578403,5
te_zt,224,Ba:0.1111111111|Ca:0.01111111111|Gd:0.2111111111|Ni:0.1111111111|O:0.5555555556,Ba-Ca-Gd-Ni-O,1.2679651091101114,q2,1.3236907933578403,5
te_zt,225,Ba:0.1111111111|Ca:0.01666666667|Gd:0.2055555556|Ni:0.1111111111|O:0.5555555556,Ba-Ca-Gd-Ni-O,1.3236907933578403,q2,1.3236907933578403,5
te_zt,226,Ba:0.1111111111|Ca:0.02222222222|Gd:0.2|Ni:0.1111111111|O:0.5555555556,Ba-Ca-Gd-Ni-O,1.3943433617166685,q2,1.3236907933578403,5
te_zt,227,Ba:0.1111111111|Ca:0.02777777778|Gd:0.1944444444|Ni:0.1111111111|O:0.5555555556,Ba-Ca-Gd-Ni-O,1.4771686192898943,q2,1.3236907933578403,5
te_zt,250,Ba:0.14|Bi:0.06|Co:0.1|O:0.6|Ru:0.1,Ba-Bi-Co-O-Ru,5.915590556764633,q4,6.047545792149324,5
te_zt,251,Ba:0.16|Bi:0.04|Co:0.1|O:0.6|Ru:0.1,Ba-Bi-Co-O-Ru,5.989328007665883,q4,6.047545792149324,5
te_zt,252,Ba:0.17|Bi:0.03|Co:0.1|O:0.6|Ru:0.1,Ba-Bi-Co-O-Ru,6.047545792149324,q4,6.047545792149324,5
te_zt,253,Ba:0.18|Bi:0.02|Co:0.1|O:0.6|Ru:0.1,Ba-Bi-Co-O-Ru,6.120369290339335,q4,6.047545792149324,5
te_zt,254,Ba:0.19|Bi:0.01|Co:0.1|O:0.6|Ru:0.1,Ba-Bi-Co-O-Ru,6.2084520989157355,q4,6.047545792149324,5
te_zt,258,Ba:0.2|Co:0.1|O:0.6|Ru:0.1,Ba-Co-O-Ru,6.105787013093938,q4,6.105787013093938,1
te_zt,259,Bi:0.001582278481|Mg:0.6835443038|Si:0.1259493671|Sn:0.1889240506,Bi-Mg-Si-Sn,3.343011721141786,q3,3.3420957896263617,5
te_zt,262,Bi:0.003164556962|Mg:0.6835443038|Si:0.1253164557|Sn:0.1879746835,Bi-Mg-Si-Sn,3.3426857559808685,q3,3.3420957896263617,5
te_zt,264,Bi:0.004746835443|Mg:0.6835443038|Si:0.1246835443|Sn:0.1870253165,Bi-Mg-Si-Sn,3.3420957896263617,q3,3.3420957896263617,5
te_zt,265,Bi:0.005376344086|Ni:0.2688172043|Pb:0.2419354839|Sn:0.2150537634|Zr:0.2688172043,Bi-Ni-Pb-Sn-Zr,3.5922953857645337,q3,2.727895463496256,4
te_zt,266,Bi:0.005649717514|Ni:0.2824858757|Pb:0.2598870056|Sn:0.1694915254|Zr:0.2824858757,Bi-Ni-Pb-Sn-Zr,3.039684074315593,q3,2.727895463496256,4
te_zt,267,Bi:0.005952380952|Ni:0.2976190476|Pb:0.2797619048|Sn:0.119047619|Zr:0.2976190476,Bi-Ni-Pb-Sn-Zr,2.4161068526769185,q3,2.727895463496256,4
te_zt,268,Bi:0.005|Mn:0.04|Sn:0.455|Te:0.5,Bi-Mn-Sn-Te,2.3002793434204447,q3,2.3080500942658255,2
te_zt,270,Bi:0.006289308176|Ni:0.3144654088|Pb:0.3018867925|Sn:0.06289308176|Zr:0.3144654088,Bi-Ni-Pb-Sn-Zr,1.7306895161377596,q3,2.727895463496256,4
te_zt,271,Bi:0.006329113924|Mg:0.6835443038|Si:0.1240506329|Sn:0.1860759494,Bi-Mg-Si-Sn,3.3414925607609636,q3,3.3420957896263617,5
te_zt,273,Bi:0.006666666667|Ni:0.3333333333|Sn:0.3266666667|Zr:0.3333333333,Bi-Ni-Sn-Zr,4.691512483562798,q4,4.691512483562798,1
te_zt,275,Bi:0.009493670886|Mg:0.6835443038|Si:0.1227848101|Sn:0.1841772152,Bi-Mg-Si-Sn,3.3406201625951675,q3,3.3420957896263617,5
te_zt,278,Bi:0.015|Mn:0.05|Sn:0.435|Te:0.5,Bi-Mn-Sn-Te,2.3158208451112063,q3,2.3080500942658255,2
te_zt,280,Bi:0.02|Mg:0.6|Sb:0.38,Bi-Mg-Sb,1.8805747892518592,q2,1.582731836948886,3
te_zt,281,Bi:0.04|Mg:0.6|Sb:0.36,Bi-Mg-Sb,1.582731836948886,q2,1.582731836948886,3
te_zt,293,Bi:0.08|Mg:0.6|Sb:0.32,Bi-Mg-Sb,1.2548334459457076,q2,1.582731836948886,3
te_zt,310,Bi:0.24625|Cu:0.25|Na:0.00375|O:0.25|Se:0.25,Bi-Cu-Na-O-Se,5.248365659153576,q4,5.248365659153576,1
te_zt,329,Bi:0.347826087|Cl:0.0002826086957|Rb:0.08695652174|Se:0.5649347826,Bi-Cl-Rb-Se,1.8727392516196077,q2,1.8758157551894599,4
te_zt,330,Bi:0.347826087|Cl:0.0003956521739|Rb:0.08695652174|Se:0.5648217391,Bi-Cl-Rb-Se,1.8734036114550103,q2,1.8758157551894599,4
te_zt,331,Bi:0.347826087|Cl:0.000847826087|Rb:0.08695652174|Se:0.5643695652,Bi-Cl-Rb-Se,1.8782278989239094,q2,1.8758157551894599,4
te_zt,332,Bi:0.347826087|Cl:0.001130434783|Rb:0.08695652174|Se:0.5640869565,Bi-Cl-Rb-Se,1.8829918912508132,q2,1.8758157551894599,4
te_zt,346,Bi:0.4230769231|Ca:0.5384615385|Mg:0.03846153846,Bi-Ca-Mg,6.160286250135531,q4,6.160286250135531,1
te_zt,348,Bi:0.4230769231|Mg:0.03846153846|Sr:0.5384615385,Bi-Mg-Sr,1810.846680234638,q4,1810.846680234638,1
te_zt,349,Bi:0.4230769231|Mg:0.03846153846|Yb:0.5384615385,Bi-Mg-Yb,5.278572077663617,q4,5.278572077663617,1
te_zt,353,Bi:0.4|S:0.6,Bi-S,1.3194088566116027,q2,1.3194088566116027,1
te_zt,363,Ca:0.03846153846|Mn:0.03846153846|Sb:0.4230769231|Yb:0.5,Ca-Mn-Sb-Yb,1.7573752027902971,q2,1.7573752027902971,1
te_zt,366,Ca:0.15|La:0.05|O:0.6|Ti:0.2,Ca-La-O-Ti,3.4978767140600735,q3,3.040583667389396,4
te_zt,367,Ca:0.16|La:0.04|O:0.6|Ti:0.2,Ca-La-O-Ti,3.179999330297442,q3,3.040583667389396,4
te_zt,368,Ca:0.17|La:0.03|O:0.6|Ti:0.2,Ca-La-O-Ti,2.9011680044813497,q3,3.040583667389396,4
te_zt,369,Ca:0.1875|Co:0.23125|O:0.5625|Ti:0.01875,Ca-Co-O-Ti,1.320940954986453,q1,1.2676124153993409,3
te_zt,370,Ca:0.1875|Co:0.2375|O:0.5625|Ti:0.0125,Ca-Co-O-Ti,1.2676124153993409,q1,1.2676124153993409,3
te_zt,371,Ca:0.1875|Co:0.24375|O:0.5625|Ti:0.00625,Ca-Co-O-Ti,1.2307391797843659,q1,1.2676124153993409,3
te_zt,373,Ca:0.18|La:0.02|O:0.6|Ti:0.2,Ca-La-O-Ti,2.6760467482519292,q3,3.040583667389396,4
te_zt,382,Ca:0.3846153846|In:0.1461538462|Sb:0.4615384615|Zn:0.007692307692,Ca-In-Sb-Zn,3.0224680020607853,q3,3.0731132712765357,3
te_zt,383,Ca:0.3846153846|In:0.1523076923|Sb:0.4615384615|Zn:0.001538461538,Ca-In-Sb-Zn,3.105396296162675,q3,3.0731132712765357,3
te_zt,384,Ca:0.3846153846|In:0.1538461538|Sb:0.4615384615,Ca-In-Sb,3.1164126842703856,q2,2.2129637230352412,2
te_zt,385,Ca:0.3846153846|In:0.15|Sb:0.4615384615|Zn:0.003846153846,Ca-In-Sb-Zn,3.0731132712765357,q3,3.0731132712765357,3
te_zt,392,Ca:0.5|In:0.05|Sb:0.45,Ca-In-Sb,1.309514761800097,q2,2.2129637230352412,2
te_zt,394,Ca:0.5|Sb:0.45|Zn:0.05,Ca-Sb-Zn,1.1676328454528306,q1,1.1676328454528306,1
te_zt,395,Cd:0.0075|Pb:0.005|Se:0.5|Sn:0.4875,Cd-Pb-Se-Sn,0.3803311413702557,q1,0.4461006761518492,4
te_zt,396,Cd:0.01246882793|Pb:0.004987531172|Se:0.4987531172|Sn:0.4837905237,Cd-Pb-Se-Sn,0.44588213601355675,q1,0.4461006761518492,4
te_zt,397,Cd:0.0125|Pb:0.005|Se:0.5|Sn:0.4825,Cd-Pb-Se-Sn,0.4463192162901416,q1,0.4461006761518492,4
te_zt,398,Cd:0.0174563591|Pb:0.004987531172|Se:0.4987531172|Sn:0.4788029925,Cd-Pb-Se-Sn,0.5377559402554228,q1,0.4461006761518492,4
te_zt,400,Cd:0.04761904762|La:0.04761904762|Sb:0.4285714286|Yb:0.4761904762,Cd-La-Sb-Yb,3.824289649407766,q3,3.824289649407766,1
te_zt,412,Cd:0.125|Cu:0.1875|In:0.1875|Te:0.5,Cd-Cu-In-Te,3.001330678930393,q3,3.001330678930393,1
te_zt,428,Cd:0.4|Eu:0.2|Sb:0.4,Cd-Eu-Sb,5.471817541645804,q4,5.471817541645804,1
te_zt,429,Cd:0.4|Sb:0.4|Yb:0.2,Cd-Sb-Yb,2.0389178979806806,q2,2.0389178979806806,1
te_zt,430,Ce:0.005|Sn:0.495|Te:0.5,Ce-Sn-Te,1.7481035336980915,q3,3.4268912183812987,3
te_zt,434,Ce:0.015|Sn:0.485|Te:0.5,Ce-Sn-Te,5.123244923520239,q3,3.4268912183812987,3
te_zt,436,Ce:0.01|Sn:0.49|Te:0.5,Ce-Sn-Te,3.4268912183812987,q3,3.4268912183812987,3
te_zt,438,Cl:0.002873563218|In:0.5747126437|Pb:0.001436781609|Se:0.4166666667|Sn:0.004310344828,Cl-In-Pb-Se-Sn,2.869814297456022,q3,3.0002200649222184,3
te_zt,441,Cl:0.005730659026|In:0.5730659026|Pb:0.001432664756|Se:0.4154727794|Sn:0.004297994269,Cl-In-Pb-Se-Sn,3.0002200649222184,q3,3.0002200649222184,3
te_zt,442,Cl:0.008571428571|In:0.5714285714|Pb:0.001428571429|Se:0.4142857143|Sn:0.004285714286,Cl-In-Pb-Se-Sn,3.204581382603555,q3,3.0002200649222184,3
te_zt,443,Cl:0.02500178584|Cu:0.3666690478|S:0.475033931|Sn:0.1332952354,Cl-Cu-S-Sn,4.417254654365699,q4,4.417372449962625,3
te_zt,444,Cl:0.025|Cu:0.3571428571|S:0.475|Sn:0.1428571429,Cl-Cu-S-Sn,4.417372449962625,q4,4.417372449962625,3
te_zt,445,Cl:0.05000357168|Cu:0.3666690478|S:0.4500321452|Sn:0.1332952354,Cl-Cu-S-Sn,5.51469923998958,q4,4.417372449962625,3
te_zt,448,Co:0.16|Fe:0.02|La:0.2|Ni:0.02|O:0.6,Co-Fe-La-Ni-O,1.32868638558768,q2,1.32868638558768,3
te_zt,449,Co:0.18|Fe:0.01|La:0.2|Ni:0.01|O:0.6,Co-Fe-La-Ni-O,1.2481690637639515,q2,1.32868638558768,3
te_zt,454,Co:0.1|Fe:0.05|La:0.2|Ni:0.05|O:0.6,Co-Fe-La-Ni-O,1.710796643909942,q2,1.32868638558768,3
te_zt,460,Co:0.2222222222|La:0.1111111111|Sb:0.6666666667,Co-La-Sb,5.237474490636238,q3,2.962947901679516,7
te_zt,461,Co:0.231884058|La:0.07246376812|Sb:0.6956521739,Co-La-Sb,3.7875502201499978,q3,2.962947901679516,7
te_zt,462,Co:0.2352941176|La:0.05882352941|Sb:0.7058823529,Co-La-Sb,3.3649225518920343,q3,2.962947901679516,7
te_zt,464,Co:0.2395209581|La:0.04191616766|Sb:0.7185628743,Co-La-Sb,2.962947901679516,q3,2.962947901679516,7
te_zt,467,Co:0.2424242424|La:0.0303030303|Sb:0.7272727273,Co-La-Sb,2.798573194695289,q3,2.962947901679516,7
te_zt,468,Co:0.2430133657|Sb:0.7442284326|Sr:0.0127582017,Co-Sb-Sr,20.618967825489296,q4,20.618967825489296,1
te_zt,469,Co:0.2444987775|Sb:0.7408312958|Sr:0.01283618582|Yb:0.001833740831,Co-Sb-Sr-Yb,20.863350007087895,q4,16.03221167132706,2
te_zt,470,Co:0.245398773|La:0.01840490798|Sb:0.736196319,Co-La-Sb,2.7521536270104257,q3,2.962947901679516,7
te_zt,472,Co:0.2466091245|Sb:0.7398273736|Tl:0.01356350185,Co-Sb-Tl,2.238228633972987,q3,2.324402227004164,2
te_zt,473,Co:0.248447205|La:0.006211180124|Sb:0.7453416149,Co-La-Sb,2.851974618266588,q3,2.962947901679516,7
te_zt,474,Co:0.248447205|Sb:0.7453416149|Tl:0.006211180124,Co-Sb-Tl,2.410575820035341,q3,2.324402227004164,2
te_zt,475,Co:0.2498438476|Sb:0.7382885696|Sr:0.009993753904|Yb:0.001873828857,Co-Sb-Sr-Yb,11.201073335566225,q4,16.03221167132706,2
te_zt,477,Co:0.25|Li:0.25|O:0.5,Co-Li-O,1.2275899732125217,q1,1.2275899732125217,1
te_zt,478,Co:0.25|Sb:0.75,Co-Sb,3.8074401272825815,q3,3.8074401272825815,1
te_zt,479,Co:0.2|La:0.2|O:0.6,Co-La-O,1.2499475754750244,q1,1.2499475754750244,1
te_zt,482,Co:0.3166666667|Ge:0.3333333333|Ni:0.01666666667|Te:0.3333333333,Co-Ge-Ni-Te,4.378878267577334,q4,4.451564530964402,3
te_zt,483,Co:0.3233333333|Ge:0.3333333333|Ni:0.01|Te:0.3333333333,Co-Ge-Ni-Te,4.451564530964402,q4,4.451564530964402,3
te_zt,486,Co:0.3333333333|Ge:0.3333333333|Te:0.3333333333,Co-Ge-Te,4.888182252986746,q4,4.888182252986746,1
te_zt,495,Co:0.3333333333|Nb:0.3333333333|Sb:0.03333333333|Sn:0.3,Co-Nb-Sb-Sn,0.5125258351946379,q1,0.5125258351946379,1
te_zt,498,Co:0.3333333333|S:0.6666666667,Co-S,6.219831131730749,q4,6.563465784756958,2
te_zt,499,Co:0.33|Ge:0.3333333333|Ni:0.003333333333|Te:0.3333333333,Co-Ge-Ni-Te,4.533104451402045,q4,4.451564530964402,3
te_zt,501,Co:0.5294117647|S:0.4705882353,Co-S,6.907100437783167,q4,6.563465784756958,2
te_zt,506,Cr:0.25|Se:0.75,Cr-Se,4.122720431421079,q4,4.122720431421079,1
te_zt,509,Cr:0.5025125628|N:0.4522613065|O:0.04522613065,Cr-N-O,4.7194069926157844,q4,4.7194069926157844,1
te_zt,545,Cu:0.25|Se:0.5|Sn:0.125|Zn:0.125,Cu-Se-Sn-Zn,1.4003757161851111,q2,1.4003757161851111,1
te_zt,552,Cu:0.3333333333|Se:0.5|Sn:0.1666666667,Cu-Se-Sn,1.2537112842044804,q1,1.2758707476505797,2
te_zt,564,Cu:0.3571428571|Se:0.5|Sn:0.1428571429,Cu-Se-Sn,1.298030211096679,q1,1.2758707476505797,2
te_zt,568,Cu:0.3620689655|Ni:0.05172413793|S:0.4482758621|Sb:0.1379310345,Cu-Ni-S-Sb,1.0516010466860026,q1,1.0516010466860026,1
te_zt,580,Cu:0.375|Ge:0.0125|P:0.1125|S:0.5,Cu-Ge-P-S,13.916727868244102,q4,8.560109322248689,4
te_zt,584,Cu:0.375|Ge:0.025|P:0.1|S:0.5,Cu-Ge-P-S,10.226956193890542,q4,8.560109322248689,4
te_zt,585,Cu:0.375|Ge:0.0375|P:0.0875|S:0.5,Cu-Ge-P-S,6.893262450606834,q4,8.560109322248689,4
te_zt,586,Cu:0.375|Ge:0.05|P:0.075|S:0.5,Cu-Ge-P-S,4.738507652153358,q4,8.560109322248689,4
te_zt,587,Cu:0.375|In:0.00025|Sb:0.12475|Se:0.5,Cu-In-Sb-Se,0.40682220995007035,q1,0.40375096087405227,3
te_zt,588,Cu:0.375|In:0.000375|Sb:0.124625|Se:0.5,Cu-In-Sb-Se,0.40375096087405227,q1,0.40375096087405227,3
te_zt,589,Cu:0.375|In:0.0005|Sb:0.1245|Se:0.5,Cu-In-Sb-Se,0.4008537927011727,q1,0.40375096087405227,3
te_zt,590,Cu:0.375|S:0.5|Sb:0.125,Cu-S-Sb,1.1867656100039405,q2,1.3004161688567033,2
te_zt,591,Cu:0.375|Sb:0.125|Se:0.5,Cu-Sb-Se,1.2840235799808275,q1,1.2840235799808275,1
te_zt,593,Cu:0.3939393939|Ge:0.0303030303|S:0.4848484848|Sb:0.06060606061|Ti:0.0303030303,Cu-Ge-S-Sb-Ti,1.2888657257537153,q2,1.3312561455758187,2
te_zt,594,Cu:0.3939393939|Ge:0.04545454545|S:0.4848484848|Sb:0.04545454545|Ti:0.0303030303,Cu-Ge-S-Sb-Ti,1.3736465653979224,q2,1.3312561455758187,2
te_zt,599,Cu:0.3965517241|Gd:0.01724137931|S:0.4482758621|Sb:0.1379310345,Cu-Gd-S-Sb,1.0132403962338723,q1,1.0132403962338723,5
te_zt,600,Cu:0.4034482759|Gd:0.01034482759|S:0.4482758621|Sb:0.1379310345,Cu-Gd-S-Sb,1.0032696646463612,q1,1.0132403962338723,5
te_zt,601,Cu:0.4068965517|Gd:0.006896551724|S:0.4482758621|Sb:0.1379310345,Cu-Gd-S-Sb,1.018451257430969,q1,1.0132403962338723,5
te_zt,602,Cu:0.4103448276|Gd:0.003448275862|S:0.4482758621|Sb:0.1379310345,Cu-Gd-S-Sb,1.049243594755026,q1,1.0132403962338723,5
te_zt,603,Cu:0.4137931034|S:0.4482758621|Sb:0.1379310345,Cu-S-Sb,1.414066727709466,q2,1.3004161688567033,2
te_zt,605,Cu:0.4|Gd:0.01379310345|S:0.4482758621|Sb:0.1379310345,Cu-Gd-S-Sb,1.0019564877204858,q1,1.0132403962338723,5
te_zt,606,Cu:0.5|P:0.07142857143|S:0.1071428571|Se:0.3214285714,Cu-P-S-Se,2.094099942443681,q3,3.0684570511879965,6
te_zt,607,Cu:0.5|P:0.07142857143|S:0.2142857143|Se:0.2142857143,Cu-P-S-Se,2.8916053072643813,q3,3.0684570511879965,6
te_zt,608,Cu:0.5|P:0.07142857143|S:0.2357142857|Se:0.1928571429,Cu-P-S-Se,3.0127906000353333,q3,3.0684570511879965,6
te_zt,609,Cu:0.5|P:0.07142857143|S:0.2571428571|Se:0.1714285714,Cu-P-S-Se,3.1241235023406597,q3,3.0684570511879965,6
te_zt,610,Cu:0.5|P:0.07142857143|S:0.2785714286|Se:0.15,Cu-P-S-Se,3.227624038211784,q3,3.0684570511879965,6
te_zt,611,Cu:0.5|P:0.07142857143|S:0.3214285714|Se:0.1071428571,Cu-P-S-Se,3.421132114410533,q3,3.0684570511879965,6
te_zt,612,Cu:0.5|P:0.07142857143|S:0.4285714286,Cu-P-S,3.8295106057376453,q3,3.8295106057376453,1
te_zt,614,Cu:0.6078431373|S:0.3921568627,Cu-S,3.6246461083317314,q3,3.5981395479719356,3
te_zt,615,Cu:0.6153846154|S:0.3846153846,Cu-S,3.5981395479719356,q3,3.5981395479719356,3
te_zt,622,Cu:0.6566666667|In:0.01|Se:0.3333333333,Cu-In-Se,1.5516880107769833,q2,1.5516880107769833,3
te_zt,623,Cu:0.65|In:0.01666666667|Se:0.3333333333,Cu-In-Se,1.5895402360142903,q2,1.5516880107769833,3
te_zt,624,Cu:0.6610169492|S:0.1694915254|Se:0.1694915254,Cu-S-Se,2.162132703139528,q1,1.2628172025164208,11
te_zt,625,Cu:0.6633333333|In:0.003333333333|Se:0.3333333333,Cu-In-Se,1.5297617909180887,q2,1.5516880107769833,3
te_zt,626,Cu:0.6638655462|S:0.1680672269|Se:0.1680672269,Cu-S-Se,2.1485200800019046,q1,1.2628172025164208,11
te_zt,627,Cu:0.6655518395|S:0.1672240803|Se:0.1672240803,Cu-S-Se,2.1409899344724352,q1,1.2628172025164208,11
te_zt,628,Cu:0.6666666667|I:0.01333333333|Se:0.32,Cu-I-Se,8.058394677546218,q4,12.149015052612844,2
te_zt,629,Cu:0.6666666667|I:0.02666666667|Se:0.3066666667,Cu-I-Se,16.23963542767947,q4,12.149015052612844,2
te_zt,630,Cu:0.6666666667|S:0.006666666667|Se:0.3266666667,Cu-S-Se,1.1359028112350478,q1,1.2628172025164208,11
te_zt,631,Cu:0.6666666667|S:0.01333333333|Se:0.32,Cu-S-Se,1.1425621609045085,q1,1.2628172025164208,11
te_zt,632,Cu:0.6666666667|S:0.02666666667|Se:0.3066666667,Cu-S-Se,1.1927197561528422,q1,1.2628172025164208,11
te_zt,633,Cu:0.6666666667|S:0.02|Se:0.3133333333,Cu-S-Se,1.1627544545162578,q1,1.2628172025164208,11
te_zt,634,Cu:0.6666666667|S:0.03333333333|Se:0.3,Cu-S-Se,1.2273089079076647,q1,1.2628172025164208,11
te_zt,635,Cu:0.6666666667|S:0.04|Se:0.2933333333,Cu-S-Se,1.2628172025164208,q1,1.2628172025164208,11
te_zt,636,Cu:0.6666666667|S:0.1666666667|Se:0.1666666667,Cu-S-Se,2.136232338443826,q1,1.2628172025164208,11
te_zt,637,Cu:0.6666666667|S:0.1|Se:0.2333333333,Cu-S-Se,1.6728125215222218,q1,1.2628172025164208,11
te_zt,641,Cu:0.6|S:0.4,Cu-S,3.5450309788596,q3,3.5981395479719356,3
te_zt,646,Fe:0.3333333333|Hf:0.02666666667|Nb:0.3066666667|Sb:0.3333333333,Fe-Hf-Nb-Sb,1.8718140448221237,q2,2.241093397122065,4
te_zt,647,Fe:0.3333333333|Hf:0.03333333333|Nb:0.3|Sb:0.3333333333,Fe-Hf-Nb-Sb,2.112827696945553,q2,2.241093397122065,4
te_zt,648,Fe:0.3333333333|Hf:0.04666666667|Nb:0.2866666667|Sb:0.3333333333,Fe-Hf-Nb-Sb,2.646140377393175,q2,2.241093397122065,4
te_zt,649,Fe:0.3333333333|Hf:0.04|Nb:0.2933333333|Sb:0.3333333333,Fe-Hf-Nb-Sb,2.3693590972985765,q2,2.241093397122065,4
te_zt,651,Fe:0.3333333333|Nb:0.2866666667|Sb:0.3333333333|Zr:0.04666666667,Fe-Nb-Sb-Zr,1.6141976736873278,q1,1.188762637353172,3
te_zt,654,Fe:0.3333333333|Nb:0.3066666667|Sb:0.3333333333|Zr:0.02666666667,Fe-Nb-Sb-Zr,0.9734927241826717,q1,1.188762637353172,3
te_zt,656,Fe:0.3333333333|Nb:0.3|Sb:0.3333333333|Zr:0.03333333333,Fe-Nb-Sb-Zr,1.188762637353172,q1,1.188762637353172,3
te_zt,657,Fe:0.3333333333|Sb:0.3333333333|Ta:0.28|Ti:0.05333333333,Fe-Sb-Ta-Ti,3.860294675880903,q2,2.0558786859007827,6
te_zt,658,Fe:0.3333333333|Sb:0.3333333333|Ta:0.2933333333|Ti:0.04,Fe-Sb-Ta-Ti,3.0242637240737857,q2,2.0558786859007827,6
te_zt,659,Fe:0.3333333333|Sb:0.3333333333|Ta:0.3066666667|Ti:0.02666666667,Fe-Sb-Ta-Ti,2.2346258559503696,q2,2.0558786859007827,6
te_zt,660,Fe:0.3333333333|Sb:0.3333333333|Ta:0.3133333333|Ti:0.02,Fe-Sb-Ta-Ti,1.8771315158511956,q2,2.0558786859007827,6
te_zt,661,Fe:0.3333333333|Sb:0.3333333333|Ta:0.3266666667|Ti:0.006666666667,Fe-Sb-Ta-Ti,1.3467445821617166,q2,2.0558786859007827,6
te_zt,662,Fe:0.3333333333|Sb:0.3333333333|Ta:0.32|Ti:0.01333333333,Fe-Sb-Ta-Ti,1.5690840203878735,q2,2.0558786859007827,6
te_zt,666,Ga:0.286|Ge:0.566|Sr:0.148,Ga-Ge-Sr,481.23814315960226,q4,477.8336712359398,5
te_zt,667,Ga:0.287|Ge:0.566|Sr:0.147,Ga-Ge-Sr,477.8336712359398,q4,477.8336712359398,5
te_zt,668,Ga:0.292|Ge:0.563|Sr:0.145,Ga-Ge-Sr,471.02562187151256,q4,477.8336712359398,5
te_zt,669,Ga:0.2947052947|Ge:0.5554445554|Sr:0.1498501499,Ga-Ge-Sr,487.5398254936852,q4,477.8336712359398,5
te_zt,670,Ga:0.296|Ge:0.563|Sr:0.141,Ga-Ge-Sr,457.40809202113417,q4,477.8336712359398,5
te_zt,671,Gd:0.001814882033|Mg:0.6352087114|Sb:0.3629764065,Gd-Mg-Sb,1.5715477088475542,q2,1.5612421150352338,6
te_zt,672,Gd:0.003623188406|Mg:0.634057971|Sb:0.3623188406,Gd-Mg-Sb,1.5652345980256177,q2,1.5612421150352338,6
te_zt,673,Gd:0.005424954792|Mg:0.6329113924|Sb:0.356238698|Te:0.005424954792,Gd-Mg-Sb-Te,2.2044952678658913,q2,2.189945617063518,2
te_zt,674,Gd:0.005424954792|Mg:0.6329113924|Sb:0.3616636528,Gd-Mg-Sb,1.5616446852841086,q2,1.5612421150352338,6
te_zt,675,Gd:0.006323396567|Mg:0.6323396567|Sb:0.3613369467,Gd-Mg-Sb,1.5607876807788732,q2,1.5612421150352338,6
te_zt,676,Gd:0.007220216606|Mg:0.6317689531|Sb:0.3555956679|Te:0.005415162455,Gd-Mg-Sb-Te,2.1753959662611444,q2,2.189945617063518,2
te_zt,677,Gd:0.007220216606|Mg:0.6317689531|Sb:0.3610108303,Gd-Mg-Sb,1.5605254775798933,q2,1.5612421150352338,6
te_zt,678,Gd:0.008115419297|Mg:0.6311992786|Sb:0.3606853021,Gd-Mg-Sb,1.5608395447863588,q2,1.5612421150352338,6
te_zt,692,Ge:0.1666666667|Te:0.5|Tl:0.3333333333,Ge-Te-Tl,2.872263698192887,q3,2.872263698192887,1
te_zt,693,Ge:0.1|Sn:0.4|Te:0.5,Ge-Sn-Te,1.521535531645759,q2,1.521535531645759,1
te_zt,694,Ge:0.2142857143|Li:0.1428571429|Sb:0.1428571429|Te:0.5,Ge-Li-Sb-Te,5.784772087161024,q3,3.1863131268614726,4
te_zt,695,Ge:0.2592592593|Li:0.07407407407|Sb:0.1481481481|Te:0.5185185185,Ge-Li-Sb-Te,3.5571796477367754,q3,3.1863131268614726,4
te_zt,696,Ge:0.275|Pb:0.225|Se:0.1|Te:0.4,Ge-Pb-Se-Te,2.2976623777612413,q3,3.659885546395111,5
te_zt,697,Ge:0.275|Pb:0.225|Se:0.25|Te:0.25,Ge-Pb-Se-Te,3.818396502801825,q3,3.659885546395111,5
te_zt,698,Ge:0.275|Pb:0.225|Se:0.35|Te:0.15,Ge-Pb-Se-Te,3.659885546395111,q3,3.659885546395111,5
te_zt,699,Ge:0.275|Pb:0.225|Se:0.3|Te:0.2,Ge-Pb-Se-Te,3.8101419059444526,q3,3.659885546395111,5
te_zt,700,Ge:0.275|Pb:0.225|Se:0.4|Te:0.1,Ge-Pb-Se-Te,3.5491663043226405,q3,3.659885546395111,5
te_zt,703,Ge:0.3666666667|Li:0.06666666667|Sb:0.06666666667|Te:0.5,Ge-Li-Sb-Te,2.8154466059861702,q3,3.1863131268614726,4
te_zt,704,Ge:0.3898305085|Li:0.03389830508|Sb:0.06779661017|Te:0.5084745763,Ge-Li-Sb-Te,1.704602463968575,q3,3.1863131268614726,4
te_zt,711,Ge:0.435|Mn:0.025|Sb:0.04|Te:0.5,Ge-Mn-Sb-Te,1.4863930208123022,q1,1.2963712202974573,4
te_zt,713,Ge:0.45|Li:0.005|Mg:0.495|Si:0.05,Ge-Li-Mg-Si,5.418442589900657,q4,5.324349579442661,6
te_zt,714,Ge:0.45|Li:0.015|Mg:0.485|Si:0.05,Ge-Li-Mg-Si,5.343068332870132,q4,5.324349579442661,6
te_zt,715,Ge:0.45|Li:0.01|Mg:0.49|Si:0.05,Ge-Li-Mg-Si,5.3756050824765405,q4,5.324349579442661,6
te_zt,716,Ge:0.45|Li:0.025|Mg:0.475|Si:0.05,Ge-Li-Mg-Si,5.305630826015189,q4,5.324349579442661,6
te_zt,717,Ge:0.45|Mn:0.025|Sb:0.025|Te:0.5,Ge-Mn-Sb-Te,1.3473802653988267,q1,1.2963712202974573,4
te_zt,721,Ge:0.48|Mn:0.01|Sb:0.01|Te:0.5,Ge-Mn-Sb-Te,1.2453621751960877,q1,1.2963712202974573,4
te_zt,724,Ge:0.49|Mn:0.005|Sb:0.005|Te:0.5,Ge-Mn-Sb-Te,1.2246211204370596,q1,1.2963712202974573,4
te_zt,726,Ge:0.4|Li:0.015|Mg:0.485|Si:0.1,Ge-Li-Mg-Si,5.214192671806281,q4,5.324349579442661,6
te_zt,727,Ge:0.4|Li:0.01|Mg:0.49|Si:0.1,Ge-Li-Mg-Si,5.236163963030528,q4,5.324349579442661,6
te_zt,741,Ho:0.001814882033|Mg:0.6352087114|Sb:0.3575317604|Te:0.005444646098,Ho-Mg-Sb-Te,2.2479692522820565,q3,2.5262339764396007,4
te_zt,742,Ho:0.001814882033|Mg:0.6352087114|Sb:0.3629764065,Ho-Mg-Sb,1.756610440439913,q2,2.147841441284096,4
te_zt,743,Ho:0.003623188406|Mg:0.634057971|Sb:0.356884058|Te:0.005434782609,Ho-Mg-Sb-Te,2.398790004388247,q3,2.5262339764396007,4
te_zt,744,Ho:0.003623188406|Mg:0.634057971|Sb:0.3623188406,Ho-Mg-Sb,1.9823980862647776,q2,2.147841441284096,4
te_zt,745,Ho:0.005424954792|Mg:0.6329113924|Sb:0.356238698|Te:0.005424954792,Ho-Mg-Sb-Te,2.653677948490954,q3,2.5262339764396007,4
te_zt,746,Ho:0.005424954792|Mg:0.6329113924|Sb:0.3616636528,Ho-Mg-Sb,2.3132847963034147,q2,2.147841441284096,4
te_zt,747,Ho:0.007220216606|Mg:0.6317689531|Sb:0.3555956679|Te:0.005415162455,Ho-Mg-Sb-Te,2.9843845866457355,q3,2.5262339764396007,4
te_zt,748,Ho:0.007220216606|Mg:0.6317689531|Sb:0.3610108303,Ho-Mg-Sb,2.709762951839616,q2,2.147841441284096,4
te_zt,749,I:0.0005|In:0.0025|Pb:0.4975|Te:0.4995,I-In-Pb-Te,1.3862292090487593,q3,2.7451713966468656,11
te_zt,750,I:0.0005|In:0.005|Pb:0.495|Te:0.4995,I-In-Pb-Te,1.3870952696585757,q3,2.7451713966468656,11
te_zt,751,I:0.001|In:0.0025|Pb:0.4975|Te:0.499,I-In-Pb-Te,1.7446256318381714,q3,2.7451713966468656,11
te_zt,752,I:0.001|In:0.005|Pb:0.495|Te:0.499,I-In-Pb-Te,1.7459038825087467,q3,2.7451713966468656,11
te_zt,753,I:0.001|In:0.0075|Pb:0.4925|Te:0.499,I-In-Pb-Te,1.750510289189455,q3,2.7451713966468656,11
te_zt,754,I:0.002|In:0.0025|Pb:0.4975|Te:0.498,I-In-Pb-Te,2.7451713966468656,q3,2.7451713966468656,11
te_zt,755,I:0.002|In:0.005|Pb:0.495|Te:0.498,I-In-Pb-Te,2.746668038814267,q3,2.7451713966468656,11
te_zt,756,I:0.002|In:0.0075|Pb:0.4925|Te:0.498,I-In-Pb-Te,2.750221098798101,q3,2.7451713966468656,11
te_zt,757,I:0.003|In:0.0025|Pb:0.4975|Te:0.497,I-In-Pb-Te,3.8761969755918972,q3,2.7451713966468656,11
te_zt,758,I:0.003|In:0.005|Pb:0.495|Te:0.497,I-In-Pb-Te,3.8777419304977325,q3,2.7451713966468656,11
te_zt,759,I:0.003|In:0.0075|Pb:0.4925|Te:0.497,I-In-Pb-Te,3.880669049871398,q3,2.7451713966468656,11
te_zt,763,I:0.06976744186|Mo:0.2790697674|Sb:0.6511627907,I-Mo-Sb,67.63706274828097,q4,105.6336204310349,4
te_zt,764,I:0.09090909091|Mo:0.2727272727|Sb:0.6363636364,I-Mo-Sb,93.32289124139899,q4,105.6336204310349,4
te_zt,765,I:0.1111111111|Mo:0.2666666667|Sb:0.6222222222,I-Mo-Sb,117.9443496206708,q4,105.6336204310349,4
te_zt,766,I:0.1304347826|Mo:0.2608695652|Sb:0.6086956522,I-Mo-Sb,141.52890963226656,q4,105.6336204310349,4
te_zt,769,In:0.01|Se:0.5|Sn:0.49,In-Se-Sn,1.253648068524914,q1,1.253648068524914,1
te_zt,780,Mg:0.3968253968|Sb:0.3968253968|Zn:0.2063492063,Mg-Sb-Zn,1.3675488818703563,q2,1.3657290814006695,5
te_zt,781,Mg:0.3984063745|Sb:0.3984063745|Zn:0.203187251,Mg-Sb-Zn,1.3653920869927376,q2,1.3657290814006695,5
te_zt,782,Mg:0.4016064257|Sb:0.4016064257|Zn:0.1967871486,Mg-Sb-Zn,1.3657290814006695,q2,1.3657290814006695,5
te_zt,783,Mg:0.4032258065|Sb:0.4032258065|Zn:0.1935483871,Mg-Sb-Zn,1.368337256150832,q2,1.3657290814006695,5
te_zt,784,Mg:0.4|Sb:0.4|Zn:0.2,Mg-Sb-Zn,1.36476590561937,q2,1.3657290814006695,5
te_zt,791,Mg:0.6835443038|Si:0.1265822785|Sn:0.1898734177,Mg-Si-Sn,2.4183211856152473,q3,2.4183211856152473,1
te_zt,796,Mn:0.0145631068|Pb:0.4854368932|Te:0.5,Mn-Pb-Te,1.2155620036809887,q1,1.2155620036809887,1
te_zt,812,Nd:0.4100294985|Te:0.5899705015,Nd-Te,3.1935124543437117,q3,3.1884261746749214,6
te_zt,813,Nd:0.4152046784|Te:0.5847953216,Nd-Te,3.1898638933863106,q3,3.1884261746749214,6
te_zt,814,Nd:0.416909621|Te:0.583090379,Nd-Te,3.189013749045269,q3,3.1884261746749214,6
te_zt,815,Nd:0.4202898551|Te:0.5797101449,Nd-Te,3.1878386003045738,q3,3.1884261746749214,6
te_zt,816,Nd:0.4219653179|Te:0.5780346821,Nd-Te,3.1875055879212475,q3,3.1884261746749214,6
te_zt,817,Nd:0.4285714286|Te:0.5714285714,Nd-Te,3.1877825858414717,q3,3.1884261746749214,6
te_zt,821,Ni:0.3333333333|Pb:0.3333333333|Zr:0.3333333333,Ni-Pb-Zr,1.2182219801305734,q1,1.2182219801305734,1
te_zt,822,Ni:0.3333333333|Sn:0.3333333333|Ti:0.3333333333,Ni-Sn-Ti,1.2176112901601812,q1,1.2176112901601812,1
te_zt,823,Ni:0.3333333333|Sn:0.3333333333|Zr:0.3333333333,Ni-Sn-Zr,5.321405426101544,q4,5.321405426101544,1
te_zt,839,S:0.05|Se:0.45|Sn:0.5,S-Se-Sn,2.2113741651683965,q2,1.6229218505862035,6
te_zt,840,S:0.1|Se:0.4|Sn:0.5,S-Se-Sn,2.6618409817116935,q2,1.6229218505862035,6
te_zt,841,S:0.44|Se:0.06|Sn:0.5,S-Se-Sn,1.7036023768603472,q2,1.6229218505862035,6
te_zt,842,S:0.455|Se:0.045|Sn:0.5,S-Se-Sn,1.54224132431206,q2,1.6229218505862035,6
te_zt,843,S:0.47|Se:0.03|Sn:0.5,S-Se-Sn,1.3937336742128297,q2,1.6229218505862035,6
te_zt,844,S:0.485|Se:0.015|Sn:0.5,S-Se-Sn,1.2741001466349007,q2,1.6229218505862035,6
te_zt,846,S:0.6666666667|Ti:0.3333333333,S-Ti,6.493443537487019,q4,6.493443537487019,1
te_zt,847,Sb:0.02352941176|Sn:0.4705882353|Te:0.5058823529,Sb-Sn-Te,0.40743206930193443,q1,1.0024662412636962,7
te_zt,848,Sb:0.03636363636|Sn:0.4545454545|Te:0.5090909091,Sb-Sn-Te,0.6465220745142782,q1,1.0024662412636962,7
te_zt,849,Sb:0.04444444444|Sn:0.4444444444|Te:0.5111111111,Sb-Sn-Te,0.7896310382944074,q1,1.0024662412636962,7
te_zt,850,Sb:0.05714285714|Sn:0.4285714286|Te:0.5142857143,Sb-Sn-Te,1.0024662412636962,q1,1.0024662412636962,7
te_zt,858,Sb:0.06896551724|Sn:0.4137931034|Te:0.5172413793,Sb-Sn-Te,1.1883181572359331,q1,1.0024662412636962,7
te_zt,859,Sb:0.08|Sn:0.4|Te:0.52,Sb-Sn-Te,1.351979296750902,q1,1.0024662412636962,7
te_zt,860,Sb:0.09523809524|Sn:0.380952381|Te:0.5238095238,Sb-Sn-Te,1.5637353839434958,q1,1.0024662412636962,7
te_zt,862,Se:0.039408867|Sn:0.5073891626|Te:0.4532019704,Se-Sn-Te,1.1432926846866296,q2,1.3741372260749458,3
te_zt,863,Se:0.05911330049|Sn:0.5073891626|Te:0.4334975369,Se-Sn-Te,1.3741372260749458,q2,1.3741372260749458,3
te_zt,864,Se:0.07389162562|Sn:0.5073891626|Te:0.4187192118,Se-Sn-Te,1.4663050233540353,q2,1.3741372260749458,3
te_zt,866,Si:0.6666666667|Yb:0.3333333333,Si-Yb,6.67814459320245,q4,6.67814459320245,1
te_zt,868,Sn:0.5073891626|Te:0.4926108374,Sn-Te,1.247094173283217,q1,1.2442122837223508,2
te_zt,869,Sn:0.5|Te:0.5,Sn-Te,1.2413303941614846,q1,1.2442122837223508,2
alloy_ys,0,Al:0.01538461538|Co:0.1230769231|Cr:0.1230769231|Cu:0.1230769231|Fe:0.1230769231|Mn:0.1230769231|Ni:0.1230769231|Ti:0.1230769231|V:0.1230769231,Al-Co-Cr-Cu-Fe-Mn-Ni-Ti-V,1.7748686391410722,q1,1.8131569555656613,3
alloy_ys,2,Al:0.01960784314|Co:0.1960784314|Cr:0.1960784314|Fe:0.1960784314|Mn:0.1960784314|Ni:0.1960784314,Al-Co-Cr-Fe-Mn-Ni,1.0979044004760967,q1,1.5148076215745143,10
alloy_ys,4,Al:0.0243902439|Co:0.243902439|Cr:0.243902439|Fe:0.243902439|Ni:0.243902439,Al-Co-Cr-Fe-Ni,1.4496831252806501,q1,1.7899503595281008,15
alloy_ys,5,Al:0.0303030303|Co:0.1212121212|Cr:0.1212121212|Cu:0.1212121212|Fe:0.1212121212|Mn:0.1212121212|Ni:0.1212121212|Ti:0.1212121212|V:0.1212121212,Al-Co-Cr-Cu-Fe-Mn-Ni-Ti-V,1.8131569555656613,q1,1.8131569555656613,3
alloy_ys,7,Al:0.03846153846|Co:0.1923076923|Cr:0.1923076923|Fe:0.1923076923|Mn:0.1923076923|Ni:0.1923076923,Al-Co-Cr-Fe-Mn-Ni,1.1980901788717848,q1,1.5148076215745143,10
alloy_ys,8,Al:0.03915881073|Co:0.1863669326|Cr:0.1863669326|Cu:0.03915881073|Fe:0.1863669326|Ni:0.3625815809,Al-Co-Cr-Cu-Fe-Ni,2.1842780508612623,q2,2.1842780508612623,5
alloy_ys,9,Al:0.03929411765|Co:0.2352941176|Cr:0.2352941176|Fe:0.2352941176|Ni:0.2352941176|Ti:0.01952941176,Al-Co-Cr-Fe-Ni-Ti,1.8265624261101516,q1,1.704051038152144,12
alloy_ys,11,Al:0.04761904762|Mo:0.2380952381|Ta:0.2380952381|Ti:0.2380952381|V:0.2380952381,Al-Mo-Ta-Ti-V,3.4350330117688523,q4,3.283710061932091,2
alloy_ys,13,Al:0.05660377358|Co:0.1886792453|Cr:0.1886792453|Fe:0.1886792453|Mn:0.1886792453|Ni:0.1886792453,Al-Co-Cr-Fe-Mn-Ni,1.317673172774323,q1,1.5148076215745143,10
alloy_ys,16,Al:0.05660377358|Nb:0.2358490566|Ti:0.2358490566|V:0.2358490566|Zr:0.2358490566,Al-Nb-Ti-V-Zr,1.6431587563155066,q2,2.48044809300162,6
alloy_ys,22,Al:0.0625|Cr:0.2083333333|Cu:0.1041666667|Fe:0.2083333333|Ni:0.4166666667,Al-Cr-Cu-Fe-Ni,2.2392514913163164,q2,2.3754550091391593,2
alloy_ys,23,Al:0.06976744186|Co:0.2325581395|Cr:0.2325581395|Fe:0.2325581395|Ni:0.2325581395,Al-Co-Cr-Fe-Ni,1.5517043521405791,q1,1.7899503595281008,15
alloy_ys,24,Al:0.07063197026|Co:0.1858736059|Cr:0.1858736059|Fe:0.1858736059|Mn:0.1858736059|Ni:0.1858736059,Al-Co-Cr-Fe-Mn-Ni,1.4167060656708077,q1,1.5148076215745143,10
alloy_ys,25,Al:0.07063197026|Co:0.2323420074|Cr:0.2323420074|Fe:0.2323420074|Ni:0.2323420074,Al-Co-Cr-Fe-Ni,1.5557094010185524,q1,1.7899503595281008,15
alloy_ys,28,Al:0.07695857852|Co:0.1153801777|Cr:0.1153801777|Cu:0.1153801777|Fe:0.1153801777|Mn:0.1153801777|Ni:0.1153801777|Ti:0.1153801777|V:0.1153801777,Al-Co-Cr-Cu-Fe-Mn-Ni-Ti-V,1.9771435175754046,q1,1.8131569555656613,3
alloy_ys,29,Al:0.07698961938|Co:0.2883506344|Cr:0.1923298731|Fe:0.1923298731|Ni:0.1923298731|Ti:0.05767012687,Al-Co-Cr-Fe-Ni-Ti,2.0793927689616916,q1,1.704051038152144,12
alloy_ys,30,Al:0.07918968692|Co:0.1841620626|Cr:0.1841620626|Fe:0.1841620626|Mn:0.1841620626|Ni:0.1841620626,Al-Co-Cr-Fe-Mn-Ni,1.4783386003072994,q1,1.5148076215745143,10
alloy_ys,31,Al:0.07989435457|Co:0.1700231099|Cr:0.1700231099|Cu:0.07989435457|Fe:0.1700231099|Ni:0.330141961,Al-Co-Cr-Cu-Fe-Ni,2.602458629468144,q2,2.1842780508612623,5
alloy_ys,32,Al:0.08925318761|Co:0.1821493625|Cr:0.1821493625|Fe:0.1821493625|Mn:0.1821493625|Ni:0.1821493625,Al-Co-Cr-Fe-Mn-Ni,1.5512766428417295,q1,1.5148076215745143,10
alloy_ys,35,Al:0.09090909091|Co:0.1818181818|Cr:0.1818181818|Cu:0.1818181818|Fe:0.1818181818|Ni:0.1818181818,Al-Co-Cr-Cu-Fe-Ni,1.6520707715821459,q2,2.1842780508612623,5
alloy_ys,36,Al:0.09090909091|Co:0.1818181818|Cr:0.1818181818|Fe:0.1818181818|Mn:0.1818181818|Ni:0.1818181818,Al-Co-Cr-Fe-Mn-Ni,1.5632939895450768,q1,1.5148076215745143,10
alloy_ys,40,Al:0.1000719942|Co:0.2498200144|Cr:0.07991360691|Fe:0.1501079914|Ni:0.3599712023|Ti:0.06011519078,Al-Co-Cr-Fe-Ni-Ti,2.741383252996813,q1,1.704051038152144,12
alloy_ys,42,Al:0.1007194245|Co:0.1798561151|Cr:0.1798561151|Fe:0.1798561151|Mn:0.1798561151|Ni:0.1798561151,Al-Co-Cr-Fe-Mn-Ni,1.6344414442284039,q1,1.5148076215745143,10
alloy_ys,43,Al:0.1103202847|Co:0.1779359431|Cr:0.1779359431|Fe:0.1779359431|Mn:0.1779359431|Ni:0.1779359431,Al-Co-Cr-Fe-Mn-Ni,1.7038291921268531,q1,1.5148076215745143,10
alloy_ys,48,Al:0.1188908146|Co:0.1781629116|Cr:0.1781629116|Fe:0.3466204506|Ni:0.1781629116,Al-Co-Cr-Fe-Ni,2.356562525434955,q1,1.7899503595281008,15
alloy_ys,50,Al:0.1228070175|Co:0.1754385965|Cr:0.1754385965|Fe:0.1754385965|Mn:0.1754385965|Ni:0.1754385965,Al-Co-Cr-Fe-Mn-Ni,1.7934855671158727,q1,1.5148076215745143,10
alloy_ys,55,Al:0.1304347826|Mo:0.2173913043|Ta:0.2173913043|Ti:0.2173913043|V:0.2173913043,Al-Mo-Ta-Ti-V,3.13238711209533,q4,3.283710061932091,2
alloy_ys,56,Al:0.1334266853|Co:0.1666333267|Cr:0.1666333267|Fe:0.1666333267|Ni:0.1666333267|Ti:0.200040008,Al-Co-Cr-Fe-Ni-Ti,1.6884779360552815,q1,1.704051038152144,12
alloy_ys,59,Al:0.1427958834|Co:0.1427958834|Cu:0.1427958834|Fe:0.1427958834|Ni:0.4288164666,Al-Co-Cu-Fe-Ni,3.4523658550440204,q2,2.5051119275375413,6
alloy_ys,60,Al:0.1428571429|Co:0.1428571429|Cr:0.1428571429|Cu:0.1428571429|Fe:0.1428571429|Mn:0.1428571429|Ni:0.1428571429,Al-Co-Cr-Cu-Fe-Mn-Ni,1.953420847731565,q1,1.953420847731565,1
alloy_ys,70,Al:0.1538638985|Co:0.1538638985|Cr:0.1538638985|Fe:0.1538638985|Ni:0.1538638985|Ti:0.2306805075,Al-Co-Cr-Fe-Ni-Ti,1.9468640933223476,q1,1.704051038152144,12
alloy_ys,73,Al:0.1608416548|Co:0.1608416548|Cr:0.1608416548|Fe:0.1608416548|Ni:0.3566333809,Al-Co-Cr-Fe-Ni,2.255539076848112,q1,1.7899503595281008,15
alloy_ys,74,Al:0.1625874126|Co:0.1625874126|Cr:0.1625874126|Fe:0.1625874126|Ni:0.3496503497,Al-Co-Cr-Fe-Ni,2.265016296547251,q1,1.7899503595281008,15
alloy_ys,75,Al:0.1639118457|Co:0.1639118457|Cr:0.1639118457|Fe:0.1639118457|Ni:0.3443526171,Al-Co-Cr-Fe-Ni,2.274892951889712,q1,1.7899503595281008,15
alloy_ys,77,Al:0.1666666667|Co:0.1666666667|Cr:0.1666666667|Cu:0.1666666667|Fe:0.1666666667|Ni:0.1666666667,Al-Co-Cr-Cu-Fe-Ni,1.8142506694506868,q2,2.1842780508612623,5
alloy_ys,78,Al:0.1666666667|Co:0.1666666667|Cr:0.1666666667|Fe:0.1666666667|Ni:0.1666666667|Si:0.1666666667,Al-Co-Cr-Fe-Ni-Si,5.302440640461461,q4,3.9758225662958937,5
alloy_ys,79,Al:0.1666666667|Co:0.1666666667|Cr:0.1666666667|Fe:0.1666666667|Ni:0.1666666667|Ti:0.1666666667,Al-Co-Cr-Fe-Ni-Ti,1.5612643577219103,q1,1.704051038152144,12
alloy_ys,81,Al:0.1666666667|Co:0.1666666667|Cu:0.1666666667|Fe:0.1666666667|Ni:0.3333333333,Al-Co-Cu-Fe-Ni,2.8467223277348395,q2,2.5051119275375413,6
alloy_ys,84,Al:0.1678712221|Co:0.1678712221|Cr:0.1678712221|Fe:0.1678712221|Ni:0.3285151117,Al-Co-Cr-Fe-Ni,2.3043685663328755,q1,1.7899503595281008,15
alloy_ys,86,Al:0.16|Co:0.2|Cr:0.2|Fe:0.2|Ni:0.2|Ti:0.04,Al-Co-Cr-Fe-Ni-Ti,1.371447096786709,q1,1.704051038152144,12
alloy_ys,87,Al:0.1724137931|Co:0.1724137931|Cr:0.1724137931|Fe:0.1724137931|Ni:0.1724137931|Si:0.1379310345,Al-Co-Cr-Fe-Ni-Si,4.626779945697351,q4,3.9758225662958937,5
alloy_ys,88,Al:0.175|Co:0.075|Cr:0.25|Fe:0.25|Ni:0.25,Al-Co-Cr-Fe-Ni,1.270553707649817,q1,1.7899503595281008,15
alloy_ys,89,Al:0.1785714286|Co:0.1785714286|Cr:0.1785714286|Fe:0.1785714286|Ni:0.1785714286|Si:0.1071428571,Al-Co-Cr-Fe-Ni-Si,3.9758225662958937,q4,3.9758225662958937,5
alloy_ys,90,Al:0.1798975672|Co:0.3002560819|Cr:0.09987195903|Fe:0.09987195903|Ni:0.3201024328,Al-Co-Cr-Fe-Ni,2.1421761711206297,q1,1.7899503595281008,15
alloy_ys,91,Al:0.1800180018|Co:0.300030003|Cr:0.099909991|Fe:0.099909991|Mo:0.0201020102|Ni:0.300030003,Al-Co-Cr-Fe-Mo-Ni,2.5612516559141683,q1,1.84214299209185,8
alloy_ys,92,Al:0.1800180018|Co:0.300030003|Cr:0.099909991|Fe:0.099909991|Mo:0.0300030003|Ni:0.2901290129,Al-Co-Cr-Fe-Mo-Ni,2.5173849655351357,q1,1.84214299209185,8
alloy_ys,93,Al:0.1800433839|Co:0.2999690115|Cr:0.1000929656|Fe:0.1000929656|Mo:0.009916330958|Ni:0.3098853424,Al-Co-Cr-Fe-Mo-Ni,2.6631105118452107,q1,1.84214299209185,8
alloy_ys,96,Al:0.1818181818|Co:0.1818181818|Cr:0.1818181818|Fe:0.1818181818|Mo:0.09090909091|Ni:0.1818181818,Al-Co-Cr-Fe-Mo-Ni,1.909531738929101,q1,1.84214299209185,8
alloy_ys,97,Al:0.1818181818|Co:0.1818181818|Cr:0.1818181818|Fe:0.1818181818|Nb:0.09090909091|Ni:0.1818181818,Al-Co-Cr-Fe-Nb-Ni,1.7822882158064848,q1,1.5373732977135877,3
alloy_ys,98,Al:0.1818181818|Co:0.1818181818|Cr:0.1818181818|Fe:0.1818181818|Ni:0.1818181818|Ti:0.09090909091,Al-Co-Cr-Fe-Ni-Ti,1.46425699692666,q1,1.704051038152144,12
alloy_ys,99,Al:0.1818181818|Cr:0.1818181818|Cu:0.1818181818|Fe:0.1818181818|Mn:0.1818181818|W:0.09090909091,Al-Cr-Cu-Fe-Mn-W,3.43683625991687,q3,2.656821951430524,3
alloy_ys,100,Al:0.1818429662|Co:0.1818429662|Cu:0.1818429662|Fe:0.1818429662|Ni:0.2726281352,Al-Co-Cu-Fe-Ni,2.484101544335685,q2,2.5051119275375413,6
alloy_ys,101,Al:0.1818429662|Cr:0.2726281352|Nb:0.1818429662|Ti:0.1818429662|V:0.1818429662,Al-Cr-Nb-Ti-V,3.536434026626246,q4,3.2558381882336587,4
alloy_ys,102,Al:0.1818429662|Nb:0.1818429662|Ti:0.1818429662|V:0.1818429662|Zr:0.2726281352,Al-Nb-Ti-V-Zr,2.422700765381111,q2,2.48044809300162,6
alloy_ys,104,Al:0.1851851852|Co:0.1851851852|Cr:0.1851851852|Fe:0.1851851852|Mo:0.07407407407|Ni:0.1851851852,Al-Co-Cr-Fe-Mo-Ni,1.774754245254599,q1,1.84214299209185,8
alloy_ys,105,Al:0.1851851852|Co:0.1851851852|Cr:0.1851851852|Fe:0.1851851852|Ni:0.1851851852|Si:0.07407407407,Al-Co-Cr-Fe-Ni-Si,2.9025410149119404,q4,3.9758225662958937,5
alloy_ys,108,Al:0.1886792453|Co:0.1886792453|Cr:0.1886792453|Fe:0.1886792453|Mo:0.05660377358|Ni:0.1886792453,Al-Co-Cr-Fe-Mo-Ni,1.6503917285617073,q1,1.84214299209185,8
alloy_ys,109,Al:0.1904761905|Co:0.1904761905|Cr:0.1904761905|Fe:0.1904761905|Nb:0.04761904762|Ni:0.1904761905,Al-Co-Cr-Fe-Nb-Ni,1.5373732977135877,q1,1.5373732977135877,3
alloy_ys,110,Al:0.1904761905|Cr:0.1904761905|Fe:0.1904761905|Mo:0.09523809524|Ni:0.1904761905|Ti:0.1428571429,Al-Cr-Fe-Mo-Ni-Ti,2.028315191436017,q1,1.722989086995161,5
alloy_ys,112,Al:0.1923076923|Co:0.1923076923|Cr:0.1923076923|Fe:0.1923076923|Mo:0.03846153846|Ni:0.1923076923,Al-Co-Cr-Fe-Mo-Ni,1.5467799647615363,q1,1.84214299209185,8
alloy_ys,113,Al:0.1923076923|Co:0.1923076923|Cr:0.1923076923|Fe:0.1923076923|Ni:0.1923076923|Si:0.03846153846,Al-Co-Cr-Fe-Ni-Si,1.8539441608773741,q4,3.9758225662958937,5
alloy_ys,115,Al:0.1960784314|Co:0.1960784314|Cr:0.1960784314|Fe:0.1960784314|Mo:0.01960784314|Ni:0.1960784314,Al-Co-Cr-Fe-Mo-Ni,1.4825248729565221,q1,1.84214299209185,8
alloy_ys,116,Al:0.1960784314|Co:0.1960784314|Cr:0.1960784314|Fe:0.1960784314|Nb:0.01960784314|Ni:0.1960784314,Al-Co-Cr-Fe-Nb-Ni,1.452028670236123,q1,1.5373732977135877,3
alloy_ys,117,Al:0.1960784314|Cr:0.1960784314|Cu:0.1960784314|Fe:0.1960784314|Mn:0.1960784314|W:0.01960784314,Al-Cr-Cu-Fe-Mn-W,2.656821951430524,q3,2.656821951430524,3
alloy_ys,118,Al:0.1960784314|Cr:0.1960784314|Fe:0.1960784314|Mo:0.09803921569|Ni:0.1960784314|Ti:0.1176470588,Al-Cr-Fe-Mo-Ni-Ti,1.8496097395123647,q1,1.722989086995161,5
alloy_ys,119,Al:0.198019802|Cr:0.198019802|Cu:0.198019802|Fe:0.198019802|Mn:0.198019802|W:0.009900990099,Al-Cr-Cu-Fe-Mn-W,2.597967155643678,q3,2.656821951430524,3
alloy_ys,120,Al:0.1990902729|Ca:0.0500349895|Li:0.299860042|Mg:0.3498950315|Si:0.100069979|Y:0.001049685094,Al-Ca-Li-Mg-Si-Y,7.881148567764609,q4,7.881148567764609,1
alloy_ys,121,Al:0.1|Co:0.2|Cr:0.2|Fe:0.2|Ni:0.2|Ti:0.1,Al-Co-Cr-Fe-Ni-Ti,1.5376320845387432,q1,1.704051038152144,12
alloy_ys,122,Al:0.1|Cr:0.2|Nb:0.2|Ti:0.4|V:0.1,Al-Cr-Nb-Ti-V,3.9137820511327677,q4,3.2558381882336587,4
alloy_ys,123,Al:0.200040008|Co:0.1666333267|Cr:0.1666333267|Fe:0.1666333267|Ni:0.1666333267|Ti:0.1334266853,Al-Co-Cr-Fe-Ni-Ti,1.5520315390892017,q1,1.704051038152144,12
alloy_ys,125,Al:0.2040816327|Cr:0.2040816327|Fe:0.2040816327|Mo:0.1020408163|Ni:0.2040816327|Ti:0.08163265306,Al-Cr-Fe-Mo-Ni-Ti,1.590636461741667,q1,1.722989086995161,5
alloy_ys,126,Al:0.2083333333|Co:0.2083333333|Cu:0.2083333333|Fe:0.2083333333|Ni:0.1666666667,Al-Co-Cu-Fe-Ni,2.2696078147332255,q2,2.5051119275375413,6
alloy_ys,128,Al:0.2105263158|Co:0.1578947368|Cr:0.2105263158|Fe:0.2105263158|Ni:0.2105263158,Al-Co-Cr-Fe-Ni,1.7899503595281008,q1,1.7899503595281008,15
alloy_ys,129,Al:0.2105263158|Cr:0.2105263158|Fe:0.2105263158|Mo:0.1052631579|Ni:0.2105263158|Ti:0.05263157895,Al-Cr-Fe-Mo-Ni-Ti,1.3855626657443454,q1,1.722989086995161,5
alloy_ys,130,Al:0.2222222222|Co:0.1111111111|Cr:0.2222222222|Fe:0.2222222222|Ni:0.2222222222,Al-Co-Cr-Fe-Ni,1.4345646195070738,q1,1.7899503595281008,15
alloy_ys,131,Al:0.2222222222|Co:0.2222222222|Cu:0.2222222222|Fe:0.2222222222|Ni:0.1111111111,Al-Co-Cu-Fe-Ni,2.5261223107393973,q2,2.5051119275375413,6
alloy_ys,132,Al:0.2222222222|Cr:0.1111111111|Nb:0.2222222222|Ti:0.2222222222|V:0.2222222222,Al-Cr-Nb-Ti-V,2.5799161492956,q4,3.2558381882336587,4
alloy_ys,135,Al:0.2222222222|Nb:0.2222222222|Ti:0.2222222222|V:0.2222222222|Zr:0.1111111111,Al-Nb-Ti-V-Zr,2.572182601518762,q2,2.48044809300162,6
alloy_ys,138,Al:0.2352941176|Co:0.05882352941|Cr:0.2352941176|Fe:0.2352941176|Ni:0.2352941176,Al-Co-Cr-Fe-Ni,1.0583241029943988,q1,1.7899503595281008,15
alloy_ys,139,Al:0.2352941176|Nb:0.2352941176|Ti:0.2352941176|V:0.2352941176|Zr:0.05882352941,Al-Nb-Ti-V-Zr,2.5253951843542146,q2,2.48044809300162,6
alloy_ys,141,Al:0.243902439|Nb:0.243902439|Ti:0.243902439|V:0.243902439|Zr:0.0243902439,Al-Nb-Ti-V-Zr,2.6330124210588957,q2,2.48044809300162,6
alloy_ys,142,Al:0.2499375156|Co:0.1667083229|Cr:0.1667083229|Fe:0.1667083229|Ni:0.1667083229|Ti:0.0832291927,Al-Co-Cr-Fe-Ni-Ti,1.7196241402490067,q1,1.704051038152144,12
alloy_ys,146,Al:0.25|Cr:0.25|Mo:0.25|Ti:0.25,Al-Cr-Mo-Ti,3.373820122252512,q4,3.373820122252512,1
alloy_ys,148,Al:0.25|Mo:0.25|Nb:0.25|Ti:0.25,Al-Mo-Nb-Ti,3.117012086467487,q3,3.117012086467487,1
alloy_ys,151,Al:0.25|Nb:0.25|Ti:0.25|V:0.25,Al-Nb-Ti-V,3.0490577575367284,q3,3.0490577575367284,1
alloy_ys,152,Al:0.25|Nb:0.25|Ti:0.25|Zr:0.25,Al-Nb-Ti-Zr,3.0253157177147827,q3,3.0253157177147827,1
alloy_ys,154,Al:0.2857142857|Co:0.1428571429|Cr:0.1428571429|Cu:0.1428571429|Fe:0.1428571429|Ni:0.1428571429,Al-Co-Cr-Cu-Fe-Ni,2.510565497545757,q2,2.1842780508612623,5
alloy_ys,156,Al:0.299850075|Co:0.1667166417|Cr:0.1667166417|Fe:0.1667166417|Ni:0.1667166417|Ti:0.03328335832,Al-Co-Cr-Fe-Ni-Ti,1.9074790289154673,q1,1.704051038152144,12
alloy_ys,158,Al:0.2|Co:0.2|Cr:0.2|Fe:0.2|Ni:0.2,Al-Co-Cr-Fe-Ni,1.7327680548220052,q1,1.7899503595281008,15
alloy_ys,159,Al:0.2|Co:0.2|Cu:0.2|Fe:0.2|Ni:0.2,Al-Co-Cu-Fe-Ni,2.1992698843034995,q2,2.5051119275375413,6
alloy_ys,161,Al:0.2|Cr:0.2|Cu:0.2|Fe:0.2|Ni:0.2,Al-Cr-Cu-Fe-Ni,2.511658526962002,q2,2.3754550091391593,2
alloy_ys,162,Al:0.2|Cr:0.2|Fe:0.2|Mo:0.1|Ni:0.2|Ti:0.1,Al-Cr-Fe-Mo-Ni-Ti,1.722989086995161,q1,1.722989086995161,5
alloy_ys,164,Al:0.2|Cr:0.2|Mo:0.2|Nb:0.2|Ti:0.2,Al-Cr-Mo-Nb-Ti,2.934009473650791,q3,2.934009473650791,1
alloy_ys,165,Al:0.2|Cr:0.2|Nb:0.2|Ti:0.2|V:0.2,Al-Cr-Nb-Ti-V,2.9752423498410714,q4,3.2558381882336587,4
alloy_ys,171,Al:0.2|Nb:0.2|Ti:0.2|V:0.2|Zr:0.2,Al-Nb-Ti-V-Zr,2.4355010016490257,q2,2.48044809300162,6
alloy_ys,174,Al:0.3333333333|Co:0.1666666667|Cr:0.1666666667|Fe:0.1666666667|Ni:0.1666666667,Al-Co-Cr-Fe-Ni,2.3068616887708973,q1,1.7899503595281008,15
alloy_ys,177,Al:0.6497725796|Cu:0.05003248863|Mg:0.05003248863|Mn:0.05003248863|Si:0.1500974659|Zn:0.05003248863,Al-Cu-Mg-Mn-Si-Zn,0.661188905968696,q1,0.661188905968696,1
alloy_ys,178,Al:0.6497725796|Cu:0.05003248863|Mg:0.05003248863|Ni:0.05003248863|Si:0.1500974659|Zn:0.05003248863,Al-Cu-Mg-Ni-Si-Zn,0.5322155077153558,q1,0.5322155077153558,1
alloy_ys,184,C:0.01923076923|Co:0.1923076923|Cr:0.1923076923|Fe:0.1923076923|Mn:0.1923076923|Ni:0.1923076923|Ti:0.01923076923,C-Co-Cr-Fe-Mn-Ni-Ti,0.8710586957819327,q1,0.8710586957819327,1
alloy_ys,194,Co:0.05283911672|Cu:0.05283911672|Fe:0.05283911672|Nb:0.7886435331|Ni:0.05283911672,Co-Cu-Fe-Nb-Ni,9.057895437138074,q4,7.508297792301021,4
alloy_ys,195,Co:0.06398809524|Cu:0.06398809524|Fe:0.06398809524|Nb:0.744047619|Ni:0.06398809524,Co-Cu-Fe-Nb-Ni,8.218092101858304,q4,7.508297792301021,4
alloy_ys,196,Co:0.08681462141|Cu:0.08681462141|Fe:0.08681462141|Nb:0.6527415144|Ni:0.08681462141,Co-Cu-Fe-Nb-Ni,6.7985034827437385,q4,7.508297792301021,4
alloy_ys,199,Co:0.1111111111|Cu:0.1111111111|Fe:0.1111111111|Nb:0.5555555556|Ni:0.1111111111,Co-Cu-Fe-Nb-Ni,5.883996848873039,q4,7.508297792301021,4
alloy_ys,202,Co:0.1666666667|Cr:0.1666666667|Cu:0.1666666667|Fe:0.1666666667|Ni:0.1666666667|Ti:0.1666666667,Co-Cr-Cu-Fe-Ni-Ti,2.018026844290212,q2,1.9693916528035564,3
alloy_ys,205,Co:0.1724137931|Cr:0.1724137931|Cu:0.1724137931|Fe:0.1724137931|Ni:0.1724137931|Ti:0.1379310345,Co-Cr-Cu-Fe-Ni-Ti,1.9693916528035564,q2,1.9693916528035564,3
alloy_ys,212,Co:0.1818181818|Cr:0.1818181818|Cu:0.1818181818|Fe:0.1818181818|Ni:0.1818181818|Ti:0.09090909091,Co-Cr-Cu-Fe-Ni-Ti,1.6857437087824996,q2,1.9693916528035564,3
alloy_ys,220,Co:0.1926782274|Cr:0.1926782274|Cu:0.1926782274|Fe:0.1926782274|Ni:0.1926782274|V:0.0366088632,Co-Cr-Cu-Fe-Ni-V,1.3249422075101134,q1,1.219613781454753,4
alloy_ys,222,Co:0.1947040498|Cr:0.1947040498|Cu:0.1947040498|Fe:0.1947040498|Ni:0.1947040498|V:0.02647975078,Co-Cr-Cu-Fe-Ni-V,1.24899188379355,q1,1.219613781454753,4
alloy_ys,224,Co:0.1965795164|Cr:0.1965795164|Cu:0.1965795164|Fe:0.1965795164|Ni:0.1965795164|V:0.01710241793,Co-Cr-Cu-Fe-Ni-V,1.1902356791159558,q1,1.219613781454753,4
alloy_ys,226,Co:0.1983339944|Cr:0.1983339944|Cu:0.1983339944|Fe:0.1983339944|Ni:0.1983339944|V:0.008330027767,Co-Cr-Cu-Fe-Ni-V,1.1497716923721195,q1,1.219613781454753,4
alloy_ys,230,Co:0.2060606061|Cr:0.1989550679|Fe:0.194984326|Mn:0.1910135841|Ni:0.2089864159,Co-Cr-Fe-Mn-Ni,1.3605411955952749,q1,1.3554528760135587,2
alloy_ys,231,Co:0.2127659574|Fe:0.2127659574|Mo:0.04255319149|Ni:0.4255319149|V:0.1063829787,Co-Fe-Mo-Ni-V,2.3251787176306014,q2,2.3251787176306014,1
alloy_ys,249,Co:0.25|Cr:0.25|Mn:0.25|Ni:0.25,Co-Cr-Mn-Ni,2.6566913272365773,q3,2.6566913272365773,1
alloy_ys,251,Co:0.2666666667|Fe:0.2666666667|Ni:0.2666666667|Si:0.2,Co-Fe-Ni-Si,5.0740298077047,q4,3.1852636229493037,3
alloy_ys,252,Co:0.2857142857|Fe:0.2857142857|Ni:0.2857142857|Si:0.1428571429,Co-Fe-Ni-Si,3.1852636229493037,q4,3.1852636229493037,3
alloy_ys,256,Co:0.2|Cr:0.2|Fe:0.2|Mn:0.2|Ni:0.2,Co-Cr-Fe-Mn-Ni,1.3503645564318427,q1,1.3554528760135587,2
alloy_ys,257,Co:0.3076923077|Fe:0.3076923077|Ni:0.3076923077|Si:0.07692307692,Co-Fe-Ni-Si,1.5770940039054282,q4,3.1852636229493037,3
alloy_ys,268,Cr:0.1200671704|Mo:0.1998320739|Nb:0.4198152813|Ta:0.01007556675|Ti:0.1301427372|V:0.1200671704,Cr-Mo-Nb-Ta-Ti-V,4.037233450711389,q4,4.037233450711389,1
alloy_ys,275,Cr:0.25|Nb:0.25|Ti:0.25|Zr:0.25,Cr-Nb-Ti-Zr,2.9493232514942402,q4,3.9530447537321187,2
alloy_ys,280,Cr:0.2|Cu:0.2|Fe:0.2|Mn:0.2|Ni:0.2,Cr-Cu-Fe-Mn-Ni,2.7742439665772087,q3,2.7742439665772087,1
alloy_ys,281,Cr:0.2|Fe:0.2|Mo:0.2|Nb:0.2|Ti:0.2,Cr-Fe-Mo-Nb-Ti,2.5285483779220783,q2,2.5285483779220783,1
alloy_ys,282,Cr:0.2|Fe:0.2|Mo:0.2|Nb:0.2|V:0.2,Cr-Fe-Mo-Nb-V,3.5147338027238404,q4,3.5147338027238404,1
alloy_ys,283,Cr:0.2|Fe:0.4|Mn:0.25|Ni:0.15,Cr-Fe-Mn-Ni,2.0398574233507123,q2,2.0398574233507123,1
alloy_ys,287,Cr:0.2|Nb:0.2|Ti:0.2|V:0.2|Zr:0.2,Cr-Nb-Ti-V-Zr,2.208068116223519,q2,2.208068116223519,1
alloy_ys,290,Cr:0.5002501251|Nb:0.1665832916|Ti:0.1665832916|Zr:0.1665832916,Cr-Nb-Ti-Zr,4.956766255969997,q4,3.9530447537321187,2
alloy_ys,295,Fe:0.2|Mo:0.2|Nb:0.2|Ti:0.2|V:0.2,Fe-Mo-Nb-Ti-V,2.3004907323407666,q2,2.3004907323407666,1
alloy_ys,297,Hf:0.0799016595|Nb:0.307314075|Ta:0.307314075|Ti:0.1776275353|Zr:0.1278426552,Hf-Nb-Ta-Ti-Zr,2.387055523112646,q2,2.387055523112646,5
alloy_ys,307,Hf:0.1249062266|Nb:0.1249062266|Ta:0.1249062266|Ti:0.3750937734|Zr:0.2501875469,Hf-Nb-Ta-Ti-Zr,2.908687437688533,q2,2.387055523112646,5
alloy_ys,308,Hf:0.125|Mo:0.125|Nb:0.25|Ti:0.25|Zr:0.25,Hf-Mo-Nb-Ti-Zr,1.8917207890590353,q2,2.216801786755928,2
alloy_ys,309,Hf:0.1428571429|Mo:0.1428571429|Nb:0.1428571429|Ta:0.1428571429|Ti:0.1428571429|W:0.1428571429|Zr:0.1428571429,Hf-Mo-Nb-Ta-Ti-W-Zr,2.262514013688843,q2,2.262514013688843,1
alloy_ys,310,Hf:0.1500150015|Nb:0.200120012|Ta:0.099909991|Ti:0.300030003|Zr:0.2499249925,Hf-Nb-Ta-Ti-Zr,2.5028684361069136,q2,2.387055523112646,5
alloy_ys,311,Hf:0.1666666667|Mo:0.1666666667|Nb:0.1666666667|Ta:0.1666666667|Ti:0.1666666667|Zr:0.1666666667,Hf-Mo-Nb-Ta-Ti-Zr,2.486454637804149,q1,1.9685614145636754,4
alloy_ys,313,Hf:0.1739130435|Mo:0.1304347826|Nb:0.1739130435|Ta:0.1739130435|Ti:0.1739130435|Zr:0.1739130435,Hf-Mo-Nb-Ta-Ti-Zr,2.1365911431713775,q1,1.9685614145636754,4
alloy_ys,314,Hf:0.1818181818|Mo:0.09090909091|Nb:0.1818181818|Ta:0.1818181818|Ti:0.1818181818|Zr:0.1818181818,Hf-Mo-Nb-Ta-Ti-Zr,1.8005316859559732,q1,1.9685614145636754,4
alloy_ys,315,Hf:0.1818181818|Nb:0.1818181818|Si:0.09090909091|Ti:0.1818181818|V:0.1818181818|Zr:0.1818181818,Hf-Nb-Si-Ti-V-Zr,2.6590864744389324,q3,2.6590864744389324,1
alloy_ys,316,Hf:0.1904761905|Mo:0.04761904762|Nb:0.1904761905|Ta:0.1904761905|Ti:0.1904761905|Zr:0.1904761905,Hf-Mo-Nb-Ta-Ti-Zr,1.5476842547931817,q1,1.9685614145636754,4
alloy_ys,318,Hf:0.2127659574|Mo:0.1063829787|Nb:0.2127659574|Si:0.1489361702|Ti:0.2127659574|V:0.1063829787,Hf-Mo-Nb-Si-Ti-V,2.6808153411019906,q3,2.6808153411019906,3
alloy_ys,319,Hf:0.2222222222|Mo:0.1111111111|Nb:0.2222222222|Si:0.1111111111|Ti:0.2222222222|V:0.1111111111,Hf-Mo-Nb-Si-Ti-V,2.303893657468254,q3,2.6808153411019906,3
alloy_ys,321,Hf:0.2325581395|Mo:0.1162790698|Nb:0.2325581395|Si:0.06976744186|Ti:0.2325581395|V:0.1162790698,Hf-Mo-Nb-Si-Ti-V,2.68182887397357,q3,2.6808153411019906,3
alloy_ys,326,Hf:0.25|Sc:0.25|Ti:0.25|Zr:0.25,Hf-Sc-Ti-Zr,2.0165128993406665,q2,2.0165128993406665,1
alloy_ys,329,Hf:0.2753673898|Nb:0.04968509447|Ta:0.04968509447|Ti:0.3498950315|Zr:0.2753673898,Hf-Nb-Ta-Ti-Zr,1.7140750679060512,q2,2.387055523112646,5
alloy_ys,333,Hf:0.2|Mo:0.2|Nb:0.2|Ta:0.2|Ti:0.2,Hf-Mo-Nb-Ta-Ti,3.1078415479318893,q3,3.1078415479318893,1
alloy_ys,334,Hf:0.2|Mo:0.2|Nb:0.2|Ta:0.2|Zr:0.2,Hf-Mo-Nb-Ta-Zr,3.1155995372575362,q3,3.1155995372575362,1
alloy_ys,335,Hf:0.2|Mo:0.2|Nb:0.2|Ti:0.2|Zr:0.2,Hf-Mo-Nb-Ti-Zr,2.541882784452821,q2,2.216801786755928,2
alloy_ys,336,Hf:0.2|Mo:0.2|Ta:0.2|Ti:0.2|Zr:0.2,Hf-Mo-Ta-Ti-Zr,3.113911964718059,q3,3.113911964718059,1
alloy_ys,337,Hf:0.2|Nb:0.2|Ta:0.2|Ti:0.2|Zr:0.2,Hf-Nb-Ta-Ti-Zr,1.9675147938019044,q2,2.387055523112646,5
alloy_ys,339,Hf:0.2|Sc:0.2|Ti:0.2|Y:0.2|Zr:0.2,Hf-Sc-Ti-Y-Zr,3.7289015196053676,q4,3.7289015196053676,1
alloy_ys,368,Mo:0.25|Ta:0.25|Ti:0.25|V:0.25,Mo-Ta-Ti-V,3.14695406950267,q4,3.14695406950267,1
alloy_ys,371,Mo:0.2857142857|Nb:0.2857142857|Re:0.1428571429|W:0.2857142857,Mo-Nb-Re-W,6.325095227432124,q4,6.325095227432124,1
alloy_ys,373,Mo:0.2|Nb:0.2|Ta:0.2|Ti:0.2|V:0.2,Mo-Nb-Ta-Ti-V,2.723721008033845,q3,2.723721008033845,1
alloy_ys,375,Mo:0.2|Nb:0.2|Ta:0.2|Ti:0.2|Zr:0.2,Mo-Nb-Ta-Ti-Zr,2.6416812503753593,q3,2.6416812503753593,1
alloy_ys,380,Mo:0.3333333333|Nb:0.3333333333|Ti:0.3333333333,Mo-Nb-Ti,3.559922952855746,q4,3.559922952855746,1
alloy_ys,381,Nb:0.25|Ta:0.25|Ti:0.25|V:0.25,Nb-Ta-Ti-V,2.004449779586948,q2,2.004449779586948,1
alloy_ys,384,Nb:0.25|Ta:0.25|V:0.25|W:0.25,Nb-Ta-V-W,3.14719749748907,q4,3.14719749748907,1
alloy_ys,385,Nb:0.25|Ti:0.25|V:0.25|Zr:0.25,Nb-Ti-V-Zr,1.660572456908193,q1,1.660572456908193,3
alloy_ys,386,Nb:0.2|Ta:0.2|Ti:0.2|V:0.2|W:0.2,Nb-Ta-Ti-V-W,2.595773273806064,q3,2.595773273806064,1
alloy_ys,388,Nb:0.2|Ti:0.2|V:0.4|Zr:0.2,Nb-Ti-V-Zr,2.321011289002291,q1,1.660572456908193,3
alloy_ys,391,Nb:0.303030303|Ti:0.303030303|V:0.09090909091|Zr:0.303030303,Nb-Ti-V-Zr,1.2848767363601865,q1,1.660572456908193,3
catalysis_h2,2,Ag:0.111|Zn:0.889,Ag-Zn,1.068928123722056,q1,1.849484357191634,13
catalysis_h2,3,Ag:0.125|Au:0.125|Cd:0.75,Ag-Au-Cd,3.275118173959707,q3,3.275118173959707,1
catalysis_h2,5,Ag:0.125|Cu:0.125|Pd:0.75,Ag-Cu-Pd,2.2030963218622923,q3,2.8584590026312156,3
catalysis_h2,6,Ag:0.167|Ga:0.833,Ag-Ga,4.422529157486237,q4,3.9805597501419077,10
catalysis_h2,7,Ag:0.167|Zn:0.833,Ag-Zn,0.8458675325349673,q1,1.849484357191634,13
catalysis_h2,8,Ag:0.1|Au:0.5|Pd:0.4,Ag-Au-Pd,1.983081885273231,q1,2.1752986675186197,2
catalysis_h2,9,Ag:0.2222222222|Cu:0.3333333333|Pd:0.4444444444,Ag-Cu-Pd,2.8584590026312156,q3,2.8584590026312156,3
catalysis_h2,10,Ag:0.222|Zn:0.778,Ag-Zn,1.2276045137043197,q1,1.849484357191634,13
catalysis_h2,11,Ag:0.25|Au:0.25|Pd:0.5,Ag-Au-Pd,2.3675154497640083,q1,2.1752986675186197,2
catalysis_h2,16,Ag:0.25|Cd:0.5|Pd:0.25,Ag-Cd-Pd,2.979798190291195,q3,2.979798190291195,1
catalysis_h2,17,Ag:0.25|Ga:0.75,Ag-Ga,3.675065770543766,q4,3.9805597501419077,10
catalysis_h2,18,Ag:0.25|Zn:0.75,Ag-Zn,1.26350042067122,q1,1.849484357191634,13
catalysis_h2,21,Ag:0.2|Ga:0.8,Ag-Ga,4.067914812209046,q4,3.9805597501419077,10
catalysis_h2,23,Ag:0.2|Zn:0.8,Ag-Zn,1.0427127219618564,q1,1.849484357191634,13
catalysis_h2,26,Ag:0.333|Cd:0.667,Ag-Cd,1.683448389716015,q1,2.2894117733057127,6
catalysis_h2,28,Ag:0.375|Zn:0.625,Ag-Zn,1.849484357191634,q1,1.849484357191634,13
catalysis_h2,29,Ag:0.3|Ga:0.7,Ag-Ga,3.474469751435837,q4,3.9805597501419077,10
catalysis_h2,32,Ag:0.417|Cd:0.583,Ag-Cd,2.138225643712154,q1,2.2894117733057127,6
catalysis_h2,35,Ag:0.429|Zn:0.571,Ag-Zn,2.1193285609752417,q1,1.849484357191634,13
catalysis_h2,37,Ag:0.462|Zn:0.538,Ag-Zn,2.266354562115198,q1,1.849484357191634,13
catalysis_h2,40,Ag:0.4|Au:0.4|Tl:0.2,Ag-Au-Tl,2.701472328038569,q2,2.701472328038569,1
catalysis_h2,43,Ag:0.4|Zn:0.6,Ag-Zn,1.9823978063129437,q1,1.849484357191634,13
catalysis_h2,50,Ag:0.5|Cd:0.5,Ag-Cd,2.8088197900376404,q1,2.2894117733057127,6
catalysis_h2,51,Ag:0.5|Cu:0.25|Pd:0.25,Ag-Cu-Pd,3.1863467688878315,q3,2.8584590026312156,3
catalysis_h2,53,Ag:0.5|Zn:0.5,Ag-Zn,2.449261795575095,q1,1.849484357191634,13
catalysis_h2,59,Ag:0.667|Ga:0.333,Ag-Ga,4.760463023538963,q4,3.9805597501419077,10
catalysis_h2,61,Ag:0.667|Zn:0.333,Ag-Zn,2.5914085192385654,q1,1.849484357191634,13
catalysis_h2,63,Ag:0.6|Cd:0.4,Ag-Cd,3.3366791638246083,q1,2.2894117733057127,6
catalysis_h2,64,Ag:0.6|Zn:0.4,Ag-Zn,2.8436657964123877,q1,1.849484357191634,13
catalysis_h2,65,Ag:0.714|Cd:0.286,Ag-Cd,2.435770537344957,q1,2.2894117733057127,6
catalysis_h2,66,Ag:0.714|Ga:0.286,Ag-Ga,4.0418391163141365,q4,3.9805597501419077,10
catalysis_h2,67,Ag:0.722|Ga:0.278,Ag-Ga,3.919280383969679,q4,3.9805597501419077,10
catalysis_h2,69,Ag:0.75|Cd:0.25,Ag-Cd,2.143053009266468,q1,2.2894117733057127,6
catalysis_h2,70,Ag:0.75|Ga:0.25,Ag-Ga,3.4921024325840233,q4,3.9805597501419077,10
catalysis_h2,72,Ag:0.7|Ga:0.3,Ag-Ga,4.256362467834364,q4,3.9805597501419077,10
catalysis_h2,75,Ag:0.833|Zn:0.167,Ag-Zn,1.153037838297504,q1,1.849484357191634,13
catalysis_h2,76,Ag:0.875|Ga:0.125,Ag-Ga,1.731574680365095,q4,3.9805597501419077,10
catalysis_h2,80,Au:0.125|Cu:0.875,Au-Cu,2.6116011478197256,q2,2.5554202017859264,18
catalysis_h2,81,Au:0.125|Pd:0.625|Tl:0.25,Au-Pd-Tl,2.720524279546782,q2,2.720524279546782,1
catalysis_h2,87,Au:0.25|Cu:0.75,Au-Cu,3.142475227580757,q2,2.5554202017859264,18
catalysis_h2,90,Au:0.25|Zn:0.75,Au-Zn,2.273311089616473,q1,2.2978315157819096,16
catalysis_h2,91,Au:0.294|Zn:0.706,Au-Zn,2.365321342329383,q1,2.2978315157819096,16
catalysis_h2,93,Au:0.2|Cu:0.8,Au-Cu,2.934849707930864,q2,2.5554202017859264,18
catalysis_h2,94,Au:0.2|Zn:0.8,Au-Zn,2.351282622969165,q1,2.2978315157819096,16
catalysis_h2,95,Au:0.333|Cu:0.667,Au-Cu,3.3414645210605665,q2,2.5554202017859264,18
catalysis_h2,99,Au:0.333|Zn:0.667,Au-Zn,2.53526066330579,q1,2.2978315157819096,16
catalysis_h2,101,Au:0.375|Cu:0.625,Au-Cu,3.0622979288620686,q2,2.5554202017859264,18
catalysis_h2,104,Au:0.375|Zn:0.625,Au-Zn,2.7003645913443246,q1,2.2978315157819096,16
catalysis_h2,106,Au:0.429|Cu:0.571,Au-Cu,2.772876313258691,q2,2.5554202017859264,18
catalysis_h2,107,Au:0.429|Zn:0.571,Au-Zn,2.397513598433876,q1,2.2978315157819096,16
catalysis_h2,109,Au:0.444|Cd:0.556,Au-Cd,2.8636773399376874,q1,2.0292270990246917,6
catalysis_h2,110,Au:0.4|Cu:0.6,Au-Cu,2.913627106097693,q2,2.5554202017859264,18
catalysis_h2,111,Au:0.4|Zn:0.6,Au-Zn,2.5460623994748954,q1,2.2978315157819096,16
catalysis_h2,112,Au:0.556|Cu:0.444,Au-Cu,2.478898454777649,q2,2.5554202017859264,18
catalysis_h2,114,Au:0.556|Zn:0.444,Au-Zn,2.139212073432283,q1,2.2978315157819096,16
catalysis_h2,116,Au:0.571|Cu:0.429,Au-Cu,2.46697394083402,q2,2.5554202017859264,18
catalysis_h2,122,Au:0.5|Cu:0.5,Au-Cu,2.5875264848481683,q2,2.5554202017859264,18
catalysis_h2,125,Au:0.5|Zn:0.5,Au-Zn,2.1914907123914618,q1,2.2978315157819096,16
catalysis_h2,126,Au:0.625|Cu:0.375,Au-Cu,2.5233139187236846,q2,2.5554202017859264,18
catalysis_h2,128,Au:0.625|Zn:0.375,Au-Zn,2.2913886072738077,q1,2.2978315157819096,16
catalysis_h2,130,Au:0.667|Cu:0.333,Au-Cu,2.6101747176142593,q2,2.5554202017859264,18
catalysis_h2,132,Au:0.667|Zn:0.333,Au-Zn,2.253230759794223,q1,2.2978315157819096,16
catalysis_h2,133,Au:0.6|Cu:0.4,Au-Cu,2.477420922447059,q2,2.5554202017859264,18
catalysis_h2,135,Au:0.6|Zn:0.4,Au-Zn,2.2186406669989682,q1,2.2978315157819096,16
catalysis_h2,136,Au:0.75|Cd:0.125|Ga:0.125,Au-Cd-Ga,2.637152152891034,q2,2.637152152891034,1
catalysis_h2,137,Au:0.75|Cd:0.25,Au-Cd,2.1526625256981933,q1,2.0292270990246917,6
catalysis_h2,138,Au:0.75|Cu:0.25,Au-Cu,2.484877381804936,q2,2.5554202017859264,18
catalysis_h2,141,Au:0.75|Zn:0.25,Au-Zn,2.43451540145639,q1,2.2978315157819096,16
catalysis_h2,144,Au:0.7|Cd:0.3,Au-Cd,2.567574772558892,q1,2.0292270990246917,6
catalysis_h2,145,Au:0.7|Zn:0.3,Au-Zn,2.3042744242900115,q1,2.2978315157819096,16
catalysis_h2,146,Au:0.833|Cd:0.167,Au-Cd,1.6093266994781816,q1,2.0292270990246917,6
catalysis_h2,147,Au:0.833|Cu:0.167,Au-Cu,1.9503437086941995,q2,2.5554202017859264,18
catalysis_h2,148,Au:0.833|Zn:0.167,Au-Zn,1.957306534445992,q1,2.2978315157819096,16
catalysis_h2,149,Au:0.875|Cu:0.125,Au-Cu,1.7419393520490947,q2,2.5554202017859264,18
catalysis_h2,152,Au:0.889|Cd:0.111,Au-Cd,0.97872476346489,q1,2.0292270990246917,6
catalysis_h2,153,Au:0.889|Cu:0.111,Au-Cu,1.7313125245056515,q2,2.5554202017859264,18
catalysis_h2,155,Au:0.8|Cd:0.2,Au-Cd,1.9057916723511898,q1,2.0292270990246917,6
catalysis_h2,156,Au:0.8|Cu:0.2,Au-Cu,2.2257511098624874,q2,2.5554202017859264,18
catalysis_h2,159,Au:0.8|Zn:0.2,Au-Zn,2.23520146084405,q1,2.2978315157819096,16
catalysis_h2,161,Cd:0.111|In:0.889,Cd-In,11.77633675029162,q4,11.77633675029162,1
catalysis_h2,166,Cd:0.875|Ni:0.125,Cd-Ni,2.8027160005551104,q2,2.8027160005551104,1
catalysis_h2,183,Hg:0.2|Pd:0.8,Hg-Pd,4.707161364548791,q4,4.707161364548791,3
catalysis_h2,184,Hg:0.333|Pd:0.667,Hg-Pd,4.521314064920334,q4,4.707161364548791,3
catalysis_h2,185,Hg:0.5|Pd:0.5,Hg-Pd,10.084925542868268,q4,4.707161364548791,3
catalysis_h2,209,Pd:1,Pd,3.1053875052091264,q3,3.1053875052091264,1
catalysis_h2,211,Zn:1,Zn,3.7290672734483907,q4,3.7290672734483907,1
electrolyte_conductivity,0,Ag:0.01859504132|La:0.117768595|Li:0.03719008264|O:0.6198347107|Ti:0.2066115702,evaluation-group-0057,1.2388639258711356,q1,1.2577663171864488,4
electrolyte_conductivity,1,Ag:0.02789256198|La:0.117768595|Li:0.02789256198|O:0.6198347107|Ti:0.2066115702,evaluation-group-0057,1.276668708501762,q1,1.2577663171864488,4
electrolyte_conductivity,2,Ag:0.03719008264|La:0.117768595|Li:0.01859504132|O:0.6198347107|Ti:0.2066115702,evaluation-group-0057,1.3147583602524084,q1,1.2577663171864488,4
electrolyte_conductivity,16,Al:0.008474576271|La:0.1271186441|Li:0.2711864407|O:0.5084745763|Zr:0.08474576271,evaluation-group-0153,0.08855537303170098,q1,0.10501174935481149,2
electrolyte_conductivity,17,Al:0.008547008547|La:0.1282051282|Li:0.264957265|O:0.5128205128|Ta:0.008547008547|Zr:0.07692307692,evaluation-group-0153,0.12146812567792199,q1,0.10501174935481149,2
electrolyte_conductivity,38,Al:0.02702702703|Li:0.4594594595|O:0.4324324324|Si:0.08108108108,evaluation-group-0013,1.6722638729287134,q2,1.6722638729287134,3
electrolyte_conductivity,39,Al:0.02|La:0.11|Li:0.09|O:0.6|Ti:0.18,evaluation-group-0128,1.341841625256554,q2,2.4645967105092295,4
electrolyte_conductivity,43,Al:0.03670745273|Li:0.4449388209|O:0.4449388209|P:0.03670745273|Si:0.03670745273,evaluation-group-0013,2.6643505315953107,q2,1.6722638729287134,3
electrolyte_conductivity,49,Al:0.04|La:0.12|Li:0.08|O:0.6|Ti:0.16,evaluation-group-0128,1.9458302895543187,q2,2.4645967105092295,4
electrolyte_conductivity,51,Al:0.05555555556|Li:0.05555555556|O:0.6666666667|P:0.1666666667|Ta:0.05555555556,evaluation-group-0100,3.2979345467119368,q2,3.235944489262331,2
electrolyte_conductivity,53,Al:0.06043956044|Li:0.06593406593|O:0.6593406593|P:0.1648351648|Ta:0.04945054945,evaluation-group-0100,3.1739544318127257,q2,3.235944489262331,2
electrolyte_conductivity,55,Al:0.06|La:0.13|Li:0.07|O:0.6|Ti:0.14,evaluation-group-0128,2.9833631314641407,q2,2.4645967105092295,4
electrolyte_conductivity,56,Al:0.07142857143|Ga:0.07142857143|Ge:0.1428571429|Li:0.1428571429|O:0.5714285714,evaluation-group-0088,5.9359149553164166,q3,5.9359149553164166,3
electrolyte_conductivity,58,Al:0.08|La:0.14|Li:0.06|O:0.6|Ti:0.12,evaluation-group-0128,4.130098543361754,q2,2.4645967105092295,4
electrolyte_conductivity,59,Al:0.1428571429|Ge:0.1428571429|Li:0.1428571429|O:0.5714285714,evaluation-group-0088,6.949250200151339,q3,5.9359149553164166,3
electrolyte_conductivity,61,Al:0.1666666667|Cl:0.6666666667|Li:0.1666666667,evaluation-group-0022,9.13771278778142,q4,9.13771278778142,1
electrolyte_conductivity,63,Al:0.1666666667|Li:0.5|N:0.3333333333,evaluation-group-0113,8.99895198870122,q4,8.99895198870122,1
electrolyte_conductivity,68,B:0.07142857143|Li:0.1428571429|Na:0.07142857143|O:0.5714285714|P:0.1428571429,evaluation-group-0004,6.249303659532342,q3,6.249303659532342,1
electrolyte_conductivity,69,B:0.07142857143|Li:0.2142857143|O:0.5714285714|P:0.1428571429,evaluation-group-0003,2.910360626643884,q2,2.910360626643884,1
electrolyte_conductivity,73,B:0.1|H:0.4|Li:0.25|P:0.05|S:0.2,evaluation-group-0120,5.522647684462443,q3,5.522647684462443,1
electrolyte_conductivity,138,Br:0.6|Li:0.3|Y:0.1,evaluation-group-0020,10.568725403543958,q4,7.505401449646348,2
electrolyte_conductivity,149,Cl:0.07692307692|Li:0.4615384615|O:0.3846153846|P:0.07692307692,evaluation-group-0116,1.5487576419442919,q2,1.5487576419442919,1
electrolyte_conductivity,153,Cl:0.2|Li:0.6|O:0.2,evaluation-group-0124,3.6690686757308977,q3,3.6690686757308977,1
electrolyte_conductivity,161,Cl:0.6|In:0.1|Li:0.3,evaluation-group-0015,11.664192034061372,q4,11.664192034061372,1
electrolyte_conductivity,162,Cl:0.6|Li:0.3|Y:0.1,evaluation-group-0020,4.442077495748737,q4,7.505401449646348,2
electrolyte_conductivity,174,Cr:0.04255319149|Li:0.09574468085|O:0.6382978723|P:0.1595744681|Ti:0.06382978723,evaluation-group-0099,1.095545233960302,q1,1.095545233960302,1
electrolyte_conductivity,178,Cr:0.05263157895|Li:0.1578947368|Mo:0.1578947368|O:0.6315789474,evaluation-group-0068,11.328349034292861,q4,11.328349034292861,3
electrolyte_conductivity,182,F:0.008583690987|Ga:0.01072961373|La:0.1287553648|Li:0.2596566524|O:0.5064377682|Zr:0.08583690987,evaluation-group-0141,1.0587526158198972,q1,1.0587526158198972,1
electrolyte_conductivity,195,Fe:0.007018614587|Li:0.1220628624|Nb:0.176075679|O:0.6032956973|Sr:0.09154714678,evaluation-group-0084,3.1031437916297215,q2,3.1744924939670796,2
electrolyte_conductivity,196,Fe:0.00702062308|La:0.129442738|Li:0.2492321194|O:0.526546731|Zr:0.0877577885,evaluation-group-0123,1.3167020231942885,q2,1.4208209216506562,2
electrolyte_conductivity,198,Fe:0.008366358432|La:0.129898723|Li:0.2452664025|O:0.5284015852|Zr:0.08806693087,evaluation-group-0123,1.5249398201070237,q2,1.4208209216506562,2
electrolyte_conductivity,207,Fe:0.05263157895|Li:0.1578947368|Mo:0.1578947368|O:0.6315789474,evaluation-group-0068,11.317978811124833,q4,11.328349034292861,3
electrolyte_conductivity,219,Ga:0.1428571429|Ge:0.1428571429|Li:0.1428571429|O:0.5714285714,evaluation-group-0088,5.367786458798726,q3,5.9359149553164166,3
electrolyte_conductivity,233,Ge:0.0243902439|Li:0.3902439024|P:0.09756097561|S:0.487804878,evaluation-group-0011,0.6614867858397946,q1,0.45520662065552203,5
electrolyte_conductivity,235,Ge:0.02777777778|Li:0.4444444444|Se:0.4444444444|Sn:0.08333333333,evaluation-group-0065,49.054211765028334,q4,34.661649389546156,11
electrolyte_conductivity,237,Ge:0.0303030303|Li:0.3939393939|P:0.09090909091|S:0.4848484848,evaluation-group-0011,0.40849362058873373,q1,0.45520662065552203,5
electrolyte_conductivity,239,Ge:0.03614457831|Li:0.3975903614|P:0.0843373494|S:0.4819277108,evaluation-group-0011,0.16164673070846045,q1,0.45520662065552203,5
electrolyte_conductivity,241,Ge:0.038|Li:0.4|P:0.08|S:0.48|Si:0.002,evaluation-group-0069,1.0857225703131899,q1,1.0857225703131899,1
electrolyte_conductivity,250,Ge:0.05555555556|Li:0.4444444444|Se:0.4444444444|Sn:0.05555555556,evaluation-group-0065,48.940497787896284,q4,34.661649389546156,11
electrolyte_conductivity,255,Ge:0.06976744186|Li:0.4186046512|P:0.04651162791|S:0.4651162791,evaluation-group-0011,0.45520662065552203,q1,0.45520662065552203,5
electrolyte_conductivity,257,Ge:0.08333333333|Li:0.4444444444|Se:0.4444444444|Sn:0.02777777778,evaluation-group-0065,48.916612698249985,q4,34.661649389546156,11
electrolyte_conductivity,261,Ge:0.09090909091|Li:0.4318181818|P:0.02272727273|S:0.4545454545,evaluation-group-0011,1.354397253210131,q1,0.45520662065552203,5
electrolyte_conductivity,265,Ge:0.1111111111|Li:0.4444444444|S:0.1111111111|Se:0.3333333333,evaluation-group-0065,34.269237754916986,q4,34.661649389546156,11
electrolyte_conductivity,266,Ge:0.1111111111|Li:0.4444444444|S:0.2222222222|Se:0.2222222222,evaluation-group-0065,19.79837610179986,q4,34.661649389546156,11
electrolyte_conductivity,267,Ge:0.1111111111|Li:0.4444444444|S:0.3333333333|Se:0.1111111111,evaluation-group-0065,6.576132789423767,q4,34.661649389546156,11
electrolyte_conductivity,269,Ge:0.1111111111|Li:0.4444444444|Se:0.4444444444,evaluation-group-0065,49.03206669479808,q4,34.661649389546156,11
electrolyte_conductivity,270,Ge:0.1304347826|Li:0.3043478261|P:0.04347826087|S:0.5217391304,evaluation-group-0119,2.470259476814661,q2,2.470259476814661,1
electrolyte_conductivity,273,H:0.4392523364|Li:0.02803738318|Mo:0.07476635514|O:0.3738317757|S:0.07476635514|W:0.009345794393,evaluation-group-0017,8.263551120699352,q4,8.263551120699352,1
electrolyte_conductivity,277,Hf:0.08333333333|La:0.125|Li:0.2916666667|O:0.5,evaluation-group-0086,4.764002840375493,q3,4.764002840375493,1
electrolyte_conductivity,308,La:0.05555555556|Li:0.002222222222|Na:0.05333333333|Nb:0.2222222222|O:0.6666666667,evaluation-group-0056,4.602780947333549,q3,4.064844315701381,7
electrolyte_conductivity,309,La:0.05555555556|Li:0.004444444444|Na:0.05111111111|Nb:0.2222222222|O:0.6666666667,evaluation-group-0056,4.462876231591119,q3,4.064844315701381,7
electrolyte_conductivity,310,La:0.05555555556|Li:0.007777777778|Na:0.04777777778|Nb:0.2222222222|O:0.6666666667,evaluation-group-0056,4.260194361720573,q3,4.064844315701381,7
electrolyte_conductivity,311,La:0.05555555556|Li:0.01111111111|Na:0.04444444444|Nb:0.2222222222|O:0.6666666667,evaluation-group-0056,4.064844315701381,q3,4.064844315701381,7
electrolyte_conductivity,312,La:0.05555555556|Li:0.02222222222|Na:0.03333333333|Nb:0.2222222222|O:0.6666666667,evaluation-group-0056,3.4688121362872826,q3,4.064844315701381,7
electrolyte_conductivity,313,La:0.05555555556|Li:0.03333333333|Na:0.02222222222|Nb:0.2222222222|O:0.6666666667,evaluation-group-0056,2.984747396226393,q3,4.064844315701381,7
electrolyte_conductivity,314,La:0.05555555556|Li:0.04444444444|Na:0.01111111111|Nb:0.2222222222|O:0.6666666667,evaluation-group-0056,2.674160160580941,q3,4.064844315701381,7
electrolyte_conductivity,315,La:0.05555555556|Li:0.05555555556|O:0.6666666667|Ta:0.2222222222,evaluation-group-0076,6.19646083828071,q4,7.470454256386407,3
electrolyte_conductivity,316,La:0.07258064516|Li:0.06048387097|O:0.6048387097|Sr:0.06048387097|Ti:0.2016129032,evaluation-group-0130,4.243338348929691,q2,3.0140385064386015,6
electrolyte_conductivity,317,La:0.07878787879|Li:0.05656565657|O:0.6060606061|Sr:0.05656565657|Ti:0.202020202,evaluation-group-0130,3.984317933869443,q2,3.0140385064386015,6
electrolyte_conductivity,318,La:0.08350305499|Li:0.05091649695|O:0.6109979633|Sr:0.05091649695|Ti:0.2036659878,evaluation-group-0130,3.619512256373751,q2,3.0140385064386015,6
electrolyte_conductivity,323,La:0.1046277666|Li:0.09054325956|O:0.6036217304|Ti:0.2012072435,evaluation-group-0075,0.17807966955936627,q1,0.17617919738465715,6
electrolyte_conductivity,325,La:0.106029106|Li:0.03118503119|O:0.6237006237|Sr:0.03118503119|Ti:0.2079002079,evaluation-group-0130,2.408564756503452,q2,3.0140385064386015,6
electrolyte_conductivity,327,La:0.1095334686|Li:0.07910750507|O:0.6085192698|Ti:0.2028397566,evaluation-group-0075,0.24502090777613464,q1,0.17617919738465715,6
electrolyte_conductivity,328,La:0.1120162933|Li:0.0733197556|O:0.6109979633|Ti:0.2036659878,evaluation-group-0075,0.19458951767956587,q1,0.17617919738465715,6
electrolyte_conductivity,329,La:0.1145194274|Li:0.06748466258|O:0.6134969325|Ti:0.2044989775,evaluation-group-0075,0.10936540111959461,q1,0.17617919738465715,6
electrolyte_conductivity,332,La:0.1172839506|Li:0.05967078189|O:0.6172839506|Ti:0.2057613169,evaluation-group-0071,0.06510195870826187,q1,0.06510195870826187,1
electrolyte_conductivity,333,La:0.1176470588|Li:0.02100840336|O:0.6302521008|Sr:0.02100840336|Ti:0.2100840336,evaluation-group-0130,1.8438437657170137,q2,3.0140385064386015,6
electrolyte_conductivity,334,La:0.117768595|Li:0.05578512397|O:0.6198347107|Ti:0.2066115702,evaluation-group-0057,0.16341135286654956,q1,1.2577663171864488,4
electrolyte_conductivity,335,La:0.1195876289|Li:0.05567010309|O:0.618556701|Ti:0.206185567,evaluation-group-0075,0.1527994226799358,q1,0.17617919738465715,6
electrolyte_conductivity,340,La:0.1260504202|Li:0.2857142857|Mo:0.004201680672|O:0.5042016807|Zr:0.07983193277,evaluation-group-0143,0.36390012316171433,q1,0.8409213517711889,5
electrolyte_conductivity,341,La:0.1260504202|Li:0.2857142857|O:0.5042016807|Sb:0.008403361345|Zr:0.0756302521,evaluation-group-0155,0.48207754073826975,q2,1.3210808433042673,5
electrolyte_conductivity,348,La:0.1271186441|Li:0.01271186441|O:0.6355932203|Sr:0.01271186441|Ti:0.2118644068,evaluation-group-0130,1.462490415228902,q2,3.0140385064386015,6
electrolyte_conductivity,349,La:0.1271186441|Li:0.2796610169|Mo:0.008474576271|O:0.5084745763|Zr:0.07627118644,evaluation-group-0143,0.6744019839121028,q1,0.8409213517711889,5
electrolyte_conductivity,350,La:0.1271186441|Li:0.2796610169|O:0.5084745763|Sb:0.01694915254|Zr:0.06779661017,evaluation-group-0155,0.8894353707541255,q2,1.3210808433042673,5
electrolyte_conductivity,352,La:0.127348643|Li:0.0375782881|O:0.6263048017|Ti:0.2087682672,evaluation-group-0075,0.17427872520994805,q1,0.17617919738465715,6
electrolyte_conductivity,354,La:0.1276595745|Li:0.2765957447|Mo:0.01063829787|O:0.5106382979|Zr:0.07446808511,evaluation-group-0143,0.8409213517711889,q1,0.8409213517711889,5
electrolyte_conductivity,355,La:0.1276595745|Li:0.2765957447|Nb:0.05319148936|O:0.5106382979|Y:0.03191489362,evaluation-group-0151,2.0950706170369413,q1,0.7018084115702041,6
electrolyte_conductivity,358,La:0.1282051282|Li:0.2735042735|Mo:0.01282051282|O:0.5128205128|Zr:0.07264957265,evaluation-group-0143,1.0047668838441535,q1,0.8409213517711889,5
electrolyte_conductivity,359,La:0.1282051282|Li:0.2735042735|O:0.5128205128|Sb:0.02564102564|Zr:0.05982905983,evaluation-group-0155,1.3210808433042673,q2,1.3210808433042673,5
electrolyte_conductivity,361,La:0.1293103448|Li:0.2672413793|Mo:0.01724137931|O:0.5172413793|Zr:0.06896551724,evaluation-group-0143,1.3060635079861596,q1,0.8409213517711889,5
electrolyte_conductivity,362,La:0.1293103448|Li:0.2672413793|O:0.5172413793|Sb:0.03448275862|Zr:0.05172413793,evaluation-group-0155,1.7930914429696592,q2,1.3210808433042673,5
electrolyte_conductivity,368,La:0.1304347826|Li:0.2608695652|Nb:0.0652173913|O:0.5217391304|Y:0.02173913043,evaluation-group-0151,1.1427698675134537,q1,0.7018084115702041,6
electrolyte_conductivity,369,La:0.1304347826|Li:0.2608695652|O:0.5217391304|Sb:0.04347826087|Zr:0.04347826087,evaluation-group-0155,2.2836546575000223,q2,1.3210808433042673,5
electrolyte_conductivity,371,La:0.1307189542|Li:0.2352941176|Nb:0.07843137255|O:0.522875817|Y:0.03267973856,evaluation-group-0151,1.8086449416632413,q1,0.7018084115702041,6
electrolyte_conductivity,376,La:0.1333333333|Li:0.2444444444|Nb:0.07777777778|O:0.5333333333|Y:0.01111111111,evaluation-group-0151,0.2608469556269545,q1,0.7018084115702041,6
electrolyte_conductivity,378,La:0.1339285714|Li:0.2410714286|Nb:0.08035714286|O:0.5357142857|Y:0.008928571429,evaluation-group-0151,0.21102900791314136,q1,0.7018084115702041,6
electrolyte_conductivity,380,La:0.1351351351|Li:0.2342342342|Nb:0.08558558559|O:0.5405405405|Y:0.004504504505,evaluation-group-0151,0.10807803268171201,q1,0.7018084115702041,6
electrolyte_conductivity,394,La:0.225|Li:0.25|O:0.5|Sr:0.025,evaluation-group-0027,3.684512236845321,q3,3.9010488216546886,3
electrolyte_conductivity,395,La:0.25|Li:0.25|O:0.5,evaluation-group-0027,3.9010488216546886,q3,3.9010488216546886,3
electrolyte_conductivity,396,La:0.2604166667|Li:0.1979166667|Mg:0.02083333333|O:0.5208333333,evaluation-group-0027,3.9218678454789817,q3,3.9010488216546886,3
electrolyte_conductivity,397,Li:0.01376479111|O:0.6235208887|Si:0.144892538|Sm:0.2178217822,evaluation-group-0104,19.387621561290974,q4,19.387621561290974,1
electrolyte_conductivity,398,Li:0.05555555556|Nd:0.05555555556|O:0.6666666667|Ta:0.2222222222,evaluation-group-0076,7.470454256386407,q4,7.470454256386407,3
electrolyte_conductivity,407,Li:0.05555555556|O:0.6666666667|Sm:0.05555555556|Ta:0.2222222222,evaluation-group-0076,9.372728253365882,q4,7.470454256386407,3
electrolyte_conductivity,418,Li:0.08333333333|O:0.6666666667|P:0.08333333333|Ta:0.1666666667,evaluation-group-0042,5.0726858438149875,q3,5.0726858438149875,1
electrolyte_conductivity,419,Li:0.1052631579|Mg:0.1052631579|Mo:0.1578947368|O:0.6315789474,evaluation-group-0068,11.809916941423152,q4,11.328349034292861,3
electrolyte_conductivity,420,Li:0.1212121212|Nb:0.1818181818|O:0.6060606061|Sr:0.09090909091,evaluation-group-0084,3.2458411963044376,q2,3.1744924939670796,2
electrolyte_conductivity,425,Li:0.1428571429|P:0.1428571429|S:0.5714285714|Zn:0.1428571429,evaluation-group-0072,13.878412318985148,q3,5.851845893853195,4
electrolyte_conductivity,433,Li:0.1904761905|Nd:0.1428571429|O:0.5714285714|Sb:0.04761904762|Te:0.04761904762,evaluation-group-0147,9.632642273770752,q4,9.632642273770752,1
electrolyte_conductivity,435,Li:0.2068965517|P:0.1379310345|S:0.5517241379|Zn:0.1034482759,evaluation-group-0072,7.449650075019985,q3,5.851845893853195,4
electrolyte_conductivity,439,Li:0.2354497354|Mg:0.05908289242|P:0.176366843|S:0.5291005291,evaluation-group-0089,4.231225946052945,q3,3.2911756458329298,2
electrolyte_conductivity,444,Li:0.2666666667|P:0.1333333333|S:0.5333333333|Zn:0.06666666667,evaluation-group-0072,3.6008366169352777,q3,5.851845893853195,4
electrolyte_conductivity,445,Li:0.2855917667|Mg:0.02830188679|P:0.1715265866|S:0.5145797599,evaluation-group-0089,2.351125345612915,q3,3.2911756458329298,2
electrolyte_conductivity,448,Li:0.2|P:0.2|S:0.6,evaluation-group-0016,2.0480425512691394,q2,2.0480425512691394,1
electrolyte_conductivity,450,Li:0.3225806452|P:0.1290322581|S:0.5161290323|Zn:0.03225806452,evaluation-group-0072,4.254041712686404,q3,5.851845893853195,4
electrolyte_conductivity,453,Li:0.3333333333|P:0.1428571429|S:0.5238095238,evaluation-group-0007,0.5052353914639452,q1,0.5052353914639452,1
electrolyte_conductivity,484,Li:0.4285714286|O:0.4571428571|P:0.02857142857|Si:0.08571428571,evaluation-group-0013,0.1270250531020717,q2,1.6722638729287134,3
electrolyte_conductivity,487,Li:0.4444444444|S:0.1111111111|Se:0.3333333333|Sn:0.1111111111,evaluation-group-0065,34.661649389546156,q4,34.661649389546156,11
electrolyte_conductivity,488,Li:0.4444444444|S:0.2222222222|Se:0.2222222222|Sn:0.1111111111,evaluation-group-0065,20.45756389285326,q4,34.661649389546156,11
electrolyte_conductivity,489,Li:0.4444444444|S:0.3333333333|Se:0.1111111111|Sn:0.1111111111,evaluation-group-0065,8.317828080696138,q4,34.661649389546156,11
electrolyte_conductivity,492,Li:0.4444444444|Se:0.4444444444|Sn:0.1111111111,evaluation-group-0065,49.311846626181385,q4,34.661649389546156,11
solubility,3,Br/C=C\Br,acyclic:Br/C=C\Br,0.0,q1,0.0,1
solubility,9,BrC1CCCCC1,C1CCCCC1,0.625,q4,0.6046511627906976,117
solubility,10,BrC=CBr,acyclic:BrC=CBr,0.0,q1,0.0,1
solubility,13,BrCC(CBr)(CBr)CBr,acyclic:BrCC(CBr)(CBr)CBr,0.46153846153846156,q3,0.46153846153846156,1
solubility,20,Brc1c(Br)c(Br)c(Oc2c(Br)c(Br)c(Br)c(Br)c2Br)c(Br)c1Br,c1ccc(Oc2ccccc2)cc1,0.5454545454545454,q3,0.5172413793103448,139
solubility,23,Brc1cc(Br)c(OCCOc2c(Br)cc(Br)cc2Br)c(Br)c1,c1ccc(OCCOc2ccccc2)cc1,0.6086956521739131,q3,0.45434782608695656,2
solubility,24,Brc1cc(Br)c(Oc2cc(Br)cc(Br)c2Br)c(Br)c1,c1ccc(Oc2ccccc2)cc1,0.6538461538461539,q3,0.5172413793103448,139
solubility,41,Brc1cccc(Nc2ncnc3cc4[nH]ncc4cc23)c1,c1ccc(Nc2ncnc3cc4[nH]ncc4cc23)cc1,0.30000000000000004,q2,0.29423076923076924,2
solubility,48,C#CC,acyclic:C#CC,0.625,q4,0.625,1
solubility,50,C#CC(C)(C)C,acyclic:C#CC(C)(C)C,0.46153846153846156,q3,0.46153846153846156,1
solubility,72,C#CC1(O)CCCCC1,C1CCCCC1,0.75,q4,0.6046511627906976,117
solubility,79,C#CC1(OC(C)=O)CCCCC1,C1CCCCC1,0.7241379310344828,q4,0.6046511627906976,117
solubility,80,C#CC1(OC(N)=O)CCCCC1,C1CCCCC1,0.6904761904761905,q4,0.6046511627906976,117
solubility,87,C#CCCC,acyclic:C#CCCC,0.375,q2,0.375,1
solubility,97,C#CCN1CC(=O)N(COC(=O)C2C(C=C(C)C)C2(C)C)C1=O,O=C(OCN1C(=O)CNC1=O)C1CC1,0.4285714285714286,q2,0.4285714285714286,1
solubility,105,C#CCOc1cc(-n2nc3n(c2=O)CCCC3)c(Cl)cc1Cl,O=c1n(-c2ccccc2)nc2n1CCCC2,0.4833333333333333,q3,0.4833333333333333,1
solubility,113,C(/C=C/c1ccccc1)=NCCCCCCN=C/C=C/c1ccccc1,C(=Cc1ccccc1)C=NCCCCCCN=CC=Cc1ccccc1,0.5666666666666667,q4,0.5666666666666667,1
solubility,116,C(=C\c1ccccc1)/c1ccccc1,C(=Cc1ccccc1)c1ccccc1,0.42105263157894735,q2,0.41666666666666663,5
solubility,119,C.O=S(=O)(O)O,acyclic:C.O=S(=O)(O)O,0.1428571428571429,q1,0.1428571428571429,1
solubility,123,C/C(=C/C(=O)O)C(=O)O,acyclic:C/C(=C/C(=O)O)C(=O)O,0.0,q1,0.0,1
solubility,125,C/C(=C\C(C)CC(C)CC(C)C)C1CC(=O)OC1=O,O=C1CCC(=O)O1,0.75,q4,0.6198412698412699,4
solubility,127,C/C(=C\N=O)NO,acyclic:C/C(=C\N=O)NO,0.625,q4,0.625,1
solubility,141,C/C=C(\C)C(=O)O[C@H]1C[C@@H](OC(C)=O)[C@@]2(C(=O)OC)CO[C@H]3[C@@H](O)[C@@](C)([C@]45O[C@@]4(C)[C@H]4C[C@@H]5O[C@@H]5OC=C[C@@]54O)[C@H]4[C@]1(CO[C@]4(O)C(=O)OC)[C@@H]32,C1=CC2C(O1)OC1CC2C2OC12C1CC2OCC3CCCC4(COCC14)C32,0.7425742574257426,q4,0.7425742574257426,1
solubility,143,C/C=C(\Cl)C(=O)O,acyclic:C/C=C(\Cl)C(=O)O,0.6,q4,0.6,1
solubility,145,C/C=C/C#N,acyclic:C/C=C/C#N,0.5789473684210527,q4,0.5789473684210527,1
solubility,152,C/C=C/C(CCC)(C(=O)O)C(CCC)(CCC)C(=O)O,acyclic:C/C=C/C(CCC)(C(=O)O)C(CCC)(CCC)C(=O)O,0.7,q4,0.7,1
solubility,158,C/C=C/CC(C)C(O)C1C(=O)NC(CC)C(=O)N(C)CC(=O)N(C)C(CC(C)C)C(=O)NC(C(C)C)C(=O)N(C)C(CC(C)C)C(=O)NC(C)C(=O)NC(C)C(=O)N(C)C(CC(C)C)C(=O)N(C)C(CC(C)C)C(=O)N(C)C(C(C)C)C(=O)N1C,O=C1CNC(=O)CNC(=O)CNC(=O)CNC(=O)CNC(=O)CNC(=O)CNC(=O)CNC(=O)CNC(=O)CNC(=O)CN1,0.7425742574257426,q4,0.7425742574257426,1
solubility,159,C/C=C/CC1(C/C=C/C)C(=O)NC(=O)NC1=O,O=C1CC(=O)NC(=O)N1,0.6666666666666667,q3,0.525,49
solubility,164,C/C=C/OC1CCC(O/C=C/C)CC1,C1CCCCC1,0.5714285714285714,q4,0.6046511627906976,117
solubility,175,C/C=C\CO,acyclic:C/C=C\CO,0.46153846153846156,q3,0.46153846153846156,1
solubility,177,C/C=N/O,acyclic:C/C=N/O,0.6470588235294117,q4,0.6470588235294117,1
solubility,182,C1=CC=CCC=C1,C1=CC=CCC=C1,0.5,q3,0.5,1
solubility,184,C1=CCC=C1,C1=CCC=C1,0.4444444444444444,q2,0.4365079365079365,2
solubility,194,C1=C\CC/C=C\CC/1.C1=C\CC/C=C\CC/1.[Cl].[Cl].[Rh].[Rh],C1=CCCC=CCC1.C1=CCCC=CCC1,0.25,q1,0.25,1
solubility,197,C1=Cc2ccccc2C1.CC(C)c1ccccc1.CCc1ccc(CC)cc1.Cc1cc(C)cc(C)c1.Cc1ccccc1.c1ccc2c(c1)CCC2.c1ccc2c(c1)CCCC2.c1ccc2ccccc2c1.c1ccccc1,C1=Cc2ccccc2C1.c1ccc2c(c1)CCC2.c1ccc2c(c1)CCCC2.c1ccc2ccccc2c1.c1ccccc1.c1ccccc1.c1ccccc1.c1ccccc1.c1ccccc1,0.5283018867924528,q3,0.5283018867924528,1
solubility,200,C1CC(COCC2CO2)CCC1COCC1CO1,C1CC(COCC2CO2)CCC1COCC1CO1,0.3913043478260869,q2,0.3913043478260869,1
solubility,202,C1CC2C3CC(C2C1)C1(CCCO1)C3,C1CC2C3CC(C2C1)C1(CCCO1)C3,0.71875,q4,0.71875,1
solubility,203,C1CCC(NCCNC2CCCCC2)CC1,C1CCC(NCCNC2CCCCC2)CC1,0.6818181818181819,q4,0.6818181818181819,1
solubility,208,C1CCCCC1,C1CCCCC1,0.0,q4,0.6046511627906976,117
solubility,210,C1CCCCCCC1,C1CCCCCCC1,0.0,q1,0.0,3
solubility,216,C1CCNCC1,C1CCNCC1,0.0,q4,0.58125,20
solubility,217,C1CCOC1,C1CCOC1,0.11111111111111116,q3,0.5294117647058824,17
solubility,224,C1CN1,C1CN1,0.16666666666666663,q1,0.1742424242424242,2
solubility,230,C1CNCCNCCNCCN1,C1CNCCNCCNCCN1,0.0,q1,0.0,1
solubility,238,C1CSCCS1,C1CSCCS1,0.4444444444444444,q4,0.6111111111111112,2
solubility,242,C1OC1C1CO1,C1OC1C1CO1,0.5454545454545454,q3,0.5454545454545454,5
solubility,244,C1O[C@@H]1[C@@H]1CO1,C1OC1C1CO1,0.5454545454545454,q3,0.5454545454545454,5
solubility,245,C1O[C@@H]1[C@H]1CO1,C1OC1C1CO1,0.5454545454545454,q3,0.5454545454545454,5
solubility,246,C1O[C@H]1[C@H]1CO1,C1OC1C1CO1,0.5454545454545454,q3,0.5454545454545454,5
solubility,248,C=C(Br)C(=O)Nc1ccc(N=Nc2c(N)ccc3cc(S(=O)(=O)[O-])ccc23)c(S(=O)(=O)c2ccc(C)c(S(=O)(=O)[O-])c2)c1.[Na+].[Na+],O=S(=O)(c1ccccc1)c1ccccc1N=Nc1cccc2ccccc12,0.6024096385542168,q4,0.6024096385542168,1
solubility,252,C=C(Br)C(=O)Nc1ccc(S(=O)(=O)[O-])c(N=NC2C(=O)N(c3cc(Cl)c(S(=O)(=O)[O-])cc3Cl)N=C2C)c1.[Na+].[Na+],O=C1C(N=Nc2ccccc2)C=NN1c1ccccc1,0.5421686746987953,q3,0.484375,10
solubility,254,C=C(Br)CC1(C(C)CC)C(=O)NC(=O)NC1=O,O=C1CC(=O)NC(=O)N1,0.5952380952380952,q3,0.525,49
solubility,260,C=C(C)C(=O)C(=CC(=O)O)OC,acyclic:C=C(C)C(=O)C(=CC(=O)O)OC,0.5925925925925926,q4,0.5925925925925926,1
solubility,262,C=C(C)C(=O)NCNC(=O)C(=C)C,acyclic:C=C(C)C(=O)NCNC(=O)C(=C)C,0.41666666666666663,q2,0.41666666666666663,1
solubility,271,C=C(C)C(=O)OC1CC(C)CC(C)(C)C1,C1CCCCC1,0.4883720930232558,q4,0.6046511627906976,117
solubility,273,C=C(C)C(=O)OC1CCCCC1,C1CCCCC1,0.5769230769230769,q4,0.6046511627906976,117
solubility,276,C=C(C)C(=O)OCC(CC)(COC(=O)C(=C)C)COC(=O)C(=C)C,acyclic:C=C(C)C(=O)OCC(CC)(COC(=O)C(=C)C)COC(=O)C(=C)C,0.3928571428571429,q2,0.3928571428571429,1
solubility,280,C=C(C)C(=O)OCC1CCCO1,C1CCOC1,0.33333333333333337,q3,0.5294117647058824,17
solubility,282,C=C(C)C(=O)OCCC(F)(F)C(F)(F)C(F)(F)C(F)(F)C(F)(F)C(F)(F)F,acyclic:C=C(C)C(=O)OCCC(F)(F)C(F)(F)C(F)(F)C(F)(F)C(F)(F)C(F)(F)F,0.4054054054054054,q2,0.4054054054054054,1
solubility,298,C=C(C)C(=O)OCCOC(=O)C(=C)C,acyclic:C=C(C)C(=O)OCCOC(=O)C(=C)C,0.15000000000000002,q1,0.15000000000000002,1
solubility,314,C=C(C)C(N)=O,acyclic:C=C(C)C(N)=O,0.46153846153846156,q3,0.46153846153846156,1
solubility,320,C=C(C)C1CCC(C)(O)C(O)C1,C1CCCCC1,0.6756756756756757,q4,0.6046511627906976,117
solubility,322,C=C(C)C1CCC(C)CC1O,C1CCCCC1,0.6666666666666667,q4,0.6046511627906976,117
solubility,333,C=C(C)CS(=O)(=O)[O-].[Na+],acyclic:C=C(C)CS(=O)(=O)[O-].[Na+],0.625,q4,0.625,1
solubility,351,C=C(COC(C)=O)COC(C)=O,acyclic:C=C(COC(C)=O)COC(C)=O,0.5217391304347826,q3,0.5217391304347826,1
solubility,387,C=CC(=C)C,acyclic:C=CC(=C)C,0.5,q3,0.5,1
solubility,390,C=CC(=C)CCCC(C)(C)OC(C)=O,acyclic:C=CC(=C)CCCC(C)(C)OC(C)=O,0.6097560975609756,q4,0.6097560975609756,1
solubility,398,C=CC(=O)NCOCCCC,acyclic:C=CC(=O)NCOCCCC,0.5517241379310345,q3,0.5517241379310345,1
solubility,406,C=CC(=O)OC1CC(C)CC(C)(C)C1,C1CCCCC1,0.4883720930232558,q4,0.6046511627906976,117
solubility,407,C=CC(=O)OC1CCC(C(C)(C)C)CC1,C1CCCCC1,0.5483870967741935,q4,0.6046511627906976,117
solubility,418,C=CC(=O)OCC1CCCO1,C1CCOC1,0.6,q3,0.5294117647058824,17
solubility,422,C=CC(=O)OCCCC,acyclic:C=CC(=O)OCCCC,0.16000000000000003,q1,0.16000000000000003,1
solubility,428,C=CC(=O)OCCCCCCOC(=O)C=C,acyclic:C=CC(=O)OCCCCCCOC(=O)C=C,0.0,q1,0.0,1
solubility,454,C=CC(C)(C)O,acyclic:C=CC(C)(C)O,0.5833333333333333,q4,0.5833333333333333,1
solubility,458,C=CC(C)(CCC=C(C)C)OC(C)OCC,acyclic:C=CC(C)(CCC=C(C)C)OC(C)OCC,0.45238095238095233,q3,0.45238095238095233,1
solubility,465,C=CC(C)C,acyclic:C=CC(C)C,0.5625,q3,0.5625,1
solubility,470,C=CC(C)CCCC(C)(C)OC(C)=O,acyclic:C=CC(C)CCCC(C)(C)OC(C)=O,0.4545454545454546,q3,0.4545454545454546,1
solubility,473,C=CC(N)=O,acyclic:C=CC(N)=O,0.5,q3,0.5,1
solubility,479,C=CC(OC(C)=O)OC(C)=O,acyclic:C=CC(OC(C)=O)OC(C)=O,0.4814814814814815,q3,0.4814814814814815,1
solubility,482,C=CC1(C(C)C)C(=O)NC(=O)NC1=O,O=C1CC(=O)NC(=O)N1,0.6666666666666667,q3,0.525,49
solubility,483,C=CC1(C(C)CCC)C(=O)NC(=O)NC1=O,O=C1CC(=O)NC(=O)N1,0.525,q3,0.525,49
solubility,484,C=CC1(C)CCC(C(C)(C)O)O1,C1CCOC1,0.6666666666666667,q3,0.5294117647058824,17
solubility,487,C=CC1(C=C)C(=O)NC(=O)NC1=O,O=C1CC(=O)NC(=O)N1,0.5909090909090908,q3,0.525,49
solubility,488,C=CC1(CC(C)C)C(=O)NC(=O)NC1=O,O=C1CC(=O)NC(=O)N1,0.631578947368421,q3,0.525,49
solubility,501,C=CC=O,acyclic:C=CC=O,0.5555555555555556,q3,0.5555555555555556,1
solubility,509,C=CCC1(C(C)C)C(=O)NC(=O)NC1=O,O=C1CC(=O)NC(=O)N1,0.4864864864864865,q3,0.525,49
solubility,510,C=CCC1(C(C)CC)C(=O)NC(=O)NC1=O,O=C1CC(=O)NC(=O)N1,0.4054054054054054,q3,0.525,49
solubility,511,C=CCC1(C(C)CCC)C(=O)NC(=O)NC1=O,O=C1CC(=O)NC(=O)N1,0.20588235294117652,q3,0.525,49
solubility,513,C=CCC1(C)C(=O)NC(=O)NC1=O,O=C1CC(=O)NC(=O)N1,0.5294117647058824,q3,0.525,49
solubility,514,C=CCC1(CC(C)C)C(=O)NC(=O)NC1=O,O=C1CC(=O)NC(=O)N1,0.5526315789473684,q3,0.525,49
solubility,515,C=CCC1(CC)C(=O)NC(=O)NC1=O,O=C1CC(=O)NC(=O)N1,0.5172413793103448,q3,0.525,49
solubility,516,C=CCC1(CC=C)C(=O)NC(=O)NC1=O,O=C1CC(=O)NC(=O)N1,0.5,q3,0.525,49
solubility,517,C=CCC1(CCCC)C(=O)NC(=O)NC1=O,O=C1CC(=O)NC(=O)N1,0.48571428571428577,q3,0.525,49
solubility,520,C=CCC=C,acyclic:C=CCC=C,0.5454545454545454,q3,0.5454545454545454,1
solubility,524,C=CCCC(=O)C1CCCC(C)(C)C1,C1CCCCC1,0.6086956521739131,q4,0.6046511627906976,117
solubility,527,C=CCCCC(C)C,acyclic:C=CCCCC(C)C,0.5,q3,0.5,1
solubility,528,C=CCCCC=C,acyclic:C=CCCCC=C,0.18181818181818177,q1,0.18181818181818177,1
solubility,529,C=CCCCCC,acyclic:C=CCCCCC,0.0625,q1,0.0625,1
solubility,538,C=CCCCCCCCCC(=O)OC,acyclic:C=CCCCCCCCCC(=O)OC,0.33333333333333337,q2,0.33333333333333337,1
solubility,540,C=CCCCCCCO,acyclic:C=CCCCCCCO,0.23529411764705888,q1,0.23529411764705888,1
solubility,543,C=CCCCOC(=O)C(CC)N(Cc1ccco1)C(=O)n1ccnc1,O=C(NCc1ccco1)n1ccnc1,0.6962025316455696,q4,0.6962025316455696,1
solubility,547,C=CCN(CC=C)C(=O)C(Cl)Cl,acyclic:C=CCN(CC=C)C(=O)C(Cl)Cl,0.375,q2,0.375,1
solubility,565,C=CCOC(=O)CCC1CCCCC1,C1CCCCC1,0.53125,q4,0.6046511627906976,117
solubility,572,C=CCOC(CO)CO,acyclic:C=CCOC(CO)CO,0.631578947368421,q4,0.631578947368421,1
solubility,585,C=CCOc1nc(OCC=C)nc(OCC=C)n1,c1ncncn1,0.631578947368421,q4,0.6341463414634146,45
solubility,604,C=CN1CCCCCC1=O,O=C1CCCCCN1,0.5384615384615384,q1,0.2692307692307692,2
solubility,610,C=COC(=O)CCCCCCCCCCC,acyclic:C=COC(=O)CCCCCCCCCCC,0.31034482758620685,q2,0.31034482758620685,1
solubility,611,C=COC(=O)CCCCCCCCCCCCCCCCC,acyclic:C=COC(=O)CCCCCCCCCCCCCCCCC,0.31034482758620685,q2,0.31034482758620685,1
solubility,615,C=COC1CCCCC1,C1CCCCC1,0.2777777777777778,q4,0.6046511627906976,117
solubility,625,C=COCCOCCOC=C,acyclic:C=COCCOCCOC=C,0.4117647058823529,q2,0.4117647058823529,1
solubility,629,C=CSC(C)O,acyclic:C=CSC(C)O,0.6190476190476191,q4,0.6190476190476191,1
solubility,636,C=C[C@]1(C)CC[C@@H](C(C)(C)O)C[C@H]1C(=C)C,C1CCCCC1,0.71875,q4,0.6046511627906976,117
solubility,697,CC(=O)C(N=Nc1ccc(-c2ccc(N=NC(C(C)=O)C(=O)Nc3ccc(C)cc3C)c(Cl)c2)cc1Cl)C(=O)Nc1ccc(C)cc1C.COc1cc(NC(=O)C(N=Nc2ccc(-c3ccc(N=NC(C(C)=O)C(=O)Nc4cc(OC)c(Cl)cc4OC)c(Cl)c3)cc2Cl)C(C)=O)c(OC)cc1Cl.COc1cc(NC(=O)C(N=Nc2ccc(-c3ccc(N=NC(C(C)=O)C(=O)Nc4ccc(C)cc4C)c(Cl)c3)cc2Cl)C(C)=O)c(OC)cc1Cl,O=C(CN=Nc1ccc(-c2ccc(N=NCC(=O)Nc3ccccc3)cc2)cc1)Nc1ccccc1.O=C(CN=Nc1ccc(-c2ccc(N=NCC(=O)Nc3ccccc3)cc2)cc1)Nc1ccccc1.O=C(CN=Nc1ccc(-c2ccc(N=NCC(=O)Nc3ccccc3)cc2)cc1)Nc1ccccc1,0.1636363636363637,q1,0.16345083487940631,2
solubility,699,CC(=O)C(N=Nc1ccc(-c2ccc(N=NC(C(C)=O)C(=O)Nc3ccccc3)c(Cl)c2)cc1Cl)C(=O)Nc1ccccc1.COc1ccc(NC(=O)C(N=Nc2ccc(-c3ccc(N=NC(C(C)=O)C(=O)Nc4ccc(OC)cc4)c(Cl)c3)cc2Cl)C(C)=O)cc1.COc1ccc(NC(=O)C(N=Nc2ccc(-c3ccc(N=NC(C(C)=O)C(=O)Nc4ccccc4)c(Cl)c3)cc2Cl)C(C)=O)cc1,O=C(CN=Nc1ccc(-c2ccc(N=NCC(=O)Nc3ccccc3)cc2)cc1)Nc1ccccc1.O=C(CN=Nc1ccc(-c2ccc(N=NCC(=O)Nc3ccccc3)cc2)cc1)Nc1ccccc1.O=C(CN=Nc1ccc(-c2ccc(N=NCC(=O)Nc3ccccc3)cc2)cc1)Nc1ccccc1,0.16326530612244894,q1,0.16345083487940631,2
solubility,723,CC(=O)C1CCC2C3CC=C4CC(O)CCC4(C)C3CCC12C,C1=C2CCCCC2C2CCC3CCCC3C2C1,0.3877551020408163,q2,0.43949158610812744,4
solubility,730,CC(=O)C=C(C)NC1CCCCC1NC(C)=CC(C)=O,C1CCCCC1,0.6538461538461539,q4,0.6046511627906976,117
solubility,746,CC(=O)CC(=O)OCCOC(=O)CC(C)=O,acyclic:CC(=O)CC(=O)OCCOC(=O)CC(C)=O,0.29166666666666663,q1,0.29166666666666663,1
solubility,748,CC(=O)CC(C)(C)C1CCCCC1,C1CCCCC1,0.5925925925925926,q4,0.6046511627906976,117
solubility,758,CC(=O)CC(N)=O,acyclic:CC(=O)CC(N)=O,0.4,q2,0.4,1
solubility,764,CC(=O)CC1=NCCS1,C1=NCCS1,0.7241379310344828,q4,0.7241379310344828,1
solubility,765,CC(=O)CC1CCCCN1,C1CCNCC1,0.65625,q4,0.58125,20
solubility,771,CC(=O)CCCC(C)CCCC(C)CCCC(C)C,acyclic:CC(=O)CCCC(C)CCCC(C)CCCC(C)C,0.0,q1,0.0,1
solubility,773,CC(=O)CCCCn1c(=O)c2c(ncn2C)n(C)c1=O,O=c1[nH]c(=O)c2[nH]cnc2[nH]1,0.6521739130434783,q4,0.5675675675675675,39
solubility,787,CC(=O)N(CCN(C(C)=O)C(C)=O)C(C)=O,acyclic:CC(=O)N(CCN(C(C)=O)C(C)=O)C(C)=O,0.5625,q3,0.5625,1
solubility,788,CC(=O)N(O)CCCCCNC(=O)CCC(=O)N(O)CCCCCNC(=O)CCC(=O)N(O)CCCCCN,acyclic:CC(=O)N(O)CCCCCNC(=O)CCC(=O)N(O)CCCCCNC(=O)CCC(=O)N(O)CCCCCN,0.5897435897435898,q4,0.5897435897435898,1
solubility,792,CC(=O)N1CCN(C(=O)/C=C/c2ccc(Sc3ccc4[nH]ccc4c3)c(Cl)c2)CC1,O=C(C=Cc1ccc(Sc2ccc3[nH]ccc3c2)cc1)N1CCNCC1,0.34426229508196726,q2,0.34426229508196726,1
solubility,795,CC(=O)N1CCN(c2ccc(O)cc2)CC1,c1ccc(N2CCNCC2)cc1,0.5869565217391304,q4,0.5869565217391304,1
solubility,798,CC(=O)N=c1sc(S(N)(=O)=O)nn1C,N=c1[nH]ncs1,0.5106382978723405,q3,0.46230342275670677,4
solubility,801,CC(=O)NC(C(=O)O)C(C)C,acyclic:CC(=O)NC(C(=O)O)C(C)C,0.0,q1,0.0,1
solubility,802,CC(=O)NC(CC(C)C)C(=O)O,acyclic:CC(=O)NC(CC(C)C)C(=O)O,0.0,q1,0.0,1
solubility,803,CC(=O)NC(CCC(=O)O)C(=O)O,acyclic:CC(=O)NC(CCC(=O)O)C(=O)O,0.3793103448275862,q2,0.3793103448275862,1
solubility,820,CC(=O)NS(=O)(=O)c1ccc(NC(=O)c2ccccc2C(=O)O)cc1,O=C(Nc1ccccc1)c1ccccc1,0.3513513513513513,q3,0.4941860465116279,46
solubility,837,CC(=O)Nc1ccc(C(=O)Nc2ccc(OC(C)=O)cc2)cc1,O=C(Nc1ccccc1)c1ccccc1,0.2068965517241379,q3,0.4941860465116279,46
solubility,849,CC(=O)Nc1ccc(NC(=O)C2=Cc3ccccc3/C(=N/Nc3cc(C(N)=O)ccc3Cl)C2=O)cc1,O=C(Nc1ccccc1)C1=Cc2ccccc2C(=NNc2ccccc2)C1=O,0.3287671232876712,q2,0.31997863247863245,10
solubility,850,CC(=O)Nc1ccc(NC(=O)c2cc3ccccc3cc2O)cc1,O=C(Nc1ccccc1)c1ccc2ccccc2c1,0.48571428571428577,q3,0.5,12
solubility,858,CC(=O)Nc1ccc(S(=O)(=O)N=c2sc(S(N)(=O)=O)nn2C)cc1,O=S(=O)(N=c1[nH]ncs1)c1ccccc1,0.509090909090909,q3,0.46225071225071224,16
solubility,860,CC(=O)Nc1ccc(S(=O)(=O)Nc2ccccn2)cc1,O=S(=O)(Nc1ccccn1)c1ccccc1,0.28205128205128205,q2,0.4285714285714286,5
solubility,882,CC(=O)Nc1ccncc1NS(=O)(=O)c1ccc([N+](=O)[O-])cc1,O=S(=O)(Nc1cccnc1)c1ccccc1,0.5348837209302326,q2,0.38235294117647056,3
solubility,887,CC(=O)Nc1nnc(S(N)(=O)=O)s1,c1nncs1,0.36585365853658536,q4,0.5711279461279462,10
solubility,893,CC(=O)O.OCCNCCO,acyclic:CC(=O)O.OCCNCCO,0.375,q2,0.375,1
solubility,900,CC(=O)OC(C)=O,acyclic:CC(=O)OC(C)=O,0.4,q2,0.4,1
solubility,902,CC(=O)OC(C)C#N,acyclic:CC(=O)OC(C)C#N,0.5,q3,0.5,1
solubility,903,CC(=O)OC(C)C1CCCCC1,C1CCCCC1,0.5,q4,0.6046511627906976,117
solubility,907,CC(=O)OC/C=C(/C)CCC=C(C)C,acyclic:CC(=O)OC/C=C(/C)CCC=C(C)C,0.0,q1,0.0,1
solubility,921,CC(=O)OC1C2C(CC(C)C3C=CC(=O)C31C)OC(=O)C2C,O=C1CC2CC3C(=O)C=CC3CCC2O1,0.7272727272727273,q4,0.7272727272727273,1
solubility,925,CC(=O)OC1CCC(C(C)(C)C)CC1,C1CCCCC1,0.5454545454545454,q4,0.6046511627906976,117
solubility,930,CC(=O)OC1CCCCC1,C1CCCCC1,0.4285714285714286,q4,0.6046511627906976,117
solubility,931,CC(=O)OC1CCCCC1C,C1CCCCC1,0.5588235294117647,q4,0.6046511627906976,117
solubility,938,CC(=O)OCC(=O)C1(O)CCC2C3CCC4=CC(=O)CCC4(C)C3C(=O)CC21C,O=C1C=C2CCC3C4CCCC4CC(=O)C3C2CC1,0.2857142857142857,q2,0.2980295566502463,4
solubility,942,CC(=O)OCC(=O)[C@@]1(O)CC[C@H]2[C@@H]3CCC4=CC(=O)CC[C@]4(C)[C@H]3C(=O)C[C@@]21C,O=C1C=C2CCC3C4CCCC4CC(=O)C3C2CC1,0.2857142857142857,q2,0.2980295566502463,4
solubility,954,CC(=O)OCC1=C(C(=O)O)N2C(=O)[C@@H](N)[C@H]2SC1,O=C1CC2SCC=CN12,0.423728813559322,q3,0.4569624459953473,2
solubility,958,CC(=O)OCC=C(C)C,acyclic:CC(=O)OCC=C(C)C,0.34615384615384615,q2,0.34615384615384615,1
solubility,959,CC(=O)OCCBr,acyclic:CC(=O)OCCBr,0.4,q2,0.4,1
solubility,970,CC(=O)OCCOC(C)=O,acyclic:CC(=O)OCCOC(C)=O,0.1875,q1,0.1875,1
solubility,972,CC(=O)OCCOCCOCCOC(C)=O,acyclic:CC(=O)OCCOCCOCCOC(C)=O,0.19999999999999996,q1,0.19999999999999996,1
solubility,991,CC(=O)OCn1cc2c(=O)n(COC(C)=O)cnc2n1,O=c1[nH]cnc2n[nH]cc12,0.5333333333333333,q2,0.40816326530612246,5
solubility,992,CC(=O)OCn1cnc2c1c(=O)n(C)c(=O)n2C,O=c1[nH]c(=O)c2[nH]cnc2[nH]1,0.5490196078431373,q4,0.5675675675675675,39
solubility,997,CC(=O)O[C@@H]1CCCC[C@@H]1C(C)(C)C,C1CCCCC1,0.5945945945945945,q4,0.6046511627906976,117
solubility,999,CC(=O)O[C@@H]1C[C@H](C)CC[C@H]1C(C)C,C1CCCCC1,0.625,q4,0.6046511627906976,117
solubility,1003,CC(=O)O[C@H]1C[C@@H](C)CC[C@@H]1C(C)C,C1CCCCC1,0.625,q4,0.6046511627906976,117
solubility,1020,CC(=O)Oc1ccc(NC(=O)c2ccccc2)cc1,O=C(Nc1ccccc1)c1ccccc1,0.2941176470588235,q3,0.4941860465116279,46
solubility,1034,CC(=O)Oc1ccccc1C(=O)OCN1C(=O)CCC1=O,O=C(OCN1C(=O)CCC1=O)c1ccccc1,0.39534883720930236,q2,0.39534883720930236,1
solubility,1043,CC(=O)[C@H]1CC[C@H]2[C@@H]3CC=C4C[C@@H](O)CC[C@]4(C)[C@H]3CC[C@]12C,C1=C2CCCCC2C2CCC3CCCC3C2C1,0.3877551020408163,q2,0.43949158610812744,4
solubility,1045,CC(=O)[CH-]C(C)=O.CC(=O)[CH-]C(C)=O.CC(C)[O-].CC(C)[O-].[Ti+4],acyclic:CC(=O)[CH-]C(C)=O.CC(=O)[CH-]C(C)=O.CC(C)[O-].CC(C)[O-].[Ti+4],0.4117647058823529,q2,0.4117647058823529,1
solubility,1048,CC(=O)[CH-]C(C)=O.[C-]#[O+].[Rh].c1ccc(P(c2ccccc2)c2ccccc2)cc1,c1ccc(P(c2ccccc2)c2ccccc2)cc1,0.5714285714285714,q2,0.35714285714285715,2
solubility,1051,CC(=O)[O-].CC(=O)[O-].CC(=O)[O-].[Y+3],acyclic:CC(=O)[O-].CC(=O)[O-].CC(=O)[O-].[Y+3],0.19999999999999996,q1,0.19999999999999996,1
solubility,1053,CC(=O)[O-].CC(=O)[O-].N.N.N.N.[Pd+2],acyclic:CC(=O)[O-].CC(=O)[O-].N.N.N.N.[Pd+2],0.09999999999999998,q1,0.09999999999999998,1
solubility,1056,CC(=O)[O-].CC(=O)[O-].[Cu+2],acyclic:CC(=O)[O-].CC(=O)[O-].[Cu+2],0.19999999999999996,q1,0.19999999999999996,1
solubility,1072,CC(=O)[c-]1c(=O)cc(C)oc1=O.[Na+],O=c1[c-]c(=O)occ1,0.7209302325581395,q4,0.7209302325581395,1
solubility,1075,CC(=O)c1c(O)c(C)c(O)c2c1OC1=CC(=O)C(C(C)=O)C(=O)C12C,O=C1C=C2Oc3ccccc3C2C(=O)C1,0.625,q4,0.625,1
solubility,1101,CC(=O)n1cnc2c1c(=O)n(C)c(=O)n2C,O=c1[nH]c(=O)c2[nH]cnc2[nH]1,0.5675675675675675,q4,0.5675675675675675,39
solubility,1104,CC(Br)C(=O)NCC(=O)NCC(=O)O,acyclic:CC(Br)C(=O)NCC(=O)NCC(=O)O,0.4117647058823529,q2,0.4117647058823529,1
solubility,1106,CC(Br)CCl,acyclic:CC(Br)CCl,0.46153846153846156,q3,0.46153846153846156,1
solubility,1113,CC(C(=O)O)N(C(=O)c1ccccc1)c1ccc(F)c(Cl)c1,O=C(Nc1ccccc1)c1ccccc1,0.5918367346938775,q3,0.4941860465116279,46
solubility,1118,CC(C(=O)O)c1ccc(N2Cc3ccccc3C2=O)cc1,O=C1c2ccccc2CN1c1ccccc1,0.6041666666666667,q4,0.6041666666666667,1
solubility,1121,CC(C(=O)O)c1cccc(Oc2ccccc2)c1,c1ccc(Oc2ccccc2)cc1,0.41666666666666663,q3,0.5172413793103448,139
solubility,1132,CC(C)(C)C(=O)C1C(=O)c2ccccc2C1=O,O=C1CC(=O)c2ccccc21,0.6,q4,0.6,1
solubility,1139,CC(C)(C)C(=O)OCn1cc2c(=O)[nH]cnc2n1,O=c1[nH]cnc2n[nH]cc12,0.42000000000000004,q2,0.40816326530612246,5
solubility,1140,CC(C)(C)C(=O)OCn1cc2c(=O)n(COC(=O)C(C)(C)C)cnc2n1,O=c1[nH]cnc2n[nH]cc12,0.40816326530612246,q2,0.40816326530612246,5
solubility,1145,CC(C)(C)C(C)(C)C,acyclic:CC(C)(C)C(C)(C)C,0.5,q3,0.5,1
solubility,1146,CC(C)(C)C(C)(C)O,acyclic:CC(C)(C)C(C)(C)O,0.4444444444444444,q2,0.4444444444444444,1
solubility,1155,CC(C)(C)C1CCC(CC2=C(O)C(=O)c3ccccc3C2=O)CC1,O=C1C=C(CC2CCCCC2)C(=O)c2ccccc21,0.6274509803921569,q4,0.6274509803921569,1
solubility,1156,CC(C)(C)C1CCC(O)CC1,C1CCCCC1,0.3157894736842105,q4,0.6046511627906976,117
solubility,1158,CC(C)(C)CC(=O)OCC(=O)C12OC(C)(C)OC1CC1C3CCC4=CC(=O)C=CC4(C)C3(F)C(O)CC12C,O=C1C=CC2C(=C1)CCC1C2CCC2C1CC1OCOC12,0.41463414634146345,q2,0.3611632270168856,4
solubility,1159,CC(C)(C)CC(=O)OCC(=O)[C@@]12OC(C)(C)O[C@@H]1C[C@H]1[C@@H]3CCC4=CC(=O)C=C[C@]4(C)[C@@]3(F)[C@@H](O)C[C@@]12C,O=C1C=CC2C(=C1)CCC1C2CCC2C1CC1OCOC12,0.41463414634146345,q2,0.3611632270168856,4
solubility,1169,CC(C)(C)CC(C)(C)c1ccc([O-])c(Sc2cc(C(C)(C)CC(C)(C)C)ccc2[O-])c1.CCCCN.[Ni+2],c1ccc(Sc2ccccc2)cc1,0.6481481481481481,q3,0.4736842105263158,7
solubility,1171,CC(C)(C)CCCCC1(C(=O)OC(C)(C)CC(C)(C)C)OO1,C1OO1,0.6578947368421053,q4,0.6578947368421053,1
solubility,1173,CC(C)(C)CCCO,acyclic:CC(C)(C)CCCO,0.375,q2,0.375,1
solubility,1182,CC(C)(C)N(Sc1nc2ccccc2s1)Sc1nc2ccccc2s1,c1ccc2sc(SNSc3nc4ccccc4s3)nc2c1,0.4117647058823529,q2,0.4117647058823529,1
solubility,1183,CC(C)(C)NC(=O)C1CCC2C3CC=C4C=C(C(=O)O)CCC4(C)C3CCC12C,C1=CC2=CCC3C4CCCC4CCC3C2CC1,0.5970149253731343,q4,0.5970149253731343,1
solubility,1185,CC(C)(C)NC(=O)C1N(C(=O)C(O)C(Cc2ccccc2)NC(=O)Cc2ccccc2)CSC1(C)C,O=C(Cc1ccccc1)NC(CC(=O)N1CCSC1)Cc1ccccc1,0.15873015873015872,q1,0.15873015873015872,1
solubility,1192,CC(C)(C)NC(N)=O,acyclic:CC(C)(C)NC(N)=O,0.4545454545454546,q3,0.4545454545454546,1
solubility,1198,CC(C)(C)NCc1ccc(S(=O)(=O)c2csc(S(N)(=O)=O)c2)cc1,O=S(=O)(c1ccccc1)c1ccsc1,0.5789473684210527,q2,0.4272510435301133,8
solubility,1212,CC(C)(C)OOC1(OOC(C)(C)C)CCCCC1,C1CCCCC1,0.5652173913043479,q4,0.6046511627906976,117
solubility,1214,CC(C)(C)S(=O)(=O)C(C)(C)C,acyclic:CC(C)(C)S(=O)(=O)C(C)(C)C,0.6,q4,0.6,1
solubility,1235,CC(C)(C)c1ccc(C(O)CCCN2CCC(C(O)(c3ccccc3)c3ccccc3)CC2)cc1,c1ccc(CCCCN2CCC(C(c3ccccc3)c3ccccc3)CC2)cc1,0.625,q4,0.625,1
solubility,1239,CC(C)(C)c1ccc(CSc2cnn(C(C)(C)C)c(=O)c2Cl)cc1,O=c1cc(SCc2ccccc2)cn[nH]1,0.6935483870967742,q4,0.6935483870967742,1
solubility,1256,CC(C)(C)n1cc(C(=O)O)c(=O)c2cc(F)c(N3CCNCC3)cc21,O=c1cc[nH]c2cc(N3CCNCC3)ccc12,0.31481481481481477,q2,0.3512987012987013,8
solubility,1261,CC(C)(CF)n1cc(C(=O)O)c(=O)c2cc(F)c(N3CCNCC3)cc21,O=c1cc[nH]c2cc(N3CCNCC3)ccc12,0.3571428571428571,q2,0.3512987012987013,8
solubility,1265,CC(C)(CO)CO.CCCCCCC(=O)O,acyclic:CC(C)(CO)CO.CCCCCCC(=O)O,0.0,q1,0.0,1
solubility,1281,CC(C)(NC(N)=O)C(=O)O,acyclic:CC(C)(NC(N)=O)C(=O)O,0.52,q3,0.52,1
solubility,1294,CC(C)(OC1CCCCC1)C(=O)O,C1CCCCC1,0.6129032258064516,q4,0.6046511627906976,117
solubility,1313,CC(C)(c1ccc(Oc2ccc(N)cc2)cc1)c1ccc(Oc2ccc(N)cc2)cc1,c1ccc(Oc2ccc(Cc3ccc(Oc4ccccc4)cc3)cc2)cc1,0.5333333333333333,q3,0.5333333333333333,1
solubility,1319,CC(C)=C1OC(=O)N(c2cc(OC3CCCC3)c(Cl)cc2F)C1=O,C=C1OC(=O)N(c2cccc(OC3CCCC3)c2)C1=O,0.6388888888888888,q4,0.6388888888888888,1
solubility,1333,CC(C)=CCC1(C(C)(C)C)C(=O)NC(=O)NC1=O,O=C1CC(=O)NC(=O)N1,0.6774193548387097,q3,0.525,49
solubility,1334,CC(C)=CCC1(C(C)C)C(=O)NC(=O)NC1=O,O=C1CC(=O)NC(=O)N1,0.6774193548387097,q3,0.525,49
solubility,1335,CC(C)=CCC1(C)C(=O)NC(=O)NC1=O,O=C1CC(=O)NC(=O)N1,0.6428571428571428,q3,0.525,49
solubility,1341,CC(C)=CCC[C@@H](C)CC=O,acyclic:CC(C)=CCC[C@@H](C)CC=O,0.4285714285714286,q2,0.4285714285714286,1
solubility,1357,CC(C)C(=O)OC(=O)C(C)C,acyclic:CC(C)C(=O)OC(=O)C(C)C,0.4736842105263158,q3,0.4736842105263158,1
solubility,1365,CC(C)C(Br)C(=O)O,acyclic:CC(C)C(Br)C(=O)O,0.45833333333333337,q3,0.45833333333333337,1
solubility,1376,CC(C)C(C)CO,acyclic:CC(C)C(C)CO,0.5,q3,0.5,1
solubility,1380,CC(C)C(N)C(=O)NCC(=O)O,acyclic:CC(C)C(N)C(=O)NCC(=O)O,0.47058823529411764,q3,0.47058823529411764,1
solubility,1384,CC(C)C(NCCC#N)C(=O)O,acyclic:CC(C)C(NCCC#N)C(=O)O,0.25806451612903225,q1,0.25806451612903225,1
solubility,1391,CC(C)C1(Br)C(=O)NC(=O)NC1=O,O=C1CC(=O)NC(=O)N1,0.625,q3,0.525,49
solubility,1392,CC(C)C1(C(C)C)C(=O)NC(=O)NC1=O,O=C1CC(=O)NC(=O)N1,0.5909090909090908,q3,0.525,49
solubility,1393,CC(C)C1(C)CCCC(O)C1,C1CCCCC1,0.6285714285714286,q4,0.6046511627906976,117
solubility,1395,CC(C)C1(C)N=C(c2ncccc2C(=O)O)NC1=O,O=C1CN=C(c2ccccn2)N1,0.38,q2,0.42810457516339867,4
solubility,1398,CC(C)C1=CC2=CCC3C(C)(C(=O)O)CCCC3(C)C2CC1,C1=CC2=CCC3CCCCC3C2CC1,0.5263157894736843,q3,0.5263157894736843,2
solubility,1399,CC(C)C1=CC2=CC[C@@H]3[C@](C)(CCC[C@@]3(C)C(=O)O)[C@H]2CC1,C1=CC2=CCC3CCCCC3C2CC1,0.5263157894736843,q3,0.5263157894736843,2
solubility,1400,CC(C)C1C(=O)NC(=O)NC1=O,O=C1CC(=O)NC(=O)N1,0.6333333333333333,q3,0.525,49
solubility,1401,CC(C)C1C(C)CCCC1O,C1CCCCC1,0.696969696969697,q4,0.6046511627906976,117
solubility,1404,CC(C)C1CCC(O)CC1,C1CCCCC1,0.5909090909090908,q4,0.6046511627906976,117
solubility,1405,CC(C)C1CCCCC1,C1CCCCC1,0.47619047619047616,q4,0.6046511627906976,117
solubility,1409,CC(C)C1OCC2(CO1)COC(C(C)C)OC2,C1OCC2(CO1)COCOC2,0.44999999999999996,q2,0.44999999999999996,1
solubility,1412,CC(C)C=O,acyclic:CC(C)C=O,0.5625,q3,0.5625,1
solubility,1425,CC(C)CC(C)OC(=O)CC(C(=O)OC(C)CC(C)C)S(=O)(=O)[O-].[Na+],acyclic:CC(C)CC(C)OC(=O)CC(C(=O)OC(C)CC(C)C)S(=O)(=O)[O-].[Na+],0.4883720930232558,q3,0.4883720930232558,1
solubility,1426,CC(C)CC(C)OP(=S)([S-])OC(C)C.CC(C)CC(C)OP(=S)([S-])OC(C)C.[Zn+2],acyclic:CC(C)CC(C)OP(=S)([S-])OC(C)C.CC(C)CC(C)OP(=S)([S-])OC(C)C.[Zn+2],0.25,q1,0.25,1
solubility,1433,CC(C)CC(N)C(=O)O,acyclic:CC(C)CC(N)C(=O)O,0.4285714285714286,q2,0.4285714285714286,1
solubility,1439,CC(C)CC(NC(=O)CC(O)C(CC(C)C)NC(=O)C(Cc1c[nH]cn1)NC(=O)C(Cc1ccccc1)NC(=O)OC(C)(C)C)C(=O)NCC(N)c1ccccn1,O=C(CCCNC(=O)C(Cc1c[nH]cn1)NC(=O)CCc1ccccc1)NCC(=O)NCCc1ccccn1,0.19999999999999996,q1,0.19999999999999996,1
solubility,1442,CC(C)CC(NC(=O)CC(O)C(CC(C)C)NC(=O)C(Cc1c[nH]cn1)NC(=O)C(Cc1ccccc1)NC(=O)OC(C)(C)C)C(=O)NCc1cc[n+]([O-])cc1,O=C(CCCNC(=O)C(Cc1c[nH]cn1)NC(=O)CCc1ccccc1)NCC(=O)NCc1cc[nH+]cc1,0.1807228915662651,q1,0.1807228915662651,1
solubility,1445,CC(C)CC(NC(=O)CC(O)C(CC(C)C)NC(=O)C(Cc1c[nH]cn1)NC(=O)C(Cc1ccccc1)NC(=O)OC(C)(C)C)C(=O)NCc1ccncc1,O=C(CCCNC(=O)C(Cc1c[nH]cn1)NC(=O)CCc1ccccc1)NCC(=O)NCc1ccncc1,0.15000000000000002,q1,0.15000000000000002,1
solubility,1448,CC(C)CC(NC(=O)CNC(=O)CN)C(=O)O,acyclic:CC(C)CC(NC(=O)CNC(=O)CN)C(=O)O,0.22580645161290325,q1,0.22580645161290325,1
solubility,1469,CC(C)CCCC(C)(C)O,acyclic:CC(C)CCCC(C)(C)O,0.3913043478260869,q2,0.3913043478260869,1
solubility,1470,CC(C)CCCC(C)C1CCC2C3CC=C4CC(O)CCC4(C)C3CCC12C,C1=C2CCCCC2C2CCC3CCCC3C2C1,0.49122807017543857,q2,0.43949158610812744,4
solubility,1480,CC(C)CCCCCCCCCCCCCCC(=O)OCC(COC(=O)CCCCCCCCCCCCCCC(C)C)OC(=O)CCCCCCCCCCCCCCC(C)C,acyclic:CC(C)CCCCCCCCCCCCCCC(=O)OCC(COC(=O)CCCCCCCCCCCCCCC(C)C)OC(=O)CCCCCCCCCCCCCCC(C)C,0.303030303030303,q2,0.303030303030303,1
solubility,1481,CC(C)CCCCCCCCCCCCCCC(=O)[O-].[K+],acyclic:CC(C)CCCCCCCCCCCCCCC(=O)[O-].[K+],0.4347826086956522,q2,0.4347826086956522,1
solubility,1482,CC(C)CCCCCCCCCCCCCCCO,acyclic:CC(C)CCCCCCCCCCCCCCCO,0.0,q1,0.0,1
solubility,1486,CC(C)CCCCCCCCCCOC(=O)CCCCC(=O)OCCCCCCCCCCC(C)C,acyclic:CC(C)CCCCCCCCCCOC(=O)CCCCC(=O)OCCCCCCCCCCC(C)C,0.0,q1,0.0,1
solubility,1495,CC(C)CCCCCCCOC(=O)CCCCC(=O)OCCCCCCCC(C)C,acyclic:CC(C)CCCCCCCOC(=O)CCCCC(=O)OCCCCCCCC(C)C,0.0,q1,0.0,1
solubility,1504,CC(C)CCCCCCOC(=O)CCCCC(=O)OCCCCCCC(C)C,acyclic:CC(C)CCCCCCOC(=O)CCCCC(=O)OCCCCCCC(C)C,0.0,q1,0.0,1
solubility,1507,CC(C)CCCCCN(CCCCCC(C)C)CCCCCC(C)C,acyclic:CC(C)CCCCCN(CCCCCC(C)C)CCCCCC(C)C,0.5,q3,0.5,1
solubility,1515,CC(C)CCC[C@@H](C)[C@H]1CC[C@H]2[C@@H]3CC=C4C[C@@H](O)CC[C@]4(C)[C@H]3CC[C@]12C,C1=C2CCCCC2C2CCC3CCCC3C2C1,0.49122807017543857,q2,0.43949158610812744,4
solubility,1541,CC(C)CNCc1ccc(S(=O)(=O)c2csc(S(N)(=O)=O)c2)cc1,O=S(=O)(c1ccccc1)c1ccsc1,0.36,q2,0.4272510435301133,8
solubility,1546,CC(C)COC(=O)C1CCCCC1C(=O)OCC(C)C,C1CCCCC1,0.5357142857142857,q4,0.6046511627906976,117
solubility,1547,CC(C)COC(=O)CC(C(=O)OCC(C)C)S(=O)(=O)[O-].[Na+],acyclic:CC(C)COC(=O)CC(C(=O)OCC(C)C)S(=O)(=O)[O-].[Na+],0.4,q2,0.4,1
solubility,1549,CC(C)COC(=O)[C@@H](C)O,acyclic:CC(C)COC(=O)[C@@H](C)O,0.33333333333333337,q2,0.33333333333333337,1
solubility,1557,CC(C)COC(N)=O,acyclic:CC(C)COC(N)=O,0.38095238095238093,q2,0.38095238095238093,1
solubility,1561,CC(C)COP(=S)([S-])OCC(C)C.[Na+],acyclic:CC(C)COP(=S)([S-])OCC(C)C.[Na+],0.09999999999999998,q1,0.09999999999999998,1
solubility,1566,CC(C)C[C@H](N)C(=O)N[C@@H](CCC(=O)O)C(=O)O,acyclic:CC(C)C[C@H](N)C(=O)N[C@@H](CCC(=O)O)C(=O)O,0.19999999999999996,q1,0.19999999999999996,1
solubility,1572,CC(C)Cc1ncc[nH]1,c1c[nH]cn1,0.696969696969697,q4,0.653167602245389,28
solubility,1574,CC(C)Cl,acyclic:CC(C)Cl,0.2857142857142857,q1,0.2857142857142857,1
solubility,1576,CC(C)I,acyclic:CC(C)I,0.4285714285714286,q2,0.4285714285714286,1
solubility,1582,CC(C)N(C(=O)SC/C(Cl)=C/Cl)C(C)C,acyclic:CC(C)N(C(=O)SC/C(Cl)=C/Cl)C(C)C,0.3870967741935484,q2,0.3870967741935484,1
solubility,1584,CC(C)N(C(=O)SCC(Cl)=CCl)C(C)C,acyclic:CC(C)N(C(=O)SCC(Cl)=CCl)C(C)C,0.3870967741935484,q2,0.3870967741935484,1
solubility,1592,CC(C)N.O=C(O)CNCP(=O)(O)O,acyclic:CC(C)N.O=C(O)CNCP(=O)(O)O,0.6153846153846154,q4,0.6153846153846154,1
solubility,1597,CC(C)NC(=O)N1CC(=O)N(c2cc(Cl)cc(Cl)c2)C1=O,O=C1CNC(=O)N1c1ccccc1,0.6444444444444444,q4,0.6444444444444444,1
solubility,1599,CC(C)NC(C)C,acyclic:CC(C)NC(C)C,0.6666666666666667,q4,0.6666666666666667,1
solubility,1604,CC(C)NCc1cccc(S(=O)(=O)c2csc(S(N)(=O)=O)c2)c1,O=S(=O)(c1ccccc1)c1ccsc1,0.5254237288135593,q2,0.4272510435301133,8
solubility,1606,CC(C)Nc1nc(Cl)nc(NC(C)C)n1,c1ncncn1,0.3214285714285714,q4,0.6341463414634146,45
solubility,1608,CC(C)Nc1nc(N)nc(Cl)n1,c1ncncn1,0.47058823529411764,q4,0.6341463414634146,45
solubility,1611,CC(C)OC(=O)C(C(=O)OC(C)C)=C1SCCS1,C=C1SCCS1,0.6296296296296297,q4,0.6296296296296297,1
solubility,1612,CC(C)OC(=O)C(C)N(C(=O)c1ccccc1)c1ccc(F)c(Cl)c1,O=C(Nc1ccccc1)c1ccccc1,0.6545454545454545,q3,0.4941860465116279,46
solubility,1613,CC(C)OC(=O)C(F)(F)F,acyclic:CC(C)OC(=O)C(F)(F)F,0.5,q3,0.5,1
solubility,1618,CC(C)OC(=O)C1(S(=O)(=O)c2ccc(Cl)cc2)CCCC1,O=S(=O)(c1ccccc1)C1CCCC1,0.027027027027026973,q1,0.1143790849673203,4
solubility,1621,CC(C)OC(=O)C1(S(=O)(=O)c2ccc([N+](=O)[O-])cc2)CCC1,O=S(=O)(c1ccccc1)C1CCC1,0.07317073170731703,q1,0.11596638655462188,6
solubility,1622,CC(C)OC(=O)C1(S(=O)(=O)c2ccc([N+](=O)[O-])cc2)CCCCC1,O=S(=O)(c1ccccc1)C1CCCCC1,0.0,q1,0.1428571428571429,5
solubility,1633,CC(C)OC(=O)[C@@H](C)N(C(=O)c1ccccc1)c1ccc(F)c(Cl)c1,O=C(Nc1ccccc1)c1ccccc1,0.6545454545454545,q3,0.4941860465116279,46
solubility,1634,CC(C)OC(=O)[C@H](C)N(C(=O)c1ccccc1)c1ccc(F)c(Cl)c1,O=C(Nc1ccccc1)c1ccccc1,0.6545454545454545,q3,0.4941860465116279,46
solubility,1641,CC(C)OC(C)(C)C,acyclic:CC(C)OC(C)(C)C,0.65,q4,0.65,1
solubility,1646,CC(C)OP(=O)(F)OC(C)C,acyclic:CC(C)OP(=O)(F)OC(C)C,0.368421052631579,q2,0.368421052631579,1
solubility,1652,CC(C)O[N+](=O)[O-],acyclic:CC(C)O[N+](=O)[O-],0.5,q3,0.5,1
solubility,1657,CC(C)Oc1cccc(NC(=O)c2ccccc2C(F)(F)F)c1,O=C(Nc1ccccc1)c1ccccc1,0.5813953488372092,q3,0.4941860465116279,46
solubility,1663,CC(C)[C@@H]1CC[C@@H](C)C[C@@H]1O,C1CCCCC1,0.696969696969697,q4,0.6046511627906976,117
solubility,1664,CC(C)[C@@H]1CC[C@@H](C)C[C@H]1O,C1CCCCC1,0.696969696969697,q4,0.6046511627906976,117
solubility,1665,CC(C)[C@@H]1CC[C@@H](C)C[C@H]1OC(=O)[C@H](C)O,C1CCCCC1,0.6571428571428571,q4,0.6046511627906976,117
solubility,1667,CC(C)[C@H]1CC[C@@H](C)CC1O,C1CCCCC1,0.696969696969697,q4,0.6046511627906976,117
solubility,1670,CC(C)c1cc(Oc2ccccc2)cc(C(C)C)c1NC(=S)NC(C)(C)C,c1ccc(Oc2ccccc2)cc1,0.675,q3,0.5172413793103448,139
solubility,1696,CC(C)c1nc([N+](=O)[O-])c[nH]1,c1c[nH]cn1,0.7241379310344828,q4,0.653167602245389,28
solubility,1697,CC(C)c1ncc([N+](=O)[O-])n1C,c1c[nH]cn1,0.7333333333333334,q4,0.653167602245389,28
solubility,1702,CC(C=NNC(N)=O)=NNC(N)=O,acyclic:CC(C=NNC(N)=O)=NNC(N)=O,0.46153846153846156,q3,0.46153846153846156,1
solubility,1709,CC(CC(=O)O)CC(C)(C)C(=O)O,acyclic:CC(CC(=O)O)CC(C)(C)C(=O)O,0.31999999999999995,q2,0.31999999999999995,1
solubility,1711,CC(CC(=O)[O-])CC(C)(C)C.[K+],acyclic:CC(CC(=O)[O-])CC(C)(C)C.[K+],0.3846153846153846,q2,0.3846153846153846,1
solubility,1741,CC(CCO)CCO,acyclic:CC(CCO)CCO,0.3125,q2,0.3125,1
solubility,1746,CC(CCc1ccccc1)NCC(O)c1ccc(O)c(C(N)=O)c1,c1ccc(CCCNCCc2ccccc2)cc1,0.6071428571428572,q4,0.6071428571428572,1
solubility,1752,CC(CN1CC(=O)NC(=O)C1)N1CC(=O)NC(=O)C1,O=C1CN(CCN2CC(=O)NC(=O)C2)CC(=O)N1,0.7142857142857143,q4,0.7142857142857143,1
solubility,1763,CC(Cc1cccc(CC(C)c2ccc(O)cc2)c1)c1ccc(O)cc1,c1ccc(CCc2cccc(CCc3ccccc3)c2)cc1,0.4666666666666667,q3,0.4666666666666667,1
solubility,1769,CC(Cl)C(C)(C)Cl,acyclic:CC(Cl)C(C)(C)Cl,0.4666666666666667,q3,0.4666666666666667,1
solubility,1775,CC(Cl)Cl,acyclic:CC(Cl)Cl,0.375,q2,0.375,1
solubility,1785,CC(N)C(O)C(=O)O,acyclic:CC(N)C(O)C(=O)O,0.3529411764705882,q2,0.3529411764705882,1
solubility,1803,CC(O)C(=O)N(C)C,acyclic:CC(O)C(=O)N(C)C,0.5555555555555556,q3,0.5555555555555556,1
solubility,1816,CC(O)C(C)Cl,acyclic:CC(O)C(C)Cl,0.4545454545454546,q3,0.4545454545454546,1
solubility,1823,CC(O)C(O)c1cnc2[nH]c(N)nc(=O)c2n1,O=c1nc[nH]c2nccnc12,0.5348837209302326,q3,0.5142857142857142,3
solubility,1830,CC(O)CCC1CCCCC1,C1CCCCC1,0.56,q4,0.6046511627906976,117
solubility,1837,CC(O)CN(CC(C)O)c1nc(Nc2ccc(S(=O)(=O)[O-])cc2)nc(Nc2ccc(/C=C/c3ccc(Nc4nc(Nc5ccc(S(=O)(=O)[O-])cc5)nc(N(CC(C)O)CC(C)O)n4)cc3S(=O)(=O)[O-])c(S(=O)(=O)[O-])c2)n1.[Na+].[Na+].[Na+].[Na+],C(=Cc1ccc(Nc2ncnc(Nc3ccccc3)n2)cc1)c1ccc(Nc2ncnc(Nc3ccccc3)n2)cc1,0.4,q2,0.367756064690027,12
solubility,1838,CC(O)CN(CCCN(C)C)CCCN(C)C,acyclic:CC(O)CN(CCCN(C)C)CCCN(C)C,0.40909090909090906,q2,0.40909090909090906,1
solubility,1850,CC(O)Cn1cnc2c1c(=O)n(C)c(=O)n2C,O=c1[nH]c(=O)c2[nH]cnc2[nH]1,0.5952380952380952,q4,0.5675675675675675,39
solubility,1854,CC(O[N+](=O)O)C(C)O[N+](=O)O,acyclic:CC(O[N+](=O)O)C(C)O[N+](=O)O,0.4285714285714286,q2,0.4285714285714286,1
solubility,1858,CC(Oc1ccc(Oc2ccc(Cl)cc2Cl)cc1)C(=O)O,c1ccc(Oc2ccccc2)cc1,0.2702702702702703,q3,0.5172413793103448,139
solubility,1863,CC(Oc1ccc(Oc2ncc(Cl)cc2Cl)cc1)C(=O)N1CCCO1,O=C(COc1ccc(Oc2ccccn2)cc1)N1CCCO1,0.5454545454545454,q3,0.5454545454545454,1
solubility,1880,CC/C(=C(/CC)c1ccc(O)cc1)c1ccc(O)cc1,C(=Cc1ccccc1)c1ccccc1,0.41666666666666663,q2,0.41666666666666663,5
solubility,1889,CC/C=C(\C)C1(CC)C(=O)NC(=O)NC1=O,O=C1CC(=O)NC(=O)N1,0.6578947368421053,q3,0.525,49
solubility,1893,CC/C=C/CCCCCCCCCCCCCCOCC,acyclic:CC/C=C/CCCCCCCCCCCCCCOCC,0.43999999999999995,q2,0.43999999999999995,1
solubility,1898,CC/C=C\CC1=C(C)CCC1=O,O=C1C=CCC1,0.75,q4,0.7361111111111112,2
solubility,1913,CC1(C)C(=O)NC(=O)NC1=O,O=C1CC(=O)NC(=O)N1,0.5,q3,0.525,49
solubility,1923,CC1(C)C2CC3OC3(C)C1C2,C1C2CC1C1OC1C2,0.7333333333333334,q4,0.7333333333333334,2
solubility,1924,CC1(C)C2CC=C(CCC=O)C1C2,C1=CC2CC(C1)C2,0.6595744680851063,q4,0.6098214285714285,4
solubility,1935,CC1(C)CC(N=C=O)CC(C)(CN=C=O)C1,C1CCCCC1,0.7454545454545455,q4,0.6046511627906976,117
solubility,1937,CC1(C)CC(O)CC(C)(C)N1,C1CCNCC1,0.6071428571428572,q4,0.58125,20
solubility,1938,CC1(C)CC(O)CC(C)(C)N1CCO,C1CCNCC1,0.7380952380952381,q4,0.58125,20
solubility,1939,CC1(C)CC(O)CC(C)(C)N1[O],C1CCNCC1,0.6,q4,0.58125,20
solubility,1940,CC1(C)CC(O)CC(C)(CN)C1,C1CCCCC1,0.5581395348837209,q4,0.6046511627906976,117
solubility,1959,CC1(C)Nc2cccc3cccc(c23)N1,c1cc2c3c(cccc3c1)NCN2,0.5806451612903225,q4,0.599146110056926,2
solubility,1963,CC1(C)OC(=O)c2cc3ccccc3cc21,O=C1OCc2cc3ccccc3cc21,0.4137931034482759,q2,0.4137931034482759,1
solubility,1966,CC1(C)OC2CC3C4CCC5=CC(=O)C=CC5(C)C4(F)C(O)CC3(C)C2(C(=O)CO)O1,O=C1C=CC2C(=C1)CCC1C2CCC2C1CC1OCOC12,0.3076923076923077,q2,0.3611632270168856,4
solubility,1968,CC1(C)O[C@@H]2C[C@H]3[C@@H]4CCC5=CC(=O)C=C[C@]5(C)[C@@]4(F)[C@@H](O)C[C@]3(C)[C@]2(C(=O)CO)O1,O=C1C=CC2C(=C1)CCC1C2CCC2C1CC1OCOC12,0.3076923076923077,q2,0.3611632270168856,4
solubility,1973,CC1(C)SC2C(NC(=O)C3(N)CCCCC3)C(=O)N2C1C(=O)O,O=C(NC1C(=O)N2CCSC12)C1CCCCC1,0.41509433962264153,q2,0.41509433962264153,1
solubility,1988,CC1(C)[C@H]2CC=C(CCO)[C@@H]1C2,C1=CC2CC(C1)C2,0.6571428571428571,q4,0.6098214285714285,4
solubility,1990,CC1(C)[C@H]2C[C@@H]3O[C@]3(C)[C@@H]1C2,C1C2CC1C1OC1C2,0.7333333333333334,q4,0.7333333333333334,2
solubility,1994,CC1(N)CN(c2c(F)c(N)c3c(=O)c(C(=O)O)cn(C4CC4)c3c2F)C1,O=c1ccn(C2CC2)c2cc(N3CCC3)ccc12,0.2857142857142857,q2,0.40983606557377045,18
solubility,1995,CC1(N)CN(c2c(F)cc3c(=O)c(C(=O)O)cn(C4CC4)c3c2Cl)C1,O=c1ccn(C2CC2)c2cc(N3CCC3)ccc12,0.5294117647058824,q2,0.40983606557377045,18
solubility,1996,CC1(N)CN(c2c(F)cc3c(=O)c(C(=O)O)cn(C4CC4)c3c2F)C1,O=c1ccn(C2CC2)c2cc(N3CCC3)ccc12,0.5076923076923077,q2,0.40983606557377045,18
solubility,1997,CC1(N)CN(c2cc3c(cc2F)c(=O)c(C(=O)O)cn3C2CC2)C1,O=c1ccn(C2CC2)c2cc(N3CCC3)ccc12,0.3090909090909091,q2,0.40983606557377045,18
solubility,2001,CC1(O)CCC(C(C)(C)O)CC1,C1CCCCC1,0.6666666666666667,q4,0.6046511627906976,117
solubility,2002,CC1(O)CCC(C(C)(C)O)CC1.O,C1CCCCC1,0.6764705882352942,q4,0.6046511627906976,117
solubility,2012,CC12CC(=O)C3C(CCC4=CC(=O)CCC43C)C1CCC2=O,O=C1C=C2CCC3C4CCC(=O)C4CC(=O)C3C2CC1,0.4901960784313726,q3,0.4901960784313726,2
solubility,2019,CC12CCC(=O)C=C1CCC1C2C(=O)CC2(C)C1CCC2(O)C(=O)CO,O=C1C=C2CCC3C4CCCC4CC(=O)C3C2CC1,0.31034482758620685,q2,0.2980295566502463,4
solubility,2046,CC12CCC3(O)C(CCC4=CC(=O)CCC43C)C1CCC2=O,O=C1C=C2CCC3C4CCC(=O)C4CCC3C2CC1,0.5576923076923077,q2,0.37228260869565216,6
solubility,2051,CC12CCC3C(CCC4=CC(=O)CCC43C)C1CCC2=O,O=C1C=C2CCC3C4CCC(=O)C4CCC3C2CC1,0.32558139534883723,q2,0.37228260869565216,6
solubility,2052,CC12CCC3C(CCC4C(C)(C)CCCC43C)(CO1)O2,C1CCC2C(C1)CCC13COC(CCC21)O3,0.5,q3,0.5,1
solubility,2065,CC1=C(/C=C/C(C)=C/C=C/C(C)=C/C=C/C=C(C)/C=C/C=C(C)/C=C/C2=C(C)CCCC2(C)C)C(C)(C)CCC1,C(=CC=CC=CC=CC=CC1=CCCCC1)C=CC=CC=CC=CC1=CCCCC1,0.19999999999999996,q1,0.19999999999999996,1
solubility,2069,CC1=C(C(=O)Nc2ccccc2)CCCO1,O=C(Nc1ccccc1)C1=COCCC1,0.4418604651162791,q2,0.4418604651162791,1
solubility,2073,CC1=C(C(=O)O)N2C(=O)C(N)C2SC1,O=C1CC2SCC=CN12,0.4901960784313726,q3,0.4569624459953473,2
solubility,2074,CC1=C(C(=O)O)N2C(=O)C(NC(=O)C(N)C3=CCC=CC3)C2SC1,O=C(CC1=CCC=CC1)NC1C(=O)N2C=CCSC12,0.3275862068965517,q2,0.3986415882967607,2
solubility,2080,CC1=C(CCC(=O)O)C(=O)NC1=O,O=C1C=CC(=O)N1,0.6481481481481481,q4,0.6481481481481481,1
solubility,2084,CC1=C2C(O)C3C(CC(C)C2CC1=O)OC(=O)C3C,O=C1C=C2CC3CC(=O)OC3CCC2C1,0.7446808510638299,q4,0.7446808510638299,2
solubility,2085,CC1=C2C3OC(=O)C(C)C3CCC2(C)C=CC1=O,O=C1C=CC2CCC3CC(=O)OC3C2=C1,0.717948717948718,q4,0.717948717948718,2
solubility,2087,CC1=C2[C@@H](O)[C@@H]3[C@H](C)C(=O)O[C@@H]3C[C@H](C)[C@H]2CC1=O,O=C1C=C2CC3CC(=O)OC3CCC2C1,0.7446808510638299,q4,0.7446808510638299,2
solubility,2088,CC1=C2[C@H]3OC(=O)[C@@H](C)[C@@H]3CC[C@@]2(C)C=CC1=O,O=C1C=CC2CCC3CC(=O)OC3C2=C1,0.717948717948718,q4,0.717948717948718,2
solubility,2100,CC1=CC2OC3CC(O)C(C)(C2(CO)CC1)C31CO1,C1=CC2OC3CCC(C2CC1)C31CO1,0.6714285714285715,q4,0.6714285714285715,1
solubility,2115,CC1=CCC2C(C1)C2(C)C,C1=CCC2CC2C1,0.6363636363636364,q4,0.6363636363636364,1
solubility,2116,CC1=CCC2CC1C2(C)C,C1=CC2CC(C1)C2,0.5625,q4,0.6098214285714285,4
solubility,2120,CC1=CCCN1C,C1=CNCC1,0.6923076923076923,q4,0.6923076923076923,1
solubility,2122,CC1=CC[C@H]2C[C@@H]1C2(C)C,C1=CC2CC(C1)C2,0.5625,q4,0.6098214285714285,4
solubility,2123,CC1=CS(=O)(=O)c2ccccc21,O=S1(=O)C=Cc2ccccc21,0.5384615384615384,q4,0.6085164835164836,2
solubility,2124,CC1=C[C@H]2C(=O)O[C@H]3CC(C/C=C(\C)C[C@@H](C)/C=C/C=C4\CO[C@H]([C@@H]1O)[C@@]42O)O[C@@]1(CC[C@H](C)C(C)O1)C3,O=C1OC2CC(CC=CCCC=CC=C3COC4CC=CC1C34)OC1(CCCCO1)C2,0.5405405405405406,q3,0.5528789659224442,2
solubility,2126,CC1=NN(c2cc(Cl)c(S(=O)(=O)[O-])cc2Cl)C(=O)C1N=Nc1ccc(S(=O)(=O)[O-])cc1.[Na+].[Na+],O=C1C(N=Nc2ccccc2)C=NN1c1ccccc1,0.43333333333333335,q3,0.484375,10
solubility,2127,CC1=NN(c2cc(Cl)c(S(=O)(=O)[O-])cc2Cl)C(=O)C1N=Nc1cccc(S(=O)(=O)NCCc2ccccc2)c1.[Na+],O=C1C(N=Nc2cccc(S(=O)(=O)NCCc3ccccc3)c2)C=NN1c1ccccc1,0.5,q3,0.5,1
solubility,2135,CC1=NN(c2ccc(S(=O)(=O)[O-])cc2)C(=O)C1N=Nc1ccccc1C(=O)[O-].[Na+].[Na+],O=C1C(N=Nc2ccccc2)C=NN1c1ccccc1,0.41538461538461535,q3,0.484375,10
solubility,2138,CC1=NN(c2cccc(S(=O)(=O)[O-])c2)C(=O)C1N=Nc1cc(Cl)c(Cl)cc1S(=O)(=O)[O-].[Ca+2],O=C1C(N=Nc2ccccc2)C=NN1c1ccccc1,0.46875,q3,0.484375,10
solubility,2139,CC1=NN(c2cccc(S(=O)(=O)[O-])c2)C(=O)C1N=Nc1cc(Cl)c(Cl)cc1S(=O)(=O)[O-].[Na+].[Na+],O=C1C(N=Nc2ccccc2)C=NN1c1ccccc1,0.4444444444444444,q3,0.484375,10
solubility,2145,CC1=NN(c2ccccc2)C(=O)C1N=Nc1ccccc1,O=C1C(N=Nc2ccccc2)C=NN1c1ccccc1,0.33333333333333337,q3,0.484375,10
solubility,2146,CC1=NNC(=O)N(/N=C/c2cccnc2)C1,O=C1NN=CCN1N=Cc1cccnc1,0.6976744186046512,q4,0.6976744186046512,1
solubility,2150,CC1=Nc2ccccc2N=C(C)C1,C1=Nc2ccccc2N=CC1,0.6666666666666667,q4,0.6666666666666667,1
solubility,2151,CC1=Nn2c(nc3ccccc3c2=O)/C1=N/Nc1ccc(Cl)cc1[N+](=O)[O-],O=c1c2ccccc2nc2n1N=CC2=NNc1ccccc1,0.5416666666666667,q3,0.5416666666666667,1
solubility,2153,CC1C(=O)NC(=O)NC1=O,O=C1CC(=O)NC(=O)N1,0.6,q3,0.525,49
solubility,2156,CC1C(N)CN1c1c(F)c(N)c2c(=O)c(C(=O)O)cn(C3CC3)c2c1F,O=c1ccn(C2CC2)c2cc(N3CCC3)ccc12,0.2678571428571429,q2,0.40983606557377045,18
solubility,2157,CC1C(N)CN1c1c(F)cc2c(=O)c(C(=O)O)cn(C3CC3)c2c1Cl,O=c1ccn(C2CC2)c2cc(N3CCC3)ccc12,0.5147058823529411,q2,0.40983606557377045,18
solubility,2158,CC1C(N)CN1c1c(F)cc2c(=O)c(C(=O)O)cn(C3CC3)c2c1F,O=c1ccn(C2CC2)c2cc(N3CCC3)ccc12,0.484375,q2,0.40983606557377045,18
solubility,2159,CC1C(N)CN1c1cc2c(cc1F)c(=O)c(C(=O)O)cn2C1CC1,O=c1ccn(C2CC2)c2cc(N3CCC3)ccc12,0.31034482758620685,q2,0.40983606557377045,18
solubility,2160,CC1C(NC(=O)/C(=N\OC(C)(C)C(=O)O)c2csc(N)n2)C(=O)N1S(=O)(=O)O,N=C(C(=O)NC1CNC1=O)c1cscn1,0.75,q4,0.75,1
solubility,2162,CC1C/C=C/C=C/C=C/C=C/C(OC2OC(C)C(O)C([NH3+])C2O)CC2OC(O)(CC(O)CC3OC3/C=C/C(=O)O1)CC(O)C2C(=O)[O-],O=C1C=CC2OC2CCCC2CCCC(CC(OC3CCCCO3)C=CC=CC=CC=CCCO1)O2,0.7767857142857143,q4,0.7777733881163085,2
solubility,2165,CC1CC(C)(C)CC(OOC(C)(C)C)(OOC(C)(C)C)C1,C1CCCCC1,0.6875,q4,0.6046511627906976,117
solubility,2171,CC1CC(O)CC(C)(C)C1,C1CCCCC1,0.6,q4,0.6046511627906976,117
solubility,2172,CC1CC(OC(=O)c2ccccc2)CC(C)(C)N1,O=C(OC1CCNCC1)c1ccccc1,0.5111111111111111,q3,0.5111111111111111,1
solubility,2179,CC1CC=CC=CC=CC=CC(OC2OC(C)C(O)C(N)C2O)CC2OC(O)(CC(O)CC3OC3C=CC(=O)O1)CC(O)C2C(=O)O,O=C1C=CC2OC2CCCC2CCCC(CC(OC3CCCCO3)C=CC=CC=CC=CCCO1)O2,0.7787610619469026,q4,0.7777733881163085,2
solubility,2180,CC1CCC(=O)N1c1ccccc1,O=C1CCCN1c1ccccc1,0.5945945945945945,q4,0.6076421248835042,2
solubility,2182,CC1CCC(C(C)C)C(O)C1,C1CCCCC1,0.696969696969697,q4,0.6046511627906976,117
solubility,2183,CC1CCC(C(C)C)C(OCC(O)CO)C1,C1CCCCC1,0.65,q4,0.6046511627906976,117
solubility,2184,CC1CCC(C(C)C)C(OO)C1,C1CCCCC1,0.7222222222222222,q4,0.6046511627906976,117
solubility,2186,CC1CCC(C(C)C)CC1,C1CCCCC1,0.5882352941176471,q4,0.6046511627906976,117
solubility,2190,CC1CCC(C)CC1,C1CCCCC1,0.36363636363636365,q4,0.6046511627906976,117
solubility,2191,CC1CCC(C)O1,C1CCOC1,0.5294117647058824,q3,0.5294117647058824,17
solubility,2193,CC1CCC(O)CC1,C1CCCCC1,0.55,q4,0.6046511627906976,117
solubility,2200,CC1CCCC(C)(C)C1,C1CCCCC1,0.30000000000000004,q4,0.6046511627906976,117
solubility,2202,CC1CCCC(O)(C(C)C)C1,C1CCCCC1,0.6551724137931034,q4,0.6046511627906976,117
solubility,2205,CC1CCCCC1,C1CCCCC1,0.09090909090909094,q4,0.6046511627906976,117
solubility,2207,CC1CCCCC1C,C1CCCCC1,0.46153846153846156,q4,0.6046511627906976,117
solubility,2209,CC1CCCCC1O,C1CCCCC1,0.6111111111111112,q4,0.6046511627906976,117
solubility,2210,CC1CCCCCCCCCCCCC(=O)C1,O=C1CCCCCCCCCCCCCC1,0.18181818181818177,q1,0.18181818181818177,1
solubility,2212,CC1CCCO1,C1CCOC1,0.5882352941176471,q3,0.5294117647058824,17
solubility,2213,CC1CCOC1,C1CCOC1,0.6666666666666667,q3,0.5294117647058824,17
solubility,2221,CC1CN1,C1CN1,0.18181818181818177,q1,0.1742424242424242,2
solubility,2227,CC1COC(Cn2cncn2)(c2ccc(Oc3ccc(Cl)cc3)cc2Cl)O1,c1ccc(Oc2ccc(C3(Cn4cncn4)OCCO3)cc2)cc1,0.3220338983050848,q2,0.3220338983050848,1
solubility,2230,CC1COc2c(N3CCN(C)CC3)c(F)cc3c(=O)c(C(=O)O)cn1c23,O=c1ccn2c3c(c(N4CCNCC4)ccc13)OCC2,0.453125,q3,0.453125,1
solubility,2233,CC1N(c2c(F)cc3c(=O)c(C(=O)O)cn(C4CC4)c3c2F)CC1(C)N,O=c1ccn(C2CC2)c2cc(N3CCC3)ccc12,0.5074626865671642,q2,0.40983606557377045,18
solubility,2234,CC1N(c2cc3c(cc2F)c(=O)c(C(=O)O)cn3C2CC2)CC1(C)N,O=c1ccn(C2CC2)c2cc(N3CCC3)ccc12,0.360655737704918,q2,0.40983606557377045,18
solubility,2237,CC1NC(=O)c2ccccc2N(CC(O)C(O)C(O)CO)C1=O,O=C1CNC(=O)c2ccccc2N1,0.679245283018868,q3,0.5609756097560976,5
solubility,2238,CC1NC(=O)c2ccccc2NC1=O,O=C1CNC(=O)c2ccccc2N1,0.5609756097560976,q3,0.5609756097560976,5
solubility,2248,CC1OC(n2ccc(NC(=O)c3ccc(NC(=O)C(C)(N)CO)cc3)nc2=O)CCC1OC1OC(C)C(N(C)C)C(O)C1O,O=C(Nc1ccn(C2CCC(OC3CCCCO3)CO2)c(=O)n1)c1ccccc1,0.7045454545454546,q4,0.7045454545454546,1
solubility,2250,CC1OC1C1OC1C,C1OC1C1CO1,0.4,q3,0.5454545454545454,5
solubility,2253,CC1c2cccc(O)c2C(=O)C2=C(O)C3(O)C(=O)C(C(N)=O)=C(O)C(N(C)C)C3C(O)C21,O=C1C2=CC3C(=O)C=CCC3CC2Cc2ccccc21,0.44285714285714284,q2,0.4414285714285714,8
solubility,2265,CC=CCC#N,acyclic:CC=CCC#N,0.631578947368421,q4,0.631578947368421,1
solubility,2266,CC=CCC1(C)C(=O)NC(=O)N(C)C1=O,O=C1CC(=O)NC(=O)N1,0.6511627906976745,q3,0.525,49
solubility,2267,CC=CCC1(CC=CC)C(=O)NC(=O)NC1=O,O=C1CC(=O)NC(=O)N1,0.6666666666666667,q3,0.525,49
solubility,2279,CCC(=C(CC)c1ccc(O)cc1)c1ccc(O)cc1,C(=Cc1ccccc1)c1ccccc1,0.41666666666666663,q2,0.41666666666666663,5
solubility,2300,CCC(=O)OC(C)C,acyclic:CCC(=O)OC(C)C,0.35,q2,0.35,1
solubility,2304,CCC(=O)OC1C(C)CCCC1(C)C,C1CCCCC1,0.6521739130434783,q4,0.6046511627906976,117
solubility,2306,CCC(=O)OC1CCC(C(C)C)CC1,C1CCCCC1,0.6206896551724138,q4,0.6046511627906976,117
solubility,2322,CCC(=O)OCn1cnc2c1c(=O)n(C)c(=O)n2C,O=c1[nH]c(=O)c2[nH]cnc2[nH]1,0.5283018867924528,q4,0.5675675675675675,39
solubility,2328,CCC(=O)[O-].CCC(=O)[O-].[Ca+2],acyclic:CCC(=O)[O-].CCC(=O)[O-].[Ca+2],0.16666666666666663,q1,0.16666666666666663,1
solubility,2337,CCC(=O)n1cnc2c1c(=O)n(C)c(=O)n2C,O=c1[nH]c(=O)c2[nH]cnc2[nH]1,0.6,q4,0.5675675675675675,39
solubility,2344,CCC(C#N)CC#N,acyclic:CCC(C#N)CC#N,0.631578947368421,q4,0.631578947368421,1
solubility,2349,CCC(C)(C#N)N=NC(C)(C#N)CC,acyclic:CCC(C)(C#N)N=NC(C)(C#N)CC,0.5517241379310345,q3,0.5517241379310345,1
solubility,2356,CCC(C)(C)C1CCCCC1OC(C)=O,C1CCCCC1,0.5909090909090908,q4,0.6046511627906976,117
solubility,2358,CCC(C)(C)CO,acyclic:CCC(C)(C)CO,0.3571428571428571,q2,0.3571428571428571,1
solubility,2363,CCC(C)(C)OO,acyclic:CCC(C)(C)OO,0.5,q3,0.5,1
solubility,2364,CCC(C)(C)OOC(C)(C)CC,acyclic:CCC(C)(C)OOC(C)(C)CC,0.4375,q2,0.4375,1
solubility,2365,CCC(C)(C)OOC1(OOC(C)(C)CC)CCCCC1,C1CCCCC1,0.6296296296296297,q4,0.6046511627906976,117
solubility,2372,CCC(C)(CC)OC(N)=O,acyclic:CCC(C)(CC)OC(N)=O,0.4545454545454546,q3,0.4545454545454546,1
solubility,2383,CCC(C)(OOC(C)(C)C)OOC(C)(C)C,acyclic:CCC(C)(OOC(C)(C)C)OOC(C)(C)C,0.44999999999999996,q2,0.44999999999999996,1
solubility,2385,CCC(C)=O,acyclic:CCC(C)=O,0.46153846153846156,q3,0.46153846153846156,1
solubility,2387,CCC(C)C,acyclic:CCC(C)C,0.4545454545454546,q3,0.4545454545454546,1
solubility,2389,CCC(C)C(=O)O,acyclic:CCC(C)C(=O)O,0.4,q2,0.4,1
solubility,2399,CCC(C)C(C)C.CCC(C)CC.CCCC(C)C.CCCC(C)CC,acyclic:CCC(C)C(C)C.CCC(C)CC.CCCC(C)C.CCCC(C)CC,0.40909090909090906,q2,0.40909090909090906,1
solubility,2405,CCC(C)C(NCCC#N)C(=O)O,acyclic:CCC(C)C(NCCC#N)C(=O)O,0.0,q1,0.0,1
solubility,2407,CCC(C)C1(CC)C(=O)NC(=O)NC1=O,O=C1CC(=O)NC(=O)N1,0.4242424242424242,q3,0.525,49
solubility,2419,CCC(C)CC(O)CC,acyclic:CCC(C)CC(O)CC,0.47058823529411764,q3,0.47058823529411764,1
solubility,2421,CCC(C)CCCC(C)CCCC(C)C,acyclic:CCC(C)CCCC(C)CCCC(C)C,0.2777777777777778,q1,0.2777777777777778,1
solubility,2429,CCC(C)NCCO,acyclic:CCC(C)NCCO,0.47619047619047616,q3,0.47619047619047616,1
solubility,2430,CCC(C)NCc1cccc(S(=O)(=O)c2csc(S(N)(=O)=O)c2)c1,O=S(=O)(c1ccccc1)c1ccsc1,0.5483870967741935,q2,0.4272510435301133,8
solubility,2437,CCC(C)OC(C)=O,acyclic:CCC(C)OC(C)=O,0.36363636363636365,q2,0.36363636363636365,1
solubility,2439,CCC(C)OP(=S)([S-])OC(C)CC.[Na+],acyclic:CCC(C)OP(=S)([S-])OC(C)CC.[Na+],0.2692307692307693,q1,0.2692307692307693,1
solubility,2441,CCC(C)[N+](=O)[O-],acyclic:CCC(C)[N+](=O)[O-],0.44999999999999996,q2,0.44999999999999996,1
solubility,2458,CCC(CC)(C(=O)NC(N)=O)C(=O)OCC(=O)OC,acyclic:CCC(CC)(C(=O)NC(N)=O)C(=O)OCC(=O)OC,0.25806451612903225,q1,0.25806451612903225,1
solubility,2461,CCC(CC)(C(=O)O)C(CC)(CC)C(=O)O,acyclic:CCC(CC)(C(=O)O)C(CC)(CC)C(=O)O,0.5,q3,0.5,1
solubility,2468,CCC(CC)C(=O)N(CC)CC,acyclic:CCC(CC)C(=O)N(CC)CC,0.5238095238095238,q3,0.5238095238095238,1
solubility,2472,CCC(CC)CC1(C#N)CCCCC1,C1CCCCC1,0.7222222222222222,q4,0.6046511627906976,117
solubility,2473,CCC(CC)CC1(C(=O)O)CCCCC1,C1CCCCC1,0.6774193548387097,q4,0.6046511627906976,117
solubility,2475,CCC(CC)CO,acyclic:CCC(CC)CO,0.42105263157894735,q2,0.42105263157894735,1
solubility,2477,CCC(CC)COC(C)=O,acyclic:CCC(CC)COC(C)=O,0.3076923076923077,q2,0.3076923076923077,1
solubility,2483,CCC(CO)(CO)C(=O)O,acyclic:CCC(CO)(CO)C(=O)O,0.40909090909090906,q2,0.40909090909090906,1
solubility,2506,CCC(NC=O)C(=O)O,acyclic:CCC(NC=O)C(=O)O,0.37037037037037035,q2,0.37037037037037035,1
solubility,2507,CCC(O)(CC)CC,acyclic:CCC(O)(CC)CC,0.46153846153846156,q3,0.46153846153846156,1
solubility,2510,CCC(O)C(C)C,acyclic:CCC(O)C(C)C,0.4666666666666667,q3,0.4666666666666667,1
solubility,2511,CCC(O)C(Cl)(Cl)Cl,acyclic:CCC(O)C(Cl)(Cl)Cl,0.4736842105263158,q3,0.4736842105263158,1
solubility,2515,CCC(O)CN(CC(O)CC)CC(O)CC,acyclic:CCC(O)CN(CC(O)CC)CC(O)CC,0.4375,q2,0.4375,1
solubility,2518,CCC(O)COC1CCCCC1C(C)(C)C,C1CCCCC1,0.6857142857142857,q4,0.6046511627906976,117
solubility,2519,CCC(O)OC(O)CC,acyclic:CCC(O)OC(O)CC,0.5555555555555556,q3,0.5555555555555556,1
solubility,2522,CCC(SC(CC)C(=O)O)C(=O)O,acyclic:CCC(SC(CC)C(=O)O)C(=O)O,0.4545454545454546,q3,0.4545454545454546,1
solubility,2525,CCC/C(=N\OCC)C1=C(O)CC(C2CCCSC2)CC1=O,O=C1C=CCC(C2CCCSC2)C1,0.7833333333333333,q4,0.7833333333333333,1
solubility,2526,CCC/C=C(/C=O)CC,acyclic:CCC/C=C(/C=O)CC,0.0,q1,0.0,1
solubility,2527,CCC1(C(C)C)C(=O)NC(=O)NC1=O,O=C1CC(=O)NC(=O)N1,0.5454545454545454,q3,0.525,49
solubility,2528,CCC1(C)C(=O)NC(=O)NC1=O,O=C1CC(=O)NC(=O)N1,0.5416666666666667,q3,0.525,49
solubility,2530,CCC1(C)Nc2cccc3cccc(c23)N1,c1cc2c3c(cccc3c1)NCN2,0.6176470588235294,q4,0.599146110056926,2
solubility,2532,CCC1(C)OOC(C)(CC)OOC(C)(CC)OO1,C1OOCOOCOO1,0.72,q4,0.72,1
solubility,2538,CCC1(C2=CCCCCC2)C(=O)NC(=O)NC1=O,O=C1NC(=O)C(C2=CCCCCC2)C(=O)N1,0.033333333333333326,q1,0.033333333333333326,1
solubility,2539,CCC1(CC(C)=O)C(=O)NC(=O)NC1=O,O=C1CC(=O)NC(=O)N1,0.5666666666666667,q3,0.525,49
solubility,2543,CCC1(CC)C(=O)NC(=O)N(C)C1=O,O=C1CC(=O)NC(=O)N1,0.5142857142857142,q3,0.525,49
solubility,2544,CCC1(CC)C(=O)NC(=O)N(CO)C1=O,O=C1CC(=O)NC(=O)N1,0.4736842105263158,q3,0.525,49
solubility,2546,CCC1(CC)C(=O)NC(=O)NC1=O,O=C1CC(=O)NC(=O)N1,0.36363636363636365,q3,0.525,49
solubility,2553,CCC1(CC=C(C)C)C(=O)NC(=O)NC1=O,O=C1CC(=O)NC(=O)N1,0.59375,q3,0.525,49
solubility,2555,CCC1(CCC(C)C)C(=O)NC(=O)NC1=O,O=C1CC(=O)NC(=O)N1,0.5,q3,0.525,49
solubility,2558,CCC1(N2CCCCC2)C(=O)NC(=O)NC1=O,O=C1NC(=O)C(N2CCCCC2)C(=O)N1,0.5833333333333333,q4,0.5833333333333333,1
solubility,2564,CCC1(c2ccccc2)C(=O)NCNC1=O,O=C1NCNC(=O)C1c1ccccc1,0.32258064516129037,q2,0.32258064516129037,1
solubility,2568,CCC12CC[C@H]3[C@@H](CCC4=CC(=O)CC[C@@H]43)[C@@H]1CCC2=O,O=C1C=C2CCC3C4CCC(=O)C4CCC3C2CC1,0.4464285714285714,q2,0.37228260869565216,6
solubility,2570,CCC1C(=O)NC(=O)NC1=O,O=C1CC(=O)NC(=O)N1,0.41666666666666663,q3,0.525,49
solubility,2571,CCC1C(N)CN1c1c(F)cc2c(=O)c(C(=O)O)cn(C3CC3)c2c1F,O=c1ccn(C2CC2)c2cc(N3CCC3)ccc12,0.5294117647058824,q2,0.40983606557377045,18
solubility,2572,CCC1C(N)CN1c1cc2c(cc1F)c(=O)c(C(=O)O)cn2C1CC1,O=c1ccn(C2CC2)c2cc(N3CCC3)ccc12,0.34426229508196726,q2,0.40983606557377045,18
solubility,2577,CCC1CCC(O)O1,C1CCOC1,0.6086956521739131,q3,0.5294117647058824,17
solubility,2578,CCC1CCCCC1,C1CCCCC1,0.4736842105263158,q4,0.6046511627906976,117
solubility,2579,CCC1CCCCN1,C1CCNCC1,0.6666666666666667,q4,0.58125,20
solubility,2586,CCC1NC(=O)c2cc(S(N)(=O)=O)c(Cl)cc2N1,O=C1NCNc2ccccc21,0.5357142857142857,q3,0.5357142857142857,1
solubility,2587,CCC1OC(=O)C(C)C(OC2CC(C)(OC)C(O)C(C)O2)C(C)C(OC2OC(C)CC(N(C)C)C2O)C(C)(O)CC(C)C(=O)C(C)C(O)C1(C)O,O=C1CCCCOC(=O)CC(OC2CCCCO2)CC(OC2CCCCO2)CCC1,0.7894736842105263,q4,0.7875939849624061,2
solubility,2588,CCC1OC(=O)C(C)C(OC2CC(C)(OC)C(O)C(C)O2)C(C)C(OC2OC(C)CC(N(C)C)C2O)C(C)(OC)CC(C)C(=O)C(C)C(O)C1(C)O,O=C1CCCCOC(=O)CC(OC2CCCCO2)CC(OC2CCCCO2)CCC1,0.7857142857142857,q4,0.7875939849624061,2
solubility,2593,CCC1O[C@]2(CCC1C)C[C@@H]1C[C@@H](C/C=C(\C)CC(C)/C=C/C=C3\CO[C@@H]4[C@H](O)C(C)=C[C@@H](C(=O)O1)[C@]34O)O2,O=C1OC2CC(CC=CCCC=CC=C3COC4CC=CC1C34)OC1(CCCCO1)C2,0.5652173913043479,q3,0.5528789659224442,2
solubility,2594,CCC=C(C)C1(CC)C(=O)NC(=O)NC1=O,O=C1CC(=O)NC(=O)N1,0.6578947368421053,q3,0.525,49
solubility,2601,CCCC(=O)CCC,acyclic:CCCC(=O)CCC,0.2666666666666667,q1,0.2666666666666667,1
solubility,2605,CCCC(=O)NCCNC(=O)CCC,acyclic:CCCC(=O)NCCNC(=O)CCC,0.2857142857142857,q1,0.2857142857142857,1
solubility,2611,CCCC(=O)OC(C)C1CCCCC1,C1CCCCC1,0.5666666666666667,q4,0.6046511627906976,117
solubility,2629,CCCC(=O)OCn1cc2c(=O)[nH]cnc2n1,O=c1[nH]cnc2n[nH]cc12,0.40816326530612246,q2,0.40816326530612246,5
solubility,2630,CCCC(=O)OCn1cc2c(=O)n(COC(=O)CCC)cnc2n1,O=c1[nH]cnc2n[nH]cc12,0.39583333333333337,q2,0.40816326530612246,5
solubility,2632,CCCC(=O)OCn1cnc2c1c(=O)n(C)c(=O)n2C,O=c1[nH]c(=O)c2[nH]cnc2[nH]1,0.40816326530612246,q4,0.5675675675675675,39
solubility,2637,CCCC(=O)n1cnc2c1c(=O)n(C)c(=O)n2C,O=c1[nH]c(=O)c2[nH]cnc2[nH]1,0.6190476190476191,q4,0.5675675675675675,39
solubility,2640,CCCC(Br)C(=O)NC(N)=O,acyclic:CCCC(Br)C(=O)NC(N)=O,0.6060606060606061,q4,0.6060606060606061,1
solubility,2644,CCCC(C)(C)C,acyclic:CCCC(C)(C)C,0.4,q2,0.4,1
solubility,2658,CCCC(C)C(O)CC,acyclic:CCCC(C)C(O)CC,0.38095238095238093,q2,0.38095238095238093,1
solubility,2659,CCCC(C)C1(CC)C(=O)NC(=O)NC1=O,O=C1CC(=O)NC(=O)N1,0.2666666666666667,q3,0.525,49
solubility,2670,CCCC(CC)CCCCCCCN,acyclic:CCCC(CC)CCCCCCCN,0.5,q3,0.5,1
solubility,2683,CCCC(O)C(C)C,acyclic:CCCC(O)C(C)C,0.3157894736842105,q2,0.3157894736842105,1
solubility,2688,CCCC(O)CCC,acyclic:CCCC(O)CCC,0.2666666666666667,q1,0.2666666666666667,1
solubility,2691,CCCC1(CC)C(=O)NC(=O)NC1=O,O=C1CC(=O)NC(=O)N1,0.3076923076923077,q3,0.525,49
solubility,2693,CCCC1(CCC)C(=O)NC(=O)NC1=O,O=C1CC(=O)NC(=O)N1,0.4444444444444444,q3,0.525,49
solubility,2697,CCCC1CCC(C2CCC(c3ccc(-c4cc(F)c(F)c(F)c4)c(F)c3)CC2)CC1,c1ccc(-c2ccc(C3CCC(C4CCCCC4)CC3)cc2)cc1,0.5416666666666667,q3,0.5416666666666667,1
solubility,2700,CCCC1CCCNC1,C1CCNCC1,0.45833333333333337,q4,0.58125,20
solubility,2703,CCCC1C[C@@](C)(OC(C)=O)CCO1.CCCC1C[C@](C)(OC(C)=O)CCO1,C1CCOCC1.C1CCOCC1,0.6666666666666667,q4,0.6666666666666667,1
solubility,2708,CCCCBr,acyclic:CCCCBr,0.23076923076923073,q1,0.23076923076923073,1
solubility,2717,CCCCC(=O)NNC(=O)CCCC,acyclic:CCCCC(=O)NNC(=O)CCCC,0.3157894736842105,q2,0.3157894736842105,1
solubility,2733,CCCCC(=O)OCn1cnc2c1c(=O)n(C)c(=O)n2C,O=c1[nH]c(=O)c2[nH]cnc2[nH]1,0.49056603773584906,q4,0.5675675675675675,39
solubility,2738,CCCCC(=O)n1cnc2c1c(=O)n(C)c(=O)n2C,O=c1[nH]c(=O)c2[nH]cnc2[nH]1,0.6363636363636364,q4,0.5675675675675675,39
solubility,2742,CCCCC(C(=O)OCC)C(=O)OCC,acyclic:CCCCC(C(=O)OCC)C(=O)OCC,0.3846153846153846,q2,0.3846153846153846,1
solubility,2752,CCCCC(C)O,acyclic:CCCCC(C)O,0.2222222222222222,q1,0.2222222222222222,1
solubility,2761,CCCCC(CC)C(=O)OCC(COC(=O)C(CC)CCCC)(COC(=O)C(CC)CCCC)COC(=O)C(CC)CCCC,acyclic:CCCCC(CC)C(=O)OCC(COC(=O)C(CC)CCCC)(COC(=O)C(CC)CCCC)COC(=O)C(CC)CCCC,0.1428571428571429,q1,0.1428571428571429,1
solubility,2767,CCCCC(CC)C(=O)OOC(C)(C)CC(C)(C)C,acyclic:CCCCC(CC)C(=O)OOC(C)(C)CC(C)(C)C,0.23529411764705888,q1,0.23529411764705888,1
solubility,2776,CCCCC(CC)C(=O)[O-].[Mo],acyclic:CCCCC(CC)C(=O)[O-].[Mo],0.0,q1,0.0,1
solubility,2784,CCCCC(CC)CCl,acyclic:CCCCC(CC)CCl,0.4347826086956522,q2,0.4347826086956522,1
solubility,2795,CCCCC(CC)COC(=O)/C=C/C(=O)OCC(CC)CCCC,acyclic:CCCCC(CC)COC(=O)/C=C/C(=O)OCC(CC)CCCC,0.22580645161290325,q1,0.22580645161290325,1
solubility,2796,CCCCC(CC)COC(=O)/C=C\C(=O)OCC(CC)CCCC,acyclic:CCCCC(CC)COC(=O)/C=C\C(=O)OCC(CC)CCCC,0.22580645161290325,q1,0.22580645161290325,1
solubility,2799,CCCCC(CC)COC(=O)C1CCC(C(=O)OCC(CC)CCCC)CC1,C1CCCCC1,0.38235294117647056,q4,0.6046511627906976,117
solubility,2804,CCCCC(CC)COC(=O)CCC(=O)OCC(CC)CCCC,acyclic:CCCCC(CC)COC(=O)CCC(=O)OCC(CC)CCCC,0.1071428571428571,q1,0.1071428571428571,1
solubility,2808,CCCCC(CC)COC(=O)CS,acyclic:CCCCC(CC)COC(=O)CS,0.28125,q1,0.28125,1
solubility,2814,CCCCC(CC)COC(=O)OCC(CC)CCCC,acyclic:CCCCC(CC)COC(=O)OCC(CC)CCCC,0.14814814814814814,q1,0.14814814814814814,1
solubility,2830,CCCCC(CC)COCCCN,acyclic:CCCCC(CC)COCCCN,0.3793103448275862,q2,0.3793103448275862,1
solubility,2840,CCCCC(CCC(=O)O)CC(=O)O,acyclic:CCCCC(CCC(=O)O)CC(=O)O,0.48571428571428577,q3,0.48571428571428577,1
solubility,2842,CCCCC(CO[N+](=O)O)O[N+](=O)O,acyclic:CCCCC(CO[N+](=O)O)O[N+](=O)O,0.1333333333333333,q1,0.1333333333333333,1
solubility,2857,CCCCC1(CC)C(=O)NC(=O)NC1=O,O=C1CC(=O)NC(=O)N1,0.2857142857142857,q3,0.525,49
solubility,2859,CCCCC1(CCCC)C(=O)NC(=O)NC1=O,O=C1CC(=O)NC(=O)N1,0.4137931034482759,q3,0.525,49
solubility,2861,CCCCC1=NC(=O)C2(CCCC2)N1.CCCCC1=NC2(CCCC2)C(=O)N1.Cl.Cl,O=C1N=CNC12CCCC2.O=C1NC=NC12CCCC2,0.74,q4,0.74,1
solubility,2876,CCCCCC(=O)O,acyclic:CCCCCC(=O)O,0.05882352941176472,q1,0.05882352941176472,1
solubility,2878,CCCCCC(=O)OC(=O)CCCCC,acyclic:CCCCCC(=O)OC(=O)CCCCC,0.31818181818181823,q2,0.31818181818181823,1
solubility,2883,CCCCCC(=O)OCn1cnc2c1c(=O)n(C)c(=O)n2C,O=c1[nH]c(=O)c2[nH]cnc2[nH]1,0.49056603773584906,q4,0.5675675675675675,39
solubility,2885,CCCCCC(C(=O)O)C(=O)O,acyclic:CCCCCC(C(=O)O)C(=O)O,0.052631578947368474,q1,0.052631578947368474,1
solubility,2890,CCCCCC(C)O,acyclic:CCCCCC(C)O,0.05882352941176472,q1,0.05882352941176472,1
solubility,2895,CCCCCC(N)C(=O)O,acyclic:CCCCCC(N)C(=O)O,0.13636363636363635,q1,0.13636363636363635,1
solubility,2900,CCCCCC(O)CC,acyclic:CCCCCC(O)CC,0.16666666666666663,q1,0.16666666666666663,1
solubility,2902,CCCCCC/C=C/C1CC(=O)OC1=O,O=C1CCC(=O)O1,0.6285714285714286,q4,0.6198412698412699,4
solubility,2905,CCCCCC1(CC)C(=O)NC(=O)NC1=O,O=C1CC(=O)NC(=O)N1,0.27586206896551724,q3,0.525,49
solubility,2916,CCCCCCBr,acyclic:CCCCCCBr,0.0,q1,0.0,1
solubility,2923,CCCCCCC(=O)O.CCCCCCCC(=O)O.CCCCCCCCCC(=O)O.OCC(CO)(CO)CO,acyclic:CCCCCCC(=O)O.CCCCCCCC(=O)O.CCCCCCCCCC(=O)O.OCC(CO)(CO)CO,0.0,q1,0.0,1
solubility,2924,CCCCCCC(=O)OCC,acyclic:CCCCCCC(=O)OCC,0.0,q1,0.0,1
solubility,2944,CCCCCCC(O)CC,acyclic:CCCCCCC(O)CC,0.21052631578947367,q1,0.21052631578947367,1
solubility,2955,CCCCCCC1(CC)C(=O)NC(=O)NC1=O,O=C1CC(=O)NC(=O)N1,0.2666666666666667,q3,0.525,49
solubility,2960,CCCCCCCC,acyclic:CCCCCCCC,0.0,q1,0.0,1
solubility,2964,CCCCCCCC(=O)NCC(=O)O,acyclic:CCCCCCCC(=O)NCC(=O)O,0.0,q1,0.0,1
solubility,2970,CCCCCCCC(=O)OC,acyclic:CCCCCCCC(=O)OC,0.0,q1,0.0,1
solubility,2980,CCCCCCCC(=O)OCn1cnc2c1c(=O)n(C)c(=O)n2C,O=c1[nH]c(=O)c2[nH]cnc2[nH]1,0.5,q4,0.5675675675675675,39
solubility,3003,CCCCCCCC/C=C\CCCCCCCC(=O)N(CCCC)CCCC,acyclic:CCCCCCCC/C=C\CCCCCCCC(=O)N(CCCC)CCCC,0.1875,q1,0.1875,1
solubility,3004,CCCCCCCC/C=C\CCCCCCCC(=O)NC(CO)C(O)CCCCCCCCCCCCCCC,acyclic:CCCCCCCC/C=C\CCCCCCCC(=O)NC(CO)C(O)CCCCCCCCCCCCCCC,0.4772727272727273,q3,0.4772727272727273,1
solubility,3010,CCCCCCCC/C=C\CCCCCCCC(=O)OCC(C)(C)COC(=O)CCCCCCC/C=C\CCCCCCCC,acyclic:CCCCCCCC/C=C\CCCCCCCC(=O)OCC(C)(C)COC(=O)CCCCCCC/C=C\CCCCCCCC,0.125,q1,0.125,1
solubility,3011,CCCCCCCC/C=C\CCCCCCCC(=O)OCC(C)OC(=O)CCCCCCC/C=C\CCCCCCCC,acyclic:CCCCCCCC/C=C\CCCCCCCC(=O)OCC(C)OC(=O)CCCCCCC/C=C\CCCCCCCC,0.23684210526315785,q1,0.23684210526315785,1
solubility,3016,CCCCCCCC/C=C\CCCCCCCC(=O)OCCCCCCCCCCCCCC,acyclic:CCCCCCCC/C=C\CCCCCCCC(=O)OCCCCCCCCCCCCCC,0.0,q1,0.0,1
solubility,3028,CCCCCCCC/C=C\CCCCCCCCOC(=O)CCCCCC/C=C\CCCCCCCCC,acyclic:CCCCCCCC/C=C\CCCCCCCCOC(=O)CCCCCC/C=C\CCCCCCCCC,0.0,q1,0.0,1
solubility,3030,CCCCCCCC1(CC)C(=O)NC(=O)NC1=O,O=C1CC(=O)NC(=O)N1,0.2666666666666667,q3,0.525,49
solubility,3033,CCCCCCCC=O,acyclic:CCCCCCCC=O,0.0,q1,0.0,1
solubility,3054,CCCCCCCCC/C=C/CC1CC(=O)OC1=O,O=C1CCC(=O)O1,0.6111111111111112,q4,0.6198412698412699,4
solubility,3055,CCCCCCCCC1(CC)C(=O)NC(=O)NC1=O,O=C1CC(=O)NC(=O)N1,0.2666666666666667,q3,0.525,49
solubility,3072,CCCCCCCCCC1(CC)C(=O)NC(=O)NC1=O,O=C1CC(=O)NC(=O)N1,0.2666666666666667,q3,0.525,49
solubility,3075,CCCCCCCCCCC(=O)O,acyclic:CCCCCCCCCCC(=O)O,0.0,q1,0.0,1
solubility,3080,CCCCCCCCCCC(O)CCC,acyclic:CCCCCCCCCCC(O)CCC,0.0,q1,0.0,1
solubility,3083,CCCCCCCCCCC=O,acyclic:CCCCCCCCCCC=O,0.0,q1,0.0,1
solubility,3091,CCCCCCCCCCCC(=O)NCCC[N+](C)(C)CC(=O)[O-],acyclic:CCCCCCCCCCCC(=O)NCCC[N+](C)(C)CC(=O)[O-],0.4,q2,0.4,1
solubility,3094,CCCCCCCCCCCC(=O)O,acyclic:CCCCCCCCCCCC(=O)O,0.0,q1,0.0,1
solubility,3095,CCCCCCCCCCCC(=O)OC,acyclic:CCCCCCCCCCCC(=O)OC,0.0,q1,0.0,1
solubility,3099,CCCCCCCCCCCC(=O)OCC(O)CO,acyclic:CCCCCCCCCCCC(=O)OCC(O)CO,0.0,q1,0.0,1
solubility,3100,CCCCCCCCCCCC(=O)OCC(O)[C@H]1OC[C@@H](O)[C@@H]1O,C1CCOC1,0.5111111111111111,q3,0.5294117647058824,17
solubility,3103,CCCCCCCCCCCC(=O)OCCOCC(OCCO)C1OCC(OCCO)C1OCCO,C1CCOC1,0.6071428571428572,q3,0.5294117647058824,17
solubility,3104,CCCCCCCCCCCC(=O)OCCS(=O)(=O)[O-].[Na+],acyclic:CCCCCCCCCCCC(=O)OCCS(=O)(=O)[O-].[Na+],0.375,q2,0.375,1
solubility,3128,CCCCCCCCCCCCCCC,acyclic:CCCCCCCCCCCCCCC,0.0,q1,0.0,1
solubility,3129,CCCCCCCCCCCCCCC(=O)O,acyclic:CCCCCCCCCCCCCCC(=O)O,0.0,q1,0.0,1
solubility,3142,CCCCCCCCCCCCCCCC(=O)OCC(O)[C@H]1OC[C@@H](O)[C@@H]1O,C1CCOC1,0.5111111111111111,q3,0.5294117647058824,17
solubility,3147,CCCCCCCCCCCCCCCCCC,acyclic:CCCCCCCCCCCCCCCCCC,0.0,q1,0.0,1
solubility,3149,CCCCCCCCCCCCCCCCCC(=O)NCCO,acyclic:CCCCCCCCCCCCCCCCCC(=O)NCCO,0.23076923076923073,q1,0.23076923076923073,1
solubility,3155,CCCCCCCCCCCCCCCCCC(=O)OCC(OC(=O)CCCCCCCCCCCCCCCCC)[C@H]1OC[C@@H](O)[C@@H]1OC(=O)CCCCCCCCCCCCCCCCC,C1CCOC1,0.5106382978723405,q3,0.5294117647058824,17
solubility,3158,CCCCCCCCCCCCCCCCCC(=O)[O-].CCCCCCCCCCCCCCCCCC(=O)[O-].[Ca+2],acyclic:CCCCCCCCCCCCCCCCCC(=O)[O-].CCCCCCCCCCCCCCCCCC(=O)[O-].[Ca+2],0.0,q1,0.0,1
solubility,3163,CCCCCCCCCCCCCCCCCCC1CC(=O)N(CCNCCNCCNCCN2C(=O)CC(CCCCCCCCCCCCCCCCCC)C2=O)C1=O,O=C1CCC(=O)N1CCNCCNCCNCCN1C(=O)CCC1=O,0.6136363636363636,q4,0.6136363636363636,1
solubility,3176,CCCCCCCCCCCCCCCCCCCCCCO,acyclic:CCCCCCCCCCCCCCCCCCCCCCO,0.0,q1,0.0,1
solubility,3198,CCCCCCCCCCCCCCCCCC[N+](C)(C)C.[Cl-],acyclic:CCCCCCCCCCCCCCCCCC[N+](C)(C)C.[Cl-],0.0,q1,0.0,1
solubility,3204,CCCCCCCCCCCCCCCCCc1ncc[nH]1,c1c[nH]cn1,0.6363636363636364,q4,0.653167602245389,28
solubility,3215,CCCCCCCCCCCCCCCCOc1ccccc1C(=O)CC(=O)Nc1nc(-c2ccccc2)cs1,O=C(CC(=O)c1ccccc1)Nc1nc(-c2ccccc2)cs1,0.625,q4,0.625,1
solubility,3219,CCCCCCCCCCCCCCCCc1c(Oc2ccccc2S(=O)(=O)[O-])cccc1S(=O)(=O)[O-].[Na+].[Na+],c1ccc(Oc2ccccc2)cc1,0.5660377358490566,q3,0.5172413793103448,139
solubility,3221,CCCCCCCCCCCCCCCOC(=O)/C=C/C(=O)OCCCCCCCCCCCCCCC,acyclic:CCCCCCCCCCCCCCCOC(=O)/C=C/C(=O)OCCCCCCCCCCCCCCC,0.0,q1,0.0,1
solubility,3229,CCCCCCCCCCCCCC[N+](C)(C)C.CCCCCCCCCCCCCC[N+](C)(C)C.O=C([O-])C(=O)[O-],acyclic:CCCCCCCCCCCCCC[N+](C)(C)C.CCCCCCCCCCCCCC[N+](C)(C)C.O=C([O-])C(=O)[O-],0.34782608695652173,q2,0.34782608695652173,1
solubility,3249,CCCCCCCCCCCCOS(=O)(=O)[O-].[Li+],acyclic:CCCCCCCCCCCCOS(=O)(=O)[O-].[Li+],0.045454545454545414,q1,0.045454545454545414,1
solubility,3260,CCCCCCCCCCN1CCCCC1,C1CCNCC1,0.5625,q4,0.58125,20
solubility,3263,CCCCCCCCCCNC(=O)NC1CCCCC1,C1CCCCC1,0.4375,q4,0.6046511627906976,117
solubility,3268,CCCCCCCCCCOC(=O)C(C)O,acyclic:CCCCCCCCCCOC(=O)C(C)O,0.0,q1,0.0,1
solubility,3276,CCCCCCCCCCSC(=N)N,acyclic:CCCCCCCCCCSC(=N)N,0.0,q1,0.0,1
solubility,3281,CCCCCCCCCNCC(O)CO,acyclic:CCCCCCCCCNCC(O)CO,0.0,q1,0.0,1
solubility,3288,CCCCCCCCCOS(=O)(=O)[O-].[Na+],acyclic:CCCCCCCCCOS(=O)(=O)[O-].[Na+],0.0,q1,0.0,1
solubility,3297,CCCCCCCCN(C)C.[B+3].[Cl-].[Cl-].[Cl-],acyclic:CCCCCCCCN(C)C.[B+3].[Cl-].[Cl-].[Cl-],0.11764705882352944,q1,0.11764705882352944,1
solubility,3340,CCCCCCCC[Si](OC)(OC)OC,acyclic:CCCCCCCC[Si](OC)(OC)OC,0.0,q1,0.0,1
solubility,3363,CCCCCCC[CH2][Sn]([CH2]CCCCCCC)([CH2]CCCCCCC)[CH2]CCCCCCC,acyclic:CCCCCCC[CH2][Sn]([CH2]CCCCCCC)([CH2]CCCCCCC)[CH2]CCCCCCC,0.2666666666666667,q1,0.2666666666666667,1
solubility,3366,CCCCCCC[CH2][Sn]1([CH2]CCCCCCC)[O]C(=O)C[S]1,O=C1C[S][Sn][O]1,0.6585365853658536,q4,0.6585365853658536,1
solubility,3370,CCCCCCCl,acyclic:CCCCCCCl,0.0,q1,0.0,1
solubility,3379,CCCCCCOC,acyclic:CCCCCCOC,0.25,q1,0.25,1
solubility,3384,CCCCCCOC(=O)CCCCCCCCC(=O)OCCCCCC,acyclic:CCCCCCOC(=O)CCCCCCCCC(=O)OCCCCCC,0.0,q1,0.0,1
solubility,3397,CCCCCCOC(=O)n1cnc2c1c(=O)n(C)c(=O)n2C,O=c1[nH]c(=O)c2[nH]cnc2[nH]1,0.5636363636363637,q4,0.5675675675675675,39
solubility,3405,CCCCCCO[N+](=O)[O-],acyclic:CCCCCCO[N+](=O)[O-],0.04761904761904767,q1,0.04761904761904767,1
solubility,3417,CCCCCN(CCCCC)CCCCC,acyclic:CCCCCN(CCCCC)CCCCC,0.0714285714285714,q1,0.0714285714285714,1
solubility,3423,CCCCCOC(=O)C(C)O,acyclic:CCCCCOC(=O)C(C)O,0.04347826086956519,q1,0.04347826086956519,1
solubility,3430,CCCCCOC(=O)CCCNC(=O)NC1CCCCC1,C1CCCCC1,0.43137254901960786,q4,0.6046511627906976,117
solubility,3441,CCCCCOC(N)=O,acyclic:CCCCCOC(N)=O,0.050000000000000044,q1,0.050000000000000044,1
solubility,3447,CCCCC[C@H](CCC)CCCO,acyclic:CCCCC[C@H](CCC)CCCO,0.30434782608695654,q2,0.30434782608695654,1
solubility,3456,CCCCN,acyclic:CCCCN,0.23076923076923073,q1,0.23076923076923073,1
solubility,3464,CCCCN(CC)c1nc(N)nc(N=[N+]=[N-])n1,c1ncncn1,0.7142857142857143,q4,0.6341463414634146,45
solubility,3472,CCCCN(CCCC)c1ccc2c(c1)Oc1cc(C)c(Nc3ccccc3)cc1C21OC(=O)c2ccccc21,O=C1OC2(c3ccccc3Oc3ccc(Nc4ccccc4)cc32)c2ccccc21,0.5806451612903225,q4,0.5806451612903225,1
solubility,3489,CCCCNC1(P(=O)(OCCCC)OCCCC)CCCCC1,C1CCCCC1,0.5714285714285714,q4,0.6046511627906976,117
solubility,3490,CCCCNC1CC(C)(C)NC(C)(C)C1,C1CCNCC1,0.2222222222222222,q4,0.58125,20
solubility,3493,CCCCNCCO,acyclic:CCCCNCCO,0.2941176470588235,q1,0.2941176470588235,1
solubility,3495,CCCCNCc1ccc(S(=O)(=O)c2csc(S(N)(=O)=O)c2)cc1,O=S(=O)(c1ccccc1)c1ccsc1,0.34615384615384615,q2,0.4272510435301133,8
solubility,3498,CCCCNc1cc(C(=O)O)cc(S(N)(=O)=O)c1Oc1ccccc1,c1ccc(Oc2ccccc2)cc1,0.6296296296296297,q3,0.5172413793103448,139
solubility,3508,CCCCOC(=O)C(C)OC(=O)C(C)O,acyclic:CCCCOC(=O)C(C)OC(=O)C(C)O,0.13793103448275867,q1,0.13793103448275867,1
solubility,3510,CCCCOC(=O)C(C)Oc1ccc(Oc2ccc(C#N)cc2F)cc1,c1ccc(Oc2ccccc2)cc1,0.5238095238095238,q3,0.5172413793103448,139
solubility,3516,CCCCOC(=O)CC(CC(=O)OCCCC)(OC(C)=O)C(=O)OCCCC,acyclic:CCCCOC(=O)CC(CC(=O)OCCCC)(OC(C)=O)C(=O)OCCCC,0.4,q2,0.4,1
solubility,3524,CCCCOC(=O)CCO,acyclic:CCCCOC(=O)CCO,0.21739130434782605,q1,0.21739130434782605,1
solubility,3547,CCCCOC(=O)c1ccccc1N/N=C1\C(=O)C(C(=O)Nc2ccc3[nH]c(=O)[nH]c3c2)=Cc2ccccc21,O=C(Nc1ccc2[nH]c(=O)[nH]c2c1)C1=Cc2ccccc2C(=NNc2ccccc2)C1=O,0.3827160493827161,q2,0.294755877034358,4
solubility,3550,CCCCOC(=O)n1cnc2c1c(=O)n(C)c(=O)n2C,O=c1[nH]c(=O)c2[nH]cnc2[nH]1,0.5849056603773585,q4,0.5675675675675675,39
solubility,3555,CCCCOC=O,acyclic:CCCCOC=O,0.1578947368421053,q1,0.1578947368421053,1
solubility,3571,CCCCOCCOCCOC(=O)CCCCC(=O)OCCOCCOCCCC,acyclic:CCCCOCCOCCOC(=O)CCCCC(=O)OCCOCCOCCCC,0.0,q1,0.0,1
solubility,3572,CCCCOCCOCCOC(C)=O,acyclic:CCCCOCCOCCOC(C)=O,0.0,q1,0.0,1
solubility,3579,CCCCOCOCCCC,acyclic:CCCCOCOCCCC,0.125,q1,0.125,1
solubility,3601,CCCCP(=O)(CCCC)OCC,acyclic:CCCCP(=O)(CCCC)OCC,0.30434782608695654,q2,0.30434782608695654,1
solubility,3604,CCCCS(=O)(=O)NS(=O)(=O)CCCC,acyclic:CCCCS(=O)(=O)NS(=O)(=O)CCCC,0.19999999999999996,q1,0.19999999999999996,1
solubility,3612,CCCC[N+](C)(CCCC)CCCC.[I-],acyclic:CCCC[N+](C)(CCCC)CCCC.[I-],0.5,q3,0.5,1
solubility,3624,CCCCc1ccc2[n-]nnc2c1.[Na+],c1ccc2[n-]nnc2c1,0.6285714285714286,q4,0.6285714285714286,1
solubility,3627,CCCCc1nc(C=O)c(Cl)[nH]1,c1c[nH]cn1,0.6511627906976745,q4,0.653167602245389,28
solubility,3631,CCCCn1c(=O)c2c(ncn2C)n(C)c1=O,O=c1[nH]c(=O)c2[nH]cnc2[nH]1,0.6190476190476191,q4,0.5675675675675675,39
solubility,3634,CCCCn1cnc2c1c(=O)n(C)c(=O)n2C,O=c1[nH]c(=O)c2[nH]cnc2[nH]1,0.5853658536585367,q4,0.5675675675675675,39
solubility,3636,CCCN,acyclic:CCCN,0.4444444444444444,q2,0.4444444444444444,1
solubility,3644,CCCN(CCC)CCC,acyclic:CCCN(CCC)CCC,0.4285714285714286,q2,0.4285714285714286,1
solubility,3666,CCCNc1nc(Cl)nc(NC(C)C)n1,c1ncncn1,0.4864864864864865,q4,0.6341463414634146,45
solubility,3671,CCCOC(=O)C1CCCCC1C(=O)OCCC,C1CCCCC1,0.5555555555555556,q4,0.6046511627906976,117
solubility,3672,CCCOC(=O)CC,acyclic:CCCOC(=O)CC,0.2857142857142857,q1,0.2857142857142857,1
solubility,3673,CCCOC(=O)CCC,acyclic:CCCOC(=O)CCC,0.1578947368421053,q1,0.1578947368421053,1
solubility,3690,CCCOC(=O)n1cnc2c1c(=O)n(C)c(=O)n2C,O=c1[nH]c(=O)c2[nH]cnc2[nH]1,0.6444444444444444,q4,0.5675675675675675,39
solubility,3694,CCCOC(N)=O,acyclic:CCCOC(N)=O,0.30000000000000004,q2,0.30000000000000004,1
solubility,3704,CCCOCCC(=O)OC,acyclic:CCCOCCC(=O)OC,0.24,q1,0.24,1
solubility,3710,CCCOP(=O)(OCC)OCCC,acyclic:CCCOP(=O)(OCC)OCCC,0.0,q1,0.0,1
solubility,3714,CCCOP(=S)(OCCC)SCC(=O)N1CCCCC1C,C1CCNCC1,0.64,q4,0.58125,20
solubility,3718,CCCOc1ccc2c(c1)C(c1ccc(OC)cc1OCC(=O)O)C(C(=O)O)C2c1ccc2c(c1)OCO2,c1ccc(C2CC(c3ccc4c(c3)OCO4)c3ccccc32)cc1,0.7205882352941176,q4,0.7205882352941176,1
solubility,3719,CCCS,acyclic:CCCS,0.41666666666666663,q2,0.41666666666666663,1
solubility,3722,CCCSCCC,acyclic:CCCSCCC,0.6111111111111112,q4,0.6111111111111112,1
solubility,3724,CCCSP(=O)(OCC)Oc1cnn(-c2ccc(Cl)cc2)c1,c1ccc(-n2cccn2)cc1,0.5517241379310345,q4,0.6346153846153846,7
solubility,3732,CCC[C@H]1CCCCN1,C1CCNCC1,0.56,q4,0.58125,20
solubility,3738,CCC[N+](=O)[O-],acyclic:CCC[N+](=O)[O-],0.33333333333333337,q2,0.33333333333333337,1
solubility,3743,CCCc1cc(=O)[nH]c(=S)[nH]1,O=c1cc[nH]c(=S)[nH]1,0.696969696969697,q2,0.4347826086956522,5
solubility,3759,CCCn1c(=O)c2c(ncn2C)n(C)c1=O,O=c1[nH]c(=O)c2[nH]cnc2[nH]1,0.6,q4,0.5675675675675675,39
solubility,3760,CCCn1cc(C(=O)O)c(=O)c2cc(F)c(N3CCNCC3)cc21,O=c1cc[nH]c2cc(N3CCNCC3)ccc12,0.3571428571428571,q2,0.3512987012987013,8
solubility,3761,CCCn1cnc2c1c(=O)n(C)c(=O)n2C,O=c1[nH]c(=O)c2[nH]cnc2[nH]1,0.5641025641025641,q4,0.5675675675675675,39
solubility,3762,CCCn1cnc2c1c(=O)n(CCCCC(C)=O)c(=O)n2C,O=c1[nH]c(=O)c2[nH]cnc2[nH]1,0.6341463414634146,q4,0.5675675675675675,39
solubility,3770,CCN(C(=O)Oc1cccc(NC(=O)OC(C)C)c1)c1ccccc1,O=C(Nc1ccccc1)Oc1ccccc1,0.4782608695652174,q3,0.4782608695652174,3
solubility,3772,CCN(C(=O)n1nnn(-c2ccccc2Cl)c1=O)C1CCCCC1,O=C(NC1CCCCC1)n1nnn(-c2ccccc2)c1=O,0.6825396825396826,q4,0.6825396825396826,1
solubility,3773,CCN(C(C)C)C(C)C,acyclic:CCN(C(C)C)C(C)C,0.5789473684210527,q4,0.5789473684210527,1
solubility,3789,CCN(CC)C(=O)CCC(=O)OCn1cnc2c1c(=O)n(C)c(=O)n2C,O=c1[nH]c(=O)c2[nH]cnc2[nH]1,0.5245901639344263,q4,0.5675675675675675,39
solubility,3801,CCN(CC)C(=O)NC1C=C2c3cccc4[nH]c(Br)c(c34)CC2N(C)C1,C1=C2c3cccc4[nH]cc(c34)CC2NCC1,0.7605633802816901,q4,0.7605633802816901,1
solubility,3832,CCN(CC)CN(CC)CC,acyclic:CCN(CC)CN(CC)CC,0.36363636363636365,q2,0.36363636363636365,1
solubility,3838,CCN(CC)S(=O)(=O)c1ccc(OC)c(N/N=C2/C(=O)C(C(=O)Nc3cc(Cl)c(OC)cc3OC)=Cc3ccccc32)c1,O=C(Nc1ccccc1)C1=Cc2ccccc2C(=NNc2ccccc2)C1=O,0.3205128205128205,q2,0.31997863247863245,10
solubility,3840,CCN(CC)S(=O)N(CC)CC,acyclic:CCN(CC)S(=O)N(CC)CC,0.6875,q4,0.6875,1
solubility,3844,CCN(CC)c1ccc(/C=C(\C#N)C(=O)OCCC[N+](C)(C)CCOC(=O)/C(C#N)=C/c2ccc(N(CC)CC)cc2)cc1.[Cl-],O=C(C=Cc1ccccc1)OCCC[NH2+]CCOC(=O)C=Cc1ccccc1,0.6851851851851851,q4,0.6851851851851851,1
solubility,3845,CCN(CC)c1ccc(C(c2ccc(N(CC)CC)cc2)c2c(S(=O)(=O)O)ccc3ccc(S(=O)(=O)O)cc23)cc1,c1ccc(C(c2ccccc2)c2cccc3ccccc23)cc1,0.6,q4,0.6,1
solubility,3869,CCN(CC)c1nc(Cl)nc(N(CC)CC)n1,c1ncncn1,0.6285714285714286,q4,0.6341463414634146,45
solubility,3870,CCN(CC)c1nc(Cl)nc(NC(C)C)n1,c1ncncn1,0.5384615384615384,q4,0.6341463414634146,45
solubility,3871,CCN(CC)c1nc(NC(C)C)nc(OC)n1,c1ncncn1,0.6888888888888889,q4,0.6341463414634146,45
solubility,3872,CCN(CC)c1nc(Nc2ccc(/C=C/c3ccc(Nc4nc(Nc5cc(S(=O)(=O)[O-])ccc5S(=O)(=O)[O-])nc(N(CC)CC)n4)cc3S(=O)(=O)[O-])c(S(=O)(=O)[O-])c2)nc(Nc2cc(S(=O)(=O)[O-])ccc2S(=O)(=O)[O-])n1.[Na+].[Na+].[Na+].[Na+].[Na+].[Na+],C(=Cc1ccc(Nc2ncnc(Nc3ccccc3)n2)cc1)c1ccc(Nc2ncnc(Nc3ccccc3)n2)cc1,0.4181818181818182,q2,0.367756064690027,12
solubility,3890,CCN(Cc1cccc(S(=O)(=O)[O-])c1)c1ccc(N=Nc2ccc(N=Nc3cccc(S(=O)(=O)[O-])c3)c3ccccc23)cc1.[Na+].[Na+],c1ccc(CNc2ccc(N=Nc3ccc(N=Nc4ccccc4)c4ccccc34)cc2)cc1,0.4137931034482759,q2,0.4137931034482759,1
solubility,3893,CCN(N=O)C(N)=O,acyclic:CCN(N=O)C(N)=O,0.4285714285714286,q2,0.4285714285714286,1
solubility,3905,CCN1C(=O)C(C(N)=O)=C(C)/C(=N/Nc2cc(Nc3nc(F)nc(Nc4cc(S(=O)(=O)[O-])ccc4Cl)n3)ccc2S(=O)(=O)[O-])C1=O.[Na+].[Na+],O=C1C=CC(=NNc2cccc(Nc3ncnc(Nc4ccccc4)n3)c2)C(=O)N1,0.2857142857142857,q1,0.2857142857142857,1
solubility,3906,CCN1C(=O)c2ccccc2Oc2ccccc21,O=C1Nc2ccccc2Oc2ccccc21,0.4736842105263158,q3,0.4868421052631579,2
solubility,3913,CCN1CCCCC1,C1CCNCC1,0.5,q4,0.58125,20
solubility,3929,CCN1c2ncccc2C(=S)N(C)c2cccnc21,S=C1Nc2cccnc2Nc2ncccc21,0.1842105263157895,q1,0.1842105263157895,1
solubility,3942,CCNC(=S)NCC,acyclic:CCNC(=S)NCC,0.5652173913043479,q3,0.5652173913043479,1
solubility,3949,CCNCC,acyclic:CCNCC,0.5333333333333333,q3,0.5333333333333333,1
solubility,3954,CCNP(=S)(OC)OC(C)=CC(=O)OC(C)C,acyclic:CCNP(=S)(OC)OC(C)=CC(=O)OC(C)C,0.0,q1,0.0,1
solubility,3961,CCNc1nc(Cl)nc(N(CC)CC)n1,c1ncncn1,0.5641025641025641,q4,0.6341463414634146,45
solubility,3962,CCNc1nc(Cl)nc(NC(C)(C)C#N)n1,c1ncncn1,0.7391304347826086,q4,0.6341463414634146,45
solubility,3963,CCNc1nc(Cl)nc(NC(C)(C)C)n1,c1ncncn1,0.7073170731707317,q4,0.6341463414634146,45
solubility,3964,CCNc1nc(Cl)nc(NC(C)C)n1,c1ncncn1,0.4571428571428572,q4,0.6341463414634146,45
solubility,3965,CCNc1nc(Cl)nc(NCC(=O)OCC)n1,c1ncncn1,0.6052631578947368,q4,0.6341463414634146,45
solubility,3966,CCNc1nc(Cl)nc(NCC)n1,c1ncncn1,0.6571428571428571,q4,0.6341463414634146,45
solubility,3968,CCNc1nc(N)nc(Cl)n1,c1ncncn1,0.6428571428571428,q4,0.6341463414634146,45
solubility,3969,CCNc1nc(NC(C)(C)C)nc(OC)n1,c1ncncn1,0.7307692307692308,q4,0.6341463414634146,45
solubility,3970,CCNc1nc(NC(C)(C)C)nc(SC)n1,c1ncncn1,0.7428571428571429,q4,0.6341463414634146,45
solubility,3971,CCNc1nc(NC(C)C(C)C)nc(SC)n1,c1ncncn1,0.7111111111111111,q4,0.6341463414634146,45
solubility,3972,CCNc1nc(NC(C)C)nc(OC)n1,c1ncncn1,0.6341463414634146,q4,0.6341463414634146,45
solubility,3973,CCNc1nc(NC(C)C)nc(SC)n1,c1ncncn1,0.6341463414634146,q4,0.6341463414634146,45
solubility,3974,CCNc1nc(NC(C)CC)nc(OC)n1,c1ncncn1,0.7058823529411764,q4,0.6341463414634146,45
solubility,3975,CCNc1nc(NCC)nc(OC)n1,c1ncncn1,0.6956521739130435,q4,0.6341463414634146,45
solubility,3976,CCNc1nc(NCC)nc(SC)n1,c1ncncn1,0.6896551724137931,q4,0.6341463414634146,45
solubility,3977,CCNc1nc(OC)nc(N(CC)CC)n1,c1ncncn1,0.575,q4,0.6341463414634146,45
solubility,3982,CCOC(=O)/C(=N/Nc1ccc([N+](=O)[O-])cc1)C(=O)c1nn2c(nc(=O)c3ccccc32)s1,O=C(C=NNc1ccccc1)c1nn2c(nc(=O)c3ccccc32)s1,0.7,q4,0.7,1
solubility,3989,CCOC(=O)C(=O)C(=O)OCC,acyclic:CCOC(=O)C(=O)C(=O)OCC,0.25,q1,0.25,1
solubility,3996,CCOC(=O)C(C)C1CCCCC1,C1CCCCC1,0.5172413793103448,q4,0.6046511627906976,117
solubility,3998,CCOC(=O)C(C)N(C(=O)c1ccccc1)c1ccc(Cl)c(Cl)c1,O=C(Nc1ccccc1)c1ccccc1,0.5813953488372092,q3,0.4941860465116279,46
solubility,4000,CCOC(=O)C(C)OC(=O)c1cc(Oc2ccc(C(F)(F)F)cc2Cl)ccc1[N+](=O)[O-],c1ccc(Oc2ccccc2)cc1,0.6103896103896104,q3,0.5172413793103448,139
solubility,4010,CCOC(=O)C(CCc1ccccc1)NC(C)CN1CCCC1C(=O)O,c1ccc(CCCNCCN2CCCC2)cc1,0.2931034482758621,q1,0.2931034482758621,1
solubility,4023,CCOC(=O)C1(S(=O)(=O)c2ccc(C)cc2)CCC1,O=S(=O)(c1ccccc1)C1CCC1,0.11428571428571432,q1,0.11596638655462188,6
solubility,4027,CCOC(=O)C1=C(C)NC(C)=C(C(=O)OC)C1c1cccc(Cl)c1Cl,C1=CC(c2ccccc2)C=CN1,0.46875,q3,0.5003324468085106,2
solubility,4034,CCOC(=O)C1CCC(C(=O)OCC)CC1,C1CCCCC1,0.5217391304347826,q4,0.6046511627906976,117
solubility,4035,CCOC(=O)C1CCn2c(C(=O)c3ccccc3)ccc21,O=C(c1ccccc1)c1ccc2n1CCC2,0.5918367346938775,q4,0.5918367346938775,3
solubility,4045,CCOC(=O)CC(C)CC(C)(C)C,acyclic:CCOC(=O)CC(C)CC(C)(C)C,0.33333333333333337,q2,0.33333333333333337,1
solubility,4054,CCOC(=O)CCC(=O)OCC,acyclic:CCOC(=O)CCC(=O)OCC,0.2222222222222222,q1,0.2222222222222222,1
solubility,4076,CCOC(=O)CNc1nc(Cl)nc(NC(C)C)n1,c1ncncn1,0.5777777777777777,q4,0.6341463414634146,45
solubility,4077,CCOC(=O)COC(=O)c1cc(Oc2ccc(C(F)(F)F)cc2Cl)ccc1[N+](=O)[O-],c1ccc(Oc2ccccc2)cc1,0.6101694915254237,q3,0.5172413793103448,139
solubility,4086,CCOC(=O)Cc1ccc(-c2nc3ccccc3s2)cc1,c1ccc(-c2nc3ccccc3s2)cc1,0.46341463414634143,q3,0.46341463414634143,5
solubility,4090,CCOC(=O)N(C)C(=O)CSP(=S)(OCC)OCC,acyclic:CCOC(=O)N(C)C(=O)CSP(=S)(OCC)OCC,0.5121951219512195,q3,0.5121951219512195,1
solubility,4093,CCOC(=O)N(CC)CC,acyclic:CCOC(=O)N(CC)CC,0.3913043478260869,q2,0.3913043478260869,1
solubility,4105,CCOC(=O)NCCOc1ccc(Oc2ccccc2)cc1,c1ccc(Oc2ccccc2)cc1,0.5526315789473684,q3,0.5172413793103448,139
solubility,4109,CCOC(=O)Nc1cccc(OC(=O)Nc2ccccc2)c1,O=C(Nc1ccccc1)Oc1ccccc1,0.5306122448979591,q3,0.4782608695652174,3
solubility,4111,CCOC(=O)OC1CCCCC1C(C)(C)C,C1CCCCC1,0.6129032258064516,q4,0.6046511627906976,117
solubility,4116,CCOC(=O)OCn1cnc2c1c(=O)n(C)c(=O)n2C,O=c1[nH]c(=O)c2[nH]cnc2[nH]1,0.6,q4,0.5675675675675675,39
solubility,4120,CCOC(=O)[C@@H](N)CC(C)C,acyclic:CCOC(=O)[C@@H](N)CC(C)C,0.45833333333333337,q3,0.45833333333333337,1
solubility,4129,CCOC(=O)c1c[nH]c(=S)[nH]c1=O,O=c1cc[nH]c(=S)[nH]1,0.5555555555555556,q2,0.4347826086956522,5
solubility,4132,CCOC(=O)c1ccc(N=CN(C)c2ccccc2)cc1,C(=Nc1ccccc1)Nc1ccccc1,0.46153846153846156,q3,0.48571428571428577,3
solubility,4133,CCOC(=O)c1ccc(NS(=O)(=O)c2ccccc2)nc1,O=S(=O)(Nc1ccccn1)c1ccccc1,0.5238095238095238,q2,0.4285714285714286,5
solubility,4147,CCOC(=O)c1ccccc1S(=O)(=O)NC(=O)Nc1nc(Cl)cc(OC)n1,O=C(Nc1ncccn1)NS(=O)(=O)c1ccccc1,0.390625,q2,0.390625,3
solubility,4151,CCOC(=O)c1cn2nc(OP(=S)(OCC)OCC)cc2nc1C,c1cnc2ccnn2c1,0.5636363636363637,q3,0.5636363636363637,1
solubility,4161,CCOC(=O)n1cnc2c1c(=O)n(C)c(=O)n2C,O=c1[nH]c(=O)c2[nH]cnc2[nH]1,0.6170212765957447,q4,0.5675675675675675,39
solubility,4175,CCOC(CC(C)O)OCC,acyclic:CCOC(CC(C)O)OCC,0.5714285714285714,q4,0.5714285714285714,1
solubility,4182,CCOC1=C([N+](=O)[O-])CN(C(C)C)C1=O,O=C1C=CCN1,0.7083333333333333,q4,0.7083333333333333,1
solubility,4186,CCOC1CC(C)CC(C)(C)C1,C1CCCCC1,0.5769230769230769,q4,0.6046511627906976,117
solubility,4202,CCOCCOC(C)=O,acyclic:CCOCCOC(C)=O,0.050000000000000044,q1,0.050000000000000044,1
solubility,4205,CCOCCOCCOC,acyclic:CCOCCOCCOC,0.2666666666666667,q1,0.2666666666666667,1
solubility,4209,CCOCCc1ccc(OCCNc2ncnc(CC)c2Cl)c(C)c1C,c1ccc(OCCNc2ccncn2)cc1,0.7424242424242424,q4,0.7424242424242424,1
solubility,4214,CCOC[C@H](N)C(=O)O,acyclic:CCOC[C@H](N)C(=O)O,0.4,q2,0.4,1
solubility,4217,CCOP(=O)(C#N)N(C)C,acyclic:CCOP(=O)(C#N)N(C)C,0.6,q4,0.6,1
solubility,4221,CCOP(=O)(Cc1ccc(-c2nc3ccccc3s2)cc1)OCC,c1ccc(-c2nc3ccccc3s2)cc1,0.35185185185185186,q3,0.46341463414634143,5
solubility,4239,CCOP(=O)(OCC)SCCSCC.CCOP(=S)(OCC)OCCSCC,acyclic:CCOP(=O)(OCC)SCCSCC.CCOP(=S)(OCC)OCCSCC,0.28125,q1,0.28125,1
solubility,4282,CCOP(=S)(OCC)SCCl,acyclic:CCOP(=S)(OCC)SCCl,0.34782608695652173,q2,0.34782608695652173,1
solubility,4299,CCOS(=O)(=O)OCC,acyclic:CCOS(=O)(=O)OCC,0.4117647058823529,q2,0.4117647058823529,1
solubility,4305,CCO[Si](CCCSSCCC[Si](OCC)(OCC)OCC)(OCC)OCC,acyclic:CCO[Si](CCCSSCCC[Si](OCC)(OCC)OCC)(OCC)OCC,0.43999999999999995,q2,0.43999999999999995,1
solubility,4310,CCOc1cc(NC(=O)c2ccccc2)c(OCC)cc1N,O=C(Nc1ccccc1)c1ccccc1,0.48275862068965514,q3,0.4941860465116279,46
solubility,4312,CCOc1cc(Oc2ccc(C(F)(F)F)cc2Cl)ccc1[N+](=O)[O-],c1ccc(Oc2ccccc2)cc1,0.5306122448979591,q3,0.5172413793103448,139
solubility,4317,CCOc1ccc(C(=O)OCCNC(C)c2ccccc2)cc1,O=C(OCCNCc1ccccc1)c1ccccc1,0.4897959183673469,q3,0.4897959183673469,1
solubility,4320,CCOc1ccc(C2(C(=O)OC(C#N)c3cccc(Oc4ccccc4)c3)CC2(Cl)Cl)cc1,O=C(OCc1cccc(Oc2ccccc2)c1)C1(c2ccccc2)CC1,0.467741935483871,q3,0.467741935483871,1
solubility,4332,CCOc1ccc(NC(=O)c2cc3ccccc3cc2O)cc1,O=C(Nc1ccccc1)c1ccc2ccccc2c1,0.44999999999999996,q3,0.5,12
solubility,4351,CCOc1ccccc1C(=O)N(O)c1ccccc1,O=C(Nc1ccccc1)c1ccccc1,0.5121951219512195,q3,0.4941860465116279,46
solubility,4352,CCOc1ccccc1NC(=O)C(=O)Nc1ccc(CCCCCCCCCC(C)C)cc1,O=C(Nc1ccccc1)C(=O)Nc1ccccc1,0.5800000000000001,q3,0.5042857142857143,2
solubility,4353,CCOc1ccccc1NC(=O)C(=O)Nc1ccccc1CC,O=C(Nc1ccccc1)C(=O)Nc1ccccc1,0.4285714285714286,q3,0.5042857142857143,2
solubility,4354,CCOc1ccccc1NC(=O)C1=Cc2ccccc2/C(=N\Nc2ccc(C(N)=O)cc2)C1=O,O=C(Nc1ccccc1)C1=Cc2ccccc2C(=NNc2ccccc2)C1=O,0.430379746835443,q2,0.31997863247863245,10
solubility,4355,CCOc1ccccc1NC(=O)c1cc2ccccc2cc1O,O=C(Nc1ccccc1)c1ccc2ccccc2c1,0.55,q3,0.5,12
solubility,4362,CCOc1nc(OCC)nc(OCC)n1,c1ncncn1,0.52,q4,0.6341463414634146,45
solubility,4371,CCS(=O)(=O)CI,acyclic:CCS(=O)(=O)CI,0.46153846153846156,q3,0.46153846153846156,1
solubility,4376,CCS(=O)(=O)c1nnc(N(C)C(=O)NC)s1,c1nncs1,0.5957446808510638,q4,0.5711279461279462,10
solubility,4380,CCSC,acyclic:CCSC,0.5454545454545454,q3,0.5454545454545454,1
solubility,4383,CCSC(=O)N(CC)C1CCCCC1,C1CCCCC1,0.5357142857142857,q4,0.6046511627906976,117
solubility,4398,CCSS(=O)(=O)CC,acyclic:CCSS(=O)(=O)CC,0.625,q4,0.625,1
solubility,4401,CCSc1nc(NC(C)C)nc(NC(C)C)n1,c1ncncn1,0.631578947368421,q4,0.6341463414634146,45
solubility,4403,CC[C@@H](C)[C@H](N)C(=O)O,acyclic:CC[C@@H](C)[C@H](N)C(=O)O,0.0,q1,0.0,1
solubility,4407,CC[C@@H]1CCCCN1,C1CCNCC1,0.6666666666666667,q4,0.58125,20
solubility,4419,CC[N+](=O)[O-],acyclic:CC[N+](=O)[O-],0.5,q3,0.5,1
solubility,4422,CC[N+](CC)(CC)CC.O=S(=O)([O-])C(F)(F)C(F)(F)C(F)(F)C(F)(F)C(F)(F)C(F)(F)C(F)(F)C(F)(F)F,acyclic:CC[N+](CC)(CC)CC.O=S(=O)([O-])C(F)(F)C(F)(F)C(F)(F)C(F)(F)C(F)(F)C(F)(F)C(F)(F)C(F)(F)F,0.6,q4,0.6,1
solubility,4434,CC[n+]1c(-c2ccccc2)c2cc(N)ccc2c2ccc(N)cc21.[Br-],c1ccc(-c2[nH+]c3ccccc3c3ccccc23)cc1,0.7111111111111111,q4,0.7111111111111111,1
solubility,4435,CCc1[nH]c(=O)[nH]c1C(=O)c1ccncc1,O=C(c1ccncc1)c1c[nH]c(=O)[nH]1,0.6052631578947368,q4,0.6052631578947368,1
solubility,4448,CCc1cc(N/N=C2/C(=O)C=Cc3ccccc32)c(S(=O)(=O)[O-])cc1Cl.CCc1cc(N/N=C2/C(=O)C=Cc3ccccc32)c(S(=O)(=O)[O-])cc1Cl.[Ba+2],O=C1C=Cc2ccccc2C1=NNc1ccccc1.O=C1C=Cc2ccccc2C1=NNc1ccccc1,0.4035087719298246,q2,0.33333333333333337,3
solubility,4471,CCc1cccc2c3c([nH]c12)C(CC)(CC(=O)O)OCC3,c1ccc2c3c([nH]c2c1)COCC3,0.6842105263157895,q4,0.6842105263157895,1
solubility,4484,CCc1cnc(C2=NC(C)(C(C)C)C(=O)N2)c(C(=O)O)c1,O=C1CN=C(c2ccccn2)N1,0.4444444444444444,q2,0.42810457516339867,4
solubility,4486,CCc1nc2[nH]c(=O)nc(N)c2nc1CC,O=c1ncc2nccnc2[nH]1,0.47058823529411764,q3,0.4852941176470588,4
solubility,4487,CCc1nc2c(c(=O)n(C)c(=O)n2C)n1C,O=c1[nH]c(=O)c2[nH]cnc2[nH]1,0.5128205128205128,q4,0.5675675675675675,39
solubility,4502,CCn1c(=O)c2c(ncn2C)n(C)c1=O,O=c1[nH]c(=O)c2[nH]cnc2[nH]1,0.5897435897435898,q4,0.5675675675675675,39
solubility,4504,CCn1c(O)c(N=Nc2ccc(S(=O)(=O)c3ccc(N=Nc4c(C)c(CS(=O)(=O)[O-])c(=O)n(CC)c4O)cc3)cc2)c(C)c(CS(=O)(=O)[O-])c1=O.[Na+].[Na+],O=c1ccc(N=Nc2ccc(S(=O)(=O)c3ccc(N=Nc4ccc(=O)[nH]c4)cc3)cc2)c[nH]1,0.6103896103896104,q4,0.6103896103896104,1
solubility,4506,CCn1cc(C(=O)O)c(=O)c2cc(F)c(N3CCN(C)CC3)cc21,O=c1cc[nH]c2cc(N3CCNCC3)ccc12,0.34545454545454546,q2,0.3512987012987013,8
solubility,4507,CCn1cc(C(=O)O)c(=O)c2cc(F)c(N3CCNC(C)C3)c(F)c21,O=c1cc[nH]c2cc(N3CCNCC3)ccc12,0.47619047619047616,q2,0.3512987012987013,8
solubility,4508,CCn1cc(C(=O)O)c(=O)c2cc(F)c(N3CCNCC3)cc21,O=c1cc[nH]c2cc(N3CCNCC3)ccc12,0.33333333333333337,q2,0.3512987012987013,8
solubility,4512,CCn1cc(C(=O)O)c(=O)c2cnc(N3CCNCC3)nc21,O=c1cc[nH]c2nc(N3CCNCC3)ncc12,0.3571428571428571,q2,0.3571428571428571,1
solubility,4518,CCn1cnc2c1c(=O)n(C)c(=O)n2C,O=c1[nH]c(=O)c2[nH]cnc2[nH]1,0.5526315789473684,q4,0.5675675675675675,39
solubility,4529,CN(C(=S)SSC(=S)N(C)c1ccccc1)c1ccccc1,S=C(Nc1ccccc1)SSC(=S)Nc1ccccc1,0.4814814814814815,q3,0.4814814814814815,1
solubility,4539,CN(C)C(=O)COC(=O)C1CCn2c(C(=O)c3ccccc3)ccc21,O=C(c1ccccc1)c1ccc2n1CCC2,0.54,q4,0.5918367346938775,3
solubility,4542,CN(C)C(=O)N(C(=O)c1ccccc1)c1ccc(Cl)c(Cl)c1,O=C(Nc1ccccc1)c1ccccc1,0.5555555555555556,q3,0.4941860465116279,46
solubility,4543,CN(C)C(=O)N(C)C,acyclic:CN(C)C(=O)N(C)C,0.46153846153846156,q3,0.46153846153846156,1
solubility,4545,CN(C)C(=O)NC1CCCCCCC1,C1CCCCCCC1,0.5555555555555556,q1,0.0,3
solubility,4546,CN(C)C(=O)NC[C@@]1(C)C[C@H](NC(=O)N(C)C)CC(C)(C)C1,C1CCCCC1,0.72,q4,0.6046511627906976,117
solubility,4551,CN(C)C(=O)Nc1ccc(Oc2ccc(Cl)cc2)cc1,c1ccc(Oc2ccccc2)cc1,0.1724137931034483,q3,0.5172413793103448,139
solubility,4565,CN(C)C(=S)SCCCS(=O)(=O)[O-].[Na+],acyclic:CN(C)C(=S)SCCCS(=O)(=O)[O-].[Na+],0.65625,q4,0.65625,1
solubility,4571,CN(C)C(CSS(=O)(=O)c1ccccc1)CSS(=O)(=O)c1ccccc1,O=S(=O)(SCCCSS(=O)(=O)c1ccccc1)c1ccccc1,0.5897435897435898,q4,0.5897435897435898,1
solubility,4572,CN(C)C(N)=O,acyclic:CN(C)C(N)=O,0.46153846153846156,q3,0.46153846153846156,1
solubility,4574,CN(C)C1C(O)=C(C(N)=O)C(=O)C2(O)C(O)=C3C(=O)c4c(O)ccc(Cl)c4C(C)(O)C3CC12,O=C1C2=CC3C(=O)C=CCC3CC2Cc2ccccc21,0.5394736842105263,q2,0.4414285714285714,8
solubility,4575,CN(C)C1C(O)=C(C(N)=O)C(=O)C2(O)C(O)=C3C(=O)c4c(O)ccc(Cl)c4C(O)C3CC12,O=C1C2=CC3C(=O)C=CCC3CC2Cc2ccccc21,0.43999999999999995,q2,0.4414285714285714,8
solubility,4576,CN(C)C1C(O)=C(C(N)=O)C(=O)C2(O)C(O)=C3C(=O)c4c(O)cccc4C(C)(O)C3C(O)C12,O=C1C2=CC3C(=O)C=CCC3CC2Cc2ccccc21,0.21311475409836067,q2,0.4414285714285714,8
solubility,4577,CN(C)C1C(O)=C(C(N)=O)C(=O)C2(O)C(O)=C3C(=O)c4c(O)cccc4C(C)(O)C3CC12,O=C1C2=CC3C(=O)C=CCC3CC2Cc2ccccc21,0.4347826086956522,q2,0.4414285714285714,8
solubility,4578,CN(C)C1C(O)=CC(=O)C2(O)C(O)=C3C(=O)c4ccccc4C(C)(O)C3CC12,O=C1C2=CC3C(=O)C=CCC3CC2Cc2ccccc21,0.5774647887323944,q2,0.4414285714285714,8
solubility,4580,CN(C)C1CCCCC1,C1CCCCC1,0.4285714285714286,q4,0.6046511627906976,117
solubility,4586,CN(C)CC/C=C1\c2ccccc2COc2ccccc21,C=C1c2ccccc2COc2ccccc21,0.29729729729729726,q2,0.29729729729729726,2
solubility,4589,CN(C)CCC=C1c2ccccc2COc2ccccc21,C=C1c2ccccc2COc2ccccc21,0.29729729729729726,q2,0.29729729729729726,2
solubility,4596,CN(C)CCCNC1CC(C)(C)NC(C)(C)C1,C1CCNCC1,0.30000000000000004,q4,0.58125,20
solubility,4599,CN(C)CCCO,acyclic:CN(C)CCCO,0.375,q2,0.375,1
solubility,4603,CN(C)CCNC(=O)NC1CCCCC1,C1CCCCC1,0.6046511627906976,q4,0.6046511627906976,117
solubility,4607,CN(C)CCOCCN(C)CCO,acyclic:CN(C)CCOCCN(C)CCO,0.30434782608695654,q2,0.30434782608695654,1
solubility,4618,CN(C)N,acyclic:CN(C)N,0.5714285714285714,q4,0.5714285714285714,1
solubility,4625,CN(C)P(=O)(N(C)C)n1nc(-c2ccccc2)nc1N,c1ccc(-c2nc[nH]n2)cc1,0.631578947368421,q4,0.631578947368421,1
solubility,4628,CN(C)S(=O)(=O)N=c1sc(S(N)(=O)=O)nn1C,N=c1[nH]ncs1,0.4565217391304348,q3,0.46230342275670677,4
solubility,4629,CN(C)S(=O)(=O)Nc1nnc(S(N)(=O)=O)s1,c1nncs1,0.46153846153846156,q4,0.5711279461279462,10
solubility,4633,CN(C)[C@@H]1C(O)=C(C(N)=O)C(=O)[C@@]2(O)C(O)=C3C(=O)c4c(O)cccc4[C@@](C)(O)[C@H]3C[C@@H]12,O=C1C2=CC3C(=O)C=CCC3CC2Cc2ccccc21,0.4347826086956522,q2,0.4414285714285714,8
solubility,4634,CN(C)[P+](CC1CCCCC1)(N(C)C)N(C)C.F[B-](F)(F)F,C1CCCCC1,0.7,q4,0.6046511627906976,117
solubility,4647,CN(C)c1ccc(O)c2c1CC1CC3C(N(C)C)C(O)=C(C(N)=O)C(=O)C3(O)C(O)=C1C2=O,O=C1C2=CC3C(=O)C=CCC3CC2Cc2ccccc21,0.5949367088607596,q2,0.4414285714285714,8
solubility,4654,CN(C)c1nc(N(C)C)nc(N(C)C)n1,c1ncncn1,0.6538461538461539,q4,0.6341463414634146,45
solubility,4664,CN(CC(=O)NCCC(=O)Nc1nnc(S(N)(=O)=O)s1)C(=N)N,c1nncs1,0.5740740740740741,q4,0.5711279461279462,10
solubility,4665,CN(CC(=O)Nc1nnc(S(N)(=O)=O)s1)C(=N)N,c1nncs1,0.5106382978723405,q4,0.5711279461279462,10
solubility,4679,CN(CCO)S(=O)(=O)C(F)(F)C(F)(F)C(F)(F)C(F)(F)F,acyclic:CN(CCO)S(=O)(=O)C(F)(F)C(F)(F)C(F)(F)C(F)(F)F,0.4390243902439024,q2,0.4390243902439024,1
solubility,4680,CN(CCO)c1nc(Nc2ccccc2)nc(Nc2ccc(/C=C/c3ccc(Nc4nc(Nc5ccccc5)nc(N(C)CCO)n4)cc3S(=O)(=O)[O-])c(S(=O)(=O)[O-])c2)n1.[Na+].[Na+],C(=Cc1ccc(Nc2ncnc(Nc3ccccc3)n2)cc1)c1ccc(Nc2ncnc(Nc3ccccc3)n2)cc1,0.27450980392156865,q2,0.367756064690027,12
solubility,4681,CN(CCO)c1nc2c(c(=O)n(C)c(=O)n2C)n1C,O=c1[nH]c(=O)c2[nH]cnc2[nH]1,0.5869565217391304,q4,0.5675675675675675,39
solubility,4709,CN1C(C(=O)Nc2ccccn2)=C(O)c2ccccc2S1(=O)=O,O=C(Nc1ccccn1)C1=Cc2ccccc2S(=O)(=O)N1,0.2941176470588235,q1,0.2941176470588235,1
solubility,4716,CN1C2CCC1CC(OC(=O)C(CO)c1ccccc1)C2,O=C(Cc1ccccc1)OC1CC2CCC(C1)N2,0.30434782608695654,q2,0.30434782608695654,5
solubility,4717,CN1C2CCC1CC(OC(=O)C(COS(=O)(=O)O)c1ccccc1)C2,O=C(Cc1ccccc1)OC1CC2CCC(C1)N2,0.48,q2,0.30434782608695654,5
solubility,4718,CN1C2CCC1CC(OC(=O)C(O)c1ccccc1)C2,O=C(Cc1ccccc1)OC1CC2CCC(C1)N2,0.36585365853658536,q2,0.30434782608695654,5
solubility,4722,CN1C=CC=C/C1=C\[NH+]=O.[I-],C=C1C=CC=CN1,0.7837837837837838,q4,0.8085585585585586,2
solubility,4740,CN1CCCCC1,C1CCNCC1,0.41666666666666663,q4,0.58125,20
solubility,4746,CN1CCN(C2=Nc3ccccc3Oc3ccc(Cl)cc32)CC1,c1ccc2c(c1)N=C(N1CCNCC1)c1ccccc1O2,0.4423076923076923,q2,0.4423076923076923,1
solubility,4750,CN1CCN(c2c(F)cc3c(=O)c(C(=O)O)cn(CCF)c3c2F)CC1,O=c1cc[nH]c2cc(N3CCNCC3)ccc12,0.532258064516129,q2,0.3512987012987013,8
solubility,4761,CN1[C@@H]2CC[C@H]1CC(OC(=O)[C@H](CO)c1ccccc1)C2,O=C(Cc1ccccc1)OC1CC2CCC(C1)N2,0.30434782608695654,q2,0.30434782608695654,5
solubility,4762,CN1[C@@H]2CC[C@H]1C[C@@H](OC(=O)C(CO)c1ccccc1)C2,O=C(Cc1ccccc1)OC1CC2CCC(C1)N2,0.30434782608695654,q2,0.30434782608695654,5
solubility,4767,CN=C(NC#N)NCCSCc1nc[nH]c1C,c1c[nH]cn1,0.7777777777777778,q4,0.653167602245389,28
solubility,4769,CN=C(NCC1CCOC1)N[N+](=O)[O-],C1CCOC1,0.7454545454545455,q3,0.5294117647058824,17
solubility,4770,CN=C(SC)N(C)C,acyclic:CN=C(SC)N(C)C,0.7391304347826086,q4,0.7391304347826086,1
solubility,4771,CN=C1CN(O)C(c2ccccc2)=c2cc(Cl)ccc2=N1,N=C1CNC(c2ccccc2)=c2ccccc2=N1,0.5,q3,0.5,1
solubility,4772,CN=C=S,acyclic:CN=C=S,0.7,q4,0.7,1
solubility,4775,CNC(=O)/C(=N\OC)c1ccccc1Oc1ccccc1,c1ccc(Oc2ccccc2)cc1,0.5925925925925926,q3,0.5172413793103448,139
solubility,4787,CNC(=O)N(C)c1nnc(C(C)(C)C)s1,c1nncs1,0.5681818181818181,q4,0.5711279461279462,10
solubility,4788,CNC(=O)N(C)c1nnc(C(C)(C)CCl)s1,c1nncs1,0.6122448979591837,q4,0.5711279461279462,10
solubility,4789,CNC(=O)N(C)c1nnc(C(F)(F)F)s1,c1nncs1,0.5777777777777777,q4,0.5711279461279462,10
solubility,4791,CNC(=O)NC,acyclic:CNC(=O)NC,0.46153846153846156,q3,0.46153846153846156,1
solubility,4795,CNC(=O)O/N=C(/C)C(C)SC,acyclic:CNC(=O)O/N=C(/C)C(C)SC,0.4285714285714286,q2,0.4285714285714286,1
solubility,4800,CNC(=O)O/N=C(\SC)C(=O)N(C)C,acyclic:CNC(=O)O/N=C(\SC)C(=O)N(C)C,0.0,q1,0.0,1
solubility,4802,CNC(=O)O/N=C/C(C)(C)S(C)=O,acyclic:CNC(=O)O/N=C/C(C)(C)S(C)=O,0.4285714285714286,q2,0.4285714285714286,1
solubility,4841,CNC(=S)NC1C(=O)NC(=O)NC1=O,O=C1CC(=O)NC(=O)N1,0.6538461538461539,q3,0.525,49
solubility,4842,CNC(=S)NN,acyclic:CNC(=S)NN,0.4,q2,0.4,1
solubility,4850,CNC.[Cl-].[H+],acyclic:CNC.[Cl-].[H+],0.33333333333333337,q2,0.33333333333333337,1
solubility,4856,CNC1CCCCC1,C1CCCCC1,0.6470588235294117,q4,0.6046511627906976,117
solubility,4857,CNC1CN(c2c(F)cc3c(=O)c(C(=O)O)cn(C4CC4)c3c2F)C1,O=c1ccn(C2CC2)c2cc(N3CCC3)ccc12,0.4590163934426229,q2,0.40983606557377045,18
solubility,4858,CNC1CN(c2c(F)cc3c(=O)c(C(=O)O)cn(C4CC4)c3c2F)C1C,O=c1ccn(C2CC2)c2cc(N3CCC3)ccc12,0.49230769230769234,q2,0.40983606557377045,18
solubility,4859,CNC1CN(c2cc3c(cc2F)c(=O)c(C(=O)O)cn3C2CC2)C1,O=c1ccn(C2CC2)c2cc(N3CCC3)ccc12,0.28301886792452835,q2,0.40983606557377045,18
solubility,4860,CNC1CN(c2cc3c(cc2F)c(=O)c(C(=O)O)cn3C2CC2)C1C,O=c1ccn(C2CC2)c2cc(N3CCC3)ccc12,0.3220338983050848,q2,0.40983606557377045,18
solubility,4873,CNCCO,acyclic:CNCCO,0.5333333333333333,q3,0.5333333333333333,1
solubility,4886,CNS(=O)(=O)c1cc(OC)c(N/N=C2\C(=O)C(C(=O)Nc3ccc4[nH]c(=O)[nH]c4c3)=Cc3ccccc32)cc1C,O=C(Nc1ccc2[nH]c(=O)[nH]c2c1)C1=Cc2ccccc2C(=NNc2ccccc2)C1=O,0.30379746835443033,q2,0.294755877034358,4
solubility,4887,CNS(=O)(=O)c1cc(OC)c(N/N=C2\C(=O)C(C(=O)Nc3ccc4[nH]c(=O)[nH]c4c3)=Cc3ccccc32)cc1OC,O=C(Nc1ccc2[nH]c(=O)[nH]c2c1)C1=Cc2ccccc2C(=NNc2ccccc2)C1=O,0.2857142857142857,q2,0.294755877034358,4
solubility,4902,CNc1nc(Cl)nc(NC(C)C)n1,c1ncncn1,0.40625,q4,0.6341463414634146,45
solubility,4903,CNc1nc(NC(C)C)nc(OC)n1,c1ncncn1,0.641025641025641,q4,0.6341463414634146,45
solubility,4904,CNc1nc(NC(C)C)nc(SC)n1,c1ncncn1,0.641025641025641,q4,0.6341463414634146,45
solubility,4907,CNn1cc(C(=O)O)c(=O)c2cc(F)c(N3CCN(C)CC3)cc21,O=c1cc[nH]c2cc(N3CCNCC3)ccc12,0.33333333333333337,q2,0.3512987012987013,8
solubility,4909,CO/C=C(/C(=O)OC)c1ccccc1Oc1cc(Oc2ccccc2C#N)ncn1,c1ccc(Oc2cc(Oc3ccccc3)ncn2)cc1,0.7058823529411764,q4,0.7058823529411764,1
solubility,4915,COC(/C=C\C(OC)OC)OC,acyclic:COC(/C=C\C(OC)OC)OC,0.6428571428571428,q4,0.6428571428571428,1
solubility,4926,COC(=O)C(C)N(C(=O)c1ccccc1)c1ccc(F)c(Cl)c1,O=C(Nc1ccccc1)c1ccccc1,0.5740740740740741,q3,0.4941860465116279,46
solubility,4930,COC(=O)C(C)Oc1ccc(Oc2ccc(Cl)cc2Cl)cc1,c1ccc(Oc2ccccc2)cc1,0.4651162790697675,q3,0.5172413793103448,139
solubility,4942,COC(=O)C1(S(=O)(=O)c2ccc(Br)cc2)CCC1,O=S(=O)(c1ccccc1)C1CCC1,0.11764705882352944,q1,0.11596638655462188,6
solubility,4943,COC(=O)C1(S(=O)(=O)c2ccc(Br)cc2)CCCC1,O=S(=O)(c1ccccc1)C1CCCC1,0.11764705882352944,q1,0.1143790849673203,4
solubility,4944,COC(=O)C1(S(=O)(=O)c2ccc(Br)cc2)CCCCC1,O=S(=O)(c1ccccc1)C1CCCCC1,0.1428571428571429,q1,0.1428571428571429,5
solubility,4946,COC(=O)C1(S(=O)(=O)c2ccc(C)cc2)CCCCC1,O=S(=O)(c1ccccc1)C1CCCCC1,0.1470588235294118,q1,0.1428571428571429,5
solubility,4948,COC(=O)C1(S(=O)(=O)c2ccc(Cl)cc2)CCC1,O=S(=O)(c1ccccc1)C1CCC1,0.11764705882352944,q1,0.11596638655462188,6
solubility,4951,COC(=O)C1(S(=O)(=O)c2ccccc2)CCC1,O=S(=O)(c1ccccc1)C1CCC1,0.125,q1,0.11596638655462188,6
solubility,4952,COC(=O)C1(S(=O)(=O)c2ccccc2)CCCC1,O=S(=O)(c1ccccc1)C1CCCC1,0.125,q1,0.1143790849673203,4
solubility,4953,COC(=O)C1(S(=O)(=O)c2ccccc2)CCCCC1,O=S(=O)(c1ccccc1)C1CCCCC1,0.1515151515151515,q1,0.1428571428571429,5
solubility,4954,COC(=O)C1=C(C)NC(C)=C(C(=O)OC)C1c1ccccc1[N+](=O)[O-],C1=CC(c2ccccc2)C=CN1,0.5319148936170213,q3,0.5003324468085106,2
solubility,4966,COC(=O)C1CCC(C(=O)OC)CC1,C1CCCCC1,0.5517241379310345,q4,0.6046511627906976,117
solubility,4971,COC(=O)CC(=O)OC,acyclic:COC(=O)CC(=O)OC,0.3125,q2,0.3125,1
solubility,4974,COC(=O)CCC(=O)OC,acyclic:COC(=O)CCC(=O)OC,0.25,q1,0.25,1
solubility,4995,COC(=O)N(C)C(=O)CSP(C)(=S)OC,acyclic:COC(=O)N(C)C(=O)CSP(C)(=S)OC,0.525,q3,0.525,1
solubility,4998,COC(=O)Nc1cccc(OC(=O)Nc2cccc(C)c2)c1,O=C(Nc1ccccc1)Oc1ccccc1,0.42105263157894735,q3,0.4782608695652174,3
solubility,5004,COC(=O)[C@@H](C)N(C(=O)c1ccccc1)c1ccc(F)c(Cl)c1,O=C(Nc1ccccc1)c1ccccc1,0.5740740740740741,q3,0.4941860465116279,46
solubility,5025,COC(=O)c1cc(Oc2ccc(Cl)cc2Cl)ccc1[N+](=O)[O-],c1ccc(Oc2ccccc2)cc1,0.5319148936170213,q3,0.5172413793103448,139
solubility,5031,COC(=O)c1ccc(C(=O)Nc2cc(Cl)ccc2Cl)cc1[N+](=O)[O-],O=C(Nc1ccccc1)c1ccccc1,0.3913043478260869,q3,0.4941860465116279,46
solubility,5044,COC(=O)c1ccc(NC(=O)c2cc(Cl)ccc2Cl)cc1N,O=C(Nc1ccccc1)c1ccccc1,0.4883720930232558,q3,0.4941860465116279,46
solubility,5068,COC(=O)c1ccccc1S(=O)(=O)NC(=O)Nc1nc(C)cc(C)n1,O=C(Nc1ncccn1)NS(=O)(=O)c1ccccc1,0.2857142857142857,q2,0.390625,3
solubility,5070,COC(=O)c1ccccc1S(=O)(=O)NC(=O)Nc1nc(OC(F)F)cc(OC(F)F)n1,O=C(Nc1ncccn1)NS(=O)(=O)c1ccccc1,0.3928571428571429,q2,0.390625,3
solubility,5079,COC(=O)n1cnc2c1c(=O)n(C)c(=O)n2C,O=c1[nH]c(=O)c2[nH]cnc2[nH]1,0.6,q4,0.5675675675675675,39
solubility,5086,COC(C)(C)CCOC(C)=O,acyclic:COC(C)(C)CCOC(C)=O,0.48,q3,0.48,1
solubility,5088,COC(C)C,acyclic:COC(C)C,0.4545454545454546,q3,0.4545454545454546,1
solubility,5089,COC(C)C(C)Cl,acyclic:COC(C)C(C)Cl,0.5714285714285714,q4,0.5714285714285714,1
solubility,5090,COC(C)C(N)C(=O)O,acyclic:COC(C)C(N)C(=O)O,0.4545454545454546,q3,0.4545454545454546,1
solubility,5092,COC(C)CCOC(C)=O,acyclic:COC(C)CCOC(C)=O,0.36,q2,0.36,1
solubility,5093,COC(C)COC(C)CO,acyclic:COC(C)COC(C)CO,0.3913043478260869,q2,0.3913043478260869,1
solubility,5097,COC(CN(C)C(=O)Nc1nnc(C(C)(C)C)s1)OC,c1nncs1,0.6785714285714286,q4,0.5711279461279462,10
solubility,5103,COC([CH2][Hg+])CNC(N)=O.[Cl-],acyclic:COC([CH2][Hg+])CNC(N)=O.[Cl-],0.6785714285714286,q4,0.6785714285714286,1
solubility,5104,COC/C(=N/OCC(=O)OC)c1cc(Oc2ccc(C(F)(F)F)cc2Cl)ccc1[N+](=O)[O-],c1ccc(Oc2ccccc2)cc1,0.6190476190476191,q3,0.5172413793103448,139
solubility,5108,COC1=C(C(=O)O)N2C(=O)C(NC(=O)C(N)C3=CCC=CC3)C2SC1,O=C(CC1=CCC=CC1)NC1C(=O)N2C=CCSC12,0.4696969696969697,q2,0.3986415882967607,2
solubility,5121,COC1C(O)[C@@H](O[C@H]2CC[C@]3(C=O)C4CC[C@]5(C)[C@@H](C6=CC(=O)OC6)CC[C@]5(O)C4CC[C@@H]3C2)OC(C)[C@H]1O,O=C1C=C(C2CCC3C2CCC2C4CCC(OC5CCCCO5)CC4CCC23)CO1,0.3928571428571429,q2,0.3928571428571429,1
solubility,5122,COC1C(O)[C@H](O[C@H]2CC[C@]3(C)C4CC[C@]5(C)[C@@H](C6=CC(=O)OC6)CC[C@]5(O)C4CC[C@]3(O)C2)OC(CO[C@@H]2C(O)C[C@@H](O)OC2C)[C@H]1O,O=C1C=C(C2CCC3C2CCC2C4CCC(OC5CCCC(COC6CCCOC6)O5)CC4CCC23)CO1,0.4731182795698925,q3,0.4731182795698925,1
solubility,5123,COC1CC(C)CCC1C(C)C,C1CCCCC1,0.6923076923076923,q4,0.6046511627906976,117
solubility,5132,COC1OC(COS(=O)(=O)c2ccc(C)cc2)C2OC(C)(C)OC12,O=S(=O)(OCC1OCC2OCOC21)c1ccccc1,0.6909090909090909,q4,0.6909090909090909,1
solubility,5135,COCC(=O)N(c1c(C)cccc1C)N1CCOC1=O,O=C1OCCN1Nc1ccccc1,0.5576923076923077,q3,0.5576923076923077,1
solubility,5136,COCC(=O)O,acyclic:COCC(=O)O,0.47058823529411764,q3,0.47058823529411764,1
solubility,5142,COCC(C)OC(C)=O,acyclic:COCC(C)OC(C)=O,0.33333333333333337,q2,0.33333333333333337,1
solubility,5154,COCCCNc1nc(NC(C)C)nc(SC)n1,c1ncncn1,0.7142857142857143,q4,0.6341463414634146,45
solubility,5155,COCCCNc1nc(NCCCOC)nc(SC)n1,c1ncncn1,0.71875,q4,0.6341463414634146,45
solubility,5160,COCCNC(=O)C(NC(=O)C(Cc1cc(OC)c(OC)c(OC)c1)CC(O)C(Cc1ccccc1)NC(=O)OC(C)(C)C)C(C)C,c1ccc(CCCCCCc2ccccc2)cc1,0.6310679611650485,q4,0.6310679611650485,1
solubility,5163,COCCOC,acyclic:COCCOC,0.2727272727272727,q1,0.2727272727272727,1
solubility,5182,COCOc1ccc2c3c1OC1C(O)CCC4C(C2)N(C)CCC341,c1cc2c3c(c1)OC1CCCC4C(C2)NCCC314,0.43939393939393945,q2,0.3384615384615385,3
solubility,5191,COCc1cnc(C2=NC(C)(C(C)C)C(=O)N2)c(C(=O)O)c1,O=C1CN=C(c2ccccn2)N1,0.4736842105263158,q2,0.42810457516339867,4
solubility,5199,COP(=O)(CCC(=O)NCO)OC,acyclic:COP(=O)(CCC(=O)NCO)OC,0.6363636363636364,q4,0.6363636363636364,1
solubility,5210,COP(=O)(OC)OC1=C(Cl)C2C=CCC12,C1=CC2C=CC2C1,0.7073170731707317,q4,0.7036585365853658,2
solubility,5211,COP(=O)(OC)OC1=C(Cl)CC2C=CC12,C1=CC2C=CC2C1,0.7,q4,0.7036585365853658,2
solubility,5223,COP(=S)(OC)Oc1ccc(Sc2ccc(OP(=S)(OC)OC)cc2)cc1,c1ccc(Sc2ccccc2)cc1,0.4375,q3,0.4736842105263158,7
solubility,5234,COP(=S)(OC)SCc1nc(N)nc(N)n1,c1ncncn1,0.6,q4,0.6341463414634146,45
solubility,5251,CO[SiH](CC1CCCCC1)OC,C1CCCCC1,0.64,q4,0.6046511627906976,117
solubility,5318,COc1cc(N=Nc2cc(S(=O)(=O)[O-])cc3cc(S(=O)(=O)[O-])cc(O)c23)c(C)cc1NC(=O)Nc1cc(C)c(N=Nc2cc(S(=O)(=O)[O-])cc3cc(S(=O)(=O)[O-])cc(O)c23)cc1OC.[Na+].[Na+].[Na+].[Na+],O=C(Nc1ccc(N=Nc2cccc3ccccc23)cc1)Nc1ccc(N=Nc2cccc3ccccc23)cc1,0.5057471264367817,q3,0.5057471264367817,1
solubility,5320,COc1cc(N=Nc2ccc([N+](=O)[O-])cc2)ccc1NN=C1C=CC(=O)C=C1,O=C1C=CC(=NNc2ccc(N=Nc3ccccc3)cc2)C=C1,0.4693877551020408,q3,0.5601655756642279,2
solubility,5327,COc1cc(NC(=O)c2cc3ccccc3cc2O)c(OC)cc1Cl,O=C(Nc1ccccc1)c1ccc2ccccc2c1,0.5,q3,0.5,12
solubility,5329,COc1cc(NS(=O)(=O)c2ccc(C)cc2)c2c(c1N)C(=O)c1ccccc1C2=O,O=C1c2ccccc2C(=O)c2c(NS(=O)(=O)c3ccccc3)cccc21,0.4347826086956522,q2,0.4150657229524773,2
solubility,5332,COc1cc(NS(=O)(=O)c2ccccc2)c2c(c1N)C(=O)c1ccccc1C2=O,O=C1c2ccccc2C(=O)c2c(NS(=O)(=O)c3ccccc3)cccc21,0.39534883720930236,q2,0.4150657229524773,2
solubility,5335,COc1cc(O)c(CC=C(C)C)c2c1C(=O)CC(c1ccc(O)cc1)O2,O=C1CC(c2ccccc2)Oc2ccccc21,0.6144578313253012,q4,0.5833333333333333,3
solubility,5338,COc1cc(OC)c(NC(=O)c2cc3ccccc3cc2O)cc1Cl,O=C(Nc1ccccc1)c1ccc2ccccc2c1,0.56,q3,0.5,12
solubility,5341,COc1cc(OC)cc(C(=O)N(O)c2cccc(C)c2)c1,O=C(Nc1ccccc1)c1ccccc1,0.5777777777777777,q3,0.4941860465116279,46
solubility,5342,COc1cc(OC)cc(C(=O)N(O)c2ccccc2)c1,O=C(Nc1ccccc1)c1ccccc1,0.5405405405405406,q3,0.4941860465116279,46
solubility,5343,COc1cc(OC)cc(C(=O)N(O)c2ccccc2C)c1,O=C(Nc1ccccc1)c1ccccc1,0.6097560975609756,q3,0.4941860465116279,46
solubility,5350,COc1cc(Oc2ccc(Cl)cc2Cl)ccc1[N+](=O)[O-],c1ccc(Oc2ccccc2)cc1,0.46341463414634143,q3,0.5172413793103448,139
solubility,5351,COc1cc(S(=O)(=O)CCOS(=O)(=O)[O-])c(C)cc1N=NC1C(=O)N(c2ccc(S(=O)(=O)[O-])cc2)N=C1C.[Na+].[Na+],O=C1C(N=Nc2ccccc2)C=NN1c1ccccc1,0.5128205128205128,q3,0.484375,10
solubility,5352,COc1cc(S(=O)(=O)CCOS(=O)(=O)[O-])c(OC)cc1N=NC1C(=O)N(c2ccc(S(=O)(=O)[O-])cc2)N=C1C.[Na+].[Na+],O=C1C(N=Nc2ccccc2)C=NN1c1ccccc1,0.5194805194805194,q3,0.484375,10
solubility,5387,COc1ccc(C(=O)CC(=O)c2ccc(C(C)(C)C)cc2)cc1,O=C(CC(=O)c1ccccc1)c1ccccc1,0.4242424242424242,q2,0.33116883116883117,2
solubility,5394,COc1ccc(C(=O)Nc2ccc(C(N)=O)cc2)cc1[N+](=O)[O-],O=C(Nc1ccccc1)c1ccccc1,0.40909090909090906,q3,0.4941860465116279,46
solubility,5395,COc1ccc(C(=O)Nc2ccccc2)cc1N,O=C(Nc1ccccc1)c1ccccc1,0.5531914893617021,q3,0.4941860465116279,46
solubility,5399,COc1ccc(C(=O)Nc2ccccc2)cc1[N+](=O)[O-],O=C(Nc1ccccc1)c1ccccc1,0.3414634146341463,q3,0.4941860465116279,46
solubility,5406,COc1ccc(C(=O)c2coc(S(N)(=O)=O)c2)cc1,O=C(c1ccccc1)c1ccoc1,0.41860465116279066,q2,0.41860465116279066,1
solubility,5418,COc1ccc(C2Sc3ccccc3N(CCN(C)C)C(=O)C2OC(C)=O)cc1,O=C1CC(c2ccccc2)Sc2ccccc2N1,0.6428571428571428,q4,0.6428571428571428,2
solubility,5442,COc1ccc(Cn2cc(F)c(=O)[nH]c2=O)cc1,O=c1ccn(Cc2ccccc2)c(=O)[nH]1,0.5227272727272727,q3,0.5174611973392461,6
solubility,5454,COc1ccc(NC(=O)C2=Cc3ccccc3/C(=N/Nc3cc(C(=O)Nc4cccc(S(=O)(=O)[O-])c4)ccc3C)C2=O)cc1.COc1ccc(NC(=O)C2=Cc3ccccc3/C(=N/Nc3cc(C(=O)Nc4cccc(S(=O)(=O)[O-])c4)ccc3C)C2=O)cc1.[Ca+2],O=C(Nc1ccccc1)C1=Cc2ccccc2C(=NNc2cccc(C(=O)Nc3ccccc3)c2)C1=O.O=C(Nc1ccccc1)C1=Cc2ccccc2C(=NNc2cccc(C(=O)Nc3ccccc3)c2)C1=O,0.3780487804878049,q2,0.3780487804878049,1
solubility,5455,COc1ccc(NC(=O)C2CC2)cn1,O=C(Nc1cccnc1)C1CC1,0.6585365853658536,q4,0.6585365853658536,1
solubility,5458,COc1ccc(NC(=O)c2cc3ccccc3cc2O)cc1,O=C(Nc1ccccc1)c1ccc2ccccc2c1,0.4722222222222222,q3,0.5,12
solubility,5475,COc1ccc(Oc2ccc(NC(=O)N(C)C)cc2)cc1,c1ccc(Oc2ccccc2)cc1,0.3870967741935484,q3,0.5172413793103448,139
solubility,5477,COc1ccc(S(=O)(=O)N=c2sc(S(N)(=O)=O)nn2C)cc1,O=S(=O)(N=c1[nH]ncs1)c1ccccc1,0.4807692307692307,q3,0.46225071225071224,16
solubility,5482,COc1ccc(S(=O)(=O)c2csc(S(N)(=O)=O)c2)cc1,O=S(=O)(c1ccccc1)c1ccsc1,0.41860465116279066,q2,0.4272510435301133,8
solubility,5485,COc1ccc([C@@H]2Sc3ccccc3N(CCN(C)C)C(=O)[C@@H]2OC(C)=O)cc1,O=C1CC(c2ccccc2)Sc2ccccc2N1,0.6428571428571428,q4,0.6428571428571428,2
solubility,5501,COc1ccc2c(c1)[nH]c1c(C)nccc12,c1ccc2c(c1)[nH]c1cnccc12,0.6097560975609756,q3,0.5357142857142857,3
solubility,5513,COc1ccc2c3c1OC1C(O)CCC4C(C2)N(C)CCC341,c1cc2c3c(c1)OC1CCCC4C(C2)NCCC314,0.33333333333333337,q2,0.3384615384615385,3
solubility,5515,COc1ccc2c3c1OC1C(OC(C)=O)CCC4C(C2)N(C)CCC341,c1cc2c3c(c1)OC1CCCC4C(C2)NCCC314,0.3384615384615385,q2,0.3384615384615385,3
solubility,5522,COc1ccc2cc(C(C)C(=O)OC3CCCCC3=O)ccc2c1,O=C(Cc1ccc2ccccc2c1)OC1CCCCC1=O,0.42553191489361697,q2,0.42553191489361697,1
solubility,5523,COc1ccc2cc(C(C)C(=O)OC3CCCCC3O)ccc2c1,O=C(Cc1ccc2ccccc2c1)OC1CCCCC1,0.33333333333333337,q2,0.33333333333333337,1
solubility,5534,COc1ccc2cc(C(C)C(=O)OCCCCN3CCOCC3)ccc2c1,O=C(Cc1ccc2ccccc2c1)OCCCCN1CCOCC1,0.196078431372549,q1,0.196078431372549,1
solubility,5557,COc1cccc(N(C)C(=S)Oc2cccc(C(C)(C)C)c2)n1,S=C(Nc1ccccn1)Oc1ccccc1,0.6956521739130435,q4,0.6956521739130435,1
solubility,5574,COc1ccccc1NC(=O)C1=Cc2ccccc2/C(=N/Nc2ccc(C(N)=O)cc2)C1=O,O=C(Nc1ccccc1)C1=Cc2ccccc2C(=NNc2ccccc2)C1=O,0.3194444444444444,q2,0.31997863247863245,10
solubility,5575,COc1ccccc1NC(=O)C1=Cc2ccccc2/C(=N\Nc2cc(Cl)ccc2Cl)C1=O,O=C(Nc1ccccc1)C1=Cc2ccccc2C(=NNc2ccccc2)C1=O,0.20895522388059706,q2,0.31997863247863245,10
solubility,5577,COc1ccccc1NC(=O)c1cc2ccccc2cc1[O-].[Na+],O=C(Nc1ccccc1)c1ccc2ccccc2c1,0.5333333333333333,q3,0.5,12
solubility,5593,COc1nc(NC(C)C)nc(NC(C)C)n1,c1ncncn1,0.6,q4,0.6341463414634146,45
solubility,5594,COc1nc(Nc2ccccc2)nc(Nc2ccc(/C=C/c3ccc(Nc4nc(Nc5ccccc5)nc(OC)n4)cc3S(=O)(=O)[O-])c(S(=O)(=O)[O-])c2)n1.[Na+].[Na+],C(=Cc1ccc(Nc2ncnc(Nc3ccccc3)n2)cc1)c1ccc(Nc2ncnc(Nc3ccccc3)n2)cc1,0.1777777777777778,q2,0.367756064690027,12
solubility,5601,CP(=O)(F)OC1CCCCC1,C1CCCCC1,0.6,q4,0.6046511627906976,117
solubility,5602,CP(=O)(O)CCC(N)C(=O)[O-].[NH4+],acyclic:CP(=O)(O)CCC(N)C(=O)[O-].[NH4+],0.5,q3,0.5,1
solubility,5608,CS(=O)(=O)NS(=O)(=O)C1CCCCC1,C1CCCCC1,0.5416666666666667,q4,0.6046511627906976,117
solubility,5610,CS(=O)(=O)Nc1ccc([N+](=O)[O-])cc1Oc1ccccc1,c1ccc(Oc2ccccc2)cc1,0.574468085106383,q3,0.5172413793103448,139
solubility,5611,CS(=O)(=O)Nc1nnc(S(N)(=O)=O)s1,c1nncs1,0.41666666666666663,q4,0.5711279461279462,10
solubility,5620,CS(=O)(=O)c1ccc(C2=C(c3ccccc3)C(=O)OC2)cc1,O=C1OCC(c2ccccc2)=C1c1ccccc1,0.6,q4,0.6,1
solubility,5649,CSc1nc(N(C)C)nc(N(C)C)n1,c1ncncn1,0.6799999999999999,q4,0.6341463414634146,45
solubility,5650,CSc1nc(N=[N+]=[N-])nc(NC(C)C)n1,c1ncncn1,0.6956521739130435,q4,0.6341463414634146,45
solubility,5651,CSc1nc(NC(C)C)nc(NC(C)C)n1,c1ncncn1,0.6,q4,0.6341463414634146,45
solubility,5669,C[C@@H]1CCCC[C@@H]1C,C1CCCCC1,0.46153846153846156,q4,0.6046511627906976,117
solubility,5707,C[C@H]1CCCC[C@@H]1C,C1CCCCC1,0.46153846153846156,q4,0.6046511627906976,117
solubility,5718,C[C@]12CCC(=O)C=C1CC[C@@H]1[C@@H]2C(=O)C[C@@]2(C)[C@H]1CC[C@]2(O)C(=O)CO,O=C1C=C2CCC3C4CCCC4CC(=O)C3C2CC1,0.31034482758620685,q2,0.2980295566502463,4
solubility,5719,C[C@]12CCC(=O)C=C1CC[C@@H]1[C@@H]2C(=O)C[C@]2(C)C(=O)CC[C@@H]12,O=C1C=C2CCC3C4CCC(=O)C4CC(=O)C3C2CC1,0.4901960784313726,q3,0.4901960784313726,2
solubility,5723,C[C@]12CCC(=O)C=C1CC[C@@H]1[C@@H]2CC[C@]2(C)C(=O)CC(O)[C@@H]12,O=C1C=C2CCC3C4CCC(=O)C4CCC3C2CC1,0.375,q2,0.37228260869565216,6
solubility,5724,C[C@]12CCC(=O)C=C1CC[C@@H]1[C@@H]2CC[C@]2(C)C(=O)CC[C@@H]12,O=C1C=C2CCC3C4CCC(=O)C4CCC3C2CC1,0.32558139534883723,q2,0.37228260869565216,6
solubility,5730,C[C@]12CC[C@@H]3C4=C(CC[C@H]3[C@@H]1CC[C@@H]2O)CC(=O)CC4,O=C1CCC2=C(CCC3C2CCC2CCCC23)C1,0.3695652173913043,q2,0.3695652173913043,1
solubility,5738,C[C@]12CC[C@H]3[C@@H](CCC4=CC(=O)CC[C@@H]43)[C@@H]1CCC2=O,O=C1C=C2CCC3C4CCC(=O)C4CCC3C2CC1,0.3695652173913043,q2,0.37228260869565216,6
solubility,5746,C[N+](C)(C)C(Cc1cnc(S)[nH]1)C(=O)[O-],c1c[nH]cn1,0.7659574468085106,q4,0.653167602245389,28
solubility,5748,C[N+](C)(C)C.[Cl-],acyclic:C[N+](C)(C)C.[Cl-],0.33333333333333337,q2,0.33333333333333337,1
solubility,5753,C[N+](C)(C)CCO.[OH-],acyclic:C[N+](C)(C)CCO.[OH-],0.631578947368421,q4,0.631578947368421,1
solubility,5760,C[N+]1([O-])CCOCC1,C1COCC[NH2+]1,0.6875,q4,0.64375,2
solubility,5762,C[NH+]1CC[C@@]23c4c5ccc(O)c4OC2[C@H](O)C=C[C@@H]3[C@@H]1C5.C[NH+]1CC[C@@]23c4c5ccc(O)c4OC2[C@H](O)C=C[C@@H]3[C@@H]1C5.O=S(=O)([O-])[O-],C1=CC2C3Cc4cccc5c4C2(CC[NH2+]3)C(C1)O5.C1=CC2C3Cc4cccc5c4C2(CC[NH2+]3)C(C1)O5,0.43333333333333335,q2,0.43333333333333335,1
solubility,5763,C[NH3+].[Cl-],acyclic:C[NH3+].[Cl-],0.7,q4,0.7,1
solubility,5778,C[Si](C)(C)O[Si](C)(O[Si](C)(C)C)O[Si](C)(C)C,acyclic:C[Si](C)(C)O[Si](C)(O[Si](C)(C)C)O[Si](C)(C)C,0.36363636363636365,q2,0.36363636363636365,1
solubility,5779,C[Si](C)(C)O[Si](O[Si](C)(C)C)(O[Si](C)(C)C)O[Si](C)(C)C,acyclic:C[Si](C)(C)O[Si](O[Si](C)(C)C)(O[Si](C)(C)C)O[Si](C)(C)C,0.36363636363636365,q2,0.36363636363636365,1
solubility,5785,C[Si]([O-])(O)O.[K+],acyclic:C[Si]([O-])(O)O.[K+],0.5,q3,0.5,1
solubility,5798,Cc1[nH]cnc1CO,c1c[nH]cn1,0.6923076923076923,q4,0.653167602245389,28
solubility,5799,Cc1[nH]cnc1S(=O)(=O)O,c1c[nH]cn1,0.6774193548387097,q4,0.653167602245389,28
solubility,5819,Cc1c(Cl)ccc(OC(C)C(=O)Nc2ccccc2)c1Cl,O=C(COc1ccccc1)Nc1ccccc1,0.4893617021276596,q3,0.4893617021276596,1
solubility,5831,Cc1c(Nc2nc(Cl)nc(Nc3cccc(S(=O)(=O)[O-])c3)n2)c(C)c(S(=O)(=O)[O-])c(C)c1Nc1cc(S(=O)(=O)[O-])c(N)c2c1C(=O)c1ccccc1C2=O.[Na+].[Na+].[Na+],O=C1c2ccccc2C(=O)c2c(Nc3cccc(Nc4ncnc(Nc5ccccc5)n4)c3)cccc21,0.4696969696969697,q3,0.45782145782145783,2
solubility,5832,Cc1c(Nc2nc(Cl)nc(Nc3ccccc3S(=O)(=O)[O-])n2)c(C)c(S(=O)(=O)[O-])c(C)c1Nc1cc(S(=O)(=O)[O-])c(N)c2c1C(=O)c1ccccc1C2=O.[Na+].[Na+].[Na+],O=C1c2ccccc2C(=O)c2c(Nc3cccc(Nc4ncnc(Nc5ccccc5)n4)c3)cccc21,0.44594594594594594,q3,0.45782145782145783,2
solubility,5854,Cc1c[nH]c(=S)[nH]c1=O,O=c1cc[nH]c(=S)[nH]1,0.4,q2,0.4347826086956522,5
solubility,5860,Cc1cc(=O)[nH]c(=S)[nH]1,O=c1cc[nH]c(=S)[nH]1,0.41666666666666663,q2,0.4347826086956522,5
solubility,5862,Cc1cc(=O)c2ccccc2[nH]1,O=c1cc[nH]c2ccccc12,0.5161290322580645,q3,0.5384615384615384,3
solubility,5897,Cc1cc(C)c(S(=O)(=O)N=c2sc(S(N)(=O)=O)nn2C)c(C)c1,O=S(=O)(N=c1[nH]ncs1)c1ccccc1,0.4901960784313726,q3,0.46225071225071224,16
solubility,5917,Cc1cc(C)nc(NC(=O)NS(=O)(=O)c2ccccc2C(=O)OC2COC2)n1,O=C(Nc1ncccn1)NS(=O)(=O)c1ccccc1C(=O)OC1COC1,0.44999999999999996,q2,0.44999999999999996,1
solubility,5921,Cc1cc(C2(c3cc(C)c(O)c(Br)c3C(C)C)OS(=O)(=O)c3ccccc32)c(C(C)C)c(Br)c1O,O=S1(=O)OC(c2ccccc2)(c2ccccc2)c2ccccc21,0.7543859649122807,q4,0.6336032388663968,2
solubility,5923,Cc1cc(C2(c3ccc(O)c(C)c3)CCCCC2)ccc1O,c1ccc(C2(c3ccccc3)CCCCC2)cc1,0.5666666666666667,q4,0.5666666666666667,1
solubility,5925,Cc1cc(C2CCCCC2)n(O)c(=O)c1.NCCO,O=c1cccc(C2CCCCC2)[nH]1,0.5576923076923077,q3,0.5576923076923077,1
solubility,5964,Cc1cc(N)n(-c2ccccc2)n1,c1ccc(-n2cccn2)cc1,0.6486486486486487,q4,0.6346153846153846,7
solubility,5967,Cc1cc(N/N=C2\C(=O)C=Cc3ccccc32)c(S(=O)(=O)[O-])cc1Cl.Cc1cc(N/N=C2\C(=O)C=Cc3ccccc32)c(S(=O)(=O)[O-])cc1Cl.[Ba+2],O=C1C=Cc2ccccc2C1=NNc1ccccc1.O=C1C=Cc2ccccc2C1=NNc1ccccc1,0.33333333333333337,q2,0.33333333333333337,3
solubility,5968,Cc1cc(N/N=C2\C(=O)C=Cc3ccccc32)c(S(=O)(=O)[O-])cc1Cl.Cc1cc(N/N=C2\C(=O)C=Cc3ccccc32)c(S(=O)(=O)[O-])cc1Cl.[Sr+2],O=C1C=Cc2ccccc2C1=NNc1ccccc1.O=C1C=Cc2ccccc2C1=NNc1ccccc1,0.30508474576271183,q2,0.33333333333333337,3
solubility,5969,Cc1cc(N/N=C2\C=CC(=O)C(C(=O)[O-])=C2)c(OCCCS(=O)(=O)[O-])cc1N=Nc1ccc([N+](=O)[O-])cc1S(=O)(=O)[O-].[Na+].[Na+].[Na+],O=C1C=CC(=NNc2ccc(N=Nc3ccccc3)cc2)C=C1,0.6509433962264151,q3,0.5601655756642279,2
solubility,5970,Cc1cc(N=Nc2ccc(Nc3nc(N)nc(Cl)n3)c3c(S(=O)(=O)[O-])cccc23)c(C)cc1N=Nc1cc(S(=O)(=O)[O-])ccc1S(=O)(=O)[O-].[Na+].[Na+].[Na+],c1ccc(N=Nc2ccc(N=Nc3ccc(Nc4ncncn4)c4ccccc34)cc2)cc1,0.4444444444444444,q2,0.4444444444444444,1
solubility,5981,Cc1cc(O)c(C(C)(C)C)cc1Sc1cc(C(C)(C)C)c(O)cc1C,c1ccc(Sc2ccccc2)cc1,0.5,q3,0.4736842105263158,7
solubility,5985,Cc1cc(O)c(C2CCCCC2)cc1C(C[C@H](C)c1cc(C2CCCCC2)c(O)cc1C)c1cc(C2CCCCC2)c(O)cc1C,c1cc(CCC(c2cccc(C3CCCCC3)c2)c2cccc(C3CCCCC3)c2)cc(C2CCCCC2)c1,0.4772727272727273,q3,0.4772727272727273,1
solubility,6000,Cc1cc(OC(=O)N(C)C)n(-c2ccccc2)n1,c1ccc(-n2cccn2)cc1,0.41463414634146345,q4,0.6346153846153846,7
solubility,6002,Cc1cc(Oc2cc(C)cc(S(=O)(=O)[O-])c2)cc(S(=O)(=O)[O-])c1.[Na+].[Na+],c1ccc(Oc2ccccc2)cc1,0.5172413793103448,q3,0.5172413793103448,139
solubility,6013,Cc1cc([N+](=O)[O-])ccc1N/N=C1\C(=O)C(C(=O)Nc2ccccc2C)=Cc2ccccc21,O=C(Nc1ccccc1)C1=Cc2ccccc2C(=NNc2ccccc2)C1=O,0.3846153846153846,q2,0.31997863247863245,10
solubility,6032,Cc1ccc(-c2nc3ccccc3s2)cc1,c1ccc(-c2nc3ccccc3s2)cc1,0.5294117647058824,q3,0.46341463414634143,5
solubility,6036,Cc1ccc(C(=O)N(O)c2ccc(Cl)cc2)cc1,O=C(Nc1ccccc1)c1ccccc1,0.46875,q3,0.4941860465116279,46
solubility,6038,Cc1ccc(C(=O)Nc2ccc(S(=O)(=O)[O-])cc2)cc1N.[Na+],O=C(Nc1ccccc1)c1ccccc1,0.5,q3,0.4941860465116279,46
solubility,6039,Cc1ccc(C(=O)Nc2ccc(S(=O)(=O)[O-])cc2)cc1[N+](=O)[O-].[Na+],O=C(Nc1ccccc1)c1ccccc1,0.4772727272727273,q3,0.4941860465116279,46
solubility,6081,Cc1ccc(Cl)cc1NC(=O)c1cc2ccccc2cc1O,O=C(Nc1ccccc1)c1ccc2ccccc2c1,0.5609756097560976,q3,0.5,12
solubility,6083,Cc1ccc(Cn2cc(F)c(=O)[nH]c2=O)cc1,O=c1ccn(Cc2ccccc2)c(=O)[nH]1,0.5,q3,0.5174611973392461,6
solubility,6114,Cc1ccc(NS(=O)(=O)c2cc(NNC3=C4C(=O)C=C(S(=O)(=O)[O-])C=C4C=CC3=N)ccc2Cl)c(C)c1.[Na+],N=C1C=CC2=CC=CC(=O)C2=C1NNc1cccc(S(=O)(=O)Nc2ccccc2)c1,0.45833333333333337,q3,0.45833333333333337,1
solubility,6117,Cc1ccc(NS(=O)(=O)c2ccc([N+](=O)[O-])cc2)nc1,O=S(=O)(Nc1ccccn1)c1ccccc1,0.48888888888888893,q2,0.4285714285714286,5
solubility,6139,Cc1ccc(Oc2ccc(C)cc2)cc1,c1ccc(Oc2ccccc2)cc1,0.38888888888888884,q3,0.5172413793103448,139
solubility,6143,Cc1ccc(S(=O)(=O)C2(C(=O)OC(C)C)CCC2)cc1,O=S(=O)(c1ccccc1)C1CCC1,0.11111111111111116,q1,0.11596638655462188,6
solubility,6144,Cc1ccc(S(=O)(=O)C2(C(=O)OC(C)C)CCCC2)cc1,O=S(=O)(c1ccccc1)C1CCCC1,0.11111111111111116,q1,0.1143790849673203,4
solubility,6145,Cc1ccc(S(=O)(=O)C2(C(=O)OC(C)C)CCCCC2)cc1,O=S(=O)(c1ccccc1)C1CCCCC1,0.1351351351351351,q1,0.1428571428571429,5
solubility,6148,Cc1ccc(S(=O)(=O)N=c2sc(S(N)(=O)=O)nn2C)cc1,O=S(=O)(N=c1[nH]ncs1)c1ccccc1,0.44897959183673475,q3,0.46225071225071224,16
solubility,6155,Cc1ccc(S(=O)(=O)Nc2cc(S(=O)(=O)[O-])cc3c2C(=O)/C(=N/Nc2cc(Cl)ccc2Oc2ccccc2)C(S(=O)(=O)[O-])=C3)cc1.[Na+].[Na+],O=C1C(=NNc2ccccc2Oc2ccccc2)C=Cc2cccc(NS(=O)(=O)c3ccccc3)c21,0.3076923076923077,q2,0.3076923076923077,1
solubility,6160,Cc1ccc(S(=O)(=O)Oc2ccc(N=Nc3ccc(N=Nc4ccc(Nc5ccc([N+](=O)[O-])cc5S(=O)(=O)[O-])cc4)c4ccc(S(=O)(=O)[O-])cc34)cc2)cc1.[Na+].[Na+],O=S(=O)(Oc1ccc(N=Nc2ccc(N=Nc3ccc(Nc4ccccc4)cc3)c3ccccc23)cc1)c1ccccc1,0.5,q3,0.5,1
solubility,6176,Cc1ccc([N+](=O)[O-])cc1N/N=C1\C(=O)C(C(=O)Nc2ccccc2)=Cc2ccccc21,O=C(Nc1ccccc1)C1=Cc2ccccc2C(=NNc2ccccc2)C1=O,0.3846153846153846,q2,0.31997863247863245,10
solubility,6180,Cc1ccc2[nH]c(=O)c(=O)[nH]c2c1,O=c1[nH]c2ccccc2[nH]c1=O,0.5,q2,0.4166666666666667,2
solubility,6183,Cc1ccc2c(c1)C(=O)N(C)c1cc(N)ccc1O2,O=C1Nc2ccccc2Oc2ccccc21,0.5,q3,0.4868421052631579,2
solubility,6185,Cc1ccc2c(c1)C=CS2(=O)=O,O=S1(=O)C=Cc2ccccc21,0.6785714285714286,q4,0.6085164835164836,2
solubility,6203,Cc1ccc2nc(-c3ccc(N)cc3)sc2c1,c1ccc(-c2nc3ccccc3s2)cc1,0.5806451612903225,q3,0.46341463414634143,5
solubility,6204,Cc1ccc2nc(-c3ccc(N)cc3)sc2c1S(=O)(=O)O,c1ccc(-c2nc3ccccc3s2)cc1,0.4285714285714286,q3,0.46341463414634143,5
solubility,6223,Cc1cccc(C)c1NC(=O)c1cc(S(N)(=O)=O)c(Cl)cc1O,O=C(Nc1ccccc1)c1ccccc1,0.5686274509803921,q3,0.4941860465116279,46
solubility,6236,Cc1cccc(N(O)C(=O)CCc2ccccc2)c1,O=C(CCc1ccccc1)Nc1ccccc1,0.5365853658536586,q3,0.5182926829268293,2
solubility,6237,Cc1cccc(N(O)C(=O)c2ccc(Cl)cc2Cl)c1,O=C(Nc1ccccc1)c1ccccc1,0.5641025641025641,q3,0.4941860465116279,46
solubility,6241,Cc1cccc(NC(=O)c2ccccc2C(=O)O)c1,O=C(Nc1ccccc1)c1ccccc1,0.368421052631579,q3,0.4941860465116279,46
solubility,6248,Cc1cccc(Oc2ccc([N+](=O)[O-])cc2)c1,c1ccc(Oc2ccccc2)cc1,0.4242424242424242,q3,0.5172413793103448,139
solubility,6249,Cc1cccc(Oc2cccc(C)c2)c1,c1ccc(Oc2ccccc2)cc1,0.42105263157894735,q3,0.5172413793103448,139
solubility,6267,Cc1ccccc1-n1c(C)nc2ccccc2c1=O,O=c1c2ccccc2ncn1-c1ccccc1,0.6052631578947368,q4,0.6052631578947368,1
solubility,6271,Cc1ccccc1C(=O)Nc1cccc(OC(C)C)c1,O=C(Nc1ccccc1)c1ccccc1,0.575,q3,0.4941860465116279,46
solubility,6282,Cc1ccccc1N(O)C(=O)CCc1ccccc1,O=C(CCc1ccccc1)Nc1ccccc1,0.5,q3,0.5182926829268293,2
solubility,6283,Cc1ccccc1N(O)C(=O)c1ccc(Cl)cc1Cl,O=C(Nc1ccccc1)c1ccccc1,0.5526315789473684,q3,0.4941860465116279,46
solubility,6284,Cc1ccccc1N(O)C(=O)c1cccc(F)c1,O=C(Nc1ccccc1)c1ccccc1,0.5405405405405406,q3,0.4941860465116279,46
solubility,6287,Cc1ccccc1N=C(N)Nc1ccccc1C,C(=Nc1ccccc1)Nc1ccccc1,0.48571428571428577,q3,0.48571428571428577,3
solubility,6289,Cc1ccccc1NC(=O)C1=Cc2ccccc2/C(=N/Nc2ccc(Cl)cc2[N+](=O)[O-])C1=O,O=C(Nc1ccccc1)C1=Cc2ccccc2C(=NNc2ccccc2)C1=O,0.3015873015873016,q2,0.31997863247863245,10
solubility,6290,Cc1ccccc1NC(=O)C1=Cc2ccccc2/C(=N\Nc2cc(Cl)c(Cl)cc2Cl)C1=O,O=C(Nc1ccccc1)C1=Cc2ccccc2C(=NNc2ccccc2)C1=O,0.2678571428571429,q2,0.31997863247863245,10
solubility,6292,Cc1ccccc1NC(=O)c1cc2ccccc2cc1O,O=C(Nc1ccccc1)c1ccc2ccccc2c1,0.5,q3,0.5,12
solubility,6300,Cc1ccccc1Oc1ccccc1C,c1ccc(Oc2ccccc2)cc1,0.35,q3,0.5172413793103448,139
solubility,6314,Cc1ccnc2c1NC(=O)c1cccnc1N2C1CC1,O=C1Nc2cccnc2N(C2CC2)c2ncccc21,0.4814814814814815,q3,0.4814814814814815,1
solubility,6322,Cc1cn(Cc2ccccc2)c(=O)[nH]c1=O,O=c1ccn(Cc2ccccc2)c(=O)[nH]1,0.5853658536585367,q3,0.5174611973392461,6
solubility,6326,Cc1cnc(C2=NC(C)(C(C)C)C(=O)N2)c(C(=O)O)c1,O=C1CN=C(c2ccccn2)N1,0.4117647058823529,q2,0.42810457516339867,4
solubility,6344,Cc1nc(Br)[nH]c1[N+](=O)[O-],c1c[nH]cn1,0.6976744186046512,q4,0.653167602245389,28
solubility,6354,Cc1nc2c([nH]1)c(=O)n(C)c(=O)n2C,O=c1[nH]c(=O)c2[nH]cnc2[nH]1,0.4473684210526315,q4,0.5675675675675675,39
solubility,6355,Cc1nc2c(c(=O)n(C)c(=O)n2C)n1C,O=c1[nH]c(=O)c2[nH]cnc2[nH]1,0.4285714285714286,q4,0.5675675675675675,39
solubility,6368,Cc1ncc([N+](=O)[O-])[nH]1,c1c[nH]cn1,0.6129032258064516,q4,0.653167602245389,28
solubility,6369,Cc1ncc([N+](=O)[O-])n1C,c1c[nH]cn1,0.6551724137931034,q4,0.653167602245389,28
solubility,6370,Cc1ncc([N+](=O)[O-])n1CC(C)O,c1c[nH]cn1,0.6129032258064516,q4,0.653167602245389,28
solubility,6371,Cc1ncc([N+](=O)[O-])n1CCO,c1c[nH]cn1,0.5517241379310345,q4,0.653167602245389,28
solubility,6373,Cc1ncc([N+](=O)[O-])n1CCOP(=O)(O)O,c1c[nH]cn1,0.532258064516129,q4,0.653167602245389,28
solubility,6377,Cc1ncc[nH]1,c1c[nH]cn1,0.6296296296296297,q4,0.653167602245389,28
solubility,6378,Cc1nccc2c1[nH]c1ccccc12,c1ccc2c(c1)[nH]c1cnccc12,0.5357142857142857,q3,0.5357142857142857,3
solubility,6384,Cc1nn(-c2ccccc2)c(C)c1N=O,c1ccc(-n2cccn2)cc1,0.6037735849056604,q4,0.6346153846153846,7
solubility,6385,Cc1nn(-c2ccccc2)c(N)c1C,c1ccc(-n2cccn2)cc1,0.6346153846153846,q4,0.6346153846153846,7
solubility,6387,Cc1nn(-c2ccccc2)c([O-])c1N=Nc1cc(Cl)c(S(N)(=O)=O)cc1[O-].Cc1nn(-c2ccccc2)c([O-])c1N=Nc1cc(Cl)c(S(N)(=O)=O)cc1[O-].[Cr+3].[Na+],c1ccc(N=Nc2cnn(-c3ccccc3)c2)cc1.c1ccc(N=Nc2cnn(-c3ccccc3)c2)cc1,0.4,q2,0.4,1
solubility,6391,Cc1nnc(-c2ccccc2)c(=O)n1N,O=c1[nH]cnnc1-c1ccccc1,0.6590909090909092,q4,0.6590909090909092,1
solubility,6408,Cl/C=C/CCl,acyclic:Cl/C=C/CCl,0.0,q1,0.0,1
solubility,6409,Cl/C=C/C[N+]12CN3CN(CN(C3)C1)C2.[Cl-],C1N2CN3CN1C[NH+](C2)C3,0.6799999999999999,q4,0.6799999999999999,1
solubility,6416,ClC(Br)CBr,acyclic:ClC(Br)CBr,0.5,q3,0.5,1
solubility,6426,ClC(Cl)=CC(Cl)=C(Cl)Cl,acyclic:ClC(Cl)=CC(Cl)=C(Cl)Cl,0.6666666666666667,q4,0.6666666666666667,1
solubility,6429,ClC(Cl)C(Cl)C(Cl)Cl,acyclic:ClC(Cl)C(Cl)C(Cl)Cl,0.5,q3,0.5,1
solubility,6432,ClC(Cl)Cl,acyclic:ClC(Cl)Cl,0.5,q3,0.5,1
solubility,6439,ClC1=C(Cl)C(Cl)(Cl)C(Cl)=C1Cl,C1=CCC=C1,0.4285714285714286,q2,0.4365079365079365,2
solubility,6447,ClC1C(Cl)C(Cl)C(Cl)C(Cl)C1Cl,C1CCCCC1,0.8,q4,0.6046511627906976,117
solubility,6449,ClC1CCCCC1,C1CCCCC1,0.625,q4,0.6046511627906976,117
solubility,6451,ClC=CCl,acyclic:ClC=CCl,0.0,q1,0.0,1
solubility,6453,ClCC(Br)CBr,acyclic:ClCC(Br)CBr,0.5555555555555556,q3,0.5555555555555556,1
solubility,6456,ClCC(Cl)CCl,acyclic:ClCC(Cl)CCl,0.4545454545454546,q3,0.4545454545454546,1
solubility,6469,ClCCOCCOCCCl,acyclic:ClCCOCCOCCCl,0.09090909090909094,q1,0.09090909090909094,1
solubility,6483,Clc1c(Cl)c(Cl)c(Oc2c(Cl)c(Cl)c(Cl)c(Cl)c2Cl)c(Cl)c1Cl,c1ccc(Oc2ccccc2)cc1,0.5,q3,0.5172413793103448,139
solubility,6484,Clc1c(Cl)c(Cl)c(Oc2ccccc2)c(Cl)c1Cl,c1ccc(Oc2ccccc2)cc1,0.5454545454545454,q3,0.5172413793103448,139
solubility,6486,Clc1c(Cl)c(Cl)c2c(c1Cl)Oc1c(Cl)c(Cl)c(Cl)c(Cl)c1O2,c1ccc2c(c1)Oc1ccccc1O2,0.5454545454545454,q3,0.55,15
solubility,6487,Clc1c(Cl)c(Cl)c2c(c1Cl)Oc1ccccc1O2,c1ccc2c(c1)Oc1ccccc1O2,0.5909090909090908,q3,0.55,15
solubility,6548,Clc1cc(Cl)c(Cl)c(Oc2cc(Cl)c(Cl)cc2Cl)c1,c1ccc(Oc2ccccc2)cc1,0.5416666666666667,q3,0.5172413793103448,139
solubility,6549,Clc1cc(Cl)c(Cl)c(Oc2ccc(Cl)c(Cl)c2)c1,c1ccc(Oc2ccccc2)cc1,0.5333333333333333,q3,0.5172413793103448,139
solubility,6550,Clc1cc(Cl)c(Cl)c(Oc2ccc(Cl)c(Cl)c2Cl)c1,c1ccc(Oc2ccccc2)cc1,0.5172413793103448,q3,0.5172413793103448,139
solubility,6551,Clc1cc(Cl)c(Cl)c(Oc2ccccc2)c1Cl,c1ccc(Oc2ccccc2)cc1,0.5357142857142857,q3,0.5172413793103448,139
solubility,6554,Clc1cc(Cl)c(Oc2c(Cl)c(Cl)c(Cl)c(Cl)c2Cl)cc1Cl,c1ccc(Oc2ccccc2)cc1,0.5862068965517242,q3,0.5172413793103448,139
solubility,6555,Clc1cc(Cl)c(Oc2c(Cl)c(Cl)cc(Cl)c2Cl)cc1Cl,c1ccc(Oc2ccccc2)cc1,0.52,q3,0.5172413793103448,139
solubility,6556,Clc1cc(Cl)c(Oc2c(Cl)ccc(Cl)c2Cl)cc1Cl,c1ccc(Oc2ccccc2)cc1,0.4782608695652174,q3,0.5172413793103448,139
solubility,6557,Clc1cc(Cl)c(Oc2c(Cl)cccc2Cl)cc1Cl,c1ccc(Oc2ccccc2)cc1,0.5416666666666667,q3,0.5172413793103448,139
solubility,6558,Clc1cc(Cl)c(Oc2cc(Cl)c(Cl)c(Cl)c2)cc1Cl,c1ccc(Oc2ccccc2)cc1,0.59375,q3,0.5172413793103448,139
solubility,6559,Clc1cc(Cl)c(Oc2cc(Cl)c(Cl)c(Cl)c2Cl)cc1Cl,c1ccc(Oc2ccccc2)cc1,0.46153846153846156,q3,0.5172413793103448,139
solubility,6560,Clc1cc(Cl)c(Oc2cc(Cl)c(Cl)cc2Cl)c(Cl)c1,c1ccc(Oc2ccccc2)cc1,0.5217391304347826,q3,0.5172413793103448,139
solubility,6561,Clc1cc(Cl)c(Oc2cc(Cl)c(Cl)cc2Cl)cc1Cl,c1ccc(Oc2ccccc2)cc1,0.4666666666666667,q3,0.5172413793103448,139
solubility,6562,Clc1cc(Cl)c(Oc2ccc(Cl)c(Cl)c2)c(Cl)c1,c1ccc(Oc2ccccc2)cc1,0.5,q3,0.5172413793103448,139
solubility,6563,Clc1cc(Cl)c(Oc2ccc(Cl)c(Cl)c2Cl)c(Cl)c1,c1ccc(Oc2ccccc2)cc1,0.5,q3,0.5172413793103448,139
solubility,6564,Clc1cc(Cl)c(Oc2ccc(Cl)c(Cl)c2Cl)cc1Cl,c1ccc(Oc2ccccc2)cc1,0.5,q3,0.5172413793103448,139
solubility,6565,Clc1cc(Cl)c(Oc2cccc(Cl)c2Cl)cc1Cl,c1ccc(Oc2ccccc2)cc1,0.48275862068965514,q3,0.5172413793103448,139
solubility,6566,Clc1cc(Cl)c(Oc2ccccc2)c(Cl)c1,c1ccc(Oc2ccccc2)cc1,0.5185185185185186,q3,0.5172413793103448,139
solubility,6567,Clc1cc(Cl)c(Oc2ccccc2)c(Cl)c1Cl,c1ccc(Oc2ccccc2)cc1,0.5172413793103448,q3,0.5172413793103448,139
solubility,6568,Clc1cc(Cl)c(Oc2ccccc2)cc1Cl,c1ccc(Oc2ccccc2)cc1,0.56,q3,0.5172413793103448,139
solubility,6569,Clc1cc(Cl)c(Oc2ccccc2Cl)cc1Cl,c1ccc(Oc2ccccc2)cc1,0.5185185185185186,q3,0.5172413793103448,139
solubility,6572,Clc1cc(Cl)c2c(c1)Oc1c(Cl)cc(Cl)cc1O2,c1ccc2c(c1)Oc1ccccc1O2,0.55,q3,0.55,15
solubility,6573,Clc1cc(Cl)c2c(c1Cl)C1=NC2N=C2c3c(Cl)c(Cl)c(Cl)c(Cl)c3C3N=C4N=C(N=c5c6c(Cl)c(Cl)c(Cl)c(Cl)c6c([n]5[Cu][N]23)=N1)c1c(Cl)c(Cl)c(Cl)c(Cl)c14,c1ccc2c(c1)C1=NC2=NC2c3ccccc3C3=NC4N=C(N=c5c6ccccc6c([n]5[Cu][N]32)=N1)c1ccccc14,0.6470588235294117,q4,0.6470588235294117,1
solubility,6574,Clc1cc(Cl)c2c(c1Cl)Oc1ccccc1O2,c1ccc2c(c1)Oc1ccccc1O2,0.6,q3,0.55,15
solubility,6587,Clc1cc(Cl)cc(Oc2cc(Cl)c(Cl)cc2Cl)c1,c1ccc(Oc2ccccc2)cc1,0.59375,q3,0.5172413793103448,139
solubility,6588,Clc1cc(Cl)cc(Oc2ccc(Cl)c(Cl)c2)c1,c1ccc(Oc2ccccc2)cc1,0.5357142857142857,q3,0.5172413793103448,139
solubility,6589,Clc1cc(Cl)cc(Oc2ccc(Cl)c(Cl)c2Cl)c1,c1ccc(Oc2ccccc2)cc1,0.5172413793103448,q3,0.5172413793103448,139
solubility,6590,Clc1cc(Cl)cc(Oc2ccc(Cl)cc2Cl)c1,c1ccc(Oc2ccccc2)cc1,0.5675675675675675,q3,0.5172413793103448,139
solubility,6593,Clc1cc(Oc2c(Cl)c(Cl)c(Cl)c(Cl)c2Cl)c(Cl)c(Cl)c1Cl,c1ccc(Oc2ccccc2)cc1,0.43999999999999995,q3,0.5172413793103448,139
solubility,6594,Clc1cc(Oc2c(Cl)c(Cl)cc(Cl)c2Cl)c(Cl)c(Cl)c1Cl,c1ccc(Oc2ccccc2)cc1,0.46153846153846156,q3,0.5172413793103448,139
solubility,6595,Clc1cc(Oc2c(Cl)ccc(Cl)c2Cl)c(Cl)c(Cl)c1Cl,c1ccc(Oc2ccccc2)cc1,0.4814814814814815,q3,0.5172413793103448,139
solubility,6596,Clc1cc(Oc2cc(Cl)c(Cl)c(Cl)c2Cl)c(Cl)c(Cl)c1Cl,c1ccc(Oc2ccccc2)cc1,0.36363636363636365,q3,0.5172413793103448,139
solubility,6597,Clc1cc(Oc2cc(Cl)c(Cl)c(Cl)c2Cl)cc(Cl)c1Cl,c1ccc(Oc2ccccc2)cc1,0.46153846153846156,q3,0.5172413793103448,139
solubility,6598,Clc1cc(Oc2ccc(Cl)c(Cl)c2Cl)cc(Cl)c1Cl,c1ccc(Oc2ccccc2)cc1,0.5,q3,0.5172413793103448,139
solubility,6599,Clc1cc(Oc2ccccc2)c(Cl)c(Cl)c1Cl,c1ccc(Oc2ccccc2)cc1,0.5,q3,0.5172413793103448,139
solubility,6600,Clc1cc(Oc2ccccc2)cc(Cl)c1Cl,c1ccc(Oc2ccccc2)cc1,0.5714285714285714,q3,0.5172413793103448,139
solubility,6603,Clc1cc2c(c(Cl)c1Cl)Oc1c(Cl)c(Cl)c(Cl)c(Cl)c1O2,c1ccc2c(c1)Oc1ccccc1O2,0.5454545454545454,q3,0.55,15
solubility,6604,Clc1cc2c(cc1Cl)Oc1c(Cl)c(Cl)c(Cl)c(Cl)c1O2,c1ccc2c(c1)Oc1ccccc1O2,0.6190476190476191,q3,0.55,15
solubility,6605,Clc1cc2c(cc1Cl)Oc1cc(Cl)c(Cl)cc1O2,c1ccc2c(c1)Oc1ccccc1O2,0.5,q3,0.55,15
solubility,6606,Clc1cc2c(cc1Cl)Oc1ccccc1O2,c1ccc2c(c1)Oc1ccccc1O2,0.5454545454545454,q3,0.55,15
solubility,6673,Clc1ccc(C2(Cn3cncn3)CC(Br)CO2)c(Cl)c1,c1ccc(C2(Cn3cncn3)CCCO2)cc1,0.3846153846153846,q2,0.3846153846153846,1
solubility,6698,Clc1ccc(Cl)c(Oc2cc(Cl)c(Cl)cc2Cl)c1,c1ccc(Oc2ccccc2)cc1,0.5,q3,0.5172413793103448,139
solubility,6699,Clc1ccc(Cl)c(Oc2ccc(Cl)c(Cl)c2)c1,c1ccc(Oc2ccccc2)cc1,0.48,q3,0.5172413793103448,139
solubility,6700,Clc1ccc(Cl)c(Oc2ccc(Cl)c(Cl)c2Cl)c1,c1ccc(Oc2ccccc2)cc1,0.5172413793103448,q3,0.5172413793103448,139
solubility,6701,Clc1ccc(Cl)c(Oc2ccccc2)c1,c1ccc(Oc2ccccc2)cc1,0.5428571428571429,q3,0.5172413793103448,139
solubility,6702,Clc1ccc(Cl)c(Oc2ccccc2)c1Cl,c1ccc(Oc2ccccc2)cc1,0.5416666666666667,q3,0.5172413793103448,139
solubility,6708,Clc1ccc(Oc2c(Cl)c(Cl)c(Cl)c(Cl)c2Cl)c(Cl)c1,c1ccc(Oc2ccccc2)cc1,0.5517241379310345,q3,0.5172413793103448,139
solubility,6709,Clc1ccc(Oc2c(Cl)c(Cl)c(Cl)c(Cl)c2Cl)c(Cl)c1Cl,c1ccc(Oc2ccccc2)cc1,0.43999999999999995,q3,0.5172413793103448,139
solubility,6710,Clc1ccc(Oc2c(Cl)c(Cl)c(Cl)c(Cl)c2Cl)cc1,c1ccc(Oc2ccccc2)cc1,0.5416666666666667,q3,0.5172413793103448,139
solubility,6711,Clc1ccc(Oc2c(Cl)c(Cl)c(Cl)c(Cl)c2Cl)cc1Cl,c1ccc(Oc2ccccc2)cc1,0.5862068965517242,q3,0.5172413793103448,139
solubility,6712,Clc1ccc(Oc2c(Cl)c(Cl)cc(Cl)c2Cl)c(Cl)c1,c1ccc(Oc2ccccc2)cc1,0.5675675675675675,q3,0.5172413793103448,139
solubility,6713,Clc1ccc(Oc2c(Cl)c(Cl)cc(Cl)c2Cl)c(Cl)c1Cl,c1ccc(Oc2ccccc2)cc1,0.4814814814814815,q3,0.5172413793103448,139
solubility,6714,Clc1ccc(Oc2c(Cl)c(Cl)cc(Cl)c2Cl)cc1,c1ccc(Oc2ccccc2)cc1,0.5357142857142857,q3,0.5172413793103448,139
solubility,6715,Clc1ccc(Oc2c(Cl)c(Cl)cc(Cl)c2Cl)cc1Cl,c1ccc(Oc2ccccc2)cc1,0.5666666666666667,q3,0.5172413793103448,139
solubility,6716,Clc1ccc(Oc2c(Cl)cc(Cl)c(Cl)c2Cl)c(Cl)c1,c1ccc(Oc2ccccc2)cc1,0.5483870967741935,q3,0.5172413793103448,139
solubility,6717,Clc1ccc(Oc2c(Cl)cc(Cl)c(Cl)c2Cl)cc1,c1ccc(Oc2ccccc2)cc1,0.5172413793103448,q3,0.5172413793103448,139
solubility,6718,Clc1ccc(Oc2c(Cl)cc(Cl)cc2Cl)c(Cl)c1,c1ccc(Oc2ccccc2)cc1,0.5,q3,0.5172413793103448,139
solubility,6719,Clc1ccc(Oc2c(Cl)cc(Cl)cc2Cl)cc1,c1ccc(Oc2ccccc2)cc1,0.5217391304347826,q3,0.5172413793103448,139
solubility,6720,Clc1ccc(Oc2c(Cl)ccc(Cl)c2Cl)c(Cl)c1,c1ccc(Oc2ccccc2)cc1,0.5384615384615384,q3,0.5172413793103448,139
solubility,6721,Clc1ccc(Oc2c(Cl)ccc(Cl)c2Cl)c(Cl)c1Cl,c1ccc(Oc2ccccc2)cc1,0.43999999999999995,q3,0.5172413793103448,139
solubility,6722,Clc1ccc(Oc2c(Cl)ccc(Cl)c2Cl)cc1,c1ccc(Oc2ccccc2)cc1,0.5925925925925926,q3,0.5172413793103448,139
solubility,6723,Clc1ccc(Oc2c(Cl)ccc(Cl)c2Cl)cc1Cl,c1ccc(Oc2ccccc2)cc1,0.56,q3,0.5172413793103448,139
solubility,6724,Clc1ccc(Oc2c(Cl)cccc2Cl)c(Cl)c1Cl,c1ccc(Oc2ccccc2)cc1,0.4814814814814815,q3,0.5172413793103448,139
solubility,6725,Clc1ccc(Oc2c(Cl)cccc2Cl)cc1,c1ccc(Oc2ccccc2)cc1,0.5217391304347826,q3,0.5172413793103448,139
solubility,6726,Clc1ccc(Oc2c(Cl)cccc2Cl)cc1Cl,c1ccc(Oc2ccccc2)cc1,0.5172413793103448,q3,0.5172413793103448,139
solubility,6727,Clc1ccc(Oc2cc(Cl)c(Cl)c(Cl)c2)c(Cl)c1,c1ccc(Oc2ccccc2)cc1,0.5483870967741935,q3,0.5172413793103448,139
solubility,6728,Clc1ccc(Oc2cc(Cl)c(Cl)c(Cl)c2)cc1,c1ccc(Oc2ccccc2)cc1,0.5,q3,0.5172413793103448,139
solubility,6729,Clc1ccc(Oc2cc(Cl)c(Cl)c(Cl)c2)cc1Cl,c1ccc(Oc2ccccc2)cc1,0.5,q3,0.5172413793103448,139
solubility,6730,Clc1ccc(Oc2cc(Cl)c(Cl)c(Cl)c2Cl)c(Cl)c1,c1ccc(Oc2ccccc2)cc1,0.5161290322580645,q3,0.5172413793103448,139
solubility,6731,Clc1ccc(Oc2cc(Cl)c(Cl)c(Cl)c2Cl)c(Cl)c1Cl,c1ccc(Oc2ccccc2)cc1,0.46153846153846156,q3,0.5172413793103448,139
solubility,6732,Clc1ccc(Oc2cc(Cl)c(Cl)c(Cl)c2Cl)cc1,c1ccc(Oc2ccccc2)cc1,0.5,q3,0.5172413793103448,139
solubility,6733,Clc1ccc(Oc2cc(Cl)c(Cl)c(Cl)c2Cl)cc1Cl,c1ccc(Oc2ccccc2)cc1,0.5172413793103448,q3,0.5172413793103448,139
solubility,6734,Clc1ccc(Oc2cc(Cl)c(Cl)cc2Cl)c(Cl)c1,c1ccc(Oc2ccccc2)cc1,0.5,q3,0.5172413793103448,139
solubility,6735,Clc1ccc(Oc2cc(Cl)c(Cl)cc2Cl)cc1,c1ccc(Oc2ccccc2)cc1,0.5862068965517242,q3,0.5172413793103448,139
solubility,6736,Clc1ccc(Oc2cc(Cl)c(Cl)cc2Cl)cc1Cl,c1ccc(Oc2ccccc2)cc1,0.5666666666666667,q3,0.5172413793103448,139
solubility,6737,Clc1ccc(Oc2cc(Cl)cc(Cl)c2)cc1,c1ccc(Oc2ccccc2)cc1,0.5416666666666667,q3,0.5172413793103448,139
solubility,6738,Clc1ccc(Oc2cc(Cl)cc(Cl)c2Cl)c(Cl)c1,c1ccc(Oc2ccccc2)cc1,0.5333333333333333,q3,0.5172413793103448,139
solubility,6739,Clc1ccc(Oc2cc(Cl)cc(Cl)c2Cl)cc1,c1ccc(Oc2ccccc2)cc1,0.5333333333333333,q3,0.5172413793103448,139
solubility,6740,Clc1ccc(Oc2cc(Cl)ccc2Cl)c(Cl)c1,c1ccc(Oc2ccccc2)cc1,0.5,q3,0.5172413793103448,139
solubility,6741,Clc1ccc(Oc2ccc(Cl)c(Cl)c2)c(Cl)c1,c1ccc(Oc2ccccc2)cc1,0.43999999999999995,q3,0.5172413793103448,139
solubility,6742,Clc1ccc(Oc2ccc(Cl)c(Cl)c2)cc1,c1ccc(Oc2ccccc2)cc1,0.4782608695652174,q3,0.5172413793103448,139
solubility,6743,Clc1ccc(Oc2ccc(Cl)c(Cl)c2)cc1Cl,c1ccc(Oc2ccccc2)cc1,0.5172413793103448,q3,0.5172413793103448,139
solubility,6744,Clc1ccc(Oc2ccc(Cl)c(Cl)c2Cl)c(Cl)c1,c1ccc(Oc2ccccc2)cc1,0.5,q3,0.5172413793103448,139
solubility,6745,Clc1ccc(Oc2ccc(Cl)c(Cl)c2Cl)c(Cl)c1Cl,c1ccc(Oc2ccccc2)cc1,0.36363636363636365,q3,0.5172413793103448,139
solubility,6746,Clc1ccc(Oc2ccc(Cl)c(Cl)c2Cl)cc1,c1ccc(Oc2ccccc2)cc1,0.5,q3,0.5172413793103448,139
solubility,6747,Clc1ccc(Oc2ccc(Cl)c(Cl)c2Cl)cc1Cl,c1ccc(Oc2ccccc2)cc1,0.5172413793103448,q3,0.5172413793103448,139
solubility,6748,Clc1ccc(Oc2ccc(Cl)cc2)cc1,c1ccc(Oc2ccccc2)cc1,0.42105263157894735,q3,0.5172413793103448,139
solubility,6749,Clc1ccc(Oc2ccc(Cl)cc2Cl)c(Cl)c1,c1ccc(Oc2ccccc2)cc1,0.47619047619047616,q3,0.5172413793103448,139
solubility,6750,Clc1ccc(Oc2ccc(Cl)cc2Cl)cc1,c1ccc(Oc2ccccc2)cc1,0.5555555555555556,q3,0.5172413793103448,139
solubility,6751,Clc1ccc(Oc2cccc(Cl)c2)cc1,c1ccc(Oc2ccccc2)cc1,0.4444444444444444,q3,0.5172413793103448,139
solubility,6752,Clc1ccc(Oc2cccc(Cl)c2Cl)c(Cl)c1,c1ccc(Oc2ccccc2)cc1,0.5151515151515151,q3,0.5172413793103448,139
solubility,6753,Clc1ccc(Oc2cccc(Cl)c2Cl)cc1Cl,c1ccc(Oc2ccccc2)cc1,0.5161290322580645,q3,0.5172413793103448,139
solubility,6754,Clc1ccc(Oc2ccccc2)c(Cl)c1,c1ccc(Oc2ccccc2)cc1,0.5428571428571429,q3,0.5172413793103448,139
solubility,6755,Clc1ccc(Oc2ccccc2)cc1,c1ccc(Oc2ccccc2)cc1,0.4736842105263158,q3,0.5172413793103448,139
solubility,6756,Clc1ccc(Oc2ccccc2)cc1Cl,c1ccc(Oc2ccccc2)cc1,0.5357142857142857,q3,0.5172413793103448,139
solubility,6757,Clc1ccc(Oc2ccccc2Cl)c(Cl)c1,c1ccc(Oc2ccccc2)cc1,0.5172413793103448,q3,0.5172413793103448,139
solubility,6758,Clc1ccc(Oc2ccccc2Cl)cc1,c1ccc(Oc2ccccc2)cc1,0.5185185185185186,q3,0.5172413793103448,139
solubility,6759,Clc1ccc(Oc2ccccc2Cl)cc1Cl,c1ccc(Oc2ccccc2)cc1,0.5517241379310345,q3,0.5172413793103448,139
solubility,6760,Clc1ccc(Sc2cc(Cl)c(Cl)cc2Cl)cc1,c1ccc(Sc2ccccc2)cc1,0.5862068965517242,q3,0.4736842105263158,7
solubility,6762,Clc1ccc2c(c1)Oc1c(Cl)c(Cl)c(Cl)c(Cl)c1O2,c1ccc2c(c1)Oc1ccccc1O2,0.6206896551724138,q3,0.55,15
solubility,6763,Clc1ccc2c(c1)Oc1cc(Cl)c(Cl)c(Cl)c1O2,c1ccc2c(c1)Oc1ccccc1O2,0.6388888888888888,q3,0.55,15
solubility,6764,Clc1ccc2c(c1)Oc1cc(Cl)ccc1O2,c1ccc2c(c1)Oc1ccccc1O2,0.5416666666666667,q3,0.55,15
solubility,6765,Clc1ccc2c(c1)Oc1ccc(Cl)cc1O2,c1ccc2c(c1)Oc1ccccc1O2,0.5416666666666667,q3,0.55,15
solubility,6766,Clc1ccc2c(c1)Oc1ccccc1O2,c1ccc2c(c1)Oc1ccccc1O2,0.5405405405405406,q3,0.55,15
solubility,6796,Clc1cccc(Cl)c1Oc1ccccc1,c1ccc(Oc2ccccc2)cc1,0.5,q3,0.5172413793103448,139
solubility,6798,Clc1cccc(Oc2cc(Cl)c(Cl)cc2Cl)c1,c1ccc(Oc2ccccc2)cc1,0.5,q3,0.5172413793103448,139
solubility,6799,Clc1cccc(Oc2ccc(Cl)c(Cl)c2)c1,c1ccc(Oc2ccccc2)cc1,0.48275862068965514,q3,0.5172413793103448,139
solubility,6800,Clc1cccc(Oc2ccc(Cl)c(Cl)c2Cl)c1,c1ccc(Oc2ccccc2)cc1,0.53125,q3,0.5172413793103448,139
solubility,6801,Clc1cccc(Oc2ccc(Cl)c(Cl)c2Cl)c1Cl,c1ccc(Oc2ccccc2)cc1,0.4444444444444444,q3,0.5172413793103448,139
solubility,6802,Clc1cccc(Oc2ccccc2)c1,c1ccc(Oc2ccccc2)cc1,0.42307692307692313,q3,0.5172413793103448,139
solubility,6804,Clc1cccc2c1Oc1ccccc1O2,c1ccc2c(c1)Oc1ccccc1O2,0.5909090909090908,q3,0.55,15
solubility,6824,Clc1ccccc1Oc1ccc(Cl)c(Cl)c1Cl,c1ccc(Oc2ccccc2)cc1,0.5,q3,0.5172413793103448,139
solubility,6825,Clc1ccccc1Oc1ccccc1,c1ccc(Oc2ccccc2)cc1,0.48,q3,0.5172413793103448,139
solubility,6829,Clc1nc(Cl)nc(Cl)n1,c1ncncn1,0.6666666666666667,q4,0.6341463414634146,45
solubility,6834,Cn1c(-c2ccccc2)c(C=CC2=[N+](C)c3ccccc3C2(C)C)c2ccccc21.[Cl-],C(=Cc1c(-c2ccccc2)[nH]c2ccccc12)C1=[NH+]c2ccccc2C1,0.6307692307692307,q4,0.6307692307692307,1
solubility,6840,Cn1c(=O)c2[nH]c(Cl)nc2n(C)c1=O,O=c1[nH]c(=O)c2[nH]cnc2[nH]1,0.46153846153846156,q4,0.5675675675675675,39
solubility,6841,Cn1c(=O)c2[nH]cnc2n(C)c1=O,O=c1[nH]c(=O)c2[nH]cnc2[nH]1,0.5294117647058824,q4,0.5675675675675675,39
solubility,6845,Cn1c(=O)c2c(ncn2C)n(C)c1=O,O=c1[nH]c(=O)c2[nH]cnc2[nH]1,0.4375,q4,0.5675675675675675,39
solubility,6846,Cn1c(=O)c2c(ncn2CC(O)CO)n(C)c1=O,O=c1[nH]c(=O)c2[nH]cnc2[nH]1,0.6222222222222222,q4,0.5675675675675675,39
solubility,6847,Cn1c(=O)c2c(ncn2CCCO)n(C)c1=O,O=c1[nH]c(=O)c2[nH]cnc2[nH]1,0.5952380952380952,q4,0.5675675675675675,39
solubility,6848,Cn1c(=O)c2c(ncn2CO)n(C)c1=O,O=c1[nH]c(=O)c2[nH]cnc2[nH]1,0.5609756097560976,q4,0.5675675675675675,39
solubility,6849,Cn1c(=O)c2c(ncn2COC(=O)C(C)(C)C)n(C)c1=O,O=c1[nH]c(=O)c2[nH]cnc2[nH]1,0.43999999999999995,q4,0.5675675675675675,39
solubility,6854,Cn1c(=O)cc2c3c(c(Br)ccc31)C(=O)c1ccccc1-2,O=C1c2ccccc2-c2cc(=O)[nH]c3cccc1c23,0.6285714285714286,q4,0.6285714285714286,1
solubility,6858,Cn1c(=O)ncc2nccnc21,O=c1ncc2nccnc2[nH]1,0.5714285714285714,q3,0.4852941176470588,4
solubility,6863,Cn1c([N+](=O)[O-])cnc1COC(N)=O,c1c[nH]cn1,0.6666666666666667,q4,0.653167602245389,28
solubility,6864,Cn1c2ccccc2c(=O)c2ccccc21,O=c1c2ccccc2[nH]c2ccccc12,0.5454545454545454,q3,0.5454545454545454,1
solubility,6869,Cn1cc2nccnc2nc1=O,O=c1nc2nccnc2c[nH]1,0.6,q4,0.6,1
solubility,6871,Cn1ccc(=O)c2ccccc21,O=c1cc[nH]c2ccccc12,0.5862068965517242,q3,0.5384615384615384,3
solubility,6875,Cn1ccnc1,c1c[nH]cn1,0.7,q4,0.653167602245389,28
solubility,6877,Cn1cnc2[nH]c(=O)nc(NCCO)c21,O=c1ncc2[nH]cnc2[nH]1,0.7058823529411764,q4,0.627134724857685,2
solubility,6879,Cn1cnc2c1c(=O)[nH]c(=O)n2C,O=c1[nH]c(=O)c2[nH]cnc2[nH]1,0.5555555555555556,q4,0.5675675675675675,39
solubility,6880,Cn1cnc2c1c(=O)n(CC(=O)[O-])c(=O)n2C,O=c1[nH]c(=O)c2[nH]cnc2[nH]1,0.6363636363636364,q4,0.5675675675675675,39
solubility,6884,Cn1cncc1CC(N)C(=O)O,c1c[nH]cn1,0.5945945945945945,q4,0.653167602245389,28
solubility,6885,Cn1cncc1C[C@H](N)C(=O)O,c1c[nH]cn1,0.5945945945945945,q4,0.653167602245389,28
solubility,6886,Cn1nc(S(N)(=O)=O)sc1=NS(=O)(=O)C(F)(F)F,N=c1[nH]ncs1,0.46808510638297873,q3,0.46230342275670677,4
solubility,6888,Cn1nc(S(N)(=O)=O)sc1=NS(=O)(=O)c1ccc(Br)cc1,O=S(=O)(N=c1[nH]ncs1)c1ccccc1,0.45999999999999996,q3,0.46225071225071224,16
solubility,6889,Cn1nc(S(N)(=O)=O)sc1=NS(=O)(=O)c1ccc(Cl)c([N+](=O)[O-])c1,O=S(=O)(N=c1[nH]ncs1)c1ccccc1,0.5,q3,0.46225071225071224,16
solubility,6890,Cn1nc(S(N)(=O)=O)sc1=NS(=O)(=O)c1ccc(Cl)cc1,O=S(=O)(N=c1[nH]ncs1)c1ccccc1,0.4285714285714286,q3,0.46225071225071224,16
solubility,6891,Cn1nc(S(N)(=O)=O)sc1=NS(=O)(=O)c1ccc(F)cc1,O=S(=O)(N=c1[nH]ncs1)c1ccccc1,0.45999999999999996,q3,0.46225071225071224,16
solubility,6892,Cn1nc(S(N)(=O)=O)sc1=NS(=O)(=O)c1ccc(I)cc1,O=S(=O)(N=c1[nH]ncs1)c1ccccc1,0.45999999999999996,q3,0.46225071225071224,16
solubility,6893,Cn1nc(S(N)(=O)=O)sc1=NS(=O)(=O)c1ccc(N)cc1,O=S(=O)(N=c1[nH]ncs1)c1ccccc1,0.44897959183673475,q3,0.46225071225071224,16
solubility,6894,Cn1nc(S(N)(=O)=O)sc1=NS(=O)(=O)c1ccc([N+](=O)[O-])cc1,O=S(=O)(N=c1[nH]ncs1)c1ccccc1,0.49056603773584906,q3,0.46225071225071224,16
solubility,6895,Cn1nc(S(N)(=O)=O)sc1=NS(=O)(=O)c1ccc([N+](=O)[O-])cc1[N+](=O)[O-],O=S(=O)(N=c1[nH]ncs1)c1ccccc1,0.5,q3,0.46225071225071224,16
solubility,6896,Cn1nc(S(N)(=O)=O)sc1=NS(=O)(=O)c1cccc(N)c1,O=S(=O)(N=c1[nH]ncs1)c1ccccc1,0.46153846153846156,q3,0.46225071225071224,16
solubility,6897,Cn1nc(S(N)(=O)=O)sc1=NS(=O)(=O)c1cccc([N+](=O)[O-])c1,O=S(=O)(N=c1[nH]ncs1)c1ccccc1,0.5084745762711864,q3,0.46225071225071224,16
solubility,6898,Cn1nc(S(N)(=O)=O)sc1=NS(=O)(=O)c1ccccc1C(=O)O,O=S(=O)(N=c1[nH]ncs1)c1ccccc1,0.42307692307692313,q3,0.46225071225071224,16
solubility,6899,Cn1nc(S(N)(=O)=O)sc1=NS(=O)(=O)c1ccccc1[N+](=O)[O-],O=S(=O)(N=c1[nH]ncs1)c1ccccc1,0.4629629629629629,q3,0.46225071225071224,16
solubility,6900,Cn1nc(S(N)(=O)=O)sc1=NS(C)(=O)=O,N=c1[nH]ncs1,0.41860465116279066,q3,0.46230342275670677,4
solubility,6901,Cn1ncc2cc3c(Nc4cccc(Br)c4)ncnc3cc21,c1ccc(Nc2ncnc3cc4[nH]ncc4cc23)cc1,0.28846153846153844,q2,0.29423076923076924,2
solubility,6905,FC(Cl)(Cl)C(F)(Cl)Cl,acyclic:FC(Cl)(Cl)C(F)(Cl)Cl,0.33333333333333337,q2,0.33333333333333337,1
solubility,6910,FC(F)(Br)C(F)(F)Br,acyclic:FC(F)(Br)C(F)(F)Br,0.375,q2,0.375,1
solubility,6912,FC(F)(Cl)C(F)(Cl)Cl,acyclic:FC(F)(Cl)C(F)(Cl)Cl,0.33333333333333337,q2,0.33333333333333337,1
solubility,6916,FC(F)(F)/C(=N/OCC1OCCO1)c1ccc(Cl)cc1,C(=NOCC1OCCO1)c1ccccc1,0.7073170731707317,q3,0.558786741713571,2
solubility,6920,FC(F)(F)C(Cl)Cl,acyclic:FC(F)(F)C(Cl)Cl,0.41666666666666663,q2,0.41666666666666663,1
solubility,6926,FC(F)(F)C(F)(F)C(F)(F)N(C(F)(F)C(F)(F)C(F)(F)F)C(F)(F)C(F)(F)C(F)(F)F,acyclic:FC(F)(F)C(F)(F)C(F)(F)N(C(F)(F)C(F)(F)C(F)(F)F)C(F)(F)C(F)(F)C(F)(F)F,0.5384615384615384,q3,0.5384615384615384,1
solubility,6929,FC(F)(F)C1(F)C(F)(F)C(F)(F)C(F)(F)C(F)(C(F)(F)F)C1(F)F,C1CCCCC1,0.6153846153846154,q4,0.6046511627906976,117
solubility,6931,FC(F)(F)Cl,acyclic:FC(F)(F)Cl,0.2857142857142857,q1,0.2857142857142857,1
solubility,6934,FC(F)(F)N=C1SC(=Nc2ccccc2)N(c2ccccc2)C1=NC(F)(F)F,N=C1SC(=Nc2ccccc2)N(c2ccccc2)C1=N,0.736842105263158,q4,0.736842105263158,1
solubility,6943,FC(F)=C(F)C(F)(F)F,acyclic:FC(F)=C(F)C(F)(F)F,0.6,q4,0.6,1
solubility,6947,FC(F)C(F)(F)F,acyclic:FC(F)C(F)(F)F,0.5,q3,0.5,1
solubility,6950,FC(F)F,acyclic:FC(F)F,0.5714285714285714,q4,0.5714285714285714,1
solubility,6952,FC(F)OC(F)(F)C(F)Cl,acyclic:FC(F)OC(F)(F)C(F)Cl,0.5555555555555556,q3,0.5555555555555556,1
solubility,6956,FCC(F)(F)F,acyclic:FCC(F)(F)F,0.5833333333333333,q4,0.5833333333333333,1
solubility,6962,F[B-](F)(F)F.[K+],acyclic:F[B-](F)(F)F.[K+],0.5,q3,0.5,1
solubility,6991,IC=CI,acyclic:IC=CI,0.0,q1,0.0,1
solubility,6992,ICC1CCC(CI)CC1,C1CCCCC1,0.6666666666666667,q4,0.6046511627906976,117
solubility,6993,ICCI,acyclic:ICCI,0.5,q3,0.5,1
solubility,7003,N#C/C(=N\OCC1OCCO1)c1ccccc1,C(=NOCC1OCCO1)c1ccccc1,0.41025641025641024,q3,0.558786741713571,2
solubility,7005,N#CC(=C1CCCCC1)c1ccccc1,C(=C1CCCCC1)c1ccccc1,0.6285714285714286,q4,0.6285714285714286,1
solubility,7014,N#CC(Cl)(Cl)Cl,acyclic:N#CC(Cl)(Cl)Cl,0.6666666666666667,q4,0.6666666666666667,1
solubility,7015,N#CC(OC1OC(COC2OC(CO)C(O)C(O)C2O)C(O)C(O)C1O)c1ccccc1,c1ccc(COC2CCCC(COC3CCCCO3)O2)cc1,0.4893617021276596,q3,0.4893617021276596,1
solubility,7023,N#CCC(N)=O,acyclic:N#CCC(N)=O,0.4736842105263158,q3,0.4736842105263158,1
solubility,7026,N#CCCCCC#N,acyclic:N#CCCCCC#N,0.09090909090909094,q1,0.09090909090909094,1
solubility,7028,N#CCCCl,acyclic:N#CCCCl,0.46153846153846156,q3,0.46153846153846156,1
solubility,7038,N#CCCNCC(=O)O,acyclic:N#CCCNCC(=O)O,0.5151515151515151,q3,0.5151515151515151,1
solubility,7043,N#CCCl,acyclic:N#CCCl,0.5833333333333333,q4,0.5833333333333333,1
solubility,7064,N#C[S-].[NH4+],acyclic:N#C[S-].[NH4+],0.25,q1,0.25,1
solubility,7093,N#Cc1nn(-c2c(Cl)cc(C(F)(F)F)cc2Cl)c(N)c1S(=O)C(F)(F)F,c1ccc(-n2cccn2)cc1,0.6521739130434783,q4,0.6346153846153846,7
solubility,7101,N.N.[Cl-].[Cl-].[Pd+2],acyclic:N.N.[Cl-].[Cl-].[Pd+2],0.33333333333333337,q2,0.33333333333333337,1
solubility,7102,N.N.[Cl-].[Cl-].[Pt+2],acyclic:N.N.[Cl-].[Cl-].[Pt+2],0.6666666666666667,q4,0.6666666666666667,1
solubility,7107,N=C(N)N.O=C(O)C1=NN(c2ccc(S(=O)(=O)O)cc2)C(=O)C1N=Nc1ccc(S(=O)(=O)O)cc1.[Cl-].[H+],O=C1C(N=Nc2ccccc2)C=NN1c1ccccc1,0.5909090909090908,q3,0.484375,10
solubility,7116,N=C(N)c1ccc(CCc2ccc(C(=N)N)o2)o1,c1coc(CCc2ccco2)c1,0.7,q4,0.7,1
solubility,7130,NC(=Nc1ccccc1)Nc1ccccc1,C(=Nc1ccccc1)Nc1ccccc1,0.5,q3,0.48571428571428577,3
solubility,7131,NC(=O)C(=NO)C(N)=O,acyclic:NC(=O)C(=NO)C(N)=O,0.6428571428571428,q4,0.6428571428571428,1
solubility,7140,NC(=O)C1CCCC(C(N)=O)N1,C1CCNCC1,0.6296296296296297,q4,0.58125,20
solubility,7146,NC(=O)CCN(CCO)c1nc(Nc2ccccc2)nc(Nc2ccc(/C=C/c3ccc(Nc4nc(Nc5ccccc5)nc(N(CCO)CCC(N)=O)n4)cc3S(=O)(=O)[O-])c(S(=O)(=O)[O-])c2)n1.[Na+].[Na+],C(=Cc1ccc(Nc2ncnc(Nc3ccccc3)n2)cc1)c1ccc(Nc2ncnc(Nc3ccccc3)n2)cc1,0.3392857142857143,q2,0.367756064690027,12
solubility,7151,NC(=O)CF,acyclic:NC(=O)CF,0.5,q3,0.5,1
solubility,7156,NC(=O)C[C@H](NC(=O)CCl)C(=O)O,acyclic:NC(=O)C[C@H](NC(=O)CCl)C(=O)O,0.6,q4,0.6,1
solubility,7157,NC(=O)C[C@H](NC(N)=O)C(=O)O,acyclic:NC(=O)C[C@H](NC(N)=O)C(=O)O,0.4666666666666667,q3,0.4666666666666667,1
solubility,7175,NC(=O)NCNC(N)=O,acyclic:NC(=O)NCNC(N)=O,0.4736842105263158,q3,0.4736842105263158,1
solubility,7176,NC(=O)NCO,acyclic:NC(=O)NCO,0.42105263157894735,q2,0.42105263157894735,1
solubility,7181,NC(=O)NN=CCOC1CCCCC1,C1CCCCC1,0.6111111111111112,q4,0.6046511627906976,117
solubility,7184,NC(=O)NN=C[C@H](O)[C@@H](O)[C@H](O)[C@H](O)CO,acyclic:NC(=O)NN=C[C@H](O)[C@@H](O)[C@H](O)[C@H](O)CO,0.0,q1,0.0,1
solubility,7195,NC(=O)OCC(Cl)(Cl)Cl,acyclic:NC(=O)OCC(Cl)(Cl)Cl,0.47619047619047616,q3,0.47619047619047616,1
solubility,7209,NC(=O)c1ccc(NC(=O)c2ccc(N)cc2)cc1,O=C(Nc1ccccc1)c1ccccc1,0.34615384615384615,q3,0.4941860465116279,46
solubility,7210,NC(=O)c1ccc(NC(=O)c2ccc([N+](=O)[O-])cc2)cc1,O=C(Nc1ccccc1)c1ccccc1,0.4,q3,0.4941860465116279,46
solubility,7222,NC(=O)c1cnc2n1CCc1ccccc1C21CCNCC1,c1ccc2c(c1)CCn1ccnc1C21CCNCC1,0.746031746031746,q4,0.746031746031746,1
solubility,7236,NC(C(=O)O)C(O)C(O)C(O)CO,acyclic:NC(C(=O)O)C(O)C(O)C(O)CO,0.47619047619047616,q3,0.47619047619047616,1
solubility,7248,NC(CO)C(=O)O,acyclic:NC(CO)C(=O)O,0.0,q1,0.0,1
solubility,7253,NC(CSCCCCCSCC(N)C(=O)O)C(=O)O,acyclic:NC(CSCCCCCSCC(N)C(=O)O)C(=O)O,0.0,q1,0.0,1
solubility,7264,NC(Cc1cc(I)c(Oc2ccc(O)c(I)c2)c(I)c1)C(=O)O,c1ccc(Oc2ccccc2)cc1,0.4285714285714286,q3,0.5172413793103448,139
solubility,7274,NC(Cc1cnc[nH]1)C(=O)O,c1c[nH]cn1,0.5714285714285714,q4,0.653167602245389,28
solubility,7285,NC(N)=O.O=P(O)(O)O,acyclic:NC(N)=O.O=P(O)(O)O,0.4,q2,0.4,1
solubility,7293,NC1C(O)C(O)C(O)C(O)C1O,C1CCCCC1,0.7727272727272727,q4,0.6046511627906976,117
solubility,7297,NC1CCCCC1,C1CCCCC1,0.36363636363636365,q4,0.6046511627906976,117
solubility,7298,NC1CN(c2c(F)cc3c(=O)c(C(=O)O)cn(C4CC4)c3c2F)C1,O=c1ccn(C2CC2)c2cc(N3CCC3)ccc12,0.4590163934426229,q2,0.40983606557377045,18
solubility,7299,NC1CN(c2cc3c(cc2F)c(=O)c(C(=O)O)cn3C2CC2)C1,O=c1ccn(C2CC2)c2cc(N3CCC3)ccc12,0.2692307692307693,q2,0.40983606557377045,18
solubility,7302,NC=O,acyclic:NC=O,0.625,q4,0.625,1
solubility,7310,NCC(=O)O,acyclic:NCC(=O)O,0.4666666666666667,q3,0.4666666666666667,1
solubility,7316,NCC1(CC(=O)O)CCCCC1.[Cl-].[H+],C1CCCCC1,0.6666666666666667,q4,0.6046511627906976,117
solubility,7317,NCC1CCC(C(=O)O)CC1,C1CCCCC1,0.6538461538461539,q4,0.6046511627906976,117
solubility,7333,NCCN,acyclic:NCCN,0.5,q3,0.5,1
solubility,7342,NCCNCCO,acyclic:NCCNCCO,0.33333333333333337,q2,0.33333333333333337,1
solubility,7347,NCCO.O=C(Nc1ccc([N+](=O)[O-])cc1Cl)c1cc(Cl)ccc1O,O=C(Nc1ccccc1)c1ccccc1,0.5714285714285714,q3,0.4941860465116279,46
solubility,7364,NN,acyclic:NN,0.75,q4,0.75,1
solubility,7365,NN.[Cl-].[H+],acyclic:NN.[Cl-].[H+],0.5,q3,0.5,1
solubility,7367,NN=c1nc[nH]c2nccnc12,N=c1nc[nH]c2nccnc12,0.4838709677419355,q3,0.4838709677419355,1
solubility,7372,NNC(=O)NN,acyclic:NNC(=O)NN,0.5333333333333333,q3,0.5333333333333333,1
solubility,7381,NNC(N)=S,acyclic:NNC(N)=S,0.46153846153846156,q3,0.46153846153846156,1
solubility,7386,NNS(=O)(=O)c1ccc(Oc2ccc(S(=O)(=O)NN)cc2)cc1,c1ccc(Oc2ccccc2)cc1,0.40740740740740744,q3,0.5172413793103448,139
solubility,7394,NOS(=O)(=O)O,acyclic:NOS(=O)(=O)O,0.5833333333333333,q4,0.5833333333333333,1
solubility,7397,NS(=O)(=O)[O-].NS(=O)(=O)[O-].[Ca+2],acyclic:NS(=O)(=O)[O-].NS(=O)(=O)[O-].[Ca+2],0.4,q2,0.4,1
solubility,7405,NS(=O)(=O)c1cc(S(=O)(=O)c2ccc(O)cc2)cs1,O=S(=O)(c1ccccc1)c1ccsc1,0.4358974358974359,q2,0.4272510435301133,8
solubility,7406,NS(=O)(=O)c1cc(S(=O)(=O)c2cccc(O)c2)cs1,O=S(=O)(c1ccccc1)c1ccsc1,0.3939393939393939,q2,0.4272510435301133,8
solubility,7471,N[C@@H](CC(=O)O)C(=O)[O-].[Na+],acyclic:N[C@@H](CC(=O)O)C(=O)[O-].[Na+],0.4,q2,0.4,1
solubility,7484,N[C@@H](Cc1cnc[nH]1)C(=O)O.[Cl-].[H+],c1c[nH]cn1,0.5945945945945945,q4,0.653167602245389,28
solubility,7503,Nc1c(OCCOC(=O)Oc2ccccc2)cc(O)c2c1C(=O)c1ccccc1C2=O,O=C(OCCOc1ccc2c(c1)C(=O)c1ccccc1C2=O)Oc1ccccc1,0.26,q1,0.26,1
solubility,7504,Nc1c(Oc2ccccc2)c(Oc2ccccc2)c(N)c2c1C(=O)c1ccccc1C2=O,O=C1c2ccccc2C(=O)c2cc(Oc3ccccc3)c(Oc3ccccc3)cc21,0.39473684210526316,q2,0.39473684210526316,1
solubility,7517,Nc1c([N+](=O)[O-])ccc(Oc2ccccc2)c1Cl,c1ccc(Oc2ccccc2)cc1,0.6046511627906976,q3,0.5172413793103448,139
solubility,7536,Nc1cc(Cl)ccc1Oc1ccc(Cl)cc1Cl,c1ccc(Oc2ccccc2)cc1,0.4814814814814815,q3,0.5172413793103448,139
solubility,7562,Nc1ccc(/C=C/c2ccc(N)cc2S(=O)(=O)O)c(S(=O)(=O)O)c1,C(=Cc1ccccc1)c1ccccc1,0.3793103448275862,q2,0.41666666666666663,5
solubility,7563,Nc1ccc(/C=C/c2ccc(N)cc2S(=O)(=O)[O-])c(S(=O)(=O)[O-])c1.[Na+].[Na+],C(=Cc1ccccc1)c1ccccc1,0.45945945945945943,q2,0.41666666666666663,5
solubility,7573,Nc1ccc(CC(=O)c2ccccc2)cc1,O=C(Cc1ccccc1)c1ccccc1,0.5161290322580645,q2,0.40625,4
solubility,7595,Nc1ccc(N=Nc2ccc(NS(=O)(=O)c3ccc(N=Nc4c(S(=O)(=O)[O-])cc5cc(S(=O)(=O)[O-])c(N=Nc6ccc([N+](=O)[O-])cc6)c(N)c5c4O)cc3)cc2)c(N)c1.[Na+].[Na+],O=S(=O)(Nc1ccc(N=Nc2ccccc2)cc1)c1ccc(N=Nc2ccc3ccc(N=Nc4ccccc4)cc3c2)cc1,0.48809523809523814,q3,0.48809523809523814,1
solubility,7596,Nc1ccc(N=Nc2ccc(S(=O)(=O)Nc3ccc(N=Nc4c(S(=O)(=O)[O-])cc5cc(S(=O)(=O)[O-])c(N=Nc6ccccc6)c(O)c5c4N)cc3)cc2)c(N)c1.[Na+].[Na+],O=S(=O)(Nc1ccc(N=Nc2ccc3ccc(N=Nc4ccccc4)cc3c2)cc1)c1ccc(N=Nc2ccccc2)cc1,0.48750000000000004,q3,0.48750000000000004,1
solubility,7605,Nc1ccc(Nc2ccccc2)c(S(=O)(=O)[O-])c1.Nc1ccc([N+](=O)[O-])cc1.Nc1cccc(S(=O)(=O)[O-])c1.O=C1C=C/C(=N/Nc2cc([N+](=O)[O-])cc([N+](=O)[O-])c2O)C(O)=C1.[Fe].[Na+].[Na+],O=C1C=CC(=NNc2ccccc2)C=C1.c1ccc(Nc2ccccc2)cc1.c1ccccc1.c1ccccc1,0.38372093023255816,q2,0.38372093023255816,1
solubility,7626,Nc1ccc(S(=O)(=O)Nc2ccc(I)nc2)cc1,O=S(=O)(Nc1cccnc1)c1ccccc1,0.34285714285714286,q2,0.38235294117647056,3
solubility,7634,Nc1ccc(S(=O)(=O)Nc2ccccn2)cc1,O=S(=O)(Nc1ccccn1)c1ccccc1,0.32352941176470584,q2,0.4285714285714286,5
solubility,7637,Nc1ccc(S(=O)(=O)Nc2cnc3ccccc3n2)cc1,O=S(=O)(Nc1cnc2ccccc2n1)c1ccccc1,0.45238095238095233,q2,0.45238095238095233,1
solubility,7731,Nc1nc(=O)[nH]c2nccnc12,O=c1ncc2nccnc2[nH]1,0.5,q3,0.4852941176470588,4
solubility,7732,Nc1nc(=O)[nH]n1-c1ccccc1,O=c1ncn(-c2ccccc2)[nH]1,0.4242424242424242,q2,0.4242424242424242,1
solubility,7737,Nc1nc(=O)c2nccnc2[nH]1,O=c1nc[nH]c2nccnc12,0.5142857142857142,q3,0.5142857142857142,3
solubility,7738,Nc1nc(=O)c2ncn(COCCO)c2[nH]1,O=c1nc[nH]c2[nH]cnc12,0.4716981132075472,q3,0.4716981132075472,1
solubility,7752,Nc1nc(N)nc(Cl)n1,c1ncncn1,0.5789473684210527,q4,0.6341463414634146,45
solubility,7753,Nc1nc(N)nc(N)n1,c1ncncn1,0.4285714285714286,q4,0.6341463414634146,45
solubility,7754,Nc1nc(N)nc(N)n1.O=P(O)(O)O,c1ncncn1,0.6,q4,0.6341463414634146,45
solubility,7755,Nc1nc(N)nc(N)n1.O=P(O)(O)OP(=O)(O)O,c1ncncn1,0.6666666666666667,q4,0.6341463414634146,45
solubility,7756,Nc1nc(N)nc(N)n1.O=c1[nH]c(=O)[nH]c(=O)[nH]1,O=c1[nH]c(=O)[nH]c(=O)[nH]1.c1ncncn1,0.4666666666666667,q3,0.4666666666666667,1
solubility,7761,Nc1nc2[nH]cc(CCc3ccc(C(=O)O)cc3)c2c(=O)[nH]1,O=c1[nH]cnc2[nH]cc(CCc3ccccc3)c12,0.625,q4,0.625,1
solubility,7767,Nc1nc2c(ncn2COCCOC(=O)c2ccc(CN3CCOCC3)cc2)c(=O)[nH]1,O=C(OCCOCn1cnc2c(=O)[nH]cnc21)c1ccc(CN2CCOCC2)cc1,0.3088235294117647,q2,0.3088235294117647,1
solubility,7787,O.O.O.O.O.O.O.O.O.O.O=BOB([O-])OB([O-])OB=O.[Na+].[Na+],acyclic:O.O.O.O.O.O.O.O.O.O.O=BOB([O-])OB([O-])OB=O.[Na+].[Na+],0.6,q4,0.6,1
solubility,7796,O.O.O.O.O=S(=O)([O-])O.O=S(=O)([O-])[O-].[Ce+3],acyclic:O.O.O.O.O=S(=O)([O-])O.O=S(=O)([O-])[O-].[Ce+3],0.41666666666666663,q2,0.41666666666666663,1
solubility,7797,O.O.O.O.O=S(=O)([O-])[O-].[Pb].[Pb].[Pb].[Pb].[Pb],acyclic:O.O.O.O.O=S(=O)([O-])[O-].[Pb].[Pb].[Pb].[Pb].[Pb],0.2222222222222222,q1,0.2222222222222222,1
solubility,7798,O.O.O.O.[Cl-].[Cl-].[Mn+2],acyclic:O.O.O.O.[Cl-].[Cl-].[Mn+2],0.5,q3,0.5,1
solubility,7803,O.O=C(O)CC(O)(CC(=O)O)C(=O)O,acyclic:O.O=C(O)CC(O)(CC(=O)O)C(=O)O,0.0625,q1,0.0625,1
solubility,7809,O.[K].[Li].[Ti],acyclic:O.[K].[Li].[Ti],0.8333333333333334,q4,0.8333333333333334,1
solubility,7813,O=C(/C=C/C=C/c1ccc2c(c1)OCO2)N1CCCCC1,O=C(C=CC=Cc1ccc2c(c1)OCO2)N1CCCCC1,0.4545454545454546,q3,0.4545454545454546,2
solubility,7816,O=C(/C=C/c1ccccc1)OCc1ccccc1,O=C(C=Cc1ccccc1)OCc1ccccc1,0.2941176470588235,q2,0.2941176470588235,1
solubility,7820,O=C(C(Cl)Cl)N(CCO)Cc1ccc(Oc2ccc([N+](=O)[O-])cc2)cc1,c1ccc(Oc2ccccc2)cc1,0.6,q3,0.5172413793103448,139
solubility,7821,O=C(C(F)(F)C(F)(F)F)C(F)(C(F)(F)F)C(F)(F)F,acyclic:O=C(C(F)(F)C(F)(F)F)C(F)(C(F)(F)F)C(F)(F)F,0.6842105263157895,q4,0.6842105263157895,1
solubility,7823,O=C(C1CCC1)N(O)C1CCCCC1,O=C(NC1CCCCC1)C1CCC1,0.0,q1,0.0,1
solubility,7826,O=C(C=CC=Cc1ccc2c(c1)OCO2)N1CCCCC1,O=C(C=CC=Cc1ccc2c(c1)OCO2)N1CCCCC1,0.4545454545454546,q3,0.4545454545454546,2
solubility,7829,O=C(CC(=O)c1ccccc1)c1ccccc1,O=C(CC(=O)c1ccccc1)c1ccccc1,0.23809523809523814,q2,0.33116883116883117,2
solubility,7844,O=C(CCS)OCC(COC(=O)CCS)(COC(=O)CCS)COC(=O)CCS,acyclic:O=C(CCS)OCC(COC(=O)CCS)(COC(=O)CCS)COC(=O)CCS,0.48275862068965514,q3,0.48275862068965514,1
solubility,7853,O=C(CS)OCC(O)CO,acyclic:O=C(CS)OCC(O)CO,0.4137931034482759,q2,0.4137931034482759,1
solubility,7859,O=C(Cc1ccccc1)c1ccc(O)cc1,O=C(Cc1ccccc1)c1ccccc1,0.4375,q2,0.40625,4
solubility,7861,O=C(Cl)Cl,acyclic:O=C(Cl)Cl,0.375,q2,0.375,1
solubility,7862,O=C(Cl)OCCOCCOC(=O)Cl,acyclic:O=C(Cl)OCCOCCOC(=O)Cl,0.5416666666666667,q3,0.5416666666666667,1
solubility,7868,O=C(NC(=O)c1c(F)cccc1F)Nc1cc(Cl)c(F)c(Cl)c1F,O=C(NC(=O)c1ccccc1)Nc1ccccc1,0.5084745762711864,q3,0.5,5
solubility,7869,O=C(NC(=O)c1c(F)cccc1F)Nc1cc(Cl)c(OC(F)(F)C(F)F)c(Cl)c1,O=C(NC(=O)c1ccccc1)Nc1ccccc1,0.467741935483871,q3,0.5,5
solubility,7870,O=C(NC(=O)c1c(F)cccc1F)Nc1cc(Cl)c(Oc2ncc(C(F)(F)F)cc2Cl)c(Cl)c1,O=C(NC(=O)c1ccccc1)Nc1ccc(Oc2ccccn2)cc1,0.23728813559322037,q1,0.23728813559322037,1
solubility,7872,O=C(NC(=O)c1c(F)cccc1F)Nc1ccc(Cl)cc1,O=C(NC(=O)c1ccccc1)Nc1ccccc1,0.5,q3,0.5,5
solubility,7873,O=C(NC(=O)c1c(F)cccc1F)Nc1ccc(OC(F)(F)C(F)OC(F)(F)F)c(Cl)c1,O=C(NC(=O)c1ccccc1)Nc1ccccc1,0.49275362318840576,q3,0.5,5
solubility,7876,O=C(NC(=O)c1ccccc1Cl)Nc1ccc(OC(F)(F)F)cc1,O=C(NC(=O)c1ccccc1)Nc1ccccc1,0.625,q3,0.5,5
solubility,7878,O=C(NC(CO)C(=O)O)C(Cl)Cl,acyclic:O=C(NC(CO)C(=O)O)C(Cl)Cl,0.37037037037037035,q2,0.37037037037037035,1
solubility,7884,O=C(NCCCCCCNC(=O)OCCO)OCCO,acyclic:O=C(NCCCCCCNC(=O)OCCO)OCCO,0.23076923076923073,q1,0.23076923076923073,1
solubility,7887,O=C(NCCc1c[nH]cn1)c1ccccc1,O=C(NCCc1c[nH]cn1)c1ccccc1,0.5,q3,0.5,1
solubility,7899,O=C(Nc1cc(S(=O)(=O)[O-])cc2c1C(=O)/C(=N/Nc1ccc3cc(S(=O)(=O)CCOS(=O)(=O)[O-])ccc3c1S(=O)(=O)[O-])C(S(=O)(=O)[O-])=C2)c1ccccc1.[Na+].[Na+].[Na+].[Na+],O=C(Nc1cccc2c1C(=O)C(=NNc1ccc3ccccc3c1)C=C2)c1ccccc1,0.3928571428571429,q2,0.3928571428571429,1
solubility,7903,O=C(Nc1ccc(Cl)cc1)c1cc([N+](=O)[O-])ccc1O,O=C(Nc1ccccc1)c1ccccc1,0.4358974358974359,q3,0.4941860465116279,46
solubility,7904,O=C(Nc1ccc(Cl)cc1)c1cc2ccccc2cc1O,O=C(Nc1ccccc1)c1ccc2ccccc2c1,0.5,q3,0.5,12
solubility,7905,O=C(Nc1ccc(Cl)cc1)c1cccc([N+](=O)[O-])c1O,O=C(Nc1ccccc1)c1ccccc1,0.44999999999999996,q3,0.4941860465116279,46
solubility,7909,O=C(Nc1ccc([N+](=O)[O-])cc1Cl)c1cc(Cl)ccc1O,O=C(Nc1ccccc1)c1ccccc1,0.5116279069767442,q3,0.4941860465116279,46
solubility,7910,O=C(Nc1ccc2[nH]c(=O)[nH]c2c1)C1=Cc2ccccc2/C(=N/Nc2cc(Cl)ccc2Cl)C1=O,O=C(Nc1ccc2[nH]c(=O)[nH]c2c1)C1=Cc2ccccc2C(=NNc2ccccc2)C1=O,0.24193548387096775,q2,0.294755877034358,4
solubility,7913,O=C(Nc1ccc2c(c1)C=C(S(=O)(=O)[O-])/C(=N/Nc1ccc(N=Nc3ccc(S(=O)(=O)[O-])cc3)cc1S(=O)(=O)[O-])C2=O)Nc1ccc2c(c1)C=C(S(=O)(=O)[O-])/C(=N/Nc1ccc(N=Nc3ccc(S(=O)(=O)[O-])cc3)cc1S(=O)(=O)[O-])C2=O.[Na+].[Na+].[Na+].[Na+].[Na+].[Na+],O=C(Nc1ccc2c(c1)C=CC(=NNc1ccc(N=Nc3ccccc3)cc1)C2=O)Nc1ccc2c(c1)C=CC(=NNc1ccc(N=Nc3ccccc3)cc1)C2=O,0.3382352941176471,q2,0.3382352941176471,1
solubility,7915,O=C(Nc1cccc([N+](=O)[O-])c1)c1cc2ccccc2cc1O,O=C(Nc1ccccc1)c1ccc2ccccc2c1,0.48888888888888893,q3,0.5,12
solubility,7921,O=C(Nc1ccccc1)C(O)COc1ccccc1,O=C(CCOc1ccccc1)Nc1ccccc1,0.5142857142857142,q3,0.5142857142857142,1
solubility,7922,O=C(Nc1ccccc1)C1=Cc2ccccc2/C(=N\Nc2cc(Cl)ccc2Cl)C1=O,O=C(Nc1ccccc1)C1=Cc2ccccc2C(=NNc2ccccc2)C1=O,0.17307692307692313,q2,0.31997863247863245,10
solubility,7925,O=C(Nc1ccccc1)Nc1ccccc1NS(=O)(=O)c1ccccc1,O=C(Nc1ccccc1)Nc1ccccc1NS(=O)(=O)c1ccccc1,0.43333333333333335,q2,0.43333333333333335,1
solubility,7928,O=C(Nc1ccccc1)c1ccccc1I,O=C(Nc1ccccc1)c1ccccc1,0.4285714285714286,q3,0.4941860465116279,46
solubility,7929,O=C(Nc1ccccc1)c1ccccc1O,O=C(Nc1ccccc1)c1ccccc1,0.46153846153846156,q3,0.4941860465116279,46
solubility,7936,O=C(O)/C(S)=C/C1CCCCC1,C1CCCCC1,0.696969696969697,q4,0.6046511627906976,117
solubility,7938,O=C(O)/C=C(\CC(=O)O)C(=O)O,acyclic:O=C(O)/C=C(\CC(=O)O)C(=O)O,0.48,q3,0.48,1
solubility,7947,O=C(O)/C=C/c1cnc[nH]1,c1c[nH]cn1,0.625,q4,0.653167602245389,28
solubility,7950,O=C(O)/C=C\C=C/C(=O)O,acyclic:O=C(O)/C=C\C=C/C(=O)O,0.0,q1,0.0,1
solubility,7956,O=C(O)C(=O)O.O=C(O)C(=O)O.[K],acyclic:O=C(O)C(=O)O.O=C(O)C(=O)O.[K],0.1428571428571429,q1,0.1428571428571429,1
solubility,7967,O=C(O)C(Cl)(Cl)CCCl,acyclic:O=C(O)C(Cl)(Cl)CCCl,0.5789473684210527,q4,0.5789473684210527,1
solubility,7970,O=C(O)C(Cl)Cl,acyclic:O=C(O)C(Cl)Cl,0.4285714285714286,q2,0.4285714285714286,1
solubility,7971,O=C(O)C(F)(F)Cl,acyclic:O=C(O)C(F)(F)Cl,0.4285714285714286,q2,0.4285714285714286,1
solubility,7973,O=C(O)C(F)F,acyclic:O=C(O)C(F)F,0.5333333333333333,q3,0.5333333333333333,1
solubility,7975,O=C(O)C(I)=CBr,acyclic:O=C(O)C(I)=CBr,0.6,q4,0.6,1
solubility,7976,O=C(O)C(NCCCCCNC(C(=O)O)c1ccccc1)c1ccccc1,c1ccc(CNCCCCCNCc2ccccc2)cc1,0.5666666666666667,q4,0.5666666666666667,1
solubility,7988,O=C(O)C(SCCSC(C(=O)O)c1ccccc1)c1ccccc1,c1ccc(CSCCSCc2ccccc2)cc1,0.2857142857142857,q1,0.2857142857142857,1
solubility,7990,O=C(O)C1(O)CC(O)C(O)C(O)C1,C1CCCCC1,0.6,q4,0.6046511627906976,117
solubility,7991,O=C(O)C1(O)CCCCC1,C1CCCCC1,0.5185185185185186,q4,0.6046511627906976,117
solubility,8007,O=C(O)C1CCC(C(=O)O)CC1,C1CCCCC1,0.5,q4,0.6046511627906976,117
solubility,8010,O=C(O)C1CCCCC1,C1CCCCC1,0.5384615384615384,q4,0.6046511627906976,117
solubility,8011,O=C(O)C1CCCCC1C(=O)O,C1CCCCC1,0.6190476190476191,q4,0.6046511627906976,117
solubility,8013,O=C(O)C1CCNCC1.[Cl-].[H+],C1CCNCC1,0.53125,q4,0.58125,20
solubility,8014,O=C(O)C1CCNCC1C(=O)O,C1CCNCC1,0.6551724137931034,q4,0.58125,20
solubility,8020,O=C(O)C=Cc1c[nH]cn1,c1c[nH]cn1,0.625,q4,0.653167602245389,28
solubility,8024,O=C(O)CC(=O)C(=O)O,acyclic:O=C(O)CC(=O)C(=O)O,0.4285714285714286,q2,0.4285714285714286,1
solubility,8036,O=C(O)CC(O)(CC(=O)O)C(=O)O.O=C(O)CC(O)(CC(=O)O)C(=O)O.[Mg].[Mg].[Mg],acyclic:O=C(O)CC(O)(CC(=O)O)C(=O)O.O=C(O)CC(O)(CC(=O)O)C(=O)O.[Mg].[Mg].[Mg],0.0625,q1,0.0625,1
solubility,8039,O=C(O)CC(O)CCC1=CCCC1=O,O=C1C=CCC1,0.7222222222222222,q4,0.7361111111111112,2
solubility,8042,O=C(O)CC1(CC(=O)O)CCCCC1,C1CCCCC1,0.64,q4,0.6046511627906976,117
solubility,8043,O=C(O)CC1(CC(=O)O)OCOC1=O,O=C1COCO1,0.6944444444444444,q4,0.6944444444444444,1
solubility,8045,O=C(O)CC1CCCCC1,C1CCCCC1,0.45833333333333337,q4,0.6046511627906976,117
solubility,8047,O=C(O)CCC(=O)C(=O)O,acyclic:O=C(O)CCC(=O)C(=O)O,0.3571428571428571,q2,0.3571428571428571,1
solubility,8054,O=C(O)CCC(C(=O)O)N(CC(=O)O)CC(=O)O,acyclic:O=C(O)CCC(C(=O)O)N(CC(=O)O)CC(=O)O,0.4375,q2,0.4375,1
solubility,8060,O=C(O)CCCCC(=O)O.[K+],acyclic:O=C(O)CCCCC(=O)O.[K+],0.08333333333333337,q1,0.08333333333333337,1
solubility,8062,O=C(O)CCCCC1SCC2NC(=O)NC21,O=C1NC2CSCC2N1,0.4772727272727273,q3,0.4772727272727273,1
solubility,8069,O=C(O)CCCCCCCCCCC(=O)O,acyclic:O=C(O)CCCCCCCCCCC(=O)O,0.0,q1,0.0,1
solubility,8073,O=C(O)CCCCCNc1nc(NCCCCCC(=O)O)nc(NCCCCCC(=O)O)n1,c1ncncn1,0.5,q4,0.6341463414634146,45
solubility,8074,O=C(O)CCCCCNc1nc(NCCCCCC(=O)O)nc(NCCCCCC(=O)O)n1.OCCN(CCO)CCO.OCCN(CCO)CCO.OCCN(CCO)CCO,c1ncncn1,0.375,q4,0.6341463414634146,45
solubility,8087,O=C(O)CCI,acyclic:O=C(O)CCI,0.4285714285714286,q2,0.4285714285714286,1
solubility,8098,O=C(O)CCl,acyclic:O=C(O)CCl,0.5,q3,0.5,1
solubility,8105,O=C(O)CN(CCN(CC(=O)O)CC(=O)O)CC(=O)O,acyclic:O=C(O)CN(CCN(CC(=O)O)CC(=O)O)CC(=O)O,0.23529411764705888,q1,0.23529411764705888,1
solubility,8106,O=C(O)CN(CP(=O)(O)O)CP(=O)(O)O,acyclic:O=C(O)CN(CP(=O)(O)O)CP(=O)(O)O,0.42105263157894735,q2,0.42105263157894735,1
solubility,8109,O=C(O)CN1CCCCS1(=O)=O,O=S1(=O)CCCCN1,0.7058823529411764,q4,0.7058823529411764,1
solubility,8113,O=C(O)CNC(=S)SCC(=O)O,acyclic:O=C(O)CNC(=S)SCC(=O)O,0.33333333333333337,q2,0.33333333333333337,1
solubility,8116,O=C(O)CNCP(=O)(O)O,acyclic:O=C(O)CNCP(=O)(O)O,0.5416666666666667,q3,0.5416666666666667,1
solubility,8146,O=C(O)CS,acyclic:O=C(O)CS,0.375,q2,0.375,1
solubility,8150,O=C(O)CSC(SCC(=O)O)SCC(=O)O,acyclic:O=C(O)CSC(SCC(=O)O)SCC(=O)O,0.5263157894736843,q3,0.5263157894736843,1
solubility,8151,O=C(O)CSC1CCCCC1,C1CCCCC1,0.6206896551724138,q4,0.6046511627906976,117
solubility,8152,O=C(O)CSCC(=O)O,acyclic:O=C(O)CSCC(=O)O,0.47058823529411764,q3,0.47058823529411764,1
solubility,8156,O=C(O)C[CH2][Ge](=[O])[O][Ge](=[O])[CH2]CC(=O)O,acyclic:O=C(O)C[CH2][Ge](=[O])[O][Ge](=[O])[CH2]CC(=O)O,0.5789473684210527,q4,0.5789473684210527,1
solubility,8169,O=C(O)Cc1ccccc1Oc1ccc(Cl)cc1Cl,c1ccc(Oc2ccccc2)cc1,0.4473684210526315,q3,0.5172413793103448,139
solubility,8176,O=C(O)[C@@H](O)[C@H](O)[C@H](O)[C@H](O)C(=O)O,acyclic:O=C(O)[C@@H](O)[C@H](O)[C@H](O)[C@H](O)C(=O)O,0.0,q1,0.0,1
solubility,8186,O=C(O)c1c(Cl)c(Cl)c(Cl)c(Cl)c1C(=O)Nc1cccc(Cl)c1Cl,O=C(Nc1ccccc1)c1ccccc1,0.5151515151515151,q3,0.4941860465116279,46
solubility,8228,O=C(O)c1cc(Oc2ccc(C(F)(F)F)cc2Cl)ccc1[N+](=O)[O-],c1ccc(Oc2ccccc2)cc1,0.5208333333333333,q3,0.5172413793103448,139
solubility,8268,O=C(O)c1ccc2c(c1)C(=O)OC2=O,O=C1OC(=O)c2ccccc21,0.5185185185185186,q3,0.5248842592592593,4
solubility,8293,O=C(O)c1cccc2cccc(-c3cccc4cccc(C(=O)O)c34)c12,c1ccc2c(-c3cccc4ccccc34)cccc2c1,0.4375,q2,0.4375,1
solubility,8304,O=C(O)c1ccccc1C(=O)Nc1ccccc1,O=C(Nc1ccccc1)c1ccccc1,0.3913043478260869,q3,0.4941860465116279,46
solubility,8308,O=C(O)c1ccccc1C(=O)c1ccc(-c2ccccc2)cc1,O=C(c1ccccc1)c1ccc(-c2ccccc2)cc1,0.2857142857142857,q1,0.2857142857142857,1
solubility,8317,O=C(O)c1ccccc1CC(=O)c1ccccc1C(=O)O,O=C(Cc1ccccc1)c1ccccc1,0.28,q2,0.40625,4
solubility,8346,O=C(O)c1nc[nH]c1C(=O)O,c1c[nH]cn1,0.6333333333333333,q4,0.653167602245389,28
solubility,8354,O=C(OCC(=O)N(C1CCCCC1)C1CCCCC1)c1ccccc1,O=C(OCC(=O)N(C1CCCCC1)C1CCCCC1)c1ccccc1,0.25,q1,0.25,1
solubility,8372,O=C(OCCCOCCCOC(=O)c1ccccc1)c1ccccc1,O=C(OCCCOCCCOC(=O)c1ccccc1)c1ccccc1,0.2692307692307693,q1,0.2692307692307693,1
solubility,8373,O=C(OCCCc1ccccc1)c1ccccc1,O=C(OCCCc1ccccc1)c1ccccc1,0.2592592592592593,q1,0.2592592592592593,1
solubility,8378,O=C(OCCOCCOC(=O)c1ccccc1)c1ccccc1,O=C(OCCOCCOC(=O)c1ccccc1)c1ccccc1,0.13043478260869568,q1,0.13043478260869568,1
solubility,8389,O=C(OCn1c(=O)[nH]cc(F)c1=O)Oc1ccccc1,O=C(OCn1c(=O)cc[nH]c1=O)Oc1ccccc1,0.3555555555555555,q2,0.3555555555555555,1
solubility,8406,O=C([O-])C(=O)O.[K+],acyclic:O=C([O-])C(=O)O.[K+],0.30000000000000004,q2,0.30000000000000004,1
solubility,8409,O=C([O-])C(=O)[O-].[Ce].[Ce],acyclic:O=C([O-])C(=O)[O-].[Ce].[Ce],0.125,q1,0.125,1
solubility,8419,O=C([O-])C(F)(F)C(F)F.[Na+],acyclic:O=C([O-])C(F)(F)C(F)F.[Na+],0.55,q3,0.55,1
solubility,8426,O=C([O-])C1=Cc2ccccc2/C(=N/Nc2ccc3ccccc3c2S(=O)(=O)[O-])C1=O.[Ca+2],O=C1C=Cc2ccccc2C1=NNc1ccc2ccccc2c1,0.3214285714285714,q2,0.3214285714285714,1
solubility,8427,O=C([O-])C1=NN(c2ccc(S(=O)(=O)[O-])cc2)C(=O)C1N=Nc1ccc(S(=O)(=O)[O-])cc1.[Na+].[Na+].[Na+],O=C1C(N=Nc2ccccc2)C=NN1c1ccccc1,0.5,q3,0.484375,10
solubility,8436,O=C([O-])CCC(=O)C(=O)[O-].[Na+].[Na+],acyclic:O=C([O-])CCC(=O)C(=O)[O-].[Na+].[Na+],0.2666666666666667,q1,0.2666666666666667,1
solubility,8441,O=C([O-])CCCCCCCCC(=O)[O-].[Li+].[Li+],acyclic:O=C([O-])CCCCCCCCC(=O)[O-].[Li+].[Li+],0.0,q1,0.0,1
solubility,8442,O=C([O-])CCCCCCCCC(=O)[O-].[Na+].[Na+],acyclic:O=C([O-])CCCCCCCCC(=O)[O-].[Na+].[Na+],0.1333333333333333,q1,0.1333333333333333,1
solubility,8448,O=C([O-])CN(CCN(CC(=O)[O-])CC(=O)O)CC(=O)O.[NH4+].[NH4+],acyclic:O=C([O-])CN(CCN(CC(=O)[O-])CC(=O)O)CC(=O)O.[NH4+].[NH4+],0.2857142857142857,q1,0.2857142857142857,1
solubility,8449,O=C([O-])CN(CCN(CC(=O)[O-])CC(=O)O)CC(=O)O.[Na+].[Na+],acyclic:O=C([O-])CN(CCN(CC(=O)[O-])CC(=O)O)CC(=O)O.[Na+].[Na+],0.19999999999999996,q1,0.19999999999999996,1
solubility,8453,O=C([O-])CN(CCN(CC(=O)[O-])CC(=O)[O-])CC(=O)[O-].[Mn+2].[Na+].[Na+],acyclic:O=C([O-])CN(CCN(CC(=O)[O-])CC(=O)[O-])CC(=O)[O-].[Mn+2].[Na+].[Na+],0.05882352941176472,q1,0.05882352941176472,1
solubility,8462,O=C([O-])CS.[K+],acyclic:O=C([O-])CS.[K+],0.15384615384615385,q1,0.15384615384615385,1
solubility,8473,O=C([O-])[C@H](O)[C@H](O)[C@@H](O)[C@H](O)[C@H](O)CO.[Na+],acyclic:O=C([O-])[C@H](O)[C@H](O)[C@@H](O)[C@H](O)[C@H](O)CO.[Na+],0.0,q1,0.0,1
solubility,8483,O=C([O-])[O-].[Co+2],acyclic:O=C([O-])[O-].[Co+2],0.25,q1,0.25,1
solubility,8495,O=C([O-])c1ccc[n+](-c2nc(NCCNc3ccc4c(c3S(=O)(=O)[O-])Oc3c(Cl)c5c(c(Cl)c3=N4)Oc3c(ccc(NCCNc4nc(Nc6cc(S(=O)(=O)[O-])ccc6S(=O)(=O)[O-])nc(-[n+]6cccc(C(=O)[O-])c6)n4)c3S(=O)(=O)[O-])N=5)nc(Nc3cc(S(=O)(=O)[O-])ccc3S(=O)(=O)[O-])n2)c1.[Na+].[Na+].[Na+].[Na+].[Na+].[Na+],c1ccc(Nc2nc(NCCNc3ccc4c(c3)Oc3cc5c(cc3=N4)Oc3cc(NCCNc4nc(Nc6ccccc6)nc(-[n+]6ccccc6)n4)ccc3N=5)nc(-[n+]3ccccc3)n2)cc1,0.35,q2,0.35,1
solubility,8500,O=C([O-])c1ccccc1-c1c2cc(Br)c(=O)cc-2oc2c([C]3=CC=[CH][Hg]3)c([O-])c(Br)cc12.[Na+].[Na+],O=c1ccc2c(-c3ccccc3)c3cccc([C]4=CC=[CH][Hg]4)c3oc-2c1,0.47058823529411764,q3,0.47058823529411764,1
solubility,8511,O=C(c1cc([N+](=O)[O-])cc([N+](=O)[O-])c1)N(O)c1ccccc1,O=C(Nc1ccccc1)c1ccccc1,0.48484848484848486,q3,0.4941860465116279,46
solubility,8512,O=C(c1ccc(Cl)cc1Cl)N(O)c1ccccc1,O=C(Nc1ccccc1)c1ccccc1,0.4545454545454546,q3,0.4941860465116279,46
solubility,8518,O=C(c1ccc2ccccc2c1)N(O)c1ccc(Cl)cc1,O=C(Nc1ccccc1)c1ccc2ccccc2c1,0.5142857142857142,q3,0.5,12
solubility,8519,O=C(c1cccc(F)c1)N(O)c1ccccc1,O=C(Nc1ccccc1)c1ccccc1,0.4375,q3,0.4941860465116279,46
solubility,8520,O=C(c1cccc2ccccc12)N(O)c1ccccc1,O=C(Nc1ccccc1)c1cccc2ccccc12,0.4193548387096774,q2,0.4193548387096774,1
solubility,8522,O=C(c1ccccc1)C(O)c1ccccc1,O=C(Cc1ccccc1)c1ccccc1,0.375,q2,0.40625,4
solubility,8526,O=C(c1ccccc1)N(O)c1ccccc1,O=C(Nc1ccccc1)c1ccccc1,0.4516129032258065,q3,0.4941860465116279,46
solubility,8531,O=C(c1ccccc1)c1ccc2n1CCC2C(=O)O,O=C(c1ccccc1)c1ccc2n1CCC2,0.6122448979591837,q4,0.5918367346938775,3
solubility,8537,O=C(c1ccccc1I)N(O)c1ccccc1,O=C(Nc1ccccc1)c1ccccc1,0.4482758620689655,q3,0.4941860465116279,46
solubility,8549,O=C1C(=C2Nc3ccccc3C=C2O)C(=O)c2ccccc21,O=C1C(=C2C=Cc3ccccc3N2)C(=O)c2ccccc21,0.5428571428571429,q3,0.5428571428571429,1
solubility,8557,O=C1C(Cl)C(CCl)CN1c1cccc(C(F)(F)F)c1,O=C1CCCN1c1ccccc1,0.6206896551724138,q4,0.6076421248835042,2
solubility,8562,O=C1C(S(=O)(=O)O)=C(O)c2ccccc21,O=C1C=Cc2ccccc21,0.4814814814814815,q3,0.4814814814814815,1
solubility,8564,O=C1C(S(=O)(=O)[O-])=Cc2cc(S(=O)(=O)[O-])ccc2/C1=N\Nc1ccc(S(=O)(=O)[O-])c2ccccc12.[Na+].[Na+].[Na+],O=C1C=Cc2ccccc2C1=NNc1cccc2ccccc12,0.32835820895522383,q2,0.34615384615384615,3
solubility,8579,O=C1C=CC(=O)N1c1ccc(Cc2ccc(N3C(=O)C=CC3=O)cc2)cc1,O=C1C=CC(=O)N1c1ccc(Cc2ccc(N3C(=O)C=CC3=O)cc2)cc1,0.43999999999999995,q2,0.43999999999999995,1
solubility,8586,O=C1C=Cc2cc(S(=O)(=O)[O-])cc(S(=O)(=O)[O-])c2/C1=N/Nc1ccc(S(=O)(=O)[O-])c2ccccc12.[Na+].[Na+].[Na+],O=C1C=Cc2ccccc2C1=NNc1cccc2ccccc12,0.4492753623188406,q2,0.34615384615384615,3
solubility,8594,O=C1C=Cc2ccccc2/C1=N\Nc1ccc(S(=O)(=O)[O-])c2ccccc12.[Na+],O=C1C=Cc2ccccc2C1=NNc1cccc2ccccc12,0.34615384615384615,q2,0.34615384615384615,3
solubility,8597,O=C1CC(=O)NC(=O)N1,O=C1CC(=O)NC(=O)N1,0.4444444444444444,q3,0.525,49
solubility,8599,O=C1CC(c2ccc(O)c(O)c2)Oc2cc(O)cc(O)c21,O=C1CC(c2ccccc2)Oc2ccccc21,0.5833333333333333,q4,0.5833333333333333,3
solubility,8605,O=C1CC=CS1,O=C1CC=CS1,0.7777777777777778,q4,0.7777777777777778,1
solubility,8606,O=C1CC=NC=N1,O=C1CC=NC=N1,0.7931034482758621,q4,0.7931034482758621,1
solubility,8610,O=C1CCC(=O)O1,O=C1CCC(=O)O1,0.5333333333333333,q4,0.6198412698412699,4
solubility,8636,O=C1CCCCCN1,O=C1CCCCCN1,0.0,q1,0.2692307692307692,2
solubility,8647,O=C1CCN(c2ccccc2)N1,O=C1CCN(c2ccccc2)N1,0.5882352941176471,q4,0.5882352941176471,1
solubility,8661,O=C1CNC(=O)c2cc(Cl)ccc2N1,O=C1CNC(=O)c2ccccc2N1,0.5405405405405406,q3,0.5609756097560976,5
solubility,8662,O=C1CNC(=O)c2ccccc2N1,O=C1CNC(=O)c2ccccc2N1,0.5,q3,0.5609756097560976,5
solubility,8666,O=C1CSC(=S)N1,O=C1CSC(=S)N1,0.6818181818181819,q4,0.6818181818181819,1
solubility,8667,O=C1C[C@@H](c2ccc(O)c(O)c2)Oc2cc(O)cc(O)c21,O=C1CC(c2ccccc2)Oc2ccccc21,0.5833333333333333,q4,0.5833333333333333,3
solubility,8669,O=C1Cc2c(ccc3ccccc23)O1,O=C1Cc2c(ccc3ccccc23)O1,0.5945945945945945,q4,0.5945945945945945,1
solubility,8677,O=C1NC(=O)C([N+](=O)[O-])C(=O)N1,O=C1CC(=O)NC(=O)N1,0.6818181818181819,q3,0.525,49
solubility,8685,O=C1NC(=O)C2(CCCCCC2)C(=O)N1,O=C1NC(=O)C2(CCCCCC2)C(=O)N1,0.0,q1,0.0,1
solubility,8687,O=C1NC(=O)C2(CCCCCCCCC2)C(=O)N1,O=C1NC(=O)C2(CCCCCCCCC2)C(=O)N1,0.0,q1,0.0,1
solubility,8689,O=C1NC(=O)C2(CCCCCCCCCCC2)C(=O)N1,O=C1NC(=O)C2(CCCCCCCCCCC2)C(=O)N1,0.0,q1,0.0,1
solubility,8704,O=C1NCC(=O)N(CC(O)C(O)C(O)CO)c2ccccc21,O=C1CNC(=O)c2ccccc2N1,0.6923076923076923,q3,0.5609756097560976,5
solubility,8707,O=C1NCCN1/N=C/c1ccc([N+](=O)[O-])o1,O=C1NCCN1N=Cc1ccco1,0.34782608695652173,q2,0.34782608695652173,1
solubility,8718,O=C1OC(=O)C2C1C1(Cl)C(Cl)=C(Cl)C2(Cl)C1(Cl)Cl,O=C1OC(=O)C2C3C=CC(C3)C12,0.6071428571428572,q4,0.6071428571428572,1
solubility,8721,O=C1OC(=O)c2c(Cl)c(Cl)c(Cl)c(Cl)c21,O=C1OC(=O)c2ccccc21,0.56,q3,0.5248842592592593,4
solubility,8724,O=C1OC(=O)c2ccccc21,O=C1OC(=O)c2ccccc21,0.4,q3,0.5248842592592593,4
solubility,8725,O=C1OC(=O)c2ccccc21.OCCOCCO,O=C1OC(=O)c2ccccc21,0.53125,q3,0.5248842592592593,4
solubility,8737,O=C1OCCCN1/N=C/c1ccc([N+](=O)[O-])o1,O=C1OCCCN1N=Cc1ccco1,0.40816326530612246,q2,0.40816326530612246,1
solubility,8775,O=C1c2ccccc2C(=O)c2c1ccc1c2[nH]c2ccc3c4ccccc4c(=O)c4ccc1c2c43,O=C1c2ccccc2C(=O)c2c1ccc1c2[nH]c2ccc3c4ccccc4c(=O)c4ccc1c2c43,0.4878048780487805,q3,0.4878048780487805,1
solubility,8808,O=C[O-].O=C[O-].[Zn+2],acyclic:O=C[O-].O=C[O-].[Zn+2],0.25,q1,0.25,1
solubility,8839,O=N/C=C1\C=CC=CN1,C=C1C=CC=CN1,0.8333333333333334,q4,0.8085585585585586,2
solubility,8842,O=NN(CCCl)C(=O)NC1CCCCC1,C1CCCCC1,0.4722222222222222,q4,0.6046511627906976,117
solubility,8849,O=NN1CCCCC1,C1CCNCC1,0.0,q4,0.58125,20
solubility,8857,O=O,acyclic:O=O,0.75,q4,0.75,1
solubility,8861,O=P(O)(O)CN(CCCCCCN(CP(=O)(O)O)CP(=O)(O)O)CCCCCCN(CP(=O)(O)O)CP(=O)(O)O,acyclic:O=P(O)(O)CN(CCCCCCN(CP(=O)(O)O)CP(=O)(O)O)CCCCCCN(CP(=O)(O)O)CP(=O)(O)O,0.052631578947368474,q1,0.052631578947368474,1
solubility,8864,O=P(O)(O)OC1C(O)C(O)C(O)C(O)C1O,C1CCCCC1,0.5806451612903225,q4,0.6046511627906976,117
solubility,8867,O=P(O)(O)O[C@H]1[C@H](OP(=O)(O)O)[C@@H](OP(=O)(O)O)[C@H](OP(=O)(O)O)[C@@H](OP(=O)(O)O)[C@H]1OP(=O)(O)O,C1CCCCC1,0.6666666666666667,q4,0.6046511627906976,117
solubility,8870,O=P(OC(CCl)CCl)(OC(CCl)CCl)OC(CCl)CCl,acyclic:O=P(OC(CCl)CCl)(OC(CCl)CCl)OC(CCl)CCl,0.4545454545454546,q3,0.4545454545454546,1
solubility,8875,O=P(OCc1ccccc1)(OCc1ccccc1)OP(=O)(OCc1ccccc1)OCc1ccccc1,O=P(OCc1ccccc1)(OCc1ccccc1)OP(=O)(OCc1ccccc1)OCc1ccccc1,0.3928571428571429,q2,0.3928571428571429,1
solubility,8881,O=P([O-])(O)O.O=P([O-])(O)O.[Ca+2],acyclic:O=P([O-])(O)O.O=P([O-])(O)O.[Ca+2],0.19999999999999996,q1,0.19999999999999996,1
solubility,8888,O=P([O-])([O-])O.[Mn+2],acyclic:O=P([O-])([O-])O.[Mn+2],0.19999999999999996,q1,0.19999999999999996,1
solubility,8891,O=P([O-])([O-])OP(=O)([O-])[O-].O=P([O-])([O-])OP(=O)([O-])[O-].O=P([O-])([O-])OP(=O)([O-])[O-].[Fe+3].[Fe+3].[Fe+3].[Fe+3],acyclic:O=P([O-])([O-])OP(=O)([O-])[O-].O=P([O-])([O-])OP(=O)([O-])[O-].O=P([O-])([O-])OP(=O)([O-])[O-].[Fe+3].[Fe+3].[Fe+3].[Fe+3],0.09090909090909094,q1,0.09090909090909094,1
solubility,8905,O=P([O-])([O-])[O-].[Cr+3],acyclic:O=P([O-])([O-])[O-].[Cr+3],0.25,q1,0.25,1
solubility,8934,O=S(=O)(Nc1cccnc1Cl)c1ccccc1,O=S(=O)(Nc1cccnc1)c1ccccc1,0.38235294117647056,q2,0.38235294117647056,3
solubility,8935,O=S(=O)(Nc1ncccc1Cl)c1ccccc1,O=S(=O)(Nc1ccccn1)c1ccccc1,0.4285714285714286,q2,0.4285714285714286,5
solubility,8939,O=S(=O)(O)CCCNC1CCCCC1,C1CCCCC1,0.7,q4,0.6046511627906976,117
solubility,8948,O=S(=O)(O)c1c[nH]cn1,c1c[nH]cn1,0.7241379310344828,q4,0.653167602245389,28
solubility,8950,O=S(=O)(O)c1cc(Nc2nc(Nc3ccccc3)nc(N(CCO)CCO)n2)ccc1/C=C/c1ccc(Nc2nc(Nc3ccccc3)nc(N(CCO)CCO)n2)cc1S(=O)(=O)O,C(=Cc1ccc(Nc2ncnc(Nc3ccccc3)n2)cc1)c1ccc(Nc2ncnc(Nc3ccccc3)n2)cc1,0.39622641509433965,q2,0.367756064690027,12
solubility,8955,O=S(=O)(O)c1ccc2nc(-c3ccccc3)[nH]c2c1,c1ccc(-c2nc3ccccc3[nH]2)cc1,0.5641025641025641,q3,0.5641025641025641,1
solubility,8957,O=S(=O)(O)c1cccc(Nc2nc(NCCO)nc(Nc3ccc(/C=C/c4ccc(Nc5nc(NCCO)nc(Nc6cccc(S(=O)(=O)O)c6)n5)cc4S(=O)(=O)O)c(S(=O)(=O)O)c3)n2)c1.[Na+].[Na+].[Na+].[Na+],C(=Cc1ccc(Nc2ncnc(Nc3ccccc3)n2)cc1)c1ccc(Nc2ncnc(Nc3ccccc3)n2)cc1,0.4821428571428571,q2,0.367756064690027,12
solubility,8961,O=S(=O)(O)c1ncc[nH]1,c1c[nH]cn1,0.6875,q4,0.653167602245389,28
solubility,8962,O=S(=O)([O-])C(F)(F)C(F)(F)C(F)(F)C(F)(F)F.[K+],acyclic:O=S(=O)([O-])C(F)(F)C(F)(F)C(F)(F)C(F)(F)F.[K+],0.4545454545454546,q3,0.4545454545454546,1
solubility,8964,O=S(=O)([O-])CCCSSCCCS(=O)(=O)[O-].[Na+].[Na+],acyclic:O=S(=O)([O-])CCCSSCCCS(=O)(=O)[O-].[Na+].[Na+],0.5652173913043479,q3,0.5652173913043479,1
solubility,8965,O=S(=O)([O-])CCC[NH+]1CCOCC1,C1COCC[NH2+]1,0.6,q4,0.64375,2
solubility,8969,O=S(=O)([O-])CCNC1CCCCC1.[Na+],C1CCCCC1,0.5666666666666667,q4,0.6046511627906976,117
solubility,8983,O=S(=O)([O-])[O-].[Cs+].[Cs+],acyclic:O=S(=O)([O-])[O-].[Cs+].[Cs+],0.1428571428571429,q1,0.1428571428571429,1
solubility,8987,O=S(=O)([O-])[O-].[Na+].[Na+],acyclic:O=S(=O)([O-])[O-].[Na+].[Na+],0.1428571428571429,q1,0.1428571428571429,1
solubility,8991,O=S(=O)([O-])[O-].[Sn+2],acyclic:O=S(=O)([O-])[O-].[Sn+2],0.1428571428571429,q1,0.1428571428571429,1
solubility,8993,O=S(=O)([O-])c1cc(Nc2nc(NCCO)nc(Nc3ccccc3)n2)ccc1/C=C/c1ccc(Nc2nc(NCCO)nc(Nc3ccccc3)n2)cc1S(=O)(=O)[O-].[Na+].[Na+],C(=Cc1ccc(Nc2ncnc(Nc3ccccc3)n2)cc1)c1ccc(Nc2ncnc(Nc3ccccc3)n2)cc1,0.19565217391304346,q2,0.367756064690027,12
solubility,8994,O=S(=O)([O-])c1cc(Nc2nc(Nc3ccccc3)nc(N(CCO)CCO)n2)ccc1/C=C/c1ccc(Nc2nc(Nc3ccccc3)nc(N(CCO)CCO)n2)cc1S(=O)(=O)[O-].[K].[K].[Na+].[Na+],C(=Cc1ccc(Nc2ncnc(Nc3ccccc3)n2)cc1)c1ccc(Nc2ncnc(Nc3ccccc3)n2)cc1,0.26,q2,0.367756064690027,12
solubility,8995,O=S(=O)([O-])c1cc(Nc2nc(Nc3ccccc3)nc(N(CCO)CCO)n2)ccc1/C=C/c1ccc(Nc2nc(Nc3ccccc3)nc(N(CCO)CCO)n2)cc1S(=O)(=O)[O-].[Na+].[Na+],C(=Cc1ccc(Nc2ncnc(Nc3ccccc3)n2)cc1)c1ccc(Nc2ncnc(Nc3ccccc3)n2)cc1,0.24489795918367352,q2,0.367756064690027,12
solubility,9006,O=S(=O)([O-])c1ccc(Nc2nc(Nc3ccc(/C=C/c4ccc(Nc5nc(Nc6ccc(S(=O)(=O)[O-])cc6)nc(N(CCO)CCO)n5)c(S(=O)(=O)[O-])c4)cc3S(=O)(=O)[O-])nc(N(CCO)CCO)n2)cc1.[Na+].[Na+].[Na+].[Na+],C(=Cc1ccc(Nc2ncnc(Nc3ccccc3)n2)cc1)c1ccc(Nc2ncnc(Nc3ccccc3)n2)cc1,0.5070422535211268,q2,0.367756064690027,12
solubility,9008,O=S(=O)([O-])c1ccc(S(=O)(=O)[O-])c(Nc2nc(Nc3ccc(/C=C/c4ccc(Nc5nc(Nc6cc(S(=O)(=O)[O-])ccc6S(=O)(=O)[O-])nc(N(CCO)CCO)n5)cc4S(=O)(=O)[O-])c(S(=O)(=O)[O-])c3)nc(N(CCO)CCO)n2)c1.[Na+].[Na+].[Na+].[Na+].[Na+].[Na+],C(=Cc1ccc(Nc2ncnc(Nc3ccccc3)n2)cc1)c1ccc(Nc2ncnc(Nc3ccccc3)n2)cc1,0.4385964912280702,q2,0.367756064690027,12
solubility,9011,O=S(=O)([O-])c1cccc(N=Nc2ccc(N=Nc3ccc(Nc4ccccc4)c4c(S(=O)(=O)[O-])cccc34)c3ccccc23)c1.[Na+].[Na+],c1ccc(N=Nc2ccc(N=Nc3ccc(Nc4ccccc4)c4ccccc34)c3ccccc23)cc1,0.21999999999999997,q1,0.21999999999999997,1
solubility,9034,O=S1(=O)OC(c2ccc(O)cc2)(c2ccc(O)cc2)c2ccccc21,O=S1(=O)OC(c2ccccc2)(c2ccccc2)c2ccccc21,0.5128205128205128,q4,0.6336032388663968,2
solubility,9035,O=S1(=O)OC2(c3cc(O)ccc3Oc3ccc(O)cc32)c2ccccc21,O=S1(=O)OC2(c3ccccc3Oc3ccccc32)c2ccccc21,0.574468085106383,q4,0.574468085106383,1
solubility,9043,O=[As](O)(O)O,acyclic:O=[As](O)(O)O,0.4444444444444444,q2,0.4444444444444444,1
solubility,9044,O=[N+](O)OC1CCCCC1O[N+](=O)O,C1CCCCC1,0.3913043478260869,q4,0.6046511627906976,117
solubility,9056,O=[N+]([O-])C([N+](=O)[O-])([N+](=O)[O-])[N+](=O)[O-],acyclic:O=[N+]([O-])C([N+](=O)[O-])([N+](=O)[O-])[N+](=O)[O-],0.5,q3,0.5,1
solubility,9057,O=[N+]([O-])C12COP(=O)(OC1)OC2,O=P12OCC(CO1)CO2,0.7692307692307692,q4,0.7692307692307692,1
solubility,9058,O=[N+]([O-])CCO,acyclic:O=[N+]([O-])CCO,0.5714285714285714,q4,0.5714285714285714,1
solubility,9063,O=[N+]([O-])NC1=NCCN1Cc1ccc(Cl)nc1,C1=NCCN1Cc1cccnc1,0.5892857142857143,q4,0.5892857142857143,1
solubility,9065,O=[N+]([O-])OC1CCCC(O[N+](=O)[O-])C1,C1CCCCC1,0.48,q4,0.6046511627906976,117
solubility,9070,O=[N+]([O-])OCC(CO[N+](=O)[O-])O[N+](=O)[O-],acyclic:O=[N+]([O-])OCC(CO[N+](=O)[O-])O[N+](=O)[O-],0.4347826086956522,q2,0.4347826086956522,1
solubility,9073,O=[N+]([O-])OCCOCCO[N+](=O)[O-],acyclic:O=[N+]([O-])OCCOCCO[N+](=O)[O-],0.0,q1,0.0,1
solubility,9087,O=[N+]([O-])[O][Bi]([O][N+](=O)[O-])[O][N+](=O)[O-],acyclic:O=[N+]([O-])[O][Bi]([O][N+](=O)[O-])[O][N+](=O)[O-],0.6,q4,0.6,1
solubility,9154,O=[N+]([O-])c1ccc(Oc2c(Cl)cc(Cl)cc2Cl)cc1,c1ccc(Oc2ccccc2)cc1,0.4838709677419355,q3,0.5172413793103448,139
solubility,9155,O=[N+]([O-])c1ccc(Oc2ccc(C(F)(F)F)cc2[N+](=O)[O-])cc1,c1ccc(Oc2ccccc2)cc1,0.47619047619047616,q3,0.5172413793103448,139
solubility,9156,O=[N+]([O-])c1ccc(Oc2ccc(Cl)cc2Cl)cc1,c1ccc(Oc2ccccc2)cc1,0.46875,q3,0.5172413793103448,139
solubility,9186,O=[PH]([O-])O.O=[PH]([O-])O.O=[PH]([O-])O.[Al+3],acyclic:O=[PH]([O-])O.O=[PH]([O-])O.O=[PH]([O-])O.[Al+3],0.19999999999999996,q1,0.19999999999999996,1
solubility,9202,O=[Te]=O,acyclic:O=[Te]=O,0.7777777777777778,q4,0.7777777777777778,1
solubility,9214,O=c1[nH]c(=O)n(Cc2ccc(Cl)cc2)cc1F,O=c1ccn(Cc2ccccc2)c(=O)[nH]1,0.5121951219512195,q3,0.5174611973392461,6
solubility,9215,O=c1[nH]c(=O)n(Cc2ccc(Cl)cc2Cl)cc1F,O=c1ccn(Cc2ccccc2)c(=O)[nH]1,0.5652173913043479,q3,0.5174611973392461,6
solubility,9216,O=c1[nH]c(=O)n(Cc2ccccc2)cc1F,O=c1ccn(Cc2ccccc2)c(=O)[nH]1,0.4418604651162791,q3,0.5174611973392461,6
solubility,9218,O=c1[nH]c(CN2CCCC2)c(Br)c(=O)[nH]1,O=c1cc(CN2CCCC2)[nH]c(=O)[nH]1,0.7045454545454546,q4,0.7181263858093127,2
solubility,9219,O=c1[nH]c(CN2CCCC2)c(Cl)c(=O)[nH]1,O=c1cc(CN2CCCC2)[nH]c(=O)[nH]1,0.7317073170731707,q4,0.7181263858093127,2
solubility,9221,O=c1[nH]c2c(c(=O)n1C1CCCCC1)CCC2,O=c1[nH]c2c(c(=O)n1C1CCCCC1)CCC2,0.6808510638297872,q4,0.6808510638297872,1
solubility,9227,O=c1[nH]c2ccccc2[nH]c1=O,O=c1[nH]c2ccccc2[nH]c1=O,0.33333333333333337,q2,0.4166666666666667,2
solubility,9232,O=c1[nH]c2cncnc2[nH]1,O=c1[nH]c2cncnc2[nH]1,0.5161290322580645,q3,0.5161290322580645,1
solubility,9233,O=c1[nH]c2cncnc2[nH]c1=O,O=c1[nH]c2cncnc2[nH]c1=O,0.5161290322580645,q3,0.5161290322580645,1
solubility,9239,O=c1[nH]ccc2ccccc12,O=c1[nH]ccc2ccccc12,0.5161290322580645,q3,0.5161290322580645,1
solubility,9243,O=c1[nH]sc2ccccc12,O=c1[nH]sc2ccccc12,0.6,q4,0.6,1
solubility,9253,O=c1c2ccc3c(=O)n4c5ccccc5nc4c4ccc(c2c34)c2nc3ccccc3n12,O=c1c2ccc3c(=O)n4c5ccccc5nc4c4ccc(c2c34)c2nc3ccccc3n12,0.5789473684210527,q4,0.5789473684210527,1
solubility,9254,O=c1c2ccc3c4c(ccc(c24)c2nc4ccccc4n12)c(=O)n1c2ccccc2nc31,O=c1c2ccc3c4c(ccc(c24)c2nc4ccccc4n12)c(=O)n1c2ccccc2nc31,0.5789473684210527,q4,0.5789473684210527,1
solubility,9255,O=c1c2cccc3cccc(c32)c2nc3cccc4cccc(c43)n12,O=c1c2cccc3cccc(c32)c2nc3cccc4cccc(c43)n12,0.6363636363636364,q4,0.6363636363636364,1
solubility,9261,O=c1c2ccccc2c2cc3ccc4c(=O)c5c(Br)c(Br)ccc5c5cc6ccc1c2c6c3c45,O=c1c2ccccc2c2cc3ccc4c(=O)c5ccccc5c5cc6ccc1c2c6c3c45,0.5909090909090908,q4,0.5909090909090908,1
solubility,9271,O=c1cc[nH]c(=S)[nH]1,O=c1cc[nH]c(=S)[nH]1,0.4347826086956522,q2,0.4347826086956522,5
solubility,9273,O=c1cc[nH]c2ccccc12,O=c1cc[nH]c2ccccc12,0.5384615384615384,q3,0.5384615384615384,3
solubility,9300,O=c1nc(-c2ccccc2)[nH]c(-c2ccccc2)n1,O=c1nc(-c2ccccc2)[nH]c(-c2ccccc2)n1,0.5405405405405406,q3,0.5405405405405406,1
solubility,9302,O=c1nc(-c2ccccc2)oc2ccccc12,O=c1nc(-c2ccccc2)oc2ccccc12,0.47058823529411764,q3,0.47058823529411764,1
solubility,9303,O=c1nc([N+](=O)[O-])[nH][nH]1,O=c1nc[nH][nH]1,0.7096774193548387,q4,0.7096774193548387,1
solubility,9308,O=c1nc[nH]c2nccnc12,O=c1nc[nH]c2nccnc12,0.4285714285714286,q3,0.5142857142857142,3
solubility,9310,O=c1ncc2[nH]cnc2[nH]1,O=c1ncc2[nH]cnc2[nH]1,0.5483870967741935,q4,0.627134724857685,2
solubility,9311,O=c1ncc2nccnc2[nH]1,O=c1ncc2nccnc2[nH]1,0.4285714285714286,q3,0.4852941176470588,4
solubility,9313,O=c1ncnc2[nH][nH]cc1-2,O=c1ncnc2[nH][nH]cc1-2,0.7567567567567568,q4,0.7567567567567568,1
solubility,9315,O=c1oc(-c2ccccc2)nc2ccccc12,O=c1oc(-c2ccccc2)nc2ccccc12,0.07407407407407407,q1,0.07407407407407407,1
solubility,9319,O=c1oc2ccccc2c(O)c1C1CCCc2ccccc21,O=c1oc2ccccc2cc1C1CCCc2ccccc21,0.2978723404255319,q2,0.2978723404255319,1
solubility,9321,O=c1occo1,O=c1occo1,0.7058823529411764,q4,0.7058823529411764,1
solubility,9323,OB(O)O.[K],acyclic:OB(O)O.[K],0.19999999999999996,q1,0.19999999999999996,1
solubility,9325,OC(=S)CCCCCCCC(O)=S,acyclic:OC(=S)CCCCCCCC(O)=S,0.0,q1,0.0,1
solubility,9331,OC(CCN1CCCC1)(c1ccccc1)C1CCCCC1,c1ccc(C(CCN2CCCC2)C2CCCCC2)cc1,0.0,q1,0.0,1
solubility,9342,OC(c1ccc(Cl)cc1)(c1cncnc1)c1ccccc1Cl,c1ccc(C(c2ccccc2)c2cncnc2)cc1,0.6285714285714286,q4,0.6256064690026955,2
solubility,9343,OC(c1ccc(F)cc1)(c1cncnc1)c1ccccc1Cl,c1ccc(C(c2ccccc2)c2cncnc2)cc1,0.6226415094339622,q4,0.6256064690026955,2
solubility,9345,OC(c1ccccc1)(c1ccccc1)C1CCNCC1,c1ccc(C(c2ccccc2)C2CCNCC2)cc1,0.48571428571428577,q3,0.48571428571428577,1
solubility,9353,OC1C(O)C(O)C(O)C(O)C1O,C1CCCCC1,0.7058823529411764,q4,0.6046511627906976,117
solubility,9355,OC1CC(O)C(O)C(O)C1O,C1CCCCC1,0.631578947368421,q4,0.6046511627906976,117
solubility,9356,OC1CCCCC1,C1CCCCC1,0.0,q4,0.6046511627906976,117
solubility,9358,OC1CCCCCCC1,C1CCCCCCC1,0.0,q1,0.0,3
solubility,9361,OC1CCOC1,C1CCOC1,0.7,q3,0.5294117647058824,17
solubility,9364,OC1CSC(O)CS1,C1CSCCS1,0.7777777777777778,q4,0.6111111111111112,2
solubility,9365,OC1[C@@H](O)[C@H](O)C[C@@H](O)[C@@H]1O,C1CCCCC1,0.631578947368421,q4,0.6046511627906976,117
solubility,9369,OCC(CO)(CBr)CBr,acyclic:OCC(CO)(CBr)CBr,0.15384615384615385,q1,0.15384615384615385,1
solubility,9372,OCC(Cl)(Cl)Br,acyclic:OCC(Cl)(Cl)Br,0.46153846153846156,q3,0.46153846153846156,1
solubility,9395,OCC1CCC(CO)O1,C1CCOC1,0.5,q3,0.5294117647058824,17
solubility,9397,OCC1CCCO1,C1CCOC1,0.15000000000000002,q3,0.5294117647058824,17
solubility,9400,OCC1OC(O)(CO)C(O)C1O,C1CCOC1,0.4864864864864865,q3,0.5294117647058824,17
solubility,9414,OCC1OCOC2COCOC12,C1OCC2OCOCC2O1,0.6896551724137931,q4,0.6896551724137931,1
solubility,9426,OCCCl,acyclic:OCCCl,0.41666666666666663,q2,0.41666666666666663,1
solubility,9436,OCCOCC#CCOCCO,acyclic:OCCOCC#CCOCCO,0.4375,q2,0.4375,1
solubility,9448,OCC[C@@H]1CCCC[NH2+]1,C1CC[NH2+]CC1,0.7096774193548387,q4,0.7096774193548387,1
solubility,9453,OC[C@H]1NC[C@H](O)[C@@H](O)[C@@H]1O,C1CCNCC1,0.7045454545454546,q4,0.58125,20
solubility,9476,OCc1cccc(Oc2ccccc2)c1,c1ccc(Oc2ccccc2)cc1,0.43999999999999995,q3,0.5172413793103448,139
solubility,9510,Oc1c(Cl)cc(Cl)cc1Sc1cc(Cl)cc(Cl)c1O,c1ccc(Sc2ccccc2)cc1,0.38095238095238093,q3,0.4736842105263158,7
solubility,9522,Oc1cc(Cl)ccc1Oc1ccc(Cl)cc1,c1ccc(Oc2ccccc2)cc1,0.5357142857142857,q3,0.5172413793103448,139
solubility,9523,Oc1cc(Cl)ccc1Oc1ccc(Cl)cc1Cl,c1ccc(Oc2ccccc2)cc1,0.4814814814814815,q3,0.5172413793103448,139
solubility,9553,Oc1ccc(Sc2ccccc2)cc1,c1ccc(Sc2ccccc2)cc1,0.4736842105263158,q3,0.4736842105263158,7
solubility,9576,Oc1ccccc1Oc1ccccc1,c1ccc(Oc2ccccc2)cc1,0.5,q3,0.5172413793103448,139
solubility,9580,Oc1cnn(-c2ccccc2)c1,c1ccc(-n2cccn2)cc1,0.64,q4,0.6346153846153846,7
solubility,9590,S=C([S-])NCCNC(=S)[S-].[Na+].[Na+],acyclic:S=C([S-])NCCNC(=S)[S-].[Na+].[Na+],0.5555555555555556,q3,0.5555555555555556,1
solubility,9611,S=c1[nH]c2ccccc2o1,S=c1[nH]c2ccccc2o1,0.56,q3,0.56,1
solubility,9613,S=c1[nH]c2cncnc2[nH]1,S=c1[nH]c2cncnc2[nH]1,0.53125,q3,0.53125,1
solubility,9619,S=c1ncc2[nH]cnc2[nH]1,S=c1ncc2[nH]cnc2[nH]1,0.5483870967741935,q3,0.5483870967741935,1
solubility,9621,SC1CCCCC1,C1CCCCC1,0.625,q4,0.6046511627906976,117
solubility,9628,[Al+3].[Al+3].[Co+2].[Co+2].[O-2].[O-2].[O-2].[O-2].[O-2],acyclic:[Al+3].[Al+3].[Co+2].[Co+2].[O-2].[O-2].[O-2].[O-2].[O-2],0.5,q3,0.5,1
solubility,9629,[Al+3].[Al+3].[Mo].[Mo].[O-2].[O-2].[O-2].[O-2].[O-2].[O-2].[O-2].[O-2].[O-2],acyclic:[Al+3].[Al+3].[Mo].[Mo].[O-2].[O-2].[O-2].[O-2].[O-2].[O-2].[O-2].[O-2].[O-2],0.0,q1,0.0,1
solubility,9641,[As],acyclic:[As],0.8333333333333334,q4,0.8333333333333334,1
solubility,9645,[B],acyclic:[B],0.5,q3,0.5,1
solubility,9653,[Br-],acyclic:[Br-],0.5,q3,0.5,1
solubility,9666,[CH3][Sn]([CH3])([Cl])[Cl],acyclic:[CH3][Sn]([CH3])([Cl])[Cl],0.7142857142857143,q4,0.7142857142857143,1
solubility,9672,[Ca+2].[O]=[Sn]([O-])[O-],acyclic:[Ca+2].[O]=[Sn]([O-])[O-],0.7272727272727273,q4,0.7272727272727273,1
solubility,9678,[Ce+3].[F-].[F-].[F-],acyclic:[Ce+3].[F-].[F-].[F-],0.6666666666666667,q4,0.6666666666666667,1
solubility,9685,[Cl-].[Cl-].[Mg+2],acyclic:[Cl-].[Cl-].[Mg+2],0.5,q3,0.5,1
solubility,9692,[Cl-].[Cs+],acyclic:[Cl-].[Cs+],0.5,q3,0.5,1
solubility,9694,[Cl-].[Cu+],acyclic:[Cl-].[Cu+],0.5,q3,0.5,1
solubility,9696,[Cl-].[Li+],acyclic:[Cl-].[Li+],0.5,q3,0.5,1
solubility,9698,[Cl-].[NH4+],acyclic:[Cl-].[NH4+],0.33333333333333337,q2,0.33333333333333337,1
solubility,9701,[Cl].[Rh].c1ccc(P(c2ccccc2)c2ccccc2)cc1.c1ccc(P(c2ccccc2)c2ccccc2)cc1.c1ccc(P(c2ccccc2)c2ccccc2)cc1,c1ccc(P(c2ccccc2)c2ccccc2)cc1.c1ccc(P(c2ccccc2)c2ccccc2)cc1.c1ccc(P(c2ccccc2)c2ccccc2)cc1,0.25,q1,0.25,1
solubility,9708,[Cs+].[I-],acyclic:[Cs+].[I-],0.6666666666666667,q4,0.6666666666666667,1
solubility,9709,[Cs+].[OH-],acyclic:[Cs+].[OH-],0.6666666666666667,q4,0.6666666666666667,1
solubility,9713,[Cu+].[I-],acyclic:[Cu+].[I-],0.6666666666666667,q4,0.6666666666666667,1
solubility,9715,[Dy+3].[Dy+3].[O-2].[O-2].[O-2],acyclic:[Dy+3].[Dy+3].[O-2].[O-2].[O-2],0.5,q3,0.5,1
solubility,9728,[Fe+3].[K+].[O-2].[O-2],acyclic:[Fe+3].[K+].[O-2].[O-2],0.33333333333333337,q2,0.33333333333333337,1
solubility,9738,[I-].[K+],acyclic:[I-].[K+],0.6666666666666667,q4,0.6666666666666667,1
solubility,9755,[N-]=[N+]=C1C=Cc2c(cccc2S(=O)(=O)Oc2ccc(C(=O)c3ccccc3)c(OS(=O)(=O)c3cccc4c3C=CC(=[N+]=[N-])C4=O)c2OS(=O)(=O)c2cccc3c2C=CC(=[N+]=[N-])C3=O)C1=O,[N+]=C1C=Cc2c(cccc2S(=O)(=O)Oc2ccc(C(=O)c3ccccc3)c(OS(=O)(=O)c3cccc4c3C=CC(=[N+])C4=O)c2OS(=O)(=O)c2cccc3c2C=CC(=[N+])C3=O)C1=O,0.676923076923077,q4,0.676923076923077,1
solubility,9761,[NH3+][C@@H]1CCCC[C@@H]1[NH3+],C1CCCCC1,0.6153846153846154,q4,0.6046511627906976,117
solubility,9769,[Na+].[O-]CCS,acyclic:[Na+].[O-]CCS,0.6875,q4,0.6875,1
solubility,9774,[Nb],acyclic:[Nb],0.5,q3,0.5,1
solubility,9785,[O-2].[Pd+2],acyclic:[O-2].[Pd+2],0.6666666666666667,q4,0.6666666666666667,1
solubility,9787,[O-][n+]1nc(-n2ccnc2)nc2ccc(Cl)cc21,c1ccc2[nH+]nc(-n3ccnc3)nc2c1,0.6851851851851851,q4,0.6851851851851851,1
solubility,9804,[O]=[Mo](=[O])=[O],acyclic:[O]=[Mo](=[O])=[O],0.75,q4,0.75,1
solubility,9806,[O]=[Nb](=[O])[O][Nb](=[O])=[O],acyclic:[O]=[Nb](=[O])[O][Nb](=[O])=[O],0.7647058823529411,q4,0.7647058823529411,1
solubility,9814,[O]=[V]=[O],acyclic:[O]=[V]=[O],0.8333333333333334,q4,0.8333333333333334,1
solubility,9815,[O]=[W]=[O],acyclic:[O]=[W]=[O],0.8333333333333334,q4,0.8333333333333334,1
solubility,9817,[O]=[Zn],acyclic:[O]=[Zn],0.5,q3,0.5,1
solubility,9829,[S]=[Zn],acyclic:[S]=[Zn],0.8,q4,0.8,1
solubility,9840,c1c[nH]cn1,c1c[nH]cn1,0.7083333333333333,q4,0.653167602245389,28
solubility,9852,c1cc2ccc3ccc4ccc5cccc6c(c1)c2c3c4c56,c1cc2ccc3ccc4ccc5cccc6c(c1)c2c3c4c56,0.17647058823529416,q1,0.17647058823529416,1
solubility,9876,c1ccc(CNC23OC4C5C6CC(C7C6C4C72)C53)cc1,c1ccc(CNC23OC4C5C6CC(C7C6C4C72)C53)cc1,0.7073170731707317,q4,0.7073170731707317,1
solubility,9881,c1ccc(COc2ccc3ccccc3c2)cc1,c1ccc(COc2ccc3ccccc3c2)cc1,0.4375,q2,0.4375,1
solubility,9892,c1ccc(OCCOc2ccccc2)cc1,c1ccc(OCCOc2ccccc2)cc1,0.30000000000000004,q3,0.45434782608695656,2
solubility,9893,c1ccc(Oc2ccccc2)cc1,c1ccc(Oc2ccccc2)cc1,0.4285714285714286,q3,0.5172413793103448,139
solubility,9894,c1ccc(P(c2ccccc2)c2ccccc2)cc1,c1ccc(P(c2ccccc2)c2ccccc2)cc1,0.1428571428571429,q2,0.35714285714285715,2
solubility,9895,c1ccc(Sc2ccccc2)cc1,c1ccc(Sc2ccccc2)cc1,0.47058823529411764,q3,0.4736842105263158,7
solubility,9915,c1ccc2c(c1)Nc1ccc3ccccc3c1S2,c1ccc2c(c1)Nc1ccc3ccccc3c1S2,0.24137931034482762,q1,0.24137931034482762,1
solubility,9918,c1ccc2c(c1)Oc1ccccc1O2,c1ccc2c(c1)Oc1ccccc1O2,0.6,q3,0.55,15
solubility,9920,c1ccc2c(c1)[nH]c1cnccc12,c1ccc2c(c1)[nH]c1cnccc12,0.3913043478260869,q3,0.5357142857142857,3
solubility,9924,c1ccc2c(c1)ccc1[nH]c3ccc4ccccc4c3c12,c1ccc2c(c1)ccc1[nH]c3ccc4ccccc4c3c12,0.40909090909090906,q2,0.40909090909090906,1
solubility,9934,c1ccc2c(c1)ccc1nccnc12,c1ccc2c(c1)ccc1nccnc12,0.3928571428571429,q2,0.3928571428571429,1
solubility,9935,c1ccc2c(c1)cnc1ccccc12,c1ccc2c(c1)cnc1ccccc12,0.4444444444444444,q2,0.4444444444444444,1
solubility,9956,c1ccc2ocnc2c1,c1ccc2ocnc2c1,0.5714285714285714,q4,0.5714285714285714,1
solubility,9957,c1ccc2sc(SN(C3CCCCC3)C3CCCCC3)nc2c1,c1ccc2sc(SN(C3CCCCC3)C3CCCCC3)nc2c1,0.41860465116279066,q2,0.41860465116279066,1
solubility,9970,c1cnc2c(c1)ccc1ncccc12,c1cnc2c(c1)ccc1ncccc12,0.33333333333333337,q2,0.33333333333333337,1
hydration,1,BrCBr,acyclic:BrCBr,0.6666666666666667,q4,0.6666666666666667,1
hydration,2,BrCCBr,acyclic:BrCCBr,0.5555555555555556,q3,0.5555555555555556,1
hydration,6,C,acyclic:C,1.0,q4,1.0,1
hydration,10,C#CCCCC,acyclic:C#CCCCC,0.1875,q1,0.1875,1
hydration,13,C/C=C/C=O,acyclic:C/C=C/C=O,0.65,q4,0.65,1
hydration,17,C1=CCCC1,C1=CCCC1,0.7777777777777778,q4,0.7777777777777778,1
hydration,18,C1=CCCCC1,C1=CCCCC1,0.7777777777777778,q4,0.7597402597402597,4
hydration,20,C1CCCC1,C1CCCC1,0.0,q3,0.631578947368421,5
hydration,21,C1CCCCC1,C1CCCCC1,0.0,q3,0.625,9
hydration,23,C1CCNCC1,C1CCNCC1,0.11111111111111116,q1,0.2638888888888889,2
hydration,24,C1CCOC1,C1CCOC1,0.11111111111111116,q4,0.8,3
hydration,26,C1CNC1,C1CNC1,0.25,q1,0.25,1
hydration,29,C1COCCO1,C1COCCO1,0.5,q2,0.5,1
hydration,34,C=C(C)[C@@H]1CC=C(C)[C@@H](O)C1,C1=CCCCC1,0.7575757575757576,q4,0.7597402597402597,4
hydration,35,C=C(C)[C@@H]1CC=C(C=O)CC1,C1=CCCCC1,0.7428571428571429,q4,0.7597402597402597,4
hydration,36,C=C(C)[C@@H]1CC[C@@H](C)C(=O)C1,O=C1CCCCC1,0.6785714285714286,q4,0.6785714285714286,3
hydration,47,C=CCCC=C,acyclic:C=CCCC=C,0.46153846153846156,q2,0.46153846153846156,1
hydration,50,C=CCCCCCC,acyclic:C=CCCCCCC,0.0,q1,0.0,1
hydration,57,C=O,acyclic:C=O,0.75,q4,0.75,1
hydration,62,CC(=O)C(C)C,acyclic:CC(=O)C(C)C,0.46153846153846156,q2,0.46153846153846156,1
hydration,64,CC(=O)C1CCCCC1,C1CCCCC1,0.2941176470588235,q3,0.625,9
hydration,65,CC(=O)CC(C)C,acyclic:CC(=O)CC(C)C,0.4444444444444444,q2,0.4444444444444444,1
hydration,69,CC(=O)OC(C)C,acyclic:CC(=O)OC(C)C,0.3529411764705882,q1,0.3529411764705882,1
hydration,73,CC(=O)OCCC(C)C,acyclic:CC(=O)OCCC(C)C,0.4347826086956522,q2,0.4347826086956522,1
hydration,74,CC(=O)OCCOC(C)=O,acyclic:CC(=O)OCCOC(C)=O,0.2941176470588235,q1,0.2941176470588235,1
hydration,78,CC(=O)c1cccnc1,c1ccncc1,0.48,q3,0.5603864734299517,22
hydration,79,CC(=O)c1ccncc1,c1ccncc1,0.4545454545454546,q3,0.5603864734299517,22
hydration,80,CC(C)(C)Br,acyclic:CC(C)(C)Br,0.5714285714285714,q3,0.5714285714285714,1
hydration,92,CC(C)C(C)C,acyclic:CC(C)C(C)C,0.4285714285714286,q2,0.4285714285714286,1
hydration,94,CC(C)C=O,acyclic:CC(C)C=O,0.6153846153846154,q3,0.6153846153846154,1
hydration,95,CC(C)CBr,acyclic:CC(C)CBr,0.6153846153846154,q3,0.6153846153846154,1
hydration,97,CC(C)CC(C)(C)C,acyclic:CC(C)CC(C)(C)C,0.5555555555555556,q3,0.5555555555555556,1
hydration,98,CC(C)CC(C)C,acyclic:CC(C)CC(C)C,0.46153846153846156,q2,0.46153846153846156,1
hydration,100,CC(C)CCO,acyclic:CC(C)CCO,0.5,q2,0.5,1
hydration,104,CC(C)COC=O,acyclic:CC(C)COC=O,0.4545454545454546,q2,0.4545454545454546,1
hydration,105,CC(C)CO[N+](=O)[O-],acyclic:CC(C)CO[N+](=O)[O-],0.375,q2,0.375,1
hydration,109,CC(C)Cc1cnccn1,c1cnccn1,0.7,q4,0.7586206896551724,3
hydration,113,CC(C)O,acyclic:CC(C)O,0.5454545454545454,q3,0.5454545454545454,1
hydration,114,CC(C)OC(C)C,acyclic:CC(C)OC(C)C,0.6666666666666667,q4,0.6666666666666667,1
hydration,117,CC(C)[C@@H]1CC[C@@H](C)CC1=O,O=C1CCCCC1,0.8333333333333334,q4,0.6785714285714286,3
hydration,118,CC(C)[C@@H]1CC[C@@H](C)C[C@H]1O,C1CCCCC1,0.8148148148148149,q3,0.625,9
hydration,121,CC(Cl)(Cl)Cl,acyclic:CC(Cl)(Cl)Cl,0.2857142857142857,q1,0.2857142857142857,1
hydration,122,CC(Cl)Cl,acyclic:CC(Cl)Cl,0.16666666666666663,q1,0.16666666666666663,1
hydration,124,CC(N)=O,acyclic:CC(N)=O,0.4444444444444444,q2,0.4444444444444444,1
hydration,125,CC1=CC(=O)CC(C)(C)C1,O=C1C=CCCC1,0.8,q4,0.8090909090909091,2
hydration,126,CC1=CC(=O)[C@H](C(C)C)CC1,O=C1C=CCCC1,0.8181818181818181,q4,0.8090909090909091,2
hydration,127,CC1=CCCCC1,C1=CCCCC1,0.7619047619047619,q4,0.7597402597402597,4
hydration,128,CC1CCC(C)CC1,C1CCCCC1,0.7647058823529411,q3,0.625,9
hydration,129,CC1CCCC1,C1CCCC1,0.6875,q3,0.631578947368421,5
hydration,130,CC1CCCCC1,C1CCCCC1,0.625,q3,0.625,9
hydration,131,CC=C(C)C,acyclic:CC=C(C)C,0.6923076923076923,q4,0.6923076923076923,1
hydration,132,CC=O,acyclic:CC=O,0.6363636363636364,q3,0.6363636363636364,1
hydration,133,CCBr,acyclic:CCBr,0.4444444444444444,q2,0.4444444444444444,1
hydration,141,CCC(C)(C)CC,acyclic:CCC(C)(C)CC,0.4545454545454546,q2,0.4545454545454546,1
hydration,143,CCC(C)C,acyclic:CCC(C)C,0.4545454545454546,q2,0.4545454545454546,1
hydration,145,CCC(N)=O,acyclic:CCC(N)=O,0.5,q2,0.5,1
hydration,148,CCC=O,acyclic:CCC=O,0.5882352941176471,q3,0.5882352941176471,1
hydration,151,CCCC#N,acyclic:CCCC#N,0.375,q1,0.375,1
hydration,152,CCCC(=O)CCC,acyclic:CCCC(=O)CCC,0.375,q1,0.375,1
hydration,156,CCCC(C)(C)C,acyclic:CCCC(C)(C)C,0.5384615384615384,q3,0.5384615384615384,1
hydration,157,CCCC(C)(C)O,acyclic:CCCC(C)(C)O,0.4666666666666667,q2,0.4666666666666667,1
hydration,158,CCCC(C)=O,acyclic:CCCC(C)=O,0.3529411764705882,q1,0.3529411764705882,1
hydration,160,CCCC1CCCC1,C1CCCC1,0.75,q3,0.631578947368421,5
hydration,161,CCCC=O,acyclic:CCCC=O,0.4117647058823529,q2,0.4117647058823529,1
hydration,172,CCCCC=O,acyclic:CCCCC=O,0.1875,q1,0.1875,1
hydration,174,CCCCCC,acyclic:CCCCCC,0.125,q1,0.125,1
hydration,178,CCCCCC(C)=O,acyclic:CCCCCC(C)=O,0.05882352941176472,q1,0.05882352941176472,1
hydration,180,CCCCCC1CCCC1,C1CCCC1,0.631578947368421,q3,0.631578947368421,5
hydration,183,CCCCCCC,acyclic:CCCCCCC,0.0,q1,0.0,1
hydration,185,CCCCCCC=O,acyclic:CCCCCCC=O,0.0,q1,0.0,1
hydration,186,CCCCCCCBr,acyclic:CCCCCCCBr,0.0,q1,0.0,1
hydration,187,CCCCCCCC,acyclic:CCCCCCCC,0.0,q1,0.0,1
hydration,189,CCCCCCCC(C)=O,acyclic:CCCCCCCC(C)=O,0.0,q1,0.0,1
hydration,193,CCCCCCCCC(C)=O,acyclic:CCCCCCCCC(C)=O,0.0,q1,0.0,1
hydration,197,CCCCCCCCCCO,acyclic:CCCCCCCCCCO,0.0,q1,0.0,1
hydration,198,CCCCCCCCCO,acyclic:CCCCCCCCCO,0.0,q1,0.0,1
hydration,207,CCCCCCN,acyclic:CCCCCCN,0.0,q1,0.0,1
hydration,210,CCCCCCO[N+](=O)[O-],acyclic:CCCCCCO[N+](=O)[O-],0.18181818181818177,q1,0.18181818181818177,1
hydration,212,CCCCCCl,acyclic:CCCCCCl,0.07692307692307687,q1,0.07692307692307687,1
hydration,216,CCCCCOC(=O)CC,acyclic:CCCCCOC(=O)CC,0.31818181818181823,q1,0.31818181818181823,1
hydration,223,CCCCN(CC)C(=O)SCCC,acyclic:CCCCN(CC)C(=O)SCCC,0.6896551724137931,q4,0.6896551724137931,1
hydration,226,CCCCO,acyclic:CCCCO,0.23076923076923073,q1,0.23076923076923073,1
hydration,228,CCCCOC(C)=O,acyclic:CCCCOC(C)=O,0.15000000000000002,q1,0.15000000000000002,1
hydration,230,CCCCOCCO,acyclic:CCCCOCCO,0.2941176470588235,q1,0.2941176470588235,1
hydration,231,CCCCOC[C@H](C)O,acyclic:CCCCOC[C@H](C)O,0.47619047619047616,q2,0.47619047619047616,1
hydration,233,CCCCS,acyclic:CCCCS,0.41666666666666663,q2,0.41666666666666663,1
hydration,235,CCCC[N+](=O)[O-],acyclic:CCCC[N+](=O)[O-],0.16666666666666663,q1,0.16666666666666663,1
hydration,238,CCCI,acyclic:CCCI,0.41666666666666663,q2,0.41666666666666663,1
hydration,240,CCCN(CC1CC1)c1c([N+](=O)[O-])cc(C(F)(F)F)cc1[N+](=O)[O-],c1ccc(NCC2CC2)cc1,0.24390243902439024,q1,0.24390243902439024,1
hydration,243,CCCNCCC,acyclic:CCCNCCC,0.4285714285714286,q2,0.4285714285714286,1
hydration,247,CCCOC(=O)CCC,acyclic:CCCOC(=O)CCC,0.33333333333333337,q1,0.33333333333333337,1
hydration,251,CCCOCCC,acyclic:CCCOCCC,0.4285714285714286,q2,0.4285714285714286,1
hydration,252,CCCOCCO,acyclic:CCCOCCO,0.38888888888888884,q2,0.38888888888888884,1
hydration,254,CCCSC(=O)N(CCC)CCC,acyclic:CCCSC(=O)N(CCC)CCC,0.7307692307692308,q4,0.7307692307692308,1
hydration,255,CCCSCCC,acyclic:CCCSCCC,0.6363636363636364,q3,0.6363636363636364,1
hydration,257,CCC[C@@H](O)CC,acyclic:CCC[C@@H](O)CC,0.4,q2,0.4,1
hydration,258,CCC[C@H](C)CC,acyclic:CCC[C@H](C)CC,0.3529411764705882,q1,0.3529411764705882,1
hydration,259,CCC[N+](=O)[O-],acyclic:CCC[N+](=O)[O-],0.368421052631579,q1,0.368421052631579,1
hydration,263,CCCl,acyclic:CCCl,0.4444444444444444,q2,0.4444444444444444,1
hydration,264,CCI,acyclic:CCI,0.5714285714285714,q3,0.5714285714285714,1
hydration,265,CCN,acyclic:CCN,0.4444444444444444,q2,0.4444444444444444,1
hydration,268,CCNCC,acyclic:CCNCC,0.6666666666666667,q4,0.6666666666666667,1
hydration,269,CCNc1nc(Cl)nc(NCC)n1,c1ncncn1,0.7894736842105263,q4,0.8333333333333334,3
hydration,270,CCNc1nc(NC(C)(C)C)nc(SC)n1,c1ncncn1,0.8333333333333334,q4,0.8333333333333334,3
hydration,271,CCNc1nc(NC(C)C)nc(SC)n1,c1ncncn1,0.8387096774193549,q4,0.8333333333333334,3
hydration,276,CCOC(=O)CCC(=O)OCC,acyclic:CCOC(=O)CCC(=O)OCC,0.2222222222222222,q1,0.2222222222222222,1
hydration,277,CCOC(=O)C[C@@H](SP(=S)(OC)OC)C(=O)OCC,acyclic:CCOC(=O)C[C@@H](SP(=S)(OC)OC)C(=O)OCC,0.6060606060606061,q3,0.6060606060606061,1
hydration,280,CCOC(C)=O,acyclic:CCOC(C)=O,0.42105263157894735,q2,0.42105263157894735,1
hydration,283,CCOC=O,acyclic:CCOC=O,0.4444444444444444,q2,0.4444444444444444,1
hydration,284,CCOCC,acyclic:CCOCC,0.5333333333333333,q3,0.5333333333333333,1
hydration,286,CCOCCOC(C)=O,acyclic:CCOCCOC(C)=O,0.40909090909090906,q2,0.40909090909090906,1
hydration,287,CCOCCOCC,acyclic:CCOCCOCC,0.4,q2,0.4,1
hydration,289,CCOP(=O)(OCC)OCC,acyclic:CCOP(=O)(OCC)OCC,0.6470588235294117,q4,0.6470588235294117,1
hydration,292,CCOP(=S)(OCC)Oc1nc(Cl)c(Cl)cc1Cl,c1ccncc1,0.5777777777777777,q3,0.5603864734299517,22
hydration,293,CCOP(=S)(OCC)SCSCC,acyclic:CCOP(=S)(OCC)SCSCC,0.2272727272727273,q1,0.2272727272727273,1
hydration,296,CCOP(=S)(OCC)S[C@@H](CCl)N1C(=O)c2ccccc2C1=O,O=C1NC(=O)c2ccccc21,0.6470588235294117,q4,0.6644385026737968,2
hydration,299,CCSC,acyclic:CCSC,0.5454545454545454,q3,0.5454545454545454,1
hydration,300,CCSCC,acyclic:CCSCC,0.5454545454545454,q3,0.5454545454545454,1
hydration,306,CC[C@H](C)Cl,acyclic:CC[C@H](C)Cl,0.5,q2,0.5,1
hydration,310,CC[C@H](C)n1c(=O)[nH]c(C)c(Br)c1=O,O=c1cc[nH]c(=O)[nH]1,0.8125,q4,0.7142857142857143,8
hydration,316,CCc1cccc2ccccc12,c1ccc2ccccc2c1,0.5,q2,0.5,13
hydration,320,CCc1ccccn1,c1ccncc1,0.625,q3,0.5603864734299517,22
hydration,321,CCc1cccnc1,c1ccncc1,0.5217391304347826,q3,0.5603864734299517,22
hydration,322,CCc1ccncc1,c1ccncc1,0.5,q3,0.5603864734299517,22
hydration,323,CCc1cnccn1,c1cnccn1,0.7586206896551724,q4,0.7586206896551724,3
hydration,333,CN(C)CCC=C1c2ccccc2CCc2ccccc21,C=C1c2ccccc2CCc2ccccc21,0.696969696969697,q4,0.696969696969697,1
hydration,337,CN1CCCCC1,C1CCNCC1,0.41666666666666663,q1,0.2638888888888889,2
hydration,341,CNC,acyclic:CNC,0.7272727272727273,q4,0.7272727272727273,1
hydration,342,CNC(=O)O/N=C\C(C)(C)SC,acyclic:CNC(=O)O/N=C\C(C)(C)SC,0.7666666666666666,q4,0.7666666666666666,1
hydration,344,CNC(=O)Oc1cccc2ccccc12,c1ccc2ccccc2c1,0.5454545454545454,q2,0.5,13
hydration,349,COC(=O)C(C)(C)C,acyclic:COC(=O)C(C)(C)C,0.5882352941176471,q3,0.5882352941176471,1
hydration,350,COC(=O)C(F)(F)F,acyclic:COC(=O)C(F)(F)F,0.6111111111111112,q3,0.6111111111111112,1
hydration,352,COC(=O)C1CCCCC1,C1CCCCC1,0.25,q3,0.625,9
hydration,354,COC(=O)CCl,acyclic:COC(=O)CCl,0.4736842105263158,q2,0.4736842105263158,1
hydration,359,COC(C)(C)C,acyclic:COC(C)(C)C,0.6666666666666667,q4,0.6666666666666667,1
hydration,360,COC(C)(OC)OC,acyclic:COC(C)(OC)OC,0.6875,q4,0.6875,1
hydration,362,COC(C)C,acyclic:COC(C)C,0.5454545454545454,q3,0.5454545454545454,1
hydration,363,COC(CC#N)(OC)OC,acyclic:COC(CC#N)(OC)OC,0.6190476190476191,q3,0.6190476190476191,1
hydration,365,COC(F)(F)C(Cl)Cl,acyclic:COC(F)(F)C(Cl)Cl,0.65,q4,0.65,1
hydration,370,COCC(OC)(OC)OC,acyclic:COCC(OC)(OC)OC,0.5555555555555556,q3,0.5555555555555556,1
hydration,371,COCCN,acyclic:COCCN,0.5625,q3,0.5625,1
hydration,373,COCCOC,acyclic:COCCOC,0.41666666666666663,q2,0.41666666666666663,1
hydration,374,COCOC,acyclic:COCOC,0.5454545454545454,q3,0.5454545454545454,1
hydration,376,COP(=O)(OC)[C@@H](O)C(Cl)(Cl)Cl,acyclic:COP(=O)(OC)[C@@H](O)C(Cl)(Cl)Cl,0.6956521739130435,q4,0.6956521739130435,1
hydration,378,COP(=S)(OC)SCn1nnc2ccccc2c1=O,O=c1[nH]nnc2ccccc12,0.78,q4,0.78,1
hydration,389,COc1ccc2cc([C@H](C)C(=O)O)ccc2c1,c1ccc2ccccc2c1,0.5789473684210527,q2,0.5,13
hydration,397,CS,acyclic:CS,0.7142857142857143,q4,0.7142857142857143,1
hydration,399,CS(C)(=O)=O,acyclic:CS(C)(=O)=O,0.4444444444444444,q2,0.4444444444444444,1
hydration,400,CS(C)=O,acyclic:CS(C)=O,0.8,q4,0.8,1
hydration,401,CSC,acyclic:CSC,0.5,q3,0.5,1
hydration,404,C[C@@H](CCO[N+](=O)[O-])O[N+](=O)[O-],acyclic:C[C@@H](CCO[N+](=O)[O-])O[N+](=O)[O-],0.37037037037037035,q1,0.37037037037037035,1
hydration,407,C[C@@H]1CCCC[C@@H]1C,C1CCCCC1,0.6875,q3,0.625,9
hydration,408,C[C@H](C(=O)O)c1ccc(-c2ccccc2)c(F)c1,c1ccc(-c2ccccc2)cc1,0.6,q3,0.5607142857142857,16
hydration,409,C[C@H](C(=O)O)c1cccc(C(=O)c2ccccc2)c1,O=C(c1ccccc1)c1ccccc1,0.6052631578947368,q3,0.6052631578947368,1
hydration,410,C[C@H](Cl)CCl,acyclic:C[C@H](Cl)CCl,0.5,q2,0.5,1
hydration,412,C[C@H]1CCCO1,C1CCOC1,0.8,q4,0.8,3
hydration,413,C[C@H]1CC[C@H](C)O1,C1CCOC1,0.8,q4,0.8,3
hydration,414,C[N+](=O)[O-],acyclic:C[N+](=O)[O-],0.5384615384615384,q3,0.5384615384615384,1
hydration,415,Cc1[nH]c(=O)n(C(C)(C)C)c(=O)c1Cl,O=c1cc[nH]c(=O)[nH]1,0.8214285714285714,q4,0.7142857142857143,8
hydration,417,Cc1c[nH]cn1,c1c[nH]cn1,0.7916666666666666,q4,0.7647058823529411,3
hydration,418,Cc1cc(C)c2ccccc2c1,c1ccc2ccccc2c1,0.6086956521739131,q2,0.5,13
hydration,422,Cc1cc2ccccc2cc1C,c1ccc2ccccc2c1,0.4,q2,0.5,13
hydration,428,Cc1ccc(C)c2ccccc12,c1ccc2ccccc2c1,0.4666666666666667,q2,0.5,13
hydration,430,Cc1ccc(C)nc1,c1ccncc1,0.5882352941176471,q3,0.5603864734299517,22
hydration,436,Cc1ccc2cc(C)ccc2c1,c1ccc2ccccc2c1,0.5,q2,0.5,13
hydration,441,Cc1cccc(C)n1,c1ccncc1,0.6111111111111112,q3,0.5603864734299517,22
hydration,446,Cc1cccc2ccccc12,c1ccc2ccccc2c1,0.4736842105263158,q2,0.5,13
hydration,454,Cc1ccccn1,c1ccncc1,0.5652173913043479,q3,0.5603864734299517,22
hydration,455,Cc1cccnc1,c1ccncc1,0.6,q3,0.5603864734299517,22
hydration,456,Cc1cccnc1C,c1ccncc1,0.5789473684210527,q3,0.5603864734299517,22
hydration,458,Cc1ccnc(C)c1,c1ccncc1,0.6190476190476191,q3,0.5603864734299517,22
hydration,459,Cc1ccncc1,c1ccncc1,0.5,q3,0.5603864734299517,22
hydration,460,Cc1ccncc1C,c1ccncc1,0.631578947368421,q3,0.5603864734299517,22
hydration,461,Cc1cncc(C)c1,c1ccncc1,0.5,q3,0.5603864734299517,22
hydration,462,Cc1cnccn1,c1cnccn1,0.8,q4,0.7586206896551724,3
hydration,464,Cl/C=C/Cl,acyclic:Cl/C=C/Cl,0.625,q3,0.625,1
hydration,465,Cl/C=C\Cl,acyclic:Cl/C=C\Cl,0.625,q3,0.625,1
hydration,466,ClC(Cl)(Cl)C(Cl)(Cl)Cl,acyclic:ClC(Cl)(Cl)C(Cl)(Cl)Cl,0.625,q3,0.625,1
hydration,467,ClC(Cl)(Cl)Cl,acyclic:ClC(Cl)(Cl)Cl,0.5714285714285714,q3,0.5714285714285714,1
hydration,471,ClC(Cl)Cl,acyclic:ClC(Cl)Cl,0.5,q2,0.5,1
hydration,473,ClC1=C(Cl)[C@]2(Cl)[C@@H]3[C@@H]([C@H](Cl)C[C@@H]3Cl)[C@@]1(Cl)C2(Cl)Cl,C1=CC2CC1C1CCCC21,0.5,q2,0.5,1
hydration,475,ClC=C(Cl)Cl,acyclic:ClC=C(Cl)Cl,0.7,q4,0.7,1
hydration,476,ClCC(Cl)(Cl)Cl,acyclic:ClCC(Cl)(Cl)Cl,0.6666666666666667,q4,0.6666666666666667,1
hydration,479,ClCCCCCl,acyclic:ClCCCCCl,0.25,q1,0.25,1
hydration,482,ClCCOCCCl,acyclic:ClCCOCCCl,0.6363636363636364,q3,0.6363636363636364,1
hydration,483,ClCCl,acyclic:ClCCl,0.5,q2,0.5,1
hydration,485,Clc1c(Cl)c(Cl)c(-c2c(Cl)c(Cl)c(Cl)c(Cl)c2Cl)c(Cl)c1Cl,c1ccc(-c2ccccc2)cc1,0.375,q3,0.5607142857142857,16
hydration,487,Clc1c(Cl)c(Cl)c2c(c1Cl)Oc1c(Cl)c(Cl)c(Cl)c(Cl)c1O2,c1ccc2c(c1)Oc1ccccc1O2,0.5454545454545454,q3,0.620137299771167,12
hydration,488,Clc1c(Cl)c(Cl)c2c(c1Cl)Oc1ccccc1O2,c1ccc2c(c1)Oc1ccccc1O2,0.6666666666666667,q3,0.620137299771167,12
hydration,489,Clc1cc(-c2c(Cl)cc(Cl)c(Cl)c2Cl)c(Cl)c(Cl)c1Cl,c1ccc(-c2ccccc2)cc1,0.5909090909090908,q3,0.5607142857142857,16
hydration,490,Clc1cc(-c2cc(Cl)c(Cl)c(Cl)c2Cl)cc(Cl)c1Cl,c1ccc(-c2ccccc2)cc1,0.5714285714285714,q3,0.5607142857142857,16
hydration,491,Clc1cc(-c2ccccc2)c(Cl)c(Cl)c1Cl,c1ccc(-c2ccccc2)cc1,0.6521739130434783,q3,0.5607142857142857,16
hydration,492,Clc1cc(Cl)c(-c2c(Cl)cccc2Cl)c(Cl)c1,c1ccc(-c2ccccc2)cc1,0.5263157894736843,q3,0.5607142857142857,16
hydration,493,Clc1cc(Cl)c(-c2ccccc2)c(Cl)c1,c1ccc(-c2ccccc2)cc1,0.55,q3,0.5607142857142857,16
hydration,496,Clc1cc(Cl)c2c(c1Cl)Oc1ccccc1O2,c1ccc2c(c1)Oc1ccccc1O2,0.6799999999999999,q3,0.620137299771167,12
hydration,498,Clc1cc2c(cc1Cl)Oc1c(Cl)c(Cl)c(Cl)c(Cl)c1O2,c1ccc2c(c1)Oc1ccccc1O2,0.631578947368421,q3,0.620137299771167,12
hydration,499,Clc1cc2c(cc1Cl)Oc1cc(Cl)c(Cl)cc1O2,c1ccc2c(c1)Oc1ccccc1O2,0.5,q3,0.620137299771167,12
hydration,500,Clc1cc2c(cc1Cl)Oc1ccccc1O2,c1ccc2c(c1)Oc1ccccc1O2,0.6,q3,0.620137299771167,12
hydration,501,Clc1ccc(-c2c(Cl)c(Cl)cc(Cl)c2Cl)cc1Cl,c1ccc(-c2ccccc2)cc1,0.5833333333333333,q3,0.5607142857142857,16
hydration,502,Clc1ccc(-c2cc(Cl)c(Cl)c(Cl)c2Cl)c(Cl)c1Cl,c1ccc(-c2ccccc2)cc1,0.4736842105263158,q3,0.5607142857142857,16
hydration,503,Clc1ccc(-c2cc(Cl)c(Cl)c(Cl)c2Cl)cc1Cl,c1ccc(-c2ccccc2)cc1,0.6086956521739131,q3,0.5607142857142857,16
hydration,504,Clc1ccc(Cl)c(-c2cc(Cl)c(Cl)c(Cl)c2)c1,c1ccc(-c2ccccc2)cc1,0.5416666666666667,q3,0.5607142857142857,16
hydration,505,Clc1ccc(Cl)c(-c2ccccc2)c1,c1ccc(-c2ccccc2)cc1,0.5416666666666667,q3,0.5607142857142857,16
hydration,509,Clc1ccc2c(c1)Oc1c(Cl)c(Cl)c(Cl)c(Cl)c1O2,c1ccc2c(c1)Oc1ccccc1O2,0.6666666666666667,q3,0.620137299771167,12
hydration,510,Clc1ccc2c(c1)Oc1cc(Cl)c(Cl)c(Cl)c1O2,c1ccc2c(c1)Oc1ccccc1O2,0.6774193548387097,q3,0.620137299771167,12
hydration,511,Clc1ccc2c(c1)Oc1ccc(Cl)cc1O2,c1ccc2c(c1)Oc1ccccc1O2,0.5909090909090908,q3,0.620137299771167,12
hydration,512,Clc1ccc2c(c1)Oc1ccccc1O2,c1ccc2c(c1)Oc1ccccc1O2,0.6086956521739131,q3,0.620137299771167,12
hydration,514,Clc1cccc(Cl)c1-c1c(Cl)cccc1Cl,c1ccc(-c2ccccc2)cc1,0.4,q3,0.5607142857142857,16
hydration,516,Clc1cccc2c1Oc1ccccc1O2,c1ccc2c(c1)Oc1ccccc1O2,0.5909090909090908,q3,0.620137299771167,12
hydration,518,Clc1ccccc1-c1ccccc1,c1ccc(-c2ccccc2)cc1,0.5,q3,0.5607142857142857,16
hydration,520,Clc1ccccn1,c1ccncc1,0.5555555555555556,q3,0.5603864734299517,22
hydration,521,Clc1cccnc1,c1ccncc1,0.6,q3,0.5603864734299517,22
hydration,524,Cn1ccnc1,c1c[nH]cn1,0.6842105263157895,q4,0.7647058823529411,3
hydration,526,FC(F)(F)Br,acyclic:FC(F)(F)Br,0.6923076923076923,q4,0.6923076923076923,1
hydration,527,FC(F)(F)CCl,acyclic:FC(F)(F)CCl,0.6153846153846154,q3,0.6153846153846154,1
hydration,528,FC(F)(F)F,acyclic:FC(F)(F)F,0.6666666666666667,q4,0.6666666666666667,1
hydration,533,FC(F)=C(F)C(F)(F)F,acyclic:FC(F)=C(F)C(F)(F)F,0.75,q4,0.75,1
hydration,534,FC(F)Cl,acyclic:FC(F)Cl,0.625,q3,0.625,1
hydration,537,FC1(F)C(F)(F)C(F)(F)C1(F)F,C1CCC1,0.8333333333333334,q4,0.8333333333333334,1
hydration,539,F[C@H](Br)C(F)(F)F,acyclic:F[C@H](Br)C(F)(F)F,0.5,q3,0.5,1
hydration,548,N#Cc1cccnc1,c1ccncc1,0.5217391304347826,q3,0.5603864734299517,22
hydration,549,N#Cc1ccncc1,c1ccncc1,0.5,q3,0.5603864734299517,22
hydration,551,NC1CCCCC1,C1CCCCC1,0.625,q3,0.625,9
hydration,554,Nc1ccc(N)c2c1C(=O)c1ccccc1C2=O,O=C1c2ccccc2C(=O)c2ccccc21,0.6923076923076923,q4,0.6923076923076923,5
hydration,555,Nc1ccc(O)c2c1C(=O)c1ccccc1C2=O,O=C1c2ccccc2C(=O)c2ccccc21,0.7272727272727273,q4,0.6923076923076923,5
hydration,557,Nc1ccc2c(c1)C(=O)c1ccccc1C2=O,O=C1c2ccccc2C(=O)c2ccccc21,0.6666666666666667,q4,0.6923076923076923,5
hydration,558,Nc1ccc2ccccc2c1,c1ccc2ccccc2c1,0.5,q2,0.5,13
hydration,561,Nc1cccc2c1C(=O)c1ccccc1C2=O,O=C1c2ccccc2C(=O)c2ccccc21,0.6785714285714286,q4,0.6923076923076923,5
hydration,562,Nc1cccc2ccccc12,c1ccc2ccccc2c1,0.4736842105263158,q2,0.5,13
hydration,567,O=C(O)c1cc(-c2ccc(F)cc2F)ccc1O,c1ccc(-c2ccccc2)cc1,0.7058823529411764,q3,0.5607142857142857,16
hydration,570,O=C1CCCCC1,O=C1CCCCC1,0.09090909090909094,q4,0.6785714285714286,3
hydration,571,O=C1NC(=O)c2ccccc21,O=C1NC(=O)c2ccccc21,0.6818181818181819,q4,0.6644385026737968,2
hydration,573,O=C1c2ccccc2C(=O)c2c(NCCO)cccc21,O=C1c2ccccc2C(=O)c2ccccc21,0.7391304347826086,q4,0.6923076923076923,5
hydration,579,O=Cc1cccnc1,c1ccncc1,0.5217391304347826,q3,0.5603864734299517,22
hydration,580,O=Cc1ccncc1,c1ccncc1,0.5,q3,0.5603864734299517,22
hydration,581,O=S1OC[C@@H]2[C@H](CO1)[C@]1(Cl)C(Cl)=C(Cl)[C@@]2(Cl)C1(Cl)Cl,O=S1OCC2C3C=CC(C3)C2CO1,0.6571428571428571,q4,0.6571428571428571,1
hydration,585,O=[N+]([O-])OCCO[N+](=O)[O-],acyclic:O=[N+]([O-])OCCO[N+](=O)[O-],0.25,q1,0.25,1
hydration,592,O=c1[nH]cc(Br)c(=O)[nH]1,O=c1cc[nH]c(=O)[nH]1,0.7142857142857143,q4,0.7142857142857143,8
hydration,593,O=c1[nH]cc(C(F)(F)F)c(=O)[nH]1,O=c1cc[nH]c(=O)[nH]1,0.7037037037037037,q4,0.7142857142857143,8
hydration,594,O=c1[nH]cc(Cl)c(=O)[nH]1,O=c1cc[nH]c(=O)[nH]1,0.7142857142857143,q4,0.7142857142857143,8
hydration,595,O=c1[nH]cc(F)c(=O)[nH]1,O=c1cc[nH]c(=O)[nH]1,0.7142857142857143,q4,0.7142857142857143,8
hydration,596,O=c1[nH]cc(I)c(=O)[nH]1,O=c1cc[nH]c(=O)[nH]1,0.7142857142857143,q4,0.7142857142857143,8
hydration,597,O=c1cc(Cl)[nH]c(=O)[nH]1,O=c1cc[nH]c(=O)[nH]1,0.631578947368421,q4,0.7142857142857143,8
hydration,598,OC1CCCC1,C1CCCC1,0.09090909090909094,q3,0.631578947368421,5
hydration,599,OC1CCCCC1,C1CCCCC1,0.0,q3,0.625,9
hydration,602,OCC(O)CO,acyclic:OCC(O)CO,0.6153846153846154,q3,0.6153846153846154,1
hydration,606,OC[C@@H](O)[C@@H](O)[C@H](O)[C@H](O)CO,acyclic:OC[C@@H](O)[C@@H](O)[C@H](O)[C@H](O)CO,0.6666666666666667,q4,0.6666666666666667,1
hydration,614,Oc1ccc2ccccc2c1,c1ccc2ccccc2c1,0.5,q2,0.5,13
hydration,616,Oc1cccc2ccccc12,c1ccc2ccccc2c1,0.4444444444444444,q2,0.5,13
hydration,624,c1c[nH]cn1,c1c[nH]cn1,0.7647058823529411,q4,0.7647058823529411,3
hydration,626,c1cc2ccc3cccc4ccc(c1)c2c34,c1cc2ccc3cccc4ccc(c1)c2c34,0.5,q2,0.5,1
hydration,628,c1ccc(-c2ccccc2)cc1,c1ccc(-c2ccccc2)cc1,0.5714285714285714,q3,0.5607142857142857,16
hydration,629,c1ccc(Cn2ccnc2)cc1,c1ccc(Cn2ccnc2)cc1,0.6428571428571428,q3,0.6428571428571428,1
hydration,633,c1ccc2c(c1)Cc1ccccc1C2,c1ccc2c(c1)Cc1ccccc1C2,0.33333333333333337,q1,0.33333333333333337,1
hydration,634,c1ccc2c(c1)Oc1ccccc1O2,c1ccc2c(c1)Oc1ccccc1O2,0.6842105263157895,q3,0.620137299771167,12
hydration,637,c1ccc2ccccc2c1,c1ccc2ccccc2c1,0.36363636363636365,q2,0.5,13
hydration,640,c1ccncc1,c1ccncc1,0.6666666666666667,q3,0.5603864734299517,22
polymer_tensile,2,*C(F)(F)C(*)(F)F,acyclic:*C(F)(F)C(*)(F)F,0.5833333333333333,q2,0.5833333333333333,1
polymer_tensile,5,*C/C=C(\C)C*,acyclic:*C/C=C(\C)C*,0.0,q1,0.0,1
polymer_tensile,8,*CC(*)(C)C(=O)O,acyclic:*CC(*)(C)C(=O)O,0.45833333333333337,q2,0.45833333333333337,1
polymer_tensile,11,*CC(*)(C)C(=O)OCCCC,acyclic:*CC(*)(C)C(=O)OCCCC,0.33333333333333337,q1,0.33333333333333337,1
polymer_tensile,14,*CC(*)(C)C=C,acyclic:*CC(*)(C)C=C,0.5555555555555556,q2,0.5555555555555556,1
polymer_tensile,22,*CC(*)C(N)=O,acyclic:*CC(*)C(N)=O,0.44999999999999996,q1,0.44999999999999996,1
polymer_tensile,24,*CC(*)Cl,acyclic:*CC(*)Cl,0.5714285714285714,q2,0.5714285714285714,1
polymer_tensile,25,*CC(*)N1CCCC1=O,O=C1CCCN1,0.7297297297297297,q4,0.7297297297297297,1
polymer_tensile,32,*CC(O)COc1ccc(C(C)(C)c2ccc(*)cc2)cc1,c1ccc(Cc2ccccc2)cc1,0.7619047619047619,q4,0.7646733111849391,2
polymer_tensile,35,*CCN*,acyclic:*CCN*,0.6666666666666667,q3,0.6666666666666667,1
polymer_tensile,37,*CCOC(=O)c1ccc(C(=O)O*)o1,c1ccoc1,0.45945945945945943,q1,0.42417417417417413,2
polymer_tensile,39,*CO*,acyclic:*CO*,0.5384615384615384,q2,0.5384615384615384,1
polymer_tensile,40,*C[C@@H]1C(CO)O[C@@H](CO*)[C@@H](NC(C)=O)[C@H]1O,C1CCOCC1,0.7906976744186046,q4,0.8529411764705882,4
polymer_tensile,43,*NCCCCCCCCCCCC(*)=O,acyclic:*NCCCCCCCCCCCC(*)=O,0.0,q1,0.0,1
polymer_tensile,46,*OC(C)C(*)=O,acyclic:*OC(C)C(*)=O,0.6086956521739131,q3,0.6086956521739131,1
polymer_tensile,47,*OC(C)CC(*)=O,acyclic:*OC(C)CC(*)=O,0.5833333333333333,q2,0.5833333333333333,1
polymer_tensile,48,*OC1OC(CO)C(*)C(O)C1O,C1CCOCC1,0.8529411764705882,q4,0.8529411764705882,4
polymer_tensile,51,*OCCCCCC(*)=O,acyclic:*OCCCCCC(*)=O,0.3846153846153846,q1,0.3846153846153846,1
polymer_tensile,54,*OCCCOC(*)=O,acyclic:*OCCCOC(*)=O,0.3846153846153846,q1,0.3846153846153846,1
polymer_tensile,56,*OCCCOC(=O)c1ccc(C(*)=O)o1,c1ccoc1,0.38888888888888884,q1,0.42417417417417413,2
polymer_tensile,59,*O[C@H]1[C@@H](O)[C@@H](O)[C@H](*)O[C@@H]1CO,C1CCOCC1,0.8529411764705882,q4,0.8529411764705882,4
polymer_tensile,60,*O[C@H]1[C@H](O)[C@@H](N)[C@H](*)O[C@@H]1CO,C1CCOCC1,0.8604651162790697,q4,0.8529411764705882,4
polymer_tensile,62,*O[Si](*)(C)CCCC#N,acyclic:*O[Si](*)(C)CCCC#N,0.6799999999999999,q3,0.6799999999999999,1
polymer_tensile,64,*Oc1ccc(C(=O)c2ccc(C(=O)c3ccc(*)cc3)cc2)cc1,O=C(c1ccccc1)c1ccc(C(=O)c2ccccc2)cc1,0.5882352941176471,q3,0.5882352941176471,1
polymer_tensile,65,*Oc1ccc(C(C)(C)c2ccc(OC(*)=O)cc2)cc1,c1ccc(Cc2ccccc2)cc1,0.7674418604651163,q4,0.7646733111849391,2
polymer_tensile,66,*Oc1ccc(C(C)(C)c2ccc(Oc3ccc(S(=O)(=O)c4ccc(*)cc4)cc3)cc2)cc1,O=S(=O)(c1ccccc1)c1ccc(Oc2ccc(Cc3ccccc3)cc2)cc1,0.7049180327868853,q3,0.7049180327868853,1
polymer_tensile,67,*Oc1ccc(S(=O)(=O)c2ccc(*)cc2)cc1,O=S(=O)(c1ccccc1)c1ccccc1,0.7027027027027026,q3,0.7027027027027026,1
polymer_tensile,71,*c1ccc(*)[nH]1,c1cc[nH]c1,0.7058823529411764,q4,0.7058823529411764,1
polymer_tensile,73,*c1ccc(-c2ccc(*)cc2CCCCCCCC)c(CCCCCCCC)c1,c1ccc(-c2ccccc2)cc1,0.5,q2,0.5,1
polymer_tensile,74,*c1ccc(-c2nc3cc4nc(*)oc4cc3o2)cc1,c1ccc(-c2nc3cc4ncoc4cc3o2)cc1,0.7631578947368421,q4,0.7631578947368421,1
polymer_tensile,75,*c1ccc(Oc2ccc(-n3c(=O)c4cc5c(=O)n(*)c(=O)c5cc4c3=O)cc2)cc1,O=c1[nH]c(=O)c2cc3c(=O)n(-c4ccc(Oc5ccccc5)cc4)c(=O)c3cc12,0.6949152542372881,q3,0.6949152542372881,1
polymer_tensile,77,*c1sc(*)c2c1OCCO2,c1scc2c1OCCO2,0.7727272727272727,q4,0.7727272727272727,1
polymer_tm,4,*C(F)(F)C(F)(F)C(F)(OC(F)(F)C(F)(F)C(F)(F)F)C(*)(F)F,acyclic:*C(F)(F)C(F)(F)C(F)(OC(F)(F)C(F)(F)C(F)(F)F)C(*)(F)F,0.7142857142857143,q4,0.7142857142857143,1
polymer_tm,6,*C/C=C(\C)C*,acyclic:*C/C=C(\C)C*,0.0,q1,0.0,1
polymer_tm,7,*C/C=C/C*,acyclic:*C/C=C/C*,0.7222222222222222,q4,0.7222222222222222,1
polymer_tm,8,*CC(*)(C)C,acyclic:*CC(*)(C)C,0.5555555555555556,q2,0.5555555555555556,1
polymer_tm,10,*CC(*)(C)C(=O)OC,acyclic:*CC(*)(C)C(=O)OC,0.45833333333333337,q1,0.45833333333333337,1
polymer_tm,11,*CC(*)(C)C(=O)OCC,acyclic:*CC(*)(C)C(=O)OCC,0.5,q2,0.5,1
polymer_tm,12,*CC(*)(C)C(=O)OCC1CO1,C1CO1,0.6060606060606061,q3,0.6060606060606061,1
polymer_tm,13,*CC(*)(C)C(=O)OCCCC,acyclic:*CC(*)(C)C(=O)OCCCC,0.5294117647058824,q2,0.5294117647058824,1
polymer_tm,14,*CC(*)(C)C(=O)OCCN(C)C,acyclic:*CC(*)(C)C(=O)OCCN(C)C,0.5806451612903225,q3,0.5806451612903225,1
polymer_tm,15,*CC(*)(C)C(=O)OCCO,acyclic:*CC(*)(C)C(=O)OCCO,0.5357142857142857,q2,0.5357142857142857,1
polymer_tm,17,*CC(*)(F)F,acyclic:*CC(*)(F)F,0.5833333333333333,q3,0.5833333333333333,1
polymer_tm,20,*CC(*)C(=O)N(C)C,acyclic:*CC(*)C(=O)N(C)C,0.5,q2,0.5,1
polymer_tm,21,*CC(*)C(=O)NC(C)C,acyclic:*CC(*)C(=O)NC(C)C,0.56,q3,0.56,1
polymer_tm,24,*CC(*)C(N)=O,acyclic:*CC(*)C(N)=O,0.44999999999999996,q1,0.44999999999999996,1
polymer_tm,31,*CC(*)OC(C)=O,acyclic:*CC(*)OC(C)=O,0.5652173913043479,q3,0.5652173913043479,1
polymer_tm,34,*CC(*)c1ccccn1,c1ccncc1,0.5357142857142857,q2,0.47619047619047616,2
polymer_tm,35,*CC(*)c1ccncc1,c1ccncc1,0.41666666666666663,q2,0.47619047619047616,2
polymer_tm,37,*CC(O)COc1ccc(C(C)(C)c2ccc(*)cc2)cc1,c1ccc(Cc2ccccc2)cc1,0.7254901960784313,q3,0.6735559088500265,2
polymer_tm,38,*CC*,acyclic:*CC*,0.7,q4,0.7,1
polymer_tm,40,*CCN*,acyclic:*CCN*,0.6956521739130435,q4,0.6956521739130435,1
polymer_tm,41,*CCO*,acyclic:*CCO*,0.4375,q1,0.4375,1
polymer_tm,42,*CCOC(=O)c1ccc(C(=O)O*)o1,c1ccoc1,0.45945945945945943,q1,0.42417417417417413,2
polymer_tm,46,*C[C@@H]1C(CO)O[C@@H](CO*)[C@@H](NC(C)=O)[C@H]1O,C1CCOCC1,0.7906976744186046,q4,0.8529411764705882,4
polymer_tm,48,*NCCCCCCCCCCC(*)=O,acyclic:*NCCCCCCCCCCC(*)=O,0.0,q1,0.0,1
polymer_tm,54,*OC1OC(CO)C(*)C(O)C1O,C1CCOCC1,0.8529411764705882,q4,0.8529411764705882,4
polymer_tm,62,*OCCCOC(=O)c1ccc(C(*)=O)o1,c1ccoc1,0.38888888888888884,q1,0.42417417417417413,2
polymer_tm,65,*O[C@H]1[C@@H](O)[C@@H](O)[C@H](*)O[C@@H]1CO,C1CCOCC1,0.8529411764705882,q4,0.8529411764705882,4
polymer_tm,66,*O[C@H]1[C@H](O)[C@@H](N)[C@H](*)O[C@@H]1CO,C1CCOCC1,0.8536585365853658,q4,0.8529411764705882,4
polymer_tm,71,*Oc1ccc(C(C)(C)c2ccc(OC(*)=O)cc2)cc1,c1ccc(Cc2ccccc2)cc1,0.6216216216216216,q3,0.6735559088500265,2
polymer_tm,72,*Oc1ccc(C(C)(C)c2ccc(Oc3ccc(S(=O)(=O)c4ccc(*)cc4)cc3)cc2)cc1,O=S(=O)(c1ccccc1)c1ccc(Oc2ccc(Cc3ccccc3)cc2)cc1,0.6097560975609756,q3,0.6097560975609756,1
polymer_tm,73,*Oc1ccc(S(=O)(=O)c2ccc(*)cc2)cc1,O=S(=O)(c1ccccc1)c1ccccc1,0.4666666666666667,q1,0.4666666666666667,1
polymer_tm,78,*c1ccc(-c2ccc(*)cc2CCCCCCCC)c(CCCCCCCC)c1,c1ccc(-c2ccccc2)cc1,0.5,q2,0.5,1
polymer_tm,79,*c1ccc(-c2nc3cc4nc(*)oc4cc3o2)cc1,c1ccc(-c2nc3cc4ncoc4cc3o2)cc1,0.7631578947368421,q4,0.7631578947368421,1
polymer_tm,81,*c1ccc2c(c1)CN(c1ccc(Oc3ccc(N4COc5ccc(C(*)(C)C)cc5C4)cc3)cc1)CO2,c1ccc2c(c1)CN(c1ccc(Oc3ccc(N4COc5ccccc5C4)cc3)cc1)CO2,0.6949152542372881,q4,0.6949152542372881,1
