scope,seed,policy,cumulative_hit_auc_to_40,top5_hits_at_5,top5_recall_at_5,best_y_at_5,regret_to_pool_max_at_5,top5_hits_at_10,top5_recall_at_10,best_y_at_10,regret_to_pool_max_at_10,top5_hits_at_20,top5_recall_at_20,best_y_at_20,regret_to_pool_max_at_20,top5_hits_at_40,top5_recall_at_40,best_y_at_40,regret_to_pool_max_at_40
official_test,0,uniform_random,0.0,0,0.0,-2.795880017344075,1.1938200260161127,0,0.0,-2.795880017344075,1.1938200260161127,0,0.0,-2.795880017344075,1.1938200260161127,0,0.0,-2.795880017344075,1.1938200260161127
official_test,0,target_ucb_beta1,55.0,0,0.0,-2.8210230527068307,1.2189630613788685,0,0.0,-2.8210230527068307,1.2189630613788685,1,0.16666666666666666,-1.6020599913279625,2.220446049250313e-16,3,0.5,-1.6020599913279625,2.220446049250313e-16
official_test,0,target_mean_greedy,72.0,1,0.16666666666666666,-2.7166987712964503,1.114638779968488,2,0.3333333333333333,-2.690369832574101,1.0883098412461385,2,0.3333333333333333,-2.690369832574101,1.0883098412461385,2,0.3333333333333333,-2.690369832574101,1.0883098412461385
official_test,0,composition_novelty,122.0,1,0.16666666666666666,-2.7166987712964503,1.114638779968488,1,0.16666666666666666,-2.7166987712964503,1.114638779968488,4,0.6666666666666666,-2.065501548756432,0.4634415574284698,5,0.8333333333333334,-1.6020599913279625,2.220446049250313e-16
official_test,0,thermoelectric_prior_static,128.0,1,0.16666666666666666,-2.7166987712964503,1.114638779968488,1,0.16666666666666666,-2.7166987712964503,1.114638779968488,4,0.6666666666666666,-2.065501548756432,0.4634415574284698,6,1.0,-1.6020599913279625,2.220446049250313e-16
official_test,0,target_source_rank_fusion,83.0,2,0.3333333333333333,-2.690369832574101,1.0883098412461385,2,0.3333333333333333,-2.690369832574101,1.0883098412461385,2,0.3333333333333333,-2.690369832574101,1.0883098412461385,4,0.6666666666666666,-2.065501548756432,0.4634415574284698
official_test,0,target_source_novelty_rank_fusion,139.0,2,0.3333333333333333,-2.690369832574101,1.0883098412461385,3,0.5,-2.065501548756432,0.4634415574284698,3,0.5,-2.065501548756432,0.4634415574284698,5,0.8333333333333334,-2.065501548756432,0.4634415574284698
official_test,0,alloy_prior_static_control,18.0,0,0.0,-2.744727494896694,1.1426675035687317,0,0.0,-2.744727494896694,1.1426675035687317,0,0.0,-2.744727494896694,1.1426675035687317,1,0.16666666666666666,-2.7166987712964503,1.114638779968488
official_test,0,catalysis_prior_static_control,97.0,1,0.16666666666666666,-2.7166987712964503,1.114638779968488,1,0.16666666666666666,-2.7166987712964503,1.114638779968488,2,0.3333333333333333,-2.657577319177794,1.0555173278498315,5,0.8333333333333334,-1.6020599913279625,2.220446049250313e-16
official_test,0,shuffled_thermoelectric_static_control,37.0,0,0.0,-2.987445420464013,1.3853854291360508,0,0.0,-2.987445420464013,1.3853854291360508,0,0.0,-2.8601209135987635,1.2580609222708012,2,0.3333333333333333,-2.657577319177794,1.0555173278498315
official_test,1,uniform_random,30.0,0,0.0,-2.892790030352132,1.2907300390241698,0,0.0,-2.892790030352132,1.2907300390241698,1,0.16666666666666666,-1.6020599913279625,2.220446049250313e-16,2,0.3333333333333333,-1.6020599913279625,2.220446049250313e-16
official_test,1,target_ucb_beta1,107.0,2,0.3333333333333333,-2.065501548756432,0.4634415574284698,2,0.3333333333333333,-2.065501548756432,0.4634415574284698,3,0.5,-2.065501548756432,0.4634415574284698,5,0.8333333333333334,-2.065501548756432,0.4634415574284698
official_test,1,target_mean_greedy,134.0,2,0.3333333333333333,-2.065501548756432,0.4634415574284698,3,0.5,-2.065501548756432,0.4634415574284698,3,0.5,-2.065501548756432,0.4634415574284698,5,0.8333333333333334,-2.065501548756432,0.4634415574284698
official_test,1,composition_novelty,58.0,1,0.16666666666666666,-2.7166987712964503,1.114638779968488,1,0.16666666666666666,-2.7166987712964503,1.114638779968488,1,0.16666666666666666,-2.7166987712964503,1.114638779968488,2,0.3333333333333333,-2.690369832574101,1.0883098412461385
official_test,1,thermoelectric_prior_static,128.0,1,0.16666666666666666,-2.7166987712964503,1.114638779968488,1,0.16666666666666666,-2.7166987712964503,1.114638779968488,4,0.6666666666666666,-2.065501548756432,0.4634415574284698,6,1.0,-1.6020599913279625,2.220446049250313e-16
official_test,1,target_source_rank_fusion,156.0,2,0.3333333333333333,-2.065501548756432,0.4634415574284698,2,0.3333333333333333,-2.065501548756432,0.4634415574284698,4,0.6666666666666666,-2.065501548756432,0.4634415574284698,5,0.8333333333333334,-2.065501548756432,0.4634415574284698
official_test,1,target_source_novelty_rank_fusion,157.0,2,0.3333333333333333,-2.065501548756432,0.4634415574284698,3,0.5,-2.065501548756432,0.4634415574284698,5,0.8333333333333334,-2.065501548756432,0.4634415574284698,5,0.8333333333333334,-2.065501548756432,0.4634415574284698
official_test,1,alloy_prior_static_control,18.0,0,0.0,-2.744727494896694,1.1426675035687317,0,0.0,-2.744727494896694,1.1426675035687317,0,0.0,-2.744727494896694,1.1426675035687317,1,0.16666666666666666,-2.7166987712964503,1.114638779968488
official_test,1,catalysis_prior_static_control,97.0,1,0.16666666666666666,-2.7166987712964503,1.114638779968488,1,0.16666666666666666,-2.7166987712964503,1.114638779968488,2,0.3333333333333333,-2.657577319177794,1.0555173278498315,5,0.8333333333333334,-1.6020599913279625,2.220446049250313e-16
official_test,1,shuffled_thermoelectric_static_control,37.0,0,0.0,-2.987445420464013,1.3853854291360508,0,0.0,-2.987445420464013,1.3853854291360508,0,0.0,-2.8601209135987635,1.2580609222708012,2,0.3333333333333333,-2.657577319177794,1.0555173278498315
official_test,2,uniform_random,34.0,0,0.0,-2.8601209135987635,1.2580609222708012,0,0.0,-2.8601209135987635,1.2580609222708012,1,0.16666666666666666,-2.690369832574101,1.0883098412461385,2,0.3333333333333333,-2.657577319177794,1.0555173278498315
official_test,2,target_ucb_beta1,115.0,1,0.16666666666666666,-2.065501548756432,0.4634415574284698,2,0.3333333333333333,-2.065501548756432,0.4634415574284698,3,0.5,-2.065501548756432,0.4634415574284698,4,0.6666666666666666,-2.065501548756432,0.4634415574284698
official_test,2,target_mean_greedy,93.0,2,0.3333333333333333,-2.065501548756432,0.4634415574284698,2,0.3333333333333333,-2.065501548756432,0.4634415574284698,2,0.3333333333333333,-2.065501548756432,0.4634415574284698,3,0.5,-2.065501548756432,0.4634415574284698
official_test,2,composition_novelty,107.0,1,0.16666666666666666,-2.7166987712964503,1.114638779968488,1,0.16666666666666666,-2.7166987712964503,1.114638779968488,3,0.5,-1.6020599913279625,2.220446049250313e-16,4,0.6666666666666666,-1.6020599913279625,2.220446049250313e-16
official_test,2,thermoelectric_prior_static,128.0,1,0.16666666666666666,-2.7166987712964503,1.114638779968488,1,0.16666666666666666,-2.7166987712964503,1.114638779968488,4,0.6666666666666666,-2.065501548756432,0.4634415574284698,6,1.0,-1.6020599913279625,2.220446049250313e-16
official_test,2,target_source_rank_fusion,125.0,2,0.3333333333333333,-2.065501548756432,0.4634415574284698,2,0.3333333333333333,-2.065501548756432,0.4634415574284698,2,0.3333333333333333,-2.065501548756432,0.4634415574284698,5,0.8333333333333334,-2.065501548756432,0.4634415574284698
official_test,2,target_source_novelty_rank_fusion,129.0,2,0.3333333333333333,-2.065501548756432,0.4634415574284698,2,0.3333333333333333,-2.065501548756432,0.4634415574284698,3,0.5,-2.065501548756432,0.4634415574284698,6,1.0,-1.6020599913279625,2.220446049250313e-16
official_test,2,alloy_prior_static_control,18.0,0,0.0,-2.744727494896694,1.1426675035687317,0,0.0,-2.744727494896694,1.1426675035687317,0,0.0,-2.744727494896694,1.1426675035687317,1,0.16666666666666666,-2.7166987712964503,1.114638779968488
official_test,2,catalysis_prior_static_control,97.0,1,0.16666666666666666,-2.7166987712964503,1.114638779968488,1,0.16666666666666666,-2.7166987712964503,1.114638779968488,2,0.3333333333333333,-2.657577319177794,1.0555173278498315,5,0.8333333333333334,-1.6020599913279625,2.220446049250313e-16
official_test,2,shuffled_thermoelectric_static_control,37.0,0,0.0,-2.987445420464013,1.3853854291360508,0,0.0,-2.987445420464013,1.3853854291360508,0,0.0,-2.8601209135987635,1.2580609222708012,2,0.3333333333333333,-2.657577319177794,1.0555173278498315
official_test,3,uniform_random,55.0,0,0.0,-3.4685210829577446,1.8664610916297824,0,0.0,-3.43297363384094,1.8309136425129775,1,0.16666666666666666,-2.065501548756432,0.4634415574284698,4,0.6666666666666666,-1.6020599913279625,2.220446049250313e-16
official_test,3,target_ucb_beta1,32.0,0,0.0,-2.8601209135987635,1.2580609222708012,0,0.0,-2.8601209135987635,1.2580609222708012,0,0.0,-2.8601209135987635,1.2580609222708012,3,0.5,-2.065501548756432,0.4634415574284698
official_test,3,target_mean_greedy,44.0,0,0.0,-3.211831628858832,1.60977163753087,0,0.0,-3.113509274827518,1.5114492834995559,2,0.3333333333333333,-2.065501548756432,0.4634415574284698,2,0.3333333333333333,-2.065501548756432,0.4634415574284698
official_test,3,composition_novelty,68.0,0,0.0,-4.552841968657781,2.950781977329818,1,0.16666666666666666,-2.7166987712964503,1.114638779968488,2,0.3333333333333333,-2.690369832574101,1.0883098412461385,4,0.6666666666666666,-2.065501548756432,0.4634415574284698
official_test,3,thermoelectric_prior_static,128.0,1,0.16666666666666666,-2.7166987712964503,1.114638779968488,1,0.16666666666666666,-2.7166987712964503,1.114638779968488,4,0.6666666666666666,-2.065501548756432,0.4634415574284698,6,1.0,-1.6020599913279625,2.220446049250313e-16
official_test,3,target_source_rank_fusion,112.0,0,0.0,-4.1249387366083,2.5228787452803374,0,0.0,-4.1249387366083,2.5228787452803374,2,0.3333333333333333,-2.065501548756432,0.4634415574284698,6,1.0,-1.6020599913279625,2.220446049250313e-16
official_test,3,target_source_novelty_rank_fusion,133.0,0,0.0,-4.443697499232712,2.84163750790475,2,0.3333333333333333,-2.690369832574101,1.0883098412461385,4,0.6666666666666666,-2.065501548756432,0.4634415574284698,6,1.0,-1.6020599913279625,2.220446049250313e-16
official_test,3,alloy_prior_static_control,18.0,0,0.0,-2.744727494896694,1.1426675035687317,0,0.0,-2.744727494896694,1.1426675035687317,0,0.0,-2.744727494896694,1.1426675035687317,1,0.16666666666666666,-2.7166987712964503,1.114638779968488
official_test,3,catalysis_prior_static_control,97.0,1,0.16666666666666666,-2.7166987712964503,1.114638779968488,1,0.16666666666666666,-2.7166987712964503,1.114638779968488,2,0.3333333333333333,-2.657577319177794,1.0555173278498315,5,0.8333333333333334,-1.6020599913279625,2.220446049250313e-16
official_test,3,shuffled_thermoelectric_static_control,37.0,0,0.0,-2.987445420464013,1.3853854291360508,0,0.0,-2.987445420464013,1.3853854291360508,0,0.0,-2.8601209135987635,1.2580609222708012,2,0.3333333333333333,-2.657577319177794,1.0555173278498315
official_test,4,uniform_random,62.0,0,0.0,-5.0034883278458215,3.401428336517859,0,0.0,-2.8601209135987635,1.2580609222708012,1,0.16666666666666666,-2.7166987712964503,1.114638779968488,5,0.8333333333333334,-2.065501548756432,0.4634415574284698
official_test,4,target_ucb_beta1,0.0,0,0.0,-2.8210230527068307,1.2189630613788685,0,0.0,-2.8210230527068307,1.2189630613788685,0,0.0,-2.795880017344075,1.1938200260161127,0,0.0,-2.795880017344075,1.1938200260161127
official_test,4,target_mean_greedy,0.0,0,0.0,-3.211831628858832,1.60977163753087,0,0.0,-3.113509274827518,1.5114492834995559,0,0.0,-2.8601209135987635,1.2580609222708012,0,0.0,-2.8210230527068307,1.2189630613788685
official_test,4,composition_novelty,73.0,1,0.16666666666666666,-2.7166987712964503,1.114638779968488,2,0.3333333333333333,-2.690369832574101,1.0883098412461385,2,0.3333333333333333,-2.690369832574101,1.0883098412461385,3,0.5,-1.6020599913279625,2.220446049250313e-16
official_test,4,thermoelectric_prior_static,128.0,1,0.16666666666666666,-2.7166987712964503,1.114638779968488,1,0.16666666666666666,-2.7166987712964503,1.114638779968488,4,0.6666666666666666,-2.065501548756432,0.4634415574284698,6,1.0,-1.6020599913279625,2.220446049250313e-16
official_test,4,target_source_rank_fusion,92.0,2,0.3333333333333333,-2.690369832574101,1.0883098412461385,2,0.3333333333333333,-2.690369832574101,1.0883098412461385,2,0.3333333333333333,-2.690369832574101,1.0883098412461385,4,0.6666666666666666,-2.065501548756432,0.4634415574284698
official_test,4,target_source_novelty_rank_fusion,137.0,2,0.3333333333333333,-2.690369832574101,1.0883098412461385,2,0.3333333333333333,-2.690369832574101,1.0883098412461385,4,0.6666666666666666,-2.065501548756432,0.4634415574284698,5,0.8333333333333334,-2.065501548756432,0.4634415574284698
official_test,4,alloy_prior_static_control,18.0,0,0.0,-2.744727494896694,1.1426675035687317,0,0.0,-2.744727494896694,1.1426675035687317,0,0.0,-2.744727494896694,1.1426675035687317,1,0.16666666666666666,-2.7166987712964503,1.114638779968488
official_test,4,catalysis_prior_static_control,97.0,1,0.16666666666666666,-2.7166987712964503,1.114638779968488,1,0.16666666666666666,-2.7166987712964503,1.114638779968488,2,0.3333333333333333,-2.657577319177794,1.0555173278498315,5,0.8333333333333334,-1.6020599913279625,2.220446049250313e-16
official_test,4,shuffled_thermoelectric_static_control,37.0,0,0.0,-2.987445420464013,1.3853854291360508,0,0.0,-2.987445420464013,1.3853854291360508,0,0.0,-2.8601209135987635,1.2580609222708012,2,0.3333333333333333,-2.657577319177794,1.0555173278498315
official_test,5,uniform_random,136.0,2,0.3333333333333333,-1.6020599913279625,2.220446049250313e-16,3,0.5,-1.6020599913279625,2.220446049250313e-16,4,0.6666666666666666,-1.6020599913279625,2.220446049250313e-16,4,0.6666666666666666,-1.6020599913279625,2.220446049250313e-16
official_test,5,target_ucb_beta1,87.0,0,0.0,-3.7569619513137056,2.154901959985743,1,0.16666666666666666,-2.065501548756432,0.4634415574284698,3,0.5,-2.065501548756432,0.4634415574284698,3,0.5,-2.065501548756432,0.4634415574284698
official_test,5,target_mean_greedy,0.0,0,0.0,-4.11690664142431,2.514846650096348,0,0.0,-2.8210230527068307,1.2189630613788685,0,0.0,-2.795880017344075,1.1938200260161127,0,0.0,-2.795880017344075,1.1938200260161127
official_test,5,composition_novelty,99.0,2,0.3333333333333333,-2.690369832574101,1.0883098412461385,2,0.3333333333333333,-2.690369832574101,1.0883098412461385,2,0.3333333333333333,-2.690369832574101,1.0883098412461385,4,0.6666666666666666,-1.6020599913279625,2.220446049250313e-16
official_test,5,thermoelectric_prior_static,128.0,1,0.16666666666666666,-2.7166987712964503,1.114638779968488,1,0.16666666666666666,-2.7166987712964503,1.114638779968488,4,0.6666666666666666,-2.065501548756432,0.4634415574284698,6,1.0,-1.6020599913279625,2.220446049250313e-16
official_test,5,target_source_rank_fusion,65.0,0,0.0,-3.7569619513137056,2.154901959985743,2,0.3333333333333333,-2.065501548756432,0.4634415574284698,2,0.3333333333333333,-2.065501548756432,0.4634415574284698,2,0.3333333333333333,-2.065501548756432,0.4634415574284698
official_test,5,target_source_novelty_rank_fusion,65.0,0,0.0,-3.7569619513137056,2.154901959985743,0,0.0,-3.7569619513137056,2.154901959985743,2,0.3333333333333333,-2.065501548756432,0.4634415574284698,3,0.5,-2.065501548756432,0.4634415574284698
official_test,5,alloy_prior_static_control,18.0,0,0.0,-2.744727494896694,1.1426675035687317,0,0.0,-2.744727494896694,1.1426675035687317,0,0.0,-2.744727494896694,1.1426675035687317,1,0.16666666666666666,-2.7166987712964503,1.114638779968488
official_test,5,catalysis_prior_static_control,97.0,1,0.16666666666666666,-2.7166987712964503,1.114638779968488,1,0.16666666666666666,-2.7166987712964503,1.114638779968488,2,0.3333333333333333,-2.657577319177794,1.0555173278498315,5,0.8333333333333334,-1.6020599913279625,2.220446049250313e-16
official_test,5,shuffled_thermoelectric_static_control,37.0,0,0.0,-2.987445420464013,1.3853854291360508,0,0.0,-2.987445420464013,1.3853854291360508,0,0.0,-2.8601209135987635,1.2580609222708012,2,0.3333333333333333,-2.657577319177794,1.0555173278498315
official_test,6,uniform_random,99.0,1,0.16666666666666666,-2.7166987712964503,1.114638779968488,2,0.3333333333333333,-1.6020599913279625,2.220446049250313e-16,2,0.3333333333333333,-1.6020599913279625,2.220446049250313e-16,4,0.6666666666666666,-1.6020599913279625,2.220446049250313e-16
official_test,6,target_ucb_beta1,10.0,0,0.0,-3.2026463086937507,1.6005863173657884,0,0.0,-3.2026463086937507,1.6005863173657884,0,0.0,-2.8210230527068307,1.2189630613788685,1,0.16666666666666666,-2.690369832574101,1.0883098412461385
official_test,6,target_mean_greedy,0.0,0,0.0,-3.113509274827518,1.5114492834995559,0,0.0,-2.892790030352132,1.2907300390241698,0,0.0,-2.8601209135987635,1.2580609222708012,0,0.0,-2.795880017344075,1.1938200260161127
official_test,6,composition_novelty,86.0,1,0.16666666666666666,-2.7166987712964503,1.114638779968488,1,0.16666666666666666,-2.7166987712964503,1.114638779968488,3,0.5,-1.6020599913279625,2.220446049250313e-16,3,0.5,-1.6020599913279625,2.220446049250313e-16
official_test,6,thermoelectric_prior_static,128.0,1,0.16666666666666666,-2.7166987712964503,1.114638779968488,1,0.16666666666666666,-2.7166987712964503,1.114638779968488,4,0.6666666666666666,-2.065501548756432,0.4634415574284698,6,1.0,-1.6020599913279625,2.220446049250313e-16
official_test,6,target_source_rank_fusion,112.0,1,0.16666666666666666,-2.7166987712964503,1.114638779968488,1,0.16666666666666666,-2.7166987712964503,1.114638779968488,4,0.6666666666666666,-2.065501548756432,0.4634415574284698,4,0.6666666666666666,-2.065501548756432,0.4634415574284698
official_test,6,target_source_novelty_rank_fusion,140.0,2,0.3333333333333333,-2.690369832574101,1.0883098412461385,2,0.3333333333333333,-2.690369832574101,1.0883098412461385,4,0.6666666666666666,-2.065501548756432,0.4634415574284698,5,0.8333333333333334,-1.6020599913279625,2.220446049250313e-16
official_test,6,alloy_prior_static_control,18.0,0,0.0,-2.744727494896694,1.1426675035687317,0,0.0,-2.744727494896694,1.1426675035687317,0,0.0,-2.744727494896694,1.1426675035687317,1,0.16666666666666666,-2.7166987712964503,1.114638779968488
official_test,6,catalysis_prior_static_control,97.0,1,0.16666666666666666,-2.7166987712964503,1.114638779968488,1,0.16666666666666666,-2.7166987712964503,1.114638779968488,2,0.3333333333333333,-2.657577319177794,1.0555173278498315,5,0.8333333333333334,-1.6020599913279625,2.220446049250313e-16
official_test,6,shuffled_thermoelectric_static_control,37.0,0,0.0,-2.987445420464013,1.3853854291360508,0,0.0,-2.987445420464013,1.3853854291360508,0,0.0,-2.8601209135987635,1.2580609222708012,2,0.3333333333333333,-2.657577319177794,1.0555173278498315
official_test,7,uniform_random,27.0,0,0.0,-2.744727494896694,1.1426675035687317,0,0.0,-2.744727494896694,1.1426675035687317,1,0.16666666666666666,-2.690369832574101,1.0883098412461385,2,0.3333333333333333,-1.6020599913279625,2.220446049250313e-16
official_test,7,target_ucb_beta1,108.0,1,0.16666666666666666,-2.657577319177794,1.0555173278498315,3,0.5,-2.065501548756432,0.4634415574284698,3,0.5,-2.065501548756432,0.4634415574284698,3,0.5,-2.065501548756432,0.4634415574284698
official_test,7,target_mean_greedy,77.0,2,0.3333333333333333,-2.065501548756432,0.4634415574284698,2,0.3333333333333333,-2.065501548756432,0.4634415574284698,2,0.3333333333333333,-2.065501548756432,0.4634415574284698,2,0.3333333333333333,-2.065501548756432,0.4634415574284698
official_test,7,composition_novelty,82.0,1,0.16666666666666666,-2.7166987712964503,1.114638779968488,1,0.16666666666666666,-2.7166987712964503,1.114638779968488,1,0.16666666666666666,-2.7166987712964503,1.114638779968488,4,0.6666666666666666,-1.6020599913279625,2.220446049250313e-16
official_test,7,thermoelectric_prior_static,128.0,1,0.16666666666666666,-2.7166987712964503,1.114638779968488,1,0.16666666666666666,-2.7166987712964503,1.114638779968488,4,0.6666666666666666,-2.065501548756432,0.4634415574284698,6,1.0,-1.6020599913279625,2.220446049250313e-16
official_test,7,target_source_rank_fusion,126.0,2,0.3333333333333333,-2.065501548756432,0.4634415574284698,2,0.3333333333333333,-2.065501548756432,0.4634415574284698,3,0.5,-2.065501548756432,0.4634415574284698,6,1.0,-1.6020599913279625,2.220446049250313e-16
official_test,7,target_source_novelty_rank_fusion,130.0,2,0.3333333333333333,-2.065501548756432,0.4634415574284698,2,0.3333333333333333,-2.065501548756432,0.4634415574284698,3,0.5,-2.065501548756432,0.4634415574284698,6,1.0,-1.6020599913279625,2.220446049250313e-16
official_test,7,alloy_prior_static_control,18.0,0,0.0,-2.744727494896694,1.1426675035687317,0,0.0,-2.744727494896694,1.1426675035687317,0,0.0,-2.744727494896694,1.1426675035687317,1,0.16666666666666666,-2.7166987712964503,1.114638779968488
official_test,7,catalysis_prior_static_control,97.0,1,0.16666666666666666,-2.7166987712964503,1.114638779968488,1,0.16666666666666666,-2.7166987712964503,1.114638779968488,2,0.3333333333333333,-2.657577319177794,1.0555173278498315,5,0.8333333333333334,-1.6020599913279625,2.220446049250313e-16
official_test,7,shuffled_thermoelectric_static_control,37.0,0,0.0,-2.987445420464013,1.3853854291360508,0,0.0,-2.987445420464013,1.3853854291360508,0,0.0,-2.8601209135987635,1.2580609222708012,2,0.3333333333333333,-2.657577319177794,1.0555173278498315
official_test,8,uniform_random,91.0,1,0.16666666666666666,-1.6020599913279625,2.220446049250313e-16,2,0.3333333333333333,-1.6020599913279625,2.220446049250313e-16,2,0.3333333333333333,-1.6020599913279625,2.220446049250313e-16,3,0.5,-1.6020599913279625,2.220446049250313e-16
official_test,8,target_ucb_beta1,130.0,1,0.16666666666666666,-2.065501548756432,0.4634415574284698,2,0.3333333333333333,-2.065501548756432,0.4634415574284698,3,0.5,-2.065501548756432,0.4634415574284698,6,1.0,-1.6020599913279625,2.220446049250313e-16
official_test,8,target_mean_greedy,131.0,2,0.3333333333333333,-2.065501548756432,0.4634415574284698,3,0.5,-2.065501548756432,0.4634415574284698,3,0.5,-2.065501548756432,0.4634415574284698,6,1.0,-1.6020599913279625,2.220446049250313e-16
official_test,8,composition_novelty,101.0,1,0.16666666666666666,-2.7166987712964503,1.114638779968488,1,0.16666666666666666,-2.7166987712964503,1.114638779968488,3,0.5,-2.280175785218263,0.6781157938903009,4,0.6666666666666666,-1.6020599913279625,2.220446049250313e-16
official_test,8,thermoelectric_prior_static,128.0,1,0.16666666666666666,-2.7166987712964503,1.114638779968488,1,0.16666666666666666,-2.7166987712964503,1.114638779968488,4,0.6666666666666666,-2.065501548756432,0.4634415574284698,6,1.0,-1.6020599913279625,2.220446049250313e-16
official_test,8,target_source_rank_fusion,105.0,0,0.0,-3.7569619513137056,2.154901959985743,0,0.0,-3.7569619513137056,2.154901959985743,2,0.3333333333333333,-2.065501548756432,0.4634415574284698,6,1.0,-1.6020599913279625,2.220446049250313e-16
official_test,8,target_source_novelty_rank_fusion,127.0,0,0.0,-3.7569619513137056,2.154901959985743,2,0.3333333333333333,-2.690369832574101,1.0883098412461385,3,0.5,-2.065501548756432,0.4634415574284698,6,1.0,-1.6020599913279625,2.220446049250313e-16
official_test,8,alloy_prior_static_control,18.0,0,0.0,-2.744727494896694,1.1426675035687317,0,0.0,-2.744727494896694,1.1426675035687317,0,0.0,-2.744727494896694,1.1426675035687317,1,0.16666666666666666,-2.7166987712964503,1.114638779968488
official_test,8,catalysis_prior_static_control,97.0,1,0.16666666666666666,-2.7166987712964503,1.114638779968488,1,0.16666666666666666,-2.7166987712964503,1.114638779968488,2,0.3333333333333333,-2.657577319177794,1.0555173278498315,5,0.8333333333333334,-1.6020599913279625,2.220446049250313e-16
official_test,8,shuffled_thermoelectric_static_control,37.0,0,0.0,-2.987445420464013,1.3853854291360508,0,0.0,-2.987445420464013,1.3853854291360508,0,0.0,-2.8601209135987635,1.2580609222708012,2,0.3333333333333333,-2.657577319177794,1.0555173278498315
official_test,9,uniform_random,16.0,0,0.0,-2.795880017344075,1.1938200260161127,0,0.0,-2.795880017344075,1.1938200260161127,0,0.0,-2.7594507517174,1.1573907603894378,1,0.16666666666666666,-2.065501548756432,0.4634415574284698
official_test,9,target_ucb_beta1,75.0,1,0.16666666666666666,-2.065501548756432,0.4634415574284698,2,0.3333333333333333,-2.065501548756432,0.4634415574284698,2,0.3333333333333333,-2.065501548756432,0.4634415574284698,2,0.3333333333333333,-2.065501548756432,0.4634415574284698
official_test,9,target_mean_greedy,140.0,2,0.3333333333333333,-2.065501548756432,0.4634415574284698,3,0.5,-2.065501548756432,0.4634415574284698,3,0.5,-2.065501548756432,0.4634415574284698,6,1.0,-1.6020599913279625,2.220446049250313e-16
official_test,9,composition_novelty,65.0,0,0.0,-3.211831628858832,1.60977163753087,0,0.0,-2.795880017344075,1.1938200260161127,1,0.16666666666666666,-2.7166987712964503,1.114638779968488,3,0.5,-1.6020599913279625,2.220446049250313e-16
official_test,9,thermoelectric_prior_static,128.0,1,0.16666666666666666,-2.7166987712964503,1.114638779968488,1,0.16666666666666666,-2.7166987712964503,1.114638779968488,4,0.6666666666666666,-2.065501548756432,0.4634415574284698,6,1.0,-1.6020599913279625,2.220446049250313e-16
official_test,9,target_source_rank_fusion,145.0,2,0.3333333333333333,-2.065501548756432,0.4634415574284698,2,0.3333333333333333,-2.065501548756432,0.4634415574284698,3,0.5,-2.065501548756432,0.4634415574284698,6,1.0,-1.6020599913279625,2.220446049250313e-16
official_test,9,target_source_novelty_rank_fusion,153.0,3,0.5,-2.065501548756432,0.4634415574284698,3,0.5,-2.065501548756432,0.4634415574284698,4,0.6666666666666666,-2.065501548756432,0.4634415574284698,5,0.8333333333333334,-2.065501548756432,0.4634415574284698
official_test,9,alloy_prior_static_control,18.0,0,0.0,-2.744727494896694,1.1426675035687317,0,0.0,-2.744727494896694,1.1426675035687317,0,0.0,-2.744727494896694,1.1426675035687317,1,0.16666666666666666,-2.7166987712964503,1.114638779968488
official_test,9,catalysis_prior_static_control,97.0,1,0.16666666666666666,-2.7166987712964503,1.114638779968488,1,0.16666666666666666,-2.7166987712964503,1.114638779968488,2,0.3333333333333333,-2.657577319177794,1.0555173278498315,5,0.8333333333333334,-1.6020599913279625,2.220446049250313e-16
official_test,9,shuffled_thermoelectric_static_control,37.0,0,0.0,-2.987445420464013,1.3853854291360508,0,0.0,-2.987445420464013,1.3853854291360508,0,0.0,-2.8601209135987635,1.2580609222708012,2,0.3333333333333333,-2.657577319177794,1.0555173278498315
official_test,10,uniform_random,142.0,1,0.16666666666666666,-2.690369832574101,1.0883098412461385,1,0.16666666666666666,-2.690369832574101,1.0883098412461385,3,0.5,-2.657577319177794,1.0555173278498315,6,1.0,-1.6020599913279625,2.220446049250313e-16
official_test,10,target_ucb_beta1,35.0,0,0.0,-2.8601209135987635,1.2580609222708012,0,0.0,-2.8601209135987635,1.2580609222708012,0,0.0,-2.8601209135987635,1.2580609222708012,3,0.5,-2.065501548756432,0.4634415574284698
official_test,10,target_mean_greedy,52.0,0,0.0,-3.113509274827518,1.5114492834995559,0,0.0,-3.113509274827518,1.5114492834995559,0,0.0,-2.8601209135987635,1.2580609222708012,4,0.6666666666666666,-2.065501548756432,0.4634415574284698
official_test,10,composition_novelty,72.0,0,0.0,-5.301029995663981,3.6989700043360187,1,0.16666666666666666,-2.7166987712964503,1.114638779968488,2,0.3333333333333333,-2.280175785218263,0.6781157938903009,3,0.5,-2.280175785218263,0.6781157938903009
official_test,10,thermoelectric_prior_static,128.0,1,0.16666666666666666,-2.7166987712964503,1.114638779968488,1,0.16666666666666666,-2.7166987712964503,1.114638779968488,4,0.6666666666666666,-2.065501548756432,0.4634415574284698,6,1.0,-1.6020599913279625,2.220446049250313e-16
official_test,10,target_source_rank_fusion,154.0,2,0.3333333333333333,-2.690369832574101,1.0883098412461385,2,0.3333333333333333,-2.690369832574101,1.0883098412461385,4,0.6666666666666666,-2.065501548756432,0.4634415574284698,6,1.0,-1.6020599913279625,2.220446049250313e-16
official_test,10,target_source_novelty_rank_fusion,154.0,1,0.16666666666666666,-2.7166987712964503,1.114638779968488,2,0.3333333333333333,-2.690369832574101,1.0883098412461385,5,0.8333333333333334,-2.065501548756432,0.4634415574284698,6,1.0,-1.6020599913279625,2.220446049250313e-16
official_test,10,alloy_prior_static_control,18.0,0,0.0,-2.744727494896694,1.1426675035687317,0,0.0,-2.744727494896694,1.1426675035687317,0,0.0,-2.744727494896694,1.1426675035687317,1,0.16666666666666666,-2.7166987712964503,1.114638779968488
official_test,10,catalysis_prior_static_control,97.0,1,0.16666666666666666,-2.7166987712964503,1.114638779968488,1,0.16666666666666666,-2.7166987712964503,1.114638779968488,2,0.3333333333333333,-2.657577319177794,1.0555173278498315,5,0.8333333333333334,-1.6020599913279625,2.220446049250313e-16
official_test,10,shuffled_thermoelectric_static_control,37.0,0,0.0,-2.987445420464013,1.3853854291360508,0,0.0,-2.987445420464013,1.3853854291360508,0,0.0,-2.8601209135987635,1.2580609222708012,2,0.3333333333333333,-2.657577319177794,1.0555173278498315
official_test,11,uniform_random,38.0,1,0.16666666666666666,-2.065501548756432,0.4634415574284698,1,0.16666666666666666,-2.065501548756432,0.4634415574284698,1,0.16666666666666666,-2.065501548756432,0.4634415574284698,1,0.16666666666666666,-2.065501548756432,0.4634415574284698
official_test,11,target_ucb_beta1,13.0,0,0.0,-2.8210230527068307,1.2189630613788685,0,0.0,-2.8210230527068307,1.2189630613788685,0,0.0,-2.8210230527068307,1.2189630613788685,2,0.3333333333333333,-2.690369832574101,1.0883098412461385
official_test,11,target_mean_greedy,28.0,0,0.0,-2.892790030352132,1.2907300390241698,0,0.0,-2.8601209135987635,1.2580609222708012,0,0.0,-2.8601209135987635,1.2580609222708012,2,0.3333333333333333,-2.690369832574101,1.0883098412461385
official_test,11,composition_novelty,72.0,1,0.16666666666666666,-2.7166987712964503,1.114638779968488,1,0.16666666666666666,-2.7166987712964503,1.114638779968488,2,0.3333333333333333,-2.690369832574101,1.0883098412461385,3,0.5,-2.065501548756432,0.4634415574284698
official_test,11,thermoelectric_prior_static,128.0,1,0.16666666666666666,-2.7166987712964503,1.114638779968488,1,0.16666666666666666,-2.7166987712964503,1.114638779968488,4,0.6666666666666666,-2.065501548756432,0.4634415574284698,6,1.0,-1.6020599913279625,2.220446049250313e-16
official_test,11,target_source_rank_fusion,132.0,2,0.3333333333333333,-2.690369832574101,1.0883098412461385,2,0.3333333333333333,-2.690369832574101,1.0883098412461385,4,0.6666666666666666,-2.065501548756432,0.4634415574284698,5,0.8333333333333334,-2.065501548756432,0.4634415574284698
official_test,11,target_source_novelty_rank_fusion,114.0,2,0.3333333333333333,-2.690369832574101,1.0883098412461385,2,0.3333333333333333,-2.690369832574101,1.0883098412461385,3,0.5,-2.065501548756432,0.4634415574284698,4,0.6666666666666666,-2.065501548756432,0.4634415574284698
official_test,11,alloy_prior_static_control,18.0,0,0.0,-2.744727494896694,1.1426675035687317,0,0.0,-2.744727494896694,1.1426675035687317,0,0.0,-2.744727494896694,1.1426675035687317,1,0.16666666666666666,-2.7166987712964503,1.114638779968488
official_test,11,catalysis_prior_static_control,97.0,1,0.16666666666666666,-2.7166987712964503,1.114638779968488,1,0.16666666666666666,-2.7166987712964503,1.114638779968488,2,0.3333333333333333,-2.657577319177794,1.0555173278498315,5,0.8333333333333334,-1.6020599913279625,2.220446049250313e-16
official_test,11,shuffled_thermoelectric_static_control,37.0,0,0.0,-2.987445420464013,1.3853854291360508,0,0.0,-2.987445420464013,1.3853854291360508,0,0.0,-2.8601209135987635,1.2580609222708012,2,0.3333333333333333,-2.657577319177794,1.0555173278498315
official_test,12,uniform_random,90.0,0,0.0,-3.1512249256599825,1.5491649343320202,2,0.3333333333333333,-2.280175785218263,0.6781157938903009,2,0.3333333333333333,-2.280175785218263,0.6781157938903009,5,0.8333333333333334,-1.6020599913279625,2.220446049250313e-16
official_test,12,target_ucb_beta1,0.0,0,0.0,-3.1804560644581312,1.578396073130169,0,0.0,-3.044754499211876,1.4426945078839137,0,0.0,-2.795880017344075,1.1938200260161127,0,0.0,-2.795880017344075,1.1938200260161127
official_test,12,target_mean_greedy,0.0,0,0.0,-2.795880017344075,1.1938200260161127,0,0.0,-2.795880017344075,1.1938200260161127,0,0.0,-2.795880017344075,1.1938200260161127,0,0.0,-2.795880017344075,1.1938200260161127
official_test,12,composition_novelty,96.0,1,0.16666666666666666,-2.7166987712964503,1.114638779968488,1,0.16666666666666666,-2.7166987712964503,1.114638779968488,3,0.5,-2.065501548756432,0.4634415574284698,4,0.6666666666666666,-2.065501548756432,0.4634415574284698
official_test,12,thermoelectric_prior_static,128.0,1,0.16666666666666666,-2.7166987712964503,1.114638779968488,1,0.16666666666666666,-2.7166987712964503,1.114638779968488,4,0.6666666666666666,-2.065501548756432,0.4634415574284698,6,1.0,-1.6020599913279625,2.220446049250313e-16
official_test,12,target_source_rank_fusion,76.0,0,0.0,-2.987445420464013,1.3853854291360508,0,0.0,-2.795880017344075,1.1938200260161127,2,0.3333333333333333,-2.690369832574101,1.0883098412461385,5,0.8333333333333334,-2.065501548756432,0.4634415574284698
official_test,12,target_source_novelty_rank_fusion,146.0,2,0.3333333333333333,-2.690369832574101,1.0883098412461385,2,0.3333333333333333,-2.690369832574101,1.0883098412461385,4,0.6666666666666666,-2.065501548756432,0.4634415574284698,5,0.8333333333333334,-2.065501548756432,0.4634415574284698
official_test,12,alloy_prior_static_control,18.0,0,0.0,-2.744727494896694,1.1426675035687317,0,0.0,-2.744727494896694,1.1426675035687317,0,0.0,-2.744727494896694,1.1426675035687317,1,0.16666666666666666,-2.7166987712964503,1.114638779968488
official_test,12,catalysis_prior_static_control,97.0,1,0.16666666666666666,-2.7166987712964503,1.114638779968488,1,0.16666666666666666,-2.7166987712964503,1.114638779968488,2,0.3333333333333333,-2.657577319177794,1.0555173278498315,5,0.8333333333333334,-1.6020599913279625,2.220446049250313e-16
official_test,12,shuffled_thermoelectric_static_control,37.0,0,0.0,-2.987445420464013,1.3853854291360508,0,0.0,-2.987445420464013,1.3853854291360508,0,0.0,-2.8601209135987635,1.2580609222708012,2,0.3333333333333333,-2.657577319177794,1.0555173278498315
official_test,13,uniform_random,61.0,0,0.0,-3.2026463086937507,1.6005863173657884,1,0.16666666666666666,-2.7166987712964503,1.114638779968488,2,0.3333333333333333,-2.065501548756432,0.4634415574284698,3,0.5,-2.065501548756432,0.4634415574284698
official_test,13,target_ucb_beta1,25.0,0,0.0,-2.8210230527068307,1.2189630613788685,0,0.0,-2.8210230527068307,1.2189630613788685,0,0.0,-2.8210230527068307,1.2189630613788685,2,0.3333333333333333,-2.065501548756432,0.4634415574284698
official_test,13,target_mean_greedy,0.0,0,0.0,-2.892790030352132,1.2907300390241698,0,0.0,-2.892790030352132,1.2907300390241698,0,0.0,-2.8601209135987635,1.2580609222708012,0,0.0,-2.795880017344075,1.1938200260161127
official_test,13,composition_novelty,65.0,1,0.16666666666666666,-2.7166987712964503,1.114638779968488,1,0.16666666666666666,-2.7166987712964503,1.114638779968488,2,0.3333333333333333,-2.690369832574101,1.0883098412461385,3,0.5,-2.065501548756432,0.4634415574284698
official_test,13,thermoelectric_prior_static,128.0,1,0.16666666666666666,-2.7166987712964503,1.114638779968488,1,0.16666666666666666,-2.7166987712964503,1.114638779968488,4,0.6666666666666666,-2.065501548756432,0.4634415574284698,6,1.0,-1.6020599913279625,2.220446049250313e-16
official_test,13,target_source_rank_fusion,145.0,2,0.3333333333333333,-2.690369832574101,1.0883098412461385,2,0.3333333333333333,-2.690369832574101,1.0883098412461385,4,0.6666666666666666,-2.065501548756432,0.4634415574284698,6,1.0,-1.6020599913279625,2.220446049250313e-16
official_test,13,target_source_novelty_rank_fusion,125.0,2,0.3333333333333333,-2.690369832574101,1.0883098412461385,2,0.3333333333333333,-2.690369832574101,1.0883098412461385,4,0.6666666666666666,-2.065501548756432,0.4634415574284698,4,0.6666666666666666,-2.065501548756432,0.4634415574284698
official_test,13,alloy_prior_static_control,18.0,0,0.0,-2.744727494896694,1.1426675035687317,0,0.0,-2.744727494896694,1.1426675035687317,0,0.0,-2.744727494896694,1.1426675035687317,1,0.16666666666666666,-2.7166987712964503,1.114638779968488
official_test,13,catalysis_prior_static_control,97.0,1,0.16666666666666666,-2.7166987712964503,1.114638779968488,1,0.16666666666666666,-2.7166987712964503,1.114638779968488,2,0.3333333333333333,-2.657577319177794,1.0555173278498315,5,0.8333333333333334,-1.6020599913279625,2.220446049250313e-16
official_test,13,shuffled_thermoelectric_static_control,37.0,0,0.0,-2.987445420464013,1.3853854291360508,0,0.0,-2.987445420464013,1.3853854291360508,0,0.0,-2.8601209135987635,1.2580609222708012,2,0.3333333333333333,-2.657577319177794,1.0555173278498315
official_test,14,uniform_random,51.0,0,0.0,-3.0291883891274822,1.42712839779952,0,0.0,-2.744727494896694,1.1426675035687317,2,0.3333333333333333,-1.6020599913279625,2.220446049250313e-16,2,0.3333333333333333,-1.6020599913279625,2.220446049250313e-16
official_test,14,target_ucb_beta1,0.0,0,0.0,-4.1944991418416,2.5924391505136377,0,0.0,-2.892790030352132,1.2907300390241698,0,0.0,-2.8601209135987635,1.2580609222708012,0,0.0,-2.795880017344075,1.1938200260161127
official_test,14,target_mean_greedy,0.0,0,0.0,-3.43297363384094,1.8309136425129775,0,0.0,-2.8601209135987635,1.2580609222708012,0,0.0,-2.8601209135987635,1.2580609222708012,0,0.0,-2.795880017344075,1.1938200260161127
official_test,14,composition_novelty,77.0,1,0.16666666666666666,-2.7166987712964503,1.114638779968488,1,0.16666666666666666,-2.7166987712964503,1.114638779968488,1,0.16666666666666666,-2.7166987712964503,1.114638779968488,3,0.5,-1.6020599913279625,2.220446049250313e-16
official_test,14,thermoelectric_prior_static,128.0,1,0.16666666666666666,-2.7166987712964503,1.114638779968488,1,0.16666666666666666,-2.7166987712964503,1.114638779968488,4,0.6666666666666666,-2.065501548756432,0.4634415574284698,6,1.0,-1.6020599913279625,2.220446049250313e-16
official_test,14,target_source_rank_fusion,44.0,0,0.0,-4.1249387366083,2.5228787452803374,0,0.0,-3.245651664288981,1.643591672961019,2,0.3333333333333333,-2.065501548756432,0.4634415574284698,2,0.3333333333333333,-2.065501548756432,0.4634415574284698
official_test,14,target_source_novelty_rank_fusion,46.0,0,0.0,-4.1249387366083,2.5228787452803374,0,0.0,-3.245651664288981,1.643591672961019,1,0.16666666666666666,-2.065501548756432,0.4634415574284698,2,0.3333333333333333,-2.065501548756432,0.4634415574284698
official_test,14,alloy_prior_static_control,18.0,0,0.0,-2.744727494896694,1.1426675035687317,0,0.0,-2.744727494896694,1.1426675035687317,0,0.0,-2.744727494896694,1.1426675035687317,1,0.16666666666666666,-2.7166987712964503,1.114638779968488
official_test,14,catalysis_prior_static_control,97.0,1,0.16666666666666666,-2.7166987712964503,1.114638779968488,1,0.16666666666666666,-2.7166987712964503,1.114638779968488,2,0.3333333333333333,-2.657577319177794,1.0555173278498315,5,0.8333333333333334,-1.6020599913279625,2.220446049250313e-16
official_test,14,shuffled_thermoelectric_static_control,37.0,0,0.0,-2.987445420464013,1.3853854291360508,0,0.0,-2.987445420464013,1.3853854291360508,0,0.0,-2.8601209135987635,1.2580609222708012,2,0.3333333333333333,-2.657577319177794,1.0555173278498315
official_test,15,uniform_random,89.0,2,0.3333333333333333,-1.6020599913279625,2.220446049250313e-16,2,0.3333333333333333,-1.6020599913279625,2.220446049250313e-16,2,0.3333333333333333,-1.6020599913279625,2.220446049250313e-16,3,0.5,-1.6020599913279625,2.220446049250313e-16
official_test,15,target_ucb_beta1,21.0,0,0.0,-3.1804560644581312,1.578396073130169,0,0.0,-2.8601209135987635,1.2580609222708012,0,0.0,-2.8601209135987635,1.2580609222708012,2,0.3333333333333333,-1.6020599913279625,2.220446049250313e-16
official_test,15,target_mean_greedy,9.0,0,0.0,-2.892790030352132,1.2907300390241698,0,0.0,-2.8601209135987635,1.2580609222708012,0,0.0,-2.8601209135987635,1.2580609222708012,2,0.3333333333333333,-1.6020599913279625,2.220446049250313e-16
official_test,15,composition_novelty,127.0,0,0.0,-2.744727494896694,1.1426675035687317,1,0.16666666666666666,-2.7166987712964503,1.114638779968488,4,0.6666666666666666,-1.6020599913279625,2.220446049250313e-16,5,0.8333333333333334,-1.6020599913279625,2.220446049250313e-16
official_test,15,thermoelectric_prior_static,128.0,1,0.16666666666666666,-2.7166987712964503,1.114638779968488,1,0.16666666666666666,-2.7166987712964503,1.114638779968488,4,0.6666666666666666,-2.065501548756432,0.4634415574284698,6,1.0,-1.6020599913279625,2.220446049250313e-16
official_test,15,target_source_rank_fusion,116.0,0,0.0,-4.1249387366083,2.5228787452803374,0,0.0,-4.1249387366083,2.5228787452803374,3,0.5,-1.6020599913279625,2.220446049250313e-16,6,1.0,-1.6020599913279625,2.220446049250313e-16
official_test,15,target_source_novelty_rank_fusion,127.0,0,0.0,-4.1249387366083,2.5228787452803374,0,0.0,-2.744727494896694,1.1426675035687317,3,0.5,-1.6020599913279625,2.220446049250313e-16,6,1.0,-1.6020599913279625,2.220446049250313e-16
official_test,15,alloy_prior_static_control,18.0,0,0.0,-2.744727494896694,1.1426675035687317,0,0.0,-2.744727494896694,1.1426675035687317,0,0.0,-2.744727494896694,1.1426675035687317,1,0.16666666666666666,-2.7166987712964503,1.114638779968488
official_test,15,catalysis_prior_static_control,97.0,1,0.16666666666666666,-2.7166987712964503,1.114638779968488,1,0.16666666666666666,-2.7166987712964503,1.114638779968488,2,0.3333333333333333,-2.657577319177794,1.0555173278498315,5,0.8333333333333334,-1.6020599913279625,2.220446049250313e-16
official_test,15,shuffled_thermoelectric_static_control,37.0,0,0.0,-2.987445420464013,1.3853854291360508,0,0.0,-2.987445420464013,1.3853854291360508,0,0.0,-2.8601209135987635,1.2580609222708012,2,0.3333333333333333,-2.657577319177794,1.0555173278498315
official_test,16,uniform_random,42.0,1,0.16666666666666666,-2.280175785218263,0.6781157938903009,1,0.16666666666666666,-2.280175785218263,0.6781157938903009,1,0.16666666666666666,-2.280175785218263,0.6781157938903009,2,0.3333333333333333,-2.280175785218263,0.6781157938903009
official_test,16,target_ucb_beta1,0.0,0,0.0,-3.0291883891274822,1.42712839779952,0,0.0,-2.8601209135987635,1.2580609222708012,0,0.0,-2.8601209135987635,1.2580609222708012,0,0.0,-2.795880017344075,1.1938200260161127
official_test,16,target_mean_greedy,0.0,0,0.0,-3.113509274827518,1.5114492834995559,0,0.0,-2.8601209135987635,1.2580609222708012,0,0.0,-2.8601209135987635,1.2580609222708012,0,0.0,-2.795880017344075,1.1938200260161127
official_test,16,composition_novelty,55.0,0,0.0,-3.211831628858832,1.60977163753087,1,0.16666666666666666,-2.7166987712964503,1.114638779968488,2,0.3333333333333333,-2.690369832574101,1.0883098412461385,3,0.5,-1.6020599913279625,2.220446049250313e-16
official_test,16,thermoelectric_prior_static,128.0,1,0.16666666666666666,-2.7166987712964503,1.114638779968488,1,0.16666666666666666,-2.7166987712964503,1.114638779968488,4,0.6666666666666666,-2.065501548756432,0.4634415574284698,6,1.0,-1.6020599913279625,2.220446049250313e-16
official_test,16,target_source_rank_fusion,36.0,0,0.0,-4.1249387366083,2.5228787452803374,0,0.0,-4.1249387366083,2.5228787452803374,0,0.0,-2.8210230527068307,1.2189630613788685,2,0.3333333333333333,-2.690369832574101,1.0883098412461385
official_test,16,target_source_novelty_rank_fusion,77.0,0,0.0,-4.1249387366083,2.5228787452803374,1,0.16666666666666666,-2.690369832574101,1.0883098412461385,2,0.3333333333333333,-2.690369832574101,1.0883098412461385,4,0.6666666666666666,-2.065501548756432,0.4634415574284698
official_test,16,alloy_prior_static_control,18.0,0,0.0,-2.744727494896694,1.1426675035687317,0,0.0,-2.744727494896694,1.1426675035687317,0,0.0,-2.744727494896694,1.1426675035687317,1,0.16666666666666666,-2.7166987712964503,1.114638779968488
official_test,16,catalysis_prior_static_control,97.0,1,0.16666666666666666,-2.7166987712964503,1.114638779968488,1,0.16666666666666666,-2.7166987712964503,1.114638779968488,2,0.3333333333333333,-2.657577319177794,1.0555173278498315,5,0.8333333333333334,-1.6020599913279625,2.220446049250313e-16
official_test,16,shuffled_thermoelectric_static_control,37.0,0,0.0,-2.987445420464013,1.3853854291360508,0,0.0,-2.987445420464013,1.3853854291360508,0,0.0,-2.8601209135987635,1.2580609222708012,2,0.3333333333333333,-2.657577319177794,1.0555173278498315
official_test,17,uniform_random,17.0,0,0.0,-3.175223537524454,1.573163546196492,0,0.0,-3.175223537524454,1.573163546196492,0,0.0,-2.744727494896694,1.1426675035687317,1,0.16666666666666666,-2.657577319177794,1.0555173278498315
official_test,17,target_ucb_beta1,30.0,0,0.0,-2.8210230527068307,1.2189630613788685,0,0.0,-2.795880017344075,1.1938200260161127,0,0.0,-2.795880017344075,1.1938200260161127,2,0.3333333333333333,-2.690369832574101,1.0883098412461385
official_test,17,target_mean_greedy,0.0,0,0.0,-2.795880017344075,1.1938200260161127,0,0.0,-2.795880017344075,1.1938200260161127,0,0.0,-2.795880017344075,1.1938200260161127,0,0.0,-2.795880017344075,1.1938200260161127
official_test,17,composition_novelty,84.0,1,0.16666666666666666,-2.7166987712964503,1.114638779968488,1,0.16666666666666666,-2.7166987712964503,1.114638779968488,2,0.3333333333333333,-2.690369832574101,1.0883098412461385,4,0.6666666666666666,-1.6020599913279625,2.220446049250313e-16
official_test,17,thermoelectric_prior_static,128.0,1,0.16666666666666666,-2.7166987712964503,1.114638779968488,1,0.16666666666666666,-2.7166987712964503,1.114638779968488,4,0.6666666666666666,-2.065501548756432,0.4634415574284698,6,1.0,-1.6020599913279625,2.220446049250313e-16
official_test,17,target_source_rank_fusion,138.0,2,0.3333333333333333,-2.690369832574101,1.0883098412461385,3,0.5,-2.065501548756432,0.4634415574284698,4,0.6666666666666666,-2.065501548756432,0.4634415574284698,4,0.6666666666666666,-2.065501548756432,0.4634415574284698
official_test,17,target_source_novelty_rank_fusion,127.0,2,0.3333333333333333,-2.690369832574101,1.0883098412461385,2,0.3333333333333333,-2.690369832574101,1.0883098412461385,4,0.6666666666666666,-2.065501548756432,0.4634415574284698,4,0.6666666666666666,-2.065501548756432,0.4634415574284698
official_test,17,alloy_prior_static_control,18.0,0,0.0,-2.744727494896694,1.1426675035687317,0,0.0,-2.744727494896694,1.1426675035687317,0,0.0,-2.744727494896694,1.1426675035687317,1,0.16666666666666666,-2.7166987712964503,1.114638779968488
official_test,17,catalysis_prior_static_control,97.0,1,0.16666666666666666,-2.7166987712964503,1.114638779968488,1,0.16666666666666666,-2.7166987712964503,1.114638779968488,2,0.3333333333333333,-2.657577319177794,1.0555173278498315,5,0.8333333333333334,-1.6020599913279625,2.220446049250313e-16
official_test,17,shuffled_thermoelectric_static_control,37.0,0,0.0,-2.987445420464013,1.3853854291360508,0,0.0,-2.987445420464013,1.3853854291360508,0,0.0,-2.8601209135987635,1.2580609222708012,2,0.3333333333333333,-2.657577319177794,1.0555173278498315
official_test,18,uniform_random,46.0,1,0.16666666666666666,-2.7166987712964503,1.114638779968488,1,0.16666666666666666,-2.7166987712964503,1.114638779968488,1,0.16666666666666666,-2.7166987712964503,1.114638779968488,2,0.3333333333333333,-2.280175785218263,0.6781157938903009
official_test,18,target_ucb_beta1,74.0,1,0.16666666666666666,-2.065501548756432,0.4634415574284698,2,0.3333333333333333,-2.065501548756432,0.4634415574284698,2,0.3333333333333333,-2.065501548756432,0.4634415574284698,2,0.3333333333333333,-2.065501548756432,0.4634415574284698
official_test,18,target_mean_greedy,77.0,2,0.3333333333333333,-2.065501548756432,0.4634415574284698,2,0.3333333333333333,-2.065501548756432,0.4634415574284698,2,0.3333333333333333,-2.065501548756432,0.4634415574284698,2,0.3333333333333333,-2.065501548756432,0.4634415574284698
official_test,18,composition_novelty,101.0,1,0.16666666666666666,-2.7166987712964503,1.114638779968488,1,0.16666666666666666,-2.7166987712964503,1.114638779968488,2,0.3333333333333333,-2.690369832574101,1.0883098412461385,4,0.6666666666666666,-1.6020599913279625,2.220446049250313e-16
official_test,18,thermoelectric_prior_static,128.0,1,0.16666666666666666,-2.7166987712964503,1.114638779968488,1,0.16666666666666666,-2.7166987712964503,1.114638779968488,4,0.6666666666666666,-2.065501548756432,0.4634415574284698,6,1.0,-1.6020599913279625,2.220446049250313e-16
official_test,18,target_source_rank_fusion,77.0,2,0.3333333333333333,-2.065501548756432,0.4634415574284698,2,0.3333333333333333,-2.065501548756432,0.4634415574284698,2,0.3333333333333333,-2.065501548756432,0.4634415574284698,2,0.3333333333333333,-2.065501548756432,0.4634415574284698
official_test,18,target_source_novelty_rank_fusion,125.0,2,0.3333333333333333,-2.065501548756432,0.4634415574284698,2,0.3333333333333333,-2.065501548756432,0.4634415574284698,4,0.6666666666666666,-2.065501548756432,0.4634415574284698,4,0.6666666666666666,-2.065501548756432,0.4634415574284698
official_test,18,alloy_prior_static_control,18.0,0,0.0,-2.744727494896694,1.1426675035687317,0,0.0,-2.744727494896694,1.1426675035687317,0,0.0,-2.744727494896694,1.1426675035687317,1,0.16666666666666666,-2.7166987712964503,1.114638779968488
official_test,18,catalysis_prior_static_control,97.0,1,0.16666666666666666,-2.7166987712964503,1.114638779968488,1,0.16666666666666666,-2.7166987712964503,1.114638779968488,2,0.3333333333333333,-2.657577319177794,1.0555173278498315,5,0.8333333333333334,-1.6020599913279625,2.220446049250313e-16
official_test,18,shuffled_thermoelectric_static_control,37.0,0,0.0,-2.987445420464013,1.3853854291360508,0,0.0,-2.987445420464013,1.3853854291360508,0,0.0,-2.8601209135987635,1.2580609222708012,2,0.3333333333333333,-2.657577319177794,1.0555173278498315
official_test,19,uniform_random,63.0,0,0.0,-3.044754499211876,1.4426945078839137,0,0.0,-2.8210230527068307,1.2189630613788685,2,0.3333333333333333,-1.6020599913279625,2.220446049250313e-16,3,0.5,-1.6020599913279625,2.220446049250313e-16
official_test,19,target_ucb_beta1,0.0,0,0.0,-3.3467874862246565,1.7447274948966942,0,0.0,-2.892790030352132,1.2907300390241698,0,0.0,-2.8601209135987635,1.2580609222708012,0,0.0,-2.795880017344075,1.1938200260161127
official_test,19,target_mean_greedy,0.0,0,0.0,-3.113509274827518,1.5114492834995559,0,0.0,-2.8601209135987635,1.2580609222708012,0,0.0,-2.8601209135987635,1.2580609222708012,0,0.0,-2.795880017344075,1.1938200260161127
official_test,19,composition_novelty,73.0,0,0.0,-5.301029995663981,3.6989700043360187,1,0.16666666666666666,-2.7166987712964503,1.114638779968488,2,0.3333333333333333,-2.690369832574101,1.0883098412461385,3,0.5,-2.065501548756432,0.4634415574284698
official_test,19,thermoelectric_prior_static,128.0,1,0.16666666666666666,-2.7166987712964503,1.114638779968488,1,0.16666666666666666,-2.7166987712964503,1.114638779968488,4,0.6666666666666666,-2.065501548756432,0.4634415574284698,6,1.0,-1.6020599913279625,2.220446049250313e-16
official_test,19,target_source_rank_fusion,35.0,0,0.0,-3.245651664288981,1.643591672961019,0,0.0,-2.744727494896694,1.1426675035687317,1,0.16666666666666666,-2.7166987712964503,1.114638779968488,3,0.5,-2.065501548756432,0.4634415574284698
official_test,19,target_source_novelty_rank_fusion,78.0,1,0.16666666666666666,-2.7166987712964503,1.114638779968488,1,0.16666666666666666,-2.7166987712964503,1.114638779968488,1,0.16666666666666666,-2.7166987712964503,1.114638779968488,3,0.5,-1.6020599913279625,2.220446049250313e-16
official_test,19,alloy_prior_static_control,18.0,0,0.0,-2.744727494896694,1.1426675035687317,0,0.0,-2.744727494896694,1.1426675035687317,0,0.0,-2.744727494896694,1.1426675035687317,1,0.16666666666666666,-2.7166987712964503,1.114638779968488
official_test,19,catalysis_prior_static_control,97.0,1,0.16666666666666666,-2.7166987712964503,1.114638779968488,1,0.16666666666666666,-2.7166987712964503,1.114638779968488,2,0.3333333333333333,-2.657577319177794,1.0555173278498315,5,0.8333333333333334,-1.6020599913279625,2.220446049250313e-16
official_test,19,shuffled_thermoelectric_static_control,37.0,0,0.0,-2.987445420464013,1.3853854291360508,0,0.0,-2.987445420464013,1.3853854291360508,0,0.0,-2.8601209135987635,1.2580609222708012,2,0.3333333333333333,-2.657577319177794,1.0555173278498315
official_test,20,uniform_random,0.0,0,0.0,-3.4685210829577446,1.8664610916297824,0,0.0,-3.4685210829577446,1.8664610916297824,0,0.0,-2.744727494896694,1.1426675035687317,0,0.0,-2.744727494896694,1.1426675035687317
official_test,20,target_ucb_beta1,0.0,0,0.0,-2.8210230527068307,1.2189630613788685,0,0.0,-2.8210230527068307,1.2189630613788685,0,0.0,-2.795880017344075,1.1938200260161127,0,0.0,-2.795880017344075,1.1938200260161127
official_test,20,target_mean_greedy,0.0,0,0.0,-2.8210230527068307,1.2189630613788685,0,0.0,-2.795880017344075,1.1938200260161127,0,0.0,-2.795880017344075,1.1938200260161127,0,0.0,-2.795880017344075,1.1938200260161127
official_test,20,composition_novelty,75.0,1,0.16666666666666666,-2.7166987712964503,1.114638779968488,1,0.16666666666666666,-2.7166987712964503,1.114638779968488,1,0.16666666666666666,-2.7166987712964503,1.114638779968488,3,0.5,-2.280175785218263,0.6781157938903009
official_test,20,thermoelectric_prior_static,128.0,1,0.16666666666666666,-2.7166987712964503,1.114638779968488,1,0.16666666666666666,-2.7166987712964503,1.114638779968488,4,0.6666666666666666,-2.065501548756432,0.4634415574284698,6,1.0,-1.6020599913279625,2.220446049250313e-16
official_test,20,target_source_rank_fusion,31.0,0,0.0,-2.987445420464013,1.3853854291360508,0,0.0,-2.795880017344075,1.1938200260161127,0,0.0,-2.795880017344075,1.1938200260161127,3,0.5,-2.065501548756432,0.4634415574284698
official_test,20,target_source_novelty_rank_fusion,72.0,0,0.0,-4.552841968657781,2.950781977329818,0,0.0,-4.1249387366083,2.5228787452803374,2,0.3333333333333333,-2.065501548756432,0.4634415574284698,4,0.6666666666666666,-2.065501548756432,0.4634415574284698
official_test,20,alloy_prior_static_control,18.0,0,0.0,-2.744727494896694,1.1426675035687317,0,0.0,-2.744727494896694,1.1426675035687317,0,0.0,-2.744727494896694,1.1426675035687317,1,0.16666666666666666,-2.7166987712964503,1.114638779968488
official_test,20,catalysis_prior_static_control,97.0,1,0.16666666666666666,-2.7166987712964503,1.114638779968488,1,0.16666666666666666,-2.7166987712964503,1.114638779968488,2,0.3333333333333333,-2.657577319177794,1.0555173278498315,5,0.8333333333333334,-1.6020599913279625,2.220446049250313e-16
official_test,20,shuffled_thermoelectric_static_control,37.0,0,0.0,-2.987445420464013,1.3853854291360508,0,0.0,-2.987445420464013,1.3853854291360508,0,0.0,-2.8601209135987635,1.2580609222708012,2,0.3333333333333333,-2.657577319177794,1.0555173278498315
official_test,21,uniform_random,42.0,0,0.0,-2.987445420464013,1.3853854291360508,1,0.16666666666666666,-2.065501548756432,0.4634415574284698,1,0.16666666666666666,-2.065501548756432,0.4634415574284698,2,0.3333333333333333,-2.065501548756432,0.4634415574284698
official_test,21,target_ucb_beta1,0.0,0,0.0,-2.892790030352132,1.2907300390241698,0,0.0,-2.8601209135987635,1.2580609222708012,0,0.0,-2.8210230527068307,1.2189630613788685,0,0.0,-2.744727494896694,1.1426675035687317
official_test,21,target_mean_greedy,3.0,0,0.0,-3.211831628858832,1.60977163753087,0,0.0,-2.8601209135987635,1.2580609222708012,0,0.0,-2.744727494896694,1.1426675035687317,1,0.16666666666666666,-2.065501548756432,0.4634415574284698
official_test,21,composition_novelty,87.0,1,0.16666666666666666,-2.7166987712964503,1.114638779968488,2,0.3333333333333333,-2.690369832574101,1.0883098412461385,2,0.3333333333333333,-2.690369832574101,1.0883098412461385,3,0.5,-1.6020599913279625,2.220446049250313e-16
official_test,21,thermoelectric_prior_static,128.0,1,0.16666666666666666,-2.7166987712964503,1.114638779968488,1,0.16666666666666666,-2.7166987712964503,1.114638779968488,4,0.6666666666666666,-2.065501548756432,0.4634415574284698,6,1.0,-1.6020599913279625,2.220446049250313e-16
official_test,21,target_source_rank_fusion,97.0,0,0.0,-2.744727494896694,1.1426675035687317,1,0.16666666666666666,-2.065501548756432,0.4634415574284698,2,0.3333333333333333,-2.065501548756432,0.4634415574284698,6,1.0,-1.6020599913279625,2.220446049250313e-16
official_test,21,target_source_novelty_rank_fusion,120.0,0,0.0,-4.443697499232712,2.84163750790475,1,0.16666666666666666,-2.065501548756432,0.4634415574284698,4,0.6666666666666666,-2.065501548756432,0.4634415574284698,5,0.8333333333333334,-1.6020599913279625,2.220446049250313e-16
official_test,21,alloy_prior_static_control,18.0,0,0.0,-2.744727494896694,1.1426675035687317,0,0.0,-2.744727494896694,1.1426675035687317,0,0.0,-2.744727494896694,1.1426675035687317,1,0.16666666666666666,-2.7166987712964503,1.114638779968488
official_test,21,catalysis_prior_static_control,97.0,1,0.16666666666666666,-2.7166987712964503,1.114638779968488,1,0.16666666666666666,-2.7166987712964503,1.114638779968488,2,0.3333333333333333,-2.657577319177794,1.0555173278498315,5,0.8333333333333334,-1.6020599913279625,2.220446049250313e-16
official_test,21,shuffled_thermoelectric_static_control,37.0,0,0.0,-2.987445420464013,1.3853854291360508,0,0.0,-2.987445420464013,1.3853854291360508,0,0.0,-2.8601209135987635,1.2580609222708012,2,0.3333333333333333,-2.657577319177794,1.0555173278498315
official_test,22,uniform_random,32.0,0,0.0,-2.7594507517174,1.1573907603894378,0,0.0,-2.7594507517174,1.1573907603894378,1,0.16666666666666666,-2.657577319177794,1.0555173278498315,2,0.3333333333333333,-1.6020599913279625,2.220446049250313e-16
official_test,22,target_ucb_beta1,29.0,0,0.0,-2.8601209135987635,1.2580609222708012,0,0.0,-2.8601209135987635,1.2580609222708012,0,0.0,-2.8601209135987635,1.2580609222708012,2,0.3333333333333333,-2.065501548756432,0.4634415574284698
official_test,22,target_mean_greedy,24.0,0,0.0,-2.8601209135987635,1.2580609222708012,0,0.0,-2.8601209135987635,1.2580609222708012,0,0.0,-2.8601209135987635,1.2580609222708012,2,0.3333333333333333,-2.065501548756432,0.4634415574284698
official_test,22,composition_novelty,98.0,0,0.0,-4.552841968657781,2.950781977329818,1,0.16666666666666666,-2.7166987712964503,1.114638779968488,2,0.3333333333333333,-2.690369832574101,1.0883098412461385,4,0.6666666666666666,-1.6020599913279625,2.220446049250313e-16
official_test,22,thermoelectric_prior_static,128.0,1,0.16666666666666666,-2.7166987712964503,1.114638779968488,1,0.16666666666666666,-2.7166987712964503,1.114638779968488,4,0.6666666666666666,-2.065501548756432,0.4634415574284698,6,1.0,-1.6020599913279625,2.220446049250313e-16
official_test,22,target_source_rank_fusion,107.0,0,0.0,-2.744727494896694,1.1426675035687317,1,0.16666666666666666,-2.065501548756432,0.4634415574284698,2,0.3333333333333333,-2.065501548756432,0.4634415574284698,6,1.0,-1.6020599913279625,2.220446049250313e-16
official_test,22,target_source_novelty_rank_fusion,113.0,1,0.16666666666666666,-2.065501548756432,0.4634415574284698,1,0.16666666666666666,-2.065501548756432,0.4634415574284698,2,0.3333333333333333,-2.065501548756432,0.4634415574284698,5,0.8333333333333334,-1.6020599913279625,2.220446049250313e-16
official_test,22,alloy_prior_static_control,18.0,0,0.0,-2.744727494896694,1.1426675035687317,0,0.0,-2.744727494896694,1.1426675035687317,0,0.0,-2.744727494896694,1.1426675035687317,1,0.16666666666666666,-2.7166987712964503,1.114638779968488
official_test,22,catalysis_prior_static_control,97.0,1,0.16666666666666666,-2.7166987712964503,1.114638779968488,1,0.16666666666666666,-2.7166987712964503,1.114638779968488,2,0.3333333333333333,-2.657577319177794,1.0555173278498315,5,0.8333333333333334,-1.6020599913279625,2.220446049250313e-16
official_test,22,shuffled_thermoelectric_static_control,37.0,0,0.0,-2.987445420464013,1.3853854291360508,0,0.0,-2.987445420464013,1.3853854291360508,0,0.0,-2.8601209135987635,1.2580609222708012,2,0.3333333333333333,-2.657577319177794,1.0555173278498315
official_test,23,uniform_random,6.0,0,0.0,-3.3467874862246565,1.7447274948966942,0,0.0,-3.0757207139381184,1.4736607226101561,0,0.0,-2.892790030352132,1.2907300390241698,1,0.16666666666666666,-2.690369832574101,1.0883098412461385
official_test,23,target_ucb_beta1,104.0,1,0.16666666666666666,-2.065501548756432,0.4634415574284698,2,0.3333333333333333,-2.065501548756432,0.4634415574284698,3,0.5,-2.065501548756432,0.4634415574284698,3,0.5,-2.065501548756432,0.4634415574284698
official_test,23,target_mean_greedy,111.0,2,0.3333333333333333,-2.065501548756432,0.4634415574284698,3,0.5,-2.065501548756432,0.4634415574284698,3,0.5,-2.065501548756432,0.4634415574284698,3,0.5,-2.065501548756432,0.4634415574284698
official_test,23,composition_novelty,79.0,2,0.3333333333333333,-2.690369832574101,1.0883098412461385,2,0.3333333333333333,-2.690369832574101,1.0883098412461385,2,0.3333333333333333,-2.690369832574101,1.0883098412461385,2,0.3333333333333333,-2.690369832574101,1.0883098412461385
official_test,23,thermoelectric_prior_static,128.0,1,0.16666666666666666,-2.7166987712964503,1.114638779968488,1,0.16666666666666666,-2.7166987712964503,1.114638779968488,4,0.6666666666666666,-2.065501548756432,0.4634415574284698,6,1.0,-1.6020599913279625,2.220446049250313e-16
official_test,23,target_source_rank_fusion,122.0,2,0.3333333333333333,-2.065501548756432,0.4634415574284698,2,0.3333333333333333,-2.065501548756432,0.4634415574284698,2,0.3333333333333333,-2.065501548756432,0.4634415574284698,6,1.0,-1.6020599913279625,2.220446049250313e-16
official_test,23,target_source_novelty_rank_fusion,126.0,1,0.16666666666666666,-2.065501548756432,0.4634415574284698,1,0.16666666666666666,-2.065501548756432,0.4634415574284698,4,0.6666666666666666,-2.065501548756432,0.4634415574284698,5,0.8333333333333334,-2.065501548756432,0.4634415574284698
official_test,23,alloy_prior_static_control,18.0,0,0.0,-2.744727494896694,1.1426675035687317,0,0.0,-2.744727494896694,1.1426675035687317,0,0.0,-2.744727494896694,1.1426675035687317,1,0.16666666666666666,-2.7166987712964503,1.114638779968488
official_test,23,catalysis_prior_static_control,97.0,1,0.16666666666666666,-2.7166987712964503,1.114638779968488,1,0.16666666666666666,-2.7166987712964503,1.114638779968488,2,0.3333333333333333,-2.657577319177794,1.0555173278498315,5,0.8333333333333334,-1.6020599913279625,2.220446049250313e-16
official_test,23,shuffled_thermoelectric_static_control,37.0,0,0.0,-2.987445420464013,1.3853854291360508,0,0.0,-2.987445420464013,1.3853854291360508,0,0.0,-2.8601209135987635,1.2580609222708012,2,0.3333333333333333,-2.657577319177794,1.0555173278498315
official_test,24,uniform_random,55.0,1,0.16666666666666666,-2.657577319177794,1.0555173278498315,1,0.16666666666666666,-2.657577319177794,1.0555173278498315,1,0.16666666666666666,-2.657577319177794,1.0555173278498315,2,0.3333333333333333,-2.280175785218263,0.6781157938903009
official_test,24,target_ucb_beta1,0.0,0,0.0,-2.892790030352132,1.2907300390241698,0,0.0,-2.892790030352132,1.2907300390241698,0,0.0,-2.8210230527068307,1.2189630613788685,0,0.0,-2.795880017344075,1.1938200260161127
official_test,24,target_mean_greedy,0.0,0,0.0,-2.892790030352132,1.2907300390241698,0,0.0,-2.8601209135987635,1.2580609222708012,0,0.0,-2.8601209135987635,1.2580609222708012,0,0.0,-2.795880017344075,1.1938200260161127
official_test,24,composition_novelty,96.0,1,0.16666666666666666,-2.7166987712964503,1.114638779968488,1,0.16666666666666666,-2.7166987712964503,1.114638779968488,3,0.5,-2.065501548756432,0.4634415574284698,3,0.5,-2.065501548756432,0.4634415574284698
official_test,24,thermoelectric_prior_static,128.0,1,0.16666666666666666,-2.7166987712964503,1.114638779968488,1,0.16666666666666666,-2.7166987712964503,1.114638779968488,4,0.6666666666666666,-2.065501548756432,0.4634415574284698,6,1.0,-1.6020599913279625,2.220446049250313e-16
official_test,24,target_source_rank_fusion,86.0,2,0.3333333333333333,-2.690369832574101,1.0883098412461385,2,0.3333333333333333,-2.690369832574101,1.0883098412461385,2,0.3333333333333333,-2.690369832574101,1.0883098412461385,4,0.6666666666666666,-2.065501548756432,0.4634415574284698
official_test,24,target_source_novelty_rank_fusion,118.0,2,0.3333333333333333,-2.690369832574101,1.0883098412461385,2,0.3333333333333333,-2.690369832574101,1.0883098412461385,3,0.5,-2.065501548756432,0.4634415574284698,4,0.6666666666666666,-2.065501548756432,0.4634415574284698
official_test,24,alloy_prior_static_control,18.0,0,0.0,-2.744727494896694,1.1426675035687317,0,0.0,-2.744727494896694,1.1426675035687317,0,0.0,-2.744727494896694,1.1426675035687317,1,0.16666666666666666,-2.7166987712964503,1.114638779968488
official_test,24,catalysis_prior_static_control,97.0,1,0.16666666666666666,-2.7166987712964503,1.114638779968488,1,0.16666666666666666,-2.7166987712964503,1.114638779968488,2,0.3333333333333333,-2.657577319177794,1.0555173278498315,5,0.8333333333333334,-1.6020599913279625,2.220446049250313e-16
official_test,24,shuffled_thermoelectric_static_control,37.0,0,0.0,-2.987445420464013,1.3853854291360508,0,0.0,-2.987445420464013,1.3853854291360508,0,0.0,-2.8601209135987635,1.2580609222708012,2,0.3333333333333333,-2.657577319177794,1.0555173278498315
official_test,25,uniform_random,60.0,1,0.16666666666666666,-1.6020599913279625,2.220446049250313e-16,1,0.16666666666666666,-1.6020599913279625,2.220446049250313e-16,2,0.3333333333333333,-1.6020599913279625,2.220446049250313e-16,2,0.3333333333333333,-1.6020599913279625,2.220446049250313e-16
official_test,25,target_ucb_beta1,14.0,0,0.0,-2.8210230527068307,1.2189630613788685,0,0.0,-2.8210230527068307,1.2189630613788685,0,0.0,-2.744727494896694,1.1426675035687317,2,0.3333333333333333,-2.065501548756432,0.4634415574284698
official_test,25,target_mean_greedy,25.0,0,0.0,-2.892790030352132,1.2907300390241698,0,0.0,-2.8601209135987635,1.2580609222708012,0,0.0,-2.8601209135987635,1.2580609222708012,2,0.3333333333333333,-2.065501548756432,0.4634415574284698
official_test,25,composition_novelty,105.0,1,0.16666666666666666,-2.7166987712964503,1.114638779968488,1,0.16666666666666666,-2.7166987712964503,1.114638779968488,2,0.3333333333333333,-2.065501548756432,0.4634415574284698,4,0.6666666666666666,-2.065501548756432,0.4634415574284698
official_test,25,thermoelectric_prior_static,128.0,1,0.16666666666666666,-2.7166987712964503,1.114638779968488,1,0.16666666666666666,-2.7166987712964503,1.114638779968488,4,0.6666666666666666,-2.065501548756432,0.4634415574284698,6,1.0,-1.6020599913279625,2.220446049250313e-16
official_test,25,target_source_rank_fusion,157.0,2,0.3333333333333333,-2.690369832574101,1.0883098412461385,4,0.6666666666666666,-2.065501548756432,0.4634415574284698,4,0.6666666666666666,-2.065501548756432,0.4634415574284698,5,0.8333333333333334,-2.065501548756432,0.4634415574284698
official_test,25,target_source_novelty_rank_fusion,131.0,1,0.16666666666666666,-2.7166987712964503,1.114638779968488,2,0.3333333333333333,-2.690369832574101,1.0883098412461385,3,0.5,-2.065501548756432,0.4634415574284698,5,0.8333333333333334,-2.065501548756432,0.4634415574284698
official_test,25,alloy_prior_static_control,18.0,0,0.0,-2.744727494896694,1.1426675035687317,0,0.0,-2.744727494896694,1.1426675035687317,0,0.0,-2.744727494896694,1.1426675035687317,1,0.16666666666666666,-2.7166987712964503,1.114638779968488
official_test,25,catalysis_prior_static_control,97.0,1,0.16666666666666666,-2.7166987712964503,1.114638779968488,1,0.16666666666666666,-2.7166987712964503,1.114638779968488,2,0.3333333333333333,-2.657577319177794,1.0555173278498315,5,0.8333333333333334,-1.6020599913279625,2.220446049250313e-16
official_test,25,shuffled_thermoelectric_static_control,37.0,0,0.0,-2.987445420464013,1.3853854291360508,0,0.0,-2.987445420464013,1.3853854291360508,0,0.0,-2.8601209135987635,1.2580609222708012,2,0.3333333333333333,-2.657577319177794,1.0555173278498315
official_test,26,uniform_random,79.0,0,0.0,-3.113509274827518,1.5114492834995559,1,0.16666666666666666,-1.6020599913279625,2.220446049250313e-16,3,0.5,-1.6020599913279625,2.220446049250313e-16,3,0.5,-1.6020599913279625,2.220446049250313e-16
official_test,26,target_ucb_beta1,97.0,0,0.0,-3.7569619513137056,2.154901959985743,2,0.3333333333333333,-2.280175785218263,0.6781157938903009,3,0.5,-2.065501548756432,0.4634415574284698,5,0.8333333333333334,-2.065501548756432,0.4634415574284698
official_test,26,target_mean_greedy,0.0,0,0.0,-3.1804560644581312,1.578396073130169,0,0.0,-3.113509274827518,1.5114492834995559,0,0.0,-2.8601209135987635,1.2580609222708012,0,0.0,-2.8210230527068307,1.2189630613788685
official_test,26,composition_novelty,86.0,1,0.16666666666666666,-2.7166987712964503,1.114638779968488,1,0.16666666666666666,-2.7166987712964503,1.114638779968488,2,0.3333333333333333,-2.690369832574101,1.0883098412461385,4,0.6666666666666666,-1.6020599913279625,2.220446049250313e-16
official_test,26,thermoelectric_prior_static,128.0,1,0.16666666666666666,-2.7166987712964503,1.114638779968488,1,0.16666666666666666,-2.7166987712964503,1.114638779968488,4,0.6666666666666666,-2.065501548756432,0.4634415574284698,6,1.0,-1.6020599913279625,2.220446049250313e-16
official_test,26,target_source_rank_fusion,118.0,0,0.0,-4.1249387366083,2.5228787452803374,1,0.16666666666666666,-2.657577319177794,1.0555173278498315,2,0.3333333333333333,-2.065501548756432,0.4634415574284698,6,1.0,-1.6020599913279625,2.220446049250313e-16
official_test,26,target_source_novelty_rank_fusion,123.0,0,0.0,-4.1249387366083,2.5228787452803374,1,0.16666666666666666,-2.065501548756432,0.4634415574284698,3,0.5,-2.065501548756432,0.4634415574284698,6,1.0,-1.6020599913279625,2.220446049250313e-16
official_test,26,alloy_prior_static_control,18.0,0,0.0,-2.744727494896694,1.1426675035687317,0,0.0,-2.744727494896694,1.1426675035687317,0,0.0,-2.744727494896694,1.1426675035687317,1,0.16666666666666666,-2.7166987712964503,1.114638779968488
official_test,26,catalysis_prior_static_control,97.0,1,0.16666666666666666,-2.7166987712964503,1.114638779968488,1,0.16666666666666666,-2.7166987712964503,1.114638779968488,2,0.3333333333333333,-2.657577319177794,1.0555173278498315,5,0.8333333333333334,-1.6020599913279625,2.220446049250313e-16
official_test,26,shuffled_thermoelectric_static_control,37.0,0,0.0,-2.987445420464013,1.3853854291360508,0,0.0,-2.987445420464013,1.3853854291360508,0,0.0,-2.8601209135987635,1.2580609222708012,2,0.3333333333333333,-2.657577319177794,1.0555173278498315
official_test,27,uniform_random,14.0,0,0.0,-3.2026463086937507,1.6005863173657884,0,0.0,-2.7594507517174,1.1573907603894378,0,0.0,-2.7594507517174,1.1573907603894378,1,0.16666666666666666,-2.657577319177794,1.0555173278498315
official_test,27,target_ucb_beta1,85.0,0,0.0,-2.7594507517174,1.1573907603894378,1,0.16666666666666666,-2.065501548756432,0.4634415574284698,3,0.5,-2.065501548756432,0.4634415574284698,3,0.5,-2.065501548756432,0.4634415574284698
official_test,27,target_mean_greedy,107.0,2,0.3333333333333333,-2.065501548756432,0.4634415574284698,2,0.3333333333333333,-2.065501548756432,0.4634415574284698,3,0.5,-2.065501548756432,0.4634415574284698,3,0.5,-2.065501548756432,0.4634415574284698
official_test,27,composition_novelty,101.0,1,0.16666666666666666,-2.7166987712964503,1.114638779968488,1,0.16666666666666666,-2.7166987712964503,1.114638779968488,2,0.3333333333333333,-2.690369832574101,1.0883098412461385,4,0.6666666666666666,-1.6020599913279625,2.220446049250313e-16
official_test,27,thermoelectric_prior_static,128.0,1,0.16666666666666666,-2.7166987712964503,1.114638779968488,1,0.16666666666666666,-2.7166987712964503,1.114638779968488,4,0.6666666666666666,-2.065501548756432,0.4634415574284698,6,1.0,-1.6020599913279625,2.220446049250313e-16
official_test,27,target_source_rank_fusion,132.0,1,0.16666666666666666,-2.065501548756432,0.4634415574284698,2,0.3333333333333333,-2.065501548756432,0.4634415574284698,4,0.6666666666666666,-2.065501548756432,0.4634415574284698,6,1.0,-1.6020599913279625,2.220446049250313e-16
official_test,27,target_source_novelty_rank_fusion,141.0,1,0.16666666666666666,-2.7166987712964503,1.114638779968488,2,0.3333333333333333,-2.690369832574101,1.0883098412461385,5,0.8333333333333334,-1.6020599913279625,2.220446049250313e-16,5,0.8333333333333334,-1.6020599913279625,2.220446049250313e-16
official_test,27,alloy_prior_static_control,18.0,0,0.0,-2.744727494896694,1.1426675035687317,0,0.0,-2.744727494896694,1.1426675035687317,0,0.0,-2.744727494896694,1.1426675035687317,1,0.16666666666666666,-2.7166987712964503,1.114638779968488
official_test,27,catalysis_prior_static_control,97.0,1,0.16666666666666666,-2.7166987712964503,1.114638779968488,1,0.16666666666666666,-2.7166987712964503,1.114638779968488,2,0.3333333333333333,-2.657577319177794,1.0555173278498315,5,0.8333333333333334,-1.6020599913279625,2.220446049250313e-16
official_test,27,shuffled_thermoelectric_static_control,37.0,0,0.0,-2.987445420464013,1.3853854291360508,0,0.0,-2.987445420464013,1.3853854291360508,0,0.0,-2.8601209135987635,1.2580609222708012,2,0.3333333333333333,-2.657577319177794,1.0555173278498315
official_test,28,uniform_random,36.0,0,0.0,-3.619788758288394,2.017728766960432,0,0.0,-3.5850266520291822,1.98296666070122,0,0.0,-2.744727494896694,1.1426675035687317,3,0.5,-2.065501548756432,0.4634415574284698
official_test,28,target_ucb_beta1,0.0,0,0.0,-2.892790030352132,1.2907300390241698,0,0.0,-2.8601209135987635,1.2580609222708012,0,0.0,-2.8601209135987635,1.2580609222708012,0,0.0,-2.795880017344075,1.1938200260161127
official_test,28,target_mean_greedy,0.0,0,0.0,-3.5072396109731625,1.9051796196452002,0,0.0,-2.892790030352132,1.2907300390241698,0,0.0,-2.8601209135987635,1.2580609222708012,0,0.0,-2.795880017344075,1.1938200260161127
official_test,28,composition_novelty,76.0,1,0.16666666666666666,-2.7166987712964503,1.114638779968488,1,0.16666666666666666,-2.7166987712964503,1.114638779968488,1,0.16666666666666666,-2.7166987712964503,1.114638779968488,3,0.5,-2.280175785218263,0.6781157938903009
official_test,28,thermoelectric_prior_static,128.0,1,0.16666666666666666,-2.7166987712964503,1.114638779968488,1,0.16666666666666666,-2.7166987712964503,1.114638779968488,4,0.6666666666666666,-2.065501548756432,0.4634415574284698,6,1.0,-1.6020599913279625,2.220446049250313e-16
official_test,28,target_source_rank_fusion,144.0,2,0.3333333333333333,-2.690369832574101,1.0883098412461385,2,0.3333333333333333,-2.690369832574101,1.0883098412461385,4,0.6666666666666666,-2.065501548756432,0.4634415574284698,5,0.8333333333333334,-2.065501548756432,0.4634415574284698
official_test,28,target_source_novelty_rank_fusion,158.0,2,0.3333333333333333,-2.690369832574101,1.0883098412461385,3,0.5,-2.065501548756432,0.4634415574284698,3,0.5,-2.065501548756432,0.4634415574284698,6,1.0,-1.6020599913279625,2.220446049250313e-16
official_test,28,alloy_prior_static_control,18.0,0,0.0,-2.744727494896694,1.1426675035687317,0,0.0,-2.744727494896694,1.1426675035687317,0,0.0,-2.744727494896694,1.1426675035687317,1,0.16666666666666666,-2.7166987712964503,1.114638779968488
official_test,28,catalysis_prior_static_control,97.0,1,0.16666666666666666,-2.7166987712964503,1.114638779968488,1,0.16666666666666666,-2.7166987712964503,1.114638779968488,2,0.3333333333333333,-2.657577319177794,1.0555173278498315,5,0.8333333333333334,-1.6020599913279625,2.220446049250313e-16
official_test,28,shuffled_thermoelectric_static_control,37.0,0,0.0,-2.987445420464013,1.3853854291360508,0,0.0,-2.987445420464013,1.3853854291360508,0,0.0,-2.8601209135987635,1.2580609222708012,2,0.3333333333333333,-2.657577319177794,1.0555173278498315
official_test,29,uniform_random,0.0,0,0.0,-2.795880017344075,1.1938200260161127,0,0.0,-2.795880017344075,1.1938200260161127,0,0.0,-2.795880017344075,1.1938200260161127,0,0.0,-2.795880017344075,1.1938200260161127
official_test,29,target_ucb_beta1,41.0,1,0.16666666666666666,-1.6020599913279625,2.220446049250313e-16,1,0.16666666666666666,-1.6020599913279625,2.220446049250313e-16,1,0.16666666666666666,-1.6020599913279625,2.220446049250313e-16,2,0.3333333333333333,-1.6020599913279625,2.220446049250313e-16
official_test,29,target_mean_greedy,182.0,1,0.16666666666666666,-1.6020599913279625,2.220446049250313e-16,4,0.6666666666666666,-1.6020599913279625,2.220446049250313e-16,6,1.0,-1.6020599913279625,2.220446049250313e-16,6,1.0,-1.6020599913279625,2.220446049250313e-16
official_test,29,composition_novelty,78.0,1,0.16666666666666666,-2.7166987712964503,1.114638779968488,1,0.16666666666666666,-2.7166987712964503,1.114638779968488,1,0.16666666666666666,-2.7166987712964503,1.114638779968488,5,0.8333333333333334,-1.6020599913279625,2.220446049250313e-16
official_test,29,thermoelectric_prior_static,128.0,1,0.16666666666666666,-2.7166987712964503,1.114638779968488,1,0.16666666666666666,-2.7166987712964503,1.114638779968488,4,0.6666666666666666,-2.065501548756432,0.4634415574284698,6,1.0,-1.6020599913279625,2.220446049250313e-16
official_test,29,target_source_rank_fusion,136.0,0,0.0,-3.7569619513137056,2.154901959985743,1,0.16666666666666666,-2.065501548756432,0.4634415574284698,4,0.6666666666666666,-2.065501548756432,0.4634415574284698,6,1.0,-1.6020599913279625,2.220446049250313e-16
official_test,29,target_source_novelty_rank_fusion,139.0,0,0.0,-4.1249387366083,2.5228787452803374,2,0.3333333333333333,-2.690369832574101,1.0883098412461385,4,0.6666666666666666,-1.6020599913279625,2.220446049250313e-16,6,1.0,-1.6020599913279625,2.220446049250313e-16
official_test,29,alloy_prior_static_control,18.0,0,0.0,-2.744727494896694,1.1426675035687317,0,0.0,-2.744727494896694,1.1426675035687317,0,0.0,-2.744727494896694,1.1426675035687317,1,0.16666666666666666,-2.7166987712964503,1.114638779968488
official_test,29,catalysis_prior_static_control,97.0,1,0.16666666666666666,-2.7166987712964503,1.114638779968488,1,0.16666666666666666,-2.7166987712964503,1.114638779968488,2,0.3333333333333333,-2.657577319177794,1.0555173278498315,5,0.8333333333333334,-1.6020599913279625,2.220446049250313e-16
official_test,29,shuffled_thermoelectric_static_control,37.0,0,0.0,-2.987445420464013,1.3853854291360508,0,0.0,-2.987445420464013,1.3853854291360508,0,0.0,-2.8601209135987635,1.2580609222708012,2,0.3333333333333333,-2.657577319177794,1.0555173278498315
official_test,30,uniform_random,38.0,0,0.0,-3.044754499211876,1.4426945078839137,0,0.0,-2.8601209135987635,1.2580609222708012,1,0.16666666666666666,-2.7166987712964503,1.114638779968488,2,0.3333333333333333,-2.657577319177794,1.0555173278498315
official_test,30,target_ucb_beta1,59.0,0,0.0,-2.8210230527068307,1.2189630613788685,1,0.16666666666666666,-2.065501548756432,0.4634415574284698,1,0.16666666666666666,-2.065501548756432,0.4634415574284698,3,0.5,-2.065501548756432,0.4634415574284698
official_test,30,target_mean_greedy,111.0,2,0.3333333333333333,-2.065501548756432,0.4634415574284698,3,0.5,-2.065501548756432,0.4634415574284698,3,0.5,-2.065501548756432,0.4634415574284698,3,0.5,-2.065501548756432,0.4634415574284698
official_test,30,composition_novelty,64.0,1,0.16666666666666666,-2.7166987712964503,1.114638779968488,1,0.16666666666666666,-2.7166987712964503,1.114638779968488,2,0.3333333333333333,-2.690369832574101,1.0883098412461385,2,0.3333333333333333,-2.690369832574101,1.0883098412461385
official_test,30,thermoelectric_prior_static,128.0,1,0.16666666666666666,-2.7166987712964503,1.114638779968488,1,0.16666666666666666,-2.7166987712964503,1.114638779968488,4,0.6666666666666666,-2.065501548756432,0.4634415574284698,6,1.0,-1.6020599913279625,2.220446049250313e-16
official_test,30,target_source_rank_fusion,109.0,2,0.3333333333333333,-2.065501548756432,0.4634415574284698,3,0.5,-2.065501548756432,0.4634415574284698,3,0.5,-2.065501548756432,0.4634415574284698,3,0.5,-2.065501548756432,0.4634415574284698
official_test,30,target_source_novelty_rank_fusion,117.0,1,0.16666666666666666,-2.065501548756432,0.4634415574284698,1,0.16666666666666666,-2.065501548756432,0.4634415574284698,3,0.5,-2.065501548756432,0.4634415574284698,5,0.8333333333333334,-2.065501548756432,0.4634415574284698
official_test,30,alloy_prior_static_control,18.0,0,0.0,-2.744727494896694,1.1426675035687317,0,0.0,-2.744727494896694,1.1426675035687317,0,0.0,-2.744727494896694,1.1426675035687317,1,0.16666666666666666,-2.7166987712964503,1.114638779968488
official_test,30,catalysis_prior_static_control,97.0,1,0.16666666666666666,-2.7166987712964503,1.114638779968488,1,0.16666666666666666,-2.7166987712964503,1.114638779968488,2,0.3333333333333333,-2.657577319177794,1.0555173278498315,5,0.8333333333333334,-1.6020599913279625,2.220446049250313e-16
official_test,30,shuffled_thermoelectric_static_control,37.0,0,0.0,-2.987445420464013,1.3853854291360508,0,0.0,-2.987445420464013,1.3853854291360508,0,0.0,-2.8601209135987635,1.2580609222708012,2,0.3333333333333333,-2.657577319177794,1.0555173278498315
official_test,31,uniform_random,29.0,0,0.0,-6.022276394711152,4.42021640338319,0,0.0,-2.8210230527068307,1.2189630613788685,1,0.16666666666666666,-2.280175785218263,0.6781157938903009,1,0.16666666666666666,-2.280175785218263,0.6781157938903009
official_test,31,target_ucb_beta1,0.0,0,0.0,-2.8210230527068307,1.2189630613788685,0,0.0,-2.8210230527068307,1.2189630613788685,0,0.0,-2.795880017344075,1.1938200260161127,0,0.0,-2.795880017344075,1.1938200260161127
official_test,31,target_mean_greedy,45.0,0,0.0,-3.211831628858832,1.60977163753087,0,0.0,-3.113509274827518,1.5114492834995559,0,0.0,-2.8601209135987635,1.2580609222708012,3,0.5,-2.065501548756432,0.4634415574284698
official_test,31,composition_novelty,96.0,1,0.16666666666666666,-2.7166987712964503,1.114638779968488,1,0.16666666666666666,-2.7166987712964503,1.114638779968488,2,0.3333333333333333,-2.690369832574101,1.0883098412461385,4,0.6666666666666666,-1.6020599913279625,2.220446049250313e-16
official_test,31,thermoelectric_prior_static,128.0,1,0.16666666666666666,-2.7166987712964503,1.114638779968488,1,0.16666666666666666,-2.7166987712964503,1.114638779968488,4,0.6666666666666666,-2.065501548756432,0.4634415574284698,6,1.0,-1.6020599913279625,2.220446049250313e-16
official_test,31,target_source_rank_fusion,102.0,0,0.0,-4.443697499232712,2.84163750790475,0,0.0,-4.1249387366083,2.5228787452803374,2,0.3333333333333333,-2.065501548756432,0.4634415574284698,6,1.0,-1.6020599913279625,2.220446049250313e-16
official_test,31,target_source_novelty_rank_fusion,125.0,0,0.0,-4.552841968657781,2.950781977329818,2,0.3333333333333333,-2.690369832574101,1.0883098412461385,3,0.5,-2.065501548756432,0.4634415574284698,5,0.8333333333333334,-1.6020599913279625,2.220446049250313e-16
official_test,31,alloy_prior_static_control,18.0,0,0.0,-2.744727494896694,1.1426675035687317,0,0.0,-2.744727494896694,1.1426675035687317,0,0.0,-2.744727494896694,1.1426675035687317,1,0.16666666666666666,-2.7166987712964503,1.114638779968488
official_test,31,catalysis_prior_static_control,97.0,1,0.16666666666666666,-2.7166987712964503,1.114638779968488,1,0.16666666666666666,-2.7166987712964503,1.114638779968488,2,0.3333333333333333,-2.657577319177794,1.0555173278498315,5,0.8333333333333334,-1.6020599913279625,2.220446049250313e-16
official_test,31,shuffled_thermoelectric_static_control,37.0,0,0.0,-2.987445420464013,1.3853854291360508,0,0.0,-2.987445420464013,1.3853854291360508,0,0.0,-2.8601209135987635,1.2580609222708012,2,0.3333333333333333,-2.657577319177794,1.0555173278498315
official_test,32,uniform_random,28.0,0,0.0,-2.795880017344075,1.1938200260161127,0,0.0,-2.795880017344075,1.1938200260161127,0,0.0,-2.795880017344075,1.1938200260161127,3,0.5,-2.280175785218263,0.6781157938903009
official_test,32,target_ucb_beta1,91.0,0,0.0,-3.0757207139381184,1.4736607226101561,1,0.16666666666666666,-2.065501548756432,0.4634415574284698,3,0.5,-2.065501548756432,0.4634415574284698,5,0.8333333333333334,-2.065501548756432,0.4634415574284698
official_test,32,target_mean_greedy,89.0,2,0.3333333333333333,-2.065501548756432,0.4634415574284698,2,0.3333333333333333,-2.065501548756432,0.4634415574284698,2,0.3333333333333333,-2.065501548756432,0.4634415574284698,4,0.6666666666666666,-2.065501548756432,0.4634415574284698
official_test,32,composition_novelty,76.0,1,0.16666666666666666,-2.7166987712964503,1.114638779968488,1,0.16666666666666666,-2.7166987712964503,1.114638779968488,1,0.16666666666666666,-2.7166987712964503,1.114638779968488,4,0.6666666666666666,-1.6020599913279625,2.220446049250313e-16
official_test,32,thermoelectric_prior_static,128.0,1,0.16666666666666666,-2.7166987712964503,1.114638779968488,1,0.16666666666666666,-2.7166987712964503,1.114638779968488,4,0.6666666666666666,-2.065501548756432,0.4634415574284698,6,1.0,-1.6020599913279625,2.220446049250313e-16
official_test,32,target_source_rank_fusion,113.0,2,0.3333333333333333,-2.065501548756432,0.4634415574284698,2,0.3333333333333333,-2.065501548756432,0.4634415574284698,2,0.3333333333333333,-2.065501548756432,0.4634415574284698,4,0.6666666666666666,-2.065501548756432,0.4634415574284698
official_test,32,target_source_novelty_rank_fusion,133.0,1,0.16666666666666666,-2.065501548756432,0.4634415574284698,1,0.16666666666666666,-2.065501548756432,0.4634415574284698,4,0.6666666666666666,-2.065501548756432,0.4634415574284698,6,1.0,-1.6020599913279625,2.220446049250313e-16
official_test,32,alloy_prior_static_control,18.0,0,0.0,-2.744727494896694,1.1426675035687317,0,0.0,-2.744727494896694,1.1426675035687317,0,0.0,-2.744727494896694,1.1426675035687317,1,0.16666666666666666,-2.7166987712964503,1.114638779968488
official_test,32,catalysis_prior_static_control,97.0,1,0.16666666666666666,-2.7166987712964503,1.114638779968488,1,0.16666666666666666,-2.7166987712964503,1.114638779968488,2,0.3333333333333333,-2.657577319177794,1.0555173278498315,5,0.8333333333333334,-1.6020599913279625,2.220446049250313e-16
official_test,32,shuffled_thermoelectric_static_control,37.0,0,0.0,-2.987445420464013,1.3853854291360508,0,0.0,-2.987445420464013,1.3853854291360508,0,0.0,-2.8601209135987635,1.2580609222708012,2,0.3333333333333333,-2.657577319177794,1.0555173278498315
official_test,33,uniform_random,84.0,0,0.0,-3.255707016877324,1.6536470255493618,1,0.16666666666666666,-2.7166987712964503,1.114638779968488,2,0.3333333333333333,-2.690369832574101,1.0883098412461385,4,0.6666666666666666,-2.065501548756432,0.4634415574284698
official_test,33,target_ucb_beta1,0.0,0,0.0,-2.8210230527068307,1.2189630613788685,0,0.0,-2.8210230527068307,1.2189630613788685,0,0.0,-2.8210230527068307,1.2189630613788685,0,0.0,-2.795880017344075,1.1938200260161127
official_test,33,target_mean_greedy,0.0,0,0.0,-3.1804560644581312,1.578396073130169,0,0.0,-3.113509274827518,1.5114492834995559,0,0.0,-2.8601209135987635,1.2580609222708012,0,0.0,-2.8210230527068307,1.2189630613788685
official_test,33,composition_novelty,89.0,1,0.16666666666666666,-2.690369832574101,1.0883098412461385,2,0.3333333333333333,-2.690369832574101,1.0883098412461385,2,0.3333333333333333,-2.690369832574101,1.0883098412461385,4,0.6666666666666666,-1.6020599913279625,2.220446049250313e-16
official_test,33,thermoelectric_prior_static,128.0,1,0.16666666666666666,-2.7166987712964503,1.114638779968488,1,0.16666666666666666,-2.7166987712964503,1.114638779968488,4,0.6666666666666666,-2.065501548756432,0.4634415574284698,6,1.0,-1.6020599913279625,2.220446049250313e-16
official_test,33,target_source_rank_fusion,102.0,1,0.16666666666666666,-2.7166987712964503,1.114638779968488,1,0.16666666666666666,-2.7166987712964503,1.114638779968488,3,0.5,-2.065501548756432,0.4634415574284698,4,0.6666666666666666,-2.065501548756432,0.4634415574284698
official_test,33,target_source_novelty_rank_fusion,134.0,2,0.3333333333333333,-2.690369832574101,1.0883098412461385,2,0.3333333333333333,-2.690369832574101,1.0883098412461385,4,0.6666666666666666,-2.065501548756432,0.4634415574284698,5,0.8333333333333334,-2.065501548756432,0.4634415574284698
official_test,33,alloy_prior_static_control,18.0,0,0.0,-2.744727494896694,1.1426675035687317,0,0.0,-2.744727494896694,1.1426675035687317,0,0.0,-2.744727494896694,1.1426675035687317,1,0.16666666666666666,-2.7166987712964503,1.114638779968488
official_test,33,catalysis_prior_static_control,97.0,1,0.16666666666666666,-2.7166987712964503,1.114638779968488,1,0.16666666666666666,-2.7166987712964503,1.114638779968488,2,0.3333333333333333,-2.657577319177794,1.0555173278498315,5,0.8333333333333334,-1.6020599913279625,2.220446049250313e-16
official_test,33,shuffled_thermoelectric_static_control,37.0,0,0.0,-2.987445420464013,1.3853854291360508,0,0.0,-2.987445420464013,1.3853854291360508,0,0.0,-2.8601209135987635,1.2580609222708012,2,0.3333333333333333,-2.657577319177794,1.0555173278498315
official_test,34,uniform_random,37.0,0,0.0,-2.8210230527068307,1.2189630613788685,1,0.16666666666666666,-2.657577319177794,1.0555173278498315,1,0.16666666666666666,-2.657577319177794,1.0555173278498315,3,0.5,-1.6020599913279625,2.220446049250313e-16
official_test,34,target_ucb_beta1,0.0,0,0.0,-3.2026463086937507,1.6005863173657884,0,0.0,-2.795880017344075,1.1938200260161127,0,0.0,-2.795880017344075,1.1938200260161127,0,0.0,-2.795880017344075,1.1938200260161127
official_test,34,target_mean_greedy,15.0,0,0.0,-2.795880017344075,1.1938200260161127,0,0.0,-2.795880017344075,1.1938200260161127,0,0.0,-2.795880017344075,1.1938200260161127,2,0.3333333333333333,-2.065501548756432,0.4634415574284698
official_test,34,composition_novelty,59.0,1,0.16666666666666666,-2.7166987712964503,1.114638779968488,1,0.16666666666666666,-2.7166987712964503,1.114638779968488,1,0.16666666666666666,-2.7166987712964503,1.114638779968488,4,0.6666666666666666,-1.6020599913279625,2.220446049250313e-16
official_test,34,thermoelectric_prior_static,128.0,1,0.16666666666666666,-2.7166987712964503,1.114638779968488,1,0.16666666666666666,-2.7166987712964503,1.114638779968488,4,0.6666666666666666,-2.065501548756432,0.4634415574284698,6,1.0,-1.6020599913279625,2.220446049250313e-16
official_test,34,target_source_rank_fusion,50.0,0,0.0,-4.1249387366083,2.5228787452803374,0,0.0,-3.044754499211876,1.4426945078839137,2,0.3333333333333333,-2.065501548756432,0.4634415574284698,2,0.3333333333333333,-2.065501548756432,0.4634415574284698
official_test,34,target_source_novelty_rank_fusion,93.0,0,0.0,-4.552841968657781,2.950781977329818,1,0.16666666666666666,-2.7166987712964503,1.114638779968488,2,0.3333333333333333,-2.690369832574101,1.0883098412461385,4,0.6666666666666666,-2.065501548756432,0.4634415574284698
official_test,34,alloy_prior_static_control,18.0,0,0.0,-2.744727494896694,1.1426675035687317,0,0.0,-2.744727494896694,1.1426675035687317,0,0.0,-2.744727494896694,1.1426675035687317,1,0.16666666666666666,-2.7166987712964503,1.114638779968488
official_test,34,catalysis_prior_static_control,97.0,1,0.16666666666666666,-2.7166987712964503,1.114638779968488,1,0.16666666666666666,-2.7166987712964503,1.114638779968488,2,0.3333333333333333,-2.657577319177794,1.0555173278498315,5,0.8333333333333334,-1.6020599913279625,2.220446049250313e-16
official_test,34,shuffled_thermoelectric_static_control,37.0,0,0.0,-2.987445420464013,1.3853854291360508,0,0.0,-2.987445420464013,1.3853854291360508,0,0.0,-2.8601209135987635,1.2580609222708012,2,0.3333333333333333,-2.657577319177794,1.0555173278498315
official_test,35,uniform_random,21.0,0,0.0,-3.113509274827518,1.5114492834995559,0,0.0,-3.0757207139381184,1.4736607226101561,0,0.0,-3.0757207139381184,1.4736607226101561,2,0.3333333333333333,-2.065501548756432,0.4634415574284698
official_test,35,target_ucb_beta1,0.0,0,0.0,-2.892790030352132,1.2907300390241698,0,0.0,-2.892790030352132,1.2907300390241698,0,0.0,-2.795880017344075,1.1938200260161127,0,0.0,-2.795880017344075,1.1938200260161127
official_test,35,target_mean_greedy,0.0,0,0.0,-3.211831628858832,1.60977163753087,0,0.0,-3.113509274827518,1.5114492834995559,0,0.0,-2.8601209135987635,1.2580609222708012,0,0.0,-2.795880017344075,1.1938200260161127
official_test,35,composition_novelty,138.0,0,0.0,-5.301029995663981,3.6989700043360187,2,0.3333333333333333,-2.690369832574101,1.0883098412461385,4,0.6666666666666666,-2.065501548756432,0.4634415574284698,5,0.8333333333333334,-1.6020599913279625,2.220446049250313e-16
official_test,35,thermoelectric_prior_static,128.0,1,0.16666666666666666,-2.7166987712964503,1.114638779968488,1,0.16666666666666666,-2.7166987712964503,1.114638779968488,4,0.6666666666666666,-2.065501548756432,0.4634415574284698,6,1.0,-1.6020599913279625,2.220446049250313e-16
official_test,35,target_source_rank_fusion,126.0,1,0.16666666666666666,-2.7166987712964503,1.114638779968488,1,0.16666666666666666,-2.7166987712964503,1.114638779968488,4,0.6666666666666666,-2.065501548756432,0.4634415574284698,5,0.8333333333333334,-2.065501548756432,0.4634415574284698
official_test,35,target_source_novelty_rank_fusion,140.0,2,0.3333333333333333,-2.690369832574101,1.0883098412461385,2,0.3333333333333333,-2.690369832574101,1.0883098412461385,4,0.6666666666666666,-2.065501548756432,0.4634415574284698,5,0.8333333333333334,-2.065501548756432,0.4634415574284698
official_test,35,alloy_prior_static_control,18.0,0,0.0,-2.744727494896694,1.1426675035687317,0,0.0,-2.744727494896694,1.1426675035687317,0,0.0,-2.744727494896694,1.1426675035687317,1,0.16666666666666666,-2.7166987712964503,1.114638779968488
official_test,35,catalysis_prior_static_control,97.0,1,0.16666666666666666,-2.7166987712964503,1.114638779968488,1,0.16666666666666666,-2.7166987712964503,1.114638779968488,2,0.3333333333333333,-2.657577319177794,1.0555173278498315,5,0.8333333333333334,-1.6020599913279625,2.220446049250313e-16
official_test,35,shuffled_thermoelectric_static_control,37.0,0,0.0,-2.987445420464013,1.3853854291360508,0,0.0,-2.987445420464013,1.3853854291360508,0,0.0,-2.8601209135987635,1.2580609222708012,2,0.3333333333333333,-2.657577319177794,1.0555173278498315
official_test,36,uniform_random,43.0,0,0.0,-4.1249387366083,2.5228787452803374,0,0.0,-3.0291883891274822,1.42712839779952,1,0.16666666666666666,-2.657577319177794,1.0555173278498315,3,0.5,-2.065501548756432,0.4634415574284698
official_test,36,target_ucb_beta1,0.0,0,0.0,-2.8601209135987635,1.2580609222708012,0,0.0,-2.8601209135987635,1.2580609222708012,0,0.0,-2.8210230527068307,1.2189630613788685,0,0.0,-2.795880017344075,1.1938200260161127
official_test,36,target_mean_greedy,0.0,0,0.0,-2.8601209135987635,1.2580609222708012,0,0.0,-2.8601209135987635,1.2580609222708012,0,0.0,-2.8601209135987635,1.2580609222708012,0,0.0,-2.795880017344075,1.1938200260161127
official_test,36,composition_novelty,107.0,1,0.16666666666666666,-2.7166987712964503,1.114638779968488,2,0.3333333333333333,-2.690369832574101,1.0883098412461385,2,0.3333333333333333,-2.690369832574101,1.0883098412461385,4,0.6666666666666666,-1.6020599913279625,2.220446049250313e-16
official_test,36,thermoelectric_prior_static,128.0,1,0.16666666666666666,-2.7166987712964503,1.114638779968488,1,0.16666666666666666,-2.7166987712964503,1.114638779968488,4,0.6666666666666666,-2.065501548756432,0.4634415574284698,6,1.0,-1.6020599913279625,2.220446049250313e-16
official_test,36,target_source_rank_fusion,137.0,2,0.3333333333333333,-2.690369832574101,1.0883098412461385,2,0.3333333333333333,-2.690369832574101,1.0883098412461385,3,0.5,-2.065501548756432,0.4634415574284698,6,1.0,-1.6020599913279625,2.220446049250313e-16
official_test,36,target_source_novelty_rank_fusion,141.0,2,0.3333333333333333,-2.690369832574101,1.0883098412461385,2,0.3333333333333333,-2.690369832574101,1.0883098412461385,4,0.6666666666666666,-2.065501548756432,0.4634415574284698,5,0.8333333333333334,-1.6020599913279625,2.220446049250313e-16
official_test,36,alloy_prior_static_control,18.0,0,0.0,-2.744727494896694,1.1426675035687317,0,0.0,-2.744727494896694,1.1426675035687317,0,0.0,-2.744727494896694,1.1426675035687317,1,0.16666666666666666,-2.7166987712964503,1.114638779968488
official_test,36,catalysis_prior_static_control,97.0,1,0.16666666666666666,-2.7166987712964503,1.114638779968488,1,0.16666666666666666,-2.7166987712964503,1.114638779968488,2,0.3333333333333333,-2.657577319177794,1.0555173278498315,5,0.8333333333333334,-1.6020599913279625,2.220446049250313e-16
official_test,36,shuffled_thermoelectric_static_control,37.0,0,0.0,-2.987445420464013,1.3853854291360508,0,0.0,-2.987445420464013,1.3853854291360508,0,0.0,-2.8601209135987635,1.2580609222708012,2,0.3333333333333333,-2.657577319177794,1.0555173278498315
official_test,37,uniform_random,63.0,1,0.16666666666666666,-2.657577319177794,1.0555173278498315,1,0.16666666666666666,-2.657577319177794,1.0555173278498315,2,0.3333333333333333,-2.657577319177794,1.0555173278498315,2,0.3333333333333333,-2.657577319177794,1.0555173278498315
official_test,37,target_ucb_beta1,0.0,0,0.0,-2.892790030352132,1.2907300390241698,0,0.0,-2.8210230527068307,1.2189630613788685,0,0.0,-2.8210230527068307,1.2189630613788685,0,0.0,-2.795880017344075,1.1938200260161127
official_test,37,target_mean_greedy,0.0,0,0.0,-3.113509274827518,1.5114492834995559,0,0.0,-2.8601209135987635,1.2580609222708012,0,0.0,-2.795880017344075,1.1938200260161127,0,0.0,-2.795880017344075,1.1938200260161127
official_test,37,composition_novelty,68.0,1,0.16666666666666666,-2.7166987712964503,1.114638779968488,1,0.16666666666666666,-2.7166987712964503,1.114638779968488,2,0.3333333333333333,-2.690369832574101,1.0883098412461385,3,0.5,-1.6020599913279625,2.220446049250313e-16
official_test,37,thermoelectric_prior_static,128.0,1,0.16666666666666666,-2.7166987712964503,1.114638779968488,1,0.16666666666666666,-2.7166987712964503,1.114638779968488,4,0.6666666666666666,-2.065501548756432,0.4634415574284698,6,1.0,-1.6020599913279625,2.220446049250313e-16
official_test,37,target_source_rank_fusion,71.0,0,0.0,-4.1249387366083,2.5228787452803374,1,0.16666666666666666,-2.065501548756432,0.4634415574284698,2,0.3333333333333333,-2.065501548756432,0.4634415574284698,4,0.6666666666666666,-2.065501548756432,0.4634415574284698
official_test,37,target_source_novelty_rank_fusion,130.0,2,0.3333333333333333,-2.690369832574101,1.0883098412461385,3,0.5,-2.065501548756432,0.4634415574284698,4,0.6666666666666666,-2.065501548756432,0.4634415574284698,4,0.6666666666666666,-2.065501548756432,0.4634415574284698
official_test,37,alloy_prior_static_control,18.0,0,0.0,-2.744727494896694,1.1426675035687317,0,0.0,-2.744727494896694,1.1426675035687317,0,0.0,-2.744727494896694,1.1426675035687317,1,0.16666666666666666,-2.7166987712964503,1.114638779968488
official_test,37,catalysis_prior_static_control,97.0,1,0.16666666666666666,-2.7166987712964503,1.114638779968488,1,0.16666666666666666,-2.7166987712964503,1.114638779968488,2,0.3333333333333333,-2.657577319177794,1.0555173278498315,5,0.8333333333333334,-1.6020599913279625,2.220446049250313e-16
official_test,37,shuffled_thermoelectric_static_control,37.0,0,0.0,-2.987445420464013,1.3853854291360508,0,0.0,-2.987445420464013,1.3853854291360508,0,0.0,-2.8601209135987635,1.2580609222708012,2,0.3333333333333333,-2.657577319177794,1.0555173278498315
official_test,38,uniform_random,87.0,1,0.16666666666666666,-2.657577319177794,1.0555173278498315,2,0.3333333333333333,-2.280175785218263,0.6781157938903009,2,0.3333333333333333,-2.280175785218263,0.6781157938903009,3,0.5,-2.280175785218263,0.6781157938903009
official_test,38,target_ucb_beta1,71.0,1,0.16666666666666666,-2.7166987712964503,1.114638779968488,2,0.3333333333333333,-2.690369832574101,1.0883098412461385,2,0.3333333333333333,-2.690369832574101,1.0883098412461385,2,0.3333333333333333,-2.690369832574101,1.0883098412461385
official_test,38,target_mean_greedy,126.0,1,0.16666666666666666,-2.7166987712964503,1.114638779968488,2,0.3333333333333333,-2.280175785218263,0.6781157938903009,4,0.6666666666666666,-2.065501548756432,0.4634415574284698,4,0.6666666666666666,-2.065501548756432,0.4634415574284698
official_test,38,composition_novelty,72.0,1,0.16666666666666666,-2.7166987712964503,1.114638779968488,1,0.16666666666666666,-2.7166987712964503,1.114638779968488,2,0.3333333333333333,-2.690369832574101,1.0883098412461385,3,0.5,-2.280175785218263,0.6781157938903009
official_test,38,thermoelectric_prior_static,128.0,1,0.16666666666666666,-2.7166987712964503,1.114638779968488,1,0.16666666666666666,-2.7166987712964503,1.114638779968488,4,0.6666666666666666,-2.065501548756432,0.4634415574284698,6,1.0,-1.6020599913279625,2.220446049250313e-16
official_test,38,target_source_rank_fusion,129.0,1,0.16666666666666666,-2.7166987712964503,1.114638779968488,1,0.16666666666666666,-2.7166987712964503,1.114638779968488,3,0.5,-2.065501548756432,0.4634415574284698,6,1.0,-1.6020599913279625,2.220446049250313e-16
official_test,38,target_source_novelty_rank_fusion,126.0,1,0.16666666666666666,-2.7166987712964503,1.114638779968488,1,0.16666666666666666,-2.7166987712964503,1.114638779968488,3,0.5,-2.065501548756432,0.4634415574284698,5,0.8333333333333334,-1.6020599913279625,2.220446049250313e-16
official_test,38,alloy_prior_static_control,18.0,0,0.0,-2.744727494896694,1.1426675035687317,0,0.0,-2.744727494896694,1.1426675035687317,0,0.0,-2.744727494896694,1.1426675035687317,1,0.16666666666666666,-2.7166987712964503,1.114638779968488
official_test,38,catalysis_prior_static_control,97.0,1,0.16666666666666666,-2.7166987712964503,1.114638779968488,1,0.16666666666666666,-2.7166987712964503,1.114638779968488,2,0.3333333333333333,-2.657577319177794,1.0555173278498315,5,0.8333333333333334,-1.6020599913279625,2.220446049250313e-16
official_test,38,shuffled_thermoelectric_static_control,37.0,0,0.0,-2.987445420464013,1.3853854291360508,0,0.0,-2.987445420464013,1.3853854291360508,0,0.0,-2.8601209135987635,1.2580609222708012,2,0.3333333333333333,-2.657577319177794,1.0555173278498315
official_test,39,uniform_random,90.0,0,0.0,-2.987445420464013,1.3853854291360508,1,0.16666666666666666,-2.690369832574101,1.0883098412461385,3,0.5,-2.065501548756432,0.4634415574284698,4,0.6666666666666666,-2.065501548756432,0.4634415574284698
official_test,39,target_ucb_beta1,29.0,0,0.0,-2.8601209135987635,1.2580609222708012,0,0.0,-2.744727494896694,1.1426675035687317,0,0.0,-2.744727494896694,1.1426675035687317,2,0.3333333333333333,-2.065501548756432,0.4634415574284698
official_test,39,target_mean_greedy,44.0,0,0.0,-3.113509274827518,1.5114492834995559,0,0.0,-3.113509274827518,1.5114492834995559,0,0.0,-2.744727494896694,1.1426675035687317,3,0.5,-2.065501548756432,0.4634415574284698
official_test,39,composition_novelty,64.0,1,0.16666666666666666,-2.7166987712964503,1.114638779968488,1,0.16666666666666666,-2.7166987712964503,1.114638779968488,2,0.3333333333333333,-2.690369832574101,1.0883098412461385,3,0.5,-1.6020599913279625,2.220446049250313e-16
official_test,39,thermoelectric_prior_static,128.0,1,0.16666666666666666,-2.7166987712964503,1.114638779968488,1,0.16666666666666666,-2.7166987712964503,1.114638779968488,4,0.6666666666666666,-2.065501548756432,0.4634415574284698,6,1.0,-1.6020599913279625,2.220446049250313e-16
official_test,39,target_source_rank_fusion,145.0,2,0.3333333333333333,-2.065501548756432,0.4634415574284698,2,0.3333333333333333,-2.065501548756432,0.4634415574284698,4,0.6666666666666666,-2.065501548756432,0.4634415574284698,6,1.0,-1.6020599913279625,2.220446049250313e-16
official_test,39,target_source_novelty_rank_fusion,146.0,1,0.16666666666666666,-2.7166987712964503,1.114638779968488,2,0.3333333333333333,-2.690369832574101,1.0883098412461385,4,0.6666666666666666,-2.065501548756432,0.4634415574284698,6,1.0,-1.6020599913279625,2.220446049250313e-16
official_test,39,alloy_prior_static_control,18.0,0,0.0,-2.744727494896694,1.1426675035687317,0,0.0,-2.744727494896694,1.1426675035687317,0,0.0,-2.744727494896694,1.1426675035687317,1,0.16666666666666666,-2.7166987712964503,1.114638779968488
official_test,39,catalysis_prior_static_control,97.0,1,0.16666666666666666,-2.7166987712964503,1.114638779968488,1,0.16666666666666666,-2.7166987712964503,1.114638779968488,2,0.3333333333333333,-2.657577319177794,1.0555173278498315,5,0.8333333333333334,-1.6020599913279625,2.220446049250313e-16
official_test,39,shuffled_thermoelectric_static_control,37.0,0,0.0,-2.987445420464013,1.3853854291360508,0,0.0,-2.987445420464013,1.3853854291360508,0,0.0,-2.8601209135987635,1.2580609222708012,2,0.3333333333333333,-2.657577319177794,1.0555173278498315
official_test,40,uniform_random,9.0,0,0.0,-4.910094888560602,3.3080348972326394,0,0.0,-4.0,2.3979400086720375,0,0.0,-3.175223537524454,1.573163546196492,1,0.16666666666666666,-2.657577319177794,1.0555173278498315
official_test,40,target_ucb_beta1,79.0,1,0.16666666666666666,-2.065501548756432,0.4634415574284698,2,0.3333333333333333,-2.065501548756432,0.4634415574284698,2,0.3333333333333333,-2.065501548756432,0.4634415574284698,3,0.5,-2.065501548756432,0.4634415574284698
official_test,40,target_mean_greedy,107.0,2,0.3333333333333333,-2.065501548756432,0.4634415574284698,2,0.3333333333333333,-2.065501548756432,0.4634415574284698,3,0.5,-2.065501548756432,0.4634415574284698,3,0.5,-2.065501548756432,0.4634415574284698
official_test,40,composition_novelty,81.0,1,0.16666666666666666,-2.7166987712964503,1.114638779968488,1,0.16666666666666666,-2.7166987712964503,1.114638779968488,2,0.3333333333333333,-1.6020599913279625,2.220446049250313e-16,4,0.6666666666666666,-1.6020599913279625,2.220446049250313e-16
official_test,40,thermoelectric_prior_static,128.0,1,0.16666666666666666,-2.7166987712964503,1.114638779968488,1,0.16666666666666666,-2.7166987712964503,1.114638779968488,4,0.6666666666666666,-2.065501548756432,0.4634415574284698,6,1.0,-1.6020599913279625,2.220446049250313e-16
official_test,40,target_source_rank_fusion,90.0,1,0.16666666666666666,-2.065501548756432,0.4634415574284698,2,0.3333333333333333,-2.065501548756432,0.4634415574284698,2,0.3333333333333333,-2.065501548756432,0.4634415574284698,3,0.5,-2.065501548756432,0.4634415574284698
official_test,40,target_source_novelty_rank_fusion,81.0,0,0.0,-4.443697499232712,2.84163750790475,1,0.16666666666666666,-2.065501548756432,0.4634415574284698,2,0.3333333333333333,-2.065501548756432,0.4634415574284698,6,1.0,-1.6020599913279625,2.220446049250313e-16
official_test,40,alloy_prior_static_control,18.0,0,0.0,-2.744727494896694,1.1426675035687317,0,0.0,-2.744727494896694,1.1426675035687317,0,0.0,-2.744727494896694,1.1426675035687317,1,0.16666666666666666,-2.7166987712964503,1.114638779968488
official_test,40,catalysis_prior_static_control,97.0,1,0.16666666666666666,-2.7166987712964503,1.114638779968488,1,0.16666666666666666,-2.7166987712964503,1.114638779968488,2,0.3333333333333333,-2.657577319177794,1.0555173278498315,5,0.8333333333333334,-1.6020599913279625,2.220446049250313e-16
official_test,40,shuffled_thermoelectric_static_control,37.0,0,0.0,-2.987445420464013,1.3853854291360508,0,0.0,-2.987445420464013,1.3853854291360508,0,0.0,-2.8601209135987635,1.2580609222708012,2,0.3333333333333333,-2.657577319177794,1.0555173278498315
official_test,41,uniform_random,57.0,0,0.0,-3.619788758288394,2.017728766960432,0,0.0,-3.4685210829577446,1.8664610916297824,1,0.16666666666666666,-2.690369832574101,1.0883098412461385,4,0.6666666666666666,-2.065501548756432,0.4634415574284698
official_test,41,target_ucb_beta1,0.0,0,0.0,-2.8210230527068307,1.2189630613788685,0,0.0,-2.795880017344075,1.1938200260161127,0,0.0,-2.795880017344075,1.1938200260161127,0,0.0,-2.795880017344075,1.1938200260161127
official_test,41,target_mean_greedy,0.0,0,0.0,-3.43297363384094,1.8309136425129775,0,0.0,-3.113509274827518,1.5114492834995559,0,0.0,-2.795880017344075,1.1938200260161127,0,0.0,-2.795880017344075,1.1938200260161127
official_test,41,composition_novelty,77.0,0,0.0,-3.211831628858832,1.60977163753087,1,0.16666666666666666,-2.7166987712964503,1.114638779968488,2,0.3333333333333333,-2.065501548756432,0.4634415574284698,3,0.5,-2.065501548756432,0.4634415574284698
official_test,41,thermoelectric_prior_static,128.0,1,0.16666666666666666,-2.7166987712964503,1.114638779968488,1,0.16666666666666666,-2.7166987712964503,1.114638779968488,4,0.6666666666666666,-2.065501548756432,0.4634415574284698,6,1.0,-1.6020599913279625,2.220446049250313e-16
official_test,41,target_source_rank_fusion,85.0,0,0.0,-4.1249387366083,2.5228787452803374,2,0.3333333333333333,-2.690369832574101,1.0883098412461385,2,0.3333333333333333,-2.690369832574101,1.0883098412461385,4,0.6666666666666666,-2.065501548756432,0.4634415574284698
official_test,41,target_source_novelty_rank_fusion,114.0,1,0.16666666666666666,-2.7166987712964503,1.114638779968488,2,0.3333333333333333,-2.690369832574101,1.0883098412461385,3,0.5,-2.065501548756432,0.4634415574284698,4,0.6666666666666666,-2.065501548756432,0.4634415574284698
official_test,41,alloy_prior_static_control,18.0,0,0.0,-2.744727494896694,1.1426675035687317,0,0.0,-2.744727494896694,1.1426675035687317,0,0.0,-2.744727494896694,1.1426675035687317,1,0.16666666666666666,-2.7166987712964503,1.114638779968488
official_test,41,catalysis_prior_static_control,97.0,1,0.16666666666666666,-2.7166987712964503,1.114638779968488,1,0.16666666666666666,-2.7166987712964503,1.114638779968488,2,0.3333333333333333,-2.657577319177794,1.0555173278498315,5,0.8333333333333334,-1.6020599913279625,2.220446049250313e-16
official_test,41,shuffled_thermoelectric_static_control,37.0,0,0.0,-2.987445420464013,1.3853854291360508,0,0.0,-2.987445420464013,1.3853854291360508,0,0.0,-2.8601209135987635,1.2580609222708012,2,0.3333333333333333,-2.657577319177794,1.0555173278498315
official_test,42,uniform_random,36.0,0,0.0,-4.229147988357856,2.6270879970298937,0,0.0,-2.7594507517174,1.1573907603894378,0,0.0,-2.7594507517174,1.1573907603894378,3,0.5,-1.6020599913279625,2.220446049250313e-16
official_test,42,target_ucb_beta1,0.0,0,0.0,-3.211831628858832,1.60977163753087,0,0.0,-2.8210230527068307,1.2189630613788685,0,0.0,-2.8210230527068307,1.2189630613788685,0,0.0,-2.795880017344075,1.1938200260161127
official_test,42,target_mean_greedy,0.0,0,0.0,-3.113509274827518,1.5114492834995559,0,0.0,-2.8601209135987635,1.2580609222708012,0,0.0,-2.8601209135987635,1.2580609222708012,0,0.0,-2.795880017344075,1.1938200260161127
official_test,42,composition_novelty,105.0,1,0.16666666666666666,-2.7166987712964503,1.114638779968488,1,0.16666666666666666,-2.7166987712964503,1.114638779968488,3,0.5,-1.6020599913279625,2.220446049250313e-16,4,0.6666666666666666,-1.6020599913279625,2.220446049250313e-16
official_test,42,thermoelectric_prior_static,128.0,1,0.16666666666666666,-2.7166987712964503,1.114638779968488,1,0.16666666666666666,-2.7166987712964503,1.114638779968488,4,0.6666666666666666,-2.065501548756432,0.4634415574284698,6,1.0,-1.6020599913279625,2.220446049250313e-16
official_test,42,target_source_rank_fusion,87.0,0,0.0,-4.1249387366083,2.5228787452803374,2,0.3333333333333333,-2.690369832574101,1.0883098412461385,2,0.3333333333333333,-2.690369832574101,1.0883098412461385,4,0.6666666666666666,-2.065501548756432,0.4634415574284698
official_test,42,target_source_novelty_rank_fusion,118.0,1,0.16666666666666666,-2.7166987712964503,1.114638779968488,2,0.3333333333333333,-2.690369832574101,1.0883098412461385,3,0.5,-2.065501548756432,0.4634415574284698,4,0.6666666666666666,-2.065501548756432,0.4634415574284698
official_test,42,alloy_prior_static_control,18.0,0,0.0,-2.744727494896694,1.1426675035687317,0,0.0,-2.744727494896694,1.1426675035687317,0,0.0,-2.744727494896694,1.1426675035687317,1,0.16666666666666666,-2.7166987712964503,1.114638779968488
official_test,42,catalysis_prior_static_control,97.0,1,0.16666666666666666,-2.7166987712964503,1.114638779968488,1,0.16666666666666666,-2.7166987712964503,1.114638779968488,2,0.3333333333333333,-2.657577319177794,1.0555173278498315,5,0.8333333333333334,-1.6020599913279625,2.220446049250313e-16
official_test,42,shuffled_thermoelectric_static_control,37.0,0,0.0,-2.987445420464013,1.3853854291360508,0,0.0,-2.987445420464013,1.3853854291360508,0,0.0,-2.8601209135987635,1.2580609222708012,2,0.3333333333333333,-2.657577319177794,1.0555173278498315
official_test,43,uniform_random,39.0,1,0.16666666666666666,-2.065501548756432,0.4634415574284698,1,0.16666666666666666,-2.065501548756432,0.4634415574284698,1,0.16666666666666666,-2.065501548756432,0.4634415574284698,1,0.16666666666666666,-2.065501548756432,0.4634415574284698
official_test,43,target_ucb_beta1,0.0,0,0.0,-2.987445420464013,1.3853854291360508,0,0.0,-2.795880017344075,1.1938200260161127,0,0.0,-2.795880017344075,1.1938200260161127,0,0.0,-2.795880017344075,1.1938200260161127
official_test,43,target_mean_greedy,0.0,0,0.0,-2.795880017344075,1.1938200260161127,0,0.0,-2.795880017344075,1.1938200260161127,0,0.0,-2.795880017344075,1.1938200260161127,0,0.0,-2.795880017344075,1.1938200260161127
official_test,43,composition_novelty,83.0,1,0.16666666666666666,-2.7166987712964503,1.114638779968488,1,0.16666666666666666,-2.7166987712964503,1.114638779968488,2,0.3333333333333333,-2.065501548756432,0.4634415574284698,4,0.6666666666666666,-1.6020599913279625,2.220446049250313e-16
official_test,43,thermoelectric_prior_static,128.0,1,0.16666666666666666,-2.7166987712964503,1.114638779968488,1,0.16666666666666666,-2.7166987712964503,1.114638779968488,4,0.6666666666666666,-2.065501548756432,0.4634415574284698,6,1.0,-1.6020599913279625,2.220446049250313e-16
official_test,43,target_source_rank_fusion,64.0,1,0.16666666666666666,-2.7166987712964503,1.114638779968488,1,0.16666666666666666,-2.7166987712964503,1.114638779968488,1,0.16666666666666666,-2.7166987712964503,1.114638779968488,4,0.6666666666666666,-2.065501548756432,0.4634415574284698
official_test,43,target_source_novelty_rank_fusion,116.0,1,0.16666666666666666,-2.7166987712964503,1.114638779968488,2,0.3333333333333333,-2.690369832574101,1.0883098412461385,3,0.5,-2.065501548756432,0.4634415574284698,5,0.8333333333333334,-1.6020599913279625,2.220446049250313e-16
official_test,43,alloy_prior_static_control,18.0,0,0.0,-2.744727494896694,1.1426675035687317,0,0.0,-2.744727494896694,1.1426675035687317,0,0.0,-2.744727494896694,1.1426675035687317,1,0.16666666666666666,-2.7166987712964503,1.114638779968488
official_test,43,catalysis_prior_static_control,97.0,1,0.16666666666666666,-2.7166987712964503,1.114638779968488,1,0.16666666666666666,-2.7166987712964503,1.114638779968488,2,0.3333333333333333,-2.657577319177794,1.0555173278498315,5,0.8333333333333334,-1.6020599913279625,2.220446049250313e-16
official_test,43,shuffled_thermoelectric_static_control,37.0,0,0.0,-2.987445420464013,1.3853854291360508,0,0.0,-2.987445420464013,1.3853854291360508,0,0.0,-2.8601209135987635,1.2580609222708012,2,0.3333333333333333,-2.657577319177794,1.0555173278498315
official_test,44,uniform_random,63.0,1,0.16666666666666666,-1.6020599913279625,2.220446049250313e-16,1,0.16666666666666666,-1.6020599913279625,2.220446049250313e-16,2,0.3333333333333333,-1.6020599913279625,2.220446049250313e-16,2,0.3333333333333333,-1.6020599913279625,2.220446049250313e-16
official_test,44,target_ucb_beta1,24.0,0,0.0,-2.8601209135987635,1.2580609222708012,0,0.0,-2.8601209135987635,1.2580609222708012,0,0.0,-2.8601209135987635,1.2580609222708012,2,0.3333333333333333,-2.065501548756432,0.4634415574284698
official_test,44,target_mean_greedy,20.0,0,0.0,-2.892790030352132,1.2907300390241698,0,0.0,-2.892790030352132,1.2907300390241698,0,0.0,-2.8601209135987635,1.2580609222708012,2,0.3333333333333333,-2.065501548756432,0.4634415574284698
official_test,44,composition_novelty,87.0,1,0.16666666666666666,-2.7166987712964503,1.114638779968488,1,0.16666666666666666,-2.7166987712964503,1.114638779968488,2,0.3333333333333333,-2.690369832574101,1.0883098412461385,3,0.5,-1.6020599913279625,2.220446049250313e-16
official_test,44,thermoelectric_prior_static,128.0,1,0.16666666666666666,-2.7166987712964503,1.114638779968488,1,0.16666666666666666,-2.7166987712964503,1.114638779968488,4,0.6666666666666666,-2.065501548756432,0.4634415574284698,6,1.0,-1.6020599913279625,2.220446049250313e-16
official_test,44,target_source_rank_fusion,115.0,0,0.0,-4.1249387366083,2.5228787452803374,2,0.3333333333333333,-2.065501548756432,0.4634415574284698,2,0.3333333333333333,-2.065501548756432,0.4634415574284698,6,1.0,-1.6020599913279625,2.220446049250313e-16
official_test,44,target_source_novelty_rank_fusion,131.0,0,0.0,-4.1249387366083,2.5228787452803374,2,0.3333333333333333,-2.690369832574101,1.0883098412461385,4,0.6666666666666666,-2.065501548756432,0.4634415574284698,6,1.0,-1.6020599913279625,2.220446049250313e-16
official_test,44,alloy_prior_static_control,18.0,0,0.0,-2.744727494896694,1.1426675035687317,0,0.0,-2.744727494896694,1.1426675035687317,0,0.0,-2.744727494896694,1.1426675035687317,1,0.16666666666666666,-2.7166987712964503,1.114638779968488
official_test,44,catalysis_prior_static_control,97.0,1,0.16666666666666666,-2.7166987712964503,1.114638779968488,1,0.16666666666666666,-2.7166987712964503,1.114638779968488,2,0.3333333333333333,-2.657577319177794,1.0555173278498315,5,0.8333333333333334,-1.6020599913279625,2.220446049250313e-16
official_test,44,shuffled_thermoelectric_static_control,37.0,0,0.0,-2.987445420464013,1.3853854291360508,0,0.0,-2.987445420464013,1.3853854291360508,0,0.0,-2.8601209135987635,1.2580609222708012,2,0.3333333333333333,-2.657577319177794,1.0555173278498315
official_test,45,uniform_random,25.0,0,0.0,-2.7594507517174,1.1573907603894378,0,0.0,-2.7594507517174,1.1573907603894378,1,0.16666666666666666,-2.690369832574101,1.0883098412461385,1,0.16666666666666666,-2.690369832574101,1.0883098412461385
official_test,45,target_ucb_beta1,37.0,0,0.0,-2.744727494896694,1.1426675035687317,0,0.0,-2.744727494896694,1.1426675035687317,0,0.0,-2.744727494896694,1.1426675035687317,2,0.3333333333333333,-2.065501548756432,0.4634415574284698
official_test,45,target_mean_greedy,24.0,0,0.0,-2.892790030352132,1.2907300390241698,0,0.0,-2.8601209135987635,1.2580609222708012,0,0.0,-2.8601209135987635,1.2580609222708012,2,0.3333333333333333,-2.065501548756432,0.4634415574284698
official_test,45,composition_novelty,68.0,1,0.16666666666666666,-2.7166987712964503,1.114638779968488,1,0.16666666666666666,-2.7166987712964503,1.114638779968488,2,0.3333333333333333,-2.690369832574101,1.0883098412461385,3,0.5,-2.065501548756432,0.4634415574284698
official_test,45,thermoelectric_prior_static,128.0,1,0.16666666666666666,-2.7166987712964503,1.114638779968488,1,0.16666666666666666,-2.7166987712964503,1.114638779968488,4,0.6666666666666666,-2.065501548756432,0.4634415574284698,6,1.0,-1.6020599913279625,2.220446049250313e-16
official_test,45,target_source_rank_fusion,104.0,0,0.0,-4.1249387366083,2.5228787452803374,0,0.0,-4.1249387366083,2.5228787452803374,2,0.3333333333333333,-2.065501548756432,0.4634415574284698,6,1.0,-1.6020599913279625,2.220446049250313e-16
official_test,45,target_source_novelty_rank_fusion,115.0,1,0.16666666666666666,-2.7166987712964503,1.114638779968488,2,0.3333333333333333,-2.690369832574101,1.0883098412461385,3,0.5,-2.065501548756432,0.4634415574284698,5,0.8333333333333334,-1.6020599913279625,2.220446049250313e-16
official_test,45,alloy_prior_static_control,18.0,0,0.0,-2.744727494896694,1.1426675035687317,0,0.0,-2.744727494896694,1.1426675035687317,0,0.0,-2.744727494896694,1.1426675035687317,1,0.16666666666666666,-2.7166987712964503,1.114638779968488
official_test,45,catalysis_prior_static_control,97.0,1,0.16666666666666666,-2.7166987712964503,1.114638779968488,1,0.16666666666666666,-2.7166987712964503,1.114638779968488,2,0.3333333333333333,-2.657577319177794,1.0555173278498315,5,0.8333333333333334,-1.6020599913279625,2.220446049250313e-16
official_test,45,shuffled_thermoelectric_static_control,37.0,0,0.0,-2.987445420464013,1.3853854291360508,0,0.0,-2.987445420464013,1.3853854291360508,0,0.0,-2.8601209135987635,1.2580609222708012,2,0.3333333333333333,-2.657577319177794,1.0555173278498315
official_test,46,uniform_random,0.0,0,0.0,-3.0757207139381184,1.4736607226101561,0,0.0,-3.0757207139381184,1.4736607226101561,0,0.0,-3.0757207139381184,1.4736607226101561,0,0.0,-2.7594507517174,1.1573907603894378
official_test,46,target_ucb_beta1,84.0,1,0.16666666666666666,-2.065501548756432,0.4634415574284698,1,0.16666666666666666,-2.065501548756432,0.4634415574284698,2,0.3333333333333333,-2.065501548756432,0.4634415574284698,3,0.5,-2.065501548756432,0.4634415574284698
official_test,46,target_mean_greedy,76.0,2,0.3333333333333333,-2.065501548756432,0.4634415574284698,2,0.3333333333333333,-2.065501548756432,0.4634415574284698,2,0.3333333333333333,-2.065501548756432,0.4634415574284698,2,0.3333333333333333,-2.065501548756432,0.4634415574284698
official_test,46,composition_novelty,97.0,1,0.16666666666666666,-2.7166987712964503,1.114638779968488,1,0.16666666666666666,-2.7166987712964503,1.114638779968488,2,0.3333333333333333,-2.065501548756432,0.4634415574284698,4,0.6666666666666666,-1.6020599913279625,2.220446049250313e-16
official_test,46,thermoelectric_prior_static,128.0,1,0.16666666666666666,-2.7166987712964503,1.114638779968488,1,0.16666666666666666,-2.7166987712964503,1.114638779968488,4,0.6666666666666666,-2.065501548756432,0.4634415574284698,6,1.0,-1.6020599913279625,2.220446049250313e-16
official_test,46,target_source_rank_fusion,99.0,2,0.3333333333333333,-2.065501548756432,0.4634415574284698,2,0.3333333333333333,-2.065501548756432,0.4634415574284698,2,0.3333333333333333,-2.065501548756432,0.4634415574284698,5,0.8333333333333334,-2.065501548756432,0.4634415574284698
official_test,46,target_source_novelty_rank_fusion,138.0,1,0.16666666666666666,-2.065501548756432,0.4634415574284698,1,0.16666666666666666,-2.065501548756432,0.4634415574284698,5,0.8333333333333334,-2.065501548756432,0.4634415574284698,6,1.0,-1.6020599913279625,2.220446049250313e-16
official_test,46,alloy_prior_static_control,18.0,0,0.0,-2.744727494896694,1.1426675035687317,0,0.0,-2.744727494896694,1.1426675035687317,0,0.0,-2.744727494896694,1.1426675035687317,1,0.16666666666666666,-2.7166987712964503,1.114638779968488
official_test,46,catalysis_prior_static_control,97.0,1,0.16666666666666666,-2.7166987712964503,1.114638779968488,1,0.16666666666666666,-2.7166987712964503,1.114638779968488,2,0.3333333333333333,-2.657577319177794,1.0555173278498315,5,0.8333333333333334,-1.6020599913279625,2.220446049250313e-16
official_test,46,shuffled_thermoelectric_static_control,37.0,0,0.0,-2.987445420464013,1.3853854291360508,0,0.0,-2.987445420464013,1.3853854291360508,0,0.0,-2.8601209135987635,1.2580609222708012,2,0.3333333333333333,-2.657577319177794,1.0555173278498315
official_test,47,uniform_random,78.0,0,0.0,-2.7594507517174,1.1573907603894378,0,0.0,-2.7594507517174,1.1573907603894378,2,0.3333333333333333,-2.280175785218263,0.6781157938903009,4,0.6666666666666666,-2.065501548756432,0.4634415574284698
official_test,47,target_ucb_beta1,101.0,2,0.3333333333333333,-2.065501548756432,0.4634415574284698,2,0.3333333333333333,-2.065501548756432,0.4634415574284698,3,0.5,-2.065501548756432,0.4634415574284698,3,0.5,-2.065501548756432,0.4634415574284698
official_test,47,target_mean_greedy,88.0,2,0.3333333333333333,-2.065501548756432,0.4634415574284698,2,0.3333333333333333,-2.065501548756432,0.4634415574284698,2,0.3333333333333333,-2.065501548756432,0.4634415574284698,3,0.5,-2.065501548756432,0.4634415574284698
official_test,47,composition_novelty,62.0,1,0.16666666666666666,-2.7166987712964503,1.114638779968488,1,0.16666666666666666,-2.7166987712964503,1.114638779968488,2,0.3333333333333333,-2.690369832574101,1.0883098412461385,3,0.5,-2.065501548756432,0.4634415574284698
official_test,47,thermoelectric_prior_static,128.0,1,0.16666666666666666,-2.7166987712964503,1.114638779968488,1,0.16666666666666666,-2.7166987712964503,1.114638779968488,4,0.6666666666666666,-2.065501548756432,0.4634415574284698,6,1.0,-1.6020599913279625,2.220446049250313e-16
official_test,47,target_source_rank_fusion,130.0,2,0.3333333333333333,-2.065501548756432,0.4634415574284698,2,0.3333333333333333,-2.065501548756432,0.4634415574284698,3,0.5,-2.065501548756432,0.4634415574284698,6,1.0,-1.6020599913279625,2.220446049250313e-16
official_test,47,target_source_novelty_rank_fusion,124.0,1,0.16666666666666666,-2.065501548756432,0.4634415574284698,1,0.16666666666666666,-2.065501548756432,0.4634415574284698,3,0.5,-2.065501548756432,0.4634415574284698,6,1.0,-1.6020599913279625,2.220446049250313e-16
official_test,47,alloy_prior_static_control,18.0,0,0.0,-2.744727494896694,1.1426675035687317,0,0.0,-2.744727494896694,1.1426675035687317,0,0.0,-2.744727494896694,1.1426675035687317,1,0.16666666666666666,-2.7166987712964503,1.114638779968488
official_test,47,catalysis_prior_static_control,97.0,1,0.16666666666666666,-2.7166987712964503,1.114638779968488,1,0.16666666666666666,-2.7166987712964503,1.114638779968488,2,0.3333333333333333,-2.657577319177794,1.0555173278498315,5,0.8333333333333334,-1.6020599913279625,2.220446049250313e-16
official_test,47,shuffled_thermoelectric_static_control,37.0,0,0.0,-2.987445420464013,1.3853854291360508,0,0.0,-2.987445420464013,1.3853854291360508,0,0.0,-2.8601209135987635,1.2580609222708012,2,0.3333333333333333,-2.657577319177794,1.0555173278498315
official_test,48,uniform_random,62.0,0,0.0,-3.255707016877324,1.6536470255493618,0,0.0,-3.255707016877324,1.6536470255493618,2,0.3333333333333333,-2.280175785218263,0.6781157938903009,3,0.5,-2.065501548756432,0.4634415574284698
official_test,48,target_ucb_beta1,0.0,0,0.0,-3.0291883891274822,1.42712839779952,0,0.0,-2.8210230527068307,1.2189630613788685,0,0.0,-2.795880017344075,1.1938200260161127,0,0.0,-2.795880017344075,1.1938200260161127
official_test,48,target_mean_greedy,0.0,0,0.0,-3.43297363384094,1.8309136425129775,0,0.0,-3.113509274827518,1.5114492834995559,0,0.0,-2.795880017344075,1.1938200260161127,0,0.0,-2.795880017344075,1.1938200260161127
official_test,48,composition_novelty,121.0,1,0.16666666666666666,-2.7166987712964503,1.114638779968488,1,0.16666666666666666,-2.7166987712964503,1.114638779968488,4,0.6666666666666666,-1.6020599913279625,2.220446049250313e-16,5,0.8333333333333334,-1.6020599913279625,2.220446049250313e-16
official_test,48,thermoelectric_prior_static,128.0,1,0.16666666666666666,-2.7166987712964503,1.114638779968488,1,0.16666666666666666,-2.7166987712964503,1.114638779968488,4,0.6666666666666666,-2.065501548756432,0.4634415574284698,6,1.0,-1.6020599913279625,2.220446049250313e-16
official_test,48,target_source_rank_fusion,149.0,2,0.3333333333333333,-2.690369832574101,1.0883098412461385,2,0.3333333333333333,-2.690369832574101,1.0883098412461385,4,0.6666666666666666,-2.065501548756432,0.4634415574284698,5,0.8333333333333334,-2.065501548756432,0.4634415574284698
official_test,48,target_source_novelty_rank_fusion,147.0,2,0.3333333333333333,-2.690369832574101,1.0883098412461385,2,0.3333333333333333,-2.690369832574101,1.0883098412461385,4,0.6666666666666666,-2.065501548756432,0.4634415574284698,5,0.8333333333333334,-2.065501548756432,0.4634415574284698
official_test,48,alloy_prior_static_control,18.0,0,0.0,-2.744727494896694,1.1426675035687317,0,0.0,-2.744727494896694,1.1426675035687317,0,0.0,-2.744727494896694,1.1426675035687317,1,0.16666666666666666,-2.7166987712964503,1.114638779968488
official_test,48,catalysis_prior_static_control,97.0,1,0.16666666666666666,-2.7166987712964503,1.114638779968488,1,0.16666666666666666,-2.7166987712964503,1.114638779968488,2,0.3333333333333333,-2.657577319177794,1.0555173278498315,5,0.8333333333333334,-1.6020599913279625,2.220446049250313e-16
official_test,48,shuffled_thermoelectric_static_control,37.0,0,0.0,-2.987445420464013,1.3853854291360508,0,0.0,-2.987445420464013,1.3853854291360508,0,0.0,-2.8601209135987635,1.2580609222708012,2,0.3333333333333333,-2.657577319177794,1.0555173278498315
official_test,49,uniform_random,77.0,0,0.0,-3.0757207139381184,1.4736607226101561,0,0.0,-3.0757207139381184,1.4736607226101561,3,0.5,-2.065501548756432,0.4634415574284698,3,0.5,-2.065501548756432,0.4634415574284698
official_test,49,target_ucb_beta1,79.0,1,0.16666666666666666,-2.065501548756432,0.4634415574284698,1,0.16666666666666666,-2.065501548756432,0.4634415574284698,2,0.3333333333333333,-2.065501548756432,0.4634415574284698,3,0.5,-2.065501548756432,0.4634415574284698
official_test,49,target_mean_greedy,87.0,2,0.3333333333333333,-2.065501548756432,0.4634415574284698,2,0.3333333333333333,-2.065501548756432,0.4634415574284698,2,0.3333333333333333,-2.065501548756432,0.4634415574284698,3,0.5,-2.065501548756432,0.4634415574284698
official_test,49,composition_novelty,76.0,0,0.0,-5.070581074285707,3.4685210829577446,1,0.16666666666666666,-2.7166987712964503,1.114638779968488,2,0.3333333333333333,-2.690369832574101,1.0883098412461385,3,0.5,-1.6020599913279625,2.220446049250313e-16
official_test,49,thermoelectric_prior_static,128.0,1,0.16666666666666666,-2.7166987712964503,1.114638779968488,1,0.16666666666666666,-2.7166987712964503,1.114638779968488,4,0.6666666666666666,-2.065501548756432,0.4634415574284698,6,1.0,-1.6020599913279625,2.220446049250313e-16
official_test,49,target_source_rank_fusion,106.0,2,0.3333333333333333,-2.065501548756432,0.4634415574284698,2,0.3333333333333333,-2.065501548756432,0.4634415574284698,3,0.5,-2.065501548756432,0.4634415574284698,3,0.5,-2.065501548756432,0.4634415574284698
official_test,49,target_source_novelty_rank_fusion,81.0,1,0.16666666666666666,-2.065501548756432,0.4634415574284698,1,0.16666666666666666,-2.065501548756432,0.4634415574284698,1,0.16666666666666666,-2.065501548756432,0.4634415574284698,5,0.8333333333333334,-2.065501548756432,0.4634415574284698
official_test,49,alloy_prior_static_control,18.0,0,0.0,-2.744727494896694,1.1426675035687317,0,0.0,-2.744727494896694,1.1426675035687317,0,0.0,-2.744727494896694,1.1426675035687317,1,0.16666666666666666,-2.7166987712964503,1.114638779968488
official_test,49,catalysis_prior_static_control,97.0,1,0.16666666666666666,-2.7166987712964503,1.114638779968488,1,0.16666666666666666,-2.7166987712964503,1.114638779968488,2,0.3333333333333333,-2.657577319177794,1.0555173278498315,5,0.8333333333333334,-1.6020599913279625,2.220446049250313e-16
official_test,49,shuffled_thermoelectric_static_control,37.0,0,0.0,-2.987445420464013,1.3853854291360508,0,0.0,-2.987445420464013,1.3853854291360508,0,0.0,-2.8601209135987635,1.2580609222708012,2,0.3333333333333333,-2.657577319177794,1.0555173278498315
official_test,50,uniform_random,49.0,0,0.0,-2.795880017344075,1.1938200260161127,0,0.0,-2.795880017344075,1.1938200260161127,2,0.3333333333333333,-2.065501548756432,0.4634415574284698,2,0.3333333333333333,-2.065501548756432,0.4634415574284698
official_test,50,target_ucb_beta1,0.0,0,0.0,-2.8601209135987635,1.2580609222708012,0,0.0,-2.8601209135987635,1.2580609222708012,0,0.0,-2.8210230527068307,1.2189630613788685,0,0.0,-2.795880017344075,1.1938200260161127
official_test,50,target_mean_greedy,15.0,0,0.0,-3.43297363384094,1.8309136425129775,0,0.0,-2.892790030352132,1.2907300390241698,0,0.0,-2.8601209135987635,1.2580609222708012,2,0.3333333333333333,-2.065501548756432,0.4634415574284698
official_test,50,composition_novelty,76.0,0,0.0,-4.813176263895391,3.2111162725674287,1,0.16666666666666666,-2.7166987712964503,1.114638779968488,2,0.3333333333333333,-2.690369832574101,1.0883098412461385,3,0.5,-1.6020599913279625,2.220446049250313e-16
official_test,50,thermoelectric_prior_static,128.0,1,0.16666666666666666,-2.7166987712964503,1.114638779968488,1,0.16666666666666666,-2.7166987712964503,1.114638779968488,4,0.6666666666666666,-2.065501548756432,0.4634415574284698,6,1.0,-1.6020599913279625,2.220446049250313e-16
official_test,50,target_source_rank_fusion,110.0,0,0.0,-4.1249387366083,2.5228787452803374,1,0.16666666666666666,-2.690369832574101,1.0883098412461385,3,0.5,-2.065501548756432,0.4634415574284698,6,1.0,-1.6020599913279625,2.220446049250313e-16
official_test,50,target_source_novelty_rank_fusion,120.0,0,0.0,-4.552841968657781,2.950781977329818,2,0.3333333333333333,-2.690369832574101,1.0883098412461385,4,0.6666666666666666,-2.065501548756432,0.4634415574284698,5,0.8333333333333334,-1.6020599913279625,2.220446049250313e-16
official_test,50,alloy_prior_static_control,18.0,0,0.0,-2.744727494896694,1.1426675035687317,0,0.0,-2.744727494896694,1.1426675035687317,0,0.0,-2.744727494896694,1.1426675035687317,1,0.16666666666666666,-2.7166987712964503,1.114638779968488
official_test,50,catalysis_prior_static_control,97.0,1,0.16666666666666666,-2.7166987712964503,1.114638779968488,1,0.16666666666666666,-2.7166987712964503,1.114638779968488,2,0.3333333333333333,-2.657577319177794,1.0555173278498315,5,0.8333333333333334,-1.6020599913279625,2.220446049250313e-16
official_test,50,shuffled_thermoelectric_static_control,37.0,0,0.0,-2.987445420464013,1.3853854291360508,0,0.0,-2.987445420464013,1.3853854291360508,0,0.0,-2.8601209135987635,1.2580609222708012,2,0.3333333333333333,-2.657577319177794,1.0555173278498315
official_test,51,uniform_random,34.0,0,0.0,-3.2026463086937507,1.6005863173657884,0,0.0,-3.2026463086937507,1.6005863173657884,0,0.0,-3.044754499211876,1.4426945078839137,3,0.5,-1.6020599913279625,2.220446049250313e-16
official_test,51,target_ucb_beta1,140.0,0,0.0,-2.7594507517174,1.1573907603894378,2,0.3333333333333333,-2.065501548756432,0.4634415574284698,3,0.5,-2.065501548756432,0.4634415574284698,6,1.0,-1.6020599913279625,2.220446049250313e-16
official_test,51,target_mean_greedy,110.0,2,0.3333333333333333,-2.065501548756432,0.4634415574284698,3,0.5,-2.065501548756432,0.4634415574284698,3,0.5,-2.065501548756432,0.4634415574284698,3,0.5,-2.065501548756432,0.4634415574284698
official_test,51,composition_novelty,96.0,1,0.16666666666666666,-2.7166987712964503,1.114638779968488,1,0.16666666666666666,-2.7166987712964503,1.114638779968488,2,0.3333333333333333,-2.690369832574101,1.0883098412461385,4,0.6666666666666666,-1.6020599913279625,2.220446049250313e-16
official_test,51,thermoelectric_prior_static,128.0,1,0.16666666666666666,-2.7166987712964503,1.114638779968488,1,0.16666666666666666,-2.7166987712964503,1.114638779968488,4,0.6666666666666666,-2.065501548756432,0.4634415574284698,6,1.0,-1.6020599913279625,2.220446049250313e-16
official_test,51,target_source_rank_fusion,136.0,1,0.16666666666666666,-2.065501548756432,0.4634415574284698,2,0.3333333333333333,-2.065501548756432,0.4634415574284698,3,0.5,-2.065501548756432,0.4634415574284698,5,0.8333333333333334,-2.065501548756432,0.4634415574284698
official_test,51,target_source_novelty_rank_fusion,137.0,1,0.16666666666666666,-2.280175785218263,0.6781157938903009,3,0.5,-2.280175785218263,0.6781157938903009,4,0.6666666666666666,-2.065501548756432,0.4634415574284698,5,0.8333333333333334,-2.065501548756432,0.4634415574284698
official_test,51,alloy_prior_static_control,18.0,0,0.0,-2.744727494896694,1.1426675035687317,0,0.0,-2.744727494896694,1.1426675035687317,0,0.0,-2.744727494896694,1.1426675035687317,1,0.16666666666666666,-2.7166987712964503,1.114638779968488
official_test,51,catalysis_prior_static_control,97.0,1,0.16666666666666666,-2.7166987712964503,1.114638779968488,1,0.16666666666666666,-2.7166987712964503,1.114638779968488,2,0.3333333333333333,-2.657577319177794,1.0555173278498315,5,0.8333333333333334,-1.6020599913279625,2.220446049250313e-16
official_test,51,shuffled_thermoelectric_static_control,37.0,0,0.0,-2.987445420464013,1.3853854291360508,0,0.0,-2.987445420464013,1.3853854291360508,0,0.0,-2.8601209135987635,1.2580609222708012,2,0.3333333333333333,-2.657577319177794,1.0555173278498315
official_test,52,uniform_random,43.0,1,0.16666666666666666,-1.6020599913279625,2.220446049250313e-16,1,0.16666666666666666,-1.6020599913279625,2.220446049250313e-16,1,0.16666666666666666,-1.6020599913279625,2.220446049250313e-16,2,0.3333333333333333,-1.6020599913279625,2.220446049250313e-16
official_test,52,target_ucb_beta1,93.0,0,0.0,-3.72584215073632,2.123782159408358,1,0.16666666666666666,-2.065501548756432,0.4634415574284698,2,0.3333333333333333,-2.065501548756432,0.4634415574284698,4,0.6666666666666666,-1.6020599913279625,2.220446049250313e-16
official_test,52,target_mean_greedy,40.0,0,0.0,-2.892790030352132,1.2907300390241698,0,0.0,-2.892790030352132,1.2907300390241698,0,0.0,-2.8601209135987635,1.2580609222708012,3,0.5,-2.065501548756432,0.4634415574284698
official_test,52,composition_novelty,84.0,1,0.16666666666666666,-2.7166987712964503,1.114638779968488,1,0.16666666666666666,-2.7166987712964503,1.114638779968488,2,0.3333333333333333,-2.690369832574101,1.0883098412461385,4,0.6666666666666666,-1.6020599913279625,2.220446049250313e-16
official_test,52,thermoelectric_prior_static,128.0,1,0.16666666666666666,-2.7166987712964503,1.114638779968488,1,0.16666666666666666,-2.7166987712964503,1.114638779968488,4,0.6666666666666666,-2.065501548756432,0.4634415574284698,6,1.0,-1.6020599913279625,2.220446049250313e-16
official_test,52,target_source_rank_fusion,143.0,1,0.16666666666666666,-2.065501548756432,0.4634415574284698,2,0.3333333333333333,-2.065501548756432,0.4634415574284698,3,0.5,-2.065501548756432,0.4634415574284698,6,1.0,-1.6020599913279625,2.220446049250313e-16
official_test,52,target_source_novelty_rank_fusion,184.0,2,0.3333333333333333,-2.690369832574101,1.0883098412461385,4,0.6666666666666666,-2.065501548756432,0.4634415574284698,5,0.8333333333333334,-2.065501548756432,0.4634415574284698,6,1.0,-1.6020599913279625,2.220446049250313e-16
official_test,52,alloy_prior_static_control,18.0,0,0.0,-2.744727494896694,1.1426675035687317,0,0.0,-2.744727494896694,1.1426675035687317,0,0.0,-2.744727494896694,1.1426675035687317,1,0.16666666666666666,-2.7166987712964503,1.114638779968488
official_test,52,catalysis_prior_static_control,97.0,1,0.16666666666666666,-2.7166987712964503,1.114638779968488,1,0.16666666666666666,-2.7166987712964503,1.114638779968488,2,0.3333333333333333,-2.657577319177794,1.0555173278498315,5,0.8333333333333334,-1.6020599913279625,2.220446049250313e-16
official_test,52,shuffled_thermoelectric_static_control,37.0,0,0.0,-2.987445420464013,1.3853854291360508,0,0.0,-2.987445420464013,1.3853854291360508,0,0.0,-2.8601209135987635,1.2580609222708012,2,0.3333333333333333,-2.657577319177794,1.0555173278498315
official_test,53,uniform_random,54.0,0,0.0,-2.7594507517174,1.1573907603894378,0,0.0,-2.7594507517174,1.1573907603894378,1,0.16666666666666666,-2.280175785218263,0.6781157938903009,3,0.5,-1.6020599913279625,2.220446049250313e-16
official_test,53,target_ucb_beta1,94.0,1,0.16666666666666666,-2.065501548756432,0.4634415574284698,2,0.3333333333333333,-2.065501548756432,0.4634415574284698,3,0.5,-2.065501548756432,0.4634415574284698,3,0.5,-2.065501548756432,0.4634415574284698
official_test,53,target_mean_greedy,78.0,2,0.3333333333333333,-2.065501548756432,0.4634415574284698,2,0.3333333333333333,-2.065501548756432,0.4634415574284698,2,0.3333333333333333,-2.065501548756432,0.4634415574284698,2,0.3333333333333333,-2.065501548756432,0.4634415574284698
official_test,53,composition_novelty,65.0,1,0.16666666666666666,-2.7166987712964503,1.114638779968488,1,0.16666666666666666,-2.7166987712964503,1.114638779968488,2,0.3333333333333333,-2.690369832574101,1.0883098412461385,3,0.5,-1.6020599913279625,2.220446049250313e-16
official_test,53,thermoelectric_prior_static,128.0,1,0.16666666666666666,-2.7166987712964503,1.114638779968488,1,0.16666666666666666,-2.7166987712964503,1.114638779968488,4,0.6666666666666666,-2.065501548756432,0.4634415574284698,6,1.0,-1.6020599913279625,2.220446049250313e-16
official_test,53,target_source_rank_fusion,107.0,2,0.3333333333333333,-2.065501548756432,0.4634415574284698,2,0.3333333333333333,-2.065501548756432,0.4634415574284698,3,0.5,-2.065501548756432,0.4634415574284698,3,0.5,-2.065501548756432,0.4634415574284698
official_test,53,target_source_novelty_rank_fusion,137.0,1,0.16666666666666666,-2.657577319177794,1.0555173278498315,2,0.3333333333333333,-2.065501548756432,0.4634415574284698,4,0.6666666666666666,-2.065501548756432,0.4634415574284698,5,0.8333333333333334,-2.065501548756432,0.4634415574284698
official_test,53,alloy_prior_static_control,18.0,0,0.0,-2.744727494896694,1.1426675035687317,0,0.0,-2.744727494896694,1.1426675035687317,0,0.0,-2.744727494896694,1.1426675035687317,1,0.16666666666666666,-2.7166987712964503,1.114638779968488
official_test,53,catalysis_prior_static_control,97.0,1,0.16666666666666666,-2.7166987712964503,1.114638779968488,1,0.16666666666666666,-2.7166987712964503,1.114638779968488,2,0.3333333333333333,-2.657577319177794,1.0555173278498315,5,0.8333333333333334,-1.6020599913279625,2.220446049250313e-16
official_test,53,shuffled_thermoelectric_static_control,37.0,0,0.0,-2.987445420464013,1.3853854291360508,0,0.0,-2.987445420464013,1.3853854291360508,0,0.0,-2.8601209135987635,1.2580609222708012,2,0.3333333333333333,-2.657577319177794,1.0555173278498315
official_test,54,uniform_random,68.0,0,0.0,-3.3467874862246565,1.7447274948966942,1,0.16666666666666666,-2.065501548756432,0.4634415574284698,2,0.3333333333333333,-2.065501548756432,0.4634415574284698,3,0.5,-2.065501548756432,0.4634415574284698
official_test,54,target_ucb_beta1,0.0,0,0.0,-3.5686362358410126,1.9665762445130504,0,0.0,-2.987445420464013,1.3853854291360508,0,0.0,-2.987445420464013,1.3853854291360508,0,0.0,-2.795880017344075,1.1938200260161127
official_test,54,target_mean_greedy,0.0,0,0.0,-2.795880017344075,1.1938200260161127,0,0.0,-2.795880017344075,1.1938200260161127,0,0.0,-2.795880017344075,1.1938200260161127,0,0.0,-2.795880017344075,1.1938200260161127
official_test,54,composition_novelty,89.0,1,0.16666666666666666,-2.7166987712964503,1.114638779968488,1,0.16666666666666666,-2.7166987712964503,1.114638779968488,3,0.5,-1.6020599913279625,2.220446049250313e-16,4,0.6666666666666666,-1.6020599913279625,2.220446049250313e-16
official_test,54,thermoelectric_prior_static,128.0,1,0.16666666666666666,-2.7166987712964503,1.114638779968488,1,0.16666666666666666,-2.7166987712964503,1.114638779968488,4,0.6666666666666666,-2.065501548756432,0.4634415574284698,6,1.0,-1.6020599913279625,2.220446049250313e-16
official_test,54,target_source_rank_fusion,49.0,0,0.0,-2.795880017344075,1.1938200260161127,0,0.0,-2.795880017344075,1.1938200260161127,0,0.0,-2.795880017344075,1.1938200260161127,4,0.6666666666666666,-2.065501548756432,0.4634415574284698
official_test,54,target_source_novelty_rank_fusion,101.0,1,0.16666666666666666,-2.7166987712964503,1.114638779968488,2,0.3333333333333333,-2.690369832574101,1.0883098412461385,2,0.3333333333333333,-2.690369832574101,1.0883098412461385,4,0.6666666666666666,-2.065501548756432,0.4634415574284698
official_test,54,alloy_prior_static_control,18.0,0,0.0,-2.744727494896694,1.1426675035687317,0,0.0,-2.744727494896694,1.1426675035687317,0,0.0,-2.744727494896694,1.1426675035687317,1,0.16666666666666666,-2.7166987712964503,1.114638779968488
official_test,54,catalysis_prior_static_control,97.0,1,0.16666666666666666,-2.7166987712964503,1.114638779968488,1,0.16666666666666666,-2.7166987712964503,1.114638779968488,2,0.3333333333333333,-2.657577319177794,1.0555173278498315,5,0.8333333333333334,-1.6020599913279625,2.220446049250313e-16
official_test,54,shuffled_thermoelectric_static_control,37.0,0,0.0,-2.987445420464013,1.3853854291360508,0,0.0,-2.987445420464013,1.3853854291360508,0,0.0,-2.8601209135987635,1.2580609222708012,2,0.3333333333333333,-2.657577319177794,1.0555173278498315
official_test,55,uniform_random,46.0,0,0.0,-3.5072396109731625,1.9051796196452002,0,0.0,-2.7594507517174,1.1573907603894378,1,0.16666666666666666,-1.6020599913279625,2.220446049250313e-16,3,0.5,-1.6020599913279625,2.220446049250313e-16
official_test,55,target_ucb_beta1,76.0,2,0.3333333333333333,-2.690369832574101,1.0883098412461385,2,0.3333333333333333,-2.690369832574101,1.0883098412461385,2,0.3333333333333333,-2.690369832574101,1.0883098412461385,2,0.3333333333333333,-2.690369832574101,1.0883098412461385
official_test,55,target_mean_greedy,23.0,0,0.0,-2.8210230527068307,1.2189630613788685,0,0.0,-2.795880017344075,1.1938200260161127,0,0.0,-2.795880017344075,1.1938200260161127,2,0.3333333333333333,-2.065501548756432,0.4634415574284698
official_test,55,composition_novelty,118.0,1,0.16666666666666666,-2.7166987712964503,1.114638779968488,1,0.16666666666666666,-2.7166987712964503,1.114638779968488,4,0.6666666666666666,-1.6020599913279625,2.220446049250313e-16,4,0.6666666666666666,-1.6020599913279625,2.220446049250313e-16
official_test,55,thermoelectric_prior_static,128.0,1,0.16666666666666666,-2.7166987712964503,1.114638779968488,1,0.16666666666666666,-2.7166987712964503,1.114638779968488,4,0.6666666666666666,-2.065501548756432,0.4634415574284698,6,1.0,-1.6020599913279625,2.220446049250313e-16
official_test,55,target_source_rank_fusion,49.0,0,0.0,-3.044754499211876,1.4426945078839137,0,0.0,-2.987445420464013,1.3853854291360508,2,0.3333333333333333,-2.065501548756432,0.4634415574284698,2,0.3333333333333333,-2.065501548756432,0.4634415574284698
official_test,55,target_source_novelty_rank_fusion,47.0,0,0.0,-4.1249387366083,2.5228787452803374,0,0.0,-3.0757207139381184,1.4736607226101561,1,0.16666666666666666,-2.065501548756432,0.4634415574284698,2,0.3333333333333333,-2.065501548756432,0.4634415574284698
official_test,55,alloy_prior_static_control,18.0,0,0.0,-2.744727494896694,1.1426675035687317,0,0.0,-2.744727494896694,1.1426675035687317,0,0.0,-2.744727494896694,1.1426675035687317,1,0.16666666666666666,-2.7166987712964503,1.114638779968488
official_test,55,catalysis_prior_static_control,97.0,1,0.16666666666666666,-2.7166987712964503,1.114638779968488,1,0.16666666666666666,-2.7166987712964503,1.114638779968488,2,0.3333333333333333,-2.657577319177794,1.0555173278498315,5,0.8333333333333334,-1.6020599913279625,2.220446049250313e-16
official_test,55,shuffled_thermoelectric_static_control,37.0,0,0.0,-2.987445420464013,1.3853854291360508,0,0.0,-2.987445420464013,1.3853854291360508,0,0.0,-2.8601209135987635,1.2580609222708012,2,0.3333333333333333,-2.657577319177794,1.0555173278498315
official_test,56,uniform_random,56.0,0,0.0,-2.7594507517174,1.1573907603894378,0,0.0,-2.7594507517174,1.1573907603894378,1,0.16666666666666666,-2.065501548756432,0.4634415574284698,3,0.5,-2.065501548756432,0.4634415574284698
official_test,56,target_ucb_beta1,0.0,0,0.0,-3.113509274827518,1.5114492834995559,0,0.0,-2.8601209135987635,1.2580609222708012,0,0.0,-2.8601209135987635,1.2580609222708012,0,0.0,-2.795880017344075,1.1938200260161127
official_test,56,target_mean_greedy,0.0,0,0.0,-3.4775557664936803,1.875495775165718,0,0.0,-2.8601209135987635,1.2580609222708012,0,0.0,-2.795880017344075,1.1938200260161127,0,0.0,-2.795880017344075,1.1938200260161127
official_test,56,composition_novelty,102.0,1,0.16666666666666666,-2.7166987712964503,1.114638779968488,1,0.16666666666666666,-2.7166987712964503,1.114638779968488,3,0.5,-1.6020599913279625,2.220446049250313e-16,4,0.6666666666666666,-1.6020599913279625,2.220446049250313e-16
official_test,56,thermoelectric_prior_static,128.0,1,0.16666666666666666,-2.7166987712964503,1.114638779968488,1,0.16666666666666666,-2.7166987712964503,1.114638779968488,4,0.6666666666666666,-2.065501548756432,0.4634415574284698,6,1.0,-1.6020599913279625,2.220446049250313e-16
official_test,56,target_source_rank_fusion,57.0,0,0.0,-2.987445420464013,1.3853854291360508,0,0.0,-2.795880017344075,1.1938200260161127,2,0.3333333333333333,-2.690369832574101,1.0883098412461385,3,0.5,-2.065501548756432,0.4634415574284698
official_test,56,target_source_novelty_rank_fusion,102.0,1,0.16666666666666666,-2.7166987712964503,1.114638779968488,2,0.3333333333333333,-2.690369832574101,1.0883098412461385,2,0.3333333333333333,-2.690369832574101,1.0883098412461385,4,0.6666666666666666,-2.065501548756432,0.4634415574284698
official_test,56,alloy_prior_static_control,18.0,0,0.0,-2.744727494896694,1.1426675035687317,0,0.0,-2.744727494896694,1.1426675035687317,0,0.0,-2.744727494896694,1.1426675035687317,1,0.16666666666666666,-2.7166987712964503,1.114638779968488
official_test,56,catalysis_prior_static_control,97.0,1,0.16666666666666666,-2.7166987712964503,1.114638779968488,1,0.16666666666666666,-2.7166987712964503,1.114638779968488,2,0.3333333333333333,-2.657577319177794,1.0555173278498315,5,0.8333333333333334,-1.6020599913279625,2.220446049250313e-16
official_test,56,shuffled_thermoelectric_static_control,37.0,0,0.0,-2.987445420464013,1.3853854291360508,0,0.0,-2.987445420464013,1.3853854291360508,0,0.0,-2.8601209135987635,1.2580609222708012,2,0.3333333333333333,-2.657577319177794,1.0555173278498315
official_test,57,uniform_random,36.0,0,0.0,-3.619788758288394,2.017728766960432,1,0.16666666666666666,-2.7166987712964503,1.114638779968488,1,0.16666666666666666,-2.7166987712964503,1.114638779968488,2,0.3333333333333333,-2.657577319177794,1.0555173278498315
official_test,57,target_ucb_beta1,96.0,1,0.16666666666666666,-2.065501548756432,0.4634415574284698,2,0.3333333333333333,-2.065501548756432,0.4634415574284698,3,0.5,-2.065501548756432,0.4634415574284698,3,0.5,-2.065501548756432,0.4634415574284698
official_test,57,target_mean_greedy,130.0,2,0.3333333333333333,-2.065501548756432,0.4634415574284698,2,0.3333333333333333,-2.065501548756432,0.4634415574284698,2,0.3333333333333333,-2.065501548756432,0.4634415574284698,6,1.0,-1.6020599913279625,2.220446049250313e-16
official_test,57,composition_novelty,95.0,1,0.16666666666666666,-2.7166987712964503,1.114638779968488,1,0.16666666666666666,-2.7166987712964503,1.114638779968488,2,0.3333333333333333,-2.065501548756432,0.4634415574284698,4,0.6666666666666666,-1.6020599913279625,2.220446049250313e-16
official_test,57,thermoelectric_prior_static,128.0,1,0.16666666666666666,-2.7166987712964503,1.114638779968488,1,0.16666666666666666,-2.7166987712964503,1.114638779968488,4,0.6666666666666666,-2.065501548756432,0.4634415574284698,6,1.0,-1.6020599913279625,2.220446049250313e-16
official_test,57,target_source_rank_fusion,127.0,2,0.3333333333333333,-2.065501548756432,0.4634415574284698,2,0.3333333333333333,-2.065501548756432,0.4634415574284698,2,0.3333333333333333,-2.065501548756432,0.4634415574284698,6,1.0,-1.6020599913279625,2.220446049250313e-16
official_test,57,target_source_novelty_rank_fusion,129.0,1,0.16666666666666666,-2.7166987712964503,1.114638779968488,1,0.16666666666666666,-2.7166987712964503,1.114638779968488,3,0.5,-2.065501548756432,0.4634415574284698,6,1.0,-1.6020599913279625,2.220446049250313e-16
official_test,57,alloy_prior_static_control,18.0,0,0.0,-2.744727494896694,1.1426675035687317,0,0.0,-2.744727494896694,1.1426675035687317,0,0.0,-2.744727494896694,1.1426675035687317,1,0.16666666666666666,-2.7166987712964503,1.114638779968488
official_test,57,catalysis_prior_static_control,97.0,1,0.16666666666666666,-2.7166987712964503,1.114638779968488,1,0.16666666666666666,-2.7166987712964503,1.114638779968488,2,0.3333333333333333,-2.657577319177794,1.0555173278498315,5,0.8333333333333334,-1.6020599913279625,2.220446049250313e-16
official_test,57,shuffled_thermoelectric_static_control,37.0,0,0.0,-2.987445420464013,1.3853854291360508,0,0.0,-2.987445420464013,1.3853854291360508,0,0.0,-2.8601209135987635,1.2580609222708012,2,0.3333333333333333,-2.657577319177794,1.0555173278498315
official_test,58,uniform_random,40.0,0,0.0,-3.5850266520291822,1.98296666070122,0,0.0,-3.255707016877324,1.6536470255493618,1,0.16666666666666666,-2.7166987712964503,1.114638779968488,2,0.3333333333333333,-2.690369832574101,1.0883098412461385
official_test,58,target_ucb_beta1,61.0,1,0.16666666666666666,-2.065501548756432,0.4634415574284698,1,0.16666666666666666,-2.065501548756432,0.4634415574284698,1,0.16666666666666666,-2.065501548756432,0.4634415574284698,3,0.5,-2.065501548756432,0.4634415574284698
official_test,58,target_mean_greedy,48.0,0,0.0,-3.595166283380062,1.9931062920520997,0,0.0,-3.113509274827518,1.5114492834995559,2,0.3333333333333333,-2.065501548756432,0.4634415574284698,2,0.3333333333333333,-2.065501548756432,0.4634415574284698
official_test,58,composition_novelty,73.0,1,0.16666666666666666,-2.7166987712964503,1.114638779968488,1,0.16666666666666666,-2.7166987712964503,1.114638779968488,1,0.16666666666666666,-2.7166987712964503,1.114638779968488,3,0.5,-1.6020599913279625,2.220446049250313e-16
official_test,58,thermoelectric_prior_static,128.0,1,0.16666666666666666,-2.7166987712964503,1.114638779968488,1,0.16666666666666666,-2.7166987712964503,1.114638779968488,4,0.6666666666666666,-2.065501548756432,0.4634415574284698,6,1.0,-1.6020599913279625,2.220446049250313e-16
official_test,58,target_source_rank_fusion,95.0,2,0.3333333333333333,-2.065501548756432,0.4634415574284698,2,0.3333333333333333,-2.065501548756432,0.4634415574284698,2,0.3333333333333333,-2.065501548756432,0.4634415574284698,3,0.5,-2.065501548756432,0.4634415574284698
official_test,58,target_source_novelty_rank_fusion,124.0,1,0.16666666666666666,-2.065501548756432,0.4634415574284698,1,0.16666666666666666,-2.065501548756432,0.4634415574284698,2,0.3333333333333333,-2.065501548756432,0.4634415574284698,6,1.0,-1.6020599913279625,2.220446049250313e-16
official_test,58,alloy_prior_static_control,18.0,0,0.0,-2.744727494896694,1.1426675035687317,0,0.0,-2.744727494896694,1.1426675035687317,0,0.0,-2.744727494896694,1.1426675035687317,1,0.16666666666666666,-2.7166987712964503,1.114638779968488
official_test,58,catalysis_prior_static_control,97.0,1,0.16666666666666666,-2.7166987712964503,1.114638779968488,1,0.16666666666666666,-2.7166987712964503,1.114638779968488,2,0.3333333333333333,-2.657577319177794,1.0555173278498315,5,0.8333333333333334,-1.6020599913279625,2.220446049250313e-16
official_test,58,shuffled_thermoelectric_static_control,37.0,0,0.0,-2.987445420464013,1.3853854291360508,0,0.0,-2.987445420464013,1.3853854291360508,0,0.0,-2.8601209135987635,1.2580609222708012,2,0.3333333333333333,-2.657577319177794,1.0555173278498315
official_test,59,uniform_random,55.0,0,0.0,-3.044754499211876,1.4426945078839137,0,0.0,-2.8601209135987635,1.2580609222708012,2,0.3333333333333333,-2.657577319177794,1.0555173278498315,2,0.3333333333333333,-2.657577319177794,1.0555173278498315
official_test,59,target_ucb_beta1,0.0,0,0.0,-2.892790030352132,1.2907300390241698,0,0.0,-2.892790030352132,1.2907300390241698,0,0.0,-2.795880017344075,1.1938200260161127,0,0.0,-2.795880017344075,1.1938200260161127
official_test,59,target_mean_greedy,0.0,0,0.0,-2.892790030352132,1.2907300390241698,0,0.0,-2.892790030352132,1.2907300390241698,0,0.0,-2.8210230527068307,1.2189630613788685,0,0.0,-2.795880017344075,1.1938200260161127
official_test,59,composition_novelty,68.0,0,0.0,-3.211831628858832,1.60977163753087,1,0.16666666666666666,-2.7166987712964503,1.114638779968488,1,0.16666666666666666,-2.7166987712964503,1.114638779968488,3,0.5,-1.6020599913279625,2.220446049250313e-16
official_test,59,thermoelectric_prior_static,128.0,1,0.16666666666666666,-2.7166987712964503,1.114638779968488,1,0.16666666666666666,-2.7166987712964503,1.114638779968488,4,0.6666666666666666,-2.065501548756432,0.4634415574284698,6,1.0,-1.6020599913279625,2.220446049250313e-16
official_test,59,target_source_rank_fusion,20.0,0,0.0,-4.0,2.3979400086720375,0,0.0,-3.245651664288981,1.643591672961019,0,0.0,-2.795880017344075,1.1938200260161127,2,0.3333333333333333,-2.065501548756432,0.4634415574284698
official_test,59,target_source_novelty_rank_fusion,52.0,0,0.0,-4.1249387366083,2.5228787452803374,0,0.0,-2.744727494896694,1.1426675035687317,2,0.3333333333333333,-2.065501548756432,0.4634415574284698,2,0.3333333333333333,-2.065501548756432,0.4634415574284698
official_test,59,alloy_prior_static_control,18.0,0,0.0,-2.744727494896694,1.1426675035687317,0,0.0,-2.744727494896694,1.1426675035687317,0,0.0,-2.744727494896694,1.1426675035687317,1,0.16666666666666666,-2.7166987712964503,1.114638779968488
official_test,59,catalysis_prior_static_control,97.0,1,0.16666666666666666,-2.7166987712964503,1.114638779968488,1,0.16666666666666666,-2.7166987712964503,1.114638779968488,2,0.3333333333333333,-2.657577319177794,1.0555173278498315,5,0.8333333333333334,-1.6020599913279625,2.220446049250313e-16
official_test,59,shuffled_thermoelectric_static_control,37.0,0,0.0,-2.987445420464013,1.3853854291360508,0,0.0,-2.987445420464013,1.3853854291360508,0,0.0,-2.8601209135987635,1.2580609222708012,2,0.3333333333333333,-2.657577319177794,1.0555173278498315
official_test,60,uniform_random,42.0,0,0.0,-3.1804560644581312,1.578396073130169,0,0.0,-3.113509274827518,1.5114492834995559,1,0.16666666666666666,-2.280175785218263,0.6781157938903009,2,0.3333333333333333,-2.280175785218263,0.6781157938903009
official_test,60,target_ucb_beta1,0.0,0,0.0,-2.892790030352132,1.2907300390241698,0,0.0,-2.892790030352132,1.2907300390241698,0,0.0,-2.8210230527068307,1.2189630613788685,0,0.0,-2.744727494896694,1.1426675035687317
official_test,60,target_mean_greedy,0.0,0,0.0,-2.892790030352132,1.2907300390241698,0,0.0,-2.8601209135987635,1.2580609222708012,0,0.0,-2.8601209135987635,1.2580609222708012,0,0.0,-2.795880017344075,1.1938200260161127
official_test,60,composition_novelty,87.0,1,0.16666666666666666,-2.690369832574101,1.0883098412461385,2,0.3333333333333333,-2.690369832574101,1.0883098412461385,2,0.3333333333333333,-2.690369832574101,1.0883098412461385,3,0.5,-2.065501548756432,0.4634415574284698
official_test,60,thermoelectric_prior_static,128.0,1,0.16666666666666666,-2.7166987712964503,1.114638779968488,1,0.16666666666666666,-2.7166987712964503,1.114638779968488,4,0.6666666666666666,-2.065501548756432,0.4634415574284698,6,1.0,-1.6020599913279625,2.220446049250313e-16
official_test,60,target_source_rank_fusion,79.0,0,0.0,-4.0,2.3979400086720375,0,0.0,-4.0,2.3979400086720375,2,0.3333333333333333,-2.690369832574101,1.0883098412461385,4,0.6666666666666666,-2.065501548756432,0.4634415574284698
official_test,60,target_source_novelty_rank_fusion,134.0,2,0.3333333333333333,-2.690369832574101,1.0883098412461385,2,0.3333333333333333,-2.690369832574101,1.0883098412461385,3,0.5,-2.065501548756432,0.4634415574284698,5,0.8333333333333334,-2.065501548756432,0.4634415574284698
official_test,60,alloy_prior_static_control,18.0,0,0.0,-2.744727494896694,1.1426675035687317,0,0.0,-2.744727494896694,1.1426675035687317,0,0.0,-2.744727494896694,1.1426675035687317,1,0.16666666666666666,-2.7166987712964503,1.114638779968488
official_test,60,catalysis_prior_static_control,97.0,1,0.16666666666666666,-2.7166987712964503,1.114638779968488,1,0.16666666666666666,-2.7166987712964503,1.114638779968488,2,0.3333333333333333,-2.657577319177794,1.0555173278498315,5,0.8333333333333334,-1.6020599913279625,2.220446049250313e-16
official_test,60,shuffled_thermoelectric_static_control,37.0,0,0.0,-2.987445420464013,1.3853854291360508,0,0.0,-2.987445420464013,1.3853854291360508,0,0.0,-2.8601209135987635,1.2580609222708012,2,0.3333333333333333,-2.657577319177794,1.0555173278498315
official_test,61,uniform_random,11.0,0,0.0,-3.619788758288394,2.017728766960432,0,0.0,-3.619788758288394,2.017728766960432,0,0.0,-2.8210230527068307,1.2189630613788685,2,0.3333333333333333,-2.065501548756432,0.4634415574284698
official_test,61,target_ucb_beta1,32.0,0,0.0,-2.8601209135987635,1.2580609222708012,0,0.0,-2.8601209135987635,1.2580609222708012,0,0.0,-2.8210230527068307,1.2189630613788685,2,0.3333333333333333,-2.065501548756432,0.4634415574284698
official_test,61,target_mean_greedy,2.0,0,0.0,-3.43297363384094,1.8309136425129775,0,0.0,-2.892790030352132,1.2907300390241698,0,0.0,-2.8601209135987635,1.2580609222708012,1,0.16666666666666666,-2.065501548756432,0.4634415574284698
official_test,61,composition_novelty,90.0,1,0.16666666666666666,-2.7166987712964503,1.114638779968488,1,0.16666666666666666,-2.7166987712964503,1.114638779968488,2,0.3333333333333333,-1.6020599913279625,2.220446049250313e-16,5,0.8333333333333334,-1.6020599913279625,2.220446049250313e-16
official_test,61,thermoelectric_prior_static,128.0,1,0.16666666666666666,-2.7166987712964503,1.114638779968488,1,0.16666666666666666,-2.7166987712964503,1.114638779968488,4,0.6666666666666666,-2.065501548756432,0.4634415574284698,6,1.0,-1.6020599913279625,2.220446049250313e-16
official_test,61,target_source_rank_fusion,66.0,0,0.0,-4.1249387366083,2.5228787452803374,0,0.0,-3.7569619513137056,2.154901959985743,2,0.3333333333333333,-2.065501548756432,0.4634415574284698,3,0.5,-2.065501548756432,0.4634415574284698
official_test,61,target_source_novelty_rank_fusion,77.0,0,0.0,-4.1249387366083,2.5228787452803374,0,0.0,-2.744727494896694,1.1426675035687317,2,0.3333333333333333,-2.065501548756432,0.4634415574284698,5,0.8333333333333334,-2.065501548756432,0.4634415574284698
official_test,61,alloy_prior_static_control,18.0,0,0.0,-2.744727494896694,1.1426675035687317,0,0.0,-2.744727494896694,1.1426675035687317,0,0.0,-2.744727494896694,1.1426675035687317,1,0.16666666666666666,-2.7166987712964503,1.114638779968488
official_test,61,catalysis_prior_static_control,97.0,1,0.16666666666666666,-2.7166987712964503,1.114638779968488,1,0.16666666666666666,-2.7166987712964503,1.114638779968488,2,0.3333333333333333,-2.657577319177794,1.0555173278498315,5,0.8333333333333334,-1.6020599913279625,2.220446049250313e-16
official_test,61,shuffled_thermoelectric_static_control,37.0,0,0.0,-2.987445420464013,1.3853854291360508,0,0.0,-2.987445420464013,1.3853854291360508,0,0.0,-2.8601209135987635,1.2580609222708012,2,0.3333333333333333,-2.657577319177794,1.0555173278498315
official_test,62,uniform_random,32.0,0,0.0,-3.268411234813261,1.6663512434852985,0,0.0,-3.1512249256599825,1.5491649343320202,1,0.16666666666666666,-2.7166987712964503,1.114638779968488,2,0.3333333333333333,-2.065501548756432,0.4634415574284698
official_test,62,target_ucb_beta1,109.0,0,0.0,-4.443697499232712,2.84163750790475,1,0.16666666666666666,-2.065501548756432,0.4634415574284698,3,0.5,-2.065501548756432,0.4634415574284698,6,1.0,-1.6020599913279625,2.220446049250313e-16
official_test,62,target_mean_greedy,135.0,2,0.3333333333333333,-2.065501548756432,0.4634415574284698,3,0.5,-2.065501548756432,0.4634415574284698,3,0.5,-2.065501548756432,0.4634415574284698,6,1.0,-1.6020599913279625,2.220446049250313e-16
official_test,62,composition_novelty,105.0,0,0.0,-3.211831628858832,1.60977163753087,1,0.16666666666666666,-2.7166987712964503,1.114638779968488,2,0.3333333333333333,-2.065501548756432,0.4634415574284698,5,0.8333333333333334,-1.6020599913279625,2.220446049250313e-16
official_test,62,thermoelectric_prior_static,128.0,1,0.16666666666666666,-2.7166987712964503,1.114638779968488,1,0.16666666666666666,-2.7166987712964503,1.114638779968488,4,0.6666666666666666,-2.065501548756432,0.4634415574284698,6,1.0,-1.6020599913279625,2.220446049250313e-16
official_test,62,target_source_rank_fusion,158.0,2,0.3333333333333333,-2.690369832574101,1.0883098412461385,4,0.6666666666666666,-2.065501548756432,0.4634415574284698,4,0.6666666666666666,-2.065501548756432,0.4634415574284698,6,1.0,-1.6020599913279625,2.220446049250313e-16
official_test,62,target_source_novelty_rank_fusion,146.0,1,0.16666666666666666,-2.7166987712964503,1.114638779968488,1,0.16666666666666666,-2.7166987712964503,1.114638779968488,3,0.5,-2.065501548756432,0.4634415574284698,6,1.0,-1.6020599913279625,2.220446049250313e-16
official_test,62,alloy_prior_static_control,18.0,0,0.0,-2.744727494896694,1.1426675035687317,0,0.0,-2.744727494896694,1.1426675035687317,0,0.0,-2.744727494896694,1.1426675035687317,1,0.16666666666666666,-2.7166987712964503,1.114638779968488
official_test,62,catalysis_prior_static_control,97.0,1,0.16666666666666666,-2.7166987712964503,1.114638779968488,1,0.16666666666666666,-2.7166987712964503,1.114638779968488,2,0.3333333333333333,-2.657577319177794,1.0555173278498315,5,0.8333333333333334,-1.6020599913279625,2.220446049250313e-16
official_test,62,shuffled_thermoelectric_static_control,37.0,0,0.0,-2.987445420464013,1.3853854291360508,0,0.0,-2.987445420464013,1.3853854291360508,0,0.0,-2.8601209135987635,1.2580609222708012,2,0.3333333333333333,-2.657577319177794,1.0555173278498315
official_test,63,uniform_random,38.0,0,0.0,-3.5686362358410126,1.9665762445130504,1,0.16666666666666666,-2.7166987712964503,1.114638779968488,1,0.16666666666666666,-2.7166987712964503,1.114638779968488,3,0.5,-2.280175785218263,0.6781157938903009
official_test,63,target_ucb_beta1,0.0,0,0.0,-2.892790030352132,1.2907300390241698,0,0.0,-2.8601209135987635,1.2580609222708012,0,0.0,-2.8601209135987635,1.2580609222708012,0,0.0,-2.795880017344075,1.1938200260161127
official_test,63,target_mean_greedy,0.0,0,0.0,-2.795880017344075,1.1938200260161127,0,0.0,-2.795880017344075,1.1938200260161127,0,0.0,-2.795880017344075,1.1938200260161127,0,0.0,-2.795880017344075,1.1938200260161127
official_test,63,composition_novelty,111.0,1,0.16666666666666666,-2.7166987712964503,1.114638779968488,2,0.3333333333333333,-2.690369832574101,1.0883098412461385,3,0.5,-1.6020599913279625,2.220446049250313e-16,4,0.6666666666666666,-1.6020599913279625,2.220446049250313e-16
official_test,63,thermoelectric_prior_static,128.0,1,0.16666666666666666,-2.7166987712964503,1.114638779968488,1,0.16666666666666666,-2.7166987712964503,1.114638779968488,4,0.6666666666666666,-2.065501548756432,0.4634415574284698,6,1.0,-1.6020599913279625,2.220446049250313e-16
official_test,63,target_source_rank_fusion,26.0,0,0.0,-2.987445420464013,1.3853854291360508,0,0.0,-2.795880017344075,1.1938200260161127,0,0.0,-2.795880017344075,1.1938200260161127,2,0.3333333333333333,-2.065501548756432,0.4634415574284698
official_test,63,target_source_novelty_rank_fusion,97.0,2,0.3333333333333333,-2.690369832574101,1.0883098412461385,2,0.3333333333333333,-2.690369832574101,1.0883098412461385,2,0.3333333333333333,-2.690369832574101,1.0883098412461385,5,0.8333333333333334,-2.065501548756432,0.4634415574284698
official_test,63,alloy_prior_static_control,18.0,0,0.0,-2.744727494896694,1.1426675035687317,0,0.0,-2.744727494896694,1.1426675035687317,0,0.0,-2.744727494896694,1.1426675035687317,1,0.16666666666666666,-2.7166987712964503,1.114638779968488
official_test,63,catalysis_prior_static_control,97.0,1,0.16666666666666666,-2.7166987712964503,1.114638779968488,1,0.16666666666666666,-2.7166987712964503,1.114638779968488,2,0.3333333333333333,-2.657577319177794,1.0555173278498315,5,0.8333333333333334,-1.6020599913279625,2.220446049250313e-16
official_test,63,shuffled_thermoelectric_static_control,37.0,0,0.0,-2.987445420464013,1.3853854291360508,0,0.0,-2.987445420464013,1.3853854291360508,0,0.0,-2.8601209135987635,1.2580609222708012,2,0.3333333333333333,-2.657577319177794,1.0555173278498315
official_test,64,uniform_random,73.0,1,0.16666666666666666,-2.7166987712964503,1.114638779968488,1,0.16666666666666666,-2.7166987712964503,1.114638779968488,2,0.3333333333333333,-2.280175785218263,0.6781157938903009,4,0.6666666666666666,-2.065501548756432,0.4634415574284698
official_test,64,target_ucb_beta1,49.0,0,0.0,-2.892790030352132,1.2907300390241698,0,0.0,-2.8601209135987635,1.2580609222708012,1,0.16666666666666666,-2.065501548756432,0.4634415574284698,2,0.3333333333333333,-2.065501548756432,0.4634415574284698
official_test,64,target_mean_greedy,18.0,0,0.0,-3.113509274827518,1.5114492834995559,0,0.0,-3.113509274827518,1.5114492834995559,0,0.0,-2.8601209135987635,1.2580609222708012,2,0.3333333333333333,-2.065501548756432,0.4634415574284698
official_test,64,composition_novelty,96.0,2,0.3333333333333333,-2.690369832574101,1.0883098412461385,2,0.3333333333333333,-2.690369832574101,1.0883098412461385,2,0.3333333333333333,-2.690369832574101,1.0883098412461385,3,0.5,-1.6020599913279625,2.220446049250313e-16
official_test,64,thermoelectric_prior_static,128.0,1,0.16666666666666666,-2.7166987712964503,1.114638779968488,1,0.16666666666666666,-2.7166987712964503,1.114638779968488,4,0.6666666666666666,-2.065501548756432,0.4634415574284698,6,1.0,-1.6020599913279625,2.220446049250313e-16
official_test,64,target_source_rank_fusion,110.0,2,0.3333333333333333,-2.065501548756432,0.4634415574284698,2,0.3333333333333333,-2.065501548756432,0.4634415574284698,2,0.3333333333333333,-2.065501548756432,0.4634415574284698,4,0.6666666666666666,-2.065501548756432,0.4634415574284698
official_test,64,target_source_novelty_rank_fusion,107.0,1,0.16666666666666666,-2.065501548756432,0.4634415574284698,1,0.16666666666666666,-2.065501548756432,0.4634415574284698,3,0.5,-2.065501548756432,0.4634415574284698,4,0.6666666666666666,-2.065501548756432,0.4634415574284698
official_test,64,alloy_prior_static_control,18.0,0,0.0,-2.744727494896694,1.1426675035687317,0,0.0,-2.744727494896694,1.1426675035687317,0,0.0,-2.744727494896694,1.1426675035687317,1,0.16666666666666666,-2.7166987712964503,1.114638779968488
official_test,64,catalysis_prior_static_control,97.0,1,0.16666666666666666,-2.7166987712964503,1.114638779968488,1,0.16666666666666666,-2.7166987712964503,1.114638779968488,2,0.3333333333333333,-2.657577319177794,1.0555173278498315,5,0.8333333333333334,-1.6020599913279625,2.220446049250313e-16
official_test,64,shuffled_thermoelectric_static_control,37.0,0,0.0,-2.987445420464013,1.3853854291360508,0,0.0,-2.987445420464013,1.3853854291360508,0,0.0,-2.8601209135987635,1.2580609222708012,2,0.3333333333333333,-2.657577319177794,1.0555173278498315
official_test,65,uniform_random,83.0,0,0.0,-2.7594507517174,1.1573907603894378,0,0.0,-2.7594507517174,1.1573907603894378,2,0.3333333333333333,-2.280175785218263,0.6781157938903009,4,0.6666666666666666,-1.6020599913279625,2.220446049250313e-16
official_test,65,target_ucb_beta1,0.0,0,0.0,-2.8210230527068307,1.2189630613788685,0,0.0,-2.8210230527068307,1.2189630613788685,0,0.0,-2.795880017344075,1.1938200260161127,0,0.0,-2.795880017344075,1.1938200260161127
official_test,65,target_mean_greedy,0.0,0,0.0,-2.795880017344075,1.1938200260161127,0,0.0,-2.795880017344075,1.1938200260161127,0,0.0,-2.795880017344075,1.1938200260161127,0,0.0,-2.795880017344075,1.1938200260161127
official_test,65,composition_novelty,92.0,2,0.3333333333333333,-2.690369832574101,1.0883098412461385,2,0.3333333333333333,-2.690369832574101,1.0883098412461385,2,0.3333333333333333,-2.690369832574101,1.0883098412461385,3,0.5,-1.6020599913279625,2.220446049250313e-16
official_test,65,thermoelectric_prior_static,128.0,1,0.16666666666666666,-2.7166987712964503,1.114638779968488,1,0.16666666666666666,-2.7166987712964503,1.114638779968488,4,0.6666666666666666,-2.065501548756432,0.4634415574284698,6,1.0,-1.6020599913279625,2.220446049250313e-16
official_test,65,target_source_rank_fusion,7.0,0,0.0,-2.987445420464013,1.3853854291360508,0,0.0,-2.795880017344075,1.1938200260161127,0,0.0,-2.795880017344075,1.1938200260161127,2,0.3333333333333333,-2.065501548756432,0.4634415574284698
official_test,65,target_source_novelty_rank_fusion,117.0,1,0.16666666666666666,-2.7166987712964503,1.114638779968488,2,0.3333333333333333,-2.690369832574101,1.0883098412461385,4,0.6666666666666666,-2.065501548756432,0.4634415574284698,4,0.6666666666666666,-2.065501548756432,0.4634415574284698
official_test,65,alloy_prior_static_control,18.0,0,0.0,-2.744727494896694,1.1426675035687317,0,0.0,-2.744727494896694,1.1426675035687317,0,0.0,-2.744727494896694,1.1426675035687317,1,0.16666666666666666,-2.7166987712964503,1.114638779968488
official_test,65,catalysis_prior_static_control,97.0,1,0.16666666666666666,-2.7166987712964503,1.114638779968488,1,0.16666666666666666,-2.7166987712964503,1.114638779968488,2,0.3333333333333333,-2.657577319177794,1.0555173278498315,5,0.8333333333333334,-1.6020599913279625,2.220446049250313e-16
official_test,65,shuffled_thermoelectric_static_control,37.0,0,0.0,-2.987445420464013,1.3853854291360508,0,0.0,-2.987445420464013,1.3853854291360508,0,0.0,-2.8601209135987635,1.2580609222708012,2,0.3333333333333333,-2.657577319177794,1.0555173278498315
official_test,66,uniform_random,80.0,0,0.0,-3.3467874862246565,1.7447274948966942,1,0.16666666666666666,-1.6020599913279625,2.220446049250313e-16,1,0.16666666666666666,-1.6020599913279625,2.220446049250313e-16,5,0.8333333333333334,-1.6020599913279625,2.220446049250313e-16
official_test,66,target_ucb_beta1,102.0,1,0.16666666666666666,-2.065501548756432,0.4634415574284698,1,0.16666666666666666,-2.065501548756432,0.4634415574284698,2,0.3333333333333333,-2.065501548756432,0.4634415574284698,5,0.8333333333333334,-2.065501548756432,0.4634415574284698
official_test,66,target_mean_greedy,170.0,2,0.3333333333333333,-2.065501548756432,0.4634415574284698,3,0.5,-2.065501548756432,0.4634415574284698,5,0.8333333333333334,-2.065501548756432,0.4634415574284698,5,0.8333333333333334,-2.065501548756432,0.4634415574284698
official_test,66,composition_novelty,123.0,2,0.3333333333333333,-2.690369832574101,1.0883098412461385,2,0.3333333333333333,-2.690369832574101,1.0883098412461385,3,0.5,-2.065501548756432,0.4634415574284698,4,0.6666666666666666,-1.6020599913279625,2.220446049250313e-16
official_test,66,thermoelectric_prior_static,128.0,1,0.16666666666666666,-2.7166987712964503,1.114638779968488,1,0.16666666666666666,-2.7166987712964503,1.114638779968488,4,0.6666666666666666,-2.065501548756432,0.4634415574284698,6,1.0,-1.6020599913279625,2.220446049250313e-16
official_test,66,target_source_rank_fusion,181.0,3,0.5,-2.065501548756432,0.4634415574284698,4,0.6666666666666666,-2.065501548756432,0.4634415574284698,5,0.8333333333333334,-2.065501548756432,0.4634415574284698,5,0.8333333333333334,-2.065501548756432,0.4634415574284698
official_test,66,target_source_novelty_rank_fusion,154.0,3,0.5,-2.065501548756432,0.4634415574284698,3,0.5,-2.065501548756432,0.4634415574284698,4,0.6666666666666666,-2.065501548756432,0.4634415574284698,6,1.0,-1.6020599913279625,2.220446049250313e-16
official_test,66,alloy_prior_static_control,18.0,0,0.0,-2.744727494896694,1.1426675035687317,0,0.0,-2.744727494896694,1.1426675035687317,0,0.0,-2.744727494896694,1.1426675035687317,1,0.16666666666666666,-2.7166987712964503,1.114638779968488
official_test,66,catalysis_prior_static_control,97.0,1,0.16666666666666666,-2.7166987712964503,1.114638779968488,1,0.16666666666666666,-2.7166987712964503,1.114638779968488,2,0.3333333333333333,-2.657577319177794,1.0555173278498315,5,0.8333333333333334,-1.6020599913279625,2.220446049250313e-16
official_test,66,shuffled_thermoelectric_static_control,37.0,0,0.0,-2.987445420464013,1.3853854291360508,0,0.0,-2.987445420464013,1.3853854291360508,0,0.0,-2.8601209135987635,1.2580609222708012,2,0.3333333333333333,-2.657577319177794,1.0555173278498315
official_test,67,uniform_random,57.0,0,0.0,-2.7594507517174,1.1573907603894378,0,0.0,-2.7594507517174,1.1573907603894378,1,0.16666666666666666,-2.657577319177794,1.0555173278498315,3,0.5,-1.6020599913279625,2.220446049250313e-16
official_test,67,target_ucb_beta1,103.0,1,0.16666666666666666,-2.280175785218263,0.6781157938903009,2,0.3333333333333333,-2.065501548756432,0.4634415574284698,3,0.5,-2.065501548756432,0.4634415574284698,3,0.5,-2.065501548756432,0.4634415574284698
official_test,67,target_mean_greedy,107.0,2,0.3333333333333333,-2.065501548756432,0.4634415574284698,2,0.3333333333333333,-2.065501548756432,0.4634415574284698,3,0.5,-2.065501548756432,0.4634415574284698,3,0.5,-2.065501548756432,0.4634415574284698
official_test,67,composition_novelty,83.0,1,0.16666666666666666,-2.7166987712964503,1.114638779968488,1,0.16666666666666666,-2.7166987712964503,1.114638779968488,1,0.16666666666666666,-2.7166987712964503,1.114638779968488,4,0.6666666666666666,-1.6020599913279625,2.220446049250313e-16
official_test,67,thermoelectric_prior_static,128.0,1,0.16666666666666666,-2.7166987712964503,1.114638779968488,1,0.16666666666666666,-2.7166987712964503,1.114638779968488,4,0.6666666666666666,-2.065501548756432,0.4634415574284698,6,1.0,-1.6020599913279625,2.220446049250313e-16
official_test,67,target_source_rank_fusion,96.0,2,0.3333333333333333,-2.065501548756432,0.4634415574284698,2,0.3333333333333333,-2.065501548756432,0.4634415574284698,3,0.5,-2.065501548756432,0.4634415574284698,3,0.5,-2.065501548756432,0.4634415574284698
official_test,67,target_source_novelty_rank_fusion,153.0,1,0.16666666666666666,-2.7166987712964503,1.114638779968488,3,0.5,-2.065501548756432,0.4634415574284698,4,0.6666666666666666,-2.065501548756432,0.4634415574284698,6,1.0,-1.6020599913279625,2.220446049250313e-16
official_test,67,alloy_prior_static_control,18.0,0,0.0,-2.744727494896694,1.1426675035687317,0,0.0,-2.744727494896694,1.1426675035687317,0,0.0,-2.744727494896694,1.1426675035687317,1,0.16666666666666666,-2.7166987712964503,1.114638779968488
official_test,67,catalysis_prior_static_control,97.0,1,0.16666666666666666,-2.7166987712964503,1.114638779968488,1,0.16666666666666666,-2.7166987712964503,1.114638779968488,2,0.3333333333333333,-2.657577319177794,1.0555173278498315,5,0.8333333333333334,-1.6020599913279625,2.220446049250313e-16
official_test,67,shuffled_thermoelectric_static_control,37.0,0,0.0,-2.987445420464013,1.3853854291360508,0,0.0,-2.987445420464013,1.3853854291360508,0,0.0,-2.8601209135987635,1.2580609222708012,2,0.3333333333333333,-2.657577319177794,1.0555173278498315
official_test,68,uniform_random,53.0,1,0.16666666666666666,-1.6020599913279625,2.220446049250313e-16,1,0.16666666666666666,-1.6020599913279625,2.220446049250313e-16,1,0.16666666666666666,-1.6020599913279625,2.220446049250313e-16,2,0.3333333333333333,-1.6020599913279625,2.220446049250313e-16
official_test,68,target_ucb_beta1,0.0,0,0.0,-3.044754499211876,1.4426945078839137,0,0.0,-3.044754499211876,1.4426945078839137,0,0.0,-2.795880017344075,1.1938200260161127,0,0.0,-2.795880017344075,1.1938200260161127
official_test,68,target_mean_greedy,0.0,0,0.0,-2.892790030352132,1.2907300390241698,0,0.0,-2.8210230527068307,1.2189630613788685,0,0.0,-2.8210230527068307,1.2189630613788685,0,0.0,-2.795880017344075,1.1938200260161127
official_test,68,composition_novelty,116.0,2,0.3333333333333333,-2.065501548756432,0.4634415574284698,2,0.3333333333333333,-2.065501548756432,0.4634415574284698,3,0.5,-2.065501548756432,0.4634415574284698,4,0.6666666666666666,-1.6020599913279625,2.220446049250313e-16
official_test,68,thermoelectric_prior_static,128.0,1,0.16666666666666666,-2.7166987712964503,1.114638779968488,1,0.16666666666666666,-2.7166987712964503,1.114638779968488,4,0.6666666666666666,-2.065501548756432,0.4634415574284698,6,1.0,-1.6020599913279625,2.220446049250313e-16
official_test,68,target_source_rank_fusion,64.0,0,0.0,-3.245651664288981,1.643591672961019,0,0.0,-3.245651664288981,1.643591672961019,1,0.16666666666666666,-2.7166987712964503,1.114638779968488,4,0.6666666666666666,-2.065501548756432,0.4634415574284698
official_test,68,target_source_novelty_rank_fusion,140.0,2,0.3333333333333333,-2.690369832574101,1.0883098412461385,2,0.3333333333333333,-2.690369832574101,1.0883098412461385,2,0.3333333333333333,-2.690369832574101,1.0883098412461385,6,1.0,-1.6020599913279625,2.220446049250313e-16
official_test,68,alloy_prior_static_control,18.0,0,0.0,-2.744727494896694,1.1426675035687317,0,0.0,-2.744727494896694,1.1426675035687317,0,0.0,-2.744727494896694,1.1426675035687317,1,0.16666666666666666,-2.7166987712964503,1.114638779968488
official_test,68,catalysis_prior_static_control,97.0,1,0.16666666666666666,-2.7166987712964503,1.114638779968488,1,0.16666666666666666,-2.7166987712964503,1.114638779968488,2,0.3333333333333333,-2.657577319177794,1.0555173278498315,5,0.8333333333333334,-1.6020599913279625,2.220446049250313e-16
official_test,68,shuffled_thermoelectric_static_control,37.0,0,0.0,-2.987445420464013,1.3853854291360508,0,0.0,-2.987445420464013,1.3853854291360508,0,0.0,-2.8601209135987635,1.2580609222708012,2,0.3333333333333333,-2.657577319177794,1.0555173278498315
official_test,69,uniform_random,12.0,0,0.0,-4.443697499232712,2.84163750790475,0,0.0,-2.987445420464013,1.3853854291360508,0,0.0,-2.795880017344075,1.1938200260161127,1,0.16666666666666666,-2.7166987712964503,1.114638779968488
official_test,69,target_ucb_beta1,54.0,0,0.0,-2.892790030352132,1.2907300390241698,0,0.0,-2.8601209135987635,1.2580609222708012,2,0.3333333333333333,-2.065501548756432,0.4634415574284698,3,0.5,-2.065501548756432,0.4634415574284698
official_test,69,target_mean_greedy,61.0,0,0.0,-3.43297363384094,1.8309136425129775,0,0.0,-2.892790030352132,1.2907300390241698,2,0.3333333333333333,-2.065501548756432,0.4634415574284698,3,0.5,-2.065501548756432,0.4634415574284698
official_test,69,composition_novelty,70.0,1,0.16666666666666666,-2.7166987712964503,1.114638779968488,1,0.16666666666666666,-2.7166987712964503,1.114638779968488,2,0.3333333333333333,-2.690369832574101,1.0883098412461385,3,0.5,-2.280175785218263,0.6781157938903009
official_test,69,thermoelectric_prior_static,128.0,1,0.16666666666666666,-2.7166987712964503,1.114638779968488,1,0.16666666666666666,-2.7166987712964503,1.114638779968488,4,0.6666666666666666,-2.065501548756432,0.4634415574284698,6,1.0,-1.6020599913279625,2.220446049250313e-16
official_test,69,target_source_rank_fusion,129.0,2,0.3333333333333333,-2.065501548756432,0.4634415574284698,2,0.3333333333333333,-2.065501548756432,0.4634415574284698,2,0.3333333333333333,-2.065501548756432,0.4634415574284698,6,1.0,-1.6020599913279625,2.220446049250313e-16
official_test,69,target_source_novelty_rank_fusion,145.0,2,0.3333333333333333,-2.690369832574101,1.0883098412461385,3,0.5,-2.065501548756432,0.4634415574284698,3,0.5,-2.065501548756432,0.4634415574284698,6,1.0,-1.6020599913279625,2.220446049250313e-16
official_test,69,alloy_prior_static_control,18.0,0,0.0,-2.744727494896694,1.1426675035687317,0,0.0,-2.744727494896694,1.1426675035687317,0,0.0,-2.744727494896694,1.1426675035687317,1,0.16666666666666666,-2.7166987712964503,1.114638779968488
official_test,69,catalysis_prior_static_control,97.0,1,0.16666666666666666,-2.7166987712964503,1.114638779968488,1,0.16666666666666666,-2.7166987712964503,1.114638779968488,2,0.3333333333333333,-2.657577319177794,1.0555173278498315,5,0.8333333333333334,-1.6020599913279625,2.220446049250313e-16
official_test,69,shuffled_thermoelectric_static_control,37.0,0,0.0,-2.987445420464013,1.3853854291360508,0,0.0,-2.987445420464013,1.3853854291360508,0,0.0,-2.8601209135987635,1.2580609222708012,2,0.3333333333333333,-2.657577319177794,1.0555173278498315
official_test,70,uniform_random,5.0,0,0.0,-3.4685210829577446,1.8664610916297824,0,0.0,-2.744727494896694,1.1426675035687317,0,0.0,-2.744727494896694,1.1426675035687317,1,0.16666666666666666,-2.657577319177794,1.0555173278498315
official_test,70,target_ucb_beta1,0.0,0,0.0,-3.175223537524454,1.573163546196492,0,0.0,-3.044754499211876,1.4426945078839137,0,0.0,-2.795880017344075,1.1938200260161127,0,0.0,-2.795880017344075,1.1938200260161127
official_test,70,target_mean_greedy,20.0,0,0.0,-2.795880017344075,1.1938200260161127,0,0.0,-2.795880017344075,1.1938200260161127,0,0.0,-2.795880017344075,1.1938200260161127,2,0.3333333333333333,-2.065501548756432,0.4634415574284698
official_test,70,composition_novelty,90.0,0,0.0,-3.211831628858832,1.60977163753087,1,0.16666666666666666,-2.7166987712964503,1.114638779968488,3,0.5,-1.6020599913279625,2.220446049250313e-16,4,0.6666666666666666,-1.6020599913279625,2.220446049250313e-16
official_test,70,thermoelectric_prior_static,128.0,1,0.16666666666666666,-2.7166987712964503,1.114638779968488,1,0.16666666666666666,-2.7166987712964503,1.114638779968488,4,0.6666666666666666,-2.065501548756432,0.4634415574284698,6,1.0,-1.6020599913279625,2.220446049250313e-16
official_test,70,target_source_rank_fusion,41.0,0,0.0,-4.0,2.3979400086720375,0,0.0,-2.795880017344075,1.1938200260161127,0,0.0,-2.795880017344075,1.1938200260161127,3,0.5,-2.065501548756432,0.4634415574284698
official_test,70,target_source_novelty_rank_fusion,146.0,3,0.5,-2.657577319177794,1.0555173278498315,4,0.6666666666666666,-2.065501548756432,0.4634415574284698,4,0.6666666666666666,-2.065501548756432,0.4634415574284698,4,0.6666666666666666,-2.065501548756432,0.4634415574284698
official_test,70,alloy_prior_static_control,18.0,0,0.0,-2.744727494896694,1.1426675035687317,0,0.0,-2.744727494896694,1.1426675035687317,0,0.0,-2.744727494896694,1.1426675035687317,1,0.16666666666666666,-2.7166987712964503,1.114638779968488
official_test,70,catalysis_prior_static_control,97.0,1,0.16666666666666666,-2.7166987712964503,1.114638779968488,1,0.16666666666666666,-2.7166987712964503,1.114638779968488,2,0.3333333333333333,-2.657577319177794,1.0555173278498315,5,0.8333333333333334,-1.6020599913279625,2.220446049250313e-16
official_test,70,shuffled_thermoelectric_static_control,37.0,0,0.0,-2.987445420464013,1.3853854291360508,0,0.0,-2.987445420464013,1.3853854291360508,0,0.0,-2.8601209135987635,1.2580609222708012,2,0.3333333333333333,-2.657577319177794,1.0555173278498315
official_test,71,uniform_random,20.0,0,0.0,-3.1512249256599825,1.5491649343320202,0,0.0,-2.892790030352132,1.2907300390241698,0,0.0,-2.795880017344075,1.1938200260161127,1,0.16666666666666666,-2.7166987712964503,1.114638779968488
official_test,71,target_ucb_beta1,0.0,0,0.0,-2.8210230527068307,1.2189630613788685,0,0.0,-2.795880017344075,1.1938200260161127,0,0.0,-2.795880017344075,1.1938200260161127,0,0.0,-2.795880017344075,1.1938200260161127
official_test,71,target_mean_greedy,57.0,0,0.0,-2.795880017344075,1.1938200260161127,0,0.0,-2.795880017344075,1.1938200260161127,2,0.3333333333333333,-2.065501548756432,0.4634415574284698,3,0.5,-2.065501548756432,0.4634415574284698
official_test,71,composition_novelty,79.0,1,0.16666666666666666,-2.7166987712964503,1.114638779968488,1,0.16666666666666666,-2.7166987712964503,1.114638779968488,1,0.16666666666666666,-2.7166987712964503,1.114638779968488,3,0.5,-2.280175785218263,0.6781157938903009
official_test,71,thermoelectric_prior_static,128.0,1,0.16666666666666666,-2.7166987712964503,1.114638779968488,1,0.16666666666666666,-2.7166987712964503,1.114638779968488,4,0.6666666666666666,-2.065501548756432,0.4634415574284698,6,1.0,-1.6020599913279625,2.220446049250313e-16
official_test,71,target_source_rank_fusion,78.0,0,0.0,-4.1249387366083,2.5228787452803374,2,0.3333333333333333,-2.065501548756432,0.4634415574284698,2,0.3333333333333333,-2.065501548756432,0.4634415574284698,3,0.5,-2.065501548756432,0.4634415574284698
official_test,71,target_source_novelty_rank_fusion,97.0,0,0.0,-4.11690664142431,2.514846650096348,0,0.0,-4.11690664142431,2.514846650096348,2,0.3333333333333333,-2.065501548756432,0.4634415574284698,5,0.8333333333333334,-2.065501548756432,0.4634415574284698
official_test,71,alloy_prior_static_control,18.0,0,0.0,-2.744727494896694,1.1426675035687317,0,0.0,-2.744727494896694,1.1426675035687317,0,0.0,-2.744727494896694,1.1426675035687317,1,0.16666666666666666,-2.7166987712964503,1.114638779968488
official_test,71,catalysis_prior_static_control,97.0,1,0.16666666666666666,-2.7166987712964503,1.114638779968488,1,0.16666666666666666,-2.7166987712964503,1.114638779968488,2,0.3333333333333333,-2.657577319177794,1.0555173278498315,5,0.8333333333333334,-1.6020599913279625,2.220446049250313e-16
official_test,71,shuffled_thermoelectric_static_control,37.0,0,0.0,-2.987445420464013,1.3853854291360508,0,0.0,-2.987445420464013,1.3853854291360508,0,0.0,-2.8601209135987635,1.2580609222708012,2,0.3333333333333333,-2.657577319177794,1.0555173278498315
official_test,72,uniform_random,87.0,2,0.3333333333333333,-1.6020599913279625,2.220446049250313e-16,2,0.3333333333333333,-1.6020599913279625,2.220446049250313e-16,2,0.3333333333333333,-1.6020599913279625,2.220446049250313e-16,4,0.6666666666666666,-1.6020599913279625,2.220446049250313e-16
official_test,72,target_ucb_beta1,114.0,3,0.5,-2.065501548756432,0.4634415574284698,3,0.5,-2.065501548756432,0.4634415574284698,3,0.5,-2.065501548756432,0.4634415574284698,3,0.5,-2.065501548756432,0.4634415574284698
official_test,72,target_mean_greedy,77.0,2,0.3333333333333333,-2.065501548756432,0.4634415574284698,2,0.3333333333333333,-2.065501548756432,0.4634415574284698,2,0.3333333333333333,-2.065501548756432,0.4634415574284698,2,0.3333333333333333,-2.065501548756432,0.4634415574284698
official_test,72,composition_novelty,92.0,1,0.16666666666666666,-2.7166987712964503,1.114638779968488,1,0.16666666666666666,-2.7166987712964503,1.114638779968488,1,0.16666666666666666,-2.7166987712964503,1.114638779968488,4,0.6666666666666666,-1.6020599913279625,2.220446049250313e-16
official_test,72,thermoelectric_prior_static,128.0,1,0.16666666666666666,-2.7166987712964503,1.114638779968488,1,0.16666666666666666,-2.7166987712964503,1.114638779968488,4,0.6666666666666666,-2.065501548756432,0.4634415574284698,6,1.0,-1.6020599913279625,2.220446049250313e-16
official_test,72,target_source_rank_fusion,76.0,2,0.3333333333333333,-2.065501548756432,0.4634415574284698,2,0.3333333333333333,-2.065501548756432,0.4634415574284698,2,0.3333333333333333,-2.065501548756432,0.4634415574284698,2,0.3333333333333333,-2.065501548756432,0.4634415574284698
official_test,72,target_source_novelty_rank_fusion,94.0,2,0.3333333333333333,-2.065501548756432,0.4634415574284698,2,0.3333333333333333,-2.065501548756432,0.4634415574284698,2,0.3333333333333333,-2.065501548756432,0.4634415574284698,4,0.6666666666666666,-2.065501548756432,0.4634415574284698
official_test,72,alloy_prior_static_control,18.0,0,0.0,-2.744727494896694,1.1426675035687317,0,0.0,-2.744727494896694,1.1426675035687317,0,0.0,-2.744727494896694,1.1426675035687317,1,0.16666666666666666,-2.7166987712964503,1.114638779968488
official_test,72,catalysis_prior_static_control,97.0,1,0.16666666666666666,-2.7166987712964503,1.114638779968488,1,0.16666666666666666,-2.7166987712964503,1.114638779968488,2,0.3333333333333333,-2.657577319177794,1.0555173278498315,5,0.8333333333333334,-1.6020599913279625,2.220446049250313e-16
official_test,72,shuffled_thermoelectric_static_control,37.0,0,0.0,-2.987445420464013,1.3853854291360508,0,0.0,-2.987445420464013,1.3853854291360508,0,0.0,-2.8601209135987635,1.2580609222708012,2,0.3333333333333333,-2.657577319177794,1.0555173278498315
official_test,73,uniform_random,45.0,0,0.0,-4.218963061378868,2.6169030700509053,0,0.0,-2.8601209135987635,1.2580609222708012,1,0.16666666666666666,-2.657577319177794,1.0555173278498315,3,0.5,-1.6020599913279625,2.220446049250313e-16
official_test,73,target_ucb_beta1,74.0,2,0.3333333333333333,-2.065501548756432,0.4634415574284698,2,0.3333333333333333,-2.065501548756432,0.4634415574284698,2,0.3333333333333333,-2.065501548756432,0.4634415574284698,2,0.3333333333333333,-2.065501548756432,0.4634415574284698
official_test,73,target_mean_greedy,78.0,2,0.3333333333333333,-2.065501548756432,0.4634415574284698,2,0.3333333333333333,-2.065501548756432,0.4634415574284698,2,0.3333333333333333,-2.065501548756432,0.4634415574284698,2,0.3333333333333333,-2.065501548756432,0.4634415574284698
official_test,73,composition_novelty,57.0,0,0.0,-3.268411234813261,1.6663512434852985,0,0.0,-3.268411234813261,1.6663512434852985,2,0.3333333333333333,-2.690369832574101,1.0883098412461385,2,0.3333333333333333,-2.690369832574101,1.0883098412461385
official_test,73,thermoelectric_prior_static,128.0,1,0.16666666666666666,-2.7166987712964503,1.114638779968488,1,0.16666666666666666,-2.7166987712964503,1.114638779968488,4,0.6666666666666666,-2.065501548756432,0.4634415574284698,6,1.0,-1.6020599913279625,2.220446049250313e-16
official_test,73,target_source_rank_fusion,77.0,2,0.3333333333333333,-2.065501548756432,0.4634415574284698,2,0.3333333333333333,-2.065501548756432,0.4634415574284698,2,0.3333333333333333,-2.065501548756432,0.4634415574284698,2,0.3333333333333333,-2.065501548756432,0.4634415574284698
official_test,73,target_source_novelty_rank_fusion,111.0,1,0.16666666666666666,-2.065501548756432,0.4634415574284698,2,0.3333333333333333,-2.065501548756432,0.4634415574284698,2,0.3333333333333333,-2.065501548756432,0.4634415574284698,4,0.6666666666666666,-2.065501548756432,0.4634415574284698
official_test,73,alloy_prior_static_control,18.0,0,0.0,-2.744727494896694,1.1426675035687317,0,0.0,-2.744727494896694,1.1426675035687317,0,0.0,-2.744727494896694,1.1426675035687317,1,0.16666666666666666,-2.7166987712964503,1.114638779968488
official_test,73,catalysis_prior_static_control,97.0,1,0.16666666666666666,-2.7166987712964503,1.114638779968488,1,0.16666666666666666,-2.7166987712964503,1.114638779968488,2,0.3333333333333333,-2.657577319177794,1.0555173278498315,5,0.8333333333333334,-1.6020599913279625,2.220446049250313e-16
official_test,73,shuffled_thermoelectric_static_control,37.0,0,0.0,-2.987445420464013,1.3853854291360508,0,0.0,-2.987445420464013,1.3853854291360508,0,0.0,-2.8601209135987635,1.2580609222708012,2,0.3333333333333333,-2.657577319177794,1.0555173278498315
official_test,74,uniform_random,37.0,0,0.0,-3.113509274827518,1.5114492834995559,0,0.0,-2.8210230527068307,1.2189630613788685,0,0.0,-2.8210230527068307,1.2189630613788685,2,0.3333333333333333,-2.280175785218263,0.6781157938903009
official_test,74,target_ucb_beta1,0.0,0,0.0,-3.211831628858832,1.60977163753087,0,0.0,-2.892790030352132,1.2907300390241698,0,0.0,-2.8210230527068307,1.2189630613788685,0,0.0,-2.795880017344075,1.1938200260161127
official_test,74,target_mean_greedy,0.0,0,0.0,-3.619788758288394,2.017728766960432,0,0.0,-2.8210230527068307,1.2189630613788685,0,0.0,-2.8210230527068307,1.2189630613788685,0,0.0,-2.795880017344075,1.1938200260161127
official_test,74,composition_novelty,92.0,1,0.16666666666666666,-2.7166987712964503,1.114638779968488,2,0.3333333333333333,-2.690369832574101,1.0883098412461385,2,0.3333333333333333,-2.690369832574101,1.0883098412461385,3,0.5,-1.6020599913279625,2.220446049250313e-16
official_test,74,thermoelectric_prior_static,128.0,1,0.16666666666666666,-2.7166987712964503,1.114638779968488,1,0.16666666666666666,-2.7166987712964503,1.114638779968488,4,0.6666666666666666,-2.065501548756432,0.4634415574284698,6,1.0,-1.6020599913279625,2.220446049250313e-16
official_test,74,target_source_rank_fusion,67.0,1,0.16666666666666666,-2.065501548756432,0.4634415574284698,1,0.16666666666666666,-2.065501548756432,0.4634415574284698,2,0.3333333333333333,-2.065501548756432,0.4634415574284698,2,0.3333333333333333,-2.065501548756432,0.4634415574284698
official_test,74,target_source_novelty_rank_fusion,97.0,1,0.16666666666666666,-2.065501548756432,0.4634415574284698,1,0.16666666666666666,-2.065501548756432,0.4634415574284698,2,0.3333333333333333,-2.065501548756432,0.4634415574284698,4,0.6666666666666666,-2.065501548756432,0.4634415574284698
official_test,74,alloy_prior_static_control,18.0,0,0.0,-2.744727494896694,1.1426675035687317,0,0.0,-2.744727494896694,1.1426675035687317,0,0.0,-2.744727494896694,1.1426675035687317,1,0.16666666666666666,-2.7166987712964503,1.114638779968488
official_test,74,catalysis_prior_static_control,97.0,1,0.16666666666666666,-2.7166987712964503,1.114638779968488,1,0.16666666666666666,-2.7166987712964503,1.114638779968488,2,0.3333333333333333,-2.657577319177794,1.0555173278498315,5,0.8333333333333334,-1.6020599913279625,2.220446049250313e-16
official_test,74,shuffled_thermoelectric_static_control,37.0,0,0.0,-2.987445420464013,1.3853854291360508,0,0.0,-2.987445420464013,1.3853854291360508,0,0.0,-2.8601209135987635,1.2580609222708012,2,0.3333333333333333,-2.657577319177794,1.0555173278498315
official_test,75,uniform_random,66.0,0,0.0,-2.987445420464013,1.3853854291360508,0,0.0,-2.795880017344075,1.1938200260161127,1,0.16666666666666666,-2.280175785218263,0.6781157938903009,4,0.6666666666666666,-1.6020599913279625,2.220446049250313e-16
official_test,75,target_ucb_beta1,6.0,0,0.0,-3.245651664288981,1.643591672961019,0,0.0,-3.1512249256599825,1.5491649343320202,0,0.0,-2.8601209135987635,1.2580609222708012,2,0.3333333333333333,-1.6020599913279625,2.220446049250313e-16
official_test,75,target_mean_greedy,1.0,0,0.0,-2.795880017344075,1.1938200260161127,0,0.0,-2.795880017344075,1.1938200260161127,0,0.0,-2.795880017344075,1.1938200260161127,1,0.16666666666666666,-2.690369832574101,1.0883098412461385
official_test,75,composition_novelty,52.0,0,0.0,-4.552841968657781,2.950781977329818,1,0.16666666666666666,-2.7166987712964503,1.114638779968488,1,0.16666666666666666,-2.7166987712964503,1.114638779968488,2,0.3333333333333333,-2.690369832574101,1.0883098412461385
official_test,75,thermoelectric_prior_static,128.0,1,0.16666666666666666,-2.7166987712964503,1.114638779968488,1,0.16666666666666666,-2.7166987712964503,1.114638779968488,4,0.6666666666666666,-2.065501548756432,0.4634415574284698,6,1.0,-1.6020599913279625,2.220446049250313e-16
official_test,75,target_source_rank_fusion,91.0,2,0.3333333333333333,-2.690369832574101,1.0883098412461385,2,0.3333333333333333,-2.690369832574101,1.0883098412461385,2,0.3333333333333333,-2.690369832574101,1.0883098412461385,3,0.5,-1.6020599913279625,2.220446049250313e-16
official_test,75,target_source_novelty_rank_fusion,125.0,2,0.3333333333333333,-2.690369832574101,1.0883098412461385,2,0.3333333333333333,-2.690369832574101,1.0883098412461385,2,0.3333333333333333,-2.690369832574101,1.0883098412461385,6,1.0,-1.6020599913279625,2.220446049250313e-16
official_test,75,alloy_prior_static_control,18.0,0,0.0,-2.744727494896694,1.1426675035687317,0,0.0,-2.744727494896694,1.1426675035687317,0,0.0,-2.744727494896694,1.1426675035687317,1,0.16666666666666666,-2.7166987712964503,1.114638779968488
official_test,75,catalysis_prior_static_control,97.0,1,0.16666666666666666,-2.7166987712964503,1.114638779968488,1,0.16666666666666666,-2.7166987712964503,1.114638779968488,2,0.3333333333333333,-2.657577319177794,1.0555173278498315,5,0.8333333333333334,-1.6020599913279625,2.220446049250313e-16
official_test,75,shuffled_thermoelectric_static_control,37.0,0,0.0,-2.987445420464013,1.3853854291360508,0,0.0,-2.987445420464013,1.3853854291360508,0,0.0,-2.8601209135987635,1.2580609222708012,2,0.3333333333333333,-2.657577319177794,1.0555173278498315
official_test,76,uniform_random,0.0,0,0.0,-3.886056647693163,2.2839966563652006,0,0.0,-2.8210230527068307,1.2189630613788685,0,0.0,-2.795880017344075,1.1938200260161127,0,0.0,-2.744727494896694,1.1426675035687317
official_test,76,target_ucb_beta1,7.0,0,0.0,-2.8210230527068307,1.2189630613788685,0,0.0,-2.8210230527068307,1.2189630613788685,0,0.0,-2.8210230527068307,1.2189630613788685,2,0.3333333333333333,-2.065501548756432,0.4634415574284698
official_test,76,target_mean_greedy,0.0,0,0.0,-2.892790030352132,1.2907300390241698,0,0.0,-2.892790030352132,1.2907300390241698,0,0.0,-2.795880017344075,1.1938200260161127,0,0.0,-2.795880017344075,1.1938200260161127
official_test,76,composition_novelty,96.0,2,0.3333333333333333,-2.690369832574101,1.0883098412461385,2,0.3333333333333333,-2.690369832574101,1.0883098412461385,2,0.3333333333333333,-2.690369832574101,1.0883098412461385,3,0.5,-1.6020599913279625,2.220446049250313e-16
official_test,76,thermoelectric_prior_static,128.0,1,0.16666666666666666,-2.7166987712964503,1.114638779968488,1,0.16666666666666666,-2.7166987712964503,1.114638779968488,4,0.6666666666666666,-2.065501548756432,0.4634415574284698,6,1.0,-1.6020599913279625,2.220446049250313e-16
official_test,76,target_source_rank_fusion,19.0,0,0.0,-3.044754499211876,1.4426945078839137,0,0.0,-2.795880017344075,1.1938200260161127,0,0.0,-2.795880017344075,1.1938200260161127,2,0.3333333333333333,-2.065501548756432,0.4634415574284698
official_test,76,target_source_novelty_rank_fusion,49.0,0,0.0,-4.1249387366083,2.5228787452803374,0,0.0,-2.7594507517174,1.1573907603894378,2,0.3333333333333333,-2.065501548756432,0.4634415574284698,2,0.3333333333333333,-2.065501548756432,0.4634415574284698
official_test,76,alloy_prior_static_control,18.0,0,0.0,-2.744727494896694,1.1426675035687317,0,0.0,-2.744727494896694,1.1426675035687317,0,0.0,-2.744727494896694,1.1426675035687317,1,0.16666666666666666,-2.7166987712964503,1.114638779968488
official_test,76,catalysis_prior_static_control,97.0,1,0.16666666666666666,-2.7166987712964503,1.114638779968488,1,0.16666666666666666,-2.7166987712964503,1.114638779968488,2,0.3333333333333333,-2.657577319177794,1.0555173278498315,5,0.8333333333333334,-1.6020599913279625,2.220446049250313e-16
official_test,76,shuffled_thermoelectric_static_control,37.0,0,0.0,-2.987445420464013,1.3853854291360508,0,0.0,-2.987445420464013,1.3853854291360508,0,0.0,-2.8601209135987635,1.2580609222708012,2,0.3333333333333333,-2.657577319177794,1.0555173278498315
official_test,77,uniform_random,30.0,0,0.0,-3.211831628858832,1.60977163753087,0,0.0,-3.044754499211876,1.4426945078839137,1,0.16666666666666666,-2.280175785218263,0.6781157938903009,2,0.3333333333333333,-2.280175785218263,0.6781157938903009
official_test,77,target_ucb_beta1,0.0,0,0.0,-3.211831628858832,1.60977163753087,0,0.0,-2.892790030352132,1.2907300390241698,0,0.0,-2.8210230527068307,1.2189630613788685,0,0.0,-2.795880017344075,1.1938200260161127
official_test,77,target_mean_greedy,0.0,0,0.0,-3.72584215073632,2.123782159408358,0,0.0,-3.1804560644581312,1.578396073130169,0,0.0,-2.892790030352132,1.2907300390241698,0,0.0,-2.8210230527068307,1.2189630613788685
official_test,77,composition_novelty,70.0,1,0.16666666666666666,-2.7166987712964503,1.114638779968488,1,0.16666666666666666,-2.7166987712964503,1.114638779968488,2,0.3333333333333333,-2.690369832574101,1.0883098412461385,2,0.3333333333333333,-2.690369832574101,1.0883098412461385
official_test,77,thermoelectric_prior_static,128.0,1,0.16666666666666666,-2.7166987712964503,1.114638779968488,1,0.16666666666666666,-2.7166987712964503,1.114638779968488,4,0.6666666666666666,-2.065501548756432,0.4634415574284698,6,1.0,-1.6020599913279625,2.220446049250313e-16
official_test,77,target_source_rank_fusion,89.0,2,0.3333333333333333,-2.690369832574101,1.0883098412461385,2,0.3333333333333333,-2.690369832574101,1.0883098412461385,2,0.3333333333333333,-2.690369832574101,1.0883098412461385,4,0.6666666666666666,-2.065501548756432,0.4634415574284698
official_test,77,target_source_novelty_rank_fusion,86.0,2,0.3333333333333333,-2.690369832574101,1.0883098412461385,2,0.3333333333333333,-2.690369832574101,1.0883098412461385,2,0.3333333333333333,-2.690369832574101,1.0883098412461385,3,0.5,-2.065501548756432,0.4634415574284698
official_test,77,alloy_prior_static_control,18.0,0,0.0,-2.744727494896694,1.1426675035687317,0,0.0,-2.744727494896694,1.1426675035687317,0,0.0,-2.744727494896694,1.1426675035687317,1,0.16666666666666666,-2.7166987712964503,1.114638779968488
official_test,77,catalysis_prior_static_control,97.0,1,0.16666666666666666,-2.7166987712964503,1.114638779968488,1,0.16666666666666666,-2.7166987712964503,1.114638779968488,2,0.3333333333333333,-2.657577319177794,1.0555173278498315,5,0.8333333333333334,-1.6020599913279625,2.220446049250313e-16
official_test,77,shuffled_thermoelectric_static_control,37.0,0,0.0,-2.987445420464013,1.3853854291360508,0,0.0,-2.987445420464013,1.3853854291360508,0,0.0,-2.8601209135987635,1.2580609222708012,2,0.3333333333333333,-2.657577319177794,1.0555173278498315
official_test,78,uniform_random,45.0,0,0.0,-3.0757207139381184,1.4736607226101561,1,0.16666666666666666,-1.6020599913279625,2.220446049250313e-16,1,0.16666666666666666,-1.6020599913279625,2.220446049250313e-16,2,0.3333333333333333,-1.6020599913279625,2.220446049250313e-16
official_test,78,target_ucb_beta1,20.0,0,0.0,-3.211831628858832,1.60977163753087,0,0.0,-2.8601209135987635,1.2580609222708012,0,0.0,-2.8601209135987635,1.2580609222708012,2,0.3333333333333333,-2.065501548756432,0.4634415574284698
official_test,78,target_mean_greedy,0.0,0,0.0,-2.892790030352132,1.2907300390241698,0,0.0,-2.8601209135987635,1.2580609222708012,0,0.0,-2.8601209135987635,1.2580609222708012,0,0.0,-2.744727494896694,1.1426675035687317
official_test,78,composition_novelty,89.0,1,0.16666666666666666,-2.7166987712964503,1.114638779968488,1,0.16666666666666666,-2.7166987712964503,1.114638779968488,2,0.3333333333333333,-2.690369832574101,1.0883098412461385,4,0.6666666666666666,-1.6020599913279625,2.220446049250313e-16
official_test,78,thermoelectric_prior_static,128.0,1,0.16666666666666666,-2.7166987712964503,1.114638779968488,1,0.16666666666666666,-2.7166987712964503,1.114638779968488,4,0.6666666666666666,-2.065501548756432,0.4634415574284698,6,1.0,-1.6020599913279625,2.220446049250313e-16
official_test,78,target_source_rank_fusion,123.0,1,0.16666666666666666,-2.7166987712964503,1.114638779968488,2,0.3333333333333333,-2.690369832574101,1.0883098412461385,3,0.5,-2.065501548756432,0.4634415574284698,6,1.0,-1.6020599913279625,2.220446049250313e-16
official_test,78,target_source_novelty_rank_fusion,133.0,1,0.16666666666666666,-2.7166987712964503,1.114638779968488,2,0.3333333333333333,-2.690369832574101,1.0883098412461385,4,0.6666666666666666,-2.065501548756432,0.4634415574284698,6,1.0,-1.6020599913279625,2.220446049250313e-16
official_test,78,alloy_prior_static_control,18.0,0,0.0,-2.744727494896694,1.1426675035687317,0,0.0,-2.744727494896694,1.1426675035687317,0,0.0,-2.744727494896694,1.1426675035687317,1,0.16666666666666666,-2.7166987712964503,1.114638779968488
official_test,78,catalysis_prior_static_control,97.0,1,0.16666666666666666,-2.7166987712964503,1.114638779968488,1,0.16666666666666666,-2.7166987712964503,1.114638779968488,2,0.3333333333333333,-2.657577319177794,1.0555173278498315,5,0.8333333333333334,-1.6020599913279625,2.220446049250313e-16
official_test,78,shuffled_thermoelectric_static_control,37.0,0,0.0,-2.987445420464013,1.3853854291360508,0,0.0,-2.987445420464013,1.3853854291360508,0,0.0,-2.8601209135987635,1.2580609222708012,2,0.3333333333333333,-2.657577319177794,1.0555173278498315
official_test,79,uniform_random,49.0,0,0.0,-4.275724130399211,2.6736641390712483,1,0.16666666666666666,-2.7166987712964503,1.114638779968488,1,0.16666666666666666,-2.7166987712964503,1.114638779968488,3,0.5,-1.6020599913279625,2.220446049250313e-16
official_test,79,target_ucb_beta1,80.0,2,0.3333333333333333,-2.065501548756432,0.4634415574284698,2,0.3333333333333333,-2.065501548756432,0.4634415574284698,2,0.3333333333333333,-2.065501548756432,0.4634415574284698,3,0.5,-2.065501548756432,0.4634415574284698
official_test,79,target_mean_greedy,77.0,2,0.3333333333333333,-2.065501548756432,0.4634415574284698,2,0.3333333333333333,-2.065501548756432,0.4634415574284698,2,0.3333333333333333,-2.065501548756432,0.4634415574284698,2,0.3333333333333333,-2.065501548756432,0.4634415574284698
official_test,79,composition_novelty,108.0,1,0.16666666666666666,-2.7166987712964503,1.114638779968488,1,0.16666666666666666,-2.7166987712964503,1.114638779968488,4,0.6666666666666666,-1.6020599913279625,2.220446049250313e-16,4,0.6666666666666666,-1.6020599913279625,2.220446049250313e-16
official_test,79,thermoelectric_prior_static,128.0,1,0.16666666666666666,-2.7166987712964503,1.114638779968488,1,0.16666666666666666,-2.7166987712964503,1.114638779968488,4,0.6666666666666666,-2.065501548756432,0.4634415574284698,6,1.0,-1.6020599913279625,2.220446049250313e-16
official_test,79,target_source_rank_fusion,76.0,2,0.3333333333333333,-2.065501548756432,0.4634415574284698,2,0.3333333333333333,-2.065501548756432,0.4634415574284698,2,0.3333333333333333,-2.065501548756432,0.4634415574284698,2,0.3333333333333333,-2.065501548756432,0.4634415574284698
official_test,79,target_source_novelty_rank_fusion,127.0,1,0.16666666666666666,-2.065501548756432,0.4634415574284698,1,0.16666666666666666,-2.065501548756432,0.4634415574284698,4,0.6666666666666666,-2.065501548756432,0.4634415574284698,5,0.8333333333333334,-2.065501548756432,0.4634415574284698
official_test,79,alloy_prior_static_control,18.0,0,0.0,-2.744727494896694,1.1426675035687317,0,0.0,-2.744727494896694,1.1426675035687317,0,0.0,-2.744727494896694,1.1426675035687317,1,0.16666666666666666,-2.7166987712964503,1.114638779968488
official_test,79,catalysis_prior_static_control,97.0,1,0.16666666666666666,-2.7166987712964503,1.114638779968488,1,0.16666666666666666,-2.7166987712964503,1.114638779968488,2,0.3333333333333333,-2.657577319177794,1.0555173278498315,5,0.8333333333333334,-1.6020599913279625,2.220446049250313e-16
official_test,79,shuffled_thermoelectric_static_control,37.0,0,0.0,-2.987445420464013,1.3853854291360508,0,0.0,-2.987445420464013,1.3853854291360508,0,0.0,-2.8601209135987635,1.2580609222708012,2,0.3333333333333333,-2.657577319177794,1.0555173278498315
official_test,80,uniform_random,9.0,0,0.0,-2.744727494896694,1.1426675035687317,0,0.0,-2.744727494896694,1.1426675035687317,0,0.0,-2.744727494896694,1.1426675035687317,1,0.16666666666666666,-2.065501548756432,0.4634415574284698
official_test,80,target_ucb_beta1,0.0,0,0.0,-2.8210230527068307,1.2189630613788685,0,0.0,-2.8210230527068307,1.2189630613788685,0,0.0,-2.795880017344075,1.1938200260161127,0,0.0,-2.795880017344075,1.1938200260161127
official_test,80,target_mean_greedy,0.0,0,0.0,-2.8601209135987635,1.2580609222708012,0,0.0,-2.8601209135987635,1.2580609222708012,0,0.0,-2.8601209135987635,1.2580609222708012,0,0.0,-2.795880017344075,1.1938200260161127
official_test,80,composition_novelty,116.0,2,0.3333333333333333,-2.690369832574101,1.0883098412461385,2,0.3333333333333333,-2.690369832574101,1.0883098412461385,3,0.5,-2.065501548756432,0.4634415574284698,4,0.6666666666666666,-1.6020599913279625,2.220446049250313e-16
official_test,80,thermoelectric_prior_static,128.0,1,0.16666666666666666,-2.7166987712964503,1.114638779968488,1,0.16666666666666666,-2.7166987712964503,1.114638779968488,4,0.6666666666666666,-2.065501548756432,0.4634415574284698,6,1.0,-1.6020599913279625,2.220446049250313e-16
official_test,80,target_source_rank_fusion,25.0,0,0.0,-2.744727494896694,1.1426675035687317,0,0.0,-2.744727494896694,1.1426675035687317,0,0.0,-2.744727494896694,1.1426675035687317,4,0.6666666666666666,-2.065501548756432,0.4634415574284698
official_test,80,target_source_novelty_rank_fusion,89.0,0,0.0,-4.1249387366083,2.5228787452803374,2,0.3333333333333333,-2.690369832574101,1.0883098412461385,2,0.3333333333333333,-2.690369832574101,1.0883098412461385,4,0.6666666666666666,-2.065501548756432,0.4634415574284698
official_test,80,alloy_prior_static_control,18.0,0,0.0,-2.744727494896694,1.1426675035687317,0,0.0,-2.744727494896694,1.1426675035687317,0,0.0,-2.744727494896694,1.1426675035687317,1,0.16666666666666666,-2.7166987712964503,1.114638779968488
official_test,80,catalysis_prior_static_control,97.0,1,0.16666666666666666,-2.7166987712964503,1.114638779968488,1,0.16666666666666666,-2.7166987712964503,1.114638779968488,2,0.3333333333333333,-2.657577319177794,1.0555173278498315,5,0.8333333333333334,-1.6020599913279625,2.220446049250313e-16
official_test,80,shuffled_thermoelectric_static_control,37.0,0,0.0,-2.987445420464013,1.3853854291360508,0,0.0,-2.987445420464013,1.3853854291360508,0,0.0,-2.8601209135987635,1.2580609222708012,2,0.3333333333333333,-2.657577319177794,1.0555173278498315
official_test,81,uniform_random,83.0,2,0.3333333333333333,-2.280175785218263,0.6781157938903009,2,0.3333333333333333,-2.280175785218263,0.6781157938903009,2,0.3333333333333333,-2.280175785218263,0.6781157938903009,3,0.5,-1.6020599913279625,2.220446049250313e-16
official_test,81,target_ucb_beta1,37.0,0,0.0,-2.892790030352132,1.2907300390241698,0,0.0,-2.8601209135987635,1.2580609222708012,0,0.0,-2.8601209135987635,1.2580609222708012,5,0.8333333333333334,-2.065501548756432,0.4634415574284698
official_test,81,target_mean_greedy,84.0,0,0.0,-2.892790030352132,1.2907300390241698,0,0.0,-2.8601209135987635,1.2580609222708012,2,0.3333333333333333,-2.690369832574101,1.0883098412461385,5,0.8333333333333334,-2.065501548756432,0.4634415574284698
official_test,81,composition_novelty,91.0,1,0.16666666666666666,-2.7166987712964503,1.114638779968488,2,0.3333333333333333,-2.690369832574101,1.0883098412461385,3,0.5,-2.065501548756432,0.4634415574284698,4,0.6666666666666666,-2.065501548756432,0.4634415574284698
official_test,81,thermoelectric_prior_static,128.0,1,0.16666666666666666,-2.7166987712964503,1.114638779968488,1,0.16666666666666666,-2.7166987712964503,1.114638779968488,4,0.6666666666666666,-2.065501548756432,0.4634415574284698,6,1.0,-1.6020599913279625,2.220446049250313e-16
official_test,81,target_source_rank_fusion,183.0,3,0.5,-2.065501548756432,0.4634415574284698,4,0.6666666666666666,-2.065501548756432,0.4634415574284698,5,0.8333333333333334,-2.065501548756432,0.4634415574284698,6,1.0,-1.6020599913279625,2.220446049250313e-16
official_test,81,target_source_novelty_rank_fusion,157.0,3,0.5,-2.065501548756432,0.4634415574284698,3,0.5,-2.065501548756432,0.4634415574284698,4,0.6666666666666666,-2.065501548756432,0.4634415574284698,6,1.0,-1.6020599913279625,2.220446049250313e-16
official_test,81,alloy_prior_static_control,18.0,0,0.0,-2.744727494896694,1.1426675035687317,0,0.0,-2.744727494896694,1.1426675035687317,0,0.0,-2.744727494896694,1.1426675035687317,1,0.16666666666666666,-2.7166987712964503,1.114638779968488
official_test,81,catalysis_prior_static_control,97.0,1,0.16666666666666666,-2.7166987712964503,1.114638779968488,1,0.16666666666666666,-2.7166987712964503,1.114638779968488,2,0.3333333333333333,-2.657577319177794,1.0555173278498315,5,0.8333333333333334,-1.6020599913279625,2.220446049250313e-16
official_test,81,shuffled_thermoelectric_static_control,37.0,0,0.0,-2.987445420464013,1.3853854291360508,0,0.0,-2.987445420464013,1.3853854291360508,0,0.0,-2.8601209135987635,1.2580609222708012,2,0.3333333333333333,-2.657577319177794,1.0555173278498315
official_test,82,uniform_random,34.0,0,0.0,-3.175223537524454,1.573163546196492,0,0.0,-3.175223537524454,1.573163546196492,0,0.0,-2.795880017344075,1.1938200260161127,3,0.5,-1.6020599913279625,2.220446049250313e-16
official_test,82,target_ucb_beta1,6.0,0,0.0,-2.8210230527068307,1.2189630613788685,0,0.0,-2.8210230527068307,1.2189630613788685,0,0.0,-2.795880017344075,1.1938200260161127,2,0.3333333333333333,-2.065501548756432,0.4634415574284698
official_test,82,target_mean_greedy,0.0,0,0.0,-3.43297363384094,1.8309136425129775,0,0.0,-2.892790030352132,1.2907300390241698,0,0.0,-2.8601209135987635,1.2580609222708012,0,0.0,-2.795880017344075,1.1938200260161127
official_test,82,composition_novelty,56.0,0,0.0,-6.42021640338319,4.818156412055227,1,0.16666666666666666,-2.7166987712964503,1.114638779968488,2,0.3333333333333333,-2.690369832574101,1.0883098412461385,2,0.3333333333333333,-2.690369832574101,1.0883098412461385
official_test,82,thermoelectric_prior_static,128.0,1,0.16666666666666666,-2.7166987712964503,1.114638779968488,1,0.16666666666666666,-2.7166987712964503,1.114638779968488,4,0.6666666666666666,-2.065501548756432,0.4634415574284698,6,1.0,-1.6020599913279625,2.220446049250313e-16
official_test,82,target_source_rank_fusion,68.0,0,0.0,-3.245651664288981,1.643591672961019,2,0.3333333333333333,-2.065501548756432,0.4634415574284698,2,0.3333333333333333,-2.065501548756432,0.4634415574284698,2,0.3333333333333333,-2.065501548756432,0.4634415574284698
official_test,82,target_source_novelty_rank_fusion,76.0,2,0.3333333333333333,-2.065501548756432,0.4634415574284698,2,0.3333333333333333,-2.065501548756432,0.4634415574284698,2,0.3333333333333333,-2.065501548756432,0.4634415574284698,2,0.3333333333333333,-2.065501548756432,0.4634415574284698
official_test,82,alloy_prior_static_control,18.0,0,0.0,-2.744727494896694,1.1426675035687317,0,0.0,-2.744727494896694,1.1426675035687317,0,0.0,-2.744727494896694,1.1426675035687317,1,0.16666666666666666,-2.7166987712964503,1.114638779968488
official_test,82,catalysis_prior_static_control,97.0,1,0.16666666666666666,-2.7166987712964503,1.114638779968488,1,0.16666666666666666,-2.7166987712964503,1.114638779968488,2,0.3333333333333333,-2.657577319177794,1.0555173278498315,5,0.8333333333333334,-1.6020599913279625,2.220446049250313e-16
official_test,82,shuffled_thermoelectric_static_control,37.0,0,0.0,-2.987445420464013,1.3853854291360508,0,0.0,-2.987445420464013,1.3853854291360508,0,0.0,-2.8601209135987635,1.2580609222708012,2,0.3333333333333333,-2.657577319177794,1.0555173278498315
official_test,83,uniform_random,57.0,0,0.0,-3.958607314841775,2.356547323513813,1,0.16666666666666666,-2.280175785218263,0.6781157938903009,2,0.3333333333333333,-2.280175785218263,0.6781157938903009,2,0.3333333333333333,-2.280175785218263,0.6781157938903009
official_test,83,target_ucb_beta1,0.0,0,0.0,-3.1804560644581312,1.578396073130169,0,0.0,-3.113509274827518,1.5114492834995559,0,0.0,-2.8601209135987635,1.2580609222708012,0,0.0,-2.795880017344075,1.1938200260161127
official_test,83,target_mean_greedy,0.0,0,0.0,-3.113509274827518,1.5114492834995559,0,0.0,-3.113509274827518,1.5114492834995559,0,0.0,-2.8601209135987635,1.2580609222708012,0,0.0,-2.795880017344075,1.1938200260161127
official_test,83,composition_novelty,86.0,1,0.16666666666666666,-2.7166987712964503,1.114638779968488,1,0.16666666666666666,-2.7166987712964503,1.114638779968488,2,0.3333333333333333,-2.690369832574101,1.0883098412461385,3,0.5,-2.280175785218263,0.6781157938903009
official_test,83,thermoelectric_prior_static,128.0,1,0.16666666666666666,-2.7166987712964503,1.114638779968488,1,0.16666666666666666,-2.7166987712964503,1.114638779968488,4,0.6666666666666666,-2.065501548756432,0.4634415574284698,6,1.0,-1.6020599913279625,2.220446049250313e-16
official_test,83,target_source_rank_fusion,54.0,0,0.0,-4.443697499232712,2.84163750790475,0,0.0,-3.958607314841775,2.356547323513813,2,0.3333333333333333,-2.065501548756432,0.4634415574284698,2,0.3333333333333333,-2.065501548756432,0.4634415574284698
official_test,83,target_source_novelty_rank_fusion,96.0,0,0.0,-4.443697499232712,2.84163750790475,0,0.0,-4.1249387366083,2.5228787452803374,2,0.3333333333333333,-2.065501548756432,0.4634415574284698,6,1.0,-1.6020599913279625,2.220446049250313e-16
official_test,83,alloy_prior_static_control,18.0,0,0.0,-2.744727494896694,1.1426675035687317,0,0.0,-2.744727494896694,1.1426675035687317,0,0.0,-2.744727494896694,1.1426675035687317,1,0.16666666666666666,-2.7166987712964503,1.114638779968488
official_test,83,catalysis_prior_static_control,97.0,1,0.16666666666666666,-2.7166987712964503,1.114638779968488,1,0.16666666666666666,-2.7166987712964503,1.114638779968488,2,0.3333333333333333,-2.657577319177794,1.0555173278498315,5,0.8333333333333334,-1.6020599913279625,2.220446049250313e-16
official_test,83,shuffled_thermoelectric_static_control,37.0,0,0.0,-2.987445420464013,1.3853854291360508,0,0.0,-2.987445420464013,1.3853854291360508,0,0.0,-2.8601209135987635,1.2580609222708012,2,0.3333333333333333,-2.657577319177794,1.0555173278498315
official_test,84,uniform_random,0.0,0,0.0,-2.7594507517174,1.1573907603894378,0,0.0,-2.7594507517174,1.1573907603894378,0,0.0,-2.7594507517174,1.1573907603894378,0,0.0,-2.7594507517174,1.1573907603894378
official_test,84,target_ucb_beta1,52.0,0,0.0,-2.892790030352132,1.2907300390241698,0,0.0,-2.892790030352132,1.2907300390241698,2,0.3333333333333333,-2.065501548756432,0.4634415574284698,2,0.3333333333333333,-2.065501548756432,0.4634415574284698
official_test,84,target_mean_greedy,1.0,0,0.0,-2.8601209135987635,1.2580609222708012,0,0.0,-2.8601209135987635,1.2580609222708012,0,0.0,-2.8601209135987635,1.2580609222708012,1,0.16666666666666666,-2.065501548756432,0.4634415574284698
official_test,84,composition_novelty,100.0,1,0.16666666666666666,-2.7166987712964503,1.114638779968488,1,0.16666666666666666,-2.7166987712964503,1.114638779968488,2,0.3333333333333333,-2.065501548756432,0.4634415574284698,4,0.6666666666666666,-1.6020599913279625,2.220446049250313e-16
official_test,84,thermoelectric_prior_static,128.0,1,0.16666666666666666,-2.7166987712964503,1.114638779968488,1,0.16666666666666666,-2.7166987712964503,1.114638779968488,4,0.6666666666666666,-2.065501548756432,0.4634415574284698,6,1.0,-1.6020599913279625,2.220446049250313e-16
official_test,84,target_source_rank_fusion,90.0,2,0.3333333333333333,-2.065501548756432,0.4634415574284698,2,0.3333333333333333,-2.065501548756432,0.4634415574284698,2,0.3333333333333333,-2.065501548756432,0.4634415574284698,3,0.5,-2.065501548756432,0.4634415574284698
official_test,84,target_source_novelty_rank_fusion,110.0,2,0.3333333333333333,-2.065501548756432,0.4634415574284698,2,0.3333333333333333,-2.065501548756432,0.4634415574284698,2,0.3333333333333333,-2.065501548756432,0.4634415574284698,4,0.6666666666666666,-2.065501548756432,0.4634415574284698
official_test,84,alloy_prior_static_control,18.0,0,0.0,-2.744727494896694,1.1426675035687317,0,0.0,-2.744727494896694,1.1426675035687317,0,0.0,-2.744727494896694,1.1426675035687317,1,0.16666666666666666,-2.7166987712964503,1.114638779968488
official_test,84,catalysis_prior_static_control,97.0,1,0.16666666666666666,-2.7166987712964503,1.114638779968488,1,0.16666666666666666,-2.7166987712964503,1.114638779968488,2,0.3333333333333333,-2.657577319177794,1.0555173278498315,5,0.8333333333333334,-1.6020599913279625,2.220446049250313e-16
official_test,84,shuffled_thermoelectric_static_control,37.0,0,0.0,-2.987445420464013,1.3853854291360508,0,0.0,-2.987445420464013,1.3853854291360508,0,0.0,-2.8601209135987635,1.2580609222708012,2,0.3333333333333333,-2.657577319177794,1.0555173278498315
official_test,85,uniform_random,36.0,0,0.0,-3.113509274827518,1.5114492834995559,0,0.0,-3.0757207139381184,1.4736607226101561,1,0.16666666666666666,-2.280175785218263,0.6781157938903009,2,0.3333333333333333,-2.280175785218263,0.6781157938903009
official_test,85,target_ucb_beta1,132.0,0,0.0,-3.1804560644581312,1.578396073130169,1,0.16666666666666666,-1.6020599913279625,2.220446049250313e-16,3,0.5,-1.6020599913279625,2.220446049250313e-16,6,1.0,-1.6020599913279625,2.220446049250313e-16
official_test,85,target_mean_greedy,71.0,0,0.0,-3.43297363384094,1.8309136425129775,0,0.0,-3.113509274827518,1.5114492834995559,2,0.3333333333333333,-2.065501548756432,0.4634415574284698,5,0.8333333333333334,-2.065501548756432,0.4634415574284698
official_test,85,composition_novelty,62.0,1,0.16666666666666666,-2.7166987712964503,1.114638779968488,1,0.16666666666666666,-2.7166987712964503,1.114638779968488,1,0.16666666666666666,-2.7166987712964503,1.114638779968488,4,0.6666666666666666,-1.6020599913279625,2.220446049250313e-16
official_test,85,thermoelectric_prior_static,128.0,1,0.16666666666666666,-2.7166987712964503,1.114638779968488,1,0.16666666666666666,-2.7166987712964503,1.114638779968488,4,0.6666666666666666,-2.065501548756432,0.4634415574284698,6,1.0,-1.6020599913279625,2.220446049250313e-16
official_test,85,target_source_rank_fusion,177.0,2,0.3333333333333333,-2.065501548756432,0.4634415574284698,4,0.6666666666666666,-2.065501548756432,0.4634415574284698,5,0.8333333333333334,-2.065501548756432,0.4634415574284698,6,1.0,-1.6020599913279625,2.220446049250313e-16
official_test,85,target_source_novelty_rank_fusion,171.0,2,0.3333333333333333,-2.690369832574101,1.0883098412461385,4,0.6666666666666666,-2.065501548756432,0.4634415574284698,4,0.6666666666666666,-2.065501548756432,0.4634415574284698,6,1.0,-1.6020599913279625,2.220446049250313e-16
official_test,85,alloy_prior_static_control,18.0,0,0.0,-2.744727494896694,1.1426675035687317,0,0.0,-2.744727494896694,1.1426675035687317,0,0.0,-2.744727494896694,1.1426675035687317,1,0.16666666666666666,-2.7166987712964503,1.114638779968488
official_test,85,catalysis_prior_static_control,97.0,1,0.16666666666666666,-2.7166987712964503,1.114638779968488,1,0.16666666666666666,-2.7166987712964503,1.114638779968488,2,0.3333333333333333,-2.657577319177794,1.0555173278498315,5,0.8333333333333334,-1.6020599913279625,2.220446049250313e-16
official_test,85,shuffled_thermoelectric_static_control,37.0,0,0.0,-2.987445420464013,1.3853854291360508,0,0.0,-2.987445420464013,1.3853854291360508,0,0.0,-2.8601209135987635,1.2580609222708012,2,0.3333333333333333,-2.657577319177794,1.0555173278498315
official_test,86,uniform_random,71.0,0,0.0,-6.022276394711152,4.42021640338319,1,0.16666666666666666,-2.065501548756432,0.4634415574284698,2,0.3333333333333333,-1.6020599913279625,2.220446049250313e-16,3,0.5,-1.6020599913279625,2.220446049250313e-16
official_test,86,target_ucb_beta1,0.0,0,0.0,-2.8210230527068307,1.2189630613788685,0,0.0,-2.8210230527068307,1.2189630613788685,0,0.0,-2.795880017344075,1.1938200260161127,0,0.0,-2.795880017344075,1.1938200260161127
official_test,86,target_mean_greedy,0.0,0,0.0,-2.987445420464013,1.3853854291360508,0,0.0,-2.795880017344075,1.1938200260161127,0,0.0,-2.795880017344075,1.1938200260161127,0,0.0,-2.795880017344075,1.1938200260161127
official_test,86,composition_novelty,90.0,0,0.0,-5.301029995663981,3.6989700043360187,1,0.16666666666666666,-2.7166987712964503,1.114638779968488,3,0.5,-1.6020599913279625,2.220446049250313e-16,4,0.6666666666666666,-1.6020599913279625,2.220446049250313e-16
official_test,86,thermoelectric_prior_static,128.0,1,0.16666666666666666,-2.7166987712964503,1.114638779968488,1,0.16666666666666666,-2.7166987712964503,1.114638779968488,4,0.6666666666666666,-2.065501548756432,0.4634415574284698,6,1.0,-1.6020599913279625,2.220446049250313e-16
official_test,86,target_source_rank_fusion,83.0,1,0.16666666666666666,-2.7166987712964503,1.114638779968488,2,0.3333333333333333,-2.690369832574101,1.0883098412461385,2,0.3333333333333333,-2.690369832574101,1.0883098412461385,4,0.6666666666666666,-2.065501548756432,0.4634415574284698
official_test,86,target_source_novelty_rank_fusion,143.0,2,0.3333333333333333,-2.690369832574101,1.0883098412461385,3,0.5,-1.6020599913279625,2.220446049250313e-16,3,0.5,-1.6020599913279625,2.220446049250313e-16,6,1.0,-1.6020599913279625,2.220446049250313e-16
official_test,86,alloy_prior_static_control,18.0,0,0.0,-2.744727494896694,1.1426675035687317,0,0.0,-2.744727494896694,1.1426675035687317,0,0.0,-2.744727494896694,1.1426675035687317,1,0.16666666666666666,-2.7166987712964503,1.114638779968488
official_test,86,catalysis_prior_static_control,97.0,1,0.16666666666666666,-2.7166987712964503,1.114638779968488,1,0.16666666666666666,-2.7166987712964503,1.114638779968488,2,0.3333333333333333,-2.657577319177794,1.0555173278498315,5,0.8333333333333334,-1.6020599913279625,2.220446049250313e-16
official_test,86,shuffled_thermoelectric_static_control,37.0,0,0.0,-2.987445420464013,1.3853854291360508,0,0.0,-2.987445420464013,1.3853854291360508,0,0.0,-2.8601209135987635,1.2580609222708012,2,0.3333333333333333,-2.657577319177794,1.0555173278498315
official_test,87,uniform_random,49.0,1,0.16666666666666666,-2.065501548756432,0.4634415574284698,1,0.16666666666666666,-2.065501548756432,0.4634415574284698,1,0.16666666666666666,-2.065501548756432,0.4634415574284698,2,0.3333333333333333,-2.065501548756432,0.4634415574284698
official_test,87,target_ucb_beta1,72.0,1,0.16666666666666666,-2.065501548756432,0.4634415574284698,2,0.3333333333333333,-2.065501548756432,0.4634415574284698,2,0.3333333333333333,-2.065501548756432,0.4634415574284698,2,0.3333333333333333,-2.065501548756432,0.4634415574284698
official_test,87,target_mean_greedy,78.0,2,0.3333333333333333,-2.065501548756432,0.4634415574284698,2,0.3333333333333333,-2.065501548756432,0.4634415574284698,2,0.3333333333333333,-2.065501548756432,0.4634415574284698,2,0.3333333333333333,-2.065501548756432,0.4634415574284698
official_test,87,composition_novelty,76.0,2,0.3333333333333333,-2.690369832574101,1.0883098412461385,2,0.3333333333333333,-2.690369832574101,1.0883098412461385,2,0.3333333333333333,-2.690369832574101,1.0883098412461385,2,0.3333333333333333,-2.690369832574101,1.0883098412461385
official_test,87,thermoelectric_prior_static,128.0,1,0.16666666666666666,-2.7166987712964503,1.114638779968488,1,0.16666666666666666,-2.7166987712964503,1.114638779968488,4,0.6666666666666666,-2.065501548756432,0.4634415574284698,6,1.0,-1.6020599913279625,2.220446049250313e-16
official_test,87,target_source_rank_fusion,99.0,2,0.3333333333333333,-2.065501548756432,0.4634415574284698,2,0.3333333333333333,-2.065501548756432,0.4634415574284698,2,0.3333333333333333,-2.065501548756432,0.4634415574284698,3,0.5,-2.065501548756432,0.4634415574284698
official_test,87,target_source_novelty_rank_fusion,103.0,1,0.16666666666666666,-2.065501548756432,0.4634415574284698,1,0.16666666666666666,-2.065501548756432,0.4634415574284698,2,0.3333333333333333,-2.065501548756432,0.4634415574284698,5,0.8333333333333334,-2.065501548756432,0.4634415574284698
official_test,87,alloy_prior_static_control,18.0,0,0.0,-2.744727494896694,1.1426675035687317,0,0.0,-2.744727494896694,1.1426675035687317,0,0.0,-2.744727494896694,1.1426675035687317,1,0.16666666666666666,-2.7166987712964503,1.114638779968488
official_test,87,catalysis_prior_static_control,97.0,1,0.16666666666666666,-2.7166987712964503,1.114638779968488,1,0.16666666666666666,-2.7166987712964503,1.114638779968488,2,0.3333333333333333,-2.657577319177794,1.0555173278498315,5,0.8333333333333334,-1.6020599913279625,2.220446049250313e-16
official_test,87,shuffled_thermoelectric_static_control,37.0,0,0.0,-2.987445420464013,1.3853854291360508,0,0.0,-2.987445420464013,1.3853854291360508,0,0.0,-2.8601209135987635,1.2580609222708012,2,0.3333333333333333,-2.657577319177794,1.0555173278498315
official_test,88,uniform_random,108.0,1,0.16666666666666666,-1.6020599913279625,2.220446049250313e-16,1,0.16666666666666666,-1.6020599913279625,2.220446049250313e-16,3,0.5,-1.6020599913279625,2.220446049250313e-16,4,0.6666666666666666,-1.6020599913279625,2.220446049250313e-16
official_test,88,target_ucb_beta1,0.0,0,0.0,-2.8210230527068307,1.2189630613788685,0,0.0,-2.8210230527068307,1.2189630613788685,0,0.0,-2.8210230527068307,1.2189630613788685,0,0.0,-2.795880017344075,1.1938200260161127
official_test,88,target_mean_greedy,0.0,0,0.0,-2.795880017344075,1.1938200260161127,0,0.0,-2.795880017344075,1.1938200260161127,0,0.0,-2.795880017344075,1.1938200260161127,0,0.0,-2.795880017344075,1.1938200260161127
official_test,88,composition_novelty,65.0,0,0.0,-6.022878745280337,4.420818753952375,1,0.16666666666666666,-2.7166987712964503,1.114638779968488,2,0.3333333333333333,-2.690369832574101,1.0883098412461385,3,0.5,-2.280175785218263,0.6781157938903009
official_test,88,thermoelectric_prior_static,128.0,1,0.16666666666666666,-2.7166987712964503,1.114638779968488,1,0.16666666666666666,-2.7166987712964503,1.114638779968488,4,0.6666666666666666,-2.065501548756432,0.4634415574284698,6,1.0,-1.6020599913279625,2.220446049250313e-16
official_test,88,target_source_rank_fusion,78.0,0,0.0,-2.795880017344075,1.1938200260161127,0,0.0,-2.795880017344075,1.1938200260161127,2,0.3333333333333333,-2.690369832574101,1.0883098412461385,5,0.8333333333333334,-2.065501548756432,0.4634415574284698
official_test,88,target_source_novelty_rank_fusion,122.0,2,0.3333333333333333,-2.690369832574101,1.0883098412461385,2,0.3333333333333333,-2.690369832574101,1.0883098412461385,3,0.5,-2.065501548756432,0.4634415574284698,5,0.8333333333333334,-1.6020599913279625,2.220446049250313e-16
official_test,88,alloy_prior_static_control,18.0,0,0.0,-2.744727494896694,1.1426675035687317,0,0.0,-2.744727494896694,1.1426675035687317,0,0.0,-2.744727494896694,1.1426675035687317,1,0.16666666666666666,-2.7166987712964503,1.114638779968488
official_test,88,catalysis_prior_static_control,97.0,1,0.16666666666666666,-2.7166987712964503,1.114638779968488,1,0.16666666666666666,-2.7166987712964503,1.114638779968488,2,0.3333333333333333,-2.657577319177794,1.0555173278498315,5,0.8333333333333334,-1.6020599913279625,2.220446049250313e-16
official_test,88,shuffled_thermoelectric_static_control,37.0,0,0.0,-2.987445420464013,1.3853854291360508,0,0.0,-2.987445420464013,1.3853854291360508,0,0.0,-2.8601209135987635,1.2580609222708012,2,0.3333333333333333,-2.657577319177794,1.0555173278498315
official_test,89,uniform_random,1.0,0,0.0,-2.7594507517174,1.1573907603894378,0,0.0,-2.7594507517174,1.1573907603894378,0,0.0,-2.7594507517174,1.1573907603894378,1,0.16666666666666666,-2.280175785218263,0.6781157938903009
official_test,89,target_ucb_beta1,92.0,1,0.16666666666666666,-2.657577319177794,1.0555173278498315,2,0.3333333333333333,-2.065501548756432,0.4634415574284698,3,0.5,-2.065501548756432,0.4634415574284698,3,0.5,-2.065501548756432,0.4634415574284698
official_test,89,target_mean_greedy,82.0,2,0.3333333333333333,-2.065501548756432,0.4634415574284698,2,0.3333333333333333,-2.065501548756432,0.4634415574284698,2,0.3333333333333333,-2.065501548756432,0.4634415574284698,3,0.5,-2.065501548756432,0.4634415574284698
official_test,89,composition_novelty,81.0,1,0.16666666666666666,-2.7166987712964503,1.114638779968488,1,0.16666666666666666,-2.7166987712964503,1.114638779968488,3,0.5,-1.6020599913279625,2.220446049250313e-16,3,0.5,-1.6020599913279625,2.220446049250313e-16
official_test,89,thermoelectric_prior_static,128.0,1,0.16666666666666666,-2.7166987712964503,1.114638779968488,1,0.16666666666666666,-2.7166987712964503,1.114638779968488,4,0.6666666666666666,-2.065501548756432,0.4634415574284698,6,1.0,-1.6020599913279625,2.220446049250313e-16
official_test,89,target_source_rank_fusion,89.0,2,0.3333333333333333,-2.065501548756432,0.4634415574284698,2,0.3333333333333333,-2.065501548756432,0.4634415574284698,2,0.3333333333333333,-2.065501548756432,0.4634415574284698,3,0.5,-2.065501548756432,0.4634415574284698
official_test,89,target_source_novelty_rank_fusion,114.0,1,0.16666666666666666,-2.065501548756432,0.4634415574284698,1,0.16666666666666666,-2.065501548756432,0.4634415574284698,2,0.3333333333333333,-2.065501548756432,0.4634415574284698,5,0.8333333333333334,-2.065501548756432,0.4634415574284698
official_test,89,alloy_prior_static_control,18.0,0,0.0,-2.744727494896694,1.1426675035687317,0,0.0,-2.744727494896694,1.1426675035687317,0,0.0,-2.744727494896694,1.1426675035687317,1,0.16666666666666666,-2.7166987712964503,1.114638779968488
official_test,89,catalysis_prior_static_control,97.0,1,0.16666666666666666,-2.7166987712964503,1.114638779968488,1,0.16666666666666666,-2.7166987712964503,1.114638779968488,2,0.3333333333333333,-2.657577319177794,1.0555173278498315,5,0.8333333333333334,-1.6020599913279625,2.220446049250313e-16
official_test,89,shuffled_thermoelectric_static_control,37.0,0,0.0,-2.987445420464013,1.3853854291360508,0,0.0,-2.987445420464013,1.3853854291360508,0,0.0,-2.8601209135987635,1.2580609222708012,2,0.3333333333333333,-2.657577319177794,1.0555173278498315
official_test,90,uniform_random,82.0,1,0.16666666666666666,-2.7166987712964503,1.114638779968488,2,0.3333333333333333,-2.657577319177794,1.0555173278498315,2,0.3333333333333333,-2.657577319177794,1.0555173278498315,3,0.5,-1.6020599913279625,2.220446049250313e-16
official_test,90,target_ucb_beta1,0.0,0,0.0,-2.892790030352132,1.2907300390241698,0,0.0,-2.8601209135987635,1.2580609222708012,0,0.0,-2.8210230527068307,1.2189630613788685,0,0.0,-2.795880017344075,1.1938200260161127
official_test,90,target_mean_greedy,0.0,0,0.0,-3.113509274827518,1.5114492834995559,0,0.0,-3.113509274827518,1.5114492834995559,0,0.0,-2.8601209135987635,1.2580609222708012,0,0.0,-2.8210230527068307,1.2189630613788685
official_test,90,composition_novelty,81.0,1,0.16666666666666666,-2.7166987712964503,1.114638779968488,1,0.16666666666666666,-2.7166987712964503,1.114638779968488,2,0.3333333333333333,-2.690369832574101,1.0883098412461385,3,0.5,-1.6020599913279625,2.220446049250313e-16
official_test,90,thermoelectric_prior_static,128.0,1,0.16666666666666666,-2.7166987712964503,1.114638779968488,1,0.16666666666666666,-2.7166987712964503,1.114638779968488,4,0.6666666666666666,-2.065501548756432,0.4634415574284698,6,1.0,-1.6020599913279625,2.220446049250313e-16
official_test,90,target_source_rank_fusion,104.0,0,0.0,-4.1249387366083,2.5228787452803374,0,0.0,-4.1249387366083,2.5228787452803374,2,0.3333333333333333,-2.065501548756432,0.4634415574284698,6,1.0,-1.6020599913279625,2.220446049250313e-16
official_test,90,target_source_novelty_rank_fusion,132.0,0,0.0,-4.1249387366083,2.5228787452803374,3,0.5,-2.065501548756432,0.4634415574284698,4,0.6666666666666666,-2.065501548756432,0.4634415574284698,5,0.8333333333333334,-1.6020599913279625,2.220446049250313e-16
official_test,90,alloy_prior_static_control,18.0,0,0.0,-2.744727494896694,1.1426675035687317,0,0.0,-2.744727494896694,1.1426675035687317,0,0.0,-2.744727494896694,1.1426675035687317,1,0.16666666666666666,-2.7166987712964503,1.114638779968488
official_test,90,catalysis_prior_static_control,97.0,1,0.16666666666666666,-2.7166987712964503,1.114638779968488,1,0.16666666666666666,-2.7166987712964503,1.114638779968488,2,0.3333333333333333,-2.657577319177794,1.0555173278498315,5,0.8333333333333334,-1.6020599913279625,2.220446049250313e-16
official_test,90,shuffled_thermoelectric_static_control,37.0,0,0.0,-2.987445420464013,1.3853854291360508,0,0.0,-2.987445420464013,1.3853854291360508,0,0.0,-2.8601209135987635,1.2580609222708012,2,0.3333333333333333,-2.657577319177794,1.0555173278498315
official_test,91,uniform_random,31.0,0,0.0,-3.1512249256599825,1.5491649343320202,1,0.16666666666666666,-2.7166987712964503,1.114638779968488,1,0.16666666666666666,-2.7166987712964503,1.114638779968488,1,0.16666666666666666,-2.7166987712964503,1.114638779968488
official_test,91,target_ucb_beta1,0.0,0,0.0,-2.892790030352132,1.2907300390241698,0,0.0,-2.8601209135987635,1.2580609222708012,0,0.0,-2.8210230527068307,1.2189630613788685,0,0.0,-2.795880017344075,1.1938200260161127
official_test,91,target_mean_greedy,40.0,0,0.0,-3.0291883891274822,1.42712839779952,0,0.0,-2.8601209135987635,1.2580609222708012,0,0.0,-2.8601209135987635,1.2580609222708012,4,0.6666666666666666,-2.065501548756432,0.4634415574284698
official_test,91,composition_novelty,78.0,0,0.0,-3.619788758288394,2.017728766960432,1,0.16666666666666666,-2.7166987712964503,1.114638779968488,2,0.3333333333333333,-2.065501548756432,0.4634415574284698,4,0.6666666666666666,-1.6020599913279625,2.220446049250313e-16
official_test,91,thermoelectric_prior_static,128.0,1,0.16666666666666666,-2.7166987712964503,1.114638779968488,1,0.16666666666666666,-2.7166987712964503,1.114638779968488,4,0.6666666666666666,-2.065501548756432,0.4634415574284698,6,1.0,-1.6020599913279625,2.220446049250313e-16
official_test,91,target_source_rank_fusion,136.0,2,0.3333333333333333,-2.690369832574101,1.0883098412461385,2,0.3333333333333333,-2.690369832574101,1.0883098412461385,4,0.6666666666666666,-2.065501548756432,0.4634415574284698,5,0.8333333333333334,-2.065501548756432,0.4634415574284698
official_test,91,target_source_novelty_rank_fusion,140.0,1,0.16666666666666666,-2.7166987712964503,1.114638779968488,2,0.3333333333333333,-2.690369832574101,1.0883098412461385,4,0.6666666666666666,-2.065501548756432,0.4634415574284698,6,1.0,-1.6020599913279625,2.220446049250313e-16
official_test,91,alloy_prior_static_control,18.0,0,0.0,-2.744727494896694,1.1426675035687317,0,0.0,-2.744727494896694,1.1426675035687317,0,0.0,-2.744727494896694,1.1426675035687317,1,0.16666666666666666,-2.7166987712964503,1.114638779968488
official_test,91,catalysis_prior_static_control,97.0,1,0.16666666666666666,-2.7166987712964503,1.114638779968488,1,0.16666666666666666,-2.7166987712964503,1.114638779968488,2,0.3333333333333333,-2.657577319177794,1.0555173278498315,5,0.8333333333333334,-1.6020599913279625,2.220446049250313e-16
official_test,91,shuffled_thermoelectric_static_control,37.0,0,0.0,-2.987445420464013,1.3853854291360508,0,0.0,-2.987445420464013,1.3853854291360508,0,0.0,-2.8601209135987635,1.2580609222708012,2,0.3333333333333333,-2.657577319177794,1.0555173278498315
official_test,92,uniform_random,44.0,0,0.0,-3.0291883891274822,1.42712839779952,1,0.16666666666666666,-1.6020599913279625,2.220446049250313e-16,1,0.16666666666666666,-1.6020599913279625,2.220446049250313e-16,2,0.3333333333333333,-1.6020599913279625,2.220446049250313e-16
official_test,92,target_ucb_beta1,85.0,0,0.0,-3.0757207139381184,1.4736607226101561,1,0.16666666666666666,-2.065501548756432,0.4634415574284698,3,0.5,-2.065501548756432,0.4634415574284698,3,0.5,-2.065501548756432,0.4634415574284698
official_test,92,target_mean_greedy,134.0,2,0.3333333333333333,-2.065501548756432,0.4634415574284698,2,0.3333333333333333,-2.065501548756432,0.4634415574284698,3,0.5,-2.065501548756432,0.4634415574284698,6,1.0,-1.6020599913279625,2.220446049250313e-16
official_test,92,composition_novelty,58.0,1,0.16666666666666666,-2.7166987712964503,1.114638779968488,1,0.16666666666666666,-2.7166987712964503,1.114638779968488,1,0.16666666666666666,-2.7166987712964503,1.114638779968488,2,0.3333333333333333,-2.690369832574101,1.0883098412461385
official_test,92,thermoelectric_prior_static,128.0,1,0.16666666666666666,-2.7166987712964503,1.114638779968488,1,0.16666666666666666,-2.7166987712964503,1.114638779968488,4,0.6666666666666666,-2.065501548756432,0.4634415574284698,6,1.0,-1.6020599913279625,2.220446049250313e-16
official_test,92,target_source_rank_fusion,121.0,1,0.16666666666666666,-2.065501548756432,0.4634415574284698,2,0.3333333333333333,-2.065501548756432,0.4634415574284698,2,0.3333333333333333,-2.065501548756432,0.4634415574284698,6,1.0,-1.6020599913279625,2.220446049250313e-16
official_test,92,target_source_novelty_rank_fusion,120.0,1,0.16666666666666666,-2.7166987712964503,1.114638779968488,1,0.16666666666666666,-2.7166987712964503,1.114638779968488,3,0.5,-2.065501548756432,0.4634415574284698,6,1.0,-1.6020599913279625,2.220446049250313e-16
official_test,92,alloy_prior_static_control,18.0,0,0.0,-2.744727494896694,1.1426675035687317,0,0.0,-2.744727494896694,1.1426675035687317,0,0.0,-2.744727494896694,1.1426675035687317,1,0.16666666666666666,-2.7166987712964503,1.114638779968488
official_test,92,catalysis_prior_static_control,97.0,1,0.16666666666666666,-2.7166987712964503,1.114638779968488,1,0.16666666666666666,-2.7166987712964503,1.114638779968488,2,0.3333333333333333,-2.657577319177794,1.0555173278498315,5,0.8333333333333334,-1.6020599913279625,2.220446049250313e-16
official_test,92,shuffled_thermoelectric_static_control,37.0,0,0.0,-2.987445420464013,1.3853854291360508,0,0.0,-2.987445420464013,1.3853854291360508,0,0.0,-2.8601209135987635,1.2580609222708012,2,0.3333333333333333,-2.657577319177794,1.0555173278498315
official_test,93,uniform_random,71.0,1,0.16666666666666666,-2.690369832574101,1.0883098412461385,1,0.16666666666666666,-2.690369832574101,1.0883098412461385,2,0.3333333333333333,-1.6020599913279625,2.220446049250313e-16,3,0.5,-1.6020599913279625,2.220446049250313e-16
official_test,93,target_ucb_beta1,102.0,1,0.16666666666666666,-2.065501548756432,0.4634415574284698,3,0.5,-2.065501548756432,0.4634415574284698,3,0.5,-2.065501548756432,0.4634415574284698,3,0.5,-2.065501548756432,0.4634415574284698
official_test,93,target_mean_greedy,110.0,2,0.3333333333333333,-2.065501548756432,0.4634415574284698,3,0.5,-2.065501548756432,0.4634415574284698,3,0.5,-2.065501548756432,0.4634415574284698,3,0.5,-2.065501548756432,0.4634415574284698
official_test,93,composition_novelty,77.0,0,0.0,-5.301029995663981,3.6989700043360187,0,0.0,-2.744727494896694,1.1426675035687317,1,0.16666666666666666,-2.7166987712964503,1.114638779968488,4,0.6666666666666666,-1.6020599913279625,2.220446049250313e-16
official_test,93,thermoelectric_prior_static,128.0,1,0.16666666666666666,-2.7166987712964503,1.114638779968488,1,0.16666666666666666,-2.7166987712964503,1.114638779968488,4,0.6666666666666666,-2.065501548756432,0.4634415574284698,6,1.0,-1.6020599913279625,2.220446049250313e-16
official_test,93,target_source_rank_fusion,133.0,2,0.3333333333333333,-2.065501548756432,0.4634415574284698,2,0.3333333333333333,-2.065501548756432,0.4634415574284698,3,0.5,-2.065501548756432,0.4634415574284698,6,1.0,-1.6020599913279625,2.220446049250313e-16
official_test,93,target_source_novelty_rank_fusion,105.0,0,0.0,-2.744727494896694,1.1426675035687317,1,0.16666666666666666,-2.7166987712964503,1.114638779968488,3,0.5,-2.065501548756432,0.4634415574284698,4,0.6666666666666666,-2.065501548756432,0.4634415574284698
official_test,93,alloy_prior_static_control,18.0,0,0.0,-2.744727494896694,1.1426675035687317,0,0.0,-2.744727494896694,1.1426675035687317,0,0.0,-2.744727494896694,1.1426675035687317,1,0.16666666666666666,-2.7166987712964503,1.114638779968488
official_test,93,catalysis_prior_static_control,97.0,1,0.16666666666666666,-2.7166987712964503,1.114638779968488,1,0.16666666666666666,-2.7166987712964503,1.114638779968488,2,0.3333333333333333,-2.657577319177794,1.0555173278498315,5,0.8333333333333334,-1.6020599913279625,2.220446049250313e-16
official_test,93,shuffled_thermoelectric_static_control,37.0,0,0.0,-2.987445420464013,1.3853854291360508,0,0.0,-2.987445420464013,1.3853854291360508,0,0.0,-2.8601209135987635,1.2580609222708012,2,0.3333333333333333,-2.657577319177794,1.0555173278498315
official_test,94,uniform_random,12.0,0,0.0,-3.5072396109731625,1.9051796196452002,0,0.0,-2.8601209135987635,1.2580609222708012,0,0.0,-2.8601209135987635,1.2580609222708012,1,0.16666666666666666,-2.280175785218263,0.6781157938903009
official_test,94,target_ucb_beta1,72.0,0,0.0,-3.3467874862246565,1.7447274948966942,0,0.0,-2.7594507517174,1.1573907603894378,2,0.3333333333333333,-2.065501548756432,0.4634415574284698,3,0.5,-2.065501548756432,0.4634415574284698
official_test,94,target_mean_greedy,47.0,0,0.0,-3.211831628858832,1.60977163753087,0,0.0,-2.8601209135987635,1.2580609222708012,2,0.3333333333333333,-2.690369832574101,1.0883098412461385,2,0.3333333333333333,-2.690369832574101,1.0883098412461385
official_test,94,composition_novelty,102.0,1,0.16666666666666666,-2.7166987712964503,1.114638779968488,1,0.16666666666666666,-2.7166987712964503,1.114638779968488,3,0.5,-1.6020599913279625,2.220446049250313e-16,4,0.6666666666666666,-1.6020599913279625,2.220446049250313e-16
official_test,94,thermoelectric_prior_static,128.0,1,0.16666666666666666,-2.7166987712964503,1.114638779968488,1,0.16666666666666666,-2.7166987712964503,1.114638779968488,4,0.6666666666666666,-2.065501548756432,0.4634415574284698,6,1.0,-1.6020599913279625,2.220446049250313e-16
official_test,94,target_source_rank_fusion,130.0,0,0.0,-4.1249387366083,2.5228787452803374,2,0.3333333333333333,-2.690369832574101,1.0883098412461385,4,0.6666666666666666,-2.065501548756432,0.4634415574284698,5,0.8333333333333334,-2.065501548756432,0.4634415574284698
official_test,94,target_source_novelty_rank_fusion,129.0,1,0.16666666666666666,-2.7166987712964503,1.114638779968488,2,0.3333333333333333,-2.690369832574101,1.0883098412461385,4,0.6666666666666666,-2.065501548756432,0.4634415574284698,5,0.8333333333333334,-2.065501548756432,0.4634415574284698
official_test,94,alloy_prior_static_control,18.0,0,0.0,-2.744727494896694,1.1426675035687317,0,0.0,-2.744727494896694,1.1426675035687317,0,0.0,-2.744727494896694,1.1426675035687317,1,0.16666666666666666,-2.7166987712964503,1.114638779968488
official_test,94,catalysis_prior_static_control,97.0,1,0.16666666666666666,-2.7166987712964503,1.114638779968488,1,0.16666666666666666,-2.7166987712964503,1.114638779968488,2,0.3333333333333333,-2.657577319177794,1.0555173278498315,5,0.8333333333333334,-1.6020599913279625,2.220446049250313e-16
official_test,94,shuffled_thermoelectric_static_control,37.0,0,0.0,-2.987445420464013,1.3853854291360508,0,0.0,-2.987445420464013,1.3853854291360508,0,0.0,-2.8601209135987635,1.2580609222708012,2,0.3333333333333333,-2.657577319177794,1.0555173278498315
official_test,95,uniform_random,65.0,1,0.16666666666666666,-2.657577319177794,1.0555173278498315,1,0.16666666666666666,-2.657577319177794,1.0555173278498315,2,0.3333333333333333,-2.065501548756432,0.4634415574284698,2,0.3333333333333333,-2.065501548756432,0.4634415574284698
official_test,95,target_ucb_beta1,0.0,0,0.0,-2.8210230527068307,1.2189630613788685,0,0.0,-2.8210230527068307,1.2189630613788685,0,0.0,-2.795880017344075,1.1938200260161127,0,0.0,-2.795880017344075,1.1938200260161127
official_test,95,target_mean_greedy,0.0,0,0.0,-2.892790030352132,1.2907300390241698,0,0.0,-2.892790030352132,1.2907300390241698,0,0.0,-2.8601209135987635,1.2580609222708012,0,0.0,-2.795880017344075,1.1938200260161127
official_test,95,composition_novelty,86.0,0,0.0,-2.795880017344075,1.1938200260161127,1,0.16666666666666666,-2.7166987712964503,1.114638779968488,2,0.3333333333333333,-2.690369832574101,1.0883098412461385,4,0.6666666666666666,-1.6020599913279625,2.220446049250313e-16
official_test,95,thermoelectric_prior_static,128.0,1,0.16666666666666666,-2.7166987712964503,1.114638779968488,1,0.16666666666666666,-2.7166987712964503,1.114638779968488,4,0.6666666666666666,-2.065501548756432,0.4634415574284698,6,1.0,-1.6020599913279625,2.220446049250313e-16
official_test,95,target_source_rank_fusion,65.0,0,0.0,-4.552841968657781,2.950781977329818,0,0.0,-4.1249387366083,2.5228787452803374,2,0.3333333333333333,-2.065501548756432,0.4634415574284698,3,0.5,-2.065501548756432,0.4634415574284698
official_test,95,target_source_novelty_rank_fusion,55.0,0,0.0,-4.1249387366083,2.5228787452803374,0,0.0,-3.044754499211876,1.4426945078839137,1,0.16666666666666666,-2.065501548756432,0.4634415574284698,3,0.5,-2.065501548756432,0.4634415574284698
official_test,95,alloy_prior_static_control,18.0,0,0.0,-2.744727494896694,1.1426675035687317,0,0.0,-2.744727494896694,1.1426675035687317,0,0.0,-2.744727494896694,1.1426675035687317,1,0.16666666666666666,-2.7166987712964503,1.114638779968488
official_test,95,catalysis_prior_static_control,97.0,1,0.16666666666666666,-2.7166987712964503,1.114638779968488,1,0.16666666666666666,-2.7166987712964503,1.114638779968488,2,0.3333333333333333,-2.657577319177794,1.0555173278498315,5,0.8333333333333334,-1.6020599913279625,2.220446049250313e-16
official_test,95,shuffled_thermoelectric_static_control,37.0,0,0.0,-2.987445420464013,1.3853854291360508,0,0.0,-2.987445420464013,1.3853854291360508,0,0.0,-2.8601209135987635,1.2580609222708012,2,0.3333333333333333,-2.657577319177794,1.0555173278498315
official_test,96,uniform_random,0.0,0,0.0,-2.8210230527068307,1.2189630613788685,0,0.0,-2.8210230527068307,1.2189630613788685,0,0.0,-2.795880017344075,1.1938200260161127,0,0.0,-2.795880017344075,1.1938200260161127
official_test,96,target_ucb_beta1,0.0,0,0.0,-3.1512249256599825,1.5491649343320202,0,0.0,-3.1512249256599825,1.5491649343320202,0,0.0,-2.795880017344075,1.1938200260161127,0,0.0,-2.795880017344075,1.1938200260161127
official_test,96,target_mean_greedy,0.0,0,0.0,-2.795880017344075,1.1938200260161127,0,0.0,-2.795880017344075,1.1938200260161127,0,0.0,-2.795880017344075,1.1938200260161127,0,0.0,-2.795880017344075,1.1938200260161127
official_test,96,composition_novelty,64.0,1,0.16666666666666666,-2.7166987712964503,1.114638779968488,1,0.16666666666666666,-2.7166987712964503,1.114638779968488,2,0.3333333333333333,-2.690369832574101,1.0883098412461385,3,0.5,-2.280175785218263,0.6781157938903009
official_test,96,thermoelectric_prior_static,128.0,1,0.16666666666666666,-2.7166987712964503,1.114638779968488,1,0.16666666666666666,-2.7166987712964503,1.114638779968488,4,0.6666666666666666,-2.065501548756432,0.4634415574284698,6,1.0,-1.6020599913279625,2.220446049250313e-16
official_test,96,target_source_rank_fusion,45.0,0,0.0,-2.987445420464013,1.3853854291360508,0,0.0,-2.795880017344075,1.1938200260161127,2,0.3333333333333333,-2.065501548756432,0.4634415574284698,2,0.3333333333333333,-2.065501548756432,0.4634415574284698
official_test,96,target_source_novelty_rank_fusion,73.0,0,0.0,-4.1249387366083,2.5228787452803374,1,0.16666666666666666,-2.065501548756432,0.4634415574284698,2,0.3333333333333333,-2.065501548756432,0.4634415574284698,3,0.5,-2.065501548756432,0.4634415574284698
official_test,96,alloy_prior_static_control,18.0,0,0.0,-2.744727494896694,1.1426675035687317,0,0.0,-2.744727494896694,1.1426675035687317,0,0.0,-2.744727494896694,1.1426675035687317,1,0.16666666666666666,-2.7166987712964503,1.114638779968488
official_test,96,catalysis_prior_static_control,97.0,1,0.16666666666666666,-2.7166987712964503,1.114638779968488,1,0.16666666666666666,-2.7166987712964503,1.114638779968488,2,0.3333333333333333,-2.657577319177794,1.0555173278498315,5,0.8333333333333334,-1.6020599913279625,2.220446049250313e-16
official_test,96,shuffled_thermoelectric_static_control,37.0,0,0.0,-2.987445420464013,1.3853854291360508,0,0.0,-2.987445420464013,1.3853854291360508,0,0.0,-2.8601209135987635,1.2580609222708012,2,0.3333333333333333,-2.657577319177794,1.0555173278498315
official_test,97,uniform_random,17.0,0,0.0,-4.275724130399211,2.6736641390712483,0,0.0,-3.1512249256599825,1.5491649343320202,0,0.0,-3.1512249256599825,1.5491649343320202,2,0.3333333333333333,-1.6020599913279625,2.220446049250313e-16
official_test,97,target_ucb_beta1,70.0,1,0.16666666666666666,-2.065501548756432,0.4634415574284698,2,0.3333333333333333,-2.065501548756432,0.4634415574284698,2,0.3333333333333333,-2.065501548756432,0.4634415574284698,2,0.3333333333333333,-2.065501548756432,0.4634415574284698
official_test,97,target_mean_greedy,78.0,2,0.3333333333333333,-2.065501548756432,0.4634415574284698,2,0.3333333333333333,-2.065501548756432,0.4634415574284698,2,0.3333333333333333,-2.065501548756432,0.4634415574284698,2,0.3333333333333333,-2.065501548756432,0.4634415574284698
official_test,97,composition_novelty,58.0,0,0.0,-3.0757207139381184,1.4736607226101561,1,0.16666666666666666,-2.7166987712964503,1.114638779968488,2,0.3333333333333333,-2.690369832574101,1.0883098412461385,3,0.5,-1.6020599913279625,2.220446049250313e-16
official_test,97,thermoelectric_prior_static,128.0,1,0.16666666666666666,-2.7166987712964503,1.114638779968488,1,0.16666666666666666,-2.7166987712964503,1.114638779968488,4,0.6666666666666666,-2.065501548756432,0.4634415574284698,6,1.0,-1.6020599913279625,2.220446049250313e-16
official_test,97,target_source_rank_fusion,129.0,2,0.3333333333333333,-2.065501548756432,0.4634415574284698,2,0.3333333333333333,-2.065501548756432,0.4634415574284698,2,0.3333333333333333,-2.065501548756432,0.4634415574284698,6,1.0,-1.6020599913279625,2.220446049250313e-16
official_test,97,target_source_novelty_rank_fusion,127.0,0,0.0,-3.7569619513137056,2.154901959985743,3,0.5,-2.065501548756432,0.4634415574284698,3,0.5,-2.065501548756432,0.4634415574284698,5,0.8333333333333334,-1.6020599913279625,2.220446049250313e-16
official_test,97,alloy_prior_static_control,18.0,0,0.0,-2.744727494896694,1.1426675035687317,0,0.0,-2.744727494896694,1.1426675035687317,0,0.0,-2.744727494896694,1.1426675035687317,1,0.16666666666666666,-2.7166987712964503,1.114638779968488
official_test,97,catalysis_prior_static_control,97.0,1,0.16666666666666666,-2.7166987712964503,1.114638779968488,1,0.16666666666666666,-2.7166987712964503,1.114638779968488,2,0.3333333333333333,-2.657577319177794,1.0555173278498315,5,0.8333333333333334,-1.6020599913279625,2.220446049250313e-16
official_test,97,shuffled_thermoelectric_static_control,37.0,0,0.0,-2.987445420464013,1.3853854291360508,0,0.0,-2.987445420464013,1.3853854291360508,0,0.0,-2.8601209135987635,1.2580609222708012,2,0.3333333333333333,-2.657577319177794,1.0555173278498315
official_test,98,uniform_random,73.0,0,0.0,-3.255707016877324,1.6536470255493618,0,0.0,-2.795880017344075,1.1938200260161127,2,0.3333333333333333,-2.657577319177794,1.0555173278498315,4,0.6666666666666666,-1.6020599913279625,2.220446049250313e-16
official_test,98,target_ucb_beta1,70.0,0,0.0,-3.5686362358410126,1.9665762445130504,1,0.16666666666666666,-2.690369832574101,1.0883098412461385,2,0.3333333333333333,-2.690369832574101,1.0883098412461385,4,0.6666666666666666,-2.280175785218263,0.6781157938903009
official_test,98,target_mean_greedy,26.0,0,0.0,-3.211831628858832,1.60977163753087,0,0.0,-3.113509274827518,1.5114492834995559,0,0.0,-2.8601209135987635,1.2580609222708012,2,0.3333333333333333,-2.690369832574101,1.0883098412461385
official_test,98,composition_novelty,99.0,1,0.16666666666666666,-2.7166987712964503,1.114638779968488,1,0.16666666666666666,-2.7166987712964503,1.114638779968488,3,0.5,-1.6020599913279625,2.220446049250313e-16,4,0.6666666666666666,-1.6020599913279625,2.220446049250313e-16
official_test,98,thermoelectric_prior_static,128.0,1,0.16666666666666666,-2.7166987712964503,1.114638779968488,1,0.16666666666666666,-2.7166987712964503,1.114638779968488,4,0.6666666666666666,-2.065501548756432,0.4634415574284698,6,1.0,-1.6020599913279625,2.220446049250313e-16
official_test,98,target_source_rank_fusion,126.0,1,0.16666666666666666,-2.7166987712964503,1.114638779968488,2,0.3333333333333333,-2.690369832574101,1.0883098412461385,4,0.6666666666666666,-2.065501548756432,0.4634415574284698,5,0.8333333333333334,-2.065501548756432,0.4634415574284698
official_test,98,target_source_novelty_rank_fusion,133.0,2,0.3333333333333333,-2.690369832574101,1.0883098412461385,2,0.3333333333333333,-2.690369832574101,1.0883098412461385,3,0.5,-2.065501548756432,0.4634415574284698,6,1.0,-1.6020599913279625,2.220446049250313e-16
official_test,98,alloy_prior_static_control,18.0,0,0.0,-2.744727494896694,1.1426675035687317,0,0.0,-2.744727494896694,1.1426675035687317,0,0.0,-2.744727494896694,1.1426675035687317,1,0.16666666666666666,-2.7166987712964503,1.114638779968488
official_test,98,catalysis_prior_static_control,97.0,1,0.16666666666666666,-2.7166987712964503,1.114638779968488,1,0.16666666666666666,-2.7166987712964503,1.114638779968488,2,0.3333333333333333,-2.657577319177794,1.0555173278498315,5,0.8333333333333334,-1.6020599913279625,2.220446049250313e-16
official_test,98,shuffled_thermoelectric_static_control,37.0,0,0.0,-2.987445420464013,1.3853854291360508,0,0.0,-2.987445420464013,1.3853854291360508,0,0.0,-2.8601209135987635,1.2580609222708012,2,0.3333333333333333,-2.657577319177794,1.0555173278498315
official_test,99,uniform_random,0.0,0,0.0,-3.72584215073632,2.123782159408358,0,0.0,-3.255707016877324,1.6536470255493618,0,0.0,-2.987445420464013,1.3853854291360508,0,0.0,-2.7594507517174,1.1573907603894378
official_test,99,target_ucb_beta1,107.0,1,0.16666666666666666,-2.280175785218263,0.6781157938903009,3,0.5,-2.065501548756432,0.4634415574284698,3,0.5,-2.065501548756432,0.4634415574284698,3,0.5,-2.065501548756432,0.4634415574284698
official_test,99,target_mean_greedy,109.0,2,0.3333333333333333,-2.065501548756432,0.4634415574284698,3,0.5,-2.065501548756432,0.4634415574284698,3,0.5,-2.065501548756432,0.4634415574284698,3,0.5,-2.065501548756432,0.4634415574284698
official_test,99,composition_novelty,78.0,1,0.16666666666666666,-2.7166987712964503,1.114638779968488,1,0.16666666666666666,-2.7166987712964503,1.114638779968488,2,0.3333333333333333,-2.690369832574101,1.0883098412461385,3,0.5,-2.280175785218263,0.6781157938903009
official_test,99,thermoelectric_prior_static,128.0,1,0.16666666666666666,-2.7166987712964503,1.114638779968488,1,0.16666666666666666,-2.7166987712964503,1.114638779968488,4,0.6666666666666666,-2.065501548756432,0.4634415574284698,6,1.0,-1.6020599913279625,2.220446049250313e-16
official_test,99,target_source_rank_fusion,100.0,2,0.3333333333333333,-2.065501548756432,0.4634415574284698,2,0.3333333333333333,-2.065501548756432,0.4634415574284698,3,0.5,-2.065501548756432,0.4634415574284698,3,0.5,-2.065501548756432,0.4634415574284698
official_test,99,target_source_novelty_rank_fusion,151.0,2,0.3333333333333333,-2.065501548756432,0.4634415574284698,3,0.5,-2.065501548756432,0.4634415574284698,4,0.6666666666666666,-2.065501548756432,0.4634415574284698,5,0.8333333333333334,-2.065501548756432,0.4634415574284698
official_test,99,alloy_prior_static_control,18.0,0,0.0,-2.744727494896694,1.1426675035687317,0,0.0,-2.744727494896694,1.1426675035687317,0,0.0,-2.744727494896694,1.1426675035687317,1,0.16666666666666666,-2.7166987712964503,1.114638779968488
official_test,99,catalysis_prior_static_control,97.0,1,0.16666666666666666,-2.7166987712964503,1.114638779968488,1,0.16666666666666666,-2.7166987712964503,1.114638779968488,2,0.3333333333333333,-2.657577319177794,1.0555173278498315,5,0.8333333333333334,-1.6020599913279625,2.220446049250313e-16
official_test,99,shuffled_thermoelectric_static_control,37.0,0,0.0,-2.987445420464013,1.3853854291360508,0,0.0,-2.987445420464013,1.3853854291360508,0,0.0,-2.8601209135987635,1.2580609222708012,2,0.3333333333333333,-2.657577319177794,1.0555173278498315
hard_ood_40pct,0,uniform_random,43.0,0,0.0,-4.443697499232712,2.84163750790475,1,0.3333333333333333,-2.7166987712964503,1.114638779968488,1,0.3333333333333333,-2.7166987712964503,1.114638779968488,2,0.6666666666666666,-2.690369832574101,1.0883098412461385
hard_ood_40pct,0,target_ucb_beta1,107.0,1,0.3333333333333333,-1.6020599913279625,2.220446049250313e-16,3,1.0,-1.6020599913279625,2.220446049250313e-16,3,1.0,-1.6020599913279625,2.220446049250313e-16,3,1.0,-1.6020599913279625,2.220446049250313e-16
hard_ood_40pct,0,target_mean_greedy,87.0,2,0.6666666666666666,-2.690369832574101,1.0883098412461385,2,0.6666666666666666,-2.690369832574101,1.0883098412461385,2,0.6666666666666666,-2.690369832574101,1.0883098412461385,3,1.0,-1.6020599913279625,2.220446049250313e-16
hard_ood_40pct,0,composition_novelty,88.0,1,0.3333333333333333,-2.7166987712964503,1.114638779968488,1,0.3333333333333333,-2.7166987712964503,1.114638779968488,2,0.6666666666666666,-2.690369832574101,1.0883098412461385,3,1.0,-1.6020599913279625,2.220446049250313e-16
hard_ood_40pct,0,thermoelectric_prior_static,85.0,1,0.3333333333333333,-2.7166987712964503,1.114638779968488,1,0.3333333333333333,-2.7166987712964503,1.114638779968488,2,0.6666666666666666,-2.690369832574101,1.0883098412461385,3,1.0,-1.6020599913279625,2.220446049250313e-16
hard_ood_40pct,0,target_source_rank_fusion,91.0,2,0.6666666666666666,-2.690369832574101,1.0883098412461385,2,0.6666666666666666,-2.690369832574101,1.0883098412461385,2,0.6666666666666666,-2.690369832574101,1.0883098412461385,3,1.0,-1.6020599913279625,2.220446049250313e-16
hard_ood_40pct,0,target_source_novelty_rank_fusion,90.0,2,0.6666666666666666,-2.690369832574101,1.0883098412461385,2,0.6666666666666666,-2.690369832574101,1.0883098412461385,2,0.6666666666666666,-2.690369832574101,1.0883098412461385,3,1.0,-1.6020599913279625,2.220446049250313e-16
hard_ood_40pct,0,alloy_prior_static_control,42.0,0,0.0,-2.744727494896694,1.1426675035687317,0,0.0,-2.744727494896694,1.1426675035687317,1,0.3333333333333333,-2.7166987712964503,1.114638779968488,3,1.0,-1.6020599913279625,2.220446049250313e-16
hard_ood_40pct,0,catalysis_prior_static_control,58.0,1,0.3333333333333333,-2.7166987712964503,1.114638779968488,1,0.3333333333333333,-2.7166987712964503,1.114638779968488,2,0.6666666666666666,-1.6020599913279625,2.220446049250313e-16,2,0.6666666666666666,-1.6020599913279625,2.220446049250313e-16
hard_ood_40pct,0,shuffled_thermoelectric_static_control,47.0,0,0.0,-6.022276394711152,4.42021640338319,1,0.3333333333333333,-2.7166987712964503,1.114638779968488,1,0.3333333333333333,-2.7166987712964503,1.114638779968488,2,0.6666666666666666,-1.6020599913279625,2.220446049250313e-16
hard_ood_40pct,1,uniform_random,72.0,0,0.0,-4.1249387366083,2.5228787452803374,1,0.3333333333333333,-2.7166987712964503,1.114638779968488,2,0.6666666666666666,-2.690369832574101,1.0883098412461385,3,1.0,-1.6020599913279625,2.220446049250313e-16
hard_ood_40pct,1,target_ucb_beta1,71.0,0,0.0,-2.744727494896694,1.1426675035687317,1,0.3333333333333333,-2.690369832574101,1.0883098412461385,2,0.6666666666666666,-2.690369832574101,1.0883098412461385,3,1.0,-1.6020599913279625,2.220446049250313e-16
hard_ood_40pct,1,target_mean_greedy,91.0,2,0.6666666666666666,-2.690369832574101,1.0883098412461385,2,0.6666666666666666,-2.690369832574101,1.0883098412461385,2,0.6666666666666666,-2.690369832574101,1.0883098412461385,3,1.0,-1.6020599913279625,2.220446049250313e-16
hard_ood_40pct,1,composition_novelty,78.0,1,0.3333333333333333,-2.7166987712964503,1.114638779968488,1,0.3333333333333333,-2.7166987712964503,1.114638779968488,2,0.6666666666666666,-2.690369832574101,1.0883098412461385,3,1.0,-1.6020599913279625,2.220446049250313e-16
hard_ood_40pct,1,thermoelectric_prior_static,85.0,1,0.3333333333333333,-2.7166987712964503,1.114638779968488,1,0.3333333333333333,-2.7166987712964503,1.114638779968488,2,0.6666666666666666,-2.690369832574101,1.0883098412461385,3,1.0,-1.6020599913279625,2.220446049250313e-16
hard_ood_40pct,1,target_source_rank_fusion,87.0,2,0.6666666666666666,-2.690369832574101,1.0883098412461385,2,0.6666666666666666,-2.690369832574101,1.0883098412461385,2,0.6666666666666666,-2.690369832574101,1.0883098412461385,3,1.0,-1.6020599913279625,2.220446049250313e-16
hard_ood_40pct,1,target_source_novelty_rank_fusion,91.0,1,0.3333333333333333,-2.7166987712964503,1.114638779968488,2,0.6666666666666666,-2.690369832574101,1.0883098412461385,2,0.6666666666666666,-2.690369832574101,1.0883098412461385,3,1.0,-1.6020599913279625,2.220446049250313e-16
hard_ood_40pct,1,alloy_prior_static_control,42.0,0,0.0,-2.744727494896694,1.1426675035687317,0,0.0,-2.744727494896694,1.1426675035687317,1,0.3333333333333333,-2.7166987712964503,1.114638779968488,3,1.0,-1.6020599913279625,2.220446049250313e-16
hard_ood_40pct,1,catalysis_prior_static_control,58.0,1,0.3333333333333333,-2.7166987712964503,1.114638779968488,1,0.3333333333333333,-2.7166987712964503,1.114638779968488,2,0.6666666666666666,-1.6020599913279625,2.220446049250313e-16,2,0.6666666666666666,-1.6020599913279625,2.220446049250313e-16
hard_ood_40pct,1,shuffled_thermoelectric_static_control,47.0,0,0.0,-6.022276394711152,4.42021640338319,1,0.3333333333333333,-2.7166987712964503,1.114638779968488,1,0.3333333333333333,-2.7166987712964503,1.114638779968488,2,0.6666666666666666,-1.6020599913279625,2.220446049250313e-16
hard_ood_40pct,2,uniform_random,75.0,0,0.0,-2.795880017344075,1.1938200260161127,1,0.3333333333333333,-2.7166987712964503,1.114638779968488,2,0.6666666666666666,-2.690369832574101,1.0883098412461385,3,1.0,-1.6020599913279625,2.220446049250313e-16
hard_ood_40pct,2,target_ucb_beta1,62.0,0,0.0,-2.744727494896694,1.1426675035687317,0,0.0,-2.744727494896694,1.1426675035687317,2,0.6666666666666666,-2.690369832574101,1.0883098412461385,3,1.0,-1.6020599913279625,2.220446049250313e-16
hard_ood_40pct,2,target_mean_greedy,61.0,0,0.0,-3.886056647693163,2.2839966563652006,0,0.0,-3.886056647693163,2.2839966563652006,2,0.6666666666666666,-2.690369832574101,1.0883098412461385,3,1.0,-1.6020599913279625,2.220446049250313e-16
hard_ood_40pct,2,composition_novelty,92.0,1,0.3333333333333333,-2.7166987712964503,1.114638779968488,1,0.3333333333333333,-2.7166987712964503,1.114638779968488,3,1.0,-1.6020599913279625,2.220446049250313e-16,3,1.0,-1.6020599913279625,2.220446049250313e-16
hard_ood_40pct,2,thermoelectric_prior_static,85.0,1,0.3333333333333333,-2.7166987712964503,1.114638779968488,1,0.3333333333333333,-2.7166987712964503,1.114638779968488,2,0.6666666666666666,-2.690369832574101,1.0883098412461385,3,1.0,-1.6020599913279625,2.220446049250313e-16
hard_ood_40pct,2,target_source_rank_fusion,73.0,0,0.0,-4.1249387366083,2.5228787452803374,0,0.0,-4.1249387366083,2.5228787452803374,2,0.6666666666666666,-2.690369832574101,1.0883098412461385,3,1.0,-1.6020599913279625,2.220446049250313e-16
hard_ood_40pct,2,target_source_novelty_rank_fusion,88.0,1,0.3333333333333333,-2.7166987712964503,1.114638779968488,2,0.6666666666666666,-2.690369832574101,1.0883098412461385,2,0.6666666666666666,-2.690369832574101,1.0883098412461385,3,1.0,-1.6020599913279625,2.220446049250313e-16
hard_ood_40pct,2,alloy_prior_static_control,42.0,0,0.0,-2.744727494896694,1.1426675035687317,0,0.0,-2.744727494896694,1.1426675035687317,1,0.3333333333333333,-2.7166987712964503,1.114638779968488,3,1.0,-1.6020599913279625,2.220446049250313e-16
hard_ood_40pct,2,catalysis_prior_static_control,58.0,1,0.3333333333333333,-2.7166987712964503,1.114638779968488,1,0.3333333333333333,-2.7166987712964503,1.114638779968488,2,0.6666666666666666,-1.6020599913279625,2.220446049250313e-16,2,0.6666666666666666,-1.6020599913279625,2.220446049250313e-16
hard_ood_40pct,2,shuffled_thermoelectric_static_control,47.0,0,0.0,-6.022276394711152,4.42021640338319,1,0.3333333333333333,-2.7166987712964503,1.114638779968488,1,0.3333333333333333,-2.7166987712964503,1.114638779968488,2,0.6666666666666666,-1.6020599913279625,2.220446049250313e-16
hard_ood_40pct,3,uniform_random,22.0,0,0.0,-3.958607314841775,2.356547323513813,0,0.0,-3.958607314841775,2.356547323513813,0,0.0,-2.795880017344075,1.1938200260161127,2,0.6666666666666666,-1.6020599913279625,2.220446049250313e-16
hard_ood_40pct,3,target_ucb_beta1,60.0,0,0.0,-2.744727494896694,1.1426675035687317,0,0.0,-2.744727494896694,1.1426675035687317,2,0.6666666666666666,-2.690369832574101,1.0883098412461385,3,1.0,-1.6020599913279625,2.220446049250313e-16
hard_ood_40pct,3,target_mean_greedy,62.0,0,0.0,-4.1249387366083,2.5228787452803374,0,0.0,-3.958607314841775,2.356547323513813,2,0.6666666666666666,-2.690369832574101,1.0883098412461385,3,1.0,-1.6020599913279625,2.220446049250313e-16
hard_ood_40pct,3,composition_novelty,81.0,1,0.3333333333333333,-2.7166987712964503,1.114638779968488,2,0.6666666666666666,-2.690369832574101,1.0883098412461385,2,0.6666666666666666,-2.690369832574101,1.0883098412461385,3,1.0,-1.6020599913279625,2.220446049250313e-16
hard_ood_40pct,3,thermoelectric_prior_static,85.0,1,0.3333333333333333,-2.7166987712964503,1.114638779968488,1,0.3333333333333333,-2.7166987712964503,1.114638779968488,2,0.6666666666666666,-2.690369832574101,1.0883098412461385,3,1.0,-1.6020599913279625,2.220446049250313e-16
hard_ood_40pct,3,target_source_rank_fusion,75.0,0,0.0,-4.1249387366083,2.5228787452803374,0,0.0,-4.1249387366083,2.5228787452803374,2,0.6666666666666666,-2.690369832574101,1.0883098412461385,3,1.0,-1.6020599913279625,2.220446049250313e-16
hard_ood_40pct,3,target_source_novelty_rank_fusion,86.0,0,0.0,-4.443697499232712,2.84163750790475,2,0.6666666666666666,-2.690369832574101,1.0883098412461385,2,0.6666666666666666,-2.690369832574101,1.0883098412461385,3,1.0,-1.6020599913279625,2.220446049250313e-16
hard_ood_40pct,3,alloy_prior_static_control,42.0,0,0.0,-2.744727494896694,1.1426675035687317,0,0.0,-2.744727494896694,1.1426675035687317,1,0.3333333333333333,-2.7166987712964503,1.114638779968488,3,1.0,-1.6020599913279625,2.220446049250313e-16
hard_ood_40pct,3,catalysis_prior_static_control,58.0,1,0.3333333333333333,-2.7166987712964503,1.114638779968488,1,0.3333333333333333,-2.7166987712964503,1.114638779968488,2,0.6666666666666666,-1.6020599913279625,2.220446049250313e-16,2,0.6666666666666666,-1.6020599913279625,2.220446049250313e-16
hard_ood_40pct,3,shuffled_thermoelectric_static_control,47.0,0,0.0,-6.022276394711152,4.42021640338319,1,0.3333333333333333,-2.7166987712964503,1.114638779968488,1,0.3333333333333333,-2.7166987712964503,1.114638779968488,2,0.6666666666666666,-1.6020599913279625,2.220446049250313e-16
hard_ood_40pct,4,uniform_random,62.0,0,0.0,-3.886056647693163,2.2839966563652006,0,0.0,-3.886056647693163,2.2839966563652006,2,0.6666666666666666,-1.6020599913279625,2.220446049250313e-16,3,1.0,-1.6020599913279625,2.220446049250313e-16
hard_ood_40pct,4,target_ucb_beta1,108.0,2,0.6666666666666666,-2.690369832574101,1.0883098412461385,3,1.0,-1.6020599913279625,2.220446049250313e-16,3,1.0,-1.6020599913279625,2.220446049250313e-16,3,1.0,-1.6020599913279625,2.220446049250313e-16
hard_ood_40pct,4,target_mean_greedy,77.0,0,0.0,-4.552841968657781,2.950781977329818,2,0.6666666666666666,-2.690369832574101,1.0883098412461385,2,0.6666666666666666,-2.690369832574101,1.0883098412461385,3,1.0,-1.6020599913279625,2.220446049250313e-16
hard_ood_40pct,4,composition_novelty,86.0,1,0.3333333333333333,-2.7166987712964503,1.114638779968488,2,0.6666666666666666,-2.690369832574101,1.0883098412461385,2,0.6666666666666666,-2.690369832574101,1.0883098412461385,3,1.0,-1.6020599913279625,2.220446049250313e-16
hard_ood_40pct,4,thermoelectric_prior_static,85.0,1,0.3333333333333333,-2.7166987712964503,1.114638779968488,1,0.3333333333333333,-2.7166987712964503,1.114638779968488,2,0.6666666666666666,-2.690369832574101,1.0883098412461385,3,1.0,-1.6020599913279625,2.220446049250313e-16
hard_ood_40pct,4,target_source_rank_fusion,88.0,1,0.3333333333333333,-2.7166987712964503,1.114638779968488,2,0.6666666666666666,-2.690369832574101,1.0883098412461385,2,0.6666666666666666,-2.690369832574101,1.0883098412461385,3,1.0,-1.6020599913279625,2.220446049250313e-16
hard_ood_40pct,4,target_source_novelty_rank_fusion,93.0,2,0.6666666666666666,-2.690369832574101,1.0883098412461385,2,0.6666666666666666,-2.690369832574101,1.0883098412461385,2,0.6666666666666666,-2.690369832574101,1.0883098412461385,3,1.0,-1.6020599913279625,2.220446049250313e-16
hard_ood_40pct,4,alloy_prior_static_control,42.0,0,0.0,-2.744727494896694,1.1426675035687317,0,0.0,-2.744727494896694,1.1426675035687317,1,0.3333333333333333,-2.7166987712964503,1.114638779968488,3,1.0,-1.6020599913279625,2.220446049250313e-16
hard_ood_40pct,4,catalysis_prior_static_control,58.0,1,0.3333333333333333,-2.7166987712964503,1.114638779968488,1,0.3333333333333333,-2.7166987712964503,1.114638779968488,2,0.6666666666666666,-1.6020599913279625,2.220446049250313e-16,2,0.6666666666666666,-1.6020599913279625,2.220446049250313e-16
hard_ood_40pct,4,shuffled_thermoelectric_static_control,47.0,0,0.0,-6.022276394711152,4.42021640338319,1,0.3333333333333333,-2.7166987712964503,1.114638779968488,1,0.3333333333333333,-2.7166987712964503,1.114638779968488,2,0.6666666666666666,-1.6020599913279625,2.220446049250313e-16
hard_ood_40pct,5,uniform_random,56.0,0,0.0,-2.744727494896694,1.1426675035687317,1,0.3333333333333333,-1.6020599913279625,2.220446049250313e-16,1,0.3333333333333333,-1.6020599913279625,2.220446049250313e-16,3,1.0,-1.6020599913279625,2.220446049250313e-16
hard_ood_40pct,5,target_ucb_beta1,12.0,0,0.0,-2.795880017344075,1.1938200260161127,0,0.0,-2.795880017344075,1.1938200260161127,0,0.0,-2.744727494896694,1.1426675035687317,3,1.0,-1.6020599913279625,2.220446049250313e-16
hard_ood_40pct,5,target_mean_greedy,36.0,0,0.0,-2.795880017344075,1.1938200260161127,0,0.0,-2.795880017344075,1.1938200260161127,0,0.0,-2.744727494896694,1.1426675035687317,3,1.0,-1.6020599913279625,2.220446049250313e-16
hard_ood_40pct,5,composition_novelty,99.0,2,0.6666666666666666,-2.690369832574101,1.0883098412461385,2,0.6666666666666666,-2.690369832574101,1.0883098412461385,3,1.0,-1.6020599913279625,2.220446049250313e-16,3,1.0,-1.6020599913279625,2.220446049250313e-16
hard_ood_40pct,5,thermoelectric_prior_static,85.0,1,0.3333333333333333,-2.7166987712964503,1.114638779968488,1,0.3333333333333333,-2.7166987712964503,1.114638779968488,2,0.6666666666666666,-2.690369832574101,1.0883098412461385,3,1.0,-1.6020599913279625,2.220446049250313e-16
hard_ood_40pct,5,target_source_rank_fusion,45.0,0,0.0,-4.552841968657781,2.950781977329818,0,0.0,-3.958607314841775,2.356547323513813,0,0.0,-3.886056647693163,2.2839966563652006,3,1.0,-1.6020599913279625,2.220446049250313e-16
hard_ood_40pct,5,target_source_novelty_rank_fusion,64.0,0,0.0,-4.1249387366083,2.5228787452803374,0,0.0,-3.958607314841775,2.356547323513813,2,0.6666666666666666,-2.690369832574101,1.0883098412461385,3,1.0,-1.6020599913279625,2.220446049250313e-16
hard_ood_40pct,5,alloy_prior_static_control,42.0,0,0.0,-2.744727494896694,1.1426675035687317,0,0.0,-2.744727494896694,1.1426675035687317,1,0.3333333333333333,-2.7166987712964503,1.114638779968488,3,1.0,-1.6020599913279625,2.220446049250313e-16
hard_ood_40pct,5,catalysis_prior_static_control,58.0,1,0.3333333333333333,-2.7166987712964503,1.114638779968488,1,0.3333333333333333,-2.7166987712964503,1.114638779968488,2,0.6666666666666666,-1.6020599913279625,2.220446049250313e-16,2,0.6666666666666666,-1.6020599913279625,2.220446049250313e-16
hard_ood_40pct,5,shuffled_thermoelectric_static_control,47.0,0,0.0,-6.022276394711152,4.42021640338319,1,0.3333333333333333,-2.7166987712964503,1.114638779968488,1,0.3333333333333333,-2.7166987712964503,1.114638779968488,2,0.6666666666666666,-1.6020599913279625,2.220446049250313e-16
hard_ood_40pct,6,uniform_random,52.0,1,0.3333333333333333,-2.7166987712964503,1.114638779968488,1,0.3333333333333333,-2.7166987712964503,1.114638779968488,1,0.3333333333333333,-2.7166987712964503,1.114638779968488,3,1.0,-1.6020599913279625,2.220446049250313e-16
hard_ood_40pct,6,target_ucb_beta1,77.0,0,0.0,-3.958607314841775,2.356547323513813,0,0.0,-2.744727494896694,1.1426675035687317,3,1.0,-1.6020599913279625,2.220446049250313e-16,3,1.0,-1.6020599913279625,2.220446049250313e-16
hard_ood_40pct,6,target_mean_greedy,74.0,1,0.3333333333333333,-2.690369832574101,1.0883098412461385,1,0.3333333333333333,-2.690369832574101,1.0883098412461385,1,0.3333333333333333,-2.690369832574101,1.0883098412461385,3,1.0,-1.6020599913279625,2.220446049250313e-16
hard_ood_40pct,6,composition_novelty,95.0,1,0.3333333333333333,-2.7166987712964503,1.114638779968488,1,0.3333333333333333,-2.7166987712964503,1.114638779968488,3,1.0,-1.6020599913279625,2.220446049250313e-16,3,1.0,-1.6020599913279625,2.220446049250313e-16
hard_ood_40pct,6,thermoelectric_prior_static,85.0,1,0.3333333333333333,-2.7166987712964503,1.114638779968488,1,0.3333333333333333,-2.7166987712964503,1.114638779968488,2,0.6666666666666666,-2.690369832574101,1.0883098412461385,3,1.0,-1.6020599913279625,2.220446049250313e-16
hard_ood_40pct,6,target_source_rank_fusion,79.0,0,0.0,-4.552841968657781,2.950781977329818,1,0.3333333333333333,-2.690369832574101,1.0883098412461385,2,0.6666666666666666,-2.690369832574101,1.0883098412461385,3,1.0,-1.6020599913279625,2.220446049250313e-16
hard_ood_40pct,6,target_source_novelty_rank_fusion,98.0,2,0.6666666666666666,-2.690369832574101,1.0883098412461385,2,0.6666666666666666,-2.690369832574101,1.0883098412461385,3,1.0,-1.6020599913279625,2.220446049250313e-16,3,1.0,-1.6020599913279625,2.220446049250313e-16
hard_ood_40pct,6,alloy_prior_static_control,42.0,0,0.0,-2.744727494896694,1.1426675035687317,0,0.0,-2.744727494896694,1.1426675035687317,1,0.3333333333333333,-2.7166987712964503,1.114638779968488,3,1.0,-1.6020599913279625,2.220446049250313e-16
hard_ood_40pct,6,catalysis_prior_static_control,58.0,1,0.3333333333333333,-2.7166987712964503,1.114638779968488,1,0.3333333333333333,-2.7166987712964503,1.114638779968488,2,0.6666666666666666,-1.6020599913279625,2.220446049250313e-16,2,0.6666666666666666,-1.6020599913279625,2.220446049250313e-16
hard_ood_40pct,6,shuffled_thermoelectric_static_control,47.0,0,0.0,-6.022276394711152,4.42021640338319,1,0.3333333333333333,-2.7166987712964503,1.114638779968488,1,0.3333333333333333,-2.7166987712964503,1.114638779968488,2,0.6666666666666666,-1.6020599913279625,2.220446049250313e-16
hard_ood_40pct,7,uniform_random,31.0,0,0.0,-3.958607314841775,2.356547323513813,0,0.0,-3.958607314841775,2.356547323513813,0,0.0,-2.795880017344075,1.1938200260161127,3,1.0,-1.6020599913279625,2.220446049250313e-16
hard_ood_40pct,7,target_ucb_beta1,42.0,0,0.0,-2.744727494896694,1.1426675035687317,0,0.0,-2.744727494896694,1.1426675035687317,0,0.0,-2.744727494896694,1.1426675035687317,3,1.0,-1.6020599913279625,2.220446049250313e-16
hard_ood_40pct,7,target_mean_greedy,56.0,0,0.0,-2.744727494896694,1.1426675035687317,0,0.0,-2.744727494896694,1.1426675035687317,0,0.0,-2.744727494896694,1.1426675035687317,3,1.0,-1.6020599913279625,2.220446049250313e-16
hard_ood_40pct,7,composition_novelty,90.0,1,0.3333333333333333,-2.7166987712964503,1.114638779968488,1,0.3333333333333333,-2.7166987712964503,1.114638779968488,3,1.0,-1.6020599913279625,2.220446049250313e-16,3,1.0,-1.6020599913279625,2.220446049250313e-16
hard_ood_40pct,7,thermoelectric_prior_static,85.0,1,0.3333333333333333,-2.7166987712964503,1.114638779968488,1,0.3333333333333333,-2.7166987712964503,1.114638779968488,2,0.6666666666666666,-2.690369832574101,1.0883098412461385,3,1.0,-1.6020599913279625,2.220446049250313e-16
hard_ood_40pct,7,target_source_rank_fusion,50.0,0,0.0,-2.744727494896694,1.1426675035687317,0,0.0,-2.744727494896694,1.1426675035687317,0,0.0,-2.744727494896694,1.1426675035687317,3,1.0,-1.6020599913279625,2.220446049250313e-16
hard_ood_40pct,7,target_source_novelty_rank_fusion,89.0,0,0.0,-2.744727494896694,1.1426675035687317,1,0.3333333333333333,-2.7166987712964503,1.114638779968488,3,1.0,-1.6020599913279625,2.220446049250313e-16,3,1.0,-1.6020599913279625,2.220446049250313e-16
hard_ood_40pct,7,alloy_prior_static_control,42.0,0,0.0,-2.744727494896694,1.1426675035687317,0,0.0,-2.744727494896694,1.1426675035687317,1,0.3333333333333333,-2.7166987712964503,1.114638779968488,3,1.0,-1.6020599913279625,2.220446049250313e-16
hard_ood_40pct,7,catalysis_prior_static_control,58.0,1,0.3333333333333333,-2.7166987712964503,1.114638779968488,1,0.3333333333333333,-2.7166987712964503,1.114638779968488,2,0.6666666666666666,-1.6020599913279625,2.220446049250313e-16,2,0.6666666666666666,-1.6020599913279625,2.220446049250313e-16
hard_ood_40pct,7,shuffled_thermoelectric_static_control,47.0,0,0.0,-6.022276394711152,4.42021640338319,1,0.3333333333333333,-2.7166987712964503,1.114638779968488,1,0.3333333333333333,-2.7166987712964503,1.114638779968488,2,0.6666666666666666,-1.6020599913279625,2.220446049250313e-16
hard_ood_40pct,8,uniform_random,74.0,0,0.0,-2.795880017344075,1.1938200260161127,0,0.0,-2.744727494896694,1.1426675035687317,2,0.6666666666666666,-2.690369832574101,1.0883098412461385,3,1.0,-1.6020599913279625,2.220446049250313e-16
hard_ood_40pct,8,target_ucb_beta1,60.0,0,0.0,-4.1249387366083,2.5228787452803374,0,0.0,-2.744727494896694,1.1426675035687317,2,0.6666666666666666,-2.690369832574101,1.0883098412461385,3,1.0,-1.6020599913279625,2.220446049250313e-16
hard_ood_40pct,8,target_mean_greedy,59.0,0,0.0,-3.958607314841775,2.356547323513813,0,0.0,-3.958607314841775,2.356547323513813,2,0.6666666666666666,-2.690369832574101,1.0883098412461385,3,1.0,-1.6020599913279625,2.220446049250313e-16
hard_ood_40pct,8,composition_novelty,95.0,1,0.3333333333333333,-2.7166987712964503,1.114638779968488,1,0.3333333333333333,-2.7166987712964503,1.114638779968488,3,1.0,-1.6020599913279625,2.220446049250313e-16,3,1.0,-1.6020599913279625,2.220446049250313e-16
hard_ood_40pct,8,thermoelectric_prior_static,85.0,1,0.3333333333333333,-2.7166987712964503,1.114638779968488,1,0.3333333333333333,-2.7166987712964503,1.114638779968488,2,0.6666666666666666,-2.690369832574101,1.0883098412461385,3,1.0,-1.6020599913279625,2.220446049250313e-16
hard_ood_40pct,8,target_source_rank_fusion,71.0,0,0.0,-4.552841968657781,2.950781977329818,0,0.0,-3.958607314841775,2.356547323513813,2,0.6666666666666666,-2.690369832574101,1.0883098412461385,3,1.0,-1.6020599913279625,2.220446049250313e-16
hard_ood_40pct,8,target_source_novelty_rank_fusion,85.0,0,0.0,-3.958607314841775,2.356547323513813,2,0.6666666666666666,-2.690369832574101,1.0883098412461385,2,0.6666666666666666,-2.690369832574101,1.0883098412461385,3,1.0,-1.6020599913279625,2.220446049250313e-16
hard_ood_40pct,8,alloy_prior_static_control,42.0,0,0.0,-2.744727494896694,1.1426675035687317,0,0.0,-2.744727494896694,1.1426675035687317,1,0.3333333333333333,-2.7166987712964503,1.114638779968488,3,1.0,-1.6020599913279625,2.220446049250313e-16
hard_ood_40pct,8,catalysis_prior_static_control,58.0,1,0.3333333333333333,-2.7166987712964503,1.114638779968488,1,0.3333333333333333,-2.7166987712964503,1.114638779968488,2,0.6666666666666666,-1.6020599913279625,2.220446049250313e-16,2,0.6666666666666666,-1.6020599913279625,2.220446049250313e-16
hard_ood_40pct,8,shuffled_thermoelectric_static_control,47.0,0,0.0,-6.022276394711152,4.42021640338319,1,0.3333333333333333,-2.7166987712964503,1.114638779968488,1,0.3333333333333333,-2.7166987712964503,1.114638779968488,2,0.6666666666666666,-1.6020599913279625,2.220446049250313e-16
hard_ood_40pct,9,uniform_random,39.0,0,0.0,-4.823908740944319,3.221848749616356,0,0.0,-4.552841968657781,2.950781977329818,1,0.3333333333333333,-2.7166987712964503,1.114638779968488,3,1.0,-1.6020599913279625,2.220446049250313e-16
hard_ood_40pct,9,target_ucb_beta1,32.0,0,0.0,-2.744727494896694,1.1426675035687317,0,0.0,-2.744727494896694,1.1426675035687317,0,0.0,-2.744727494896694,1.1426675035687317,3,1.0,-1.6020599913279625,2.220446049250313e-16
hard_ood_40pct,9,target_mean_greedy,38.0,0,0.0,-3.886056647693163,2.2839966563652006,0,0.0,-2.744727494896694,1.1426675035687317,0,0.0,-2.744727494896694,1.1426675035687317,3,1.0,-1.6020599913279625,2.220446049250313e-16
hard_ood_40pct,9,composition_novelty,83.0,0,0.0,-2.795880017344075,1.1938200260161127,1,0.3333333333333333,-2.7166987712964503,1.114638779968488,3,1.0,-1.6020599913279625,2.220446049250313e-16,3,1.0,-1.6020599913279625,2.220446049250313e-16
hard_ood_40pct,9,thermoelectric_prior_static,85.0,1,0.3333333333333333,-2.7166987712964503,1.114638779968488,1,0.3333333333333333,-2.7166987712964503,1.114638779968488,2,0.6666666666666666,-2.690369832574101,1.0883098412461385,3,1.0,-1.6020599913279625,2.220446049250313e-16
hard_ood_40pct,9,target_source_rank_fusion,69.0,0,0.0,-3.958607314841775,2.356547323513813,0,0.0,-3.886056647693163,2.2839966563652006,2,0.6666666666666666,-2.690369832574101,1.0883098412461385,3,1.0,-1.6020599913279625,2.220446049250313e-16
hard_ood_40pct,9,target_source_novelty_rank_fusion,91.0,2,0.6666666666666666,-2.690369832574101,1.0883098412461385,2,0.6666666666666666,-2.690369832574101,1.0883098412461385,2,0.6666666666666666,-2.690369832574101,1.0883098412461385,3,1.0,-1.6020599913279625,2.220446049250313e-16
hard_ood_40pct,9,alloy_prior_static_control,42.0,0,0.0,-2.744727494896694,1.1426675035687317,0,0.0,-2.744727494896694,1.1426675035687317,1,0.3333333333333333,-2.7166987712964503,1.114638779968488,3,1.0,-1.6020599913279625,2.220446049250313e-16
hard_ood_40pct,9,catalysis_prior_static_control,58.0,1,0.3333333333333333,-2.7166987712964503,1.114638779968488,1,0.3333333333333333,-2.7166987712964503,1.114638779968488,2,0.6666666666666666,-1.6020599913279625,2.220446049250313e-16,2,0.6666666666666666,-1.6020599913279625,2.220446049250313e-16
hard_ood_40pct,9,shuffled_thermoelectric_static_control,47.0,0,0.0,-6.022276394711152,4.42021640338319,1,0.3333333333333333,-2.7166987712964503,1.114638779968488,1,0.3333333333333333,-2.7166987712964503,1.114638779968488,2,0.6666666666666666,-1.6020599913279625,2.220446049250313e-16
hard_ood_40pct,10,uniform_random,83.0,0,0.0,-4.928117992693875,3.3260580013659125,1,0.3333333333333333,-2.690369832574101,1.0883098412461385,3,1.0,-1.6020599913279625,2.220446049250313e-16,3,1.0,-1.6020599913279625,2.220446049250313e-16
hard_ood_40pct,10,target_ucb_beta1,88.0,0,0.0,-2.744727494896694,1.1426675035687317,2,0.6666666666666666,-2.690369832574101,1.0883098412461385,2,0.6666666666666666,-2.690369832574101,1.0883098412461385,3,1.0,-1.6020599913279625,2.220446049250313e-16
hard_ood_40pct,10,target_mean_greedy,94.0,2,0.6666666666666666,-2.690369832574101,1.0883098412461385,2,0.6666666666666666,-2.690369832574101,1.0883098412461385,2,0.6666666666666666,-2.690369832574101,1.0883098412461385,3,1.0,-1.6020599913279625,2.220446049250313e-16
hard_ood_40pct,10,composition_novelty,70.0,0,0.0,-5.301029995663981,3.6989700043360187,1,0.3333333333333333,-2.7166987712964503,1.114638779968488,2,0.6666666666666666,-2.690369832574101,1.0883098412461385,3,1.0,-1.6020599913279625,2.220446049250313e-16
hard_ood_40pct,10,thermoelectric_prior_static,85.0,1,0.3333333333333333,-2.7166987712964503,1.114638779968488,1,0.3333333333333333,-2.7166987712964503,1.114638779968488,2,0.6666666666666666,-2.690369832574101,1.0883098412461385,3,1.0,-1.6020599913279625,2.220446049250313e-16
hard_ood_40pct,10,target_source_rank_fusion,85.0,1,0.3333333333333333,-2.7166987712964503,1.114638779968488,2,0.6666666666666666,-2.690369832574101,1.0883098412461385,2,0.6666666666666666,-2.690369832574101,1.0883098412461385,3,1.0,-1.6020599913279625,2.220446049250313e-16
hard_ood_40pct,10,target_source_novelty_rank_fusion,90.0,1,0.3333333333333333,-2.7166987712964503,1.114638779968488,2,0.6666666666666666,-2.690369832574101,1.0883098412461385,2,0.6666666666666666,-2.690369832574101,1.0883098412461385,3,1.0,-1.6020599913279625,2.220446049250313e-16
hard_ood_40pct,10,alloy_prior_static_control,42.0,0,0.0,-2.744727494896694,1.1426675035687317,0,0.0,-2.744727494896694,1.1426675035687317,1,0.3333333333333333,-2.7166987712964503,1.114638779968488,3,1.0,-1.6020599913279625,2.220446049250313e-16
hard_ood_40pct,10,catalysis_prior_static_control,58.0,1,0.3333333333333333,-2.7166987712964503,1.114638779968488,1,0.3333333333333333,-2.7166987712964503,1.114638779968488,2,0.6666666666666666,-1.6020599913279625,2.220446049250313e-16,2,0.6666666666666666,-1.6020599913279625,2.220446049250313e-16
hard_ood_40pct,10,shuffled_thermoelectric_static_control,47.0,0,0.0,-6.022276394711152,4.42021640338319,1,0.3333333333333333,-2.7166987712964503,1.114638779968488,1,0.3333333333333333,-2.7166987712964503,1.114638779968488,2,0.6666666666666666,-1.6020599913279625,2.220446049250313e-16
hard_ood_40pct,11,uniform_random,64.0,0,0.0,-4.928117992693875,3.3260580013659125,1,0.3333333333333333,-2.690369832574101,1.0883098412461385,2,0.6666666666666666,-1.6020599913279625,2.220446049250313e-16,3,1.0,-1.6020599913279625,2.220446049250313e-16
hard_ood_40pct,11,target_ucb_beta1,83.0,2,0.6666666666666666,-2.690369832574101,1.0883098412461385,2,0.6666666666666666,-2.690369832574101,1.0883098412461385,2,0.6666666666666666,-2.690369832574101,1.0883098412461385,3,1.0,-1.6020599913279625,2.220446049250313e-16
hard_ood_40pct,11,target_mean_greedy,82.0,2,0.6666666666666666,-2.690369832574101,1.0883098412461385,2,0.6666666666666666,-2.690369832574101,1.0883098412461385,2,0.6666666666666666,-2.690369832574101,1.0883098412461385,3,1.0,-1.6020599913279625,2.220446049250313e-16
hard_ood_40pct,11,composition_novelty,86.0,1,0.3333333333333333,-2.7166987712964503,1.114638779968488,2,0.6666666666666666,-2.690369832574101,1.0883098412461385,2,0.6666666666666666,-2.690369832574101,1.0883098412461385,3,1.0,-1.6020599913279625,2.220446049250313e-16
hard_ood_40pct,11,thermoelectric_prior_static,85.0,1,0.3333333333333333,-2.7166987712964503,1.114638779968488,1,0.3333333333333333,-2.7166987712964503,1.114638779968488,2,0.6666666666666666,-2.690369832574101,1.0883098412461385,3,1.0,-1.6020599913279625,2.220446049250313e-16
hard_ood_40pct,11,target_source_rank_fusion,83.0,2,0.6666666666666666,-2.690369832574101,1.0883098412461385,2,0.6666666666666666,-2.690369832574101,1.0883098412461385,2,0.6666666666666666,-2.690369832574101,1.0883098412461385,3,1.0,-1.6020599913279625,2.220446049250313e-16
hard_ood_40pct,11,target_source_novelty_rank_fusion,88.0,2,0.6666666666666666,-2.690369832574101,1.0883098412461385,2,0.6666666666666666,-2.690369832574101,1.0883098412461385,2,0.6666666666666666,-2.690369832574101,1.0883098412461385,3,1.0,-1.6020599913279625,2.220446049250313e-16
hard_ood_40pct,11,alloy_prior_static_control,42.0,0,0.0,-2.744727494896694,1.1426675035687317,0,0.0,-2.744727494896694,1.1426675035687317,1,0.3333333333333333,-2.7166987712964503,1.114638779968488,3,1.0,-1.6020599913279625,2.220446049250313e-16
hard_ood_40pct,11,catalysis_prior_static_control,58.0,1,0.3333333333333333,-2.7166987712964503,1.114638779968488,1,0.3333333333333333,-2.7166987712964503,1.114638779968488,2,0.6666666666666666,-1.6020599913279625,2.220446049250313e-16,2,0.6666666666666666,-1.6020599913279625,2.220446049250313e-16
hard_ood_40pct,11,shuffled_thermoelectric_static_control,47.0,0,0.0,-6.022276394711152,4.42021640338319,1,0.3333333333333333,-2.7166987712964503,1.114638779968488,1,0.3333333333333333,-2.7166987712964503,1.114638779968488,2,0.6666666666666666,-1.6020599913279625,2.220446049250313e-16
hard_ood_40pct,12,uniform_random,84.0,1,0.3333333333333333,-2.690369832574101,1.0883098412461385,1,0.3333333333333333,-2.690369832574101,1.0883098412461385,2,0.6666666666666666,-1.6020599913279625,2.220446049250313e-16,3,1.0,-1.6020599913279625,2.220446049250313e-16
hard_ood_40pct,12,target_ucb_beta1,80.0,1,0.3333333333333333,-2.690369832574101,1.0883098412461385,2,0.6666666666666666,-2.690369832574101,1.0883098412461385,2,0.6666666666666666,-2.690369832574101,1.0883098412461385,3,1.0,-1.6020599913279625,2.220446049250313e-16
hard_ood_40pct,12,target_mean_greedy,77.0,1,0.3333333333333333,-2.690369832574101,1.0883098412461385,1,0.3333333333333333,-2.690369832574101,1.0883098412461385,2,0.6666666666666666,-2.690369832574101,1.0883098412461385,3,1.0,-1.6020599913279625,2.220446049250313e-16
hard_ood_40pct,12,composition_novelty,80.0,1,0.3333333333333333,-2.7166987712964503,1.114638779968488,1,0.3333333333333333,-2.7166987712964503,1.114638779968488,2,0.6666666666666666,-2.690369832574101,1.0883098412461385,3,1.0,-1.6020599913279625,2.220446049250313e-16
hard_ood_40pct,12,thermoelectric_prior_static,85.0,1,0.3333333333333333,-2.7166987712964503,1.114638779968488,1,0.3333333333333333,-2.7166987712964503,1.114638779968488,2,0.6666666666666666,-2.690369832574101,1.0883098412461385,3,1.0,-1.6020599913279625,2.220446049250313e-16
hard_ood_40pct,12,target_source_rank_fusion,94.0,2,0.6666666666666666,-2.690369832574101,1.0883098412461385,2,0.6666666666666666,-2.690369832574101,1.0883098412461385,2,0.6666666666666666,-2.690369832574101,1.0883098412461385,3,1.0,-1.6020599913279625,2.220446049250313e-16
hard_ood_40pct,12,target_source_novelty_rank_fusion,87.0,2,0.6666666666666666,-2.690369832574101,1.0883098412461385,2,0.6666666666666666,-2.690369832574101,1.0883098412461385,2,0.6666666666666666,-2.690369832574101,1.0883098412461385,3,1.0,-1.6020599913279625,2.220446049250313e-16
hard_ood_40pct,12,alloy_prior_static_control,42.0,0,0.0,-2.744727494896694,1.1426675035687317,0,0.0,-2.744727494896694,1.1426675035687317,1,0.3333333333333333,-2.7166987712964503,1.114638779968488,3,1.0,-1.6020599913279625,2.220446049250313e-16
hard_ood_40pct,12,catalysis_prior_static_control,58.0,1,0.3333333333333333,-2.7166987712964503,1.114638779968488,1,0.3333333333333333,-2.7166987712964503,1.114638779968488,2,0.6666666666666666,-1.6020599913279625,2.220446049250313e-16,2,0.6666666666666666,-1.6020599913279625,2.220446049250313e-16
hard_ood_40pct,12,shuffled_thermoelectric_static_control,47.0,0,0.0,-6.022276394711152,4.42021640338319,1,0.3333333333333333,-2.7166987712964503,1.114638779968488,1,0.3333333333333333,-2.7166987712964503,1.114638779968488,2,0.6666666666666666,-1.6020599913279625,2.220446049250313e-16
hard_ood_40pct,13,uniform_random,50.0,0,0.0,-3.958607314841775,2.356547323513813,0,0.0,-2.795880017344075,1.1938200260161127,1,0.3333333333333333,-2.7166987712964503,1.114638779968488,3,1.0,-1.6020599913279625,2.220446049250313e-16
hard_ood_40pct,13,target_ucb_beta1,82.0,0,0.0,-2.744727494896694,1.1426675035687317,0,0.0,-2.744727494896694,1.1426675035687317,3,1.0,-1.6020599913279625,2.220446049250313e-16,3,1.0,-1.6020599913279625,2.220446049250313e-16
hard_ood_40pct,13,target_mean_greedy,74.0,0,0.0,-4.928117992693875,3.3260580013659125,2,0.6666666666666666,-2.690369832574101,1.0883098412461385,2,0.6666666666666666,-2.690369832574101,1.0883098412461385,3,1.0,-1.6020599913279625,2.220446049250313e-16
hard_ood_40pct,13,composition_novelty,83.0,1,0.3333333333333333,-2.7166987712964503,1.114638779968488,1,0.3333333333333333,-2.7166987712964503,1.114638779968488,2,0.6666666666666666,-2.690369832574101,1.0883098412461385,3,1.0,-1.6020599913279625,2.220446049250313e-16
hard_ood_40pct,13,thermoelectric_prior_static,85.0,1,0.3333333333333333,-2.7166987712964503,1.114638779968488,1,0.3333333333333333,-2.7166987712964503,1.114638779968488,2,0.6666666666666666,-2.690369832574101,1.0883098412461385,3,1.0,-1.6020599913279625,2.220446049250313e-16
hard_ood_40pct,13,target_source_rank_fusion,93.0,2,0.6666666666666666,-2.690369832574101,1.0883098412461385,2,0.6666666666666666,-2.690369832574101,1.0883098412461385,2,0.6666666666666666,-2.690369832574101,1.0883098412461385,3,1.0,-1.6020599913279625,2.220446049250313e-16
hard_ood_40pct,13,target_source_novelty_rank_fusion,93.0,2,0.6666666666666666,-2.690369832574101,1.0883098412461385,2,0.6666666666666666,-2.690369832574101,1.0883098412461385,2,0.6666666666666666,-2.690369832574101,1.0883098412461385,3,1.0,-1.6020599913279625,2.220446049250313e-16
hard_ood_40pct,13,alloy_prior_static_control,42.0,0,0.0,-2.744727494896694,1.1426675035687317,0,0.0,-2.744727494896694,1.1426675035687317,1,0.3333333333333333,-2.7166987712964503,1.114638779968488,3,1.0,-1.6020599913279625,2.220446049250313e-16
hard_ood_40pct,13,catalysis_prior_static_control,58.0,1,0.3333333333333333,-2.7166987712964503,1.114638779968488,1,0.3333333333333333,-2.7166987712964503,1.114638779968488,2,0.6666666666666666,-1.6020599913279625,2.220446049250313e-16,2,0.6666666666666666,-1.6020599913279625,2.220446049250313e-16
hard_ood_40pct,13,shuffled_thermoelectric_static_control,47.0,0,0.0,-6.022276394711152,4.42021640338319,1,0.3333333333333333,-2.7166987712964503,1.114638779968488,1,0.3333333333333333,-2.7166987712964503,1.114638779968488,2,0.6666666666666666,-1.6020599913279625,2.220446049250313e-16
hard_ood_40pct,14,uniform_random,51.0,0,0.0,-4.552841968657781,2.950781977329818,1,0.3333333333333333,-2.7166987712964503,1.114638779968488,1,0.3333333333333333,-2.7166987712964503,1.114638779968488,3,1.0,-1.6020599913279625,2.220446049250313e-16
hard_ood_40pct,14,target_ucb_beta1,15.0,0,0.0,-4.443697499232712,2.84163750790475,0,0.0,-4.1249387366083,2.5228787452803374,0,0.0,-2.744727494896694,1.1426675035687317,3,1.0,-1.6020599913279625,2.220446049250313e-16
hard_ood_40pct,14,target_mean_greedy,39.0,0,0.0,-4.1249387366083,2.5228787452803374,0,0.0,-4.1249387366083,2.5228787452803374,0,0.0,-2.744727494896694,1.1426675035687317,3,1.0,-1.6020599913279625,2.220446049250313e-16
hard_ood_40pct,14,composition_novelty,90.0,1,0.3333333333333333,-2.7166987712964503,1.114638779968488,1,0.3333333333333333,-2.7166987712964503,1.114638779968488,3,1.0,-1.6020599913279625,2.220446049250313e-16,3,1.0,-1.6020599913279625,2.220446049250313e-16
hard_ood_40pct,14,thermoelectric_prior_static,85.0,1,0.3333333333333333,-2.7166987712964503,1.114638779968488,1,0.3333333333333333,-2.7166987712964503,1.114638779968488,2,0.6666666666666666,-2.690369832574101,1.0883098412461385,3,1.0,-1.6020599913279625,2.220446049250313e-16
hard_ood_40pct,14,target_source_rank_fusion,45.0,0,0.0,-4.1249387366083,2.5228787452803374,0,0.0,-4.1249387366083,2.5228787452803374,0,0.0,-2.744727494896694,1.1426675035687317,3,1.0,-1.6020599913279625,2.220446049250313e-16
hard_ood_40pct,14,target_source_novelty_rank_fusion,74.0,0,0.0,-4.1249387366083,2.5228787452803374,1,0.3333333333333333,-2.7166987712964503,1.114638779968488,2,0.6666666666666666,-2.690369832574101,1.0883098412461385,3,1.0,-1.6020599913279625,2.220446049250313e-16
hard_ood_40pct,14,alloy_prior_static_control,42.0,0,0.0,-2.744727494896694,1.1426675035687317,0,0.0,-2.744727494896694,1.1426675035687317,1,0.3333333333333333,-2.7166987712964503,1.114638779968488,3,1.0,-1.6020599913279625,2.220446049250313e-16
hard_ood_40pct,14,catalysis_prior_static_control,58.0,1,0.3333333333333333,-2.7166987712964503,1.114638779968488,1,0.3333333333333333,-2.7166987712964503,1.114638779968488,2,0.6666666666666666,-1.6020599913279625,2.220446049250313e-16,2,0.6666666666666666,-1.6020599913279625,2.220446049250313e-16
hard_ood_40pct,14,shuffled_thermoelectric_static_control,47.0,0,0.0,-6.022276394711152,4.42021640338319,1,0.3333333333333333,-2.7166987712964503,1.114638779968488,1,0.3333333333333333,-2.7166987712964503,1.114638779968488,2,0.6666666666666666,-1.6020599913279625,2.220446049250313e-16
hard_ood_40pct,15,uniform_random,50.0,0,0.0,-9.0,7.3979400086720375,0,0.0,-2.795880017344075,1.1938200260161127,1,0.3333333333333333,-1.6020599913279625,2.220446049250313e-16,3,1.0,-1.6020599913279625,2.220446049250313e-16
hard_ood_40pct,15,target_ucb_beta1,14.0,0,0.0,-2.795880017344075,1.1938200260161127,0,0.0,-2.795880017344075,1.1938200260161127,0,0.0,-2.795880017344075,1.1938200260161127,3,1.0,-1.6020599913279625,2.220446049250313e-16
hard_ood_40pct,15,target_mean_greedy,63.0,0,0.0,-2.795880017344075,1.1938200260161127,0,0.0,-2.795880017344075,1.1938200260161127,2,0.6666666666666666,-1.6020599913279625,2.220446049250313e-16,3,1.0,-1.6020599913279625,2.220446049250313e-16
hard_ood_40pct,15,composition_novelty,89.0,0,0.0,-2.744727494896694,1.1426675035687317,1,0.3333333333333333,-2.7166987712964503,1.114638779968488,3,1.0,-1.6020599913279625,2.220446049250313e-16,3,1.0,-1.6020599913279625,2.220446049250313e-16
hard_ood_40pct,15,thermoelectric_prior_static,85.0,1,0.3333333333333333,-2.7166987712964503,1.114638779968488,1,0.3333333333333333,-2.7166987712964503,1.114638779968488,2,0.6666666666666666,-2.690369832574101,1.0883098412461385,3,1.0,-1.6020599913279625,2.220446049250313e-16
hard_ood_40pct,15,target_source_rank_fusion,47.0,0,0.0,-4.1249387366083,2.5228787452803374,0,0.0,-4.1249387366083,2.5228787452803374,1,0.3333333333333333,-1.6020599913279625,2.220446049250313e-16,3,1.0,-1.6020599913279625,2.220446049250313e-16
hard_ood_40pct,15,target_source_novelty_rank_fusion,73.0,0,0.0,-4.443697499232712,2.84163750790475,1,0.3333333333333333,-1.6020599913279625,2.220446049250313e-16,2,0.6666666666666666,-1.6020599913279625,2.220446049250313e-16,3,1.0,-1.6020599913279625,2.220446049250313e-16
hard_ood_40pct,15,alloy_prior_static_control,42.0,0,0.0,-2.744727494896694,1.1426675035687317,0,0.0,-2.744727494896694,1.1426675035687317,1,0.3333333333333333,-2.7166987712964503,1.114638779968488,3,1.0,-1.6020599913279625,2.220446049250313e-16
hard_ood_40pct,15,catalysis_prior_static_control,58.0,1,0.3333333333333333,-2.7166987712964503,1.114638779968488,1,0.3333333333333333,-2.7166987712964503,1.114638779968488,2,0.6666666666666666,-1.6020599913279625,2.220446049250313e-16,2,0.6666666666666666,-1.6020599913279625,2.220446049250313e-16
hard_ood_40pct,15,shuffled_thermoelectric_static_control,47.0,0,0.0,-6.022276394711152,4.42021640338319,1,0.3333333333333333,-2.7166987712964503,1.114638779968488,1,0.3333333333333333,-2.7166987712964503,1.114638779968488,2,0.6666666666666666,-1.6020599913279625,2.220446049250313e-16
hard_ood_40pct,16,uniform_random,50.0,0,0.0,-2.795880017344075,1.1938200260161127,0,0.0,-2.795880017344075,1.1938200260161127,1,0.3333333333333333,-2.7166987712964503,1.114638779968488,3,1.0,-1.6020599913279625,2.220446049250313e-16
hard_ood_40pct,16,target_ucb_beta1,48.0,0,0.0,-4.1249387366083,2.5228787452803374,0,0.0,-4.1249387366083,2.5228787452803374,0,0.0,-2.744727494896694,1.1426675035687317,3,1.0,-1.6020599913279625,2.220446049250313e-16
hard_ood_40pct,16,target_mean_greedy,59.0,0,0.0,-4.1249387366083,2.5228787452803374,0,0.0,-4.1249387366083,2.5228787452803374,1,0.3333333333333333,-2.690369832574101,1.0883098412461385,3,1.0,-1.6020599913279625,2.220446049250313e-16
hard_ood_40pct,16,composition_novelty,73.0,0,0.0,-4.552841968657781,2.950781977329818,1,0.3333333333333333,-2.7166987712964503,1.114638779968488,2,0.6666666666666666,-2.690369832574101,1.0883098412461385,3,1.0,-1.6020599913279625,2.220446049250313e-16
hard_ood_40pct,16,thermoelectric_prior_static,85.0,1,0.3333333333333333,-2.7166987712964503,1.114638779968488,1,0.3333333333333333,-2.7166987712964503,1.114638779968488,2,0.6666666666666666,-2.690369832574101,1.0883098412461385,3,1.0,-1.6020599913279625,2.220446049250313e-16
hard_ood_40pct,16,target_source_rank_fusion,65.0,0,0.0,-4.1249387366083,2.5228787452803374,1,0.3333333333333333,-2.690369832574101,1.0883098412461385,2,0.6666666666666666,-2.690369832574101,1.0883098412461385,3,1.0,-1.6020599913279625,2.220446049250313e-16
hard_ood_40pct,16,target_source_novelty_rank_fusion,71.0,0,0.0,-4.1249387366083,2.5228787452803374,1,0.3333333333333333,-2.7166987712964503,1.114638779968488,2,0.6666666666666666,-2.690369832574101,1.0883098412461385,3,1.0,-1.6020599913279625,2.220446049250313e-16
hard_ood_40pct,16,alloy_prior_static_control,42.0,0,0.0,-2.744727494896694,1.1426675035687317,0,0.0,-2.744727494896694,1.1426675035687317,1,0.3333333333333333,-2.7166987712964503,1.114638779968488,3,1.0,-1.6020599913279625,2.220446049250313e-16
hard_ood_40pct,16,catalysis_prior_static_control,58.0,1,0.3333333333333333,-2.7166987712964503,1.114638779968488,1,0.3333333333333333,-2.7166987712964503,1.114638779968488,2,0.6666666666666666,-1.6020599913279625,2.220446049250313e-16,2,0.6666666666666666,-1.6020599913279625,2.220446049250313e-16
hard_ood_40pct,16,shuffled_thermoelectric_static_control,47.0,0,0.0,-6.022276394711152,4.42021640338319,1,0.3333333333333333,-2.7166987712964503,1.114638779968488,1,0.3333333333333333,-2.7166987712964503,1.114638779968488,2,0.6666666666666666,-1.6020599913279625,2.220446049250313e-16
hard_ood_40pct,17,uniform_random,25.0,0,0.0,-3.958607314841775,2.356547323513813,0,0.0,-3.886056647693163,2.2839966563652006,0,0.0,-3.886056647693163,2.2839966563652006,3,1.0,-1.6020599913279625,2.220446049250313e-16
hard_ood_40pct,17,target_ucb_beta1,76.0,1,0.3333333333333333,-2.690369832574101,1.0883098412461385,2,0.6666666666666666,-2.690369832574101,1.0883098412461385,2,0.6666666666666666,-2.690369832574101,1.0883098412461385,3,1.0,-1.6020599913279625,2.220446049250313e-16
hard_ood_40pct,17,target_mean_greedy,88.0,2,0.6666666666666666,-2.690369832574101,1.0883098412461385,2,0.6666666666666666,-2.690369832574101,1.0883098412461385,2,0.6666666666666666,-2.690369832574101,1.0883098412461385,3,1.0,-1.6020599913279625,2.220446049250313e-16
hard_ood_40pct,17,composition_novelty,96.0,1,0.3333333333333333,-2.7166987712964503,1.114638779968488,1,0.3333333333333333,-2.7166987712964503,1.114638779968488,3,1.0,-1.6020599913279625,2.220446049250313e-16,3,1.0,-1.6020599913279625,2.220446049250313e-16
hard_ood_40pct,17,thermoelectric_prior_static,85.0,1,0.3333333333333333,-2.7166987712964503,1.114638779968488,1,0.3333333333333333,-2.7166987712964503,1.114638779968488,2,0.6666666666666666,-2.690369832574101,1.0883098412461385,3,1.0,-1.6020599913279625,2.220446049250313e-16
hard_ood_40pct,17,target_source_rank_fusion,87.0,2,0.6666666666666666,-2.690369832574101,1.0883098412461385,2,0.6666666666666666,-2.690369832574101,1.0883098412461385,2,0.6666666666666666,-2.690369832574101,1.0883098412461385,3,1.0,-1.6020599913279625,2.220446049250313e-16
hard_ood_40pct,17,target_source_novelty_rank_fusion,86.0,2,0.6666666666666666,-2.690369832574101,1.0883098412461385,2,0.6666666666666666,-2.690369832574101,1.0883098412461385,2,0.6666666666666666,-2.690369832574101,1.0883098412461385,3,1.0,-1.6020599913279625,2.220446049250313e-16
hard_ood_40pct,17,alloy_prior_static_control,42.0,0,0.0,-2.744727494896694,1.1426675035687317,0,0.0,-2.744727494896694,1.1426675035687317,1,0.3333333333333333,-2.7166987712964503,1.114638779968488,3,1.0,-1.6020599913279625,2.220446049250313e-16
hard_ood_40pct,17,catalysis_prior_static_control,58.0,1,0.3333333333333333,-2.7166987712964503,1.114638779968488,1,0.3333333333333333,-2.7166987712964503,1.114638779968488,2,0.6666666666666666,-1.6020599913279625,2.220446049250313e-16,2,0.6666666666666666,-1.6020599913279625,2.220446049250313e-16
hard_ood_40pct,17,shuffled_thermoelectric_static_control,47.0,0,0.0,-6.022276394711152,4.42021640338319,1,0.3333333333333333,-2.7166987712964503,1.114638779968488,1,0.3333333333333333,-2.7166987712964503,1.114638779968488,2,0.6666666666666666,-1.6020599913279625,2.220446049250313e-16
hard_ood_40pct,18,uniform_random,42.0,0,0.0,-2.744727494896694,1.1426675035687317,0,0.0,-2.744727494896694,1.1426675035687317,0,0.0,-2.744727494896694,1.1426675035687317,3,1.0,-1.6020599913279625,2.220446049250313e-16
hard_ood_40pct,18,target_ucb_beta1,44.0,0,0.0,-3.886056647693163,2.2839966563652006,0,0.0,-2.744727494896694,1.1426675035687317,0,0.0,-2.744727494896694,1.1426675035687317,3,1.0,-1.6020599913279625,2.220446049250313e-16
hard_ood_40pct,18,target_mean_greedy,49.0,0,0.0,-3.958607314841775,2.356547323513813,0,0.0,-3.886056647693163,2.2839966563652006,2,0.6666666666666666,-2.690369832574101,1.0883098412461385,3,1.0,-1.6020599913279625,2.220446049250313e-16
hard_ood_40pct,18,composition_novelty,97.0,1,0.3333333333333333,-2.7166987712964503,1.114638779968488,1,0.3333333333333333,-2.7166987712964503,1.114638779968488,3,1.0,-1.6020599913279625,2.220446049250313e-16,3,1.0,-1.6020599913279625,2.220446049250313e-16
hard_ood_40pct,18,thermoelectric_prior_static,85.0,1,0.3333333333333333,-2.7166987712964503,1.114638779968488,1,0.3333333333333333,-2.7166987712964503,1.114638779968488,2,0.6666666666666666,-2.690369832574101,1.0883098412461385,3,1.0,-1.6020599913279625,2.220446049250313e-16
hard_ood_40pct,18,target_source_rank_fusion,49.0,0,0.0,-3.958607314841775,2.356547323513813,0,0.0,-3.958607314841775,2.356547323513813,1,0.3333333333333333,-2.7166987712964503,1.114638779968488,3,1.0,-1.6020599913279625,2.220446049250313e-16
hard_ood_40pct,18,target_source_novelty_rank_fusion,70.0,0,0.0,-4.1249387366083,2.5228787452803374,1,0.3333333333333333,-2.7166987712964503,1.114638779968488,2,0.6666666666666666,-2.690369832574101,1.0883098412461385,3,1.0,-1.6020599913279625,2.220446049250313e-16
hard_ood_40pct,18,alloy_prior_static_control,42.0,0,0.0,-2.744727494896694,1.1426675035687317,0,0.0,-2.744727494896694,1.1426675035687317,1,0.3333333333333333,-2.7166987712964503,1.114638779968488,3,1.0,-1.6020599913279625,2.220446049250313e-16
hard_ood_40pct,18,catalysis_prior_static_control,58.0,1,0.3333333333333333,-2.7166987712964503,1.114638779968488,1,0.3333333333333333,-2.7166987712964503,1.114638779968488,2,0.6666666666666666,-1.6020599913279625,2.220446049250313e-16,2,0.6666666666666666,-1.6020599913279625,2.220446049250313e-16
hard_ood_40pct,18,shuffled_thermoelectric_static_control,47.0,0,0.0,-6.022276394711152,4.42021640338319,1,0.3333333333333333,-2.7166987712964503,1.114638779968488,1,0.3333333333333333,-2.7166987712964503,1.114638779968488,2,0.6666666666666666,-1.6020599913279625,2.220446049250313e-16
hard_ood_40pct,19,uniform_random,56.0,0,0.0,-4.954677021213342,3.35261702988538,1,0.3333333333333333,-2.690369832574101,1.0883098412461385,2,0.6666666666666666,-1.6020599913279625,2.220446049250313e-16,2,0.6666666666666666,-1.6020599913279625,2.220446049250313e-16
hard_ood_40pct,19,target_ucb_beta1,68.0,0,0.0,-2.744727494896694,1.1426675035687317,0,0.0,-2.744727494896694,1.1426675035687317,2,0.6666666666666666,-1.6020599913279625,2.220446049250313e-16,3,1.0,-1.6020599913279625,2.220446049250313e-16
hard_ood_40pct,19,target_mean_greedy,75.0,0,0.0,-2.744727494896694,1.1426675035687317,1,0.3333333333333333,-2.7166987712964503,1.114638779968488,2,0.6666666666666666,-2.690369832574101,1.0883098412461385,3,1.0,-1.6020599913279625,2.220446049250313e-16
hard_ood_40pct,19,composition_novelty,75.0,1,0.3333333333333333,-2.7166987712964503,1.114638779968488,1,0.3333333333333333,-2.7166987712964503,1.114638779968488,2,0.6666666666666666,-2.690369832574101,1.0883098412461385,3,1.0,-1.6020599913279625,2.220446049250313e-16
hard_ood_40pct,19,thermoelectric_prior_static,85.0,1,0.3333333333333333,-2.7166987712964503,1.114638779968488,1,0.3333333333333333,-2.7166987712964503,1.114638779968488,2,0.6666666666666666,-2.690369832574101,1.0883098412461385,3,1.0,-1.6020599913279625,2.220446049250313e-16
hard_ood_40pct,19,target_source_rank_fusion,81.0,1,0.3333333333333333,-2.7166987712964503,1.114638779968488,2,0.6666666666666666,-2.690369832574101,1.0883098412461385,2,0.6666666666666666,-2.690369832574101,1.0883098412461385,3,1.0,-1.6020599913279625,2.220446049250313e-16
hard_ood_40pct,19,target_source_novelty_rank_fusion,96.0,1,0.3333333333333333,-2.7166987712964503,1.114638779968488,2,0.6666666666666666,-2.690369832574101,1.0883098412461385,3,1.0,-1.6020599913279625,2.220446049250313e-16,3,1.0,-1.6020599913279625,2.220446049250313e-16
hard_ood_40pct,19,alloy_prior_static_control,42.0,0,0.0,-2.744727494896694,1.1426675035687317,0,0.0,-2.744727494896694,1.1426675035687317,1,0.3333333333333333,-2.7166987712964503,1.114638779968488,3,1.0,-1.6020599913279625,2.220446049250313e-16
hard_ood_40pct,19,catalysis_prior_static_control,58.0,1,0.3333333333333333,-2.7166987712964503,1.114638779968488,1,0.3333333333333333,-2.7166987712964503,1.114638779968488,2,0.6666666666666666,-1.6020599913279625,2.220446049250313e-16,2,0.6666666666666666,-1.6020599913279625,2.220446049250313e-16
hard_ood_40pct,19,shuffled_thermoelectric_static_control,47.0,0,0.0,-6.022276394711152,4.42021640338319,1,0.3333333333333333,-2.7166987712964503,1.114638779968488,1,0.3333333333333333,-2.7166987712964503,1.114638779968488,2,0.6666666666666666,-1.6020599913279625,2.220446049250313e-16
hard_ood_40pct,20,uniform_random,55.0,0,0.0,-5.301029995663981,3.6989700043360187,1,0.3333333333333333,-2.690369832574101,1.0883098412461385,1,0.3333333333333333,-2.690369832574101,1.0883098412461385,3,1.0,-1.6020599913279625,2.220446049250313e-16
hard_ood_40pct,20,target_ucb_beta1,79.0,1,0.3333333333333333,-1.6020599913279625,2.220446049250313e-16,1,0.3333333333333333,-1.6020599913279625,2.220446049250313e-16,2,0.6666666666666666,-1.6020599913279625,2.220446049250313e-16,3,1.0,-1.6020599913279625,2.220446049250313e-16
hard_ood_40pct,20,target_mean_greedy,77.0,1,0.3333333333333333,-1.6020599913279625,2.220446049250313e-16,1,0.3333333333333333,-1.6020599913279625,2.220446049250313e-16,1,0.3333333333333333,-1.6020599913279625,2.220446049250313e-16,3,1.0,-1.6020599913279625,2.220446049250313e-16
hard_ood_40pct,20,composition_novelty,75.0,1,0.3333333333333333,-2.7166987712964503,1.114638779968488,1,0.3333333333333333,-2.7166987712964503,1.114638779968488,2,0.6666666666666666,-2.690369832574101,1.0883098412461385,3,1.0,-1.6020599913279625,2.220446049250313e-16
hard_ood_40pct,20,thermoelectric_prior_static,85.0,1,0.3333333333333333,-2.7166987712964503,1.114638779968488,1,0.3333333333333333,-2.7166987712964503,1.114638779968488,2,0.6666666666666666,-2.690369832574101,1.0883098412461385,3,1.0,-1.6020599913279625,2.220446049250313e-16
hard_ood_40pct,20,target_source_rank_fusion,69.0,0,0.0,-4.1249387366083,2.5228787452803374,0,0.0,-4.1249387366083,2.5228787452803374,3,1.0,-1.6020599913279625,2.220446049250313e-16,3,1.0,-1.6020599913279625,2.220446049250313e-16
hard_ood_40pct,20,target_source_novelty_rank_fusion,88.0,0,0.0,-4.1249387366083,2.5228787452803374,2,0.6666666666666666,-2.690369832574101,1.0883098412461385,3,1.0,-1.6020599913279625,2.220446049250313e-16,3,1.0,-1.6020599913279625,2.220446049250313e-16
hard_ood_40pct,20,alloy_prior_static_control,42.0,0,0.0,-2.744727494896694,1.1426675035687317,0,0.0,-2.744727494896694,1.1426675035687317,1,0.3333333333333333,-2.7166987712964503,1.114638779968488,3,1.0,-1.6020599913279625,2.220446049250313e-16
hard_ood_40pct,20,catalysis_prior_static_control,58.0,1,0.3333333333333333,-2.7166987712964503,1.114638779968488,1,0.3333333333333333,-2.7166987712964503,1.114638779968488,2,0.6666666666666666,-1.6020599913279625,2.220446049250313e-16,2,0.6666666666666666,-1.6020599913279625,2.220446049250313e-16
hard_ood_40pct,20,shuffled_thermoelectric_static_control,47.0,0,0.0,-6.022276394711152,4.42021640338319,1,0.3333333333333333,-2.7166987712964503,1.114638779968488,1,0.3333333333333333,-2.7166987712964503,1.114638779968488,2,0.6666666666666666,-1.6020599913279625,2.220446049250313e-16
hard_ood_40pct,21,uniform_random,66.0,1,0.3333333333333333,-1.6020599913279625,2.220446049250313e-16,1,0.3333333333333333,-1.6020599913279625,2.220446049250313e-16,2,0.6666666666666666,-1.6020599913279625,2.220446049250313e-16,3,1.0,-1.6020599913279625,2.220446049250313e-16
hard_ood_40pct,21,target_ucb_beta1,50.0,0,0.0,-2.744727494896694,1.1426675035687317,0,0.0,-2.744727494896694,1.1426675035687317,0,0.0,-2.744727494896694,1.1426675035687317,3,1.0,-1.6020599913279625,2.220446049250313e-16
hard_ood_40pct,21,target_mean_greedy,25.0,0,0.0,-2.744727494896694,1.1426675035687317,0,0.0,-2.744727494896694,1.1426675035687317,0,0.0,-2.744727494896694,1.1426675035687317,3,1.0,-1.6020599913279625,2.220446049250313e-16
hard_ood_40pct,21,composition_novelty,94.0,1,0.3333333333333333,-2.7166987712964503,1.114638779968488,2,0.6666666666666666,-2.690369832574101,1.0883098412461385,3,1.0,-1.6020599913279625,2.220446049250313e-16,3,1.0,-1.6020599913279625,2.220446049250313e-16
hard_ood_40pct,21,thermoelectric_prior_static,85.0,1,0.3333333333333333,-2.7166987712964503,1.114638779968488,1,0.3333333333333333,-2.7166987712964503,1.114638779968488,2,0.6666666666666666,-2.690369832574101,1.0883098412461385,3,1.0,-1.6020599913279625,2.220446049250313e-16
hard_ood_40pct,21,target_source_rank_fusion,49.0,0,0.0,-2.744727494896694,1.1426675035687317,0,0.0,-2.744727494896694,1.1426675035687317,0,0.0,-2.744727494896694,1.1426675035687317,3,1.0,-1.6020599913279625,2.220446049250313e-16
hard_ood_40pct,21,target_source_novelty_rank_fusion,67.0,0,0.0,-4.443697499232712,2.84163750790475,0,0.0,-2.744727494896694,1.1426675035687317,2,0.6666666666666666,-2.690369832574101,1.0883098412461385,3,1.0,-1.6020599913279625,2.220446049250313e-16
hard_ood_40pct,21,alloy_prior_static_control,42.0,0,0.0,-2.744727494896694,1.1426675035687317,0,0.0,-2.744727494896694,1.1426675035687317,1,0.3333333333333333,-2.7166987712964503,1.114638779968488,3,1.0,-1.6020599913279625,2.220446049250313e-16
hard_ood_40pct,21,catalysis_prior_static_control,58.0,1,0.3333333333333333,-2.7166987712964503,1.114638779968488,1,0.3333333333333333,-2.7166987712964503,1.114638779968488,2,0.6666666666666666,-1.6020599913279625,2.220446049250313e-16,2,0.6666666666666666,-1.6020599913279625,2.220446049250313e-16
hard_ood_40pct,21,shuffled_thermoelectric_static_control,47.0,0,0.0,-6.022276394711152,4.42021640338319,1,0.3333333333333333,-2.7166987712964503,1.114638779968488,1,0.3333333333333333,-2.7166987712964503,1.114638779968488,2,0.6666666666666666,-1.6020599913279625,2.220446049250313e-16
hard_ood_40pct,22,uniform_random,72.0,1,0.3333333333333333,-2.7166987712964503,1.114638779968488,1,0.3333333333333333,-2.7166987712964503,1.114638779968488,2,0.6666666666666666,-2.690369832574101,1.0883098412461385,3,1.0,-1.6020599913279625,2.220446049250313e-16
hard_ood_40pct,22,target_ucb_beta1,55.0,0,0.0,-2.744727494896694,1.1426675035687317,0,0.0,-2.744727494896694,1.1426675035687317,0,0.0,-2.744727494896694,1.1426675035687317,3,1.0,-1.6020599913279625,2.220446049250313e-16
hard_ood_40pct,22,target_mean_greedy,51.0,0,0.0,-2.744727494896694,1.1426675035687317,0,0.0,-2.744727494896694,1.1426675035687317,1,0.3333333333333333,-1.6020599913279625,2.220446049250313e-16,3,1.0,-1.6020599913279625,2.220446049250313e-16
hard_ood_40pct,22,composition_novelty,91.0,1,0.3333333333333333,-2.7166987712964503,1.114638779968488,2,0.6666666666666666,-2.690369832574101,1.0883098412461385,3,1.0,-1.6020599913279625,2.220446049250313e-16,3,1.0,-1.6020599913279625,2.220446049250313e-16
hard_ood_40pct,22,thermoelectric_prior_static,85.0,1,0.3333333333333333,-2.7166987712964503,1.114638779968488,1,0.3333333333333333,-2.7166987712964503,1.114638779968488,2,0.6666666666666666,-2.690369832574101,1.0883098412461385,3,1.0,-1.6020599913279625,2.220446049250313e-16
hard_ood_40pct,22,target_source_rank_fusion,69.0,0,0.0,-4.1249387366083,2.5228787452803374,0,0.0,-2.744727494896694,1.1426675035687317,3,1.0,-1.6020599913279625,2.220446049250313e-16,3,1.0,-1.6020599913279625,2.220446049250313e-16
hard_ood_40pct,22,target_source_novelty_rank_fusion,78.0,0,0.0,-4.1249387366083,2.5228787452803374,0,0.0,-2.744727494896694,1.1426675035687317,3,1.0,-1.6020599913279625,2.220446049250313e-16,3,1.0,-1.6020599913279625,2.220446049250313e-16
hard_ood_40pct,22,alloy_prior_static_control,42.0,0,0.0,-2.744727494896694,1.1426675035687317,0,0.0,-2.744727494896694,1.1426675035687317,1,0.3333333333333333,-2.7166987712964503,1.114638779968488,3,1.0,-1.6020599913279625,2.220446049250313e-16
hard_ood_40pct,22,catalysis_prior_static_control,58.0,1,0.3333333333333333,-2.7166987712964503,1.114638779968488,1,0.3333333333333333,-2.7166987712964503,1.114638779968488,2,0.6666666666666666,-1.6020599913279625,2.220446049250313e-16,2,0.6666666666666666,-1.6020599913279625,2.220446049250313e-16
hard_ood_40pct,22,shuffled_thermoelectric_static_control,47.0,0,0.0,-6.022276394711152,4.42021640338319,1,0.3333333333333333,-2.7166987712964503,1.114638779968488,1,0.3333333333333333,-2.7166987712964503,1.114638779968488,2,0.6666666666666666,-1.6020599913279625,2.220446049250313e-16
hard_ood_40pct,23,uniform_random,100.0,1,0.3333333333333333,-1.6020599913279625,2.220446049250313e-16,3,1.0,-1.6020599913279625,2.220446049250313e-16,3,1.0,-1.6020599913279625,2.220446049250313e-16,3,1.0,-1.6020599913279625,2.220446049250313e-16
hard_ood_40pct,23,target_ucb_beta1,51.0,0,0.0,-2.744727494896694,1.1426675035687317,0,0.0,-2.744727494896694,1.1426675035687317,0,0.0,-2.744727494896694,1.1426675035687317,3,1.0,-1.6020599913279625,2.220446049250313e-16
hard_ood_40pct,23,target_mean_greedy,52.0,0,0.0,-2.744727494896694,1.1426675035687317,0,0.0,-2.744727494896694,1.1426675035687317,0,0.0,-2.744727494896694,1.1426675035687317,3,1.0,-1.6020599913279625,2.220446049250313e-16
hard_ood_40pct,23,composition_novelty,91.0,2,0.6666666666666666,-2.690369832574101,1.0883098412461385,2,0.6666666666666666,-2.690369832574101,1.0883098412461385,2,0.6666666666666666,-2.690369832574101,1.0883098412461385,3,1.0,-1.6020599913279625,2.220446049250313e-16
hard_ood_40pct,23,thermoelectric_prior_static,85.0,1,0.3333333333333333,-2.7166987712964503,1.114638779968488,1,0.3333333333333333,-2.7166987712964503,1.114638779968488,2,0.6666666666666666,-2.690369832574101,1.0883098412461385,3,1.0,-1.6020599913279625,2.220446049250313e-16
hard_ood_40pct,23,target_source_rank_fusion,66.0,0,0.0,-4.1249387366083,2.5228787452803374,0,0.0,-3.958607314841775,2.356547323513813,2,0.6666666666666666,-2.690369832574101,1.0883098412461385,3,1.0,-1.6020599913279625,2.220446049250313e-16
hard_ood_40pct,23,target_source_novelty_rank_fusion,78.0,0,0.0,-4.1249387366083,2.5228787452803374,1,0.3333333333333333,-2.7166987712964503,1.114638779968488,2,0.6666666666666666,-2.690369832574101,1.0883098412461385,3,1.0,-1.6020599913279625,2.220446049250313e-16
hard_ood_40pct,23,alloy_prior_static_control,42.0,0,0.0,-2.744727494896694,1.1426675035687317,0,0.0,-2.744727494896694,1.1426675035687317,1,0.3333333333333333,-2.7166987712964503,1.114638779968488,3,1.0,-1.6020599913279625,2.220446049250313e-16
hard_ood_40pct,23,catalysis_prior_static_control,58.0,1,0.3333333333333333,-2.7166987712964503,1.114638779968488,1,0.3333333333333333,-2.7166987712964503,1.114638779968488,2,0.6666666666666666,-1.6020599913279625,2.220446049250313e-16,2,0.6666666666666666,-1.6020599913279625,2.220446049250313e-16
hard_ood_40pct,23,shuffled_thermoelectric_static_control,47.0,0,0.0,-6.022276394711152,4.42021640338319,1,0.3333333333333333,-2.7166987712964503,1.114638779968488,1,0.3333333333333333,-2.7166987712964503,1.114638779968488,2,0.6666666666666666,-1.6020599913279625,2.220446049250313e-16
hard_ood_40pct,24,uniform_random,62.0,1,0.3333333333333333,-2.690369832574101,1.0883098412461385,1,0.3333333333333333,-2.690369832574101,1.0883098412461385,1,0.3333333333333333,-2.690369832574101,1.0883098412461385,3,1.0,-1.6020599913279625,2.220446049250313e-16
hard_ood_40pct,24,target_ucb_beta1,92.0,2,0.6666666666666666,-2.690369832574101,1.0883098412461385,2,0.6666666666666666,-2.690369832574101,1.0883098412461385,2,0.6666666666666666,-2.690369832574101,1.0883098412461385,3,1.0,-1.6020599913279625,2.220446049250313e-16
hard_ood_40pct,24,target_mean_greedy,91.0,2,0.6666666666666666,-2.690369832574101,1.0883098412461385,2,0.6666666666666666,-2.690369832574101,1.0883098412461385,2,0.6666666666666666,-2.690369832574101,1.0883098412461385,3,1.0,-1.6020599913279625,2.220446049250313e-16
hard_ood_40pct,24,composition_novelty,85.0,1,0.3333333333333333,-2.7166987712964503,1.114638779968488,2,0.6666666666666666,-2.690369832574101,1.0883098412461385,2,0.6666666666666666,-2.690369832574101,1.0883098412461385,3,1.0,-1.6020599913279625,2.220446049250313e-16
hard_ood_40pct,24,thermoelectric_prior_static,85.0,1,0.3333333333333333,-2.7166987712964503,1.114638779968488,1,0.3333333333333333,-2.7166987712964503,1.114638779968488,2,0.6666666666666666,-2.690369832574101,1.0883098412461385,3,1.0,-1.6020599913279625,2.220446049250313e-16
hard_ood_40pct,24,target_source_rank_fusion,93.0,2,0.6666666666666666,-2.690369832574101,1.0883098412461385,2,0.6666666666666666,-2.690369832574101,1.0883098412461385,2,0.6666666666666666,-2.690369832574101,1.0883098412461385,3,1.0,-1.6020599913279625,2.220446049250313e-16
hard_ood_40pct,24,target_source_novelty_rank_fusion,93.0,2,0.6666666666666666,-2.690369832574101,1.0883098412461385,2,0.6666666666666666,-2.690369832574101,1.0883098412461385,2,0.6666666666666666,-2.690369832574101,1.0883098412461385,3,1.0,-1.6020599913279625,2.220446049250313e-16
hard_ood_40pct,24,alloy_prior_static_control,42.0,0,0.0,-2.744727494896694,1.1426675035687317,0,0.0,-2.744727494896694,1.1426675035687317,1,0.3333333333333333,-2.7166987712964503,1.114638779968488,3,1.0,-1.6020599913279625,2.220446049250313e-16
hard_ood_40pct,24,catalysis_prior_static_control,58.0,1,0.3333333333333333,-2.7166987712964503,1.114638779968488,1,0.3333333333333333,-2.7166987712964503,1.114638779968488,2,0.6666666666666666,-1.6020599913279625,2.220446049250313e-16,2,0.6666666666666666,-1.6020599913279625,2.220446049250313e-16
hard_ood_40pct,24,shuffled_thermoelectric_static_control,47.0,0,0.0,-6.022276394711152,4.42021640338319,1,0.3333333333333333,-2.7166987712964503,1.114638779968488,1,0.3333333333333333,-2.7166987712964503,1.114638779968488,2,0.6666666666666666,-1.6020599913279625,2.220446049250313e-16
hard_ood_40pct,25,uniform_random,46.0,0,0.0,-2.744727494896694,1.1426675035687317,0,0.0,-2.744727494896694,1.1426675035687317,0,0.0,-2.744727494896694,1.1426675035687317,3,1.0,-1.6020599913279625,2.220446049250313e-16
hard_ood_40pct,25,target_ucb_beta1,32.0,0,0.0,-2.795880017344075,1.1938200260161127,0,0.0,-2.744727494896694,1.1426675035687317,0,0.0,-2.744727494896694,1.1426675035687317,3,1.0,-1.6020599913279625,2.220446049250313e-16
hard_ood_40pct,25,target_mean_greedy,26.0,0,0.0,-2.744727494896694,1.1426675035687317,0,0.0,-2.744727494896694,1.1426675035687317,0,0.0,-2.744727494896694,1.1426675035687317,3,1.0,-1.6020599913279625,2.220446049250313e-16
hard_ood_40pct,25,composition_novelty,79.0,1,0.3333333333333333,-2.7166987712964503,1.114638779968488,1,0.3333333333333333,-2.7166987712964503,1.114638779968488,2,0.6666666666666666,-2.690369832574101,1.0883098412461385,3,1.0,-1.6020599913279625,2.220446049250313e-16
hard_ood_40pct,25,thermoelectric_prior_static,85.0,1,0.3333333333333333,-2.7166987712964503,1.114638779968488,1,0.3333333333333333,-2.7166987712964503,1.114638779968488,2,0.6666666666666666,-2.690369832574101,1.0883098412461385,3,1.0,-1.6020599913279625,2.220446049250313e-16
hard_ood_40pct,25,target_source_rank_fusion,87.0,2,0.6666666666666666,-2.690369832574101,1.0883098412461385,2,0.6666666666666666,-2.690369832574101,1.0883098412461385,2,0.6666666666666666,-2.690369832574101,1.0883098412461385,3,1.0,-1.6020599913279625,2.220446049250313e-16
hard_ood_40pct,25,target_source_novelty_rank_fusion,84.0,2,0.6666666666666666,-2.690369832574101,1.0883098412461385,2,0.6666666666666666,-2.690369832574101,1.0883098412461385,2,0.6666666666666666,-2.690369832574101,1.0883098412461385,3,1.0,-1.6020599913279625,2.220446049250313e-16
hard_ood_40pct,25,alloy_prior_static_control,42.0,0,0.0,-2.744727494896694,1.1426675035687317,0,0.0,-2.744727494896694,1.1426675035687317,1,0.3333333333333333,-2.7166987712964503,1.114638779968488,3,1.0,-1.6020599913279625,2.220446049250313e-16
hard_ood_40pct,25,catalysis_prior_static_control,58.0,1,0.3333333333333333,-2.7166987712964503,1.114638779968488,1,0.3333333333333333,-2.7166987712964503,1.114638779968488,2,0.6666666666666666,-1.6020599913279625,2.220446049250313e-16,2,0.6666666666666666,-1.6020599913279625,2.220446049250313e-16
hard_ood_40pct,25,shuffled_thermoelectric_static_control,47.0,0,0.0,-6.022276394711152,4.42021640338319,1,0.3333333333333333,-2.7166987712964503,1.114638779968488,1,0.3333333333333333,-2.7166987712964503,1.114638779968488,2,0.6666666666666666,-1.6020599913279625,2.220446049250313e-16
hard_ood_40pct,26,uniform_random,45.0,0,0.0,-2.744727494896694,1.1426675035687317,0,0.0,-2.744727494896694,1.1426675035687317,1,0.3333333333333333,-2.690369832574101,1.0883098412461385,3,1.0,-1.6020599913279625,2.220446049250313e-16
hard_ood_40pct,26,target_ucb_beta1,26.0,0,0.0,-2.795880017344075,1.1938200260161127,0,0.0,-2.795880017344075,1.1938200260161127,0,0.0,-2.744727494896694,1.1426675035687317,3,1.0,-1.6020599913279625,2.220446049250313e-16
hard_ood_40pct,26,target_mean_greedy,46.0,0,0.0,-4.91721462968355,3.3151546383555877,0,0.0,-2.795880017344075,1.1938200260161127,0,0.0,-2.795880017344075,1.1938200260161127,3,1.0,-1.6020599913279625,2.220446049250313e-16
hard_ood_40pct,26,composition_novelty,90.0,1,0.3333333333333333,-2.7166987712964503,1.114638779968488,1,0.3333333333333333,-2.7166987712964503,1.114638779968488,3,1.0,-1.6020599913279625,2.220446049250313e-16,3,1.0,-1.6020599913279625,2.220446049250313e-16
hard_ood_40pct,26,thermoelectric_prior_static,85.0,1,0.3333333333333333,-2.7166987712964503,1.114638779968488,1,0.3333333333333333,-2.7166987712964503,1.114638779968488,2,0.6666666666666666,-2.690369832574101,1.0883098412461385,3,1.0,-1.6020599913279625,2.220446049250313e-16
hard_ood_40pct,26,target_source_rank_fusion,71.0,0,0.0,-4.1249387366083,2.5228787452803374,1,0.3333333333333333,-2.690369832574101,1.0883098412461385,2,0.6666666666666666,-2.690369832574101,1.0883098412461385,3,1.0,-1.6020599913279625,2.220446049250313e-16
hard_ood_40pct,26,target_source_novelty_rank_fusion,84.0,1,0.3333333333333333,-2.7166987712964503,1.114638779968488,2,0.6666666666666666,-2.690369832574101,1.0883098412461385,2,0.6666666666666666,-2.690369832574101,1.0883098412461385,3,1.0,-1.6020599913279625,2.220446049250313e-16
hard_ood_40pct,26,alloy_prior_static_control,42.0,0,0.0,-2.744727494896694,1.1426675035687317,0,0.0,-2.744727494896694,1.1426675035687317,1,0.3333333333333333,-2.7166987712964503,1.114638779968488,3,1.0,-1.6020599913279625,2.220446049250313e-16
hard_ood_40pct,26,catalysis_prior_static_control,58.0,1,0.3333333333333333,-2.7166987712964503,1.114638779968488,1,0.3333333333333333,-2.7166987712964503,1.114638779968488,2,0.6666666666666666,-1.6020599913279625,2.220446049250313e-16,2,0.6666666666666666,-1.6020599913279625,2.220446049250313e-16
hard_ood_40pct,26,shuffled_thermoelectric_static_control,47.0,0,0.0,-6.022276394711152,4.42021640338319,1,0.3333333333333333,-2.7166987712964503,1.114638779968488,1,0.3333333333333333,-2.7166987712964503,1.114638779968488,2,0.6666666666666666,-1.6020599913279625,2.220446049250313e-16
hard_ood_40pct,27,uniform_random,47.0,0,0.0,-4.91721462968355,3.3151546383555877,0,0.0,-4.552841968657781,2.950781977329818,0,0.0,-2.795880017344075,1.1938200260161127,3,1.0,-1.6020599913279625,2.220446049250313e-16
hard_ood_40pct,27,target_ucb_beta1,62.0,0,0.0,-2.744727494896694,1.1426675035687317,0,0.0,-2.744727494896694,1.1426675035687317,2,0.6666666666666666,-2.690369832574101,1.0883098412461385,3,1.0,-1.6020599913279625,2.220446049250313e-16
hard_ood_40pct,27,target_mean_greedy,50.0,0,0.0,-3.958607314841775,2.356547323513813,0,0.0,-2.744727494896694,1.1426675035687317,0,0.0,-2.744727494896694,1.1426675035687317,3,1.0,-1.6020599913279625,2.220446049250313e-16
hard_ood_40pct,27,composition_novelty,95.0,1,0.3333333333333333,-2.7166987712964503,1.114638779968488,1,0.3333333333333333,-2.7166987712964503,1.114638779968488,3,1.0,-1.6020599913279625,2.220446049250313e-16,3,1.0,-1.6020599913279625,2.220446049250313e-16
hard_ood_40pct,27,thermoelectric_prior_static,85.0,1,0.3333333333333333,-2.7166987712964503,1.114638779968488,1,0.3333333333333333,-2.7166987712964503,1.114638779968488,2,0.6666666666666666,-2.690369832574101,1.0883098412461385,3,1.0,-1.6020599913279625,2.220446049250313e-16
hard_ood_40pct,27,target_source_rank_fusion,77.0,0,0.0,-4.1249387366083,2.5228787452803374,0,0.0,-2.744727494896694,1.1426675035687317,2,0.6666666666666666,-2.690369832574101,1.0883098412461385,3,1.0,-1.6020599913279625,2.220446049250313e-16
hard_ood_40pct,27,target_source_novelty_rank_fusion,93.0,1,0.3333333333333333,-2.7166987712964503,1.114638779968488,2,0.6666666666666666,-2.690369832574101,1.0883098412461385,3,1.0,-1.6020599913279625,2.220446049250313e-16,3,1.0,-1.6020599913279625,2.220446049250313e-16
hard_ood_40pct,27,alloy_prior_static_control,42.0,0,0.0,-2.744727494896694,1.1426675035687317,0,0.0,-2.744727494896694,1.1426675035687317,1,0.3333333333333333,-2.7166987712964503,1.114638779968488,3,1.0,-1.6020599913279625,2.220446049250313e-16
hard_ood_40pct,27,catalysis_prior_static_control,58.0,1,0.3333333333333333,-2.7166987712964503,1.114638779968488,1,0.3333333333333333,-2.7166987712964503,1.114638779968488,2,0.6666666666666666,-1.6020599913279625,2.220446049250313e-16,2,0.6666666666666666,-1.6020599913279625,2.220446049250313e-16
hard_ood_40pct,27,shuffled_thermoelectric_static_control,47.0,0,0.0,-6.022276394711152,4.42021640338319,1,0.3333333333333333,-2.7166987712964503,1.114638779968488,1,0.3333333333333333,-2.7166987712964503,1.114638779968488,2,0.6666666666666666,-1.6020599913279625,2.220446049250313e-16
hard_ood_40pct,28,uniform_random,30.0,0,0.0,-2.795880017344075,1.1938200260161127,0,0.0,-2.795880017344075,1.1938200260161127,0,0.0,-2.744727494896694,1.1426675035687317,3,1.0,-1.6020599913279625,2.220446049250313e-16
hard_ood_40pct,28,target_ucb_beta1,114.0,2,0.6666666666666666,-2.690369832574101,1.0883098412461385,3,1.0,-1.6020599913279625,2.220446049250313e-16,3,1.0,-1.6020599913279625,2.220446049250313e-16,3,1.0,-1.6020599913279625,2.220446049250313e-16
hard_ood_40pct,28,target_mean_greedy,99.0,2,0.6666666666666666,-2.690369832574101,1.0883098412461385,2,0.6666666666666666,-2.690369832574101,1.0883098412461385,2,0.6666666666666666,-2.690369832574101,1.0883098412461385,3,1.0,-1.6020599913279625,2.220446049250313e-16
hard_ood_40pct,28,composition_novelty,76.0,1,0.3333333333333333,-2.7166987712964503,1.114638779968488,1,0.3333333333333333,-2.7166987712964503,1.114638779968488,2,0.6666666666666666,-2.690369832574101,1.0883098412461385,3,1.0,-1.6020599913279625,2.220446049250313e-16
hard_ood_40pct,28,thermoelectric_prior_static,85.0,1,0.3333333333333333,-2.7166987712964503,1.114638779968488,1,0.3333333333333333,-2.7166987712964503,1.114638779968488,2,0.6666666666666666,-2.690369832574101,1.0883098412461385,3,1.0,-1.6020599913279625,2.220446049250313e-16
hard_ood_40pct,28,target_source_rank_fusion,93.0,1,0.3333333333333333,-2.7166987712964503,1.114638779968488,2,0.6666666666666666,-2.690369832574101,1.0883098412461385,3,1.0,-1.6020599913279625,2.220446049250313e-16,3,1.0,-1.6020599913279625,2.220446049250313e-16
hard_ood_40pct,28,target_source_novelty_rank_fusion,93.0,1,0.3333333333333333,-2.7166987712964503,1.114638779968488,2,0.6666666666666666,-2.690369832574101,1.0883098412461385,2,0.6666666666666666,-2.690369832574101,1.0883098412461385,3,1.0,-1.6020599913279625,2.220446049250313e-16
hard_ood_40pct,28,alloy_prior_static_control,42.0,0,0.0,-2.744727494896694,1.1426675035687317,0,0.0,-2.744727494896694,1.1426675035687317,1,0.3333333333333333,-2.7166987712964503,1.114638779968488,3,1.0,-1.6020599913279625,2.220446049250313e-16
hard_ood_40pct,28,catalysis_prior_static_control,58.0,1,0.3333333333333333,-2.7166987712964503,1.114638779968488,1,0.3333333333333333,-2.7166987712964503,1.114638779968488,2,0.6666666666666666,-1.6020599913279625,2.220446049250313e-16,2,0.6666666666666666,-1.6020599913279625,2.220446049250313e-16
hard_ood_40pct,28,shuffled_thermoelectric_static_control,47.0,0,0.0,-6.022276394711152,4.42021640338319,1,0.3333333333333333,-2.7166987712964503,1.114638779968488,1,0.3333333333333333,-2.7166987712964503,1.114638779968488,2,0.6666666666666666,-1.6020599913279625,2.220446049250313e-16
hard_ood_40pct,29,uniform_random,74.0,1,0.3333333333333333,-2.7166987712964503,1.114638779968488,1,0.3333333333333333,-2.7166987712964503,1.114638779968488,2,0.6666666666666666,-2.690369832574101,1.0883098412461385,3,1.0,-1.6020599913279625,2.220446049250313e-16
hard_ood_40pct,29,target_ucb_beta1,78.0,1,0.3333333333333333,-1.6020599913279625,2.220446049250313e-16,1,0.3333333333333333,-1.6020599913279625,2.220446049250313e-16,1,0.3333333333333333,-1.6020599913279625,2.220446049250313e-16,3,1.0,-1.6020599913279625,2.220446049250313e-16
hard_ood_40pct,29,target_mean_greedy,108.0,1,0.3333333333333333,-1.6020599913279625,2.220446049250313e-16,3,1.0,-1.6020599913279625,2.220446049250313e-16,3,1.0,-1.6020599913279625,2.220446049250313e-16,3,1.0,-1.6020599913279625,2.220446049250313e-16
hard_ood_40pct,29,composition_novelty,77.0,1,0.3333333333333333,-2.7166987712964503,1.114638779968488,1,0.3333333333333333,-2.7166987712964503,1.114638779968488,2,0.6666666666666666,-2.690369832574101,1.0883098412461385,3,1.0,-1.6020599913279625,2.220446049250313e-16
hard_ood_40pct,29,thermoelectric_prior_static,85.0,1,0.3333333333333333,-2.7166987712964503,1.114638779968488,1,0.3333333333333333,-2.7166987712964503,1.114638779968488,2,0.6666666666666666,-2.690369832574101,1.0883098412461385,3,1.0,-1.6020599913279625,2.220446049250313e-16
hard_ood_40pct,29,target_source_rank_fusion,82.0,0,0.0,-4.1249387366083,2.5228787452803374,0,0.0,-4.1249387366083,2.5228787452803374,3,1.0,-1.6020599913279625,2.220446049250313e-16,3,1.0,-1.6020599913279625,2.220446049250313e-16
hard_ood_40pct,29,target_source_novelty_rank_fusion,93.0,1,0.3333333333333333,-2.7166987712964503,1.114638779968488,2,0.6666666666666666,-2.690369832574101,1.0883098412461385,3,1.0,-1.6020599913279625,2.220446049250313e-16,3,1.0,-1.6020599913279625,2.220446049250313e-16
hard_ood_40pct,29,alloy_prior_static_control,42.0,0,0.0,-2.744727494896694,1.1426675035687317,0,0.0,-2.744727494896694,1.1426675035687317,1,0.3333333333333333,-2.7166987712964503,1.114638779968488,3,1.0,-1.6020599913279625,2.220446049250313e-16
hard_ood_40pct,29,catalysis_prior_static_control,58.0,1,0.3333333333333333,-2.7166987712964503,1.114638779968488,1,0.3333333333333333,-2.7166987712964503,1.114638779968488,2,0.6666666666666666,-1.6020599913279625,2.220446049250313e-16,2,0.6666666666666666,-1.6020599913279625,2.220446049250313e-16
hard_ood_40pct,29,shuffled_thermoelectric_static_control,47.0,0,0.0,-6.022276394711152,4.42021640338319,1,0.3333333333333333,-2.7166987712964503,1.114638779968488,1,0.3333333333333333,-2.7166987712964503,1.114638779968488,2,0.6666666666666666,-1.6020599913279625,2.220446049250313e-16
hard_ood_40pct,30,uniform_random,34.0,0,0.0,-4.1249387366083,2.5228787452803374,0,0.0,-3.958607314841775,2.356547323513813,0,0.0,-2.795880017344075,1.1938200260161127,2,0.6666666666666666,-1.6020599913279625,2.220446049250313e-16
hard_ood_40pct,30,target_ucb_beta1,53.0,0,0.0,-2.744727494896694,1.1426675035687317,0,0.0,-2.744727494896694,1.1426675035687317,1,0.3333333333333333,-2.690369832574101,1.0883098412461385,3,1.0,-1.6020599913279625,2.220446049250313e-16
hard_ood_40pct,30,target_mean_greedy,39.0,0,0.0,-3.958607314841775,2.356547323513813,0,0.0,-3.886056647693163,2.2839966563652006,0,0.0,-2.744727494896694,1.1426675035687317,3,1.0,-1.6020599913279625,2.220446049250313e-16
hard_ood_40pct,30,composition_novelty,80.0,1,0.3333333333333333,-2.7166987712964503,1.114638779968488,1,0.3333333333333333,-2.7166987712964503,1.114638779968488,2,0.6666666666666666,-2.690369832574101,1.0883098412461385,3,1.0,-1.6020599913279625,2.220446049250313e-16
hard_ood_40pct,30,thermoelectric_prior_static,85.0,1,0.3333333333333333,-2.7166987712964503,1.114638779968488,1,0.3333333333333333,-2.7166987712964503,1.114638779968488,2,0.6666666666666666,-2.690369832574101,1.0883098412461385,3,1.0,-1.6020599913279625,2.220446049250313e-16
hard_ood_40pct,30,target_source_rank_fusion,57.0,0,0.0,-3.958607314841775,2.356547323513813,0,0.0,-2.744727494896694,1.1426675035687317,2,0.6666666666666666,-2.690369832574101,1.0883098412461385,3,1.0,-1.6020599913279625,2.220446049250313e-16
hard_ood_40pct,30,target_source_novelty_rank_fusion,76.0,0,0.0,-4.443697499232712,2.84163750790475,2,0.6666666666666666,-2.690369832574101,1.0883098412461385,2,0.6666666666666666,-2.690369832574101,1.0883098412461385,3,1.0,-1.6020599913279625,2.220446049250313e-16
hard_ood_40pct,30,alloy_prior_static_control,42.0,0,0.0,-2.744727494896694,1.1426675035687317,0,0.0,-2.744727494896694,1.1426675035687317,1,0.3333333333333333,-2.7166987712964503,1.114638779968488,3,1.0,-1.6020599913279625,2.220446049250313e-16
hard_ood_40pct,30,catalysis_prior_static_control,58.0,1,0.3333333333333333,-2.7166987712964503,1.114638779968488,1,0.3333333333333333,-2.7166987712964503,1.114638779968488,2,0.6666666666666666,-1.6020599913279625,2.220446049250313e-16,2,0.6666666666666666,-1.6020599913279625,2.220446049250313e-16
hard_ood_40pct,30,shuffled_thermoelectric_static_control,47.0,0,0.0,-6.022276394711152,4.42021640338319,1,0.3333333333333333,-2.7166987712964503,1.114638779968488,1,0.3333333333333333,-2.7166987712964503,1.114638779968488,2,0.6666666666666666,-1.6020599913279625,2.220446049250313e-16
hard_ood_40pct,31,uniform_random,65.0,0,0.0,-3.958607314841775,2.356547323513813,0,0.0,-3.958607314841775,2.356547323513813,2,0.6666666666666666,-1.6020599913279625,2.220446049250313e-16,3,1.0,-1.6020599913279625,2.220446049250313e-16
hard_ood_40pct,31,target_ucb_beta1,47.0,0,0.0,-3.958607314841775,2.356547323513813,0,0.0,-2.744727494896694,1.1426675035687317,0,0.0,-2.744727494896694,1.1426675035687317,3,1.0,-1.6020599913279625,2.220446049250313e-16
hard_ood_40pct,31,target_mean_greedy,101.0,2,0.6666666666666666,-1.6020599913279625,2.220446049250313e-16,2,0.6666666666666666,-1.6020599913279625,2.220446049250313e-16,3,1.0,-1.6020599913279625,2.220446049250313e-16,3,1.0,-1.6020599913279625,2.220446049250313e-16
hard_ood_40pct,31,composition_novelty,95.0,1,0.3333333333333333,-2.7166987712964503,1.114638779968488,2,0.6666666666666666,-2.690369832574101,1.0883098412461385,3,1.0,-1.6020599913279625,2.220446049250313e-16,3,1.0,-1.6020599913279625,2.220446049250313e-16
hard_ood_40pct,31,thermoelectric_prior_static,85.0,1,0.3333333333333333,-2.7166987712964503,1.114638779968488,1,0.3333333333333333,-2.7166987712964503,1.114638779968488,2,0.6666666666666666,-2.690369832574101,1.0883098412461385,3,1.0,-1.6020599913279625,2.220446049250313e-16
hard_ood_40pct,31,target_source_rank_fusion,70.0,0,0.0,-4.443697499232712,2.84163750790475,0,0.0,-4.1249387366083,2.5228787452803374,3,1.0,-1.6020599913279625,2.220446049250313e-16,3,1.0,-1.6020599913279625,2.220446049250313e-16
hard_ood_40pct,31,target_source_novelty_rank_fusion,95.0,2,0.6666666666666666,-2.690369832574101,1.0883098412461385,2,0.6666666666666666,-2.690369832574101,1.0883098412461385,3,1.0,-1.6020599913279625,2.220446049250313e-16,3,1.0,-1.6020599913279625,2.220446049250313e-16
hard_ood_40pct,31,alloy_prior_static_control,42.0,0,0.0,-2.744727494896694,1.1426675035687317,0,0.0,-2.744727494896694,1.1426675035687317,1,0.3333333333333333,-2.7166987712964503,1.114638779968488,3,1.0,-1.6020599913279625,2.220446049250313e-16
hard_ood_40pct,31,catalysis_prior_static_control,58.0,1,0.3333333333333333,-2.7166987712964503,1.114638779968488,1,0.3333333333333333,-2.7166987712964503,1.114638779968488,2,0.6666666666666666,-1.6020599913279625,2.220446049250313e-16,2,0.6666666666666666,-1.6020599913279625,2.220446049250313e-16
hard_ood_40pct,31,shuffled_thermoelectric_static_control,47.0,0,0.0,-6.022276394711152,4.42021640338319,1,0.3333333333333333,-2.7166987712964503,1.114638779968488,1,0.3333333333333333,-2.7166987712964503,1.114638779968488,2,0.6666666666666666,-1.6020599913279625,2.220446049250313e-16
hard_ood_40pct,32,uniform_random,73.0,1,0.3333333333333333,-2.7166987712964503,1.114638779968488,1,0.3333333333333333,-2.7166987712964503,1.114638779968488,2,0.6666666666666666,-1.6020599913279625,2.220446049250313e-16,3,1.0,-1.6020599913279625,2.220446049250313e-16
hard_ood_40pct,32,target_ucb_beta1,64.0,0,0.0,-3.958607314841775,2.356547323513813,0,0.0,-3.958607314841775,2.356547323513813,2,0.6666666666666666,-2.690369832574101,1.0883098412461385,3,1.0,-1.6020599913279625,2.220446049250313e-16
hard_ood_40pct,32,target_mean_greedy,75.0,0,0.0,-2.744727494896694,1.1426675035687317,1,0.3333333333333333,-2.690369832574101,1.0883098412461385,2,0.6666666666666666,-2.690369832574101,1.0883098412461385,3,1.0,-1.6020599913279625,2.220446049250313e-16
hard_ood_40pct,32,composition_novelty,78.0,1,0.3333333333333333,-2.7166987712964503,1.114638779968488,1,0.3333333333333333,-2.7166987712964503,1.114638779968488,2,0.6666666666666666,-2.690369832574101,1.0883098412461385,3,1.0,-1.6020599913279625,2.220446049250313e-16
hard_ood_40pct,32,thermoelectric_prior_static,85.0,1,0.3333333333333333,-2.7166987712964503,1.114638779968488,1,0.3333333333333333,-2.7166987712964503,1.114638779968488,2,0.6666666666666666,-2.690369832574101,1.0883098412461385,3,1.0,-1.6020599913279625,2.220446049250313e-16
hard_ood_40pct,32,target_source_rank_fusion,76.0,0,0.0,-2.744727494896694,1.1426675035687317,2,0.6666666666666666,-2.690369832574101,1.0883098412461385,2,0.6666666666666666,-2.690369832574101,1.0883098412461385,3,1.0,-1.6020599913279625,2.220446049250313e-16
hard_ood_40pct,32,target_source_novelty_rank_fusion,70.0,0,0.0,-4.1249387366083,2.5228787452803374,0,0.0,-2.744727494896694,1.1426675035687317,2,0.6666666666666666,-2.690369832574101,1.0883098412461385,3,1.0,-1.6020599913279625,2.220446049250313e-16
hard_ood_40pct,32,alloy_prior_static_control,42.0,0,0.0,-2.744727494896694,1.1426675035687317,0,0.0,-2.744727494896694,1.1426675035687317,1,0.3333333333333333,-2.7166987712964503,1.114638779968488,3,1.0,-1.6020599913279625,2.220446049250313e-16
hard_ood_40pct,32,catalysis_prior_static_control,58.0,1,0.3333333333333333,-2.7166987712964503,1.114638779968488,1,0.3333333333333333,-2.7166987712964503,1.114638779968488,2,0.6666666666666666,-1.6020599913279625,2.220446049250313e-16,2,0.6666666666666666,-1.6020599913279625,2.220446049250313e-16
hard_ood_40pct,32,shuffled_thermoelectric_static_control,47.0,0,0.0,-6.022276394711152,4.42021640338319,1,0.3333333333333333,-2.7166987712964503,1.114638779968488,1,0.3333333333333333,-2.7166987712964503,1.114638779968488,2,0.6666666666666666,-1.6020599913279625,2.220446049250313e-16
hard_ood_40pct,33,uniform_random,35.0,0,0.0,-4.91721462968355,3.3151546383555877,0,0.0,-2.744727494896694,1.1426675035687317,0,0.0,-2.744727494896694,1.1426675035687317,3,1.0,-1.6020599913279625,2.220446049250313e-16
hard_ood_40pct,33,target_ucb_beta1,84.0,1,0.3333333333333333,-1.6020599913279625,2.220446049250313e-16,2,0.6666666666666666,-1.6020599913279625,2.220446049250313e-16,2,0.6666666666666666,-1.6020599913279625,2.220446049250313e-16,3,1.0,-1.6020599913279625,2.220446049250313e-16
hard_ood_40pct,33,target_mean_greedy,60.0,0,0.0,-4.1249387366083,2.5228787452803374,0,0.0,-4.1249387366083,2.5228787452803374,2,0.6666666666666666,-2.690369832574101,1.0883098412461385,3,1.0,-1.6020599913279625,2.220446049250313e-16
hard_ood_40pct,33,composition_novelty,97.0,1,0.3333333333333333,-2.690369832574101,1.0883098412461385,2,0.6666666666666666,-2.690369832574101,1.0883098412461385,3,1.0,-1.6020599913279625,2.220446049250313e-16,3,1.0,-1.6020599913279625,2.220446049250313e-16
hard_ood_40pct,33,thermoelectric_prior_static,85.0,1,0.3333333333333333,-2.7166987712964503,1.114638779968488,1,0.3333333333333333,-2.7166987712964503,1.114638779968488,2,0.6666666666666666,-2.690369832574101,1.0883098412461385,3,1.0,-1.6020599913279625,2.220446049250313e-16
hard_ood_40pct,33,target_source_rank_fusion,93.0,1,0.3333333333333333,-2.7166987712964503,1.114638779968488,1,0.3333333333333333,-2.7166987712964503,1.114638779968488,3,1.0,-1.6020599913279625,2.220446049250313e-16,3,1.0,-1.6020599913279625,2.220446049250313e-16
hard_ood_40pct,33,target_source_novelty_rank_fusion,93.0,1,0.3333333333333333,-2.7166987712964503,1.114638779968488,2,0.6666666666666666,-2.690369832574101,1.0883098412461385,2,0.6666666666666666,-2.690369832574101,1.0883098412461385,3,1.0,-1.6020599913279625,2.220446049250313e-16
hard_ood_40pct,33,alloy_prior_static_control,42.0,0,0.0,-2.744727494896694,1.1426675035687317,0,0.0,-2.744727494896694,1.1426675035687317,1,0.3333333333333333,-2.7166987712964503,1.114638779968488,3,1.0,-1.6020599913279625,2.220446049250313e-16
hard_ood_40pct,33,catalysis_prior_static_control,58.0,1,0.3333333333333333,-2.7166987712964503,1.114638779968488,1,0.3333333333333333,-2.7166987712964503,1.114638779968488,2,0.6666666666666666,-1.6020599913279625,2.220446049250313e-16,2,0.6666666666666666,-1.6020599913279625,2.220446049250313e-16
hard_ood_40pct,33,shuffled_thermoelectric_static_control,47.0,0,0.0,-6.022276394711152,4.42021640338319,1,0.3333333333333333,-2.7166987712964503,1.114638779968488,1,0.3333333333333333,-2.7166987712964503,1.114638779968488,2,0.6666666666666666,-1.6020599913279625,2.220446049250313e-16
hard_ood_40pct,34,uniform_random,46.0,0,0.0,-2.795880017344075,1.1938200260161127,0,0.0,-2.795880017344075,1.1938200260161127,0,0.0,-2.744727494896694,1.1426675035687317,3,1.0,-1.6020599913279625,2.220446049250313e-16
hard_ood_40pct,34,target_ucb_beta1,48.0,0,0.0,-3.958607314841775,2.356547323513813,0,0.0,-3.958607314841775,2.356547323513813,0,0.0,-2.744727494896694,1.1426675035687317,3,1.0,-1.6020599913279625,2.220446049250313e-16
hard_ood_40pct,34,target_mean_greedy,88.0,1,0.3333333333333333,-2.690369832574101,1.0883098412461385,2,0.6666666666666666,-2.690369832574101,1.0883098412461385,2,0.6666666666666666,-2.690369832574101,1.0883098412461385,3,1.0,-1.6020599913279625,2.220446049250313e-16
hard_ood_40pct,34,composition_novelty,76.0,1,0.3333333333333333,-2.7166987712964503,1.114638779968488,1,0.3333333333333333,-2.7166987712964503,1.114638779968488,2,0.6666666666666666,-2.690369832574101,1.0883098412461385,3,1.0,-1.6020599913279625,2.220446049250313e-16
hard_ood_40pct,34,thermoelectric_prior_static,85.0,1,0.3333333333333333,-2.7166987712964503,1.114638779968488,1,0.3333333333333333,-2.7166987712964503,1.114638779968488,2,0.6666666666666666,-2.690369832574101,1.0883098412461385,3,1.0,-1.6020599913279625,2.220446049250313e-16
hard_ood_40pct,34,target_source_rank_fusion,75.0,0,0.0,-4.1249387366083,2.5228787452803374,1,0.3333333333333333,-2.690369832574101,1.0883098412461385,2,0.6666666666666666,-2.690369832574101,1.0883098412461385,3,1.0,-1.6020599913279625,2.220446049250313e-16
hard_ood_40pct,34,target_source_novelty_rank_fusion,80.0,0,0.0,-4.1249387366083,2.5228787452803374,2,0.6666666666666666,-2.690369832574101,1.0883098412461385,2,0.6666666666666666,-2.690369832574101,1.0883098412461385,3,1.0,-1.6020599913279625,2.220446049250313e-16
hard_ood_40pct,34,alloy_prior_static_control,42.0,0,0.0,-2.744727494896694,1.1426675035687317,0,0.0,-2.744727494896694,1.1426675035687317,1,0.3333333333333333,-2.7166987712964503,1.114638779968488,3,1.0,-1.6020599913279625,2.220446049250313e-16
hard_ood_40pct,34,catalysis_prior_static_control,58.0,1,0.3333333333333333,-2.7166987712964503,1.114638779968488,1,0.3333333333333333,-2.7166987712964503,1.114638779968488,2,0.6666666666666666,-1.6020599913279625,2.220446049250313e-16,2,0.6666666666666666,-1.6020599913279625,2.220446049250313e-16
hard_ood_40pct,34,shuffled_thermoelectric_static_control,47.0,0,0.0,-6.022276394711152,4.42021640338319,1,0.3333333333333333,-2.7166987712964503,1.114638779968488,1,0.3333333333333333,-2.7166987712964503,1.114638779968488,2,0.6666666666666666,-1.6020599913279625,2.220446049250313e-16
hard_ood_40pct,35,uniform_random,76.0,0,0.0,-2.795880017344075,1.1938200260161127,2,0.6666666666666666,-2.690369832574101,1.0883098412461385,2,0.6666666666666666,-2.690369832574101,1.0883098412461385,3,1.0,-1.6020599913279625,2.220446049250313e-16
hard_ood_40pct,35,target_ucb_beta1,18.0,0,0.0,-4.910094888560602,3.3080348972326394,0,0.0,-2.744727494896694,1.1426675035687317,0,0.0,-2.744727494896694,1.1426675035687317,3,1.0,-1.6020599913279625,2.220446049250313e-16
hard_ood_40pct,35,target_mean_greedy,17.0,0,0.0,-4.910094888560602,3.3080348972326394,0,0.0,-2.795880017344075,1.1938200260161127,0,0.0,-2.744727494896694,1.1426675035687317,3,1.0,-1.6020599913279625,2.220446049250313e-16
hard_ood_40pct,35,composition_novelty,93.0,0,0.0,-5.301029995663981,3.6989700043360187,2,0.6666666666666666,-2.690369832574101,1.0883098412461385,3,1.0,-1.6020599913279625,2.220446049250313e-16,3,1.0,-1.6020599913279625,2.220446049250313e-16
hard_ood_40pct,35,thermoelectric_prior_static,85.0,1,0.3333333333333333,-2.7166987712964503,1.114638779968488,1,0.3333333333333333,-2.7166987712964503,1.114638779968488,2,0.6666666666666666,-2.690369832574101,1.0883098412461385,3,1.0,-1.6020599913279625,2.220446049250313e-16
hard_ood_40pct,35,target_source_rank_fusion,78.0,1,0.3333333333333333,-2.7166987712964503,1.114638779968488,1,0.3333333333333333,-2.7166987712964503,1.114638779968488,2,0.6666666666666666,-2.690369832574101,1.0883098412461385,3,1.0,-1.6020599913279625,2.220446049250313e-16
hard_ood_40pct,35,target_source_novelty_rank_fusion,91.0,2,0.6666666666666666,-2.690369832574101,1.0883098412461385,2,0.6666666666666666,-2.690369832574101,1.0883098412461385,2,0.6666666666666666,-2.690369832574101,1.0883098412461385,3,1.0,-1.6020599913279625,2.220446049250313e-16
hard_ood_40pct,35,alloy_prior_static_control,42.0,0,0.0,-2.744727494896694,1.1426675035687317,0,0.0,-2.744727494896694,1.1426675035687317,1,0.3333333333333333,-2.7166987712964503,1.114638779968488,3,1.0,-1.6020599913279625,2.220446049250313e-16
hard_ood_40pct,35,catalysis_prior_static_control,58.0,1,0.3333333333333333,-2.7166987712964503,1.114638779968488,1,0.3333333333333333,-2.7166987712964503,1.114638779968488,2,0.6666666666666666,-1.6020599913279625,2.220446049250313e-16,2,0.6666666666666666,-1.6020599913279625,2.220446049250313e-16
hard_ood_40pct,35,shuffled_thermoelectric_static_control,47.0,0,0.0,-6.022276394711152,4.42021640338319,1,0.3333333333333333,-2.7166987712964503,1.114638779968488,1,0.3333333333333333,-2.7166987712964503,1.114638779968488,2,0.6666666666666666,-1.6020599913279625,2.220446049250313e-16
hard_ood_40pct,36,uniform_random,56.0,0,0.0,-2.744727494896694,1.1426675035687317,1,0.3333333333333333,-1.6020599913279625,2.220446049250313e-16,2,0.6666666666666666,-1.6020599913279625,2.220446049250313e-16,2,0.6666666666666666,-1.6020599913279625,2.220446049250313e-16
hard_ood_40pct,36,target_ucb_beta1,90.0,1,0.3333333333333333,-1.6020599913279625,2.220446049250313e-16,1,0.3333333333333333,-1.6020599913279625,2.220446049250313e-16,3,1.0,-1.6020599913279625,2.220446049250313e-16,3,1.0,-1.6020599913279625,2.220446049250313e-16
hard_ood_40pct,36,target_mean_greedy,90.0,2,0.6666666666666666,-2.690369832574101,1.0883098412461385,2,0.6666666666666666,-2.690369832574101,1.0883098412461385,2,0.6666666666666666,-2.690369832574101,1.0883098412461385,3,1.0,-1.6020599913279625,2.220446049250313e-16
hard_ood_40pct,36,composition_novelty,100.0,2,0.6666666666666666,-2.690369832574101,1.0883098412461385,2,0.6666666666666666,-2.690369832574101,1.0883098412461385,3,1.0,-1.6020599913279625,2.220446049250313e-16,3,1.0,-1.6020599913279625,2.220446049250313e-16
hard_ood_40pct,36,thermoelectric_prior_static,85.0,1,0.3333333333333333,-2.7166987712964503,1.114638779968488,1,0.3333333333333333,-2.7166987712964503,1.114638779968488,2,0.6666666666666666,-2.690369832574101,1.0883098412461385,3,1.0,-1.6020599913279625,2.220446049250313e-16
hard_ood_40pct,36,target_source_rank_fusion,97.0,2,0.6666666666666666,-2.690369832574101,1.0883098412461385,2,0.6666666666666666,-2.690369832574101,1.0883098412461385,2,0.6666666666666666,-2.690369832574101,1.0883098412461385,3,1.0,-1.6020599913279625,2.220446049250313e-16
hard_ood_40pct,36,target_source_novelty_rank_fusion,98.0,2,0.6666666666666666,-2.690369832574101,1.0883098412461385,2,0.6666666666666666,-2.690369832574101,1.0883098412461385,2,0.6666666666666666,-2.690369832574101,1.0883098412461385,3,1.0,-1.6020599913279625,2.220446049250313e-16
hard_ood_40pct,36,alloy_prior_static_control,42.0,0,0.0,-2.744727494896694,1.1426675035687317,0,0.0,-2.744727494896694,1.1426675035687317,1,0.3333333333333333,-2.7166987712964503,1.114638779968488,3,1.0,-1.6020599913279625,2.220446049250313e-16
hard_ood_40pct,36,catalysis_prior_static_control,58.0,1,0.3333333333333333,-2.7166987712964503,1.114638779968488,1,0.3333333333333333,-2.7166987712964503,1.114638779968488,2,0.6666666666666666,-1.6020599913279625,2.220446049250313e-16,2,0.6666666666666666,-1.6020599913279625,2.220446049250313e-16
hard_ood_40pct,36,shuffled_thermoelectric_static_control,47.0,0,0.0,-6.022276394711152,4.42021640338319,1,0.3333333333333333,-2.7166987712964503,1.114638779968488,1,0.3333333333333333,-2.7166987712964503,1.114638779968488,2,0.6666666666666666,-1.6020599913279625,2.220446049250313e-16
hard_ood_40pct,37,uniform_random,69.0,1,0.3333333333333333,-1.6020599913279625,2.220446049250313e-16,1,0.3333333333333333,-1.6020599913279625,2.220446049250313e-16,2,0.6666666666666666,-1.6020599913279625,2.220446049250313e-16,3,1.0,-1.6020599913279625,2.220446049250313e-16
hard_ood_40pct,37,target_ucb_beta1,59.0,0,0.0,-4.782516055786093,3.180456064458131,0,0.0,-3.958607314841775,2.356547323513813,2,0.6666666666666666,-2.690369832574101,1.0883098412461385,3,1.0,-1.6020599913279625,2.220446049250313e-16
hard_ood_40pct,37,target_mean_greedy,81.0,0,0.0,-4.1249387366083,2.5228787452803374,2,0.6666666666666666,-2.690369832574101,1.0883098412461385,2,0.6666666666666666,-2.690369832574101,1.0883098412461385,3,1.0,-1.6020599913279625,2.220446049250313e-16
hard_ood_40pct,37,composition_novelty,80.0,1,0.3333333333333333,-2.7166987712964503,1.114638779968488,1,0.3333333333333333,-2.7166987712964503,1.114638779968488,2,0.6666666666666666,-2.690369832574101,1.0883098412461385,3,1.0,-1.6020599913279625,2.220446049250313e-16
hard_ood_40pct,37,thermoelectric_prior_static,85.0,1,0.3333333333333333,-2.7166987712964503,1.114638779968488,1,0.3333333333333333,-2.7166987712964503,1.114638779968488,2,0.6666666666666666,-2.690369832574101,1.0883098412461385,3,1.0,-1.6020599913279625,2.220446049250313e-16
hard_ood_40pct,37,target_source_rank_fusion,79.0,0,0.0,-4.1249387366083,2.5228787452803374,1,0.3333333333333333,-2.690369832574101,1.0883098412461385,2,0.6666666666666666,-2.690369832574101,1.0883098412461385,3,1.0,-1.6020599913279625,2.220446049250313e-16
hard_ood_40pct,37,target_source_novelty_rank_fusion,92.0,2,0.6666666666666666,-2.690369832574101,1.0883098412461385,2,0.6666666666666666,-2.690369832574101,1.0883098412461385,2,0.6666666666666666,-2.690369832574101,1.0883098412461385,3,1.0,-1.6020599913279625,2.220446049250313e-16
hard_ood_40pct,37,alloy_prior_static_control,42.0,0,0.0,-2.744727494896694,1.1426675035687317,0,0.0,-2.744727494896694,1.1426675035687317,1,0.3333333333333333,-2.7166987712964503,1.114638779968488,3,1.0,-1.6020599913279625,2.220446049250313e-16
hard_ood_40pct,37,catalysis_prior_static_control,58.0,1,0.3333333333333333,-2.7166987712964503,1.114638779968488,1,0.3333333333333333,-2.7166987712964503,1.114638779968488,2,0.6666666666666666,-1.6020599913279625,2.220446049250313e-16,2,0.6666666666666666,-1.6020599913279625,2.220446049250313e-16
hard_ood_40pct,37,shuffled_thermoelectric_static_control,47.0,0,0.0,-6.022276394711152,4.42021640338319,1,0.3333333333333333,-2.7166987712964503,1.114638779968488,1,0.3333333333333333,-2.7166987712964503,1.114638779968488,2,0.6666666666666666,-1.6020599913279625,2.220446049250313e-16
hard_ood_40pct,38,uniform_random,46.0,0,0.0,-2.795880017344075,1.1938200260161127,0,0.0,-2.795880017344075,1.1938200260161127,1,0.3333333333333333,-2.690369832574101,1.0883098412461385,3,1.0,-1.6020599913279625,2.220446049250313e-16
hard_ood_40pct,38,target_ucb_beta1,96.0,2,0.6666666666666666,-2.690369832574101,1.0883098412461385,2,0.6666666666666666,-2.690369832574101,1.0883098412461385,2,0.6666666666666666,-2.690369832574101,1.0883098412461385,3,1.0,-1.6020599913279625,2.220446049250313e-16
hard_ood_40pct,38,target_mean_greedy,75.0,1,0.3333333333333333,-2.7166987712964503,1.114638779968488,1,0.3333333333333333,-2.7166987712964503,1.114638779968488,1,0.3333333333333333,-2.7166987712964503,1.114638779968488,3,1.0,-1.6020599913279625,2.220446049250313e-16
hard_ood_40pct,38,composition_novelty,81.0,1,0.3333333333333333,-2.7166987712964503,1.114638779968488,2,0.6666666666666666,-2.690369832574101,1.0883098412461385,2,0.6666666666666666,-2.690369832574101,1.0883098412461385,3,1.0,-1.6020599913279625,2.220446049250313e-16
hard_ood_40pct,38,thermoelectric_prior_static,85.0,1,0.3333333333333333,-2.7166987712964503,1.114638779968488,1,0.3333333333333333,-2.7166987712964503,1.114638779968488,2,0.6666666666666666,-2.690369832574101,1.0883098412461385,3,1.0,-1.6020599913279625,2.220446049250313e-16
hard_ood_40pct,38,target_source_rank_fusion,78.0,1,0.3333333333333333,-2.7166987712964503,1.114638779968488,1,0.3333333333333333,-2.7166987712964503,1.114638779968488,1,0.3333333333333333,-2.7166987712964503,1.114638779968488,3,1.0,-1.6020599913279625,2.220446049250313e-16
hard_ood_40pct,38,target_source_novelty_rank_fusion,88.0,1,0.3333333333333333,-2.7166987712964503,1.114638779968488,1,0.3333333333333333,-2.7166987712964503,1.114638779968488,3,1.0,-1.6020599913279625,2.220446049250313e-16,3,1.0,-1.6020599913279625,2.220446049250313e-16
hard_ood_40pct,38,alloy_prior_static_control,42.0,0,0.0,-2.744727494896694,1.1426675035687317,0,0.0,-2.744727494896694,1.1426675035687317,1,0.3333333333333333,-2.7166987712964503,1.114638779968488,3,1.0,-1.6020599913279625,2.220446049250313e-16
hard_ood_40pct,38,catalysis_prior_static_control,58.0,1,0.3333333333333333,-2.7166987712964503,1.114638779968488,1,0.3333333333333333,-2.7166987712964503,1.114638779968488,2,0.6666666666666666,-1.6020599913279625,2.220446049250313e-16,2,0.6666666666666666,-1.6020599913279625,2.220446049250313e-16
hard_ood_40pct,38,shuffled_thermoelectric_static_control,47.0,0,0.0,-6.022276394711152,4.42021640338319,1,0.3333333333333333,-2.7166987712964503,1.114638779968488,1,0.3333333333333333,-2.7166987712964503,1.114638779968488,2,0.6666666666666666,-1.6020599913279625,2.220446049250313e-16
hard_ood_40pct,39,uniform_random,77.0,1,0.3333333333333333,-1.6020599913279625,2.220446049250313e-16,1,0.3333333333333333,-1.6020599913279625,2.220446049250313e-16,2,0.6666666666666666,-1.6020599913279625,2.220446049250313e-16,3,1.0,-1.6020599913279625,2.220446049250313e-16
hard_ood_40pct,39,target_ucb_beta1,73.0,0,0.0,-2.744727494896694,1.1426675035687317,0,0.0,-2.744727494896694,1.1426675035687317,3,1.0,-1.6020599913279625,2.220446049250313e-16,3,1.0,-1.6020599913279625,2.220446049250313e-16
hard_ood_40pct,39,target_mean_greedy,59.0,0,0.0,-2.744727494896694,1.1426675035687317,0,0.0,-2.744727494896694,1.1426675035687317,2,0.6666666666666666,-2.690369832574101,1.0883098412461385,3,1.0,-1.6020599913279625,2.220446049250313e-16
hard_ood_40pct,39,composition_novelty,80.0,1,0.3333333333333333,-2.7166987712964503,1.114638779968488,1,0.3333333333333333,-2.7166987712964503,1.114638779968488,2,0.6666666666666666,-2.690369832574101,1.0883098412461385,3,1.0,-1.6020599913279625,2.220446049250313e-16
hard_ood_40pct,39,thermoelectric_prior_static,85.0,1,0.3333333333333333,-2.7166987712964503,1.114638779968488,1,0.3333333333333333,-2.7166987712964503,1.114638779968488,2,0.6666666666666666,-2.690369832574101,1.0883098412461385,3,1.0,-1.6020599913279625,2.220446049250313e-16
hard_ood_40pct,39,target_source_rank_fusion,73.0,0,0.0,-4.1249387366083,2.5228787452803374,0,0.0,-2.744727494896694,1.1426675035687317,2,0.6666666666666666,-2.690369832574101,1.0883098412461385,3,1.0,-1.6020599913279625,2.220446049250313e-16
hard_ood_40pct,39,target_source_novelty_rank_fusion,90.0,0,0.0,-2.744727494896694,1.1426675035687317,2,0.6666666666666666,-2.690369832574101,1.0883098412461385,3,1.0,-1.6020599913279625,2.220446049250313e-16,3,1.0,-1.6020599913279625,2.220446049250313e-16
hard_ood_40pct,39,alloy_prior_static_control,42.0,0,0.0,-2.744727494896694,1.1426675035687317,0,0.0,-2.744727494896694,1.1426675035687317,1,0.3333333333333333,-2.7166987712964503,1.114638779968488,3,1.0,-1.6020599913279625,2.220446049250313e-16
hard_ood_40pct,39,catalysis_prior_static_control,58.0,1,0.3333333333333333,-2.7166987712964503,1.114638779968488,1,0.3333333333333333,-2.7166987712964503,1.114638779968488,2,0.6666666666666666,-1.6020599913279625,2.220446049250313e-16,2,0.6666666666666666,-1.6020599913279625,2.220446049250313e-16
hard_ood_40pct,39,shuffled_thermoelectric_static_control,47.0,0,0.0,-6.022276394711152,4.42021640338319,1,0.3333333333333333,-2.7166987712964503,1.114638779968488,1,0.3333333333333333,-2.7166987712964503,1.114638779968488,2,0.6666666666666666,-1.6020599913279625,2.220446049250313e-16
hard_ood_40pct,40,uniform_random,68.0,1,0.3333333333333333,-1.6020599913279625,2.220446049250313e-16,1,0.3333333333333333,-1.6020599913279625,2.220446049250313e-16,2,0.6666666666666666,-1.6020599913279625,2.220446049250313e-16,2,0.6666666666666666,-1.6020599913279625,2.220446049250313e-16
hard_ood_40pct,40,target_ucb_beta1,40.0,0,0.0,-5.070581074285707,3.4685210829577446,0,0.0,-2.744727494896694,1.1426675035687317,0,0.0,-2.744727494896694,1.1426675035687317,3,1.0,-1.6020599913279625,2.220446049250313e-16
hard_ood_40pct,40,target_mean_greedy,35.0,0,0.0,-2.744727494896694,1.1426675035687317,0,0.0,-2.744727494896694,1.1426675035687317,0,0.0,-2.744727494896694,1.1426675035687317,3,1.0,-1.6020599913279625,2.220446049250313e-16
hard_ood_40pct,40,composition_novelty,91.0,1,0.3333333333333333,-2.7166987712964503,1.114638779968488,1,0.3333333333333333,-2.7166987712964503,1.114638779968488,3,1.0,-1.6020599913279625,2.220446049250313e-16,3,1.0,-1.6020599913279625,2.220446049250313e-16
hard_ood_40pct,40,thermoelectric_prior_static,85.0,1,0.3333333333333333,-2.7166987712964503,1.114638779968488,1,0.3333333333333333,-2.7166987712964503,1.114638779968488,2,0.6666666666666666,-2.690369832574101,1.0883098412461385,3,1.0,-1.6020599913279625,2.220446049250313e-16
hard_ood_40pct,40,target_source_rank_fusion,38.0,0,0.0,-4.1249387366083,2.5228787452803374,0,0.0,-2.744727494896694,1.1426675035687317,0,0.0,-2.744727494896694,1.1426675035687317,3,1.0,-1.6020599913279625,2.220446049250313e-16
hard_ood_40pct,40,target_source_novelty_rank_fusion,78.0,0,0.0,-4.443697499232712,2.84163750790475,0,0.0,-2.744727494896694,1.1426675035687317,2,0.6666666666666666,-2.690369832574101,1.0883098412461385,3,1.0,-1.6020599913279625,2.220446049250313e-16
hard_ood_40pct,40,alloy_prior_static_control,42.0,0,0.0,-2.744727494896694,1.1426675035687317,0,0.0,-2.744727494896694,1.1426675035687317,1,0.3333333333333333,-2.7166987712964503,1.114638779968488,3,1.0,-1.6020599913279625,2.220446049250313e-16
hard_ood_40pct,40,catalysis_prior_static_control,58.0,1,0.3333333333333333,-2.7166987712964503,1.114638779968488,1,0.3333333333333333,-2.7166987712964503,1.114638779968488,2,0.6666666666666666,-1.6020599913279625,2.220446049250313e-16,2,0.6666666666666666,-1.6020599913279625,2.220446049250313e-16
hard_ood_40pct,40,shuffled_thermoelectric_static_control,47.0,0,0.0,-6.022276394711152,4.42021640338319,1,0.3333333333333333,-2.7166987712964503,1.114638779968488,1,0.3333333333333333,-2.7166987712964503,1.114638779968488,2,0.6666666666666666,-1.6020599913279625,2.220446049250313e-16
hard_ood_40pct,41,uniform_random,68.0,1,0.3333333333333333,-1.6020599913279625,2.220446049250313e-16,1,0.3333333333333333,-1.6020599913279625,2.220446049250313e-16,2,0.6666666666666666,-1.6020599913279625,2.220446049250313e-16,3,1.0,-1.6020599913279625,2.220446049250313e-16
hard_ood_40pct,41,target_ucb_beta1,75.0,1,0.3333333333333333,-2.7166987712964503,1.114638779968488,2,0.6666666666666666,-2.690369832574101,1.0883098412461385,2,0.6666666666666666,-2.690369832574101,1.0883098412461385,3,1.0,-1.6020599913279625,2.220446049250313e-16
hard_ood_40pct,41,target_mean_greedy,59.0,0,0.0,-4.1249387366083,2.5228787452803374,0,0.0,-4.1249387366083,2.5228787452803374,2,0.6666666666666666,-2.690369832574101,1.0883098412461385,3,1.0,-1.6020599913279625,2.220446049250313e-16
hard_ood_40pct,41,composition_novelty,72.0,1,0.3333333333333333,-2.7166987712964503,1.114638779968488,1,0.3333333333333333,-2.7166987712964503,1.114638779968488,2,0.6666666666666666,-2.690369832574101,1.0883098412461385,3,1.0,-1.6020599913279625,2.220446049250313e-16
hard_ood_40pct,41,thermoelectric_prior_static,85.0,1,0.3333333333333333,-2.7166987712964503,1.114638779968488,1,0.3333333333333333,-2.7166987712964503,1.114638779968488,2,0.6666666666666666,-2.690369832574101,1.0883098412461385,3,1.0,-1.6020599913279625,2.220446049250313e-16
hard_ood_40pct,41,target_source_rank_fusion,78.0,0,0.0,-4.1249387366083,2.5228787452803374,2,0.6666666666666666,-2.690369832574101,1.0883098412461385,2,0.6666666666666666,-2.690369832574101,1.0883098412461385,3,1.0,-1.6020599913279625,2.220446049250313e-16
hard_ood_40pct,41,target_source_novelty_rank_fusion,88.0,2,0.6666666666666666,-2.690369832574101,1.0883098412461385,2,0.6666666666666666,-2.690369832574101,1.0883098412461385,2,0.6666666666666666,-2.690369832574101,1.0883098412461385,3,1.0,-1.6020599913279625,2.220446049250313e-16
hard_ood_40pct,41,alloy_prior_static_control,42.0,0,0.0,-2.744727494896694,1.1426675035687317,0,0.0,-2.744727494896694,1.1426675035687317,1,0.3333333333333333,-2.7166987712964503,1.114638779968488,3,1.0,-1.6020599913279625,2.220446049250313e-16
hard_ood_40pct,41,catalysis_prior_static_control,58.0,1,0.3333333333333333,-2.7166987712964503,1.114638779968488,1,0.3333333333333333,-2.7166987712964503,1.114638779968488,2,0.6666666666666666,-1.6020599913279625,2.220446049250313e-16,2,0.6666666666666666,-1.6020599913279625,2.220446049250313e-16
hard_ood_40pct,41,shuffled_thermoelectric_static_control,47.0,0,0.0,-6.022276394711152,4.42021640338319,1,0.3333333333333333,-2.7166987712964503,1.114638779968488,1,0.3333333333333333,-2.7166987712964503,1.114638779968488,2,0.6666666666666666,-1.6020599913279625,2.220446049250313e-16
hard_ood_40pct,42,uniform_random,82.0,1,0.3333333333333333,-2.690369832574101,1.0883098412461385,1,0.3333333333333333,-2.690369832574101,1.0883098412461385,3,1.0,-1.6020599913279625,2.220446049250313e-16,3,1.0,-1.6020599913279625,2.220446049250313e-16
hard_ood_40pct,42,target_ucb_beta1,79.0,0,0.0,-4.1249387366083,2.5228787452803374,0,0.0,-4.1249387366083,2.5228787452803374,3,1.0,-1.6020599913279625,2.220446049250313e-16,3,1.0,-1.6020599913279625,2.220446049250313e-16
hard_ood_40pct,42,target_mean_greedy,71.0,0,0.0,-4.1249387366083,2.5228787452803374,0,0.0,-4.1249387366083,2.5228787452803374,2,0.6666666666666666,-2.690369832574101,1.0883098412461385,3,1.0,-1.6020599913279625,2.220446049250313e-16
hard_ood_40pct,42,composition_novelty,96.0,1,0.3333333333333333,-2.7166987712964503,1.114638779968488,1,0.3333333333333333,-2.7166987712964503,1.114638779968488,3,1.0,-1.6020599913279625,2.220446049250313e-16,3,1.0,-1.6020599913279625,2.220446049250313e-16
hard_ood_40pct,42,thermoelectric_prior_static,85.0,1,0.3333333333333333,-2.7166987712964503,1.114638779968488,1,0.3333333333333333,-2.7166987712964503,1.114638779968488,2,0.6666666666666666,-2.690369832574101,1.0883098412461385,3,1.0,-1.6020599913279625,2.220446049250313e-16
hard_ood_40pct,42,target_source_rank_fusion,85.0,0,0.0,-4.1249387366083,2.5228787452803374,2,0.6666666666666666,-2.690369832574101,1.0883098412461385,2,0.6666666666666666,-2.690369832574101,1.0883098412461385,3,1.0,-1.6020599913279625,2.220446049250313e-16
hard_ood_40pct,42,target_source_novelty_rank_fusion,89.0,0,0.0,-4.1249387366083,2.5228787452803374,2,0.6666666666666666,-2.690369832574101,1.0883098412461385,2,0.6666666666666666,-2.690369832574101,1.0883098412461385,3,1.0,-1.6020599913279625,2.220446049250313e-16
hard_ood_40pct,42,alloy_prior_static_control,42.0,0,0.0,-2.744727494896694,1.1426675035687317,0,0.0,-2.744727494896694,1.1426675035687317,1,0.3333333333333333,-2.7166987712964503,1.114638779968488,3,1.0,-1.6020599913279625,2.220446049250313e-16
hard_ood_40pct,42,catalysis_prior_static_control,58.0,1,0.3333333333333333,-2.7166987712964503,1.114638779968488,1,0.3333333333333333,-2.7166987712964503,1.114638779968488,2,0.6666666666666666,-1.6020599913279625,2.220446049250313e-16,2,0.6666666666666666,-1.6020599913279625,2.220446049250313e-16
hard_ood_40pct,42,shuffled_thermoelectric_static_control,47.0,0,0.0,-6.022276394711152,4.42021640338319,1,0.3333333333333333,-2.7166987712964503,1.114638779968488,1,0.3333333333333333,-2.7166987712964503,1.114638779968488,2,0.6666666666666666,-1.6020599913279625,2.220446049250313e-16
hard_ood_40pct,43,uniform_random,74.0,1,0.3333333333333333,-1.6020599913279625,2.220446049250313e-16,1,0.3333333333333333,-1.6020599913279625,2.220446049250313e-16,1,0.3333333333333333,-1.6020599913279625,2.220446049250313e-16,3,1.0,-1.6020599913279625,2.220446049250313e-16
hard_ood_40pct,43,target_ucb_beta1,113.0,3,1.0,-1.6020599913279625,2.220446049250313e-16,3,1.0,-1.6020599913279625,2.220446049250313e-16,3,1.0,-1.6020599913279625,2.220446049250313e-16,3,1.0,-1.6020599913279625,2.220446049250313e-16
hard_ood_40pct,43,target_mean_greedy,105.0,2,0.6666666666666666,-2.690369832574101,1.0883098412461385,2,0.6666666666666666,-2.690369832574101,1.0883098412461385,3,1.0,-1.6020599913279625,2.220446049250313e-16,3,1.0,-1.6020599913279625,2.220446049250313e-16
hard_ood_40pct,43,composition_novelty,78.0,1,0.3333333333333333,-2.7166987712964503,1.114638779968488,1,0.3333333333333333,-2.7166987712964503,1.114638779968488,2,0.6666666666666666,-2.690369832574101,1.0883098412461385,3,1.0,-1.6020599913279625,2.220446049250313e-16
hard_ood_40pct,43,thermoelectric_prior_static,85.0,1,0.3333333333333333,-2.7166987712964503,1.114638779968488,1,0.3333333333333333,-2.7166987712964503,1.114638779968488,2,0.6666666666666666,-2.690369832574101,1.0883098412461385,3,1.0,-1.6020599913279625,2.220446049250313e-16
hard_ood_40pct,43,target_source_rank_fusion,95.0,1,0.3333333333333333,-2.7166987712964503,1.114638779968488,2,0.6666666666666666,-2.690369832574101,1.0883098412461385,3,1.0,-1.6020599913279625,2.220446049250313e-16,3,1.0,-1.6020599913279625,2.220446049250313e-16
hard_ood_40pct,43,target_source_novelty_rank_fusion,98.0,2,0.6666666666666666,-2.690369832574101,1.0883098412461385,2,0.6666666666666666,-2.690369832574101,1.0883098412461385,3,1.0,-1.6020599913279625,2.220446049250313e-16,3,1.0,-1.6020599913279625,2.220446049250313e-16
hard_ood_40pct,43,alloy_prior_static_control,42.0,0,0.0,-2.744727494896694,1.1426675035687317,0,0.0,-2.744727494896694,1.1426675035687317,1,0.3333333333333333,-2.7166987712964503,1.114638779968488,3,1.0,-1.6020599913279625,2.220446049250313e-16
hard_ood_40pct,43,catalysis_prior_static_control,58.0,1,0.3333333333333333,-2.7166987712964503,1.114638779968488,1,0.3333333333333333,-2.7166987712964503,1.114638779968488,2,0.6666666666666666,-1.6020599913279625,2.220446049250313e-16,2,0.6666666666666666,-1.6020599913279625,2.220446049250313e-16
hard_ood_40pct,43,shuffled_thermoelectric_static_control,47.0,0,0.0,-6.022276394711152,4.42021640338319,1,0.3333333333333333,-2.7166987712964503,1.114638779968488,1,0.3333333333333333,-2.7166987712964503,1.114638779968488,2,0.6666666666666666,-1.6020599913279625,2.220446049250313e-16
hard_ood_40pct,44,uniform_random,52.0,0,0.0,-2.744727494896694,1.1426675035687317,0,0.0,-2.744727494896694,1.1426675035687317,1,0.3333333333333333,-2.7166987712964503,1.114638779968488,3,1.0,-1.6020599913279625,2.220446049250313e-16
hard_ood_40pct,44,target_ucb_beta1,53.0,0,0.0,-4.1249387366083,2.5228787452803374,0,0.0,-4.1249387366083,2.5228787452803374,2,0.6666666666666666,-2.690369832574101,1.0883098412461385,3,1.0,-1.6020599913279625,2.220446049250313e-16
hard_ood_40pct,44,target_mean_greedy,62.0,0,0.0,-3.958607314841775,2.356547323513813,0,0.0,-3.886056647693163,2.2839966563652006,2,0.6666666666666666,-2.690369832574101,1.0883098412461385,3,1.0,-1.6020599913279625,2.220446049250313e-16
hard_ood_40pct,44,composition_novelty,97.0,1,0.3333333333333333,-2.7166987712964503,1.114638779968488,2,0.6666666666666666,-2.690369832574101,1.0883098412461385,3,1.0,-1.6020599913279625,2.220446049250313e-16,3,1.0,-1.6020599913279625,2.220446049250313e-16
hard_ood_40pct,44,thermoelectric_prior_static,85.0,1,0.3333333333333333,-2.7166987712964503,1.114638779968488,1,0.3333333333333333,-2.7166987712964503,1.114638779968488,2,0.6666666666666666,-2.690369832574101,1.0883098412461385,3,1.0,-1.6020599913279625,2.220446049250313e-16
hard_ood_40pct,44,target_source_rank_fusion,75.0,0,0.0,-4.1249387366083,2.5228787452803374,0,0.0,-3.958607314841775,2.356547323513813,2,0.6666666666666666,-2.690369832574101,1.0883098412461385,3,1.0,-1.6020599913279625,2.220446049250313e-16
hard_ood_40pct,44,target_source_novelty_rank_fusion,87.0,1,0.3333333333333333,-2.7166987712964503,1.114638779968488,2,0.6666666666666666,-2.690369832574101,1.0883098412461385,2,0.6666666666666666,-2.690369832574101,1.0883098412461385,3,1.0,-1.6020599913279625,2.220446049250313e-16
hard_ood_40pct,44,alloy_prior_static_control,42.0,0,0.0,-2.744727494896694,1.1426675035687317,0,0.0,-2.744727494896694,1.1426675035687317,1,0.3333333333333333,-2.7166987712964503,1.114638779968488,3,1.0,-1.6020599913279625,2.220446049250313e-16
hard_ood_40pct,44,catalysis_prior_static_control,58.0,1,0.3333333333333333,-2.7166987712964503,1.114638779968488,1,0.3333333333333333,-2.7166987712964503,1.114638779968488,2,0.6666666666666666,-1.6020599913279625,2.220446049250313e-16,2,0.6666666666666666,-1.6020599913279625,2.220446049250313e-16
hard_ood_40pct,44,shuffled_thermoelectric_static_control,47.0,0,0.0,-6.022276394711152,4.42021640338319,1,0.3333333333333333,-2.7166987712964503,1.114638779968488,1,0.3333333333333333,-2.7166987712964503,1.114638779968488,2,0.6666666666666666,-1.6020599913279625,2.220446049250313e-16
hard_ood_40pct,45,uniform_random,23.0,0,0.0,-3.886056647693163,2.2839966563652006,0,0.0,-2.795880017344075,1.1938200260161127,1,0.3333333333333333,-2.7166987712964503,1.114638779968488,2,0.6666666666666666,-1.6020599913279625,2.220446049250313e-16
hard_ood_40pct,45,target_ucb_beta1,32.0,0,0.0,-2.744727494896694,1.1426675035687317,0,0.0,-2.744727494896694,1.1426675035687317,0,0.0,-2.744727494896694,1.1426675035687317,3,1.0,-1.6020599913279625,2.220446049250313e-16
hard_ood_40pct,45,target_mean_greedy,62.0,0,0.0,-3.958607314841775,2.356547323513813,0,0.0,-2.744727494896694,1.1426675035687317,2,0.6666666666666666,-2.690369832574101,1.0883098412461385,3,1.0,-1.6020599913279625,2.220446049250313e-16
hard_ood_40pct,45,composition_novelty,84.0,1,0.3333333333333333,-2.7166987712964503,1.114638779968488,2,0.6666666666666666,-2.690369832574101,1.0883098412461385,2,0.6666666666666666,-2.690369832574101,1.0883098412461385,3,1.0,-1.6020599913279625,2.220446049250313e-16
hard_ood_40pct,45,thermoelectric_prior_static,85.0,1,0.3333333333333333,-2.7166987712964503,1.114638779968488,1,0.3333333333333333,-2.7166987712964503,1.114638779968488,2,0.6666666666666666,-2.690369832574101,1.0883098412461385,3,1.0,-1.6020599913279625,2.220446049250313e-16
hard_ood_40pct,45,target_source_rank_fusion,76.0,0,0.0,-4.443697499232712,2.84163750790475,0,0.0,-3.958607314841775,2.356547323513813,2,0.6666666666666666,-2.690369832574101,1.0883098412461385,3,1.0,-1.6020599913279625,2.220446049250313e-16
hard_ood_40pct,45,target_source_novelty_rank_fusion,88.0,1,0.3333333333333333,-2.7166987712964503,1.114638779968488,2,0.6666666666666666,-2.690369832574101,1.0883098412461385,2,0.6666666666666666,-2.690369832574101,1.0883098412461385,3,1.0,-1.6020599913279625,2.220446049250313e-16
hard_ood_40pct,45,alloy_prior_static_control,42.0,0,0.0,-2.744727494896694,1.1426675035687317,0,0.0,-2.744727494896694,1.1426675035687317,1,0.3333333333333333,-2.7166987712964503,1.114638779968488,3,1.0,-1.6020599913279625,2.220446049250313e-16
hard_ood_40pct,45,catalysis_prior_static_control,58.0,1,0.3333333333333333,-2.7166987712964503,1.114638779968488,1,0.3333333333333333,-2.7166987712964503,1.114638779968488,2,0.6666666666666666,-1.6020599913279625,2.220446049250313e-16,2,0.6666666666666666,-1.6020599913279625,2.220446049250313e-16
hard_ood_40pct,45,shuffled_thermoelectric_static_control,47.0,0,0.0,-6.022276394711152,4.42021640338319,1,0.3333333333333333,-2.7166987712964503,1.114638779968488,1,0.3333333333333333,-2.7166987712964503,1.114638779968488,2,0.6666666666666666,-1.6020599913279625,2.220446049250313e-16
hard_ood_40pct,46,uniform_random,66.0,0,0.0,-2.795880017344075,1.1938200260161127,0,0.0,-2.795880017344075,1.1938200260161127,2,0.6666666666666666,-1.6020599913279625,2.220446049250313e-16,3,1.0,-1.6020599913279625,2.220446049250313e-16
hard_ood_40pct,46,target_ucb_beta1,29.0,0,0.0,-2.744727494896694,1.1426675035687317,0,0.0,-2.744727494896694,1.1426675035687317,0,0.0,-2.744727494896694,1.1426675035687317,3,1.0,-1.6020599913279625,2.220446049250313e-16
hard_ood_40pct,46,target_mean_greedy,46.0,0,0.0,-2.744727494896694,1.1426675035687317,0,0.0,-2.744727494896694,1.1426675035687317,0,0.0,-2.744727494896694,1.1426675035687317,3,1.0,-1.6020599913279625,2.220446049250313e-16
hard_ood_40pct,46,composition_novelty,89.0,1,0.3333333333333333,-2.7166987712964503,1.114638779968488,1,0.3333333333333333,-2.7166987712964503,1.114638779968488,3,1.0,-1.6020599913279625,2.220446049250313e-16,3,1.0,-1.6020599913279625,2.220446049250313e-16
hard_ood_40pct,46,thermoelectric_prior_static,85.0,1,0.3333333333333333,-2.7166987712964503,1.114638779968488,1,0.3333333333333333,-2.7166987712964503,1.114638779968488,2,0.6666666666666666,-2.690369832574101,1.0883098412461385,3,1.0,-1.6020599913279625,2.220446049250313e-16
hard_ood_40pct,46,target_source_rank_fusion,58.0,0,0.0,-4.1249387366083,2.5228787452803374,0,0.0,-2.744727494896694,1.1426675035687317,2,0.6666666666666666,-2.690369832574101,1.0883098412461385,3,1.0,-1.6020599913279625,2.220446049250313e-16
hard_ood_40pct,46,target_source_novelty_rank_fusion,86.0,0,0.0,-2.744727494896694,1.1426675035687317,2,0.6666666666666666,-2.690369832574101,1.0883098412461385,2,0.6666666666666666,-2.690369832574101,1.0883098412461385,3,1.0,-1.6020599913279625,2.220446049250313e-16
hard_ood_40pct,46,alloy_prior_static_control,42.0,0,0.0,-2.744727494896694,1.1426675035687317,0,0.0,-2.744727494896694,1.1426675035687317,1,0.3333333333333333,-2.7166987712964503,1.114638779968488,3,1.0,-1.6020599913279625,2.220446049250313e-16
hard_ood_40pct,46,catalysis_prior_static_control,58.0,1,0.3333333333333333,-2.7166987712964503,1.114638779968488,1,0.3333333333333333,-2.7166987712964503,1.114638779968488,2,0.6666666666666666,-1.6020599913279625,2.220446049250313e-16,2,0.6666666666666666,-1.6020599913279625,2.220446049250313e-16
hard_ood_40pct,46,shuffled_thermoelectric_static_control,47.0,0,0.0,-6.022276394711152,4.42021640338319,1,0.3333333333333333,-2.7166987712964503,1.114638779968488,1,0.3333333333333333,-2.7166987712964503,1.114638779968488,2,0.6666666666666666,-1.6020599913279625,2.220446049250313e-16
hard_ood_40pct,47,uniform_random,36.0,0,0.0,-4.954677021213342,3.35261702988538,1,0.3333333333333333,-2.7166987712964503,1.114638779968488,1,0.3333333333333333,-2.7166987712964503,1.114638779968488,2,0.6666666666666666,-2.690369832574101,1.0883098412461385
hard_ood_40pct,47,target_ucb_beta1,16.0,0,0.0,-2.744727494896694,1.1426675035687317,0,0.0,-2.744727494896694,1.1426675035687317,0,0.0,-2.744727494896694,1.1426675035687317,3,1.0,-1.6020599913279625,2.220446049250313e-16
hard_ood_40pct,47,target_mean_greedy,21.0,0,0.0,-2.744727494896694,1.1426675035687317,0,0.0,-2.744727494896694,1.1426675035687317,0,0.0,-2.744727494896694,1.1426675035687317,3,1.0,-1.6020599913279625,2.220446049250313e-16
hard_ood_40pct,47,composition_novelty,80.0,1,0.3333333333333333,-2.7166987712964503,1.114638779968488,1,0.3333333333333333,-2.7166987712964503,1.114638779968488,2,0.6666666666666666,-2.690369832574101,1.0883098412461385,3,1.0,-1.6020599913279625,2.220446049250313e-16
hard_ood_40pct,47,thermoelectric_prior_static,85.0,1,0.3333333333333333,-2.7166987712964503,1.114638779968488,1,0.3333333333333333,-2.7166987712964503,1.114638779968488,2,0.6666666666666666,-2.690369832574101,1.0883098412461385,3,1.0,-1.6020599913279625,2.220446049250313e-16
hard_ood_40pct,47,target_source_rank_fusion,50.0,0,0.0,-4.1249387366083,2.5228787452803374,0,0.0,-2.744727494896694,1.1426675035687317,1,0.3333333333333333,-2.7166987712964503,1.114638779968488,3,1.0,-1.6020599913279625,2.220446049250313e-16
hard_ood_40pct,47,target_source_novelty_rank_fusion,54.0,0,0.0,-4.552841968657781,2.950781977329818,0,0.0,-2.744727494896694,1.1426675035687317,2,0.6666666666666666,-2.690369832574101,1.0883098412461385,3,1.0,-1.6020599913279625,2.220446049250313e-16
hard_ood_40pct,47,alloy_prior_static_control,42.0,0,0.0,-2.744727494896694,1.1426675035687317,0,0.0,-2.744727494896694,1.1426675035687317,1,0.3333333333333333,-2.7166987712964503,1.114638779968488,3,1.0,-1.6020599913279625,2.220446049250313e-16
hard_ood_40pct,47,catalysis_prior_static_control,58.0,1,0.3333333333333333,-2.7166987712964503,1.114638779968488,1,0.3333333333333333,-2.7166987712964503,1.114638779968488,2,0.6666666666666666,-1.6020599913279625,2.220446049250313e-16,2,0.6666666666666666,-1.6020599913279625,2.220446049250313e-16
hard_ood_40pct,47,shuffled_thermoelectric_static_control,47.0,0,0.0,-6.022276394711152,4.42021640338319,1,0.3333333333333333,-2.7166987712964503,1.114638779968488,1,0.3333333333333333,-2.7166987712964503,1.114638779968488,2,0.6666666666666666,-1.6020599913279625,2.220446049250313e-16
hard_ood_40pct,48,uniform_random,47.0,0,0.0,-5.3979400086720375,3.795880017344075,0,0.0,-4.91721462968355,3.3151546383555877,1,0.3333333333333333,-2.690369832574101,1.0883098412461385,3,1.0,-1.6020599913279625,2.220446049250313e-16
hard_ood_40pct,48,target_ucb_beta1,67.0,0,0.0,-2.744727494896694,1.1426675035687317,0,0.0,-2.744727494896694,1.1426675035687317,2,0.6666666666666666,-2.690369832574101,1.0883098412461385,3,1.0,-1.6020599913279625,2.220446049250313e-16
hard_ood_40pct,48,target_mean_greedy,93.0,2,0.6666666666666666,-2.690369832574101,1.0883098412461385,2,0.6666666666666666,-2.690369832574101,1.0883098412461385,2,0.6666666666666666,-2.690369832574101,1.0883098412461385,3,1.0,-1.6020599913279625,2.220446049250313e-16
hard_ood_40pct,48,composition_novelty,100.0,1,0.3333333333333333,-2.7166987712964503,1.114638779968488,2,0.6666666666666666,-1.6020599913279625,2.220446049250313e-16,3,1.0,-1.6020599913279625,2.220446049250313e-16,3,1.0,-1.6020599913279625,2.220446049250313e-16
hard_ood_40pct,48,thermoelectric_prior_static,85.0,1,0.3333333333333333,-2.7166987712964503,1.114638779968488,1,0.3333333333333333,-2.7166987712964503,1.114638779968488,2,0.6666666666666666,-2.690369832574101,1.0883098412461385,3,1.0,-1.6020599913279625,2.220446049250313e-16
hard_ood_40pct,48,target_source_rank_fusion,95.0,2,0.6666666666666666,-2.690369832574101,1.0883098412461385,2,0.6666666666666666,-2.690369832574101,1.0883098412461385,2,0.6666666666666666,-2.690369832574101,1.0883098412461385,3,1.0,-1.6020599913279625,2.220446049250313e-16
hard_ood_40pct,48,target_source_novelty_rank_fusion,93.0,1,0.3333333333333333,-2.7166987712964503,1.114638779968488,2,0.6666666666666666,-2.690369832574101,1.0883098412461385,2,0.6666666666666666,-2.690369832574101,1.0883098412461385,3,1.0,-1.6020599913279625,2.220446049250313e-16
hard_ood_40pct,48,alloy_prior_static_control,42.0,0,0.0,-2.744727494896694,1.1426675035687317,0,0.0,-2.744727494896694,1.1426675035687317,1,0.3333333333333333,-2.7166987712964503,1.114638779968488,3,1.0,-1.6020599913279625,2.220446049250313e-16
hard_ood_40pct,48,catalysis_prior_static_control,58.0,1,0.3333333333333333,-2.7166987712964503,1.114638779968488,1,0.3333333333333333,-2.7166987712964503,1.114638779968488,2,0.6666666666666666,-1.6020599913279625,2.220446049250313e-16,2,0.6666666666666666,-1.6020599913279625,2.220446049250313e-16
hard_ood_40pct,48,shuffled_thermoelectric_static_control,47.0,0,0.0,-6.022276394711152,4.42021640338319,1,0.3333333333333333,-2.7166987712964503,1.114638779968488,1,0.3333333333333333,-2.7166987712964503,1.114638779968488,2,0.6666666666666666,-1.6020599913279625,2.220446049250313e-16
hard_ood_40pct,49,uniform_random,51.0,0,0.0,-4.782516055786093,3.180456064458131,1,0.3333333333333333,-2.7166987712964503,1.114638779968488,1,0.3333333333333333,-2.7166987712964503,1.114638779968488,3,1.0,-1.6020599913279625,2.220446049250313e-16
hard_ood_40pct,49,target_ucb_beta1,39.0,0,0.0,-2.744727494896694,1.1426675035687317,0,0.0,-2.744727494896694,1.1426675035687317,0,0.0,-2.744727494896694,1.1426675035687317,3,1.0,-1.6020599913279625,2.220446049250313e-16
hard_ood_40pct,49,target_mean_greedy,32.0,0,0.0,-3.886056647693163,2.2839966563652006,0,0.0,-2.744727494896694,1.1426675035687317,0,0.0,-2.744727494896694,1.1426675035687317,3,1.0,-1.6020599913279625,2.220446049250313e-16
hard_ood_40pct,49,composition_novelty,90.0,1,0.3333333333333333,-2.7166987712964503,1.114638779968488,1,0.3333333333333333,-2.7166987712964503,1.114638779968488,3,1.0,-1.6020599913279625,2.220446049250313e-16,3,1.0,-1.6020599913279625,2.220446049250313e-16
hard_ood_40pct,49,thermoelectric_prior_static,85.0,1,0.3333333333333333,-2.7166987712964503,1.114638779968488,1,0.3333333333333333,-2.7166987712964503,1.114638779968488,2,0.6666666666666666,-2.690369832574101,1.0883098412461385,3,1.0,-1.6020599913279625,2.220446049250313e-16
hard_ood_40pct,49,target_source_rank_fusion,42.0,0,0.0,-4.1249387366083,2.5228787452803374,0,0.0,-2.744727494896694,1.1426675035687317,0,0.0,-2.744727494896694,1.1426675035687317,3,1.0,-1.6020599913279625,2.220446049250313e-16
hard_ood_40pct,49,target_source_novelty_rank_fusion,70.0,0,0.0,-4.1249387366083,2.5228787452803374,0,0.0,-2.744727494896694,1.1426675035687317,2,0.6666666666666666,-2.690369832574101,1.0883098412461385,3,1.0,-1.6020599913279625,2.220446049250313e-16
hard_ood_40pct,49,alloy_prior_static_control,42.0,0,0.0,-2.744727494896694,1.1426675035687317,0,0.0,-2.744727494896694,1.1426675035687317,1,0.3333333333333333,-2.7166987712964503,1.114638779968488,3,1.0,-1.6020599913279625,2.220446049250313e-16
hard_ood_40pct,49,catalysis_prior_static_control,58.0,1,0.3333333333333333,-2.7166987712964503,1.114638779968488,1,0.3333333333333333,-2.7166987712964503,1.114638779968488,2,0.6666666666666666,-1.6020599913279625,2.220446049250313e-16,2,0.6666666666666666,-1.6020599913279625,2.220446049250313e-16
hard_ood_40pct,49,shuffled_thermoelectric_static_control,47.0,0,0.0,-6.022276394711152,4.42021640338319,1,0.3333333333333333,-2.7166987712964503,1.114638779968488,1,0.3333333333333333,-2.7166987712964503,1.114638779968488,2,0.6666666666666666,-1.6020599913279625,2.220446049250313e-16
hard_ood_40pct,50,uniform_random,64.0,1,0.3333333333333333,-1.6020599913279625,2.220446049250313e-16,1,0.3333333333333333,-1.6020599913279625,2.220446049250313e-16,1,0.3333333333333333,-1.6020599913279625,2.220446049250313e-16,3,1.0,-1.6020599913279625,2.220446049250313e-16
hard_ood_40pct,50,target_ucb_beta1,76.0,0,0.0,-4.1249387366083,2.5228787452803374,1,0.3333333333333333,-1.6020599913279625,2.220446049250313e-16,2,0.6666666666666666,-1.6020599913279625,2.220446049250313e-16,3,1.0,-1.6020599913279625,2.220446049250313e-16
hard_ood_40pct,50,target_mean_greedy,61.0,0,0.0,-4.1249387366083,2.5228787452803374,0,0.0,-4.1249387366083,2.5228787452803374,1,0.3333333333333333,-2.690369832574101,1.0883098412461385,3,1.0,-1.6020599913279625,2.220446049250313e-16
hard_ood_40pct,50,composition_novelty,91.0,1,0.3333333333333333,-2.7166987712964503,1.114638779968488,1,0.3333333333333333,-2.7166987712964503,1.114638779968488,3,1.0,-1.6020599913279625,2.220446049250313e-16,3,1.0,-1.6020599913279625,2.220446049250313e-16
hard_ood_40pct,50,thermoelectric_prior_static,85.0,1,0.3333333333333333,-2.7166987712964503,1.114638779968488,1,0.3333333333333333,-2.7166987712964503,1.114638779968488,2,0.6666666666666666,-2.690369832574101,1.0883098412461385,3,1.0,-1.6020599913279625,2.220446049250313e-16
hard_ood_40pct,50,target_source_rank_fusion,77.0,0,0.0,-4.1249387366083,2.5228787452803374,1,0.3333333333333333,-2.690369832574101,1.0883098412461385,2,0.6666666666666666,-2.690369832574101,1.0883098412461385,3,1.0,-1.6020599913279625,2.220446049250313e-16
hard_ood_40pct,50,target_source_novelty_rank_fusion,90.0,1,0.3333333333333333,-2.7166987712964503,1.114638779968488,2,0.6666666666666666,-2.690369832574101,1.0883098412461385,2,0.6666666666666666,-2.690369832574101,1.0883098412461385,3,1.0,-1.6020599913279625,2.220446049250313e-16
hard_ood_40pct,50,alloy_prior_static_control,42.0,0,0.0,-2.744727494896694,1.1426675035687317,0,0.0,-2.744727494896694,1.1426675035687317,1,0.3333333333333333,-2.7166987712964503,1.114638779968488,3,1.0,-1.6020599913279625,2.220446049250313e-16
hard_ood_40pct,50,catalysis_prior_static_control,58.0,1,0.3333333333333333,-2.7166987712964503,1.114638779968488,1,0.3333333333333333,-2.7166987712964503,1.114638779968488,2,0.6666666666666666,-1.6020599913279625,2.220446049250313e-16,2,0.6666666666666666,-1.6020599913279625,2.220446049250313e-16
hard_ood_40pct,50,shuffled_thermoelectric_static_control,47.0,0,0.0,-6.022276394711152,4.42021640338319,1,0.3333333333333333,-2.7166987712964503,1.114638779968488,1,0.3333333333333333,-2.7166987712964503,1.114638779968488,2,0.6666666666666666,-1.6020599913279625,2.220446049250313e-16
hard_ood_40pct,51,uniform_random,68.0,0,0.0,-4.954677021213342,3.35261702988538,1,0.3333333333333333,-1.6020599913279625,2.220446049250313e-16,1,0.3333333333333333,-1.6020599913279625,2.220446049250313e-16,3,1.0,-1.6020599913279625,2.220446049250313e-16
hard_ood_40pct,51,target_ucb_beta1,62.0,0,0.0,-3.958607314841775,2.356547323513813,0,0.0,-2.744727494896694,1.1426675035687317,2,0.6666666666666666,-2.690369832574101,1.0883098412461385,3,1.0,-1.6020599913279625,2.220446049250313e-16
hard_ood_40pct,51,target_mean_greedy,38.0,0,0.0,-3.958607314841775,2.356547323513813,0,0.0,-3.958607314841775,2.356547323513813,0,0.0,-2.744727494896694,1.1426675035687317,3,1.0,-1.6020599913279625,2.220446049250313e-16
hard_ood_40pct,51,composition_novelty,90.0,1,0.3333333333333333,-2.7166987712964503,1.114638779968488,1,0.3333333333333333,-2.7166987712964503,1.114638779968488,3,1.0,-1.6020599913279625,2.220446049250313e-16,3,1.0,-1.6020599913279625,2.220446049250313e-16
hard_ood_40pct,51,thermoelectric_prior_static,85.0,1,0.3333333333333333,-2.7166987712964503,1.114638779968488,1,0.3333333333333333,-2.7166987712964503,1.114638779968488,2,0.6666666666666666,-2.690369832574101,1.0883098412461385,3,1.0,-1.6020599913279625,2.220446049250313e-16
hard_ood_40pct,51,target_source_rank_fusion,69.0,0,0.0,-4.1249387366083,2.5228787452803374,0,0.0,-3.886056647693163,2.2839966563652006,2,0.6666666666666666,-2.690369832574101,1.0883098412461385,3,1.0,-1.6020599913279625,2.220446049250313e-16
hard_ood_40pct,51,target_source_novelty_rank_fusion,87.0,1,0.3333333333333333,-2.7166987712964503,1.114638779968488,2,0.6666666666666666,-2.690369832574101,1.0883098412461385,2,0.6666666666666666,-2.690369832574101,1.0883098412461385,3,1.0,-1.6020599913279625,2.220446049250313e-16
hard_ood_40pct,51,alloy_prior_static_control,42.0,0,0.0,-2.744727494896694,1.1426675035687317,0,0.0,-2.744727494896694,1.1426675035687317,1,0.3333333333333333,-2.7166987712964503,1.114638779968488,3,1.0,-1.6020599913279625,2.220446049250313e-16
hard_ood_40pct,51,catalysis_prior_static_control,58.0,1,0.3333333333333333,-2.7166987712964503,1.114638779968488,1,0.3333333333333333,-2.7166987712964503,1.114638779968488,2,0.6666666666666666,-1.6020599913279625,2.220446049250313e-16,2,0.6666666666666666,-1.6020599913279625,2.220446049250313e-16
hard_ood_40pct,51,shuffled_thermoelectric_static_control,47.0,0,0.0,-6.022276394711152,4.42021640338319,1,0.3333333333333333,-2.7166987712964503,1.114638779968488,1,0.3333333333333333,-2.7166987712964503,1.114638779968488,2,0.6666666666666666,-1.6020599913279625,2.220446049250313e-16
hard_ood_40pct,52,uniform_random,59.0,0,0.0,-3.958607314841775,2.356547323513813,1,0.3333333333333333,-2.7166987712964503,1.114638779968488,2,0.6666666666666666,-2.690369832574101,1.0883098412461385,2,0.6666666666666666,-2.690369832574101,1.0883098412461385
hard_ood_40pct,52,target_ucb_beta1,63.0,0,0.0,-2.744727494896694,1.1426675035687317,0,0.0,-2.744727494896694,1.1426675035687317,1,0.3333333333333333,-1.6020599913279625,2.220446049250313e-16,3,1.0,-1.6020599913279625,2.220446049250313e-16
hard_ood_40pct,52,target_mean_greedy,83.0,0,0.0,-2.744727494896694,1.1426675035687317,1,0.3333333333333333,-2.690369832574101,1.0883098412461385,3,1.0,-1.6020599913279625,2.220446049250313e-16,3,1.0,-1.6020599913279625,2.220446049250313e-16
hard_ood_40pct,52,composition_novelty,95.0,1,0.3333333333333333,-2.7166987712964503,1.114638779968488,2,0.6666666666666666,-2.690369832574101,1.0883098412461385,3,1.0,-1.6020599913279625,2.220446049250313e-16,3,1.0,-1.6020599913279625,2.220446049250313e-16
hard_ood_40pct,52,thermoelectric_prior_static,85.0,1,0.3333333333333333,-2.7166987712964503,1.114638779968488,1,0.3333333333333333,-2.7166987712964503,1.114638779968488,2,0.6666666666666666,-2.690369832574101,1.0883098412461385,3,1.0,-1.6020599913279625,2.220446049250313e-16
hard_ood_40pct,52,target_source_rank_fusion,83.0,1,0.3333333333333333,-2.690369832574101,1.0883098412461385,2,0.6666666666666666,-2.690369832574101,1.0883098412461385,2,0.6666666666666666,-2.690369832574101,1.0883098412461385,3,1.0,-1.6020599913279625,2.220446049250313e-16
hard_ood_40pct,52,target_source_novelty_rank_fusion,94.0,2,0.6666666666666666,-2.690369832574101,1.0883098412461385,2,0.6666666666666666,-2.690369832574101,1.0883098412461385,2,0.6666666666666666,-2.690369832574101,1.0883098412461385,3,1.0,-1.6020599913279625,2.220446049250313e-16
hard_ood_40pct,52,alloy_prior_static_control,42.0,0,0.0,-2.744727494896694,1.1426675035687317,0,0.0,-2.744727494896694,1.1426675035687317,1,0.3333333333333333,-2.7166987712964503,1.114638779968488,3,1.0,-1.6020599913279625,2.220446049250313e-16
hard_ood_40pct,52,catalysis_prior_static_control,58.0,1,0.3333333333333333,-2.7166987712964503,1.114638779968488,1,0.3333333333333333,-2.7166987712964503,1.114638779968488,2,0.6666666666666666,-1.6020599913279625,2.220446049250313e-16,2,0.6666666666666666,-1.6020599913279625,2.220446049250313e-16
hard_ood_40pct,52,shuffled_thermoelectric_static_control,47.0,0,0.0,-6.022276394711152,4.42021640338319,1,0.3333333333333333,-2.7166987712964503,1.114638779968488,1,0.3333333333333333,-2.7166987712964503,1.114638779968488,2,0.6666666666666666,-1.6020599913279625,2.220446049250313e-16
hard_ood_40pct,53,uniform_random,62.0,0,0.0,-6.022276394711152,4.42021640338319,1,0.3333333333333333,-1.6020599913279625,2.220446049250313e-16,1,0.3333333333333333,-1.6020599913279625,2.220446049250313e-16,3,1.0,-1.6020599913279625,2.220446049250313e-16
hard_ood_40pct,53,target_ucb_beta1,52.0,0,0.0,-2.744727494896694,1.1426675035687317,0,0.0,-2.744727494896694,1.1426675035687317,1,0.3333333333333333,-2.690369832574101,1.0883098412461385,3,1.0,-1.6020599913279625,2.220446049250313e-16
hard_ood_40pct,53,target_mean_greedy,41.0,0,0.0,-3.958607314841775,2.356547323513813,0,0.0,-2.744727494896694,1.1426675035687317,0,0.0,-2.744727494896694,1.1426675035687317,3,1.0,-1.6020599913279625,2.220446049250313e-16
hard_ood_40pct,53,composition_novelty,77.0,1,0.3333333333333333,-2.7166987712964503,1.114638779968488,1,0.3333333333333333,-2.7166987712964503,1.114638779968488,2,0.6666666666666666,-2.690369832574101,1.0883098412461385,3,1.0,-1.6020599913279625,2.220446049250313e-16
hard_ood_40pct,53,thermoelectric_prior_static,85.0,1,0.3333333333333333,-2.7166987712964503,1.114638779968488,1,0.3333333333333333,-2.7166987712964503,1.114638779968488,2,0.6666666666666666,-2.690369832574101,1.0883098412461385,3,1.0,-1.6020599913279625,2.220446049250313e-16
hard_ood_40pct,53,target_source_rank_fusion,73.0,0,0.0,-4.1249387366083,2.5228787452803374,0,0.0,-3.958607314841775,2.356547323513813,2,0.6666666666666666,-2.690369832574101,1.0883098412461385,3,1.0,-1.6020599913279625,2.220446049250313e-16
hard_ood_40pct,53,target_source_novelty_rank_fusion,83.0,0,0.0,-2.744727494896694,1.1426675035687317,2,0.6666666666666666,-2.690369832574101,1.0883098412461385,2,0.6666666666666666,-2.690369832574101,1.0883098412461385,3,1.0,-1.6020599913279625,2.220446049250313e-16
hard_ood_40pct,53,alloy_prior_static_control,42.0,0,0.0,-2.744727494896694,1.1426675035687317,0,0.0,-2.744727494896694,1.1426675035687317,1,0.3333333333333333,-2.7166987712964503,1.114638779968488,3,1.0,-1.6020599913279625,2.220446049250313e-16
hard_ood_40pct,53,catalysis_prior_static_control,58.0,1,0.3333333333333333,-2.7166987712964503,1.114638779968488,1,0.3333333333333333,-2.7166987712964503,1.114638779968488,2,0.6666666666666666,-1.6020599913279625,2.220446049250313e-16,2,0.6666666666666666,-1.6020599913279625,2.220446049250313e-16
hard_ood_40pct,53,shuffled_thermoelectric_static_control,47.0,0,0.0,-6.022276394711152,4.42021640338319,1,0.3333333333333333,-2.7166987712964503,1.114638779968488,1,0.3333333333333333,-2.7166987712964503,1.114638779968488,2,0.6666666666666666,-1.6020599913279625,2.220446049250313e-16
hard_ood_40pct,54,uniform_random,48.0,0,0.0,-4.910094888560602,3.3080348972326394,0,0.0,-3.886056647693163,2.2839966563652006,1,0.3333333333333333,-1.6020599913279625,2.220446049250313e-16,3,1.0,-1.6020599913279625,2.220446049250313e-16
hard_ood_40pct,54,target_ucb_beta1,50.0,0,0.0,-4.1249387366083,2.5228787452803374,0,0.0,-2.744727494896694,1.1426675035687317,1,0.3333333333333333,-2.690369832574101,1.0883098412461385,3,1.0,-1.6020599913279625,2.220446049250313e-16
hard_ood_40pct,54,target_mean_greedy,64.0,0,0.0,-4.1249387366083,2.5228787452803374,0,0.0,-4.1249387366083,2.5228787452803374,2,0.6666666666666666,-2.690369832574101,1.0883098412461385,3,1.0,-1.6020599913279625,2.220446049250313e-16
hard_ood_40pct,54,composition_novelty,95.0,1,0.3333333333333333,-2.7166987712964503,1.114638779968488,1,0.3333333333333333,-2.7166987712964503,1.114638779968488,3,1.0,-1.6020599913279625,2.220446049250313e-16,3,1.0,-1.6020599913279625,2.220446049250313e-16
hard_ood_40pct,54,thermoelectric_prior_static,85.0,1,0.3333333333333333,-2.7166987712964503,1.114638779968488,1,0.3333333333333333,-2.7166987712964503,1.114638779968488,2,0.6666666666666666,-2.690369832574101,1.0883098412461385,3,1.0,-1.6020599913279625,2.220446049250313e-16
hard_ood_40pct,54,target_source_rank_fusion,67.0,0,0.0,-4.1249387366083,2.5228787452803374,0,0.0,-4.1249387366083,2.5228787452803374,2,0.6666666666666666,-2.690369832574101,1.0883098412461385,3,1.0,-1.6020599913279625,2.220446049250313e-16
hard_ood_40pct,54,target_source_novelty_rank_fusion,81.0,0,0.0,-4.1249387366083,2.5228787452803374,2,0.6666666666666666,-2.690369832574101,1.0883098412461385,2,0.6666666666666666,-2.690369832574101,1.0883098412461385,3,1.0,-1.6020599913279625,2.220446049250313e-16
hard_ood_40pct,54,alloy_prior_static_control,42.0,0,0.0,-2.744727494896694,1.1426675035687317,0,0.0,-2.744727494896694,1.1426675035687317,1,0.3333333333333333,-2.7166987712964503,1.114638779968488,3,1.0,-1.6020599913279625,2.220446049250313e-16
hard_ood_40pct,54,catalysis_prior_static_control,58.0,1,0.3333333333333333,-2.7166987712964503,1.114638779968488,1,0.3333333333333333,-2.7166987712964503,1.114638779968488,2,0.6666666666666666,-1.6020599913279625,2.220446049250313e-16,2,0.6666666666666666,-1.6020599913279625,2.220446049250313e-16
hard_ood_40pct,54,shuffled_thermoelectric_static_control,47.0,0,0.0,-6.022276394711152,4.42021640338319,1,0.3333333333333333,-2.7166987712964503,1.114638779968488,1,0.3333333333333333,-2.7166987712964503,1.114638779968488,2,0.6666666666666666,-1.6020599913279625,2.220446049250313e-16
hard_ood_40pct,55,uniform_random,5.0,0,0.0,-5.228412519118745,3.6263525277907824,0,0.0,-3.886056647693163,2.2839966563652006,0,0.0,-2.744727494896694,1.1426675035687317,2,0.6666666666666666,-1.6020599913279625,2.220446049250313e-16
hard_ood_40pct,55,target_ucb_beta1,80.0,2,0.6666666666666666,-2.690369832574101,1.0883098412461385,2,0.6666666666666666,-2.690369832574101,1.0883098412461385,2,0.6666666666666666,-2.690369832574101,1.0883098412461385,3,1.0,-1.6020599913279625,2.220446049250313e-16
hard_ood_40pct,55,target_mean_greedy,111.0,2,0.6666666666666666,-2.690369832574101,1.0883098412461385,3,1.0,-1.6020599913279625,2.220446049250313e-16,3,1.0,-1.6020599913279625,2.220446049250313e-16,3,1.0,-1.6020599913279625,2.220446049250313e-16
hard_ood_40pct,55,composition_novelty,98.0,1,0.3333333333333333,-2.7166987712964503,1.114638779968488,2,0.6666666666666666,-2.690369832574101,1.0883098412461385,3,1.0,-1.6020599913279625,2.220446049250313e-16,3,1.0,-1.6020599913279625,2.220446049250313e-16
hard_ood_40pct,55,thermoelectric_prior_static,85.0,1,0.3333333333333333,-2.7166987712964503,1.114638779968488,1,0.3333333333333333,-2.7166987712964503,1.114638779968488,2,0.6666666666666666,-2.690369832574101,1.0883098412461385,3,1.0,-1.6020599913279625,2.220446049250313e-16
hard_ood_40pct,55,target_source_rank_fusion,83.0,2,0.6666666666666666,-2.690369832574101,1.0883098412461385,2,0.6666666666666666,-2.690369832574101,1.0883098412461385,2,0.6666666666666666,-2.690369832574101,1.0883098412461385,3,1.0,-1.6020599913279625,2.220446049250313e-16
hard_ood_40pct,55,target_source_novelty_rank_fusion,74.0,1,0.3333333333333333,-2.7166987712964503,1.114638779968488,2,0.6666666666666666,-2.690369832574101,1.0883098412461385,2,0.6666666666666666,-2.690369832574101,1.0883098412461385,3,1.0,-1.6020599913279625,2.220446049250313e-16
hard_ood_40pct,55,alloy_prior_static_control,42.0,0,0.0,-2.744727494896694,1.1426675035687317,0,0.0,-2.744727494896694,1.1426675035687317,1,0.3333333333333333,-2.7166987712964503,1.114638779968488,3,1.0,-1.6020599913279625,2.220446049250313e-16
hard_ood_40pct,55,catalysis_prior_static_control,58.0,1,0.3333333333333333,-2.7166987712964503,1.114638779968488,1,0.3333333333333333,-2.7166987712964503,1.114638779968488,2,0.6666666666666666,-1.6020599913279625,2.220446049250313e-16,2,0.6666666666666666,-1.6020599913279625,2.220446049250313e-16
hard_ood_40pct,55,shuffled_thermoelectric_static_control,47.0,0,0.0,-6.022276394711152,4.42021640338319,1,0.3333333333333333,-2.7166987712964503,1.114638779968488,1,0.3333333333333333,-2.7166987712964503,1.114638779968488,2,0.6666666666666666,-1.6020599913279625,2.220446049250313e-16
hard_ood_40pct,56,uniform_random,39.0,1,0.3333333333333333,-1.6020599913279625,2.220446049250313e-16,1,0.3333333333333333,-1.6020599913279625,2.220446049250313e-16,1,0.3333333333333333,-1.6020599913279625,2.220446049250313e-16,2,0.6666666666666666,-1.6020599913279625,2.220446049250313e-16
hard_ood_40pct,56,target_ucb_beta1,65.0,0,0.0,-4.954677021213342,3.35261702988538,2,0.6666666666666666,-2.690369832574101,1.0883098412461385,2,0.6666666666666666,-2.690369832574101,1.0883098412461385,3,1.0,-1.6020599913279625,2.220446049250313e-16
hard_ood_40pct,56,target_mean_greedy,66.0,0,0.0,-4.954677021213342,3.35261702988538,0,0.0,-4.910094888560602,3.3080348972326394,2,0.6666666666666666,-2.690369832574101,1.0883098412461385,3,1.0,-1.6020599913279625,2.220446049250313e-16
hard_ood_40pct,56,composition_novelty,90.0,1,0.3333333333333333,-2.7166987712964503,1.114638779968488,1,0.3333333333333333,-2.7166987712964503,1.114638779968488,3,1.0,-1.6020599913279625,2.220446049250313e-16,3,1.0,-1.6020599913279625,2.220446049250313e-16
hard_ood_40pct,56,thermoelectric_prior_static,85.0,1,0.3333333333333333,-2.7166987712964503,1.114638779968488,1,0.3333333333333333,-2.7166987712964503,1.114638779968488,2,0.6666666666666666,-2.690369832574101,1.0883098412461385,3,1.0,-1.6020599913279625,2.220446049250313e-16
hard_ood_40pct,56,target_source_rank_fusion,88.0,2,0.6666666666666666,-2.690369832574101,1.0883098412461385,2,0.6666666666666666,-2.690369832574101,1.0883098412461385,2,0.6666666666666666,-2.690369832574101,1.0883098412461385,3,1.0,-1.6020599913279625,2.220446049250313e-16
hard_ood_40pct,56,target_source_novelty_rank_fusion,82.0,1,0.3333333333333333,-2.7166987712964503,1.114638779968488,2,0.6666666666666666,-2.690369832574101,1.0883098412461385,2,0.6666666666666666,-2.690369832574101,1.0883098412461385,3,1.0,-1.6020599913279625,2.220446049250313e-16
hard_ood_40pct,56,alloy_prior_static_control,42.0,0,0.0,-2.744727494896694,1.1426675035687317,0,0.0,-2.744727494896694,1.1426675035687317,1,0.3333333333333333,-2.7166987712964503,1.114638779968488,3,1.0,-1.6020599913279625,2.220446049250313e-16
hard_ood_40pct,56,catalysis_prior_static_control,58.0,1,0.3333333333333333,-2.7166987712964503,1.114638779968488,1,0.3333333333333333,-2.7166987712964503,1.114638779968488,2,0.6666666666666666,-1.6020599913279625,2.220446049250313e-16,2,0.6666666666666666,-1.6020599913279625,2.220446049250313e-16
hard_ood_40pct,56,shuffled_thermoelectric_static_control,47.0,0,0.0,-6.022276394711152,4.42021640338319,1,0.3333333333333333,-2.7166987712964503,1.114638779968488,1,0.3333333333333333,-2.7166987712964503,1.114638779968488,2,0.6666666666666666,-1.6020599913279625,2.220446049250313e-16
hard_ood_40pct,57,uniform_random,82.0,1,0.3333333333333333,-2.7166987712964503,1.114638779968488,1,0.3333333333333333,-2.7166987712964503,1.114638779968488,2,0.6666666666666666,-2.690369832574101,1.0883098412461385,3,1.0,-1.6020599913279625,2.220446049250313e-16
hard_ood_40pct,57,target_ucb_beta1,24.0,0,0.0,-2.744727494896694,1.1426675035687317,0,0.0,-2.744727494896694,1.1426675035687317,0,0.0,-2.744727494896694,1.1426675035687317,3,1.0,-1.6020599913279625,2.220446049250313e-16
hard_ood_40pct,57,target_mean_greedy,62.0,0,0.0,-3.886056647693163,2.2839966563652006,0,0.0,-2.744727494896694,1.1426675035687317,2,0.6666666666666666,-2.690369832574101,1.0883098412461385,3,1.0,-1.6020599913279625,2.220446049250313e-16
hard_ood_40pct,57,composition_novelty,82.0,1,0.3333333333333333,-2.7166987712964503,1.114638779968488,1,0.3333333333333333,-2.7166987712964503,1.114638779968488,3,1.0,-1.6020599913279625,2.220446049250313e-16,3,1.0,-1.6020599913279625,2.220446049250313e-16
hard_ood_40pct,57,thermoelectric_prior_static,85.0,1,0.3333333333333333,-2.7166987712964503,1.114638779968488,1,0.3333333333333333,-2.7166987712964503,1.114638779968488,2,0.6666666666666666,-2.690369832574101,1.0883098412461385,3,1.0,-1.6020599913279625,2.220446049250313e-16
hard_ood_40pct,57,target_source_rank_fusion,67.0,0,0.0,-4.1249387366083,2.5228787452803374,0,0.0,-3.958607314841775,2.356547323513813,2,0.6666666666666666,-2.690369832574101,1.0883098412461385,3,1.0,-1.6020599913279625,2.220446049250313e-16
hard_ood_40pct,57,target_source_novelty_rank_fusion,87.0,1,0.3333333333333333,-2.7166987712964503,1.114638779968488,2,0.6666666666666666,-2.690369832574101,1.0883098412461385,2,0.6666666666666666,-2.690369832574101,1.0883098412461385,3,1.0,-1.6020599913279625,2.220446049250313e-16
hard_ood_40pct,57,alloy_prior_static_control,42.0,0,0.0,-2.744727494896694,1.1426675035687317,0,0.0,-2.744727494896694,1.1426675035687317,1,0.3333333333333333,-2.7166987712964503,1.114638779968488,3,1.0,-1.6020599913279625,2.220446049250313e-16
hard_ood_40pct,57,catalysis_prior_static_control,58.0,1,0.3333333333333333,-2.7166987712964503,1.114638779968488,1,0.3333333333333333,-2.7166987712964503,1.114638779968488,2,0.6666666666666666,-1.6020599913279625,2.220446049250313e-16,2,0.6666666666666666,-1.6020599913279625,2.220446049250313e-16
hard_ood_40pct,57,shuffled_thermoelectric_static_control,47.0,0,0.0,-6.022276394711152,4.42021640338319,1,0.3333333333333333,-2.7166987712964503,1.114638779968488,1,0.3333333333333333,-2.7166987712964503,1.114638779968488,2,0.6666666666666666,-1.6020599913279625,2.220446049250313e-16
hard_ood_40pct,58,uniform_random,27.0,0,0.0,-4.1249387366083,2.5228787452803374,0,0.0,-3.886056647693163,2.2839966563652006,1,0.3333333333333333,-2.7166987712964503,1.114638779968488,2,0.6666666666666666,-2.690369832574101,1.0883098412461385
hard_ood_40pct,58,target_ucb_beta1,32.0,0,0.0,-2.744727494896694,1.1426675035687317,0,0.0,-2.744727494896694,1.1426675035687317,0,0.0,-2.744727494896694,1.1426675035687317,3,1.0,-1.6020599913279625,2.220446049250313e-16
hard_ood_40pct,58,target_mean_greedy,53.0,0,0.0,-2.744727494896694,1.1426675035687317,0,0.0,-2.744727494896694,1.1426675035687317,0,0.0,-2.744727494896694,1.1426675035687317,3,1.0,-1.6020599913279625,2.220446049250313e-16
hard_ood_40pct,58,composition_novelty,89.0,1,0.3333333333333333,-2.7166987712964503,1.114638779968488,1,0.3333333333333333,-2.7166987712964503,1.114638779968488,3,1.0,-1.6020599913279625,2.220446049250313e-16,3,1.0,-1.6020599913279625,2.220446049250313e-16
hard_ood_40pct,58,thermoelectric_prior_static,85.0,1,0.3333333333333333,-2.7166987712964503,1.114638779968488,1,0.3333333333333333,-2.7166987712964503,1.114638779968488,2,0.6666666666666666,-2.690369832574101,1.0883098412461385,3,1.0,-1.6020599913279625,2.220446049250313e-16
hard_ood_40pct,58,target_source_rank_fusion,62.0,0,0.0,-2.744727494896694,1.1426675035687317,0,0.0,-2.744727494896694,1.1426675035687317,2,0.6666666666666666,-2.690369832574101,1.0883098412461385,3,1.0,-1.6020599913279625,2.220446049250313e-16
hard_ood_40pct,58,target_source_novelty_rank_fusion,93.0,0,0.0,-3.886056647693163,2.2839966563652006,2,0.6666666666666666,-2.690369832574101,1.0883098412461385,3,1.0,-1.6020599913279625,2.220446049250313e-16,3,1.0,-1.6020599913279625,2.220446049250313e-16
hard_ood_40pct,58,alloy_prior_static_control,42.0,0,0.0,-2.744727494896694,1.1426675035687317,0,0.0,-2.744727494896694,1.1426675035687317,1,0.3333333333333333,-2.7166987712964503,1.114638779968488,3,1.0,-1.6020599913279625,2.220446049250313e-16
hard_ood_40pct,58,catalysis_prior_static_control,58.0,1,0.3333333333333333,-2.7166987712964503,1.114638779968488,1,0.3333333333333333,-2.7166987712964503,1.114638779968488,2,0.6666666666666666,-1.6020599913279625,2.220446049250313e-16,2,0.6666666666666666,-1.6020599913279625,2.220446049250313e-16
hard_ood_40pct,58,shuffled_thermoelectric_static_control,47.0,0,0.0,-6.022276394711152,4.42021640338319,1,0.3333333333333333,-2.7166987712964503,1.114638779968488,1,0.3333333333333333,-2.7166987712964503,1.114638779968488,2,0.6666666666666666,-1.6020599913279625,2.220446049250313e-16
hard_ood_40pct,59,uniform_random,76.0,0,0.0,-2.744727494896694,1.1426675035687317,1,0.3333333333333333,-1.6020599913279625,2.220446049250313e-16,2,0.6666666666666666,-1.6020599913279625,2.220446049250313e-16,3,1.0,-1.6020599913279625,2.220446049250313e-16
hard_ood_40pct,59,target_ucb_beta1,26.0,0,0.0,-4.1249387366083,2.5228787452803374,0,0.0,-2.744727494896694,1.1426675035687317,0,0.0,-2.744727494896694,1.1426675035687317,3,1.0,-1.6020599913279625,2.220446049250313e-16
hard_ood_40pct,59,target_mean_greedy,40.0,0,0.0,-4.1249387366083,2.5228787452803374,0,0.0,-2.744727494896694,1.1426675035687317,0,0.0,-2.744727494896694,1.1426675035687317,3,1.0,-1.6020599913279625,2.220446049250313e-16
hard_ood_40pct,59,composition_novelty,88.0,0,0.0,-4.552841968657781,2.950781977329818,1,0.3333333333333333,-2.7166987712964503,1.114638779968488,3,1.0,-1.6020599913279625,2.220446049250313e-16,3,1.0,-1.6020599913279625,2.220446049250313e-16
hard_ood_40pct,59,thermoelectric_prior_static,85.0,1,0.3333333333333333,-2.7166987712964503,1.114638779968488,1,0.3333333333333333,-2.7166987712964503,1.114638779968488,2,0.6666666666666666,-2.690369832574101,1.0883098412461385,3,1.0,-1.6020599913279625,2.220446049250313e-16
hard_ood_40pct,59,target_source_rank_fusion,60.0,0,0.0,-4.1249387366083,2.5228787452803374,0,0.0,-2.744727494896694,1.1426675035687317,1,0.3333333333333333,-2.690369832574101,1.0883098412461385,3,1.0,-1.6020599913279625,2.220446049250313e-16
hard_ood_40pct,59,target_source_novelty_rank_fusion,64.0,0,0.0,-4.1249387366083,2.5228787452803374,0,0.0,-2.744727494896694,1.1426675035687317,2,0.6666666666666666,-2.690369832574101,1.0883098412461385,3,1.0,-1.6020599913279625,2.220446049250313e-16
hard_ood_40pct,59,alloy_prior_static_control,42.0,0,0.0,-2.744727494896694,1.1426675035687317,0,0.0,-2.744727494896694,1.1426675035687317,1,0.3333333333333333,-2.7166987712964503,1.114638779968488,3,1.0,-1.6020599913279625,2.220446049250313e-16
hard_ood_40pct,59,catalysis_prior_static_control,58.0,1,0.3333333333333333,-2.7166987712964503,1.114638779968488,1,0.3333333333333333,-2.7166987712964503,1.114638779968488,2,0.6666666666666666,-1.6020599913279625,2.220446049250313e-16,2,0.6666666666666666,-1.6020599913279625,2.220446049250313e-16
hard_ood_40pct,59,shuffled_thermoelectric_static_control,47.0,0,0.0,-6.022276394711152,4.42021640338319,1,0.3333333333333333,-2.7166987712964503,1.114638779968488,1,0.3333333333333333,-2.7166987712964503,1.114638779968488,2,0.6666666666666666,-1.6020599913279625,2.220446049250313e-16
hard_ood_40pct,60,uniform_random,29.0,0,0.0,-2.795880017344075,1.1938200260161127,0,0.0,-2.795880017344075,1.1938200260161127,1,0.3333333333333333,-1.6020599913279625,2.220446049250313e-16,1,0.3333333333333333,-1.6020599913279625,2.220446049250313e-16
hard_ood_40pct,60,target_ucb_beta1,67.0,0,0.0,-2.744727494896694,1.1426675035687317,0,0.0,-2.744727494896694,1.1426675035687317,2,0.6666666666666666,-2.690369832574101,1.0883098412461385,3,1.0,-1.6020599913279625,2.220446049250313e-16
hard_ood_40pct,60,target_mean_greedy,106.0,1,0.3333333333333333,-1.6020599913279625,2.220446049250313e-16,3,1.0,-1.6020599913279625,2.220446049250313e-16,3,1.0,-1.6020599913279625,2.220446049250313e-16,3,1.0,-1.6020599913279625,2.220446049250313e-16
hard_ood_40pct,60,composition_novelty,84.0,2,0.6666666666666666,-2.690369832574101,1.0883098412461385,2,0.6666666666666666,-2.690369832574101,1.0883098412461385,2,0.6666666666666666,-2.690369832574101,1.0883098412461385,3,1.0,-1.6020599913279625,2.220446049250313e-16
hard_ood_40pct,60,thermoelectric_prior_static,85.0,1,0.3333333333333333,-2.7166987712964503,1.114638779968488,1,0.3333333333333333,-2.7166987712964503,1.114638779968488,2,0.6666666666666666,-2.690369832574101,1.0883098412461385,3,1.0,-1.6020599913279625,2.220446049250313e-16
hard_ood_40pct,60,target_source_rank_fusion,92.0,1,0.3333333333333333,-2.7166987712964503,1.114638779968488,2,0.6666666666666666,-2.690369832574101,1.0883098412461385,2,0.6666666666666666,-2.690369832574101,1.0883098412461385,3,1.0,-1.6020599913279625,2.220446049250313e-16
hard_ood_40pct,60,target_source_novelty_rank_fusion,95.0,1,0.3333333333333333,-2.7166987712964503,1.114638779968488,2,0.6666666666666666,-2.690369832574101,1.0883098412461385,2,0.6666666666666666,-2.690369832574101,1.0883098412461385,3,1.0,-1.6020599913279625,2.220446049250313e-16
hard_ood_40pct,60,alloy_prior_static_control,42.0,0,0.0,-2.744727494896694,1.1426675035687317,0,0.0,-2.744727494896694,1.1426675035687317,1,0.3333333333333333,-2.7166987712964503,1.114638779968488,3,1.0,-1.6020599913279625,2.220446049250313e-16
hard_ood_40pct,60,catalysis_prior_static_control,58.0,1,0.3333333333333333,-2.7166987712964503,1.114638779968488,1,0.3333333333333333,-2.7166987712964503,1.114638779968488,2,0.6666666666666666,-1.6020599913279625,2.220446049250313e-16,2,0.6666666666666666,-1.6020599913279625,2.220446049250313e-16
hard_ood_40pct,60,shuffled_thermoelectric_static_control,47.0,0,0.0,-6.022276394711152,4.42021640338319,1,0.3333333333333333,-2.7166987712964503,1.114638779968488,1,0.3333333333333333,-2.7166987712964503,1.114638779968488,2,0.6666666666666666,-1.6020599913279625,2.220446049250313e-16
hard_ood_40pct,61,uniform_random,35.0,0,0.0,-3.958607314841775,2.356547323513813,0,0.0,-2.795880017344075,1.1938200260161127,0,0.0,-2.795880017344075,1.1938200260161127,3,1.0,-1.6020599913279625,2.220446049250313e-16
hard_ood_40pct,61,target_ucb_beta1,12.0,0,0.0,-4.443697499232712,2.84163750790475,0,0.0,-3.886056647693163,2.2839966563652006,0,0.0,-2.744727494896694,1.1426675035687317,3,1.0,-1.6020599913279625,2.220446049250313e-16
hard_ood_40pct,61,target_mean_greedy,13.0,0,0.0,-4.1249387366083,2.5228787452803374,0,0.0,-4.1249387366083,2.5228787452803374,0,0.0,-4.1249387366083,2.5228787452803374,3,1.0,-1.6020599913279625,2.220446049250313e-16
hard_ood_40pct,61,composition_novelty,91.0,1,0.3333333333333333,-2.7166987712964503,1.114638779968488,1,0.3333333333333333,-2.7166987712964503,1.114638779968488,3,1.0,-1.6020599913279625,2.220446049250313e-16,3,1.0,-1.6020599913279625,2.220446049250313e-16
hard_ood_40pct,61,thermoelectric_prior_static,85.0,1,0.3333333333333333,-2.7166987712964503,1.114638779968488,1,0.3333333333333333,-2.7166987712964503,1.114638779968488,2,0.6666666666666666,-2.690369832574101,1.0883098412461385,3,1.0,-1.6020599913279625,2.220446049250313e-16
hard_ood_40pct,61,target_source_rank_fusion,30.0,0,0.0,-4.1249387366083,2.5228787452803374,0,0.0,-4.1249387366083,2.5228787452803374,0,0.0,-2.744727494896694,1.1426675035687317,3,1.0,-1.6020599913279625,2.220446049250313e-16
hard_ood_40pct,61,target_source_novelty_rank_fusion,56.0,0,0.0,-4.443697499232712,2.84163750790475,0,0.0,-2.744727494896694,1.1426675035687317,2,0.6666666666666666,-2.690369832574101,1.0883098412461385,3,1.0,-1.6020599913279625,2.220446049250313e-16
hard_ood_40pct,61,alloy_prior_static_control,42.0,0,0.0,-2.744727494896694,1.1426675035687317,0,0.0,-2.744727494896694,1.1426675035687317,1,0.3333333333333333,-2.7166987712964503,1.114638779968488,3,1.0,-1.6020599913279625,2.220446049250313e-16
hard_ood_40pct,61,catalysis_prior_static_control,58.0,1,0.3333333333333333,-2.7166987712964503,1.114638779968488,1,0.3333333333333333,-2.7166987712964503,1.114638779968488,2,0.6666666666666666,-1.6020599913279625,2.220446049250313e-16,2,0.6666666666666666,-1.6020599913279625,2.220446049250313e-16
hard_ood_40pct,61,shuffled_thermoelectric_static_control,47.0,0,0.0,-6.022276394711152,4.42021640338319,1,0.3333333333333333,-2.7166987712964503,1.114638779968488,1,0.3333333333333333,-2.7166987712964503,1.114638779968488,2,0.6666666666666666,-1.6020599913279625,2.220446049250313e-16
hard_ood_40pct,62,uniform_random,83.0,1,0.3333333333333333,-2.690369832574101,1.0883098412461385,1,0.3333333333333333,-2.690369832574101,1.0883098412461385,3,1.0,-1.6020599913279625,2.220446049250313e-16,3,1.0,-1.6020599913279625,2.220446049250313e-16
hard_ood_40pct,62,target_ucb_beta1,57.0,0,0.0,-4.443697499232712,2.84163750790475,0,0.0,-2.744727494896694,1.1426675035687317,0,0.0,-2.744727494896694,1.1426675035687317,3,1.0,-1.6020599913279625,2.220446049250313e-16
hard_ood_40pct,62,target_mean_greedy,75.0,1,0.3333333333333333,-2.7166987712964503,1.114638779968488,1,0.3333333333333333,-2.7166987712964503,1.114638779968488,1,0.3333333333333333,-2.7166987712964503,1.114638779968488,3,1.0,-1.6020599913279625,2.220446049250313e-16
hard_ood_40pct,62,composition_novelty,85.0,1,0.3333333333333333,-2.7166987712964503,1.114638779968488,1,0.3333333333333333,-2.7166987712964503,1.114638779968488,3,1.0,-1.6020599913279625,2.220446049250313e-16,3,1.0,-1.6020599913279625,2.220446049250313e-16
hard_ood_40pct,62,thermoelectric_prior_static,85.0,1,0.3333333333333333,-2.7166987712964503,1.114638779968488,1,0.3333333333333333,-2.7166987712964503,1.114638779968488,2,0.6666666666666666,-2.690369832574101,1.0883098412461385,3,1.0,-1.6020599913279625,2.220446049250313e-16
hard_ood_40pct,62,target_source_rank_fusion,96.0,2,0.6666666666666666,-2.690369832574101,1.0883098412461385,2,0.6666666666666666,-2.690369832574101,1.0883098412461385,2,0.6666666666666666,-2.690369832574101,1.0883098412461385,3,1.0,-1.6020599913279625,2.220446049250313e-16
hard_ood_40pct,62,target_source_novelty_rank_fusion,91.0,1,0.3333333333333333,-2.7166987712964503,1.114638779968488,2,0.6666666666666666,-2.690369832574101,1.0883098412461385,2,0.6666666666666666,-2.690369832574101,1.0883098412461385,3,1.0,-1.6020599913279625,2.220446049250313e-16
hard_ood_40pct,62,alloy_prior_static_control,42.0,0,0.0,-2.744727494896694,1.1426675035687317,0,0.0,-2.744727494896694,1.1426675035687317,1,0.3333333333333333,-2.7166987712964503,1.114638779968488,3,1.0,-1.6020599913279625,2.220446049250313e-16
hard_ood_40pct,62,catalysis_prior_static_control,58.0,1,0.3333333333333333,-2.7166987712964503,1.114638779968488,1,0.3333333333333333,-2.7166987712964503,1.114638779968488,2,0.6666666666666666,-1.6020599913279625,2.220446049250313e-16,2,0.6666666666666666,-1.6020599913279625,2.220446049250313e-16
hard_ood_40pct,62,shuffled_thermoelectric_static_control,47.0,0,0.0,-6.022276394711152,4.42021640338319,1,0.3333333333333333,-2.7166987712964503,1.114638779968488,1,0.3333333333333333,-2.7166987712964503,1.114638779968488,2,0.6666666666666666,-1.6020599913279625,2.220446049250313e-16
hard_ood_40pct,63,uniform_random,13.0,0,0.0,-3.886056647693163,2.2839966563652006,0,0.0,-2.744727494896694,1.1426675035687317,0,0.0,-2.744727494896694,1.1426675035687317,2,0.6666666666666666,-1.6020599913279625,2.220446049250313e-16
hard_ood_40pct,63,target_ucb_beta1,13.0,0,0.0,-4.552841968657781,2.950781977329818,0,0.0,-2.795880017344075,1.1938200260161127,0,0.0,-2.744727494896694,1.1426675035687317,3,1.0,-1.6020599913279625,2.220446049250313e-16
hard_ood_40pct,63,target_mean_greedy,44.0,0,0.0,-4.1249387366083,2.5228787452803374,0,0.0,-3.958607314841775,2.356547323513813,0,0.0,-2.744727494896694,1.1426675035687317,3,1.0,-1.6020599913279625,2.220446049250313e-16
hard_ood_40pct,63,composition_novelty,103.0,1,0.3333333333333333,-2.7166987712964503,1.114638779968488,2,0.6666666666666666,-2.690369832574101,1.0883098412461385,3,1.0,-1.6020599913279625,2.220446049250313e-16,3,1.0,-1.6020599913279625,2.220446049250313e-16
hard_ood_40pct,63,thermoelectric_prior_static,85.0,1,0.3333333333333333,-2.7166987712964503,1.114638779968488,1,0.3333333333333333,-2.7166987712964503,1.114638779968488,2,0.6666666666666666,-2.690369832574101,1.0883098412461385,3,1.0,-1.6020599913279625,2.220446049250313e-16
hard_ood_40pct,63,target_source_rank_fusion,64.0,0,0.0,-4.823908740944319,3.221848749616356,0,0.0,-3.886056647693163,2.2839966563652006,2,0.6666666666666666,-2.690369832574101,1.0883098412461385,3,1.0,-1.6020599913279625,2.220446049250313e-16
hard_ood_40pct,63,target_source_novelty_rank_fusion,89.0,1,0.3333333333333333,-2.7166987712964503,1.114638779968488,2,0.6666666666666666,-2.690369832574101,1.0883098412461385,2,0.6666666666666666,-2.690369832574101,1.0883098412461385,3,1.0,-1.6020599913279625,2.220446049250313e-16
hard_ood_40pct,63,alloy_prior_static_control,42.0,0,0.0,-2.744727494896694,1.1426675035687317,0,0.0,-2.744727494896694,1.1426675035687317,1,0.3333333333333333,-2.7166987712964503,1.114638779968488,3,1.0,-1.6020599913279625,2.220446049250313e-16
hard_ood_40pct,63,catalysis_prior_static_control,58.0,1,0.3333333333333333,-2.7166987712964503,1.114638779968488,1,0.3333333333333333,-2.7166987712964503,1.114638779968488,2,0.6666666666666666,-1.6020599913279625,2.220446049250313e-16,2,0.6666666666666666,-1.6020599913279625,2.220446049250313e-16
hard_ood_40pct,63,shuffled_thermoelectric_static_control,47.0,0,0.0,-6.022276394711152,4.42021640338319,1,0.3333333333333333,-2.7166987712964503,1.114638779968488,1,0.3333333333333333,-2.7166987712964503,1.114638779968488,2,0.6666666666666666,-1.6020599913279625,2.220446049250313e-16
hard_ood_40pct,64,uniform_random,12.0,0,0.0,-4.443697499232712,2.84163750790475,0,0.0,-4.1249387366083,2.5228787452803374,0,0.0,-3.886056647693163,2.2839966563652006,2,0.6666666666666666,-1.6020599913279625,2.220446049250313e-16
hard_ood_40pct,64,target_ucb_beta1,40.0,0,0.0,-2.744727494896694,1.1426675035687317,0,0.0,-2.744727494896694,1.1426675035687317,0,0.0,-2.744727494896694,1.1426675035687317,3,1.0,-1.6020599913279625,2.220446049250313e-16
hard_ood_40pct,64,target_mean_greedy,24.0,0,0.0,-4.928117992693875,3.3260580013659125,0,0.0,-2.795880017344075,1.1938200260161127,0,0.0,-2.744727494896694,1.1426675035687317,3,1.0,-1.6020599913279625,2.220446049250313e-16
hard_ood_40pct,64,composition_novelty,102.0,2,0.6666666666666666,-2.690369832574101,1.0883098412461385,2,0.6666666666666666,-2.690369832574101,1.0883098412461385,3,1.0,-1.6020599913279625,2.220446049250313e-16,3,1.0,-1.6020599913279625,2.220446049250313e-16
hard_ood_40pct,64,thermoelectric_prior_static,85.0,1,0.3333333333333333,-2.7166987712964503,1.114638779968488,1,0.3333333333333333,-2.7166987712964503,1.114638779968488,2,0.6666666666666666,-2.690369832574101,1.0883098412461385,3,1.0,-1.6020599913279625,2.220446049250313e-16
hard_ood_40pct,64,target_source_rank_fusion,68.0,0,0.0,-4.1249387366083,2.5228787452803374,1,0.3333333333333333,-2.7166987712964503,1.114638779968488,2,0.6666666666666666,-2.690369832574101,1.0883098412461385,3,1.0,-1.6020599913279625,2.220446049250313e-16
hard_ood_40pct,64,target_source_novelty_rank_fusion,76.0,1,0.3333333333333333,-2.7166987712964503,1.114638779968488,2,0.6666666666666666,-2.690369832574101,1.0883098412461385,2,0.6666666666666666,-2.690369832574101,1.0883098412461385,3,1.0,-1.6020599913279625,2.220446049250313e-16
hard_ood_40pct,64,alloy_prior_static_control,42.0,0,0.0,-2.744727494896694,1.1426675035687317,0,0.0,-2.744727494896694,1.1426675035687317,1,0.3333333333333333,-2.7166987712964503,1.114638779968488,3,1.0,-1.6020599913279625,2.220446049250313e-16
hard_ood_40pct,64,catalysis_prior_static_control,58.0,1,0.3333333333333333,-2.7166987712964503,1.114638779968488,1,0.3333333333333333,-2.7166987712964503,1.114638779968488,2,0.6666666666666666,-1.6020599913279625,2.220446049250313e-16,2,0.6666666666666666,-1.6020599913279625,2.220446049250313e-16
hard_ood_40pct,64,shuffled_thermoelectric_static_control,47.0,0,0.0,-6.022276394711152,4.42021640338319,1,0.3333333333333333,-2.7166987712964503,1.114638779968488,1,0.3333333333333333,-2.7166987712964503,1.114638779968488,2,0.6666666666666666,-1.6020599913279625,2.220446049250313e-16
hard_ood_40pct,65,uniform_random,83.0,0,0.0,-4.552841968657781,2.950781977329818,1,0.3333333333333333,-2.690369832574101,1.0883098412461385,3,1.0,-1.6020599913279625,2.220446049250313e-16,3,1.0,-1.6020599913279625,2.220446049250313e-16
hard_ood_40pct,65,target_ucb_beta1,63.0,0,0.0,-4.1249387366083,2.5228787452803374,0,0.0,-4.1249387366083,2.5228787452803374,2,0.6666666666666666,-2.690369832574101,1.0883098412461385,3,1.0,-1.6020599913279625,2.220446049250313e-16
hard_ood_40pct,65,target_mean_greedy,68.0,0,0.0,-4.443697499232712,2.84163750790475,0,0.0,-4.1249387366083,2.5228787452803374,2,0.6666666666666666,-2.690369832574101,1.0883098412461385,3,1.0,-1.6020599913279625,2.220446049250313e-16
hard_ood_40pct,65,composition_novelty,101.0,2,0.6666666666666666,-2.690369832574101,1.0883098412461385,2,0.6666666666666666,-2.690369832574101,1.0883098412461385,3,1.0,-1.6020599913279625,2.220446049250313e-16,3,1.0,-1.6020599913279625,2.220446049250313e-16
hard_ood_40pct,65,thermoelectric_prior_static,85.0,1,0.3333333333333333,-2.7166987712964503,1.114638779968488,1,0.3333333333333333,-2.7166987712964503,1.114638779968488,2,0.6666666666666666,-2.690369832574101,1.0883098412461385,3,1.0,-1.6020599913279625,2.220446049250313e-16
hard_ood_40pct,65,target_source_rank_fusion,74.0,0,0.0,-4.443697499232712,2.84163750790475,0,0.0,-4.1249387366083,2.5228787452803374,2,0.6666666666666666,-2.690369832574101,1.0883098412461385,3,1.0,-1.6020599913279625,2.220446049250313e-16
hard_ood_40pct,65,target_source_novelty_rank_fusion,88.0,1,0.3333333333333333,-2.7166987712964503,1.114638779968488,2,0.6666666666666666,-2.690369832574101,1.0883098412461385,2,0.6666666666666666,-2.690369832574101,1.0883098412461385,3,1.0,-1.6020599913279625,2.220446049250313e-16
hard_ood_40pct,65,alloy_prior_static_control,42.0,0,0.0,-2.744727494896694,1.1426675035687317,0,0.0,-2.744727494896694,1.1426675035687317,1,0.3333333333333333,-2.7166987712964503,1.114638779968488,3,1.0,-1.6020599913279625,2.220446049250313e-16
hard_ood_40pct,65,catalysis_prior_static_control,58.0,1,0.3333333333333333,-2.7166987712964503,1.114638779968488,1,0.3333333333333333,-2.7166987712964503,1.114638779968488,2,0.6666666666666666,-1.6020599913279625,2.220446049250313e-16,2,0.6666666666666666,-1.6020599913279625,2.220446049250313e-16
hard_ood_40pct,65,shuffled_thermoelectric_static_control,47.0,0,0.0,-6.022276394711152,4.42021640338319,1,0.3333333333333333,-2.7166987712964503,1.114638779968488,1,0.3333333333333333,-2.7166987712964503,1.114638779968488,2,0.6666666666666666,-1.6020599913279625,2.220446049250313e-16
hard_ood_40pct,66,uniform_random,75.0,1,0.3333333333333333,-2.7166987712964503,1.114638779968488,1,0.3333333333333333,-2.7166987712964503,1.114638779968488,2,0.6666666666666666,-2.690369832574101,1.0883098412461385,3,1.0,-1.6020599913279625,2.220446049250313e-16
hard_ood_40pct,66,target_ucb_beta1,96.0,1,0.3333333333333333,-2.690369832574101,1.0883098412461385,2,0.6666666666666666,-2.690369832574101,1.0883098412461385,3,1.0,-1.6020599913279625,2.220446049250313e-16,3,1.0,-1.6020599913279625,2.220446049250313e-16
hard_ood_40pct,66,target_mean_greedy,96.0,2,0.6666666666666666,-2.690369832574101,1.0883098412461385,2,0.6666666666666666,-2.690369832574101,1.0883098412461385,2,0.6666666666666666,-2.690369832574101,1.0883098412461385,3,1.0,-1.6020599913279625,2.220446049250313e-16
hard_ood_40pct,66,composition_novelty,102.0,2,0.6666666666666666,-2.690369832574101,1.0883098412461385,2,0.6666666666666666,-2.690369832574101,1.0883098412461385,3,1.0,-1.6020599913279625,2.220446049250313e-16,3,1.0,-1.6020599913279625,2.220446049250313e-16
hard_ood_40pct,66,thermoelectric_prior_static,85.0,1,0.3333333333333333,-2.7166987712964503,1.114638779968488,1,0.3333333333333333,-2.7166987712964503,1.114638779968488,2,0.6666666666666666,-2.690369832574101,1.0883098412461385,3,1.0,-1.6020599913279625,2.220446049250313e-16
hard_ood_40pct,66,target_source_rank_fusion,95.0,2,0.6666666666666666,-2.690369832574101,1.0883098412461385,2,0.6666666666666666,-2.690369832574101,1.0883098412461385,2,0.6666666666666666,-2.690369832574101,1.0883098412461385,3,1.0,-1.6020599913279625,2.220446049250313e-16
hard_ood_40pct,66,target_source_novelty_rank_fusion,97.0,2,0.6666666666666666,-2.690369832574101,1.0883098412461385,2,0.6666666666666666,-2.690369832574101,1.0883098412461385,2,0.6666666666666666,-2.690369832574101,1.0883098412461385,3,1.0,-1.6020599913279625,2.220446049250313e-16
hard_ood_40pct,66,alloy_prior_static_control,42.0,0,0.0,-2.744727494896694,1.1426675035687317,0,0.0,-2.744727494896694,1.1426675035687317,1,0.3333333333333333,-2.7166987712964503,1.114638779968488,3,1.0,-1.6020599913279625,2.220446049250313e-16
hard_ood_40pct,66,catalysis_prior_static_control,58.0,1,0.3333333333333333,-2.7166987712964503,1.114638779968488,1,0.3333333333333333,-2.7166987712964503,1.114638779968488,2,0.6666666666666666,-1.6020599913279625,2.220446049250313e-16,2,0.6666666666666666,-1.6020599913279625,2.220446049250313e-16
hard_ood_40pct,66,shuffled_thermoelectric_static_control,47.0,0,0.0,-6.022276394711152,4.42021640338319,1,0.3333333333333333,-2.7166987712964503,1.114638779968488,1,0.3333333333333333,-2.7166987712964503,1.114638779968488,2,0.6666666666666666,-1.6020599913279625,2.220446049250313e-16
hard_ood_40pct,67,uniform_random,86.0,2,0.6666666666666666,-1.6020599913279625,2.220446049250313e-16,2,0.6666666666666666,-1.6020599913279625,2.220446049250313e-16,2,0.6666666666666666,-1.6020599913279625,2.220446049250313e-16,3,1.0,-1.6020599913279625,2.220446049250313e-16
hard_ood_40pct,67,target_ucb_beta1,53.0,0,0.0,-2.744727494896694,1.1426675035687317,0,0.0,-2.744727494896694,1.1426675035687317,0,0.0,-2.744727494896694,1.1426675035687317,3,1.0,-1.6020599913279625,2.220446049250313e-16
hard_ood_40pct,67,target_mean_greedy,48.0,0,0.0,-2.744727494896694,1.1426675035687317,0,0.0,-2.744727494896694,1.1426675035687317,0,0.0,-2.744727494896694,1.1426675035687317,3,1.0,-1.6020599913279625,2.220446049250313e-16
hard_ood_40pct,67,composition_novelty,87.0,1,0.3333333333333333,-2.7166987712964503,1.114638779968488,1,0.3333333333333333,-2.7166987712964503,1.114638779968488,3,1.0,-1.6020599913279625,2.220446049250313e-16,3,1.0,-1.6020599913279625,2.220446049250313e-16
hard_ood_40pct,67,thermoelectric_prior_static,85.0,1,0.3333333333333333,-2.7166987712964503,1.114638779968488,1,0.3333333333333333,-2.7166987712964503,1.114638779968488,2,0.6666666666666666,-2.690369832574101,1.0883098412461385,3,1.0,-1.6020599913279625,2.220446049250313e-16
hard_ood_40pct,67,target_source_rank_fusion,70.0,0,0.0,-4.1249387366083,2.5228787452803374,0,0.0,-2.744727494896694,1.1426675035687317,3,1.0,-1.6020599913279625,2.220446049250313e-16,3,1.0,-1.6020599913279625,2.220446049250313e-16
hard_ood_40pct,67,target_source_novelty_rank_fusion,95.0,1,0.3333333333333333,-2.7166987712964503,1.114638779968488,2,0.6666666666666666,-2.690369832574101,1.0883098412461385,3,1.0,-1.6020599913279625,2.220446049250313e-16,3,1.0,-1.6020599913279625,2.220446049250313e-16
hard_ood_40pct,67,alloy_prior_static_control,42.0,0,0.0,-2.744727494896694,1.1426675035687317,0,0.0,-2.744727494896694,1.1426675035687317,1,0.3333333333333333,-2.7166987712964503,1.114638779968488,3,1.0,-1.6020599913279625,2.220446049250313e-16
hard_ood_40pct,67,catalysis_prior_static_control,58.0,1,0.3333333333333333,-2.7166987712964503,1.114638779968488,1,0.3333333333333333,-2.7166987712964503,1.114638779968488,2,0.6666666666666666,-1.6020599913279625,2.220446049250313e-16,2,0.6666666666666666,-1.6020599913279625,2.220446049250313e-16
hard_ood_40pct,67,shuffled_thermoelectric_static_control,47.0,0,0.0,-6.022276394711152,4.42021640338319,1,0.3333333333333333,-2.7166987712964503,1.114638779968488,1,0.3333333333333333,-2.7166987712964503,1.114638779968488,2,0.6666666666666666,-1.6020599913279625,2.220446049250313e-16
hard_ood_40pct,68,uniform_random,58.0,0,0.0,-4.782516055786093,3.180456064458131,0,0.0,-3.886056647693163,2.2839966563652006,1,0.3333333333333333,-2.7166987712964503,1.114638779968488,3,1.0,-1.6020599913279625,2.220446049250313e-16
hard_ood_40pct,68,target_ucb_beta1,108.0,1,0.3333333333333333,-1.6020599913279625,2.220446049250313e-16,3,1.0,-1.6020599913279625,2.220446049250313e-16,3,1.0,-1.6020599913279625,2.220446049250313e-16,3,1.0,-1.6020599913279625,2.220446049250313e-16
hard_ood_40pct,68,target_mean_greedy,111.0,2,0.6666666666666666,-1.6020599913279625,2.220446049250313e-16,3,1.0,-1.6020599913279625,2.220446049250313e-16,3,1.0,-1.6020599913279625,2.220446049250313e-16,3,1.0,-1.6020599913279625,2.220446049250313e-16
hard_ood_40pct,68,composition_novelty,90.0,1,0.3333333333333333,-2.7166987712964503,1.114638779968488,1,0.3333333333333333,-2.7166987712964503,1.114638779968488,3,1.0,-1.6020599913279625,2.220446049250313e-16,3,1.0,-1.6020599913279625,2.220446049250313e-16
hard_ood_40pct,68,thermoelectric_prior_static,85.0,1,0.3333333333333333,-2.7166987712964503,1.114638779968488,1,0.3333333333333333,-2.7166987712964503,1.114638779968488,2,0.6666666666666666,-2.690369832574101,1.0883098412461385,3,1.0,-1.6020599913279625,2.220446049250313e-16
hard_ood_40pct,68,target_source_rank_fusion,99.0,2,0.6666666666666666,-2.690369832574101,1.0883098412461385,2,0.6666666666666666,-2.690369832574101,1.0883098412461385,2,0.6666666666666666,-2.690369832574101,1.0883098412461385,3,1.0,-1.6020599913279625,2.220446049250313e-16
hard_ood_40pct,68,target_source_novelty_rank_fusion,100.0,2,0.6666666666666666,-2.690369832574101,1.0883098412461385,2,0.6666666666666666,-2.690369832574101,1.0883098412461385,3,1.0,-1.6020599913279625,2.220446049250313e-16,3,1.0,-1.6020599913279625,2.220446049250313e-16
hard_ood_40pct,68,alloy_prior_static_control,42.0,0,0.0,-2.744727494896694,1.1426675035687317,0,0.0,-2.744727494896694,1.1426675035687317,1,0.3333333333333333,-2.7166987712964503,1.114638779968488,3,1.0,-1.6020599913279625,2.220446049250313e-16
hard_ood_40pct,68,catalysis_prior_static_control,58.0,1,0.3333333333333333,-2.7166987712964503,1.114638779968488,1,0.3333333333333333,-2.7166987712964503,1.114638779968488,2,0.6666666666666666,-1.6020599913279625,2.220446049250313e-16,2,0.6666666666666666,-1.6020599913279625,2.220446049250313e-16
hard_ood_40pct,68,shuffled_thermoelectric_static_control,47.0,0,0.0,-6.022276394711152,4.42021640338319,1,0.3333333333333333,-2.7166987712964503,1.114638779968488,1,0.3333333333333333,-2.7166987712964503,1.114638779968488,2,0.6666666666666666,-1.6020599913279625,2.220446049250313e-16
hard_ood_40pct,69,uniform_random,60.0,0,0.0,-3.886056647693163,2.2839966563652006,1,0.3333333333333333,-2.690369832574101,1.0883098412461385,1,0.3333333333333333,-2.690369832574101,1.0883098412461385,3,1.0,-1.6020599913279625,2.220446049250313e-16
hard_ood_40pct,69,target_ucb_beta1,37.0,0,0.0,-3.886056647693163,2.2839966563652006,0,0.0,-2.744727494896694,1.1426675035687317,0,0.0,-2.744727494896694,1.1426675035687317,3,1.0,-1.6020599913279625,2.220446049250313e-16
hard_ood_40pct,69,target_mean_greedy,56.0,0,0.0,-4.1249387366083,2.5228787452803374,0,0.0,-3.886056647693163,2.2839966563652006,2,0.6666666666666666,-2.690369832574101,1.0883098412461385,3,1.0,-1.6020599913279625,2.220446049250313e-16
hard_ood_40pct,69,composition_novelty,86.0,1,0.3333333333333333,-2.7166987712964503,1.114638779968488,2,0.6666666666666666,-2.690369832574101,1.0883098412461385,2,0.6666666666666666,-2.690369832574101,1.0883098412461385,3,1.0,-1.6020599913279625,2.220446049250313e-16
hard_ood_40pct,69,thermoelectric_prior_static,85.0,1,0.3333333333333333,-2.7166987712964503,1.114638779968488,1,0.3333333333333333,-2.7166987712964503,1.114638779968488,2,0.6666666666666666,-2.690369832574101,1.0883098412461385,3,1.0,-1.6020599913279625,2.220446049250313e-16
hard_ood_40pct,69,target_source_rank_fusion,65.0,0,0.0,-4.1249387366083,2.5228787452803374,0,0.0,-4.1249387366083,2.5228787452803374,2,0.6666666666666666,-2.690369832574101,1.0883098412461385,3,1.0,-1.6020599913279625,2.220446049250313e-16
hard_ood_40pct,69,target_source_novelty_rank_fusion,86.0,2,0.6666666666666666,-2.690369832574101,1.0883098412461385,2,0.6666666666666666,-2.690369832574101,1.0883098412461385,2,0.6666666666666666,-2.690369832574101,1.0883098412461385,3,1.0,-1.6020599913279625,2.220446049250313e-16
hard_ood_40pct,69,alloy_prior_static_control,42.0,0,0.0,-2.744727494896694,1.1426675035687317,0,0.0,-2.744727494896694,1.1426675035687317,1,0.3333333333333333,-2.7166987712964503,1.114638779968488,3,1.0,-1.6020599913279625,2.220446049250313e-16
hard_ood_40pct,69,catalysis_prior_static_control,58.0,1,0.3333333333333333,-2.7166987712964503,1.114638779968488,1,0.3333333333333333,-2.7166987712964503,1.114638779968488,2,0.6666666666666666,-1.6020599913279625,2.220446049250313e-16,2,0.6666666666666666,-1.6020599913279625,2.220446049250313e-16
hard_ood_40pct,69,shuffled_thermoelectric_static_control,47.0,0,0.0,-6.022276394711152,4.42021640338319,1,0.3333333333333333,-2.7166987712964503,1.114638779968488,1,0.3333333333333333,-2.7166987712964503,1.114638779968488,2,0.6666666666666666,-1.6020599913279625,2.220446049250313e-16
hard_ood_40pct,70,uniform_random,42.0,0,0.0,-4.954677021213342,3.35261702988538,0,0.0,-4.954677021213342,3.35261702988538,0,0.0,-4.443697499232712,2.84163750790475,3,1.0,-1.6020599913279625,2.220446049250313e-16
hard_ood_40pct,70,target_ucb_beta1,27.0,0,0.0,-2.795880017344075,1.1938200260161127,0,0.0,-2.795880017344075,1.1938200260161127,0,0.0,-2.744727494896694,1.1426675035687317,3,1.0,-1.6020599913279625,2.220446049250313e-16
hard_ood_40pct,70,target_mean_greedy,28.0,0,0.0,-2.795880017344075,1.1938200260161127,0,0.0,-2.795880017344075,1.1938200260161127,0,0.0,-2.795880017344075,1.1938200260161127,3,1.0,-1.6020599913279625,2.220446049250313e-16
hard_ood_40pct,70,composition_novelty,98.0,1,0.3333333333333333,-2.7166987712964503,1.114638779968488,2,0.6666666666666666,-2.690369832574101,1.0883098412461385,3,1.0,-1.6020599913279625,2.220446049250313e-16,3,1.0,-1.6020599913279625,2.220446049250313e-16
hard_ood_40pct,70,thermoelectric_prior_static,85.0,1,0.3333333333333333,-2.7166987712964503,1.114638779968488,1,0.3333333333333333,-2.7166987712964503,1.114638779968488,2,0.6666666666666666,-2.690369832574101,1.0883098412461385,3,1.0,-1.6020599913279625,2.220446049250313e-16
hard_ood_40pct,70,target_source_rank_fusion,61.0,0,0.0,-5.221848749616356,3.6197887582883936,0,0.0,-4.443697499232712,2.84163750790475,2,0.6666666666666666,-2.690369832574101,1.0883098412461385,3,1.0,-1.6020599913279625,2.220446049250313e-16
hard_ood_40pct,70,target_source_novelty_rank_fusion,84.0,2,0.6666666666666666,-2.690369832574101,1.0883098412461385,2,0.6666666666666666,-2.690369832574101,1.0883098412461385,2,0.6666666666666666,-2.690369832574101,1.0883098412461385,3,1.0,-1.6020599913279625,2.220446049250313e-16
hard_ood_40pct,70,alloy_prior_static_control,42.0,0,0.0,-2.744727494896694,1.1426675035687317,0,0.0,-2.744727494896694,1.1426675035687317,1,0.3333333333333333,-2.7166987712964503,1.114638779968488,3,1.0,-1.6020599913279625,2.220446049250313e-16
hard_ood_40pct,70,catalysis_prior_static_control,58.0,1,0.3333333333333333,-2.7166987712964503,1.114638779968488,1,0.3333333333333333,-2.7166987712964503,1.114638779968488,2,0.6666666666666666,-1.6020599913279625,2.220446049250313e-16,2,0.6666666666666666,-1.6020599913279625,2.220446049250313e-16
hard_ood_40pct,70,shuffled_thermoelectric_static_control,47.0,0,0.0,-6.022276394711152,4.42021640338319,1,0.3333333333333333,-2.7166987712964503,1.114638779968488,1,0.3333333333333333,-2.7166987712964503,1.114638779968488,2,0.6666666666666666,-1.6020599913279625,2.220446049250313e-16
hard_ood_40pct,71,uniform_random,61.0,0,0.0,-2.795880017344075,1.1938200260161127,1,0.3333333333333333,-2.7166987712964503,1.114638779968488,2,0.6666666666666666,-2.690369832574101,1.0883098412461385,3,1.0,-1.6020599913279625,2.220446049250313e-16
hard_ood_40pct,71,target_ucb_beta1,77.0,0,0.0,-3.886056647693163,2.2839966563652006,0,0.0,-3.886056647693163,2.2839966563652006,3,1.0,-1.6020599913279625,2.220446049250313e-16,3,1.0,-1.6020599913279625,2.220446049250313e-16
hard_ood_40pct,71,target_mean_greedy,64.0,0,0.0,-4.1249387366083,2.5228787452803374,0,0.0,-2.744727494896694,1.1426675035687317,2,0.6666666666666666,-2.690369832574101,1.0883098412461385,3,1.0,-1.6020599913279625,2.220446049250313e-16
hard_ood_40pct,71,composition_novelty,78.0,1,0.3333333333333333,-2.7166987712964503,1.114638779968488,1,0.3333333333333333,-2.7166987712964503,1.114638779968488,2,0.6666666666666666,-2.690369832574101,1.0883098412461385,3,1.0,-1.6020599913279625,2.220446049250313e-16
hard_ood_40pct,71,thermoelectric_prior_static,85.0,1,0.3333333333333333,-2.7166987712964503,1.114638779968488,1,0.3333333333333333,-2.7166987712964503,1.114638779968488,2,0.6666666666666666,-2.690369832574101,1.0883098412461385,3,1.0,-1.6020599913279625,2.220446049250313e-16
hard_ood_40pct,71,target_source_rank_fusion,64.0,0,0.0,-4.1249387366083,2.5228787452803374,0,0.0,-2.744727494896694,1.1426675035687317,2,0.6666666666666666,-2.690369832574101,1.0883098412461385,3,1.0,-1.6020599913279625,2.220446049250313e-16
hard_ood_40pct,71,target_source_novelty_rank_fusion,94.0,1,0.3333333333333333,-2.7166987712964503,1.114638779968488,2,0.6666666666666666,-2.690369832574101,1.0883098412461385,3,1.0,-1.6020599913279625,2.220446049250313e-16,3,1.0,-1.6020599913279625,2.220446049250313e-16
hard_ood_40pct,71,alloy_prior_static_control,42.0,0,0.0,-2.744727494896694,1.1426675035687317,0,0.0,-2.744727494896694,1.1426675035687317,1,0.3333333333333333,-2.7166987712964503,1.114638779968488,3,1.0,-1.6020599913279625,2.220446049250313e-16
hard_ood_40pct,71,catalysis_prior_static_control,58.0,1,0.3333333333333333,-2.7166987712964503,1.114638779968488,1,0.3333333333333333,-2.7166987712964503,1.114638779968488,2,0.6666666666666666,-1.6020599913279625,2.220446049250313e-16,2,0.6666666666666666,-1.6020599913279625,2.220446049250313e-16
hard_ood_40pct,71,shuffled_thermoelectric_static_control,47.0,0,0.0,-6.022276394711152,4.42021640338319,1,0.3333333333333333,-2.7166987712964503,1.114638779968488,1,0.3333333333333333,-2.7166987712964503,1.114638779968488,2,0.6666666666666666,-1.6020599913279625,2.220446049250313e-16
hard_ood_40pct,72,uniform_random,61.0,0,0.0,-3.958607314841775,2.356547323513813,1,0.3333333333333333,-2.690369832574101,1.0883098412461385,2,0.6666666666666666,-2.690369832574101,1.0883098412461385,3,1.0,-1.6020599913279625,2.220446049250313e-16
hard_ood_40pct,72,target_ucb_beta1,23.0,0,0.0,-2.744727494896694,1.1426675035687317,0,0.0,-2.744727494896694,1.1426675035687317,0,0.0,-2.744727494896694,1.1426675035687317,3,1.0,-1.6020599913279625,2.220446049250313e-16
hard_ood_40pct,72,target_mean_greedy,40.0,0,0.0,-3.886056647693163,2.2839966563652006,0,0.0,-3.886056647693163,2.2839966563652006,0,0.0,-2.744727494896694,1.1426675035687317,3,1.0,-1.6020599913279625,2.220446049250313e-16
hard_ood_40pct,72,composition_novelty,89.0,1,0.3333333333333333,-2.7166987712964503,1.114638779968488,1,0.3333333333333333,-2.7166987712964503,1.114638779968488,3,1.0,-1.6020599913279625,2.220446049250313e-16,3,1.0,-1.6020599913279625,2.220446049250313e-16
hard_ood_40pct,72,thermoelectric_prior_static,85.0,1,0.3333333333333333,-2.7166987712964503,1.114638779968488,1,0.3333333333333333,-2.7166987712964503,1.114638779968488,2,0.6666666666666666,-2.690369832574101,1.0883098412461385,3,1.0,-1.6020599913279625,2.220446049250313e-16
hard_ood_40pct,72,target_source_rank_fusion,58.0,0,0.0,-4.1249387366083,2.5228787452803374,0,0.0,-3.958607314841775,2.356547323513813,2,0.6666666666666666,-2.690369832574101,1.0883098412461385,3,1.0,-1.6020599913279625,2.220446049250313e-16
hard_ood_40pct,72,target_source_novelty_rank_fusion,68.0,0,0.0,-3.958607314841775,2.356547323513813,1,0.3333333333333333,-2.7166987712964503,1.114638779968488,2,0.6666666666666666,-2.690369832574101,1.0883098412461385,3,1.0,-1.6020599913279625,2.220446049250313e-16
hard_ood_40pct,72,alloy_prior_static_control,42.0,0,0.0,-2.744727494896694,1.1426675035687317,0,0.0,-2.744727494896694,1.1426675035687317,1,0.3333333333333333,-2.7166987712964503,1.114638779968488,3,1.0,-1.6020599913279625,2.220446049250313e-16
hard_ood_40pct,72,catalysis_prior_static_control,58.0,1,0.3333333333333333,-2.7166987712964503,1.114638779968488,1,0.3333333333333333,-2.7166987712964503,1.114638779968488,2,0.6666666666666666,-1.6020599913279625,2.220446049250313e-16,2,0.6666666666666666,-1.6020599913279625,2.220446049250313e-16
hard_ood_40pct,72,shuffled_thermoelectric_static_control,47.0,0,0.0,-6.022276394711152,4.42021640338319,1,0.3333333333333333,-2.7166987712964503,1.114638779968488,1,0.3333333333333333,-2.7166987712964503,1.114638779968488,2,0.6666666666666666,-1.6020599913279625,2.220446049250313e-16
hard_ood_40pct,73,uniform_random,65.0,1,0.3333333333333333,-2.690369832574101,1.0883098412461385,1,0.3333333333333333,-2.690369832574101,1.0883098412461385,1,0.3333333333333333,-2.690369832574101,1.0883098412461385,3,1.0,-1.6020599913279625,2.220446049250313e-16
hard_ood_40pct,73,target_ucb_beta1,57.0,0,0.0,-2.795880017344075,1.1938200260161127,0,0.0,-2.795880017344075,1.1938200260161127,0,0.0,-2.744727494896694,1.1426675035687317,3,1.0,-1.6020599913279625,2.220446049250313e-16
hard_ood_40pct,73,target_mean_greedy,27.0,0,0.0,-3.958607314841775,2.356547323513813,0,0.0,-3.886056647693163,2.2839966563652006,0,0.0,-2.744727494896694,1.1426675035687317,3,1.0,-1.6020599913279625,2.220446049250313e-16
hard_ood_40pct,73,composition_novelty,77.0,0,0.0,-6.022878745280337,4.420818753952375,2,0.6666666666666666,-2.690369832574101,1.0883098412461385,2,0.6666666666666666,-2.690369832574101,1.0883098412461385,3,1.0,-1.6020599913279625,2.220446049250313e-16
hard_ood_40pct,73,thermoelectric_prior_static,85.0,1,0.3333333333333333,-2.7166987712964503,1.114638779968488,1,0.3333333333333333,-2.7166987712964503,1.114638779968488,2,0.6666666666666666,-2.690369832574101,1.0883098412461385,3,1.0,-1.6020599913279625,2.220446049250313e-16
hard_ood_40pct,73,target_source_rank_fusion,74.0,0,0.0,-3.958607314841775,2.356547323513813,1,0.3333333333333333,-2.690369832574101,1.0883098412461385,2,0.6666666666666666,-2.690369832574101,1.0883098412461385,3,1.0,-1.6020599913279625,2.220446049250313e-16
hard_ood_40pct,73,target_source_novelty_rank_fusion,77.0,0,0.0,-3.958607314841775,2.356547323513813,0,0.0,-2.744727494896694,1.1426675035687317,3,1.0,-1.6020599913279625,2.220446049250313e-16,3,1.0,-1.6020599913279625,2.220446049250313e-16
hard_ood_40pct,73,alloy_prior_static_control,42.0,0,0.0,-2.744727494896694,1.1426675035687317,0,0.0,-2.744727494896694,1.1426675035687317,1,0.3333333333333333,-2.7166987712964503,1.114638779968488,3,1.0,-1.6020599913279625,2.220446049250313e-16
hard_ood_40pct,73,catalysis_prior_static_control,58.0,1,0.3333333333333333,-2.7166987712964503,1.114638779968488,1,0.3333333333333333,-2.7166987712964503,1.114638779968488,2,0.6666666666666666,-1.6020599913279625,2.220446049250313e-16,2,0.6666666666666666,-1.6020599913279625,2.220446049250313e-16
hard_ood_40pct,73,shuffled_thermoelectric_static_control,47.0,0,0.0,-6.022276394711152,4.42021640338319,1,0.3333333333333333,-2.7166987712964503,1.114638779968488,1,0.3333333333333333,-2.7166987712964503,1.114638779968488,2,0.6666666666666666,-1.6020599913279625,2.220446049250313e-16
hard_ood_40pct,74,uniform_random,58.0,1,0.3333333333333333,-1.6020599913279625,2.220446049250313e-16,1,0.3333333333333333,-1.6020599913279625,2.220446049250313e-16,2,0.6666666666666666,-1.6020599913279625,2.220446049250313e-16,2,0.6666666666666666,-1.6020599913279625,2.220446049250313e-16
hard_ood_40pct,74,target_ucb_beta1,60.0,0,0.0,-4.954677021213342,3.35261702988538,0,0.0,-4.910094888560602,3.3080348972326394,2,0.6666666666666666,-2.690369832574101,1.0883098412461385,3,1.0,-1.6020599913279625,2.220446049250313e-16
hard_ood_40pct,74,target_mean_greedy,95.0,1,0.3333333333333333,-1.6020599913279625,2.220446049250313e-16,2,0.6666666666666666,-1.6020599913279625,2.220446049250313e-16,3,1.0,-1.6020599913279625,2.220446049250313e-16,3,1.0,-1.6020599913279625,2.220446049250313e-16
hard_ood_40pct,74,composition_novelty,99.0,2,0.6666666666666666,-2.690369832574101,1.0883098412461385,2,0.6666666666666666,-2.690369832574101,1.0883098412461385,3,1.0,-1.6020599913279625,2.220446049250313e-16,3,1.0,-1.6020599913279625,2.220446049250313e-16
hard_ood_40pct,74,thermoelectric_prior_static,85.0,1,0.3333333333333333,-2.7166987712964503,1.114638779968488,1,0.3333333333333333,-2.7166987712964503,1.114638779968488,2,0.6666666666666666,-2.690369832574101,1.0883098412461385,3,1.0,-1.6020599913279625,2.220446049250313e-16
hard_ood_40pct,74,target_source_rank_fusion,66.0,0,0.0,-4.1249387366083,2.5228787452803374,0,0.0,-2.744727494896694,1.1426675035687317,2,0.6666666666666666,-2.690369832574101,1.0883098412461385,3,1.0,-1.6020599913279625,2.220446049250313e-16
hard_ood_40pct,74,target_source_novelty_rank_fusion,75.0,0,0.0,-4.1249387366083,2.5228787452803374,0,0.0,-2.744727494896694,1.1426675035687317,2,0.6666666666666666,-2.690369832574101,1.0883098412461385,3,1.0,-1.6020599913279625,2.220446049250313e-16
hard_ood_40pct,74,alloy_prior_static_control,42.0,0,0.0,-2.744727494896694,1.1426675035687317,0,0.0,-2.744727494896694,1.1426675035687317,1,0.3333333333333333,-2.7166987712964503,1.114638779968488,3,1.0,-1.6020599913279625,2.220446049250313e-16
hard_ood_40pct,74,catalysis_prior_static_control,58.0,1,0.3333333333333333,-2.7166987712964503,1.114638779968488,1,0.3333333333333333,-2.7166987712964503,1.114638779968488,2,0.6666666666666666,-1.6020599913279625,2.220446049250313e-16,2,0.6666666666666666,-1.6020599913279625,2.220446049250313e-16
hard_ood_40pct,74,shuffled_thermoelectric_static_control,47.0,0,0.0,-6.022276394711152,4.42021640338319,1,0.3333333333333333,-2.7166987712964503,1.114638779968488,1,0.3333333333333333,-2.7166987712964503,1.114638779968488,2,0.6666666666666666,-1.6020599913279625,2.220446049250313e-16
hard_ood_40pct,75,uniform_random,50.0,0,0.0,-2.795880017344075,1.1938200260161127,1,0.3333333333333333,-1.6020599913279625,2.220446049250313e-16,1,0.3333333333333333,-1.6020599913279625,2.220446049250313e-16,3,1.0,-1.6020599913279625,2.220446049250313e-16
hard_ood_40pct,75,target_ucb_beta1,112.0,3,1.0,-1.6020599913279625,2.220446049250313e-16,3,1.0,-1.6020599913279625,2.220446049250313e-16,3,1.0,-1.6020599913279625,2.220446049250313e-16,3,1.0,-1.6020599913279625,2.220446049250313e-16
hard_ood_40pct,75,target_mean_greedy,111.0,3,1.0,-1.6020599913279625,2.220446049250313e-16,3,1.0,-1.6020599913279625,2.220446049250313e-16,3,1.0,-1.6020599913279625,2.220446049250313e-16,3,1.0,-1.6020599913279625,2.220446049250313e-16
hard_ood_40pct,75,composition_novelty,74.0,0,0.0,-4.552841968657781,2.950781977329818,1,0.3333333333333333,-2.7166987712964503,1.114638779968488,2,0.6666666666666666,-2.690369832574101,1.0883098412461385,3,1.0,-1.6020599913279625,2.220446049250313e-16
hard_ood_40pct,75,thermoelectric_prior_static,85.0,1,0.3333333333333333,-2.7166987712964503,1.114638779968488,1,0.3333333333333333,-2.7166987712964503,1.114638779968488,2,0.6666666666666666,-2.690369832574101,1.0883098412461385,3,1.0,-1.6020599913279625,2.220446049250313e-16
hard_ood_40pct,75,target_source_rank_fusion,115.0,3,1.0,-1.6020599913279625,2.220446049250313e-16,3,1.0,-1.6020599913279625,2.220446049250313e-16,3,1.0,-1.6020599913279625,2.220446049250313e-16,3,1.0,-1.6020599913279625,2.220446049250313e-16
hard_ood_40pct,75,target_source_novelty_rank_fusion,101.0,2,0.6666666666666666,-2.690369832574101,1.0883098412461385,2,0.6666666666666666,-2.690369832574101,1.0883098412461385,3,1.0,-1.6020599913279625,2.220446049250313e-16,3,1.0,-1.6020599913279625,2.220446049250313e-16
hard_ood_40pct,75,alloy_prior_static_control,42.0,0,0.0,-2.744727494896694,1.1426675035687317,0,0.0,-2.744727494896694,1.1426675035687317,1,0.3333333333333333,-2.7166987712964503,1.114638779968488,3,1.0,-1.6020599913279625,2.220446049250313e-16
hard_ood_40pct,75,catalysis_prior_static_control,58.0,1,0.3333333333333333,-2.7166987712964503,1.114638779968488,1,0.3333333333333333,-2.7166987712964503,1.114638779968488,2,0.6666666666666666,-1.6020599913279625,2.220446049250313e-16,2,0.6666666666666666,-1.6020599913279625,2.220446049250313e-16
hard_ood_40pct,75,shuffled_thermoelectric_static_control,47.0,0,0.0,-6.022276394711152,4.42021640338319,1,0.3333333333333333,-2.7166987712964503,1.114638779968488,1,0.3333333333333333,-2.7166987712964503,1.114638779968488,2,0.6666666666666666,-1.6020599913279625,2.220446049250313e-16
hard_ood_40pct,76,uniform_random,87.0,1,0.3333333333333333,-1.6020599913279625,2.220446049250313e-16,1,0.3333333333333333,-1.6020599913279625,2.220446049250313e-16,3,1.0,-1.6020599913279625,2.220446049250313e-16,3,1.0,-1.6020599913279625,2.220446049250313e-16
hard_ood_40pct,76,target_ucb_beta1,21.0,0,0.0,-4.954677021213342,3.35261702988538,0,0.0,-2.795880017344075,1.1938200260161127,0,0.0,-2.795880017344075,1.1938200260161127,3,1.0,-1.6020599913279625,2.220446049250313e-16
hard_ood_40pct,76,target_mean_greedy,39.0,0,0.0,-4.954677021213342,3.35261702988538,0,0.0,-2.795880017344075,1.1938200260161127,1,0.3333333333333333,-1.6020599913279625,2.220446049250313e-16,3,1.0,-1.6020599913279625,2.220446049250313e-16
hard_ood_40pct,76,composition_novelty,102.0,2,0.6666666666666666,-2.690369832574101,1.0883098412461385,2,0.6666666666666666,-2.690369832574101,1.0883098412461385,3,1.0,-1.6020599913279625,2.220446049250313e-16,3,1.0,-1.6020599913279625,2.220446049250313e-16
hard_ood_40pct,76,thermoelectric_prior_static,85.0,1,0.3333333333333333,-2.7166987712964503,1.114638779968488,1,0.3333333333333333,-2.7166987712964503,1.114638779968488,2,0.6666666666666666,-2.690369832574101,1.0883098412461385,3,1.0,-1.6020599913279625,2.220446049250313e-16
hard_ood_40pct,76,target_source_rank_fusion,69.0,0,0.0,-4.1249387366083,2.5228787452803374,0,0.0,-4.1249387366083,2.5228787452803374,2,0.6666666666666666,-2.690369832574101,1.0883098412461385,3,1.0,-1.6020599913279625,2.220446049250313e-16
hard_ood_40pct,76,target_source_novelty_rank_fusion,78.0,0,0.0,-4.1249387366083,2.5228787452803374,2,0.6666666666666666,-2.690369832574101,1.0883098412461385,2,0.6666666666666666,-2.690369832574101,1.0883098412461385,3,1.0,-1.6020599913279625,2.220446049250313e-16
hard_ood_40pct,76,alloy_prior_static_control,42.0,0,0.0,-2.744727494896694,1.1426675035687317,0,0.0,-2.744727494896694,1.1426675035687317,1,0.3333333333333333,-2.7166987712964503,1.114638779968488,3,1.0,-1.6020599913279625,2.220446049250313e-16
hard_ood_40pct,76,catalysis_prior_static_control,58.0,1,0.3333333333333333,-2.7166987712964503,1.114638779968488,1,0.3333333333333333,-2.7166987712964503,1.114638779968488,2,0.6666666666666666,-1.6020599913279625,2.220446049250313e-16,2,0.6666666666666666,-1.6020599913279625,2.220446049250313e-16
hard_ood_40pct,76,shuffled_thermoelectric_static_control,47.0,0,0.0,-6.022276394711152,4.42021640338319,1,0.3333333333333333,-2.7166987712964503,1.114638779968488,1,0.3333333333333333,-2.7166987712964503,1.114638779968488,2,0.6666666666666666,-1.6020599913279625,2.220446049250313e-16
hard_ood_40pct,77,uniform_random,59.0,0,0.0,-4.552841968657781,2.950781977329818,1,0.3333333333333333,-2.7166987712964503,1.114638779968488,1,0.3333333333333333,-2.7166987712964503,1.114638779968488,3,1.0,-1.6020599913279625,2.220446049250313e-16
hard_ood_40pct,77,target_ucb_beta1,61.0,0,0.0,-4.928117992693875,3.3260580013659125,0,0.0,-4.910094888560602,3.3080348972326394,2,0.6666666666666666,-2.690369832574101,1.0883098412461385,3,1.0,-1.6020599913279625,2.220446049250313e-16
hard_ood_40pct,77,target_mean_greedy,83.0,0,0.0,-4.910094888560602,3.3080348972326394,0,0.0,-2.744727494896694,1.1426675035687317,3,1.0,-1.6020599913279625,2.220446049250313e-16,3,1.0,-1.6020599913279625,2.220446049250313e-16
hard_ood_40pct,77,composition_novelty,84.0,1,0.3333333333333333,-2.7166987712964503,1.114638779968488,2,0.6666666666666666,-2.690369832574101,1.0883098412461385,2,0.6666666666666666,-2.690369832574101,1.0883098412461385,3,1.0,-1.6020599913279625,2.220446049250313e-16
hard_ood_40pct,77,thermoelectric_prior_static,85.0,1,0.3333333333333333,-2.7166987712964503,1.114638779968488,1,0.3333333333333333,-2.7166987712964503,1.114638779968488,2,0.6666666666666666,-2.690369832574101,1.0883098412461385,3,1.0,-1.6020599913279625,2.220446049250313e-16
hard_ood_40pct,77,target_source_rank_fusion,88.0,2,0.6666666666666666,-2.690369832574101,1.0883098412461385,2,0.6666666666666666,-2.690369832574101,1.0883098412461385,2,0.6666666666666666,-2.690369832574101,1.0883098412461385,3,1.0,-1.6020599913279625,2.220446049250313e-16
hard_ood_40pct,77,target_source_novelty_rank_fusion,91.0,2,0.6666666666666666,-2.690369832574101,1.0883098412461385,2,0.6666666666666666,-2.690369832574101,1.0883098412461385,2,0.6666666666666666,-2.690369832574101,1.0883098412461385,3,1.0,-1.6020599913279625,2.220446049250313e-16
hard_ood_40pct,77,alloy_prior_static_control,42.0,0,0.0,-2.744727494896694,1.1426675035687317,0,0.0,-2.744727494896694,1.1426675035687317,1,0.3333333333333333,-2.7166987712964503,1.114638779968488,3,1.0,-1.6020599913279625,2.220446049250313e-16
hard_ood_40pct,77,catalysis_prior_static_control,58.0,1,0.3333333333333333,-2.7166987712964503,1.114638779968488,1,0.3333333333333333,-2.7166987712964503,1.114638779968488,2,0.6666666666666666,-1.6020599913279625,2.220446049250313e-16,2,0.6666666666666666,-1.6020599913279625,2.220446049250313e-16
hard_ood_40pct,77,shuffled_thermoelectric_static_control,47.0,0,0.0,-6.022276394711152,4.42021640338319,1,0.3333333333333333,-2.7166987712964503,1.114638779968488,1,0.3333333333333333,-2.7166987712964503,1.114638779968488,2,0.6666666666666666,-1.6020599913279625,2.220446049250313e-16
hard_ood_40pct,78,uniform_random,41.0,0,0.0,-4.823908740944319,3.221848749616356,0,0.0,-4.823908740944319,3.221848749616356,1,0.3333333333333333,-2.7166987712964503,1.114638779968488,3,1.0,-1.6020599913279625,2.220446049250313e-16
hard_ood_40pct,78,target_ucb_beta1,39.0,0,0.0,-2.744727494896694,1.1426675035687317,0,0.0,-2.744727494896694,1.1426675035687317,0,0.0,-2.744727494896694,1.1426675035687317,3,1.0,-1.6020599913279625,2.220446049250313e-16
hard_ood_40pct,78,target_mean_greedy,39.0,0,0.0,-2.744727494896694,1.1426675035687317,0,0.0,-2.744727494896694,1.1426675035687317,0,0.0,-2.744727494896694,1.1426675035687317,3,1.0,-1.6020599913279625,2.220446049250313e-16
hard_ood_40pct,78,composition_novelty,97.0,1,0.3333333333333333,-2.7166987712964503,1.114638779968488,2,0.6666666666666666,-2.690369832574101,1.0883098412461385,3,1.0,-1.6020599913279625,2.220446049250313e-16,3,1.0,-1.6020599913279625,2.220446049250313e-16
hard_ood_40pct,78,thermoelectric_prior_static,85.0,1,0.3333333333333333,-2.7166987712964503,1.114638779968488,1,0.3333333333333333,-2.7166987712964503,1.114638779968488,2,0.6666666666666666,-2.690369832574101,1.0883098412461385,3,1.0,-1.6020599913279625,2.220446049250313e-16
hard_ood_40pct,78,target_source_rank_fusion,81.0,1,0.3333333333333333,-2.7166987712964503,1.114638779968488,2,0.6666666666666666,-2.690369832574101,1.0883098412461385,2,0.6666666666666666,-2.690369832574101,1.0883098412461385,3,1.0,-1.6020599913279625,2.220446049250313e-16
hard_ood_40pct,78,target_source_novelty_rank_fusion,85.0,1,0.3333333333333333,-2.7166987712964503,1.114638779968488,2,0.6666666666666666,-2.690369832574101,1.0883098412461385,2,0.6666666666666666,-2.690369832574101,1.0883098412461385,3,1.0,-1.6020599913279625,2.220446049250313e-16
hard_ood_40pct,78,alloy_prior_static_control,42.0,0,0.0,-2.744727494896694,1.1426675035687317,0,0.0,-2.744727494896694,1.1426675035687317,1,0.3333333333333333,-2.7166987712964503,1.114638779968488,3,1.0,-1.6020599913279625,2.220446049250313e-16
hard_ood_40pct,78,catalysis_prior_static_control,58.0,1,0.3333333333333333,-2.7166987712964503,1.114638779968488,1,0.3333333333333333,-2.7166987712964503,1.114638779968488,2,0.6666666666666666,-1.6020599913279625,2.220446049250313e-16,2,0.6666666666666666,-1.6020599913279625,2.220446049250313e-16
hard_ood_40pct,78,shuffled_thermoelectric_static_control,47.0,0,0.0,-6.022276394711152,4.42021640338319,1,0.3333333333333333,-2.7166987712964503,1.114638779968488,1,0.3333333333333333,-2.7166987712964503,1.114638779968488,2,0.6666666666666666,-1.6020599913279625,2.220446049250313e-16
hard_ood_40pct,79,uniform_random,65.0,0,0.0,-4.91721462968355,3.3151546383555877,1,0.3333333333333333,-2.690369832574101,1.0883098412461385,1,0.3333333333333333,-2.690369832574101,1.0883098412461385,3,1.0,-1.6020599913279625,2.220446049250313e-16
hard_ood_40pct,79,target_ucb_beta1,35.0,0,0.0,-2.795880017344075,1.1938200260161127,0,0.0,-2.795880017344075,1.1938200260161127,0,0.0,-2.744727494896694,1.1426675035687317,3,1.0,-1.6020599913279625,2.220446049250313e-16
hard_ood_40pct,79,target_mean_greedy,27.0,0,0.0,-3.958607314841775,2.356547323513813,0,0.0,-3.958607314841775,2.356547323513813,0,0.0,-2.744727494896694,1.1426675035687317,3,1.0,-1.6020599913279625,2.220446049250313e-16
hard_ood_40pct,79,composition_novelty,98.0,1,0.3333333333333333,-2.7166987712964503,1.114638779968488,1,0.3333333333333333,-2.7166987712964503,1.114638779968488,3,1.0,-1.6020599913279625,2.220446049250313e-16,3,1.0,-1.6020599913279625,2.220446049250313e-16
hard_ood_40pct,79,thermoelectric_prior_static,85.0,1,0.3333333333333333,-2.7166987712964503,1.114638779968488,1,0.3333333333333333,-2.7166987712964503,1.114638779968488,2,0.6666666666666666,-2.690369832574101,1.0883098412461385,3,1.0,-1.6020599913279625,2.220446049250313e-16
hard_ood_40pct,79,target_source_rank_fusion,69.0,0,0.0,-3.958607314841775,2.356547323513813,1,0.3333333333333333,-2.7166987712964503,1.114638779968488,2,0.6666666666666666,-2.690369832574101,1.0883098412461385,3,1.0,-1.6020599913279625,2.220446049250313e-16
hard_ood_40pct,79,target_source_novelty_rank_fusion,87.0,2,0.6666666666666666,-2.690369832574101,1.0883098412461385,2,0.6666666666666666,-2.690369832574101,1.0883098412461385,2,0.6666666666666666,-2.690369832574101,1.0883098412461385,3,1.0,-1.6020599913279625,2.220446049250313e-16
hard_ood_40pct,79,alloy_prior_static_control,42.0,0,0.0,-2.744727494896694,1.1426675035687317,0,0.0,-2.744727494896694,1.1426675035687317,1,0.3333333333333333,-2.7166987712964503,1.114638779968488,3,1.0,-1.6020599913279625,2.220446049250313e-16
hard_ood_40pct,79,catalysis_prior_static_control,58.0,1,0.3333333333333333,-2.7166987712964503,1.114638779968488,1,0.3333333333333333,-2.7166987712964503,1.114638779968488,2,0.6666666666666666,-1.6020599913279625,2.220446049250313e-16,2,0.6666666666666666,-1.6020599913279625,2.220446049250313e-16
hard_ood_40pct,79,shuffled_thermoelectric_static_control,47.0,0,0.0,-6.022276394711152,4.42021640338319,1,0.3333333333333333,-2.7166987712964503,1.114638779968488,1,0.3333333333333333,-2.7166987712964503,1.114638779968488,2,0.6666666666666666,-1.6020599913279625,2.220446049250313e-16
hard_ood_40pct,80,uniform_random,78.0,0,0.0,-4.91721462968355,3.3151546383555877,1,0.3333333333333333,-2.690369832574101,1.0883098412461385,2,0.6666666666666666,-1.6020599913279625,2.220446049250313e-16,3,1.0,-1.6020599913279625,2.220446049250313e-16
hard_ood_40pct,80,target_ucb_beta1,39.0,0,0.0,-2.744727494896694,1.1426675035687317,0,0.0,-2.744727494896694,1.1426675035687317,0,0.0,-2.744727494896694,1.1426675035687317,3,1.0,-1.6020599913279625,2.220446049250313e-16
hard_ood_40pct,80,target_mean_greedy,42.0,0,0.0,-2.744727494896694,1.1426675035687317,0,0.0,-2.744727494896694,1.1426675035687317,0,0.0,-2.744727494896694,1.1426675035687317,3,1.0,-1.6020599913279625,2.220446049250313e-16
hard_ood_40pct,80,composition_novelty,101.0,2,0.6666666666666666,-2.690369832574101,1.0883098412461385,2,0.6666666666666666,-2.690369832574101,1.0883098412461385,3,1.0,-1.6020599913279625,2.220446049250313e-16,3,1.0,-1.6020599913279625,2.220446049250313e-16
hard_ood_40pct,80,thermoelectric_prior_static,85.0,1,0.3333333333333333,-2.7166987712964503,1.114638779968488,1,0.3333333333333333,-2.7166987712964503,1.114638779968488,2,0.6666666666666666,-2.690369832574101,1.0883098412461385,3,1.0,-1.6020599913279625,2.220446049250313e-16
hard_ood_40pct,80,target_source_rank_fusion,79.0,0,0.0,-4.443697499232712,2.84163750790475,2,0.6666666666666666,-2.690369832574101,1.0883098412461385,2,0.6666666666666666,-2.690369832574101,1.0883098412461385,3,1.0,-1.6020599913279625,2.220446049250313e-16
hard_ood_40pct,80,target_source_novelty_rank_fusion,86.0,0,0.0,-4.1249387366083,2.5228787452803374,2,0.6666666666666666,-2.690369832574101,1.0883098412461385,2,0.6666666666666666,-2.690369832574101,1.0883098412461385,3,1.0,-1.6020599913279625,2.220446049250313e-16
hard_ood_40pct,80,alloy_prior_static_control,42.0,0,0.0,-2.744727494896694,1.1426675035687317,0,0.0,-2.744727494896694,1.1426675035687317,1,0.3333333333333333,-2.7166987712964503,1.114638779968488,3,1.0,-1.6020599913279625,2.220446049250313e-16
hard_ood_40pct,80,catalysis_prior_static_control,58.0,1,0.3333333333333333,-2.7166987712964503,1.114638779968488,1,0.3333333333333333,-2.7166987712964503,1.114638779968488,2,0.6666666666666666,-1.6020599913279625,2.220446049250313e-16,2,0.6666666666666666,-1.6020599913279625,2.220446049250313e-16
hard_ood_40pct,80,shuffled_thermoelectric_static_control,47.0,0,0.0,-6.022276394711152,4.42021640338319,1,0.3333333333333333,-2.7166987712964503,1.114638779968488,1,0.3333333333333333,-2.7166987712964503,1.114638779968488,2,0.6666666666666666,-1.6020599913279625,2.220446049250313e-16
hard_ood_40pct,81,uniform_random,82.0,1,0.3333333333333333,-1.6020599913279625,2.220446049250313e-16,1,0.3333333333333333,-1.6020599913279625,2.220446049250313e-16,2,0.6666666666666666,-1.6020599913279625,2.220446049250313e-16,3,1.0,-1.6020599913279625,2.220446049250313e-16
hard_ood_40pct,81,target_ucb_beta1,116.0,3,1.0,-1.6020599913279625,2.220446049250313e-16,3,1.0,-1.6020599913279625,2.220446049250313e-16,3,1.0,-1.6020599913279625,2.220446049250313e-16,3,1.0,-1.6020599913279625,2.220446049250313e-16
hard_ood_40pct,81,target_mean_greedy,95.0,2,0.6666666666666666,-2.690369832574101,1.0883098412461385,2,0.6666666666666666,-2.690369832574101,1.0883098412461385,2,0.6666666666666666,-2.690369832574101,1.0883098412461385,3,1.0,-1.6020599913279625,2.220446049250313e-16
hard_ood_40pct,81,composition_novelty,84.0,1,0.3333333333333333,-2.7166987712964503,1.114638779968488,2,0.6666666666666666,-2.690369832574101,1.0883098412461385,2,0.6666666666666666,-2.690369832574101,1.0883098412461385,3,1.0,-1.6020599913279625,2.220446049250313e-16
hard_ood_40pct,81,thermoelectric_prior_static,85.0,1,0.3333333333333333,-2.7166987712964503,1.114638779968488,1,0.3333333333333333,-2.7166987712964503,1.114638779968488,2,0.6666666666666666,-2.690369832574101,1.0883098412461385,3,1.0,-1.6020599913279625,2.220446049250313e-16
hard_ood_40pct,81,target_source_rank_fusion,97.0,2,0.6666666666666666,-2.690369832574101,1.0883098412461385,2,0.6666666666666666,-2.690369832574101,1.0883098412461385,2,0.6666666666666666,-2.690369832574101,1.0883098412461385,3,1.0,-1.6020599913279625,2.220446049250313e-16
hard_ood_40pct,81,target_source_novelty_rank_fusion,96.0,2,0.6666666666666666,-2.690369832574101,1.0883098412461385,2,0.6666666666666666,-2.690369832574101,1.0883098412461385,2,0.6666666666666666,-2.690369832574101,1.0883098412461385,3,1.0,-1.6020599913279625,2.220446049250313e-16
hard_ood_40pct,81,alloy_prior_static_control,42.0,0,0.0,-2.744727494896694,1.1426675035687317,0,0.0,-2.744727494896694,1.1426675035687317,1,0.3333333333333333,-2.7166987712964503,1.114638779968488,3,1.0,-1.6020599913279625,2.220446049250313e-16
hard_ood_40pct,81,catalysis_prior_static_control,58.0,1,0.3333333333333333,-2.7166987712964503,1.114638779968488,1,0.3333333333333333,-2.7166987712964503,1.114638779968488,2,0.6666666666666666,-1.6020599913279625,2.220446049250313e-16,2,0.6666666666666666,-1.6020599913279625,2.220446049250313e-16
hard_ood_40pct,81,shuffled_thermoelectric_static_control,47.0,0,0.0,-6.022276394711152,4.42021640338319,1,0.3333333333333333,-2.7166987712964503,1.114638779968488,1,0.3333333333333333,-2.7166987712964503,1.114638779968488,2,0.6666666666666666,-1.6020599913279625,2.220446049250313e-16
hard_ood_40pct,82,uniform_random,75.0,1,0.3333333333333333,-2.7166987712964503,1.114638779968488,1,0.3333333333333333,-2.7166987712964503,1.114638779968488,2,0.6666666666666666,-1.6020599913279625,2.220446049250313e-16,3,1.0,-1.6020599913279625,2.220446049250313e-16
hard_ood_40pct,82,target_ucb_beta1,17.0,0,0.0,-2.744727494896694,1.1426675035687317,0,0.0,-2.744727494896694,1.1426675035687317,0,0.0,-2.744727494896694,1.1426675035687317,3,1.0,-1.6020599913279625,2.220446049250313e-16
hard_ood_40pct,82,target_mean_greedy,50.0,0,0.0,-4.91721462968355,3.3151546383555877,0,0.0,-2.744727494896694,1.1426675035687317,0,0.0,-2.744727494896694,1.1426675035687317,3,1.0,-1.6020599913279625,2.220446049250313e-16
hard_ood_40pct,82,composition_novelty,78.0,0,0.0,-4.552841968657781,2.950781977329818,1,0.3333333333333333,-2.7166987712964503,1.114638779968488,2,0.6666666666666666,-2.690369832574101,1.0883098412461385,3,1.0,-1.6020599913279625,2.220446049250313e-16
hard_ood_40pct,82,thermoelectric_prior_static,85.0,1,0.3333333333333333,-2.7166987712964503,1.114638779968488,1,0.3333333333333333,-2.7166987712964503,1.114638779968488,2,0.6666666666666666,-2.690369832574101,1.0883098412461385,3,1.0,-1.6020599913279625,2.220446049250313e-16
hard_ood_40pct,82,target_source_rank_fusion,56.0,0,0.0,-2.744727494896694,1.1426675035687317,0,0.0,-2.744727494896694,1.1426675035687317,2,0.6666666666666666,-2.690369832574101,1.0883098412461385,3,1.0,-1.6020599913279625,2.220446049250313e-16
hard_ood_40pct,82,target_source_novelty_rank_fusion,64.0,0,0.0,-4.1249387366083,2.5228787452803374,0,0.0,-2.744727494896694,1.1426675035687317,2,0.6666666666666666,-2.690369832574101,1.0883098412461385,3,1.0,-1.6020599913279625,2.220446049250313e-16
hard_ood_40pct,82,alloy_prior_static_control,42.0,0,0.0,-2.744727494896694,1.1426675035687317,0,0.0,-2.744727494896694,1.1426675035687317,1,0.3333333333333333,-2.7166987712964503,1.114638779968488,3,1.0,-1.6020599913279625,2.220446049250313e-16
hard_ood_40pct,82,catalysis_prior_static_control,58.0,1,0.3333333333333333,-2.7166987712964503,1.114638779968488,1,0.3333333333333333,-2.7166987712964503,1.114638779968488,2,0.6666666666666666,-1.6020599913279625,2.220446049250313e-16,2,0.6666666666666666,-1.6020599913279625,2.220446049250313e-16
hard_ood_40pct,82,shuffled_thermoelectric_static_control,47.0,0,0.0,-6.022276394711152,4.42021640338319,1,0.3333333333333333,-2.7166987712964503,1.114638779968488,1,0.3333333333333333,-2.7166987712964503,1.114638779968488,2,0.6666666666666666,-1.6020599913279625,2.220446049250313e-16
hard_ood_40pct,83,uniform_random,49.0,0,0.0,-4.552841968657781,2.950781977329818,0,0.0,-4.443697499232712,2.84163750790475,1,0.3333333333333333,-2.7166987712964503,1.114638779968488,3,1.0,-1.6020599913279625,2.220446049250313e-16
hard_ood_40pct,83,target_ucb_beta1,27.0,0,0.0,-4.954677021213342,3.35261702988538,0,0.0,-2.795880017344075,1.1938200260161127,0,0.0,-2.744727494896694,1.1426675035687317,3,1.0,-1.6020599913279625,2.220446049250313e-16
hard_ood_40pct,83,target_mean_greedy,29.0,0,0.0,-4.91721462968355,3.3151546383555877,0,0.0,-4.552841968657781,2.950781977329818,0,0.0,-3.886056647693163,2.2839966563652006,3,1.0,-1.6020599913279625,2.220446049250313e-16
hard_ood_40pct,83,composition_novelty,81.0,1,0.3333333333333333,-2.7166987712964503,1.114638779968488,2,0.6666666666666666,-2.690369832574101,1.0883098412461385,2,0.6666666666666666,-2.690369832574101,1.0883098412461385,3,1.0,-1.6020599913279625,2.220446049250313e-16
hard_ood_40pct,83,thermoelectric_prior_static,85.0,1,0.3333333333333333,-2.7166987712964503,1.114638779968488,1,0.3333333333333333,-2.7166987712964503,1.114638779968488,2,0.6666666666666666,-2.690369832574101,1.0883098412461385,3,1.0,-1.6020599913279625,2.220446049250313e-16
hard_ood_40pct,83,target_source_rank_fusion,48.0,0,0.0,-4.443697499232712,2.84163750790475,0,0.0,-3.958607314841775,2.356547323513813,0,0.0,-2.744727494896694,1.1426675035687317,3,1.0,-1.6020599913279625,2.220446049250313e-16
hard_ood_40pct,83,target_source_novelty_rank_fusion,75.0,0,0.0,-4.443697499232712,2.84163750790475,1,0.3333333333333333,-2.7166987712964503,1.114638779968488,2,0.6666666666666666,-2.690369832574101,1.0883098412461385,3,1.0,-1.6020599913279625,2.220446049250313e-16
hard_ood_40pct,83,alloy_prior_static_control,42.0,0,0.0,-2.744727494896694,1.1426675035687317,0,0.0,-2.744727494896694,1.1426675035687317,1,0.3333333333333333,-2.7166987712964503,1.114638779968488,3,1.0,-1.6020599913279625,2.220446049250313e-16
hard_ood_40pct,83,catalysis_prior_static_control,58.0,1,0.3333333333333333,-2.7166987712964503,1.114638779968488,1,0.3333333333333333,-2.7166987712964503,1.114638779968488,2,0.6666666666666666,-1.6020599913279625,2.220446049250313e-16,2,0.6666666666666666,-1.6020599913279625,2.220446049250313e-16
hard_ood_40pct,83,shuffled_thermoelectric_static_control,47.0,0,0.0,-6.022276394711152,4.42021640338319,1,0.3333333333333333,-2.7166987712964503,1.114638779968488,1,0.3333333333333333,-2.7166987712964503,1.114638779968488,2,0.6666666666666666,-1.6020599913279625,2.220446049250313e-16
hard_ood_40pct,84,uniform_random,99.0,1,0.3333333333333333,-2.7166987712964503,1.114638779968488,2,0.6666666666666666,-2.690369832574101,1.0883098412461385,3,1.0,-1.6020599913279625,2.220446049250313e-16,3,1.0,-1.6020599913279625,2.220446049250313e-16
hard_ood_40pct,84,target_ucb_beta1,14.0,0,0.0,-4.1249387366083,2.5228787452803374,0,0.0,-3.886056647693163,2.2839966563652006,0,0.0,-2.744727494896694,1.1426675035687317,3,1.0,-1.6020599913279625,2.220446049250313e-16
hard_ood_40pct,84,target_mean_greedy,33.0,0,0.0,-4.91721462968355,3.3151546383555877,0,0.0,-4.1249387366083,2.5228787452803374,0,0.0,-2.744727494896694,1.1426675035687317,3,1.0,-1.6020599913279625,2.220446049250313e-16
hard_ood_40pct,84,composition_novelty,89.0,1,0.3333333333333333,-2.7166987712964503,1.114638779968488,1,0.3333333333333333,-2.7166987712964503,1.114638779968488,3,1.0,-1.6020599913279625,2.220446049250313e-16,3,1.0,-1.6020599913279625,2.220446049250313e-16
hard_ood_40pct,84,thermoelectric_prior_static,85.0,1,0.3333333333333333,-2.7166987712964503,1.114638779968488,1,0.3333333333333333,-2.7166987712964503,1.114638779968488,2,0.6666666666666666,-2.690369832574101,1.0883098412461385,3,1.0,-1.6020599913279625,2.220446049250313e-16
hard_ood_40pct,84,target_source_rank_fusion,82.0,1,0.3333333333333333,-2.7166987712964503,1.114638779968488,2,0.6666666666666666,-2.690369832574101,1.0883098412461385,2,0.6666666666666666,-2.690369832574101,1.0883098412461385,3,1.0,-1.6020599913279625,2.220446049250313e-16
hard_ood_40pct,84,target_source_novelty_rank_fusion,82.0,1,0.3333333333333333,-2.7166987712964503,1.114638779968488,1,0.3333333333333333,-2.7166987712964503,1.114638779968488,2,0.6666666666666666,-2.690369832574101,1.0883098412461385,3,1.0,-1.6020599913279625,2.220446049250313e-16
hard_ood_40pct,84,alloy_prior_static_control,42.0,0,0.0,-2.744727494896694,1.1426675035687317,0,0.0,-2.744727494896694,1.1426675035687317,1,0.3333333333333333,-2.7166987712964503,1.114638779968488,3,1.0,-1.6020599913279625,2.220446049250313e-16
hard_ood_40pct,84,catalysis_prior_static_control,58.0,1,0.3333333333333333,-2.7166987712964503,1.114638779968488,1,0.3333333333333333,-2.7166987712964503,1.114638779968488,2,0.6666666666666666,-1.6020599913279625,2.220446049250313e-16,2,0.6666666666666666,-1.6020599913279625,2.220446049250313e-16
hard_ood_40pct,84,shuffled_thermoelectric_static_control,47.0,0,0.0,-6.022276394711152,4.42021640338319,1,0.3333333333333333,-2.7166987712964503,1.114638779968488,1,0.3333333333333333,-2.7166987712964503,1.114638779968488,2,0.6666666666666666,-1.6020599913279625,2.220446049250313e-16
hard_ood_40pct,85,uniform_random,47.0,0,0.0,-5.301029995663981,3.6989700043360187,0,0.0,-2.795880017344075,1.1938200260161127,1,0.3333333333333333,-2.690369832574101,1.0883098412461385,3,1.0,-1.6020599913279625,2.220446049250313e-16
hard_ood_40pct,85,target_ucb_beta1,67.0,0,0.0,-2.744727494896694,1.1426675035687317,0,0.0,-2.744727494896694,1.1426675035687317,3,1.0,-1.6020599913279625,2.220446049250313e-16,3,1.0,-1.6020599913279625,2.220446049250313e-16
hard_ood_40pct,85,target_mean_greedy,61.0,0,0.0,-3.886056647693163,2.2839966563652006,0,0.0,-2.744727494896694,1.1426675035687317,2,0.6666666666666666,-2.690369832574101,1.0883098412461385,3,1.0,-1.6020599913279625,2.220446049250313e-16
hard_ood_40pct,85,composition_novelty,77.0,1,0.3333333333333333,-2.7166987712964503,1.114638779968488,1,0.3333333333333333,-2.7166987712964503,1.114638779968488,2,0.6666666666666666,-2.690369832574101,1.0883098412461385,3,1.0,-1.6020599913279625,2.220446049250313e-16
hard_ood_40pct,85,thermoelectric_prior_static,85.0,1,0.3333333333333333,-2.7166987712964503,1.114638779968488,1,0.3333333333333333,-2.7166987712964503,1.114638779968488,2,0.6666666666666666,-2.690369832574101,1.0883098412461385,3,1.0,-1.6020599913279625,2.220446049250313e-16
hard_ood_40pct,85,target_source_rank_fusion,99.0,2,0.6666666666666666,-2.690369832574101,1.0883098412461385,2,0.6666666666666666,-2.690369832574101,1.0883098412461385,2,0.6666666666666666,-2.690369832574101,1.0883098412461385,3,1.0,-1.6020599913279625,2.220446049250313e-16
hard_ood_40pct,85,target_source_novelty_rank_fusion,97.0,2,0.6666666666666666,-2.690369832574101,1.0883098412461385,2,0.6666666666666666,-2.690369832574101,1.0883098412461385,2,0.6666666666666666,-2.690369832574101,1.0883098412461385,3,1.0,-1.6020599913279625,2.220446049250313e-16
hard_ood_40pct,85,alloy_prior_static_control,42.0,0,0.0,-2.744727494896694,1.1426675035687317,0,0.0,-2.744727494896694,1.1426675035687317,1,0.3333333333333333,-2.7166987712964503,1.114638779968488,3,1.0,-1.6020599913279625,2.220446049250313e-16
hard_ood_40pct,85,catalysis_prior_static_control,58.0,1,0.3333333333333333,-2.7166987712964503,1.114638779968488,1,0.3333333333333333,-2.7166987712964503,1.114638779968488,2,0.6666666666666666,-1.6020599913279625,2.220446049250313e-16,2,0.6666666666666666,-1.6020599913279625,2.220446049250313e-16
hard_ood_40pct,85,shuffled_thermoelectric_static_control,47.0,0,0.0,-6.022276394711152,4.42021640338319,1,0.3333333333333333,-2.7166987712964503,1.114638779968488,1,0.3333333333333333,-2.7166987712964503,1.114638779968488,2,0.6666666666666666,-1.6020599913279625,2.220446049250313e-16
hard_ood_40pct,86,uniform_random,71.0,1,0.3333333333333333,-1.6020599913279625,2.220446049250313e-16,1,0.3333333333333333,-1.6020599913279625,2.220446049250313e-16,2,0.6666666666666666,-1.6020599913279625,2.220446049250313e-16,3,1.0,-1.6020599913279625,2.220446049250313e-16
hard_ood_40pct,86,target_ucb_beta1,109.0,2,0.6666666666666666,-2.690369832574101,1.0883098412461385,3,1.0,-1.6020599913279625,2.220446049250313e-16,3,1.0,-1.6020599913279625,2.220446049250313e-16,3,1.0,-1.6020599913279625,2.220446049250313e-16
hard_ood_40pct,86,target_mean_greedy,92.0,0,0.0,-4.928117992693875,3.3260580013659125,2,0.6666666666666666,-2.690369832574101,1.0883098412461385,3,1.0,-1.6020599913279625,2.220446049250313e-16,3,1.0,-1.6020599913279625,2.220446049250313e-16
hard_ood_40pct,86,composition_novelty,83.0,0,0.0,-2.744727494896694,1.1426675035687317,1,0.3333333333333333,-2.7166987712964503,1.114638779968488,3,1.0,-1.6020599913279625,2.220446049250313e-16,3,1.0,-1.6020599913279625,2.220446049250313e-16
hard_ood_40pct,86,thermoelectric_prior_static,85.0,1,0.3333333333333333,-2.7166987712964503,1.114638779968488,1,0.3333333333333333,-2.7166987712964503,1.114638779968488,2,0.6666666666666666,-2.690369832574101,1.0883098412461385,3,1.0,-1.6020599913279625,2.220446049250313e-16
hard_ood_40pct,86,target_source_rank_fusion,103.0,2,0.6666666666666666,-2.690369832574101,1.0883098412461385,2,0.6666666666666666,-2.690369832574101,1.0883098412461385,3,1.0,-1.6020599913279625,2.220446049250313e-16,3,1.0,-1.6020599913279625,2.220446049250313e-16
hard_ood_40pct,86,target_source_novelty_rank_fusion,106.0,2,0.6666666666666666,-2.690369832574101,1.0883098412461385,2,0.6666666666666666,-2.690369832574101,1.0883098412461385,3,1.0,-1.6020599913279625,2.220446049250313e-16,3,1.0,-1.6020599913279625,2.220446049250313e-16
hard_ood_40pct,86,alloy_prior_static_control,42.0,0,0.0,-2.744727494896694,1.1426675035687317,0,0.0,-2.744727494896694,1.1426675035687317,1,0.3333333333333333,-2.7166987712964503,1.114638779968488,3,1.0,-1.6020599913279625,2.220446049250313e-16
hard_ood_40pct,86,catalysis_prior_static_control,58.0,1,0.3333333333333333,-2.7166987712964503,1.114638779968488,1,0.3333333333333333,-2.7166987712964503,1.114638779968488,2,0.6666666666666666,-1.6020599913279625,2.220446049250313e-16,2,0.6666666666666666,-1.6020599913279625,2.220446049250313e-16
hard_ood_40pct,86,shuffled_thermoelectric_static_control,47.0,0,0.0,-6.022276394711152,4.42021640338319,1,0.3333333333333333,-2.7166987712964503,1.114638779968488,1,0.3333333333333333,-2.7166987712964503,1.114638779968488,2,0.6666666666666666,-1.6020599913279625,2.220446049250313e-16
hard_ood_40pct,87,uniform_random,56.0,0,0.0,-2.795880017344075,1.1938200260161127,1,0.3333333333333333,-1.6020599913279625,2.220446049250313e-16,1,0.3333333333333333,-1.6020599913279625,2.220446049250313e-16,3,1.0,-1.6020599913279625,2.220446049250313e-16
hard_ood_40pct,87,target_ucb_beta1,18.0,0,0.0,-2.744727494896694,1.1426675035687317,0,0.0,-2.744727494896694,1.1426675035687317,0,0.0,-2.744727494896694,1.1426675035687317,3,1.0,-1.6020599913279625,2.220446049250313e-16
hard_ood_40pct,87,target_mean_greedy,23.0,0,0.0,-2.744727494896694,1.1426675035687317,0,0.0,-2.744727494896694,1.1426675035687317,0,0.0,-2.744727494896694,1.1426675035687317,3,1.0,-1.6020599913279625,2.220446049250313e-16
hard_ood_40pct,87,composition_novelty,88.0,2,0.6666666666666666,-2.690369832574101,1.0883098412461385,2,0.6666666666666666,-2.690369832574101,1.0883098412461385,2,0.6666666666666666,-2.690369832574101,1.0883098412461385,3,1.0,-1.6020599913279625,2.220446049250313e-16
hard_ood_40pct,87,thermoelectric_prior_static,85.0,1,0.3333333333333333,-2.7166987712964503,1.114638779968488,1,0.3333333333333333,-2.7166987712964503,1.114638779968488,2,0.6666666666666666,-2.690369832574101,1.0883098412461385,3,1.0,-1.6020599913279625,2.220446049250313e-16
hard_ood_40pct,87,target_source_rank_fusion,37.0,0,0.0,-2.744727494896694,1.1426675035687317,0,0.0,-2.744727494896694,1.1426675035687317,0,0.0,-2.744727494896694,1.1426675035687317,3,1.0,-1.6020599913279625,2.220446049250313e-16
hard_ood_40pct,87,target_source_novelty_rank_fusion,63.0,0,0.0,-2.744727494896694,1.1426675035687317,1,0.3333333333333333,-2.7166987712964503,1.114638779968488,2,0.6666666666666666,-2.690369832574101,1.0883098412461385,3,1.0,-1.6020599913279625,2.220446049250313e-16
hard_ood_40pct,87,alloy_prior_static_control,42.0,0,0.0,-2.744727494896694,1.1426675035687317,0,0.0,-2.744727494896694,1.1426675035687317,1,0.3333333333333333,-2.7166987712964503,1.114638779968488,3,1.0,-1.6020599913279625,2.220446049250313e-16
hard_ood_40pct,87,catalysis_prior_static_control,58.0,1,0.3333333333333333,-2.7166987712964503,1.114638779968488,1,0.3333333333333333,-2.7166987712964503,1.114638779968488,2,0.6666666666666666,-1.6020599913279625,2.220446049250313e-16,2,0.6666666666666666,-1.6020599913279625,2.220446049250313e-16
hard_ood_40pct,87,shuffled_thermoelectric_static_control,47.0,0,0.0,-6.022276394711152,4.42021640338319,1,0.3333333333333333,-2.7166987712964503,1.114638779968488,1,0.3333333333333333,-2.7166987712964503,1.114638779968488,2,0.6666666666666666,-1.6020599913279625,2.220446049250313e-16
hard_ood_40pct,88,uniform_random,37.0,0,0.0,-4.910094888560602,3.3080348972326394,0,0.0,-3.958607314841775,2.356547323513813,1,0.3333333333333333,-2.690369832574101,1.0883098412461385,2,0.6666666666666666,-1.6020599913279625,2.220446049250313e-16
hard_ood_40pct,88,target_ucb_beta1,70.0,0,0.0,-2.744727494896694,1.1426675035687317,1,0.3333333333333333,-1.6020599913279625,2.220446049250313e-16,1,0.3333333333333333,-1.6020599913279625,2.220446049250313e-16,3,1.0,-1.6020599913279625,2.220446049250313e-16
hard_ood_40pct,88,target_mean_greedy,77.0,1,0.3333333333333333,-1.6020599913279625,2.220446049250313e-16,1,0.3333333333333333,-1.6020599913279625,2.220446049250313e-16,2,0.6666666666666666,-1.6020599913279625,2.220446049250313e-16,3,1.0,-1.6020599913279625,2.220446049250313e-16
hard_ood_40pct,88,composition_novelty,77.0,1,0.3333333333333333,-2.7166987712964503,1.114638779968488,1,0.3333333333333333,-2.7166987712964503,1.114638779968488,2,0.6666666666666666,-2.690369832574101,1.0883098412461385,3,1.0,-1.6020599913279625,2.220446049250313e-16
hard_ood_40pct,88,thermoelectric_prior_static,85.0,1,0.3333333333333333,-2.7166987712964503,1.114638779968488,1,0.3333333333333333,-2.7166987712964503,1.114638779968488,2,0.6666666666666666,-2.690369832574101,1.0883098412461385,3,1.0,-1.6020599913279625,2.220446049250313e-16
hard_ood_40pct,88,target_source_rank_fusion,97.0,2,0.6666666666666666,-2.690369832574101,1.0883098412461385,2,0.6666666666666666,-2.690369832574101,1.0883098412461385,2,0.6666666666666666,-2.690369832574101,1.0883098412461385,3,1.0,-1.6020599913279625,2.220446049250313e-16
hard_ood_40pct,88,target_source_novelty_rank_fusion,95.0,2,0.6666666666666666,-2.690369832574101,1.0883098412461385,2,0.6666666666666666,-2.690369832574101,1.0883098412461385,2,0.6666666666666666,-2.690369832574101,1.0883098412461385,3,1.0,-1.6020599913279625,2.220446049250313e-16
hard_ood_40pct,88,alloy_prior_static_control,42.0,0,0.0,-2.744727494896694,1.1426675035687317,0,0.0,-2.744727494896694,1.1426675035687317,1,0.3333333333333333,-2.7166987712964503,1.114638779968488,3,1.0,-1.6020599913279625,2.220446049250313e-16
hard_ood_40pct,88,catalysis_prior_static_control,58.0,1,0.3333333333333333,-2.7166987712964503,1.114638779968488,1,0.3333333333333333,-2.7166987712964503,1.114638779968488,2,0.6666666666666666,-1.6020599913279625,2.220446049250313e-16,2,0.6666666666666666,-1.6020599913279625,2.220446049250313e-16
hard_ood_40pct,88,shuffled_thermoelectric_static_control,47.0,0,0.0,-6.022276394711152,4.42021640338319,1,0.3333333333333333,-2.7166987712964503,1.114638779968488,1,0.3333333333333333,-2.7166987712964503,1.114638779968488,2,0.6666666666666666,-1.6020599913279625,2.220446049250313e-16
hard_ood_40pct,89,uniform_random,43.0,0,0.0,-5.301029995663981,3.6989700043360187,0,0.0,-4.443697499232712,2.84163750790475,1,0.3333333333333333,-2.690369832574101,1.0883098412461385,3,1.0,-1.6020599913279625,2.220446049250313e-16
hard_ood_40pct,89,target_ucb_beta1,57.0,0,0.0,-3.958607314841775,2.356547323513813,0,0.0,-2.744727494896694,1.1426675035687317,1,0.3333333333333333,-2.690369832574101,1.0883098412461385,3,1.0,-1.6020599913279625,2.220446049250313e-16
hard_ood_40pct,89,target_mean_greedy,47.0,0,0.0,-3.886056647693163,2.2839966563652006,0,0.0,-2.744727494896694,1.1426675035687317,0,0.0,-2.744727494896694,1.1426675035687317,3,1.0,-1.6020599913279625,2.220446049250313e-16
hard_ood_40pct,89,composition_novelty,91.0,1,0.3333333333333333,-2.7166987712964503,1.114638779968488,1,0.3333333333333333,-2.7166987712964503,1.114638779968488,3,1.0,-1.6020599913279625,2.220446049250313e-16,3,1.0,-1.6020599913279625,2.220446049250313e-16
hard_ood_40pct,89,thermoelectric_prior_static,85.0,1,0.3333333333333333,-2.7166987712964503,1.114638779968488,1,0.3333333333333333,-2.7166987712964503,1.114638779968488,2,0.6666666666666666,-2.690369832574101,1.0883098412461385,3,1.0,-1.6020599913279625,2.220446049250313e-16
hard_ood_40pct,89,target_source_rank_fusion,62.0,0,0.0,-4.1249387366083,2.5228787452803374,0,0.0,-3.886056647693163,2.2839966563652006,2,0.6666666666666666,-2.690369832574101,1.0883098412461385,3,1.0,-1.6020599913279625,2.220446049250313e-16
hard_ood_40pct,89,target_source_novelty_rank_fusion,85.0,0,0.0,-2.744727494896694,1.1426675035687317,1,0.3333333333333333,-2.7166987712964503,1.114638779968488,3,1.0,-1.6020599913279625,2.220446049250313e-16,3,1.0,-1.6020599913279625,2.220446049250313e-16
hard_ood_40pct,89,alloy_prior_static_control,42.0,0,0.0,-2.744727494896694,1.1426675035687317,0,0.0,-2.744727494896694,1.1426675035687317,1,0.3333333333333333,-2.7166987712964503,1.114638779968488,3,1.0,-1.6020599913279625,2.220446049250313e-16
hard_ood_40pct,89,catalysis_prior_static_control,58.0,1,0.3333333333333333,-2.7166987712964503,1.114638779968488,1,0.3333333333333333,-2.7166987712964503,1.114638779968488,2,0.6666666666666666,-1.6020599913279625,2.220446049250313e-16,2,0.6666666666666666,-1.6020599913279625,2.220446049250313e-16
hard_ood_40pct,89,shuffled_thermoelectric_static_control,47.0,0,0.0,-6.022276394711152,4.42021640338319,1,0.3333333333333333,-2.7166987712964503,1.114638779968488,1,0.3333333333333333,-2.7166987712964503,1.114638779968488,2,0.6666666666666666,-1.6020599913279625,2.220446049250313e-16
hard_ood_40pct,90,uniform_random,14.0,0,0.0,-2.744727494896694,1.1426675035687317,0,0.0,-2.744727494896694,1.1426675035687317,0,0.0,-2.744727494896694,1.1426675035687317,2,0.6666666666666666,-2.690369832574101,1.0883098412461385
hard_ood_40pct,90,target_ucb_beta1,25.0,0,0.0,-2.795880017344075,1.1938200260161127,0,0.0,-2.795880017344075,1.1938200260161127,0,0.0,-2.795880017344075,1.1938200260161127,3,1.0,-1.6020599913279625,2.220446049250313e-16
hard_ood_40pct,90,target_mean_greedy,31.0,0,0.0,-4.91721462968355,3.3151546383555877,0,0.0,-2.744727494896694,1.1426675035687317,0,0.0,-2.744727494896694,1.1426675035687317,3,1.0,-1.6020599913279625,2.220446049250313e-16
hard_ood_40pct,90,composition_novelty,91.0,1,0.3333333333333333,-2.7166987712964503,1.114638779968488,1,0.3333333333333333,-2.7166987712964503,1.114638779968488,3,1.0,-1.6020599913279625,2.220446049250313e-16,3,1.0,-1.6020599913279625,2.220446049250313e-16
hard_ood_40pct,90,thermoelectric_prior_static,85.0,1,0.3333333333333333,-2.7166987712964503,1.114638779968488,1,0.3333333333333333,-2.7166987712964503,1.114638779968488,2,0.6666666666666666,-2.690369832574101,1.0883098412461385,3,1.0,-1.6020599913279625,2.220446049250313e-16
hard_ood_40pct,90,target_source_rank_fusion,66.0,0,0.0,-4.1249387366083,2.5228787452803374,0,0.0,-4.1249387366083,2.5228787452803374,2,0.6666666666666666,-2.690369832574101,1.0883098412461385,3,1.0,-1.6020599913279625,2.220446049250313e-16
hard_ood_40pct,90,target_source_novelty_rank_fusion,78.0,0,0.0,-4.1249387366083,2.5228787452803374,2,0.6666666666666666,-2.690369832574101,1.0883098412461385,2,0.6666666666666666,-2.690369832574101,1.0883098412461385,3,1.0,-1.6020599913279625,2.220446049250313e-16
hard_ood_40pct,90,alloy_prior_static_control,42.0,0,0.0,-2.744727494896694,1.1426675035687317,0,0.0,-2.744727494896694,1.1426675035687317,1,0.3333333333333333,-2.7166987712964503,1.114638779968488,3,1.0,-1.6020599913279625,2.220446049250313e-16
hard_ood_40pct,90,catalysis_prior_static_control,58.0,1,0.3333333333333333,-2.7166987712964503,1.114638779968488,1,0.3333333333333333,-2.7166987712964503,1.114638779968488,2,0.6666666666666666,-1.6020599913279625,2.220446049250313e-16,2,0.6666666666666666,-1.6020599913279625,2.220446049250313e-16
hard_ood_40pct,90,shuffled_thermoelectric_static_control,47.0,0,0.0,-6.022276394711152,4.42021640338319,1,0.3333333333333333,-2.7166987712964503,1.114638779968488,1,0.3333333333333333,-2.7166987712964503,1.114638779968488,2,0.6666666666666666,-1.6020599913279625,2.220446049250313e-16
hard_ood_40pct,91,uniform_random,51.0,0,0.0,-4.443697499232712,2.84163750790475,1,0.3333333333333333,-2.690369832574101,1.0883098412461385,1,0.3333333333333333,-2.690369832574101,1.0883098412461385,3,1.0,-1.6020599913279625,2.220446049250313e-16
hard_ood_40pct,91,target_ucb_beta1,90.0,0,0.0,-4.443697499232712,2.84163750790475,2,0.6666666666666666,-2.690369832574101,1.0883098412461385,3,1.0,-1.6020599913279625,2.220446049250313e-16,3,1.0,-1.6020599913279625,2.220446049250313e-16
hard_ood_40pct,91,target_mean_greedy,95.0,2,0.6666666666666666,-2.690369832574101,1.0883098412461385,2,0.6666666666666666,-2.690369832574101,1.0883098412461385,2,0.6666666666666666,-2.690369832574101,1.0883098412461385,3,1.0,-1.6020599913279625,2.220446049250313e-16
hard_ood_40pct,91,composition_novelty,79.0,1,0.3333333333333333,-2.7166987712964503,1.114638779968488,1,0.3333333333333333,-2.7166987712964503,1.114638779968488,2,0.6666666666666666,-2.690369832574101,1.0883098412461385,3,1.0,-1.6020599913279625,2.220446049250313e-16
hard_ood_40pct,91,thermoelectric_prior_static,85.0,1,0.3333333333333333,-2.7166987712964503,1.114638779968488,1,0.3333333333333333,-2.7166987712964503,1.114638779968488,2,0.6666666666666666,-2.690369832574101,1.0883098412461385,3,1.0,-1.6020599913279625,2.220446049250313e-16
hard_ood_40pct,91,target_source_rank_fusion,88.0,1,0.3333333333333333,-2.7166987712964503,1.114638779968488,2,0.6666666666666666,-2.690369832574101,1.0883098412461385,2,0.6666666666666666,-2.690369832574101,1.0883098412461385,3,1.0,-1.6020599913279625,2.220446049250313e-16
hard_ood_40pct,91,target_source_novelty_rank_fusion,88.0,1,0.3333333333333333,-2.7166987712964503,1.114638779968488,2,0.6666666666666666,-2.690369832574101,1.0883098412461385,2,0.6666666666666666,-2.690369832574101,1.0883098412461385,3,1.0,-1.6020599913279625,2.220446049250313e-16
hard_ood_40pct,91,alloy_prior_static_control,42.0,0,0.0,-2.744727494896694,1.1426675035687317,0,0.0,-2.744727494896694,1.1426675035687317,1,0.3333333333333333,-2.7166987712964503,1.114638779968488,3,1.0,-1.6020599913279625,2.220446049250313e-16
hard_ood_40pct,91,catalysis_prior_static_control,58.0,1,0.3333333333333333,-2.7166987712964503,1.114638779968488,1,0.3333333333333333,-2.7166987712964503,1.114638779968488,2,0.6666666666666666,-1.6020599913279625,2.220446049250313e-16,2,0.6666666666666666,-1.6020599913279625,2.220446049250313e-16
hard_ood_40pct,91,shuffled_thermoelectric_static_control,47.0,0,0.0,-6.022276394711152,4.42021640338319,1,0.3333333333333333,-2.7166987712964503,1.114638779968488,1,0.3333333333333333,-2.7166987712964503,1.114638779968488,2,0.6666666666666666,-1.6020599913279625,2.220446049250313e-16
hard_ood_40pct,92,uniform_random,64.0,1,0.3333333333333333,-2.7166987712964503,1.114638779968488,1,0.3333333333333333,-2.7166987712964503,1.114638779968488,1,0.3333333333333333,-2.7166987712964503,1.114638779968488,3,1.0,-1.6020599913279625,2.220446049250313e-16
hard_ood_40pct,92,target_ucb_beta1,74.0,0,0.0,-2.744727494896694,1.1426675035687317,0,0.0,-2.744727494896694,1.1426675035687317,3,1.0,-1.6020599913279625,2.220446049250313e-16,3,1.0,-1.6020599913279625,2.220446049250313e-16
hard_ood_40pct,92,target_mean_greedy,68.0,0,0.0,-2.744727494896694,1.1426675035687317,0,0.0,-2.744727494896694,1.1426675035687317,3,1.0,-1.6020599913279625,2.220446049250313e-16,3,1.0,-1.6020599913279625,2.220446049250313e-16
hard_ood_40pct,92,composition_novelty,79.0,1,0.3333333333333333,-2.7166987712964503,1.114638779968488,1,0.3333333333333333,-2.7166987712964503,1.114638779968488,2,0.6666666666666666,-2.690369832574101,1.0883098412461385,3,1.0,-1.6020599913279625,2.220446049250313e-16
hard_ood_40pct,92,thermoelectric_prior_static,85.0,1,0.3333333333333333,-2.7166987712964503,1.114638779968488,1,0.3333333333333333,-2.7166987712964503,1.114638779968488,2,0.6666666666666666,-2.690369832574101,1.0883098412461385,3,1.0,-1.6020599913279625,2.220446049250313e-16
hard_ood_40pct,92,target_source_rank_fusion,76.0,0,0.0,-4.1249387366083,2.5228787452803374,0,0.0,-2.744727494896694,1.1426675035687317,3,1.0,-1.6020599913279625,2.220446049250313e-16,3,1.0,-1.6020599913279625,2.220446049250313e-16
hard_ood_40pct,92,target_source_novelty_rank_fusion,83.0,0,0.0,-4.1249387366083,2.5228787452803374,1,0.3333333333333333,-2.7166987712964503,1.114638779968488,2,0.6666666666666666,-2.690369832574101,1.0883098412461385,3,1.0,-1.6020599913279625,2.220446049250313e-16
hard_ood_40pct,92,alloy_prior_static_control,42.0,0,0.0,-2.744727494896694,1.1426675035687317,0,0.0,-2.744727494896694,1.1426675035687317,1,0.3333333333333333,-2.7166987712964503,1.114638779968488,3,1.0,-1.6020599913279625,2.220446049250313e-16
hard_ood_40pct,92,catalysis_prior_static_control,58.0,1,0.3333333333333333,-2.7166987712964503,1.114638779968488,1,0.3333333333333333,-2.7166987712964503,1.114638779968488,2,0.6666666666666666,-1.6020599913279625,2.220446049250313e-16,2,0.6666666666666666,-1.6020599913279625,2.220446049250313e-16
hard_ood_40pct,92,shuffled_thermoelectric_static_control,47.0,0,0.0,-6.022276394711152,4.42021640338319,1,0.3333333333333333,-2.7166987712964503,1.114638779968488,1,0.3333333333333333,-2.7166987712964503,1.114638779968488,2,0.6666666666666666,-1.6020599913279625,2.220446049250313e-16
hard_ood_40pct,93,uniform_random,84.0,1,0.3333333333333333,-2.7166987712964503,1.114638779968488,1,0.3333333333333333,-2.7166987712964503,1.114638779968488,2,0.6666666666666666,-2.690369832574101,1.0883098412461385,3,1.0,-1.6020599913279625,2.220446049250313e-16
hard_ood_40pct,93,target_ucb_beta1,53.0,0,0.0,-2.744727494896694,1.1426675035687317,0,0.0,-2.744727494896694,1.1426675035687317,0,0.0,-2.744727494896694,1.1426675035687317,3,1.0,-1.6020599913279625,2.220446049250313e-16
hard_ood_40pct,93,target_mean_greedy,51.0,0,0.0,-3.958607314841775,2.356547323513813,0,0.0,-2.744727494896694,1.1426675035687317,0,0.0,-2.744727494896694,1.1426675035687317,3,1.0,-1.6020599913279625,2.220446049250313e-16
hard_ood_40pct,93,composition_novelty,80.0,0,0.0,-2.744727494896694,1.1426675035687317,1,0.3333333333333333,-2.7166987712964503,1.114638779968488,3,1.0,-1.6020599913279625,2.220446049250313e-16,3,1.0,-1.6020599913279625,2.220446049250313e-16
hard_ood_40pct,93,thermoelectric_prior_static,85.0,1,0.3333333333333333,-2.7166987712964503,1.114638779968488,1,0.3333333333333333,-2.7166987712964503,1.114638779968488,2,0.6666666666666666,-2.690369832574101,1.0883098412461385,3,1.0,-1.6020599913279625,2.220446049250313e-16
hard_ood_40pct,93,target_source_rank_fusion,69.0,0,0.0,-4.1249387366083,2.5228787452803374,1,0.3333333333333333,-2.7166987712964503,1.114638779968488,1,0.3333333333333333,-2.7166987712964503,1.114638779968488,3,1.0,-1.6020599913279625,2.220446049250313e-16
hard_ood_40pct,93,target_source_novelty_rank_fusion,79.0,0,0.0,-4.443697499232712,2.84163750790475,1,0.3333333333333333,-2.7166987712964503,1.114638779968488,2,0.6666666666666666,-2.690369832574101,1.0883098412461385,3,1.0,-1.6020599913279625,2.220446049250313e-16
hard_ood_40pct,93,alloy_prior_static_control,42.0,0,0.0,-2.744727494896694,1.1426675035687317,0,0.0,-2.744727494896694,1.1426675035687317,1,0.3333333333333333,-2.7166987712964503,1.114638779968488,3,1.0,-1.6020599913279625,2.220446049250313e-16
hard_ood_40pct,93,catalysis_prior_static_control,58.0,1,0.3333333333333333,-2.7166987712964503,1.114638779968488,1,0.3333333333333333,-2.7166987712964503,1.114638779968488,2,0.6666666666666666,-1.6020599913279625,2.220446049250313e-16,2,0.6666666666666666,-1.6020599913279625,2.220446049250313e-16
hard_ood_40pct,93,shuffled_thermoelectric_static_control,47.0,0,0.0,-6.022276394711152,4.42021640338319,1,0.3333333333333333,-2.7166987712964503,1.114638779968488,1,0.3333333333333333,-2.7166987712964503,1.114638779968488,2,0.6666666666666666,-1.6020599913279625,2.220446049250313e-16
hard_ood_40pct,94,uniform_random,43.0,0,0.0,-5.399027104313252,3.796967112985289,0,0.0,-2.744727494896694,1.1426675035687317,1,0.3333333333333333,-2.690369832574101,1.0883098412461385,3,1.0,-1.6020599913279625,2.220446049250313e-16
hard_ood_40pct,94,target_ucb_beta1,84.0,0,0.0,-3.886056647693163,2.2839966563652006,2,0.6666666666666666,-2.690369832574101,1.0883098412461385,2,0.6666666666666666,-2.690369832574101,1.0883098412461385,3,1.0,-1.6020599913279625,2.220446049250313e-16
hard_ood_40pct,94,target_mean_greedy,82.0,0,0.0,-4.1249387366083,2.5228787452803374,2,0.6666666666666666,-2.690369832574101,1.0883098412461385,2,0.6666666666666666,-2.690369832574101,1.0883098412461385,3,1.0,-1.6020599913279625,2.220446049250313e-16
hard_ood_40pct,94,composition_novelty,95.0,1,0.3333333333333333,-2.7166987712964503,1.114638779968488,1,0.3333333333333333,-2.7166987712964503,1.114638779968488,3,1.0,-1.6020599913279625,2.220446049250313e-16,3,1.0,-1.6020599913279625,2.220446049250313e-16
hard_ood_40pct,94,thermoelectric_prior_static,85.0,1,0.3333333333333333,-2.7166987712964503,1.114638779968488,1,0.3333333333333333,-2.7166987712964503,1.114638779968488,2,0.6666666666666666,-2.690369832574101,1.0883098412461385,3,1.0,-1.6020599913279625,2.220446049250313e-16
hard_ood_40pct,94,target_source_rank_fusion,81.0,0,0.0,-4.443697499232712,2.84163750790475,2,0.6666666666666666,-2.690369832574101,1.0883098412461385,2,0.6666666666666666,-2.690369832574101,1.0883098412461385,3,1.0,-1.6020599913279625,2.220446049250313e-16
hard_ood_40pct,94,target_source_novelty_rank_fusion,90.0,1,0.3333333333333333,-2.7166987712964503,1.114638779968488,2,0.6666666666666666,-2.690369832574101,1.0883098412461385,2,0.6666666666666666,-2.690369832574101,1.0883098412461385,3,1.0,-1.6020599913279625,2.220446049250313e-16
hard_ood_40pct,94,alloy_prior_static_control,42.0,0,0.0,-2.744727494896694,1.1426675035687317,0,0.0,-2.744727494896694,1.1426675035687317,1,0.3333333333333333,-2.7166987712964503,1.114638779968488,3,1.0,-1.6020599913279625,2.220446049250313e-16
hard_ood_40pct,94,catalysis_prior_static_control,58.0,1,0.3333333333333333,-2.7166987712964503,1.114638779968488,1,0.3333333333333333,-2.7166987712964503,1.114638779968488,2,0.6666666666666666,-1.6020599913279625,2.220446049250313e-16,2,0.6666666666666666,-1.6020599913279625,2.220446049250313e-16
hard_ood_40pct,94,shuffled_thermoelectric_static_control,47.0,0,0.0,-6.022276394711152,4.42021640338319,1,0.3333333333333333,-2.7166987712964503,1.114638779968488,1,0.3333333333333333,-2.7166987712964503,1.114638779968488,2,0.6666666666666666,-1.6020599913279625,2.220446049250313e-16
hard_ood_40pct,95,uniform_random,30.0,0,0.0,-4.954677021213342,3.35261702988538,0,0.0,-4.443697499232712,2.84163750790475,0,0.0,-2.795880017344075,1.1938200260161127,2,0.6666666666666666,-1.6020599913279625,2.220446049250313e-16
hard_ood_40pct,95,target_ucb_beta1,23.0,0,0.0,-2.744727494896694,1.1426675035687317,0,0.0,-2.744727494896694,1.1426675035687317,0,0.0,-2.744727494896694,1.1426675035687317,3,1.0,-1.6020599913279625,2.220446049250313e-16
hard_ood_40pct,95,target_mean_greedy,27.0,0,0.0,-4.552841968657781,2.950781977329818,0,0.0,-4.1249387366083,2.5228787452803374,0,0.0,-2.744727494896694,1.1426675035687317,3,1.0,-1.6020599913279625,2.220446049250313e-16
hard_ood_40pct,95,composition_novelty,89.0,0,0.0,-2.795880017344075,1.1938200260161127,1,0.3333333333333333,-2.7166987712964503,1.114638779968488,3,1.0,-1.6020599913279625,2.220446049250313e-16,3,1.0,-1.6020599913279625,2.220446049250313e-16
hard_ood_40pct,95,thermoelectric_prior_static,85.0,1,0.3333333333333333,-2.7166987712964503,1.114638779968488,1,0.3333333333333333,-2.7166987712964503,1.114638779968488,2,0.6666666666666666,-2.690369832574101,1.0883098412461385,3,1.0,-1.6020599913279625,2.220446049250313e-16
hard_ood_40pct,95,target_source_rank_fusion,53.0,0,0.0,-4.552841968657781,2.950781977329818,0,0.0,-2.744727494896694,1.1426675035687317,2,0.6666666666666666,-2.690369832574101,1.0883098412461385,3,1.0,-1.6020599913279625,2.220446049250313e-16
hard_ood_40pct,95,target_source_novelty_rank_fusion,67.0,0,0.0,-4.1249387366083,2.5228787452803374,0,0.0,-2.795880017344075,1.1938200260161127,2,0.6666666666666666,-2.690369832574101,1.0883098412461385,3,1.0,-1.6020599913279625,2.220446049250313e-16
hard_ood_40pct,95,alloy_prior_static_control,42.0,0,0.0,-2.744727494896694,1.1426675035687317,0,0.0,-2.744727494896694,1.1426675035687317,1,0.3333333333333333,-2.7166987712964503,1.114638779968488,3,1.0,-1.6020599913279625,2.220446049250313e-16
hard_ood_40pct,95,catalysis_prior_static_control,58.0,1,0.3333333333333333,-2.7166987712964503,1.114638779968488,1,0.3333333333333333,-2.7166987712964503,1.114638779968488,2,0.6666666666666666,-1.6020599913279625,2.220446049250313e-16,2,0.6666666666666666,-1.6020599913279625,2.220446049250313e-16
hard_ood_40pct,95,shuffled_thermoelectric_static_control,47.0,0,0.0,-6.022276394711152,4.42021640338319,1,0.3333333333333333,-2.7166987712964503,1.114638779968488,1,0.3333333333333333,-2.7166987712964503,1.114638779968488,2,0.6666666666666666,-1.6020599913279625,2.220446049250313e-16
hard_ood_40pct,96,uniform_random,62.0,1,0.3333333333333333,-2.690369832574101,1.0883098412461385,1,0.3333333333333333,-2.690369832574101,1.0883098412461385,2,0.6666666666666666,-2.690369832574101,1.0883098412461385,2,0.6666666666666666,-2.690369832574101,1.0883098412461385
hard_ood_40pct,96,target_ucb_beta1,19.0,0,0.0,-4.1249387366083,2.5228787452803374,0,0.0,-3.886056647693163,2.2839966563652006,0,0.0,-2.744727494896694,1.1426675035687317,3,1.0,-1.6020599913279625,2.220446049250313e-16
hard_ood_40pct,96,target_mean_greedy,26.0,0,0.0,-2.744727494896694,1.1426675035687317,0,0.0,-2.744727494896694,1.1426675035687317,0,0.0,-2.744727494896694,1.1426675035687317,3,1.0,-1.6020599913279625,2.220446049250313e-16
hard_ood_40pct,96,composition_novelty,80.0,1,0.3333333333333333,-2.7166987712964503,1.114638779968488,1,0.3333333333333333,-2.7166987712964503,1.114638779968488,2,0.6666666666666666,-2.690369832574101,1.0883098412461385,3,1.0,-1.6020599913279625,2.220446049250313e-16
hard_ood_40pct,96,thermoelectric_prior_static,85.0,1,0.3333333333333333,-2.7166987712964503,1.114638779968488,1,0.3333333333333333,-2.7166987712964503,1.114638779968488,2,0.6666666666666666,-2.690369832574101,1.0883098412461385,3,1.0,-1.6020599913279625,2.220446049250313e-16
hard_ood_40pct,96,target_source_rank_fusion,54.0,0,0.0,-4.1249387366083,2.5228787452803374,0,0.0,-2.744727494896694,1.1426675035687317,1,0.3333333333333333,-2.7166987712964503,1.114638779968488,3,1.0,-1.6020599913279625,2.220446049250313e-16
hard_ood_40pct,96,target_source_novelty_rank_fusion,77.0,0,0.0,-4.1249387366083,2.5228787452803374,2,0.6666666666666666,-2.690369832574101,1.0883098412461385,2,0.6666666666666666,-2.690369832574101,1.0883098412461385,3,1.0,-1.6020599913279625,2.220446049250313e-16
hard_ood_40pct,96,alloy_prior_static_control,42.0,0,0.0,-2.744727494896694,1.1426675035687317,0,0.0,-2.744727494896694,1.1426675035687317,1,0.3333333333333333,-2.7166987712964503,1.114638779968488,3,1.0,-1.6020599913279625,2.220446049250313e-16
hard_ood_40pct,96,catalysis_prior_static_control,58.0,1,0.3333333333333333,-2.7166987712964503,1.114638779968488,1,0.3333333333333333,-2.7166987712964503,1.114638779968488,2,0.6666666666666666,-1.6020599913279625,2.220446049250313e-16,2,0.6666666666666666,-1.6020599913279625,2.220446049250313e-16
hard_ood_40pct,96,shuffled_thermoelectric_static_control,47.0,0,0.0,-6.022276394711152,4.42021640338319,1,0.3333333333333333,-2.7166987712964503,1.114638779968488,1,0.3333333333333333,-2.7166987712964503,1.114638779968488,2,0.6666666666666666,-1.6020599913279625,2.220446049250313e-16
hard_ood_40pct,97,uniform_random,26.0,0,0.0,-4.552841968657781,2.950781977329818,0,0.0,-4.552841968657781,2.950781977329818,0,0.0,-4.443697499232712,2.84163750790475,2,0.6666666666666666,-2.690369832574101,1.0883098412461385
hard_ood_40pct,97,target_ucb_beta1,86.0,0,0.0,-4.782516055786093,3.180456064458131,0,0.0,-2.744727494896694,1.1426675035687317,3,1.0,-1.6020599913279625,2.220446049250313e-16,3,1.0,-1.6020599913279625,2.220446049250313e-16
hard_ood_40pct,97,target_mean_greedy,54.0,0,0.0,-3.886056647693163,2.2839966563652006,0,0.0,-2.744727494896694,1.1426675035687317,0,0.0,-2.744727494896694,1.1426675035687317,3,1.0,-1.6020599913279625,2.220446049250313e-16
hard_ood_40pct,97,composition_novelty,74.0,0,0.0,-3.886056647693163,2.2839966563652006,1,0.3333333333333333,-2.7166987712964503,1.114638779968488,2,0.6666666666666666,-2.690369832574101,1.0883098412461385,3,1.0,-1.6020599913279625,2.220446049250313e-16
hard_ood_40pct,97,thermoelectric_prior_static,85.0,1,0.3333333333333333,-2.7166987712964503,1.114638779968488,1,0.3333333333333333,-2.7166987712964503,1.114638779968488,2,0.6666666666666666,-2.690369832574101,1.0883098412461385,3,1.0,-1.6020599913279625,2.220446049250313e-16
hard_ood_40pct,97,target_source_rank_fusion,67.0,0,0.0,-4.1249387366083,2.5228787452803374,0,0.0,-2.744727494896694,1.1426675035687317,2,0.6666666666666666,-2.690369832574101,1.0883098412461385,3,1.0,-1.6020599913279625,2.220446049250313e-16
hard_ood_40pct,97,target_source_novelty_rank_fusion,84.0,0,0.0,-3.886056647693163,2.2839966563652006,2,0.6666666666666666,-2.690369832574101,1.0883098412461385,3,1.0,-1.6020599913279625,2.220446049250313e-16,3,1.0,-1.6020599913279625,2.220446049250313e-16
hard_ood_40pct,97,alloy_prior_static_control,42.0,0,0.0,-2.744727494896694,1.1426675035687317,0,0.0,-2.744727494896694,1.1426675035687317,1,0.3333333333333333,-2.7166987712964503,1.114638779968488,3,1.0,-1.6020599913279625,2.220446049250313e-16
hard_ood_40pct,97,catalysis_prior_static_control,58.0,1,0.3333333333333333,-2.7166987712964503,1.114638779968488,1,0.3333333333333333,-2.7166987712964503,1.114638779968488,2,0.6666666666666666,-1.6020599913279625,2.220446049250313e-16,2,0.6666666666666666,-1.6020599913279625,2.220446049250313e-16
hard_ood_40pct,97,shuffled_thermoelectric_static_control,47.0,0,0.0,-6.022276394711152,4.42021640338319,1,0.3333333333333333,-2.7166987712964503,1.114638779968488,1,0.3333333333333333,-2.7166987712964503,1.114638779968488,2,0.6666666666666666,-1.6020599913279625,2.220446049250313e-16
hard_ood_40pct,98,uniform_random,72.0,0,0.0,-2.795880017344075,1.1938200260161127,1,0.3333333333333333,-1.6020599913279625,2.220446049250313e-16,2,0.6666666666666666,-1.6020599913279625,2.220446049250313e-16,3,1.0,-1.6020599913279625,2.220446049250313e-16
hard_ood_40pct,98,target_ucb_beta1,110.0,2,0.6666666666666666,-2.690369832574101,1.0883098412461385,3,1.0,-1.6020599913279625,2.220446049250313e-16,3,1.0,-1.6020599913279625,2.220446049250313e-16,3,1.0,-1.6020599913279625,2.220446049250313e-16
hard_ood_40pct,98,target_mean_greedy,95.0,2,0.6666666666666666,-2.690369832574101,1.0883098412461385,2,0.6666666666666666,-2.690369832574101,1.0883098412461385,2,0.6666666666666666,-2.690369832574101,1.0883098412461385,3,1.0,-1.6020599913279625,2.220446049250313e-16
hard_ood_40pct,98,composition_novelty,94.0,1,0.3333333333333333,-2.7166987712964503,1.114638779968488,2,0.6666666666666666,-2.690369832574101,1.0883098412461385,3,1.0,-1.6020599913279625,2.220446049250313e-16,3,1.0,-1.6020599913279625,2.220446049250313e-16
hard_ood_40pct,98,thermoelectric_prior_static,85.0,1,0.3333333333333333,-2.7166987712964503,1.114638779968488,1,0.3333333333333333,-2.7166987712964503,1.114638779968488,2,0.6666666666666666,-2.690369832574101,1.0883098412461385,3,1.0,-1.6020599913279625,2.220446049250313e-16
hard_ood_40pct,98,target_source_rank_fusion,87.0,1,0.3333333333333333,-2.7166987712964503,1.114638779968488,2,0.6666666666666666,-2.690369832574101,1.0883098412461385,2,0.6666666666666666,-2.690369832574101,1.0883098412461385,3,1.0,-1.6020599913279625,2.220446049250313e-16
hard_ood_40pct,98,target_source_novelty_rank_fusion,99.0,2,0.6666666666666666,-2.690369832574101,1.0883098412461385,2,0.6666666666666666,-2.690369832574101,1.0883098412461385,3,1.0,-1.6020599913279625,2.220446049250313e-16,3,1.0,-1.6020599913279625,2.220446049250313e-16
hard_ood_40pct,98,alloy_prior_static_control,42.0,0,0.0,-2.744727494896694,1.1426675035687317,0,0.0,-2.744727494896694,1.1426675035687317,1,0.3333333333333333,-2.7166987712964503,1.114638779968488,3,1.0,-1.6020599913279625,2.220446049250313e-16
hard_ood_40pct,98,catalysis_prior_static_control,58.0,1,0.3333333333333333,-2.7166987712964503,1.114638779968488,1,0.3333333333333333,-2.7166987712964503,1.114638779968488,2,0.6666666666666666,-1.6020599913279625,2.220446049250313e-16,2,0.6666666666666666,-1.6020599913279625,2.220446049250313e-16
hard_ood_40pct,98,shuffled_thermoelectric_static_control,47.0,0,0.0,-6.022276394711152,4.42021640338319,1,0.3333333333333333,-2.7166987712964503,1.114638779968488,1,0.3333333333333333,-2.7166987712964503,1.114638779968488,2,0.6666666666666666,-1.6020599913279625,2.220446049250313e-16
hard_ood_40pct,99,uniform_random,72.0,0,0.0,-4.443697499232712,2.84163750790475,1,0.3333333333333333,-2.690369832574101,1.0883098412461385,2,0.6666666666666666,-2.690369832574101,1.0883098412461385,3,1.0,-1.6020599913279625,2.220446049250313e-16
hard_ood_40pct,99,target_ucb_beta1,23.0,0,0.0,-2.744727494896694,1.1426675035687317,0,0.0,-2.744727494896694,1.1426675035687317,0,0.0,-2.744727494896694,1.1426675035687317,3,1.0,-1.6020599913279625,2.220446049250313e-16
hard_ood_40pct,99,target_mean_greedy,27.0,0,0.0,-3.958607314841775,2.356547323513813,0,0.0,-2.744727494896694,1.1426675035687317,0,0.0,-2.744727494896694,1.1426675035687317,3,1.0,-1.6020599913279625,2.220446049250313e-16
hard_ood_40pct,99,composition_novelty,79.0,1,0.3333333333333333,-2.7166987712964503,1.114638779968488,1,0.3333333333333333,-2.7166987712964503,1.114638779968488,2,0.6666666666666666,-2.690369832574101,1.0883098412461385,3,1.0,-1.6020599913279625,2.220446049250313e-16
hard_ood_40pct,99,thermoelectric_prior_static,85.0,1,0.3333333333333333,-2.7166987712964503,1.114638779968488,1,0.3333333333333333,-2.7166987712964503,1.114638779968488,2,0.6666666666666666,-2.690369832574101,1.0883098412461385,3,1.0,-1.6020599913279625,2.220446049250313e-16
hard_ood_40pct,99,target_source_rank_fusion,44.0,0,0.0,-2.744727494896694,1.1426675035687317,0,0.0,-2.744727494896694,1.1426675035687317,0,0.0,-2.744727494896694,1.1426675035687317,3,1.0,-1.6020599913279625,2.220446049250313e-16
hard_ood_40pct,99,target_source_novelty_rank_fusion,66.0,0,0.0,-4.1249387366083,2.5228787452803374,0,0.0,-2.744727494896694,1.1426675035687317,2,0.6666666666666666,-2.690369832574101,1.0883098412461385,3,1.0,-1.6020599913279625,2.220446049250313e-16
hard_ood_40pct,99,alloy_prior_static_control,42.0,0,0.0,-2.744727494896694,1.1426675035687317,0,0.0,-2.744727494896694,1.1426675035687317,1,0.3333333333333333,-2.7166987712964503,1.114638779968488,3,1.0,-1.6020599913279625,2.220446049250313e-16
hard_ood_40pct,99,catalysis_prior_static_control,58.0,1,0.3333333333333333,-2.7166987712964503,1.114638779968488,1,0.3333333333333333,-2.7166987712964503,1.114638779968488,2,0.6666666666666666,-1.6020599913279625,2.220446049250313e-16,2,0.6666666666666666,-1.6020599913279625,2.220446049250313e-16
hard_ood_40pct,99,shuffled_thermoelectric_static_control,47.0,0,0.0,-6.022276394711152,4.42021640338319,1,0.3333333333333333,-2.7166987712964503,1.114638779968488,1,0.3333333333333333,-2.7166987712964503,1.114638779968488,2,0.6666666666666666,-1.6020599913279625,2.220446049250313e-16
