repeat,requested_budget,budget,learner,error_distance_spearman,distance_mean,distance_q25,distance_q75
0,15,15,extra-trees-primary,0.4723801366003201,9.64276938540645,1.836191670356996,11.163256604236212
1,15,15,extra-trees-primary,0.20084755314113112,10.392419108752456,4.051054430815207,11.36517287578575
2,15,15,extra-trees-primary,-0.4622816310889706,11.507034829889692,6.137941758370268,11.802972674942994
3,15,15,extra-trees-primary,0.3318576291053355,10.200535939109518,4.006612958349452,11.256258497981948
4,15,15,extra-trees-primary,-0.3209386200211888,11.651739768623179,6.465615399980537,11.737494853996282
5,15,15,extra-trees-primary,-0.1275976097147477,10.529842739756848,3.592689342416646,11.533316307168512
6,15,15,extra-trees-primary,0.011067781709983545,10.089024179364525,3.897207858307002,10.863714474178797
7,15,15,extra-trees-primary,0.19802538151162005,10.688444478948856,4.9128971114102775,11.083056890099456
8,15,15,extra-trees-primary,0.37486644275635106,9.992975386304327,1.954127229482515,10.808801391505
9,15,15,extra-trees-primary,0.36080968374546357,10.17235446310543,2.1102419700217507,11.128697182988404
10,15,15,extra-trees-primary,0.0473999670897381,10.88455625937753,5.450439931648318,8.624177975791202
11,15,15,extra-trees-primary,0.40001893474153144,10.556931518289558,2.4134574959070596,11.21892793196368
12,15,15,extra-trees-primary,-0.23648085115975026,11.468398870827455,6.035229832573855,11.354188755549842
13,15,15,extra-trees-primary,0.37922142325812047,10.91215990829611,5.361033899068154,11.345102694488425
14,15,15,extra-trees-primary,0.4640578860762347,10.408677705320205,4.5416912315364595,10.979095013590037
15,15,15,extra-trees-primary,0.21624777404593917,10.68674284469148,4.117412391027293,11.591424771753914
16,15,15,extra-trees-primary,0.23955548542704505,10.72752730361891,4.756998421212377,11.161222830055536
17,15,15,extra-trees-primary,0.35398046566026786,10.611404490508837,4.507278058431882,11.088195497218907
18,15,15,extra-trees-primary,0.03817144918062349,9.154826368324066,2.0780563431752297,9.096728811254989
19,15,15,extra-trees-primary,0.02544011901810067,9.89502586383187,3.150106778916369,9.788987291568162
20,15,15,extra-trees-primary,0.14739760611320246,11.335703847510644,5.542674040614852,11.466835736764178
21,15,15,extra-trees-primary,0.31686315172553703,9.462576869261142,1.7987011701862659,9.93533144507212
22,15,15,extra-trees-primary,-0.2945202082816762,10.000289772672687,4.154049568374095,7.7499332009661375
23,15,15,extra-trees-primary,0.5029517907994447,9.887509167064724,2.1102419700217507,10.856429038412061
24,15,15,extra-trees-primary,0.3023104839618601,10.59882006610473,4.689353598471524,10.082911031409717
25,15,15,extra-trees-primary,0.06642923156684624,9.471545954865615,3.1218888826838054,9.76864612086106
26,15,15,extra-trees-primary,0.16441178459527084,9.727389633764396,1.770741408765956,11.136732305645745
27,15,15,extra-trees-primary,-0.2506908910578635,11.669167774447457,5.277914691197411,11.796667978483175
28,15,15,extra-trees-primary,-0.4331041633793927,11.857132305070882,6.537904522819343,11.699147407615785
29,15,15,extra-trees-primary,-0.2998309401979126,10.92924646487746,5.644961864950337,9.363516383161631
30,15,15,extra-trees-primary,0.12562270360435498,10.002055087560327,3.8741652333906096,10.863714474178797
31,15,15,extra-trees-primary,0.3732434686563127,10.608405122366028,4.868147978868139,10.976203795536401
32,15,15,extra-trees-primary,0.15965106056849174,10.377281007490529,4.052809631341902,11.123195040243232
33,15,15,extra-trees-primary,-0.31098437887428715,10.73653860293282,5.355077588352968,10.73896376236856
34,15,15,extra-trees-primary,0.01559407614453486,10.567028074457992,4.713944670258702,11.083056890099456
35,15,15,extra-trees-primary,0.07239382456981307,10.042531860009616,3.881291264254859,11.119923493160293
36,15,15,extra-trees-primary,-0.1536779606386715,10.229210161555024,3.770216107296864,10.864929355303905
37,15,15,extra-trees-primary,-0.48460654148727544,11.00845140131598,4.921724469967668,11.48684370393584
38,15,15,extra-trees-primary,-0.09792394563036765,10.96322950316298,4.992601525326391,10.785320871404508
39,15,15,extra-trees-primary,0.07105470775195546,10.581252177961497,5.33330923579901,10.924210799229803
40,15,15,extra-trees-primary,0.005297207132069518,10.3335411430382,4.130982148860211,11.230656851852178
41,15,15,extra-trees-primary,0.07683429885264746,10.390602300477154,4.342445129825043,9.24213939454516
42,15,15,extra-trees-primary,-0.23852760183035412,10.476003885986442,4.86902004486207,10.67396061153137
43,15,15,extra-trees-primary,0.4049726123120619,10.518338439890769,4.410520051918948,10.335843552419401
44,15,15,extra-trees-primary,0.07728512499154701,10.905881216695716,4.829288292160401,11.841600038487123
45,15,15,extra-trees-primary,-0.1576133264206659,11.497720231953878,5.693780222748994,11.29984562314896
46,15,15,extra-trees-primary,0.14459346752924734,10.079209046457262,2.153257540471146,11.207306840591214
47,15,15,extra-trees-primary,0.14128440366972478,9.42282749077231,2.37666992596631,10.39828787854363
48,15,15,extra-trees-primary,0.03949687802898812,10.413126668444528,4.066132645658151,11.354188755549842
49,15,15,extra-trees-primary,-0.06643824808962423,10.59158246049426,4.537799247075053,11.216017284525671
50,15,15,extra-trees-primary,0.1288866848499876,10.61088324592557,4.8123790424282396,11.126411746568575
51,15,15,extra-trees-primary,0.3284456155940441,10.744712076790881,2.416367411066333,11.283018614976674
52,15,15,extra-trees-primary,-0.1909834772220093,11.723430733202367,5.929903838746592,11.410777269802974
53,15,15,extra-trees-primary,0.08521966503617878,10.182508890649643,3.804165400640044,11.218833473574083
54,15,15,extra-trees-primary,-0.19011789103532223,11.30449110592799,6.465615399980537,11.562516114529858
55,15,15,extra-trees-primary,0.2526655095462435,10.15899944486884,3.9500038009944203,11.235075832887613
56,15,15,extra-trees-primary,-0.14719957441953954,10.653310732329802,5.659659631264681,8.190136998425782
57,15,15,extra-trees-primary,0.504325676802741,10.435512097049935,4.3881381872714975,11.277802533810583
58,15,15,extra-trees-primary,0.23597592588418276,10.160710267343942,4.20788610694243,9.79928121919173
59,15,15,extra-trees-primary,-0.21715844284651623,9.930448639320336,2.7317208506019846,10.815436092381542
60,15,15,extra-trees-primary,-0.24393751549714854,10.73443777311375,5.124526675554437,10.654245886191857
61,15,15,extra-trees-primary,-0.07879990081824945,10.023517443847927,2.8288053152235717,10.9510452066009
62,15,15,extra-trees-primary,-0.2298717399634831,11.628021683325136,6.138228134319699,11.767547003898532
63,15,15,extra-trees-primary,0.32585262493519374,10.656362625615346,4.924691052486475,11.20156636386653
64,15,15,extra-trees-primary,-0.027027027027027025,10.538599585381537,4.282453326348191,10.984917080201466
65,15,15,extra-trees-primary,0.236715280751978,11.05020995629207,5.455015624308684,11.453399079973744
66,15,15,extra-trees-primary,-0.2263783476739689,11.078160994284127,5.720943278595448,10.369795089631946
67,15,15,extra-trees-primary,-0.25811148930414984,10.80928944567413,5.111579013578492,11.450784082167896
68,15,15,extra-trees-primary,-0.6254592832955667,10.497780863734853,4.348243899998146,10.815436092381542
69,15,15,extra-trees-primary,0.15936253183959606,11.017319426399137,5.164163000892735,10.813563843707625
70,15,15,extra-trees-primary,-0.013754705497824765,9.62598136127307,1.9487531008044636,11.128697182988404
71,15,15,extra-trees-primary,0.06155593976063192,10.59511876804635,4.125052822771322,11.756866838700084
72,15,15,extra-trees-primary,-0.2920548476324343,11.140440215718018,5.661923516303098,11.175629124428312
73,15,15,extra-trees-primary,-0.08736559745734057,10.433896046041458,2.8288053152235717,11.320351922512799
74,15,15,extra-trees-primary,-0.25068356976140505,9.76751784724689,2.6410922354023008,10.79813584114844
75,15,15,extra-trees-primary,0.038279647453959384,11.031989709220145,5.505131384112843,9.915080649425057
76,15,15,extra-trees-primary,-0.0474901325207629,9.983293298851093,3.9500112932749203,8.535657148078501
77,15,15,extra-trees-primary,0.502369091359917,10.511784495628525,4.154049568374095,11.170394497148349
78,15,15,extra-trees-primary,0.4207875932646575,10.192391810303132,1.954127229482515,11.199122624921308
79,15,15,extra-trees-primary,0.015152266528413318,9.828174963338773,3.8695880496951176,10.61335827370885
80,15,15,extra-trees-primary,0.20438699904701985,10.302437665793368,4.077926613368352,11.088195497218907
81,15,15,extra-trees-primary,0.15259597546637393,9.623317567653721,2.2118724355405575,10.79813584114844
82,15,15,extra-trees-primary,0.06871942835245587,10.510955812746108,4.868147978868139,11.069445995625625
83,15,15,extra-trees-primary,-0.04128214953903027,10.07920953425806,2.3799682772567587,9.782882211272941
84,15,15,extra-trees-primary,-0.1310825036238563,11.053586069935566,6.135937885665283,8.62115429493155
85,15,15,extra-trees-primary,-0.034068931316637734,10.058355784654735,3.538880634140705,11.21244415158367
86,15,15,extra-trees-primary,-0.2658386493248878,10.026427257225832,3.7919995419514696,10.983962297527473
87,15,15,extra-trees-primary,0.22056668845659672,10.666227722857496,4.6426300760212325,11.640435097778141
88,15,15,extra-trees-primary,0.06464396005680409,10.413801813377038,4.811118552075649,10.976203795536401
89,15,15,extra-trees-primary,-0.09667064896422695,10.280428061447976,4.346293689985166,11.078774087525524
90,15,15,extra-trees-primary,0.20952144805355816,10.409831603379327,4.459526429442019,10.976203795536401
91,15,15,extra-trees-primary,0.3345896355070667,10.429564456152104,5.037314377697882,8.889121609987622
92,15,15,extra-trees-primary,0.14302459256587696,11.012877771046428,4.385113548794838,11.03732586451326
93,15,15,extra-trees-primary,0.0861844329734238,10.893204350089732,5.439646814691188,11.407984705104363
94,15,15,extra-trees-primary,-0.060189797804476704,10.131591614566554,4.051054430815207,11.332639201826932
95,15,15,extra-trees-primary,-0.10592160133444536,11.38214343699254,5.920131822256166,11.48350674864184
96,15,15,extra-trees-primary,-0.11932917070531748,11.882026161202358,6.5870523041135645,11.304993424213109
97,15,15,extra-trees-primary,0.5319252530261704,10.92513511989593,5.532762806915389,11.455571049469148
98,15,15,extra-trees-primary,-0.055411165636291705,11.018530730799782,5.548127822991243,11.561514751781042
99,15,15,extra-trees-primary,-0.07601379527985032,9.024925804556238,2.232707425230544,9.658730969176403
0,15,15,random-forest-sensitivity,0.30133669950183706,9.64276938540645,1.836191670356996,11.163256604236212
1,15,15,random-forest-sensitivity,0.050334738408132906,10.392419108752456,4.051054430815207,11.36517287578575
2,15,15,random-forest-sensitivity,-0.4856073755156324,11.507034829889692,6.137941758370268,11.802972674942994
3,15,15,random-forest-sensitivity,0.07111782341140138,10.200535939109518,4.006612958349452,11.256258497981948
4,15,15,random-forest-sensitivity,-0.3355003043076437,11.651739768623179,6.465615399980537,11.737494853996282
5,15,15,random-forest-sensitivity,0.07703266235376327,10.529842739756848,3.592689342416646,11.533316307168512
6,15,15,random-forest-sensitivity,-0.14947625155291577,10.089024179364525,3.897207858307002,10.863714474178797
7,15,15,random-forest-sensitivity,0.08323170937899418,10.688444478948856,4.9128971114102775,11.083056890099456
8,15,15,random-forest-sensitivity,0.5401393052769199,9.992975386304327,1.954127229482515,10.808801391505
9,15,15,random-forest-sensitivity,-0.19624506062548028,10.17235446310543,2.1102419700217507,11.128697182988404
10,15,15,random-forest-sensitivity,-0.11621422404786654,10.88455625937753,5.450439931648318,8.624177975791202
11,15,15,random-forest-sensitivity,0.1258841827649167,10.556931518289558,2.4134574959070596,11.21892793196368
12,15,15,random-forest-sensitivity,-0.20043279309334355,11.468398870827455,6.035229832573855,11.354188755549842
13,15,15,random-forest-sensitivity,-0.0960394923697676,10.91215990829611,5.361033899068154,11.345102694488425
14,15,15,random-forest-sensitivity,0.33374208236593556,10.408677705320205,4.5416912315364595,10.979095013590037
15,15,15,random-forest-sensitivity,-0.2455875391655208,10.68674284469148,4.117412391027293,11.591424771753914
16,15,15,random-forest-sensitivity,0.19741225796271666,10.72752730361891,4.756998421212377,11.161222830055536
17,15,15,random-forest-sensitivity,0.25050154407952574,10.611404490508837,4.507278058431882,11.088195497218907
18,15,15,random-forest-sensitivity,-0.022329418659693887,9.154826368324066,2.0780563431752297,9.096728811254989
19,15,15,random-forest-sensitivity,-0.09554358361697811,9.89502586383187,3.150106778916369,9.788987291568162
20,15,15,random-forest-sensitivity,0.15497148524671459,11.335703847510644,5.542674040614852,11.466835736764178
21,15,15,random-forest-sensitivity,-0.014169465545612334,9.462576869261142,1.7987011701862659,9.93533144507212
22,15,15,random-forest-sensitivity,-0.14269999774586928,10.000289772672687,4.154049568374095,7.7499332009661375
23,15,15,random-forest-sensitivity,0.15811825169623336,9.887509167064724,2.1102419700217507,10.856429038412061
24,15,15,random-forest-sensitivity,0.2251520978120316,10.59882006610473,4.689353598471524,10.082911031409717
25,15,15,random-forest-sensitivity,0.11549714852467145,9.471545954865615,3.1218888826838054,9.76864612086106
26,15,15,random-forest-sensitivity,0.09551653404864414,9.727389633764396,1.770741408765956,11.136732305645745
27,15,15,random-forest-sensitivity,-0.08814572536984586,11.669167774447457,5.277914691197411,11.796667978483175
28,15,15,random-forest-sensitivity,-0.2970358181367356,11.857132305070882,6.537904522819343,11.699147407615785
29,15,15,random-forest-sensitivity,-0.29705385118229155,10.92924646487746,5.644961864950337,9.363516383161631
30,15,15,random-forest-sensitivity,0.10789195476427736,10.002055087560327,3.8741652333906096,10.863714474178797
31,15,15,random-forest-sensitivity,0.28509794197867594,10.608405122366028,4.868147978868139,10.976203795536401
32,15,15,random-forest-sensitivity,-0.09165746229966412,10.377281007490529,4.052809631341902,11.123195040243232
33,15,15,random-forest-sensitivity,-0.5684331537542546,10.73653860293282,5.355077588352968,10.73896376236856
34,15,15,random-forest-sensitivity,-0.052138042963731035,10.567028074457992,4.713944670258702,11.083056890099456
35,15,15,random-forest-sensitivity,0.08999411670585429,10.042531860009616,3.881291264254859,11.119923493160293
36,15,15,random-forest-sensitivity,-0.17498856026138332,10.229210161555024,3.770216107296864,10.864929355303905
37,15,15,random-forest-sensitivity,-0.38376575073822783,11.00845140131598,4.921724469967668,11.48684370393584
38,15,15,random-forest-sensitivity,0.0408673894912427,10.96322950316298,4.992601525326391,10.785320871404508
39,15,15,random-forest-sensitivity,-0.03299596510605685,10.581252177961497,5.33330923579901,10.924210799229803
40,15,15,random-forest-sensitivity,0.032076279782701805,10.3335411430382,4.130982148860211,11.230656851852178
41,15,15,random-forest-sensitivity,0.0037508819306317385,10.390602300477154,4.342445129825043,9.24213939454516
42,15,15,random-forest-sensitivity,-0.2174830376665239,10.476003885986442,4.86902004486207,10.67396061153137
43,15,15,random-forest-sensitivity,0.15095496462172253,10.518338439890769,4.410520051918948,10.335843552419401
44,15,15,random-forest-sensitivity,-0.038027184816175646,10.905881216695716,4.829288292160401,11.841600038487123
45,15,15,random-forest-sensitivity,-0.3909338863467304,11.497720231953878,5.693780222748994,11.29984562314896
46,15,15,random-forest-sensitivity,0.022221220386357998,10.079209046457262,2.153257540471146,11.207306840591214
47,15,15,random-forest-sensitivity,0.23385704303135496,9.42282749077231,2.37666992596631,10.39828787854363
48,15,15,random-forest-sensitivity,0.03583616978112391,10.413126668444528,4.066132645658151,11.354188755549842
49,15,15,random-forest-sensitivity,-0.0016455154069832968,10.59158246049426,4.537799247075053,11.216017284525671
50,15,15,random-forest-sensitivity,0.07903000029323842,10.61088324592557,4.8123790424282396,11.126411746568575
51,15,15,random-forest-sensitivity,0.24324829981870924,10.744712076790881,2.416367411066333,11.283018614976674
52,15,15,random-forest-sensitivity,-0.166179023059757,11.723430733202367,5.929903838746592,11.410777269802974
53,15,15,random-forest-sensitivity,0.13204727373582165,10.182508890649643,3.804165400640044,11.218833473574083
54,15,15,random-forest-sensitivity,-0.27141086040168605,11.30449110592799,6.465615399980537,11.562516114529858
55,15,15,random-forest-sensitivity,0.08177535333498637,10.15899944486884,3.9500038009944203,11.235075832887613
56,15,15,random-forest-sensitivity,-0.259843247398824,10.653310732329802,5.659659631264681,8.190136998425782
57,15,15,random-forest-sensitivity,0.2656493023465501,10.435512097049935,4.3881381872714975,11.277802533810583
58,15,15,random-forest-sensitivity,0.16953316953316952,10.160710267343942,4.20788610694243,9.79928121919173
59,15,15,random-forest-sensitivity,-0.380673083425377,9.930448639320336,2.7317208506019846,10.815436092381542
60,15,15,random-forest-sensitivity,-0.1133331830579537,10.73443777311375,5.124526675554437,10.654245886191857
61,15,15,random-forest-sensitivity,-0.16131911728242002,10.023517443847927,2.8288053152235717,10.9510452066009
62,15,15,random-forest-sensitivity,-0.12355791988819512,11.628021683325136,6.138228134319699,11.767547003898532
63,15,15,random-forest-sensitivity,0.03745012735838423,10.656362625615346,4.924691052486475,11.20156636386653
64,15,15,random-forest-sensitivity,0.021653179451344592,10.538599585381537,4.282453326348191,10.984917080201466
65,15,15,random-forest-sensitivity,0.1959425647499042,11.05020995629207,5.455015624308684,11.453399079973744
66,15,15,random-forest-sensitivity,-0.09916822577373036,11.078160994284127,5.720943278595448,10.369795089631946
67,15,15,random-forest-sensitivity,-0.2315037305862994,10.80928944567413,5.111579013578492,11.450784082167896
68,15,15,random-forest-sensitivity,-0.6416983560604091,10.497780863734853,4.348243899998146,10.815436092381542
69,15,15,random-forest-sensitivity,0.09631900457588531,11.017319426399137,5.164163000892735,10.813563843707625
70,15,15,random-forest-sensitivity,-0.07991794964272028,9.62598136127307,1.9487531008044636,11.128697182988404
71,15,15,random-forest-sensitivity,-0.13986880959358022,10.59511876804635,4.125052822771322,11.756866838700084
72,15,15,random-forest-sensitivity,-0.2781552194396231,11.140440215718018,5.661923516303098,11.175629124428312
73,15,15,random-forest-sensitivity,0.06455394034220657,10.433896046041458,2.8288053152235717,11.320351922512799
74,15,15,random-forest-sensitivity,-0.11743623035635586,9.76751784724689,2.6410922354023008,10.79813584114844
75,15,15,random-forest-sensitivity,-0.004143092216486712,11.031989709220145,5.505131384112843,9.915080649425057
76,15,15,random-forest-sensitivity,0.04436580032910308,9.983293298851093,3.9500112932749203,8.535657148078501
77,15,15,random-forest-sensitivity,0.307260554966977,10.511784495628525,4.154049568374095,11.170394497148349
78,15,15,random-forest-sensitivity,0.5062191465861191,10.192391810303132,1.954127229482515,11.199122624921308
79,15,15,random-forest-sensitivity,-0.17346437346437343,9.828174963338773,3.8695880496951176,10.61335827370885
80,15,15,random-forest-sensitivity,0.16498884205306222,10.302437665793368,4.077926613368352,11.088195497218907
81,15,15,random-forest-sensitivity,-0.021193336789667064,9.623317567653721,2.2118724355405575,10.79813584114844
82,15,15,random-forest-sensitivity,-0.08183846899443228,10.510955812746108,4.868147978868139,11.069445995625625
83,15,15,random-forest-sensitivity,-0.014980952595631494,10.07920953425806,2.3799682772567587,9.782882211272941
84,15,15,random-forest-sensitivity,-0.08481392151116922,11.053586069935566,6.135937885665283,8.62115429493155
85,15,15,random-forest-sensitivity,-0.05129048982259991,10.058355784654735,3.538880634140705,11.21244415158367
86,15,15,random-forest-sensitivity,-0.13598268827626628,10.026427257225832,3.7919995419514696,10.983962297527473
87,15,15,random-forest-sensitivity,0.03232874242048554,10.666227722857496,4.6426300760212325,11.640435097778141
88,15,15,random-forest-sensitivity,-0.01222189662556635,10.413801813377038,4.811118552075649,10.976203795536401
89,15,15,random-forest-sensitivity,-0.16152649730631383,10.280428061447976,4.346293689985166,11.078774087525524
90,15,15,random-forest-sensitivity,0.010184162477740458,10.409831603379327,4.459526429442019,10.976203795536401
91,15,15,random-forest-sensitivity,0.009877600703288776,10.429564456152104,5.037314377697882,8.889121609987622
92,15,15,random-forest-sensitivity,0.14908369587268672,11.012877771046428,4.385113548794838,11.03732586451326
93,15,15,random-forest-sensitivity,-0.026220107342012248,10.893204350089732,5.439646814691188,11.407984705104363
94,15,15,random-forest-sensitivity,-0.18569979487410682,10.131591614566554,4.051054430815207,11.332639201826932
95,15,15,random-forest-sensitivity,-0.04194937222460158,11.38214343699254,5.920131822256166,11.48350674864184
96,15,15,random-forest-sensitivity,-0.20302053513062687,11.882026161202358,6.5870523041135645,11.304993424213109
97,15,15,random-forest-sensitivity,0.2903455582354665,10.92513511989593,5.532762806915389,11.455571049469148
98,15,15,random-forest-sensitivity,-0.1023149922232491,11.018530730799782,5.548127822991243,11.561514751781042
99,15,15,random-forest-sensitivity,-0.01437684556950612,9.024925804556238,2.232707425230544,9.658730969176403
0,30,30,extra-trees-primary,0.2835380835380835,9.997611772898063,2.16279942151093,11.207306840591214
1,30,30,extra-trees-primary,0.5876892628765531,9.595115162762957,1.8952295909532126,11.144227823479184
2,30,30,extra-trees-primary,0.3867502197777427,10.04133410292109,3.6086197720836535,10.673468280649736
3,30,30,extra-trees-primary,-0.13905732254356107,10.409506306931625,4.394529812047438,11.724453995808139
4,30,30,extra-trees-primary,0.014719473435069765,9.497726970938047,2.3982563168836983,8.415182634353686
5,30,30,extra-trees-primary,0.2584270676013795,9.906863502920276,2.416367411066333,10.986986762010233
6,30,30,extra-trees-primary,0.15502558438338254,9.092302701582756,1.9184487743846081,8.786615398416437
7,30,30,extra-trees-primary,0.17552915718053333,9.63604370883029,1.8382857759374567,11.14001129061661
8,30,30,extra-trees-primary,-0.18866623086806575,9.709054597492132,3.944101622379339,8.415182634353686
9,30,30,extra-trees-primary,-0.1522575118905394,10.666463453434774,4.238986433042796,11.26448169441218
10,30,30,extra-trees-primary,0.4349615670716588,9.960196527956265,3.9743796436055514,8.206007780975327
11,30,30,extra-trees-primary,0.07622117530374412,9.483723192125485,1.823325018241014,10.975979080870484
12,30,30,extra-trees-primary,0.20223609764894168,10.600822555155194,5.249293069593459,11.0335870897418
13,30,30,extra-trees-primary,0.29655794242950206,9.141719406152943,1.8629622393217053,8.786615398416437
14,30,30,extra-trees-primary,0.3556161666253409,9.76118544922391,3.630676385695818,9.149638817748738
15,30,30,extra-trees-primary,0.28075197799968443,9.322259300746722,1.7985166470560672,10.702072142437672
16,30,30,extra-trees-primary,-0.31664675517886526,11.193913634433565,5.786463398019775,11.291419147408659
17,30,30,extra-trees-primary,0.3621892117304961,10.426358192583983,4.3727575290708804,11.468727261147322
18,30,30,extra-trees-primary,0.2664658983075956,9.431449559767213,3.6777893165576176,9.434272260889127
19,30,30,extra-trees-primary,0.044969907355228454,9.993742634455593,3.8741652333906096,10.850164615803717
20,30,30,extra-trees-primary,0.19501386290377115,10.062715236178294,4.521331552619726,8.340715251563234
21,30,30,extra-trees-primary,0.08140135112919071,9.796233548151061,3.7079260781848893,10.808223468547304
22,30,30,extra-trees-primary,-0.037341929085048346,9.597525424578144,2.4600697489053727,10.79813584114844
23,30,30,extra-trees-primary,0.5607059937335167,9.164451599795724,1.8486547031860385,9.38828586041458
24,30,30,extra-trees-primary,0.10952821044564165,9.803714940676313,4.439040436210679,9.103022458893722
25,30,30,extra-trees-primary,0.2300255393589221,8.974455804816271,1.9053310330931645,9.38290408471462
26,30,30,extra-trees-primary,-0.31521834686270567,11.277199495809567,5.6655678934397145,11.443400383842565
27,30,30,extra-trees-primary,0.1124585803484886,8.756395946414061,1.8633287673258956,7.941109245132363
28,30,30,extra-trees-primary,-0.12738994206884113,9.693897206914258,3.147567001305379,8.89547958418216
29,30,30,extra-trees-primary,0.34615783423122876,10.059229895422217,3.6299213629377394,11.152902715707416
30,30,30,extra-trees-primary,0.25088023803620135,9.45227202109715,2.1516636610246618,9.879202613240135
31,30,30,extra-trees-primary,0.2348849266280459,9.722672516923405,4.051956035127453,9.963278063526936
32,30,30,extra-trees-primary,-0.5375335301940807,9.779098899301857,3.7835475786110973,8.253908842028775
33,30,30,extra-trees-primary,0.27499943646732633,10.16111485395329,3.0443192200691462,11.318530603980768
34,30,30,extra-trees-primary,-0.26238532110091745,10.08422127297571,4.660923845642502,10.614293604675563
35,30,30,extra-trees-primary,0.29517841444446946,9.39741078790367,1.7730584718362095,10.709881581327599
36,30,30,extra-trees-primary,0.2847192480220003,10.340227806829446,4.546360778642924,10.99635988916876
37,30,30,extra-trees-primary,0.09582309582309582,10.328201429069438,4.372208697286329,10.711370304822333
38,30,30,extra-trees-primary,0.510051168766765,9.858338765740248,3.856306201176828,9.576557540678854
39,30,30,extra-trees-primary,0.12562270360435498,8.664982770928788,2.0881093353249662,6.979912146094438
40,30,30,extra-trees-primary,0.225120032459482,9.627929283640672,2.0100859120399734,11.128697182988404
41,30,30,extra-trees-primary,0.18631291842301015,9.943325116113307,3.2186267849920567,11.236273700464803
42,30,30,extra-trees-primary,0.17368978653382322,10.108377276517174,3.936101112549149,11.170394497148349
43,30,30,extra-trees-primary,0.23133241665351756,9.785424457998479,3.502750648342519,10.93104148906803
44,30,30,extra-trees-primary,0.22630119694339876,8.989190819939852,1.961810443412166,8.046607273600458
45,30,30,extra-trees-primary,-0.20766451246477136,10.45561292383244,5.202958480428732,9.471746002700215
46,30,30,extra-trees-primary,0.39550526339517167,9.383131129946122,3.6216997210643553,8.970380624793068
47,30,30,extra-trees-primary,0.28645042039537455,9.473827306882656,1.8603080124932805,11.031921071097596
48,30,30,extra-trees-primary,-0.19739422491716072,10.934821063532832,5.656642881338836,11.285062510893276
49,30,30,extra-trees-primary,-0.24483916777494757,9.576344023207193,3.621755425697373,10.79813584114844
50,30,30,extra-trees-primary,0.38286409846042874,9.325192611579945,1.8493790081944406,9.38828586041458
51,30,30,extra-trees-primary,0.04345513152852602,10.02647774440715,4.081790085564197,8.415182634353686
52,30,30,extra-trees-primary,-0.2142646220157868,10.225423578592904,4.492394421941228,10.861477294532477
53,30,30,extra-trees-primary,-0.20838536618353132,9.342195905246756,2.021777907221002,8.786615398416437
54,30,30,extra-trees-primary,-0.06973829542636882,9.849332836571298,3.8564921506457197,10.734377254974625
55,30,30,extra-trees-primary,0.1060027500394473,9.99798553442915,3.9134404121418864,11.290482810484818
56,30,30,extra-trees-primary,-0.12868832134887181,11.530757456148988,6.230744926402963,11.679020259258643
57,30,30,extra-trees-primary,0.14935419155602642,9.945829816526029,4.008856768370185,11.138987382653848
58,30,30,extra-trees-primary,0.17734147825890945,9.580144006640737,3.8692615444779586,10.863714474178797
59,30,30,extra-trees-primary,-0.3183148118927936,9.95065522406211,3.6431412378646746,10.92507403879209
60,30,30,extra-trees-primary,-0.09945675450262606,9.19305481325131,2.3250061365199577,8.823950640853509
61,30,30,extra-trees-primary,0.05478890066046029,10.391010768960252,3.326269633553778,11.38020367708362
62,30,30,extra-trees-primary,-0.11328810044406376,8.832004999926841,2.202327088439253,7.264282129958902
63,30,30,extra-trees-primary,0.33035186980141107,9.247420274694338,1.947104224057112,10.785064432115885
64,30,30,extra-trees-primary,-0.11709307305637581,10.809965990570234,4.154049568374095,11.304993424213109
65,30,30,extra-trees-primary,0.017018686743457388,9.676569489174492,2.348024970265489,10.9510452066009
66,30,30,extra-trees-primary,0.3235624281495841,9.998440525895893,4.019002397425254,11.019711524683673
67,30,30,extra-trees-primary,-0.04649369970470888,10.25155768137982,3.9224308259943674,10.634531996796262
68,30,30,extra-trees-primary,0.31460000450826137,9.511198900622546,2.4134574959070596,10.710885456786642
69,30,30,extra-trees-primary,0.35659896760814186,9.693193040379672,2.0822108481271506,10.894892898627116
70,30,30,extra-trees-primary,0.48071140364718346,10.141667886712751,2.416367411066333,11.139202937773922
71,30,30,extra-trees-primary,0.1079232693911593,9.01040921457881,1.7963841071160127,10.570386298378349
72,30,30,extra-trees-primary,-0.24072763338818384,10.497723573390125,4.794529915559949,10.809290152584799
73,30,30,extra-trees-primary,0.13554087866014472,10.213082420142744,4.20788610694243,10.973558383833925
74,30,30,extra-trees-primary,0.2182674751482091,9.775295451714053,3.302263620257635,10.060075158505658
75,30,30,extra-trees-primary,0.16925365732705183,9.535320834239247,2.3524348521443836,10.861938382503084
76,30,30,extra-trees-primary,0.4243401032391858,9.331204099959159,3.696101207058451,8.619354565463713
77,30,30,extra-trees-primary,0.062407862407862405,9.689223922396167,3.9265299854358107,7.760749031617319
78,30,30,extra-trees-primary,-0.013898969862272613,10.198828582069812,3.7853110768656704,11.345102694488425
79,30,30,extra-trees-primary,-0.11771521312805716,9.858704785567257,4.241296172000475,10.625120091768324
80,30,30,extra-trees-primary,0.1408516105763812,9.658428183503386,3.273433982905167,8.694727440336944
81,30,30,extra-trees-primary,0.26168203232423415,10.153490412086041,4.832929110818492,10.704732974473275
82,30,30,extra-trees-primary,-0.2522777990667899,9.682874474443555,3.8300700902450586,8.199089096706777
83,30,30,extra-trees-primary,-0.028875414196515115,10.215904511189931,3.438493352465361,9.39103819551827
84,30,30,extra-trees-primary,0.3795730676464622,10.01538763692309,4.3048457158066284,9.353684870765987
85,30,30,extra-trees-primary,0.05901764984333792,10.254960485742037,4.167748685654885,11.277802533810583
86,30,30,extra-trees-primary,0.5092937808534139,9.617823207099196,2.4999043100613916,9.585628608941908
87,30,30,extra-trees-primary,-0.21567973311092578,11.113097498960478,4.52683244891849,11.523200735953747
88,30,30,extra-trees-primary,0.39336834749678784,8.988573487031479,1.8131065601476926,9.681484863961295
89,30,30,extra-trees-primary,-0.1974934066677186,9.801817896863664,2.0780563431752297,10.845691135999818
90,30,30,extra-trees-primary,-0.18997362667087436,10.984463608246518,5.865741839785351,11.162628666810836
91,30,30,extra-trees-primary,0.15601740188896152,9.782959196347175,3.138818611066272,8.949512551090837
92,30,30,extra-trees-primary,0.272483826612267,9.727524610712308,3.697279761634372,10.820910449117786
93,30,30,extra-trees-primary,-0.3585555530509659,11.22549640259036,6.135937885665283,11.30102500285831
94,30,30,extra-trees-primary,0.12526204269323535,10.071226866825176,3.458720658917343,10.758274140206156
95,30,30,extra-trees-primary,0.34155039109167545,9.331555564261953,1.895749041659305,10.799241665606749
96,30,30,extra-trees-primary,-0.2641886256565156,10.7737083458113,4.460829554502798,11.142835875610038
97,30,30,extra-trees-primary,0.09144106575299236,10.45177521090622,3.8566655494538993,11.42257654027057
98,30,30,extra-trees-primary,-0.15747807857899598,11.424951427904007,6.238249905299134,11.376863313484025
99,30,30,extra-trees-primary,-0.42748686968870453,9.661715818812858,3.240729583822641,9.600410905927202
0,30,30,random-forest-sensitivity,0.30401460676690034,9.997611772898063,2.16279942151093,11.207306840591214
1,30,30,random-forest-sensitivity,0.4035389851903613,9.595115162762957,1.8952295909532126,11.144227823479184
2,30,30,random-forest-sensitivity,0.19956720690665644,10.04133410292109,3.6086197720836535,10.673468280649736
3,30,30,random-forest-sensitivity,-0.0907377769763091,10.409506306931625,4.394529812047438,11.724453995808139
4,30,30,random-forest-sensitivity,0.06793499087077069,9.497726970938047,2.3982563168836983,8.415182634353686
5,30,30,random-forest-sensitivity,0.11521763631855374,9.906863502920276,2.416367411066333,10.986986762010233
6,30,30,random-forest-sensitivity,0.16517818903140005,9.092302701582756,1.9184487743846081,8.786615398416437
7,30,30,random-forest-sensitivity,0.06949484931136307,9.63604370883029,1.8382857759374567,11.14001129061661
8,30,30,random-forest-sensitivity,-0.26131235489033655,9.709054597492132,3.944101622379339,8.415182634353686
9,30,30,random-forest-sensitivity,-0.08032369316772986,10.666463453434774,4.238986433042796,11.26448169441218
10,30,30,random-forest-sensitivity,0.37278362599463516,9.960196527956265,3.9743796436055514,8.206007780975327
11,30,30,random-forest-sensitivity,-0.004485720082050356,9.483723192125485,1.823325018241014,10.975979080870484
12,30,30,random-forest-sensitivity,0.16987579739873318,10.600822555155194,5.249293069593459,11.0335870897418
13,30,30,random-forest-sensitivity,0.2798683587674413,9.141719406152943,1.8629622393217053,8.786615398416437
14,30,30,random-forest-sensitivity,0.14194260983251808,9.76118544922391,3.630676385695818,9.149638817748738
15,30,30,random-forest-sensitivity,-0.314906566282713,9.322259300746722,1.7985166470560672,10.702072142437672
16,30,30,random-forest-sensitivity,-0.2970177850911796,11.193913634433565,5.786463398019775,11.291419147408659
17,30,30,random-forest-sensitivity,0.0649324887856998,10.426358192583983,4.3727575290708804,11.468727261147322
18,30,30,random-forest-sensitivity,0.1332326488289791,9.431449559767213,3.6777893165576176,9.434272260889127
19,30,30,random-forest-sensitivity,0.1187521132475261,9.993742634455593,3.8741652333906096,10.850164615803717
20,30,30,random-forest-sensitivity,0.15861416044902282,10.062715236178294,4.521331552619726,8.340715251563234
21,30,30,random-forest-sensitivity,0.2593016703108446,9.796233548151061,3.7079260781848893,10.808223468547304
22,30,30,random-forest-sensitivity,-0.3071162906025291,9.597525424578144,2.4600697489053727,10.79813584114844
23,30,30,random-forest-sensitivity,0.38420756035434933,9.164451599795724,1.8486547031860385,9.38828586041458
24,30,30,random-forest-sensitivity,0.1857178279196628,9.803714940676313,4.439040436210679,9.103022458893722
25,30,30,random-forest-sensitivity,0.20400333611342786,8.974455804816271,1.9053310330931645,9.38290408471462
26,30,30,random-forest-sensitivity,-0.20345332822397041,11.277199495809567,5.6655678934397145,11.443400383842565
27,30,30,random-forest-sensitivity,0.3487095101774001,8.756395946414061,1.8633287673258956,7.941109245132363
28,30,30,random-forest-sensitivity,-0.0019881432725469424,9.693897206914258,3.147567001305379,8.89547958418216
29,30,30,random-forest-sensitivity,0.04079525730901877,10.059229895422217,3.6299213629377394,11.152902715707416
30,30,30,random-forest-sensitivity,0.13249329396118387,9.45227202109715,2.1516636610246618,9.879202613240135
31,30,30,random-forest-sensitivity,0.2704370759416631,9.722672516923405,4.051956035127453,9.963278063526936
32,30,30,random-forest-sensitivity,-0.4586840385005522,9.779098899301857,3.7835475786110973,8.253908842028775
33,30,30,random-forest-sensitivity,0.20176723846448616,10.16111485395329,3.0443192200691462,11.318530603980768
34,30,30,random-forest-sensitivity,-0.3602777089015621,10.08422127297571,4.660923845642502,10.614293604675563
35,30,30,random-forest-sensitivity,0.3916642246917476,9.39741078790367,1.7730584718362095,10.709881581327599
36,30,30,random-forest-sensitivity,0.27348466064062393,10.340227806829446,4.546360778642924,10.99635988916876
37,30,30,random-forest-sensitivity,0.10090841466988257,10.328201429069438,4.372208697286329,10.711370304822333
38,30,30,random-forest-sensitivity,0.2556770281540924,9.858338765740248,3.856306201176828,9.576557540678854
39,30,30,random-forest-sensitivity,0.02327615355138291,8.664982770928788,2.0881093353249662,6.979912146094438
40,30,30,random-forest-sensitivity,-0.0012848544958636702,9.627929283640672,2.0100859120399734,11.128697182988404
41,30,30,random-forest-sensitivity,0.12875143700831776,9.943325116113307,3.2186267849920567,11.236273700464803
42,30,30,random-forest-sensitivity,0.13807452156076008,10.108377276517174,3.936101112549149,11.170394497148349
43,30,30,random-forest-sensitivity,0.19733110925771477,9.785424457998479,3.502750648342519,10.93104148906803
44,30,30,random-forest-sensitivity,0.03149020580213241,8.989190819939852,1.961810443412166,8.046607273600458
45,30,30,random-forest-sensitivity,-0.07367851588035074,10.45561292383244,5.202958480428732,9.471746002700215
46,30,30,random-forest-sensitivity,0.19310236007483714,9.383131129946122,3.6216997210643553,8.970380624793068
47,30,30,random-forest-sensitivity,0.329486283614724,9.473827306882656,1.8603080124932805,11.031921071097596
48,30,30,random-forest-sensitivity,-0.07500394472871537,10.934821063532832,5.656642881338836,11.285062510893276
49,30,30,random-forest-sensitivity,-0.20246151071839147,9.576344023207193,3.621755425697373,10.79813584114844
50,30,30,random-forest-sensitivity,0.358438338254852,9.325192611579945,1.8493790081944406,9.38828586041458
51,30,30,random-forest-sensitivity,-0.0002479543763947434,10.02647774440715,4.081790085564197,8.415182634353686
52,30,30,random-forest-sensitivity,0.04365349502964181,10.225423578592904,4.492394421941228,10.861477294532477
53,30,30,random-forest-sensitivity,-0.12150215269481324,9.342195905246756,2.021777907221002,8.786615398416437
54,30,30,random-forest-sensitivity,-0.19624912652435586,9.849332836571298,3.8564921506457197,10.734377254974625
55,30,30,random-forest-sensitivity,-0.16284778497389382,9.99798553442915,3.9134404121418864,11.290482810484818
56,30,30,random-forest-sensitivity,0.002132407636994793,11.530757456148988,6.230744926402963,11.679020259258643
57,30,30,random-forest-sensitivity,-0.07559001870928476,9.945829816526029,4.008856768370185,11.138987382653848
58,30,30,random-forest-sensitivity,0.14438608750535356,9.580144006640737,3.8692615444779586,10.863714474178797
59,30,30,random-forest-sensitivity,-0.40178076324865314,9.95065522406211,3.6431412378646746,10.92507403879209
60,30,30,random-forest-sensitivity,-0.013962085521718548,9.19305481325131,2.3250061365199577,8.823950640853509
61,30,30,random-forest-sensitivity,0.1630683227013502,10.391010768960252,3.326269633553778,11.38020367708362
62,30,30,random-forest-sensitivity,-0.1800103690011947,8.832004999926841,2.202327088439253,7.264282129958902
63,30,30,random-forest-sensitivity,0.22222572864774698,9.247420274694338,1.947104224057112,10.785064432115885
64,30,30,random-forest-sensitivity,0.05706106440051394,10.809965990570234,4.154049568374095,11.304993424213109
65,30,30,random-forest-sensitivity,-0.14123030453305682,9.676569489174492,2.348024970265489,10.9510452066009
66,30,30,random-forest-sensitivity,0.26186236277979397,9.998440525895893,4.019002397425254,11.019711524683673
67,30,30,random-forest-sensitivity,0.04471744471744472,10.25155768137982,3.9224308259943674,10.634531996796262
68,30,30,random-forest-sensitivity,0.20344431170119245,9.511198900622546,2.4134574959070596,10.710885456786642
69,30,30,random-forest-sensitivity,0.21831255776209907,9.693193040379672,2.0822108481271506,10.894892898627116
70,30,30,random-forest-sensitivity,0.06267835809120213,10.141667886712751,2.416367411066333,11.139202937773922
71,30,30,random-forest-sensitivity,0.247345761107229,9.01040921457881,1.7963841071160127,10.570386298378349
72,30,30,random-forest-sensitivity,-0.2674616234249262,10.497723573390125,4.794529915559949,10.809290152584799
73,30,30,random-forest-sensitivity,-0.046250253589703125,10.213082420142744,4.20788610694243,10.973558383833925
74,30,30,random-forest-sensitivity,0.26363861776705816,9.775295451714053,3.302263620257635,10.060075158505658
75,30,30,random-forest-sensitivity,0.1780537835583707,9.535320834239247,2.3524348521443836,10.861938382503084
76,30,30,random-forest-sensitivity,0.368086017627302,9.331204099959159,3.696101207058451,8.619354565463713
77,30,30,random-forest-sensitivity,0.12927439532944118,9.689223922396167,3.9265299854358107,7.760749031617319
78,30,30,random-forest-sensitivity,-0.21509365913035638,10.198828582069812,3.7853110768656704,11.345102694488425
79,30,30,random-forest-sensitivity,-0.3019498230507405,9.858704785567257,4.241296172000475,10.625120091768324
80,30,30,random-forest-sensitivity,0.039713274575659895,9.658428183503386,3.273433982905167,8.694727440336944
81,30,30,random-forest-sensitivity,0.03513288100444064,10.153490412086041,4.832929110818492,10.704732974473275
82,30,30,random-forest-sensitivity,-0.27029281157721524,9.682874474443555,3.8300700902450586,8.199089096706777
83,30,30,random-forest-sensitivity,-0.01865071940748017,10.215904511189931,3.438493352465361,9.39103819551827
84,30,30,random-forest-sensitivity,0.21815927687487321,10.01538763692309,4.3048457158066284,9.353684870765987
85,30,30,random-forest-sensitivity,0.02907377769763091,10.254960485742037,4.167748685654885,11.277802533810583
86,30,30,random-forest-sensitivity,0.3868764510966346,9.617823207099196,2.4999043100613916,9.585628608941908
87,30,30,random-forest-sensitivity,-0.0606766900344882,11.113097498960478,4.52683244891849,11.523200735953747
88,30,30,random-forest-sensitivity,0.38418952730879335,8.988573487031479,1.8131065601476926,9.681484863961295
89,30,30,random-forest-sensitivity,-0.32713297116966844,9.801817896863664,2.0780563431752297,10.845691135999818
90,30,30,random-forest-sensitivity,-0.17838739490115638,10.984463608246518,5.865741839785351,11.162628666810836
91,30,30,random-forest-sensitivity,0.06954894844803101,9.782959196347175,3.138818611066272,8.949512551090837
92,30,30,random-forest-sensitivity,-0.12611861235714447,9.727524610712308,3.697279761634372,10.820910449117786
93,30,30,random-forest-sensitivity,-0.1948605820165453,11.22549640259036,6.135937885665283,11.30102500285831
94,30,30,random-forest-sensitivity,0.053391339629871734,10.071226866825176,3.458720658917343,10.758274140206156
95,30,30,random-forest-sensitivity,0.39115028289340215,9.331555564261953,1.895749041659305,10.799241665606749
96,30,30,random-forest-sensitivity,-0.11649798255302843,10.7737083458113,4.460829554502798,11.142835875610038
97,30,30,random-forest-sensitivity,0.1965376552532516,10.45177521090622,3.8566655494538993,11.42257654027057
98,30,30,random-forest-sensitivity,-0.054509388454342576,11.424951427904007,6.238249905299134,11.376863313484025
99,30,30,random-forest-sensitivity,-0.3333055323262809,9.661715818812858,3.240729583822641,9.600410905927202
0,60,60,extra-trees-primary,0.2721502152694813,9.568985451782138,2.9465957718257356,10.761095150935592
1,60,60,extra-trees-primary,0.43694520208281673,8.85356318546141,2.090086498386117,8.786615398416437
2,60,60,extra-trees-primary,0.46260622590897815,8.997374167843757,1.4576446177828437,9.168580821195917
3,60,60,extra-trees-primary,-0.06293082072898587,9.081423670554136,2.6095613355343277,9.905749275151804
4,60,60,extra-trees-primary,0.22506593332281408,8.891827300222927,1.8344221156184062,8.694727440336944
5,60,60,extra-trees-primary,0.18415796947907037,8.765086219821919,1.904781407510714,8.267245846475124
6,60,60,extra-trees-primary,0.26021233911142166,9.102181154474977,2.0881093353249662,8.415182634353686
7,60,60,extra-trees-primary,0.08023352793994995,8.757007951373412,2.7318470305437934,8.046444068792113
8,60,60,extra-trees-primary,0.1958794490904583,8.65043427135617,1.904781407510714,8.273475557733642
9,60,60,extra-trees-primary,0.2537114261884904,9.267557999699864,1.9654651514291985,10.65479126599891
10,60,60,extra-trees-primary,0.2316840610418592,9.375949535857847,3.014734250476733,10.870541439485622
11,60,60,extra-trees-primary,0.31256227036043555,9.254199239150017,3.8041233594331914,11.232157600808039
12,60,60,extra-trees-primary,-0.011527624371661068,8.6174869442757,1.363639332017276,8.694727440336944
13,60,60,extra-trees-primary,-0.3365372044271127,9.977087419177973,3.0965648367016048,10.777690281774202
14,60,60,extra-trees-primary,0.1607781259157406,8.452028760410057,1.7985166470560672,8.095812132912894
15,60,60,extra-trees-primary,0.3597367175348827,9.235668182451255,1.3422646149564088,10.912874206552553
16,60,60,extra-trees-primary,0.35062101300633414,8.56758061869352,1.9648077822989602,10.790751974602605
17,60,60,extra-trees-primary,0.4865360773617654,8.833883749710186,2.374784523869551,8.31749235398679
18,60,60,extra-trees-primary,0.12468498523544394,9.718538896637055,3.1251562931600545,8.620618538743926
19,60,60,extra-trees-primary,0.10560175281624741,9.367399542285693,2.518782300144191,8.415182634353686
20,60,60,extra-trees-primary,0.015386696120641074,9.060275140190107,3.8175857336947736,11.030587431195068
21,60,60,extra-trees-primary,0.11139463066068571,8.565938574701043,2.0780563431752297,8.080336390118115
22,60,60,extra-trees-primary,0.14332213781755065,9.619549057634497,3.6805104599062335,11.119923493160293
23,60,60,extra-trees-primary,0.2223068773527489,9.749000138299383,2.738678075295346,10.809290152584799
24,60,60,extra-trees-primary,0.12901291616887947,9.164208885403895,3.01434665598343,7.506674408202263
25,60,60,extra-trees-primary,0.38357640375989,8.355339787718073,1.7730584718362095,8.046444068792113
26,60,60,extra-trees-primary,0.508220814642833,8.268510790984612,2.1550790789968595,6.979912146094438
27,60,60,extra-trees-primary,0.17422176137772466,8.815166961041685,1.6939231786057594,8.596265999500726
28,60,60,extra-trees-primary,0.21595022879426548,9.547334841925233,2.6299935677408346,8.823950640853509
29,60,60,extra-trees-primary,0.08052205666884567,8.283401112500487,2.0867135680098077,7.358897425259276
30,60,60,extra-trees-primary,0.4312106935960147,8.789369089106504,2.6259243674485364,7.63884564033739
31,60,60,extra-trees-primary,0.16740527015756373,8.301856589190958,2.0498034720852387,7.052291525750198
32,60,60,extra-trees-primary,0.3473209656695896,8.87046806525545,2.356970499194062,7.069071350410968
33,60,60,extra-trees-primary,0.3192615467844826,9.818332227677873,3.58894271709461,10.818959814187599
34,60,60,extra-trees-primary,0.09185582580077993,9.615775364376088,3.2326850568007335,10.758274140206156
35,60,60,extra-trees-primary,-0.009084146698825598,9.605445674106436,3.084765278438361,10.671173956092225
36,60,60,extra-trees-primary,0.3052009674758503,8.691936612992782,1.7832533662339094,7.6611693999502535
37,60,60,extra-trees-primary,0.41279895408335776,9.180674409395746,2.717806087182896,7.949213757459536
38,60,60,extra-trees-primary,0.44910849131032615,8.722458288400725,1.86989000392714,8.786615398416437
39,60,60,extra-trees-primary,0.43715258210671054,8.960692440015631,3.1208468035961987,8.191367989315008
40,60,60,extra-trees-primary,0.46775466041521085,8.811188945657852,1.8650610604110938,8.596265999500726
41,60,60,extra-trees-primary,0.2826003651691725,9.703986961033623,3.963694994716925,8.620618538743926
42,60,60,extra-trees-primary,0.19200234429592228,9.141455546883417,3.9523260150864585,11.290482810484818
43,60,60,extra-trees-primary,0.06276852331898203,8.66411901725994,2.1114584175525595,7.941109245132363
44,60,60,extra-trees-primary,0.21441741992200708,8.784348892405639,1.7914448249372041,8.971241893512675
45,60,60,extra-trees-primary,0.1924802200031558,9.672905238800269,3.4752763052547806,10.769892172337173
46,60,60,extra-trees-primary,0.3920970177850912,8.89850282902711,1.8156572500189716,9.81354557650039
47,60,60,extra-trees-primary,0.22864549286567637,8.968384208716826,2.1641423803678177,10.65479126599891
48,60,60,extra-trees-primary,0.3977052949530014,9.151702803319315,1.6109261233853078,10.765212256365677
49,60,60,extra-trees-primary,0.2710772490589004,9.48704191144662,2.1523085398865778,11.150331393443476
50,60,60,extra-trees-primary,0.017830173793476546,8.970100475831408,3.1208468035961987,6.795230741948526
51,60,60,extra-trees-primary,0.12667763676937988,8.3731722045068,1.8149764362587677,7.358897425259276
52,60,60,extra-trees-primary,0.20737551563239637,8.673134202791479,2.0285271472425657,8.546760110028679
53,60,60,extra-trees-primary,0.011987467033338592,9.028936368547335,2.3250061365199577,9.812044366991193
54,60,60,extra-trees-primary,0.3570768433153754,8.464630837896905,1.6376040866453108,8.253908842028775
55,60,60,extra-trees-primary,0.16074205982462866,9.972044208678506,3.20494943333727,11.211007027943712
56,60,60,extra-trees-primary,0.15354687464779207,9.716992806943617,4.445508097613528,8.331342659720844
57,60,60,extra-trees-primary,0.5031805784099362,9.034902726249204,1.5301584488379083,10.598556191124205
58,60,60,extra-trees-primary,0.2014336271217005,9.787763088079755,2.950528957913484,11.185895662620233
59,60,60,extra-trees-primary,0.11491107454410207,8.87866052417085,1.6036664599327959,8.891160797243392
60,60,60,extra-trees-primary,0.42388026057750827,8.90836578912935,1.9785419919938467,8.655207362980647
61,60,60,extra-trees-primary,-0.12563651158995828,8.487646369746319,2.0867135680098077,8.10872756847772
62,60,60,extra-trees-primary,-0.01966954444018664,9.378031683570768,4.763771218477797,8.694727440336944
63,60,60,extra-trees-primary,0.23657101638753014,8.98177491766273,1.7963841071160127,10.813563843707625
64,60,60,extra-trees-primary,0.16004778757072335,9.421590313028922,3.1319470132632317,7.647941352325493
65,60,60,extra-trees-primary,0.3175754570249983,9.37822663436081,2.439145241846783,8.655207362980647
66,60,60,extra-trees-primary,0.20640173117237337,9.454168839869643,3.797165183204174,10.850164615803717
67,60,60,extra-trees-primary,0.24298176408268152,8.58205276288159,1.8157688653197916,8.415182634353686
68,60,60,extra-trees-primary,0.18548339832743505,9.057080615657744,3.226246117825027,8.19784533626197
69,60,60,extra-trees-primary,0.23711200775420957,9.8456729552887,4.117412391027293,10.661116964359485
70,60,60,extra-trees-primary,0.24519982868606724,9.85121814314226,2.808256716503406,9.963278063526936
71,60,60,extra-trees-primary,0.18943263530419494,8.525806619044241,1.9561186286862464,7.409128333675408
72,60,60,extra-trees-primary,-0.021499898564118748,9.124448687078107,3.322573765247575,8.196922734333455
73,60,60,extra-trees-primary,0.04030836507900728,8.734283454200881,2.255089489217837,10.847631259443101
74,60,60,extra-trees-primary,0.11760701485472128,8.961045326715965,1.8481050776035879,8.253908842028775
75,60,60,extra-trees-primary,0.3592047426909812,9.850814457931937,3.9523260150864585,8.902241357403915
76,60,60,extra-trees-primary,0.2128485449586367,8.898181534773206,2.4725112672459564,6.848460939083154
77,60,60,extra-trees-primary,-0.13571219259292655,8.730224761142091,2.348024970265489,7.059199118809552
78,60,60,extra-trees-primary,0.3736942947952122,8.535848848657578,1.4695922775524384,7.4391862482353766
79,60,60,extra-trees-primary,0.558655994086567,9.921942111409697,4.660439993019883,8.070570323905324
80,60,60,extra-trees-primary,0.2198093005432455,8.78143773838246,1.9172039607724995,7.6103100129769246
81,60,60,extra-trees-primary,0.20148772625836844,8.799171109248242,1.42704250406393,8.596265999500726
82,60,60,extra-trees-primary,0.23294637423077788,9.609617843328802,3.7530303471541813,8.070570323905324
83,60,60,extra-trees-primary,0.19855735635552152,9.717774522229544,4.035460247515919,8.526464594930895
84,60,60,extra-trees-primary,0.22750941099564953,9.3637789379378,3.052232048765985,8.983661374039816
85,60,60,extra-trees-primary,0.19422942542208596,9.053671753582792,1.6939231786057594,10.573629502419838
86,60,60,extra-trees-primary,0.2423866735793341,9.383370447204936,2.743979642972198,10.187160313645549
87,60,60,extra-trees-primary,-0.1035863219349458,10.776718791604983,5.174634784485132,11.162628666810836
88,60,60,extra-trees-primary,0.0645357617834682,8.631399982556662,2.0527046629108368,8.374790483014678
89,60,60,extra-trees-primary,0.18168744223790095,9.29771651734968,2.6698029589225607,7.43458604621891
90,60,60,extra-trees-primary,0.39424295020625294,8.574669348321441,1.9981184341766876,10.635641933403795
91,60,60,extra-trees-primary,-0.007803800464350923,9.06490229007618,2.0699160129594834,9.168608118895262
92,60,60,extra-trees-primary,0.2631607420598246,9.327507780594312,2.0689974705333167,10.92630258472886
93,60,60,extra-trees-primary,-0.47200144264364446,9.022969416350053,3.3558029365125477,10.731069851162925
94,60,60,extra-trees-primary,0.3841354281721254,8.575757037943811,1.86989000392714,7.4599589622734
95,60,60,extra-trees-primary,0.3684196289700877,8.812147566451355,1.5617708388672138,10.665058524889238
96,60,60,extra-trees-primary,0.28838897279264253,9.376610033453206,2.751807070725311,8.897159693867208
97,60,60,extra-trees-primary,0.029596736018754368,8.565213991153655,1.6866298920646627,8.207002869180084
98,60,60,extra-trees-primary,0.09630998805310732,9.191494990689444,3.811043980192125,9.491746338863292
99,60,60,extra-trees-primary,-0.08277618736334331,9.345533191834912,2.144960287867931,11.05328358614648
0,60,60,random-forest-sensitivity,0.27744291414016187,9.568985451782138,2.9465957718257356,10.761095150935592
1,60,60,random-forest-sensitivity,0.47331785496923107,8.85356318546141,2.090086498386117,8.786615398416437
2,60,60,random-forest-sensitivity,0.2692378784121903,8.997374167843757,1.4576446177828437,9.168580821195917
3,60,60,random-forest-sensitivity,-0.21646417059261097,9.081423670554136,2.6095613355343277,9.905749275151804
4,60,60,random-forest-sensitivity,0.31271555124766126,8.891827300222927,1.8344221156184062,8.694727440336944
5,60,60,random-forest-sensitivity,0.13919257038523095,8.765086219821919,1.904781407510714,8.267245846475124
6,60,60,random-forest-sensitivity,0.1422311385614138,9.102181154474977,2.0881093353249662,8.415182634353686
7,60,60,random-forest-sensitivity,0.14234835335752766,8.757007951373412,2.7318470305437934,8.046444068792113
8,60,60,random-forest-sensitivity,0.319784505105606,8.65043427135617,1.904781407510714,8.273475557733642
9,60,60,random-forest-sensitivity,0.4188490408673895,9.267557999699864,1.9654651514291985,10.65479126599891
10,60,60,random-forest-sensitivity,0.021698262065234543,9.375949535857847,3.014734250476733,10.870541439485622
11,60,60,random-forest-sensitivity,-0.011288711964305137,9.254199239150017,3.8041233594331914,11.232157600808039
12,60,60,random-forest-sensitivity,-0.08027861055383992,8.6174869442757,1.363639332017276,8.694727440336944
13,60,60,random-forest-sensitivity,-0.11336924914906565,9.977087419177973,3.0965648367016048,10.777690281774202
14,60,60,random-forest-sensitivity,-0.011942384419448638,8.452028760410057,1.7985166470560672,8.095812132912894
15,60,60,random-forest-sensitivity,0.4197416766224106,9.235668182451255,1.3422646149564088,10.912874206552553
16,60,60,random-forest-sensitivity,0.06506773662736966,8.56758061869352,1.9648077822989602,10.790751974602605
17,60,60,random-forest-sensitivity,0.4720194756892005,8.833883749710186,2.374784523869551,8.31749235398679
18,60,60,random-forest-sensitivity,0.15539526181728017,9.718538896637055,3.1251562931600545,8.620618538743926
19,60,60,random-forest-sensitivity,0.17329305953159166,9.367399542285693,2.518782300144191,8.415182634353686
20,60,60,random-forest-sensitivity,-0.02651308522868156,9.060275140190107,3.8175857336947736,11.030587431195068
21,60,60,random-forest-sensitivity,0.16562901517029957,8.565938574701043,2.0780563431752297,8.080336390118115
22,60,60,random-forest-sensitivity,0.21008047246579356,9.619549057634497,3.6805104599062335,11.119923493160293
23,60,60,random-forest-sensitivity,-0.058422559339990535,9.749000138299383,2.738678075295346,10.809290152584799
24,60,60,random-forest-sensitivity,0.13911142168022902,9.164208885403895,3.01434665598343,7.506674408202263
25,60,60,random-forest-sensitivity,0.09787886301647769,8.355339787718073,1.7730584718362095,8.046444068792113
26,60,60,random-forest-sensitivity,0.40708247864211167,8.268510790984612,2.1550790789968595,6.979912146094438
27,60,60,random-forest-sensitivity,0.2714288934472421,8.815166961041685,1.6939231786057594,8.596265999500726
28,60,60,random-forest-sensitivity,0.35742848770371705,9.547334841925233,2.6299935677408346,8.823950640853509
29,60,60,random-forest-sensitivity,0.1293825936027771,8.283401112500487,2.0867135680098077,7.358897425259276
30,60,60,random-forest-sensitivity,0.37645335076527736,8.789369089106504,2.6259243674485364,7.63884564033739
31,60,60,random-forest-sensitivity,0.16026418411739515,8.301856589190958,2.0498034720852387,7.052291525750198
32,60,60,random-forest-sensitivity,0.3250952370218425,8.87046806525545,2.356970499194062,7.069071350410968
33,60,60,random-forest-sensitivity,0.17839641142393436,9.818332227677873,3.58894271709461,10.818959814187599
34,60,60,random-forest-sensitivity,0.23364966300746118,9.615775364376088,3.2326850568007335,10.758274140206156
35,60,60,random-forest-sensitivity,0.06654644636296012,9.605445674106436,3.084765278438361,10.671173956092225
36,60,60,random-forest-sensitivity,0.20314676644951876,8.691936612992782,1.7832533662339094,7.6611693999502535
37,60,60,random-forest-sensitivity,0.33844870725604664,9.180674409395746,2.717806087182896,7.949213757459536
38,60,60,random-forest-sensitivity,0.3576268512048329,8.722458288400725,1.86989000392714,8.786615398416437
39,60,60,random-forest-sensitivity,0.36002524626377835,8.960692440015631,3.1208468035961987,8.191367989315008
40,60,60,random-forest-sensitivity,0.4035840678042513,8.811188945657852,1.8650610604110938,8.596265999500726
41,60,60,random-forest-sensitivity,0.28872258413542823,9.703986961033623,3.963694994716925,8.620618538743926
42,60,60,random-forest-sensitivity,0.2384735026936862,9.141455546883417,3.9523260150864585,11.290482810484818
43,60,60,random-forest-sensitivity,0.08505736762617497,8.66411901725994,2.1114584175525595,7.941109245132363
44,60,60,random-forest-sensitivity,0.20313774992674075,8.784348892405639,1.7914448249372041,8.971241893512675
45,60,60,random-forest-sensitivity,0.02709014268647296,9.672905238800269,3.4752763052547806,10.769892172337173
46,60,60,random-forest-sensitivity,0.26454928656763516,8.89850282902711,1.8156572500189716,9.81354557650039
47,60,60,random-forest-sensitivity,0.22312738092554607,8.968384208716826,2.1641423803678177,10.65479126599891
48,60,60,random-forest-sensitivity,0.4129612514933616,9.151702803319315,1.6109261233853078,10.765212256365677
49,60,60,random-forest-sensitivity,0.12612762887992246,9.48704191144662,2.1523085398865778,11.150331393443476
50,60,60,random-forest-sensitivity,0.0797105696188265,8.970100475831408,3.1208468035961987,6.795230741948526
51,60,60,random-forest-sensitivity,0.027667200144264364,8.3731722045068,1.8149764362587677,7.358897425259276
52,60,60,random-forest-sensitivity,-0.1201947568920046,8.673134202791479,2.0285271472425657,8.546760110028679
53,60,60,random-forest-sensitivity,-0.18687194283524558,9.028936368547335,2.3250061365199577,9.812044366991193
54,60,60,random-forest-sensitivity,0.1915966007709127,8.464630837896905,1.6376040866453108,8.253908842028775
55,60,60,random-forest-sensitivity,0.2342086874196966,9.972044208678506,3.20494943333727,11.211007027943712
56,60,60,random-forest-sensitivity,0.2050041701417848,9.716992806943617,4.445508097613528,8.331342659720844
57,60,60,random-forest-sensitivity,0.4762031422581881,9.034902726249204,1.5301584488379083,10.598556191124205
58,60,60,random-forest-sensitivity,0.20536483105290446,9.787763088079755,2.950528957913484,11.185895662620233
59,60,60,random-forest-sensitivity,-0.19048756846921985,8.87866052417085,1.6036664599327959,8.891160797243392
60,60,60,random-forest-sensitivity,0.41976872619074457,8.90836578912935,1.9785419919938467,8.655207362980647
61,60,60,random-forest-sensitivity,-0.07432770552036608,8.487646369746319,2.0867135680098077,8.10872756847772
62,60,60,random-forest-sensitivity,-0.22141424159772782,9.378031683570768,4.763771218477797,8.694727440336944
63,60,60,random-forest-sensitivity,0.21113540563081848,8.98177491766273,1.7963841071160127,10.813563843707625
64,60,60,random-forest-sensitivity,0.15733381421454817,9.421590313028922,3.1319470132632317,7.647941352325493
65,60,60,random-forest-sensitivity,0.3733426504068706,9.37822663436081,2.439145241846783,8.655207362980647
66,60,60,random-forest-sensitivity,0.17069630097153032,9.454168839869643,3.797165183204174,10.850164615803717
67,60,60,random-forest-sensitivity,0.08824020016680567,8.58205276288159,1.8157688653197916,8.415182634353686
68,60,60,random-forest-sensitivity,0.31181389896986234,9.057080615657744,3.226246117825027,8.19784533626197
69,60,60,random-forest-sensitivity,0.2832766043775218,9.8456729552887,4.117412391027293,10.661116964359485
70,60,60,random-forest-sensitivity,0.07655478664652976,9.85121814314226,2.808256716503406,9.963278063526936
71,60,60,random-forest-sensitivity,0.29298739940941776,8.525806619044241,1.9561186286862464,7.409128333675408
72,60,60,random-forest-sensitivity,-0.19785406757883822,9.124448687078107,3.322573765247575,8.196922734333455
73,60,60,random-forest-sensitivity,0.10364042107161373,8.734283454200881,2.255089489217837,10.847631259443101
74,60,60,random-forest-sensitivity,0.26540585623154433,8.961045326715965,1.8481050776035879,8.253908842028775
75,60,60,random-forest-sensitivity,0.2501408831684061,9.850814457931937,3.9523260150864585,8.902241357403915
76,60,60,random-forest-sensitivity,0.16660279963032257,8.898181534773206,2.4725112672459564,6.848460939083154
77,60,60,random-forest-sensitivity,-0.10932984694452584,8.730224761142091,2.348024970265489,7.059199118809552
78,60,60,random-forest-sensitivity,0.3850731465410364,8.535848848657578,1.4695922775524384,7.4391862482353766
79,60,60,random-forest-sensitivity,0.3964880643779727,9.921942111409697,4.660439993019883,8.070570323905324
80,60,60,random-forest-sensitivity,0.2591844555147308,8.78143773838246,1.9172039607724995,7.6103100129769246
81,60,60,random-forest-sensitivity,0.30701710885197125,8.799171109248242,1.42704250406393,8.596265999500726
82,60,60,random-forest-sensitivity,0.1541960642878074,9.609617843328802,3.7530303471541813,8.070570323905324
83,60,60,random-forest-sensitivity,0.13752451367130267,9.717774522229544,4.035460247515919,8.526464594930895
84,60,60,random-forest-sensitivity,0.01640556319455402,9.3637789379378,3.052232048765985,8.983661374039816
85,60,60,random-forest-sensitivity,0.15453869215337104,9.053671753582792,1.6939231786057594,10.573629502419838
86,60,60,random-forest-sensitivity,0.059874219507247035,9.383370447204936,2.743979642972198,10.187160313645549
87,60,60,random-forest-sensitivity,-0.014674390821179812,10.776718791604983,5.174634784485132,11.162628666810836
88,60,60,random-forest-sensitivity,-0.04905439217365823,8.631399982556662,2.0527046629108368,8.374790483014678
89,60,60,random-forest-sensitivity,0.20172711883178818,9.29771651734968,2.6698029589225607,7.43458604621891
90,60,60,random-forest-sensitivity,-0.13026621283502018,8.574669348321441,1.9981184341766876,10.635641933403795
91,60,60,random-forest-sensitivity,0.14528773978315263,9.06490229007618,2.0699160129594834,9.168608118895262
92,60,60,random-forest-sensitivity,0.26740752428825826,9.327507780594312,2.0689974705333167,10.92630258472886
93,60,60,random-forest-sensitivity,-0.3602777089015621,9.022969416350053,3.3558029365125477,10.731069851162925
94,60,60,random-forest-sensitivity,0.4751121430020513,8.575757037943811,1.86989000392714,7.4599589622734
95,60,60,random-forest-sensitivity,0.3964519982868606,8.812147566451355,1.5617708388672138,10.665058524889238
96,60,60,random-forest-sensitivity,0.26067727763580334,9.376610033453206,2.751807070725311,8.897159693867208
97,60,60,random-forest-sensitivity,0.2518720555417803,8.565213991153655,1.6866298920646627,8.207002869180084
98,60,60,random-forest-sensitivity,0.1572706985551022,9.191494990689444,3.811043980192125,9.491746338863292
99,60,60,random-forest-sensitivity,-0.12777765254829473,9.345533191834912,2.144960287867931,11.05328358614648
0,120,120,extra-trees-primary,-0.08206388206388206,7.8206148000916444,2.161281750939848,8.224808966891953
1,120,120,extra-trees-primary,0.3290895566124924,8.05916781137823,1.5357668160226674,6.93676556140548
2,120,120,extra-trees-primary,0.2781371863940671,7.822281229147457,1.6509978654928994,8.224808966891953
3,120,120,extra-trees-primary,0.5242972747559904,8.907168239903244,1.7674488600151768,10.479824747287674
4,120,120,extra-trees-primary,0.45322002569708986,8.804193455112639,1.3177968314859743,10.65479126599891
5,120,120,extra-trees-primary,0.255036855036855,8.45177450140476,1.681204803373829,8.317254537944489
6,120,120,extra-trees-primary,0.05821080226961178,7.6324499953134,2.001031583072978,7.321438893898572
7,120,120,extra-trees-primary,0.2360119919752947,8.954559047639787,2.383514014680502,8.596265999500726
8,120,120,extra-trees-primary,0.32101976872619076,8.738506754885805,1.5308943740518444,8.655207362980647
9,120,120,extra-trees-primary,0.34799720487793884,8.509094180039424,1.3490457154811808,8.317254537944489
10,120,120,extra-trees-primary,0.20629353289903746,8.29996495363839,1.810181525641492,7.340153275110779
11,120,120,extra-trees-primary,0.07311047494533733,8.699152338364195,1.8438257596699923,7.156706092029152
12,120,120,extra-trees-primary,0.2935554403444312,8.186178832745519,1.3449806034503866,8.196405191571131
13,120,120,extra-trees-primary,0.1911908572459031,8.519321626753506,2.379828626868933,6.736298193465601
14,120,120,extra-trees-primary,0.17026350787818678,9.027252742567448,3.9046680016269946,10.819695875381235
15,120,120,extra-trees-primary,0.24412686247548632,8.048056509981063,1.840881567321828,8.340466255624795
16,120,120,extra-trees-primary,-0.14272704731420327,9.599286739844354,3.1913878844983334,10.805782473967254
17,120,120,extra-trees-primary,0.3027613101007597,7.781112258669286,1.3547263567383796,9.083908433736065
18,120,120,extra-trees-primary,0.2206839032527106,7.687074838488185,2.0279606331612445,8.184992924654718
19,120,120,extra-trees-primary,0.3967134774474224,8.03366706537467,1.8106049084421183,6.617213424454388
20,120,120,extra-trees-primary,0.4630750850934337,8.454866209453701,1.3410327254894803,8.596265999500726
21,120,120,extra-trees-primary,0.23363162996190517,8.174822042173309,1.7881775381327965,7.052291525750198
22,120,120,extra-trees-primary,0.14164506458084442,8.95191202580713,2.021986664934469,10.453209565653964
23,120,120,extra-trees-primary,0.5422942542208598,8.701129487482405,1.680556097140468,8.655207362980647
24,120,120,extra-trees-primary,0.2854766359353515,8.85910202722201,3.089219279486163,7.9732358016075375
25,120,120,extra-trees-primary,0.2514572954939927,8.260033036498307,1.4537095148217622,7.9732358016075375
26,120,120,extra-trees-primary,0.2799404909496652,7.507707536234988,1.9172039607724995,8.196405191571131
27,120,120,extra-trees-primary,0.4427698757973987,8.347310765938294,1.4674548087143333,8.801902082194502
28,120,120,extra-trees-primary,0.03659355769447512,7.661469292394535,1.8200577493584524,8.225694929272963
29,120,120,extra-trees-primary,0.4428600410251787,8.000522991963631,1.3431967447096498,7.059199118809552
30,120,120,extra-trees-primary,0.23508329012916168,8.920850637067979,1.460811369674703,10.550744496545022
31,120,120,extra-trees-primary,0.31404999661880395,7.972847246268025,1.5350308908087316,6.692924997376225
32,120,120,extra-trees-primary,0.3616662534093727,9.252435336160449,2.6164355680355564,8.415182634353686
33,120,120,extra-trees-primary,0.3737393774091022,7.780776280967768,1.537008804715272,8.196922734333455
34,120,120,extra-trees-primary,0.3030949214435453,8.529677316879187,1.8170875232872608,8.596265999500726
35,120,120,extra-trees-primary,0.24837364470391993,8.41387684571715,2.055929190242451,7.260767268751577
36,120,120,extra-trees-primary,0.03771160651894597,8.291967870360773,2.0648180196563213,10.724700070580901
37,120,120,extra-trees-primary,0.2098460428735658,8.330591251816577,1.3462493262214577,8.375693661092344
38,120,120,extra-trees-primary,0.2500146518495142,8.364050789792522,1.9522968369136888,7.837302639635784
39,120,120,extra-trees-primary,0.32188535491287784,8.00005118017664,1.5301584488379083,7.949213757459536
40,120,120,extra-trees-primary,0.386416608434957,9.012049212446533,1.7188000495026172,10.806706227112192
41,120,120,extra-trees-primary,0.20673534251515902,8.50937584047399,3.1231484464893575,10.37884727194983
42,120,120,extra-trees-primary,0.20841241575186528,7.851522583762301,1.5301584488379083,6.692924997376225
43,120,120,extra-trees-primary,0.43295989901494486,8.523251342923045,1.500717850343394,8.225694929272963
44,120,120,extra-trees-primary,-0.2155174357009219,9.007228293907087,4.6331132690442525,8.196922734333455
45,120,120,extra-trees-primary,0.11127741586457184,7.969441296102141,2.0285271472425657,7.310936001131544
46,120,120,extra-trees-primary,0.283114306967518,9.110046486016095,1.8556574163595076,10.550744496545022
47,120,120,extra-trees-primary,0.08701395306899894,8.560430530471054,1.8358394986712616,7.9732358016075375
48,120,120,extra-trees-primary,0.35318170547528344,8.591539505426915,1.5167457737643435,9.718999297506183
49,120,120,extra-trees-primary,0.216428104501499,8.923385428012216,2.3199344464397886,7.9732358016075375
50,120,120,extra-trees-primary,0.1557469062056218,8.637412901438132,1.8787201995967955,7.852173456434224
51,120,120,extra-trees-primary,0.3578252147059487,8.366264188095911,1.5465501719382293,8.224808966891953
52,120,120,extra-trees-primary,0.33511259382819014,8.108832624913981,1.3794808002648042,7.0759789434703215
53,120,120,extra-trees-primary,0.18054234384509613,8.252955434820338,1.9751126790769902,7.059199118809552
54,120,120,extra-trees-primary,0.3119220972431982,8.402629747744367,1.4913343442360396,8.253908842028775
55,120,120,extra-trees-primary,0.20699682167572073,8.051078247444563,1.5204919425575238,7.4493306002019475
56,120,120,extra-trees-primary,0.2296012442801434,8.620323128163035,2.3005223339212613,6.979912146094438
57,120,120,extra-trees-primary,0.1580010369001195,8.642581758480764,3.2326850568007335,10.338286264251492
58,120,120,extra-trees-primary,0.2711133151500124,8.78719685491679,1.5465501719382293,10.06164870682337
59,120,120,extra-trees-primary,0.27664946013569863,8.279748024298772,1.3337232865955695,8.163995087793605
60,120,120,extra-trees-primary,0.03607961589612966,8.772083643620139,1.8506434049487406,8.09146564115488
61,120,120,extra-trees-primary,0.10595766742555733,8.271168463529781,1.9561186286862464,7.0595350913690496
62,120,120,extra-trees-primary,0.19164168338480264,8.489209682571975,1.8540951444342566,8.546760110028679
63,120,120,extra-trees-primary,0.4615242431756193,7.971694225069794,1.345309668485375,6.918851420758262
64,120,120,extra-trees-primary,0.07503099429704935,8.17621773984973,1.6797292153390018,6.92957267211213
65,120,120,extra-trees-primary,0.3533440028852873,7.9383285962584855,1.7674488600151768,7.4493306002019475
66,120,120,extra-trees-primary,0.2911931113765976,8.099515873288974,2.3122454394591734,7.692635810567409
67,120,120,extra-trees-primary,0.1447287153709172,9.284154660567776,2.83827312628099,10.476139334983685
68,120,120,extra-trees-primary,0.48764510966345825,9.128999960637719,1.680556097140468,10.806706227112192
69,120,120,extra-trees-primary,0.15360999030723801,7.634314053708539,1.4698457682707535,8.064815062926392
70,120,120,extra-trees-primary,0.3051236390685932,8.016264063096868,1.5465501719382293,6.692924997376225
71,120,120,extra-trees-primary,0.1566305254378649,8.133018444465016,1.681204803373829,7.4493306002019475
72,120,120,extra-trees-primary,0.31751234136555234,8.482200419606903,1.9522968369136888,8.556912775758626
73,120,120,extra-trees-primary,0.09542636882086422,8.08372865213293,1.436446033846185,7.044490610498358
74,120,120,extra-trees-primary,0.19960327299776842,7.600700870949142,2.374784523869551,7.31189515697914
75,120,120,extra-trees-primary,0.5031895949327142,8.163309076688817,1.3259609432471045,6.859819829345218
76,120,120,extra-trees-primary,0.20330906385952255,8.598219714015583,1.7969798512270414,8.070570323905324
77,120,120,extra-trees-primary,-0.03585420282667989,7.550693733294912,1.6939231786057594,8.196405191571131
78,120,120,extra-trees-primary,0.1869801411085815,8.98571104208606,2.249244337626947,10.425207609154935
79,120,120,extra-trees-primary,0.2595000338119604,8.920414591295591,3.089219279486163,6.943136968061816
80,120,120,extra-trees-primary,0.3365281879043347,9.008131522221484,2.330305890609291,7.9732358016075375
81,120,120,extra-trees-primary,0.26754277212992805,9.091749068324658,2.7282173570294175,9.482315740395357
82,120,120,extra-trees-primary,0.0015283006108694182,7.8404665211391045,1.9463799190487099,8.267245846475124
83,120,120,extra-trees-primary,0.2858823794603611,8.895501133218419,1.808817676109032,10.25541091524859
84,120,120,extra-trees-primary,0.12543335662601718,9.66220343324159,3.017564155464926,10.806706227112192
85,120,120,extra-trees-primary,0.24587606789441652,8.859099168681423,2.120760451815063,7.272299748717113
86,120,120,extra-trees-primary,0.2200076640443613,9.498069378720391,3.1820992736798512,10.425207609154935
87,120,120,extra-trees-primary,0.15177061966052793,8.098535679924582,1.363639332017276,7.294151757934264
88,120,120,extra-trees-primary,0.17997430291008273,9.015801703900209,3.895486728199611,7.639744887084367
89,120,120,extra-trees-primary,0.20895340711854474,7.230739191947497,1.8156572500189716,6.881396342856144
90,120,120,extra-trees-primary,0.12561847850375332,8.251717799270489,1.4487827220162637,10.395005674378229
91,120,120,extra-trees-primary,0.3442192818339607,8.783339602745656,1.3235649572750827,10.36982077298863
92,120,120,extra-trees-primary,0.06468904267069404,8.155897648247457,1.8833668075521046,7.413128344249794
93,120,120,extra-trees-primary,0.5215742848770372,7.573233073759575,1.5940559443619313,8.196922734333455
94,120,120,extra-trees-primary,0.1993327773144287,8.09271583931354,2.530460848272578,8.389262925145077
95,120,120,extra-trees-primary,0.17475373622162613,8.264301053033956,1.8540951444342566,7.542556611733287
96,120,120,extra-trees-primary,0.4485494668980908,8.163930242971418,1.3201270039002453,8.374790483014678
97,120,120,extra-trees-primary,0.3180082501183419,8.702383372934095,2.14221671474559,7.64404666323238
98,120,120,extra-trees-primary,0.5503460090616054,8.55557206091872,1.3163390575531584,10.37884727194983
99,120,120,extra-trees-primary,0.14331312129477267,8.134714657043597,1.7987011701862659,7.052291525750198
0,120,120,random-forest-sensitivity,-0.06092915267227193,7.8206148000916444,2.161281750939848,8.224808966891953
1,120,120,random-forest-sensitivity,0.4730473592858914,8.05916781137823,1.5357668160226674,6.93676556140548
2,120,120,random-forest-sensitivity,0.13270067398507765,7.822281229147457,1.6509978654928994,8.224808966891953
3,120,120,random-forest-sensitivity,0.41955232964407274,8.907168239903244,1.7674488600151768,10.479824747287674
4,120,120,random-forest-sensitivity,0.37655253251583526,8.804193455112639,1.3177968314859743,10.65479126599891
5,120,120,random-forest-sensitivity,0.267605887789374,8.45177450140476,1.681204803373829,8.317254537944489
6,120,120,random-forest-sensitivity,0.059243062912787685,7.6324499953134,2.001031583072978,7.321438893898572
7,120,120,random-forest-sensitivity,0.35628338931091225,8.954559047639787,2.383514014680502,8.596265999500726
8,120,120,random-forest-sensitivity,0.36387530148998043,8.738506754885805,1.5308943740518444,8.655207362980647
9,120,120,random-forest-sensitivity,0.3363027748348849,8.509094180039424,1.3490457154811808,8.317254537944489
10,120,120,random-forest-sensitivity,0.22539954466559972,8.29996495363839,1.810181525641492,7.340153275110779
11,120,120,random-forest-sensitivity,0.1357482586840385,8.699152338364195,1.8438257596699923,7.156706092029152
12,120,120,random-forest-sensitivity,0.2829520095575142,8.186178832745519,1.3449806034503866,8.196405191571131
13,120,120,random-forest-sensitivity,0.24526294434551316,8.519321626753506,2.379828626868933,6.736298193465601
14,120,120,random-forest-sensitivity,0.28048148231634473,9.027252742567448,3.9046680016269946,10.819695875381235
15,120,120,random-forest-sensitivity,0.2080247052724117,8.048056509981063,1.840881567321828,8.340466255624795
16,120,120,random-forest-sensitivity,-0.1370195883957352,9.599286739844354,3.1913878844983334,10.805782473967254
17,120,120,random-forest-sensitivity,0.21917814394878615,7.781112258669286,1.3547263567383796,9.083908433736065
18,120,120,random-forest-sensitivity,0.27393548677952345,7.687074838488185,2.0279606331612445,8.184992924654718
19,120,120,random-forest-sensitivity,0.3899961679778194,8.03366706537467,1.8106049084421183,6.617213424454388
20,120,120,random-forest-sensitivity,0.3826927845276469,8.454866209453701,1.3410327254894803,8.596265999500726
21,120,120,random-forest-sensitivity,0.40221355634199674,8.174822042173309,1.7881775381327965,7.052291525750198
22,120,120,random-forest-sensitivity,0.25143024592565877,8.95191202580713,2.021986664934469,10.453209565653964
23,120,120,random-forest-sensitivity,0.4049726123120619,8.701129487482405,1.680556097140468,8.655207362980647
24,120,120,random-forest-sensitivity,0.22438067759168678,8.85910202722201,3.089219279486163,7.9732358016075375
25,120,120,random-forest-sensitivity,0.2641164934742916,8.260033036498307,1.4537095148217622,7.9732358016075375
26,120,120,random-forest-sensitivity,0.2760543696323513,7.507707536234988,1.9172039607724995,8.196405191571131
27,120,120,random-forest-sensitivity,0.4354935419155603,8.347310765938294,1.4674548087143333,8.801902082194502
28,120,120,random-forest-sensitivity,0.04396907332687149,7.661469292394535,1.8200577493584524,8.225694929272963
29,120,120,random-forest-sensitivity,0.38826499560444516,8.000522991963631,1.3431967447096498,7.059199118809552
30,120,120,random-forest-sensitivity,0.29297838288663974,8.920850637067979,1.460811369674703,10.550744496545022
31,120,120,random-forest-sensitivity,0.31090323016928517,7.972847246268025,1.5350308908087316,6.692924997376225
32,120,120,random-forest-sensitivity,0.13778599283186438,9.252435336160449,2.6164355680355564,8.415182634353686
33,120,120,random-forest-sensitivity,0.20708698690350066,7.780776280967768,1.537008804715272,8.196922734333455
34,120,120,random-forest-sensitivity,0.32622230236909133,8.529677316879187,1.8170875232872608,8.596265999500726
35,120,120,random-forest-sensitivity,0.12960800667222688,8.41387684571715,2.055929190242451,7.260767268751577
36,120,120,random-forest-sensitivity,0.0377837387011699,8.291967870360773,2.0648180196563213,10.724700070580901
37,120,120,random-forest-sensitivity,0.2054369632351284,8.330591251816577,1.3462493262214577,8.375693661092344
38,120,120,random-forest-sensitivity,0.28211347293916095,8.364050789792522,1.9522968369136888,7.837302639635784
39,120,120,random-forest-sensitivity,0.30813515767644206,8.00005118017664,1.5301584488379083,7.949213757459536
40,120,120,random-forest-sensitivity,0.43111151184545676,9.012049212446533,1.7188000495026172,10.806706227112192
41,120,120,random-forest-sensitivity,0.20284922119784504,8.50937584047399,3.1231484464893575,10.37884727194983
42,120,120,random-forest-sensitivity,0.19792619976106215,7.851522583762301,1.5301584488379083,6.692924997376225
43,120,120,random-forest-sensitivity,0.3608727994049095,8.523251342923045,1.500717850343394,8.225694929272963
44,120,120,random-forest-sensitivity,-0.1732299438721457,9.007228293907087,4.6331132690442525,8.196922734333455
45,120,120,random-forest-sensitivity,0.10074611725987873,7.969441296102141,2.0285271472425657,7.310936001131544
46,120,120,random-forest-sensitivity,0.26333205599260645,9.110046486016095,1.8556574163595076,10.550744496545022
47,120,120,random-forest-sensitivity,0.12114149178369361,8.560430530471054,1.8358394986712616,7.9732358016075375
48,120,120,random-forest-sensitivity,0.19967540517999233,8.591539505426915,1.5167457737643435,9.718999297506183
49,120,120,random-forest-sensitivity,0.3215517435700922,8.923385428012216,2.3199344464397886,7.9732358016075375
50,120,120,random-forest-sensitivity,0.2279151545206591,8.637412901438132,1.8787201995967955,7.852173456434224
51,120,120,random-forest-sensitivity,0.3001104524040304,8.366264188095911,1.5465501719382293,8.224808966891953
52,120,120,random-forest-sensitivity,0.32516736920406647,8.108832624913981,1.3794808002648042,7.0759789434703215
53,120,120,random-forest-sensitivity,0.18246286319680813,8.252955434820338,1.9751126790769902,7.059199118809552
54,120,120,random-forest-sensitivity,0.1869530915402475,8.402629747744367,1.4913343442360396,8.253908842028775
55,120,120,random-forest-sensitivity,0.2325676802741023,8.051078247444563,1.5204919425575238,7.4493306002019475
56,120,120,random-forest-sensitivity,0.2573901674819106,8.620323128163035,2.3005223339212613,6.979912146094438
57,120,120,random-forest-sensitivity,0.15241980930054325,8.642581758480764,3.2326850568007335,10.338286264251492
58,120,120,random-forest-sensitivity,0.1744020918332845,8.78719685491679,1.5465501719382293,10.06164870682337
59,120,120,random-forest-sensitivity,0.4293983725176385,8.279748024298772,1.3337232865955695,8.163995087793605
60,120,120,random-forest-sensitivity,0.07715889367265515,8.772083643620139,1.8506434049487406,8.09146564115488
61,120,120,random-forest-sensitivity,0.13972454522913239,8.271168463529781,1.9561186286862464,7.0595350913690496
62,120,120,random-forest-sensitivity,0.28306922435362797,8.489209682571975,1.8540951444342566,8.546760110028679
63,120,120,random-forest-sensitivity,0.41338502806392713,7.971694225069794,1.345309668485375,6.918851420758262
64,120,120,random-forest-sensitivity,0.0820278159727701,8.17621773984973,1.6797292153390018,6.92957267211213
65,120,120,random-forest-sensitivity,0.34012578049275294,7.9383285962584855,1.7674488600151768,7.4493306002019475
66,120,120,random-forest-sensitivity,0.285999594256475,8.099515873288974,2.3122454394591734,7.692635810567409
67,120,120,random-forest-sensitivity,0.003818497396479048,9.284154660567776,2.83827312628099,10.476139334983685
68,120,120,random-forest-sensitivity,0.18322025111015935,9.128999960637719,1.680556097140468,10.806706227112192
69,120,120,random-forest-sensitivity,0.008579221423258121,7.634314053708539,1.4698457682707535,8.064815062926392
70,120,120,random-forest-sensitivity,0.4130604332439195,8.016264063096868,1.5465501719382293,6.692924997376225
71,120,120,random-forest-sensitivity,0.21953880485990576,8.133018444465016,1.681204803373829,7.4493306002019475
72,120,120,random-forest-sensitivity,0.3920339021256452,8.482200419606903,1.9522968369136888,8.556912775758626
73,120,120,random-forest-sensitivity,0.12005950905033473,8.08372865213293,1.436446033846185,7.044490610498358
74,120,120,random-forest-sensitivity,-0.00017582219417081803,7.600700870949142,2.374784523869551,7.31189515697914
75,120,120,random-forest-sensitivity,0.4810269819444131,8.163309076688817,1.3259609432471045,6.859819829345218
76,120,120,random-forest-sensitivity,0.1356580934562586,8.598219714015583,1.7969798512270414,8.070570323905324
77,120,120,random-forest-sensitivity,0.011040732141649573,7.550693733294912,1.6939231786057594,8.196405191571131
78,120,120,random-forest-sensitivity,0.3107228997137254,8.98571104208606,2.249244337626947,10.425207609154935
79,120,120,random-forest-sensitivity,0.3879043346933255,8.920414591295591,3.089219279486163,6.943136968061816
80,120,120,random-forest-sensitivity,0.2728354710006086,9.008131522221484,2.330305890609291,7.9732358016075375
81,120,120,random-forest-sensitivity,0.2949620178977977,9.091749068324658,2.7282173570294175,9.482315740395357
82,120,120,random-forest-sensitivity,0.09594031061920971,7.8404665211391045,1.9463799190487099,8.267245846475124
83,120,120,random-forest-sensitivity,0.32350832901291615,8.895501133218419,1.808817676109032,10.25541091524859
84,120,120,random-forest-sensitivity,0.34295696864504205,9.66220343324159,3.017564155464926,10.806706227112192
85,120,120,random-forest-sensitivity,0.26118612357144466,8.859099168681423,2.120760451815063,7.272299748717113
86,120,120,random-forest-sensitivity,0.30816220724477605,9.498069378720391,3.1820992736798512,10.425207609154935
87,120,120,random-forest-sensitivity,0.12960800667222688,8.098535679924582,1.363639332017276,7.294151757934264
88,120,120,random-forest-sensitivity,0.2856840159592453,9.015801703900209,3.895486728199611,7.639744887084367
89,120,120,random-forest-sensitivity,0.25634425083966367,7.230739191947497,1.8156572500189716,6.881396342856144
90,120,120,random-forest-sensitivity,0.05965782296057525,8.251717799270489,1.4487827220162637,10.395005674378229
91,120,120,random-forest-sensitivity,0.2951693979216915,8.783339602745656,1.3235649572750827,10.36982077298863
92,120,120,random-forest-sensitivity,0.14855172102878528,8.155897648247457,1.8833668075521046,7.413128344249794
93,120,120,random-forest-sensitivity,0.26023037215697764,7.573233073759575,1.5940559443619313,8.196922734333455
94,120,120,random-forest-sensitivity,0.1977819353966143,8.09271583931354,2.530460848272578,8.389262925145077
95,120,120,random-forest-sensitivity,0.2598606947230801,8.264301053033956,1.8540951444342566,7.542556611733287
96,120,120,random-forest-sensitivity,0.5709938462232041,8.163930242971418,1.3201270039002453,8.374790483014678
97,120,120,random-forest-sensitivity,0.2689763992516286,8.702383372934095,2.14221671474559,7.64404666323238
98,120,120,random-forest-sensitivity,0.4644455965556883,8.55557206091872,1.3163390575531584,10.37884727194983
99,120,120,random-forest-sensitivity,0.3248968735207267,8.134714657043597,1.7987011701862659,7.052291525750198
0,240,240,extra-trees-primary,0.3830534454387665,7.703291257316413,1.1073512874431912,7.465253387502781
1,240,240,extra-trees-primary,0.35199152446858867,6.925866984378828,1.1667932376726973,6.618118971512703
2,240,240,extra-trees-primary,0.4199580731690823,6.894965851466586,1.5465501719382293,6.69730027867499
3,240,240,extra-trees-primary,0.37872551450533104,7.774544778331812,1.4700287796772173,7.116245972007694
4,240,240,extra-trees-primary,0.32943218447805606,8.053943765376506,1.7674488600151768,6.308997135173213
5,240,240,extra-trees-primary,0.22281180262831637,7.250026864169222,1.810181525641492,7.692635810567409
6,240,240,extra-trees-primary,0.14276311340531525,7.738931223530552,1.172429682416176,7.465253387502781
7,240,240,extra-trees-primary,0.4391542501634244,7.697179167052552,1.3409112445116345,6.8674329205909235
8,240,240,extra-trees-primary,0.33618556003877104,6.947910268374883,1.1073512874431912,7.696530499660522
9,240,240,extra-trees-primary,0.4093095597682753,6.772815162806556,1.3409112445116345,6.665535941243651
10,240,240,extra-trees-primary,0.38723711200775424,7.62271252522777,1.3177968314859743,6.6217224947296165
11,240,240,extra-trees-primary,0.3407208709961003,6.735275853546785,1.3177968314859743,6.494425763641257
12,240,240,extra-trees-primary,0.38212474359263343,7.910478833133712,1.3449806034503866,7.052291525750198
13,240,240,extra-trees-primary,0.09484029484029484,7.129404443155398,1.5301584488379083,8.249356049499307
14,240,240,extra-trees-primary,0.09346076685526226,6.791559403166599,1.1073512874431912,6.494425763641257
15,240,240,extra-trees-primary,0.3664810765728197,7.24942749316715,1.315244369963862,7.9732358016075375
16,240,240,extra-trees-primary,0.4060095124315308,6.788221421341771,1.3409112445116345,6.652410097347356
17,240,240,extra-trees-primary,0.316944300430539,7.309275646748301,1.7273476156193026,8.304259087814549
18,240,240,extra-trees-primary,0.41800148772625834,7.961297816681092,1.4708014667813374,7.340153275110779
19,240,240,extra-trees-primary,0.3375109888871357,7.75833367542404,1.315244369963862,6.971673701981342
20,240,240,extra-trees-primary,0.0723530870319861,6.575526469520922,1.1073512874431912,6.236093066483679
21,240,240,extra-trees-primary,0.23753578432477515,6.981977606858478,1.6509978654928994,6.518727119871102
22,240,240,extra-trees-primary,0.3107769988503934,7.998176224867359,1.3249693824340165,7.696530499660522
23,240,234,extra-trees-primary,0.42677456438924327,7.543435952967852,1.315244369963862,6.570702762624618
24,240,240,extra-trees-primary,0.4151793160967473,7.492684195970937,1.1667932376726973,6.236093066483679
25,240,240,extra-trees-primary,0.3774902508847463,7.566442040970531,1.3177968314859743,6.310488563740308
26,240,240,extra-trees-primary,0.3685999594256475,7.654543715888375,1.1667932376726973,6.236093066483679
27,240,240,extra-trees-primary,0.35177512792191695,8.279081623952298,1.3262710975319103,8.556912775758626
28,240,240,extra-trees-primary,0.43091314834434097,7.01492730857116,1.5301584488379083,6.826740032741864
29,240,240,extra-trees-primary,0.41709081892568134,7.987512458278967,1.2483151672411226,7.692635810567409
30,240,240,extra-trees-primary,0.35163988008024705,6.94360561393231,1.3276261348755083,6.837631972964371
31,240,240,extra-trees-primary,0.4174965624506909,8.00548398051944,1.2483151672411226,6.77426334180562
32,240,240,extra-trees-primary,0.35471451434754186,8.08512171703455,1.4591437646324936,7.340153275110779
33,240,240,extra-trees-primary,0.31186799810653026,6.900743895095882,1.4700287796772173,6.652410097347356
34,240,240,extra-trees-primary,0.3461398011856728,6.829378610793193,1.1073512874431912,7.692635810567409
35,240,240,extra-trees-primary,0.1360277708901562,7.377307881645258,1.9432508565110573,7.029079680474235
36,240,240,extra-trees-primary,0.3897887879539256,7.5304251166349365,1.3177968314859743,6.236093066483679
37,240,240,extra-trees-primary,0.2426842188310078,7.657757842839594,1.3667566805990539,6.236093066483679
38,240,240,extra-trees-primary,0.07813267813267813,6.7722564294051475,1.4062197261014933,6.494425763641257
39,240,240,extra-trees-primary,0.3751189053941348,6.900421666943292,1.1667932376726973,6.652410097347356
40,240,240,extra-trees-primary,0.3493857493857494,6.6112030479674715,1.1667932376726973,6.236093066483679
41,240,240,extra-trees-primary,0.3542817212541983,6.88519140126305,1.315244369963862,7.755738961746296
42,240,240,extra-trees-primary,0.14272704731420327,7.678674743418557,1.2700352539221726,6.308997135173213
43,240,240,extra-trees-primary,0.3609809976782454,6.835363586224061,1.4700287796772173,6.652410097347356
44,240,240,extra-trees-primary,0.18246286319680813,7.747829241502563,1.5465501719382293,6.585791996325701
45,240,240,extra-trees-primary,0.07008993981471046,7.772960516635761,1.3422646149564088,6.791817859503774
46,240,240,extra-trees-primary,0.26071726438698917,6.583477467023179,1.1667932376726973,6.308997135173213
47,240,240,extra-trees-primary,0.37639925162860943,7.190535698137233,1.6098413502763365,8.249356049499307
48,240,240,extra-trees-primary,0.4236277979397245,7.433787054245177,1.1073512874431912,6.308997135173213
49,240,240,extra-trees-primary,0.43462795572887314,7.412144859273681,1.3428935921816292,8.389262925145077
50,240,240,extra-trees-primary,0.3107769988503934,6.812474152983032,1.315244369963862,6.822364751443099
51,240,240,extra-trees-primary,0.1428803282014291,8.135662182533062,1.3409112445116345,8.375693661092344
52,240,240,extra-trees-primary,0.38998715145504137,6.86662491841175,1.1073512874431912,6.764775331053712
53,240,240,extra-trees-primary,0.41369158983837884,7.347358923861539,1.9522968369136888,8.304259087814549
54,240,240,extra-trees-primary,0.5915966007709127,8.202944808836135,1.1073512874431912,8.070570323905324
55,240,240,extra-trees-primary,0.2614926853458963,6.7288823301510385,1.1667932376726973,6.518727119871102
56,240,240,extra-trees-primary,0.3340576606631653,8.229559879041286,1.3462493262214577,8.253908842028775
57,240,240,extra-trees-primary,0.36291053355273534,6.668348065637065,1.3177968314859743,6.494425763641257
58,240,240,extra-trees-primary,0.3405134909722065,7.418829245177702,1.1073512874431912,6.236093066483679
59,240,240,extra-trees-primary,0.3338412641164935,6.990468237115306,1.3449806034503866,7.116245972007694
60,240,240,extra-trees-primary,0.13366544192232266,6.663819114922241,1.3262710975319103,6.236093066483679
61,240,240,extra-trees-primary,0.40837184139936433,7.6829844836525405,1.3259609432471045,6.610093352555545
62,240,240,extra-trees-primary,0.35847440434596395,7.703687525802775,1.3177968314859743,6.610093352555545
63,240,240,extra-trees-primary,0.2776502941640557,6.7164773804583575,1.315244369963862,6.652410097347356
64,240,240,extra-trees-primary,0.1300317832427924,7.169644479455456,1.659290155791852,6.886426087423171
65,240,240,extra-trees-primary,0.3931880170412281,7.549272482987217,1.3253172071782924,6.570702762624618
66,240,240,extra-trees-primary,0.21286657800419267,7.448325130311852,1.500717850343394,8.479134581752422
67,240,240,extra-trees-primary,0.28666681694204627,7.026291533273758,1.3438240550360467,7.465253387502781
68,240,240,extra-trees-primary,0.36633681220837183,6.634256829143754,1.1073512874431912,6.540936425471026
69,240,240,extra-trees-primary,0.39154700989563374,7.973647388676598,1.3177968314859743,8.196405191571131
70,240,240,extra-trees-primary,0.3576448842503889,7.516403030806082,1.315244369963862,6.479062086806641
71,240,240,extra-trees-primary,0.3480783535829407,8.022653996523575,1.3259609432471045,7.837302639635784
72,240,240,extra-trees-primary,0.30224736830241417,7.80735284854469,1.172429682416176,7.692635810567409
73,240,240,extra-trees-primary,0.3617654351599306,7.198932422199786,1.3438240550360467,7.052291525750198
74,240,240,extra-trees-primary,0.33105515857809437,6.986268311579032,1.3440501405959693,6.837631972964371
75,240,240,extra-trees-primary,0.3105696188264995,6.896772952138503,1.3249693824340165,6.503363443036486
76,240,240,extra-trees-primary,0.41783919031625455,7.856590858789059,1.3163390575531584,6.92957267211213
77,240,240,extra-trees-primary,0.1917769312264725,7.431250729159746,1.810181525641492,6.518727119871102
78,240,240,extra-trees-primary,0.4673489168902013,7.596865647938367,1.3438240550360467,6.525572748636411
79,240,240,extra-trees-primary,0.10591258481166739,6.917572574621763,1.5301584488379083,6.665535941243651
80,240,240,extra-trees-primary,0.2514572954939927,7.595065230445217,1.3409112445116345,6.479062086806641
81,240,240,extra-trees-primary,0.0804769740549557,8.034254666564136,1.3444654674807208,7.852173456434224
82,240,240,extra-trees-primary,0.3174582422288844,6.894407965886325,1.3160210941019526,7.755738961746296
83,240,240,extra-trees-primary,0.3418659693889052,6.970668931038227,1.6081191707696656,6.532319651849959
84,240,240,extra-trees-primary,0.33245271960868295,7.035923824254479,1.3177968314859743,6.652410097347356
85,240,240,extra-trees-primary,0.3888150034939026,6.566489339209798,1.1073512874431912,6.308997135173213
86,240,240,extra-trees-primary,0.3738836417735501,7.725053943158308,1.3667566805990539,6.308997135173213
87,240,240,extra-trees-primary,0.3750107071207988,7.544639765554733,1.1073512874431912,6.570702762624618
88,240,240,extra-trees-primary,0.43216644501048174,7.407312661314205,1.9032641369065724,7.852173456434224
89,240,240,extra-trees-primary,0.02587291211144422,6.60408273401472,1.1073512874431912,6.494425763641257
90,240,240,extra-trees-primary,0.3543087708225323,6.8956079464618965,1.3440501405959693,6.571011872752456
91,240,240,extra-trees-primary,0.3156459211505083,7.523903962723835,1.1073512874431912,6.570702762624618
92,240,240,extra-trees-primary,0.42619750693145186,7.1225183233450915,1.5023419976670018,8.036209914946369
93,240,240,extra-trees-primary,0.3003088159051462,6.704816308836643,1.315244369963862,6.479062086806641
94,240,240,extra-trees-primary,0.3519464418546987,6.688804194389956,1.1667932376726973,6.479062086806641
95,240,240,extra-trees-primary,0.18120055000788945,7.608860146298922,1.1808843975047896,6.77426334180562
96,240,240,extra-trees-primary,0.4435813628474179,7.512414279920548,1.1073512874431912,6.570702762624618
97,240,240,extra-trees-primary,0.17333814214548163,7.6816371275039765,1.1073512874431912,6.308997135173213
98,240,240,extra-trees-primary,0.29125622703604354,6.823345146573432,1.3160210941019526,7.449404293714182
99,240,240,extra-trees-primary,0.35895228005319746,7.443981671554232,1.1667932376726973,6.236093066483679
0,240,240,random-forest-sensitivity,0.32945923404639,7.703291257316413,1.1073512874431912,7.465253387502781
1,240,240,random-forest-sensitivity,0.3260329553907535,6.925866984378828,1.1667932376726973,6.618118971512703
2,240,240,random-forest-sensitivity,0.30857696729256356,6.894965851466586,1.5465501719382293,6.69730027867499
3,240,240,random-forest-sensitivity,0.37045736311791355,7.774544778331812,1.4700287796772173,7.116245972007694
4,240,240,random-forest-sensitivity,0.24980727182562046,8.053943765376506,1.7674488600151768,6.308997135173213
5,240,240,random-forest-sensitivity,0.24140387259653315,7.250026864169222,1.810181525641492,7.692635810567409
6,240,240,random-forest-sensitivity,0.2796970448346595,7.738931223530552,1.172429682416176,7.465253387502781
7,240,240,random-forest-sensitivity,0.34946689809075127,7.697179167052552,1.3409112445116345,6.8674329205909235
8,240,240,random-forest-sensitivity,0.34235286161891665,6.947910268374883,1.1073512874431912,7.696530499660522
9,240,240,random-forest-sensitivity,0.4129071523566936,6.772815162806556,1.3409112445116345,6.665535941243651
10,240,240,random-forest-sensitivity,0.38341410634988615,7.62271252522777,1.3177968314859743,6.6217224947296165
11,240,240,random-forest-sensitivity,0.3112188084665149,6.735275853546785,1.3177968314859743,6.494425763641257
12,240,240,random-forest-sensitivity,0.40141108581475554,7.910478833133712,1.3449806034503866,7.052291525750198
13,240,240,random-forest-sensitivity,0.201947568920046,7.129404443155398,1.5301584488379083,8.249356049499307
14,240,240,random-forest-sensitivity,0.14096882537249508,6.791559403166599,1.1073512874431912,6.494425763641257
15,240,240,random-forest-sensitivity,0.2880463449270789,7.24942749316715,1.315244369963862,7.9732358016075375
16,240,240,random-forest-sensitivity,0.3647318711538895,6.788221421341771,1.3409112445116345,6.652410097347356
17,240,240,random-forest-sensitivity,0.5414016184658387,7.309275646748301,1.7273476156193026,8.304259087814549
18,240,240,random-forest-sensitivity,0.43978540675788386,7.961297816681092,1.4708014667813374,7.340153275110779
19,240,240,random-forest-sensitivity,0.3537136803191849,7.75833367542404,1.315244369963862,6.971673701981342
20,240,240,random-forest-sensitivity,0.13947208259134866,6.575526469520922,1.1073512874431912,6.236093066483679
21,240,240,random-forest-sensitivity,0.23846448617090818,6.981977606858478,1.6509978654928994,6.518727119871102
22,240,240,random-forest-sensitivity,0.5005657868043188,7.998176224867359,1.3249693824340165,7.696530499660522
23,240,234,random-forest-sensitivity,0.40022992133083873,7.543435952967852,1.315244369963862,6.570702762624618
24,240,240,random-forest-sensitivity,0.40663165250321215,7.492684195970937,1.1667932376726973,6.236093066483679
25,240,240,random-forest-sensitivity,0.4192006852557311,7.566442040970531,1.3177968314859743,6.310488563740308
26,240,240,random-forest-sensitivity,0.3669228861889412,7.654543715888375,1.1667932376726973,6.236093066483679
27,240,240,random-forest-sensitivity,0.38969862272614564,8.279081623952298,1.3262710975319103,8.556912775758626
28,240,240,random-forest-sensitivity,0.3952798503257219,7.01492730857116,1.5301584488379083,6.826740032741864
29,240,240,random-forest-sensitivity,0.4777539841760025,7.987512458278967,1.2483151672411226,7.692635810567409
30,240,240,random-forest-sensitivity,0.33183959605977953,6.94360561393231,1.3276261348755083,6.837631972964371
31,240,240,random-forest-sensitivity,0.4391632666862025,8.00548398051944,1.2483151672411226,6.77426334180562
32,240,240,random-forest-sensitivity,0.3971913531546559,8.08512171703455,1.4591437646324936,7.340153275110779
33,240,240,random-forest-sensitivity,0.25252124518179564,6.900743895095882,1.4700287796772173,6.652410097347356
34,240,240,random-forest-sensitivity,0.26471158397763905,6.829378610793193,1.1073512874431912,7.692635810567409
35,240,240,random-forest-sensitivity,0.2959267858350427,7.377307881645258,1.9432508565110573,7.029079680474235
36,240,240,random-forest-sensitivity,0.4528593647859703,7.5304251166349365,1.3177968314859743,6.236093066483679
37,240,240,random-forest-sensitivity,0.27181660392669565,7.657757842839594,1.3667566805990539,6.236093066483679
38,240,240,random-forest-sensitivity,0.2015688749633704,6.7722564294051475,1.4062197261014933,6.494425763641257
39,240,240,random-forest-sensitivity,0.34577914027455314,6.900421666943292,1.1667932376726973,6.652410097347356
40,240,240,random-forest-sensitivity,0.317854969231116,6.6112030479674715,1.1667932376726973,6.236093066483679
41,240,240,random-forest-sensitivity,0.301453914297951,6.88519140126305,1.315244369963862,7.755738961746296
42,240,240,random-forest-sensitivity,0.09550751752586616,7.678674743418557,1.2700352539221726,6.308997135173213
43,240,240,random-forest-sensitivity,0.4326262876721592,6.835363586224061,1.4700287796772173,6.652410097347356
44,240,240,random-forest-sensitivity,0.21115343867637448,7.747829241502563,1.5465501719382293,6.585791996325701
45,240,240,random-forest-sensitivity,0.1974032414399387,7.772960516635761,1.3422646149564088,6.791817859503774
46,240,240,random-forest-sensitivity,0.3540022090480806,6.583477467023179,1.1667932376726973,6.308997135173213
47,240,240,random-forest-sensitivity,0.4946599643847351,7.190535698137233,1.6098413502763365,8.249356049499307
48,240,240,random-forest-sensitivity,0.39857989766246643,7.433787054245177,1.1073512874431912,6.308997135173213
49,240,240,random-forest-sensitivity,0.40295291120979193,7.412144859273681,1.3428935921816292,8.389262925145077
50,240,240,random-forest-sensitivity,0.28894799720487796,6.812474152983032,1.315244369963862,6.822364751443099
51,240,240,random-forest-sensitivity,0.2878479814259631,8.135662182533062,1.3409112445116345,8.375693661092344
52,240,240,random-forest-sensitivity,0.33241665351757094,6.86662491841175,1.1073512874431912,6.764775331053712
53,240,240,random-forest-sensitivity,0.47971056961882647,7.347358923861539,1.9522968369136888,8.304259087814549
54,240,240,random-forest-sensitivity,0.5781439487861506,8.202944808836135,1.1073512874431912,8.070570323905324
55,240,240,random-forest-sensitivity,0.3720442711268399,6.7288823301510385,1.1667932376726973,6.518727119871102
56,240,240,random-forest-sensitivity,0.31159750242319045,8.229559879041286,1.3462493262214577,8.253908842028775
57,240,240,random-forest-sensitivity,0.4382255483172914,6.668348065637065,1.3177968314859743,6.494425763641257
58,240,240,random-forest-sensitivity,0.40818249442102655,7.418829245177702,1.1073512874431912,6.236093066483679
59,240,240,random-forest-sensitivity,0.38239523927597324,6.990468237115306,1.3449806034503866,7.116245972007694
60,240,240,random-forest-sensitivity,0.20148772625836844,6.663819114922241,1.3262710975319103,6.236093066483679
61,240,240,random-forest-sensitivity,0.433771386064964,7.6829844836525405,1.3259609432471045,6.610093352555545
62,240,240,random-forest-sensitivity,0.26218695759980165,7.703687525802775,1.3177968314859743,6.610093352555545
63,240,240,random-forest-sensitivity,0.36379415278497845,6.7164773804583575,1.315244369963862,6.652410097347356
64,240,240,random-forest-sensitivity,0.14020242093636587,7.169644479455456,1.659290155791852,6.886426087423171
65,240,240,random-forest-sensitivity,0.4404886955345671,7.549272482987217,1.3253172071782924,6.570702762624618
66,240,240,random-forest-sensitivity,0.265667335392106,7.448325130311852,1.500717850343394,8.479134581752422
67,240,240,random-forest-sensitivity,0.3440209183328449,7.026291533273758,1.3438240550360467,7.465253387502781
68,240,240,random-forest-sensitivity,0.3733426504068706,6.634256829143754,1.1073512874431912,6.540936425471026
69,240,240,random-forest-sensitivity,0.44938800351644387,7.973647388676598,1.3177968314859743,8.196405191571131
70,240,240,random-forest-sensitivity,0.40904808060771364,7.516403030806082,1.315244369963862,6.479062086806641
71,240,240,random-forest-sensitivity,0.4188941234812794,8.022653996523575,1.3259609432471045,7.837302639635784
72,240,240,random-forest-sensitivity,0.22388476883889727,7.80735284854469,1.172429682416176,7.692635810567409
73,240,240,random-forest-sensitivity,0.35261366454027004,7.198932422199786,1.3438240550360467,7.052291525750198
74,240,240,random-forest-sensitivity,0.30935238825147077,6.986268311579032,1.3440501405959693,6.837631972964371
75,240,240,random-forest-sensitivity,0.31706151522665277,6.896772952138503,1.3249693824340165,6.503363443036486
76,240,240,random-forest-sensitivity,0.42612537474922796,7.856590858789059,1.3163390575531584,6.92957267211213
77,240,240,random-forest-sensitivity,0.19481549940265536,7.431250729159746,1.810181525641492,6.518727119871102
78,240,240,random-forest-sensitivity,0.42467371458197145,7.596865647938367,1.3438240550360467,6.525572748636411
79,240,240,random-forest-sensitivity,0.19368843405540653,6.917572574621763,1.5301584488379083,6.665535941243651
80,240,240,random-forest-sensitivity,0.28712665960372385,7.595065230445217,1.3409112445116345,6.479062086806641
81,240,240,random-forest-sensitivity,0.22436264454613078,8.034254666564136,1.3444654674807208,7.852173456434224
82,240,240,random-forest-sensitivity,0.1355498951829227,6.894407965886325,1.3160210941019526,7.755738961746296
83,240,240,random-forest-sensitivity,0.2938980682099948,6.970668931038227,1.6081191707696656,6.532319651849959
84,240,240,random-forest-sensitivity,0.3602777089015621,7.035923824254479,1.3177968314859743,6.652410097347356
85,240,240,random-forest-sensitivity,0.2404661542276221,6.566489339209798,1.1073512874431912,6.308997135173213
86,240,240,random-forest-sensitivity,0.5219710118792688,7.725053943158308,1.3667566805990539,6.308997135173213
87,240,240,random-forest-sensitivity,0.3425061425061425,7.544639765554733,1.1073512874431912,6.570702762624618
88,240,240,random-forest-sensitivity,0.3412438293172238,7.407312661314205,1.9032641369065724,7.852173456434224
89,240,240,random-forest-sensitivity,0.13208755043617432,6.60408273401472,1.1073512874431912,6.494425763641257
90,240,240,random-forest-sensitivity,0.47187521132475263,6.8956079464618965,1.3440501405959693,6.571011872752456
91,240,240,random-forest-sensitivity,0.372981989495751,7.523903962723835,1.1073512874431912,6.570702762624618
92,240,240,random-forest-sensitivity,0.5115298785023557,7.1225183233450915,1.5023419976670018,8.036209914946369
93,240,240,random-forest-sensitivity,0.2587155963302752,6.704816308836643,1.315244369963862,6.479062086806641
94,240,240,random-forest-sensitivity,0.32351734553569417,6.688804194389956,1.1667932376726973,6.479062086806641
95,240,240,random-forest-sensitivity,0.3528841602236098,7.608860146298922,1.1808843975047896,6.77426334180562
96,240,240,random-forest-sensitivity,0.39821022022856883,7.512414279920548,1.1073512874431912,6.570702762624618
97,240,240,random-forest-sensitivity,0.15492640263282467,7.6816371275039765,1.1073512874431912,6.308997135173213
98,240,240,random-forest-sensitivity,0.1749520997227419,6.823345146573432,1.3160210941019526,7.449404293714182
99,240,240,random-forest-sensitivity,0.39958974821360144,7.443981671554232,1.1667932376726973,6.236093066483679
