target_key,ID,split,canonical_smiles,scaffold,max_similarity_to_development,max_similarity_to_retained_donor,hard_ood_40pct,hard_ood_25pct,pred_absorption_nm,unc_absorption_nm,pred_emission_nm,unc_emission_nm,pred_log1p_lifetime_ns,unc_log1p_lifetime_ns,pred_quantum_yield,unc_quantum_yield,pred_log_extinction,unc_log_extinction
blind:573,573,blind,Oc1ccc2c(c1)Oc1cc(O)ccc1C21c2ccccc2-c2ccccc21,murcko-c1ccc2c(c1)Oc1ccccc1C21c2ccccc2-c2ccccc21,0.6052631578947368,0.4318181818181818,False,False,335.4497223905835,37.639967278637805,364.0888797719723,42.035456928497524,1.3241237555583052,0.455446918788335,0.2724526722222222,0.23689956688036937,4.484253060591664,0.5012956743157143
blind:574,574,blind,O=c1c2ccccc2n(-c2ccccc2)c2ccccc12,murcko-O=c1c2ccccc2n(-c2ccccc2)c2ccccc12,0.5294117647058824,0.7692307692307693,False,False,395.2223220994446,5.022299069698055,419.30328136341643,20.401808906522866,2.090360756876787,0.41657084881662976,0.3171387500000008,0.16433711698209919,4.056042990816471,0.28244978550569133
blind:575,575,blind,c1ccc2c(c1)-c1ccccc1C21c2ccccc2-c2ccccc21,murcko-c1ccc2c(c1)-c1ccccc1C21c2ccccc2-c2ccccc21,0.6086956521739131,0.6086956521739131,False,False,310.7525293112778,11.681379111873289,343.86261534898614,31.32036350547325,1.6257226478614413,0.4022935424530128,0.34956561111111145,0.23365511028707112,4.476331789224161,0.5068827310161308
blind:576,576,blind,C1=CSC(=C2SC=CS2)S1,murcko-C1=CSC(=C2SC=CS2)S1,0.1666666666666666,0.391304347826087,True,True,311.54006468061124,56.47243435432758,391.9305748999165,97.30462814096606,1.411928990123497,0.8384082295746816,0.08299088888888884,0.11491065473034333,3.9957741133195,0.23660868979563016
blind:577,577,blind,c1ccc2c(c1)ccc1ccccc12,murcko-c1ccc2c(c1)ccc1ccccc12,0.8571428571428571,0.6875,False,False,340.4008084090191,25.792218022899096,382.1087326780834,31.876760050966986,2.3559700674023554,0.4017535407604419,0.13214910833333332,0.1286963873507878,3.8785011266573255,0.12350427913107137
blind:578,578,blind,COC(=O)c1ccc2cc(Br)ccc2c1,murcko-c1ccc2ccccc2c1,0.7777777777777778,0.45,False,False,337.6591132056948,30.98167961981091,398.4974191589166,35.08548107326391,1.8203487153193711,0.6831121814987736,0.28734134722222193,0.2155613290447856,4.052800771691866,0.27443688797026955
blind:579,579,blind,O=C1c2ccc(O)cc2C(=O)c2ccc(O)cc21,murcko-O=C1c2ccccc2C(=O)c2ccccc21,0.5652173913043478,0.4285714285714285,False,False,459.65690645769445,45.176322975140586,547.3237473287779,41.62669251653987,1.476702615143225,0.3607911489302545,0.053890954166666644,0.07771558422507648,3.461628544780229,0.6574632842979401
blind:580,580,blind,O=C1C(O)=C(O)C(=O)C(O)=C1O,murcko-O=C1C=CC(=O)C=C1,0.4,0.24,True,True,452.2922515448332,51.153133043687454,515.2663103159168,76.92351287101572,1.1788668626176417,0.8423506128421845,0.050931522222222234,0.06512875132584468,3.9474904168111142,0.34201274493927974
blind:581,581,blind,COc1cc(C=O)c(OC)cc1C=O,murcko-c1ccccc1,0.6153846153846154,0.5925925925925926,False,False,387.8903101543335,49.51754800671586,465.85251103472217,17.379424942914,1.3360204005386958,0.6276379624059212,0.16635455555555556,0.11458592369459437,4.221378095263887,0.5298157190654897
blind:582,582,blind,N[C@@H](Cc1ccccc1)C(=O)O,murcko-c1ccccc1,0.3333333333333333,0.7037037037037037,True,True,271.5703799884726,35.70480486732153,312.52507382876684,41.472390947896386,1.61664975969564,0.30201122054866214,0.09943820277777772,0.1105775734177257,3.740783511613915,0.37153744442050085
blind:583,583,blind,Cc1cncc(C)n1,murcko-c1cnccn1,0.36,0.3333333333333333,True,True,307.01703124441656,30.98328600284914,388.0753671745114,55.57499632630036,1.916541232073182,0.8336061471771943,0.20065010000000008,0.16117157400604382,3.877893980474332,0.30522443232472773
blind:584,584,blind,O=C(O)Cc1ccccc1,murcko-c1ccccc1,0.4090909090909091,0.4137931034482758,True,True,330.0738476637446,64.76908799998377,371.2733099649666,63.659098736581704,1.6156179640184323,0.5488414493242191,0.07109433055555556,0.12664604890273592,3.696242474274335,0.3486128633283242
blind:585,585,blind,O=C(O)Cc1ccc(-c2ccccc2)cc1,murcko-c1ccc(-c2ccccc2)cc1,0.5,0.4761904761904761,False,False,306.38580438983314,67.84598889905315,391.0855242806668,51.368214976113116,1.2618876775863221,0.5429905400472504,0.23871173888888886,0.22490165481325602,4.268030988799639,0.43698472833276536
blind:586,586,blind,O=C(O)C1CCN(C(=O)c2ccccc2)CC1,murcko-O=C(c1ccccc1)N1CCCCC1,0.4137931034482758,0.3666666666666666,True,False,304.56018304013895,32.79728077409677,432.1096822278722,62.64399819838239,1.6356318317203253,0.409710113063891,0.21575126825396837,0.19750544866033695,3.778858337319194,0.502982819206736
blind:587,587,blind,c1cn[nH]c1,murcko-c1cn[nH]c1,0.2,0.2222222222222222,True,True,246.34412254623365,54.9593845777154,382.4603090282284,120.40746207327683,4.139243471064572,1.3275929052048454,0.17409822777777775,0.15567765876039255,3.907656698780361,0.25632003681591653
blind:588,588,blind,COc1ccc(I)cc1,murcko-c1ccccc1,0.6875,0.5789473684210527,False,False,283.59806301656306,20.386905454182934,342.64804272097507,49.44672708231699,1.1858922967592886,0.7443769000655683,0.2207938166666666,0.15578940568918212,3.9265102372165264,0.35274549522144877
blind:589,589,blind,Brc1ccc(N(c2ccc(Br)cc2)c2ccc(Br)cc2)cc1,murcko-c1ccc(N(c2ccccc2)c2ccccc2)cc1,0.5714285714285714,0.4827586206896552,False,False,357.65440893047224,29.52881182102466,446.8797825156528,46.73340651688147,1.4761626232447747,0.46803727691321795,0.3749493333333335,0.282108238185847,4.492247832377251,0.20832064508015574
blind:590,590,blind,COc1ccnc(-c2cc(OC)ccn2)c1,murcko-c1ccc(-c2ccccn2)nc1,0.4516129032258064,0.4375,True,False,300.914658906139,23.7218975191104,389.1732061328893,53.50143283426758,1.5372960886709461,0.9831748005345377,0.27468128888888904,0.23651428856815926,4.015474623157461,0.33530803845133506
blind:591,591,blind,c1ccc2c(c1)Nc1ccccc1O2,murcko-c1ccc2c(c1)Nc1ccccc1O2,0.44,0.4166666666666667,True,False,320.8795240305056,34.056738151391656,375.3265432448334,38.74952340697375,1.4311030637945061,0.546191728391486,0.3826749444444442,0.26631908079487315,3.951548703722442,0.27254678084771106
blind:592,592,blind,CC(C)(C)c1ccnc(-c2cc(C(C)(C)C)ccn2)c1,murcko-c1ccc(-c2ccccn2)nc1,0.4230769230769231,0.3703703703703703,True,False,305.44297606393343,22.66647598200771,383.26129264496666,48.865505460818355,1.1909907468141079,0.7028678937388878,0.30198916666666664,0.23932698214458023,4.181662503437961,0.319231117478704
blind:593,593,blind,C=CS(=O)(=O)c1ccccc1,murcko-c1ccccc1,0.4137931034482758,0.3333333333333333,True,True,336.9735768709998,19.884066712030695,441.85292396729153,48.951946054512796,0.9831154465038975,0.6372845845077951,0.13281668439153427,0.17999905963939486,4.16957108645617,0.28520945260776787
blind:594,594,blind,O=C(O)[C@@H]1CCC(=O)N1C(=O)OCc1ccccc1,murcko-O=C1CCCN1C(=O)OCc1ccccc1,0.2195121951219512,0.2962962962962963,True,True,353.79206525174993,51.4996283556722,435.0541820828334,61.10051497040297,1.6577393806738243,0.5063104442463562,0.3000588015873015,0.2498285090221648,3.7621173779284707,0.4748641342009131
blind:595,595,blind,CN(C)c1ccncc1,murcko-c1ccncc1,0.4210526315789473,0.5882352941176471,True,False,310.3281500967914,22.573447790391224,401.06565756642215,56.3631552353753,1.3391223612757406,0.6501115610080276,0.18285643333333323,0.15796158188895967,4.1710123666888395,0.4148572747464397
blind:596,596,blind,CCCCCCCCCCCCC1(CCCCCCCCCCCC)c2cc(B(O)O)ccc2-c2ccc(B(O)O)cc21,murcko-c1ccc2c(c1)Cc1ccccc1-2,0.6052631578947368,0.5609756097560976,False,False,370.80366128633364,35.72506419839921,386.58396795254174,47.06673591629967,1.1221747591329938,0.4883751601150427,0.5138014388888889,0.28410973259767164,4.823222107762337,0.18092846743981997
blind:597,597,blind,c1ccc2c(c1)C1c3ccccc3C2c2ccccc21,murcko-c1ccc2c(c1)C1c3ccccc3C2c2ccccc21,0.4210526315789473,0.45,True,False,300.1052767965002,21.577416143151567,357.45930456075257,40.07275446391855,1.7760273892908003,0.41071998305716656,0.1917890222222223,0.13024549365116897,4.064978841019998,0.3582505113410809
blind:598,598,blind,Cc1cc(C)cc([N+](=O)[O-])c1,murcko-c1ccccc1,0.3809523809523809,0.4444444444444444,True,True,279.0672486203447,30.446601104442884,440.63009236787184,75.45264249968339,2.6334935902496635,1.304043278762536,0.023876872222222244,0.07938959527431741,4.131765141136973,0.33875498254454545
blind:599,599,blind,Cc1cc(N)ccc1-c1ccc(N)cc1C,murcko-c1ccc(-c2ccccc2)cc1,0.5,0.4074074074074074,False,False,303.8269094084166,24.800003547243445,342.384033174922,41.43724250045419,2.0465550801650525,0.9170534387805598,0.35101898055555564,0.21707680863534431,4.402710091072278,0.2506027394995857
blind:600,600,blind,C#Cc1ccc(N)cc1,murcko-c1ccccc1,0.6875,0.4210526315789473,False,False,314.51029801794454,22.592013520970728,381.81926049661115,29.375337526141763,1.5194708870772686,0.3053504873664777,0.28358572222222234,0.18021955991467095,3.8659799852305543,0.2563819596126833
blind:601,601,blind,N#Cc1ccc(C=O)s1,murcko-c1ccsc1,0.5652173913043478,0.5294117647058824,False,False,373.1938312479167,44.83132144769126,484.73433000949956,58.38885947505291,1.0040889398404529,0.6515370852794097,0.042294594444444424,0.07607503016079198,4.367188819461112,0.19460071885722147
blind:602,602,blind,COc1cc(Br)ccc1C=O,murcko-c1ccccc1,0.5,0.4705882352941176,True,False,384.23274287122234,48.58101773054248,466.21320132802776,23.22350515109579,1.0150443232435542,0.619064472106304,0.16644772222222215,0.11755236000367944,4.355478309958051,0.3931578327194897
blind:603,603,blind,O=C(CBr)c1ccc([N+](=O)[O-])cc1,murcko-c1ccccc1,0.5714285714285714,0.4827586206896552,False,False,326.7466255600556,44.25438893985529,479.8197756852221,77.44434549404478,1.212621915169715,0.6049587652008531,0.02386037222222224,0.06761479497198697,3.994605808411334,0.3771150374590641
blind:604,604,blind,CC1(C)c2cc(Br)ccc2-c2ccc(Br)cc21,murcko-c1ccc2c(c1)Cc1ccccc1-2,0.6521739130434783,0.3783783783783784,False,False,318.3615815971111,23.02776497373578,379.26298117153334,45.21932428189371,1.4123230681020047,0.5240167713918815,0.30718869444444463,0.2547876831691694,4.1700656936456415,0.32968427155402247
blind:605,605,blind,Brc1ccc(N(c2ccccc2)c2ccc(Br)cc2)cc1,murcko-c1ccc(N(c2ccccc2)c2ccccc2)cc1,0.7222222222222222,0.5416666666666666,False,False,356.54654459001387,28.351418108860884,448.3283704265834,45.081650304799794,1.3831477534869663,0.37627682429864195,0.3754218194444446,0.2864769099834686,4.396033082402003,0.15351641625853782
blind:606,606,blind,OC1(c2ccccc2)c2cc(Br)ccc2-c2ccc(Br)cc21,murcko-c1ccc(C2c3ccccc3-c3ccccc32)cc1,0.53125,0.3265306122448979,False,False,346.05905622544475,44.801493629680145,378.84388403656106,48.322233865686236,1.5657535668056002,0.5112247381537847,0.28006353968253994,0.22017765386860375,4.335017631333148,0.4217971565885971
blind:607,607,blind,Brc1ccc(C#CC#Cc2ccc(Br)cc2)cc1,murcko-C(C#Cc1ccccc1)#Cc1ccccc1,0.7647058823529411,0.3809523809523809,False,False,335.6431868133753,20.188926664419146,381.7850282148835,30.072902026053452,1.0423009534552425,0.43040771622265006,0.31395712499999995,0.25484030863677276,4.702239381689337,0.19588446756566325
blind:608,608,blind,Brc1ccc(C(c2ccc(Br)cc2)(c2ccc(Br)cc2)c2ccc(Br)cc2)cc1,murcko-c1ccc(C(c2ccccc2)(c2ccccc2)c2ccccc2)cc1,0.5714285714285714,0.3333333333333333,False,False,299.30191177015564,36.933013997568224,354.3975049882252,45.84029836673647,1.5509139727872487,0.6276249043576991,0.1873149583333334,0.1911562495640899,3.990112712281167,0.1723786163663154
blind:609,609,blind,O=C1CCc2ccccc21,murcko-O=C1CCc2ccccc21,0.4482758620689655,0.4642857142857143,True,False,378.502564827111,47.129269062250614,459.0235681547501,50.240764451876444,1.6146316608002662,0.41548154988030866,0.25613452777777784,0.209502442903454,4.0371136108930585,0.25757814969221166
blind:610,610,blind,c1ccc2sccc2c1,murcko-c1ccc2sccc2c1,0.3888888888888889,0.4736842105263157,True,True,312.52154274009456,29.210062197290625,400.69601432522217,27.787558020167886,1.511657827673607,0.9661715318186826,0.0685550388888889,0.1394927526659677,4.0088986471490635,0.4406788871535509
blind:611,611,blind,O=C1c2ccccc2Cc2ccccc21,murcko-O=C1c2ccccc2Cc2ccccc21,0.6842105263157895,0.4814814814814814,False,False,446.1946888639304,44.48210043783225,548.3503792173889,65.51848941233932,1.6593517629172971,0.32490565269757726,0.1085095486111111,0.1759388683608017,3.6499940157407265,0.326436066192602
blind:612,612,blind,O=C1c2ccccc2C(=O)c2c(Cl)cccc21,murcko-O=C1c2ccccc2C(=O)c2ccccc21,0.5454545454545454,0.5714285714285714,False,False,462.65041103241646,24.206708138833765,562.4271681495555,16.25388733960361,1.2979678206529504,0.5866026284835653,0.022281427777777762,0.03784416521272293,3.5241176163873638,0.2055288179116261
blind:613,613,blind,Brc1ccc(I)cc1,murcko-c1ccccc1,0.6153846153846154,0.3103448275862069,False,False,303.5291727943224,39.955694212938695,359.04536151568084,60.62172379025842,0.851948363229091,0.6440136555561534,0.16358875000000006,0.1757016363401317,4.0773373227414424,0.2671751101886061
blind:614,614,blind,Brc1ccc2ccccc2c1,murcko-c1ccc2ccccc2c1,0.7647058823529411,0.4782608695652174,False,False,320.841458592195,23.786155294842125,391.6307372072445,35.835372731838845,2.1703752353780987,0.7226754013592499,0.2521335361111111,0.21369075855102726,4.0592383162548025,0.22964773081045858
blind:615,615,blind,Nc1cccc2ccccc12,murcko-c1ccc2ccccc2c1,0.6666666666666666,0.6086956521739131,False,False,301.5832469925571,36.77623611999429,410.75777357346664,72.76203052120177,2.6373358352873346,0.4576321430148093,0.33307943333333334,0.21781256426369686,3.82805187116127,0.13596846841565968
blind:616,616,blind,CCOC(=O)c1cc(C(=O)OCC)cc(C(=O)OCC)c1,murcko-c1ccccc1,0.7272727272727273,0.5925925925925926,False,False,317.4287421123886,29.601205819921557,386.2969396285282,37.61932896611688,1.6905541701065492,0.5985376906227456,0.11904503333333345,0.16829022622009376,4.114976568868667,0.28941727363084824
blind:617,617,blind,c1cnc2c(c1)ccc1cccnc12,murcko-c1cnc2c(c1)ccc1cccnc12,0.6086956521739131,0.3928571428571428,False,False,366.21855543302746,34.114972629399595,418.0889841041667,47.15638828427097,1.4950932771106533,0.8395446682902494,0.1386032833333333,0.14108524056374783,4.385311456335331,0.27855476607667334
blind:618,618,blind,COc1ccc(B(O)O)cc1C=O,murcko-c1ccccc1,0.59375,0.625,False,False,354.77418888888906,15.821210104678801,461.21143428427786,12.228724028367974,1.6827173138065588,1.1304436289031883,0.1588727611111111,0.1909848213017151,4.105249038093609,0.3764493125749883
blind:619,619,blind,O=C1C(=O)c2cccnc2-c2ncccc21,murcko-O=C1C(=O)c2cccnc2-c2ncccc21,0.4090909090909091,0.4333333333333333,True,True,429.1594387782219,34.39229418442525,511.1427902941112,68.79607726118053,1.4130088066005886,0.6730733261339711,0.11724827777777778,0.12862709535272246,4.155550760550279,0.2241623398673978
blind:620,620,blind,O=Cc1ccc(-c2cc(-c3ccc(C=O)cc3)c3ccc4c(-c5ccc(C=O)cc5)cc(-c5ccc(C=O)cc5)c5ccc2c3c54)cc1,murcko-c1ccc(-c2cc(-c3ccccc3)c3ccc4c(-c5ccccc5)cc(-c5ccccc5)c5ccc2c3c54)cc1,0.5416666666666666,0.46875,False,False,419.0034349755832,50.69742848280247,444.3244944842777,44.99007452613346,1.4228009155321013,0.3981932602197813,0.2623963333333333,0.16750876311536209,4.522764341542496,0.2574621295864221
blind:621,621,blind,COC(=O)c1ccc(B(O)O)cc1,murcko-c1ccccc1,0.6956521739130435,0.4848484848484848,False,False,364.83844304133316,56.424110538451494,406.94427237295025,78.29229908364174,1.4562494896168734,0.577697267742707,0.36201831666666656,0.26575256218621374,3.9162099026736086,0.2454069789590448
blind:622,622,blind,N#CCc1nc2ccccc2s1,murcko-c1ccc2scnc2c1,0.3870967741935484,0.4210526315789473,True,True,347.84597225900006,36.06287200019626,451.79594527427776,66.21344515842311,0.7806317588489539,0.4162320387222543,0.112987936111111,0.19310476740399016,4.16179871633266,0.4782923459695131
blind:623,623,blind,Cc1ncc[nH]1,murcko-c1c[nH]cn1,0.4,0.2068965517241379,True,True,301.36901132462765,32.32201890970252,361.6829033510333,49.92337547185655,1.8001748735101786,0.924248079546815,0.1841967527777777,0.16308878135750826,3.940822102823613,0.38271503477553026
blind:624,624,blind,Cc1cc(C)n(-c2nnc(-n3nc(C)cc3C)nn2)n1,murcko-c1cnn(-c2nnc(-n3cccn3)nn2)c1,0.1923076923076923,0.25,True,True,317.7906714530912,41.43141348160901,411.20503638988896,62.56933425296296,1.9472281436021828,0.7701909573219716,0.2198569222222223,0.17350446098021452,3.8202713964716692,0.4710229184914928
blind:625,625,blind,Brc1c(Br)c(Br)c(Br)c(Br)c1Br,murcko-c1ccccc1,0.4,0.2352941176470588,True,True,420.9740813050283,77.03349254804519,491.9449756514223,123.93820105239539,1.0888482563032003,0.9748336250627115,0.09714704166666659,0.1190423360414945,4.1661531835676975,0.18505929842116686
blind:626,626,blind,Nc1c(F)c(F)c(N)c(F)c1F,murcko-c1ccccc1,0.3076923076923077,0.2272727272727272,True,True,421.67529484672275,75.83221697550482,492.1167653602222,122.48102006550766,1.5966235180677295,1.0071692926751161,0.14440720833333345,0.12227931445709302,4.082773751133307,0.38880756730602556
blind:627,627,blind,Fc1c(I)ccc(I)c1F,murcko-c1ccccc1,0.3,0.2083333333333333,True,True,286.54042112493346,27.38931475901875,355.5710419428753,51.96738048217564,0.9549374253399685,0.659190773305568,0.1685813944444445,0.19123353464569484,3.9443028783406096,0.17343213869640098
blind:628,628,blind,Nc1ccc(-c2ccc(N)c([N+](=O)[O-])c2)cc1[N+](=O)[O-],murcko-c1ccc(-c2ccccc2)cc1,0.3928571428571428,0.3684210526315789,True,True,330.13854862955566,29.533654737234578,435.9670701259721,66.71273111803167,0.320233133678163,0.4755755375441321,0.07608842777777783,0.15762496754166977,4.235192812810418,0.2882158552349038
blind:629,629,blind,Nc1c(F)c(F)c(-c2c(F)c(F)c(N)c(F)c2F)c(F)c1F,murcko-c1ccc(-c2ccccc2)cc1,0.5384615384615384,0.2,False,False,419.0866023342227,74.60638825876758,486.8573615751666,113.0496859293161,1.5143708762993826,1.0266930374917085,0.1646243611111113,0.16277246503841908,4.069840340986363,0.4021228176702582
blind:630,630,blind,Nc1ccc(Br)cc1,murcko-c1ccccc1,0.6153846153846154,0.5,False,False,303.48518426496133,33.22581869322571,365.60509129964737,43.73802335269914,1.4225254990816176,0.43397512466003657,0.24135084722222264,0.17791198415923548,3.93067107341305,0.23278188242802822
blind:631,631,blind,O=Cc1ccc(Br)cn1,murcko-c1ccncc1,0.5,0.3157894736842105,True,False,348.19667048388897,25.524811428012644,445.5656499069722,41.39302840264806,0.9199873627647708,0.728762923350577,0.07516061666666664,0.12519748060140928,4.096280315939777,0.3051755310374832
blind:632,632,blind,Nc1ccc(-c2ccc(N)c(F)c2)cc1F,murcko-c1ccc(-c2ccccc2)cc1,0.4782608695652174,0.3571428571428571,True,False,319.04429171294447,24.3450556026823,386.15893987246665,35.23459466005916,1.4131571236924412,0.42529299991377545,0.35926180555555565,0.242692734077926,4.242021812303751,0.2920819226582
blind:633,633,blind,Brc1cc(Br)cc(-c2cc(Br)cc(Br)c2)c1,murcko-c1ccc(-c2ccccc2)cc1,0.6470588235294118,0.2631578947368421,False,False,318.848676494711,30.008373680307212,370.2004957971445,34.82622326432145,1.310799948766953,0.6875173211686284,0.17760886111111113,0.1911504383505061,4.303299805417277,0.26336655431184947
blind:634,634,blind,O=C(O)c1ccc(C#Cc2cc(C#Cc3ccc(C(=O)O)cc3)cc(C#Cc3ccc(C(=O)O)cc3)c2)cc1,murcko-C(#Cc1cc(C#Cc2ccccc2)cc(C#Cc2ccccc2)c1)c1ccccc1,0.5769230769230769,0.46875,False,False,329.6192672786781,26.537051163172023,391.4055601343446,65.41264735559993,0.8561482888123265,0.29874483179976147,0.16631867500000014,0.17699094667629492,4.846532092252357,0.7775070649840126
blind:635,635,blind,COC(=O)c1ccc(-c2ccc(Br)cc2)cc1,murcko-c1ccc(-c2ccccc2)cc1,0.7916666666666666,0.5588235294117647,False,False,316.12918145385004,33.26421162850952,385.49214369827234,44.21304657162271,1.3120165645969963,0.7037366179361848,0.20086461111111115,0.1473882134344488,4.220825693368055,0.4382649716453701
blind:636,636,blind,O=C(O)c1c2ccccc2c(C(=O)O)c2ccccc12,murcko-c1ccc2cc3ccccc3cc2c1,0.4705882352941176,0.6818181818181818,True,False,367.518173478278,42.34525638115744,407.49521899127774,38.67428311413691,1.3512961504159393,0.646221900514256,0.09620768055555559,0.10188952738309068,3.8767332807204182,0.1751003708755315
blind:637,637,blind,Nc1ccc(C(=O)O)cc1,murcko-c1ccccc1,0.6,0.55,False,False,287.2962798708224,23.77064990368322,345.6398255731667,38.91320448058147,1.4658890947931957,0.35534623851085695,0.13884116388888887,0.14542930502051826,3.902480288627778,0.20966601559895628
blind:638,638,blind,O=C(O)c1cc(C(=O)O)cc(-c2ccc(-c3cc(C(=O)O)cc(C(=O)O)c3)cc2)c1,murcko-c1ccc(-c2ccc(-c3ccccc3)cc2)cc1,0.7142857142857143,0.4583333333333333,False,False,275.1068381084166,22.375704605302154,363.16752009897243,33.671049893694644,1.426271531728634,0.41477880675788403,0.23592204999999997,0.23916133180274962,4.458033581741556,0.20021962287501757
blind:639,639,blind,O=C(O)c1cc(C(=O)O)cc(-c2cc(C(=O)O)cc(C(=O)O)c2)c1,murcko-c1ccc(-c2ccccc2)cc1,0.6,0.5238095238095238,False,False,269.93701455811106,24.876796211516716,357.14691362719475,30.94098207784603,1.6248780472523265,0.5945157523240773,0.0690131583333333,0.14311869867382337,4.249180433993054,0.26858245168513506
blind:640,640,blind,Brc1cc(Br)c2[nH]c3c(Br)cc(Br)cc3c2c1,murcko-c1ccc2c(c1)[nH]c1ccccc12,0.391304347826087,0.2580645161290322,True,True,359.7579561663055,33.971841016046874,393.2960719106111,48.31523291482739,1.7011447698856126,0.6527563241017463,0.1813422222222222,0.21086778632986156,3.9804632423818087,0.433638810081592
blind:641,641,blind,OB(O)c1ccc(B(O)O)cc1,murcko-c1ccccc1,0.7857142857142857,0.4782608695652174,False,False,361.0261442407889,68.02475416254985,375.89162319172516,57.224654792544264,1.4347222013046108,0.5445194472355731,0.3602370388888889,0.27045065188475137,3.934685431468111,0.2060885225826258
blind:642,642,blind,Ic1ccc(I)cc1,murcko-c1ccccc1,0.25,0.2857142857142857,True,True,286.56736020671127,22.11266365389754,349.198478298292,52.49807641768013,1.0200430202191813,0.6301667164070769,0.15470619444444442,0.15025419185506825,4.051442096560609,0.28501545112570187
blind:643,643,blind,COC(=O)c1ccc2cc(B3OC(C)(C)C(C)(C)O3)ccc2c1,murcko-c1ccc2cc(B3OCCO3)ccc2c1,0.6,0.4523809523809524,False,False,364.5520590975973,41.94480676561553,416.45428447575,58.01973117812462,2.9356211527121894,1.8641719535284236,0.44449297777777746,0.2583847539750299,3.8376914425944415,0.47272733591590793
blind:644,644,blind,COc1ccc(B(O)O)cc1,murcko-c1ccccc1,0.5789473684210527,0.5,False,False,357.58732593148267,69.10132094538906,368.7805838407139,55.07767287124227,1.637004410355682,0.5930377717913122,0.329426038888889,0.2548206755093881,3.824570530408749,0.27125846010188337
blind:645,645,blind,Oc1ccc(I)cc1,murcko-c1ccccc1,0.6153846153846154,0.4444444444444444,False,False,285.2729852213058,22.231221528740573,338.65271348046997,52.40324386846104,0.9912240190929229,0.5881849941502825,0.09844944444444453,0.061505776370278306,3.6525302826986112,0.3876022873250878
blind:646,646,blind,O=[N+]([O-])c1cc([N+](=O)[O-])c(F)cc1F,murcko-c1ccccc1,0.3793103448275862,0.3571428571428571,True,True,327.3993386671666,29.04486293281782,415.0923090386887,60.338365421720695,0.24423636391239062,0.4596835903296914,0.11098720277777775,0.2079122602621348,4.11447685005403,0.35722020206534705
blind:647,647,blind,O=C(c1ccc(O)cc1)c1ccc(O)cc1,murcko-O=C(c1ccccc1)c1ccccc1,0.55,0.4074074074074074,False,False,313.45835697986104,39.425192641399626,380.7685265056806,67.19006341026514,1.5041342279819485,0.4249628343719418,0.09521453611111114,0.08670191184652146,3.5405565022243035,0.20227805500162646
blind:648,648,blind,O=Cc1ccccc1C=O,murcko-c1ccccc1,0.5,0.36,True,False,353.52301485389825,14.453285230870446,453.43881654975024,25.186526891051752,1.074929822298126,0.7479762535361596,0.026686924999999983,0.07235110101314564,4.1007026072159425,0.27894769472419545
blind:649,649,blind,O=Cc1ccc(C(=O)O)cc1O,murcko-c1ccccc1,0.5714285714285714,0.4642857142857143,False,False,351.469705933361,24.34159507143417,461.12206806830545,52.74445745388257,1.073261079425241,0.7335392253387623,0.1045847750000001,0.14933519909608736,4.17536211229822,0.3014449752171318
blind:650,650,blind,Clc1ccc2ccc(Cl)nc2n1,murcko-c1cnc2ncccc2c1,0.2777777777777778,0.2777777777777778,True,True,320.81075090216666,46.871880832920766,403.8031789672582,53.889580695363414,1.6937942617755757,0.7475017076757725,0.11630547222222226,0.1317246666659775,3.859747690302338,0.19772644681825807
blind:651,651,blind,COc1cc(Br)cc(OC)c1,murcko-c1ccccc1,0.5,0.4583333333333333,True,False,309.3482213195445,25.646665386313565,371.2813178845362,63.85551512971189,1.3496293781726874,0.6931975648044804,0.15146751388888893,0.13290522101276517,3.9800023292830566,0.43440174790912284
blind:652,652,blind,O=Cc1cc(Br)cc(C=O)c1,murcko-c1ccccc1,0.8823529411764706,0.2903225806451613,False,False,343.6679900725554,29.293956573772395,449.3269684951667,36.21403345953601,1.4239126841343976,0.689505255578931,0.23057036111111104,0.18253110058226907,4.109138852722719,0.30773133349397547
blind:653,653,blind,O=C(O)c1ccc(-c2cc(-c3ccccn3)nc(-c3ccccn3)c2)cc1,murcko-c1ccc(-c2cc(-c3ccccn3)nc(-c3ccccn3)c2)cc1,0.5151515151515151,0.7272727272727273,False,False,299.30371313300003,23.259553655196076,390.46474029416675,40.13206848694425,1.0296005670971458,0.3690837804370262,0.3238311083333334,0.15903245762108692,4.743753791999114,0.24767484760313174
blind:654,654,blind,N#CCc1ccc(B(O)O)cc1,murcko-c1ccccc1,0.6363636363636364,0.3235294117647059,False,False,367.25088962463883,61.9701742092703,423.70882445536114,73.78352510352298,1.4085562189189527,0.47852540266580446,0.387081177777778,0.2589683026326457,3.711648496511999,0.3720090421784115
blind:655,655,blind,c1ccc(-c2cccc(-c3ccccn3)n2)nc1,murcko-c1ccc(-c2cccc(-c3ccccn3)n2)nc1,0.7777777777777778,0.5925925925925926,False,False,298.54854149838894,19.57934009778705,372.64396245208326,36.233704607024386,1.4130187910210934,0.624492867946351,0.1833943111111111,0.15782331891245427,4.026455688237,0.24935554351609535
blind:656,656,blind,Cc1ccc(Nc2ccc(C)cc2)cc1,murcko-c1ccc(Nc2ccccc2)cc1,0.5,0.5714285714285714,False,False,282.6982979642289,33.61321482218791,314.9764472910887,40.652074632599714,3.255213902880982,0.732603131578681,0.23423011666666663,0.14403337005553057,3.9558001153087456,0.24426877571070213
blind:657,657,blind,COc1ccc(Nc2ccc(OC)cc2)cc1,murcko-c1ccc(Nc2ccccc2)cc1,0.6470588235294118,0.55,False,False,312.27330491075094,39.47601881543375,354.6374599325957,43.08896137138557,1.7607529785863671,0.5105541934564934,0.18762837777777774,0.15580414331873849,3.8645470115276868,0.3014613895824115
blind:658,658,blind,N#Cc1c(-n2c3ccccc3c3ccccc32)c(-n2c3ccccc3c3ccccc32)c(C#N)c(-n2c3ccccc3c3ccccc32)c1-n1c2ccccc2c2ccccc21,murcko-c1ccc2c(c1)c1ccccc1n2-c1cc(-n2c3ccccc3c3ccccc32)c(-n2c3ccccc3c3ccccc32)cc1-n1c2ccccc2c2ccccc21,0.92,0.9583333333333334,False,False,362.54922717499966,21.19265140401625,525.3556263615554,38.93825683137831,1.9809563055333652,0.46419456474443904,0.5685991111111113,0.14926057365298817,4.0763006862172775,0.4415312918818751
blind:659,659,blind,N#Cc1c(-n2c3ccccc3c3ccccc32)c(-n2c3ccccc3c3ccccc32)cc(-n2c3ccccc3c3ccccc32)c1-n1c2ccccc2c2ccccc21,murcko-c1ccc2c(c1)c1ccccc1n2-c1cc(-n2c3ccccc3c3ccccc32)c(-n2c3ccccc3c3ccccc32)cc1-n1c2ccccc2c2ccccc21,0.7096774193548387,0.7333333333333333,False,False,393.507779966222,26.92689442044759,479.4627545691666,42.68664114912523,2.2115644281380353,0.5934384553731822,0.6416910555555565,0.14712580527921235,3.8695631605018312,0.5098301714121887
blind:660,660,blind,CCc1ccc(C(=O)CC#N)cc1,murcko-c1ccccc1,0.6129032258064516,0.3157894736842105,False,False,414.75726780096426,92.83410844184266,448.8609873972225,44.31677797064756,1.6396642610420618,0.4774958842526398,0.11561228611111114,0.14511113695153205,4.26661983909222,0.2874124759753631
blind:661,661,blind,CCCc1ccc(C(=O)CC#N)cc1,murcko-c1ccccc1,0.5757575757575758,0.3255813953488372,False,False,349.4610665012223,44.45602205258829,409.1657390491668,66.70774180724878,1.6392540328177705,0.4820684383755892,0.11613321388888896,0.16910862989172784,4.061267582717499,0.49490667799370924
blind:662,662,blind,CC(C)(C)c1ccc(C(=O)CC#N)cc1,murcko-c1ccccc1,0.59375,0.3666666666666666,False,False,333.13029854911116,35.15843901417348,423.66764666609754,78.85051459353977,1.6790562834953924,0.45107979158060635,0.11174093611111113,0.14074807955909616,4.035877739189694,0.3226657092012659
blind:663,663,blind,N#CCC(=O)c1ccc2c(c1)CCCC2,murcko-c1ccc2c(c1)CCCC2,0.5,0.2553191489361702,True,False,339.97657787655567,27.507111375008883,422.392867523278,70.17379834315263,1.7936324675215307,0.5061665535191482,0.18198720555555553,0.20269397455313548,3.8852844612078057,0.33779555441920733
blind:664,664,blind,O=C1CCC(c2ccccc2)CC1,murcko-O=C1CCC(c2ccccc2)CC1,0.2758620689655172,0.3636363636363636,True,True,350.2285574617779,46.236478554834946,410.88878870108334,43.82055781494029,1.6647620092790083,0.5207906734163703,0.16984978611111112,0.19952651149463035,3.9187959876026124,0.23304818981123285
blind:665,665,blind,COC(=O)/C=C/c1ccccc1,murcko-c1ccccc1,0.5333333333333333,0.6451612903225806,False,False,338.3372777777778,20.763939020208948,450.89771912133875,38.71615488082864,0.46446894058501537,0.5593708074245997,0.04673446666666674,0.07605728312699563,4.294976295249225,0.3392490312015518
blind:666,666,blind,CN(C)c1ccc(C=O)cc1,murcko-c1ccccc1,0.6363636363636364,0.76,False,False,387.84063057833254,12.685436998485013,496.62045786002653,8.08440890684241,1.0105433877957615,0.522843354073106,0.05677882222222232,0.053151392377880545,4.41022785096394,0.1891534453323958
blind:667,667,blind,O=C(O)c1ccccc1[N+](=O)[O-],murcko-c1ccccc1,0.4482758620689655,0.5357142857142857,True,False,333.4328683253336,30.404455958777056,425.9173547005835,48.104614028498624,1.3215953510845126,0.5113506954703042,0.05341108333333333,0.11331697163967643,3.974092665046115,0.3772781497309989
blind:668,668,blind,O=c1cccc[nH]1,murcko-O=c1cccc[nH]1,0.35,0.375,True,True,345.8991694574723,38.5189696508334,419.28567318486114,60.07621400046554,1.6882692708713989,0.4249608458678577,0.15988238611111122,0.1816189230872126,3.9615535484008895,0.19315977129507997
development:1,1,development,O=Cc1ccc(O)c(O)c1O,murcko-c1ccccc1,0.625,0.4193548387096774,False,False,360.86379387513887,23.782418762579642,469.3586806102361,41.74451495937136,0.9354983409671473,0.6397592266108683,0.05065398833333335,0.07896780566166765,4.231376642427223,0.30453130622064395
development:2,2,development,O=C1OC2(c3ccc(O)cc3Oc3cc(O)ccc32)c2ccccc21,murcko-O=C1OC2(c3ccccc3Oc3ccccc32)c2ccccc21,0.6428571428571429,0.3076923076923077,False,False,414.23429460754176,68.74299175675893,475.923237383139,64.93735150564068,1.6687515360590532,1.0690405691476526,0.288805708333333,0.24383132361281565,4.377524432299447,0.4338548943089878
development:3,3,development,COc1ccc2c3c(cccc13)C(=O)N(C)C2=O,murcko-O=C1NC(=O)c2cccc3cccc1c23,0.5,0.675,False,False,375.3526844575556,22.830925795201235,478.87837584994435,43.11056652821795,1.5708461826059827,0.4610180338364272,0.35905855555555527,0.24487441573120247,4.2385828643696355,0.19724561966665807
development:4,4,development,O=C(O)c1ccc(-c2cc(-c3ccc(C(=O)O)cc3)c(-c3ccc(C(=O)O)cc3)cc2-c2ccc(C(=O)O)cc2)cc1,murcko-c1ccc(-c2cc(-c3ccccc3)c(-c3ccccc3)cc2-c2ccccc2)cc1,0.7,0.5,False,False,296.2691652737917,23.60109837554264,396.3477208488335,71.1980927691422,1.4426206409870848,0.47102211952453016,0.2060260111111113,0.21406561947515523,4.534714060481824,0.29755282507459163
development:5,5,development,O=C(c1ccc(Br)cc1)c1ccc(Br)cc1,murcko-O=C(c1ccccc1)c1ccccc1,0.5,0.3928571428571428,False,False,325.6391837959165,40.44101252809148,391.55206942500837,62.96435214855695,1.4574727913010657,0.5609851811399452,0.09909181388888887,0.13420258795037499,3.929977899946309,0.18240942684928538
development:6,6,development,O=Cc1ccc2ncccc2c1,murcko-c1ccc2ncccc2c1,0.6,0.53125,False,False,360.9246127989999,20.20680934733563,450.9274874662778,47.0484848791468,1.218048546412492,0.5196586622292122,0.32582833333333316,0.25683919808398914,4.317531670355133,0.26597896981882885
development:7,7,development,O=Cc1ccc(N(c2ccccc2)c2ccccc2)cc1,murcko-c1ccc(N(c2ccccc2)c2ccccc2)cc1,1.0,1.0,False,False,388.3192872806665,27.146757029003172,524.6806733098891,7.350785369649338,1.2645429981690577,0.5519434534583109,0.43285900000000016,0.3002687326951872,4.329212373539168,0.2639589630645622
development:8,8,development,N#Cc1ccc(CCc2ccc(C#N)cc2)cc1,murcko-c1ccc(CCc2ccccc2)cc1,0.7,0.4516129032258064,False,False,313.9628944636947,26.949163771985727,377.1643160689999,31.791901669274004,1.612501198429691,0.330313051058897,0.21235130000000008,0.2139120621982245,3.793292701379722,0.43006714689403786
development:9,9,development,FC(F)(F)c1cc(Br)ccc1Br,murcko-c1ccccc1,0.48,0.28125,False,False,328.2934276742778,36.570500732375315,367.42002020453623,40.04133522999526,1.5077994532216379,0.4824842786538511,0.19671210277777784,0.18906159070872816,4.029741896990974,0.24091815864430496
development:10,10,development,Brc1cnc2c(ccc3cc(Br)cnc32)c1,murcko-c1cnc2c(c1)ccc1cccnc12,0.4545454545454545,0.303030303030303,False,False,392.7207354441666,55.40747097047635,433.46623213041676,52.79529251245649,1.7983898967708327,0.640835987997539,0.20901814444444416,0.18969580702827263,4.436260895068861,0.26330237938755485
development:11,11,development,CC(=O)c1ccc([N+](=O)[O-])cc1,murcko-c1ccccc1,0.64,0.5384615384615384,False,False,340.5330369937777,31.488904412967877,489.02943405800005,75.40966958221512,1.0363951415792163,0.6068031910180278,0.02051535277777779,0.05806724395144145,4.072723535759725,0.3358988233928814
development:12,12,development,O=Cc1ccc(-n2ccnc2)cc1,murcko-c1ccc(-n2ccnc2)cc1,0.4571428571428571,0.4038461538461538,False,False,366.66364318557754,32.610590062103824,460.77384186313895,66.71778907081851,1.299503648586158,0.5483738001969773,0.09747604444444438,0.1148986755723222,4.3161112234513865,0.21190211958294236
development:13,13,development,CC(C)(C)c1cc2ccc3c(Br)cc(Br)c4ccc(c1)c2c34,murcko-c1cc2ccc3cccc4ccc(c1)c2c34,0.5384615384615384,0.5263157894736842,False,False,402.4828444204721,50.057543603558436,425.5535309528165,44.855523936043134,2.5444942366046304,0.9958111807240351,0.2822884638888889,0.2042769668667834,4.333222448706526,0.34808252473896933
development:14,14,development,O=Cc1cncnc1,murcko-c1cncnc1,0.5833333333333334,0.3235294117647059,False,False,343.6484513011333,21.879885995440198,446.5536268125556,36.88681047152933,1.4075207706401593,0.7121743652510935,0.09152933888888895,0.14758483753764343,4.032979210105497,0.3235185930844404
development:15,15,development,O=Cc1cccc(O)c1,murcko-c1ccccc1,0.6666666666666666,0.4375,False,False,336.1661976072224,19.21550439159423,442.5095807198334,36.069849019976644,1.5151108819388017,0.6689872113848669,0.16782464444444456,0.18816771912138774,4.13304267214778,0.37022030486878416
development:16,16,development,CC(=O)c1ccc(C(C)=O)cc1,murcko-c1ccccc1,0.8125,0.52,False,False,301.9155772750666,32.44917706365009,381.14415688322805,54.925699745498235,1.4064966421143381,0.5749294556341796,0.07062693888888888,0.0841915694183234,3.976321005389446,0.27473721968986475
development:17,17,development,c1ccc(N=C(Nc2ccccc2)Nc2ccccc2)cc1,murcko-c1ccc(N=C(Nc2ccccc2)Nc2ccccc2)cc1,0.375,0.3611111111111111,False,False,297.35295144519455,42.124527199195406,394.25257370601906,58.033146527015056,1.5212546957867203,0.4176257775002947,0.048947316666666636,0.10631039369215171,4.281628536288722,0.22630464150507837
development:18,18,development,N#Cc1ccc(C=O)cc1F,murcko-c1ccccc1,0.5161290322580645,0.3333333333333333,False,False,340.0526486047224,44.17136376067987,437.7215132815715,44.14081260915693,1.3251565869426587,0.6016242284780912,0.2793343611111111,0.21045948866763556,4.220065190972495,0.29383057884242914
development:19,19,development,O=Cc1ncc[nH]1,murcko-c1c[nH]cn1,0.3,0.2045454545454545,False,False,351.79276037916674,25.688322529271698,444.9982411585557,48.04368487620847,0.9069043539114544,0.8178390105932087,0.11368723333333347,0.16846358063307035,4.024647120887445,0.29453693436593936
development:20,20,development,O=S1(=O)c2ccccc2-c2ccccc21,murcko-O=S1(=O)c2ccccc2-c2ccccc21,0.44,0.5,False,False,350.1228062179999,31.911434333067753,426.82957987402796,44.136595415692945,2.1117420308097428,0.5243621744149943,0.3831449305555557,0.32408669299210807,4.242760695891112,0.1895276512000673
development:21,21,development,O=Cc1cc(O)cc(F)c1,murcko-c1ccccc1,0.5555555555555556,0.3142857142857143,False,False,344.75936406372216,24.951862428405292,447.3607743242779,35.07041923462061,1.4046326986850313,0.7021328108226474,0.15298785833333348,0.1905693342566907,4.040778088939722,0.3214586555527746
development:22,22,development,Brc1cc2ccc3cc(Br)cc4ccc(c1)c2c34,murcko-c1cc2ccc3cccc4ccc(c1)c2c34,0.5882352941176471,0.4736842105263157,False,False,382.93741421988886,27.11212728374002,411.2916048477777,16.144141963329435,3.200384654351503,0.3184255661135932,0.24686828373015862,0.18266911519550677,3.9148189812625453,0.2675077432801479
development:23,23,development,c1ccc(Nc2cc(Nc3ccccc3)cc(Nc3ccccc3)c2)cc1,murcko-c1ccc(Nc2cc(Nc3ccccc3)cc(Nc3ccccc3)c2)cc1,0.8,0.5217391304347826,False,False,348.47354729810604,69.55113077833106,393.00910979483575,78.64780955543188,1.551072542489308,0.43151873731488033,0.15346636944444456,0.150944231685426,4.01864963418956,0.26132144356647735
development:24,24,development,Nc1cc(C(=O)O)ccc1C(=O)O,murcko-c1ccccc1,0.5185185185185185,0.4642857142857143,False,False,301.5247680809862,36.11258144568043,399.624578337639,51.924181078613586,1.6446755683643262,0.4732655484326089,0.253755336111111,0.22387061588586565,3.956830473451555,0.3834664844983237
development:25,25,development,C(=C\c1ccccc1)/c1ccccc1,murcko-C(=C\c1ccccc1)/c1ccccc1,0.6666666666666666,0.8,False,False,324.6528971891665,9.96100017209296,397.62720250692263,25.60967321834381,0.35306211075197735,0.3689856730600981,0.04202532222222222,0.06410458685652654,4.478115952243889,0.2791764482972898
development:26,26,development,c1ccc(N=Nc2ccccc2)cc1,murcko-c1ccc(N=Nc2ccccc2)cc1,0.5714285714285714,0.375,False,False,298.5489843400503,70.33058535291586,324.5180925154024,47.6376842741023,1.5801120422216577,0.35181625032114794,0.16774250555555562,0.13732298550753977,4.1036180053727795,0.3396014736635712
development:27,27,development,O=Cc1ccc(N2CCCCC2)cc1,murcko-c1ccc(N2CCCCC2)cc1,0.9565217391304348,0.4615384615384615,False,False,385.07393558649994,25.147336269083098,508.4454041470554,71.13500983245467,1.3038686957448293,0.5554471466515828,0.1189340944444443,0.1233405682585387,4.279693381057551,0.20831135922120494
development:28,28,development,O=Cc1ccc(F)c(O)c1,murcko-c1ccccc1,0.6923076923076923,0.3548387096774194,False,False,351.3034017472222,25.99341226310073,457.0427043028333,53.45901212365564,1.1938342119426064,0.5328069367623013,0.18064477500000006,0.1922703364627727,4.259563640518331,0.26672089732542903
development:29,29,development,CC1(C)OB(c2ccc3c4ccc(B5OC(C)(C)C(C)(C)O5)cc4n(-c4ccccc4)c3c2)OC1(C)C,murcko-c1ccc(-n2c3cc(B4OCCO4)ccc3c3ccc(B4OCCO4)cc32)cc1,0.6842105263157895,0.4166666666666667,False,False,349.7920897916668,26.39640174515614,388.38112261309715,28.631022723080918,2.743790120793344,0.9414079666879329,0.4112911222222225,0.25300657770108426,4.12996622241264,0.32975428440814636
development:30,30,development,c1cc(-c2cn[nH]c2)ccc1-c1cn[nH]c1,murcko-c1cc(-c2cn[nH]c2)ccc1-c1cn[nH]c1,0.3125,0.2916666666666667,False,False,314.4947865936222,38.30257480828763,392.91728479166113,32.76700898149066,1.5601898007966029,0.7186438376317632,0.4362265555555552,0.2130355612260185,4.444067035303858,0.24042794061966455
development:31,31,development,N#Cc1cc(C#N)cc(C#N)c1,murcko-c1ccccc1,0.6875,0.6875,False,False,328.78728624791654,20.558705936537063,397.58396663977766,27.45620981530683,1.7147815251119032,0.5245417589206385,0.12098138888888893,0.10165489180774119,3.789736685056003,0.3133231734928346
development:32,32,development,N#Cc1ccnc(Br)c1,murcko-c1ccncc1,0.5925925925925926,0.34375,False,False,326.2128167658332,22.867801463323545,402.7678406590001,31.09848261940432,1.2466920055686999,0.6850926733322038,0.22637463888888892,0.2317232508055019,3.8939526648536593,0.26887595895927985
development:33,33,development,Fc1c(F)c(-c2c(F)c(F)c(Br)c(F)c2F)c(F)c(F)c1Br,murcko-c1ccc(-c2ccccc2)cc1,0.75,0.2258064516129032,False,False,418.3563844820838,75.13938416208525,488.15137017066115,112.40079751878986,1.0305321164779198,0.956331593302924,0.14741404722222232,0.17766011673980198,4.091315867261864,0.3340571617303057
development:34,34,development,ClCc1c2ccccc2c(CCl)c2ccccc12,murcko-c1ccc2cc3ccccc3cc2c1,0.4375,0.3181818181818182,False,False,331.52462841963893,22.691594681618422,376.0979729788611,37.01864042692319,1.7167829826008907,0.5033254664761502,0.22548409999999994,0.19378822933110715,3.9603723111284452,0.2277011828252613
development:35,35,development,N#Cc1ccc(Cc2ccc(C#N)cc2)cc1,murcko-c1ccc(Cc2ccccc2)cc1,0.7,0.4516129032258064,False,False,311.97015426466686,23.895879175369934,376.41375136033326,30.804225608681957,1.5847924603117582,0.4235348598168742,0.16826852222222233,0.16509841011168475,3.784252604445722,0.403296234821798
development:36,36,development,O=Cc1ccc(Cl)cc1,murcko-c1ccccc1,0.6875,0.4230769230769231,False,False,337.44088411731474,17.385933677578265,437.07719325922216,34.64987036228275,1.3102579615415173,0.5468614762761241,0.038742938888888925,0.044923413804415835,4.292573871701107,0.23506434336782334
development:37,37,development,N#Cc1ccc(C=O)cc1,murcko-c1ccccc1,0.6363636363636364,0.5,False,False,354.39052787977766,25.073745991518848,444.77642657027775,35.54557079793327,1.3089048763754176,0.5638415283010653,0.05607176666666669,0.05799515141535288,4.294047068288493,0.18997704017223863
development:38,38,development,Nc1c(Br)cnc(Cl)c1Br,murcko-c1ccncc1,0.5,0.2580645161290322,False,False,309.83176985527774,30.451184925484558,395.8128720281445,56.84361500991469,1.759341831605564,0.8426198101096248,0.15282829999999986,0.16079281599010598,3.964181541249277,0.32639603249684335
development:39,39,development,N#Cc1nc2c3nc(C#N)c(C#N)nc3c3nc(C#N)c(C#N)nc3c2nc1C#N,murcko-c1cnc2c(n1)c1nccnc1c1nccnc21,0.5555555555555556,0.3636363636363636,False,False,409.54971347966665,43.32523631028298,474.4890674357776,75.23164278244849,1.3773815526497353,1.1494261431075952,0.2542941194444445,0.21586627778915174,4.133197793015362,0.23664496466499046
development:40,40,development,N#Cc1ccc(Br)cc1F,murcko-c1ccccc1,0.5555555555555556,0.4333333333333333,False,False,347.480005948111,33.46920888995992,405.24770908163896,31.936829398486797,1.7081169799565434,0.66445600690386,0.2519085138888889,0.20737067376236384,3.845752170620836,0.290154687662336
development:41,41,development,C#Cc1ccc(C(=O)O)cc1,murcko-c1ccccc1,0.6,0.4782608695652174,False,False,311.5499860377057,29.256084808588678,374.81404771137795,60.55175057387543,1.6424130052801613,0.40168236910830485,0.1124009861111112,0.16589390929187403,3.9215425546710314,0.18931648886586394
development:42,42,development,Brc1ccc(Br)cc1,murcko-c1ccccc1,0.7272727272727273,0.32,False,False,300.17182871998904,36.11294251917329,357.4821825001252,45.593478665916585,1.5284935374667352,0.5564766039196274,0.13760848611111107,0.14584392135010768,3.9947271926436656,0.17101360802933335
development:43,43,development,Nc1ccc(N)cc1,murcko-c1ccccc1,0.7272727272727273,0.7272727272727273,False,False,287.52949307989485,13.257699251784683,355.48331123545296,32.875080187910385,1.4959014074998247,0.3253018198544974,0.24466038888888922,0.16200519769934002,3.889930912155552,0.2330974420814199
development:44,44,development,Cc1cc(Br)c(C)cc1Br,murcko-c1ccccc1,0.4285714285714285,0.3333333333333333,False,False,299.4416222629334,29.670319780750457,325.7579063842775,32.627000526407876,2.0324690816925646,0.9376145071495516,0.18255337500000002,0.13489404313562917,4.036774721382778,0.33125476574023427
development:45,45,development,c1csc(-c2ccc(-c3cccs3)s2)c1,murcko-c1csc(-c2ccc(-c3cccs3)s2)c1,0.5,1.0,False,False,400.3057499999997,6.145073983661935,476.42436111111107,5.163897854599522,0.5098893517431027,0.049251147958970114,0.23643422222222205,0.02513229411522384,4.530657348608003,0.03025891710609854
development:46,46,development,Nc1cccc(N)c1,murcko-c1ccccc1,0.5238095238095238,0.5333333333333333,False,False,316.7276302505168,23.15280600914393,367.6403191151474,30.71787012411615,1.7388473073682211,0.2947804864135841,0.2020776083333334,0.16017497222590238,3.9551399900619444,0.2742534516409232
development:47,47,development,Nc1nc(N)nc(N)n1,murcko-c1ncncn1,0.2777777777777778,0.4375,False,False,421.4903220923894,73.35904257959875,492.5858937826668,114.07437455375414,1.5543195776742138,1.1049738033858072,0.18536786111111095,0.1214529162727396,4.124475410579363,0.3096174130672418
development:48,48,development,O=Cc1ccc(-n2c3ccccc3c3ccccc32)cc1,murcko-c1ccc(-n2c3ccccc3c3ccccc32)cc1,0.71875,0.8064516129032258,False,False,368.1964985058552,35.33694860349228,428.9096760586388,33.509978252415486,1.2267521102342847,0.5401559388624453,0.24825368888888885,0.13387353117713743,4.29494259273305,0.2346434653302666
development:49,49,development,Fc1c(F)c(F)c(B(c2c(F)c(F)c(F)c(F)c2F)c2c(F)c(F)c(F)c(F)c2F)c(F)c1F,murcko-c1ccc(B(c2ccccc2)c2ccccc2)cc1,0.3571428571428571,0.2083333333333333,False,False,389.1290265074169,70.96665476407597,447.00638863658327,87.73836529726626,1.315843273846564,1.0098841255981716,0.26159822222222223,0.24817483717781966,4.110793643140753,0.31089073711893744
development:50,50,development,O=Cc1ccc(Br)cc1,murcko-c1ccccc1,0.6875,0.4230769230769231,False,False,341.29531042703707,23.952650150764974,439.41771250244443,40.13536673382333,1.2831845904296761,0.5448164023057389,0.04439106111111113,0.06261730201060188,4.291960119795274,0.19376761552783292
development:51,51,development,COC(=O)c1ccc(C#N)cc1,murcko-c1ccccc1,0.6666666666666666,0.6129032258064516,False,False,318.57741675702795,23.74658093228609,381.01343986583385,50.43827836303531,1.6142483546685347,0.4858459991045448,0.18149091388888913,0.15078879818318794,3.9866425041843914,0.2825685057870373
development:52,52,development,N#Cc1ccc(-c2ccc(C#N)nc2)cn1,murcko-c1cncc(-c2cccnc2)c1,0.625,0.4871794871794871,False,False,342.7810270660694,35.14001763307008,446.96034665468045,46.52794263344807,1.4406498135949493,0.4973920233067542,0.23588886111111113,0.25671667529177467,4.174201067190004,0.4369825446162083
development:53,53,development,O=C(O)c1ccc2cc(C(=O)O)ccc2c1,murcko-c1ccc2ccccc2c1,0.5238095238095238,0.8947368421052632,False,False,308.32595603630585,34.5697417168499,389.4887027442221,32.32179277491844,2.173087167464578,0.46661441230618983,0.3940675361111107,0.2603502898101214,4.027322395849642,0.23455056089333465
development:54,54,development,O=C1c2c(O)cccc2Cc2cccc(O)c21,murcko-O=C1c2ccccc2Cc2ccccc21,0.5517241379310345,0.4666666666666667,False,False,447.52807126288883,52.745623933042964,536.5704580323887,80.15915676876952,1.4540271234594109,0.5669968202367204,0.12495531111111123,0.11507985021286032,3.8675344145621655,0.32215458864509466
development:55,55,development,COC(=O)c1cc(Br)oc1Br,murcko-c1ccoc1,0.5185185185185185,0.3823529411764705,False,False,326.8946796921945,33.66034286572915,414.9062816476109,31.62053293899547,0.9005592159775337,0.5782220729832548,0.4907509555555556,0.37185143683721583,4.170990126864724,0.25819208314464104
development:56,56,development,O=C1c2ccccc2-c2ccc3c4ccc5c6c(ccc(c7ccc1c2c73)c64)C(=O)c1ccccc1-5,murcko-O=C1c2ccccc2-c2ccc3c4ccc5c6c(ccc(c7ccc1c2c73)c64)C(=O)c1ccccc1-5,0.5909090909090909,0.5806451612903226,False,False,451.95386171369444,59.96678626184908,563.0289138196117,42.67203691208887,2.013384842628462,0.35283782135354563,0.3360699555555558,0.266314182753733,4.049570667630702,0.3600550089062358
development:57,57,development,O=C1c2cccc(O)c2C(=O)c2cccc(O)c21,murcko-O=C1c2ccccc2C(=O)c2ccccc21,0.5769230769230769,0.782608695652174,False,False,482.6200021955275,57.337392765977825,534.9259969141108,62.63886016073491,1.5503715693307585,0.4690070835189445,0.056826680555555564,0.09293373493003286,4.011842176353058,0.3231843933897622
development:58,58,development,OB(O)c1cc(Br)cc(Br)c1,murcko-c1ccccc1,0.4090909090909091,0.2580645161290322,False,False,335.0748463645165,41.402966786713684,383.046551557675,57.48898446227261,1.458411901245408,0.7577307954093573,0.30720113888888906,0.27965013356188323,4.015264698748778,0.23944580375321375
development:59,59,development,O=Cc1cc(F)c(O)c(F)c1,murcko-c1ccccc1,0.6363636363636364,0.3235294117647059,False,False,347.4923309363332,23.926406593829732,462.2608108768493,50.0405022557168,1.403453566536565,0.7216131253345001,0.12469946944444454,0.1346012958127964,4.063413306494165,0.31330518181535794
development:60,60,development,Nc1ccc(-c2cc(-c3ccc(N)cc3)cc(-c3ccc(N)cc3)c2)cc1,murcko-c1ccc(-c2cc(-c3ccccc3)cc(-c3ccccc3)c2)cc1,0.7857142857142857,0.7857142857142857,False,False,318.03719289374453,25.03094322053555,376.15177407521696,17.189358475120812,1.4702087418421281,0.34301749876551324,0.47087321111111113,0.1368850939640219,4.925019866547966,0.2889970920344137
development:61,61,development,O=C1C(Cl)=C(Cl)C(=O)C(Cl)=C1Cl,murcko-O=C1C=CC(=O)C=C1,0.2857142857142857,0.1785714285714285,False,False,451.188303142111,45.56744299003144,518.6547698473613,82.23707151957382,1.302097026900299,1.0365411613721272,0.16208076527777796,0.2391305177837785,4.087578142134727,0.30890566374840317
development:62,62,development,Oc1c(Br)cc(Br)cc1Br,murcko-c1ccccc1,0.5652173913043478,0.24,False,False,319.8678064479721,42.17243506988373,363.85321126043056,52.04793247223215,1.616273261817717,0.6573177425998568,0.04316828888888889,0.0829197794937221,4.0108355786932215,0.22888878907447963
development:63,63,development,Nc1ccccc1C(=O)O,murcko-c1ccccc1,0.5185185185185185,0.5416666666666666,False,False,307.6216973579557,35.72945964966592,425.05085065612235,40.628736482885934,1.6592605212836464,0.3667809000932247,0.16537300833333332,0.16265758738282643,3.8036643976288884,0.19815615166978706
development:64,64,development,O=Cc1ccc(N(c2ccc(C=O)cc2)c2ccc(C=O)cc2)cc1,murcko-c1ccc(N(c2ccccc2)c2ccccc2)cc1,0.8095238095238095,0.8095238095238095,False,False,387.78492466783314,24.83227909611533,520.3503328757221,13.42840444961169,1.261385205227284,0.5648014058534785,0.34458522222222226,0.31010419488218033,4.406648655361115,0.295321158671713
development:65,65,development,N#Cc1ccc(F)cc1,murcko-c1ccccc1,0.6875,0.5,False,False,313.30501933028904,22.456545566082696,387.3624320636944,28.0058500858098,1.5931814694078965,0.38221788948636476,0.1950243666666669,0.17936894546441112,3.9727789457479497,0.24643979707466718
development:66,66,development,O=Cc1cc(O)ccc1O,murcko-c1ccccc1,0.6666666666666666,0.5517241379310345,False,False,356.28630002605564,16.122242723104453,463.69243331836674,26.132767558219935,1.0346961460043824,0.695184430235772,0.06402653333333334,0.09858132957912687,4.177113591020444,0.3424904949351458
development:67,67,development,O=C(c1ccccc1)c1ccccc1,murcko-O=C(c1ccccc1)c1ccccc1,0.8235294117647058,0.6470588235294118,False,False,308.2457164634998,39.407470941847954,389.3397391444808,80.00186310530086,1.5315878421792275,0.4329044871311364,0.04274317777777772,0.08335755239931596,3.8796406535132544,0.1364498849773916
development:68,68,development,Cc1cc(-c2ccc(N)c(C)c2)ccc1N,murcko-c1ccc(-c2ccccc2)cc1,0.5,0.3333333333333333,False,False,300.178256469139,26.788710395460896,366.70866337623323,65.83855031218619,1.566042843901616,0.6259647098476447,0.3473608333333336,0.23583115622480919,4.217141909993476,0.2956567951948317
development:69,69,development,O=Cc1ccc(Br)c(Cl)c1,murcko-c1ccccc1,0.5714285714285714,0.3142857142857143,False,False,342.3165922089445,26.753035211138897,442.9893860912779,38.988020440369134,1.1741979488040821,0.5036108942563027,0.2836679166666664,0.21367610739130843,4.28018050777194,0.2484440156195285
development:70,70,development,c1ccc2cc3ccccc3cc2c1,murcko-c1ccc2cc3ccccc3cc2c1,0.9090909090909092,0.8181818181818182,False,False,332.39841018094955,38.98753833006794,403.3596605656059,41.823945715436,2.9393970461397125,0.7413379169986856,0.18312295555555558,0.1764264648003475,4.123452563307061,0.2802149421734193
development:71,71,development,O=Cc1cccc(-c2ccccc2)c1,murcko-c1ccc(-c2ccccc2)cc1,0.6363636363636364,0.4242424242424242,False,False,337.1715561927778,28.29385253327079,436.47949028516683,32.510009004141644,1.5235987408397722,0.6136844941625849,0.25277224999999987,0.1973470476509784,4.369969606542108,0.32833362651278736
development:72,72,development,COC(=O)c1ccc(C(=O)OC)cc1,murcko-c1ccccc1,0.8421052631578947,0.6153846153846154,False,False,305.2543126576222,28.334380668456525,360.07725875571157,44.7772365020261,1.6424514664932397,0.47632123733170434,0.17608181666666675,0.14566544561116776,3.910035283558609,0.2338798649493355
development:73,73,development,Nc1nnc(Br)cc1Br,murcko-c1ccnnc1,0.3846153846153846,0.3333333333333333,False,False,309.87101884888887,25.496228763732258,373.81950092764714,46.66950103460945,1.463696543603027,0.8114349357326948,0.1688937777777777,0.17153588546940662,4.029919110794213,0.2944308789088618
development:74,74,development,c1ccc2[nH]ccc2c1,murcko-c1ccc2[nH]ccc2c1,0.3888888888888889,0.4137931034482758,False,False,299.77969253133335,23.53405139326481,378.27131165263347,35.16230186541165,1.7126033886199117,0.5152605322706152,0.24804173888888864,0.24049732533961274,4.005133548892674,0.18857363302210586
development:75,75,development,N#Cc1c2ccccc2cc2ccccc12,murcko-c1ccc2cc3ccccc3cc2c1,0.6666666666666666,0.5652173913043478,False,False,398.33104789852445,20.871800507406068,444.0878320610611,35.3926442052868,2.107504621924093,0.4933266220286554,0.08955470992063498,0.12405707313966693,4.321385116643486,0.26829078856160193
development:76,76,development,COc1cc(C=O)ccc1O,murcko-c1ccccc1,0.7241379310344828,0.6176470588235294,False,False,341.0670957701112,33.78492030114782,445.44661640722217,40.017320977892,1.2030791207048637,0.5786134500733333,0.16215259444444455,0.20319232089646877,4.189748786843891,0.19431551658430607
development:77,77,development,N#Cc1c2ccccc2c(C#N)c2ccccc12,murcko-c1ccc2cc3ccccc3cc2c1,0.6666666666666666,0.8235294117647058,False,False,369.39141198672223,25.130011557346137,439.46565736522217,16.966749256393957,1.9460704764563752,0.4961982686227519,0.20391018888888893,0.18386753808754816,4.126339092843444,0.36542181833008686
development:78,78,development,Brc1c2ccccc2c(-c2c3ccccc3c(Br)c3ccccc23)c2ccccc12,murcko-c1ccc2c(-c3c4ccccc4cc4ccccc34)c3ccccc3cc2c1,0.8,0.45,False,False,390.2228784859446,19.54672618313278,430.71279839150003,18.888284777470588,1.7260883392775308,0.6409640060901758,0.5900438472222217,0.25707315820921933,3.98165929400022,0.16552932979832446
development:79,79,development,c1ccc(Nc2ccccc2)cc1,murcko-c1ccc(Nc2ccccc2)cc1,0.9230769230769232,0.6,False,False,311.85952740376206,38.62089801703799,332.48443380189354,48.886794521142136,1.5336335732516837,0.42971759644282054,0.12794160277777783,0.12187344347220154,3.9364535514611383,0.21694036652143395
development:80,80,development,N#Cc1cncc(-c2cncc(C#N)c2)c1,murcko-c1cncc(-c2cccnc2)c1,0.6,0.375,False,False,325.5678296613888,22.852817497873946,407.9002373003888,26.67974617005071,1.523906445958048,0.6011637437306037,0.12252389444444452,0.18609382422518186,4.189896800254165,0.3627415027946028
development:81,81,development,N#Cc1cccc(Br)n1,murcko-c1ccncc1,0.6818181818181818,0.3548387096774194,False,False,340.71849644472223,49.387512433672306,410.7349392023054,42.13272418722865,1.2667222543041026,0.6188821076591393,0.18338358333333332,0.22221362189543567,4.109434628020497,0.26673700821135404
development:82,82,development,O=Cc1ccc(O)cc1,murcko-c1ccccc1,0.6875,0.4444444444444444,False,False,343.2543244238704,15.481558246097551,435.9220392468888,36.15560219362614,1.3308079173740515,0.5329635108911539,0.03753015222222222,0.0388916361854179,4.269364490383052,0.25176469261947904
development:83,83,development,NC(=O)c1ccc(B(O)O)cc1,murcko-c1ccccc1,0.4782608695652174,0.34375,False,False,365.4061645176665,60.91843577110505,413.41240590410564,78.56487389029465,1.467156502095808,0.5394878896912552,0.343636975,0.288524955193348,3.9053449360959718,0.2209383625362984
development:84,84,development,Oc1ccc(O)cc1,murcko-c1ccccc1,0.7272727272727273,0.6153846153846154,False,False,282.0335982546392,15.631439338504338,330.0779381183033,32.88206785188459,1.5042366004856773,0.3814146429812619,0.0911492222222223,0.03802992546908546,3.5247643788619425,0.20342824928506575
development:85,85,development,CC1(C)OB(c2ccc3c(c2)[nH]c2ccccc23)OC1(C)C,murcko-c1ccc2c(c1)[nH]c1cc(B3OCCO3)ccc12,0.5116279069767442,0.4146341463414634,False,False,338.0903809118333,36.52488577100769,375.25985175805533,40.40297626781217,2.136698702794488,0.9606886747842553,0.5182333055555547,0.2544165837908612,4.149610091249565,0.29125495037236326
development:86,86,development,OB(O)c1cc(F)c(B(O)O)cc1F,murcko-c1ccccc1,0.3043478260869565,0.2857142857142857,False,False,329.28095391461386,58.734821940185306,401.75888579988316,67.79915546109844,1.439970684996567,0.6900107801078448,0.22360896666666658,0.24528017894240958,4.0108830615566236,0.30379823801424755
development:87,87,development,Brc1ccc(OCC2CCCCO2)c(Br)c1,murcko-c1ccc(OCC2CCCCO2)cc1,0.375,0.2264150943396226,False,False,324.9387575656112,33.52399374788328,395.2406848109666,84.9380478393853,1.6222804091874425,0.7975743210953153,0.31925685555555544,0.24353951755293976,4.06257786539086,0.3475213944284807
development:88,88,development,N#Cc1ccc(-c2ccc(C#N)c(O)c2)cc1,murcko-c1ccc(-c2ccccc2)cc1,0.56,0.4375,False,False,348.2547530791946,11.797217305698041,402.5917123504168,32.20297619645839,1.63607465062065,0.5530481305339052,0.2625018833333336,0.24118101609747866,4.429454579058999,0.21462492420632595
development:89,89,development,c1ccc(N(c2ccccc2)c2cc(N(c3ccccc3)c3ccccc3)cc(N(c3ccccc3)c3ccccc3)c2)cc1,murcko-c1ccc(N(c2ccccc2)c2cc(N(c3ccccc3)c3ccccc3)cc(N(c3ccccc3)c3ccccc3)c2)cc1,0.8,0.5454545454545454,False,False,380.76310105730545,38.81130645267144,431.4189681173219,63.48171366820179,1.5483826994098813,0.25970833142502503,0.43054544444444437,0.2769847583049074,4.2561265893646985,0.2554603794314832
development:90,90,development,O=Cc1ccc(-c2cccnc2)cc1,murcko-c1ccc(-c2cccnc2)cc1,0.6206896551724138,0.53125,False,False,348.9629457243889,17.292327278161157,437.22650949449985,39.68819262237047,1.3046567271066893,0.46828475564656014,0.18654972777777754,0.19567130672816946,4.4180876558393285,0.20241474381947996
development:91,91,development,O=Cc1ccc(-c2ccccn2)cc1,murcko-c1ccc(-c2ccccn2)cc1,0.65625,0.4285714285714285,False,False,353.64255484250003,15.173265517828161,434.9523428278333,35.94574567761008,1.264147801320779,0.439807050547048,0.0787127666666667,0.11640735254543862,4.3952639941984675,0.1959534254567008
development:92,92,development,Brc1ccc2c(c1)C1(c3cc(Br)ccc3-2)c2cc(Br)ccc2-c2ccc(Br)cc21,murcko-c1ccc2c(c1)-c1ccccc1C21c2ccccc2-c2ccccc21,0.782608695652174,0.4,False,False,319.4519881642778,22.699226821215145,365.6088761380472,39.83735298906168,1.3447968476913845,0.5456828228790231,0.3129190555555558,0.2573842756014132,4.464218204775136,0.3153281282028697
development:93,93,development,Brc1cc(Br)c2ccc3c(Br)cc(Br)c4ccc1c2c43,murcko-c1cc2ccc3cccc4ccc(c1)c2c34,0.5384615384615384,0.3636363636363636,False,False,418.87645136979154,42.812687500566156,440.81491103613877,50.96269028339794,1.5858495146718887,0.6852729973157791,0.2203103472222222,0.2481009317140589,4.360643850246248,0.3471838809351728
development:94,94,development,O=C1OC(=O)c2ccc3c4ccc5c6c(ccc(c7ccc1c2c73)c64)C(=O)OC5=O,murcko-O=C1OC(=O)c2ccc3c4ccc5c6c(ccc(c7ccc1c2c73)c64)C(=O)OC5=O,0.7894736842105263,0.4857142857142857,False,False,496.97633854400016,42.69101467813492,509.6180076823332,57.52455078786168,1.760359308473547,0.4276213765333674,0.5878241111111113,0.3454240913860414,4.477503491059443,0.2396952581844053
development:95,95,development,c1cc2ccc3cccc4ccc(c1)c2c34,murcko-c1cc2ccc3cccc4ccc(c1)c2c34,0.6,0.7333333333333333,False,False,354.97090494721186,20.83771603731511,407.23819813713305,21.796634357245924,2.393422735148118,0.5468752536884811,0.2608442698412696,0.15179865487173286,3.9861835611292062,0.4427047453272678
development:96,96,development,N#Cc1cc(N)c(N)cc1C#N,murcko-c1ccccc1,0.625,0.5454545454545454,False,False,335.30935473216647,10.281287681918961,397.93761757138907,23.633808984212067,2.0232975495374363,0.636864585155631,0.19663288888888916,0.1515499245419055,3.7639875728786136,0.23814408454899874
development:97,97,development,O=C1c2cccc([N+](=O)[O-])c2C(=O)c2c1cccc2[N+](=O)[O-],murcko-O=C1c2ccccc2C(=O)c2ccccc21,0.3870967741935484,0.4193548387096774,False,False,452.30223502534716,32.810752276350115,556.6896842980834,56.742035150573884,1.3158472631824465,0.6002043583521268,0.19324727222222216,0.307336164425082,3.5125920757300046,0.2741083323194071
development:98,98,development,Fc1c(F)c(Br)c2nsnc2c1Br,murcko-c1ccc2nsnc2c1,0.5384615384615384,0.2758620689655172,False,False,399.69631380222233,30.21367826396741,500.83513888888865,25.932706660491498,1.4385771250374886,1.0691169904243254,0.2247749444444445,0.19498241228248067,3.9677143417146983,0.44784293781121914
development:99,99,development,N#Cc1ccc(/C=C/c2ccc(/C=C/c3ccc(C#N)cc3)cc2)cc1,murcko-C(=C\c1ccc(/C=C/c2ccccc2)cc1)/c1ccccc1,0.6470588235294118,0.68,False,False,356.0012356600001,12.885692658565214,427.16540424783346,29.19921074673462,0.4487380085315724,0.16160844766121138,0.11277367222222222,0.1126452754429709,4.398212004739997,0.16119431704834097
development:100,100,development,O=C1C=CC(=O)c2ccccc21,murcko-O=C1C=CC(=O)c2ccccc21,0.6,0.3793103448275862,False,False,353.4913908974443,34.43575113992377,438.86562775752776,56.47485783708859,1.7009421331994552,0.2918872133854198,0.21555567777777787,0.20321843067576803,4.244646260946112,0.12129483246183255
development:101,101,development,Brc1ccccc1-c1ccccc1Br,murcko-c1ccc(-c2ccccc2)cc1,0.4444444444444444,0.3684210526315789,False,False,302.3244714108003,27.198635064226522,356.33876059765277,37.371367628539346,1.5816529434328488,0.3469797696923726,0.19768024444444451,0.201615014895144,4.720550365522503,0.5538144588884895
development:102,102,development,O=Cc1ccc2nccnc2c1,murcko-c1ccc2nccnc2c1,0.6,0.5,False,False,347.73271111111086,15.8931078376448,442.5019392125559,40.18324624986812,1.1306848776627918,0.5277485708427888,0.28309416666666637,0.23706654488965298,4.303366148004938,0.25721594731910497
development:103,103,development,Nc1ccc2c(c1)C(=O)c1ccc(N)cc1C2=O,murcko-O=C1c2ccccc2C(=O)c2ccccc21,0.5,0.8181818181818182,False,False,465.2399757056111,24.975270366721805,571.9154917194168,33.51918555848391,1.453092188993516,0.3156459387506021,0.035178594444444475,0.09295108317166505,3.219326313848423,0.41342471995568364
development:104,104,development,Brc1cccc2cc3cccc(Br)c3cc12,murcko-c1ccc2cc3ccccc3cc2c1,0.4615384615384615,0.4736842105263157,False,False,383.878261418102,30.466519314739845,402.55620530913114,33.47637453976418,1.8322327723159917,0.6293689733741853,0.16449206611111117,0.2024776152674806,4.257192821409651,0.1643497561822431
development:105,105,development,O=Cc1ccc(-c2ccc(-c3ccc(C=O)s3)s2)s1,murcko-c1csc(-c2ccc(-c3cccs3)s2)c1,0.9444444444444444,0.6538461538461539,False,False,374.92484105986114,18.528277905046767,461.31173052733305,27.300006183469105,0.6155100241065726,0.3018517819471143,0.08182922222222219,0.09105565995068554,4.432519325422503,0.11628456179617502
development:106,106,development,N#Cc1ccc(C=O)cn1,murcko-c1ccncc1,0.5357142857142857,0.3333333333333333,False,False,368.14126140444455,35.21616953667651,482.43023804933335,52.07487392740297,1.2917679295093925,0.5567184209547482,0.12354022857142856,0.1451653323811143,4.303572653150053,0.3347213189790255
development:107,107,development,Cc1ccc(C)c(N=Nc2cc(C)c(N=Nc3c(O)ccc4ccccc34)cc2C)c1,murcko-c1ccc(N=Nc2ccc(N=Nc3cccc4ccccc34)cc2)cc1,0.3658536585365853,0.3673469387755102,False,False,337.9830882128054,37.64020059109173,391.2337258148719,48.15112301520605,2.3671923748456307,0.9667557833627206,0.1783672888888889,0.14519636468265523,4.055002368064805,0.32246200154801197
development:108,108,development,N#Cc1ccc(Br)c(F)c1,murcko-c1ccccc1,0.5172413793103449,0.3870967741935484,False,False,325.34631577299984,23.561154368062997,389.15040888727776,26.740577588722218,1.5408515880991192,0.469292368657648,0.21534381944444442,0.19306068915909672,3.9351813718391715,0.2663025456940775
development:109,109,development,Fc1cc(Br)c2nsnc2c1Br,murcko-c1ccc2nsnc2c1,0.5384615384615384,0.2647058823529412,False,False,393.6971727581111,26.99748352463274,505.399633841972,29.719956458320684,1.4612414849572737,0.6280818350904467,0.24204183333333348,0.22238899098219742,3.5423809153855563,0.451082640881872
development:110,110,development,N#Cc1nccnc1C#N,murcko-c1cnccn1,0.5217391304347826,0.36,False,False,347.7147407345001,46.2564814772428,406.7363708664722,40.30302414208958,1.0741251080977108,0.7774622690683839,0.17860845277777768,0.21238985415690065,3.9850794606362685,0.29980850846885276
development:111,111,development,O=C(C(=O)c1ccccc1)c1ccccc1,murcko-O=C(C(=O)c1ccccc1)c1ccccc1,0.9333333333333332,0.6470588235294118,False,False,306.24409032172224,40.659194035038034,429.3537717067669,83.004109235646,1.6206990041256493,0.33545482910911595,0.04278111388888886,0.08490625114519396,3.544124353409748,0.5494749407962598
development:112,112,development,Cc1ccc(C(=O)c2ccccc2)cc1,murcko-O=C(c1ccccc1)c1ccccc1,0.7,0.5925925925925926,False,False,287.9695093055781,32.67892392806195,392.14029911104143,83.792629291942,2.318682337114724,0.9405004715276689,0.09690854444444442,0.10249860762000258,3.9197881344794467,0.21892792065690247
development:113,113,development,COc1cc(C=O)cc(OC)c1O,murcko-c1ccccc1,0.6206896551724138,0.5172413793103449,False,False,347.1793645966667,27.40616980053634,457.53148745672206,29.198472021372304,1.4557859738664554,0.6926644773193306,0.09282492222222226,0.11789242243853396,4.061241977416663,0.3366149121595165
development:114,114,development,c1ccc(-c2ccc(-c3ccc(-c4ccccc4)cc3)cc2)cc1,murcko-c1ccc(-c2ccc(-c3ccc(-c4ccccc4)cc3)cc2)cc1,1.0,1.0,False,False,281.7261189635501,6.676858479888058,361.01421661933324,11.681732137084287,1.0666381015600224,0.21172999556199457,0.5067283055555555,0.08232291988378056,4.483328308083943,0.04873214671293451
development:115,115,development,O=Cc1ccc(-c2ccc(C=O)cn2)nc1,murcko-c1ccc(-c2ccccn2)nc1,0.6,0.4242424242424242,False,False,345.59222413083324,15.994149204369771,441.22523337450025,42.33872004930368,1.2892590820768013,0.5783381322637499,0.16592961534391526,0.17719645394775313,4.317257388489161,0.22481236973976668
development:116,116,development,O=C(O)c1ccc(-c2ccc(-c3ccc(C(=O)O)cc3)cc2)cc1,murcko-c1ccc(-c2ccc(-c3ccccc3)cc2)cc1,1.0,0.6111111111111112,False,False,287.7466096440723,22.86623883721883,369.8065084728112,37.82882206951037,1.288516620881945,0.4978664530024739,0.24835101666666673,0.23372625121750473,4.434211468202111,0.1609303727287235
development:117,117,development,Nc1cc(Br)ccc1-c1ccc(Br)cc1N,murcko-c1ccc(-c2ccccc2)cc1,0.6190476190476191,0.3548387096774194,False,False,322.15913026463875,23.128897492042565,376.14320465220817,38.12843737738785,1.6684908190673993,0.6503298987055676,0.21179897222222227,0.18283779480087003,4.419819616947975,0.27621923552089556
development:118,118,development,Brc1ccc2c(c1)[nH]c1cc(Br)ccc12,murcko-c1ccc2c(c1)[nH]c1ccccc12,0.6363636363636364,0.3928571428571428,False,False,352.0907741993056,39.3430247055392,397.5976991490557,47.6124398075707,1.0907786341341814,0.6355716429286903,0.2295461944444444,0.22237239629268668,4.221675366560248,0.3213657006511907
development:119,119,development,O=Cc1cc(O)c(O)c(O)c1,murcko-c1ccccc1,0.6363636363636364,0.4166666666666667,False,False,343.9410686740555,22.60324223691289,447.9127175063613,36.81176393030799,1.4490079044598752,0.7054966066185524,0.09288521388888897,0.11559362765580727,4.079550159396942,0.2953704164186099
development:120,120,development,N#Cc1cccnc1-c1ncccc1C#N,murcko-c1ccc(-c2ccccn2)nc1,0.64,0.4230769230769231,False,False,334.6589338803891,34.47647946405467,405.13822482350014,49.82465113815505,1.4258745988104402,0.7697221362930158,0.26479949722222207,0.24209834078465559,3.9869378057736653,0.2982572635088612
development:121,121,development,Brc1ccc2cc(Br)ccc2c1,murcko-c1ccc2ccccc2c1,0.5882352941176471,0.4117647058823529,False,False,320.85899763402807,26.910387417675032,386.9874658196668,37.476180707530105,1.9823716929440809,0.6868554821234916,0.20730095833333362,0.19329658873388392,4.033204464235904,0.22199822739712138
development:122,122,development,O=C(O)c1cc(Br)c(C(=O)O)cc1Br,murcko-c1ccccc1,0.6086956521739131,0.3703703703703703,False,False,313.16109243554166,24.028585599354567,411.7931495533999,41.82914945437793,1.555307992774124,0.6283356432295516,0.1100282055555555,0.1465212161751301,3.949860393509197,0.21905157781722523
development:123,123,development,O=Cc1ccc(N(c2ccccc2)c2ccc(-c3ccc(N(c4ccccc4)c4ccc(C=O)cc4)cc3)cc2)cc1,murcko-c1ccc(N(c2ccccc2)c2ccc(-c3ccc(N(c4ccccc4)c4ccccc4)cc3)cc2)cc1,0.875,0.875,False,False,389.77709849427794,24.60534447498013,515.0771431637781,28.823276800520638,1.3000001734738882,0.428423325868238,0.4104157777777779,0.29777844753378707,4.412056919784726,0.26415188143163676
development:124,124,development,c1ccc2c(c1)c1ccccc1n2-c1ccc(N(c2ccc(-n3c4ccccc4c4ccccc43)cc2)c2ccc(-n3c4ccccc4c4ccccc43)cc2)cc1,murcko-c1ccc2c(c1)c1ccccc1n2-c1ccc(N(c2ccc(-n3c4ccccc4c4ccccc43)cc2)c2ccc(-n3c4ccccc4c4ccccc43)cc2)cc1,0.5483870967741935,0.7419354838709677,False,False,350.0446609716389,32.186156909816944,439.6370928664722,45.8395385160741,1.5594325995828264,0.5217172217587167,0.4051683222222223,0.22228001661465926,4.427567627992498,0.29382280027506846
development:125,125,development,N#Cc1ccc(Br)nc1,murcko-c1ccncc1,0.6,0.40625,False,False,328.19010740706665,31.698815975701063,421.50268703355573,41.874153311031314,1.5368191827209992,0.5748625407501925,0.18582988055555552,0.20139233949860358,3.930710491745549,0.2639415433773144
development:126,126,development,N#Cc1ccncc1Br,murcko-c1ccncc1,0.6923076923076923,0.3,False,False,323.91506739822233,18.986632645693316,405.62547867938895,33.65058885686677,1.709895453792224,0.6014008502798689,0.13729014444444435,0.15781055535164704,3.818648507236446,0.25200670482122717
development:127,127,development,O=Cc1sc(Br)nc1Br,murcko-c1cscn1,0.4782608695652174,0.2142857142857142,False,False,359.59512732644447,47.749749968276554,463.6906319204723,53.5100647108081,0.7575630911668344,0.7126186186786784,0.025411227777777764,0.045109336361151275,4.078768173778113,0.4694142629145457
development:128,128,development,O=Cc1ccc(O)c(O)c1,murcko-c1ccccc1,0.64,0.3793103448275862,False,False,342.4434295250001,20.167711361607626,435.3954682307222,39.375000660127846,1.1997216659847727,0.5300811801370594,0.16545744166666676,0.20351787764752124,4.2798377784424995,0.21592669663595437
development:129,129,development,c1ccc(N(c2ccccc2)c2ccc(N(c3ccccc3)c3ccccc3)cc2)cc1,murcko-c1ccc(N(c2ccccc2)c2ccc(N(c3ccccc3)c3ccccc3)cc2)cc1,0.9230769230769232,0.6842105263157895,False,False,355.7079334789027,26.875921022502663,435.3627586489721,18.57869852357032,1.4252721046962624,0.24880491935575966,0.38815413611111127,0.2851732357535,4.37919330260853,0.12265502569065241
development:130,130,development,NNC(=O)COc1ccc(Br)cc1Br,murcko-c1ccccc1,0.5238095238095238,0.2777777777777778,False,False,338.2674943638333,39.19154209675888,396.84729814266103,58.25959254137974,0.36429168981675103,0.6298830695228461,0.18216833888888886,0.2123323106904058,3.986126613857667,0.32405670311916096
development:131,131,development,c1csc(-c2ccc(N(c3ccc(-c4cccs4)cc3)c3ccc(-c4cccs4)cc3)cc2)c1,murcko-c1csc(-c2ccc(N(c3ccc(-c4cccs4)cc3)c3ccc(-c4cccs4)cc3)cc2)c1,0.4444444444444444,0.5405405405405406,False,False,363.05133673891663,29.63259127687559,442.180370905778,27.31742850343022,0.9412487395661361,0.5006686655399233,0.3410241944444447,0.22558464603349732,4.563729042769667,0.15810056196819802
development:132,132,development,O=C1c2cc(Br)ccc2-c2ccc(Br)cc21,murcko-O=C1c2ccccc2-c2ccccc21,0.8947368421052632,0.4444444444444444,False,False,455.27161023872225,41.81118701774749,516.1818646081111,59.508845599830366,1.3692244697138607,0.4300632340680743,0.06332027249999998,0.14645173237451758,3.175663470803613,0.43167290537214004
development:133,133,development,Fc1cc(Br)ccc1Br,murcko-c1ccccc1,0.5263157894736842,0.3103448275862069,False,False,315.66221850374995,25.630583428794672,365.43822334261955,39.64509528730144,1.5308615211554515,0.5361439902074435,0.1938575416666667,0.17967637073723922,4.092720991691389,0.27343380677136664
development:134,134,development,Fc1c(Br)cccc1Br,murcko-c1ccccc1,0.4210526315789473,0.2631578947368421,False,False,292.3577010174612,22.34723956718124,351.22098243383635,40.81753679705199,1.6863602314892416,0.6580219142687829,0.1577110861111111,0.1422697864167593,3.980935780607639,0.17667540259841455
development:135,135,development,CC(=O)c1ccc(C#N)cc1,murcko-c1ccccc1,0.6666666666666666,0.4285714285714285,False,False,322.36479080333345,27.62673407691009,409.14718984855574,52.96151788970509,1.3926077636014913,0.5710935357813846,0.0955216083333334,0.09638689875711781,4.033256267017894,0.3009047094307537
development:136,136,development,Nc1ccc(-c2nc(-c3ccc(N)cc3)nc(-c3ccc(N)cc3)n2)cc1,murcko-c1ccc(-c2nc(-c3ccccc3)nc(-c3ccccc3)n2)cc1,0.7222222222222222,0.625,False,False,300.6734955410557,28.918778940593818,409.69422279161097,51.395299911783916,1.2273516074642528,0.5298560752631369,0.272668736111111,0.20571936224072693,4.392239157648194,0.2791232275426752
development:137,137,development,O=C(c1ccccc1)c1ccncc1,murcko-O=C(c1ccccc1)c1ccncc1,0.7,0.5454545454545454,False,False,312.0686660006665,37.763365395492336,390.24615354695305,79.00935839687847,1.1234911680561879,0.7087354709997903,0.0827162333333333,0.13726286421283168,3.785726312903333,0.23180851620225673
development:138,138,development,COC(=O)c1cccc(C(=O)OC)c1,murcko-c1ccccc1,0.7142857142857143,0.5,False,False,329.4119319228612,31.28167178476229,382.36999271241723,37.237317164257334,1.5895502026619681,0.5578711892798328,0.17928720555555555,0.1461591071998035,4.033848052356667,0.2822163203204269
development:139,139,development,O=C(O)c1ccc(-c2c3nc(c(-c4ccc(C(=O)O)cc4)c4ccc([nH]4)c(-c4ccc(C(=O)O)cc4)c4nc(c(-c5ccc(C(=O)O)cc5)c5ccc2[nH]5)C=C4)C=C3)cc1,murcko-C1=Cc2nc1c(-c1ccccc1)c1ccc([nH]1)c(-c1ccccc1)c1nc(c(-c3ccccc3)c3ccc([nH]3)c2-c2ccccc2)C=C1,0.6363636363636364,0.6470588235294118,False,False,650.2766666666662,3.9170054883214855,654.6955555555551,1.8856916565703694,2.439590380852818,0.17120482072048265,0.17894663333333308,0.1366739888740514,3.80556164889917,0.10191468952652945
development:140,140,development,Oc1cc(Br)c(O)cc1Br,murcko-c1ccccc1,0.4444444444444444,0.2608695652173913,False,False,309.80742941809996,25.487007257652323,355.22705595805553,41.426049960818304,1.6042595713370549,0.6551163707999643,0.07384566111111107,0.1065054908628002,4.013402088094335,0.2483037685341792
development:141,141,development,Brc1ccc(Br)c2nccnc12,murcko-c1ccc2nccnc2c1,0.4761904761904761,0.2666666666666666,False,False,366.23376617597205,40.28626817488017,398.713450321064,59.10684767326515,2.248178680009427,1.423794683228933,0.08752195833333333,0.11631530367128994,4.012023785314715,0.27488654783670097
development:142,142,development,Oc1cccc2cccnc12,murcko-c1ccc2ncccc2c1,0.5,0.4193548387096774,False,False,371.100702324083,40.08241224103766,434.73886711341663,76.11170947088651,1.2581590999592094,0.6812351001573258,0.16874915277777766,0.16177888817629177,3.899925243567334,0.2737525190263627
development:143,143,development,N#Cc1ccc(-c2cccc(N)c2)cc1,murcko-c1ccc(-c2ccccc2)cc1,0.6666666666666666,0.4285714285714285,False,False,324.7749889668278,22.330303559563188,398.048532454861,31.98917630988049,1.4533247593779715,0.4438337059096648,0.4446888777777778,0.2072536337656522,4.320542962186718,0.3381102051543898
development:144,144,development,O=Cc1ccc(Br)nc1,murcko-c1ccncc1,0.6,0.3513513513513513,False,False,351.62705190861107,30.34428497380651,442.4819000411669,43.90172664883594,1.266962096384459,0.5686634407936391,0.09733937301587291,0.13539902725501862,4.400738192658606,0.3826822919871503
development:145,145,development,COc1ccc(OC)cc1,murcko-c1ccccc1,0.4,0.7857142857142857,False,False,280.1266053697574,13.94430960376799,338.9910372945973,25.40316104779786,1.871955519836415,0.4273833616742637,0.23271785555555544,0.14135568776258362,3.809457654463192,0.26552395327929174
development:146,146,development,O=C1OC2(c3ccccc31)c1cc(Br)c(O)c(Br)c1Oc1c2cc(Br)c(O)c1Br,murcko-O=C1OC2(c3ccccc3Oc3ccccc32)c2ccccc21,0.6086956521739131,0.3333333333333333,False,False,369.3137372127776,49.435485441800004,484.46582032366655,62.015029119187545,1.6220190917551187,1.1205816789904637,0.21035532222222228,0.23959592055862536,4.419047661602223,0.4572643352103047
development:147,147,development,Brc1ccc(Br)c2nsnc12,murcko-c1ccc2nsnc2c1,0.5416666666666666,0.3846153846153846,False,False,397.448608864889,25.913693482508357,500.3497714681665,15.430749426450248,1.610511687027785,0.5156959529419979,0.18287894444444455,0.19629170582155858,3.524821324199166,0.4020300547482944
development:148,148,development,Cc1cc(C=O)ccc1O,murcko-c1ccccc1,0.64,0.3823529411764705,False,False,350.99766058222224,30.395603805438988,453.2250878859999,40.02343961775991,1.2628066309464527,0.5717910164748171,0.19561888611111117,0.21026608118259765,4.314693570498889,0.24712899845801278
development:149,149,development,N#CC(C#N)=c1ccc(=C(C#N)C#N)cc1,murcko-C=c1ccc(=C)cc1,0.4,0.2758620689655172,False,False,347.90477380219454,60.73333099086586,489.33340109180523,92.88975808754726,1.575243167754584,0.47232604198132483,0.12230539166666667,0.22008976817934722,4.124991278961446,0.35518235309601015
development:150,150,development,N#Cc1cnccc1Br,murcko-c1ccncc1,0.6923076923076923,0.3,False,False,322.8578919581668,18.11290676745832,397.04848115369464,31.14150429789718,1.7781828275420897,0.5848100703196035,0.15728546111111097,0.16093992748743918,3.8042928470991684,0.2549868744196945
development:151,151,development,O=C(O)c1ccc(N=Nc2ccccc2)cc1,murcko-c1ccc(N=Nc2ccccc2)cc1,0.5714285714285714,0.5909090909090909,False,False,303.6714612580444,75.63190316426261,346.8712033085614,49.29246510163075,1.6557321161245704,0.39317893954232463,0.06593721666666659,0.13860699170818644,4.077136870314724,0.3331457881732075
development:152,152,development,Brc1ccc(-c2ccc(Br)cn2)nc1,murcko-c1ccc(-c2ccccn2)nc1,0.6,0.3,False,False,316.8724064235111,42.77149934360235,375.9501238748475,47.8645071354566,1.5843638893438539,0.606962802794856,0.12836920833333332,0.1650482209931569,3.944145031770436,0.3061258095613438
development:153,153,development,O=C1OC2(c3ccccc31)c1cc(I)c(O)c(I)c1Oc1c2cc(I)c(O)c1I,murcko-O=C1OC2(c3ccccc3Oc3ccccc32)c2ccccc21,0.6086956521739131,0.2459016393442623,False,False,365.665984730611,44.4266109378645,477.43397206130555,64.18517824420987,1.376607553180166,1.193502657795318,0.22953300000000007,0.25717030220681064,4.4116319703266695,0.45944728557548065
development:154,154,development,N#Cc1ccc(-c2ccc(C#N)cc2)cc1,murcko-c1ccc(-c2ccccc2)cc1,0.7857142857142857,0.6363636363636364,False,False,313.85723468525015,20.414554886237873,386.2763308241889,22.818428974060062,1.316163128551318,0.49800340675900484,0.49794077777777745,0.16620340173134393,4.467878660024417,0.06422529786038561
development:155,155,development,Nc1ccc2ccc3cccc4ccc1c2c34,murcko-c1cc2ccc3cccc4ccc(c1)c2c34,0.55,0.7083333333333334,False,False,345.3191334762777,8.21534719991364,428.0445267217162,49.93033906286832,2.132393848548553,0.6695440792395063,0.3050597936507937,0.1561152816776199,4.504600427564054,0.2083257545952682
development:156,156,development,Cc1cc(Br)cc(Br)c1,murcko-c1ccccc1,0.4117647058823529,0.5,False,False,269.75312886476127,22.405495101987185,305.45895774683834,25.9531709003663,2.9670446791190286,1.0351840310859135,0.23573906944444437,0.15094340230094816,4.077640364117667,0.24471613727541733
development:157,157,development,C=Cc1ccc2c(=C(C#N)C#N)c3ccccc3c(=C(C#N)C#N)c2c1,murcko-C=c1c2ccccc2c(=C)c2ccccc12,0.3333333333333333,0.3333333333333333,False,False,387.921561761889,60.038914821301795,493.8085972457222,85.77722863565226,1.2793567909970789,0.6184561345245411,0.14156763888888882,0.14818706328752057,3.612270503668066,0.488588073317773
development:158,158,development,CC(C)(C)c1cc(C=O)cc(C(C)(C)C)c1O,murcko-c1ccccc1,0.5185185185185185,0.2941176470588235,False,False,354.5347728140554,38.75012977665401,459.53014526297204,31.429013068901106,1.5463710507340767,0.7799157573715234,0.13044619722222228,0.14969948403095026,4.120797256223775,0.3125757091580353
development:159,159,development,N#Cc1c(F)c(F)nc(F)c1F,murcko-c1ccncc1,0.6111111111111112,0.5357142857142857,False,False,384.6069166666669,65.19450217299487,438.2918590079166,46.296086569944535,1.4232013674224513,1.1203216095504716,0.21055177777777756,0.2033549467675872,4.134771034422694,0.36451350553369777
development:160,160,development,O=C1C=C(Br)C(=O)C=C1Br,murcko-O=C1C=CC(=O)C=C1,0.3333333333333333,0.2,False,False,392.65414716277763,85.0255519148256,429.8158378719306,55.85425681150377,1.5114242987711932,0.7122880200847427,0.08056857222222219,0.11118400105094087,4.031949307606389,0.19633788722252518
development:161,161,development,Brc1cc(Br)cc(-c2ccccc2)c1,murcko-c1ccc(-c2ccccc2)cc1,0.6111111111111112,0.5789473684210527,False,False,303.7027442106278,20.443175805776853,371.7267920555279,17.804269420045724,1.3177871639370204,0.5508221050554716,0.2815629666666662,0.15226839607342035,4.4550657101400555,0.18305516943745886
development:162,162,development,Brc1ccc2c(c1)Cc1cc(Br)ccc1-2,murcko-c1ccc2c(c1)Cc1ccccc1-2,0.5,0.4444444444444444,False,False,312.9556622537222,21.097810342272307,353.33628138172236,28.81202186724824,1.5162847736219216,0.4494025437964269,0.458877527777778,0.2501345989406264,4.36649770488663,0.2907554980889609
development:163,163,development,Cc1c(C)c(Br)c(C)c(C)c1Br,murcko-c1ccccc1,0.3125,0.2142857142857142,False,False,425.624256172933,74.89557242573204,480.56036631368886,132.2804383064238,1.6725180907930872,1.2451014519507264,0.2592026527777777,0.2525560181802005,4.059215900124193,0.35379562600531195
development:164,164,development,c1csc(-c2ccc(-c3cccs3)c3nsnc23)c1,murcko-c1csc(-c2ccc(-c3cccs3)c3nsnc23)c1,0.46875,0.575,False,False,432.08427429788895,56.10099619937486,574.1122474747776,65.6366247442453,1.5781807883736676,0.7381234592350286,0.22280428333333333,0.19802071693597448,4.262898158662081,0.41398773894798707
development:165,165,development,Brc1c2c(c(Br)c3nsnc13)N=S=N2,murcko-c1c2c(cc3nsnc13)N=S=N2,0.5,0.3421052631578947,False,False,401.35305405255565,30.66297743741478,524.5618055555556,93.12609954223646,1.6205005053349701,1.066274313714049,0.2027340555555556,0.19407615823443117,3.985115619771365,0.40998490566928536
development:166,166,development,N#Cc1cc(F)c(F)c(F)c1F,murcko-c1ccccc1,0.5652173913043478,0.3636363636363636,False,False,343.8579068384721,25.186091008348345,400.3998862185833,30.31659029344464,1.9954493327201295,0.5931384410971581,0.2342205833333334,0.20186835888452517,3.8291139477136125,0.30511453180648124
development:167,167,development,OCc1ccc(-c2ccc(CO)cc2)cc1,murcko-c1ccc(-c2ccccc2)cc1,0.4736842105263157,0.35,False,False,333.15020779633863,42.1722542304538,455.0051220787558,87.21639708826203,1.3400329683034606,0.49169997547713673,0.23246381111111125,0.2542765929442142,4.380394100795562,0.32423204209282225
development:168,168,development,OC1c2ccccc2-c2ccccc21,murcko-c1ccc2c(c1)Cc1ccccc1-2,0.3636363636363636,0.4782608695652174,False,False,308.3070482853779,37.08031182035954,374.61387992210274,42.6571805070449,1.7412956994339568,0.3571604396412589,0.1715332833333334,0.269180001139772,4.3503842824788865,0.36469428745425964
development:169,169,development,N#Cc1cccnc1C#N,murcko-c1ccncc1,0.64,0.4074074074074074,False,False,320.83826666522236,16.33264008976632,385.6445321409723,33.8995001186173,1.4961031142980217,0.806815107970315,0.19459884722222212,0.1874998203365354,3.891344087877435,0.24837875306206272
development:170,170,development,Brc1ccc2c(c1)C1(c3ccccc3-c3ccccc31)c1cc(Br)ccc1-2,murcko-c1ccc2c(c1)-c1ccccc1C21c2ccccc2-c2ccccc21,0.782608695652174,0.5666666666666667,False,False,322.0738078000557,16.174626938779728,363.86406476659727,40.87939688452124,1.3523580481844468,0.5038217782772906,0.36110551111111144,0.24993012521611033,4.465903356679995,0.49325574254658405
development:171,171,development,Brc1ccc2ccc3cccc4ccc1c2c34,murcko-c1cc2ccc3cccc4ccc(c1)c2c34,0.8,0.5384615384615384,False,False,356.5258012771722,23.82626650707721,391.07491023096605,15.53395666672597,1.852081703498771,0.8247391627057117,0.17784912103174594,0.11648490899051095,4.541662476454501,0.19849647657275024
development:172,172,development,Nc1cc(Br)c(F)cc1Br,murcko-c1ccccc1,0.6666666666666666,0.3333333333333333,False,False,313.4793658569054,22.63702598537057,358.75415408986925,38.346377819136535,1.625415716871188,0.6746850104086919,0.1814304722222223,0.17113617493134273,4.04505363759639,0.29865844551419785
development:173,173,development,Cc1c(C)c(C)c(C=O)c(C)c1C,murcko-c1ccccc1,0.4736842105263157,0.2413793103448276,False,False,412.00414748838875,55.057717581029635,470.8047672422501,59.276877554822526,0.9630220287119996,0.8305200911186466,0.029089188888888878,0.08229059623186201,3.9513067943354865,0.5199247115218802
development:174,174,development,N#Cc1ccc(C#N)c(OC(F)(F)F)c1,murcko-c1ccccc1,0.4545454545454545,0.4545454545454545,False,False,344.763054725,19.484613599973365,420.2637623340001,43.804637484647735,1.7225033815676116,0.7602552226710987,0.37043852777777764,0.23595360357268236,3.7474047034211164,0.25685628116772846
development:175,175,development,CCc1cc(C#N)ccc1C#N,murcko-c1ccccc1,0.5517241379310345,0.5,False,False,381.7974688103608,49.56431075722989,420.8834756493193,46.272104776744975,2.1102074727169216,0.559476781684099,0.33627202777777737,0.21465981654189759,4.059008451929417,0.3283238975339498
development:176,176,development,O=Cc1cc(Br)ccc1O,murcko-c1ccccc1,0.6153846153846154,0.5161290322580645,False,False,356.4851000260556,23.39630682483469,464.9781636553667,28.931875298745787,1.025027267362872,0.6978650152697436,0.07186623888888895,0.10650956666066586,4.190593473659721,0.3433940589593694
development:177,177,development,Brc1ccc(-c2ccc(-c3ccc(Br)cc3)cc2)cc1,murcko-c1ccc(-c2ccc(-c3ccccc3)cc2)cc1,1.0,0.4,False,False,300.01266487210006,35.68559929640985,379.5237012043389,29.39424348606371,1.1335045673478032,0.49539813299428437,0.39773113888888884,0.17673728101586772,4.470918049893304,0.09069619747237286
development:178,178,development,N#Cc1c(F)c(F)c(Br)c(F)c1F,murcko-c1ccccc1,0.7058823529411765,0.3928571428571428,False,False,400.5493888888892,54.34659447769975,444.75120422729134,43.00538374102692,1.2197015278560006,1.0334908143570272,0.14546790833333326,0.18611376528007173,4.142940596905139,0.34992861329761077
development:179,179,development,N#Cc1ccc(-c2ccc(C#N)cn2)nc1,murcko-c1ccc(-c2ccccn2)nc1,0.625,0.5,False,False,330.2095223688167,32.85556565537525,418.29463147800016,39.78109912358663,1.6501440220397654,0.5259517641048167,0.18670711111111105,0.17118203638361418,3.896127253197882,0.31261169365065633
development:180,180,development,CCc1c(CBr)c(CC)c(CBr)c(CC)c1CBr,murcko-c1ccccc1,0.4705882352941176,0.3125,False,False,378.9913019778889,68.32528306243302,477.59999623128317,118.18116853333484,1.3043581304823675,0.8849626595682757,0.25498326388888887,0.21739835017577389,3.9399853628639425,0.37626759794084824
development:181,181,development,O=Cc1cc(O)cc(Cl)c1,murcko-c1ccccc1,0.5555555555555556,0.3333333333333333,False,False,366.2520231628333,33.34737713516323,469.08272103800005,45.16889054808965,1.4387017278711676,0.6784486183706241,0.10319079722222231,0.12507884730924151,3.8965663026455557,0.3909522052144981
development:182,182,development,N#Cc1c(F)c(F)c(C#N)c(F)c1F,murcko-c1ccccc1,0.9230769230769232,0.4782608695652174,False,False,400.55550000000034,54.29074791824555,444.44372855812475,42.71388932218323,1.4975607071654902,0.9559358460315286,0.13192094444444447,0.1572080538077793,4.142925553440139,0.34992635716300274
development:183,183,development,N#Cc1c(F)c(F)c(F)c(F)c1C#N,murcko-c1ccccc1,0.8571428571428571,0.4583333333333333,False,False,401.8163333333336,54.6809106092914,444.44372855812475,42.71388932218323,1.5004336022721854,0.9559479384743282,0.1402230000000001,0.16570259683118962,4.142925553440139,0.34992635716300274
development:184,184,development,Brc1ccnc(-c2cc(Br)ccn2)c1,murcko-c1ccc(-c2ccccn2)nc1,0.5,0.2894736842105263,False,False,313.1648287474612,25.369946644637217,381.3826058953002,47.34971675153858,1.2030165568967874,0.6910930780947524,0.308623861111111,0.297054052618103,4.062706037894493,0.2527070278229372
development:185,185,development,N#Cc1cc(Br)cs1,murcko-c1ccsc1,0.3928571428571428,0.3333333333333333,False,False,331.54938588188867,36.43448647266787,405.78730675366666,57.36606070852488,1.1520655462704719,0.7144419239065658,0.07380341666666664,0.09354213183345422,4.044014556880863,0.279623602152555
development:186,186,development,N#Cc1cscc1C#N,murcko-c1ccsc1,0.4705882352941176,0.3478260869565217,False,False,334.3249182707224,35.62915965620919,402.09029395822205,61.53587154285608,1.6315323882811839,0.8244455367321214,0.11465686111111112,0.14171099871934878,3.889983199558889,0.23243615008468668
development:187,187,development,O=Cc1cc(F)cc(Br)c1,murcko-c1ccccc1,0.6818181818181818,0.2702702702702703,False,False,346.27118393755546,28.803827658917687,449.2646346869445,36.40370288665226,1.3825669964157312,0.6972842001799887,0.21404125000000002,0.15737464591965736,4.0769137631135,0.31257815142925494
development:188,188,development,CCCCCCC1(CCCCCC)c2cc(Br)ccc2-c2ccc(Br)cc21,murcko-c1ccc2c(c1)Cc1ccccc1-2,1.0,0.6052631578947368,False,False,353.5540293657501,38.78881375026531,373.87963983298613,38.13291569244748,1.092813131741049,0.5195186616884779,0.6098745166666669,0.265259684369943,4.823645954514838,0.18556534361957147
development:189,189,development,N#Cc1c(Cl)c(Cl)c(C#N)c(Cl)c1Cl,murcko-c1ccccc1,0.4117647058823529,0.4285714285714285,False,False,404.2577222222224,54.060511272788695,447.632026421097,43.89420195425616,1.5937252296167883,1.0713437878326995,0.1981146388888888,0.23750677829089892,4.1318104566509355,0.3061683066594024
development:190,190,development,c1cc2ccc3ccc4ccc5ccc6ccc1c1c2c3c4c5c61,murcko-c1cc2ccc3ccc4ccc5ccc6ccc1c1c2c3c4c5c61,0.5833333333333334,1.0,False,False,398.9886077483778,44.69999834949366,422.66785996631097,34.90976301924703,2.651680173083054,0.21056873794070788,0.05815541666666663,0.06212256943334854,4.236436900989059,0.3716219567082539
development:191,191,development,Cn1cnc(C#N)c1C#N,murcko-c1c[nH]cn1,0.3846153846153846,0.3414634146341463,False,False,331.52299495499443,38.90662430620618,411.8491578758333,37.40393936114309,1.4558223503987828,0.8017873069216452,0.25796625833333336,0.2306996183993496,3.9939094902249446,0.2642713402973923
development:192,192,development,O=Cc1cc(O)c(C=O)cc1O,murcko-c1ccccc1,0.8823529411764706,0.4814814814814814,False,False,357.6078778038333,24.656202056991884,462.7096539064166,27.999358738194577,1.1315599230840283,0.7846463561759883,0.0706169333333334,0.10298251025544944,4.075637606959052,0.2776517332514983
development:193,193,development,CCCCCCCCC1(CCCCCCCC)c2cc(B3OC(C)(C)C(C)(C)O3)ccc2-c2ccc(B3OC(C)(C)C(C)(C)O3)cc21,murcko-c1cc2c(cc1B1OCCO1)Cc1cc(B3OCCO3)ccc1-2,0.5897435897435898,0.5111111111111111,False,False,368.1742824118891,37.73213087299686,391.6972756051252,44.53484626538992,1.7433277904684974,1.1267777823352343,0.6177215166666661,0.2648277118455658,4.80442371846417,0.20510273884190125
development:194,194,development,O=Cc1ccc(-c2cncnc2)cc1,murcko-c1ccc(-c2cncnc2)cc1,0.6363636363636364,0.4375,False,False,342.9825120979111,14.010400087752897,437.09021192977787,39.86959166170117,1.309940215601884,0.4687250094762943,0.18686266666666637,0.20200054652802718,4.477581892734608,0.2915327219186567
development:195,195,development,CC1(C)c2ccccc2Oc2ccccc21,murcko-c1ccc2c(c1)Cc1ccccc1O2,0.3,0.4358974358974359,False,False,308.05421402959456,26.610736788643624,356.64738006648344,47.30023507985455,1.3314277735961932,0.45668073974004053,0.41317188888888895,0.26825814880513743,4.158253383518668,0.4123824248059801
development:196,196,development,c1cc2cccc3c4cccc5cccc(c(c1)c23)c54,murcko-c1cc2cccc3c4cccc5cccc(c(c1)c23)c54,0.6,0.6190476190476191,False,False,414.3318333333331,25.893373661652106,468.00266519822236,44.39523462360502,1.9402294863603444,0.34992630246355855,0.4587913503968251,0.29634624767408213,4.241538769255639,0.3505459332208259
development:197,197,development,CCCCCCCCC1(CCCCCCCC)c2cc(Br)ccc2-c2ccc(Br)cc21,murcko-c1ccc2c(c1)Cc1ccccc1-2,1.0,0.6052631578947368,False,False,353.5540293657501,38.78881375026531,373.87963983298613,38.13291569244748,1.092813131741049,0.5195186616884779,0.6098745166666669,0.265259684369943,4.823645954514838,0.18556534361957147
development:198,198,development,BrCc1ccc(-c2ccc(CBr)cc2)cc1,murcko-c1ccc(-c2ccccc2)cc1,0.7857142857142857,0.35,False,False,301.9960406886055,58.682550087329055,424.3859003039387,85.26398065650037,1.248326933803241,0.4930746121269005,0.49774888888888874,0.22029907046967262,4.316883778167247,0.4069543366807742
development:199,199,development,Fc1ccc(-c2nc(-c3ccccc3)nc(-c3ccccc3)n2)cc1,murcko-c1ccc(-c2nc(-c3ccccc3)nc(-c3ccccc3)n2)cc1,0.7142857142857143,0.46875,False,False,300.13084613291664,30.923585255692675,401.72189604116676,53.48434479742632,1.1511569889610216,0.4394873935177653,0.2526980833333332,0.2164741639198969,4.301392883177223,0.2833632301662503
development:200,200,development,N#Cc1cccnc1Br,murcko-c1ccncc1,0.6153846153846154,0.3928571428571428,False,False,309.1027800428611,27.22103893891293,387.8542132891945,37.48065806302953,1.4787731927658703,0.7923248862191692,0.16839834999999984,0.15948622509805715,3.6586245056004394,0.37758075603732144
development:201,201,development,N#Cc1ccc(C=O)nc1,murcko-c1ccncc1,0.5357142857142857,0.3714285714285714,False,False,360.61998939972233,33.443251043200206,448.998096460778,42.84022742063542,1.3137660637560202,0.7357872714208453,0.11074457777777785,0.13407109052386404,4.062200097313331,0.3005058030319193
development:202,202,development,N#Cc1ccc(C#N)nc1,murcko-c1ccncc1,0.625,0.4193548387096774,False,False,339.8758965912221,34.85414254145007,448.6181830587084,45.67768484618789,1.5075844512076486,0.5209312222316969,0.18262548611111104,0.1765263482212228,4.196419243740634,0.4690381079480016
development:203,203,development,C1=Cc2cccc3cccc1c23,murcko-C1=Cc2cccc3cccc1c23,0.5294117647058824,0.4285714285714285,False,False,384.60494067233344,53.55482742212919,431.22914099635295,43.40148705724081,1.9803463504694314,0.5216879253224551,0.27795338888888904,0.22738118148029657,4.119317206695617,0.36212392422690864
development:204,204,development,N#Cc1c(O)[nH]c(=O)c(C#N)c1-c1ccccc1,murcko-O=c1cc(-c2ccccc2)cc[nH]1,0.3333333333333333,0.4102564102564102,False,False,368.6012885586667,38.807155771847945,477.09988712408335,85.93075269529648,1.6323982503564893,0.6265770022203825,0.2323158277777778,0.24738802274118185,4.0825569489463325,0.24835325341169806
development:205,205,development,N#Cc1cc(N)cc(F)c1,murcko-c1ccccc1,0.6818181818181818,0.6818181818181818,False,False,331.97961831872215,13.124953324685455,396.8889617084721,17.470456900408823,1.7468949140724375,0.49972075917653525,0.2189607222222224,0.18292699940173734,3.6117802192623905,0.2273891686367723
development:206,206,development,Cn1c2ccccc2c2cc(C=O)ccc21,murcko-c1ccc2c(c1)[nH]c1ccccc12,0.6857142857142857,0.6216216216216216,False,False,358.4196217462778,35.62897683441511,443.7575234139445,40.06747651860978,1.2609717861544816,0.6365565325801993,0.18743019444444467,0.21447232060534693,4.324602032329998,0.23465660461916804
development:207,207,development,CC1(C)OB(c2ccc(N)cc2)OC1(C)C,murcko-c1ccc(B2OCCO2)cc1,0.7727272727272727,0.4545454545454545,False,False,338.712984365239,42.716804483237155,388.8559242450586,48.1873898540668,1.9125159016988058,1.189320764362792,0.4850454722222218,0.25921675378937875,3.8931773818301676,0.2725703817912098
development:208,208,development,N#Cc1cccc(F)c1F,murcko-c1ccccc1,0.4444444444444444,0.48,False,False,322.4964891155002,17.542140829493963,376.7620804594168,29.592461885434478,2.1904809204690276,0.6762214365547325,0.29403261111111123,0.19753876325221228,3.8865762511422206,0.19222244276463293
development:209,209,development,c1ccc2c(c1)c1ccccc1c1ccccc21,murcko-c1ccc2c(c1)c1ccccc1c1ccccc21,0.5714285714285714,0.5,False,False,336.2490149247501,23.43155360394095,372.2269642018333,36.092934734505434,1.8290814537533473,0.4370080476471176,0.15735069444444452,0.14975074464606103,3.9832773680713345,0.1578041604052281
development:210,210,development,c1ccc2c(c1)ccc1c3ccccc3ccc21,murcko-c1ccc2c(c1)ccc1c3ccccc3ccc21,0.5714285714285714,0.6111111111111112,False,False,342.44777646149134,25.549102763885365,381.5729722471668,29.82510667931088,1.8203222013019968,0.6077536370774215,0.13082019722222224,0.12181528069257323,4.0161909389424135,0.3470955915085005
development:211,211,development,O=c1[nH]cc(Br)nc1Br,murcko-O=c1cncc[nH]1,0.3548387096774194,0.2580645161290322,False,False,353.1394244854444,43.06394700901436,428.04866199698625,54.81174624192659,1.3522454100959527,0.7727095948199497,0.23183843611111116,0.2944886083978099,4.071973605046559,0.38448975024965737
development:212,212,development,Cc1c(CBr)c(C)c(CBr)c(C)c1CBr,murcko-c1ccccc1,0.4705882352941176,0.25,False,False,422.293449161167,73.51885238631282,477.49806591007206,129.36467553089392,1.8595964864914207,1.0562519260728929,0.20917248055555548,0.14559362717695473,3.9481053290071424,0.40179920345199144
development:213,213,development,O=c1cc(Br)[nH]c(Br)c1,murcko-O=c1cc[nH]cc1,0.3043478260869565,0.3,False,False,346.4853277636746,38.20316969853875,415.11999930822424,63.82269652314465,1.4262665887368535,0.7728393053075806,0.12747928611111117,0.18643755764127784,4.0322014883037784,0.3018197688789173
development:214,214,development,Nc1ccc(-c2c3nc(c(-c4ccc(N)cc4)c4ccc([nH]4)c(-c4ccc(N)cc4)c4nc(c(-c5ccc(N)cc5)c5ccc2[nH]5)C=C4)C=C3)cc1,murcko-C1=Cc2nc1c(-c1ccccc1)c1ccc([nH]1)c(-c1ccccc1)c1nc(c(-c3ccccc3)c3ccc([nH]3)c2-c2ccccc2)C=C1,0.6666666666666666,0.6774193548387096,False,False,634.4932499999994,44.79897369858786,656.4336111111104,3.1347649242504585,2.3909452990530298,0.12274570468594788,0.131839913888889,0.10746361782251694,3.742622015444447,0.17683162760573207
development:215,215,development,N#Cc1ccccc1CBr,murcko-c1ccccc1,0.6153846153846154,0.4444444444444444,False,False,317.6959149063335,22.21343378343268,378.5495536488334,48.18862034129336,1.8033737496197713,0.5663040672759813,0.23555217499999992,0.1668133963361382,3.832827501931556,0.23339391813098445
development:216,216,development,Nc1c(Br)cnc(Br)c1N,murcko-c1ccncc1,0.5,0.2857142857142857,False,False,315.0564973075557,39.76055255523217,392.0830142274224,66.29417966945836,1.9505558243459908,0.6532539688237563,0.1699210083333332,0.17570919739383914,3.941895162570378,0.2793211597542216
development:217,217,development,N#Cc1cnc(Br)cn1,murcko-c1cnccn1,0.5185185185185185,0.2571428571428571,False,False,323.2542321820945,24.383243077263337,408.5352625700833,34.46973310282344,1.6110062722996579,0.6604273563128129,0.21508994999999997,0.2521738537454782,3.921782107057436,0.2607131404146355
development:218,218,development,O=Cc1ccc(Oc2ccc(C=O)cc2)cc1,murcko-c1ccc(Oc2ccccc2)cc1,0.6470588235294118,0.4516129032258064,False,False,340.4266702089815,16.286028794970072,437.3323367700555,35.55730747777057,1.3487921829690466,0.5405915482256584,0.06939603333333338,0.08237119861823612,4.280203425651107,0.20299449510105524
development:219,219,development,Cc1cc(C=O)cc(C)c1O,murcko-c1ccccc1,0.5769230769230769,0.2941176470588235,False,False,344.59149929144434,31.575060947445195,422.7605869170555,49.81265058928914,1.3593773063464019,0.650371575364202,0.13449165833333349,0.15551739045872467,4.135580512962497,0.362996480386771
development:220,220,development,OB(O)c1ccc(Br)nc1,murcko-c1ccncc1,0.48,0.2941176470588235,False,False,368.00235356301107,63.19790322767676,392.3176982379586,55.76910602771979,1.4935396354617159,0.6438277795808346,0.31591418611111144,0.24228562859817124,3.941047165415714,0.2726062394174331
development:221,221,development,N#Cc1cccc(N)c1,murcko-c1ccccc1,0.6666666666666666,0.5652173913043478,False,False,327.10060678605527,19.588264704691753,391.5327862652221,18.678256618282987,1.7922257286348406,0.25631934027585057,0.24526366388888893,0.17131333170985144,3.750528242425561,0.24436042567407432
development:222,222,development,Nc1cccc2c(N)cccc12,murcko-c1ccc2ccccc2c1,0.4347826086956521,0.5217391304347826,False,False,332.1051168151113,19.37971306812114,431.1307931536944,67.40010809793415,2.0776645464364107,0.4238225294513673,0.3356483666666668,0.22804645194911513,3.961176842386194,0.23171845398681257
development:223,223,development,N#Cc1cc2ccccc2cc1C#N,murcko-c1ccc2ccccc2c1,0.5555555555555556,0.5416666666666666,False,False,339.7103531856249,22.376114076858684,399.8369558182225,32.10291765552783,1.9222879308466227,0.536232815207151,0.1819492083333333,0.17859580063458,3.850696758812899,0.27781060221052106
development:224,224,development,Nc1ccc(-c2ccc(N)c(O)c2)cc1O,murcko-c1ccc(-c2ccccc2)cc1,0.4782608695652174,0.3333333333333333,False,False,315.56026312797235,22.763575117480062,380.9397766439723,42.18976559157248,1.4074969336933012,0.43655233387767134,0.14727190555555553,0.17571425970364468,4.24232081643986,0.30612098178065644
development:225,225,development,O=C1Cc2cc(Br)cc(Br)c2N1,murcko-O=C1Cc2ccccc2N1,0.4411764705882353,0.4,False,False,306.3333470210953,84.15103314273348,393.7378319079483,55.26743485859761,1.7070518560002517,0.7460560035107235,0.34711066666666673,0.24754786907275136,4.151334332541334,0.3355692433609796
development:226,226,development,O=c1c2ccccc2c(=O)c2cc3c(=O)c4ccccc4c(=O)c3cc12,murcko-O=c1c2ccccc2c(=O)c2cc3c(=O)c4ccccc4c(=O)c3cc12,0.8823529411764706,0.5,False,False,449.01747214877804,101.91059164482597,467.4469559191113,67.62628979483101,2.048549971282247,0.4185391805678863,0.3370636849206349,0.2906871840682087,4.0839896838116205,0.22011605856461333
development:227,227,development,O=Cc1ccc(O)c(Cl)c1,murcko-c1ccccc1,0.6923076923076923,0.3428571428571428,False,False,339.579319672389,23.009777014908927,439.0783303232779,43.400429446964964,1.2021903132449228,0.534945366395727,0.1897772750000001,0.21722300352092508,4.270611034949442,0.2383617379189093
development:228,228,development,Oc1c(Br)cc(Br)c(O)c1Br,murcko-c1ccccc1,0.5555555555555556,0.24,False,False,317.74050440481375,38.11752369942233,370.2789461783473,64.9801738444969,1.3664402783225906,0.7807879814836656,0.04284880555555555,0.08299168985784072,4.012750849329612,0.24084360471334307
development:229,229,development,N#CC1=C(C#N)SC(C#N)=C(C#N)S1,murcko-C1=CSC=CS1,0.3157894736842105,0.2272727272727272,False,False,378.3824243225279,67.6948428191908,450.0144649523332,95.52816255666008,1.1973458706711713,0.8518013133659308,0.10245644444444446,0.12773136713935335,4.15439829530014,0.20350435794186744
development:230,230,development,COC(OC)(C(=O)c1ccccc1)c1ccccc1,murcko-O=C(Cc1ccccc1)c1ccccc1,0.4482758620689655,0.3928571428571428,False,False,299.6734854535444,37.43356178780194,365.44408195335035,54.15148812184542,1.7075502529918807,0.6741504376080186,0.4045322666666667,0.44856955736865467,4.111608313150002,0.46373867715352496
development:231,231,development,O=Cc1cccc(O)c1O,murcko-c1ccccc1,0.625,0.4074074074074074,False,False,356.2686334422037,17.322320495895482,458.7524318960056,30.102593075049082,1.304730032620021,1.213869695820614,0.04945865166666667,0.06623137686514076,4.0386081582356095,0.3832337472625871
development:232,232,development,Nc1ccc(N)c2c1C(=O)c1c(N)ccc(N)c1C2=O,murcko-O=C1c2ccccc2C(=O)c2ccccc21,0.3333333333333333,0.44,False,False,454.44529743394435,42.09792773602651,544.9469153438334,78.59678585179809,1.5835449408145388,0.46517053647995465,0.17385494722222225,0.1640136992926564,3.907213763294719,0.327207391854444
development:233,233,development,N#Cc1cccc(C=O)c1,murcko-c1ccccc1,0.7857142857142857,0.4375,False,False,349.9510029601111,26.02102850095354,443.3415831982777,42.678668917985185,1.5331457470393293,0.6662883976802342,0.27728924999999977,0.18069442892568993,4.060375109074723,0.3250894446620845
development:234,234,development,O=Cc1sc(C=O)c(Br)c1Br,murcko-c1ccsc1,0.4782608695652174,0.2121212121212121,False,False,361.74336771827785,48.862760468608215,464.15524273811104,50.17123451673041,0.6448280002405884,0.6331965393919231,0.0215299111111111,0.03691746603833258,4.09625322468167,0.4642929662816314
development:235,235,development,Cc1cc(C)cc(-c2cc(C)cc(C)c2)c1,murcko-c1ccc(-c2ccccc2)cc1,0.4117647058823529,0.7272727272727273,False,False,268.1176736591782,14.911209625824677,321.1587917548381,37.255614163522985,3.1272310536012324,1.109324550554752,0.23981852777777773,0.09589503114518645,4.281555844779306,0.25249781815318606
development:236,236,development,O=c1c(Br)c[nH]cc1Br,murcko-O=c1cc[nH]cc1,0.3043478260869565,0.2580645161290322,False,False,379.4945568628808,55.42913750247532,417.11592964630574,50.993085982844754,1.8603034133333105,0.8465486738141073,0.15724845833333337,0.19200997357001606,3.890618336137499,0.2781885269006772
development:237,237,development,O=C(c1ccccc1)c1cc(C(=O)c2ccccc2)cc(C(=O)c2ccccc2)c1,murcko-O=C(c1ccccc1)c1cc(C(=O)c2ccccc2)cc(C(=O)c2ccccc2)c1,0.8235294117647058,0.55,False,False,317.64674963540256,34.70055672578328,405.6570709777365,67.6602633374107,1.531742111812904,0.44567454805854134,0.06923278888888885,0.10878861085023796,3.9645135077719775,0.2147981193668902
development:238,238,development,c1ccc(-c2nc(-c3ccccc3)nc(-c3ccc(-c4ccc(-c5nc(-c6ccccc6)nc(-c6ccccc6)n5)cc4)cc3)n2)cc1,murcko-c1ccc(-c2nc(-c3ccccc3)nc(-c3ccc(-c4ccc(-c5nc(-c6ccccc6)nc(-c6ccccc6)n5)cc4)cc3)n2)cc1,1.0,0.625,False,False,300.33934947369426,31.604428043564923,403.7439398686112,52.578020135796685,1.0234385040101568,0.4141135321388331,0.4359293611111114,0.21944590227158825,4.718934726371392,0.20674445007126935
development:239,239,development,COC(=O)c1cc(C(=O)OC)cc(C(=O)OC)c1,murcko-c1ccccc1,0.7142857142857143,0.4516129032258064,False,False,312.08667605144444,28.40420052115251,380.8480221853614,42.604188952573494,1.6987567781331663,0.5557570958319069,0.13828496944444452,0.1856738063019577,4.046372176864445,0.27862498413079073
development:240,240,development,COc1cc(Br)c(OC)cc1Br,murcko-c1ccccc1,0.7647058823529411,0.3571428571428571,False,False,311.36436319962775,20.424074248314778,392.7340489409999,81.80235660619732,1.5535255213649262,0.5828582189678169,0.14502557777777772,0.14125619120792643,4.441647841096866,0.2271534515779046
development:241,241,development,CC1(C)OB(c2cn[nH]c2)OC1(C)C,murcko-c1n[nH]cc1B1OCCO1,0.5,0.3783783783783784,False,False,346.1109812339168,56.6853613985929,405.1383108874779,50.639228032260725,2.0936045785564175,1.2386108431639513,0.3964211972222226,0.2785194519019781,3.9004855643272753,0.3221139735179901
development:242,242,development,c1ccc2nsnc2c1,murcko-c1ccc2nsnc2c1,0.4705882352941176,0.4166666666666667,False,False,326.55164742576665,32.590589209092016,432.3937597680556,51.094457555977236,1.2536751912898985,0.6652362060575893,0.1359091638888889,0.17270520775726597,3.8168817622464735,0.3419060739477041
development:243,243,development,Brc1ccc(C#Cc2ccc(Br)cc2)cc1,murcko-C(#Cc1ccccc1)c1ccccc1,0.5789473684210527,0.5,False,False,338.0415296832363,17.508418891549265,381.8297958353002,27.907107057470185,0.8991576125240645,0.3246189502733905,0.28928684722222253,0.20008363618234973,4.728603368335725,0.17342487118630784
development:244,244,development,O=Cc1ccc(N2CCS(=O)(=O)CC2)cc1,murcko-O=S1(=O)CCN(c2ccccc2)CC1,0.6551724137931034,0.3255813953488372,False,False,377.99715958879983,30.476762920233853,468.07120328569425,69.39349656603511,1.2989126774394233,0.5519771592268429,0.06857844444444447,0.09053346625671137,4.302934665029439,0.21526665442272774
development:245,245,development,CN1CCN(c2ccc(C=O)cc2)CC1,murcko-c1ccc(N2CCNCC2)cc1,0.6785714285714286,0.3636363636363636,False,False,380.17663732380555,29.13585002163418,483.64287022825,60.04108307464225,1.275814694258747,0.5965760229818151,0.0973311111111111,0.13875669364896212,3.971241445445277,0.49394544870640833
development:246,246,development,Brc1ccc2ccc3c(Br)ccc4ccc1c2c43,murcko-c1cc2ccc3cccc4ccc(c1)c2c34,0.8,0.5238095238095238,False,False,374.5447883168777,38.55359155305493,394.86094130003033,22.662186017662087,1.7433130421477119,0.795779029202592,0.19650395277777785,0.19871082778107865,4.562114823105973,0.1910062039122645
development:247,247,development,CCN(CCO)c1ccc(N=Nc2ccc([N+](=O)[O-])cc2)cc1,murcko-c1ccc(N=Nc2ccccc2)cc1,0.3488372093023256,0.5909090909090909,False,False,387.4717695490556,50.61860746667938,495.4565842941388,85.12868610737054,1.1019220060022403,0.5048136482276125,0.017967613888888914,0.0656688595107815,4.353740953378725,0.24335629194022412
development:248,248,development,Brc1ccc(-c2ccc(-c3ccc(Br)s3)c3nsnc23)s1,murcko-c1csc(-c2ccc(-c3cccs3)c3nsnc23)c1,0.52,0.5294117647058824,False,False,482.19779171311114,48.46050021072922,618.6245808081113,43.08680779033029,1.7932768176362868,0.18504251713447933,0.2705169166666667,0.2240327889652998,4.433767970641106,0.20813124801415994
development:249,249,development,N#Cc1cccc(C#N)n1,murcko-c1ccncc1,0.75,0.4230769230769231,False,False,340.04549186975,49.40274450051792,406.98304988336105,34.597521300501626,1.3866312033052544,0.5777621907332114,0.14785879166666674,0.17892975269065273,4.0946618386563305,0.2733790579220246
development:250,250,development,c1ncncn1,murcko-c1ncncn1,0.2941176470588235,0.25,False,False,231.86346365589046,28.936038843995465,325.1278062722063,62.417327875187404,4.206721936478475,1.3120643599670023,0.16851509999999995,0.15772019357804146,3.7520344741272256,0.18905660527301588
development:251,251,development,N#Cc1ccnc(C#N)c1,murcko-c1ccncc1,0.5925925925925926,0.3548387096774194,False,False,326.70471141299987,23.10828258188019,402.0806900165555,31.86182338900996,1.386479473884477,0.6813671238001122,0.16761199166666668,0.18111372041962123,3.873850353441159,0.27317520240757964
development:252,252,development,N#Cc1ccc(-c2ccccc2)cc1,murcko-c1ccc(-c2ccccc2)cc1,0.7777777777777778,0.5555555555555556,False,False,315.0054635218279,22.77479218181083,384.7622556908889,29.81884907971229,1.1789607646057425,0.3243736198711941,0.5226883888888889,0.13043832961579435,4.477929884357554,0.05965894165009146
development:253,253,development,N#CC(C#N)=c1c(F)c(F)c(=C(C#N)C#N)c(F)c1F,murcko-C=c1ccc(=C)cc1,0.4347826086956521,0.2333333333333333,False,False,420.2195881961115,71.30656346766425,534.0385101389444,80.10480472890424,1.7049656848952175,1.0187247491485119,0.09613028611111107,0.1692352100541925,3.948996642322823,0.4540478120846762
development:254,254,development,CC(C)(O)c1ccc(C(C)(C)O)cc1,murcko-c1ccccc1,0.35,0.4210526315789473,False,False,289.02732396630563,24.795172559538734,345.4695098318726,38.00686585319151,1.4880724922028232,0.5541866797810124,0.1222830277777778,0.14334692306265975,3.963912120226112,0.24357861127529254
development:255,255,development,O=Cc1ccc2ccc3cccc4ccc1c2c34,murcko-c1cc2ccc3cccc4ccc(c1)c2c34,0.4827586206896552,0.5454545454545454,False,False,384.0923642583831,38.04858093705082,447.1607428157277,43.068113886966295,1.5222073184963032,0.5104642396378477,0.22261619444444458,0.2206441277864716,4.3821826154572205,0.20798816847822607
development:256,256,development,N#Cc1ccc(C#N)c2ccccc12,murcko-c1ccc2ccccc2c1,0.55,0.64,False,False,323.95985660258356,22.83547239740425,384.7283182036112,41.910306573696744,1.8663292990994318,0.5962578410934802,0.44194569444444415,0.2148950923984258,3.895693193601334,0.2595340973523408
development:257,257,development,O=C1c2cc3ccccc3cc2C(=O)c2cc3ccccc3cc21,murcko-O=C1c2cc3ccccc3cc2C(=O)c2cc3ccccc3cc21,0.6190476190476191,0.48,False,False,449.15969953852795,38.94449626718856,527.1686503891112,64.96356781713351,1.7537639853305527,0.5811220169161867,0.08753712638888884,0.1573698980493329,3.2670384058514785,0.44731299958979287
development:258,258,development,C#Cc1ccc(C#N)cc1,murcko-c1ccccc1,0.6875,0.4583333333333333,False,False,312.9114325945946,21.87311110296629,387.1000284165833,27.953669220023045,1.6198182401638184,0.346006467018814,0.16507236111111126,0.16135335934706707,3.9965408435982255,0.25291765216252426
development:259,259,development,Brc1ccc(-c2nc(-c3ccc(Br)cc3)nc(-c3ccc(Br)cc3)n2)cc1,murcko-c1ccc(-c2nc(-c3ccccc3)nc(-c3ccccc3)n2)cc1,0.5882352941176471,0.4444444444444444,False,False,318.4348807453278,40.32334030438323,406.01231121832774,48.69065878358381,1.0386478389943732,0.5061867633528109,0.18836048611111103,0.20216357656597156,4.399717306415557,0.2832277691194952
development:260,260,development,c1ccc(-c2ccc(-c3ccc(-c4ccc(-c5ccccc5)cc4)cc3)cc2)cc1,murcko-c1ccc(-c2ccc(-c3ccc(-c4ccc(-c5ccccc5)cc4)cc3)cc2)cc1,1.0,1.0,False,False,281.7261189635501,6.676858479888058,361.01421661933324,11.681732137084287,1.0666381015600224,0.21172999556199457,0.5067283055555555,0.08232291988378056,4.483328308083943,0.04873214671293451
development:261,261,development,c1ccc(-c2ccc(-c3nc(-c4ccc(-c5ccccc5)cc4)nc(-c4ccc(-c5ccccc5)cc4)n3)cc2)cc1,murcko-c1ccc(-c2ccc(-c3nc(-c4ccc(-c5ccccc5)cc4)nc(-c4ccc(-c5ccccc5)cc4)n3)cc2)cc1,1.0,0.625,False,False,300.33934947369426,31.604428043564923,403.7439398686112,52.578020135796685,1.0234385040101568,0.4141135321388331,0.4359293611111114,0.21944590227158825,4.718934726371392,0.20674445007126935
development:262,262,development,O=Cc1cc(C=O)cc(C=O)c1,murcko-c1ccccc1,0.625,0.3461538461538461,False,False,342.1189678503332,25.28226854383899,447.4212962729445,34.473747104745705,1.4635098712157124,0.688593354295683,0.22778916111111105,0.18287139763392332,4.106258703851885,0.3118727928238418
development:263,263,development,O=Cc1cc(Br)nc(Br)c1,murcko-c1ccncc1,0.5454545454545454,0.3055555555555556,False,False,346.25477472266664,28.056489020395322,449.6896013536111,34.06208055277069,1.3984631877752072,0.6262524659227507,0.18241097222222222,0.1647194066992615,4.103151400077665,0.27661978298332324
development:264,264,development,O=Cc1c(F)c(F)c(C=O)c(F)c1F,murcko-c1ccccc1,0.4117647058823529,0.2,False,False,365.24818655655565,49.0371732479686,462.58751922433345,58.23661668864236,0.8685080424360709,0.7667575797446241,0.03054777777777776,0.06553100748258152,4.007940336845837,0.500764546276877
development:265,265,development,O=Cc1ccc(-c2ccccc2)cc1,murcko-c1ccc(-c2ccccc2)cc1,0.7777777777777778,0.56,False,False,345.6690871217222,19.359855050856627,428.07831065616676,28.14253739535169,1.2811401407516443,0.43027456204916287,0.20714933888888856,0.17254325983247676,4.426002388471829,0.19947280937461678
development:266,266,development,O=Cc1ccc(-c2ccc(C=O)s2)s1,murcko-c1csc(-c2cccs2)c1,0.9444444444444444,0.68,False,False,369.9566466154167,18.54365937072966,459.20839719399976,27.32834830182729,0.6882471225234791,0.28905156023067824,0.07290688888888891,0.0856582954953407,4.3843939019369484,0.1441738498603003
development:267,267,development,N#Cc1ccc(C(=O)c2ccc(C#N)cc2)cc1,murcko-O=C(c1ccccc1)c1ccccc1,0.6666666666666666,0.4242424242424242,False,False,323.763961008639,30.871165956072684,411.3400927997223,58.30026662061194,1.6192332774877596,0.42514890456243953,0.1024812972222223,0.11426610795961209,3.9665120372891987,0.25059427506413756
development:268,268,development,CC1(C)c2cc(B3OC(C)(C)C(C)(C)O3)ccc2-c2ccc(B3OC(C)(C)C(C)(C)O3)cc21,murcko-c1cc2c(cc1B1OCCO1)Cc1cc(B3OCCO3)ccc1-2,0.5925925925925926,0.4444444444444444,False,False,346.8328474808889,39.329941828264666,393.901682902639,45.6740644205589,1.9067934537401698,1.1743305196211533,0.48058305555555536,0.2721183236337519,4.1390513467212,0.36213165117943963
development:269,269,development,Fc1cc(Br)c(F)cc1Br,murcko-c1ccccc1,0.7142857142857143,0.25,False,False,309.6631956974054,21.99679162159112,356.22836329878606,39.15134607983672,1.5711025338681854,0.6721154829562542,0.16068576388888892,0.1661886606579472,4.059473650502224,0.23639398989145427
development:270,270,development,Brc1cnc(Br)nc1,murcko-c1cncnc1,0.45,0.2352941176470588,False,False,303.3843745486389,30.759329431397727,372.2585190871642,45.65907639699054,1.5707808102820775,0.7312721602608574,0.10885899166666664,0.1374221636432442,3.932831830774602,0.252324635334615
development:271,271,development,Cc1cccc(N(c2ccc(C=O)cc2)c2cccc(C)c2)c1,murcko-c1ccc(N(c2ccccc2)c2ccccc2)cc1,0.6666666666666666,0.6333333333333333,False,False,393.0375411544445,23.04086193565455,504.56349356686115,32.877250720902374,1.6725566038698736,1.0337428628266523,0.4308641944444448,0.25221586852605427,4.355830188073477,0.2977840564915217
development:272,272,development,Brc1cnc(Br)c2nsnc12,murcko-c1cc2nsnc2cn1,0.5416666666666666,0.28125,False,False,396.5539674506668,27.977838013354486,511.25385662355546,62.04643169419406,1.726857527949929,0.5551078837121453,0.23544161111111117,0.23567579478212836,3.521382070393609,0.3918374836746456
development:273,273,development,Oc1c(Br)c(O)c(Br)c(O)c1Br,murcko-c1ccccc1,0.5333333333333333,0.1904761904761904,False,False,419.67110678630604,77.5693365869296,496.15074587417223,116.60968504368289,1.080333556186263,0.9052092597049988,0.040861177777777764,0.059544467968299916,3.9718904577542107,0.3781458349366217
development:274,274,development,O=C(C(=O)c1ccc(C(=O)C(=O)c2ccccc2)cc1)c1ccccc1,murcko-O=C(C(=O)c1ccc(C(=O)C(=O)c2ccccc2)cc1)c1ccccc1,0.9333333333333332,0.6111111111111112,False,False,313.32216219644437,43.994398623546715,431.51105163015575,87.65716268265473,1.6099319191446995,0.36425328752313346,0.05792626944444434,0.10595335322283156,3.549472620265582,0.5567104856650722
development:275,275,development,Nc1ccc(-c2ccc(-c3ccc(N)cc3)cc2)cc1,murcko-c1ccc(-c2ccc(-c3ccccc3)cc2)cc1,0.7857142857142857,1.0,False,False,286.9792287681225,9.385629334944863,384.497786241539,11.361735792478123,1.223590374105643,0.43166856485571914,0.4583127111111106,0.16323251606625735,4.456189590509302,0.10489907483028799
development:276,276,development,O=Cc1c(O)c(C=O)c(O)c(C=O)c1O,murcko-c1ccccc1,0.45,0.2439024390243902,False,False,368.02915113800015,46.581800061414945,464.63704859127785,57.18476736638598,0.830012270379099,0.6971470156251696,0.030195032222222206,0.06524439627117498,3.871045970078779,0.4645447207180867
development:277,277,development,Fc1c(F)c(Br)c(F)c(F)c1Br,murcko-c1ccccc1,0.75,0.1904761904761904,False,False,420.9740813050283,77.03349254804519,493.2740775838112,121.9759127582324,1.0803944881783645,0.9685368540523929,0.13055146388888889,0.15091375394214207,4.11782090238742,0.3057012170134613
development:278,278,development,O=[N+]([O-])c1cc(Br)ccc1Br,murcko-c1ccccc1,0.4,0.3548387096774194,False,False,328.17480445388884,30.919589601807324,421.92207308469426,55.29473732751641,1.1970841504638137,0.5650613427296153,0.05059509999999999,0.11866945360768241,4.1196785581291655,0.3762317674145165
development:279,279,development,OCc1cccc2cc3cccc(CO)c3cc12,murcko-c1ccc2cc3ccccc3cc2c1,0.4444444444444444,0.5172413793103449,False,False,380.178972684768,32.657044117086194,427.33278415880574,62.36796545700818,2.153547568094308,0.6736020592696754,0.1107196950000001,0.13023606654786649,4.233533506348616,0.21570554338040127
development:280,280,development,O=Cc1cc(O)c(O)cc1O,murcko-c1ccccc1,0.8823529411764706,0.4482758620689655,False,False,358.58871113716657,29.964738355357152,465.20945693205556,28.720472369771347,1.1315599230840283,0.7846463561759883,0.0706169333333334,0.10298251025544944,4.075637606959052,0.2776517332514983
development:281,281,development,N#CCc1ccccc1-c1ccccc1CC#N,murcko-c1ccc(-c2ccccc2)cc1,0.7894736842105263,0.5294117647058824,False,False,321.4073524716863,29.279931422479816,399.5706750068667,74.34180814253737,1.6492581152422983,0.31864785567512727,0.19933000833333325,0.17082278444313467,4.240850440074166,0.19053861206791606
development:282,282,development,N#Cc1cncc(Br)c1,murcko-c1ccncc1,0.6,0.3214285714285714,False,False,331.9337455686666,23.32921815633528,406.9011249063332,29.70712703591313,1.4544709162497815,0.6477051534987425,0.1015458694444445,0.14688343794205325,3.8886800846370564,0.3352464999715377
development:283,283,development,N#Cc1cc(N)ccc1Cl,murcko-c1ccccc1,0.5714285714285714,0.64,False,False,353.38662683638853,45.757041751552876,398.7922450232502,38.59235197420199,1.7596458480583461,0.3814095760339891,0.3140835694444444,0.20579410810513957,3.6912966257699957,0.5972001871837112
development:284,284,development,N#Cc1nc(N)c(N)nc1C#N,murcko-c1cnccn1,0.5555555555555556,0.2916666666666667,False,False,402.06212586311153,72.77879577006622,459.7573734731666,85.60972965578715,1.3684893032385146,1.1544064371112002,0.20709504166666654,0.1868045700468412,4.106517471725917,0.323000748056128
development:285,285,development,Nc1cc(Br)ccc1Br,murcko-c1ccccc1,0.6190476190476191,0.3548387096774194,False,False,318.89894260230545,25.32537794800486,369.77831331648036,40.48630447055615,1.6243082268461215,0.5562522720192544,0.18282711111111105,0.15871819493628878,3.9985072263936106,0.3024736581179061
development:286,286,development,Cc1ccc(-c2ccc(C=O)cc2)cc1,murcko-c1ccc(-c2ccccc2)cc1,0.7368421052631579,0.4827586206896552,False,False,344.35171558095374,15.34402730812143,449.6792454159443,34.19293786087329,1.382089231298917,0.5798267938664347,0.1836955333333331,0.18071408817507995,4.399143932872663,0.19715190314576822
development:287,287,development,CC1(C)OB(c2cc(B3OC(C)(C)C(C)(C)O3)cc(B3OC(C)(C)C(C)(C)O3)c2)OC1(C)C,murcko-c1c(B2OCCO2)cc(B2OCCO2)cc1B1OCCO1,0.7,0.5925925925925926,False,False,355.5315586760278,47.005707678798906,391.2325067394111,52.31882066812793,1.993097594637508,1.16864460459796,0.4644269722222223,0.2702377309803364,4.031460596336281,0.34912839381236993
development:288,288,development,c1ccc(-c2ccccn2)nc1,murcko-c1ccc(-c2ccccn2)nc1,0.5,0.56,False,False,297.5469708318835,20.83394054831492,356.5412986698082,37.83883259645419,1.5578508757169638,0.6420262526639362,0.18555957777777773,0.15325627931080243,4.024676972025606,0.2145394432998651
development:289,289,development,Cc1cc(C#N)cnc1Br,murcko-c1ccncc1,0.46875,0.3333333333333333,False,False,326.5532492113332,31.062875858305457,414.04645612822213,53.08060371594514,1.842401619658071,0.877286575738422,0.20520125555555555,0.18207671125224228,3.9678759011383256,0.3115697496180001
development:290,290,development,N#CCc1ccccc1C#N,murcko-c1ccccc1,0.6818181818181818,0.4444444444444444,False,False,318.99801938188904,23.734850712643844,378.07356312436116,45.65926542118261,1.882350547144767,0.49628035535587206,0.2211202999999999,0.14619256455783974,3.8399873314985,0.23615097275180139
development:291,291,development,COc1cc(Br)c(Br)cc1OC,murcko-c1ccccc1,0.7647058823529411,0.3703703703703703,False,False,307.3211456020445,20.181568134903745,367.6347979638833,44.32683187040319,1.6442493230409996,0.670490956162485,0.1425064222222222,0.1283756194635312,4.071251966703471,0.31489503546781505
development:292,292,development,N#CC(C#N)=C1CC(=C(C#N)C#N)c2ccccc21,murcko-C=C1CC(=C)c2ccccc21,0.4,0.3095238095238095,False,False,352.9292179864584,61.72640471791348,504.00991827886656,95.20016470755702,1.9365041996386931,0.6244092643070891,0.34121626111111103,0.32115647595843994,3.9858790931302246,0.3093897145076951
development:293,293,development,O=Cc1cccc2cccnc12,murcko-c1ccc2ncccc2c1,0.5,0.3428571428571428,False,False,368.46397405294425,42.94978327912501,456.7107974291389,35.42355037371626,1.195196047896995,0.7027432653596101,0.08249227500000005,0.16698013925323166,4.133295667107414,0.31452665582709494
development:294,294,development,Cc1cc(C#N)c(C)cc1C#N,murcko-c1ccccc1,0.5652173913043478,0.4516129032258064,False,False,348.17199487247257,35.123810258085996,395.78298331939993,46.85565434836322,2.3573387068749736,0.8555384054072492,0.2857373333333334,0.22661841818100942,3.8216031984286123,0.3085332439813797
development:295,295,development,Brc1sc(Br)c(Br)c1Br,murcko-c1ccsc1,0.3333333333333333,0.1818181818181818,False,False,365.80063633820646,75.80654743848936,438.71787320522157,106.91850273513735,0.6131852265214349,0.8287710599929649,0.07435775000000001,0.11134837782108767,4.211083061262138,0.23274477215058662
development:296,296,development,N#Cc1ccc2ccc(C#N)cc2c1,murcko-c1ccc2ccccc2c1,0.5555555555555556,0.52,False,False,330.34721438236113,23.31697185715365,398.9991549428334,30.629141620172074,2.037189719982301,0.4809294628980752,0.38046081111111074,0.24845610305005228,3.895662194044757,0.2198744015937894
development:297,297,development,N#CCc1ccc(Cl)nc1,murcko-c1ccncc1,0.6428571428571429,0.2926829268292683,False,False,322.43853573038894,32.335449161091795,406.2202036226389,61.394024835797886,1.9435595596210002,0.8464787351615848,0.13799231111111107,0.1636101451212472,3.652322931906325,0.31205007791027767
development:298,298,development,O=Cc1ccc(C=O)c([N+](=O)[O-])c1,murcko-c1ccccc1,0.4242424242424242,0.4318181818181818,False,False,356.13258333333323,22.31764570580784,512.7160969685829,59.48950581094063,1.147923567425944,0.5214927313619423,0.21019939444444447,0.2314066694892123,4.297086549819718,0.25025005872812894
development:299,299,development,N#Cc1cccc(-c2cccc(C=O)c2)c1,murcko-c1ccc(-c2ccccc2)cc1,0.7857142857142857,0.5294117647058824,False,False,355.59255524038883,30.28596160786238,444.656838041111,40.498125737416636,1.5422964567395043,0.6305320991297781,0.29766186111111087,0.17999835315348958,4.279376962748113,0.2753525717443941
development:300,300,development,O=Cc1ccc(/C=C/c2ccccc2)cc1,murcko-C(=C\c1ccccc1)/c1ccccc1,0.6666666666666666,0.5714285714285714,False,False,328.6968048147221,13.320947303587795,427.0089465305279,30.56267407812607,0.7579163952599643,0.5454401639056827,0.0528107166666667,0.07787998037633391,4.39530207167083,0.2131349367671294
development:301,301,development,O=S1(=O)c2ccc(Br)cc2-c2cc(Br)ccc21,murcko-O=S1(=O)c2ccccc2-c2ccccc21,0.4615384615384615,0.4,False,False,348.80620340705553,33.89425487945204,432.5944326425554,49.22690683432463,1.7247521500618586,0.663942542023339,0.3030742472222222,0.29414649701827156,4.243099021250473,0.2413990303936599
development:302,302,development,O=Cc1ccc(O)c(F)c1,murcko-c1ccccc1,0.6923076923076923,0.3548387096774194,False,False,343.26556094972227,19.78894689536442,433.7792073209604,39.7111316567543,1.1878803948593595,0.5383119183179024,0.18230720833333347,0.19648548841568006,4.280056267471666,0.2538696587922058
development:303,303,development,N#Cc1cc(Br)c[nH]c1=O,murcko-O=c1cccc[nH]1,0.4193548387096774,0.3333333333333333,False,False,362.640490580889,39.03847920260364,411.55442035751366,49.3927109046791,1.688545557730348,0.7752102520334359,0.15232203055555552,0.1926881893175966,3.8779671506454787,0.3016521635716836
development:304,304,development,N#Cc1cc(Br)cc(Br)c1O,murcko-c1ccccc1,0.5652173913043478,0.303030303030303,False,False,349.6141537686666,29.544460565123025,409.2497010155555,36.53126373950977,1.8926528761852104,0.6773654249635879,0.05433381944444445,0.108536366424351,3.8538228182033354,0.3217230175555062
development:305,305,development,C#Cc1ccccc1C#N,murcko-c1ccccc1,0.5454545454545454,0.5,False,False,317.18946272316674,16.659571025422313,367.83783056075004,31.234170989210323,1.893578560560988,0.4873210170421826,0.21285136111111108,0.13527190606846137,3.8412788996692235,0.2072247358506315
development:306,306,development,OB(O)c1ccc(-c2ccc(B(O)O)cc2)cc1,murcko-c1ccc(-c2ccccc2)cc1,0.5,0.6086956521739131,False,False,360.84488714707777,67.88481009829054,391.8003155016556,43.01972590563288,1.2140456897641754,0.44110195782504746,0.47111383888888886,0.2364681886160268,4.465078475478858,0.10312337529535606
development:307,307,development,Brc1cnc(Br)s1,murcko-c1cscn1,0.3333333333333333,0.4444444444444444,False,False,303.5182654136222,24.27334026138085,385.33115654958317,63.695284599411664,0.6161377063097117,0.5658214331037476,0.1499643388888889,0.1678724561033459,4.209997525140107,0.2793623496357551
development:308,308,development,N#Cc1ccc(-c2ccccc2C#N)cc1,murcko-c1ccc(-c2ccccc2)cc1,0.625,0.5517241379310345,False,False,330.4267602730002,53.68753878892858,372.97694910245,33.855891216330164,1.6737252836300212,0.4795009652958806,0.3316419722222224,0.24692290083609214,4.409612929360733,0.2292723607934419
development:309,309,development,c1cncc(-c2nc(-c3cccnc3)nc(-c3cccnc3)n2)c1,murcko-c1cncc(-c2nc(-c3cccnc3)nc(-c3cccnc3)n2)c1,0.5,0.4827586206896552,False,False,304.9036323664446,29.388111553067976,400.45478903450845,50.81987909392074,1.5475152108683465,0.5797970090547272,0.18721954444444439,0.2256733882901129,4.2414921607344995,0.36801575167134154
development:310,310,development,c1cc(-c2nc(-c3ccncc3)nc(-c3ccncc3)n2)ccn1,murcko-c1cc(-c2nc(-c3ccncc3)nc(-c3ccncc3)n2)ccn1,0.625,0.4347826086956521,False,False,303.69378205983355,29.04807516219303,389.2197461175917,53.6414812683557,1.0546919112330517,0.6525272844725487,0.16089551666666654,0.19143901240482047,4.309993292376638,0.410010857441056
development:311,311,development,Cc1ccc(N(c2ccc(C)cc2)c2ccc(C=O)cc2)cc1,murcko-c1ccc(N(c2ccccc2)c2ccccc2)cc1,0.7727272727272727,0.6538461538461539,False,False,384.7155070567221,27.125161679270253,519.4357688184443,18.95556620256055,1.3448594129013371,0.7025683612440483,0.3254896666666664,0.30112864525761435,4.4223299870077835,0.29005499953971253
development:312,312,development,Cc1ccc(N(c2ccccc2)c2ccccc2)cc1,murcko-c1ccc(N(c2ccccc2)c2ccccc2)cc1,0.7222222222222222,0.625,False,False,347.97498533643045,28.32366757115332,475.4306173782495,34.56874511441373,3.0577380681904907,0.817237895332458,0.4471791888888893,0.29678154520448036,4.413767276576256,0.11036690712639076
development:313,313,development,C#Cc1cc(C(=O)O)cc(C(=O)O)c1,murcko-c1ccccc1,0.6,0.4230769230769231,False,False,302.4392077825279,46.86715020059142,366.13642761057235,46.21827936653857,1.707065263206883,0.5959900019814026,0.07369861388888885,0.16213205496505625,3.9577287945183652,0.22884725434882547
development:314,314,development,N#Cc1ccccc1-c1ccccc1C#N,murcko-c1ccc(-c2ccccc2)cc1,0.625,0.5454545454545454,False,False,318.49901638844455,15.621793919508244,368.3195789484778,31.161055645681472,1.8986839015640948,0.47569775294335753,0.23123569444444436,0.1652262132802551,4.242984283135835,0.2411836175310254
development:315,315,development,Fc1c(F)c(F)c(-c2c(F)c(F)c(F)c(F)c2F)c(F)c1F,murcko-c1ccc(-c2ccccc2)cc1,0.5384615384615384,0.2592592592592592,False,False,418.26971781541715,75.22649117296609,486.3187637311889,113.71960676862301,1.2647897998404485,0.9153834035317966,0.14103188888888904,0.1498292866814738,4.090115405958531,0.33456290521660886
development:316,316,development,N#Cc1cccc(-c2cccc(C#N)n2)n1,murcko-c1ccc(-c2ccccn2)nc1,0.75,0.3793103448275862,False,False,329.6954638695557,56.933088613053584,411.5957602954721,39.30825457929764,1.416777815937067,0.57498106751882,0.18990225000000013,0.19816065496751115,3.9731120755468883,0.4207723306848501
development:317,317,development,COC(=O)c1nc(N)c(Br)cc1Br,murcko-c1ccncc1,0.375,0.3555555555555555,False,False,319.1133836009169,30.939453968880976,387.08027081933324,49.69515462136011,1.755009929988407,1.0720170589740876,0.10813712222222224,0.1388624762350424,4.089781676010833,0.29495207997803524
development:318,318,development,N#Cc1cccc(-c2ccc(N)cc2)c1,murcko-c1ccc(-c2ccccc2)cc1,0.6666666666666666,0.6129032258064516,False,False,315.5490987681665,22.176419573764697,396.06423450980554,26.64215825918502,1.4249114100860534,0.43996291385363173,0.43839718333333366,0.21711766084884204,4.325947577120581,0.36962210578053384
development:319,319,development,Brc1ccc2c3ccc(Br)cc3n(-c3ccccc3)c2c1,murcko-c1ccc(-n2c3ccccc3c3ccccc32)cc1,0.4642857142857143,0.5555555555555556,False,False,344.390963846,21.553483700384255,381.51448046119435,35.71113888973881,1.0969685975708146,0.643421012257804,0.3494088333333337,0.205213376606969,4.139496366080667,0.3549448786421838
development:320,320,development,c1ccc(-c2ccc(-c3ccc(-c4ccc(-c5ccc(-c6ccccc6)cc5)cc4)cc3)cc2)cc1,murcko-c1ccc(-c2ccc(-c3ccc(-c4ccc(-c5ccc(-c6ccccc6)cc5)cc4)cc3)cc2)cc1,1.0,1.0,False,False,281.7261189635501,6.676858479888058,361.01421661933324,11.681732137084287,1.0666381015600224,0.21172999556199457,0.5067283055555555,0.08232291988378056,4.483328308083943,0.04873214671293451
development:321,321,development,N#Cc1cc(F)cc(C#N)c1,murcko-c1ccccc1,0.8823529411764706,0.5238095238095238,False,False,329.0350583809166,20.909995439516063,398.65698831963874,26.93485781620022,1.6822073886361295,0.5139685852943991,0.19401394444444459,0.19149327701671887,3.8020362993496124,0.3317824822368186
development:322,322,development,CCOC(=O)c1cncc(C(=O)OCC)c1,murcko-c1ccncc1,0.5925925925925926,0.5,False,False,311.67636861669416,32.84332486614755,394.4533209384726,39.54779180040466,1.6082048770924322,0.6152928178955966,0.14062263055555557,0.18979585555219877,4.097382280142974,0.3026426456892483
development:323,323,development,N#CCC(=O)c1ccc(Br)cc1,murcko-c1ccccc1,0.6428571428571429,0.35,False,False,327.1039001743335,30.270227015711136,407.1774381470837,65.64660952714272,1.5303643116923964,0.5487631707223107,0.10450055277777776,0.14410353082713928,3.852273980194805,0.23395449376119498
development:324,324,development,OB(O)c1cccc(B(O)O)c1,murcko-c1ccccc1,0.45,0.3571428571428571,False,False,330.42487204106675,42.98974568721429,385.4522365862308,51.652765009460076,1.5470056174862428,0.5506084524210236,0.3487694444444446,0.2667361646742329,3.9931511042366674,0.23015522778209418
development:325,325,development,CNc1ccc(C#N)cc1,murcko-c1ccccc1,0.5789473684210527,0.4827586206896552,False,False,317.2929847020557,20.967653899397835,394.48436049650405,39.043317276000664,1.2568844848833736,0.4450992974462988,0.21055857777777784,0.21616004329912106,4.022733932148447,0.27372891013125294
development:326,326,development,N#Cc1c(O)ccc(O)c1C#N,murcko-c1ccccc1,0.4285714285714285,0.4090909090909091,False,False,372.2383138078614,28.151807018467963,438.2320894694998,20.893202971056674,1.7951012160247142,0.4967265476757677,0.07161570833333335,0.09647030019714804,4.161733098094779,0.41643040135135695
development:327,327,development,O=C1C(c2ccccc2)=C(c2ccccc2)C(c2ccccc2)=C1c1ccccc1,murcko-O=C1C(c2ccccc2)=C(c2ccccc2)C(c2ccccc2)=C1c1ccccc1,0.4705882352941176,0.48,False,False,382.9764453893473,45.95138707305366,495.25716184291656,69.18533441674369,1.5120068263476565,0.39987540913216785,0.12955623333333344,0.15015095622223673,4.140891548739029,0.1946688802929942
development:328,328,development,CC1(C)OB(c2ccc(-c3cccs3)s2)OC1(C)C,murcko-c1csc(-c2ccc(B3OCCO3)s2)c1,0.5,0.5,False,False,374.79822637688886,29.8121300052426,441.95402241888894,33.89757747079292,1.6157279275253411,1.2882752893735454,0.39085097222222265,0.260558413345053,4.418860431922116,0.22256376353867136
development:329,329,development,Brc1ccc(-c2ccc(Br)s2)s1,murcko-c1csc(-c2cccs2)c1,0.9333333333333332,0.35,False,False,357.31109109605546,46.15268910211323,455.13177777777787,30.098766764840665,0.6523197613290088,0.33274950526631336,0.1720053888888889,0.12440936515799714,4.353529346208055,0.22229893034860007
development:330,330,development,O=C1C=CC(=O)c2c(O)cccc21,murcko-O=C1C=CC(=O)c2ccccc21,0.5769230769230769,0.5172413793103449,False,False,363.8869755907778,44.60591757492885,470.91388296941653,64.01797611834587,1.7487039464450698,0.3539052269384629,0.08119936388888888,0.1055906041422912,4.195878080483887,0.4059436944634414
development:331,331,development,O=C1c2ccccc2C(=O)C1(O)O,murcko-O=C1CC(=O)c2ccccc21,0.4761904761904761,0.3448275862068966,False,False,347.56960614238875,24.071342822238844,439.7951093605993,36.49724131525641,1.7997499582472745,0.47121985294583657,0.08604414722222224,0.12469684833729236,4.2262298789580575,0.18595615996307574
development:332,332,development,N#Cc1ccc(-c2ccc(N)cc2)cc1,murcko-c1ccc(-c2ccccc2)cc1,0.8421052631578947,0.5789473684210527,False,False,313.80950365132793,20.269859339917474,391.5058165844388,23.382968451620222,1.29063399961192,0.46779427788517414,0.48694559999999976,0.18879577144085016,4.452971138009583,0.11964385845397982
development:333,333,development,O=C1c2ccccc2-c2ccccc21,murcko-O=C1c2ccccc2-c2ccccc21,0.9230769230769232,0.5909090909090909,False,False,437.3688901531805,27.04684787671887,547.9344337096668,43.72804559139842,1.6710287187883195,0.3550233396717303,0.017997218055555552,0.03012657270082182,3.532418475969449,0.34410241538933206
development:334,334,development,c1ccc2c(c1)Cc1cc3c(cc1-2)Cc1ccccc1-3,murcko-c1ccc2c(c1)Cc1cc3c(cc1-2)Cc1ccccc1-3,0.7777777777777778,0.6666666666666666,False,False,309.8431399334889,8.113898473769034,344.2531464781114,12.661539991078486,1.619037800417775,0.2182648579436557,0.5143137222222226,0.1894168086774436,3.936598243715141,0.18316126727644497
development:335,335,development,O=Cc1c(O)cc(O)cc1O,murcko-c1ccccc1,0.48,0.3125,False,False,349.81796867405546,24.316442691141923,455.19864793261104,49.23906418726275,1.025182404254923,0.8089899782151833,0.07099082222222222,0.12077267407577767,4.073866364273221,0.27085797778953713
development:336,336,development,Oc1cc2c3cc(O)c(O)cc3c3cc(O)c(O)cc3c2cc1O,murcko-c1ccc2c(c1)c1ccccc1c1ccccc21,0.375,0.2916666666666667,False,False,332.4461731339166,38.86218281100576,380.36342359736113,40.85441087762729,1.7903855607424706,0.4113961319309268,0.0838931611111111,0.10283674235136704,4.052490554866725,0.25221486748491007
development:337,337,development,O=C1C(Br)=C(Br)C(=O)C(Br)=C1Br,murcko-O=C1C=CC(=O)C=C1,0.3125,0.1785714285714285,False,False,451.2793071003888,47.4463843943642,520.4972978418891,85.73722813022755,1.205694034108201,0.9986577747483412,0.07297848749999993,0.10009586793864617,4.122252588828895,0.278595096205513
development:338,338,development,O=c1c2ccccc2sc2ccccc12,murcko-O=c1c2ccccc2sc2ccccc12,0.5,0.5625,False,False,379.9199130620557,19.2929069515307,451.07885771691684,20.69740264727729,2.000592482329797,0.48558682341237946,0.2930766944444446,0.25996880802260575,4.308726474528561,0.22075196602333308
development:339,339,development,c1ccc(-c2nc(-c3ccccc3)nc(-c3ccccc3)n2)cc1,murcko-c1ccc(-c2nc(-c3ccccc3)nc(-c3ccccc3)n2)cc1,0.875,0.5217391304347826,False,False,296.2430772917778,26.940672993856104,387.4344478958474,56.46482215609899,1.1415635920359926,0.482159809246209,0.15680515277777785,0.19908223536152247,4.302908563448335,0.30522629785192296
development:340,340,development,c1ccc2c(c1)CCc1ccccc1N2,murcko-c1ccc2c(c1)CCc1ccccc1N2,0.3478260869565217,0.4166666666666667,False,False,318.93420835233337,34.81341114540396,377.7996078218335,34.479721674962505,1.6064640189667572,0.6129472024289632,0.26863491111111104,0.24496412617610236,3.8825866014538315,0.1932651537650366
development:341,341,development,Brc1cccc(-c2cccc(Br)n2)n1,murcko-c1ccc(-c2ccccn2)nc1,0.7058823529411765,0.3103448275862069,False,False,302.1232080768889,22.845131414165934,379.985330921547,33.53207294771821,1.3309053686829295,0.6464661754257569,0.18081598611111102,0.20612732025647423,3.9869700916555524,0.20513603183202472
development:342,342,development,Nc1cc(Br)c(Br)cc1N,murcko-c1ccccc1,0.5384615384615384,0.5789473684210527,False,False,313.34392672318313,24.970730203372682,358.59278028336934,37.840065225208086,1.6204416700034632,0.7150322049459749,0.13276530555555563,0.13314171537972616,4.047154755990028,0.3068958509136449
development:343,343,development,C(#Cc1ccccc1)c1ccccc1,murcko-C(#Cc1ccccc1)c1ccccc1,0.7333333333333333,0.9230769230769232,False,False,326.8794652442222,11.656422115323174,373.5036534851448,16.86951513932586,0.9838165566440737,0.22739806501715895,0.3541548138888889,0.2014861629736379,4.626476797782862,0.1116001154619526
development:344,344,development,c1ccc2c(c1)cc1ccc3cccc4ccc2c1c34,murcko-c1ccc2c(c1)cc1ccc3cccc4ccc2c1c34,0.5217391304347826,0.64,False,False,405.1488628976667,38.47194084813946,446.76116219521384,40.767618637173264,1.6914595467821445,0.5370744816344067,0.2889610144444449,0.22973358708154124,4.374801330971414,0.283141514695378
development:345,345,development,N#Cc1ccc(-c2ccc(N)nc2)cc1,murcko-c1ccc(-c2cccnc2)cc1,0.5714285714285714,0.4242424242424242,False,False,326.5365862684888,25.28118140263319,419.4257288368612,39.55889112519212,1.56559226908804,0.6119039168676667,0.3506062777777777,0.21934811620507957,4.453970687779972,0.20327000031527884
development:346,346,development,Nc1ccncc1,murcko-c1ccncc1,0.5,0.4285714285714285,False,False,294.82424179032245,18.8659290895673,364.59914875454723,46.79302417584984,1.5993344736601889,0.6815858454302622,0.12916347222222216,0.11507088427264042,3.797192103829494,0.2907546644657116
development:347,347,development,O=C(O)c1ccc(-c2cc(-c3ccc(C(=O)O)cc3)cc(-c3ccc(C(=O)O)cc3)c2)cc1,murcko-c1ccc(-c2cc(-c3ccccc3)cc(-c3ccccc3)c2)cc1,1.0,0.5238095238095238,False,False,295.93089422090276,23.65793046458741,372.38088792038906,34.887708254744446,1.590498464457938,0.39228540946194823,0.24520392222222218,0.22628374473385032,4.894139335211855,0.35759225269055583
development:348,348,development,Cc1ccc(N)cc1C#N,murcko-c1ccccc1,0.6923076923076923,0.64,False,False,343.6139534404169,31.414538571970823,385.3974765356779,39.46153265175405,2.3008163477468857,0.9718714197221141,0.28236304166666687,0.14577510054940832,3.6839340216513885,0.20213862954441708
development:349,349,development,O=Cc1ccccc1P(c1ccccc1)c1ccccc1,murcko-c1ccc(P(c2ccccc2)c2ccccc2)cc1,0.3870967741935484,0.2941176470588235,False,False,360.89535848136114,55.00592458449565,463.18130154136134,61.3725107404053,1.0449621820057255,0.738237806644557,0.05490430555555552,0.09667923766645832,4.022341065435608,0.3785729700842916
development:350,350,development,N#Cc1cc(C#N)ncn1,murcko-c1cncnc1,0.48,0.2903225806451613,False,False,328.4500926344999,24.21088984570039,424.40941304355556,43.87997713445221,1.3741432039738513,0.6784878599458,0.2218115472222222,0.22485769085827384,3.9830945277877725,0.3169015390220051
development:351,351,development,c1ccc(-c2c3ccccc3c(-c3ccccc3)c3c(-c4ccccc4)c4ccccc4c(-c4ccccc4)c23)cc1,murcko-c1ccc(-c2c3ccccc3c(-c3ccccc3)c3c(-c4ccccc4)c4ccccc4c(-c4ccccc4)c23)cc1,0.5882352941176471,0.7647058823529411,False,False,396.8866914210001,34.39401278088695,457.49444624944454,40.931035674705015,1.8529836934735606,0.38014122595751054,0.5275926111111103,0.3251279985036822,4.084954443699029,0.23412273922527385
development:352,352,development,O=C(O)c1c(C(=O)O)c(C(=O)O)c(C(=O)O)c(C(=O)O)c1C(=O)O,murcko-c1ccccc1,0.5714285714285714,0.3636363636363636,False,False,440.39795231816726,71.89373876984041,504.9395357548335,85.98168481686552,1.785835959102424,0.8990841857123038,0.04058689444444445,0.06580216070502819,3.8504020023285026,0.4449161387646289
development:353,353,development,c1ccc(C(c2ccccc2)c2ccccc2)cc1,murcko-c1ccc(C(c2ccccc2)c2ccccc2)cc1,0.5294117647058824,0.375,False,False,284.12438331171137,18.254919615057577,325.91492689577296,35.72580042133135,1.5178259336739837,0.3947361391911562,0.22514427222222214,0.2127558736647996,4.012902192439782,0.2713896332970904
development:354,354,development,O=Cc1ccc(N2CCCC2)cc1,murcko-c1ccc(N2CCCC2)cc1,0.9565217391304348,0.4642857142857143,False,False,384.5661165271666,26.256014656493292,505.7423876278054,73.05313818469813,1.3038686957448293,0.5554471466515828,0.11043409444444438,0.1164261919399737,4.29172208820894,0.2202113573211931
development:355,355,development,Cc1cnc(C#N)c(C#N)n1,murcko-c1cnccn1,0.4583333333333333,0.3157894736842105,False,False,356.90336838541674,48.00243259232238,423.9169383848889,52.32433069618351,2.242398991091207,1.2196236301956433,0.2623384805555555,0.21948062707606986,3.914990920851767,0.2928895197567547
development:356,356,development,Brc1c2ccccc2c(Br)c2ccccc12,murcko-c1ccc2cc3ccccc3cc2c1,0.8,0.3809523809523809,False,False,341.2450790199726,32.322866963161964,376.7601431353333,38.70277123762767,1.682524436835871,0.6622486505154445,0.36509375833333296,0.3056937281372824,3.9976204187082764,0.14838491463822695
development:357,357,development,O=C1C(F)=C(F)C(=O)C(F)=C1F,murcko-O=C1C=CC(=O)C=C1,0.2857142857142857,0.217391304347826,False,False,451.2323357099443,47.13081300805466,516.5120175060417,86.27783991190725,1.2041048473441833,0.9005996005677614,0.14628980972222244,0.16884551351183316,4.0813938802877825,0.3595099556301877
development:358,358,development,O=C(n1ccnc1)n1ccnc1,murcko-O=C(n1ccnc1)n1ccnc1,0.303030303030303,0.1956521739130435,False,False,238.51520555278404,31.764549174622637,386.51356733981675,56.09530543356967,3.978363706006162,1.4614428104266401,0.16098732222222226,0.16995607048517303,3.0022684467669962,1.0936053680062598
development:359,359,development,N#Cc1cc(N)cc(Cl)c1,murcko-c1ccccc1,0.5555555555555556,0.6818181818181818,False,False,336.2385500588889,22.037413009450887,422.0393696592498,48.51313608383698,1.7251348399120006,0.5243141861516477,0.16867777777777798,0.15341870517511652,3.5665869595804445,0.2245195411139223
development:360,360,development,O=Cc1ccc(N(c2ccccc2)c2ccc(C=O)cc2)cc1,murcko-c1ccc(N(c2ccccc2)c2ccccc2)cc1,1.0,1.0,False,False,388.3192872806665,27.146757029003172,524.6806733098891,7.350785369649338,1.2645429981690577,0.5519434534583109,0.43285900000000016,0.3002687326951872,4.329212373539168,0.2639589630645622
development:361,361,development,COC(=O)c1ccc(C(=O)OC)c(N)c1,murcko-c1ccccc1,0.5666666666666667,0.525,False,False,333.90046110491676,32.068196830249384,421.1792030964724,46.103929362546396,1.6245871983317408,0.4957008032137177,0.45893037222222177,0.2665978175566632,3.97937216516111,0.4175301038002624
development:362,362,development,O=Cc1ccc2c(c1)c1ccccc1n2Cc1ccccc1,murcko-c1ccc(Cn2c3ccccc3c3ccccc32)cc1,0.6842105263157895,0.5476190476190477,False,False,346.08145570508333,31.612999724519604,429.34792756783327,43.33505034010918,1.3333590128660953,0.6136432273703991,0.18612305555555572,0.17790637561562148,4.33693492442472,0.25181180551216364
development:363,363,development,Brc1ccc(Br)c2nonc12,murcko-c1ccc2nonc2c1,0.4761904761904761,0.3225806451612903,False,False,396.1964950313333,41.63229163776733,447.7865429478416,91.76221103014707,1.2080749942903133,0.6320576794782151,0.1267566972222222,0.15271981784891792,4.003720198372326,0.1989798143445293
development:364,364,development,O=Cc1cccc(C=O)n1,murcko-c1ccncc1,0.4090909090909091,0.3,False,False,411.6369691731116,90.35197184328274,441.55410916450006,42.79355917906012,1.1384214770481247,0.716370192825252,0.04040229444444444,0.066358274529248,4.173283340198052,0.2659501529056081
development:365,365,development,COC(=O)c1cccc(C(=O)OC)n1,murcko-c1ccncc1,0.5185185185185185,0.46875,False,False,353.31684987097213,51.58783294405911,406.7304544581333,53.51643021565116,1.2935383656103143,0.6504345734550282,0.13033985000000003,0.1458614391027884,3.9223382701566667,0.2757734494863985
development:366,366,development,Cc1cc(-c2cc(C)c(N)c(C)c2)cc(C)c1N,murcko-c1ccc(-c2ccccc2)cc1,0.4761904761904761,0.3333333333333333,False,False,303.3500362276834,32.73850300438831,343.12543126083307,38.65574477016002,2.4191504322850705,0.9432703393809724,0.2669326944444446,0.18246868008258968,4.273270866979583,0.2765328561178896
development:367,367,development,N#CCc1ccc(C=O)cc1,murcko-c1ccccc1,0.6363636363636364,0.34375,False,False,352.5724963352592,30.910897577159368,448.6363055248214,52.732621951454966,1.4442843102998721,0.5684633743415151,0.0646034277777778,0.11992648827969703,4.280773908182494,0.2489722595390942
development:368,368,development,CN1C(=O)c2ccc3c4ccc5c6c(ccc(c7ccc(c2c37)C1=O)c64)C(=O)N(C)C5=O,murcko-O=C1NC(=O)c2ccc3c4ccc5c6c(ccc(c7ccc1c2c73)c64)C(=O)NC5=O,0.5384615384615384,0.5806451612903226,False,False,541.5299205746663,43.11804480595699,519.4497111458334,50.43087040400303,1.555218669301091,0.24140731009263833,0.7244382222222226,0.2703007944561703,4.6986072913202825,0.21103015541640607
development:369,369,development,c1cc(-c2ccncc2)ccn1,murcko-c1cc(-c2ccncc2)ccn1,0.625,0.6111111111111112,False,False,296.8457242382056,22.382156522880365,376.4032490362943,29.72606647986332,1.0111240025932728,0.6444246608455032,0.32025519444444417,0.2576110767858514,4.426606829892998,0.2594624229416024
development:370,370,development,CCOC(=O)c1ccc(C(=O)OCC)nc1,murcko-c1ccncc1,0.6206896551724138,0.5294117647058824,False,False,309.3659476015273,29.260261644983306,392.9189439821057,51.11023101156901,1.439809670154992,0.5291425901703148,0.18508250277777794,0.1722944147655115,3.9850467743749496,0.36247922461391285
development:371,371,development,N#Cc1ncccc1Br,murcko-c1ccncc1,0.5925925925925926,0.3947368421052631,False,False,320.8716555142889,19.84564500688756,402.40054081069457,37.798271272541214,1.1891182235864561,0.7664633423649071,0.14001866666666662,0.17653933244212971,4.045824375286826,0.29091270798450186
development:372,372,development,Brc1nnc(Br)s1,murcko-c1nncs1,0.3333333333333333,0.2142857142857142,False,False,365.20317944911125,81.20808255782244,412.96132691016646,93.60150610811397,0.7040460254210964,1.0497624714824112,0.1544767499999999,0.16369434534072277,4.199379651179694,0.23706626149192112
development:373,373,development,Cc1cc(C#N)ccc1C#N,murcko-c1ccccc1,0.5925925925925926,0.5555555555555556,False,False,352.2250575316391,28.992514258620556,397.11220529534444,44.033598253398466,2.396279142502486,0.750304579476731,0.3705226388888889,0.2156632817389669,3.7814119836966733,0.22881988371677886
development:374,374,development,Cc1[nH]c(C)c(C=O)c1C=O,murcko-c1cc[nH]c1,0.4736842105263157,0.2258064516129032,False,False,384.5268141550556,48.20469897611132,466.7162679973891,60.15480696105819,0.9439015952711274,0.8403508263429678,0.20697773333333316,0.19658478634480495,3.9798755261135406,0.5421596003373246
development:375,375,development,O=Cc1ccc(-c2cccc3ccccc23)cc1,murcko-c1ccc(-c2cccc3ccccc23)cc1,0.5172413793103449,0.4444444444444444,False,False,334.49036742735325,23.505018797421805,431.5137009615887,36.79077396855118,1.5443695251521095,0.5017254570441493,0.22478807777777787,0.14444238052253178,4.410271158383815,0.24874353016733736
development:376,376,development,O=Cc1cccc(-c2c(O)ccc3ccccc23)c1,murcko-c1ccc(-c2cccc3ccccc23)cc1,0.5294117647058824,0.4324324324324324,False,False,344.9168511647699,37.331168224311284,454.1516057539163,42.096606894700805,1.5932453026745355,0.6563449980417457,0.16460753333333336,0.16928636575165304,4.165524584341111,0.2585165075287851
development:377,377,development,CC(C)c1cc(C(C)C)c(-c2ccccc2P(C(C)(C)C)C(C)(C)C)c(C(C)C)c1,murcko-c1ccc(-c2ccccc2)cc1,0.2558139534883721,0.3392857142857143,False,False,344.03072084297236,56.34673913768894,404.5953231367499,64.10794938717832,1.7359356899579945,0.5915745564308037,0.3911837027777777,0.263991231252234,4.325420418467497,0.3459028799051068
development:378,378,development,BrCc1cc(Br)cc(Br)c1,murcko-c1ccccc1,0.4444444444444444,0.225,False,False,323.9017361577943,56.02774224536454,389.3810530180637,84.74559356553567,1.6214292816632407,0.7188842946525098,0.1915043472222223,0.20908152384776652,3.8203454271612243,0.4282363628716432
development:379,379,development,O=c1c2ccccc2c2cc3c(=O)c4ccccc4c3cc12,murcko-O=c1c2ccccc2c2cc3c(=O)c4ccccc4c3cc12,0.8823529411764706,0.4583333333333333,False,False,451.673883998667,100.31460864953443,468.74278925244454,68.90288527299592,2.003013994588456,0.4823668246192979,0.33428871269841287,0.287592987302752,4.080151982533286,0.21249309715472559
development:380,380,development,O=Cc1ccc(Cl)c(O)c1,murcko-c1ccccc1,0.6923076923076923,0.3235294117647059,False,False,361.92137318783324,26.18140975816116,443.8325398717223,40.39281627092444,1.2052042668293408,0.5376294763373979,0.17172119722222232,0.2035328156223423,4.135519814528326,0.6400632277601139
development:381,381,development,O=Cc1cc(Br)cc(Br)c1,murcko-c1ccccc1,0.6818181818181818,0.2903225806451613,False,False,344.6754506042222,29.06443600919257,449.3744684951667,36.23658679883389,1.412678631377894,0.6881488127729111,0.17814536111111107,0.14030823147217378,4.092334742721275,0.28419713554970694
development:382,382,development,C#Cc1cnc[nH]1,murcko-c1c[nH]cn1,0.25,0.2105263157894736,False,False,346.5662110657777,97.95298794793278,391.8605929033553,53.87155196560363,2.0656592576801023,1.1026507109979038,0.19206450555555565,0.22078389895779518,4.093117021363386,0.48146093915210875
development:383,383,development,O=Cc1ccc(C#Cc2ccccc2)cc1,murcko-C(#Cc1ccccc1)c1ccccc1,0.5714285714285714,0.6190476190476191,False,False,350.7499020641666,25.036865841819182,439.4857551808334,35.34502402184512,1.1142143754079954,0.4159353131272428,0.07395922222222225,0.0842522014905704,4.5343421023738655,0.20004595907454653
development:384,384,development,N#Cc1cc(Br)ccc1Br,murcko-c1ccccc1,0.5555555555555556,0.4642857142857143,False,False,352.61328307144424,48.57998266641849,397.952530273389,28.83039417387549,1.8193163039360198,0.6138549930133623,0.19795498611111104,0.18832542998595916,3.822958046704723,0.31032132395099277
development:385,385,development,c1ccc(-c2cc(-c3ccccc3)nc(-c3ccccc3)c2)cc1,murcko-c1ccc(-c2cc(-c3ccccc3)nc(-c3ccccc3)c2)cc1,0.5789473684210527,0.6923076923076923,False,False,332.9875706467778,48.44114562417655,381.0566861659167,35.85997393313752,1.4589368971244199,0.46344163322829246,0.29852772222222207,0.20515596859964697,4.6940260252999195,0.260493306170927
development:386,386,development,NC(c1ccccc1)(c1ccccc1)c1ccccc1,murcko-c1ccc(C(c2ccccc2)c2ccccc2)cc1,0.5294117647058824,0.3888888888888889,False,False,309.9816739810837,35.965757275531196,415.2041533311219,60.24362704227156,1.6625122569427302,0.6857365774404123,0.12077368888888888,0.13939100538952923,3.9545887357052805,0.23950281743775523
development:387,387,development,N#Cc1cc(Br)c(N)c(Br)c1,murcko-c1ccccc1,0.5,0.5217391304347826,False,False,329.78767603058327,17.533285715038403,402.70391413922204,42.839919075475805,1.672109497653487,0.5981532565004669,0.12773445833333333,0.10964783479532325,3.7034743465023907,0.2810340078328235
development:388,388,development,O=c1[nH]cc[nH]1,murcko-O=c1[nH]cc[nH]1,0.25,0.4736842105263157,False,False,329.257138084472,44.06366355721657,414.7927062164308,65.85523562666602,0.24729290086189148,0.5996147391335355,0.3169304555555551,0.32316528494632685,3.9808351021269988,0.198181006966332
development:389,389,development,O=C(O)C(c1ccccc1)(c1ccccc1)c1ccccc1,murcko-c1ccc(C(c2ccccc2)c2ccccc2)cc1,0.4761904761904761,0.4090909090909091,False,False,306.5287117715388,37.96447647733357,340.0785666304168,41.80057664397796,1.5125477539688603,0.42861183180450035,0.10772408611111113,0.2044896471599403,3.865614144694365,0.20464645910518658
development:390,390,development,Oc1ccc2ccccc2c1-c1c(O)ccc2ccccc12,murcko-c1ccc2c(-c3cccc4ccccc34)cccc2c1,0.5294117647058824,0.5652173913043478,False,False,344.8786311696467,23.998275202667315,409.51930154051115,40.62723306434702,2.3540752414824775,0.701447553774433,0.11204675555555546,0.09053690812114285,3.871169116558496,0.19714300575931124
development:391,391,development,c1ccc(N(c2ccccc2)c2ccccc2)cc1,murcko-c1ccc(N(c2ccccc2)c2ccccc2)cc1,0.9230769230769232,0.631578947368421,False,False,368.84346478336676,40.87985470887106,420.84436322726725,72.12237456150115,1.476412780362287,0.22604083424156482,0.39357944166666686,0.2850589678682475,4.261899850066587,0.23530782280216528
development:392,392,development,Nc1ccc(C(c2ccc(N)cc2)(c2ccc(N)cc2)c2ccc(N)cc2)cc1,murcko-c1ccc(C(c2ccccc2)(c2ccccc2)c2ccccc2)cc1,0.5714285714285714,0.4705882352941176,False,False,286.73943726017256,16.195957008419025,352.62425503669186,33.788533564926546,1.523626058917515,0.4560750132010203,0.2641769444444446,0.17972222166617283,3.8872408607124975,0.23609849840023875
development:393,393,development,Cc1ccc(C#N)cc1N,murcko-c1ccccc1,0.6923076923076923,0.5925925925925926,False,False,322.87083272422217,32.36888131932633,373.8604391248723,38.666898524677,2.179214071222161,0.8503904621601389,0.3041852777777775,0.17411768057119378,3.8320863027457266,0.2946480203146373
development:394,394,development,COc1c(Br)cc(Br)cc1Br,murcko-c1ccccc1,0.4545454545454545,0.303030303030303,False,False,335.6473869991669,59.22451413870369,366.32120425589716,46.31032971266774,1.6254396363044126,0.6006950803940058,0.16745234166666678,0.16407261989387234,4.027214665272473,0.3280429394100722
development:395,395,development,Cc1c(O)cccc1O,murcko-c1ccccc1,0.4545454545454545,0.4090909090909091,False,False,313.7816116790277,43.80526954578179,345.76564157535284,51.98919932008119,1.9473481476002368,0.7513729168010103,0.24100083888888912,0.23603908727347192,3.8380454655527503,0.27301458422999675
development:396,396,development,O=Cc1ccc(-c2ccc(F)cc2)cc1,murcko-c1ccc(-c2ccccc2)cc1,0.7368421052631579,0.4827586206896552,False,False,345.21962153814815,15.102905874222117,438.01360081866653,45.03535008040992,1.261892859324262,0.47099815405725903,0.19731942777777753,0.1746001900295581,4.422866943242941,0.21084425634081308
development:397,397,development,O=C(O)c1cc(Br)ccc1Br,murcko-c1ccccc1,0.6086956521739131,0.3548387096774194,False,False,321.35617748741674,26.82131027674874,408.6895757218723,32.216461183603634,1.4912399765932944,0.4761961662522168,0.17898864444444454,0.16127450276955416,3.998529489315419,0.24613706160134732
development:398,398,development,c1ccc(-c2cc(-c3ccccc3)cc(-c3ccccc3)c2)cc1,murcko-c1ccc(-c2cc(-c3ccccc3)cc(-c3ccccc3)c2)cc1,0.7857142857142857,0.9230769230769232,False,False,299.33918729205556,9.28181498340666,371.1648029973056,14.267074719638401,1.783927315214931,0.23880054886868846,0.3431387777777771,0.16185873406691573,4.981188940020577,0.2402957423974865
development:399,399,development,Cc1ccc(-c2ccc(C)cc2)cc1,murcko-c1ccc(-c2ccccc2)cc1,0.5789473684210527,0.7333333333333333,False,False,270.00721634947257,16.081408073457848,322.4545820076553,24.641886666665634,2.2977798490895247,0.7020295863719175,0.311445055555555,0.14071687982652564,4.463708636341886,0.0983317203211431
development:400,400,development,N#CCc1ccccc1CC#N,murcko-c1ccccc1,0.7894736842105263,0.4285714285714285,False,False,320.9305504956863,29.717375430628614,397.1374878322222,71.6190109133479,1.6054271656283967,0.3240010682834382,0.18320070277777772,0.1625897072271736,3.9040945201711694,0.2350370862753413
development:401,401,development,N#CCC(=O)c1ccccc1,murcko-c1ccccc1,0.6428571428571429,0.44,False,False,319.6483331370557,28.559649948119034,402.5731103928337,70.3568870338703,1.6158915876190432,0.36594906270677763,0.06730609444444437,0.1164973932272132,3.8353075732287802,0.2158184590834031
development:402,402,development,Nc1ccc(Br)cc1Br,murcko-c1ccccc1,0.6190476190476191,0.3548387096774194,False,False,319.1248395783055,26.86278841773454,371.4460118183693,44.84921956323014,1.64213282549837,0.5566581460028435,0.23687388888888908,0.1733997500682554,4.026301195298053,0.28389723008430207
development:403,403,development,O=C1C=C(O)C(=O)C=C1O,murcko-O=C1C=CC(=O)C=C1,0.3333333333333333,0.2142857142857142,False,False,391.2343955079998,81.96918379401036,426.6029268236666,38.40893262881012,1.6914826697866638,0.6347678565436007,0.07717003888888888,0.09322283486519882,4.002755507956668,0.24518738692436087
development:404,404,development,Cc1ccccc1P(c1ccccc1C)c1ccccc1C,murcko-c1ccc(P(c2ccccc2)c2ccccc2)cc1,0.3333333333333333,0.5294117647058824,False,False,271.80364399447245,30.705386914195156,323.7080383741662,47.370098462797216,2.5209180846761474,0.6917445554546381,0.31093586111111077,0.21357977354764487,3.984122636415276,0.3134014590762029
development:405,405,development,O=Cc1cccc(C(=O)O)c1,murcko-c1ccccc1,0.5833333333333334,0.48,False,False,330.9315386525,18.35574273345342,441.9878484160002,54.88533160152187,1.6341565740633694,0.6622969661254211,0.21569639444444452,0.20081696452712758,4.183653277859723,0.34605159030076466
development:406,406,development,O=Cc1ccc(C(=O)O)cc1,murcko-c1ccccc1,0.5789473684210527,0.5,False,False,344.48674370361124,17.24576727063389,440.32632584358345,53.35565963794003,1.5231503803600128,0.5898489043732172,0.051372233333333316,0.08729186067226305,4.295169780694717,0.19063834482072498
development:407,407,development,CCN1C(=O)C(=O)c2cc(Br)cc(Br)c21,murcko-O=C1Nc2ccccc2C1=O,0.358974358974359,0.3409090909090909,False,False,460.7609708066111,58.698822585383695,518.7362078772777,65.1192039540563,1.4814962347870042,0.5440009247294224,0.3274501555555554,0.2208531432032482,4.289593123079249,0.30248164570903874
development:408,408,development,N#Cc1cc(Br)ccn1,murcko-c1ccncc1,0.5925925925925926,0.3870967741935484,False,False,327.1962274754999,24.591381472795373,403.1283648302778,37.498672553836165,1.2626789348714098,0.6913322868717993,0.26300973055555577,0.29381383145862194,3.9615292609528283,0.3333078089087444
development:409,409,development,COc1ccc(C=O)cc1O,murcko-c1ccccc1,0.7241379310344828,0.5151515151515151,False,False,348.3561624367779,17.94692473058762,451.1406046504444,30.350734577117215,1.2110995294630764,0.5704646312524982,0.1670612666666667,0.2036350620892286,4.253089823228052,0.22291973158307238
development:410,410,development,N#CCc1ccc(CC#N)cc1,murcko-c1ccccc1,0.7368421052631579,0.2727272727272727,False,False,324.04570680872234,45.014520748368724,409.7241806476945,75.13191308374019,1.623607169000469,0.37016501954537184,0.28169807777777767,0.24612487003912042,3.7274764212639435,0.36213670170968465
development:411,411,development,N#Cc1ccc(Br)cc1,murcko-c1ccccc1,0.6875,0.4583333333333333,False,False,317.57201351830577,25.609882487000544,390.68850443075,31.657135385264915,1.499307450553508,0.46937803568283193,0.16090837500000013,0.1683186512136905,4.037103636779893,0.2375020989715357
development:412,412,development,BrCc1ccc(CBr)cc1,murcko-c1ccccc1,0.7857142857142857,0.2121212121212121,False,False,301.90774428045,58.785866037006,404.6072324273472,99.87418418936873,1.5614981337995926,0.4814453679977842,0.17824995277777778,0.17525333208072733,3.7248085506072752,0.3792428138876159
development:413,413,development,N#Cc1ccc(C#N)cc1,murcko-c1ccccc1,0.7857142857142857,0.5789473684210527,False,False,313.3094881501502,22.20350332916111,386.42669508324997,26.994710049560148,1.6198182401638184,0.346006467018814,0.16190377777777795,0.15572417320442947,4.001435695289614,0.25099712839948546
development:414,414,development,O=Cc1ccc(C=O)cc1,murcko-c1ccccc1,0.7857142857142857,0.5238095238095238,False,False,342.60931042703703,16.04710009854335,436.6381513913333,34.262350088135236,1.3081687182451136,0.5427289997633775,0.03501780000000003,0.04600981497866369,4.2937734781263845,0.19705310761715084
development:415,415,development,Brc1ccc(Br)nc1,murcko-c1ccncc1,0.6,0.2857142857142857,False,False,310.30844533326115,37.26413144338683,376.03957473195857,49.12566210492098,1.6035382042301094,0.6036831602333563,0.14749013055555543,0.20183254720135305,3.9444934244576584,0.2542248590966694
development:416,416,development,Brc1cncc(Br)c1,murcko-c1ccncc1,0.5454545454545454,0.24,False,False,316.08043887543334,27.24875336274522,378.665605255453,43.479195898779096,1.6093931734190048,0.6487160747924192,0.21067272222222205,0.19781247734114263,3.979026584122111,0.32316507381168075
development:417,417,development,Brc1cccc(Br)n1,murcko-c1ccncc1,0.7058823529411765,0.3529411764705882,False,False,302.00219261274987,22.468783894864288,373.74263797629703,37.892277315327604,1.2485356040314282,0.6248671023162282,0.13218288888888888,0.19378000967276066,3.995601021345386,0.1956114144090472
development:418,418,development,BrCc1cccc(CBr)c1,murcko-c1ccccc1,0.5294117647058824,0.3157894736842105,False,False,339.17161889755573,48.01646299105709,396.0099496287582,81.90131554039495,1.6349210559195835,0.4810105608362,0.4825507166666674,0.2475409852843289,3.8343495425754734,0.42909909326531726
development:419,419,development,N#Cc1cccc(C#N)c1,murcko-c1ccccc1,0.6666666666666666,0.6,False,False,324.85452559949965,22.271723493452754,391.87355202269424,23.702338195524387,1.7152744010875445,0.3130758419027906,0.22199492777777782,0.16694669131684764,3.9053436187877804,0.25976972856537384
development:420,420,development,O=Cc1cccc(C=O)c1,murcko-c1ccccc1,0.6666666666666666,0.5185185185185185,False,False,332.97421718000015,19.509263502722014,441.434338264389,35.834216528541795,1.5213605808360142,0.6648398979813802,0.31610421666666616,0.1982961507954621,4.182314133813112,0.367272550168127
development:421,421,development,N#CCc1cccc(CC#N)c1,murcko-c1ccccc1,0.6,0.3,False,False,335.49075764890273,18.421206825221624,401.91759147094416,65.03694286136964,1.6866017781269005,0.39632042339016693,0.24923405555555547,0.20212343625827717,3.8109876799399163,0.40853262476191604
development:422,422,development,c1ccc(C(c2ccccc2)(c2ccccc2)c2ccccc2)cc1,murcko-c1ccc(C(c2ccccc2)(c2ccccc2)c2ccccc2)cc1,0.5294117647058824,0.375,False,False,280.3214432533891,13.954876407370294,316.96859432419683,27.197395757456043,1.555262735952954,0.4209630941685199,0.2143812583333334,0.17371611447723181,3.9412432298658926,0.19000488267882862
development:423,423,development,c1ccc(C(=C(c2ccccc2)c2ccccc2)c2ccccc2)cc1,murcko-c1ccc(C(=C(c2ccccc2)c2ccccc2)c2ccccc2)cc1,0.5294117647058824,0.5294117647058824,False,False,298.55158071478905,47.87894520626829,458.7060347596722,123.73717045914641,1.5036100167442894,0.3286686758570172,0.10403162222222213,0.14841720619491056,3.9909975729575575,0.25849360697436263
development:424,424,development,O=C1c2ccc(Br)cc2C(=O)c2ccc(Br)cc21,murcko-O=C1c2ccccc2C(=O)c2ccccc21,0.8947368421052632,0.4285714285714285,False,False,458.0558079130834,33.69474161630598,556.9517570588889,41.02230718034174,1.4167015755193595,0.41776667701389,0.04553074722222222,0.13112891541837196,3.221426974047312,0.4144682604458969
development:425,425,development,COC(=O)c1cc(C(=O)OC)c(C(=O)OC)cc1C(=O)OC,murcko-c1ccccc1,0.6,0.52,False,False,319.3094174314999,23.030390644497313,415.86557506229144,32.58127334617096,1.7524901445436611,0.5146620145675428,0.34025766666666574,0.30226836102210713,4.060621283192779,0.30263406649589336
development:426,426,development,O=C1C=CC(=O)c2cc3ccccc3cc21,murcko-O=C1C=CC(=O)c2cc3ccccc3cc21,0.6190476190476191,0.4074074074074074,False,False,361.1263934855414,36.70740253539355,446.03943595288877,52.47689896701382,1.8193355901128352,0.5111429145933772,0.3253063888888891,0.24702882396506298,4.371736668928221,0.25377629010675107
development:427,427,development,CCOC(=O)c1ccc(C(=O)OCC)cc1,murcko-c1ccccc1,0.6206896551724138,0.7916666666666666,False,False,301.4680721831106,25.753938783954997,368.8247656682448,43.21542198835672,1.3949008616008127,0.5096561161180692,0.14693628888888893,0.10374505424219314,4.07427496856789,0.2985688066262029
development:428,428,development,Brc1cc(Br)c(Br)cc1Br,murcko-c1ccccc1,0.5384615384615384,0.3684210526315789,False,False,311.29630525257227,24.781044493920106,363.70071677578613,57.52352133019955,1.6181519612712487,0.6916024353358511,0.1075431527777777,0.11010389514416477,4.0630786646690575,0.24443080817350096
development:429,429,development,C#Cc1ccc(C=O)cc1,murcko-c1ccccc1,0.5833333333333334,0.4666666666666667,False,False,352.3048990652036,25.381682222677597,444.883704549611,36.14990540191676,1.3087495706636993,0.5507374693758553,0.049549894444444485,0.05635879660920556,4.298052115026939,0.19499713363889187
development:430,430,development,O=C1Nc2c(Br)cc(Br)cc2C1=O,murcko-O=C1Nc2ccccc2C1=O,0.4411764705882353,0.3137254901960784,False,False,445.0437025837777,47.48665143305261,530.2174816604444,85.36099372084861,2.093253543077975,0.7401738388748492,0.1911609180555556,0.22033090644296144,4.210261478065279,0.3264514792938113
development:431,431,development,O=Cc1c2ccccc2cc2ccccc12,murcko-c1ccc2cc3ccccc3cc2c1,0.6666666666666666,0.6521739130434783,False,False,395.9377696265655,13.669904034604752,494.38027271774996,61.98167899958173,1.6582064788845263,0.5776544198973627,0.14450562777777778,0.13180770457138652,4.323846608181511,0.16956828735923835
development:432,432,development,COc1ccc(N2C(=O)c3ccc4c5ccc6c7c(ccc(c8ccc(c3c48)C2=O)c75)C(=O)N(c2ccc(OC)cc2)C6=O)cc1,murcko-O=C1c2ccc3c4ccc5c6c(ccc(c7ccc(c2c37)C(=O)N1c1ccccc1)c64)C(=O)N(c1ccccc1)C5=O,0.5,0.6285714285714286,False,False,544.2614205746665,40.062500825289085,538.2263410203054,34.390202679542035,1.4916136250450847,0.3055933531560458,0.5027413444444444,0.2575737558605825,4.817032415690834,0.2238365569101436
development:433,433,development,N#Cc1cc(F)cc(F)c1,murcko-c1ccccc1,0.8823529411764706,0.4545454545454545,False,False,329.58606671936104,20.785510541741274,397.21615645919434,26.976767133330526,1.735642154455084,0.536345859920629,0.19749727777777798,0.1951828496773058,3.8085712843429476,0.3327056595254092
development:434,434,development,Fc1cc(Br)c(Br)cc1F,murcko-c1ccccc1,0.7142857142857143,0.3043478260869565,False,False,309.6631956974054,21.99679162159112,357.47234396150833,40.93111885482436,1.5711025338681854,0.6721154829562542,0.16150759722222227,0.16755430340999575,4.059713829358058,0.23590446890090125
development:435,435,development,O=C(O)c1c(F)c(F)c(C(=O)O)c(F)c1F,murcko-c1ccccc1,0.5714285714285714,0.3076923076923077,False,False,413.67495619997277,76.87145087232855,482.9058176350777,92.02391272713193,1.7710081721962343,0.90209789902732,0.05943358888888884,0.09532192982413397,3.8006639350080027,0.5252125471348688
development:436,436,development,Oc1ccc2cc(Br)ccc2c1-c1c(O)ccc2cc(Br)ccc12,murcko-c1ccc2c(-c3cccc4ccccc34)cccc2c1,0.5,0.34375,False,False,341.51003468688896,37.33304071732905,418.62938839818077,42.52675582438847,1.2220641349144796,0.6545438741702783,0.08139092222222227,0.08687103225163376,4.13090840276784,0.3249667293960744
development:437,437,development,O=Cc1ccc(S(=O)(=O)c2ccccc2)cc1,murcko-O=S(=O)(c1ccccc1)c1ccccc1,0.5384615384615384,0.4827586206896552,False,False,348.55345287194433,25.080531056789834,448.82454608906954,49.126507695334524,1.3047560570158112,0.5178276213672208,0.10390945555555545,0.17204263869844355,4.300286228440001,0.19481146090241705
development:438,438,development,O=Cc1ccc(-c2ccc(C=O)cc2)cc1,murcko-c1ccc(-c2ccccc2)cc1,0.7857142857142857,0.5833333333333334,False,False,344.17741042703705,14.873625029802607,433.3444341519999,34.29653794874278,1.2985441965514424,0.47065745181537616,0.18623588888888865,0.18425455390893966,4.420816708792941,0.1830612372887111
development:439,439,development,O=Cc1ccc2ccccc2c1,murcko-c1ccc2ccccc2c1,0.5333333333333333,0.5172413793103449,False,False,344.4009593727776,12.95355751774839,436.04276625683326,29.557772603510735,1.4200393736577388,0.566338695627498,0.23954297222222232,0.19567605835219856,4.2805027345813835,0.24019185110489338
development:440,440,development,OCCCCc1ccc2ccc3cccc4ccc1c2c34,murcko-c1cc2ccc3cccc4ccc(c1)c2c34,0.4117647058823529,0.6666666666666666,False,False,372.7390367026756,23.51951687445778,393.3100922008864,41.84466351410225,5.206917184297086,0.31981752128753305,0.528835394444444,0.2331945130264654,4.2512951568454955,0.5150552458610169
development:441,441,development,Brc1ccc2c(c1)oc1cc(Br)ccc12,murcko-c1ccc2c(c1)oc1ccccc12,0.4583333333333333,0.4102564102564102,False,False,354.6603101625557,24.176113091470498,418.60997362369443,40.607329831478125,1.0708619032981994,0.522688875757394,0.22528604166666658,0.23347611544356867,4.32866466221875,0.19853921566515184
development:442,442,development,Brc1ccc2[nH]c3ccc(Br)cc3c2c1,murcko-c1ccc2c(c1)[nH]c1ccccc12,0.6363636363636364,0.40625,False,False,385.1034043545,76.371086222111,373.8827756929724,36.111425614519796,1.1142839364336115,0.6674952034883317,0.2697487199999999,0.25635684024685745,4.0741620226438915,0.2634018478891238
development:443,443,development,CC1(C)OB(c2cc3ccc4cc(B5OC(C)(C)C(C)(C)O5)cc5ccc(c2)c3c45)OC1(C)C,murcko-c1cc2cc(B3OCCO3)cc3ccc4cc(B5OCCO5)cc1c4c23,0.6956521739130435,0.8461538461538461,False,False,385.4264713261111,14.029293069495642,401.34312546608334,17.30999469732933,4.723452168189714,0.7803656269538514,0.6278512777777766,0.18746830583790772,3.576896138547052,0.3970137569448425
development:444,444,development,Nc1c(Br)ccc(Br)c1N,murcko-c1ccccc1,0.45,0.3043478260869565,False,False,288.8502374500003,17.906675057976045,363.6113582397473,55.97449929999969,1.595053090464877,0.5381839266336566,0.2409523333333332,0.1872375738719743,3.943894163786941,0.21075806295694746
development:445,445,development,O=C1CCc2cccc(O)c21,murcko-O=C1CCc2ccccc21,0.5517241379310345,0.40625,False,False,379.560004708389,35.41427236521618,474.44236201641684,61.2217893418094,1.5975132334587787,0.49013805803288585,0.12379410277777789,0.10922703832704773,3.9140922955294415,0.3433771154074873
development:446,446,development,CC(=O)c1c(O)cccc1O,murcko-c1ccccc1,0.4545454545454545,0.3846153846153846,False,False,304.47805806061115,22.153745538731133,415.206958981189,77.35609104149992,1.9961366711666926,0.6759789610297817,0.13597218888888887,0.12165256667944431,3.715225995603531,0.28635952349001637
development:447,447,development,N#Cc1cncc(C=O)c1,murcko-c1ccncc1,0.5357142857142857,0.2926829268292683,False,False,354.8769097802777,28.13718247989283,466.6328424327778,60.766357476011066,1.419837156180472,0.6539876508100718,0.1532362472222223,0.14340609218286451,4.021722702169662,0.3180794143001525
development:448,448,development,O=Cc1c2ccccc2c(C=O)c2ccccc12,murcko-c1ccc2cc3ccccc3cc2c1,0.6666666666666666,0.375,False,False,354.0169018101667,26.874619333600005,450.0506725817223,46.759179506904914,1.145084286091733,0.8001339173280386,0.20153016666666665,0.14199979057592466,4.179746667438332,0.24519780470076294
development:449,449,development,COC(=O)c1ccnc(-c2cc(C(=O)OC)ccn2)c1,murcko-c1ccc(-c2ccccn2)nc1,0.6071428571428571,0.3846153846153846,False,False,327.27311800627774,31.854411970020273,393.3763774457227,48.64968374274921,1.06544716637754,0.6913279051387592,0.21548999841269834,0.18554393190111157,4.061320935625575,0.2930304245280148
development:450,450,development,N#Cc1cc(C#N)c(C#N)cc1C#N,murcko-c1ccccc1,0.625,0.5,False,False,341.2022744619166,16.668698200379225,401.8711730027779,31.26010379730293,2.0530116732111034,0.573993070819829,0.18679294444444455,0.1610653448969434,3.8523868687843357,0.24726559328050174
development:451,451,development,O=Cc1ccc2nsnc2c1,murcko-c1ccc2nsnc2c1,0.5517241379310345,0.3478260869565217,False,False,351.0801996590554,39.710660417887,449.44741233038854,44.42663999375702,1.2529377348334545,0.5293298570174902,0.2887592805555552,0.24655078763839108,4.279350816055552,0.30358446474906253
development:452,452,development,c1ccc(-c2nc3ccccc3[nH]2)cc1,murcko-c1ccc(-c2nc3ccccc3[nH]2)cc1,0.5172413793103449,0.84,False,False,327.7934166666668,15.940663718748404,393.30068121436176,19.038710518057474,1.084443430020788,0.43585820449253904,0.5323995416666663,0.272299735760792,4.28903048261386,0.25011203508004726
development:453,453,development,Cc1cc(N)ccc1C#N,murcko-c1ccccc1,0.6923076923076923,0.64,False,False,346.0323129784169,31.608962851221477,390.65899344712227,39.457200550968835,2.3094172717873644,0.9516752783210529,0.3391244027777779,0.18686716542347204,3.6992145897525006,0.1947733757141304
development:454,454,development,CC(O)c1ccc2ccccc2c1,murcko-c1ccc2ccccc2c1,0.391304347826087,0.4444444444444444,False,False,320.02049594638953,18.798338631690672,382.58218035696706,36.80869911554928,2.3886510548278115,0.5665778068308602,0.2021522500000001,0.17998568074563442,4.0022605468008,0.38054250671391043
development:455,455,development,Cc1cc(C=O)c(O)c(C=O)c1,murcko-c1ccccc1,0.6086956521739131,0.375,False,False,355.53109789005543,20.97184749430866,463.86105507580544,28.307775771841865,1.1240010031286884,0.7671558537985146,0.10410501666666679,0.14365169452035048,4.125904882949331,0.3244587402157161
development:456,456,development,COc1cc(C=O)cc(OC)c1,murcko-c1ccccc1,0.5185185185185185,0.5833333333333334,False,False,310.99141666666634,21.49161993492048,445.08428254622237,43.10573324944666,1.4442537168480176,0.6300341529049988,0.19923360555555591,0.13140332811556082,3.6688155335138837,0.44180481502807273
development:457,457,development,N#CC(C#N)=c1cc(F)c(=C(C#N)C#N)cc1F,murcko-C=c1ccc(=C)cc1,0.4347826086956521,0.3,False,False,356.33289241686106,56.37267299089078,460.42976910569445,76.76254477320018,1.3250133616228124,0.6684684147782696,0.09914295833333334,0.1633285323813094,4.168674060168338,0.3632757204846695
development:458,458,development,c1ccc(Nc2ccc(Nc3ccccc3)cc2)cc1,murcko-c1ccc(Nc2ccc(Nc3ccccc3)cc2)cc1,0.9230769230769232,0.65,False,False,313.67672689302856,38.61049200260272,334.8808036932158,50.567858892793566,1.4997727164107724,0.44280841480210203,0.12821653611111114,0.12205760247744461,3.9537896238489156,0.232628152755044
development:459,459,development,O=Cc1cc(Br)ccc1Br,murcko-c1ccccc1,0.6153846153846154,0.2941176470588235,False,False,350.81772777777786,23.14452474983117,469.0293314995834,39.557156371527725,1.2422975106446255,0.721048180723252,0.16427666944444444,0.1339164906341305,4.164828168541108,0.2748748117868621
development:460,460,development,Brc1ccc2ccccc2c1-c1c(Br)ccc2ccccc12,murcko-c1ccc2c(-c3cccc4ccccc34)cccc2c1,0.5238095238095238,0.4782608695652174,False,False,347.69181294328024,28.210544377339726,405.253206871928,28.9495498499996,2.0818205547263466,0.7088095223279391,0.15439680833333333,0.15992412698945604,3.8767122153200777,0.15679645858679347
development:461,461,development,Brc1ccc(-c2cc(-c3ccc(Br)cc3)cc(-c3ccc(Br)cc3)c2)cc1,murcko-c1ccc(-c2cc(-c3ccccc3)cc(-c3ccccc3)c2)cc1,0.7857142857142857,0.5,False,False,327.70280434702227,30.59249833995319,377.1425843113669,28.65040011382922,1.386250105029577,0.472052904515637,0.42781947222222194,0.15709455806750025,4.945370983585409,0.25734950413649144
development:462,462,development,C#Cc1cc(C#C)cc(C#C)c1,murcko-c1ccccc1,0.5714285714285714,0.2857142857142857,False,False,326.1944426995832,21.443894389165973,383.6102760943331,37.452202686607215,1.7131816115236245,0.6102911194644142,0.13012805555555562,0.13175602894387395,3.9633147006387808,0.29658725704771155
development:463,463,development,CCn1c2ccccc2c2cc(C=O)ccc21,murcko-c1ccc2c(c1)[nH]c1ccccc12,0.6857142857142857,0.6363636363636364,False,False,384.5062350386112,28.91612501176839,461.02541794,43.33436137629738,1.292854520410433,0.5627000741025362,0.14889738888888915,0.1572848783384928,4.434419055766113,0.32907325371207763
development:464,464,development,O=C1OC2(c3cc(Cl)c(O)cc3Oc3cc(O)c(Cl)cc32)c2ccccc21,murcko-O=C1OC2(c3ccccc3Oc3ccccc32)c2ccccc21,0.6428571428571429,0.3218390804597701,False,False,385.69674193588895,61.37512828829805,464.90673821530555,68.92803736396324,1.6257812936463802,1.119995983939038,0.3240892083333332,0.24431314931744644,4.500734808809169,0.509573094033072
development:465,465,development,Cc1c(C2(c3cc(Br)c(O)c(Br)c3C)OS(=O)(=O)c3ccccc32)cc(Br)c(O)c1Br,murcko-O=S1(=O)OC(c2ccccc2)(c2ccccc2)c2ccccc21,0.4074074074074074,0.6595744680851063,False,False,352.9362499820001,44.02510382584179,425.92181982730546,60.06592297829077,1.4034466148324114,0.7730768864938513,0.2717048111111111,0.28458153572370426,4.294387372041001,0.37149898558440775
development:466,466,development,C#Cc1ccc(Br)cc1,murcko-c1ccccc1,0.6875,0.34375,False,False,319.77885902111115,27.452095076344815,379.8848893225946,35.513249924062976,1.5158000888309813,0.5076498250083269,0.21384761111111117,0.20290416970778938,3.9897716102253344,0.19902487757896836
development:467,467,development,N#Cc1ccc(O)cc1,murcko-c1ccccc1,0.6875,0.4583333333333333,False,False,318.1170165235112,27.39641749308186,381.4497210791946,42.55841110140529,1.5031062902678745,0.31785518700467336,0.10884853333333341,0.09500143177878595,3.658510854630724,0.3621696116667513
development:468,468,development,OC(c1ccccc1)(c1ccccc1)c1ccccc1,murcko-c1ccc(C(c2ccccc2)c2ccccc2)cc1,0.5294117647058824,0.3888888888888889,False,False,281.6219926997224,20.82270035308408,325.4286491253998,45.991026284696744,2.097342382099481,0.9790031312515389,0.08382476388888888,0.12974232796685903,3.9090784520078365,0.17788123169031375
development:469,469,development,CC1(C)CC2(CC(C)(C)c3cc(O)c(O)cc32)c2cc(O)c(O)cc21,murcko-c1ccc2c(c1)CCC21CCc2ccccc21,0.2916666666666667,0.2432432432432432,False,False,315.17511475157227,36.54591675834954,364.92021342941666,49.472882209274566,1.7118080646333111,0.5878823165593449,0.24755721666666644,0.27604765792207275,4.086281591253109,0.3354310133808297
development:470,470,development,Oc1c(F)c(F)c(O)c(F)c1F,murcko-c1ccccc1,0.3076923076923077,0.2083333333333333,False,False,419.8083812482505,76.90517000051678,494.85432332522777,117.23836198494419,1.3240244944043649,0.8497446169823845,0.047462988888888905,0.08959661524743959,3.9132444257972665,0.4119418166031917
development:471,471,development,N#Cc1c(F)c(F)c(F)c(F)c1F,murcko-c1ccccc1,0.9285714285714286,0.4583333333333333,False,False,400.55550000000034,54.29074791824555,444.44372855812475,42.71388932218323,1.4975607071654902,0.9559358460315286,0.13325383333333338,0.15961385003452758,4.142925553440139,0.34992635716300274
development:472,472,development,O=C1c2cccc3cccc(c23)C(=O)N1O,murcko-O=C1NC(=O)c2cccc3cccc1c23,0.5,0.5,False,False,384.879571544361,45.61918351759212,442.8588692097224,51.01320574125443,2.072518867220973,0.5455971523626864,0.20108919166666683,0.21307184598861903,4.29351101151903,0.18432203281609594
development:473,473,development,CC(=O)c1cc(C(C)=O)cc(C(C)=O)c1,murcko-c1ccccc1,0.625,0.4074074074074074,False,False,307.1330159330694,31.361737812663026,387.1254780033336,46.538847591967524,1.67704820575396,0.5895712429448713,0.04539921111111112,0.07039864689416825,4.050066204969056,0.2580661262888596
development:474,474,development,Cc1c2ccccc2c(C)c2ccccc12,murcko-c1ccc2cc3ccccc3cc2c1,0.5384615384615384,0.4666666666666667,False,False,362.6978744607502,58.560001014112856,371.20640459078345,51.339052172578064,1.8919758320266362,0.482000645052514,0.1865201944444445,0.16813994704890253,4.022630676962359,0.22266613383583436
development:475,475,development,N#Cc1cnc(N)c(C#N)c1,murcko-c1ccncc1,0.4242424242424242,0.4666666666666667,False,False,338.1017175474441,13.563802936053035,419.97788922194457,37.18987375062361,2.0645036721296117,0.5072018935746927,0.21261494444444448,0.16059388966319393,3.726831266683996,0.23293521423022928
development:476,476,development,CC1(C)OB(c2ccc(-n3c4ccccc4c4ccccc43)cc2)OC1(C)C,murcko-c1ccc2c(c1)c1ccccc1n2-c1ccc(B2OCCO2)cc1,0.6842105263157895,0.5,False,False,345.32081737427785,20.29918584920839,390.61490798216363,20.608323137302605,2.7099965800756243,0.9220837846268123,0.5822904722222226,0.19526175787123562,4.0090214949085015,0.35724406221113697
development:477,477,development,CC(=O)c1ccc(-c2ccc(C(C)=O)cc2)cc1,murcko-c1ccc(-c2ccccc2)cc1,0.8125,0.64,False,False,300.64300442802767,29.330331369236976,397.4129768594668,44.49991145637597,1.2627185367439395,0.46603199308042387,0.10491439999999992,0.11090371040232429,4.442695375203303,0.13533458320209735
development:478,478,development,O=C(O)c1ccc(-c2ccc(C(=O)O)cc2)cc1,murcko-c1ccc(-c2ccccc2)cc1,1.0,0.6111111111111112,False,False,287.7466096440723,22.86623883721883,369.8065084728112,37.82882206951037,1.288516620881945,0.4978664530024739,0.24835101666666673,0.23372625121750473,4.434211468202111,0.1609303727287235
development:479,479,development,Cc1cc(C#N)ccc1N,murcko-c1ccccc1,0.6923076923076923,0.5925925925925926,False,False,321.1594719952777,30.989494573750395,382.37865757009445,51.88822745365155,2.060298502164015,0.8617911341861618,0.25765508333333326,0.15379161501519004,3.828800817871282,0.2713563420499647
development:480,480,development,COC(=O)c1ccc(-c2ccc(C(=O)OC)cc2)cc1,murcko-c1ccc(-c2ccccc2)cc1,0.8421052631578947,0.6551724137931034,False,False,305.0576022869222,27.458179246583033,380.7516316355002,39.083394420096276,1.5036565173494667,0.6860623820238291,0.2276967055555556,0.1623920195258787,4.204078197324724,0.4402030195133902
development:481,481,development,CC(=O)c1ccc(CCc2ccc(C(C)=O)cc2)cc1,murcko-c1ccc(CCc2ccccc2)cc1,0.6842105263157895,0.4193548387096774,False,False,304.56606465939996,35.8126498076881,385.7341213691724,63.58483996198344,1.3834848053683033,0.5600533462382111,0.09430893333333333,0.13481350316048774,3.7678282784584987,0.4237346725171184
development:482,482,development,N#Cc1cc(O)cc(C#N)c1,murcko-c1ccccc1,0.6875,0.5238095238095238,False,False,331.29577220327764,23.28835406775747,395.6276391238277,36.77742985084848,1.6181965441848123,0.533949603740482,0.1393795444444446,0.1819884449441021,3.79668289811128,0.31411380143177636
development:483,483,development,Nc1ccc(S(=O)(=O)c2ccc(N)cc2)cc1,murcko-O=S(=O)(c1ccccc1)c1ccccc1,0.5,0.4230769230769231,False,False,308.28637155315545,28.027069691287103,429.8137612110466,58.182677099590194,1.425404100724927,0.37744764915222284,0.3629570166666668,0.23282109824287703,4.0127187840277765,0.3541628626075789
development:484,484,development,O=C1OC(=O)c2ccc3c4c(ccc1c24)C(=O)OC3=O,murcko-O=C1OC(=O)c2ccc3c4c(ccc1c24)C(=O)OC3=O,0.7894736842105263,0.4545454545454545,False,False,468.9733888888888,74.69792903547861,494.75169041447214,62.808082199668554,1.5822959613962184,0.48415588983738567,0.33384703888888906,0.29192797113629654,4.391754216008443,0.2838155694000909
development:485,485,development,O=C1NC(=O)c2ccc3c4ccc5c6c(ccc(c7ccc1c2c73)c64)C(=O)NC5=O,murcko-O=C1NC(=O)c2ccc3c4ccc5c6c(ccc(c7ccc1c2c73)c64)C(=O)NC5=O,0.5384615384615384,0.5757575757575758,False,False,508.54871973280564,33.17289355481559,504.4084300686386,41.98055210981425,1.6513164256635215,0.4417179438940126,0.6033526222222222,0.30848516953710214,4.672914433863607,0.21297811286854132
development:486,486,development,O=Cc1cc(C=O)c(O)c(C=O)c1,murcko-c1ccccc1,0.6086956521739131,0.34375,False,False,352.0510778038332,22.356172253287628,456.42719968333336,33.04255935218009,1.468231881800979,0.7353183596105455,0.13279051666666675,0.2000080964507292,4.106796022966552,0.32901200173139605
development:487,487,development,O=C1NC(=O)c2cccc3cccc1c23,murcko-O=C1NC(=O)c2cccc3cccc1c23,0.5,0.4827586206896552,False,False,394.27217175327775,43.605240711817,472.14372732011105,51.001405306533144,2.3191983927747595,0.5658832993727942,0.4608647444444449,0.2561226559415194,4.134651354192361,0.30619071661485897
development:488,488,development,Brc1ccc(Br)c2ccccc12,murcko-c1ccc2ccccc2c1,0.5625,0.35,False,False,335.57532662797234,28.20815863627948,375.26349753700003,37.778781592892855,1.7741657946788034,0.5656077430904798,0.13474014047619046,0.14428291727160703,3.9931651841288325,0.1417776242982183
development:489,489,development,Brc1ccc2c(c1)sc1cc(Br)ccc12,murcko-c1ccc2c(c1)sc1ccccc12,0.4583333333333333,0.4333333333333333,False,False,344.54064930766674,30.38812946806569,405.3308527018611,27.493751135839467,1.243470621666111,0.7715439008955777,0.1375612777777778,0.16015287787241958,4.374389029915832,0.278704803335793
development:490,490,development,COC(=O)c1ccc2cc(C(=O)OC)ccc2c1,murcko-c1ccc2ccccc2c1,0.6818181818181818,0.5294117647058824,False,False,335.2037194373892,30.76324491869204,396.4625616325833,33.574106577116545,1.9746039695659507,0.5388208418947678,0.29503879166666636,0.21284936026188606,4.033499928083143,0.28385584422882676
development:491,491,development,c1ccc(-c2ccccc2-c2ccccc2)cc1,murcko-c1ccc(-c2ccccc2-c2ccccc2)cc1,0.6153846153846154,0.5714285714285714,False,False,296.68057208921687,20.77498616875082,374.88560299417225,42.6143738411747,1.7034913673262688,0.2527843178286113,0.1553576416666666,0.15289325844224264,4.392403770624443,0.19917864049747114
development:492,492,development,O=C1C(=O)c2cc(Br)ccc2-c2ccc(Br)cc21,murcko-O=C1C(=O)c2ccccc2-c2ccccc21,0.8947368421052632,0.3928571428571428,False,False,453.6464260864444,42.79245570271895,502.0015555704446,58.831757310021715,1.3807781074598728,0.43202574978222513,0.15723444333333342,0.19730929064190292,4.197345974594447,0.3708377073249058
development:493,493,development,O=C1c2ccccc2C(=O)c2ccccc21,murcko-O=C1c2ccccc2C(=O)c2ccccc21,0.9230769230769232,0.5454545454545454,False,False,442.96560890470835,24.850463365879385,556.5529817194166,39.954040681878475,1.693192758783327,0.32714469173390875,0.026788416666666665,0.056285291723080215,3.589761218891254,0.2828472311996887
development:494,494,development,N#Cc1csc(Br)n1,murcko-c1cscn1,0.4137931034482758,0.2564102564102564,False,False,351.3846409623055,61.80905075995534,415.08455958855546,58.80611825213818,1.0817340057708182,0.6603241264565205,0.14506414166666665,0.175138698231394,3.9740751456115953,0.24043694719373057
development:495,495,development,O=C1N=C(c2cccs2)c2c(O)[nH]c(-c3cccs3)c21,murcko-O=C1N=C(c2cccs2)c2c[nH]c(-c3cccs3)c21,0.3,0.3404255319148936,False,False,433.56548630219453,106.60228871464652,493.76428123519435,93.74194284043996,1.1376000817177427,0.5490146826324939,0.13830905555555553,0.161298395215342,3.9001379692984983,0.3565441959260587
development:496,496,development,O=Cc1cccc(-c2ccccn2)c1,murcko-c1ccc(-c2ccccn2)cc1,0.65625,0.4324324324324324,False,False,352.5043754041112,26.23318148793941,443.7985873916667,36.204598310351045,1.3998673551983778,0.6269038297336506,0.24156027777777767,0.18460968543358428,4.312738737080945,0.25937883425794933
development:497,497,development,Cc1[nH]c(C=O)cc1C#N,murcko-c1cc[nH]c1,0.3793103448275862,0.2857142857142857,False,False,369.75026755250013,60.42961936421197,442.10938126052775,50.21193540012576,1.6469032793860185,0.7964171076392313,0.2603981722222222,0.2362168048598171,3.994823252065834,0.31958330939002355
development:498,498,development,N#Cc1cncc(Br)n1,murcko-c1cnccn1,0.5,0.2682926829268293,False,False,339.65461926002786,49.604155192426255,410.46929769797214,41.42252041976701,1.8794730313315973,0.7963455337274439,0.196675211111111,0.21918876192821182,3.8405761477163884,0.2906190034890699
development:499,499,development,N#Cc1ccc(F)c(N)c1,murcko-c1ccccc1,0.5714285714285714,0.5925925925925926,False,False,331.9182377889999,27.049561136252276,409.99725507702783,42.85773808451255,1.8766070899472505,0.46646151072290243,0.34991794444444424,0.24691069518835962,3.8217015698102816,0.28410620393446834
development:500,500,development,CC(Oc1ccc(Br)cc1Br)C(=O)NN,murcko-c1ccccc1,0.5238095238095238,0.2608695652173913,False,False,326.21708195469455,23.9493642077523,391.5942023531889,56.03882509269001,1.3441281672037761,0.5566165992994708,0.14978240555555547,0.16037959721568737,4.037784934006248,0.2938906202151917
development:501,501,development,CC1(C)OB(c2c3ccccc3c(B3OC(C)(C)C(C)(C)O3)c3ccccc23)OC1(C)C,murcko-c1ccc2c(B3OCCO3)c3ccccc3c(B3OCCO3)c2c1,0.52,0.4285714285714285,False,False,384.3841342008334,34.040957509251655,488.37654320986115,42.26793867080399,2.7654848421143794,0.8871103967704067,0.5217206111111103,0.24138195003532942,4.056075516072247,0.34593201445761934
development:502,502,development,c1ccc2c(c1)Cc1ccccc1-2,murcko-c1ccc2c(c1)Cc1ccccc1-2,0.7777777777777778,0.6363636363636364,False,False,305.72468312655576,17.95359922573304,356.55498375795014,21.15901342063258,1.6459911368525675,0.23471301545817586,0.3813492916666666,0.1954239731527677,4.01468233780042,0.2824448250432207
development:503,503,development,c1ccc2c(c1)[nH]c1ccccc12,murcko-c1ccc2c(c1)[nH]c1ccccc12,0.4666666666666667,0.6842105263157895,False,False,325.2190146993889,18.951339788055503,359.7330212166389,24.010065158085233,1.8293569326937202,0.27486911473825437,0.2915785277777778,0.2421237305671663,4.0526496388347235,0.17249309812249644
development:504,504,development,O=Cc1ccc(B(O)O)cc1,murcko-c1ccccc1,0.5789473684210527,0.4375,False,False,346.42318820481483,19.81448444774577,443.96294739927777,36.23029291672904,1.3352696843661471,0.5326013763034172,0.15133079666666663,0.1956311313986437,4.303764563318052,0.20030139288722038
development:505,505,development,O=Cc1ccc2c(c1)c1ccccc1n2-c1ccccc1,murcko-c1ccc(-n2c3ccccc3c3ccccc32)cc1,0.71875,0.8235294117647058,False,False,338.60451805313886,25.31070057419394,417.78288898872216,26.639281646446587,1.166995502456986,0.5231559120533033,0.14506502777777805,0.16919956815311502,4.277929585006665,0.2326745626358389
development:506,506,development,N#Cc1ccc(N)cc1,murcko-c1ccccc1,0.8421052631578947,0.6,False,False,314.67581799341684,21.541016108958296,390.6405523074165,23.427783104945675,1.5266586517254437,0.2663472798976057,0.24416583333333355,0.17255764256386885,3.8904278667398366,0.308407638415838
development:507,507,development,Cn1cc(Br)nc(Br)c1=O,murcko-O=c1cncc[nH]1,0.3548387096774194,0.2702702702702703,False,False,361.8099789849366,36.538263137332855,426.0551772730136,42.11709700289852,1.3480552080321107,0.656736390644445,0.16715249722222233,0.21052102295243597,4.025189171118335,0.208199759477937
development:508,508,development,N#CCc1ccc(C#N)cc1,murcko-c1ccccc1,0.7368421052631579,0.4242424242424242,False,False,322.59948964633344,44.367603935797185,394.5079349667777,57.36123984891571,1.6002295874324501,0.31157932958332996,0.2643231888888888,0.234455015459026,3.7905005509019443,0.4060683550883298
development:509,509,development,Nc1ccc(N)c(S(=O)(=O)O)c1,murcko-c1ccccc1,0.3793103448275862,0.3333333333333333,False,False,330.20498757711107,25.108252598113783,453.7371776491389,64.90811557180432,1.8487190691826405,0.6299242399430497,0.2895469194444445,0.2572481287212717,4.143898289240901,0.3013670492210948
development:510,510,development,Nc1c(Br)cc2[nH]cnc2c1Br,murcko-c1ccc2[nH]cnc2c1,0.3428571428571428,0.2894736842105263,False,False,377.33298077715546,43.80251302335825,421.0814689670556,73.94301896780713,1.4928769681263123,0.7916434116683617,0.11959029166666665,0.15034036138833495,4.082876781669049,0.3536236739219839
development:511,511,development,Cc1cc(C#N)ncc1Br,murcko-c1ccncc1,0.4827586206896552,0.2653061224489796,False,False,329.21341806044444,33.533473682826546,399.2296764998888,48.672292501351,1.8635437394638519,0.8293660369037148,0.21798000555555547,0.1827302336734554,4.022170985201104,0.3045527535820151
development:512,512,development,C(C#Cc1ccccc1)#Cc1ccccc1,murcko-C(C#Cc1ccccc1)#Cc1ccccc1,0.7333333333333333,0.6875,False,False,327.266582392389,13.14190944087837,372.58328586773354,25.21271322247428,1.0588257817706888,0.30258822264552115,0.37322120277777776,0.24725012867402132,4.60205714958853,0.11082579733472911
development:513,513,development,Brc1ccc2c3ccc(Br)cc3c3ccccc3c2c1,murcko-c1ccc2c(c1)c1ccccc1c1ccccc21,0.4705882352941176,0.52,False,False,352.49851894405566,28.43179678092559,397.72784153693897,33.10709356519453,1.0875434121170144,0.5969923981412493,0.14039493214285714,0.15824379959553564,4.111713297354426,0.2574681418914592
development:514,514,development,COc1cc(C#N)c(C#N)cc1OC,murcko-c1ccccc1,0.5263157894736842,0.5357142857142857,False,False,347.2444022348611,23.3814975583492,417.2472505988888,35.05149700105158,2.0393438503056327,0.6897172959894546,0.20885942222222223,0.1896153161173914,3.852167560997361,0.2658467626666924
development:515,515,development,O=c1oc(=O)c2cc3c(=O)oc(=O)c3cc12,murcko-O=c1oc(=O)c2cc3c(=O)oc(=O)c3cc12,0.3333333333333333,0.2903225806451613,False,False,362.9012706456111,18.46365860017823,435.1171632025552,31.54149502976295,1.6924589999410777,0.42564737886326093,0.15463886111111105,0.17385343274351536,4.111153425629617,0.303736079617324
development:516,516,development,CCOC(=O)c1nc(C(=O)OCC)nc(C(=O)OCC)n1,murcko-c1ncncn1,0.52,0.4516129032258064,False,False,366.3467107458057,58.626033155978526,473.49826042605554,83.83426525499355,1.4805247886715474,0.9951732993039022,0.09655578611111118,0.16910114701173606,3.8390455160228574,0.18893100032593202
development:517,517,development,C=Cc1ccccc1,murcko-c1ccccc1,0.5294117647058824,0.45,False,False,321.28024809944446,15.949731286808968,351.8581185933556,32.469691992045696,1.584307783430055,0.5448032219327409,0.1939973666666667,0.15277657786499405,3.7810219777570007,0.49141652614365194
development:518,518,development,N#Cc1c[nH]c2ccc(Br)cc12,murcko-c1ccc2[nH]ccc2c1,0.46875,0.5625,False,False,402.4103568175831,54.05956996143978,502.32553687402765,93.56962142971904,0.9353708174626413,0.6834662770958762,0.19634908333333315,0.20205912504211648,4.133977831792835,0.2644770004028367
development:519,519,development,Nc1ccccc1-c1ccccc1,murcko-c1ccc(-c2ccccc2)cc1,0.6111111111111112,0.4210526315789473,False,False,299.3683345612446,21.188893082569262,380.71067447833883,41.94134655010051,1.7119630428363173,0.3221741783787976,0.21945259722222224,0.18084406569143377,4.226118348494444,0.34381823343610307
development:520,520,development,O=c1c2ccccc2oc2ccccc12,murcko-O=c1c2ccccc2oc2ccccc12,0.5,0.4516129032258064,False,False,365.97785870938884,18.475389159892547,426.5762496091941,23.574879248668005,1.686798254475135,0.5219419404575212,0.5257320555555558,0.2869384712627994,4.09222251321608,0.20543641192179668
development:521,521,development,Brc1cc2cc3sc(Br)cc3cc2s1,murcko-c1cc2cc3sccc3cc2s1,0.3076923076923077,0.28125,False,False,320.49292394538867,60.09579329952202,404.8155248423889,82.38538512124637,0.6271476444942762,0.6052907605989871,0.3451979166666666,0.33512870664731637,4.323713497214997,0.2426159834438027
development:522,522,development,OC(c1ccccc1)c1ccccc1,murcko-c1ccc(Cc2ccccc2)cc1,0.5294117647058824,0.3888888888888889,False,False,281.58778512372237,20.655360075471958,343.77160832859323,66.39400513973571,1.5702921008960222,0.3379580560247042,0.06827783333333333,0.11707045963945094,3.9765405589906124,0.30292065802586626
development:523,523,development,O=C(O)c1ccc(-c2ccc(-c3cc(-c4ccc(-c5ccc(C(=O)O)cc5)cc4)cc(-c4ccc(-c5ccc(C(=O)O)cc5)cc4)c3)cc2)cc1,murcko-c1ccc(-c2ccc(-c3cc(-c4ccc(-c5ccccc5)cc4)cc(-c4ccc(-c5ccccc5)cc4)c3)cc2)cc1,1.0,0.5238095238095238,False,False,295.93089422090276,23.65793046458741,372.38088792038906,34.887708254744446,1.590498464457938,0.39228540946194823,0.24520392222222218,0.22628374473385032,4.894139335211855,0.35759225269055583
development:524,524,development,c1ccc2ccccc2c1,murcko-c1ccc2ccccc2c1,0.6363636363636364,0.5,False,False,298.0880292251351,22.734872406342088,373.1177722579836,36.9791119479446,1.860575655728817,0.4904891189025507,0.15749731666666664,0.14397936192064245,3.9293483739228416,0.17271023034285177
development:525,525,development,C1=Cc2nc1c(-c1ccccc1)c1ccc([nH]1)c(-c1ccccc1)c1nc(c(-c3ccccc3)c3ccc([nH]3)c2-c2ccccc2)C=C1,murcko-C1=Cc2nc1c(-c1ccccc1)c1ccc([nH]1)c(-c1ccccc1)c1nc(c(-c3ccccc3)c3ccc([nH]3)c2-c2ccccc2)C=C1,0.6666666666666666,0.6666666666666666,False,False,629.2778333333328,51.62812421166765,659.0719444444438,11.068451711815523,2.392517250438318,0.18521403662821517,0.08873730277777771,0.060114974701613165,3.7448516838575014,0.15435454236775423
development:526,526,development,c1ccc(-c2cccc(-c3ccccc3)c2)cc1,murcko-c1ccc(-c2cccc(-c3ccccc3)c2)cc1,0.7857142857142857,0.7333333333333333,False,False,300.26187319325,14.274078006320742,369.3766938812003,14.691715785758921,1.6516354577474919,0.3984688169038226,0.3641314722222218,0.18671128240057722,4.793335827142792,0.5106036122791183
development:527,527,development,c1ccc2cc3cc4ccccc4cc3cc2c1,murcko-c1ccc2cc3cc4ccccc4cc3cc2c1,0.9090909090909092,0.75,False,False,375.9754320684634,35.65617338204765,418.04210074346696,42.864239837027355,2.9630913929667493,0.7052201508360283,0.29403148888888847,0.2635010102977145,4.123452563307061,0.2802149421734193
development:528,528,development,c1ccc(-c2ccccc2)cc1,murcko-c1ccc(-c2ccccc2)cc1,0.9,0.9,False,False,284.3341424994002,12.607000129633537,360.6461353340722,17.942863579275834,1.3041994537415524,0.36179589820422103,0.2959479861111106,0.17124586683353563,4.411733926932695,0.14105369595017767
development:529,529,development,c1ccc2nc3ccccc3nc2c1,murcko-c1ccc2nc3ccccc3nc2c1,0.4705882352941176,0.5555555555555556,False,False,411.54293482111103,50.1763051851235,505.14822544200007,39.848311016907395,0.9402495012589207,0.5407075721181421,0.10586511944444446,0.12001124080822168,4.091019089125513,0.201234472691744
development:530,530,development,Brc1ccc(-c2ccc(Br)cc2)cc1,murcko-c1ccc(-c2ccccc2)cc1,1.0,0.4,False,False,300.01266487210006,35.68559929640985,379.5237012043389,29.39424348606371,1.1335045673478032,0.49539813299428437,0.39773113888888884,0.17673728101586772,4.470918049893304,0.09069619747237286
development:531,531,development,Oc1ccc(-c2ccc(O)cc2)cc1,murcko-c1ccc(-c2ccccc2)cc1,0.7272727272727273,0.5,False,False,283.9177960796113,15.707592472094833,349.64084670864463,36.09508983125996,1.2602606165796126,0.47359334334480024,0.20779585000000017,0.19056895716915237,4.431792559340804,0.17277858545940317
development:532,532,development,O=C(O)c1ccc(-c2ccccc2)cc1,murcko-c1ccc(-c2ccccc2)cc1,0.8333333333333334,0.6842105263157895,False,False,289.0650445366111,24.096008761156096,370.3296007650001,38.04309115807936,1.2599946420016512,0.40566635968266745,0.2651210333333333,0.22647814635400174,4.442703672514946,0.17432874812797708
development:533,533,development,COc1ccc(OC)c(C=O)c1,murcko-c1ccccc1,0.4411764705882353,0.6333333333333333,False,False,350.52264444444467,11.796607296513814,459.9346809643889,10.824485765141453,1.635760127886376,0.6174632207098361,0.18736477777777769,0.11974563024429628,4.067222528045278,0.3867370063027493
development:534,534,development,O=Cc1ccc(C=O)s1,murcko-c1ccsc1,0.7222222222222222,0.5,False,False,401.2946333984721,47.44609124249765,460.96578530083303,37.91897763224667,0.5340347945472909,0.3247837595917965,0.021468055555555535,0.030681844693418146,4.390974230863337,0.14840160654483117
development:535,535,development,Nc1nc2ccccc2[nH]1,murcko-c1ccc2[nH]cnc2c1,0.5172413793103449,0.5172413793103449,False,False,311.598433425528,24.271168222418375,395.3535059401115,38.49118469456659,1.305214774180219,0.5684665502289482,0.3790355250000001,0.30762924594160845,3.9652424995037525,0.26552113215942796
development:536,536,development,CC1(C)OB(c2ccc(B3OC(C)(C)C(C)(C)O3)c3nsnc23)OC1(C)C,murcko-c1cc(B2OCCO2)c2nsnc2c1B1OCCO1,0.4482758620689655,0.4210526315789473,False,False,411.016276541111,39.68113638653729,522.8521906571942,43.49473163767356,1.9795852050295772,1.1318411863738158,0.5361829444444435,0.2780023569419667,3.524328359996388,0.4249851213243004
development:537,537,development,C#Cc1ccc(C#C)cc1,murcko-c1ccccc1,0.6875,0.4074074074074074,False,False,313.91310425042786,23.635670889467455,374.01623226692794,29.059597792326176,1.6349093620920294,0.406547692195569,0.23239462500000002,0.19481270370663276,3.948977527406168,0.20714726213977502
development:538,538,development,COC(=O)c1cccc2cc3cccc(C(=O)OC)c3cc12,murcko-c1ccc2cc3ccccc3cc2c1,0.5,0.5882352941176471,False,False,377.8644905326288,28.198712443886777,429.5058874377221,37.00829371407816,1.768219017769369,0.5954222325027345,0.37502395555555507,0.2681195989966946,4.248723073234941,0.19751709789272306
development:539,539,development,O=C1C=CC(=O)N1c1ccccc1,murcko-O=C1C=CC(=O)N1c1ccccc1,0.3333333333333333,0.4,False,False,371.4252464880556,34.05447746867227,430.63354529144453,47.856521389313656,1.7607318373384044,0.5681304638975653,0.28330781666666643,0.2354374155396445,4.079401792712006,0.24949205703971203
development:540,540,development,O=C(/C=C/c1ccccc1)c1ccccc1,murcko-O=C(/C=C/c1ccccc1)c1ccccc1,0.4782608695652174,0.6774193548387096,False,False,333.11618904327776,16.53530588670872,430.2296265413945,31.626678152906084,0.3253689987487463,0.4110828652998685,0.08407617777777779,0.11879726927970456,4.30057176778914,0.3631373803606233
development:541,541,development,O=Cc1ccc(O)cc1O,murcko-c1ccccc1,0.6666666666666666,0.5,False,False,354.54480002605544,13.811766226854436,463.0181069909167,24.678418184098547,0.9852955919512315,0.6314158876185062,0.06957126111111117,0.09638052868386171,4.129264225319331,0.3292269926616252
development:542,542,development,Nc1nc(Br)cnc1Br,murcko-c1cnccn1,0.44,0.2857142857142857,False,False,308.4527963549721,37.64891748082401,391.23516391849137,42.70129458522343,1.8720549169068519,0.7052897332250676,0.2606270916666668,0.29791385403549075,3.9347003778273226,0.27516938260848833
development:543,543,development,Brc1ncc(Br)n2ccnc12,murcko-c1cn2ccnc2cn1,0.28125,0.2264150943396226,False,False,368.4022286603333,96.98826848492469,443.27424001327785,56.95549861880543,1.7178325634098277,0.7113023004218193,0.19156453888888872,0.1806904266081436,4.018517288286081,0.3420063636591005
development:544,544,development,N#Cc1c(F)cc(F)cc1F,murcko-c1ccccc1,0.5,0.4615384615384615,False,False,365.7704052448891,25.60957510772793,434.24753017288845,19.271146059440603,1.8487598440528519,0.6385758303480926,0.2373340555555556,0.23273841593850447,4.143442339294167,0.3920886357551031
development:545,545,development,N#Cc1ccc(Br)cn1,murcko-c1ccncc1,0.6,0.3548387096774194,False,False,343.00141751161095,42.50228148423832,446.44288787820824,57.470775108213424,1.500158869107053,0.5627729365182563,0.1265429722222221,0.16721927097131467,4.203707406042021,0.46864248552840904
development:546,546,development,S=C=Nc1cc(Br)ccc1Br,murcko-c1ccccc1,0.3870967741935484,0.2941176470588235,False,False,345.17909824888864,62.205816875973376,426.1266391618334,48.71831847295842,1.6069711421490915,0.8865008241623156,0.10931272222222228,0.14821638304766296,4.180326785304778,0.3488103352448324
development:547,547,development,Brc1ccc(-c2ccc(-c3ccc(Br)s3)s2)s1,murcko-c1csc(-c2ccc(-c3cccs3)s2)c1,0.9333333333333332,0.4,False,False,382.1514186986109,35.87122574513162,472.01725000000016,21.769062695861656,0.5063280595513739,0.28963812498083086,0.1698090555555555,0.11188876488040658,4.484919150139723,0.1382270570426294
development:548,548,development,N#Cc1cc(N)ccn1,murcko-c1ccncc1,0.5925925925925926,0.4137931034482758,False,False,326.8888857003332,20.556004431220877,404.2914012461113,33.90732240613926,1.6963834633888613,0.6711842872337239,0.18930176388888917,0.18035427636453474,3.835742633425601,0.3171639100541488
development:549,549,development,c1ccc(P(c2ccccc2)c2ccc3ccccc3c2-c2c(P(c3ccccc3)c3ccccc3)ccc3ccccc23)cc1,murcko-c1ccc(P(c2ccccc2)c2ccc3ccccc3c2-c2c(P(c3ccccc3)c3ccccc3)ccc3ccccc23)cc1,0.4333333333333333,0.4,False,False,358.01211945758575,40.67621203723483,424.57933392416277,59.7581555068247,2.266733679370741,0.4685423723198772,0.23164532222222206,0.20454208652733508,3.8913657271438855,0.20049781904798836
development:550,550,development,N#Cc1cc(F)c(F)cc1F,murcko-c1ccccc1,0.5652173913043478,0.34375,False,False,346.8704068384721,38.95305491109332,400.61588729119444,31.609503358385144,1.9986077205617898,0.5925080333534267,0.23640494444444446,0.20638200274342863,3.8107750859386122,0.2922790901625895
development:551,551,development,O=C(O)Cc1ccc(Br)cc1Br,murcko-c1ccccc1,0.4516129032258064,0.3333333333333333,False,False,309.33728368794476,37.99739563232244,382.86230483392217,60.04489470910526,1.5134592340139617,0.6061057186649643,0.3681157944444446,0.32915580224686364,3.8318357143425836,0.32002813510608324
development:552,552,development,O=Cc1ccc(-c2ccncc2)cc1,murcko-c1ccc(-c2ccncc2)cc1,0.7,0.6521739130434783,False,False,345.90536723461116,12.026754326770718,433.49615637422227,37.04594299882718,1.143892622120596,0.4948434169013511,0.27469858888888904,0.27906823946431497,4.404179615090498,0.19259306008521218
development:553,553,development,c1ccc(-c2c(-c3ccccc3)c(-c3ccccc3)c(-c3ccccc3)c(-c3ccccc3)c2-c2ccccc2)cc1,murcko-c1ccc(-c2c(-c3ccccc3)c(-c3ccccc3)c(-c3ccccc3)c(-c3ccccc3)c2-c2ccccc2)cc1,0.6666666666666666,0.6666666666666666,False,False,302.0751459341724,24.941978952904268,385.2880557805833,39.56762799857105,1.5801610369840566,0.33364130579587153,0.1732002555555555,0.18825569139778728,4.1449563084725005,0.22954598678608937
development:554,554,development,Nc1cc(C(=O)O)cc(C(=O)O)c1,murcko-c1ccccc1,0.48,0.4782608695652174,False,False,270.37421876938885,22.814550565444502,350.0786195650445,28.86819543754301,1.7190398433071603,0.5561578567424328,0.10023396388888893,0.1501284750013688,3.933172181222942,0.21197479694364132
development:555,555,development,CC1(C)OB(c2ccc(B3OC(C)(C)C(C)(C)O3)cc2)OC1(C)C,murcko-c1cc(B2OCCO2)ccc1B1OCCO1,0.7727272727272727,0.5357142857142857,False,False,337.78029752618335,43.548557766069266,385.07734150937523,50.70780399726644,1.9282839992560203,1.1871049508700564,0.5098280833333326,0.26083414662341053,3.9083984416010034,0.25580748431324196
development:556,556,development,CC(=O)c1ccc(N)cc1,murcko-c1ccccc1,0.7222222222222222,0.5,False,False,304.87984000228886,30.944845545898204,375.7361759764003,58.14262446742882,1.3097947925188735,0.5465509320699259,0.1339196611111112,0.11281316391657017,3.9706451294963867,0.3029121285224324
development:557,557,development,O=Cc1ccnc(-c2cc(C=O)ccn2)c1,murcko-c1ccc(-c2ccccn2)nc1,0.5,0.3243243243243243,False,False,341.5575395636111,17.902617582687633,453.4267695564112,44.47400693143708,1.3155831710370072,0.6354110412622878,0.2674159444444442,0.21011827211392076,4.128256259575831,0.37773013960761537
development:558,558,development,NNC(=O)c1cc(Br)c(O)c(Br)c1,murcko-c1ccccc1,0.4230769230769231,0.40625,False,False,312.4319159165137,41.291311010260806,381.4500690110834,47.39351906595722,1.4873104577871386,0.5892107073980766,0.06255471111111113,0.174725878900648,3.908815361141137,0.2838044332052047
development:559,559,development,CCn1c2ccc(Br)cc2c2cc(Br)ccc21,murcko-c1ccc2c(c1)[nH]c1ccccc12,0.46875,0.5333333333333333,False,False,373.6439365750556,31.854667716604908,413.7615937769722,35.92079269057532,0.815348149638784,0.5885691455456342,0.26886551388888896,0.19079739379151892,4.343408608353608,0.29124576899443094
development:560,560,development,O=C(O)c1ccc(-c2nc(-c3ccc(C(=O)O)cc3)nc(-c3ccc(C(=O)O)cc3)n2)cc1,murcko-c1ccc(-c2nc(-c3ccccc3)nc(-c3ccccc3)n2)cc1,0.7,0.5,False,False,302.9766307068278,32.60651263585511,392.5707787130056,45.261917933504776,1.05459541694926,0.4971761650560808,0.20785891111111124,0.21487810750167188,4.3680175195146145,0.27372519403588375
development:561,561,development,Cc1cc(C)c(Nc2ccc(Nc3c(C)cc(C)cc3C)c3c2C(=O)c2ccccc2C3=O)c(C)c1,murcko-O=C1c2ccccc2C(=O)c2c(Nc3ccccc3)ccc(Nc3ccccc3)c21,0.7027027027027027,0.6111111111111112,False,False,582.0326463713886,78.89677939759,651.1945183820278,49.868191654143175,1.8203721792042014,0.8217940653941801,0.20124925833333335,0.22672994421485843,4.256924673065222,0.5225577202852396
development:562,562,development,CCc1cc(C)cc(CC)c1Nc1ccc(Nc2c(CC)cc(C)cc2CC)c2c1C(=O)c1ccccc1C2=O,murcko-O=C1c2ccccc2C(=O)c2c(Nc3ccccc3)ccc(Nc3ccccc3)c21,0.7027027027027027,0.5641025641025641,False,False,555.8314564064444,99.69682014450575,657.8344080273056,44.425200444945055,1.7407440597794452,0.7150505672899465,0.23472978888888893,0.23837050939480278,4.1631635357687475,0.4482509447147085
development:563,563,development,CC(C)(C)c1ccc(Nc2ccc(Nc3ccc(C(C)(C)C)cc3)c3c2C(=O)c2c(O)ccc(O)c2C3=O)cc1,murcko-O=C1c2ccccc2C(=O)c2c(Nc3ccccc3)ccc(Nc3ccccc3)c21,0.2916666666666667,0.4285714285714285,False,False,573.6956348851666,88.06728477203987,611.2589828882361,96.2220362823693,1.5580413456252358,0.5347621322300903,0.07318711269841263,0.11117362153478445,4.134264292608,0.478826288567645
development:564,564,development,CCCCCCCCCCCCCCCCCCn1c(=O)c2ccc3sc4ccccc4c4ccc(c1=O)c2c34,murcko-O=c1[nH]c(=O)c2ccc3c4ccccc4sc4ccc1c2c43,0.3488372093023256,0.574468085106383,False,False,445.1546617786108,45.51459192119415,514.7136257364166,59.11951323466199,1.778704221445058,0.5698379440741633,0.41060543333333327,0.27873716918599234,4.00646251136156,0.4743912199360844
development:565,565,development,N#Cc1c(F)c(F)c(F)c(C#N)c1F,murcko-c1ccccc1,0.9285714285714286,0.44,False,False,400.55550000000034,54.29074791824555,444.44372855812475,42.71388932218323,1.4975607071654902,0.9559358460315286,0.13274883333333334,0.1571615707273255,4.142925553440139,0.34992635716300274
development:566,566,development,N#Cc1c(-n2c3ccccc3c3ccccc32)c(C#N)c(-n2c3ccccc3c3ccccc32)c(-n2c3ccccc3c3ccccc32)c1-n1c2ccccc2c2ccccc21,murcko-c1ccc2c(c1)c1ccccc1n2-c1cc(-n2c3ccccc3c3ccccc32)c(-n2c3ccccc3c3ccccc32)c(-n2c3ccccc3c3ccccc32)c1,0.4814814814814814,0.96,False,False,390.0100472222224,7.499168593214672,500.469174291889,16.850100318742086,1.4245578669077354,0.7736551291994388,0.771103833333332,0.04717291099069392,4.07385546933111,0.44470349708799906
development:567,567,development,Cn1c2ccc(Br)cc2c(=O)c2cc(Br)ccc21,murcko-O=c1c2ccccc2[nH]c2ccccc12,0.46875,0.5294117647058824,False,False,422.43048716038953,40.613641695573556,447.5961585565553,32.501180701108424,2.054471209871135,0.6865249886553086,0.43882088888888904,0.24744046493930252,4.0376129039082205,0.24682172618204234
development:568,568,development,Cc1cc2c(cc1N)S(=O)(=O)c1cc(N)c(C)cc1-2,murcko-O=S1(=O)c2ccccc2-c2ccccc21,0.4,0.2857142857142857,False,False,344.6371721271387,42.09930247588916,427.74933623038856,63.25935417375557,1.7077382695107477,0.8410616948384566,0.2779239166666668,0.2318329098027642,4.2563437320806115,0.24407704731652288
development:569,569,development,Nc1ccc(-c2nnc(-c3ccc(N)cc3)nn2)cc1,murcko-c1ccc(-c2nnc(-c3ccccc3)nn2)cc1,0.7222222222222222,0.5882352941176471,False,False,289.10229452668915,14.9201147849948,396.6529358242333,46.821803927462064,1.2508831069312518,0.5657476689196729,0.2634319861111111,0.19375445814173609,4.336012262767501,0.22368820715225843
development:570,570,development,O=[N+]([O-])c1ccc(C(=C(c2ccc([N+](=O)[O-])cc2)c2ccc([N+](=O)[O-])cc2)c2ccc([N+](=O)[O-])cc2)cc1,murcko-c1ccc(C(=C(c2ccccc2)c2ccccc2)c2ccccc2)cc1,0.64,0.6086956521739131,False,False,349.7869430792221,34.683187876262565,507.13391742336086,77.91135943499188,1.263625808184507,0.5897001587515595,0.05276815833333333,0.12159926674657215,4.074014643294444,0.3319720191883363
development:571,571,development,N#CCc1ccc(-c2ccc(CC#N)cn2)nc1,murcko-c1ccc(-c2ccccn2)nc1,0.6428571428571429,0.35,False,False,327.77013774661117,38.760233584282204,406.45623764124997,64.49191996268397,1.8850231846936742,0.8457401915162441,0.1647087222222222,0.1739247853967974,3.684698573371047,0.3600034607124257
development:572,572,development,O=Cc1ccc(-c2nc(-c3ccc(C=O)cc3)nc(-c3ccc(C=O)cc3)n2)cc1,murcko-c1ccc(-c2nc(-c3ccccc3)nc(-c3ccccc3)n2)cc1,0.65,0.4375,False,False,347.5713852419445,14.590433670732855,436.7536459354722,34.46645711279251,2.4658545214402445,1.1169960273804787,0.07247341111111111,0.11387825747989337,4.384480930067081,0.18881778928988233
