contract,budget,repeat,learner,method,scope,n,base_rmse,aug_rmse,relative_rmse_gain,base_r2,aug_r2,delta_r2,delta_mae
planned_state,30,0,ridge_alpha_10,state_only,all,428,0.39523409123452435,0.3080467300589379,0.2205967630556726,-0.258585928670527,0.23544755381350424,0.49403348248403123,0.07962789761788644
planned_state,30,0,ridge_alpha_10,state_only,q1,170,0.38452169234201483,0.271623332809824,0.29360725748541855,-0.6491149768880535,0.17710695229055773,0.8262219291786113,0.10608689754814421
planned_state,30,0,ridge_alpha_10,state_only,q2,101,0.4507491700341784,0.3832197924628046,0.1498158666964453,-0.38421278636678635,-0.0005270805262389544,0.3836857058405474,0.0545094044798477
planned_state,30,0,ridge_alpha_10,state_only,q3,87,0.41385047245419776,0.3306563438687503,0.20102460700864566,0.09893470982221875,0.42479444882878936,0.3258597390065706,0.05956461165256294
planned_state,30,0,ridge_alpha_10,state_only,q4,70,0.3000204074097447,0.23074476305355143,0.2309031074062304,-0.47111295728896696,0.12982193021022792,0.6009348874991949,0.07654852187190389
planned_state,30,0,ridge_alpha_10,state_plus_crossfitted_predicted_uts,all,428,0.3080467300589379,0.27681654940532113,0.10138130876325668,0.23544755381350424,0.3826120092012403,0.14716445538773604,0.02004981824091273
planned_state,30,0,ridge_alpha_10,state_plus_crossfitted_predicted_uts,q1,170,0.271623332809824,0.23856742717815868,0.12169759235967134,0.17710695229055773,0.3652078614574015,0.18810090916684374,0.023747785710849706
planned_state,30,0,ridge_alpha_10,state_plus_crossfitted_predicted_uts,q2,101,0.3832197924628046,0.33921679522467085,0.11482443783851448,-0.0005270805262389544,0.21605123770303702,0.21657831822927598,0.024317300945763287
planned_state,30,0,ridge_alpha_10,state_plus_crossfitted_predicted_uts,q3,87,0.3306563438687503,0.30985755607045123,0.06290152354238479,0.42479444882878936,0.4948812006253228,0.07008675179653345,0.016368877839719187
planned_state,30,0,ridge_alpha_10,state_plus_crossfitted_predicted_uts,q4,70,0.23074476305355143,0.21200361633314224,0.08122024730875357,0.12982193021022792,0.26543375773569733,0.1356118275254694,0.009486555266979363
planned_state,30,0,ridge_alpha_10,predicted_uts_residual_anchor,all,428,0.3080467300589379,0.27001217381839565,0.12347008596152013,0.23544755381350424,0.4125907696877409,0.17714321587423665,0.027184086215524428
planned_state,30,0,ridge_alpha_10,predicted_uts_residual_anchor,q1,170,0.271623332809824,0.22609121728932277,0.16762961800627174,0.17710695229055773,0.4298664082022432,0.25275945591168547,0.03482127198280183
planned_state,30,0,ridge_alpha_10,predicted_uts_residual_anchor,q2,101,0.3832197924628046,0.3272856627448945,0.14595835292964165,-0.0005270805262389544,0.2702284193144382,0.27075549984067715,0.04022976133545636
planned_state,30,0,ridge_alpha_10,predicted_uts_residual_anchor,q3,87,0.3306563438687503,0.30178581787897685,0.08731278417943568,0.42479444882878936,0.5208549527896366,0.0960605039608472,0.02945714591063084
planned_state,30,0,ridge_alpha_10,predicted_uts_residual_anchor,q4,70,0.23074476305355143,0.23212926101973586,-0.0060001273609104925,0.12982193021022792,0.11934824397896149,-0.010473686231266433,-0.013011498941969096
planned_state,30,0,ridge_alpha_10,shuffled_uts_residual_anchor,all,428,0.3080467300589379,0.33733136561949084,-0.09506556214685342,0.23544755381350424,0.08317272464242709,-0.15227482917107715,-0.019510295857079835
planned_state,30,0,ridge_alpha_10,shuffled_uts_residual_anchor,q1,170,0.271623332809824,0.2752269036305116,-0.013266794068868359,0.17710695229055773,0.1551278114658038,-0.02197914082475394,-0.0038442649855915667
planned_state,30,0,ridge_alpha_10,shuffled_uts_residual_anchor,q2,101,0.3832197924628046,0.41463406630919114,-0.08197455993726013,-0.0005270805262389544,-0.17128598515677673,-0.17075890463053778,-0.012137499980090172
planned_state,30,0,ridge_alpha_10,shuffled_uts_residual_anchor,q3,87,0.3306563438687503,0.38313129715053207,-0.15869936946563165,0.42479444882878936,0.22773809867929107,-0.1970563501494983,-0.04706226392624002
planned_state,30,0,ridge_alpha_10,shuffled_uts_residual_anchor,q4,70,0.23074476305355143,0.2851299891265201,-0.2356943028880222,0.12982193021022792,-0.32871005882306314,-0.45853198903329107,-0.03395110171010851
planned_state,30,0,random_forest,state_only,all,428,0.343697578737394,0.2780326576655347,0.19105436038591156,0.04824093635304383,0.3771754855205909,0.32893454916754705,0.05429053207121551
planned_state,30,0,random_forest,state_only,q1,170,0.3043862790124975,0.23309902792674408,0.23419994921264664,-0.03337842248917844,0.39397551576516954,0.427353938254348,0.06107260262345582
planned_state,30,0,random_forest,state_only,q2,101,0.39286386717493105,0.34176050254510376,0.13007906529381186,-0.05151908577709885,0.20424985867984113,0.25576894445694,0.03742781077046947
planned_state,30,0,random_forest,state_only,q3,87,0.4156295391127633,0.3184681128232111,0.23376929969164587,0.09117103216154965,0.4664178917440902,0.37524685958254056,0.08140702317559748
planned_state,30,0,random_forest,state_only,q4,70,0.24467212680618447,0.21473619171500777,0.12235122766922392,0.02160680832919415,0.2463756517996798,0.22476884347048565,0.028448362519975984
planned_state,30,0,random_forest,state_plus_crossfitted_predicted_uts,all,428,0.2780326576655347,0.29958509646861103,-0.07751765200548238,0.3771754855205909,0.2768731535528637,-0.1003023319677272,-0.017252564910322454
planned_state,30,0,random_forest,state_plus_crossfitted_predicted_uts,q1,170,0.23309902792674408,0.29581658549093803,-0.2690597130413781,0.39397551576516954,0.023989959342012313,-0.3699855564231572,-0.050367757492014636
planned_state,30,0,random_forest,state_plus_crossfitted_predicted_uts,q2,101,0.34176050254510376,0.3593550372877358,-0.051482060131597646,0.20424985867984113,0.12020708725331819,-0.08404277142652294,-0.008321143031115752
planned_state,30,0,random_forest,state_plus_crossfitted_predicted_uts,q3,87,0.3184681128232111,0.293136988783438,0.07954053489127479,0.4664178917440902,0.547924892183701,0.08150700043961079,0.01682307683059933
planned_state,30,0,random_forest,state_plus_crossfitted_predicted_uts,q4,70,0.21473619171500777,0.2076628671804334,0.03293960127579196,0.2463756517996798,0.2952061274028026,0.048830475603122814,0.007932125055785999
planned_state,30,0,random_forest,predicted_uts_residual_anchor,all,428,0.2780326576655347,0.26518824574977123,0.04619749357363236,0.3771754855205909,0.4333921112126128,0.056216625692021904,0.0027660577463728686
planned_state,30,0,random_forest,predicted_uts_residual_anchor,q1,170,0.23309902792674408,0.2381430312168503,-0.02163888599179995,0.39397551576516954,0.36746436057494214,-0.026511155190227398,-0.012852019532747477
planned_state,30,0,random_forest,predicted_uts_residual_anchor,q2,101,0.34176050254510376,0.3281464749943422,0.03983499394862011,0.20424985867984113,0.2663845452031428,0.062134686523301674,0.01956645806195073
planned_state,30,0,random_forest,predicted_uts_residual_anchor,q3,87,0.3184681128232111,0.24915371608903336,0.21764940960558812,0.4664178917440902,0.673409093702971,0.20699120195888077,0.029239067467061536
planned_state,30,0,random_forest,predicted_uts_residual_anchor,q4,70,0.21473619171500777,0.24440947186553455,-0.13818481138898273,0.2463756517996798,0.023706286315845593,-0.2226693654838342,-0.016447072826810016
planned_state,30,0,random_forest,shuffled_uts_residual_anchor,all,428,0.2780326576655347,0.2950892994556334,-0.06134761985628804,0.3771754855205909,0.2984138633849276,-0.07876162213566329,-0.01378451172080486
planned_state,30,0,random_forest,shuffled_uts_residual_anchor,q1,170,0.23309902792674408,0.21944222741304079,0.0585879771150106,0.39397551576516954,0.4629068030049238,0.06893128723975428,0.014613929913057266
planned_state,30,0,random_forest,shuffled_uts_residual_anchor,q2,101,0.34176050254510376,0.3674510423725149,-0.07517117875264316,0.20424985867984113,0.08011835625898467,-0.12413150242085647,-0.013815479526718633
planned_state,30,0,random_forest,shuffled_uts_residual_anchor,q3,87,0.3184681128232111,0.35116011720613133,-0.10265393320890599,0.4664178917440902,0.35124648998977037,-0.11517140175431984,-0.05017740635056797
planned_state,30,0,random_forest,shuffled_uts_residual_anchor,q4,70,0.21473619171500777,0.2596042719497809,-0.20894512413781133,0.2463756517996798,-0.10145839488098352,-0.3478340466806633,-0.037476304528945764
planned_state,30,0,extra_trees,state_only,all,428,0.3955293908088956,0.274007307177042,0.30723907364590336,-0.26046733890478424,0.3950794124226269,0.6555467513274111,0.12305492370111282
planned_state,30,0,extra_trees,state_only,q1,170,0.36882998098416114,0.24093717652827043,0.3467527344567547,-0.5172658330937556,0.3525341317763435,0.8697999648700991,0.12993000223315532
planned_state,30,0,extra_trees,state_only,q2,101,0.47085297755837274,0.3245400703095941,0.31074011256653866,-0.5104405188951429,0.28242113807761804,0.7928616569727609,0.1451859752821604
planned_state,30,0,extra_trees,state_only,q3,87,0.4311341159860647,0.28736767453714734,0.3334610649405538,0.022100710662832812,0.5655446225370457,0.5434439118742129,0.1686213847438505
planned_state,30,0,extra_trees,state_only,q4,70,0.27434471558195855,0.25194078920932306,0.08166341504012853,-0.23009209122464158,-0.03738842683442489,0.1927036643902167,0.01779375697466687
planned_state,30,0,extra_trees,state_plus_crossfitted_predicted_uts,all,428,0.274007307177042,0.2865594484357283,-0.04580951284841483,0.3950794124226269,0.33838774477493105,-0.05669166764769584,-0.017318777584428874
planned_state,30,0,extra_trees,state_plus_crossfitted_predicted_uts,q1,170,0.24093717652827043,0.2844494606594123,-0.18059597426234608,0.3525341317763435,0.09755763485103541,-0.2549764969253081,-0.047316904926768655
planned_state,30,0,extra_trees,state_plus_crossfitted_predicted_uts,q2,101,0.3245400703095941,0.34351709403162345,-0.05847359219441311,0.28242113807761804,0.19604879295114408,-0.08637234512647396,-0.02468611276420532
planned_state,30,0,extra_trees,state_plus_crossfitted_predicted_uts,q3,87,0.28736767453714734,0.24651181871061062,0.1421727614017191,0.5655446225370457,0.6802983765562998,0.11475375401925403,0.026340098058544703
planned_state,30,0,extra_trees,state_plus_crossfitted_predicted_uts,q4,70,0.25194078920932306,0.24452880518067657,0.029419547552850978,-0.03738842683442489,0.02275269964640869,0.060141126480833584,0.01190208413580654
planned_state,30,0,extra_trees,predicted_uts_residual_anchor,all,428,0.274007307177042,0.2579593855675794,0.05856749505988066,0.3950794124226269,0.46386181022443995,0.06878239780181306,-0.0004556160423169753
planned_state,30,0,extra_trees,predicted_uts_residual_anchor,q1,170,0.24093717652827043,0.22734927694185456,0.05639602730557247,0.3525341317763435,0.42350386444783583,0.07096973267149231,0.004084167302944558
planned_state,30,0,extra_trees,predicted_uts_residual_anchor,q2,101,0.3245400703095941,0.31638272435232423,0.025135096413481946,0.28242113807761804,0.3180406188332152,0.03561948075559718,-0.019197024793239342
planned_state,30,0,extra_trees,predicted_uts_residual_anchor,q3,87,0.28736767453714734,0.24744958607945922,0.13890945988264944,0.5655446225370457,0.6778613655887724,0.11231674305172668,-0.0008028069133963756
planned_state,30,0,extra_trees,predicted_uts_residual_anchor,q4,70,0.25194078920932306,0.24659079480139437,0.021235126017977526,-0.03738842683442489,0.0062019309505312314,0.043590357784956124,0.015991879971005984
planned_state,30,0,extra_trees,shuffled_uts_residual_anchor,all,428,0.274007307177042,0.3061971424260529,-0.11747801757787547,0.3950794124226269,0.2446011093674374,-0.1504783030551895,-0.04008904215721193
planned_state,30,0,extra_trees,shuffled_uts_residual_anchor,q1,170,0.24093717652827043,0.25583549497853214,-0.061834867764849116,0.3525341317763435,0.2699865804039069,-0.08254755137243663,-0.022245488479354647
planned_state,30,0,extra_trees,shuffled_uts_residual_anchor,q2,101,0.3245400703095941,0.3871623750753965,-0.19295708140466003,0.28242113807761804,-0.021219916194309185,-0.3036410542719272,-0.06817231067813348
planned_state,30,0,extra_trees,shuffled_uts_residual_anchor,q3,87,0.28736767453714734,0.31449781404114835,-0.09440915561466172,0.5655446225370457,0.47963915256016854,-0.0859054699768772,-0.06179871876120882
planned_state,30,0,extra_trees,shuffled_uts_residual_anchor,q4,70,0.25194078920932306,0.27403388604509565,-0.08769162351641567,-0.03738842683442489,-0.22730630870552915,-0.18991788187110425,-0.015921215586854054
planned_state,30,0,ridge_alpha_10,measured_uts_residual_ceiling,all,195,0.25255235769417117,0.13202790995085328,0.47722558935390036,0.3119509634421789,0.8119609565625161,0.5000099931203372,0.08714893079483757
planned_state,30,0,ridge_alpha_10,measured_uts_residual_ceiling,q1,70,0.22054902888537292,0.12373913033412393,0.438949557114416,0.26910008855243006,0.7699290804274652,0.5008289918750352,0.08081059392407476
planned_state,30,0,ridge_alpha_10,measured_uts_residual_ceiling,q2,38,0.27809190339934453,0.12989024768601365,0.5329233030582371,0.22907888591951686,0.8318153557258868,0.60273646980637,0.11417008354494883
planned_state,30,0,ridge_alpha_10,measured_uts_residual_ceiling,q3,47,0.28140458312721117,0.10646903635679447,0.6216513776228574,0.33621790481453695,0.904981133012365,0.5687632281978281,0.0980646818705136
planned_state,30,0,ridge_alpha_10,measured_uts_residual_ceiling,q4,40,0.24352097499597267,0.1698108482224061,0.30268491974781875,0.03170460041941425,0.5291679875794739,0.49746338716005967,0.05974491769214732
planned_state,30,0,random_forest,measured_uts_residual_ceiling,all,195,0.25044300971714933,0.12415588289039158,0.5042549479395995,0.3233963048682089,0.8337157400885198,0.5103194352203109,0.07212301021940531
planned_state,30,0,random_forest,measured_uts_residual_ceiling,q1,70,0.2172488460237371,0.12592857917120404,0.4203486855002912,0.29081006055232994,0.7617152678740237,0.4709052073216937,0.08711473030788243
planned_state,30,0,random_forest,measured_uts_residual_ceiling,q2,38,0.24288425556111853,0.09569683289735278,0.6059982040570268,0.4119260008258987,0.9087089124181875,0.4967829115922888,0.07057465088523246
planned_state,30,0,random_forest,measured_uts_residual_ceiling,q3,47,0.31217156453733275,0.11828136831267556,0.6211014014425704,0.18313576265134968,0.8827275817425331,0.6995918190911834,0.07328283842587592
planned_state,30,0,random_forest,measured_uts_residual_ceiling,q4,40,0.22940202003269772,0.14918532917944857,0.34967735175921943,0.14073010490696403,0.6365979653755649,0.4958678604686009,0.04599564328943176
planned_state,30,0,extra_trees,measured_uts_residual_ceiling,all,195,0.23856955563337218,0.12151844293891965,0.4906372583194722,0.38603080739172313,0.8407054457862313,0.45467463839450817,0.07659452380150249
planned_state,30,0,extra_trees,measured_uts_residual_ceiling,q1,70,0.21903797395841587,0.12004686011816204,0.4519358540955423,0.27908105749250867,0.7834544715014891,0.5043734140089804,0.07201059552247097
planned_state,30,0,extra_trees,measured_uts_residual_ceiling,q2,38,0.2063591528006682,0.10190613404373214,0.5061710001195442,0.5754970393541057,0.8964777020592432,0.3209806627051375,0.06148033000253729
planned_state,30,0,extra_trees,measured_uts_residual_ceiling,q3,47,0.2746046077094789,0.09521763194450425,0.6532555198591539,0.36791011402346685,0.9240027366439854,0.5560926226205185,0.0949501167607407
planned_state,30,0,extra_trees,measured_uts_residual_ceiling,q4,40,0.25385614889173463,0.16201697179752844,0.36177645290512167,-0.052229553250103145,0.5713960767744062,0.6236256300245093,0.07740706067171968
planned_state,30,1,ridge_alpha_10,state_only,all,428,0.5067837189101797,0.4005244374303135,0.20967382635806253,-1.0692805912602923,-0.292504649917642,0.7767759413426503,0.09956405072149688
planned_state,30,1,ridge_alpha_10,state_only,q1,135,0.3929060592774351,0.27126197424478254,0.3096009393603126,-0.4283716266634132,0.319165431563067,0.7475370582264802,0.11342839447243774
planned_state,30,1,ridge_alpha_10,state_only,q2,150,0.5631565757900268,0.4696680870907039,0.16600798555565494,-1.6333185864102058,-0.8315854672988305,0.8017331191113752,0.08522384597123694
planned_state,30,1,ridge_alpha_10,state_only,q3,80,0.4825846239173884,0.348814074193111,0.27719604623618715,-0.706709461220768,0.10833722732467599,0.815046688545444,0.11679367819183617
planned_state,30,1,ridge_alpha_10,state_only,q4,63,0.6026350438014209,0.50243936216643,0.1662626205787115,-2.614778098062012,-1.5126973864717725,1.1020807115902396,0.08211919530141454
planned_state,30,1,ridge_alpha_10,state_plus_crossfitted_predicted_uts,all,428,0.4005244374303135,0.35018861375739946,0.12567478777539484,-0.292504649917642,0.011951829970082373,0.3044564798877244,0.036730163217183726
planned_state,30,1,ridge_alpha_10,state_plus_crossfitted_predicted_uts,q1,135,0.27126197424478254,0.2536699568426017,0.06485250080170138,0.319165431563067,0.40460959442183186,0.08544416285876488,0.001887036089013694
planned_state,30,1,ridge_alpha_10,state_plus_crossfitted_predicted_uts,q2,150,0.4696680870907039,0.38868289978050163,0.17243067931622558,-0.8315854672988305,-0.2543997349262763,0.5771857323725542,0.06741677506274185
planned_state,30,1,ridge_alpha_10,state_plus_crossfitted_predicted_uts,q3,80,0.348814074193111,0.30145062429927055,0.1357842283268049,0.10833722732467599,0.3340448057932768,0.2257075784686008,0.042693206501202396
planned_state,30,1,ridge_alpha_10,state_plus_crossfitted_predicted_uts,q4,63,0.50243936216643,0.4691858156249368,0.06618419862271505,-1.5126973864717725,-1.191102150003359,0.3215952364684136,0.03075852707032234
planned_state,30,1,ridge_alpha_10,predicted_uts_residual_anchor,all,428,0.4005244374303135,0.3155149611129584,0.21224541719041987,-0.292504649917642,0.19792682652152993,0.49043147643917195,0.055904344962101976
planned_state,30,1,ridge_alpha_10,predicted_uts_residual_anchor,q1,135,0.27126197424478254,0.2506746743429788,0.07589452948250716,0.319165431563067,0.41858707678813223,0.09942164522506525,-0.01211373566933302
planned_state,30,1,ridge_alpha_10,predicted_uts_residual_anchor,q2,150,0.4696680870907039,0.31937973312184154,0.31998843033982455,-0.8315854672988305,0.15304606015869338,0.9846315274575239,0.1163239819963166
planned_state,30,1,ridge_alpha_10,predicted_uts_residual_anchor,q3,80,0.348814074193111,0.26738469532713915,0.23344636839650795,0.10833722732467599,0.47605496893237176,0.36771774160769577,0.07143716302793582
planned_state,30,1,ridge_alpha_10,predicted_uts_residual_anchor,q4,63,0.50243936216643,0.4560716932729275,0.09228510420356657,-1.5126973864717725,-1.070327795136873,0.4423695913348995,0.038076882816781565
planned_state,30,1,ridge_alpha_10,shuffled_uts_residual_anchor,all,428,0.4005244374303135,0.45152524504795793,-0.12733507085074666,-0.292504649917642,-0.6426239473539153,-0.35011929743627324,-0.050052732350384876
planned_state,30,1,ridge_alpha_10,shuffled_uts_residual_anchor,q1,135,0.27126197424478254,0.32491211546447146,-0.19777980813217805,0.319165431563067,0.023222665538927934,-0.29594276602413905,-0.03325834503204436
planned_state,30,1,ridge_alpha_10,shuffled_uts_residual_anchor,q2,150,0.4696680870907039,0.533413241303564,-0.13572383554463105,-0.8315854672988305,-1.3625046385759427,-0.5309191712771122,-0.07337879178961337
planned_state,30,1,ridge_alpha_10,shuffled_uts_residual_anchor,q3,80,0.348814074193111,0.457828438488763,-0.31252857141108153,0.10833722732467599,-0.5360953236363766,-0.6444325509610526,-0.10271847654023225
planned_state,30,1,ridge_alpha_10,shuffled_uts_residual_anchor,q4,63,0.50243936216643,0.4639179709641154,0.07666873677296535,-1.5126973864717725,-1.1421765918870856,0.3705207945846869,0.03637466706383913
planned_state,30,1,random_forest,state_only,all,428,0.3935978922269881,0.3439975587888171,0.12601778215206105,-0.2481868536373828,0.04657881624006699,0.2947656698774498,0.03486594386174299
planned_state,30,1,random_forest,state_only,q1,135,0.3507120086122002,0.27319884122485893,0.22101657623321205,-0.1380596750461407,0.30940811969156257,0.44746779473770326,0.04774208331726695
planned_state,30,1,random_forest,state_only,q2,150,0.44270685751016114,0.39717378885396043,0.10285150971521968,-0.6273373179740667,-0.30980379690406235,0.3175335210700043,0.03329396736347767
planned_state,30,1,random_forest,state_only,q3,80,0.379605793007156,0.3075689483160447,0.18976750623443026,-0.056034965880504606,0.3067376568993909,0.3627726227798955,0.057116720449370495
planned_state,30,1,random_forest,state_only,q4,63,0.37319211986933204,0.38505960802416456,-0.03179994304002923,-0.38623802165559407,-0.4758044162278978,-0.08956639457230375,-0.017237936753592642
planned_state,30,1,random_forest,state_plus_crossfitted_predicted_uts,all,428,0.3439975587888171,0.3148204319277992,0.0848178311606275,0.04657881624006699,0.2014540767430686,0.1548752605030016,0.012903074103465667
planned_state,30,1,random_forest,state_plus_crossfitted_predicted_uts,q1,135,0.27319884122485893,0.2866498573811419,-0.04923526064743437,0.30940811969156257,0.23973110593728086,-0.0696770137542817,-0.03889347147790856
planned_state,30,1,random_forest,state_plus_crossfitted_predicted_uts,q2,150,0.39717378885396043,0.31946361350533836,0.1956578644649581,-0.30980379690406235,0.15260112177917307,0.4624049186832354,0.056727726941967316
planned_state,30,1,random_forest,state_plus_crossfitted_predicted_uts,q3,80,0.3075689483160447,0.26909262401450157,0.1250982081000144,0.3067376568993909,0.46934015883787117,0.16260250193848025,0.04050102006487222
planned_state,30,1,random_forest,state_plus_crossfitted_predicted_uts,q4,63,0.38505960802416456,0.4028820535049543,-0.04628490007622744,-0.4758044162278978,-0.6155809400598775,-0.1397765238319797,-0.01549375048704632
planned_state,30,1,random_forest,predicted_uts_residual_anchor,all,428,0.3439975587888171,0.3021980913810545,0.12151094198149125,0.04657881624006699,0.2642038514904945,0.21762503525042753,0.031198139811648623
planned_state,30,1,random_forest,predicted_uts_residual_anchor,q1,135,0.27319884122485893,0.266039541574888,0.026205453939236834,0.30940811969156257,0.34512841983939047,0.0357203001478279,-0.006232011882176786
planned_state,30,1,random_forest,predicted_uts_residual_anchor,q2,150,0.39717378885396043,0.29690694248313504,0.2524508141892848,-0.30980379690406235,0.2680426255137549,0.5778464224178173,0.07649960315989848
planned_state,30,1,random_forest,predicted_uts_residual_anchor,q3,80,0.3075689483160447,0.2533891617226292,0.17615493010608685,0.3067376568993909,0.5294684977696924,0.22273084087030148,0.054839236936199465
planned_state,30,1,random_forest,predicted_uts_residual_anchor,q4,63,0.38505960802416456,0.4211113876405497,-0.09362649019816868,-0.4758044162278978,-0.765089974605252,-0.28928555837735415,-0.02647546008573398
planned_state,30,1,random_forest,shuffled_uts_residual_anchor,all,428,0.3439975587888171,0.39738307076009394,-0.15519154310060274,0.04657881624006699,-0.27230958473203315,-0.31888840097210014,-0.031201495524428274
planned_state,30,1,random_forest,shuffled_uts_residual_anchor,q1,135,0.27319884122485893,0.3163780574427323,-0.1580505101130143,0.30940811969156257,0.07386036163218757,-0.235547758059375,-0.009085441385025927
planned_state,30,1,random_forest,shuffled_uts_residual_anchor,q2,150,0.39717378885396043,0.45989567933794473,-0.15792051803057663,-0.30980379690406235,-0.7561586379873533,-0.44635484108329093,-0.05475904471133797
planned_state,30,1,random_forest,shuffled_uts_residual_anchor,q3,80,0.3075689483160447,0.39417675577911143,-0.2815882680525742,0.3067376568993909,-0.13866155302133487,-0.4453992099207258,-0.055548899231113
planned_state,30,1,random_forest,shuffled_uts_residual_anchor,q4,63,0.38505960802416456,0.3967812717122437,-0.030441166624112767,-0.4758044162278978,-0.5670224082524697,-0.09121799202457193,0.008413700757348264
planned_state,30,1,extra_trees,state_only,all,428,0.3857278000753706,0.3128278555988292,0.1889932342504141,-0.19877025065840082,0.2115304765521635,0.4103007272105643,0.06576070851612215
planned_state,30,1,extra_trees,state_only,q1,135,0.3569273118843802,0.24773383921011038,0.3059263582206367,-0.17875439304754037,0.4321489566251785,0.6109033496727189,0.09373837367503443
planned_state,30,1,extra_trees,state_only,q2,150,0.41599554932404414,0.3474096164139468,0.16487179495440132,-0.4368864643433781,-0.0021408295973623925,0.4347456347460157,0.0607622857236243
planned_state,30,1,extra_trees,state_only,q3,80,0.37760583751910737,0.2859877068483719,0.2426290103793734,-0.04493682480147099,0.4006129353418951,0.4455497601433661,0.10133376860808957
planned_state,30,1,extra_trees,state_only,q4,63,0.38041400076701726,0.376960720175509,0.009077690580645005,-0.44040911681689865,-0.41437663641738376,0.02603248039951489,-0.02746256426063809
planned_state,30,1,extra_trees,state_plus_crossfitted_predicted_uts,all,428,0.3128278555988292,0.30698716867312437,0.01867061011726185,0.2115304765521635,0.24069803675793588,0.02916756020577238,0.0073907684549422425
planned_state,30,1,extra_trees,state_plus_crossfitted_predicted_uts,q1,135,0.24773383921011038,0.2463516606812723,0.005579288373542823,0.4321489566251785,0.4384676897458063,0.006318733120627806,0.0037541469158094976
planned_state,30,1,extra_trees,state_plus_crossfitted_predicted_uts,q2,150,0.3474096164139468,0.33233183705745717,0.043400581458067924,-0.0021408295973623925,0.08295851685748545,0.08509934645484785,0.009156640926531123
planned_state,30,1,extra_trees,state_plus_crossfitted_predicted_uts,q3,80,0.2859877068483719,0.2701825555623876,0.05526514219845122,0.4006129353418951,0.4650326885462024,0.06441975320430726,0.014962263445539442
planned_state,30,1,extra_trees,state_plus_crossfitted_predicted_uts,q4,63,0.376960720175509,0.3931074724498564,-0.042834044530765975,-0.41437663641738376,-0.5381386152026295,-0.12376197878524575,0.0013644738167967185
planned_state,30,1,extra_trees,predicted_uts_residual_anchor,all,428,0.3128278555988292,0.2999019690692164,0.04131948705421223,0.2115304765521635,0.27534263506004997,0.06381215850788646,0.01158081873011882
planned_state,30,1,extra_trees,predicted_uts_residual_anchor,q1,135,0.24773383921011038,0.2550180485170795,-0.029403368268923286,0.4321489566251785,0.39826454972510894,-0.03388440690006955,-0.00743932133092659
planned_state,30,1,extra_trees,predicted_uts_residual_anchor,q2,150,0.3474096164139468,0.295707576487109,0.14882155669874605,-0.0021408295973623925,0.2739442164634217,0.2760850460607841,0.0358144446235934
planned_state,30,1,extra_trees,predicted_uts_residual_anchor,q3,80,0.2859877068483719,0.24694549609009503,0.13651709434831297,0.4006129353418951,0.5530953692516126,0.1524824339097175,0.03621506625680171
planned_state,30,1,extra_trees,predicted_uts_residual_anchor,q4,63,0.376960720175509,0.43131766041644537,-0.14419788941306222,-0.41437663641738376,-0.8516860657172804,-0.4373094292998967,-0.03664243171297121
planned_state,30,1,extra_trees,shuffled_uts_residual_anchor,all,428,0.3128278555988292,0.34946518716735653,-0.117116589564553,0.2115304765521635,0.01602987241181586,-0.19550060414034764,-0.020816025331511306
planned_state,30,1,extra_trees,shuffled_uts_residual_anchor,q1,135,0.24773383921011038,0.27818691600911233,-0.12292659289542511,0.4321489566251785,0.283960201399706,-0.14818875522547248,-0.001201466987008848
planned_state,30,1,extra_trees,shuffled_uts_residual_anchor,q2,150,0.3474096164139468,0.38831138017766675,-0.11773353940492118,-0.0021408295973623925,-0.2520028640374228,-0.2498620344400604,-0.035951816250372304
planned_state,30,1,extra_trees,shuffled_uts_residual_anchor,q3,80,0.2859877068483719,0.35786208937421576,-0.2513198323029704,0.4006129353418951,0.06147894134023768,-0.33913399400165745,-0.06490279172448987
planned_state,30,1,extra_trees,shuffled_uts_residual_anchor,q4,63,0.376960720175509,0.37711176113828565,-0.00040068090570896686,-0.41437663641738376,-0.41551029091213354,-0.0011336544947497806,0.02917357106149865
planned_state,30,1,ridge_alpha_10,measured_uts_residual_ceiling,all,195,0.33086587715496496,0.14314408584595445,0.5673652203823024,-0.18092005017851753,0.7789638255924842,0.9598838757710018,0.11274608887127058
planned_state,30,1,ridge_alpha_10,measured_uts_residual_ceiling,q1,39,0.1277887625302865,0.08708117636465683,0.3185537238141875,0.40127757117108676,0.7219718480855528,0.32069427691446606,0.05428196589606704
planned_state,30,1,ridge_alpha_10,measured_uts_residual_ceiling,q2,38,0.23499797377425857,0.11488165179606724,0.5111376921640026,0.32485619445709757,0.838649842121978,0.5137936476648804,0.07863578998310697
planned_state,30,1,ridge_alpha_10,measured_uts_residual_ceiling,q3,57,0.29982585138353385,0.08137201991495545,0.7286023885549973,0.21382507947106844,0.9420929784279922,0.7282678989569238,0.1226357713706416
planned_state,30,1,ridge_alpha_10,measured_uts_residual_ceiling,q4,61,0.47022241313497193,0.21504541291650267,0.5426729842952501,-2.3730703747895774,0.2945290796368789,2.6675994544264565,0.16213265036830377
planned_state,30,1,random_forest,measured_uts_residual_ceiling,all,195,0.31168535020371607,0.1257466965026658,0.596558848786193,-0.04797112562204098,0.8294272286388982,0.8773983542609392,0.14058479120194212
planned_state,30,1,random_forest,measured_uts_residual_ceiling,q1,39,0.14078927086197057,0.0826845899305743,0.4127067394813199,0.2732595759260723,0.7493375084190006,0.4760779324929283,0.06176561263282967
planned_state,30,1,random_forest,measured_uts_residual_ceiling,q2,38,0.25249706555101115,0.12038241756661928,0.5232324094384423,0.2205635303024639,0.8228283729517747,0.6022648426493108,0.08804544454225832
planned_state,30,1,random_forest,measured_uts_residual_ceiling,q3,57,0.2966978781799731,0.07287162136913052,0.7543911610822929,0.23014326185056477,0.953559391734178,0.7234161298836133,0.15014032519589146
planned_state,30,1,random_forest,measured_uts_residual_ceiling,q4,61,0.41941410022204395,0.17940582647155726,0.5722465544754524,-1.6835198009301662,0.5089883042048828,2.1925081051350492,0.2147778682447004
planned_state,30,1,extra_trees,measured_uts_residual_ceiling,all,195,0.2978930280845034,0.12755807713838968,0.5717990516306906,0.042723903039139866,0.8244776340107888,0.7817537309716489,0.12195082972856429
planned_state,30,1,extra_trees,measured_uts_residual_ceiling,q1,39,0.10226747765224818,0.08026864593430333,0.21511072946132495,0.6165442208047793,0.763771619731308,0.1472273989265287,0.026689626146005167
planned_state,30,1,extra_trees,measured_uts_residual_ceiling,q2,38,0.2430390747963163,0.11928552328483823,0.5091919956294773,0.2778619007662776,0.8260423499854191,0.5481804492191416,0.08537396061981295
planned_state,30,1,extra_trees,measured_uts_residual_ceiling,q3,57,0.2955333469254379,0.07252892645755486,0.7545829355228272,0.23617473619515772,0.953995159129919,0.7178204229347612,0.1377788917126815
planned_state,30,1,extra_trees,measured_uts_residual_ceiling,q4,61,0.39822355016598615,0.1847031017162063,0.5361823738470037,-1.419204769371179,0.47956424281366516,1.898769012184844,0.19085096797049333
planned_state,30,2,ridge_alpha_10,state_only,all,428,0.3434681021162403,0.2697195921008294,0.2147172024447618,0.04951143434807148,0.4138630981433755,0.36435166379530404,0.04352670079967841
planned_state,30,2,ridge_alpha_10,state_only,q1,83,0.31625301275641327,0.3127578185556629,0.011051892186849883,0.24072474925359677,0.2574148645164963,0.01669011526289954,-0.008324779803448534
planned_state,30,2,ridge_alpha_10,state_only,q2,108,0.29921909120474854,0.2383447281126705,0.20344411463512924,0.14862455865026736,0.45980119397207886,0.3111766353218115,0.045357265723850154
planned_state,30,2,ridge_alpha_10,state_only,q3,165,0.37226544783002785,0.257611767893258,0.3079890454649968,-0.04631742120724458,0.498940390987046,0.5452578121942906,0.06548550131174455
planned_state,30,2,ridge_alpha_10,state_only,q4,72,0.3661844933168399,0.28704093227221095,0.21613029084808963,-0.14332783487719558,0.2974802442772232,0.4408080791544188,0.0502318368240966
planned_state,30,2,ridge_alpha_10,state_plus_crossfitted_predicted_uts,all,428,0.2697195921008294,0.27062502001046457,-0.0033569230272922947,0.4138630981433755,0.40992126008038543,-0.003941838062990088,0.0009158329884316474
planned_state,30,2,ridge_alpha_10,state_plus_crossfitted_predicted_uts,q1,83,0.3127578185556629,0.31237996674481266,0.0012081290648310761,0.2574148645164963,0.2592080580277536,0.001793193511257285,0.0029507023128491072
planned_state,30,2,ridge_alpha_10,state_plus_crossfitted_predicted_uts,q2,108,0.2383447281126705,0.2364331798118019,0.008020098938227678,0.45980119397207886,0.4684313430528242,0.00863014908074533,0.001518010880929177
planned_state,30,2,ridge_alpha_10,state_plus_crossfitted_predicted_uts,q3,165,0.257611767893258,0.25910960687505513,-0.005814326705827158,0.498940390987046,0.49309680343617335,-0.005843587550872664,-0.00042525839967880175
planned_state,30,2,ridge_alpha_10,state_plus_crossfitted_predicted_uts,q4,72,0.28704093227221095,0.29182313614131256,-0.01666035513209133,0.2974802442772232,0.27387679043660285,-0.023603453840620348,0.0007401484429011562
planned_state,30,2,ridge_alpha_10,predicted_uts_residual_anchor,all,428,0.2697195921008294,0.3101300033700404,-0.14982378904868104,0.4138630981433755,0.2250714816993703,-0.18879161644400522,-0.016466288015674457
planned_state,30,2,ridge_alpha_10,predicted_uts_residual_anchor,q1,83,0.3127578185556629,0.340115534699842,-0.08747252513308508,0.2574148645164963,0.121821423083184,-0.1355934414333123,0.0016919173800886145
planned_state,30,2,ridge_alpha_10,predicted_uts_residual_anchor,q2,108,0.2383447281126705,0.25298910804635655,-0.06144201321190271,0.45980119397207886,0.39138007376796,-0.06842112020411883,-0.0015610998938792586
planned_state,30,2,ridge_alpha_10,predicted_uts_residual_anchor,q3,165,0.257611767893258,0.31132897145707294,-0.20851999116000308,0.498940390987046,0.26819213472476044,-0.23074825626228557,-0.031429008582145285
planned_state,30,2,ridge_alpha_10,predicted_uts_residual_anchor,q4,72,0.28704093227221095,0.34678806077360036,-0.20814846171391724,0.2974802442772232,-0.025413786544576933,-0.3228940308218001,-0.025466877898098816
planned_state,30,2,ridge_alpha_10,shuffled_uts_residual_anchor,all,428,0.2697195921008294,0.30039607160468146,-0.11373470968465742,0.4138630981433755,0.27295285416801496,-0.14091024397536056,-0.02822169731233401
planned_state,30,2,ridge_alpha_10,shuffled_uts_residual_anchor,q1,83,0.3127578185556629,0.3321905822382625,-0.06213358237482723,0.2574148645164963,0.1622691042935963,-0.0951457602229,-0.020680108682938014
planned_state,30,2,ridge_alpha_10,shuffled_uts_residual_anchor,q2,108,0.2383447281126705,0.24648875680910892,-0.03416911614083858,0.45980119397207886,0.4222542649869181,-0.037546928985160766,-0.01290616652343654
planned_state,30,2,ridge_alpha_10,shuffled_uts_residual_anchor,q3,165,0.257611767893258,0.29349880440629783,-0.13930666602121097,0.498940390987046,0.34961476702870165,-0.14932562395834437,-0.03574779910141407
planned_state,30,2,ridge_alpha_10,shuffled_uts_residual_anchor,q4,72,0.28704093227221095,0.3473630848261054,-0.21015174413065535,0.2974802442772232,-0.02881717039416798,-0.3262974146713912,-0.04264145267681446
planned_state,30,2,random_forest,state_only,all,428,0.35080704461764806,0.3386226342837858,0.03473251327419121,0.008458974967686439,0.07614025558014614,0.0676812806124597,0.008844725270209991
planned_state,30,2,random_forest,state_only,q1,83,0.3138246597779156,0.3050100772004611,0.028087603388759704,0.2523401930025415,0.2937502983715392,0.041410105368997696,0.007447179695263317
planned_state,30,2,random_forest,state_only,q2,108,0.34224083495517904,0.3286833995623946,0.039613728135510035,-0.11379733098722622,-0.027301825280692693,0.08649550570653353,0.0033278390052826345
planned_state,30,2,random_forest,state_only,q3,165,0.38835723280068957,0.3758245768556975,0.032270947690638284,-0.13873008543618748,-0.06642017692149604,0.07230990851469143,0.012191919507208243
planned_state,30,2,random_forest,state_only,q4,72,0.3109641781468824,0.29773076328823117,0.04255607490712473,0.17549820850947984,0.24418013967728136,0.06868193116780152,0.011060460690043766
planned_state,30,2,random_forest,state_plus_crossfitted_predicted_uts,all,428,0.3386226342837858,0.3159369274295526,0.06699406524379362,0.07614025558014614,0.19578002384869742,0.11963976826855127,0.01649293278560962
planned_state,30,2,random_forest,state_plus_crossfitted_predicted_uts,q1,83,0.3050100772004611,0.2957193218233649,0.030460486625135435,0.2937502983715392,0.3361204299497079,0.04237013157816871,0.009352380299947977
planned_state,30,2,random_forest,state_plus_crossfitted_predicted_uts,q2,108,0.3286833995623946,0.3189339270047531,0.029662199461919475,-0.027301825280692693,0.03273837053666273,0.060040195817355424,0.005677347713411607
planned_state,30,2,random_forest,state_plus_crossfitted_predicted_uts,q3,165,0.3758245768556975,0.3436769235667847,0.08553898618837871,-0.06642017692149604,0.10821791549117743,0.17463809241267347,0.022958637757193867
planned_state,30,2,random_forest,state_plus_crossfitted_predicted_uts,q4,72,0.29773076328823117,0.2632211872277003,0.11590866754713672,0.24418013967728136,0.4092379823279275,0.16505784265064616,0.02613054006055257
planned_state,30,2,random_forest,predicted_uts_residual_anchor,all,428,0.3386226342837858,0.2634276494173305,0.22206130734733304,0.07614025558014614,0.44089060587737283,0.3647503502972267,0.026853922526930002
planned_state,30,2,random_forest,predicted_uts_residual_anchor,q1,83,0.3050100772004611,0.30333233597633114,0.005500609158651795,0.2937502983715392,0.30149853673954874,0.00774823836800953,-0.0074005111645613075
planned_state,30,2,random_forest,predicted_uts_residual_anchor,q2,108,0.3286833995623946,0.2775143895351822,0.15567871725599242,-0.027301825280692693,0.2676586892043825,0.2949605144850752,0.034640049433596554
planned_state,30,2,random_forest,predicted_uts_residual_anchor,q3,165,0.3758245768556975,0.24904954063539475,0.3373250288231671,-0.06642017692149604,0.5316942511234946,0.5981144280449906,0.03758725662096765
planned_state,30,2,random_forest,predicted_uts_residual_anchor,q4,72,0.29773076328823117,0.2208581885466916,0.2581949338809834,0.24418013967728136,0.5840914106903856,0.33991127101310425,0.03006525815134084
planned_state,30,2,random_forest,shuffled_uts_residual_anchor,all,428,0.3386226342837858,0.3335186862797839,0.01507267231204772,0.07614025558014614,0.10378043846765972,0.027640182887513576,-0.016902036420802125
planned_state,30,2,random_forest,shuffled_uts_residual_anchor,q1,83,0.3050100772004611,0.3354512813944189,-0.099803929343459,0.2937502983715392,0.14574247853260558,-0.14800781983893363,-0.052229873405371136
planned_state,30,2,random_forest,shuffled_uts_residual_anchor,q2,108,0.3286833995623946,0.2999248290633138,0.08749626703803616,-0.027301825280692693,0.14460371587579146,0.17190554115648415,-0.0018372603610434524
planned_state,30,2,random_forest,shuffled_uts_residual_anchor,q3,165,0.3758245768556975,0.37197038099347995,0.010255305532339868,-0.06642017692149604,-0.04465940422848669,0.021760772693009356,-0.017004052452132684
planned_state,30,2,random_forest,shuffled_uts_residual_anchor,q4,72,0.29773076328823117,0.2819529197073641,0.052993662484224595,0.24418013967728136,0.3221648745550606,0.07798473487777924,0.0014597316407928274
planned_state,30,2,extra_trees,state_only,all,428,0.34742178454182554,0.2935862213933306,0.15495736175407773,0.02750322575083841,0.30554291220803764,0.27803968645719923,0.024490777591964163
planned_state,30,2,extra_trees,state_only,q1,83,0.30833264676391064,0.2841476136135633,0.07843812001155288,0.27827969681860854,0.3870600522551102,0.10878035543650166,0.007547717474010729
planned_state,30,2,extra_trees,state_only,q2,108,0.33181745529564155,0.2885136580792369,0.13050488009385156,-0.04698624509053273,0.2084556125838969,0.2554418576744296,0.010738542227816922
planned_state,30,2,extra_trees,state_only,q3,165,0.3860221389069066,0.3055026371280672,0.20858778205531256,-0.12507746165331834,0.29532652213600774,0.4204039837893261,0.048402300497955325
planned_state,30,2,extra_trees,state_only,q4,72,0.31822899276745237,0.283809598361845,0.10815920355427684,0.1365238105970077,0.3132083031148287,0.17668449251782103,0.00985347383681806
planned_state,30,2,extra_trees,state_plus_crossfitted_predicted_uts,all,428,0.2935862213933306,0.29264356705736244,0.003210826214849057,0.30554291220803764,0.30999531481381726,0.004452402605779615,0.00291554721620349
planned_state,30,2,extra_trees,state_plus_crossfitted_predicted_uts,q1,83,0.2841476136135633,0.2809725557266427,0.011173973437759036,0.3870600522551102,0.40068147138387744,0.013621419128767243,0.010364494584163553
planned_state,30,2,extra_trees,state_plus_crossfitted_predicted_uts,q2,108,0.2885136580792369,0.2915461914485101,-0.010510883226333506,0.2084556125838969,0.19172850256655805,-0.016727110017338842,-0.0010933459425517822
planned_state,30,2,extra_trees,state_plus_crossfitted_predicted_uts,q3,165,0.3055026371280672,0.3038866452338032,0.005289616840808327,0.29532652213600774,0.30276171073101543,0.007435188595007691,0.0009296363615586278
planned_state,30,2,extra_trees,state_plus_crossfitted_predicted_uts,q4,72,0.283809598361845,0.2809795674119502,0.009971582942331097,0.3132083031148287,0.32683681446171065,0.013628511346881922,0.0048929516692773345
planned_state,30,2,extra_trees,predicted_uts_residual_anchor,all,428,0.2935862213933306,0.26679676738412206,0.0912490166672963,0.30554291220803764,0.4264976492456318,0.12095473703759418,0.003920642571654975
planned_state,30,2,extra_trees,predicted_uts_residual_anchor,q1,83,0.2841476136135633,0.29728311465100843,-0.04622773659929183,0.3870600522551102,0.3290805444500682,-0.05797950780504202,-0.0077666687684553315
planned_state,30,2,extra_trees,predicted_uts_residual_anchor,q2,108,0.2885136580792369,0.2611289573657368,0.09491647950330029,0.2084556125838969,0.35158569314845256,0.14313008056455567,0.033104445343000694
planned_state,30,2,extra_trees,predicted_uts_residual_anchor,q3,165,0.3055026371280672,0.26612254645753713,0.1289026210730281,0.29532652213600774,0.4652862647528896,0.16995974261688185,-0.017194963728333235
planned_state,30,2,extra_trees,predicted_uts_residual_anchor,q4,72,0.283809598361845,0.23805079941436028,0.16123062507965014,0.3132083031148287,0.516818646159946,0.20361034304511727,0.022007742313625678
planned_state,30,2,extra_trees,shuffled_uts_residual_anchor,all,428,0.2935862213933306,0.3018145361365703,-0.02802691047348509,0.30554291220803764,0.2660704375563897,-0.03947247465164794,-0.015336169033951158
planned_state,30,2,extra_trees,shuffled_uts_residual_anchor,q1,83,0.2841476136135633,0.31530556986565156,-0.10965411905398811,0.3870600522551102,0.24526726648801422,-0.14179278576709597,-0.030813901246516395
planned_state,30,2,extra_trees,shuffled_uts_residual_anchor,q2,108,0.2885136580792369,0.27507066471636327,0.04659395833240475,0.2084556125838969,0.28049954454161674,0.07204393195771985,-0.006137545231903824
planned_state,30,2,extra_trees,shuffled_uts_residual_anchor,q3,165,0.3055026371280672,0.32405919553140033,-0.06074107437427523,0.29532652213600774,0.20712139650337147,-0.08820512563263627,-0.023301340095705836
planned_state,30,2,extra_trees,shuffled_uts_residual_anchor,q4,72,0.283809598361845,0.2696874039593377,0.049759396736477154,0.3132083031148287,0.3798564895879103,0.06664818647308157,0.006961798024539639
planned_state,30,2,ridge_alpha_10,measured_uts_residual_ceiling,all,195,0.2652259204681586,0.13951873159623338,0.4739626830214616,0.24116305444514496,0.7900182381828253,0.5488551837376804,0.06965611568630206
planned_state,30,2,ridge_alpha_10,measured_uts_residual_ceiling,q1,56,0.24799725569426517,0.15416644507259614,0.3783542296022223,0.2791935365217906,0.7214490534855279,0.4422555169637373,0.05998030350025224
planned_state,30,2,ridge_alpha_10,measured_uts_residual_ceiling,q2,35,0.39037532679104076,0.11903709053884935,0.695070148215163,0.050117439292636456,0.9116778159814533,0.8615603766888168,0.12265313895280885
planned_state,30,2,ridge_alpha_10,measured_uts_residual_ceiling,q3,55,0.19487670490385708,0.11435053234807174,0.4132160003193462,0.3015277647133806,0.7595052094166868,0.45797744470330615,0.03498912461244749
planned_state,30,2,ridge_alpha_10,measured_uts_residual_ceiling,q4,49,0.24119614976777917,0.15969825302132065,0.33789053774251265,0.10805070112250637,0.608979292321631,0.5009285911991246,0.08177109889350731
planned_state,30,2,random_forest,measured_uts_residual_ceiling,all,195,0.2550700096345207,0.1204484533838077,0.5277827700857763,0.2981644967321082,0.8434983241962976,0.5453338274641893,0.06930264597180966
planned_state,30,2,random_forest,measured_uts_residual_ceiling,q1,56,0.22417145066487446,0.09379620074170363,0.5815872161084222,0.41104037064689103,0.8968912748598078,0.48585090421291677,0.06178688839153887
planned_state,30,2,random_forest,measured_uts_residual_ceiling,q2,35,0.35184784946063064,0.09147286966986602,0.7400215183634334,0.22835953409696808,0.9478457384564469,0.7194862043594789,0.10827668305647796
planned_state,30,2,random_forest,measured_uts_residual_ceiling,q3,55,0.19208162791774272,0.12332717444386249,0.35794393362453036,0.3214201686538424,0.7202649698230607,0.3988448011692183,0.0168742233179993
planned_state,30,2,random_forest,measured_uts_residual_ceiling,q4,49,0.2676634821612124,0.1569460809519644,0.4136440291192335,-0.09844337527841107,0.6223405312743856,0.7207839065527967,0.10890171479816357
planned_state,30,2,extra_trees,measured_uts_residual_ceiling,all,195,0.2516165408406382,0.14847318425888692,0.4099227985455747,0.31704056107917256,0.7621995991960198,0.4451590381168472,0.05117075193646842
planned_state,30,2,extra_trees,measured_uts_residual_ceiling,q1,56,0.21124442318187944,0.13480450244852224,0.3618553312886426,0.47700754052378314,0.7870225033960081,0.31001496287222496,0.032477987846880704
planned_state,30,2,extra_trees,measured_uts_residual_ceiling,q2,35,0.35015525048046575,0.09852254727744723,0.7186318150527246,0.23576578290068528,0.9394970630852818,0.7037312801845965,0.10005399477426216
planned_state,30,2,extra_trees,measured_uts_residual_ceiling,q3,55,0.21426024872870655,0.17304685370806772,0.19235203573772885,0.15566945393675224,0.44924720873288737,0.2935777547961351,0.013330256574813626
planned_state,30,2,extra_trees,measured_uts_residual_ceiling,q4,49,0.2486884901703268,0.16252275578170466,0.3464805883441055,0.051776317091375756,0.5950254027009143,0.5432490856095386,0.08009133427494083
planned_state,60,0,ridge_alpha_10,state_only,all,428,0.4408012474109741,0.29505636032300714,0.33063628550053537,-0.5655239128060818,0.29857048274758724,0.8640943955536691,0.1213454985269348
planned_state,60,0,ridge_alpha_10,state_only,q1,152,0.45846932398945206,0.2206397542995651,0.5187469635271796,-1.5246988694616577,0.41526841826965266,1.9399672877313103,0.21751870763705417
planned_state,60,0,ridge_alpha_10,state_only,q2,92,0.3696048880932182,0.3152528777610192,0.14705436016444365,0.08412617325035465,0.3336868947965097,0.24956072154615505,0.01925687172454879
planned_state,60,0,ridge_alpha_10,state_only,q3,95,0.442921166721026,0.32042752474852787,0.2765585643136598,-0.1707236357754469,0.38728128482997093,0.5580049206054178,0.08231903394515033
planned_state,60,0,ridge_alpha_10,state_only,q4,89,0.47414517836279463,0.350984345222281,0.2597534231304077,-1.1183282369439191,-0.16076972084841334,0.9575585160955058,0.10428190320503461
planned_state,60,0,ridge_alpha_10,state_plus_crossfitted_predicted_uts,all,428,0.29505636032300714,0.28444255023597875,0.03597214469604765,0.29857048274758724,0.34812668450067474,0.0495562017530875,0.011958863856606772
planned_state,60,0,ridge_alpha_10,state_plus_crossfitted_predicted_uts,q1,152,0.2206397542995651,0.22684186057020664,-0.02810965000541507,0.41526841826965266,0.38193319097418854,-0.03333522729546412,0.0019911294473260732
planned_state,60,0,ridge_alpha_10,state_plus_crossfitted_predicted_uts,q2,92,0.3152528777610192,0.31907739264161633,-0.012131578013687052,0.3336868947965097,0.317421971207279,-0.016264923589230706,0.002726738001480683
planned_state,60,0,ridge_alpha_10,state_plus_crossfitted_predicted_uts,q3,95,0.32042752474852787,0.3001615358456982,0.06324671676921152,0.38728128482997093,0.462335213863181,0.07505392903321007,0.014153486389872988
planned_state,60,0,ridge_alpha_10,state_plus_crossfitted_predicted_uts,q4,89,0.350984345222281,0.31589312354127347,0.09997944967825845,-0.16076972084841334,0.0597335880783576,0.22050330892677095,0.036183156757977314
planned_state,60,0,ridge_alpha_10,predicted_uts_residual_anchor,all,428,0.29505636032300714,0.30064744025583656,-0.018949193051485822,0.29857048274758724,0.2717355724371222,-0.026834910310465032,0.0041831743158946
planned_state,60,0,ridge_alpha_10,predicted_uts_residual_anchor,q1,152,0.2206397542995651,0.2585097220571446,-0.1716371008379707,0.41526841826965266,0.19731937155460366,-0.217949046715049,-0.008338494218494807
planned_state,60,0,ridge_alpha_10,predicted_uts_residual_anchor,q2,92,0.3152528777610192,0.34831734575928774,-0.1048823669211148,0.3336868947965097,0.1865882523199408,-0.1470986424765689,-0.011888710435936423
planned_state,60,0,ridge_alpha_10,predicted_uts_residual_anchor,q3,95,0.32042752474852787,0.2906507421126883,0.0929282921596964,0.38728128482997093,0.49586785729478045,0.10858657246480952,0.01552001921554752
planned_state,60,0,ridge_alpha_10,predicted_uts_residual_anchor,q4,89,0.350984345222281,0.32397465543330717,0.07695411535197787,-0.16076972084841334,0.011008289295846407,0.17177801014425975,0.030081002955541974
planned_state,60,0,ridge_alpha_10,shuffled_uts_residual_anchor,all,428,0.29505636032300714,0.3151584668667636,-0.06812971773172438,0.29857048274758724,0.19973829647181374,-0.0988321862757735,-0.022242971882632856
planned_state,60,0,ridge_alpha_10,shuffled_uts_residual_anchor,q1,152,0.2206397542995651,0.2372591640311719,-0.07532373204623154,0.41526841826965266,0.3238625174259552,-0.09140590084369749,-0.007524430192969167
planned_state,60,0,ridge_alpha_10,shuffled_uts_residual_anchor,q2,92,0.3152528777610192,0.3298261666386301,-0.04622729848213593,0.3336868947965097,0.27065929866741345,-0.06302759612909625,-0.02396780102181753
planned_state,60,0,ridge_alpha_10,shuffled_uts_residual_anchor,q3,95,0.32042752474852787,0.3211594600832016,-0.002284246134124009,0.38728128482997093,0.38447888708540245,-0.0028023977445684745,-0.01223200783254419
planned_state,60,0,ridge_alpha_10,shuffled_uts_residual_anchor,q4,89,0.350984345222281,0.3987029362171445,-0.1359564654219633,-0.16076972084841334,-0.4978538714913252,-0.33708415064291186,-0.05628314762176029
planned_state,60,0,random_forest,state_only,all,428,0.3937976713286966,0.27870440437832206,0.2922649759762242,-0.24945426353846245,0.3741622730289702,0.6236165365674327,0.11132745988152914
planned_state,60,0,random_forest,state_only,q1,152,0.4130773665763843,0.24647081087759132,0.4033301487313149,-1.0495183918713091,0.27034089127863237,1.3198592831499414,0.17423164855276604
planned_state,60,0,random_forest,state_only,q2,92,0.3735326938198014,0.27289198952900634,0.26942943939291664,0.06455668540969595,0.5007227115571873,0.43616602614749134,0.08632623305126247
planned_state,60,0,random_forest,state_only,q3,95,0.4177032938309603,0.3297723683392284,0.21051049103605227,-0.04120756731484043,0.35102189876403167,0.3922294660788721,0.09179557346116404
planned_state,60,0,random_forest,state_only,q4,89,0.3519593151608627,0.27700726770889045,0.21295656691943354,-0.16722748711469437,0.2769756803780058,0.44420316749270017,0.05058819471626175
planned_state,60,0,random_forest,state_plus_crossfitted_predicted_uts,all,428,0.27870440437832206,0.2687365896293399,0.03576482679280357,0.3741622730289702,0.41812770551211365,0.04396543248314344,-6.948043482801758e-05
planned_state,60,0,random_forest,state_plus_crossfitted_predicted_uts,q1,152,0.24647081087759132,0.26340363750105156,-0.06870114381158852,0.27034089127863237,0.16664018108241663,-0.10370071019621574,-0.028726127407273733
planned_state,60,0,random_forest,state_plus_crossfitted_predicted_uts,q2,92,0.27289198952900634,0.24793508732441596,0.09145340707019048,0.5007227115571873,0.5878681114877363,0.08714539993054904,0.02227336306115263
planned_state,60,0,random_forest,state_plus_crossfitted_predicted_uts,q3,95,0.3297723683392284,0.31522135101829923,0.044124428599672465,0.35102189876403167,0.40702993676732635,0.05600803800329468,0.0011147141848877051
planned_state,60,0,random_forest,state_plus_crossfitted_predicted_uts,q4,89,0.27700726770889045,0.2433120153368927,0.12164031886487688,0.2769756803780058,0.4421753646412335,0.16519968426322773,0.024512207759649934
planned_state,60,0,random_forest,predicted_uts_residual_anchor,all,428,0.27870440437832206,0.328383627207203,-0.178250583946441,0.3741622730289702,0.13116548095328784,-0.24299679207568237,-0.04687717226555413
planned_state,60,0,random_forest,predicted_uts_residual_anchor,q1,152,0.24647081087759132,0.3889662418691655,-0.5781432311769524,0.27034089127863237,-0.817242320398702,-1.0875832116773343,-0.10645661316548818
planned_state,60,0,random_forest,predicted_uts_residual_anchor,q2,92,0.27289198952900634,0.25625023244774503,0.06098294460743934,0.5007227115571873,0.5597607379465381,0.05903802638935085,0.002840280130084749
planned_state,60,0,random_forest,predicted_uts_residual_anchor,q3,95,0.3297723683392284,0.32017681186972163,0.029097515106650988,0.35102189876403167,0.3882397316790429,0.03721783291501124,-0.02194386715002153
planned_state,60,0,random_forest,predicted_uts_residual_anchor,q4,89,0.27700726770889045,0.2879034505605013,-0.039335368135762314,0.2769756803780058,0.21897611011432527,-0.05799957026368052,-0.023131044058637196
planned_state,60,0,random_forest,shuffled_uts_residual_anchor,all,428,0.27870440437832206,0.29357732844993484,-0.053364510348475905,0.3741622730289702,0.3055849828066438,-0.06857729022232639,-0.020242117524876174
planned_state,60,0,random_forest,shuffled_uts_residual_anchor,q1,152,0.24647081087759132,0.23831652658784044,0.0330841784498395,0.27034089127863237,0.31782257783604206,0.0474816865574097,-0.011157550421053264
planned_state,60,0,random_forest,shuffled_uts_residual_anchor,q2,92,0.27289198952900634,0.29379385753492415,-0.07659392289965368,0.5007227115571873,0.42131042465213264,-0.07941228690505464,-0.029197211493683067
planned_state,60,0,random_forest,shuffled_uts_residual_anchor,q3,95,0.3297723683392284,0.35303853422256876,-0.07055219938684201,0.35102189876403167,0.2562178722433419,-0.09480402652068975,-0.018701567746737424
planned_state,60,0,random_forest,shuffled_uts_residual_anchor,q4,89,0.27700726770889045,0.3085687261825692,-0.11393729390106466,0.2769756803780058,0.10283072174432062,-0.17414495863368518,-0.0281447892504271
planned_state,60,0,extra_trees,state_only,all,428,0.40477663643790673,0.2671746699063534,0.33994542704458103,-0.3200942837134999,0.4248718313735128,0.7449661150870127,0.11227746773494826
planned_state,60,0,extra_trees,state_only,q1,152,0.41619652579430066,0.25324490371325786,0.39152566631846264,-1.0805871974533927,0.22968128474068095,1.3102684821940738,0.175898780267891
planned_state,60,0,extra_trees,state_only,q2,92,0.3829380377585424,0.21659315018689532,0.4343911316444728,0.01685573337626811,0.685478982875996,0.6686232494997278,0.11556732575799203
planned_state,60,0,extra_trees,state_only,q3,95,0.4161523958032338,0.3145039920819811,0.24425764394569138,-0.033490084767026085,0.4097257462735726,0.4432158310405987,0.06556124962585166
planned_state,60,0,extra_trees,state_only,q4,89,0.39452040354461687,0.2822609804397387,0.28454655854619854,-0.46659268877262705,0.2492898812304023,0.7158825700030294,0.05008571804098075
planned_state,60,0,extra_trees,state_plus_crossfitted_predicted_uts,all,428,0.2671746699063534,0.25574008981703544,0.04279814435000844,0.4248718313735128,0.47304721670383154,0.04817538533031873,0.012178565715071005
planned_state,60,0,extra_trees,state_plus_crossfitted_predicted_uts,q1,152,0.25324490371325786,0.24309232544157347,0.04008996083561813,0.22968128474068095,0.2902073189322677,0.06052603419158675,0.0012595733003263332
planned_state,60,0,extra_trees,state_plus_crossfitted_predicted_uts,q2,92,0.21659315018689532,0.23466653576197768,-0.08344393882949247,0.685478982875996,0.6307992623124226,-0.0546797205635734,-0.005620240132221593
planned_state,60,0,extra_trees,state_plus_crossfitted_predicted_uts,q3,95,0.3145039920819811,0.29495270310817306,0.06216547155532334,0.4097257462735726,0.48083395901353077,0.07110821273995815,0.02713661039491691
planned_state,60,0,extra_trees,state_plus_crossfitted_predicted_uts,q4,89,0.2822609804397387,0.2526087754568592,0.105052440959724,0.2492898812304023,0.3987328936948835,0.14944301246448122,0.03325904594436005
planned_state,60,0,extra_trees,predicted_uts_residual_anchor,all,428,0.2671746699063534,0.3081006610133364,-0.1531806556412246,0.4248718313735128,0.2351798239627878,-0.189692007410725,-0.03707470379836211
planned_state,60,0,extra_trees,predicted_uts_residual_anchor,q1,152,0.25324490371325786,0.3106037578033356,-0.22649559082548634,0.22968128474068095,-0.15878384505663568,-0.3884651297973166,-0.04182384662210403
planned_state,60,0,extra_trees,predicted_uts_residual_anchor,q2,92,0.21659315018689532,0.2996263630177275,-0.3833602898299597,0.685478982875996,0.3981056298605512,-0.28737335301544475,-0.06026880025083875
planned_state,60,0,extra_trees,predicted_uts_residual_anchor,q3,95,0.3145039920819811,0.3265626057782092,-0.03834168722756572,0.4097257462735726,0.3635937713296826,-0.046131974943889986,-0.027500172181234267
planned_state,60,0,extra_trees,predicted_uts_residual_anchor,q4,89,0.2822609804397387,0.29171511257771504,-0.03349429355501997,0.2492898812304023,0.198158673609943,-0.05113120762045931,-0.01520789391960431
planned_state,60,0,extra_trees,shuffled_uts_residual_anchor,all,428,0.2671746699063534,0.27508884596247735,-0.0296217304540805,0.4248718313735128,0.39029460376096203,-0.034577227612550776,-0.009123816072384272
planned_state,60,0,extra_trees,shuffled_uts_residual_anchor,q1,152,0.25324490371325786,0.24117485723157042,0.04766155727008831,0.22968128474068095,0.3013605893546555,0.07167930461397454,-0.005361857239028739
planned_state,60,0,extra_trees,shuffled_uts_residual_anchor,q2,92,0.21659315018689532,0.2494502028574622,-0.15169940804783055,0.685478982875996,0.5828156975609333,-0.10266328531506264,-0.023570177415402488
planned_state,60,0,extra_trees,shuffled_uts_residual_anchor,q3,95,0.3145039920819811,0.3252855087402587,-0.03428101687010445,0.4097257462735726,0.36856165968447163,-0.04116408658910098,-0.004639218698383296
planned_state,60,0,extra_trees,shuffled_uts_residual_anchor,q4,89,0.2822609804397387,0.2954817106990903,-0.04683867475679718,0.2492898812304023,0.17731839305910535,-0.07197148817129695,-0.005402346967243593
planned_state,60,0,ridge_alpha_10,measured_uts_residual_ceiling,all,195,0.3299898126911701,0.12453467801627262,0.6226105375779533,-0.17467466491168282,0.8326995376783196,1.0073742025900025,0.1443487768722459
planned_state,60,0,ridge_alpha_10,measured_uts_residual_ceiling,q1,74,0.23400079806066712,0.1261391330583082,0.4609457142722849,0.32609776183137695,0.8041778091103303,0.47808004727895337,0.07963475039613863
planned_state,60,0,ridge_alpha_10,measured_uts_residual_ceiling,q2,51,0.4030209681933045,0.09572119958178255,0.7624907706145182,-0.017016563519623107,0.9426294508193348,0.9596460143389579,0.18383163838214112
planned_state,60,0,ridge_alpha_10,measured_uts_residual_ceiling,q3,49,0.32894288482733436,0.13562136571342379,0.5877054286046866,-2.1807576922490486,0.4593131350543893,2.640070827303438,0.1500133876943367
planned_state,60,0,ridge_alpha_10,measured_uts_residual_ceiling,q4,21,0.41383966769303826,0.15091124042793425,0.6353388710434804,-7.292286842086925,-0.10268955516668687,7.189597286920239,0.26328430506009526
planned_state,60,0,random_forest,measured_uts_residual_ceiling,all,195,0.2889634407279149,0.11502068291404756,0.601954203534177,0.09925401205742934,0.8572853948544454,0.7580313827970161,0.10131951732878683
planned_state,60,0,random_forest,measured_uts_residual_ceiling,q1,74,0.26033151125078724,0.1235296098916265,0.525491135137207,0.16590464892469725,0.8121962060763491,0.6462915571516519,0.1144458883336754
planned_state,60,0,random_forest,measured_uts_residual_ceiling,q2,51,0.417032101419686,0.10193675620550581,0.7555661641909903,-0.08895946735311555,0.9349369585443712,1.0238964258974868,0.1851258318931311
planned_state,60,0,random_forest,measured_uts_residual_ceiling,q3,49,0.18738802052368522,0.10585212232281485,0.4351179865874324,-0.03222230530249992,0.6706264410980332,0.7028487464005331,0.024597160577760555
planned_state,60,0,random_forest,measured_uts_residual_ceiling,q4,21,0.17955053455964265,0.1330269940152991,0.25911112243940143,-0.5609302177154707,0.14317991523346696,0.7041101329489377,0.030553897502928196
planned_state,60,0,extra_trees,measured_uts_residual_ceiling,all,195,0.3040671048562984,0.12515734469977746,0.5883890670813384,0.0026320350655190117,0.8310223686529326,0.8283903335874135,0.10289303730516929
planned_state,60,0,extra_trees,measured_uts_residual_ceiling,q1,74,0.2465370575798667,0.1330567508419324,0.46029715715728414,0.25195687069147643,0.7821106267190664,0.53015375602759,0.09040471824161483
planned_state,60,0,extra_trees,measured_uts_residual_ceiling,q2,51,0.42995611389957555,0.11377977013610796,0.7353688749668916,-0.15750000053706104,0.9189407005331357,1.0764407010701968,0.17687405168953008
planned_state,60,0,extra_trees,measured_uts_residual_ceiling,q3,49,0.24290330353834505,0.12581255527596066,0.48204675093642885,-0.7344286353521707,0.5346951723216451,1.2691238076738158,0.04738867284609122
planned_state,60,0,extra_trees,measured_uts_residual_ceiling,q4,21,0.2402621892380269,0.12122357640508392,0.4954529599953484,-1.7949944071758086,0.28848465871348994,2.0834790658892985,0.09674150090495247
planned_state,60,1,ridge_alpha_10,state_only,all,428,0.6613937443098177,0.4921691751243554,0.25586055302360433,-2.5244734372481776,-0.9516543151159575,1.57281912213222,0.13486587373175435
planned_state,60,1,ridge_alpha_10,state_only,q1,133,0.3707068909979625,0.3362496485205788,0.09295009969904518,-0.2635103178424665,-0.03953987448382601,0.22397044335864047,0.0366738690108277
planned_state,60,1,ridge_alpha_10,state_only,q2,59,0.5993767091237556,0.4202366927740787,0.2988771729411481,-2.031789674438024,-0.4903466084514665,1.5414430659865574,0.13061353765531858
planned_state,60,1,ridge_alpha_10,state_only,q3,166,0.7042417839352773,0.5091702650571517,0.27699509362831765,-3.375780540438037,-1.2873784306994587,2.0884021097385785,0.1731557475001641
planned_state,60,1,ridge_alpha_10,state_only,q4,70,0.9667547421798625,0.7089389098504091,0.26668173537801726,-5.720957949709876,-2.6142332938684647,3.1067246558414117,0.23421309388656741
planned_state,60,1,ridge_alpha_10,state_plus_crossfitted_predicted_uts,all,428,0.4921691751243554,0.41948830507906826,0.14767456744304028,-0.9516543151159575,-0.41779614533185216,0.5338581697841054,0.06280916709959
planned_state,60,1,ridge_alpha_10,state_plus_crossfitted_predicted_uts,q1,133,0.3362496485205788,0.3335743462065894,0.007956297726288046,-0.03953987448382601,-0.023063902657617597,0.016475971826208413,0.0006058375797077797
planned_state,60,1,ridge_alpha_10,state_plus_crossfitted_predicted_uts,q2,59,0.4202366927740787,0.36169837964718476,0.13929843379565246,-0.4903466084514665,-0.10405947727085718,0.3862871311806093,0.0520058200251346
planned_state,60,1,ridge_alpha_10,state_plus_crossfitted_predicted_uts,q3,166,0.5091702650571517,0.41589120606190494,0.1831981665008986,-1.2873784306994587,-0.5260593687261523,0.7613190619733063,0.0894714127521723
planned_state,60,1,ridge_alpha_10,state_plus_crossfitted_predicted_uts,q4,70,0.7089389098504091,0.5865784885439699,0.17259656594706882,-2.6142332938684647,-1.4742912560073065,1.1399420378611582,0.12687356031685493
planned_state,60,1,ridge_alpha_10,predicted_uts_residual_anchor,all,428,0.4921691751243554,0.2943265701956329,0.4019808938232143,-0.9516543151159575,0.30203601235659594,1.2536903274725535,0.18368660926265232
planned_state,60,1,ridge_alpha_10,predicted_uts_residual_anchor,q1,133,0.3362496485205788,0.3415526126532214,-0.015770913533960283,-0.03953987448382601,-0.0725874175740393,-0.033047543090213294,-0.004776167392261554
planned_state,60,1,ridge_alpha_10,predicted_uts_residual_anchor,q2,59,0.4202366927740787,0.2843336804330914,0.3233963494331264,-0.4903466084514665,0.3177305003094699,0.8080771087609364,0.1244401375235871
planned_state,60,1,ridge_alpha_10,predicted_uts_residual_anchor,q3,166,0.5091702650571517,0.2641604122924117,0.481194346133388,-1.2873784306994587,0.3843308079265584,1.671709238626017,0.24512987328996816
planned_state,60,1,ridge_alpha_10,predicted_uts_residual_anchor,q4,70,0.7089389098504091,0.27275859950072523,0.6152579641054274,-2.6142332938684647,0.46499793319847194,3.079231227066937,0.4459938849651377
planned_state,60,1,ridge_alpha_10,shuffled_uts_residual_anchor,all,428,0.4921691751243554,0.3908990708788144,0.20576279329145966,-0.9516543151159575,-0.2311284070663413,0.7205259080496162,0.0940626683347407
planned_state,60,1,ridge_alpha_10,shuffled_uts_residual_anchor,q1,133,0.3362496485205788,0.3665790164331484,-0.09019895796474976,-0.03953987448382601,-0.23552824395185623,-0.19598836946803022,-0.0226692946615189
planned_state,60,1,ridge_alpha_10,shuffled_uts_residual_anchor,q2,59,0.4202366927740787,0.4367258908362159,-0.03923788271149811,-0.4903466084514665,-0.6095972539827239,-0.11925064553125742,-0.01247345852464049
planned_state,60,1,ridge_alpha_10,shuffled_uts_residual_anchor,q3,166,0.5091702650571517,0.3605343201370876,0.29191795970917606,-1.2873784306994587,-0.14684619966500145,1.1405322310344572,0.14507219105862595
planned_state,60,1,ridge_alpha_10,shuffled_uts_residual_anchor,q4,70,0.7089389098504091,0.4581979986546629,0.3536847924578639,-2.6142332938684647,-0.5097496301615336,2.1044836637069313,0.2846826939210414
planned_state,60,1,random_forest,state_only,all,428,0.3734653796281624,0.35873812770930996,0.039434048568345204,-0.1237631157443615,-0.036881558473336185,0.08688155727102531,0.012209051721124214
planned_state,60,1,random_forest,state_only,q1,133,0.34311285852208684,0.35117568289279233,-0.02349904461591745,-0.08240916907867724,-0.13387804365352984,-0.05146887457485261,-0.006199977996156125
planned_state,60,1,random_forest,state_only,q2,59,0.40482259364526013,0.39618623211502096,0.021333694477060437,-0.38302117572977035,-0.3246407229079751,0.05838045282179527,0.0021988800011497056
planned_state,60,1,random_forest,state_only,q3,166,0.3669552955538671,0.3376424422798648,0.07988126518179467,-0.18805972456554354,-0.0058333254834519455,0.1822263990820916,0.025750955308447288
planned_state,60,1,random_forest,state_only,q4,70,0.414321358642077,0.3871735160758305,0.06552363763051591,-0.23444913685839808,-0.07797785963220139,0.1564712772261967,0.02350969584085516
planned_state,60,1,random_forest,state_plus_crossfitted_predicted_uts,all,428,0.35873812770930996,0.29869608971760236,0.16737010469196745,-0.036881558473336185,0.281158485622925,0.3180400440962612,0.029123167668258676
planned_state,60,1,random_forest,state_plus_crossfitted_predicted_uts,q1,133,0.35117568289279233,0.2909964769011979,0.17136495755022443,-0.13387804365352984,0.22143847754711887,0.3553165212006487,0.05915648842482546
planned_state,60,1,random_forest,state_plus_crossfitted_predicted_uts,q2,59,0.39618623211502096,0.31980696158606786,0.19278628164640169,-0.3246407229079751,0.13687206988769463,0.4615127927956697,0.05081565927755688
planned_state,60,1,random_forest,state_plus_crossfitted_predicted_uts,q3,166,0.3376424422798648,0.2964325947580833,0.12205173983317977,-0.0058333254834519455,0.2247105651600969,0.23054389064354885,-0.010232663968828826
planned_state,60,1,random_forest,state_plus_crossfitted_predicted_uts,q4,70,0.3871735160758305,0.30005883088998053,0.22500166351457773,-0.07797785963220139,0.35254232756484605,0.43052018719704743,0.04710573032803758
planned_state,60,1,random_forest,predicted_uts_residual_anchor,all,428,0.35873812770930996,0.2797191160069836,0.2202693430076561,-0.036881558473336185,0.36959685640773565,0.40647841488107184,0.03132294292724916
planned_state,60,1,random_forest,predicted_uts_residual_anchor,q1,133,0.35117568289279233,0.3450681582050646,0.017391650348387754,-0.13387804365352984,-0.09478098623466935,0.03909705741886049,0.018795412746580087
planned_state,60,1,random_forest,predicted_uts_residual_anchor,q2,59,0.39618623211502096,0.25460929321411974,0.35734946705517656,-0.3246407229079751,0.45292376890401376,0.7775644918119888,0.09612542104974336
planned_state,60,1,random_forest,predicted_uts_residual_anchor,q3,166,0.3376424422798648,0.244687447506601,0.2753060135023408,-0.0058333254834519455,0.4717550720413579,0.47758839752480986,-0.0013236384467255058
planned_state,60,1,random_forest,predicted_uts_residual_anchor,q4,70,0.3871735160758305,0.23567108313398893,0.3913037091931898,-0.07797785963220139,0.6005971572052332,0.6785750168374346,0.07792505453984372
planned_state,60,1,random_forest,shuffled_uts_residual_anchor,all,428,0.35873812770930996,0.36631595547437384,-0.021123563902870932,-0.036881558473336185,-0.08114948787956133,-0.04426792940622515,-0.006593825432220923
planned_state,60,1,random_forest,shuffled_uts_residual_anchor,q1,133,0.35117568289279233,0.38133878170097685,-0.08589176380242927,-0.13387804365352984,-0.3370246801769079,-0.20314663652337805,-0.022175878495406365
planned_state,60,1,random_forest,shuffled_uts_residual_anchor,q2,59,0.39618623211502096,0.4198202697287642,-0.059653858963180165,-0.3246407229079751,-0.4873944284413261,-0.162753705533351,-0.017655603093390926
planned_state,60,1,random_forest,shuffled_uts_residual_anchor,q3,166,0.3376424422798648,0.3346569078747564,0.008842295965368466,-0.0058333254834519455,0.011875784144579016,0.01770910962803096,0.0007300693357515653
planned_state,60,1,random_forest,shuffled_uts_residual_anchor,q4,70,0.3871735160758305,0.36058544796430236,0.06867222836161317,-0.07797785963220139,0.06499281507575028,0.14297067470795166,0.014967480395340016
planned_state,60,1,extra_trees,state_only,all,428,0.40869689839263,0.40579864587571596,0.007091447300707778,-0.3457883353299074,-0.3267688390587895,0.019019496271117875,0.0018329059149686522
planned_state,60,1,extra_trees,state_only,q1,133,0.366056039348906,0.3551537412085446,0.029783139651931557,-0.23200544523700573,-0.15971229723432834,0.07229314800267739,0.013153853917578728
planned_state,60,1,extra_trees,state_only,q2,59,0.4678281048369078,0.45896898050890866,0.018936708240492636,-0.8470215425391965,-0.7777308663377551,0.06929067620144136,0.004988820662990945
planned_state,60,1,extra_trees,state_only,q3,166,0.3922179713283975,0.39258957681978024,-0.0009474463654079376,-0.35727213405785596,-0.35984523752001674,-0.002573103462160775,-0.002995944861671762
planned_state,60,1,extra_trees,state_only,q4,70,0.4662779903298457,0.473444687571097,-0.015370009714980468,-0.5634658082839237,-0.6118961263913671,-0.04843031810744347,-0.010885605878719007
planned_state,60,1,extra_trees,state_plus_crossfitted_predicted_uts,all,428,0.40579864587571596,0.34858505802266143,0.14099009061399714,-0.3267688390587895,0.020979894792059084,0.3477487338508486,0.05288385817783342
planned_state,60,1,extra_trees,state_plus_crossfitted_predicted_uts,q1,133,0.3551537412085446,0.31977199180620114,0.09962375528396154,-0.15971229723432834,0.059847470948094283,0.21955976818242262,0.028762602252442065
planned_state,60,1,extra_trees,state_plus_crossfitted_predicted_uts,q2,59,0.45896898050890866,0.4082245341132775,0.11056182127900074,-0.7777308663377551,-0.40636337504300535,0.3713674912947498,0.04300855600927184
planned_state,60,1,extra_trees,state_plus_crossfitted_predicted_uts,q3,166,0.39258957681978024,0.32528114384353246,0.17144732552883332,-0.35984523752001674,0.0664668776227274,0.42631211514274414,0.06376962912327389
planned_state,60,1,extra_trees,state_plus_crossfitted_predicted_uts,q4,70,0.473444687571097,0.3966080094675069,0.1622928298082372,-0.6118961263913671,-0.13115343077304265,0.4807426956183245,0.0812228851646773
planned_state,60,1,extra_trees,predicted_uts_residual_anchor,all,428,0.40579864587571596,0.2598895489480435,0.3595603346896334,-0.3267688390587895,0.4558085592309288,0.7825773982897183,0.08672509286302535
planned_state,60,1,extra_trees,predicted_uts_residual_anchor,q1,133,0.3551537412085446,0.30963198067372616,0.1281748022135807,-0.15971229723432834,0.11852683330633751,0.27823913054066585,0.03659132215895852
planned_state,60,1,extra_trees,predicted_uts_residual_anchor,q2,59,0.45896898050890866,0.26436294278125927,0.424006950343068,-0.7777308663377551,0.4102057979310406,1.1879366642687956,0.12753327313624116
planned_state,60,1,extra_trees,predicted_uts_residual_anchor,q3,166,0.39258957681978024,0.22217427667968787,0.4340800423703612,-0.35984523752001674,0.5644886231841122,0.9243338607041289,0.07758659525399442
planned_state,60,1,extra_trees,predicted_uts_residual_anchor,q4,70,0.473444687571097,0.23421235785200345,0.5053015399674711,-0.6118961263913671,0.6055261956615843,1.2174223220529514,0.169255085300458
planned_state,60,1,extra_trees,shuffled_uts_residual_anchor,all,428,0.40579864587571596,0.3767307353036953,0.07163136414438238,-0.3267688390587895,-0.1435000357086531,0.1832688033501364,0.029859256914820442
planned_state,60,1,extra_trees,shuffled_uts_residual_anchor,q1,133,0.3551537412085446,0.38048671527170186,-0.07132959933619808,-0.15971229723432834,-0.3310564380621186,-0.17134414082779026,-0.022716064228655353
planned_state,60,1,extra_trees,shuffled_uts_residual_anchor,q2,59,0.45896898050890866,0.4681673656706976,-0.020041409228984713,-0.7777308663377551,-0.8497013698937339,-0.07197050355597878,-0.0055631569330716335
planned_state,60,1,extra_trees,shuffled_uts_residual_anchor,q3,166,0.39258957681978024,0.33189178156287463,0.1546087793481312,-0.35984523752001674,0.028137216927518027,0.38798245444753476,0.05906714480490641
planned_state,60,1,extra_trees,shuffled_uts_residual_anchor,q4,70,0.473444687571097,0.3830889763680997,0.19084744971275786,-0.6118961263913671,-0.055353284669378944,0.5565428417219882,0.0903439817627294
planned_state,60,1,ridge_alpha_10,measured_uts_residual_ceiling,all,195,0.2644113361746519,0.1495765920832231,0.4343034067782059,0.24581710499408393,0.758651944057733,0.512834839063649,0.08644869122601664
planned_state,60,1,ridge_alpha_10,measured_uts_residual_ceiling,q1,51,0.2655603496292077,0.12628925617478134,0.5244423485994258,0.10851743046685025,0.7983866883419024,0.6898692578750522,0.11985174216162602
planned_state,60,1,ridge_alpha_10,measured_uts_residual_ceiling,q2,75,0.2514000896263874,0.14191020194496667,0.4355204799017242,0.41120257180093944,0.8123872781454752,0.40118470634453574,0.06743851100450166
planned_state,60,1,ridge_alpha_10,measured_uts_residual_ceiling,q3,32,0.22663093119041966,0.08543133004071886,0.6230376427790529,0.5525925916529772,0.9364231304353763,0.38383053878239903,0.09274041298890165
planned_state,60,1,ridge_alpha_10,measured_uts_residual_ceiling,q4,37,0.3142019489620272,0.22089666856531623,0.296959585085156,-0.7339492829418166,0.14296812715230012,0.8769174100941167,0.07349930804994165
planned_state,60,1,random_forest,measured_uts_residual_ceiling,all,195,0.22970965661365128,0.11441152684999538,0.5019298337882933,0.430786696364692,0.8587930412598183,0.42800634489512623,0.0669770187456073
planned_state,60,1,random_forest,measured_uts_residual_ceiling,q1,51,0.24480025333070582,0.13370057804256444,0.4538380731904492,0.24245206539035324,0.7740288673491973,0.531576801958844,0.09843368804649534
planned_state,60,1,random_forest,measured_uts_residual_ceiling,q2,75,0.21001354445084536,0.10502525011834618,0.49991201570845434,0.5891061345424136,0.8972403782491245,0.30813424370671094,0.04102933992641268
planned_state,60,1,random_forest,measured_uts_residual_ceiling,q3,32,0.23140792717467476,0.0944140254818369,0.592001766600805,0.5335326308000552,0.9223506482863346,0.3888180174862794,0.08277643264315128
planned_state,60,1,random_forest,measured_uts_residual_ceiling,q4,37,0.24448912465601355,0.11949900316292258,0.5112297803386842,-0.049875334263302706,0.7491886381775186,0.7990639724408213,0.0625501142151449
planned_state,60,1,extra_trees,measured_uts_residual_ceiling,all,195,0.22597381458711516,0.12608085795269525,0.44205545149971426,0.4491507399969016,0.8285194580006294,0.37936871800372785,0.046787640144637946
planned_state,60,1,extra_trees,measured_uts_residual_ceiling,q1,51,0.23766359348794955,0.12385197465376922,0.4788769586619543,0.2859778055664616,0.8060935465865241,0.5201157410200625,0.08565472409138712
planned_state,60,1,extra_trees,measured_uts_residual_ceiling,q2,75,0.2001717550930917,0.12002331076356955,0.40039836935160206,0.6267149110813095,0.8657957551562243,0.2390808440749148,0.021626601160170275
planned_state,60,1,extra_trees,measured_uts_residual_ceiling,q3,32,0.25703144608361334,0.10905651686590967,0.5757074921080545,0.42451060652460826,0.8963980213186511,0.47188741479404284,0.06392167436455107
planned_state,60,1,extra_trees,measured_uts_residual_ceiling,q4,37,0.2300169712986489,0.15214535576851723,0.3385472606237602,0.07073751954795371,0.5934293337725076,0.5226918142245539,0.02939757386122306
planned_state,60,2,ridge_alpha_10,state_only,all,428,0.37039357214810537,0.28960728794747076,0.21810930392801592,-0.10535290909411832,0.32423911597785116,0.4295920250719695,0.0658743406627009
planned_state,60,2,ridge_alpha_10,state_only,q1,147,0.30646977218383,0.23645983935592263,0.22843992844394861,0.12729189177709654,0.4804725484889316,0.3531806567118351,0.04363452160085021
planned_state,60,2,ridge_alpha_10,state_only,q2,108,0.3978377448107708,0.32611905734030794,0.18027119951772153,-0.3533460284356096,0.09061195487837181,0.4439579833139814,0.0586887544817305
planned_state,60,2,ridge_alpha_10,state_only,q3,106,0.41189482763716706,0.30207862968808435,0.26661222860952843,-0.04179225380029128,0.43966409447667343,0.4814563482769647,0.09836034952956754
planned_state,60,2,ridge_alpha_10,state_only,q4,67,0.3831091648165193,0.3119337538507306,0.18578362906007856,-0.5338816308777576,-0.016884217607677332,0.5169974132700803,0.07485612827089469
planned_state,60,2,ridge_alpha_10,state_plus_crossfitted_predicted_uts,all,428,0.28960728794747076,0.2768371192220892,0.04409477681272242,0.32423911597785116,0.38252025146699176,0.0582811354891406,0.025435358418406856
planned_state,60,2,ridge_alpha_10,state_plus_crossfitted_predicted_uts,q1,147,0.23645983935592263,0.22462395859202572,0.05005450733678872,0.4804725484889316,0.5311802777774828,0.05070772928855116,0.013342756240576514
planned_state,60,2,ridge_alpha_10,state_plus_crossfitted_predicted_uts,q2,108,0.32611905734030794,0.3233541838994241,0.008478110612219335,0.09061195487837181,0.10596637442943346,0.015354419551061649,0.015336904823424646
planned_state,60,2,ridge_alpha_10,state_plus_crossfitted_predicted_uts,q3,106,0.30207862968808435,0.2747452098194371,0.09048445398759505,0.43966409447667343,0.5364797568018833,0.09681566232520988,0.044385856069053736
planned_state,60,2,ridge_alpha_10,state_plus_crossfitted_predicted_uts,q4,67,0.3119337538507306,0.3015067350527604,0.03342702951909409,-0.016884217607677332,0.049962387752999216,0.06684660536067655,0.038263608529311016
planned_state,60,2,ridge_alpha_10,predicted_uts_residual_anchor,all,428,0.28960728794747076,0.29526251153244903,-0.01952721433586307,0.32423911597785116,0.29758998493207134,-0.026649131045779817,0.01160552109067764
planned_state,60,2,ridge_alpha_10,predicted_uts_residual_anchor,q1,147,0.23645983935592263,0.23842323932281045,-0.008303312614251114,0.4804725484889316,0.47180913198543184,-0.008663416503499777,0.003409550534450939
planned_state,60,2,ridge_alpha_10,predicted_uts_residual_anchor,q2,108,0.32611905734030794,0.3475345723293556,-0.06566778146516099,0.09061195487837181,-0.032744551388280696,-0.12335650626665251,-0.003054478342187361
planned_state,60,2,ridge_alpha_10,predicted_uts_residual_anchor,q3,106,0.30207862968808435,0.28811086300788674,0.04623884415332601,0.43966409447667343,0.4902846483215252,0.05062055384485176,0.030964919631905924
planned_state,60,2,ridge_alpha_10,predicted_uts_residual_anchor,q4,67,0.3119337538507306,0.32584231580808615,-0.04458819151713611,-0.016884217607677332,-0.10958794854955745,-0.09270373094188011,0.022590466839103568
planned_state,60,2,ridge_alpha_10,shuffled_uts_residual_anchor,all,428,0.28960728794747076,0.3005240112192444,-0.03769491903723675,0.32423911597785116,0.2723334190371587,-0.05190569694069247,-0.018661635640235236
planned_state,60,2,ridge_alpha_10,shuffled_uts_residual_anchor,q1,147,0.23645983935592263,0.250250572385081,-0.058321671310959465,0.4804725484889316,0.4181060002763183,-0.06236654821261334,-0.017082155620681966
planned_state,60,2,ridge_alpha_10,shuffled_uts_residual_anchor,q2,108,0.32611905734030794,0.32614921584802986,-9.247698668051698e-05,0.09061195487837181,0.09044375216901912,-0.00016820270935269388,-0.007391061983910985
planned_state,60,2,ridge_alpha_10,shuffled_uts_residual_anchor,q3,106,0.30207862968808435,0.337776392494653,-0.11817374450959642,0.43966409447667343,0.299405000287727,-0.14025909418894644,-0.041742851877170056
planned_state,60,2,ridge_alpha_10,shuffled_uts_residual_anchor,q4,67,0.3119337538507306,0.29590723728735285,0.05137794921368747,-0.016884217607677332,0.08492237094154953,0.10180658854922686,-0.003778002754298737
planned_state,60,2,random_forest,state_only,all,428,0.35122837187137074,0.29024614248196456,0.17362557889184277,0.006075817987010401,0.32125445994159973,0.31517864195458933,0.04988389886876335
planned_state,60,2,random_forest,state_only,q1,147,0.29267213465300346,0.2151900002764595,0.2647403876300283,0.20410372829297063,0.5697331449342856,0.365629416641315,0.051730048466701484
planned_state,60,2,random_forest,state_only,q2,108,0.38162629390060365,0.33278693449577684,0.12797692450810857,-0.24529849600735742,0.05304483238224189,0.2983433283895993,0.043118026767390405
planned_state,60,2,random_forest,state_only,q3,106,0.4100328800702985,0.3346367691429048,0.18387820731466054,-0.032394814803055505,0.31236849824121216,0.34476331304426766,0.06858588606147858
planned_state,60,2,random_forest,state_only,q4,67,0.3152033293094496,0.28437098061583016,0.09781733194623053,-0.03831315373895117,0.1548820715953716,0.19319522533432276,0.027151354892995555
planned_state,60,2,random_forest,state_plus_crossfitted_predicted_uts,all,428,0.29024614248196456,0.282069204777358,0.028172425082668213,0.32125445994159973,0.35895956517946415,0.03770510523786441,0.010476709508469129
planned_state,60,2,random_forest,state_plus_crossfitted_predicted_uts,q1,147,0.2151900002764595,0.22098935725626787,-0.02694993713628799,0.5697331449342856,0.5462293131079803,-0.023503831826305333,0.002566073094606963
planned_state,60,2,random_forest,state_plus_crossfitted_predicted_uts,q2,108,0.33278693449577684,0.32731141950204634,0.016453515526463635,0.05304483238224189,0.08394995751570877,0.030905125133466882,0.002285623776662249
planned_state,60,2,random_forest,state_plus_crossfitted_predicted_uts,q3,106,0.3346367691429048,0.31539420089036224,0.05750285093245424,0.31236849824121216,0.38917633462216283,0.07680783638095068,0.020545190479395264
planned_state,60,2,random_forest,state_plus_crossfitted_predicted_uts,q4,67,0.28437098061583016,0.26652865631888645,0.06274312610346036,0.1548820715953716,0.25760577746212643,0.10272370586675483,0.025107184567494695
planned_state,60,2,random_forest,predicted_uts_residual_anchor,all,428,0.29024614248196456,0.27184756219347805,0.06338957731240052,0.32125445994159973,0.4045778842467521,0.08332342430515238,0.009978785772127685
planned_state,60,2,random_forest,predicted_uts_residual_anchor,q1,147,0.2151900002764595,0.19775919913687945,0.08100191048462424,0.5697331449342856,0.6366149054867465,0.06688176055246087,0.012527542958310045
planned_state,60,2,random_forest,predicted_uts_residual_anchor,q2,108,0.33278693449577684,0.3381652043168495,-0.01616130101147615,0.05304483238224189,0.022189444370506517,-0.030855388011735374,-0.0008584963133851931
planned_state,60,2,random_forest,predicted_uts_residual_anchor,q3,106,0.3346367691429048,0.2796918605314761,0.16419268197023734,0.31236849824121216,0.5196385987075021,0.2072701004662899,0.018316153100092075
planned_state,60,2,random_forest,predicted_uts_residual_anchor,q4,67,0.28437098061583016,0.27960941393090283,0.016744207424455704,0.1548820715953716,0.18294678694710986,0.028064715351738267,0.008665326400521034
planned_state,60,2,random_forest,shuffled_uts_residual_anchor,all,428,0.29024614248196456,0.31278109790744585,-0.07764084384646583,0.32125445994159973,0.21176616054747888,-0.10948829939412086,-0.021933894961786465
planned_state,60,2,random_forest,shuffled_uts_residual_anchor,q1,147,0.2151900002764595,0.22595186225378508,-0.05001097617686502,0.5697331449342856,0.5256208745995021,-0.04411227033478349,-0.016206735787597293
planned_state,60,2,random_forest,shuffled_uts_residual_anchor,q2,108,0.33278693449577684,0.34424356834782993,-0.03442633308129012,0.05304483238224189,-0.01327786078229587,-0.06632269316453776,-0.008879529428264366
planned_state,60,2,random_forest,shuffled_uts_residual_anchor,q3,106,0.3346367691429048,0.35914671663931713,-0.07324343812901651,0.31236849824121216,0.20795063873254116,-0.104417859508671,-0.022838091132962757
planned_state,60,2,random_forest,shuffled_uts_residual_anchor,q4,67,0.28437098061583016,0.343297910995433,-0.20721850820358473,0.1548820715953716,-0.23165503102286755,-0.38653710261823915,-0.05411179170927191
planned_state,60,2,extra_trees,state_only,all,428,0.3644421738251245,0.3522471660488617,0.03346212006219268,-0.07011717137491535,0.00030138254244915785,0.07041855391736451,-0.015095034644589722
planned_state,60,2,extra_trees,state_only,q1,147,0.3073713256831669,0.3511541096970616,-0.14244264300380863,0.12214978387911468,-0.14574832485873257,-0.26789810873784725,-0.08002722888123179
planned_state,60,2,extra_trees,state_only,q2,108,0.386274943157954,0.3701791882909812,0.0416691663595457,-0.2758216235178097,-0.1717120104347467,0.10410961308306299,-0.002038135732116697
planned_state,60,2,extra_trees,state_only,q3,106,0.4217077489354044,0.3487948783826118,0.17289905328242172,-0.0920225583446872,0.25295176206843606,0.34497432041312326,0.040015216226338746
planned_state,60,2,extra_trees,state_only,q4,67,0.3453905567694898,0.3297149478626026,0.045385169338456995,-0.24671642937760518,-0.13611956030036643,0.11059686907723876,0.01913184413034874
planned_state,60,2,extra_trees,state_plus_crossfitted_predicted_uts,all,428,0.3522471660488617,0.29007214562027495,0.17650963988156596,0.00030138254244915785,0.3220680052562964,0.32176662271384726,0.06799465313483091
planned_state,60,2,extra_trees,state_plus_crossfitted_predicted_uts,q1,147,0.3511541096970616,0.2471473499542671,0.29618551191817316,-0.14574832485873257,0.43244802915330127,0.5781963540120338,0.11150979039211079
planned_state,60,2,extra_trees,state_plus_crossfitted_predicted_uts,q2,108,0.3701791882909812,0.31189491949824566,0.15744879949037244,-0.1717120104347467,0.16821040177697788,0.3399224122117246,0.05669708171707405
planned_state,60,2,extra_trees,state_plus_crossfitted_predicted_uts,q3,106,0.3487948783826118,0.3203110577011363,0.08166352904479879,0.25295176206843606,0.3699829391392221,0.11703117707078603,0.0339333429625667
planned_state,60,2,extra_trees,state_plus_crossfitted_predicted_uts,q4,67,0.3297149478626026,0.290447446574251,0.11909530199618062,-0.13611956030036643,0.11837907524097269,0.2544986355413391,0.04462019663569103
planned_state,60,2,extra_trees,predicted_uts_residual_anchor,all,428,0.3522471660488617,0.26407701926093285,0.2503076114903317,0.00030138254244915785,0.43813071125621506,0.4378293287137659,0.07861708012896199
planned_state,60,2,extra_trees,predicted_uts_residual_anchor,q1,147,0.3511541096970616,0.19600264418663405,0.44183297653635817,-0.14574832485873257,0.6430416212072243,0.7887899460659569,0.15130667237456646
planned_state,60,2,extra_trees,predicted_uts_residual_anchor,q2,108,0.3701791882909812,0.3054582720385451,0.17483672313193874,-0.1717120104347467,0.20218781443968603,0.37389982487443274,0.054455532997341655
planned_state,60,2,extra_trees,predicted_uts_residual_anchor,q3,106,0.3487948783826118,0.28571211891354653,0.1808591908275282,0.25295176206843606,0.49873685880692786,0.2457850967384918,0.02755572299062567
planned_state,60,2,extra_trees,predicted_uts_residual_anchor,q4,67,0.3297149478626026,0.28573413349097343,0.13339041695481957,-0.13611956030036643,0.14676038429180216,0.2828799445921686,0.038864556050973914
planned_state,60,2,extra_trees,shuffled_uts_residual_anchor,all,428,0.3522471660488617,0.3080585627825743,0.12544771832219023,0.00030138254244915785,0.2353888165462612,0.23508743400381205,0.045924743310220756
planned_state,60,2,extra_trees,shuffled_uts_residual_anchor,q1,147,0.3511541096970616,0.23618693346766553,0.3273980655632296,-0.14574832485873257,0.4816710630728761,0.6274193879316087,0.11463549321330205
planned_state,60,2,extra_trees,shuffled_uts_residual_anchor,q2,108,0.3701791882909812,0.3457474173556749,0.06599985009449419,-0.1717120104347467,-0.022150330681720787,0.14956167975302592,0.028136787722296885
planned_state,60,2,extra_trees,shuffled_uts_residual_anchor,q3,106,0.3487948783826118,0.33563799769941566,0.03772096867994621,0.25295176206843606,0.30824757480872955,0.05529581274029349,0.00804409507295989
planned_state,60,2,extra_trees,shuffled_uts_residual_anchor,q4,67,0.3297149478626026,0.3360278169726517,-0.019146444985199178,-0.13611956030036643,-0.18004134754526957,-0.04392178724490314,-0.016224992795861592
planned_state,60,2,ridge_alpha_10,measured_uts_residual_ceiling,all,195,0.3083646685261161,0.13955375415532276,0.5474392224558514,-0.025760003116024333,0.7899128040005525,0.8156728071165769,0.1050197892101461
planned_state,60,2,ridge_alpha_10,measured_uts_residual_ceiling,q1,75,0.2480702387984982,0.12609125918411543,0.49171146125861365,0.10296299506150253,0.7682439964678537,0.6652810014063512,0.10559445832113609
planned_state,60,2,ridge_alpha_10,measured_uts_residual_ceiling,q2,46,0.20871322247972834,0.14319763372538338,0.31390243500604414,0.377124770497554,0.7067940250056641,0.32966925450811013,0.046332846918688636
planned_state,60,2,ridge_alpha_10,measured_uts_residual_ceiling,q3,31,0.5294669079711014,0.16648305988947318,0.6855647494053397,-0.40072227821959205,0.8615112511510615,1.2622335293706537,0.2174681598583593
planned_state,60,2,ridge_alpha_10,measured_uts_residual_ceiling,q4,43,0.2741875792769502,0.13663545395505516,0.5016716135888745,-0.3150668837430255,0.673427888056527,0.9884947717995525,0.08573140948894079
planned_state,60,2,random_forest,measured_uts_residual_ceiling,all,195,0.2818400374894126,0.1425206294727617,0.4943208539769105,0.14311623892786163,0.7808850549135261,0.6377688159856645,0.06597091856797388
planned_state,60,2,random_forest,measured_uts_residual_ceiling,q1,75,0.21489711626157423,0.15421677823794674,0.2823692522228496,0.3268339498927675,0.6533235971348714,0.32648964724210394,0.04637754457386063
planned_state,60,2,random_forest,measured_uts_residual_ceiling,q2,46,0.20984002874540844,0.1338115135466688,0.36231654967500215,0.37038102602339906,0.7439716253162253,0.37359059929282623,0.06328189915235287
planned_state,60,2,random_forest,measured_uts_residual_ceiling,q3,31,0.4993053188517842,0.13910202903923002,0.721408877920402,-0.24568082028448046,0.9033189579257507,1.1489997782102312,0.1863277956776893
planned_state,60,2,random_forest,measured_uts_residual_ceiling,q4,43,0.22986569093907644,0.13239033478029966,0.4240535234316966,0.07572629880373793,0.6934051556500515,0.6176788568463135,0.01625312210927342
planned_state,60,2,extra_trees,measured_uts_residual_ceiling,all,195,0.29563510431391654,0.1246016539313417,0.5785288955433555,0.057180534874692324,0.832519537780488,0.7753390029057957,0.09966601986456465
planned_state,60,2,extra_trees,measured_uts_residual_ceiling,q1,75,0.22143165471401682,0.12470172913901167,0.4368387424098586,0.2852725853035748,0.7733237701270246,0.4880511848234498,0.08386120721162119
planned_state,60,2,extra_trees,measured_uts_residual_ceiling,q2,46,0.19366722057816751,0.12937221563891227,0.331987027785658,0.46369311453854756,0.7606777015822039,0.2969845870436564,0.048429177874676196
planned_state,60,2,extra_trees,measured_uts_residual_ceiling,q3,31,0.5246078825186153,0.12733150568769083,0.7572825153210073,-0.3751308223206453,0.9189885991423378,1.294119421462983,0.24559373652098263
planned_state,60,2,extra_trees,measured_uts_residual_ceiling,q4,43,0.2688773425025968,0.11700476705586475,0.564839618069586,-0.2646219072449456,0.7605254314951376,1.0251473387400831,0.07684035624030106
characterized_state,30,0,ridge_alpha_10,state_only,all,428,0.3985416360975235,0.39102267621202796,0.018866184118478554,-0.27973920458546875,-0.23190711496119643,0.04783208962427232,-0.006011979234680331
characterized_state,30,0,ridge_alpha_10,state_only,q1,88,0.3336040028497773,0.3145160528551066,0.05721738897499404,0.00725947045464892,0.11761344918327177,0.11035397872862285,0.023145070070923424
characterized_state,30,0,ridge_alpha_10,state_only,q2,100,0.3501018375756978,0.3444970896033564,0.016008907611430506,-0.4619430033721348,-0.4155094566661195,0.046433546706015294,0.0110970529346614
characterized_state,30,0,ridge_alpha_10,state_only,q3,142,0.3872646150784677,0.3975277151420582,-0.026501517732290047,-0.28114148357365254,-0.34994565572722114,-0.0688041721535686,-0.0529793197837978
characterized_state,30,0,ridge_alpha_10,state_only,q4,98,0.5013703878885013,0.4783883064493262,0.045838529746368,-0.6302799042536318,-0.4842461330273804,0.14603377122625139,0.018402702419884842
characterized_state,30,0,ridge_alpha_10,state_plus_crossfitted_predicted_uts,all,428,0.39102267621202796,0.3913860260898498,-0.000929229683919419,-0.23190711496119643,-0.2341976279914364,-0.002290513030239971,-0.003282471660052688
characterized_state,30,0,ridge_alpha_10,state_plus_crossfitted_predicted_uts,q1,88,0.3145160528551066,0.3154453020175615,-0.0029545365141759447,0.11761344918327177,0.11239166001068346,-0.005221789172588309,-0.0009322297972650939
characterized_state,30,0,ridge_alpha_10,state_plus_crossfitted_predicted_uts,q2,100,0.3444970896033564,0.34567351230858234,-0.0034148988212946625,-0.4155094566661195,-0.42519360682792007,-0.009684150161800575,-0.0010179345310194488
characterized_state,30,0,ridge_alpha_10,state_plus_crossfitted_predicted_uts,q3,142,0.3975277151420582,0.4024533166839442,-0.012390586503197137,-0.34994565572722114,-0.3836061451834907,-0.03366048945626954,-0.009726529304484255
characterized_state,30,0,ridge_alpha_10,state_plus_crossfitted_predicted_uts,q4,98,0.4783883064493262,0.47226396785319574,0.012802024032707323,-0.4842461330273804,-0.4464866794955227,0.03775945353185772,0.0016336629183212326
characterized_state,30,0,ridge_alpha_10,predicted_uts_residual_anchor,all,428,0.39102267621202796,1.427907158847925,-2.6517246843087365,-0.23190711496119643,-15.427596154780819,-15.195689039819623,-0.8522421370787334
characterized_state,30,0,ridge_alpha_10,predicted_uts_residual_anchor,q1,88,0.3145160528551066,0.32799802114858223,-0.042865755725627806,0.11761344918327177,0.04034375502251364,-0.07726969416075813,-0.04123169287058251
characterized_state,30,0,ridge_alpha_10,predicted_uts_residual_anchor,q2,100,0.3444970896033564,0.31704660846686855,0.07968276645847286,-0.4155094566661195,-0.19891359319852486,0.21659586346759463,0.014880427550798492
characterized_state,30,0,ridge_alpha_10,predicted_uts_residual_anchor,q3,142,0.3975277151420582,1.6098546214576452,-3.049666375795602,-0.34994565572722114,-21.13883573450408,-20.78889007877686,-1.2710649536629828
characterized_state,30,0,ridge_alpha_10,predicted_uts_residual_anchor,q4,98,0.4783883064493262,2.2249201007439567,-3.6508664002631384,-0.4842461330273804,-31.105072472067036,-30.620826339039656,-1.8584496431839068
characterized_state,30,0,ridge_alpha_10,shuffled_uts_residual_anchor,all,428,0.39102267621202796,0.8690617146741544,-1.2225353350170278,-0.23190711496119643,-5.085206383753151,-4.853299268791955,-0.4249755949338729
characterized_state,30,0,ridge_alpha_10,shuffled_uts_residual_anchor,q1,88,0.3145160528551066,0.3316032473344744,-0.05432852893915606,0.11761344918327177,0.01913148017297095,-0.09848196901030082,-0.019909289209949055
characterized_state,30,0,ridge_alpha_10,shuffled_uts_residual_anchor,q2,100,0.3444970896033564,0.3364162048645317,0.02345704791912398,-0.4155094566661195,-0.3498809705084267,0.06562848615769279,-0.014649882647714496
characterized_state,30,0,ridge_alpha_10,shuffled_uts_residual_anchor,q3,142,0.3975277151420582,1.1281881537975542,-1.8380113154988236,-0.34994565572722114,-9.872878400790814,-9.522932745063592,-0.7710958830852495
characterized_state,30,0,ridge_alpha_10,shuffled_uts_residual_anchor,q4,98,0.4783883064493262,1.1135614834705418,-1.3277355831198543,-0.4842461330273804,-7.042169405878482,-6.557923272851102,-0.7058870767178081
characterized_state,30,0,random_forest,state_only,all,428,0.37638939577002506,0.35029410992569293,0.06933055537057803,-0.14142882194514939,0.011356430847160981,0.15278525279231037,0.018373185414987947
characterized_state,30,0,random_forest,state_only,q1,88,0.3659686173152189,0.2937697094572883,0.1972816914947209,-0.19470570371401852,0.23018339582115432,0.42488909953517284,0.07587573014280002
characterized_state,30,0,random_forest,state_only,q2,100,0.33899797508023266,0.2808382739688915,0.17156356493744887,-0.37067934631065347,0.059293270014574406,0.4299726163252279,0.01623680713628986
characterized_state,30,0,random_forest,state_only,q3,142,0.3538951552502807,0.3547242242786764,-0.0023426967453379194,-0.06986922497388126,-0.07488785496272876,-0.0050186299888475006,-0.008841812467948185
characterized_state,30,0,random_forest,state_only,q4,98,0.4468931311153901,0.4422683313664899,0.010348782352857489,-0.29524574513903645,-0.26857602983642104,0.026669715302615415,0.008352201651715296
characterized_state,30,0,random_forest,state_plus_crossfitted_predicted_uts,all,428,0.35029410992569293,0.3426195636547571,0.02190886473244959,0.011356430847160981,0.05420200001176001,0.04284556916459903,0.00336202880577241
characterized_state,30,0,random_forest,state_plus_crossfitted_predicted_uts,q1,88,0.2937697094572883,0.2910641795813885,0.009209696537120834,0.23018339582115432,0.24429765575102724,0.014114259929872919,0.0009354867347050322
characterized_state,30,0,random_forest,state_plus_crossfitted_predicted_uts,q2,100,0.2808382739688915,0.2823305996110707,-0.005313825715737451,0.059293270014574406,0.049269204294180025,-0.010024065720394382,-0.0006251111543854326
characterized_state,30,0,random_forest,state_plus_crossfitted_predicted_uts,q3,142,0.3547242242786764,0.34835680967582033,0.017950323567002085,-0.07488785496272876,-0.03664502941324321,0.03824282554948555,-0.002926594599446164
characterized_state,30,0,random_forest,state_plus_crossfitted_predicted_uts,q4,98,0.4422683313664899,0.4235878383574598,0.04223791685765165,-0.26857602983642104,-0.1636752045207035,0.10490082531571754,0.018721561681392496
characterized_state,30,0,random_forest,predicted_uts_residual_anchor,all,428,0.35029410992569293,0.2621765663103756,0.2515530267808656,0.011356430847160981,0.4461886927592701,0.4348322619121091,0.0385563145823167
characterized_state,30,0,random_forest,predicted_uts_residual_anchor,q1,88,0.2937697094572883,0.3027279049062209,-0.03049393848495147,0.23018339582115432,0.18251807819333532,-0.047665317627819004,-0.035250109104722205
characterized_state,30,0,random_forest,predicted_uts_residual_anchor,q2,100,0.2808382739688915,0.2843753201378864,-0.012594601579792919,0.059293270014574406,0.0354483984254359,-0.023844871589138505,0.009854123037397078
characterized_state,30,0,random_forest,predicted_uts_residual_anchor,q3,142,0.3547242242786764,0.22366280959270626,0.3694741033051253,-0.07488785496272876,0.5726644603238648,0.6475523152865935,0.057088363332885916
characterized_state,30,0,random_forest,predicted_uts_residual_anchor,q4,98,0.4422683313664899,0.25079600386449163,0.432932484472493,-0.26857602983642104,0.5920696294717744,0.8606456593081955,0.10726686066773067
characterized_state,30,0,random_forest,shuffled_uts_residual_anchor,all,428,0.35029410992569293,0.3769302721917154,-0.07603942376214294,0.011356430847160981,-0.1447116749133437,-0.15606810576050467,-0.029350463102215896
characterized_state,30,0,random_forest,shuffled_uts_residual_anchor,q1,88,0.2937697094572883,0.31883903820662973,-0.08533666999111186,0.23018339582115432,0.09319015298544797,-0.13699324283570635,-0.023225385368980833
characterized_state,30,0,random_forest,shuffled_uts_residual_anchor,q2,100,0.2808382739688915,0.3197299055376979,-0.13848408558839975,0.059293270014574406,-0.21929327760274608,-0.2785865476173205,-0.022239205125520828
characterized_state,30,0,random_forest,shuffled_uts_residual_anchor,q3,142,0.3547242242786764,0.3578787114918909,-0.00889278768493768,-0.07488785496272876,-0.09409035785098507,-0.019202502888256312,-0.012436168105191048
characterized_state,30,0,random_forest,shuffled_uts_residual_anchor,q4,98,0.4422683313664899,0.48920071364013973,-0.10611743809157986,-0.26857602983642104,-0.5520974278041162,-0.28352139796769515,-0.06661538685498852
characterized_state,30,0,extra_trees,state_only,all,428,0.40092108975357255,0.38528129980204806,0.039009646414803305,-0.295065935989568,-0.1959965773390704,0.0990693586504976,0.01712652119465302
characterized_state,30,0,extra_trees,state_only,q1,88,0.37322216416081755,0.32782681811794095,0.12163089548807239,-0.24253348218427107,0.04134530484075494,0.283878787025026,0.03607232620545364
characterized_state,30,0,extra_trees,state_only,q2,100,0.4036136416157724,0.38711441501020316,0.04087876351135819,-0.9430023839886372,-0.7873942134922849,0.15560817049635234,0.010879876666444244
characterized_state,30,0,extra_trees,state_only,q3,142,0.37691138436488203,0.36339711851465106,0.03585528697416053,-0.21355641695303773,-0.1280917398508461,0.08546467710219163,0.020442980555755275
characterized_state,30,0,extra_trees,state_only,q4,98,0.4525954052901383,0.45555219540095115,-0.0065329653731623335,-0.3285108229200051,-0.3459257536871183,-0.0174149307671132,0.00168260673132542
characterized_state,30,0,extra_trees,state_plus_crossfitted_predicted_uts,all,428,0.38528129980204806,0.3866592066155299,-0.0035763656689015797,-0.1959965773390704,-0.2045665168020434,-0.00856993946297302,-0.002359133616070541
characterized_state,30,0,extra_trees,state_plus_crossfitted_predicted_uts,q1,88,0.32782681811794095,0.33318133569877745,-0.016333372637348173,0.04134530484075494,0.009773427107517607,-0.03157187773323733,-0.004997322399952264
characterized_state,30,0,extra_trees,state_plus_crossfitted_predicted_uts,q2,100,0.38711441501020316,0.40329697510495277,-0.041803041858627474,-0.7873942134922849,-0.9399547049566215,-0.1525604914643366,-0.01137202247087643
characterized_state,30,0,extra_trees,state_plus_crossfitted_predicted_uts,q3,142,0.36339711851465106,0.3582277660440102,0.014225078315893314,-0.1280917398508461,-0.0962256257391747,0.031866114111671395,0.002705579613014264
characterized_state,30,0,extra_trees,state_plus_crossfitted_predicted_uts,q4,98,0.45555219540095115,0.44871842424202624,0.015001071727708875,-0.3459257536871183,-0.30584797271475916,0.040077780972359145,0.0018680114852776541
characterized_state,30,0,extra_trees,predicted_uts_residual_anchor,all,428,0.38528129980204806,0.2850308330228319,0.2602007074590005,-0.1959965773390704,0.3454274933125524,0.5414240706516228,0.047826325871332426
characterized_state,30,0,extra_trees,predicted_uts_residual_anchor,q1,88,0.32782681811794095,0.29302776339097053,0.10615072594350992,0.04134530484075494,0.2340669897912605,0.19272168495050557,0.020521690964014433
characterized_state,30,0,extra_trees,predicted_uts_residual_anchor,q2,100,0.38711441501020316,0.31090611283038944,0.1968624758595081,-0.7873942134922849,-0.1529226798363419,0.634471533655943,0.051456147303035715
characterized_state,30,0,extra_trees,predicted_uts_residual_anchor,q3,142,0.36339711851465106,0.24245403686095968,0.3328124398675311,-0.1280917398508461,0.4978420998263374,0.6259338396771835,0.050828883349043424
characterized_state,30,0,extra_trees,predicted_uts_residual_anchor,q4,98,0.45555219540095115,0.30642932471814466,0.3273453013469884,-0.3459257536871183,0.3910165872967395,0.7369423409838578,0.0642902296145843
characterized_state,30,0,extra_trees,shuffled_uts_residual_anchor,all,428,0.38528129980204806,0.3820653728088673,0.008346958429679916,-0.1959965773390704,-0.17611403704560225,0.019882540293468143,-0.007471449017450615
characterized_state,30,0,extra_trees,shuffled_uts_residual_anchor,q1,88,0.32782681811794095,0.29739720697242256,0.09282221424170019,0.04134530484075494,0.2110544740154049,0.16970916917464995,0.03647572683482572
characterized_state,30,0,extra_trees,shuffled_uts_residual_anchor,q2,100,0.38711441501020316,0.35495980686208745,0.08306228572570261,-0.7873942134922849,-0.5027959620703093,0.2845982514219756,0.016245088675616637
characterized_state,30,0,extra_trees,shuffled_uts_residual_anchor,q3,142,0.36339711851465106,0.35703019647585416,0.017520562806939848,-0.1280917398508461,-0.08890842594871495,0.039183313902131145,-0.0071005493876087344
characterized_state,30,0,extra_trees,shuffled_uts_residual_anchor,q4,98,0.45555219540095115,0.4948017062025081,-0.08615809823287479,-0.3459257536871183,-0.58784166042265,-0.24191590673553165,-0.0716721938311709
characterized_state,30,0,ridge_alpha_10,measured_uts_residual_ceiling,all,195,0.29519034610595024,0.12650065788942355,0.5714607216727212,0.060015186570085866,0.8273756306664208,0.767360444096335,0.14475566900381062
characterized_state,30,0,ridge_alpha_10,measured_uts_residual_ceiling,q1,55,0.2803908256228721,0.13591988449056805,0.5152484601140931,-0.016645627345299063,0.7611044875596042,0.7777501149049033,0.12132026502714753
characterized_state,30,0,ridge_alpha_10,measured_uts_residual_ceiling,q2,22,0.2653120257587776,0.1143948375962944,0.5688290522484553,0.2342246733025316,0.857635944833409,0.6234112715308774,0.10320531206382272
characterized_state,30,0,ridge_alpha_10,measured_uts_residual_ceiling,q3,56,0.23292916520928633,0.11674418021327461,0.4987996453411911,0.23228566763658376,0.80714878127146,0.5748631136348762,0.10369833226548637
characterized_state,30,0,ridge_alpha_10,measured_uts_residual_ceiling,q4,62,0.3610202705408015,0.13033814858743914,0.6389727690575516,-0.036399596762362485,0.8649149909983447,0.9013145877607072,0.217372861402881
characterized_state,30,0,random_forest,measured_uts_residual_ceiling,all,195,0.26723160358684445,0.11765353495618054,0.5597319576838684,0.22964275350405505,0.8506770719910444,0.6210343184869893,0.12689638898915395
characterized_state,30,0,random_forest,measured_uts_residual_ceiling,q1,55,0.25100151018291983,0.1248336668505868,0.5026577060846644,0.18530571992515732,0.7984858934136777,0.6131801734885204,0.09604150669671345
characterized_state,30,0,random_forest,measured_uts_residual_ceiling,q2,22,0.24656977451540152,0.11025602854077685,0.5528404535492248,0.3385954564127296,0.8677510635900465,0.5291556071773169,0.11754796061157807
characterized_state,30,0,random_forest,measured_uts_residual_ceiling,q3,56,0.2169792081583513,0.10502720207178312,0.5159572985669009,0.33382528020324287,0.8439170373010372,0.5100917570977943,0.09708194418414828
characterized_state,30,0,random_forest,measured_uts_residual_ceiling,q4,62,0.3234486688166764,0.12424021264633789,0.6158889350175235,0.16809296504608617,0.8772593460633854,0.7091663810172992,0.1845140157548188
characterized_state,30,0,extra_trees,measured_uts_residual_ceiling,all,195,0.2976541671230226,0.13431382644704634,0.5487587902925832,0.04425844191896111,0.8053932139419708,0.7611347720230097,0.14941599412629364
characterized_state,30,0,extra_trees,measured_uts_residual_ceiling,q1,55,0.2755446341320416,0.1470599310733095,0.4662936132414829,0.01819347406036531,0.7203397675004166,0.7021462934400513,0.10423364743167028
characterized_state,30,0,extra_trees,measured_uts_residual_ceiling,q2,22,0.2572664251851669,0.1261719612215449,0.5095669357914352,0.2799648105343234,0.8268138309304978,0.5468490203961743,0.11108166478585875
characterized_state,30,0,extra_trees,measured_uts_residual_ceiling,q3,56,0.23307911845877058,0.12290715280188654,0.4726805489285922,0.2312968836461773,0.786249950314839,0.5549530666686617,0.10445940997719237
characterized_state,30,0,extra_trees,measured_uts_residual_ceiling,q4,62,0.37248950634098876,0.13513458457399508,0.6372123716948724,-0.10329625895937111,0.8547898137514363,0.9580860727108074,0.24370555906247937
characterized_state,30,1,ridge_alpha_10,state_only,all,428,0.3620145158938325,0.27577194388381526,0.23822959639361388,-0.055907916775902455,0.3872628152680232,0.44317073204392565,0.08343258644582494
characterized_state,30,1,ridge_alpha_10,state_only,q1,193,0.34071263944386887,0.24758699620698899,0.2733260597226009,-0.25526930937871883,0.33714874540660966,0.5924180547853285,0.1037778038058701
characterized_state,30,1,ridge_alpha_10,state_only,q2,61,0.36609981026822996,0.25983771312578896,0.2902544447225637,0.09442947121182665,0.5438290308609111,0.4493995596490844,0.09801650241669352
characterized_state,30,1,ridge_alpha_10,state_only,q3,94,0.3954343922467739,0.3050159652172391,0.22865595103095754,0.05444272974219322,0.4374202384231829,0.3829775086809897,0.07384193339266668
characterized_state,30,1,ridge_alpha_10,state_only,q4,80,0.3676361363682431,0.3133484961781962,0.1476667683605227,-0.15343859334455323,0.16205923000928024,0.3154978233538335,0.034498530974389624
characterized_state,30,1,ridge_alpha_10,state_plus_crossfitted_predicted_uts,all,428,0.27577194388381526,0.28040203827009674,-0.01678957736263473,0.3872628152680232,0.36651489410733995,-0.020747921160683247,-0.005011227883470082
characterized_state,30,1,ridge_alpha_10,state_plus_crossfitted_predicted_uts,q1,193,0.24758699620698899,0.2601119190955576,-0.05058796738297778,0.33714874540660966,0.2683878193326872,-0.06876092607392248,-0.008048329034254093
characterized_state,30,1,ridge_alpha_10,state_plus_crossfitted_predicted_uts,q2,61,0.25983771312578896,0.21889027938494757,0.15758849340325937,0.5438290308609111,0.6762750117489786,0.13244598088806758,0.03678351599753196
characterized_state,30,1,ridge_alpha_10,state_plus_crossfitted_predicted_uts,q3,94,0.3050159652172391,0.30464196075722144,0.0012261799468473715,0.4374202384231829,0.43879904061909547,0.0013788021959125762,-0.010557700061685188
characterized_state,30,1,ridge_alpha_10,state_plus_crossfitted_predicted_uts,q4,80,0.3133484961781962,0.3344225021491151,-0.06725421129493617,0.16205923000928024,0.04555902466992867,-0.11650020533935157,-0.023035608757064868
characterized_state,30,1,ridge_alpha_10,predicted_uts_residual_anchor,all,428,0.27577194388381526,0.31926010473624306,-0.15769610294638847,0.3872628152680232,0.17877269732677648,-0.20849011794124672,-0.03776625514708304
characterized_state,30,1,ridge_alpha_10,predicted_uts_residual_anchor,q1,193,0.24758699620698899,0.31097406155778695,-0.25601936419069754,0.33714874540660966,-0.0457039599869713,-0.38285270539358096,-0.05114341945579792
characterized_state,30,1,ridge_alpha_10,predicted_uts_residual_anchor,q2,61,0.25983771312578896,0.2110211224029632,0.1878733850278053,0.5438290308609111,0.6991326020978121,0.15530357123690108,0.031051706937101214
characterized_state,30,1,ridge_alpha_10,predicted_uts_residual_anchor,q3,94,0.3050159652172391,0.33578291076774053,-0.10086995127808643,0.4374202384231829,0.3182013453613812,-0.11921889306180167,-0.03719839666615152
characterized_state,30,1,ridge_alpha_10,predicted_uts_residual_anchor,q4,80,0.3133484961781962,0.3815410000035867,-0.21762511917915994,0.16205923000928024,-0.24234014499818768,-0.4043993750074679,-0.058634776056593535
characterized_state,30,1,ridge_alpha_10,shuffled_uts_residual_anchor,all,428,0.27577194388381526,0.3157013599226885,-0.14479143699873903,0.3872628152680232,0.19697885469486698,-0.19028396057315622,-0.03355150162593207
characterized_state,30,1,ridge_alpha_10,shuffled_uts_residual_anchor,q1,193,0.24758699620698899,0.27881648222499994,-0.1261354049140057,0.33714874540660966,0.15938466610794066,-0.177764079298669,-0.022752823413366957
characterized_state,30,1,ridge_alpha_10,shuffled_uts_residual_anchor,q2,61,0.25983771312578896,0.3034499166182637,-0.16784400912334776,0.5438290308609111,0.37784683097502747,-0.16598219988588359,-0.034502187506219084
characterized_state,30,1,ridge_alpha_10,shuffled_uts_residual_anchor,q3,94,0.3050159652172391,0.34328406761840713,-0.12546262086285426,0.4374202384231829,0.28739928129897885,-0.15002095712420405,-0.03985459480046802
characterized_state,30,1,ridge_alpha_10,shuffled_uts_residual_anchor,q4,80,0.3133484961781962,0.3701308066287999,-0.18121137054480227,0.16205923000928024,-0.16914549171519866,-0.3312047217244789,-0.051472280349946636
characterized_state,30,1,random_forest,state_only,all,428,0.3523371760161262,0.2865180223091239,0.18680729195601495,-0.00020959012217436346,0.33857902132918705,0.3387886114513614,0.06603543380636012
characterized_state,30,1,random_forest,state_only,q1,193,0.3372155829013642,0.25738498037209323,0.23673461897109746,-0.22963351442539803,0.28364743347353494,0.513280947898933,0.08697136493488478
characterized_state,30,1,random_forest,state_only,q2,61,0.3707269680207116,0.29489332961188675,0.20455387643822073,0.07139368816864289,0.41243871663080434,0.34104502846216145,0.07882968738268553
characterized_state,30,1,random_forest,state_only,q3,94,0.38517987270157616,0.32482400105804815,0.15669528945062408,0.10284778958766216,0.36197869076488465,0.2591309011772225,0.04342929215420843
characterized_state,30,1,random_forest,state_only,q4,80,0.33271171101889657,0.2984807483664932,0.10288475433453924,0.05529923410900062,0.2396899313429487,0.18439069723394808,0.03233409804812443
characterized_state,30,1,random_forest,state_plus_crossfitted_predicted_uts,all,428,0.2865180223091239,0.27859903663579166,0.02763870003538008,0.33857902132918705,0.37463539539180635,0.0360563740626193,0.003886269590596292
characterized_state,30,1,random_forest,state_plus_crossfitted_predicted_uts,q1,193,0.25738498037209323,0.24941764705618913,0.030954927146043965,0.28364743347353494,0.3273103020765906,0.04366286860305568,0.0019291723998801913
characterized_state,30,1,random_forest,state_plus_crossfitted_predicted_uts,q2,61,0.29489332961188675,0.2750880248462564,0.06716091134274349,0.41243871663080434,0.4887107722710703,0.07627205564026596,0.019073372934591548
characterized_state,30,1,random_forest,state_plus_crossfitted_predicted_uts,q3,94,0.32482400105804815,0.3166340387031533,0.025213538187503673,0.36197869076488465,0.3937466355477446,0.031767944782859936,0.0005528277388287539
characterized_state,30,1,random_forest,state_plus_crossfitted_predicted_uts,q4,80,0.2984807483664932,0.29945035639890977,-0.0032484776245134414,0.2396899313429487,0.23474220759824005,-0.004947723744708643,0.0009443944392293624
characterized_state,30,1,random_forest,predicted_uts_residual_anchor,all,428,0.2865180223091239,0.2729279394092222,0.047431860622154286,0.33857902132918705,0.39983582405819384,0.0612568027290068,0.010728521685821335
characterized_state,30,1,random_forest,predicted_uts_residual_anchor,q1,193,0.25738498037209323,0.26478537944132885,-0.02875225686649275,0.28364743347353494,0.24186172434119002,-0.04178570913234492,-0.00577812404694078
characterized_state,30,1,random_forest,predicted_uts_residual_anchor,q2,61,0.29489332961188675,0.22725272177321829,0.22937313613600963,0.41243871663080434,0.6510674699612256,0.23862875333042122,0.07308955172119183
characterized_state,30,1,random_forest,predicted_uts_residual_anchor,q3,94,0.32482400105804815,0.2896812258111101,0.10819020494934978,0.36197869076488465,0.49256588690894554,0.1305871961440609,0.018144399500650027
characterized_state,30,1,random_forest,predicted_uts_residual_anchor,q4,80,0.2984807483664932,0.30232003775308397,-0.01286277057264901,0.2396899313429487,0.2200047494286278,-0.019685181914320893,-0.005713137318283906
characterized_state,30,1,random_forest,shuffled_uts_residual_anchor,all,428,0.2865180223091239,0.3277511197808746,-0.14391100824807598,0.33857902132918705,0.13450922281478805,-0.204069798514399,-0.04177067949263197
characterized_state,30,1,random_forest,shuffled_uts_residual_anchor,q1,193,0.25738498037209323,0.2804242329981702,-0.08951280914981856,0.28364743347353494,0.14966216658679332,-0.13398526688674162,-0.03167832357552067
characterized_state,30,1,random_forest,shuffled_uts_residual_anchor,q2,61,0.29489332961188675,0.34780206271563635,-0.1794165136708366,0.41243871663080434,0.18268855718207766,-0.22975015944872668,-0.03478816373262217
characterized_state,30,1,random_forest,shuffled_uts_residual_anchor,q3,94,0.32482400105804815,0.3603955382971581,-0.10951018743455807,0.36197869076488465,0.21458756591617956,-0.1473911248487051,-0.044254753603255925
characterized_state,30,1,random_forest,shuffled_uts_residual_anchor,q4,80,0.2984807483664932,0.37434755858190905,-0.25417656123758403,0.2396899313429487,-0.19593644877308702,-0.4356263801160357,-0.06852386932968707
characterized_state,30,1,extra_trees,state_only,all,428,0.3516370046988708,0.26757776699667474,0.2390511708919298,0.0037617320714625757,0.42313508455628046,0.4193733524848179,0.07275092329991067
characterized_state,30,1,extra_trees,state_only,q1,193,0.327668290149098,0.21805385443545375,0.33452866514415136,-0.160992062747928,0.48585222981401666,0.6468442925619446,0.09086715742751958
characterized_state,30,1,extra_trees,state_only,q2,61,0.36292067277893836,0.2814105019146454,0.22459500650695174,0.11008877010740081,0.46493828878363785,0.35484951867623704,0.09323206536894466
characterized_state,30,1,extra_trees,state_only,q3,94,0.3907627850835042,0.3106255119078707,0.205079081823282,0.07665212620592676,0.4165371561438227,0.33988502993789593,0.055824354498759
characterized_state,30,1,extra_trees,state_only,q4,80,0.35021563083160484,0.30754318098745537,0.12184621726569306,-0.046716675836710575,0.1928201793418446,0.23953685517855516,0.03331735598076893
characterized_state,30,1,extra_trees,state_plus_crossfitted_predicted_uts,all,428,0.26757776699667474,0.2651298253748337,0.009148523994788601,0.42313508455628046,0.43364172860515526,0.010506644048874803,0.000217787504583844
characterized_state,30,1,extra_trees,state_plus_crossfitted_predicted_uts,q1,193,0.21805385443545375,0.21946633007315916,-0.006477645815353016,0.48585222981401666,0.4791697219233697,-0.006682507890646949,-0.004195811539510014
characterized_state,30,1,extra_trees,state_plus_crossfitted_predicted_uts,q2,61,0.2814105019146454,0.27447676902202295,0.0246392115626357,0.46493828878363785,0.49098045517344213,0.026042166389804278,0.006954424479533178
characterized_state,30,1,extra_trees,state_plus_crossfitted_predicted_uts,q3,94,0.3106255119078707,0.2982502042968646,0.03983995884625378,0.4165371561438227,0.46210134226975197,0.045564186125929274,0.004912236243210993
characterized_state,30,1,extra_trees,state_plus_crossfitted_predicted_uts,q4,80,0.30754318098745537,0.31290242996160195,-0.017426004884709776,0.1928201793418446,0.16444322756471452,-0.028376951777130066,0.0002129322371743625
characterized_state,30,1,extra_trees,predicted_uts_residual_anchor,all,428,0.26757776699667474,0.2668046270483201,0.0028894027969231795,0.42313508455628046,0.4264638587141161,0.0033287741578356123,-0.002839893071590688
characterized_state,30,1,extra_trees,predicted_uts_residual_anchor,q1,193,0.21805385443545375,0.2359753423417363,-0.08218835641627015,0.48585222981401666,0.39786527933577365,-0.08798695047824301,-0.011134800003615636
characterized_state,30,1,extra_trees,predicted_uts_residual_anchor,q2,61,0.2814105019146454,0.23454039028264465,0.16655423771717276,0.46493828878363785,0.6283290997373585,0.16339081095372066,0.022275263634307596
characterized_state,30,1,extra_trees,predicted_uts_residual_anchor,q3,94,0.3106255119078707,0.3034344696769697,0.023150198406864317,0.4165371561438227,0.44323902111464253,0.026701864970819833,-0.006060593560248656
characterized_state,30,1,extra_trees,predicted_uts_residual_anchor,q4,80,0.30754318098745537,0.31043517449819263,-0.009403536444708984,0.1928201793418446,0.17756811353533108,-0.015252065806513504,0.0018055859878452207
characterized_state,30,1,extra_trees,shuffled_uts_residual_anchor,all,428,0.26757776699667474,0.31162309961454415,-0.16460759469009537,0.42313508455628046,0.2175918564244148,-0.20554322813186565,-0.03561054438673611
characterized_state,30,1,extra_trees,shuffled_uts_residual_anchor,q1,193,0.21805385443545375,0.25744357211140845,-0.18064215272844203,0.48585222981401666,0.28332125189046165,-0.202530977923555,-0.028105000470941055
characterized_state,30,1,extra_trees,shuffled_uts_residual_anchor,q2,61,0.2814105019146454,0.3124471032274586,-0.11028942097628938,0.46493828878363785,0.3404066358472484,-0.12453165293638946,-0.018984657438951474
characterized_state,30,1,extra_trees,shuffled_uts_residual_anchor,q3,94,0.3106255119078707,0.3336686798126565,-0.0741831144623442,0.4165371561438227,0.32676009979444043,-0.08977705634938227,-0.02879724948699275
characterized_state,30,1,extra_trees,shuffled_uts_residual_anchor,q4,80,0.30754318098745537,0.3929161846387427,-0.27759680243006174,0.1928201793418446,-0.3175221597054261,-0.5103423390472707,-0.07440052938847588
characterized_state,30,1,ridge_alpha_10,measured_uts_residual_ceiling,all,195,0.8047918623478917,0.7570470729697767,0.05932563636866907,-5.986886517045956,-5.182474103929454,0.804412413116502,0.013497078971318355
characterized_state,30,1,ridge_alpha_10,measured_uts_residual_ceiling,q1,55,0.6424590908018655,0.5718766214270548,0.10986297864773832,-3.156359985698579,-2.2932665506238776,0.8630934350747013,0.06062789233592092
characterized_state,30,1,ridge_alpha_10,measured_uts_residual_ceiling,q2,62,0.8695277584667748,0.8566548259469053,0.014804510143032211,-12.93863231611398,-12.528978048222891,0.4096542678910886,-0.07286725295226876
characterized_state,30,1,ridge_alpha_10,measured_uts_residual_ceiling,q3,46,0.5980217902088377,0.5539865767788861,0.07363479751226777,-1.3091917071211805,-0.9816386096128173,0.32755309750836314,0.043634041259983436
characterized_state,30,1,ridge_alpha_10,measured_uts_residual_ceiling,q4,32,1.1218042777874107,1.0331154134955598,0.07905912470469112,-21.663852802426092,-18.221940975990666,3.441911826435426,0.056500003312901836
characterized_state,30,1,random_forest,measured_uts_residual_ceiling,all,195,0.2978436159121637,0.11895064996515033,0.60062716267778,0.04304144768807505,0.8473663901772444,0.8043249424891693,0.11036738512135891
characterized_state,30,1,random_forest,measured_uts_residual_ceiling,q1,55,0.2706286525062562,0.1268580194978578,0.5312469011575734,0.2624868846725922,0.8379466357662367,0.5754597510936446,0.11938031475900521
characterized_state,30,1,random_forest,measured_uts_residual_ceiling,q2,62,0.28645062137153743,0.13016239279446606,0.5456026865250173,-0.5126999683060363,0.6876623719392849,1.2003623402453212,0.10039378314172155
characterized_state,30,1,random_forest,measured_uts_residual_ceiling,q3,46,0.3756291752053582,0.09575682352326179,0.7450761819262014,0.0889449809298708,0.940794039119864,0.8518490581899932,0.13339481533704614
characterized_state,30,1,random_forest,measured_uts_residual_ceiling,q4,32,0.22998620300644165,0.11205217900842254,0.5127873866186482,0.04741634842313758,0.7738793786797757,0.7264630302566382,0.08109833520715116
characterized_state,30,1,extra_trees,measured_uts_residual_ceiling,all,195,0.30250363645742456,0.12346408528106388,0.5918591699361582,0.012862305210248781,0.835563651966216,0.8227013467559672,0.1136240597583689
characterized_state,30,1,extra_trees,measured_uts_residual_ceiling,q1,55,0.26985935453395415,0.1361995638574365,0.49529426507132757,0.2666738835754596,0.8132013938432818,0.5465275102678222,0.11679480127218154
characterized_state,30,1,extra_trees,measured_uts_residual_ceiling,q2,62,0.2967272916256789,0.12993143815147107,0.5621183429417089,-0.6231858407600381,0.6887697859389355,1.3119556266989736,0.0966193874215888
characterized_state,30,1,extra_trees,measured_uts_residual_ceiling,q3,46,0.3733662270233822,0.10390600034386599,0.7217048762759176,0.09988907287022031,0.9302880505963999,0.8303989777261795,0.1474287035844167
characterized_state,30,1,extra_trees,measured_uts_residual_ceiling,q4,32,0.24795393491931028,0.11303475836744997,0.5441300078410372,-0.10723949043828451,0.7698963128335047,0.8771358032717892,0.09252672493407099
characterized_state,30,2,ridge_alpha_10,state_only,all,428,0.5016698509078609,0.3863289102427685,0.22991403700334476,-1.0277297809541857,-0.2025094390936255,0.8252203418605601,0.0859191186006848
characterized_state,30,2,ridge_alpha_10,state_only,q1,137,0.3633052357932069,0.22684036061233862,0.37562044731594235,-0.18606144431129512,0.5376141525353513,0.7236755968466464,0.0738565429207684
characterized_state,30,2,ridge_alpha_10,state_only,q2,105,0.4057544168544751,0.30063395356158584,0.2590741072095119,0.018906902416136462,0.46140816589581934,0.4425012634796829,0.04951284939566164
characterized_state,30,2,ridge_alpha_10,state_only,q3,94,0.5916886900627666,0.4916123241331288,0.16913685796330105,-3.0159948647111294,-1.7723760350908528,1.2436188296202766,0.10531992160113351
characterized_state,30,2,ridge_alpha_10,state_only,q4,92,0.6547264532116993,0.5173228675403526,0.20986411194679286,-3.0591297969802556,-1.5341744890979006,1.524955307882355,0.12560994091192162
characterized_state,30,2,ridge_alpha_10,state_plus_crossfitted_predicted_uts,all,428,0.3863289102427685,0.3390187755080636,0.12246076718663197,-0.2025094390936255,0.07397741727415796,0.2764868563677835,0.04113838598037517
characterized_state,30,2,ridge_alpha_10,state_plus_crossfitted_predicted_uts,q1,137,0.22684036061233862,0.20066000257580568,0.11541313885175022,0.5376141525353513,0.6381858880155824,0.10057173548023113,0.007797819837370407
characterized_state,30,2,ridge_alpha_10,state_plus_crossfitted_predicted_uts,q2,105,0.30063395356158584,0.2738510921869702,0.08908794584683898,0.46140816589581934,0.5530976248017413,0.09168945890592195,0.023921472433760194
characterized_state,30,2,ridge_alpha_10,state_plus_crossfitted_predicted_uts,q3,94,0.4916123241331288,0.43952812376140155,0.10594567673535948,-1.7723760350908528,-1.2160520218396642,0.5563240132511886,0.05630428259305753
characterized_state,30,2,ridge_alpha_10,state_plus_crossfitted_predicted_uts,q4,92,0.5173228675403526,0.43790021673560536,0.15352627109326858,-1.5341744890979006,-0.8157810631699294,0.7183934259279712,0.09494098600639789
characterized_state,30,2,ridge_alpha_10,predicted_uts_residual_anchor,all,428,0.3863289102427685,0.3222909847994225,0.16576011720972342,-0.2025094390936255,0.16310612190382245,0.36561556099744796,0.049565257112096556
characterized_state,30,2,ridge_alpha_10,predicted_uts_residual_anchor,q1,137,0.22684036061233862,0.21691467239371978,0.04375627067346031,0.5376141525353513,0.5771934239968048,0.03957927146145357,-0.01706874755935403
characterized_state,30,2,ridge_alpha_10,predicted_uts_residual_anchor,q2,105,0.30063395356158584,0.2622468839471512,0.12768707313218017,0.46140816589581934,0.5901694005675724,0.12876123467175304,0.036962188020022296
characterized_state,30,2,ridge_alpha_10,predicted_uts_residual_anchor,q3,94,0.4916123241331288,0.41714197763710165,0.15148185438056783,-1.7723760350908528,-0.9960637353199138,0.7763122997709391,0.07161159412821044
characterized_state,30,2,ridge_alpha_10,predicted_uts_residual_anchor,q4,92,0.5173228675403526,0.3960808553393511,0.23436430091995555,-1.5341744890979006,-0.48552807723481517,1.0486464118630854,0.14065031379842086
characterized_state,30,2,ridge_alpha_10,shuffled_uts_residual_anchor,all,428,0.3863289102427685,0.41903201707634236,-0.08465094370758657,-0.2025094390936255,-0.4147134775856054,-0.21220403849197988,-0.030088100518031402
characterized_state,30,2,ridge_alpha_10,shuffled_uts_residual_anchor,q1,137,0.22684036061233862,0.3298311701413315,-0.4540233018982023,0.5376141525353513,0.022431349297568515,-0.5151828032377828,-0.08056380746465308
characterized_state,30,2,ridge_alpha_10,shuffled_uts_residual_anchor,q2,105,0.30063395356158584,0.32074772451305,-0.06690452197158027,0.46140816589581934,0.386928854619603,-0.07447931127621632,0.006262307174173504
characterized_state,30,2,ridge_alpha_10,shuffled_uts_residual_anchor,q3,94,0.4916123241331288,0.5443766327192059,-0.10732910058574635,-1.7723760350908528,-2.3994257728319295,-0.6270497377410766,-0.05025905178205636
characterized_state,30,2,ridge_alpha_10,shuffled_uts_residual_anchor,q4,92,0.5173228675403526,0.4844173034233812,0.0636074030004187,-1.5341744890979006,-1.2220429940102844,0.3121314950876162,0.02419938277353384
characterized_state,30,2,random_forest,state_only,all,428,0.35101127258302317,0.33345779127725955,0.050008312202029837,0.007304155794748302,0.10410767836415358,0.09680352256940528,0.008135785511745375
characterized_state,30,2,random_forest,state_only,q1,137,0.3370543957770334,0.23765351340146298,0.294910505903402,-0.020854542933924858,0.4924809443803849,0.5133354873143098,0.041850802039778895
characterized_state,30,2,random_forest,state_only,q2,105,0.4046566773548438,0.277421050503039,0.31442858593985773,0.02420827560624539,0.541369923389462,0.5171616477832166,0.08144688051990312
characterized_state,30,2,random_forest,state_only,q3,94,0.3097829518267883,0.39854083090559844,-0.2865163449292657,-0.10083350756446796,-0.8220162949761669,-0.721182787411699,-0.03562922589315304
characterized_state,30,2,random_forest,state_only,q4,92,0.34507790740926275,0.4278599180674436,-0.23989368452962512,-0.1275802846001457,-0.7334701578599101,-0.6058898732597644,-0.08102411848974056
characterized_state,30,2,random_forest,state_plus_crossfitted_predicted_uts,all,428,0.33345779127725955,0.2757684222032828,0.17300351223765495,0.10410767836415358,0.387278464799345,0.28317078643519145,0.04303605847475034
characterized_state,30,2,random_forest,state_plus_crossfitted_predicted_uts,q1,137,0.23765351340146298,0.22779268337939515,0.04149246472704212,0.4924809443803849,0.5337236201016773,0.041242675721292366,-0.005975781975462974
characterized_state,30,2,random_forest,state_plus_crossfitted_predicted_uts,q2,105,0.277421050503039,0.2480084994105797,0.10602133846413757,0.541369923389462,0.6334638300743306,0.09209390668486861,0.030009873773245543
characterized_state,30,2,random_forest,state_plus_crossfitted_predicted_uts,q3,94,0.39854083090559844,0.3277830592937501,0.17754208885214215,-0.8220162949761669,-0.2324792649659171,0.5895370300102498,0.04648704596019998
characterized_state,30,2,random_forest,state_plus_crossfitted_predicted_uts,q4,92,0.4278599180674436,0.31071256211351095,0.2737983882273046,-0.7334701578599101,0.08582195605136433,0.8192921139112744,0.12736191403676086
characterized_state,30,2,random_forest,predicted_uts_residual_anchor,all,428,0.33345779127725955,0.2715740976495942,0.18558178949914234,0.10410767836415358,0.4057752092351705,0.30166753087101694,0.04697471786307078
characterized_state,30,2,random_forest,predicted_uts_residual_anchor,q1,137,0.23765351340146298,0.22277634963814416,0.06260022648260684,0.4924809443803849,0.5540337002669936,0.06155275588660869,-0.005443062086816192
characterized_state,30,2,random_forest,predicted_uts_residual_anchor,q2,105,0.277421050503039,0.24340359909673687,0.12262029627751515,0.541369923389462,0.6469487939016392,0.10557887051217718,0.031438160922278524
characterized_state,30,2,random_forest,predicted_uts_residual_anchor,q3,94,0.39854083090559844,0.31787746648269394,0.20239673872213879,-0.8220162949761669,-0.15911385988543847,0.6629024350907284,0.05810557995653148
characterized_state,30,2,random_forest,predicted_uts_residual_anchor,q4,92,0.4278599180674436,0.3136004439788451,0.26704879158740863,-0.7334701578599101,0.0687495406901012,0.8022196985500113,0.1313907319405969
characterized_state,30,2,random_forest,shuffled_uts_residual_anchor,all,428,0.33345779127725955,0.35786550676524426,-0.07319581706126778,0.10410767836415358,-0.03184332005856927,-0.13595099842272285,-0.017773809757786252
characterized_state,30,2,random_forest,shuffled_uts_residual_anchor,q1,137,0.23765351340146298,0.3183696185981068,-0.33963775263146156,0.4924809443803849,0.08919142827674875,-0.40328951610363617,-0.05325871457782086
characterized_state,30,2,random_forest,shuffled_uts_residual_anchor,q2,105,0.277421050503039,0.30149905514216746,-0.08679227692155501,0.541369923389462,0.4583040119636925,-0.08306591142576947,-0.0063983335096644
characterized_state,30,2,random_forest,shuffled_uts_residual_anchor,q3,94,0.39854083090559844,0.4241618573540387,-0.06428708042340855,-0.8220162949761669,-1.0638105924047645,-0.2417942974285976,-0.02392911350262167
characterized_state,30,2,random_forest,shuffled_uts_residual_anchor,q4,92,0.4278599180674436,0.3965921047181818,0.0730795571842583,-0.7334701578599101,-0.4893655031065145,0.2441046547533956,0.02837407618032789
characterized_state,30,2,extra_trees,state_only,all,428,0.40390240568567987,0.33200858722622634,0.17799799517758227,-0.31439820026293464,0.1118778342863529,0.42627603454928753,0.04115454519394113
characterized_state,30,2,extra_trees,state_only,q1,137,0.3544872407945406,0.23791419140592218,0.32884977503656804,-0.1291849755293235,0.4913669561122118,0.6205519316415353,0.052017330669280715
characterized_state,30,2,extra_trees,state_only,q2,105,0.41704078932520405,0.2753606942245523,0.339727189107565,-0.03643191060098938,0.54815695271784,0.5845888633188294,0.06571878818102556
characterized_state,30,2,extra_trees,state_only,q3,94,0.409648070198063,0.3985071464931057,0.0271963290332863,-0.9249898302597694,-0.8217083167211774,0.10328151353859205,0.012123219013074504
characterized_state,30,2,extra_trees,state_only,q4,92,0.4492858427173484,0.4239342588502236,0.05642640265225046,-0.9114310213278418,-0.7018065480395264,0.20962447328831546,0.026605605381289976
characterized_state,30,2,extra_trees,state_plus_crossfitted_predicted_uts,all,428,0.33200858722622634,0.3028996377891116,0.0876752908119219,0.1118778342863529,0.26078361603709543,0.14890578175074254,0.022693977672645582
characterized_state,30,2,extra_trees,state_plus_crossfitted_predicted_uts,q1,137,0.23791419140592218,0.2211730545111771,0.07036628120338496,0.4913669561122118,0.5604297351677839,0.06906277905557212,0.016618592366286017
characterized_state,30,2,extra_trees,state_plus_crossfitted_predicted_uts,q2,105,0.2753606942245523,0.2903824283054705,-0.05455293509925654,0.54815695271784,0.49751352867279697,-0.05064342404504307,-0.01238951401605412
characterized_state,30,2,extra_trees,state_plus_crossfitted_predicted_uts,q3,94,0.3985071464931057,0.3599170187142672,0.09683672706608824,-0.8217083167211774,-0.4859745741973456,0.3357337425238318,0.02933816032073272
characterized_state,30,2,extra_trees,state_plus_crossfitted_predicted_uts,q4,92,0.4239342588502236,0.35410535777664925,0.16471634366838228,-0.7018065480395264,-0.18734836348401163,0.5144581845555147,0.06499333903530358
characterized_state,30,2,extra_trees,predicted_uts_residual_anchor,all,428,0.33200858722622634,0.28105946896603434,0.15345723038626086,0.1118778342863529,0.3635408730378943,0.2516630387515414,0.04295690157601392
characterized_state,30,2,extra_trees,predicted_uts_residual_anchor,q1,137,0.23791419140592218,0.24700021435780728,-0.03819033618042059,0.4913669561122118,0.4517753800364783,-0.03959157607573349,-0.011830447223441787
characterized_state,30,2,extra_trees,predicted_uts_residual_anchor,q2,105,0.2753606942245523,0.24102051798760019,0.12470979684903113,0.54815695271784,0.6538281578882246,0.10567120517038453,0.03400995660068021
characterized_state,30,2,extra_trees,predicted_uts_residual_anchor,q3,94,0.3985071464931057,0.32431572823226823,0.18617336957123054,-0.8217083167211774,-0.20654252931152994,0.6151657874096474,0.057880011788579655
characterized_state,30,2,extra_trees,predicted_uts_residual_anchor,q4,92,0.4239342588502236,0.3207470553862092,0.2434037856338253,-0.7018065480395264,0.025821549849099124,0.7276280978886255,0.11950607166247348
characterized_state,30,2,extra_trees,shuffled_uts_residual_anchor,all,428,0.33200858722622634,0.35206135210680956,-0.06039833200735716,0.1118778342863529,0.0013558066189339746,-0.11052202766741892,-0.015350865054298835
characterized_state,30,2,extra_trees,shuffled_uts_residual_anchor,q1,137,0.23791419140592218,0.28542315145133373,-0.19968947528797543,0.4913669561122118,0.267947431267091,-0.22341952484512084,-0.020577204081168976
characterized_state,30,2,extra_trees,shuffled_uts_residual_anchor,q2,105,0.2753606942245523,0.3181739570169884,-0.15548066114883702,0.54815695271784,0.3967282808079512,-0.15142867190988885,-0.04277465131420982
characterized_state,30,2,extra_trees,shuffled_uts_residual_anchor,q3,94,0.3985071464931057,0.4361392561767402,-0.09443270971374049,-0.8217083167211774,-1.182011172738509,-0.3603028560173316,-0.03334843159697626
characterized_state,30,2,extra_trees,shuffled_uts_residual_anchor,q4,92,0.4239342588502236,0.38133669234160994,0.10048153839735666,-0.7018065480395264,-0.3769886251696484,0.324817922869878,0.04211953993465267
characterized_state,30,2,ridge_alpha_10,measured_uts_residual_ceiling,all,195,0.2943119858330218,0.14560508476121384,0.505269605826305,0.06560084981688497,0.7712981805678634,0.7056973307509784,0.08992900137596599
characterized_state,30,2,ridge_alpha_10,measured_uts_residual_ceiling,q1,68,0.24577850982773136,0.12354273973256476,0.4973411637203061,0.3086885586247432,0.8253291685510226,0.5166406099262794,0.08530294614137315
characterized_state,30,2,ridge_alpha_10,measured_uts_residual_ceiling,q2,44,0.28625183877710614,0.1406483836480226,0.5086550910943131,-0.0670673734898608,0.7423887872896954,0.8094561607795562,0.09089964700756796
characterized_state,30,2,ridge_alpha_10,measured_uts_residual_ceiling,q3,28,0.4756315021601918,0.14729626992975325,0.6903143100051767,-0.2452868579654941,0.8805704817202965,1.1258573396857905,0.18687175215253
characterized_state,30,2,ridge_alpha_10,measured_uts_residual_ceiling,q4,55,0.22737457771752997,0.1715381230551362,0.2455703501372086,0.16871257933842732,0.5268610462107839,0.3581484668723566,0.045519298219930254
characterized_state,30,2,random_forest,measured_uts_residual_ceiling,all,195,0.30142277378397375,0.12161205504748356,0.5965399245690655,0.019903900778979522,0.8404599251482816,0.8205560243693021,0.10892654228086306
characterized_state,30,2,random_forest,measured_uts_residual_ceiling,q1,68,0.2478634475348433,0.1097817263336134,0.5570878746928554,0.2969100289436688,0.8620740313012493,0.5651640023575805,0.10764897804105031
characterized_state,30,2,random_forest,measured_uts_residual_ceiling,q2,44,0.2763120210078357,0.10991079457442463,0.6022221755914566,0.005751762578735775,0.8426828876828493,0.8369311251041135,0.1034352522283153
characterized_state,30,2,random_forest,measured_uts_residual_ceiling,q3,28,0.4869232735716657,0.1254199743384818,0.7424235374528213,-0.3051164047879311,0.9134112246044321,1.2185276293923633,0.16669122252675278
characterized_state,30,2,random_forest,measured_uts_residual_ceiling,q4,55,0.25374379742683223,0.14093399232699816,0.4445815276819253,-0.035281057394172644,0.680626478523712,0.7159075359178847,0.08549163471239841
characterized_state,30,2,extra_trees,measured_uts_residual_ceiling,all,195,0.33129292786286263,0.11699146056769708,0.6468639963961886,-0.183970459653096,0.8523529199731898,1.0363233796262858,0.14120134487515051
characterized_state,30,2,extra_trees,measured_uts_residual_ceiling,q1,68,0.29709867412108054,0.10821874477971012,0.635748139570605,-0.010153466346468853,0.8659734261699564,0.8761268925164253,0.132258092016247
characterized_state,30,2,extra_trees,measured_uts_residual_ceiling,q2,44,0.3054623175979515,0.10084665576566013,0.6698556582733908,-0.21509590143366153,0.8675602742512476,1.0826561756849091,0.15716705940405878
characterized_state,30,2,extra_trees,measured_uts_residual_ceiling,q3,28,0.499624930997357,0.12182694524544695,0.7561631982570313,-0.37409381558139154,0.9183013478596453,1.2923951634410369,0.2010865653704323
characterized_state,30,2,extra_trees,measured_uts_residual_ceiling,q4,55,0.2797728776017711,0.1354819372937586,0.5157431325898443,-0.2585735987678002,0.7048585586337736,0.9634321574015737,0.1089988645345248
characterized_state,60,0,ridge_alpha_10,state_only,all,428,3.3411453653390883,4.59928303155363,-0.37655879306132933,-88.94247173307349,-169.43325884313546,-80.49078711006197,-0.04621441277194471
characterized_state,60,0,ridge_alpha_10,state_only,q1,137,0.32160390503931313,0.24209765079424606,0.24721793796424257,-0.004126228042411029,0.4309809127332902,0.43510714077570123,0.0421334308867915
characterized_state,60,0,ridge_alpha_10,state_only,q2,105,0.38467841899932687,0.2650162335539496,0.3110707009679861,-0.2039723622475771,0.42856632833502306,0.6325386905826001,0.09029516851190514
characterized_state,60,0,ridge_alpha_10,state_only,q3,126,0.3972311617994151,0.32713289578975596,0.17646718775063217,-0.11838594274384162,0.2415036157946342,0.3598895585384758,0.044260943951629356
characterized_state,60,0,ridge_alpha_10,state_only,q4,60,8.877201812179166,12.264290171690954,-0.3815490997247396,-952.6551802642471,-1819.220581048257,-866.5654007840099,-0.6768320054923036
characterized_state,60,0,ridge_alpha_10,state_plus_crossfitted_predicted_uts,all,428,4.59928303155363,1.7004782879114666,0.6302731803532761,-169.43325884313546,-22.29787218141723,147.13538666171823,0.2653520289057207
characterized_state,60,0,ridge_alpha_10,state_plus_crossfitted_predicted_uts,q1,137,0.24209765079424606,0.20602873967293603,0.14898496950705348,0.4309809127332902,0.5879012512649944,0.15692033853170417,0.01550150862609287
characterized_state,60,0,ridge_alpha_10,state_plus_crossfitted_predicted_uts,q2,105,0.2650162335539496,0.2217161438171917,0.16338655619729517,0.42856632833502306,0.6000409706026735,0.1714746422676504,0.025300605351185418
characterized_state,60,0,ridge_alpha_10,state_plus_crossfitted_predicted_uts,q3,126,0.32713289578975596,0.31761478577280794,0.02909554538674456,0.2415036157946342,0.28499924204775984,0.04349562625312564,0.009648756443790235
characterized_state,60,0,ridge_alpha_10,state_plus_crossfitted_predicted_uts,q4,60,12.264290171690954,4.498015080617244,0.6332429339449431,-1819.220581048257,-243.8392273336348,1575.381353714622,1.7929109136013623
characterized_state,60,0,ridge_alpha_10,predicted_uts_residual_anchor,all,428,4.59928303155363,0.9864757001496242,0.7855153306761392,-169.43325884313546,-6.840555972050622,162.59270287108484,0.3106264323516234
characterized_state,60,0,ridge_alpha_10,predicted_uts_residual_anchor,q1,137,0.24209765079424606,0.1968386192396168,0.18694535616578126,0.4309809127332902,0.6238454633658719,0.19286455063258168,0.0019158037814893392
characterized_state,60,0,ridge_alpha_10,predicted_uts_residual_anchor,q2,105,0.2650162335539496,0.21853214738260893,0.17540090109943346,0.42856632833502306,0.6114458612201579,0.1828795328851348,0.021072115653451434
characterized_state,60,0,ridge_alpha_10,predicted_uts_residual_anchor,q3,126,0.32713289578975596,0.33271743475241844,-0.017071162926554435,0.2415036157946342,0.21538574057854143,-0.026117875216092767,0.003153409044714728
characterized_state,60,0,ridge_alpha_10,predicted_uts_residual_anchor,q4,60,12.264290171690954,2.5567904166372513,0.7915256096484931,-1819.220581048257,-78.10964680601266,1741.1109342422442,2.167929104086406
characterized_state,60,0,ridge_alpha_10,shuffled_uts_residual_anchor,all,428,4.59928303155363,4.141524844615066,0.09952816206310607,-169.43325884313546,-137.19572798568836,32.2375308574471,-0.013382164444678435
characterized_state,60,0,ridge_alpha_10,shuffled_uts_residual_anchor,q1,137,0.24209765079424606,0.3153803635380467,-0.3026989832548279,0.4309809127332902,0.034360587724335145,-0.39662032500895505,-0.07100593158473067
characterized_state,60,0,ridge_alpha_10,shuffled_uts_residual_anchor,q2,105,0.2650162335539496,0.3385054698216094,-0.27730088561801075,0.42856632833502306,0.0677073633193278,-0.36085896501569525,-0.07844907121263486
characterized_state,60,0,ridge_alpha_10,shuffled_uts_residual_anchor,q3,126,0.32713289578975596,0.3657249732368038,-0.11797064111782408,0.2415036157946342,0.051986957417670454,-0.18951665837696374,-0.021824521901680022
characterized_state,60,0,ridge_alpha_10,shuffled_uts_residual_anchor,q4,60,12.264290171690954,11.0292356203638,0.1007033048009553,-1819.220581048257,-1471.0752652264982,348.1453158217587,0.2497881413620684
characterized_state,60,0,random_forest,state_only,all,428,0.3512652274718155,0.2991333840596727,0.1484116255609892,0.005867215280610849,0.2790521612322834,0.27318494595167253,0.03748315639711658
characterized_state,60,0,random_forest,state_only,q1,137,0.33132376267963354,0.2601668618910509,0.21476546147215606,-0.06573898756622798,0.34287250150294957,0.40861148906917755,0.04197081910933309
characterized_state,60,0,random_forest,state_only,q2,105,0.37231711669252077,0.29887161102519283,0.19726599281757742,-0.1278384024213317,0.2732413628206569,0.40107976524198863,0.060115175348411265
characterized_state,60,0,random_forest,state_only,q3,126,0.388012451836017,0.3543291160290534,0.08680993521620008,-0.06707858576212411,0.11014599332220232,0.17722457908432643,0.023792849547562334
characterized_state,60,0,random_forest,state_only,q4,60,0.26600900281402623,0.25253543616303714,0.05065079192228997,0.14368834279056097,0.22823720004269898,0.08454885725213801,0.016379937756853785
characterized_state,60,0,random_forest,state_plus_crossfitted_predicted_uts,all,428,0.2991333840596727,0.2703237172979967,0.09631043640361087,0.2790521612322834,0.41123446720060874,0.13218230596832536,0.017487394346040186
characterized_state,60,0,random_forest,state_plus_crossfitted_predicted_uts,q1,137,0.2601668618910509,0.23960718535440725,0.0790249626228469,0.34287250150294957,0.4426277286168072,0.09975522711385765,-0.0008748040519641065
characterized_state,60,0,random_forest,state_plus_crossfitted_predicted_uts,q2,105,0.29887161102519283,0.23055616890905833,0.2285778896222297,0.2732413628206569,0.5675116964811036,0.29427033366044664,0.04455802451869259
characterized_state,60,0,random_forest,state_plus_crossfitted_predicted_uts,q3,126,0.3543291160290534,0.34146848403105823,0.03629572455722403,0.11014599332220232,0.17356950963305995,0.06342351631085763,0.008260214488348128
characterized_state,60,0,random_forest,state_plus_crossfitted_predicted_uts,q4,60,0.25253543616303714,0.2286768419844136,0.09447622298527804,0.22823720004269898,0.3671751018138051,0.1389379017711061,0.031417888920494796
characterized_state,60,0,random_forest,predicted_uts_residual_anchor,all,428,0.2991333840596727,0.2524990443000047,0.1558981452580537,0.2790521612322834,0.4863189397023133,0.20726677847002994,0.02925858992706351
characterized_state,60,0,random_forest,predicted_uts_residual_anchor,q1,137,0.2601668618910509,0.19884257006284758,0.23571138684789103,0.34287250150294957,0.6161474590842528,0.27327495758130327,0.014316560799321365
characterized_state,60,0,random_forest,predicted_uts_residual_anchor,q2,105,0.29887161102519283,0.2043017557366456,0.3164230117546214,0.2732413628206569,0.6604020417449356,0.38716067892427863,0.051847609956099966
characterized_state,60,0,random_forest,predicted_uts_residual_anchor,q3,126,0.3543291160290534,0.331896353182781,0.06331052637636769,0.11014599332220232,0.21925351137019333,0.10910751804799101,0.029457285130039756
characterized_state,60,0,random_forest,predicted_uts_residual_anchor,q4,60,0.25253543616303714,0.24523938786965813,0.02889118614097658,0.22823720004269898,0.2721872945627405,0.043950094520041505,0.023428178125011107
characterized_state,60,0,random_forest,shuffled_uts_residual_anchor,all,428,0.2991333840596727,0.34689821199908705,-0.15967735627223056,0.2790521612322834,0.030432166676116923,-0.24861999455616646,-0.0371891556199119
characterized_state,60,0,random_forest,shuffled_uts_residual_anchor,q1,137,0.2601668618910509,0.29731015809988875,-0.14276720693349557,0.34287250150294957,0.14184610132697206,-0.2010264001759775,-0.02660452931310714
characterized_state,60,0,random_forest,shuffled_uts_residual_anchor,q2,105,0.29887161102519283,0.37552074127259827,-0.2564617294512607,0.2732413628206569,-0.14733100985925596,-0.4205723726799129,-0.08625270195884904
characterized_state,60,0,random_forest,shuffled_uts_residual_anchor,q3,126,0.3543291160290534,0.38712108608858486,-0.0925466425876293,0.11014599332220232,-0.06218150182299409,-0.1723274951451964,-0.01143188300761655
characterized_state,60,0,random_forest,shuffled_uts_residual_anchor,q4,60,0.25253543616303714,0.30837124327212995,-0.22110087977136464,0.22823720004269898,-0.15076575483740307,-0.37900295488010205,-0.02958645207979632
characterized_state,60,0,extra_trees,state_only,all,428,0.3537457897439253,0.2882135517390641,0.18525234760334428,-0.008223080629815582,0.330727669030902,0.3389507496607176,0.03566011380852213
characterized_state,60,0,extra_trees,state_only,q1,137,0.32775509780519346,0.26181785352131326,0.20117839425054823,-0.04290462815544527,0.334505914297882,0.3774105424533273,0.013464350596413793
characterized_state,60,0,extra_trees,state_only,q2,105,0.36622875577428615,0.27237735377600564,0.2562644263142541,-0.09125376649155492,0.39638105045202265,0.4876348169435776,0.06601994349899629
characterized_state,60,0,extra_trees,state_only,q3,126,0.3990434603893268,0.34431359314154547,0.13715264797068505,-0.1286141072852247,0.1597405300403587,0.2883546373255834,0.0346095427881315
characterized_state,60,0,extra_trees,state_only,q4,60,0.27971931546171563,0.23923903093889523,0.1447175160428305,0.053143642678548875,0.3073668791731383,0.25422323649458944,0.03541693699399329
characterized_state,60,0,extra_trees,state_plus_crossfitted_predicted_uts,all,428,0.2882135517390641,0.2730795340032561,0.05250973677153703,0.330727669030902,0.3991689307226016,0.06844126169169962,0.018016833330041115
characterized_state,60,0,extra_trees,state_plus_crossfitted_predicted_uts,q1,137,0.26181785352131326,0.23999884994043855,0.08333657650698957,0.334505914297882,0.4408040654419304,0.10629815114404839,0.023664712278922695
characterized_state,60,0,extra_trees,state_plus_crossfitted_predicted_uts,q2,105,0.27237735377600564,0.24298246942120316,0.10791970752082378,0.39638105045202265,0.5196356647809023,0.12325461432887963,0.01884693540697427
characterized_state,60,0,extra_trees,state_plus_crossfitted_predicted_uts,q3,126,0.34431359314154547,0.3411564102901625,0.00916949813853281,0.1597405300403587,0.17507939657082794,0.01533886653046923,0.00862359226280357
characterized_state,60,0,extra_trees,state_plus_crossfitted_predicted_uts,q4,60,0.23923903093889523,0.22955668504374718,0.040471430841153365,0.3073668791731383,0.3622960968506479,0.05492921767750958,0.02339397066999424
characterized_state,60,0,extra_trees,predicted_uts_residual_anchor,all,428,0.2882135517390641,0.2492944778816337,0.13503554438226426,0.330727669030902,0.49927486406290333,0.16854719503200133,0.03162579864281412
characterized_state,60,0,extra_trees,predicted_uts_residual_anchor,q1,137,0.26181785352131326,0.19702047846411908,0.24749028450773453,0.334505914297882,0.6231500838383468,0.2886441695404648,0.03192156765535792
characterized_state,60,0,extra_trees,predicted_uts_residual_anchor,q2,105,0.27237735377600564,0.19477717516446583,0.28489952463285806,0.39638105045202265,0.6913281685887566,0.2949471181367339,0.03935840526483678
characterized_state,60,0,extra_trees,predicted_uts_residual_anchor,q3,126,0.34431359314154547,0.329933077655458,0.04176575009681867,0.1597405300403587,0.22846293408417384,0.06872240404381513,0.03154917838869051
characterized_state,60,0,extra_trees,predicted_uts_residual_anchor,q4,60,0.23923903093889523,0.24433419825187047,-0.0212973915375732,0.3073668791731383,0.277550157881294,-0.029816721291844317,0.017579300342625864
characterized_state,60,0,extra_trees,shuffled_uts_residual_anchor,all,428,0.2882135517390641,0.3125170151180549,-0.084324499081827,0.330727669030902,0.21309661892568954,-0.11763105010521246,-0.010350722538782442
characterized_state,60,0,extra_trees,shuffled_uts_residual_anchor,q1,137,0.26181785352131326,0.2801018983443938,-0.06983498098838449,0.334505914297882,0.2383108161945865,-0.09619509810329552,-0.0019462772674694595
characterized_state,60,0,extra_trees,shuffled_uts_residual_anchor,q2,105,0.27237735377600564,0.3038363977624927,-0.11549801608087427,0.39638105045202265,0.24889531710441604,-0.14748573334760662,-0.03813116509990533
characterized_state,60,0,extra_trees,shuffled_uts_residual_anchor,q3,126,0.34431359314154547,0.3674706022187587,-0.06725557613316045,0.1597405300403587,0.04291550435203939,-0.11682502568831932,0.00023911154037342675
characterized_state,60,0,extra_trees,shuffled_uts_residual_anchor,q4,60,0.23923903093889523,0.2691097694428231,-0.12485729601353074,0.3073668791731383,0.12360858574030698,-0.18375829343283134,-0.0031637496592090697
characterized_state,60,0,ridge_alpha_10,measured_uts_residual_ceiling,all,195,0.2986719102658385,0.18467061057650483,0.3816940789238087,0.03771149947268626,0.6321149776297958,0.5944034781571096,0.06535778913357562
characterized_state,60,0,ridge_alpha_10,measured_uts_residual_ceiling,q1,64,0.22978445070273307,0.10281648620034224,0.5525524643381828,0.3564544314608832,0.8711561940260226,0.5147017625651394,0.0850822100182381
characterized_state,60,0,ridge_alpha_10,measured_uts_residual_ceiling,q2,28,0.3392814589450546,0.18287806778246948,0.4609841977480829,-0.9596719136884411,0.4306407728008316,1.3903126864892728,0.1366305634334479
characterized_state,60,0,ridge_alpha_10,measured_uts_residual_ceiling,q3,68,0.36599773604158414,0.18687531422241235,0.4894085514201655,-0.12307896382951689,0.7072092403147296,0.8302882041442465,0.09425665953684709
characterized_state,60,0,ridge_alpha_10,measured_uts_residual_ceiling,q4,35,0.21932829274414561,0.2758056819719152,-0.2575016133174049,0.3582693179718247,-0.014775342127512081,-0.3730446600993368,-0.08387431956463268
characterized_state,60,0,random_forest,measured_uts_residual_ceiling,all,195,0.2850467289760469,0.11145709709919183,0.608986577395323,0.12350658025908823,0.8659916092457791,0.7424850289866909,0.10844896300909489
characterized_state,60,0,random_forest,measured_uts_residual_ceiling,q1,64,0.2342970794982474,0.10321657767591173,0.5594628072319449,0.3309296563251637,0.8701514990069121,0.5392218426817484,0.0850736058064723
characterized_state,60,0,random_forest,measured_uts_residual_ceiling,q2,28,0.1871624654283988,0.12015969963452493,0.3579925368075821,0.40365081630962063,0.7542006203616036,0.350549804051983,0.06811079587027107
characterized_state,60,0,random_forest,measured_uts_residual_ceiling,q3,68,0.36789022353977724,0.10884502633503011,0.7041372143903641,-0.1347233413309208,0.9006722329815541,1.0353955743124748,0.16624724420946707
characterized_state,60,0,random_forest,measured_uts_residual_ceiling,q4,35,0.24765233544249704,0.12313789193304857,0.5027792016859852,0.18182097132099428,0.797722807782455,0.6159018364614607,0.0711692035585121
characterized_state,60,0,extra_trees,measured_uts_residual_ceiling,all,195,0.27198074783461385,0.1207863438772025,0.5559011259478913,0.202018425045844,0.8426190335301277,0.6406006084842837,0.08949373783549568
characterized_state,60,0,extra_trees,measured_uts_residual_ceiling,q1,64,0.24767358140407073,0.11598140053545931,0.53171670600491,0.2523516170375606,0.8360487517448464,0.5836971347072858,0.0811111128361851
characterized_state,60,0,extra_trees,measured_uts_residual_ceiling,q2,28,0.19805632969083187,0.11478107958307009,0.42046245246367725,0.3322089909207965,0.7757131947833967,0.44350420386260025,0.07868322205610377
characterized_state,60,0,extra_trees,measured_uts_residual_ceiling,q3,68,0.33452299205060637,0.12239788151344706,0.6341122002910616,0.061778372732900655,0.8743966286040561,0.8126182558711554,0.1280605516724304
characterized_state,60,0,extra_trees,measured_uts_residual_ceiling,q4,35,0.22621210985446846,0.13053709951469394,0.4229438043848589,0.317354567747828,0.7726832673512515,0.4553286996034235,0.03854056928884686
characterized_state,60,1,ridge_alpha_10,state_only,all,428,0.38457987801139737,0.3036025276952094,0.21056054917617956,-0.19164581110332723,0.25734887705975806,0.4489946881630853,0.0701088568945244
characterized_state,60,1,ridge_alpha_10,state_only,q1,69,0.37318193949246137,0.2549862436171342,0.31672405164107587,0.006086677408580932,0.5359756412607548,0.5298889638521739,0.1025606768106738
characterized_state,60,1,ridge_alpha_10,state_only,q2,103,0.463506882556884,0.31778538752608926,0.31438906414277684,-0.3441082092301311,0.3681853293011408,0.7122935385312719,0.10520247121713758
characterized_state,60,1,ridge_alpha_10,state_only,q3,98,0.38390623923872624,0.3302895918892541,0.13966078659151834,-0.2696415502111915,0.0602321947385519,0.3298737449497434,0.053834529834022066
characterized_state,60,1,ridge_alpha_10,state_only,q4,158,0.3291785012969625,0.29630408950389076,0.09986804017743159,-0.16328590074881522,0.057462087534796424,0.22074798828361164,0.04315357969506731
characterized_state,60,1,ridge_alpha_10,state_plus_crossfitted_predicted_uts,all,428,0.3036025276952094,0.3025204754955623,0.0035640421305495953,0.25734887705975806,0.2626331233917938,0.005284246332035725,-0.007356078440116071
characterized_state,60,1,ridge_alpha_10,state_plus_crossfitted_predicted_uts,q1,69,0.2549862436171342,0.244200523401188,0.04229922392260935,0.5359756412607548,0.5744011380933916,0.03842549683263674,-0.0030284906236472398
characterized_state,60,1,ridge_alpha_10,state_plus_crossfitted_predicted_uts,q2,103,0.31778538752608926,0.30793212919696794,0.031006014486151895,0.3681853293011408,0.4067580294417318,0.038572700140591,0.008551683321302739
characterized_state,60,1,ridge_alpha_10,state_plus_crossfitted_predicted_uts,q3,98,0.3302895918892541,0.34090234695693106,-0.03213166665946712,0.0602321947385519,-0.0011306746074788432,-0.061362869346030746,-0.004741637705651919
characterized_state,60,1,ridge_alpha_10,state_plus_crossfitted_predicted_uts,q4,158,0.29630408950389076,0.2966003565973698,-0.0009998751417000904,0.057462087534796424,0.055576304774668905,-0.001885782760127519,-0.021237839280242587
characterized_state,60,1,ridge_alpha_10,predicted_uts_residual_anchor,all,428,0.3036025276952094,0.32984501233606023,-0.08643697679353976,0.25734887705975806,0.12341523412294386,-0.1339336429368142,-0.03738832691171587
characterized_state,60,1,ridge_alpha_10,predicted_uts_residual_anchor,q1,69,0.2549862436171342,0.25193919820505467,0.011949842347788352,0.5359756412607548,0.5469994150355812,0.01102377377482644,-0.02346626879960581
characterized_state,60,1,ridge_alpha_10,predicted_uts_residual_anchor,q2,103,0.31778538752608926,0.3163868921458265,0.004400754204432867,0.3681853293011408,0.373734015312404,0.0055486860112632375,-0.006718970823763243
characterized_state,60,1,ridge_alpha_10,predicted_uts_residual_anchor,q3,98,0.3302895918892541,0.37433962565890316,-0.1333679136471821,0.0602321947385519,-0.20715319858173054,-0.26738539332028244,-0.03428962747524758
characterized_state,60,1,ridge_alpha_10,predicted_uts_residual_anchor,q4,158,0.29630408950389076,0.3388611210801218,-0.14362620390250205,0.057462087534796424,-0.23272732782182537,-0.2901894153566218,-0.06538350559253
characterized_state,60,1,ridge_alpha_10,shuffled_uts_residual_anchor,all,428,0.3036025276952094,0.41629942464842146,-0.37119880986745263,0.25734887705975806,-0.3963223750782212,-0.6536712521379793,-0.10016099038593013
characterized_state,60,1,ridge_alpha_10,shuffled_uts_residual_anchor,q1,69,0.2549862436171342,0.3201835471933108,-0.2556894938774478,0.5359756412607548,0.26834675947331477,-0.26762888178744004,-0.07156702558298422
characterized_state,60,1,ridge_alpha_10,shuffled_uts_residual_anchor,q2,103,0.31778538752608926,0.450383086658067,-0.4172554948615812,0.3681853293011408,-0.2690712481670232,-0.637256577468164,-0.1237770657285873
characterized_state,60,1,ridge_alpha_10,shuffled_uts_residual_anchor,q3,98,0.3302895918892541,0.46888345727879316,-0.4196131782318151,0.0602321947385519,-0.8939155388383713,-0.9541477335769232,-0.11593268615428523
characterized_state,60,1,ridge_alpha_10,shuffled_uts_residual_anchor,q4,158,0.29630408950389076,0.3950839441037824,-0.33337324086643955,0.057462087534796424,-0.6757232619626463,-0.7331853494974427,-0.08747049434675805
characterized_state,60,1,random_forest,state_only,all,428,0.341949023911806,0.302765502127375,0.11458878091296149,0.05790041437144067,0.26143817821920234,0.20353776384776168,0.026800166028699585
characterized_state,60,1,random_forest,state_only,q1,69,0.3621032542484634,0.2763181701587351,0.23690779655591102,0.06422350394832332,0.455088259063649,0.3908647551153257,0.07473465053426209
characterized_state,60,1,random_forest,state_only,q2,103,0.39472860856744096,0.31778153774357787,0.19493664546666975,0.025192041102604534,0.36820063733248476,0.3430085962298802,0.07245618570312715
characterized_state,60,1,random_forest,state_only,q3,98,0.32794173745865435,0.3221954212485372,0.017522369231338382,0.0735453348285472,0.10572824371946132,0.03218290889091413,0.006235231553649995
characterized_state,60,1,random_forest,state_only,q4,158,0.3020026892296743,0.2911168996403087,0.03604533991777457,0.02085917758741962,0.09017394023137171,0.06931476264395209,-0.011140883837091553
characterized_state,60,1,random_forest,state_plus_crossfitted_predicted_uts,all,428,0.302765502127375,0.2962137734537947,0.021639614247808164,0.26143817821920234,0.2930567155725369,0.03161853735333453,0.014505924525754804
characterized_state,60,1,random_forest,state_plus_crossfitted_predicted_uts,q1,69,0.2763181701587351,0.2616293728899338,0.05315899877435889,0.455088259063649,0.5114823294731081,0.056394070409459096,0.013322513972358563
characterized_state,60,1,random_forest,state_plus_crossfitted_predicted_uts,q2,103,0.31778153774357787,0.32259858074093556,-0.015158347560280944,0.36820063733248476,0.3489013966621929,-0.019299240670291873,-0.012158528940547336
characterized_state,60,1,random_forest,state_plus_crossfitted_predicted_uts,q3,98,0.3221954212485372,0.3223590223808462,-0.0005077698859749177,0.10572824371946132,0.10481984461371019,-0.0009083991057511343,0.027138457423237033
characterized_state,60,1,random_forest,state_plus_crossfitted_predicted_uts,q4,158,0.2911168996403087,0.27475985282635795,0.056187211509056256,0.09017394023137171,0.1895427953836818,0.09936885515231009,0.024569885356515664
characterized_state,60,1,random_forest,predicted_uts_residual_anchor,all,428,0.302765502127375,0.28359758066840074,0.0633094633447051,0.26143817821920234,0.35199386250168285,0.09055568428248051,0.02224876736098108
characterized_state,60,1,random_forest,predicted_uts_residual_anchor,q1,69,0.2763181701587351,0.25446803491333764,0.07907599863174157,0.455088259063649,0.5378597987201905,0.08277153965654149,0.01745998468118659
characterized_state,60,1,random_forest,predicted_uts_residual_anchor,q2,103,0.31778153774357787,0.2705693004018888,0.1485682197805501,0.36820063733248476,0.5419858489762223,0.1737852116437375,0.0360769351317278
characterized_state,60,1,random_forest,predicted_uts_residual_anchor,q3,98,0.3221954212485372,0.3483246022108857,-0.0810973069111147,0.10572824371946132,-0.045199240952289665,-0.150927484671751,0.007033768645971966
characterized_state,60,1,random_forest,predicted_uts_residual_anchor,q4,158,0.2911168996403087,0.2580874425279651,0.11345771115711015,0.09017394023137171,0.2849156303672392,0.1947416901358675,0.024762657225473467
characterized_state,60,1,random_forest,shuffled_uts_residual_anchor,all,428,0.302765502127375,0.3622987615018393,-0.1966315810624235,0.26143817821920234,-0.05756671776362965,-0.319004895982832,-0.03689098467001131
characterized_state,60,1,random_forest,shuffled_uts_residual_anchor,q1,69,0.2763181701587351,0.2998701259639302,-0.08523491521265256,0.455088259063649,0.3582384682203915,-0.09684979084325751,0.0016787160492416908
characterized_state,60,1,random_forest,shuffled_uts_residual_anchor,q2,103,0.31778153774357787,0.3656482352661231,-0.15062768549244518,0.36820063733248476,0.16353297997377336,-0.2046676573587114,-0.02060226695680592
characterized_state,60,1,random_forest,shuffled_uts_residual_anchor,q3,98,0.3221954212485372,0.4121279054830622,-0.27912402940435443,0.10572824371946132,-0.4631701409333224,-0.5688983846527838,-0.0861742764461512
characterized_state,60,1,random_forest,shuffled_uts_residual_anchor,q4,158,0.2911168996403087,0.3518362529980653,-0.20857378404612997,0.09017394023137171,-0.32893797234822353,-0.41911191257959524,-0.033785191505624534
characterized_state,60,1,extra_trees,state_only,all,428,0.3451241352850675,0.29726847846988047,0.1386621563735581,0.04032376769796353,0.2880134385593225,0.24768967086135896,0.03354246992911128
characterized_state,60,1,extra_trees,state_only,q1,69,0.3625907452246297,0.284762127665451,0.21464590198231023,0.061702180728749334,0.4212756771161641,0.35957349638741476,0.059626574893935996
characterized_state,60,1,extra_trees,state_only,q2,103,0.39626816730846876,0.31917287538556416,0.19455333100953065,0.017573131231027772,0.36265613277440145,0.3450830015433737,0.06869987329807795
characterized_state,60,1,extra_trees,state_only,q3,98,0.3342286363507508,0.3370257472389537,-0.008368854682061142,0.0376831282393586,0.021508749635660074,-0.016174378603698525,-0.000974296457029622
characterized_state,60,1,extra_trees,state_only,q4,158,0.305916374806222,0.2590434711409039,0.15322129681684746,-0.004682841889860567,0.2796080701775847,0.2842909120674453,0.020641376994081917
characterized_state,60,1,extra_trees,state_plus_crossfitted_predicted_uts,all,428,0.29726847846988047,0.2817358213700802,0.05225127527732164,0.2880134385593225,0.36047398749350945,0.07246054893418696,0.019087065092139144
characterized_state,60,1,extra_trees,state_plus_crossfitted_predicted_uts,q1,69,0.284762127665451,0.26856647723919963,0.05687431316456035,0.4212756771161641,0.48523278153546445,0.06395710441930036,0.016828874647260184
characterized_state,60,1,extra_trees,state_plus_crossfitted_predicted_uts,q2,103,0.31917287538556416,0.3087856983878805,0.032544046812047665,0.36265613277440145,0.4034646096360832,0.040808476861681764,0.011106662953107777
characterized_state,60,1,extra_trees,state_plus_crossfitted_predicted_uts,q3,98,0.3370257472389537,0.3205588440577998,0.04885948125939099,0.021508749635660074,0.11478999728513273,0.09328124764947265,0.019219230627619044
characterized_state,60,1,extra_trees,state_plus_crossfitted_predicted_uts,q4,158,0.2590434711409039,0.24004897503372694,0.07332551568862021,0.2796080701775847,0.38138100791902974,0.10177293774144502,0.025193674829733087
characterized_state,60,1,extra_trees,predicted_uts_residual_anchor,all,428,0.29726847846988047,0.28375350810918426,0.0454638528452843,0.2880134385593225,0.3512810939667679,0.06326765540744539,0.011025175960803935
characterized_state,60,1,extra_trees,predicted_uts_residual_anchor,q1,69,0.284762127665451,0.27710642338015123,0.02688455922163207,0.4212756771161641,0.45197488368836825,0.030699206572204152,0.003005221512045103
characterized_state,60,1,extra_trees,predicted_uts_residual_anchor,q2,103,0.31917287538556416,0.26751753963773234,0.16184124570558084,0.36265613277440145,0.5522594977578148,0.18960336498341335,0.03799932279649035
characterized_state,60,1,extra_trees,predicted_uts_residual_anchor,q3,98,0.3370257472389537,0.34906492797900746,-0.03572184273362923,0.021508749635660074,-0.04964687529510914,-0.07115562493076921,-0.004387635700104087
characterized_state,60,1,extra_trees,predicted_uts_residual_anchor,q4,158,0.2590434711409039,0.24968715702126063,0.03611870269663748,0.2796080701775847,0.3307075190651415,0.0510994488875568,0.0065029941611687014
characterized_state,60,1,extra_trees,shuffled_uts_residual_anchor,all,428,0.29726847846988047,0.35610127642069267,-0.1979113233049134,0.2880134385593225,-0.021694691194598104,-0.3097081297539206,-0.03354505463652149
characterized_state,60,1,extra_trees,shuffled_uts_residual_anchor,q1,69,0.284762127665451,0.2976390981947573,-0.0452200952243012,0.4212756771161641,0.3677523306475927,-0.053523346468571376,0.0025134368430655696
characterized_state,60,1,extra_trees,shuffled_uts_residual_anchor,q2,103,0.31917287538556416,0.37811070697093824,-0.18465802118734734,0.36265613277440145,0.1055422942026295,-0.25711383857177195,-0.028494439460446275
characterized_state,60,1,extra_trees,shuffled_uts_residual_anchor,q3,98,0.3370257472389537,0.4203662605213349,-0.2472823336648289,0.021508749635660074,-0.52225177372126,-0.54376052335692,-0.0864421934303794
characterized_state,60,1,extra_trees,shuffled_uts_residual_anchor,q4,158,0.2590434711409039,0.3193961291367572,-0.2329827411980018,0.2796080701775847,-0.09517326678363247,-0.3747813369612172,-0.0197749892784784
characterized_state,60,1,ridge_alpha_10,measured_uts_residual_ceiling,all,195,0.2935972315228041,0.16731398159563052,0.4301241168800496,0.07013382758242226,0.6980180360374706,0.6278842084550483,0.07490896895138793
characterized_state,60,1,ridge_alpha_10,measured_uts_residual_ceiling,q1,68,0.24020495532693345,0.1609967772400397,0.3297524731706165,0.2936298177715122,0.6826760888527473,0.38904627108123513,0.07379651491859746
characterized_state,60,1,ridge_alpha_10,measured_uts_residual_ceiling,q2,49,0.3282384914706006,0.177783238719349,0.458371753042033,-0.5552093775653653,0.543761976216193,1.0989713537815584,0.08716653965529753
characterized_state,60,1,ridge_alpha_10,measured_uts_residual_ceiling,q3,34,0.38968597251833137,0.11769105042428475,0.6979848936729475,0.19722364846837204,0.9267762607424367,0.7295526122740646,0.1368262292756658
characterized_state,60,1,ridge_alpha_10,measured_uts_residual_ceiling,q4,44,0.23563344995975136,0.19520321915011418,0.17158103323846033,0.08293804347960598,0.3706405688264922,0.28770252534688623,0.015132583922132153
characterized_state,60,1,random_forest,measured_uts_residual_ceiling,all,195,0.2526823428004378,0.11483916686662704,0.5455196212213207,0.3112425230720184,0.8577354800014193,0.5464929569294009,0.06975145239322998
characterized_state,60,1,random_forest,measured_uts_residual_ceiling,q1,68,0.19399227936594607,0.12763144630445447,0.34207976357816205,0.5392797245743793,0.8005730650255869,0.26129334045120756,0.048989065756139705
characterized_state,60,1,random_forest,measured_uts_residual_ceiling,q2,49,0.22442791801602546,0.08315839237667576,0.6294650277389385,0.27295111717573683,0.900178976134658,0.6272278589589212,0.09640234856329365
characterized_state,60,1,random_forest,measured_uts_residual_ceiling,q3,34,0.41250554025888336,0.09289653372459115,0.7747993065346699,0.10045147369612728,0.9543790795440311,0.8539276058479038,0.1280383415792023
characterized_state,60,1,random_forest,measured_uts_residual_ceiling,q4,44,0.19293737819402154,0.13748541973064132,0.2874091012453619,0.3851664767258667,0.6877962742880075,0.3026297975621408,0.02711950118109273
characterized_state,60,1,extra_trees,measured_uts_residual_ceiling,all,195,0.32203002055936997,0.11807719114565553,0.6333348333780993,-0.11868871266151326,0.8495997481117434,0.9682884607732567,0.1334705144830233
characterized_state,60,1,extra_trees,measured_uts_residual_ceiling,q1,68,0.2633015736647275,0.12510090223432652,0.5248759796869937,0.15125868595308256,0.8084027298583838,0.6571440439053012,0.1037632181288142
characterized_state,60,1,extra_trees,measured_uts_residual_ceiling,q2,49,0.38060041070677775,0.1053791933674892,0.723123805432056,-1.0909726653302871,0.8397051423828266,1.9306778077131137,0.21952259326018855
characterized_state,60,1,extra_trees,measured_uts_residual_ceiling,q3,34,0.3761160161409268,0.08848039668128072,0.7647523825517496,0.25216001931832144,0.9586134574464675,0.7064534381281461,0.11888352531657355
characterized_state,60,1,extra_trees,measured_uts_residual_ceiling,q4,44,0.28604424201557477,0.13851525863418954,0.5157558227421073,-0.3514227128198988,0.6831016132922985,1.0345243261121972,0.0948228309299418
characterized_state,60,2,ridge_alpha_10,state_only,all,428,0.46955313540295707,0.3950755656676525,0.1586137204075744,-0.7764114579141554,-0.25757651151956495,0.5188349463945905,0.05516192196274816
characterized_state,60,2,ridge_alpha_10,state_only,q1,136,0.32137928054108056,0.31550220583038724,0.018287036739887397,-0.1556944462879617,-0.11381247507120684,0.041881971216754854,0.0010885648925677005
characterized_state,60,2,ridge_alpha_10,state_only,q2,121,0.3480228872875954,0.25187106458744707,0.27628017067938243,0.11559675004598091,0.5367757636587231,0.42117901361274224,0.0692178429507099
characterized_state,60,2,ridge_alpha_10,state_only,q3,99,0.5897225328548968,0.47136680727802827,0.20069730929882984,-0.7871426195939981,-0.14177823965368286,0.6453643799403153,0.08465531058275122
characterized_state,60,2,ridge_alpha_10,state_only,q4,72,0.658636914665644,0.5724458533783694,0.13086278550152228,-5.463653134966535,-3.882640330983558,1.5810128039829765,0.0931253198602604
characterized_state,60,2,ridge_alpha_10,state_plus_crossfitted_predicted_uts,all,428,0.3950755656676525,0.48429511140963677,-0.22582906536173383,-0.25757651151956495,-0.8897060191507808,-0.6321295076312159,-0.028759335243450646
characterized_state,60,2,ridge_alpha_10,state_plus_crossfitted_predicted_uts,q1,136,0.31550220583038724,0.364541794265933,-0.15543342496283283,-0.11381247507120684,-0.486969058336268,-0.3731565832650612,-0.042634595655339946
characterized_state,60,2,ridge_alpha_10,state_plus_crossfitted_predicted_uts,q2,121,0.25187106458744707,0.2537177546209709,-0.00733188640207094,0.5367757636587231,0.5299582473590162,-0.006817516299706949,0.00292163392976183
characterized_state,60,2,ridge_alpha_10,state_plus_crossfitted_predicted_uts,q3,99,0.47136680727802827,0.47499235173259136,-0.007691556551254191,-0.14177823965368286,-0.15940989110107773,-0.01763165144739487,-0.005984133509568557
characterized_state,60,2,ridge_alpha_10,state_plus_crossfitted_predicted_uts,q4,72,0.5724458533783694,0.8513508951268388,-0.48721645916809814,-3.882640330983558,-9.799486364388235,-5.916846033404677,-0.08710804115450765
characterized_state,60,2,ridge_alpha_10,predicted_uts_residual_anchor,all,428,0.3950755656676525,0.5871624181807741,-0.4862028158803166,-0.25757651151956495,-1.7777335020410674,-1.5201569905215024,-0.0773808456991062
characterized_state,60,2,ridge_alpha_10,predicted_uts_residual_anchor,q1,136,0.31550220583038724,0.4219098398506039,-0.337264310847389,-0.11381247507120684,-0.9918039361926745,-0.8779914611214676,-0.0905334034722296
characterized_state,60,2,ridge_alpha_10,predicted_uts_residual_anchor,q2,121,0.25187106458744707,0.28482893820961575,-0.13085216309444722,0.5367757636587231,0.40761651795776976,-0.12915924570095338,-0.031203115813173227
characterized_state,60,2,ridge_alpha_10,predicted_uts_residual_anchor,q3,99,0.47136680727802827,0.4875258333554446,-0.03428121333092758,-0.14177823965368286,-0.22140314607378664,-0.07962490642010378,-0.021736790252872173
characterized_state,60,2,ridge_alpha_10,predicted_uts_residual_anchor,q4,72,0.5724458533783694,1.1180413486561631,-0.9530953749736949,-3.882640330983558,-17.625229691308206,-13.742589360324647,-0.20665194220230465
characterized_state,60,2,ridge_alpha_10,shuffled_uts_residual_anchor,all,428,0.3950755656676525,0.42164050567411193,-0.06724014926503079,-0.25757651151956495,-0.43238157851390246,-0.1748050669943375,-0.022164981491529512
characterized_state,60,2,ridge_alpha_10,shuffled_uts_residual_anchor,q1,136,0.31550220583038724,0.3933475269732438,-0.24673463355976005,-0.11381247507120684,-0.7312513537636485,-0.6174388786924416,-0.056812896514676914
characterized_state,60,2,ridge_alpha_10,shuffled_uts_residual_anchor,q2,121,0.25187106458744707,0.2589832460187759,-0.02823738980489194,0.5367757636587231,0.5102459250718254,-0.026529838586897725,-0.014446163624511038
characterized_state,60,2,ridge_alpha_10,shuffled_uts_residual_anchor,q3,99,0.47136680727802827,0.43117934122978685,0.08525731007728228,-0.14177823965368286,0.04461227532671319,0.18639051498039605,0.028430298911670926
characterized_state,60,2,ridge_alpha_10,shuffled_uts_residual_anchor,q4,72,0.5724458533783694,0.6294455127780154,-0.09957214130079647,-3.882640330983558,-4.90339971801169,-1.0207593870281322,-0.03925933258428005
characterized_state,60,2,random_forest,state_only,all,428,0.34481917927607975,0.26766424945259343,0.2237547516511898,0.04201898229017165,0.422762133116277,0.3807431508261053,0.05929929198184308
characterized_state,60,2,random_forest,state_only,q1,136,0.2861914808467158,0.25919776200806405,0.09432048347067884,0.0835248755134621,0.24825634239930372,0.16473146688584162,0.027840962240036682
characterized_state,60,2,random_forest,state_only,q2,121,0.35538983940083996,0.2746206409094129,0.22726929567710133,0.07775834804548587,0.4493177589650741,0.3715594109195882,0.06791808185747972
characterized_state,60,2,random_forest,state_only,q3,99,0.4554105929590213,0.30255193240297384,0.3356502086674167,-0.06578603164116825,0.5296039893831881,0.5953900210243563,0.11776765614504586
characterized_state,60,2,random_forest,state_only,q4,72,0.23378351963110747,0.21535234549068474,0.0788386374262211,0.18564514133355337,0.3089887485444749,0.12334360721092152,0.023842225562073105
characterized_state,60,2,random_forest,state_plus_crossfitted_predicted_uts,all,428,0.26766424945259343,0.2709305479489549,-0.01220296884265059,0.422762133116277,0.40858814380334885,-0.014173989312928126,-0.0011077218970405867
characterized_state,60,2,random_forest,state_plus_crossfitted_predicted_uts,q1,136,0.25919776200806405,0.27129357330556086,-0.04666634157559006,0.24825634239930372,0.17645698197064197,-0.07179936042866175,-0.009094374679474354
characterized_state,60,2,random_forest,state_plus_crossfitted_predicted_uts,q2,121,0.2746206409094129,0.2881634529625718,-0.04931461818860931,0.4493177589650741,0.39366516851989575,-0.05565259044517834,-0.001922195911672947
characterized_state,60,2,random_forest,state_plus_crossfitted_predicted_uts,q3,99,0.30255193240297384,0.2801416883886515,0.07407073501838943,0.5296039893831881,0.5967083305140334,0.06710434113084529,0.0025043150828037153
characterized_state,60,2,random_forest,state_plus_crossfitted_predicted_uts,q4,72,0.21535234549068474,0.22329398958895663,-0.036877444172603226,0.3089887485444749,0.2570835529376265,-0.051905195606848364,0.010380395785972218
characterized_state,60,2,random_forest,predicted_uts_residual_anchor,all,428,0.26766424945259343,0.3339023894249043,-0.24746726582939665,0.422762133116277,0.10171710533703171,-0.32104502777924526,-0.04896415568509657
characterized_state,60,2,random_forest,predicted_uts_residual_anchor,q1,136,0.25919776200806405,0.418720976324495,-0.6154498136116929,0.24825634239930372,-0.9618089602784952,-1.210065302677799,-0.10956046173895209
characterized_state,60,2,random_forest,predicted_uts_residual_anchor,q2,121,0.2746206409094129,0.30120941595028283,-0.09682001670675792,0.4493177589650741,0.3375214724051854,-0.11179628655988871,-0.026551640492026324
characterized_state,60,2,random_forest,predicted_uts_residual_anchor,q3,99,0.30255193240297384,0.26492594044598505,0.12436209432922782,0.5296039893831881,0.6393277434615523,0.10972375407836421,0.003335043040789465
characterized_state,60,2,random_forest,predicted_uts_residual_anchor,q4,72,0.21535234549068474,0.28740186211063895,-0.33456573902544645,0.3089887485444749,-0.23073644642199365,-0.5397251949664685,-0.04408134164203906
characterized_state,60,2,random_forest,shuffled_uts_residual_anchor,all,428,0.26766424945259343,0.3087932673027369,-0.15365898858087093,0.422762133116277,0.2317373473159876,-0.19102478580028937,-0.03757495415148196
characterized_state,60,2,random_forest,shuffled_uts_residual_anchor,q1,136,0.25919776200806405,0.35389650608241385,-0.36535324742272884,0.24825634239930372,-0.4013926258596523,-0.649648968258956,-0.07332576557652601
characterized_state,60,2,random_forest,shuffled_uts_residual_anchor,q2,121,0.2746206409094129,0.2903632375000533,-0.05732488475195593,0.4493177589650741,0.3843725466928184,-0.06494521227225569,-0.00629524535950049
characterized_state,60,2,random_forest,shuffled_uts_residual_anchor,q3,99,0.30255193240297384,0.3139890980499962,-0.03780232225318926,0.5296039893831881,0.4933676630011139,-0.03623632638207419,-0.0428239866434173
characterized_state,60,2,random_forest,shuffled_uts_residual_anchor,q4,72,0.21535234549068474,0.23022507839309833,-0.06906232141807307,0.3089887485444749,0.21024721604683183,-0.09874153249764306,-0.015395512392067573
characterized_state,60,2,extra_trees,state_only,all,428,0.34445370351437504,0.2723164518801192,0.2094251009591637,0.04404864488857385,0.40252211400744053,0.3584734691188667,0.04937083218106736
characterized_state,60,2,extra_trees,state_only,q1,136,0.2788491376120482,0.25498524336283124,0.0855799463953081,0.12994663843067666,0.27249267101697605,0.1425460325862994,0.021535087321914226
characterized_state,60,2,extra_trees,state_only,q2,121,0.36783529271302956,0.2786965858859314,0.24233320889260251,0.012035110641650637,0.4328498968278369,0.4208147861861863,0.05881853290039435
characterized_state,60,2,extra_trees,state_only,q3,99,0.4450722568316162,0.30444637517920026,0.315961912911635,-0.01794617587284053,0.5236947342752355,0.541640910148076,0.10803996290946674
characterized_state,60,2,extra_trees,state_only,q4,72,0.24221443171446796,0.24500964578066708,-0.01154024575007252,0.1258500476607971,0.10555782021003302,-0.02029222745076409,0.005402020676827518
characterized_state,60,2,extra_trees,state_plus_crossfitted_predicted_uts,all,428,0.2723164518801192,0.25890291981953034,0.049257149055738504,0.40252211400744053,0.45993258786458036,0.05741047385713982,0.015937160861532823
characterized_state,60,2,extra_trees,state_plus_crossfitted_predicted_uts,q1,136,0.25498524336283124,0.2461371292393806,0.03470049484730458,0.27249267101697605,0.3221063903741964,0.049613719357220365,0.010294754388749577
characterized_state,60,2,extra_trees,state_plus_crossfitted_predicted_uts,q2,121,0.2786965858859314,0.26823390565693317,0.037541472550655916,0.4328498968278369,0.4746338769933436,0.04178398016550666,0.022435129499022766
characterized_state,60,2,extra_trees,state_plus_crossfitted_predicted_uts,q3,99,0.30444637517920026,0.28961283744493743,0.048722990134245,0.5236947342752355,0.5689780525520498,0.04528331827681431,0.009438864647789535
characterized_state,60,2,extra_trees,state_plus_crossfitted_predicted_uts,q4,72,0.24500964578066708,0.2185885928079666,0.10783678694981924,0.10555782021003302,0.2880640970417069,0.18250627683167386,0.024609999754905076
characterized_state,60,2,extra_trees,predicted_uts_residual_anchor,all,428,0.2723164518801192,0.2917402880171821,-0.07132817721058501,0.40252211400744053,0.3142483034077559,-0.08827381059968464,-0.010937689744063978
characterized_state,60,2,extra_trees,predicted_uts_residual_anchor,q1,136,0.25498524336283124,0.31938850453497736,-0.2525764249051209,0.27249267101697605,-0.14142095070699856,-0.4139136217239746,-0.03752259270482433
characterized_state,60,2,extra_trees,predicted_uts_residual_anchor,q2,121,0.2786965858859314,0.3100774519893918,-0.1125986743027573,0.4328498968278369,0.2979386066100026,-0.13491129021783432,-0.017525966849588015
characterized_state,60,2,extra_trees,predicted_uts_residual_anchor,q3,99,0.30444637517920026,0.2759399979905346,0.09363349184856125,0.5236947342752355,0.6087151065127263,0.08502037223749082,0.00039876026353907745
characterized_state,60,2,extra_trees,predicted_uts_residual_anchor,q4,72,0.24500964578066708,0.21675711284427265,0.1153119210730427,0.10555782021003302,0.29994425850462536,0.19438643829459235,0.034762585001479024
characterized_state,60,2,extra_trees,shuffled_uts_residual_anchor,all,428,0.2723164518801192,0.2900071355322457,-0.06496369767594652,0.40252211400744053,0.32237184332302027,-0.08015027068442027,-0.019395965860305703
characterized_state,60,2,extra_trees,shuffled_uts_residual_anchor,q1,136,0.25498524336283124,0.30373958198680423,-0.1912045496475967,0.27249267101697605,-0.03230982264050386,-0.3048024936574799,-0.03062645155270388
characterized_state,60,2,extra_trees,shuffled_uts_residual_anchor,q2,121,0.2786965858859314,0.29115315025498084,-0.04469579104979725,0.4328498968278369,0.38101844826495945,-0.05183144856287747,0.004479453212318463
characterized_state,60,2,extra_trees,shuffled_uts_residual_anchor,q3,99,0.30444637517920026,0.2905456536875756,0.04565901460788465,0.5236947342752355,0.5661970171322108,0.042502282856975326,-0.035413656044745195
characterized_state,60,2,extra_trees,shuffled_uts_residual_anchor,q4,72,0.24500964578066708,0.2591403971600002,-0.05767426557558057,0.10555782021003302,-0.0005899731535199404,-0.10614779336355296,-0.01628247037922026
characterized_state,60,2,ridge_alpha_10,measured_uts_residual_ceiling,all,195,0.27699291039137186,0.1429566638141577,0.4838977517071834,0.17233642302327068,0.7795422627377174,0.6072058397144467,0.09262077210022575
characterized_state,60,2,ridge_alpha_10,measured_uts_residual_ceiling,q1,59,0.23145634141716645,0.12145737246035351,0.47524716014825347,0.408839944204064,0.8372148902757612,0.42837494607169724,0.07491667105406868
characterized_state,60,2,ridge_alpha_10,measured_uts_residual_ceiling,q2,48,0.3304940507196274,0.17211970942200241,0.479204817614042,-0.3359119536091968,0.6376637776259815,0.9735757312351783,0.1238270937207791
characterized_state,60,2,ridge_alpha_10,measured_uts_residual_ceiling,q3,51,0.21421450739882403,0.14817815727821912,0.30827207233755927,0.2582256592375478,0.6450702309064069,0.3868445716688591,0.05850788675536567
characterized_state,60,2,ridge_alpha_10,measured_uts_residual_ceiling,q4,37,0.33761864866646607,0.1244417143617241,0.631413386513906,0.1823128209152146,0.8889122156644662,0.7065993947492516,0.12738822281710588
characterized_state,60,2,random_forest,measured_uts_residual_ceiling,all,195,0.22982933087128826,0.11803581039418991,0.48641972742681083,0.43019344377620616,0.8497051467043767,0.4195117029281705,0.07088484475822016
characterized_state,60,2,random_forest,measured_uts_residual_ceiling,q1,59,0.19931985014269316,0.0989797472171074,0.5034124943087818,0.5616025520347175,0.8918915616150926,0.3302890095803751,0.058676613144658885
characterized_state,60,2,random_forest,measured_uts_residual_ceiling,q2,48,0.25519627289358543,0.1457240847165104,0.4289725196054252,0.20347539059348307,0.740275322201323,0.5367999316078399,0.08930836689912115
characterized_state,60,2,random_forest,measured_uts_residual_ceiling,q3,51,0.18929263092374676,0.1279135882472739,0.32425479204839386,0.420782783765107,0.7355111238718659,0.3147283401067589,0.05086807512884835
characterized_state,60,2,random_forest,measured_uts_residual_ceiling,q4,37,0.2848801353602632,0.08777200173110103,0.6918984834793644,0.41781814196946243,0.9447354879568671,0.5269173459874047,0.09404192188078314
characterized_state,60,2,extra_trees,measured_uts_residual_ceiling,all,195,0.23678119237600675,0.11925666891503792,0.4963423077722355,0.3952011689071582,0.8465800328132992,0.451378863906141,0.08509258547452073
characterized_state,60,2,extra_trees,measured_uts_residual_ceiling,q1,59,0.21737771388443927,0.1012455262487903,0.5342414618335084,0.47856887955593896,0.886885417333237,0.40831653777729804,0.07276035218332214
characterized_state,60,2,extra_trees,measured_uts_residual_ceiling,q2,48,0.26298127652007325,0.14290475395586844,0.45659723062086294,0.15413666180215158,0.7502279163702731,0.5960912545681215,0.10024998822828693
characterized_state,60,2,extra_trees,measured_uts_residual_ceiling,q3,51,0.20988181123832977,0.1335879999837506,0.3635084469894549,0.287928417731073,0.7115244945817617,0.4235960768506887,0.07510068622018672
characterized_state,60,2,extra_trees,measured_uts_residual_ceiling,q4,37,0.2639922394760733,0.08670433975933617,0.6715648159528775,0.5000614178833918,0.9460717900667873,0.44601037218339556,0.098866458284547
