asset,path,bytes,sha256,resource_name,source_url,upstream_licence,collaboration_status
collective-exp-analysis-ready-v2026.08.04.zip,data/collective.sqlite,97300480,62d7127324dde91b1f8ac5ebfd54b86c16ea6cbe9bd12015f0fcefbe18073b39,Unified local SQLite snapshot,repository generated,mixed upstream terms,collaborator-only
collective-exp-analysis-ready-v2026.08.04.zip,data/external/bandgap_borrowing/BandgapDatabase1_v2.zip,23885635,47c58e1e818b8935b40511672a7bb69af7c360452211ec657d86b97e7e94a639,Band-gap and perovskite transfer candidates,upstream archives recorded in project audits,verify-upstream,private-collaborator
collective-exp-analysis-ready-v2026.08.04.zip,data/external/bandgap_borrowing/hybrid3_bandgap/bandgap_search.html.gz,8625,a27f1f3683e786cc88e6447fceb19c6b87c12870d7a61fd2931756d061d87f04,Band-gap and perovskite transfer candidates,upstream archives recorded in project audits,verify-upstream,private-collaborator
collective-exp-analysis-ready-v2026.08.04.zip,data/external/bandgap_borrowing/hybrid3_bandgap/download.err.log,0,e3b0c44298fc1c149afbf4c8996fb92427ae41e4649b934ca495991b7852b855,Band-gap and perovskite transfer candidates,upstream archives recorded in project audits,verify-upstream,private-collaborator
collective-exp-analysis-ready-v2026.08.04.zip,data/external/bandgap_borrowing/hybrid3_bandgap/download.out.log,1104,9119c25122bffd84c4c01a4947f10abffb22fb5360ccee174d4a6e3ca5cea7ac,Band-gap and perovskite transfer candidates,upstream archives recorded in project audits,verify-upstream,private-collaborator
collective-exp-analysis-ready-v2026.08.04.zip,data/external/bandgap_borrowing/hybrid3_bandgap/hybrid3_bandgap_manifest.json,776,4bf60afde53077c9d36f909ba42cad39814d1f600612557968ce4b15f63d5e29,Band-gap and perovskite transfer candidates,upstream archives recorded in project audits,verify-upstream,private-collaborator
collective-exp-analysis-ready-v2026.08.04.zip,data/external/bandgap_borrowing/hybrid3_bandgap/hybrid3_bandgap_records.csv,47285,25b639e633efbc8ba5b46ce7430d0422c4281dca7922e8f3264a3d93a8d508fd,Band-gap and perovskite transfer candidates,upstream archives recorded in project audits,verify-upstream,private-collaborator
collective-exp-analysis-ready-v2026.08.04.zip,data/external/bandgap_borrowing/hybrid3_bandgap/materials/material_00001.html.gz,10446,0940e928b8d8ff9d9d21df53aa371150f6ccc7757dba99a03ae416d324a8e969,Band-gap and perovskite transfer candidates,upstream archives recorded in project audits,verify-upstream,private-collaborator
collective-exp-analysis-ready-v2026.08.04.zip,data/external/bandgap_borrowing/hybrid3_bandgap/materials/material_00002.html.gz,7937,fe26d05d9bf2217b8a348123369015c3462cf8f3ceff500066f3959ccfb72986,Band-gap and perovskite transfer candidates,upstream archives recorded in project audits,verify-upstream,private-collaborator
collective-exp-analysis-ready-v2026.08.04.zip,data/external/bandgap_borrowing/hybrid3_bandgap/materials/material_00009.html.gz,12988,38cd8913797b23cef71293b5611406aae7d2bafa17fda653f56d28ee6fd9e1e5,Band-gap and perovskite transfer candidates,upstream archives recorded in project audits,verify-upstream,private-collaborator
collective-exp-analysis-ready-v2026.08.04.zip,data/external/bandgap_borrowing/hybrid3_bandgap/materials/material_00011.html.gz,8110,642d1d08969011613be89961fded1e81a031feb2e5c2e7da65f1aae358c08122,Band-gap and perovskite transfer candidates,upstream archives recorded in project audits,verify-upstream,private-collaborator
collective-exp-analysis-ready-v2026.08.04.zip,data/external/bandgap_borrowing/hybrid3_bandgap/materials/material_00016.html.gz,8514,3b056a283bea650c649f632ceba4b144414163525d68e43aa869166b2b2c0b28,Band-gap and perovskite transfer candidates,upstream archives recorded in project audits,verify-upstream,private-collaborator
collective-exp-analysis-ready-v2026.08.04.zip,data/external/bandgap_borrowing/hybrid3_bandgap/materials/material_00017.html.gz,10289,648b01364a138744e0f860c11e41fc1f62a8c039f82e416dd8c4648504c0f500,Band-gap and perovskite transfer candidates,upstream archives recorded in project audits,verify-upstream,private-collaborator
collective-exp-analysis-ready-v2026.08.04.zip,data/external/bandgap_borrowing/hybrid3_bandgap/materials/material_00024.html.gz,10034,7ec7f03807eff10078a7f5dcd08b5b90964c3dafd0cfe30de4cd81b6c5bc2b32,Band-gap and perovskite transfer candidates,upstream archives recorded in project audits,verify-upstream,private-collaborator
collective-exp-analysis-ready-v2026.08.04.zip,data/external/bandgap_borrowing/hybrid3_bandgap/materials/material_00033.html.gz,6286,ed7aa2b84f9d0e82eadc3e004b51e6828c66195c2aa11c416f2f151707421c5f,Band-gap and perovskite transfer candidates,upstream archives recorded in project audits,verify-upstream,private-collaborator
collective-exp-analysis-ready-v2026.08.04.zip,data/external/bandgap_borrowing/hybrid3_bandgap/materials/material_00038.html.gz,6487,33b187318240cdedad5ad42d0d1753c347ab175e0857e8ee2f59bb6ae63853e0,Band-gap and perovskite transfer candidates,upstream archives recorded in project audits,verify-upstream,private-collaborator
collective-exp-analysis-ready-v2026.08.04.zip,data/external/bandgap_borrowing/hybrid3_bandgap/materials/material_00039.html.gz,8446,9e1e6e59f2f605303c21418ec4ab676347b65bdac23e61dbdf74ed7eaa0a01c7,Band-gap and perovskite transfer candidates,upstream archives recorded in project audits,verify-upstream,private-collaborator
collective-exp-analysis-ready-v2026.08.04.zip,data/external/bandgap_borrowing/hybrid3_bandgap/materials/material_00040.html.gz,9701,cb10d5eb0bcc8d8f4d84c9aacd66d9e6ad41cccc9440007b5b34e02acd0a3268,Band-gap and perovskite transfer candidates,upstream archives recorded in project audits,verify-upstream,private-collaborator
collective-exp-analysis-ready-v2026.08.04.zip,data/external/bandgap_borrowing/hybrid3_bandgap/materials/material_00042.html.gz,5765,32c475623db957d6e1551f8ea8bfde9ca55715d84fec8285dae0c1f5f192ba2c,Band-gap and perovskite transfer candidates,upstream archives recorded in project audits,verify-upstream,private-collaborator
collective-exp-analysis-ready-v2026.08.04.zip,data/external/bandgap_borrowing/hybrid3_bandgap/materials/material_00044.html.gz,5861,a3d1e10cd30aad45b77676c1e19ad8180fc91904a4644b267c4b5b0df50d487f,Band-gap and perovskite transfer candidates,upstream archives recorded in project audits,verify-upstream,private-collaborator
collective-exp-analysis-ready-v2026.08.04.zip,data/external/bandgap_borrowing/hybrid3_bandgap/materials/material_00045.html.gz,6873,cc7f280942c44c84ba7a1f5cc75ff891a999533644a84463039e86ee8a426a5f,Band-gap and perovskite transfer candidates,upstream archives recorded in project audits,verify-upstream,private-collaborator
collective-exp-analysis-ready-v2026.08.04.zip,data/external/bandgap_borrowing/hybrid3_bandgap/materials/material_00047.html.gz,7218,50036c1e35d536f4c45c861890bafa26b1284305aafaff2285cc50eea6bc006e,Band-gap and perovskite transfer candidates,upstream archives recorded in project audits,verify-upstream,private-collaborator
collective-exp-analysis-ready-v2026.08.04.zip,data/external/bandgap_borrowing/hybrid3_bandgap/materials/material_00048.html.gz,5889,b566858ebc05a8529c9fbd5e7c91d06b6a4c63ff5fe269aa037c7f2e3ded5126,Band-gap and perovskite transfer candidates,upstream archives recorded in project audits,verify-upstream,private-collaborator
collective-exp-analysis-ready-v2026.08.04.zip,data/external/bandgap_borrowing/hybrid3_bandgap/materials/material_00060.html.gz,7872,7d2c17c405c4c4e523ddafd00d8fe0c71b44ccbac9cf2bc39a1979630ac614ab,Band-gap and perovskite transfer candidates,upstream archives recorded in project audits,verify-upstream,private-collaborator
collective-exp-analysis-ready-v2026.08.04.zip,data/external/bandgap_borrowing/hybrid3_bandgap/materials/material_00061.html.gz,9248,4d40927f0472663fd01f9b860bb276bd7d006d1bf68e260322c011d3ca1be603,Band-gap and perovskite transfer candidates,upstream archives recorded in project audits,verify-upstream,private-collaborator
collective-exp-analysis-ready-v2026.08.04.zip,data/external/bandgap_borrowing/hybrid3_bandgap/materials/material_00064.html.gz,7665,b646be23e7a49b9a0720d9d8b82532609b3d78c9cded87df863971297d0e1ecb,Band-gap and perovskite transfer candidates,upstream archives recorded in project audits,verify-upstream,private-collaborator
collective-exp-analysis-ready-v2026.08.04.zip,data/external/bandgap_borrowing/hybrid3_bandgap/materials/material_00070.html.gz,5901,2c9c834e95c799b4858f1103fb759ec1b564356fb75ab5686fa20e66ee9f1d8c,Band-gap and perovskite transfer candidates,upstream archives recorded in project audits,verify-upstream,private-collaborator
collective-exp-analysis-ready-v2026.08.04.zip,data/external/bandgap_borrowing/hybrid3_bandgap/materials/material_00071.html.gz,5897,9e9157567f1db89a12beac5fa3bc0df6c946350b044013a01ca8ddeb36b126b5,Band-gap and perovskite transfer candidates,upstream archives recorded in project audits,verify-upstream,private-collaborator
collective-exp-analysis-ready-v2026.08.04.zip,data/external/bandgap_borrowing/hybrid3_bandgap/materials/material_00072.html.gz,5890,d129d8e3a4609d90b6bcb903e48e0d03271525305f8ff138f92782c538b910f6,Band-gap and perovskite transfer candidates,upstream archives recorded in project audits,verify-upstream,private-collaborator
collective-exp-analysis-ready-v2026.08.04.zip,data/external/bandgap_borrowing/hybrid3_bandgap/materials/material_00073.html.gz,5318,a28b8da2a78a80c84f23b40b8f445ee4c095df075f99c1636ae1a076ad4e223e,Band-gap and perovskite transfer candidates,upstream archives recorded in project audits,verify-upstream,private-collaborator
collective-exp-analysis-ready-v2026.08.04.zip,data/external/bandgap_borrowing/hybrid3_bandgap/materials/material_00074.html.gz,5253,739474c146eee9dbf741a16b1292e4ea942e8545369fd18ec3af5e6ecaa031ea,Band-gap and perovskite transfer candidates,upstream archives recorded in project audits,verify-upstream,private-collaborator
collective-exp-analysis-ready-v2026.08.04.zip,data/external/bandgap_borrowing/hybrid3_bandgap/materials/material_00075.html.gz,5302,f63ea6ef8dc3dbf687b30278c5c8f012b441b135f93a45571acd3433460c2770,Band-gap and perovskite transfer candidates,upstream archives recorded in project audits,verify-upstream,private-collaborator
collective-exp-analysis-ready-v2026.08.04.zip,data/external/bandgap_borrowing/hybrid3_bandgap/materials/material_00076.html.gz,5836,20b747aba99778ac4e754c89adf41e573c931540fd580766947b7bc6aeba5f38,Band-gap and perovskite transfer candidates,upstream archives recorded in project audits,verify-upstream,private-collaborator
collective-exp-analysis-ready-v2026.08.04.zip,data/external/bandgap_borrowing/hybrid3_bandgap/materials/material_00079.html.gz,1745,47ba4b4d72d933b28676d9d4f1356a974afec22e862c34ed05449b13b7980c85,Band-gap and perovskite transfer candidates,upstream archives recorded in project audits,verify-upstream,private-collaborator
collective-exp-analysis-ready-v2026.08.04.zip,data/external/bandgap_borrowing/hybrid3_bandgap/materials/material_00087.html.gz,6645,0449d452da0d64c19c70b25d5310f00ba7bdba14a9d07c53518306ea388449b9,Band-gap and perovskite transfer candidates,upstream archives recorded in project audits,verify-upstream,private-collaborator
collective-exp-analysis-ready-v2026.08.04.zip,data/external/bandgap_borrowing/hybrid3_bandgap/materials/material_00091.html.gz,6229,bca0d93661fe8621ef54fc4907ac3a75474b405744ee75e2d0a3789c416de8e4,Band-gap and perovskite transfer candidates,upstream archives recorded in project audits,verify-upstream,private-collaborator
collective-exp-analysis-ready-v2026.08.04.zip,data/external/bandgap_borrowing/hybrid3_bandgap/materials/material_00092.html.gz,7120,b090f11dd837d29855a53e14812271b58d0edf1c09560234df30ec21781214d4,Band-gap and perovskite transfer candidates,upstream archives recorded in project audits,verify-upstream,private-collaborator
collective-exp-analysis-ready-v2026.08.04.zip,data/external/bandgap_borrowing/hybrid3_bandgap/materials/material_00094.html.gz,4602,dee06b0149e2851df3cca646fc427178629111c49a868f15781552f38b51d29b,Band-gap and perovskite transfer candidates,upstream archives recorded in project audits,verify-upstream,private-collaborator
collective-exp-analysis-ready-v2026.08.04.zip,data/external/bandgap_borrowing/hybrid3_bandgap/materials/material_00095.html.gz,4609,276d56f8af7cd594253f23b7cbffaf10b389eee54380d3660dd44e73571bbcef,Band-gap and perovskite transfer candidates,upstream archives recorded in project audits,verify-upstream,private-collaborator
collective-exp-analysis-ready-v2026.08.04.zip,data/external/bandgap_borrowing/hybrid3_bandgap/materials/material_00102.html.gz,5920,9d47c6e6f3378d663cf162de476faa96ad74d00d0fb6e1ee297a53bb2b1a4cb2,Band-gap and perovskite transfer candidates,upstream archives recorded in project audits,verify-upstream,private-collaborator
collective-exp-analysis-ready-v2026.08.04.zip,data/external/bandgap_borrowing/hybrid3_bandgap/materials/material_00105.html.gz,4621,db98ecef85e0a322818ee263136dbe6b92db88369e3a7afc65ed6eda2208ee33,Band-gap and perovskite transfer candidates,upstream archives recorded in project audits,verify-upstream,private-collaborator
collective-exp-analysis-ready-v2026.08.04.zip,data/external/bandgap_borrowing/hybrid3_bandgap/materials/material_00106.html.gz,4555,3859ef45630692799cae9d51f2f9a56497461eb86d5bdffa3ab78d9613ad4257,Band-gap and perovskite transfer candidates,upstream archives recorded in project audits,verify-upstream,private-collaborator
collective-exp-analysis-ready-v2026.08.04.zip,data/external/bandgap_borrowing/hybrid3_bandgap/materials/material_00113.html.gz,3517,cba2a09b0a6880789eaba4404956fb4f722040dec590cea8fa41e8325b3a7f2d,Band-gap and perovskite transfer candidates,upstream archives recorded in project audits,verify-upstream,private-collaborator
collective-exp-analysis-ready-v2026.08.04.zip,data/external/bandgap_borrowing/hybrid3_bandgap/materials/material_00117.html.gz,6103,b292078f0897312b42c0c3694a67f9b60d66492f6a3415f493fc1cfaadee2f47,Band-gap and perovskite transfer candidates,upstream archives recorded in project audits,verify-upstream,private-collaborator
collective-exp-analysis-ready-v2026.08.04.zip,data/external/bandgap_borrowing/hybrid3_bandgap/materials/material_00130.html.gz,6558,dcca22896406a0dc6b003be46a0d41a53248bb6356f9a91351e91150335e072f,Band-gap and perovskite transfer candidates,upstream archives recorded in project audits,verify-upstream,private-collaborator
collective-exp-analysis-ready-v2026.08.04.zip,data/external/bandgap_borrowing/hybrid3_bandgap/materials/material_00131.html.gz,6563,cbfaa0956d75871fb8b259dbd47785982117c1db5a57a9490dccf74eceef3e44,Band-gap and perovskite transfer candidates,upstream archives recorded in project audits,verify-upstream,private-collaborator
collective-exp-analysis-ready-v2026.08.04.zip,data/external/bandgap_borrowing/hybrid3_bandgap/materials/material_00154.html.gz,5501,80e79f046617e77d96ac27be630b1085c1213cf20b31dd6cf4d8031003392fb4,Band-gap and perovskite transfer candidates,upstream archives recorded in project audits,verify-upstream,private-collaborator
collective-exp-analysis-ready-v2026.08.04.zip,data/external/bandgap_borrowing/hybrid3_bandgap/materials/material_00161.html.gz,6005,8e1c263871d6ffff0585d552d794dd797acd9a7ad6bf94c78f51d8134d03a855,Band-gap and perovskite transfer candidates,upstream archives recorded in project audits,verify-upstream,private-collaborator
collective-exp-analysis-ready-v2026.08.04.zip,data/external/bandgap_borrowing/hybrid3_bandgap/materials/material_00178.html.gz,7024,4a53abf2afa51d8b83eb2b9e0cc2cf012fea51bd1d58860120e5ac71917e8811,Band-gap and perovskite transfer candidates,upstream archives recorded in project audits,verify-upstream,private-collaborator
collective-exp-analysis-ready-v2026.08.04.zip,data/external/bandgap_borrowing/hybrid3_bandgap/materials/material_00179.html.gz,11959,9ea31d357a7ef1ed7c3238270a7db88c0e6a25db826cae2d5b49ecf5bebe1f78,Band-gap and perovskite transfer candidates,upstream archives recorded in project audits,verify-upstream,private-collaborator
collective-exp-analysis-ready-v2026.08.04.zip,data/external/bandgap_borrowing/hybrid3_bandgap/materials/material_00188.html.gz,3807,8d1a4e5aca7f5b861d0164cbc0ffcff79d799b0d8ab4b6ad3edd3dc4aa8f11b4,Band-gap and perovskite transfer candidates,upstream archives recorded in project audits,verify-upstream,private-collaborator
collective-exp-analysis-ready-v2026.08.04.zip,data/external/bandgap_borrowing/hybrid3_bandgap/materials/material_00189.html.gz,3861,a90c3849aa981fa041c9370821432d39ff99de5914d5316bd525161d24565441,Band-gap and perovskite transfer candidates,upstream archives recorded in project audits,verify-upstream,private-collaborator
collective-exp-analysis-ready-v2026.08.04.zip,data/external/bandgap_borrowing/hybrid3_bandgap/materials/material_00190.html.gz,3967,d86dd5656f274b1a7cb24953e91e2d1c4e3f5a7fcc1ef0be5f2371ed54af9922,Band-gap and perovskite transfer candidates,upstream archives recorded in project audits,verify-upstream,private-collaborator
collective-exp-analysis-ready-v2026.08.04.zip,data/external/bandgap_borrowing/hybrid3_bandgap/materials/material_00191.html.gz,3806,01e9ff51d98a3c3d3487e806d23a90a1fdd0e1ade19502d58bba7ed057ff2800,Band-gap and perovskite transfer candidates,upstream archives recorded in project audits,verify-upstream,private-collaborator
collective-exp-analysis-ready-v2026.08.04.zip,data/external/bandgap_borrowing/hybrid3_bandgap/materials/material_00192.html.gz,3618,1977173a775ad3ce5cec267e9f8bbe811c15a2989466fc5bc44e33ca178a294a,Band-gap and perovskite transfer candidates,upstream archives recorded in project audits,verify-upstream,private-collaborator
collective-exp-analysis-ready-v2026.08.04.zip,data/external/bandgap_borrowing/hybrid3_bandgap/materials/material_00193.html.gz,3910,e5ba50c3f2618f2bc0944374b671e1eca718c2e559d614375ea0f2aca1c35cce,Band-gap and perovskite transfer candidates,upstream archives recorded in project audits,verify-upstream,private-collaborator
collective-exp-analysis-ready-v2026.08.04.zip,data/external/bandgap_borrowing/hybrid3_bandgap/materials/material_00194.html.gz,3811,3e91150e63ab729067a091edb0b8e63b589d375f987209b28582e55f20c5988c,Band-gap and perovskite transfer candidates,upstream archives recorded in project audits,verify-upstream,private-collaborator
collective-exp-analysis-ready-v2026.08.04.zip,data/external/bandgap_borrowing/hybrid3_bandgap/materials/material_00205.html.gz,3956,f6ccd2ab6c4c50979b551f51edf9924f20e63d42f04f24d99ef461c333e796d1,Band-gap and perovskite transfer candidates,upstream archives recorded in project audits,verify-upstream,private-collaborator
collective-exp-analysis-ready-v2026.08.04.zip,data/external/bandgap_borrowing/hybrid3_bandgap/materials/material_00207.html.gz,4026,4778549e00446429182b059c290d2bbd564343a4709da2a525980b1ec21408ea,Band-gap and perovskite transfer candidates,upstream archives recorded in project audits,verify-upstream,private-collaborator
collective-exp-analysis-ready-v2026.08.04.zip,data/external/bandgap_borrowing/hybrid3_bandgap/materials/material_00217.html.gz,6245,330437925655da130eb2e6a6fee056bc4a42d3c814b4afd551aa3acf01b98136,Band-gap and perovskite transfer candidates,upstream archives recorded in project audits,verify-upstream,private-collaborator
collective-exp-analysis-ready-v2026.08.04.zip,data/external/bandgap_borrowing/hybrid3_bandgap/materials/material_00219.html.gz,6116,b9fe9179739fba5b447978e0810c058d66562a30b0f16a29fb66446078a56fb1,Band-gap and perovskite transfer candidates,upstream archives recorded in project audits,verify-upstream,private-collaborator
collective-exp-analysis-ready-v2026.08.04.zip,data/external/bandgap_borrowing/hybrid3_bandgap/materials/material_00220.html.gz,5254,d6162c45484eae9cf62662a3defbf80a49a2c345c74ea0db350c73e8dbe2d8a3,Band-gap and perovskite transfer candidates,upstream archives recorded in project audits,verify-upstream,private-collaborator
collective-exp-analysis-ready-v2026.08.04.zip,data/external/bandgap_borrowing/hybrid3_bandgap/materials/material_00221.html.gz,6069,2047ef9b8e97cc8d855630f36bbb6251ee3f92c79a5e3250bf4e942a703b5856,Band-gap and perovskite transfer candidates,upstream archives recorded in project audits,verify-upstream,private-collaborator
collective-exp-analysis-ready-v2026.08.04.zip,data/external/bandgap_borrowing/hybrid3_bandgap/materials/material_00222.html.gz,5914,d26b646bee7670f897fc0f48d568577d98e5207e95bea37755d2d76e8221f85f,Band-gap and perovskite transfer candidates,upstream archives recorded in project audits,verify-upstream,private-collaborator
collective-exp-analysis-ready-v2026.08.04.zip,data/external/bandgap_borrowing/hybrid3_bandgap/materials/material_00223.html.gz,5646,b781f373f3739ef1e55cc6e06192d8ecba90eb4f643240495c0d51f63eace59e,Band-gap and perovskite transfer candidates,upstream archives recorded in project audits,verify-upstream,private-collaborator
collective-exp-analysis-ready-v2026.08.04.zip,data/external/bandgap_borrowing/hybrid3_bandgap/materials/material_00228.html.gz,5302,54afba544b6eb45f784f25a522fa9ee94d97cb0714f2186ab909942efdfd680f,Band-gap and perovskite transfer candidates,upstream archives recorded in project audits,verify-upstream,private-collaborator
collective-exp-analysis-ready-v2026.08.04.zip,data/external/bandgap_borrowing/hybrid3_bandgap/materials/material_00231.html.gz,6101,ab5a871e2b444d61b57cd5e67b6c9ae0cef01435083bbe48025965303135c07c,Band-gap and perovskite transfer candidates,upstream archives recorded in project audits,verify-upstream,private-collaborator
collective-exp-analysis-ready-v2026.08.04.zip,data/external/bandgap_borrowing/hybrid3_bandgap/materials/material_00238.html.gz,5381,ea9ab6d5b79271f45a11cef5515cac9d4e8934f24710c598ae3bfeb63ed90f92,Band-gap and perovskite transfer candidates,upstream archives recorded in project audits,verify-upstream,private-collaborator
collective-exp-analysis-ready-v2026.08.04.zip,data/external/bandgap_borrowing/hybrid3_bandgap/materials/material_00241.html.gz,4634,61f7f0b1a76674a8b09c4a7a9db1ad7d77a972416a659e46f4146948589d2521,Band-gap and perovskite transfer candidates,upstream archives recorded in project audits,verify-upstream,private-collaborator
collective-exp-analysis-ready-v2026.08.04.zip,data/external/bandgap_borrowing/hybrid3_bandgap/materials/material_00242.html.gz,4749,475c4831966e3e6e528d867a6ee10ac21ad52a6812d52362534233ae10219b46,Band-gap and perovskite transfer candidates,upstream archives recorded in project audits,verify-upstream,private-collaborator
collective-exp-analysis-ready-v2026.08.04.zip,data/external/bandgap_borrowing/hybrid3_bandgap/materials/material_00243.html.gz,5039,1f7faaca8b8368a8aae1975c0f3e8f3c943a09c60868a0f6d1104dff68ac1e01,Band-gap and perovskite transfer candidates,upstream archives recorded in project audits,verify-upstream,private-collaborator
collective-exp-analysis-ready-v2026.08.04.zip,data/external/bandgap_borrowing/hybrid3_bandgap/materials/material_00244.html.gz,5006,ab8c7425e27d56e69b14dcb9cd9acf23c45885d7700c030c385d80170ea47a9a,Band-gap and perovskite transfer candidates,upstream archives recorded in project audits,verify-upstream,private-collaborator
collective-exp-analysis-ready-v2026.08.04.zip,data/external/bandgap_borrowing/hybrid3_bandgap/materials/material_00245.html.gz,6054,8d77ff2c6cd97f54bebd2e8d8ca0178ebd92db4c04a45c1c0146d50e0754ea16,Band-gap and perovskite transfer candidates,upstream archives recorded in project audits,verify-upstream,private-collaborator
collective-exp-analysis-ready-v2026.08.04.zip,data/external/bandgap_borrowing/hybrid3_bandgap/materials/material_00248.html.gz,4334,48b6a6c04defb832dae15192b8e2ca7fca4f738fd3b39bf1ea24ee358b84e2a5,Band-gap and perovskite transfer candidates,upstream archives recorded in project audits,verify-upstream,private-collaborator
collective-exp-analysis-ready-v2026.08.04.zip,data/external/bandgap_borrowing/hybrid3_bandgap/materials/material_00252.html.gz,6207,c480f8babf2cd749b72bb67284073a159c4b63255c39338717f90499e24023c4,Band-gap and perovskite transfer candidates,upstream archives recorded in project audits,verify-upstream,private-collaborator
collective-exp-analysis-ready-v2026.08.04.zip,data/external/bandgap_borrowing/hybrid3_bandgap/materials/material_00253.html.gz,6121,a7245d339346e4eaa483b1f25108f5d6e81a881c4a349eae9f1bd25afb6d322f,Band-gap and perovskite transfer candidates,upstream archives recorded in project audits,verify-upstream,private-collaborator
collective-exp-analysis-ready-v2026.08.04.zip,data/external/bandgap_borrowing/hybrid3_bandgap/materials/material_00254.html.gz,5903,67a07c1fecdd441f8f935f93f413f448dcaa55d985ea349d92bf622f8b7804cf,Band-gap and perovskite transfer candidates,upstream archives recorded in project audits,verify-upstream,private-collaborator
collective-exp-analysis-ready-v2026.08.04.zip,data/external/bandgap_borrowing/hybrid3_bandgap/materials/material_00256.html.gz,6823,477c0a29c36191bb16c2bd6afff360f7b6322f5d5369edbf14cf8725ebd1b5f7,Band-gap and perovskite transfer candidates,upstream archives recorded in project audits,verify-upstream,private-collaborator
collective-exp-analysis-ready-v2026.08.04.zip,data/external/bandgap_borrowing/hybrid3_bandgap/materials/material_00257.html.gz,6404,e0a1dab357eb9bfdc7fa088f73b3081cb9b6830bc7857d4fe21567b612064f15,Band-gap and perovskite transfer candidates,upstream archives recorded in project audits,verify-upstream,private-collaborator
collective-exp-analysis-ready-v2026.08.04.zip,data/external/bandgap_borrowing/hybrid3_bandgap/materials/material_00258.html.gz,6430,556ffce6a9103d58c77163202ac00dc05e70ec2a21eb813ee8cc78096bce639f,Band-gap and perovskite transfer candidates,upstream archives recorded in project audits,verify-upstream,private-collaborator
collective-exp-analysis-ready-v2026.08.04.zip,data/external/bandgap_borrowing/hybrid3_bandgap/materials/material_00259.html.gz,5035,67a0ee86fb02cbc59bd37e8391c109f548753c0f59f20061466572b652400768,Band-gap and perovskite transfer candidates,upstream archives recorded in project audits,verify-upstream,private-collaborator
collective-exp-analysis-ready-v2026.08.04.zip,data/external/bandgap_borrowing/hybrid3_bandgap/materials/material_00260.html.gz,5922,488190861ac40600c57a014ece212e59744f7fc91702bfa2ba433160ecf0a943,Band-gap and perovskite transfer candidates,upstream archives recorded in project audits,verify-upstream,private-collaborator
collective-exp-analysis-ready-v2026.08.04.zip,data/external/bandgap_borrowing/hybrid3_bandgap/materials/material_00261.html.gz,5924,06900e5ee0927f8dac15d118edbf04dd48a2690d80da8b77ed5cd04e5f5b54e7,Band-gap and perovskite transfer candidates,upstream archives recorded in project audits,verify-upstream,private-collaborator
collective-exp-analysis-ready-v2026.08.04.zip,data/external/bandgap_borrowing/hybrid3_bandgap/materials/material_00262.html.gz,5905,58c6fc32cf5d461fea25763cd324d2c685a0f40c1794d670376127e2eb37011d,Band-gap and perovskite transfer candidates,upstream archives recorded in project audits,verify-upstream,private-collaborator
collective-exp-analysis-ready-v2026.08.04.zip,data/external/bandgap_borrowing/hybrid3_bandgap/materials/material_00263.html.gz,5723,0dc424274d60d40f38827f280f7f62c4d4b36eee4e18360e17c75d994708bce0,Band-gap and perovskite transfer candidates,upstream archives recorded in project audits,verify-upstream,private-collaborator
collective-exp-analysis-ready-v2026.08.04.zip,data/external/bandgap_borrowing/hybrid3_bandgap/materials/material_00264.html.gz,5810,153c61cd710f3b189ca80b951a240e15f8b1f3efd5be89f9ab76e138ee608511,Band-gap and perovskite transfer candidates,upstream archives recorded in project audits,verify-upstream,private-collaborator
collective-exp-analysis-ready-v2026.08.04.zip,data/external/bandgap_borrowing/hybrid3_bandgap/materials/material_00265.html.gz,5805,e39d37f5bb4ee3c0b0d78527c423a8dc7c78000f00921a4fdc5331b719696a9c,Band-gap and perovskite transfer candidates,upstream archives recorded in project audits,verify-upstream,private-collaborator
collective-exp-analysis-ready-v2026.08.04.zip,data/external/bandgap_borrowing/hybrid3_bandgap/materials/material_00266.html.gz,6507,ff068f31d4efeec5335a0b544969747946f9ed4295bf2a8b384cf8fac1e81501,Band-gap and perovskite transfer candidates,upstream archives recorded in project audits,verify-upstream,private-collaborator
collective-exp-analysis-ready-v2026.08.04.zip,data/external/bandgap_borrowing/hybrid3_bandgap/materials/material_00267.html.gz,6010,a15480c7ecf942ecb2470bfc7af37d43729087d0d53a91ca1c30147c3b15e1f8,Band-gap and perovskite transfer candidates,upstream archives recorded in project audits,verify-upstream,private-collaborator
collective-exp-analysis-ready-v2026.08.04.zip,data/external/bandgap_borrowing/hybrid3_bandgap/materials/material_00268.html.gz,6057,be059c7bf4391204bdb09e72417d129aec20df73721c048ea6e76622bb48045c,Band-gap and perovskite transfer candidates,upstream archives recorded in project audits,verify-upstream,private-collaborator
collective-exp-analysis-ready-v2026.08.04.zip,data/external/bandgap_borrowing/hybrid3_bandgap/materials/material_00269.html.gz,5988,6378d4650e43860baa4a4133fa59029ff10c6652142b5d321bcf5d4c18b1b779,Band-gap and perovskite transfer candidates,upstream archives recorded in project audits,verify-upstream,private-collaborator
collective-exp-analysis-ready-v2026.08.04.zip,data/external/bandgap_borrowing/hybrid3_bandgap/materials/material_00270.html.gz,6029,f4c36edf9ff256c403a11a54c672dacb06e831c24cb58f8fe78874a1cb94889d,Band-gap and perovskite transfer candidates,upstream archives recorded in project audits,verify-upstream,private-collaborator
collective-exp-analysis-ready-v2026.08.04.zip,data/external/bandgap_borrowing/hybrid3_bandgap/materials/material_00271.html.gz,6014,9ccd73fece27913d244c042f34af2e4a2941bbfe18575ad96b214cb9d50a7f46,Band-gap and perovskite transfer candidates,upstream archives recorded in project audits,verify-upstream,private-collaborator
collective-exp-analysis-ready-v2026.08.04.zip,data/external/bandgap_borrowing/hybrid3_bandgap/materials/material_00272.html.gz,6024,0be22755cac2e39a5ec6d917b96e262565fb3c2f12f2d0ced5fad7c7df642d63,Band-gap and perovskite transfer candidates,upstream archives recorded in project audits,verify-upstream,private-collaborator
collective-exp-analysis-ready-v2026.08.04.zip,data/external/bandgap_borrowing/hybrid3_bandgap/materials/material_00274.html.gz,5731,c8d705054ea93827ef1bb43bcbcdfafca4191709ef38f19acff1cd41e7a797d1,Band-gap and perovskite transfer candidates,upstream archives recorded in project audits,verify-upstream,private-collaborator
collective-exp-analysis-ready-v2026.08.04.zip,data/external/bandgap_borrowing/hybrid3_bandgap/materials/material_00275.html.gz,5665,1346b8634b3dc87b6ebd9661d8955d3b1ec98ec86ab659851aadc4aca78d0802,Band-gap and perovskite transfer candidates,upstream archives recorded in project audits,verify-upstream,private-collaborator
collective-exp-analysis-ready-v2026.08.04.zip,data/external/bandgap_borrowing/hybrid3_bandgap/materials/material_00276.html.gz,5664,c89d353a0ed3491af3639b8d63306b9e1d6a7ea4d532dd81fed20eb052e27f8c,Band-gap and perovskite transfer candidates,upstream archives recorded in project audits,verify-upstream,private-collaborator
collective-exp-analysis-ready-v2026.08.04.zip,data/external/bandgap_borrowing/hybrid3_bandgap/materials/material_00278.html.gz,6170,c4d63dfe842c6e4357dddf3ea64a8cfca6084cdaf106b77cd71a9bb6d1d7c04a,Band-gap and perovskite transfer candidates,upstream archives recorded in project audits,verify-upstream,private-collaborator
collective-exp-analysis-ready-v2026.08.04.zip,data/external/bandgap_borrowing/hybrid3_bandgap/materials/material_00280.html.gz,4971,c06ca1d8f73c88670310a71b388b8f46148e88b7cafdda82820aec6803c0294e,Band-gap and perovskite transfer candidates,upstream archives recorded in project audits,verify-upstream,private-collaborator
collective-exp-analysis-ready-v2026.08.04.zip,data/external/bandgap_borrowing/hybrid3_bandgap/materials/material_00282.html.gz,6214,38d33c852868447736c56d49f4db589c061fb4a531fe7adae3d5d103d8f8f054,Band-gap and perovskite transfer candidates,upstream archives recorded in project audits,verify-upstream,private-collaborator
collective-exp-analysis-ready-v2026.08.04.zip,data/external/bandgap_borrowing/hybrid3_bandgap/materials/material_00283.html.gz,6346,f822ee6c67c15ac2d45c57ad981dc3e37658a062e2a343fc9116805e471af78f,Band-gap and perovskite transfer candidates,upstream archives recorded in project audits,verify-upstream,private-collaborator
collective-exp-analysis-ready-v2026.08.04.zip,data/external/bandgap_borrowing/hybrid3_bandgap/materials/material_00284.html.gz,5427,841666ca42e34d0bc11fa5a5c142ddf5cad9868c080a060910dca6236d46e584,Band-gap and perovskite transfer candidates,upstream archives recorded in project audits,verify-upstream,private-collaborator
collective-exp-analysis-ready-v2026.08.04.zip,data/external/bandgap_borrowing/hybrid3_bandgap/materials/material_00285.html.gz,4986,42177214492c3d2544af50fa9ebe838e834ef620435645ed58f09d07e5ff165a,Band-gap and perovskite transfer candidates,upstream archives recorded in project audits,verify-upstream,private-collaborator
collective-exp-analysis-ready-v2026.08.04.zip,data/external/bandgap_borrowing/hybrid3_bandgap/materials/material_00286.html.gz,5931,0a88eeb72f364e6bcabdf2e019c5f3d33da8db3b3902bf449f2d67af3b2d967d,Band-gap and perovskite transfer candidates,upstream archives recorded in project audits,verify-upstream,private-collaborator
collective-exp-analysis-ready-v2026.08.04.zip,data/external/bandgap_borrowing/hybrid3_bandgap/materials/material_00291.html.gz,6588,959bfe60a09e4ed48f9acfe57724a1ecf4027d885d27f6df0514ce861670559c,Band-gap and perovskite transfer candidates,upstream archives recorded in project audits,verify-upstream,private-collaborator
collective-exp-analysis-ready-v2026.08.04.zip,data/external/bandgap_borrowing/hybrid3_bandgap/materials/material_00318.html.gz,5519,d5c735e1f0db79c4be4147343b51fbc15198bd48e10b2f4c8a6627627f600314,Band-gap and perovskite transfer candidates,upstream archives recorded in project audits,verify-upstream,private-collaborator
collective-exp-analysis-ready-v2026.08.04.zip,data/external/bandgap_borrowing/hybrid3_bandgap/materials/material_00319.html.gz,5536,283fcc11f0f0804a33f75b879728186df7e877613f1d00a99ffc4aab333d63d1,Band-gap and perovskite transfer candidates,upstream archives recorded in project audits,verify-upstream,private-collaborator
collective-exp-analysis-ready-v2026.08.04.zip,data/external/bandgap_borrowing/hybrid3_bandgap/materials/material_00320.html.gz,5533,db4de1afba5ceb6430fab36edd8ccd96bad106db6f141d108bc5bd85802acdc9,Band-gap and perovskite transfer candidates,upstream archives recorded in project audits,verify-upstream,private-collaborator
collective-exp-analysis-ready-v2026.08.04.zip,data/external/bandgap_borrowing/hybrid3_bandgap/materials/material_00321.html.gz,5537,c599fb3f43af8a766ee88159661e4bf57d2ae3e4fa4f0ce1e9d2167d286099b3,Band-gap and perovskite transfer candidates,upstream archives recorded in project audits,verify-upstream,private-collaborator
collective-exp-analysis-ready-v2026.08.04.zip,data/external/bandgap_borrowing/hybrid3_bandgap/materials/material_00322.html.gz,5504,1a26ef4a93173ef5350c78f58a15adcc4e8e849b0bcdb4994b69cb7952e35032,Band-gap and perovskite transfer candidates,upstream archives recorded in project audits,verify-upstream,private-collaborator
collective-exp-analysis-ready-v2026.08.04.zip,data/external/bandgap_borrowing/hybrid3_bandgap/materials/material_00323.html.gz,5488,003bcf67a21bd1d0599cab5a74562ea603e03fedc86aad4f6fc6503848e23d1c,Band-gap and perovskite transfer candidates,upstream archives recorded in project audits,verify-upstream,private-collaborator
collective-exp-analysis-ready-v2026.08.04.zip,data/external/bandgap_borrowing/hybrid3_bandgap/materials/material_00326.html.gz,7784,2ca41085df27bbb951b064bcc4f34a2ea97d1b53f66ba460aa5493541405dce6,Band-gap and perovskite transfer candidates,upstream archives recorded in project audits,verify-upstream,private-collaborator
collective-exp-analysis-ready-v2026.08.04.zip,data/external/bandgap_borrowing/hybrid3_bandgap/materials/material_00327.html.gz,5975,e0f3ba9f7c9d50ac022eab11d8f2c7a851e906b645077d597bf5efcb3e6c0ba3,Band-gap and perovskite transfer candidates,upstream archives recorded in project audits,verify-upstream,private-collaborator
collective-exp-analysis-ready-v2026.08.04.zip,data/external/bandgap_borrowing/hybrid3_bandgap/materials/material_00328.html.gz,5161,48d9679dab4f84f85032ff79493da74c871bc3156dcfeab27ab70d5a0dab200b,Band-gap and perovskite transfer candidates,upstream archives recorded in project audits,verify-upstream,private-collaborator
collective-exp-analysis-ready-v2026.08.04.zip,data/external/bandgap_borrowing/hybrid3_bandgap/materials/material_00329.html.gz,5595,98e0edf91d1c090ad69a9ba7d2e59b1167a062c8ec6a357ae4ab29d859c9b377,Band-gap and perovskite transfer candidates,upstream archives recorded in project audits,verify-upstream,private-collaborator
collective-exp-analysis-ready-v2026.08.04.zip,data/external/bandgap_borrowing/hybrid3_bandgap/materials/material_00330.html.gz,5643,15287ab50f042b42a6c95f0a8d68ea4e863e313fb72c35b9d0d784c93ddc69e5,Band-gap and perovskite transfer candidates,upstream archives recorded in project audits,verify-upstream,private-collaborator
collective-exp-analysis-ready-v2026.08.04.zip,data/external/bandgap_borrowing/hybrid3_bandgap/materials/material_00332.html.gz,5388,84cb9284bb2b937168945a979a0ec2164cfe211250619791d7a0b6e6c91480fb,Band-gap and perovskite transfer candidates,upstream archives recorded in project audits,verify-upstream,private-collaborator
collective-exp-analysis-ready-v2026.08.04.zip,data/external/bandgap_borrowing/hybrid3_bandgap/materials/material_00333.html.gz,5242,7b59680a5fc9ee1d32f764c22b2b556a477efc00cd7c596f805d0e73da080c14,Band-gap and perovskite transfer candidates,upstream archives recorded in project audits,verify-upstream,private-collaborator
collective-exp-analysis-ready-v2026.08.04.zip,data/external/bandgap_borrowing/hybrid3_bandgap/materials/material_00334.html.gz,5773,0dae6a8c843fd0cf1397ead3e696960e432c25a1c7e8a4f0b2563efad04b942d,Band-gap and perovskite transfer candidates,upstream archives recorded in project audits,verify-upstream,private-collaborator
collective-exp-analysis-ready-v2026.08.04.zip,data/external/bandgap_borrowing/hybrid3_bandgap/materials/material_00336.html.gz,7256,6dca97fc6476a4ba1589f94688e6cca5cc0bffe9333bfd75eb4ef708d35059e7,Band-gap and perovskite transfer candidates,upstream archives recorded in project audits,verify-upstream,private-collaborator
collective-exp-analysis-ready-v2026.08.04.zip,data/external/bandgap_borrowing/hybrid3_bandgap/materials/material_00347.html.gz,6087,33d08d269a05f3a84724bfff7e51583be16672387e6e4732ca841ec3a162cb1c,Band-gap and perovskite transfer candidates,upstream archives recorded in project audits,verify-upstream,private-collaborator
collective-exp-analysis-ready-v2026.08.04.zip,data/external/bandgap_borrowing/hybrid3_bandgap/materials/material_00363.html.gz,5688,a4dea00db3862283f56d78463c9a9182339e75ad6391d0bb93ffa659bf477e1e,Band-gap and perovskite transfer candidates,upstream archives recorded in project audits,verify-upstream,private-collaborator
collective-exp-analysis-ready-v2026.08.04.zip,data/external/bandgap_borrowing/hybrid3_bandgap/materials/material_00364.html.gz,6035,ab53cd5e29de394d307f9528b96f941c5dd0cb67957f4e69390e37621374b0c0,Band-gap and perovskite transfer candidates,upstream archives recorded in project audits,verify-upstream,private-collaborator
collective-exp-analysis-ready-v2026.08.04.zip,data/external/bandgap_borrowing/hybrid3_bandgap/materials/material_00365.html.gz,6158,17586a28849a580d8f24d998cca8e3ba5d3eb4bdb89bc7cf71560ed150f7528d,Band-gap and perovskite transfer candidates,upstream archives recorded in project audits,verify-upstream,private-collaborator
collective-exp-analysis-ready-v2026.08.04.zip,data/external/bandgap_borrowing/hybrid3_bandgap/materials/material_00366.html.gz,6097,5e50aa447aeef022721948a2d957eeca494aa1ae00f3bf907312b8eab366b587,Band-gap and perovskite transfer candidates,upstream archives recorded in project audits,verify-upstream,private-collaborator
collective-exp-analysis-ready-v2026.08.04.zip,data/external/bandgap_borrowing/hybrid3_bandgap/materials/material_00367.html.gz,6183,8aec25686dbbe62db7d6274042a3d0bb50bf79d181ddf9f136a5ab009e58832e,Band-gap and perovskite transfer candidates,upstream archives recorded in project audits,verify-upstream,private-collaborator
collective-exp-analysis-ready-v2026.08.04.zip,data/external/bandgap_borrowing/hybrid3_bandgap/materials/material_00368.html.gz,6199,2cef87b84ae5b7e32a8b42da3969ad66577ba6b086c7e1a46722691adadd8e05,Band-gap and perovskite transfer candidates,upstream archives recorded in project audits,verify-upstream,private-collaborator
collective-exp-analysis-ready-v2026.08.04.zip,data/external/bandgap_borrowing/hybrid3_bandgap/materials/material_00369.html.gz,6173,432de190e95bda248b786af9b776f7a461dd910388fe8adf6f75997a04ffe069,Band-gap and perovskite transfer candidates,upstream archives recorded in project audits,verify-upstream,private-collaborator
collective-exp-analysis-ready-v2026.08.04.zip,data/external/bandgap_borrowing/hybrid3_bandgap/materials/material_00370.html.gz,7025,51a7cb5fd60b8024edefaa68f672658d6614e5ecc62fde48dc37094d4d81aeb4,Band-gap and perovskite transfer candidates,upstream archives recorded in project audits,verify-upstream,private-collaborator
collective-exp-analysis-ready-v2026.08.04.zip,data/external/bandgap_borrowing/hybrid3_bandgap/materials/material_00374.html.gz,5516,e96d0e15b0bb7e41b28a8e80f514a7c7a455a028f04502d08e65a9bd52228a19,Band-gap and perovskite transfer candidates,upstream archives recorded in project audits,verify-upstream,private-collaborator
collective-exp-analysis-ready-v2026.08.04.zip,data/external/bandgap_borrowing/hybrid3_bandgap/materials/material_00376.html.gz,6782,4d72a1edf992ca0764143b7624d719ab63166cc95b2d1a0373c21b8c481620d9,Band-gap and perovskite transfer candidates,upstream archives recorded in project audits,verify-upstream,private-collaborator
collective-exp-analysis-ready-v2026.08.04.zip,data/external/bandgap_borrowing/hybrid3_bandgap/materials/material_00381.html.gz,5411,e6bad959bedacb2f14f421f9464041e9ddfce9f2f1d77df20c8df27acbc90644,Band-gap and perovskite transfer candidates,upstream archives recorded in project audits,verify-upstream,private-collaborator
collective-exp-analysis-ready-v2026.08.04.zip,data/external/bandgap_borrowing/hybrid3_bandgap/materials/material_00382.html.gz,5105,605cd73a8c5345995be33352cc697925dd21692d6da02fa9565d8993285214db,Band-gap and perovskite transfer candidates,upstream archives recorded in project audits,verify-upstream,private-collaborator
collective-exp-analysis-ready-v2026.08.04.zip,data/external/bandgap_borrowing/hybrid3_bandgap/materials/material_00383.html.gz,5376,c574cc72f747937713b384acab69cb02490c2196468776157f16141430aa2933,Band-gap and perovskite transfer candidates,upstream archives recorded in project audits,verify-upstream,private-collaborator
collective-exp-analysis-ready-v2026.08.04.zip,data/external/bandgap_borrowing/hybrid3_bandgap/materials/material_00384.html.gz,5447,7c0ac6de3e8bcb54fa002d3847a400e6138a99b4f310888b8d789d29d7b16cf3,Band-gap and perovskite transfer candidates,upstream archives recorded in project audits,verify-upstream,private-collaborator
collective-exp-analysis-ready-v2026.08.04.zip,data/external/bandgap_borrowing/hybrid3_bandgap/materials/material_00405.html.gz,7846,f778d01bff065f92d1d8dcd139df3aa0e44ec2c96ce72862bedd2f2a66872051,Band-gap and perovskite transfer candidates,upstream archives recorded in project audits,verify-upstream,private-collaborator
collective-exp-analysis-ready-v2026.08.04.zip,data/external/bandgap_borrowing/hybrid3_bandgap/materials/material_00410.html.gz,5664,571dec47f936afd8e8a9fa7ae5ba8af93b8d4abec91c285d6584971ff2899f2c,Band-gap and perovskite transfer candidates,upstream archives recorded in project audits,verify-upstream,private-collaborator
collective-exp-analysis-ready-v2026.08.04.zip,data/external/bandgap_borrowing/hybrid3_bandgap/materials/material_00411.html.gz,5023,b847001f264a330624578afd5105134139b97ef4570c06957ae85b5381722687,Band-gap and perovskite transfer candidates,upstream archives recorded in project audits,verify-upstream,private-collaborator
collective-exp-analysis-ready-v2026.08.04.zip,data/external/bandgap_borrowing/hybrid3_bandgap/materials/material_00420.html.gz,5569,073fd3e0a181e383c3754e33eb56455099c1aa00c8b628e5577ab7ced5b9f683,Band-gap and perovskite transfer candidates,upstream archives recorded in project audits,verify-upstream,private-collaborator
collective-exp-analysis-ready-v2026.08.04.zip,data/external/bandgap_borrowing/hybrid3_bandgap/materials/material_00421.html.gz,5549,2a630157458e40e2291bca5a74aa6aa0534474e899a99dc2f1831c414749e9ec,Band-gap and perovskite transfer candidates,upstream archives recorded in project audits,verify-upstream,private-collaborator
collective-exp-analysis-ready-v2026.08.04.zip,data/external/bandgap_borrowing/hybrid3_bandgap/materials/material_00422.html.gz,5616,8425a2121cdee94996bea2741dfd78df3bb7ae56b3f18f4f29f3827d46a1690d,Band-gap and perovskite transfer candidates,upstream archives recorded in project audits,verify-upstream,private-collaborator
collective-exp-analysis-ready-v2026.08.04.zip,data/external/bandgap_borrowing/hybrid3_bandgap/materials/material_00423.html.gz,6101,eacafa84e7fa1615df71516601be90a8dbba2c89468e5d18602809981a45d0a2,Band-gap and perovskite transfer candidates,upstream archives recorded in project audits,verify-upstream,private-collaborator
collective-exp-analysis-ready-v2026.08.04.zip,data/external/bandgap_borrowing/hybrid3_bandgap/materials/material_00428.html.gz,1772,1611050005431e284ebb21c69eeba99558050de2f43915b23cbbd7c215399349,Band-gap and perovskite transfer candidates,upstream archives recorded in project audits,verify-upstream,private-collaborator
collective-exp-analysis-ready-v2026.08.04.zip,data/external/bandgap_borrowing/hybrid3_bandgap/materials/material_00429.html.gz,4783,32e9ac86b953ecea89f3a6215fc8c690f06133832a11ea5697d2d0df02195d0a,Band-gap and perovskite transfer candidates,upstream archives recorded in project audits,verify-upstream,private-collaborator
collective-exp-analysis-ready-v2026.08.04.zip,data/external/bandgap_borrowing/hybrid3_bandgap/materials/material_00430.html.gz,5893,6337af8d872be023e478e52fa476cd88364100f6b1504236344d320e978c4b48,Band-gap and perovskite transfer candidates,upstream archives recorded in project audits,verify-upstream,private-collaborator
collective-exp-analysis-ready-v2026.08.04.zip,data/external/bandgap_borrowing/hybrid3_bandgap/materials/material_00479.html.gz,4523,46e0c896522eae1a969c5ee5700e644b2afa1ccfbeb342f45ae15904ff119b52,Band-gap and perovskite transfer candidates,upstream archives recorded in project audits,verify-upstream,private-collaborator
collective-exp-analysis-ready-v2026.08.04.zip,data/external/bandgap_borrowing/hybrid3_bandgap/materials/material_00480.html.gz,4277,1bb3ade3e73a35ea1c23b892f5e979218dc1a4f06dac3f2bc5f6af899956aabc,Band-gap and perovskite transfer candidates,upstream archives recorded in project audits,verify-upstream,private-collaborator
collective-exp-analysis-ready-v2026.08.04.zip,data/external/bandgap_borrowing/hybrid3_bandgap/materials/material_00500.html.gz,8087,fc39decdcc367a44c7f3ea4558c4cb1d2b55723ff4b134230f5f48e7a5fe23e4,Band-gap and perovskite transfer candidates,upstream archives recorded in project audits,verify-upstream,private-collaborator
collective-exp-analysis-ready-v2026.08.04.zip,data/external/bandgap_borrowing/hybrid3_bandgap/materials/material_00506.html.gz,5202,cbfda5433e6bb84b62a2df08e7fa71920d90fa7a1518c15276dfdfb9ca3c9135,Band-gap and perovskite transfer candidates,upstream archives recorded in project audits,verify-upstream,private-collaborator
collective-exp-analysis-ready-v2026.08.04.zip,data/external/bandgap_borrowing/hybrid3_bandgap/materials/material_00533.html.gz,6756,1c4c8870b29b096e8b30a9093afd84514b9de9b1ef4f2bcdd3daccc783848b52,Band-gap and perovskite transfer candidates,upstream archives recorded in project audits,verify-upstream,private-collaborator
collective-exp-analysis-ready-v2026.08.04.zip,data/external/bandgap_borrowing/hybrid3_bandgap/materials/material_00535.html.gz,6374,eac1be64fd5a3c6b91243ed0751bdbc19195e31a4616dc57ee7f606ec6c1172a,Band-gap and perovskite transfer candidates,upstream archives recorded in project audits,verify-upstream,private-collaborator
collective-exp-analysis-ready-v2026.08.04.zip,data/external/bandgap_borrowing/hybrid3_bandgap/materials/material_00541.html.gz,4895,03ace4d807b6b90792e7f5b3980ce6bf7c6f39bebc5ae1db131f6015615714f1,Band-gap and perovskite transfer candidates,upstream archives recorded in project audits,verify-upstream,private-collaborator
collective-exp-analysis-ready-v2026.08.04.zip,data/external/bandgap_borrowing/hybrid3_bandgap/materials/material_00542.html.gz,4785,bb2d92ed6c81113ed5c247c0bc80559c6fa630842c8a06e65c183a521d5aa370,Band-gap and perovskite transfer candidates,upstream archives recorded in project audits,verify-upstream,private-collaborator
collective-exp-analysis-ready-v2026.08.04.zip,data/external/bandgap_borrowing/hybrid3_bandgap/materials/material_00543.html.gz,4686,8ce8d3fd935dae3bc7343fe0b07346d9121596ae96f1179013c453a7b3de62be,Band-gap and perovskite transfer candidates,upstream archives recorded in project audits,verify-upstream,private-collaborator
collective-exp-analysis-ready-v2026.08.04.zip,data/external/bandgap_borrowing/hybrid3_bandgap/materials/material_00544.html.gz,4678,9b7156bb970268844443680ab85700b1620c45bef610782ac52a09d167df64cf,Band-gap and perovskite transfer candidates,upstream archives recorded in project audits,verify-upstream,private-collaborator
collective-exp-analysis-ready-v2026.08.04.zip,data/external/bandgap_borrowing/hybrid3_bandgap/materials/material_00545.html.gz,4674,58ecd9d237624bf055c17f70ee5eb44df9ef21642e922bc382b55d3552afbfa3,Band-gap and perovskite transfer candidates,upstream archives recorded in project audits,verify-upstream,private-collaborator
collective-exp-analysis-ready-v2026.08.04.zip,data/external/bandgap_borrowing/hybrid3_bandgap/materials/material_00546.html.gz,4304,43cf07f99a8ef750b523f55fe5cdf8850f6fde21089fe0fc11fdee339095deb5,Band-gap and perovskite transfer candidates,upstream archives recorded in project audits,verify-upstream,private-collaborator
collective-exp-analysis-ready-v2026.08.04.zip,data/external/bandgap_borrowing/hybrid3_bandgap/subsets/subset_000129.json.gz,61,1aa2c347fa9dc6caf89f4c5ca9bb47fe5a4d72d7a1d5c52fb87dd73e95c45d33,Band-gap and perovskite transfer candidates,upstream archives recorded in project audits,verify-upstream,private-collaborator
collective-exp-analysis-ready-v2026.08.04.zip,data/external/bandgap_borrowing/hybrid3_bandgap/subsets/subset_000131.json.gz,61,19f910d52fa874befd7158f90c0a1b5e3e250a0d20722843e6ec2ec9753f467f,Band-gap and perovskite transfer candidates,upstream archives recorded in project audits,verify-upstream,private-collaborator
collective-exp-analysis-ready-v2026.08.04.zip,data/external/bandgap_borrowing/hybrid3_bandgap/subsets/subset_000132.json.gz,61,8976f07b159715bba7eab2a289cacf49f94c08bfac321149e8c5e294119292cb,Band-gap and perovskite transfer candidates,upstream archives recorded in project audits,verify-upstream,private-collaborator
collective-exp-analysis-ready-v2026.08.04.zip,data/external/bandgap_borrowing/hybrid3_bandgap/subsets/subset_000144.json.gz,60,c48d252dd9d074fee29e9c3630c53f762074e3df5b6697fc09c8164ed8e7dfe7,Band-gap and perovskite transfer candidates,upstream archives recorded in project audits,verify-upstream,private-collaborator
collective-exp-analysis-ready-v2026.08.04.zip,data/external/bandgap_borrowing/hybrid3_bandgap/subsets/subset_000146.json.gz,61,7f81df3c60d3be30b48ae407da995d4b8e03ee44f19aa632eb13674cbeb23388,Band-gap and perovskite transfer candidates,upstream archives recorded in project audits,verify-upstream,private-collaborator
collective-exp-analysis-ready-v2026.08.04.zip,data/external/bandgap_borrowing/hybrid3_bandgap/subsets/subset_000148.json.gz,61,548ba5d7ff2b7f9d4550957365093d961dd371284aa92c6b52e55ff447d184fc,Band-gap and perovskite transfer candidates,upstream archives recorded in project audits,verify-upstream,private-collaborator
collective-exp-analysis-ready-v2026.08.04.zip,data/external/bandgap_borrowing/hybrid3_bandgap/subsets/subset_000432.json.gz,61,abfffa80a1b30bca447b2aea52cf0a6a55349650a77df233c0ee74313cb07fce,Band-gap and perovskite transfer candidates,upstream archives recorded in project audits,verify-upstream,private-collaborator
collective-exp-analysis-ready-v2026.08.04.zip,data/external/bandgap_borrowing/hybrid3_bandgap/subsets/subset_000453.json.gz,61,823f44488c40a19ecf26542a44f30a071985e554ba9a6f0c243179312f9d8358,Band-gap and perovskite transfer candidates,upstream archives recorded in project audits,verify-upstream,private-collaborator
collective-exp-analysis-ready-v2026.08.04.zip,data/external/bandgap_borrowing/hybrid3_bandgap/subsets/subset_000454.json.gz,61,17f135a3f9a95b2f9bd9f03ebfa81ff70ac4d03fe1d1c9e2fe48412c706acf98,Band-gap and perovskite transfer candidates,upstream archives recorded in project audits,verify-upstream,private-collaborator
collective-exp-analysis-ready-v2026.08.04.zip,data/external/bandgap_borrowing/hybrid3_bandgap/subsets/subset_000493.json.gz,60,a8d5cac99b320b569f337ca23667cdbf464ff7af2c0fa06e33aa5845cb1fc3d3,Band-gap and perovskite transfer candidates,upstream archives recorded in project audits,verify-upstream,private-collaborator
collective-exp-analysis-ready-v2026.08.04.zip,data/external/bandgap_borrowing/hybrid3_bandgap/subsets/subset_000497.json.gz,60,514f2026e606dc291345bb7e20beb281b18fe993e40c8e4b0055fcb2df483ba6,Band-gap and perovskite transfer candidates,upstream archives recorded in project audits,verify-upstream,private-collaborator
collective-exp-analysis-ready-v2026.08.04.zip,data/external/bandgap_borrowing/hybrid3_bandgap/subsets/subset_000653.json.gz,61,fc61f5165a83116f031cfa4d1234564778c27da7f9ca96e429fd0200a857e270,Band-gap and perovskite transfer candidates,upstream archives recorded in project audits,verify-upstream,private-collaborator
collective-exp-analysis-ready-v2026.08.04.zip,data/external/bandgap_borrowing/hybrid3_bandgap/subsets/subset_000654.json.gz,61,b59359b80c0ecbd6cf254132fd9fc3527bf8cb482fd91b913cf87ab36270a31e,Band-gap and perovskite transfer candidates,upstream archives recorded in project audits,verify-upstream,private-collaborator
collective-exp-analysis-ready-v2026.08.04.zip,data/external/bandgap_borrowing/hybrid3_bandgap/subsets/subset_000655.json.gz,61,f3af7c523164a6a6d79a89f9c760c88ae645efdf317935f8357fce1a8c40d292,Band-gap and perovskite transfer candidates,upstream archives recorded in project audits,verify-upstream,private-collaborator
collective-exp-analysis-ready-v2026.08.04.zip,data/external/bandgap_borrowing/hybrid3_bandgap/subsets/subset_000656.json.gz,61,765c3029ce7182c7f91006c601bcd4f696674b652decae1049308180eb6f0f6a,Band-gap and perovskite transfer candidates,upstream archives recorded in project audits,verify-upstream,private-collaborator
collective-exp-analysis-ready-v2026.08.04.zip,data/external/bandgap_borrowing/hybrid3_bandgap/subsets/subset_000657.json.gz,61,9719997e735d7f43446ea120971213e3f6632f86d6e1db83d238a729e1a86be7,Band-gap and perovskite transfer candidates,upstream archives recorded in project audits,verify-upstream,private-collaborator
collective-exp-analysis-ready-v2026.08.04.zip,data/external/bandgap_borrowing/hybrid3_bandgap/subsets/subset_000658.json.gz,61,9598e029c949f5d52f715baed334bbcff367c83b1797b4188604964209531e21,Band-gap and perovskite transfer candidates,upstream archives recorded in project audits,verify-upstream,private-collaborator
collective-exp-analysis-ready-v2026.08.04.zip,data/external/bandgap_borrowing/hybrid3_bandgap/subsets/subset_000659.json.gz,60,216ca433eb4d3184015375c002234dfffa1221684d62bc9e8647b62148c404d9,Band-gap and perovskite transfer candidates,upstream archives recorded in project audits,verify-upstream,private-collaborator
collective-exp-analysis-ready-v2026.08.04.zip,data/external/bandgap_borrowing/hybrid3_bandgap/subsets/subset_000677.json.gz,60,80b304a16ba3d2611ce0355184f0d50e834519acccbc402a9b624c6f3126c47c,Band-gap and perovskite transfer candidates,upstream archives recorded in project audits,verify-upstream,private-collaborator
collective-exp-analysis-ready-v2026.08.04.zip,data/external/bandgap_borrowing/hybrid3_bandgap/subsets/subset_000685.json.gz,60,3a7b511f9f6da01fe456224f172e2c99d29794254b28e69a415c625f01672464,Band-gap and perovskite transfer candidates,upstream archives recorded in project audits,verify-upstream,private-collaborator
collective-exp-analysis-ready-v2026.08.04.zip,data/external/bandgap_borrowing/hybrid3_bandgap/subsets/subset_000689.json.gz,60,b7865c93ee48037a570d47af48972d0c1a0ddc5d101b34b30d996dc319ab307a,Band-gap and perovskite transfer candidates,upstream archives recorded in project audits,verify-upstream,private-collaborator
collective-exp-analysis-ready-v2026.08.04.zip,data/external/bandgap_borrowing/hybrid3_bandgap/subsets/subset_000696.json.gz,60,9866b3df8dbe37584dd03cc9ea5a2be8d547a5b8193032df75e9af17ff09ea1d,Band-gap and perovskite transfer candidates,upstream archives recorded in project audits,verify-upstream,private-collaborator
collective-exp-analysis-ready-v2026.08.04.zip,data/external/bandgap_borrowing/hybrid3_bandgap/subsets/subset_000699.json.gz,60,66c939a89ba838e0756437caadc404b993dad0d633af83695c17c3e007ed8c19,Band-gap and perovskite transfer candidates,upstream archives recorded in project audits,verify-upstream,private-collaborator
collective-exp-analysis-ready-v2026.08.04.zip,data/external/bandgap_borrowing/hybrid3_bandgap/subsets/subset_000713.json.gz,61,63db9b6889c494f32c9267b9d8bcb89b75a51d18fd005b553b7ef73733b79d25,Band-gap and perovskite transfer candidates,upstream archives recorded in project audits,verify-upstream,private-collaborator
collective-exp-analysis-ready-v2026.08.04.zip,data/external/bandgap_borrowing/hybrid3_bandgap/subsets/subset_000716.json.gz,61,042edff35d785f6dcec785f0e2c35b048f23ca0fc3edd540824bbc7bc774b879,Band-gap and perovskite transfer candidates,upstream archives recorded in project audits,verify-upstream,private-collaborator
collective-exp-analysis-ready-v2026.08.04.zip,data/external/bandgap_borrowing/hybrid3_bandgap/subsets/subset_000717.json.gz,61,eb4e268febf4dfdae631d5642d9aec56c5afc3211717a586f927ade6d1bcbf69,Band-gap and perovskite transfer candidates,upstream archives recorded in project audits,verify-upstream,private-collaborator
collective-exp-analysis-ready-v2026.08.04.zip,data/external/bandgap_borrowing/hybrid3_bandgap/subsets/subset_000718.json.gz,61,bc694021038ea54e0a742e996676d4591dcd20cbd7dbe86c1ec999dff514ccaf,Band-gap and perovskite transfer candidates,upstream archives recorded in project audits,verify-upstream,private-collaborator
collective-exp-analysis-ready-v2026.08.04.zip,data/external/bandgap_borrowing/hybrid3_bandgap/subsets/subset_000719.json.gz,60,4374e62c872c98f2d42db98744825832bda93b03d46228e2be32579fe11ae77a,Band-gap and perovskite transfer candidates,upstream archives recorded in project audits,verify-upstream,private-collaborator
collective-exp-analysis-ready-v2026.08.04.zip,data/external/bandgap_borrowing/hybrid3_bandgap/subsets/subset_000890.json.gz,61,1e936e0f342b5bc5d01be17e0b2cd8d034711800517eb0e213b727cba2c9f030,Band-gap and perovskite transfer candidates,upstream archives recorded in project audits,verify-upstream,private-collaborator
collective-exp-analysis-ready-v2026.08.04.zip,data/external/bandgap_borrowing/hybrid3_bandgap/subsets/subset_000891.json.gz,61,e0f638e01fa2cdcd0d721d9511e2513958562f56c2020618476677473f98e073,Band-gap and perovskite transfer candidates,upstream archives recorded in project audits,verify-upstream,private-collaborator
collective-exp-analysis-ready-v2026.08.04.zip,data/external/bandgap_borrowing/hybrid3_bandgap/subsets/subset_000892.json.gz,60,790c20933910637eb408271139c71dab364b66fe31568dc581bbe1b3197d68ad,Band-gap and perovskite transfer candidates,upstream archives recorded in project audits,verify-upstream,private-collaborator
collective-exp-analysis-ready-v2026.08.04.zip,data/external/bandgap_borrowing/hybrid3_bandgap/subsets/subset_000893.json.gz,60,128b47fcf1a12c5884254bfd0c18805151976c34232c04e3e7a514303ee8c9b6,Band-gap and perovskite transfer candidates,upstream archives recorded in project audits,verify-upstream,private-collaborator
collective-exp-analysis-ready-v2026.08.04.zip,data/external/bandgap_borrowing/hybrid3_bandgap/subsets/subset_000894.json.gz,60,ffcf3f15e489f1ab774450e0509d05b1ae46ef58cfac3e1b5f06bcbddfe05643,Band-gap and perovskite transfer candidates,upstream archives recorded in project audits,verify-upstream,private-collaborator
collective-exp-analysis-ready-v2026.08.04.zip,data/external/bandgap_borrowing/hybrid3_bandgap/subsets/subset_000895.json.gz,61,d78f8cef920780ee306e872b8e2700b0915b536c019db0ff2d90ac717916860d,Band-gap and perovskite transfer candidates,upstream archives recorded in project audits,verify-upstream,private-collaborator
collective-exp-analysis-ready-v2026.08.04.zip,data/external/bandgap_borrowing/hybrid3_bandgap/subsets/subset_000896.json.gz,60,373811111a4de30a63645713bc81bb9c354a43273e8f9626d26af00babe1bfd7,Band-gap and perovskite transfer candidates,upstream archives recorded in project audits,verify-upstream,private-collaborator
collective-exp-analysis-ready-v2026.08.04.zip,data/external/bandgap_borrowing/hybrid3_bandgap/subsets/subset_000907.json.gz,61,0f707f91698daa2bc5b7c98db8da856a6b3d65779b9b491fb5789ec60375f27f,Band-gap and perovskite transfer candidates,upstream archives recorded in project audits,verify-upstream,private-collaborator
collective-exp-analysis-ready-v2026.08.04.zip,data/external/bandgap_borrowing/hybrid3_bandgap/subsets/subset_000908.json.gz,61,c9cd3f3fdf8aa45e7ceaf633fa2ddef97820a7e21a935c939865eae056559d10,Band-gap and perovskite transfer candidates,upstream archives recorded in project audits,verify-upstream,private-collaborator
collective-exp-analysis-ready-v2026.08.04.zip,data/external/bandgap_borrowing/hybrid3_bandgap/subsets/subset_000909.json.gz,60,eb0bdab255f61ce648e878918a2da7fef0515f737f031bb9aca63fd074734527,Band-gap and perovskite transfer candidates,upstream archives recorded in project audits,verify-upstream,private-collaborator
collective-exp-analysis-ready-v2026.08.04.zip,data/external/bandgap_borrowing/hybrid3_bandgap/subsets/subset_000973.json.gz,60,f2ef3b354d7bc563a89e8fdbdf49086567cfdccde0a7ab617f805f9207cb8084,Band-gap and perovskite transfer candidates,upstream archives recorded in project audits,verify-upstream,private-collaborator
collective-exp-analysis-ready-v2026.08.04.zip,data/external/bandgap_borrowing/hybrid3_bandgap/subsets/subset_000977.json.gz,61,2e3ab5c207365f455cc61cd55ddf90effc41cacc86c3bd7d20f7425c8fe644cb,Band-gap and perovskite transfer candidates,upstream archives recorded in project audits,verify-upstream,private-collaborator
collective-exp-analysis-ready-v2026.08.04.zip,data/external/bandgap_borrowing/hybrid3_bandgap/subsets/subset_000980.json.gz,61,5a87927401bc8dadb84925d62679204cb98acf72a07565153800e882d8684756,Band-gap and perovskite transfer candidates,upstream archives recorded in project audits,verify-upstream,private-collaborator
collective-exp-analysis-ready-v2026.08.04.zip,data/external/bandgap_borrowing/hybrid3_bandgap/subsets/subset_000994.json.gz,60,344c4e7d301f0015cfcd529a7ed02669fd9170a4472fd3af47f144fa5d7bfb7c,Band-gap and perovskite transfer candidates,upstream archives recorded in project audits,verify-upstream,private-collaborator
collective-exp-analysis-ready-v2026.08.04.zip,data/external/bandgap_borrowing/hybrid3_bandgap/subsets/subset_001002.json.gz,61,c0ac8dfc028c7df431874ddad2dcf69a5615265efe53f05521bd9dc6b4ededd4,Band-gap and perovskite transfer candidates,upstream archives recorded in project audits,verify-upstream,private-collaborator
collective-exp-analysis-ready-v2026.08.04.zip,data/external/bandgap_borrowing/hybrid3_bandgap/subsets/subset_001016.json.gz,61,20db8052a2d0177c53cb7db3f293f4054965c71634603e016d769a17a5854e6f,Band-gap and perovskite transfer candidates,upstream archives recorded in project audits,verify-upstream,private-collaborator
collective-exp-analysis-ready-v2026.08.04.zip,data/external/bandgap_borrowing/hybrid3_bandgap/subsets/subset_001043.json.gz,61,4211a28cf07064f297b11c10c17b749186c174005c1880485a96349ce86a8e7c,Band-gap and perovskite transfer candidates,upstream archives recorded in project audits,verify-upstream,private-collaborator
collective-exp-analysis-ready-v2026.08.04.zip,data/external/bandgap_borrowing/hybrid3_bandgap/subsets/subset_001083.json.gz,61,5bda1d6faebb7d2c7c82ff9775234ed80ab55c7f68d549b00d3389b057797c56,Band-gap and perovskite transfer candidates,upstream archives recorded in project audits,verify-upstream,private-collaborator
collective-exp-analysis-ready-v2026.08.04.zip,data/external/bandgap_borrowing/hybrid3_bandgap/subsets/subset_001085.json.gz,61,4fe38b86dc1af6d6c9da9c2b79710cf54a8f3ff53d732167f8102744bd1756d2,Band-gap and perovskite transfer candidates,upstream archives recorded in project audits,verify-upstream,private-collaborator
collective-exp-analysis-ready-v2026.08.04.zip,data/external/bandgap_borrowing/hybrid3_bandgap/subsets/subset_001087.json.gz,61,d7ae7bdfec586c2bb3270a2806ee43dabb7a2848c304181058eccfcd27144e82,Band-gap and perovskite transfer candidates,upstream archives recorded in project audits,verify-upstream,private-collaborator
collective-exp-analysis-ready-v2026.08.04.zip,data/external/bandgap_borrowing/hybrid3_bandgap/subsets/subset_001094.json.gz,61,7a9ac86b2ddf6e7d2dd74359a34290a95f363a04e31716ad7cd625a18fa1852c,Band-gap and perovskite transfer candidates,upstream archives recorded in project audits,verify-upstream,private-collaborator
collective-exp-analysis-ready-v2026.08.04.zip,data/external/bandgap_borrowing/hybrid3_bandgap/subsets/subset_001099.json.gz,61,2c33a43e4216f6dabc9a215fe496856eff062db352e33314a4e7e1028bc3b2e9,Band-gap and perovskite transfer candidates,upstream archives recorded in project audits,verify-upstream,private-collaborator
collective-exp-analysis-ready-v2026.08.04.zip,data/external/bandgap_borrowing/hybrid3_bandgap/subsets/subset_001107.json.gz,60,cd5ade37c1278d7d01466f6751374dc31caa605b4f5e41ecdc0f989dee40c4f4,Band-gap and perovskite transfer candidates,upstream archives recorded in project audits,verify-upstream,private-collaborator
collective-exp-analysis-ready-v2026.08.04.zip,data/external/bandgap_borrowing/hybrid3_bandgap/subsets/subset_001108.json.gz,61,3c6eb24234ed70973b1e99aa7c592c0b663739e3620db9e0cab2ad9a0fb894a1,Band-gap and perovskite transfer candidates,upstream archives recorded in project audits,verify-upstream,private-collaborator
collective-exp-analysis-ready-v2026.08.04.zip,data/external/bandgap_borrowing/hybrid3_bandgap/subsets/subset_001111.json.gz,61,bd60075868e9d4fc13d6e1d5fe1efaeca8ff88560783c77c83c442a27a71e0eb,Band-gap and perovskite transfer candidates,upstream archives recorded in project audits,verify-upstream,private-collaborator
collective-exp-analysis-ready-v2026.08.04.zip,data/external/bandgap_borrowing/hybrid3_bandgap/subsets/subset_001112.json.gz,61,694a33cd6b9ad81c12b8f1d4e318453b77a239b421d5079d57e82cc5a1aceb04,Band-gap and perovskite transfer candidates,upstream archives recorded in project audits,verify-upstream,private-collaborator
collective-exp-analysis-ready-v2026.08.04.zip,data/external/bandgap_borrowing/hybrid3_bandgap/subsets/subset_001117.json.gz,61,d0d834fe9c707f2aa934ac136a5273f9578e0e46c60d9387093d99c90cf1b69c,Band-gap and perovskite transfer candidates,upstream archives recorded in project audits,verify-upstream,private-collaborator
collective-exp-analysis-ready-v2026.08.04.zip,data/external/bandgap_borrowing/hybrid3_bandgap/subsets/subset_001118.json.gz,61,d62fc1ae36ae583b6eb5435a16a4d0eafa67c9035678e5e7b28e98cb23f8c663,Band-gap and perovskite transfer candidates,upstream archives recorded in project audits,verify-upstream,private-collaborator
collective-exp-analysis-ready-v2026.08.04.zip,data/external/bandgap_borrowing/hybrid3_bandgap/subsets/subset_001121.json.gz,61,15e4702ddf2ea9731ea09140cd5399e98d7365be76db0611cd50ef2b0bcdc68e,Band-gap and perovskite transfer candidates,upstream archives recorded in project audits,verify-upstream,private-collaborator
collective-exp-analysis-ready-v2026.08.04.zip,data/external/bandgap_borrowing/hybrid3_bandgap/subsets/subset_001123.json.gz,61,687bfb94b79d50bd5afccd7cab3b358121d75ac82e9e082a6cea7d4954c4fb66,Band-gap and perovskite transfer candidates,upstream archives recorded in project audits,verify-upstream,private-collaborator
collective-exp-analysis-ready-v2026.08.04.zip,data/external/bandgap_borrowing/hybrid3_bandgap/subsets/subset_001167.json.gz,61,e5794d8bdbbe8aee4ce2b1b09cc6c19f20b7a2ff7a367ddb14e752be9a068a00,Band-gap and perovskite transfer candidates,upstream archives recorded in project audits,verify-upstream,private-collaborator
collective-exp-analysis-ready-v2026.08.04.zip,data/external/bandgap_borrowing/hybrid3_bandgap/subsets/subset_001168.json.gz,61,7e532532bf2112c5e80042a73b4851d68bdfb9408c6989bd3e8ce1387e6dd87e,Band-gap and perovskite transfer candidates,upstream archives recorded in project audits,verify-upstream,private-collaborator
collective-exp-analysis-ready-v2026.08.04.zip,data/external/bandgap_borrowing/hybrid3_bandgap/subsets/subset_001169.json.gz,61,09100a842820a193196946e8b4bfc4b2dd09068f7ba3bb9e8bccc5f70a41fb7f,Band-gap and perovskite transfer candidates,upstream archives recorded in project audits,verify-upstream,private-collaborator
collective-exp-analysis-ready-v2026.08.04.zip,data/external/bandgap_borrowing/hybrid3_bandgap/subsets/subset_001208.json.gz,61,4b929ae1dcc5a64fce90b7dc0a5b818504b9ac8ece67c7e6570958edbaead954,Band-gap and perovskite transfer candidates,upstream archives recorded in project audits,verify-upstream,private-collaborator
collective-exp-analysis-ready-v2026.08.04.zip,data/external/bandgap_borrowing/hybrid3_bandgap/subsets/subset_001213.json.gz,61,0ed75bc18861edb2084e1b2142d63b926c25ba186aef0dbfb47b2193dd03d439,Band-gap and perovskite transfer candidates,upstream archives recorded in project audits,verify-upstream,private-collaborator
collective-exp-analysis-ready-v2026.08.04.zip,data/external/bandgap_borrowing/hybrid3_bandgap/subsets/subset_001221.json.gz,61,d347ceb105febf2c01a84cba9ae809849cf7fef50540213e42f3edf51804193c,Band-gap and perovskite transfer candidates,upstream archives recorded in project audits,verify-upstream,private-collaborator
collective-exp-analysis-ready-v2026.08.04.zip,data/external/bandgap_borrowing/hybrid3_bandgap/subsets/subset_001226.json.gz,61,ce96db8dc58e970a8f731c8cc75632249f13bbaf1b2fba6baba15252d4215bc8,Band-gap and perovskite transfer candidates,upstream archives recorded in project audits,verify-upstream,private-collaborator
collective-exp-analysis-ready-v2026.08.04.zip,data/external/bandgap_borrowing/hybrid3_bandgap/subsets/subset_001230.json.gz,61,fb90c876b28fd2476f09a9093071b743470d26c055416fc1ca0e1d00817eb284,Band-gap and perovskite transfer candidates,upstream archives recorded in project audits,verify-upstream,private-collaborator
collective-exp-analysis-ready-v2026.08.04.zip,data/external/bandgap_borrowing/hybrid3_bandgap/subsets/subset_001234.json.gz,61,c806a1824a9b1027fc35a5905b6d496dee6b53d39e80f536a54572cdf126d93b,Band-gap and perovskite transfer candidates,upstream archives recorded in project audits,verify-upstream,private-collaborator
collective-exp-analysis-ready-v2026.08.04.zip,data/external/bandgap_borrowing/hybrid3_bandgap/subsets/subset_001238.json.gz,61,7ec57b325df544ba467e65502945e83fdef31ec5b171e59182484620f373e369,Band-gap and perovskite transfer candidates,upstream archives recorded in project audits,verify-upstream,private-collaborator
collective-exp-analysis-ready-v2026.08.04.zip,data/external/bandgap_borrowing/hybrid3_bandgap/subsets/subset_001242.json.gz,61,1df8e081db7d07ac5f83a220e74bee789ab81c165fc1c296bd97be64c8a02109,Band-gap and perovskite transfer candidates,upstream archives recorded in project audits,verify-upstream,private-collaborator
collective-exp-analysis-ready-v2026.08.04.zip,data/external/bandgap_borrowing/hybrid3_bandgap/subsets/subset_001246.json.gz,61,5626113b943b28db5fbdb5c2f4a537ce6e7afc48eb480eb7171396057506b8a9,Band-gap and perovskite transfer candidates,upstream archives recorded in project audits,verify-upstream,private-collaborator
collective-exp-analysis-ready-v2026.08.04.zip,data/external/bandgap_borrowing/hybrid3_bandgap/subsets/subset_001250.json.gz,61,db66f3cd12aa94caeaf287851bdf41625653d78497d9dd47438d1364d55c317e,Band-gap and perovskite transfer candidates,upstream archives recorded in project audits,verify-upstream,private-collaborator
collective-exp-analysis-ready-v2026.08.04.zip,data/external/bandgap_borrowing/hybrid3_bandgap/subsets/subset_001254.json.gz,61,cc1628efc12ff928026a8f38b328e3ae60d9f99a3bb21bd08cf3be4204139cd1,Band-gap and perovskite transfer candidates,upstream archives recorded in project audits,verify-upstream,private-collaborator
collective-exp-analysis-ready-v2026.08.04.zip,data/external/bandgap_borrowing/hybrid3_bandgap/subsets/subset_001258.json.gz,61,2d572c4c16077ea2a7681618743d6bb9d910ece7a836184f6c7f3f8f5d03c07d,Band-gap and perovskite transfer candidates,upstream archives recorded in project audits,verify-upstream,private-collaborator
collective-exp-analysis-ready-v2026.08.04.zip,data/external/bandgap_borrowing/hybrid3_bandgap/subsets/subset_001262.json.gz,61,5ffbd862739d22fb3c89450cb09dd044d3245c6637f6c54e7cbd0f3ca72181b4,Band-gap and perovskite transfer candidates,upstream archives recorded in project audits,verify-upstream,private-collaborator
collective-exp-analysis-ready-v2026.08.04.zip,data/external/bandgap_borrowing/hybrid3_bandgap/subsets/subset_001267.json.gz,61,5a4ff1ce7f31b0da1b4d30565f76fc9227c1aa41eba992fafb75c545b151cb41,Band-gap and perovskite transfer candidates,upstream archives recorded in project audits,verify-upstream,private-collaborator
collective-exp-analysis-ready-v2026.08.04.zip,data/external/bandgap_borrowing/hybrid3_bandgap/subsets/subset_001272.json.gz,61,fc58cfcb9b1cdd58a763d527121a60ee4118a534186f605be6b7f3e9c61cced4,Band-gap and perovskite transfer candidates,upstream archives recorded in project audits,verify-upstream,private-collaborator
collective-exp-analysis-ready-v2026.08.04.zip,data/external/bandgap_borrowing/hybrid3_bandgap/subsets/subset_001277.json.gz,61,b8fca5656389e3cb0d936af29209a73051a5eab68af169cc4a2c4cf7319505e3,Band-gap and perovskite transfer candidates,upstream archives recorded in project audits,verify-upstream,private-collaborator
collective-exp-analysis-ready-v2026.08.04.zip,data/external/bandgap_borrowing/hybrid3_bandgap/subsets/subset_001282.json.gz,61,d6a1579eb43ea30840638c1c29c5aadf688e14d335f116c5ade20e6d43b0adeb,Band-gap and perovskite transfer candidates,upstream archives recorded in project audits,verify-upstream,private-collaborator
collective-exp-analysis-ready-v2026.08.04.zip,data/external/bandgap_borrowing/hybrid3_bandgap/subsets/subset_001287.json.gz,61,bb215e4d78920c8520ffa4ea22d729a3bc9b54324b3ef99394356b29a5afab99,Band-gap and perovskite transfer candidates,upstream archives recorded in project audits,verify-upstream,private-collaborator
collective-exp-analysis-ready-v2026.08.04.zip,data/external/bandgap_borrowing/hybrid3_bandgap/subsets/subset_001292.json.gz,61,fead0fd57c3889c03ed28e98b4c07d58031dc17a9c8d2e35be41307fdaf223a6,Band-gap and perovskite transfer candidates,upstream archives recorded in project audits,verify-upstream,private-collaborator
collective-exp-analysis-ready-v2026.08.04.zip,data/external/bandgap_borrowing/hybrid3_bandgap/subsets/subset_001297.json.gz,61,741f5c827ca3ede6ba027f9acab3b3ea39b0047982cb25a25e40c6b52e05cdf8,Band-gap and perovskite transfer candidates,upstream archives recorded in project audits,verify-upstream,private-collaborator
collective-exp-analysis-ready-v2026.08.04.zip,data/external/bandgap_borrowing/hybrid3_bandgap/subsets/subset_001302.json.gz,61,2bd0b899ba669fdcf1b3c80a9f07d0aa6d16758be4a7a569e27c8732b2639e97,Band-gap and perovskite transfer candidates,upstream archives recorded in project audits,verify-upstream,private-collaborator
collective-exp-analysis-ready-v2026.08.04.zip,data/external/bandgap_borrowing/hybrid3_bandgap/subsets/subset_001306.json.gz,60,fb4c2b2265ff20469802d82d8a14c8f0e1025b876c5199883f89f44d5cb7fac9,Band-gap and perovskite transfer candidates,upstream archives recorded in project audits,verify-upstream,private-collaborator
collective-exp-analysis-ready-v2026.08.04.zip,data/external/bandgap_borrowing/hybrid3_bandgap/subsets/subset_001311.json.gz,61,9d70f3eb8e1477c49fd00a920aaa005510202a6a804b6ea0a62dce3929390efb,Band-gap and perovskite transfer candidates,upstream archives recorded in project audits,verify-upstream,private-collaborator
collective-exp-analysis-ready-v2026.08.04.zip,data/external/bandgap_borrowing/hybrid3_bandgap/subsets/subset_001317.json.gz,61,1b5820471b0c6d80feb250f5fdd83a7b93425f34ec73027a0be2187f2e2869c5,Band-gap and perovskite transfer candidates,upstream archives recorded in project audits,verify-upstream,private-collaborator
collective-exp-analysis-ready-v2026.08.04.zip,data/external/bandgap_borrowing/hybrid3_bandgap/subsets/subset_001335.json.gz,61,58ebc38e07e245d108a6182b97621eff19373afbec808f632db590e1382d98a5,Band-gap and perovskite transfer candidates,upstream archives recorded in project audits,verify-upstream,private-collaborator
collective-exp-analysis-ready-v2026.08.04.zip,data/external/bandgap_borrowing/hybrid3_bandgap/subsets/subset_001338.json.gz,61,4953d7c31195db84a94a6deeaf748b04ae1de98b79fadc8ce5141a03723f48d5,Band-gap and perovskite transfer candidates,upstream archives recorded in project audits,verify-upstream,private-collaborator
collective-exp-analysis-ready-v2026.08.04.zip,data/external/bandgap_borrowing/hybrid3_bandgap/subsets/subset_001342.json.gz,61,73de689087eabdb6dd9e6e58f8fc12b1efb6132ff789691bda17b2d6c4d48df9,Band-gap and perovskite transfer candidates,upstream archives recorded in project audits,verify-upstream,private-collaborator
collective-exp-analysis-ready-v2026.08.04.zip,data/external/bandgap_borrowing/hybrid3_bandgap/subsets/subset_001346.json.gz,61,ea85ce8b7839eb8fcec55374e0be71d7d8cf321be90ee2a9311ffd788672e109,Band-gap and perovskite transfer candidates,upstream archives recorded in project audits,verify-upstream,private-collaborator
collective-exp-analysis-ready-v2026.08.04.zip,data/external/bandgap_borrowing/hybrid3_bandgap/subsets/subset_001350.json.gz,61,1eae1b6c1142a8044161526bc7b2031a065170621432e9bd8a6ecef393c5d1e7,Band-gap and perovskite transfer candidates,upstream archives recorded in project audits,verify-upstream,private-collaborator
collective-exp-analysis-ready-v2026.08.04.zip,data/external/bandgap_borrowing/hybrid3_bandgap/subsets/subset_001352.json.gz,61,3dfbe48e303c84523acd296f07419ce089ebb3c9a27fcfa0e658f3f1ee036d91,Band-gap and perovskite transfer candidates,upstream archives recorded in project audits,verify-upstream,private-collaborator
collective-exp-analysis-ready-v2026.08.04.zip,data/external/bandgap_borrowing/hybrid3_bandgap/subsets/subset_001430.json.gz,61,1a7e72a704594aafccb53c55c7f0fa34f7b2b48a334c3fda9333f403813de564,Band-gap and perovskite transfer candidates,upstream archives recorded in project audits,verify-upstream,private-collaborator
collective-exp-analysis-ready-v2026.08.04.zip,data/external/bandgap_borrowing/hybrid3_bandgap/subsets/subset_001431.json.gz,61,b291687d03ef150fa454c43061554f5f1be9708398caf25c6f66087cd1a2831c,Band-gap and perovskite transfer candidates,upstream archives recorded in project audits,verify-upstream,private-collaborator
collective-exp-analysis-ready-v2026.08.04.zip,data/external/bandgap_borrowing/hybrid3_bandgap/subsets/subset_001433.json.gz,61,c42af6ce5ede98129777c97dc6e14cb6cc6a55b1de29b56005723afcf2154c00,Band-gap and perovskite transfer candidates,upstream archives recorded in project audits,verify-upstream,private-collaborator
collective-exp-analysis-ready-v2026.08.04.zip,data/external/bandgap_borrowing/hybrid3_bandgap/subsets/subset_001434.json.gz,61,7b7ccb8870576db1981384571ee97ad2eb7564cfc22c9a5037edcb48a7da30f9,Band-gap and perovskite transfer candidates,upstream archives recorded in project audits,verify-upstream,private-collaborator
collective-exp-analysis-ready-v2026.08.04.zip,data/external/bandgap_borrowing/hybrid3_bandgap/subsets/subset_001435.json.gz,61,4caf7db2545ddb45a580e4b4529b471c8aaa0de35da5749c6ad10fbe1f7603ea,Band-gap and perovskite transfer candidates,upstream archives recorded in project audits,verify-upstream,private-collaborator
collective-exp-analysis-ready-v2026.08.04.zip,data/external/bandgap_borrowing/hybrid3_bandgap/subsets/subset_001436.json.gz,61,8ba24e26086c2073e91c4b8568cc9706f8793649a3726ccd77585aa7850a1f13,Band-gap and perovskite transfer candidates,upstream archives recorded in project audits,verify-upstream,private-collaborator
collective-exp-analysis-ready-v2026.08.04.zip,data/external/bandgap_borrowing/hybrid3_bandgap/subsets/subset_001437.json.gz,61,e19d1f93b0aa99f89efe5950081331e7e0965d5838c6c7d6b7f8836a847f3784,Band-gap and perovskite transfer candidates,upstream archives recorded in project audits,verify-upstream,private-collaborator
collective-exp-analysis-ready-v2026.08.04.zip,data/external/bandgap_borrowing/hybrid3_bandgap/subsets/subset_001464.json.gz,61,f6524ba3af9ee83d4f02e7350a2e8abf09fcd01b0a177f5cc451eb6c9a86ff12,Band-gap and perovskite transfer candidates,upstream archives recorded in project audits,verify-upstream,private-collaborator
collective-exp-analysis-ready-v2026.08.04.zip,data/external/bandgap_borrowing/hybrid3_bandgap/subsets/subset_001475.json.gz,60,2a38ec52a1a31527207f49ae9dc454c9852325d67075bb8bc6e874c1f3dd16de,Band-gap and perovskite transfer candidates,upstream archives recorded in project audits,verify-upstream,private-collaborator
collective-exp-analysis-ready-v2026.08.04.zip,data/external/bandgap_borrowing/hybrid3_bandgap/subsets/subset_001481.json.gz,61,31b63a9541b707489e77093b2df442a6b3779cc6fd5d9926bc9b300d70cfec45,Band-gap and perovskite transfer candidates,upstream archives recorded in project audits,verify-upstream,private-collaborator
collective-exp-analysis-ready-v2026.08.04.zip,data/external/bandgap_borrowing/hybrid3_bandgap/subsets/subset_001485.json.gz,61,bda50bc08745df49a79c3a31ef02aa3fc5ad408386242eaf35435eed3cc0f984,Band-gap and perovskite transfer candidates,upstream archives recorded in project audits,verify-upstream,private-collaborator
collective-exp-analysis-ready-v2026.08.04.zip,data/external/bandgap_borrowing/hybrid3_bandgap/subsets/subset_001494.json.gz,60,4b7f422627c69ebca5e6b60dd96520aba47eaf82056838304fc989b3e7048489,Band-gap and perovskite transfer candidates,upstream archives recorded in project audits,verify-upstream,private-collaborator
collective-exp-analysis-ready-v2026.08.04.zip,data/external/bandgap_borrowing/hybrid3_bandgap/subsets/subset_001507.json.gz,61,64b4399e6d5228230b362282605b46b7dcb5ac4bcd184e13272d4c95c1725b3b,Band-gap and perovskite transfer candidates,upstream archives recorded in project audits,verify-upstream,private-collaborator
collective-exp-analysis-ready-v2026.08.04.zip,data/external/bandgap_borrowing/hybrid3_bandgap/subsets/subset_001516.json.gz,60,4422b6d3f720252b1971667092c3edb7406988838f2c2e01001528bfb8e6d3e3,Band-gap and perovskite transfer candidates,upstream archives recorded in project audits,verify-upstream,private-collaborator
collective-exp-analysis-ready-v2026.08.04.zip,data/external/bandgap_borrowing/hybrid3_bandgap/subsets/subset_001521.json.gz,60,9a097d1b900614b76baab9b81483ba47b51a1e7976c5eac8718b8f941d2c2759,Band-gap and perovskite transfer candidates,upstream archives recorded in project audits,verify-upstream,private-collaborator
collective-exp-analysis-ready-v2026.08.04.zip,data/external/bandgap_borrowing/hybrid3_bandgap/subsets/subset_001531.json.gz,61,ccf3f490fdb7b6da37f5472d1e47f8149e4e1db7b37d6c1582ca65e7bc868f0d,Band-gap and perovskite transfer candidates,upstream archives recorded in project audits,verify-upstream,private-collaborator
collective-exp-analysis-ready-v2026.08.04.zip,data/external/bandgap_borrowing/hybrid3_bandgap/subsets/subset_001557.json.gz,60,a66ac517492ed2b5cb3d6b82329e6d0696bd7b9c7528f676d79994a9e9010051,Band-gap and perovskite transfer candidates,upstream archives recorded in project audits,verify-upstream,private-collaborator
collective-exp-analysis-ready-v2026.08.04.zip,data/external/bandgap_borrowing/hybrid3_bandgap/subsets/subset_001558.json.gz,60,729ea730ec38b80b4d5e5a7579ce48b1cf0ee80ac71b2524a5c6f7e30d324b48,Band-gap and perovskite transfer candidates,upstream archives recorded in project audits,verify-upstream,private-collaborator
collective-exp-analysis-ready-v2026.08.04.zip,data/external/bandgap_borrowing/hybrid3_bandgap/subsets/subset_001584.json.gz,61,65125516ba64b98203fcd387c3aa89454890fd0c798e8436bb330639b8320418,Band-gap and perovskite transfer candidates,upstream archives recorded in project audits,verify-upstream,private-collaborator
collective-exp-analysis-ready-v2026.08.04.zip,data/external/bandgap_borrowing/hybrid3_bandgap/subsets/subset_001588.json.gz,61,6c216c3a38533e127e7fa796db130d1af1b08c0f3e2d30ab5e9ee069a11a7749,Band-gap and perovskite transfer candidates,upstream archives recorded in project audits,verify-upstream,private-collaborator
collective-exp-analysis-ready-v2026.08.04.zip,data/external/bandgap_borrowing/hybrid3_bandgap/subsets/subset_001596.json.gz,61,723eb73ced68ca86e0564f826912dc7530aa0f5ed418353422b82d3248be9bfc,Band-gap and perovskite transfer candidates,upstream archives recorded in project audits,verify-upstream,private-collaborator
collective-exp-analysis-ready-v2026.08.04.zip,data/external/bandgap_borrowing/hybrid3_bandgap/subsets/subset_001602.json.gz,61,25453f63d9d4f40121cb3e4a1b1f5015783a14e8acc3f1660146fbbbf2821225,Band-gap and perovskite transfer candidates,upstream archives recorded in project audits,verify-upstream,private-collaborator
collective-exp-analysis-ready-v2026.08.04.zip,data/external/bandgap_borrowing/hybrid3_bandgap/subsets/subset_001609.json.gz,60,56c0ecc8926b455a1db682d5e6dd5f370a6ce727715b065487ab9201ebefb46f,Band-gap and perovskite transfer candidates,upstream archives recorded in project audits,verify-upstream,private-collaborator
collective-exp-analysis-ready-v2026.08.04.zip,data/external/bandgap_borrowing/hybrid3_bandgap/subsets/subset_001613.json.gz,61,7dedbbb63d4909c5a37ae1d8c4b30bc10ced9888b6ce8f385aecce48927aa2e6,Band-gap and perovskite transfer candidates,upstream archives recorded in project audits,verify-upstream,private-collaborator
collective-exp-analysis-ready-v2026.08.04.zip,data/external/bandgap_borrowing/hybrid3_bandgap/subsets/subset_001623.json.gz,61,817c54167aac25232dd8008db378192653ce1c49387b2fbe248385325ada4da9,Band-gap and perovskite transfer candidates,upstream archives recorded in project audits,verify-upstream,private-collaborator
collective-exp-analysis-ready-v2026.08.04.zip,data/external/bandgap_borrowing/hybrid3_bandgap/subsets/subset_001628.json.gz,61,ac51918eb04b3cbaa74a566ab26baff68d428c22e0cf2dd479d078129914b346,Band-gap and perovskite transfer candidates,upstream archives recorded in project audits,verify-upstream,private-collaborator
collective-exp-analysis-ready-v2026.08.04.zip,data/external/bandgap_borrowing/hybrid3_bandgap/subsets/subset_001632.json.gz,61,207f99f30ff255492f2f38ad68896be4b3d339105d571c4251677058bbd66db5,Band-gap and perovskite transfer candidates,upstream archives recorded in project audits,verify-upstream,private-collaborator
collective-exp-analysis-ready-v2026.08.04.zip,data/external/bandgap_borrowing/hybrid3_bandgap/subsets/subset_001652.json.gz,61,39b08ce1a5a44a2d865cee6f6fb09d3f15ac02f7559325923080050771f9cfe1,Band-gap and perovskite transfer candidates,upstream archives recorded in project audits,verify-upstream,private-collaborator
collective-exp-analysis-ready-v2026.08.04.zip,data/external/bandgap_borrowing/hybrid3_bandgap/subsets/subset_001664.json.gz,61,1f12fac92ebaf4265db84efa75c4f0d890262d94a9d0e45059b23ccb49709066,Band-gap and perovskite transfer candidates,upstream archives recorded in project audits,verify-upstream,private-collaborator
collective-exp-analysis-ready-v2026.08.04.zip,data/external/bandgap_borrowing/hybrid3_bandgap/subsets/subset_001700.json.gz,61,24de81bd19f478983773312e902f0e726cb3bf24266c5e8ee355e63865a4c34d,Band-gap and perovskite transfer candidates,upstream archives recorded in project audits,verify-upstream,private-collaborator
collective-exp-analysis-ready-v2026.08.04.zip,data/external/bandgap_borrowing/hybrid3_bandgap/subsets/subset_001705.json.gz,61,497cdb8100c1242641a4db1f36f1ca92410e67a7d669518d29e64d037ff825dd,Band-gap and perovskite transfer candidates,upstream archives recorded in project audits,verify-upstream,private-collaborator
collective-exp-analysis-ready-v2026.08.04.zip,data/external/bandgap_borrowing/hybrid3_bandgap/subsets/subset_001709.json.gz,61,a238b5c79d7c75a369303c6382c388c16efacc03f55578cc34f758bce18c8acc,Band-gap and perovskite transfer candidates,upstream archives recorded in project audits,verify-upstream,private-collaborator
collective-exp-analysis-ready-v2026.08.04.zip,data/external/bandgap_borrowing/hybrid3_bandgap/subsets/subset_001715.json.gz,61,05fd4ecbb698600816ea9ff31294794579a00faffe312b3f783ca3a78cf87306,Band-gap and perovskite transfer candidates,upstream archives recorded in project audits,verify-upstream,private-collaborator
collective-exp-analysis-ready-v2026.08.04.zip,data/external/bandgap_borrowing/hybrid3_bandgap/subsets/subset_001721.json.gz,61,eb014f88577db2d4e7a91c793f96f0e1c67dd778bcde291be406756064c080d0,Band-gap and perovskite transfer candidates,upstream archives recorded in project audits,verify-upstream,private-collaborator
collective-exp-analysis-ready-v2026.08.04.zip,data/external/bandgap_borrowing/hybrid3_bandgap/subsets/subset_001844.json.gz,61,454122ce2b73d6e24bc2c3ab29222b85039a64a90f9013fb526e01286b8abf5a,Band-gap and perovskite transfer candidates,upstream archives recorded in project audits,verify-upstream,private-collaborator
collective-exp-analysis-ready-v2026.08.04.zip,data/external/bandgap_borrowing/hybrid3_bandgap/subsets/subset_001896.json.gz,61,84cfa5e925d8b6c407d8727fc294ae1404ade42763c2e4f73d74d9107d3b8473,Band-gap and perovskite transfer candidates,upstream archives recorded in project audits,verify-upstream,private-collaborator
collective-exp-analysis-ready-v2026.08.04.zip,data/external/bandgap_borrowing/hybrid3_bandgap/subsets/subset_001899.json.gz,61,b5707ad7d38f9642d5aaf83ba435a3e3a8398aa4a095514e432043e46737eb6f,Band-gap and perovskite transfer candidates,upstream archives recorded in project audits,verify-upstream,private-collaborator
collective-exp-analysis-ready-v2026.08.04.zip,data/external/bandgap_borrowing/hybrid3_bandgap/subsets/subset_001903.json.gz,61,640bf72a264b91857e6425d0860bcebdf95da3bfd78bb7c8e0d6ea6a29dc2c71,Band-gap and perovskite transfer candidates,upstream archives recorded in project audits,verify-upstream,private-collaborator
collective-exp-analysis-ready-v2026.08.04.zip,data/external/bandgap_borrowing/hybrid3_bandgap/subsets/subset_001997.json.gz,62,fc68d90039ed97abf48bccab87eb83598487471fec568b3045c1850196089887,Band-gap and perovskite transfer candidates,upstream archives recorded in project audits,verify-upstream,private-collaborator
collective-exp-analysis-ready-v2026.08.04.zip,data/external/bandgap_borrowing/hybrid3_bandgap/subsets/subset_002126.json.gz,61,89e65fd0fe96d610ccfde05caff08ecc00e0a006cdfe245b1876073d429a7a00,Band-gap and perovskite transfer candidates,upstream archives recorded in project audits,verify-upstream,private-collaborator
collective-exp-analysis-ready-v2026.08.04.zip,data/external/bandgap_borrowing/hybrid3_bandgap/subsets/subset_002127.json.gz,61,2e301ddde60833ae242b0f7f9e1198d1d3acb8f155c84c8d203e43b60efddd52,Band-gap and perovskite transfer candidates,upstream archives recorded in project audits,verify-upstream,private-collaborator
collective-exp-analysis-ready-v2026.08.04.zip,data/external/bandgap_borrowing/hybrid3_bandgap/subsets/subset_002128.json.gz,61,047a65a0ed07d1ddb516a2dd13eb5214b4ad05fee1904f09ce03f3bb4e44a43d,Band-gap and perovskite transfer candidates,upstream archives recorded in project audits,verify-upstream,private-collaborator
collective-exp-analysis-ready-v2026.08.04.zip,data/external/bandgap_borrowing/hybrid3_bandgap/subsets/subset_002129.json.gz,60,72b79178d741aaf8f682f4065e06c3c061b10836a73fe160aeb30fa16035640f,Band-gap and perovskite transfer candidates,upstream archives recorded in project audits,verify-upstream,private-collaborator
collective-exp-analysis-ready-v2026.08.04.zip,data/external/bandgap_borrowing/hybrid3_bandgap/subsets/subset_002208.json.gz,60,1b7b18ce9a906d2af5ee549193000778bc59cbeca4febf449e13e815b1c57517,Band-gap and perovskite transfer candidates,upstream archives recorded in project audits,verify-upstream,private-collaborator
collective-exp-analysis-ready-v2026.08.04.zip,data/external/bandgap_borrowing/hybrid3_bandgap/subsets/subset_002261.json.gz,61,017555fee941214ab2bf161f961ac2df616451b8c02410de8a84506a493f28d1,Band-gap and perovskite transfer candidates,upstream archives recorded in project audits,verify-upstream,private-collaborator
collective-exp-analysis-ready-v2026.08.04.zip,data/external/bandgap_borrowing/hybrid3_bandgap/subsets/subset_002264.json.gz,60,c1979029d7c8194fa2a09844627ddc388b8d8ccbe5cc432f272351b01896697f,Band-gap and perovskite transfer candidates,upstream archives recorded in project audits,verify-upstream,private-collaborator
collective-exp-analysis-ready-v2026.08.04.zip,data/external/bandgap_borrowing/hybrid3_bandgap/subsets/subset_002557.json.gz,61,6bc22fc16934de69ed080224985405fc6f9486f509162c5277e84650590d32fa,Band-gap and perovskite transfer candidates,upstream archives recorded in project audits,verify-upstream,private-collaborator
collective-exp-analysis-ready-v2026.08.04.zip,data/external/bandgap_borrowing/hybrid3_bandgap/subsets/subset_002654.json.gz,76,bd71baf8352a409910e67d9b840ab84cc65bf93ab6ff9369012851c987af1af6,Band-gap and perovskite transfer candidates,upstream archives recorded in project audits,verify-upstream,private-collaborator
collective-exp-analysis-ready-v2026.08.04.zip,data/external/bandgap_borrowing/hybrid3_bandgap/subsets/subset_002708.json.gz,76,2977f0e9ca0d7258c334d852da93a5ec5f0dc580eef4d41682c2a3ff52e411f4,Band-gap and perovskite transfer candidates,upstream archives recorded in project audits,verify-upstream,private-collaborator
collective-exp-analysis-ready-v2026.08.04.zip,data/external/bandgap_borrowing/hybrid3_bandgap/subsets/subset_002711.json.gz,76,ed363db30727a5d336a8b920dab65301beacd4a9b18ec177bffb7bc3abae506b,Band-gap and perovskite transfer candidates,upstream archives recorded in project audits,verify-upstream,private-collaborator
collective-exp-analysis-ready-v2026.08.04.zip,data/external/bandgap_borrowing/hybrid3_bandgap/subsets/subset_002714.json.gz,74,f1b1e1372f4dd4642797c11a0a8ee96efec7d59c1a4f26999c989f36d22b2bfc,Band-gap and perovskite transfer candidates,upstream archives recorded in project audits,verify-upstream,private-collaborator
collective-exp-analysis-ready-v2026.08.04.zip,data/external/bandgap_borrowing/hybrid3_bandgap/subsets/subset_002720.json.gz,76,39009aa805b40de8a3cc4013d9348eaf0267165c55c3115190a870a97756129c,Band-gap and perovskite transfer candidates,upstream archives recorded in project audits,verify-upstream,private-collaborator
collective-exp-analysis-ready-v2026.08.04.zip,data/external/bandgap_borrowing/hybrid3_bandgap/subsets/subset_002723.json.gz,76,bff131fa212c052c2a39406e1d4bbfd23e7b30a294597e7e36cd93989af581d8,Band-gap and perovskite transfer candidates,upstream archives recorded in project audits,verify-upstream,private-collaborator
collective-exp-analysis-ready-v2026.08.04.zip,data/external/bandgap_borrowing/hybrid3_bandgap/subsets/subset_002726.json.gz,76,3e4e35b2cb58867964ec442e0eea2dd85ade1562d3c9efbe0dfdf0cebbd8eba1,Band-gap and perovskite transfer candidates,upstream archives recorded in project audits,verify-upstream,private-collaborator
collective-exp-analysis-ready-v2026.08.04.zip,data/external/bandgap_borrowing/hybrid3_bandgap/subsets/subset_002729.json.gz,75,1ef9c4643030702d2de14f357af29b9df2a9a2428e5012bf5c04270733856f1e,Band-gap and perovskite transfer candidates,upstream archives recorded in project audits,verify-upstream,private-collaborator
collective-exp-analysis-ready-v2026.08.04.zip,data/external/bandgap_borrowing/hybrid3_bandgap/subsets/subset_002732.json.gz,74,745ed27e2ea91109791a152895b4c5547ea32faeb1f568c0aa62fc773328fdcf,Band-gap and perovskite transfer candidates,upstream archives recorded in project audits,verify-upstream,private-collaborator
collective-exp-analysis-ready-v2026.08.04.zip,data/external/bandgap_borrowing/hybrid3_bandgap/subsets/subset_002735.json.gz,76,20eb4ea56ee201037fc50d96a968bc01a5a27b2969875321e59ab37e6dc4e7ac,Band-gap and perovskite transfer candidates,upstream archives recorded in project audits,verify-upstream,private-collaborator
collective-exp-analysis-ready-v2026.08.04.zip,data/external/bandgap_borrowing/hybrid3_bandgap/subsets/subset_002738.json.gz,76,d7bc29a0270cab795258fa31a8242ea7514935a8ac13d9a0f053c259db055953,Band-gap and perovskite transfer candidates,upstream archives recorded in project audits,verify-upstream,private-collaborator
collective-exp-analysis-ready-v2026.08.04.zip,data/external/bandgap_borrowing/hybrid3_bandgap/subsets/subset_002752.json.gz,76,cda5e682f0f7ba4dec2959a6cb3e97d5b41427ecb2a25359bd14e8076311a810,Band-gap and perovskite transfer candidates,upstream archives recorded in project audits,verify-upstream,private-collaborator
collective-exp-analysis-ready-v2026.08.04.zip,data/external/bandgap_borrowing/hybrid3_bandgap/subsets/subset_002755.json.gz,76,2b5476248994edfc7ae730a394d9b93106dd41ddd70a4cb673339025f25ac82b,Band-gap and perovskite transfer candidates,upstream archives recorded in project audits,verify-upstream,private-collaborator
collective-exp-analysis-ready-v2026.08.04.zip,data/external/bandgap_borrowing/hybrid3_bandgap/subsets/subset_002761.json.gz,76,a5a39d17236710e1e652cc8ec161a79cba127073178c1ecc06f449783acc2cfe,Band-gap and perovskite transfer candidates,upstream archives recorded in project audits,verify-upstream,private-collaborator
collective-exp-analysis-ready-v2026.08.04.zip,data/external/bandgap_borrowing/hybrid3_bandgap/subsets/subset_002767.json.gz,76,2eaee09a9a33d76eed2cee215fbcb4a19b636433955270b0c550c261936056cc,Band-gap and perovskite transfer candidates,upstream archives recorded in project audits,verify-upstream,private-collaborator
collective-exp-analysis-ready-v2026.08.04.zip,data/external/bandgap_borrowing/hybrid3_bandgap/subsets/subset_002770.json.gz,76,26184b858d2ef3473e86ef2133ac0117a0f7f8264e41acda08e8502150e1624d,Band-gap and perovskite transfer candidates,upstream archives recorded in project audits,verify-upstream,private-collaborator
collective-exp-analysis-ready-v2026.08.04.zip,data/external/bandgap_borrowing/hybrid3_bandgap/subsets/subset_002773.json.gz,76,e3025612c52ffc39d2bacfce00fc315a72c3de62cced068ab6db79e0e3a06d56,Band-gap and perovskite transfer candidates,upstream archives recorded in project audits,verify-upstream,private-collaborator
collective-exp-analysis-ready-v2026.08.04.zip,data/external/bandgap_borrowing/hybrid3_bandgap/subsets/subset_002779.json.gz,76,9d456204d2298ca2f996e2a62756d3540784b7ac081c277d7ad4819952bc7413,Band-gap and perovskite transfer candidates,upstream archives recorded in project audits,verify-upstream,private-collaborator
collective-exp-analysis-ready-v2026.08.04.zip,data/external/bandgap_borrowing/hybrid3_bandgap/subsets/subset_002782.json.gz,76,d18056804c1fc6563ee4b5ed9ba5c829b7923bb9bd1878c42bb321909068192a,Band-gap and perovskite transfer candidates,upstream archives recorded in project audits,verify-upstream,private-collaborator
collective-exp-analysis-ready-v2026.08.04.zip,data/external/bandgap_borrowing/hybrid3_bandgap/subsets/subset_002785.json.gz,76,32782c6f673b41fb5203aac21c6f11a0a3295d7e3bc94213b938fb7db9e6d027,Band-gap and perovskite transfer candidates,upstream archives recorded in project audits,verify-upstream,private-collaborator
collective-exp-analysis-ready-v2026.08.04.zip,data/external/bandgap_borrowing/hybrid3_bandgap/subsets/subset_002788.json.gz,76,2cb71cd87b7b215d674fbd9716c7c0df2c0ffbb8cbeacb72cc3ad4404c8aa51a,Band-gap and perovskite transfer candidates,upstream archives recorded in project audits,verify-upstream,private-collaborator
collective-exp-analysis-ready-v2026.08.04.zip,data/external/bandgap_borrowing/hybrid3_bandgap/subsets/subset_002791.json.gz,76,88d2f538febf50d488da350934c7fc2d4b0e62ded478537ef39cbdd45573cd81,Band-gap and perovskite transfer candidates,upstream archives recorded in project audits,verify-upstream,private-collaborator
collective-exp-analysis-ready-v2026.08.04.zip,data/external/bandgap_borrowing/hybrid3_bandgap/subsets/subset_002794.json.gz,76,90ad234e1cc8a426f159beec145c633112e1c06f9ec56a21ff2b3aad680edafc,Band-gap and perovskite transfer candidates,upstream archives recorded in project audits,verify-upstream,private-collaborator
collective-exp-analysis-ready-v2026.08.04.zip,data/external/bandgap_borrowing/hybrid3_bandgap/subsets/subset_002797.json.gz,73,72f25ac5e364948269c82149ed1dcd305b6136116ac771404a8a3fa3d38913e5,Band-gap and perovskite transfer candidates,upstream archives recorded in project audits,verify-upstream,private-collaborator
collective-exp-analysis-ready-v2026.08.04.zip,data/external/bandgap_borrowing/hybrid3_bandgap/subsets/subset_002821.json.gz,61,612d9072bab0ff0e7fdcbc58c4e3448f055d6a815f57eb50e6b5e48669e1fff4,Band-gap and perovskite transfer candidates,upstream archives recorded in project audits,verify-upstream,private-collaborator
collective-exp-analysis-ready-v2026.08.04.zip,data/external/bandgap_borrowing/hybrid3_bandgap/subsets/subset_002906.json.gz,61,e44f2845588b493f9504eb147f1ff7773e2053546db926a5d67bd18d7563721f,Band-gap and perovskite transfer candidates,upstream archives recorded in project audits,verify-upstream,private-collaborator
collective-exp-analysis-ready-v2026.08.04.zip,data/external/bandgap_borrowing/hybrid_bandgap_210413.zip,9296882,6c630f40c6c8afcfa433e69591be04ed95dd128f22e9dfe11bbd7161bcd74c78,Band-gap and perovskite transfer candidates,upstream archives recorded in project audits,verify-upstream,private-collaborator
collective-exp-analysis-ready-v2026.08.04.zip,data/external/bandgap_borrowing/nomad_perovskite/download.err.log,0,e3b0c44298fc1c149afbf4c8996fb92427ae41e4649b934ca495991b7852b855,Band-gap and perovskite transfer candidates,upstream archives recorded in project audits,verify-upstream,private-collaborator
collective-exp-analysis-ready-v2026.08.04.zip,data/external/bandgap_borrowing/nomad_perovskite/download.out.log,364,b130d03849cfded3bacd5cc37e7ec5c20220045293403a3d73fc38dc210aea0f,Band-gap and perovskite transfer candidates,upstream archives recorded in project audits,verify-upstream,private-collaborator
collective-exp-analysis-ready-v2026.08.04.zip,data/external/bandgap_borrowing/nomad_perovskite/pages/page_00000.json.gz,57572,df6edc4950534be9f1ef796ab37820868f78239f015a2bc5b77b2e4d2acb041e,Band-gap and perovskite transfer candidates,upstream archives recorded in project audits,verify-upstream,private-collaborator
collective-exp-analysis-ready-v2026.08.04.zip,data/external/bandgap_borrowing/nomad_perovskite/pages/page_00001.json.gz,57010,5825f6f10226d09768fa8aa08b31a1f8dad54ffb53e21035a02ec2040d9486e6,Band-gap and perovskite transfer candidates,upstream archives recorded in project audits,verify-upstream,private-collaborator
collective-exp-analysis-ready-v2026.08.04.zip,data/external/bandgap_borrowing/nomad_perovskite/pages/page_00002.json.gz,57548,4d9d432caa6f9f0e4567969d141df36727321963b52effc2e985e0e0798395fd,Band-gap and perovskite transfer candidates,upstream archives recorded in project audits,verify-upstream,private-collaborator
collective-exp-analysis-ready-v2026.08.04.zip,data/external/bandgap_borrowing/nomad_perovskite/pages/page_00003.json.gz,57328,ab59de6a4f9bbdf39155eb2890bd81a3dae4dad19594e6acb43662b161bab79c,Band-gap and perovskite transfer candidates,upstream archives recorded in project audits,verify-upstream,private-collaborator
collective-exp-analysis-ready-v2026.08.04.zip,data/external/bandgap_borrowing/nomad_perovskite/pages/page_00004.json.gz,57196,bbd340dd4b1c7d346fd0bb5f2e5aafcf152c6cb87c2d3a638e9adc33a957b0cf,Band-gap and perovskite transfer candidates,upstream archives recorded in project audits,verify-upstream,private-collaborator
collective-exp-analysis-ready-v2026.08.04.zip,data/external/bandgap_borrowing/nomad_perovskite_v2/download.err.log,0,e3b0c44298fc1c149afbf4c8996fb92427ae41e4649b934ca495991b7852b855,Band-gap and perovskite transfer candidates,upstream archives recorded in project audits,verify-upstream,private-collaborator
collective-exp-analysis-ready-v2026.08.04.zip,data/external/bandgap_borrowing/nomad_perovskite_v2/download.out.log,820,1c45ad1689be1ed1cf7fba017fd00f34b0aa1966c80e118ce3b26b32fb969bcf,Band-gap and perovskite transfer candidates,upstream archives recorded in project audits,verify-upstream,private-collaborator
collective-exp-analysis-ready-v2026.08.04.zip,data/external/bandgap_borrowing/nomad_perovskite_v2/pages/page_00000.json.gz,63213,32bd421b4a5bd9362071c6a2c665dfdb6d7d7889811cc742a5f8cd24cc13f305,Band-gap and perovskite transfer candidates,upstream archives recorded in project audits,verify-upstream,private-collaborator
collective-exp-analysis-ready-v2026.08.04.zip,data/external/bandgap_borrowing/nomad_perovskite_v2/pages/page_00001.json.gz,62616,d6c4e9031bb67481573aa58fec9194d13067b1516d660374fb6248d58ee34add,Band-gap and perovskite transfer candidates,upstream archives recorded in project audits,verify-upstream,private-collaborator
collective-exp-analysis-ready-v2026.08.04.zip,data/external/bandgap_borrowing/nomad_perovskite_v2/pages/page_00002.json.gz,63384,1d860e78cd4f822c624b2f4062cc539ee60caeb7358805f3cf7752be2d9a0fee,Band-gap and perovskite transfer candidates,upstream archives recorded in project audits,verify-upstream,private-collaborator
collective-exp-analysis-ready-v2026.08.04.zip,data/external/bandgap_borrowing/nomad_perovskite_v2/pages/page_00003.json.gz,62885,e4883504d8749210b917a72d29ec471dacab57311ff5fe57530f768435fff28a,Band-gap and perovskite transfer candidates,upstream archives recorded in project audits,verify-upstream,private-collaborator
collective-exp-analysis-ready-v2026.08.04.zip,data/external/bandgap_borrowing/nomad_perovskite_v2/pages/page_00004.json.gz,62755,ed4e3c9532665f4ca009316ec83a2ce2b469f85df228c2a730f96025ff2f434d,Band-gap and perovskite transfer candidates,upstream archives recorded in project audits,verify-upstream,private-collaborator
collective-exp-analysis-ready-v2026.08.04.zip,data/external/bandgap_borrowing/nomad_perovskite_v2/pages/page_00005.json.gz,63114,4d70e1ddb3f0bf006dacef9778e09885b10350eb86ff924a9f841f1e20a19725,Band-gap and perovskite transfer candidates,upstream archives recorded in project audits,verify-upstream,private-collaborator
collective-exp-analysis-ready-v2026.08.04.zip,data/external/bandgap_borrowing/nomad_perovskite_v2/pages/page_00006.json.gz,62260,e0f209be4c7df90b3581a8d811ad1ae488ea0dbf46e98da22dfa9009e837e7c9,Band-gap and perovskite transfer candidates,upstream archives recorded in project audits,verify-upstream,private-collaborator
collective-exp-analysis-ready-v2026.08.04.zip,data/external/bandgap_borrowing/nomad_perovskite_v2/pages/page_00007.json.gz,62472,15472d4812c2ad17905e17fd641765c3e14b64560ccc5d1e9d60bba73cc2f0fd,Band-gap and perovskite transfer candidates,upstream archives recorded in project audits,verify-upstream,private-collaborator
collective-exp-analysis-ready-v2026.08.04.zip,data/external/bandgap_borrowing/nomad_perovskite_v2/pages/page_00008.json.gz,62406,b25876a16c744b26c2ab3a5dbb19f17b9aa31cb1ea8065ab89c4e179f6dd991f,Band-gap and perovskite transfer candidates,upstream archives recorded in project audits,verify-upstream,private-collaborator
collective-exp-analysis-ready-v2026.08.04.zip,data/external/bandgap_borrowing/nomad_perovskite_v2/pages/page_00009.json.gz,61900,23a50bf5189139e9b53e6f5838e06929de3c6dbf445d2c7ae84c0d23a415189c,Band-gap and perovskite transfer candidates,upstream archives recorded in project audits,verify-upstream,private-collaborator
collective-exp-analysis-ready-v2026.08.04.zip,data/external/bandgap_borrowing/nomad_perovskite_v2/pages/page_00010.json.gz,61984,26e158112584c45e896fdb4fc994dd0bd822a9dd4e918a0d0d5e97099fb27d5a,Band-gap and perovskite transfer candidates,upstream archives recorded in project audits,verify-upstream,private-collaborator
collective-exp-analysis-ready-v2026.08.04.zip,data/external/bandgap_borrowing/nomad_perovskite_v2/pages/page_00011.json.gz,62145,068261568a4632380eac60eb22ba73da5eadc1c341d629948c9d8a46059745e9,Band-gap and perovskite transfer candidates,upstream archives recorded in project audits,verify-upstream,private-collaborator
collective-exp-analysis-ready-v2026.08.04.zip,data/external/bandgap_borrowing/nomad_perovskite_v2/pages/page_00012.json.gz,63366,7db5b11304d0be037204c9b0bbb58a0405855346e0dd4a972c81bdefcf410a1e,Band-gap and perovskite transfer candidates,upstream archives recorded in project audits,verify-upstream,private-collaborator
collective-exp-analysis-ready-v2026.08.04.zip,data/external/bandgap_borrowing/nomad_perovskite_v4/download.err.log,2466,74fc5308305dd8583ef90ba5fd621e88861a08df93213b47bb1eb15772ee97eb,Band-gap and perovskite transfer candidates,upstream archives recorded in project audits,verify-upstream,private-collaborator
collective-exp-analysis-ready-v2026.08.04.zip,data/external/bandgap_borrowing/nomad_perovskite_v4/download.out.log,1463,af055f4b1d77e86bb9f5ee843e1b616928e5b67add8fcd827d28b3f069c72193,Band-gap and perovskite transfer candidates,upstream archives recorded in project audits,verify-upstream,private-collaborator
collective-exp-analysis-ready-v2026.08.04.zip,data/external/bandgap_borrowing/nomad_perovskite_v4/pages/page_00000.json.gz,124372,390a9d9de643a012864caa9432893db6f2d3b70560ecc1c0b6e6bc1a0eda34bb,Band-gap and perovskite transfer candidates,upstream archives recorded in project audits,verify-upstream,private-collaborator
collective-exp-analysis-ready-v2026.08.04.zip,data/external/bandgap_borrowing/nomad_perovskite_v4/pages/page_00001.json.gz,124850,4b01cd11b698f5b60d6e2e0ad084656f2563d9f8598af049890b65c4eabce797,Band-gap and perovskite transfer candidates,upstream archives recorded in project audits,verify-upstream,private-collaborator
collective-exp-analysis-ready-v2026.08.04.zip,data/external/bandgap_borrowing/nomad_perovskite_v4/pages/page_00002.json.gz,124392,172c7d2ba9bf805ee42f34555bd231b69f87f1fbc27bcb6529fb6e8942b313a2,Band-gap and perovskite transfer candidates,upstream archives recorded in project audits,verify-upstream,private-collaborator
collective-exp-analysis-ready-v2026.08.04.zip,data/external/bandgap_borrowing/nomad_perovskite_v4/pages/page_00003.json.gz,123227,0d51f8cb51b716276581cecec752a323630cc8443dccc3269d0aa39dbeda4229,Band-gap and perovskite transfer candidates,upstream archives recorded in project audits,verify-upstream,private-collaborator
collective-exp-analysis-ready-v2026.08.04.zip,data/external/bandgap_borrowing/nomad_perovskite_v4/pages/page_00004.json.gz,122825,842d40206c0ea76243eb5ee7c8ccbcb85a7bdb13cbad3b57ccd1f84a767d12bd,Band-gap and perovskite transfer candidates,upstream archives recorded in project audits,verify-upstream,private-collaborator
collective-exp-analysis-ready-v2026.08.04.zip,data/external/bandgap_borrowing/nomad_perovskite_v4/pages/page_00005.json.gz,122588,2ce32fc8f341db1b2459440c14eb5aed59956327a49b793381663cd47d612785,Band-gap and perovskite transfer candidates,upstream archives recorded in project audits,verify-upstream,private-collaborator
collective-exp-analysis-ready-v2026.08.04.zip,data/external/bandgap_borrowing/nomad_perovskite_v4/pages/page_00006.json.gz,123921,dfa208653eca37062c32e4f7a4e0c4739baf19c54abfa5c1e1136fb3d5ec1d74,Band-gap and perovskite transfer candidates,upstream archives recorded in project audits,verify-upstream,private-collaborator
collective-exp-analysis-ready-v2026.08.04.zip,data/external/bandgap_borrowing/nomad_perovskite_v4/pages/page_00007.json.gz,124629,f6430ed1dd88afe26988c1070fbf6e48c6a9d014235ecd759465f53dbcb3cca3,Band-gap and perovskite transfer candidates,upstream archives recorded in project audits,verify-upstream,private-collaborator
collective-exp-analysis-ready-v2026.08.04.zip,data/external/bandgap_borrowing/nomad_perovskite_v4/pages/page_00008.json.gz,124563,36b45add4d0997c6002d9ed714089e7da0de3d78d36afef170c29aca3a01d610,Band-gap and perovskite transfer candidates,upstream archives recorded in project audits,verify-upstream,private-collaborator
collective-exp-analysis-ready-v2026.08.04.zip,data/external/bandgap_borrowing/nomad_perovskite_v4/pages/page_00009.json.gz,123699,19b2ec7169e375e5dddbced7d5ba20b353ad6841911d0669dd74ae6bd160a025,Band-gap and perovskite transfer candidates,upstream archives recorded in project audits,verify-upstream,private-collaborator
collective-exp-analysis-ready-v2026.08.04.zip,data/external/bandgap_borrowing/nomad_perovskite_v4/pages/page_00010.json.gz,123438,b68c5994bdd8e3402f64c6d978319c7d60f82565419e02f8f10a9107b9978ecd,Band-gap and perovskite transfer candidates,upstream archives recorded in project audits,verify-upstream,private-collaborator
collective-exp-analysis-ready-v2026.08.04.zip,data/external/bandgap_borrowing/nomad_perovskite_v4/pages/page_00011.json.gz,123572,c11395b595a201b99e0353a99167a5de8042b7997d8ffdb16e5109eda45e6b53,Band-gap and perovskite transfer candidates,upstream archives recorded in project audits,verify-upstream,private-collaborator
collective-exp-analysis-ready-v2026.08.04.zip,data/external/bandgap_borrowing/nomad_perovskite_v4/pages/page_00012.json.gz,122513,ea7d339d732eb0127a926c587d5621f1d09bff98512e0776350bce30070ba317,Band-gap and perovskite transfer candidates,upstream archives recorded in project audits,verify-upstream,private-collaborator
collective-exp-analysis-ready-v2026.08.04.zip,data/external/bandgap_borrowing/nomad_perovskite_v4/pages/page_00013.json.gz,121928,9499e04c43a0c6bd1f58e736054bcbb0ac9b80032bf21ce548a25d997633306d,Band-gap and perovskite transfer candidates,upstream archives recorded in project audits,verify-upstream,private-collaborator
collective-exp-analysis-ready-v2026.08.04.zip,data/external/bandgap_borrowing/nomad_perovskite_v4/pages/page_00014.json.gz,124108,65cb1d1046627e4456fccbcdca1f1348413c301451915bd24eda813c88a8cfe4,Band-gap and perovskite transfer candidates,upstream archives recorded in project audits,verify-upstream,private-collaborator
collective-exp-analysis-ready-v2026.08.04.zip,data/external/bandgap_borrowing/nomad_perovskite_v4/pages/page_00015.json.gz,125210,de0cfc66b0940dbbc1e79782b4b569184ad34d1e54058443bd23a723791ca3eb,Band-gap and perovskite transfer candidates,upstream archives recorded in project audits,verify-upstream,private-collaborator
collective-exp-analysis-ready-v2026.08.04.zip,data/external/bandgap_borrowing/nomad_perovskite_v4/pages/page_00016.json.gz,124182,b4dd97f6ead33a438395119b7a6389e1cb39f0f253618058f09050cbab693bd4,Band-gap and perovskite transfer candidates,upstream archives recorded in project audits,verify-upstream,private-collaborator
collective-exp-analysis-ready-v2026.08.04.zip,data/external/bandgap_borrowing/nomad_perovskite_v4/pages/page_00017.json.gz,124581,a164c1a9a87404195cda1fea14efc1f876cab9d1a81f696c0ec78a7d150fa384,Band-gap and perovskite transfer candidates,upstream archives recorded in project audits,verify-upstream,private-collaborator
collective-exp-analysis-ready-v2026.08.04.zip,data/external/bandgap_borrowing/nomad_perovskite_v4/pages/page_00018.json.gz,124233,95ca9a5216ae38eb5c7319137c03d9c39076b955b6fce34cbed636e60846200f,Band-gap and perovskite transfer candidates,upstream archives recorded in project audits,verify-upstream,private-collaborator
collective-exp-analysis-ready-v2026.08.04.zip,data/external/bandgap_borrowing/nomad_perovskite_v4/pages/page_00019.json.gz,125407,b4f1648fccf204534c750ef8187686ab6bae0601f292f15b7c28288e67cfd36a,Band-gap and perovskite transfer candidates,upstream archives recorded in project audits,verify-upstream,private-collaborator
collective-exp-analysis-ready-v2026.08.04.zip,data/external/bandgap_borrowing/nomad_perovskite_v4/pages/page_00020.json.gz,123707,106f0ce793054f2b64c60ced9d95bb5002bcd14e229de4e24d4b10684d3d6641,Band-gap and perovskite transfer candidates,upstream archives recorded in project audits,verify-upstream,private-collaborator
collective-exp-analysis-ready-v2026.08.04.zip,data/external/bandgap_borrowing/nomad_perovskite_v4/pages/page_00021.json.gz,124147,faa9231eba19cb267fb4a936214d7801d51c09905cd40b3900b730596525c51c,Band-gap and perovskite transfer candidates,upstream archives recorded in project audits,verify-upstream,private-collaborator
collective-exp-analysis-ready-v2026.08.04.zip,data/external/bandgap_borrowing/nomad_perovskite_v4/pages/page_00022.json.gz,125135,7e2f10a4ef78da6164f5a30d5d3d1693f6718f0447817d5684bd5299deec3119,Band-gap and perovskite transfer candidates,upstream archives recorded in project audits,verify-upstream,private-collaborator
collective-exp-analysis-ready-v2026.08.04.zip,data/external/bandgap_borrowing/nomad_perovskite_v4/pages/page_00023.json.gz,123005,c764611e06b6bf944fdf23aca58a088f06ac421f237fecc4b033b686c2cfe142,Band-gap and perovskite transfer candidates,upstream archives recorded in project audits,verify-upstream,private-collaborator
collective-exp-analysis-ready-v2026.08.04.zip,data/external/bandgap_borrowing/nomad_perovskite_v4/pages/page_00024.json.gz,123536,3822a9b124a824e21ddc921df56068396c0d1a80a0bbb151ade041fd8125cd43,Band-gap and perovskite transfer candidates,upstream archives recorded in project audits,verify-upstream,private-collaborator
collective-exp-analysis-ready-v2026.08.04.zip,data/external/bandgap_borrowing/nomad_perovskite_v4/pages/page_00025.json.gz,123477,62b729c4a9f81838dc1c9bc72264af0702a8d89ee3fafc51a2845dadca0dd5c4,Band-gap and perovskite transfer candidates,upstream archives recorded in project audits,verify-upstream,private-collaborator
collective-exp-analysis-ready-v2026.08.04.zip,data/external/bandgap_borrowing/nomad_perovskite_v4/pages/page_00026.json.gz,124252,080535418284748dd7cf1a151d488769990f90a220e0ee4cea5eb62ab2a8e089,Band-gap and perovskite transfer candidates,upstream archives recorded in project audits,verify-upstream,private-collaborator
collective-exp-analysis-ready-v2026.08.04.zip,data/external/bandgap_borrowing/nomad_perovskite_v4/pages/page_00027.json.gz,123334,50c164326a0c1ba3134bdf54332a031c05c1819fb14dfa3f3e17709c74884e38,Band-gap and perovskite transfer candidates,upstream archives recorded in project audits,verify-upstream,private-collaborator
collective-exp-analysis-ready-v2026.08.04.zip,data/external/bandgap_borrowing/nomad_perovskite_v4/pages/page_00028.json.gz,123114,fcd99292eefdd15f02dcd162a953190b9ef74c59ee4c39f017c31de6b60f98a2,Band-gap and perovskite transfer candidates,upstream archives recorded in project audits,verify-upstream,private-collaborator
collective-exp-analysis-ready-v2026.08.04.zip,data/external/bandgap_borrowing/nomad_perovskite_v4/pages/page_00029.json.gz,124418,0c5f020bf9d68aec5b622e1ad90bfda835bb26befb463faf02f10f933c44248a,Band-gap and perovskite transfer candidates,upstream archives recorded in project audits,verify-upstream,private-collaborator
collective-exp-analysis-ready-v2026.08.04.zip,data/external/bandgap_borrowing/nomad_perovskite_v4/pages/page_00030.json.gz,123612,61b7592e021397003fda87699540e650922e173380cc5be7d79269e21f53209f,Band-gap and perovskite transfer candidates,upstream archives recorded in project audits,verify-upstream,private-collaborator
collective-exp-analysis-ready-v2026.08.04.zip,data/external/bandgap_borrowing/nomad_perovskite_v4/pages/page_00031.json.gz,124973,48a2511f9742076ee26178dbb8172ace904228aefbab60fc78c65520c42be6bb,Band-gap and perovskite transfer candidates,upstream archives recorded in project audits,verify-upstream,private-collaborator
collective-exp-analysis-ready-v2026.08.04.zip,data/external/bandgap_borrowing/nomad_perovskite_v4/pages/page_00032.json.gz,124213,d9d4aef501a568d4aa3cc09c30451751b037df0f55e43d89ef234d39b48893a2,Band-gap and perovskite transfer candidates,upstream archives recorded in project audits,verify-upstream,private-collaborator
collective-exp-analysis-ready-v2026.08.04.zip,data/external/bandgap_borrowing/nomad_perovskite_v4/pages/page_00033.json.gz,122390,78b2e60da42d4ae455b8e906442810ed226f44a59423d86fe84444aeea073ef8,Band-gap and perovskite transfer candidates,upstream archives recorded in project audits,verify-upstream,private-collaborator
collective-exp-analysis-ready-v2026.08.04.zip,data/external/bandgap_borrowing/nomad_perovskite_v4/pages/page_00034.json.gz,123699,fdcb867840920696842e18a330f614c287e324fb10bf711dfa9056bdd744597e,Band-gap and perovskite transfer candidates,upstream archives recorded in project audits,verify-upstream,private-collaborator
collective-exp-analysis-ready-v2026.08.04.zip,data/external/bandgap_borrowing/nomad_perovskite_v4/pages/page_00035.json.gz,124164,cfa11217aacb8ce1461cea5ddbbc9df133b978ae20f355cace9064ed39c536f9,Band-gap and perovskite transfer candidates,upstream archives recorded in project audits,verify-upstream,private-collaborator
collective-exp-analysis-ready-v2026.08.04.zip,data/external/bandgap_borrowing/nomad_perovskite_v4/pages/page_00036.json.gz,123417,e325124052193e2f5a944adf71bbb59e6fe94f75edd352961828a7ab76ed1264,Band-gap and perovskite transfer candidates,upstream archives recorded in project audits,verify-upstream,private-collaborator
collective-exp-analysis-ready-v2026.08.04.zip,data/external/bandgap_borrowing/nomad_perovskite_v4/pages/page_00037.json.gz,125141,3365c496c16d5b82c943feea118e101bcfed121324bac93276bf27b0b49d5a2c,Band-gap and perovskite transfer candidates,upstream archives recorded in project audits,verify-upstream,private-collaborator
collective-exp-analysis-ready-v2026.08.04.zip,data/external/bandgap_borrowing/nomad_perovskite_v4/pages/page_00038.json.gz,123470,1638331c8096fa406d581e32eb0fafda2352e93c44e58a3ff862c6c932fa52db,Band-gap and perovskite transfer candidates,upstream archives recorded in project audits,verify-upstream,private-collaborator
collective-exp-analysis-ready-v2026.08.04.zip,data/external/bandgap_borrowing/nomad_perovskite_v4/pages/page_00039.json.gz,124632,15669fd6c6e26131422729498fdb7ec642ab8c4b615df9c6ec218e5b9e565a92,Band-gap and perovskite transfer candidates,upstream archives recorded in project audits,verify-upstream,private-collaborator
collective-exp-analysis-ready-v2026.08.04.zip,data/external/bandgap_borrowing/nomad_perovskite_v4/pages/page_00040.json.gz,123975,9e6a87979224ba7d2bbe01c1b3fdd12652aac0f685cfbd67afa10de0a66be937,Band-gap and perovskite transfer candidates,upstream archives recorded in project audits,verify-upstream,private-collaborator
collective-exp-analysis-ready-v2026.08.04.zip,data/external/bandgap_borrowing/nomad_perovskite_v4/pages/page_00041.json.gz,123646,87fadfb6060b5074d8bc95437a58bcb2626ba6579c6547328e2d57305bc1fe30,Band-gap and perovskite transfer candidates,upstream archives recorded in project audits,verify-upstream,private-collaborator
collective-exp-analysis-ready-v2026.08.04.zip,data/external/bandgap_borrowing/nomad_perovskite_v4/pages/page_00042.json.gz,125423,b76ebe910b520e64655d4c119d3d8212fd4ce9c9aba99711ffb1e243ddf5db0f,Band-gap and perovskite transfer candidates,upstream archives recorded in project audits,verify-upstream,private-collaborator
collective-exp-analysis-ready-v2026.08.04.zip,data/external/bandgap_borrowing/nomad_perovskite_v4/pages/page_00043.json.gz,14408,9833a3aaffe71ee558c48744db5d25f702d8d42a389043767623f0c8a506d6c6,Band-gap and perovskite transfer candidates,upstream archives recorded in project audits,verify-upstream,private-collaborator
collective-exp-analysis-ready-v2026.08.04.zip,data/external/bandgap_borrowing/nomad_perovskite_v4/perovskite_solar_cell_recipient.csv,34071934,475c352ba11a0f19ff6d483f89808f6fe7bb5030134d5dcedfa30c6a3d35b369,Band-gap and perovskite transfer candidates,upstream archives recorded in project audits,verify-upstream,private-collaborator
collective-exp-analysis-ready-v2026.08.04.zip,data/external/bandgap_borrowing/nomad_perovskite_v4/perovskite_solar_cell_recipient_manifest.json,5531,dd042096ae821d1b342e9a2de7d1568a427470a0f05f1926f3d80bdd286ad514,Band-gap and perovskite transfer candidates,upstream archives recorded in project audits,verify-upstream,private-collaborator
collective-exp-analysis-ready-v2026.08.04.zip,data/external/battery_conductivity_borrowing/battery-v2.zip,97765422,8fb2aada83bddd5c4c6b38745b3a39cd860f82520726c1f083efc257053892e0,Multi-stage lithium-ion battery aging,https://figshare.com/articles/dataset/Multi-Stage_Lithium_Ion_Battery_Aging_Study/25975315,CC-BY-4.0,redistributable-with-attribution
collective-exp-analysis-ready-v2026.08.04.zip,data/external/caltech_acid_oer/AcidOER-MnSbSnTiCo.zip,7688060,f06152021cbbe0008d50ecf4cf4a8a16cd502f9b86033cb80d3d999700eb69b3,Caltech high-throughput Acid-OER,https://data.caltech.edu/records/tg041-j4g80,repository record,private-collaborator
collective-exp-analysis-ready-v2026.08.04.zip,data/external/caltech_acid_oer/extracted/data/OER/oer_all_foms.csv,14363,37165f626232e1b43524140a5161ca216064dc1100e0b59dc1038311e9180389,Caltech high-throughput Acid-OER,https://data.caltech.edu/records/tg041-j4g80,repository record,private-collaborator
collective-exp-analysis-ready-v2026.08.04.zip,data/external/caltech_acid_oer/extracted/data/OER/oer_raw_dt.csv,123529738,acdf7dd0244d58cacb6435402ab022855e5119f8e950f985aeeb55c20dfaad55,Caltech high-throughput Acid-OER,https://data.caltech.edu/records/tg041-j4g80,repository record,private-collaborator
collective-exp-analysis-ready-v2026.08.04.zip,data/external/caltech_acid_oer/extracted/data/read_me.txt,878,6cd77ef9abb3d98752361eb0e0839e3ab1b0c1dae88e1251d5f665cf39e7bd49,Caltech high-throughput Acid-OER,https://data.caltech.edu/records/tg041-j4g80,repository record,private-collaborator
collective-exp-analysis-ready-v2026.08.04.zip,data/external/caltech_acid_oer/extracted/data/XRD/ana__11_5029.udi,2766197,1f6bb5044d68d7e08ec05883090f0dce159224be3df9cb05dd9ffee3704bb5a4,Caltech high-throughput Acid-OER,https://data.caltech.edu/records/tg041-j4g80,repository record,private-collaborator
collective-exp-analysis-ready-v2026.08.04.zip,data/external/caltech_acid_oer/extracted/data/XRD/ana__11_5411.udi,624438,a957fe85db0c045485451c65e8e29cd307a17d3eb15e9fd092ef0d6c4838a36a,Caltech high-throughput Acid-OER,https://data.caltech.edu/records/tg041-j4g80,repository record,private-collaborator
collective-exp-analysis-ready-v2026.08.04.zip,data/external/caltech_acid_oer/extracted/data/XRD/ana__11_5412.udi,596050,ad810c7d8c5f7168a06d21904b0db1eb984e405532b742d05db058864d8f00b1,Caltech high-throughput Acid-OER,https://data.caltech.edu/records/tg041-j4g80,repository record,private-collaborator
collective-exp-analysis-ready-v2026.08.04.zip,data/external/caltech_acid_oer/extracted/data/XRD/ana__11_5413.udi,623973,8805ddaa95e5e6bcde6445d2eeec9286c4c1b392458fa3794bdeba4c06f10a95,Caltech high-throughput Acid-OER,https://data.caltech.edu/records/tg041-j4g80,repository record,private-collaborator
collective-exp-analysis-ready-v2026.08.04.zip,data/external/caltech_acid_oer/extracted/data/XRD/ana__11_5414.udi,83848,295a3f509f3c2153dd7c82ab7509f7ae66e65ba333cb519e0a51747fee7d442e,Caltech high-throughput Acid-OER,https://data.caltech.edu/records/tg041-j4g80,repository record,private-collaborator
collective-exp-analysis-ready-v2026.08.04.zip,data/external/caltech_acid_oer/extracted/data/XRD/summary_crystalshift.csv,69409,53914d54766bc658142173abb5a240b302993ffaaf53c0c5ae12f314341e6c53,Caltech high-throughput Acid-OER,https://data.caltech.edu/records/tg041-j4g80,repository record,private-collaborator
collective-exp-analysis-ready-v2026.08.04.zip,data/external/caltech_acid_oer/extracted/data/XRF/0057-04-1110-mp.txt,2913974,b02e69edbf33365b7375e30e18aa24f2140141436b1252afdf7fd2ec5edd782c,Caltech high-throughput Acid-OER,https://data.caltech.edu/records/tg041-j4g80,repository record,private-collaborator
collective-exp-analysis-ready-v2026.08.04.zip,data/external/caltech_acid_oer/extracted/data/XRF/5029_MnSbCo_xrfs.csv,39902,fa0fb51a678795a13793086d4b14bc3ae809da1b5f58495fcf05cf49322343cb,Caltech high-throughput Acid-OER,https://data.caltech.edu/records/tg041-j4g80,repository record,private-collaborator
collective-exp-analysis-ready-v2026.08.04.zip,data/external/caltech_acid_oer/extracted/data/XRF/5411_MnSbSnTi_xrfs.csv,50596,242af19ee69b3f931c579bcf50e99f22585d37e644021919f885a7a3db621454,Caltech high-throughput Acid-OER,https://data.caltech.edu/records/tg041-j4g80,repository record,private-collaborator
collective-exp-analysis-ready-v2026.08.04.zip,data/external/caltech_acid_oer/extracted/data/XRF/5412_MnSbSn_xrfs.csv,39902,c1b4787aeb25bd5f0ad25f9a1d0ecd9e36a8fdeee53cbdbcf813ef751fa58f2b,Caltech high-throughput Acid-OER,https://data.caltech.edu/records/tg041-j4g80,repository record,private-collaborator
collective-exp-analysis-ready-v2026.08.04.zip,data/external/caltech_acid_oer/extracted/data/XRF/5413_MnSbTi_xrfs.csv,39902,198f4ded0c8c7398701923eca9bf2788214bcc60d6fec160eabc02938e6a5686,Caltech high-throughput Acid-OER,https://data.caltech.edu/records/tg041-j4g80,repository record,private-collaborator
collective-exp-analysis-ready-v2026.08.04.zip,data/external/caltech_acid_oer/extracted/data/XRF/5414_MnSb_xrfs.csv,29208,fe3cbed28ce3f4d26b288e698e5ea3285a1350b3ed2e2a34902eeb558b9a6370,Caltech high-throughput Acid-OER,https://data.caltech.edu/records/tg041-j4g80,repository record,private-collaborator
collective-exp-analysis-ready-v2026.08.04.zip,data/external/caltech_acid_oer/sources/ORR_catalyst_metrics_MnNiMgCaFeLaYIn.csv,430102,f9f74e75d1c6dafe359593b16c81e71cbb605546194da6d8016f5020c2b9c26e,Caltech high-throughput Acid-OER,https://data.caltech.edu/records/tg041-j4g80,repository record,private-collaborator
collective-exp-analysis-ready-v2026.08.04.zip,data/external/caltech_ionic/ionic_conductivity_database.csv,36122,868c4bd793d7c31b929787dc69478691b27ced0440d19269075143c98ecd1545,Caltech experimental lithium-ion conductivity,https://data.caltech.edu/records/23mvv-6gk43,CC0,redistributable-with-attribution
collective-exp-analysis-ready-v2026.08.04.zip,data/external/optical_photocatalysis/DB for chromophore_Sci_Data_rev02.csv,3406886,931948b68bc090afc8c067fe294ed6d62352c6df1a72ddfdca24edf323fb2726,Optical-property and photocatalytic HER inputs,https://www.ebi.ac.uk/europepmc/webservices/rest/PMC8372320/supplementaryFiles?includeInlineImage=false,verify-upstream,private-collaborator
collective-exp-analysis-ready-v2026.08.04.zip,data/external/optical_photocatalysis/PMC8372320_supplementary_files.zip,1892002,d4243fa0b4b4fa70776b475a6eea94711417a23cea6f7f10f419c29d84cc4f52,Optical-property and photocatalytic HER inputs,https://www.ebi.ac.uk/europepmc/webservices/rest/PMC8372320/supplementaryFiles?includeInlineImage=false,verify-upstream,private-collaborator
collective-exp-analysis-ready-v2026.08.04.zip,data/external/optical_photocatalysis/SC-012-D1SC02150H-s005.csv,90592,02e0aa0a293ddb9cf5cb2009249f0c1c2f1e7f8d4a8e3090ce67d0d69dc4e8b7,Optical-property and photocatalytic HER inputs,https://www.ebi.ac.uk/europepmc/webservices/rest/PMC8372320/supplementaryFiles?includeInlineImage=false,verify-upstream,private-collaborator
collective-exp-analysis-ready-v2026.08.04.zip,data/external/optical_photocatalysis/SC-012-D1SC02150H-s006.csv,16271,be28a176c2f855d17846711c24b7ce8d4f52d5a89c447d6c0a79a4049aeea6f6,Optical-property and photocatalytic HER inputs,https://www.ebi.ac.uk/europepmc/webservices/rest/PMC8372320/supplementaryFiles?includeInlineImage=false,verify-upstream,private-collaborator
collective-exp-analysis-ready-v2026.08.04.zip,data/external/opv_borrowing/DeepHL_supplementary.pdf,1954422,65e175e74214c221b146f3afb34c85af390ea10176c2a97af9b4d7c9bd97f5fe,Organic photovoltaic and HOPV inputs,https://figshare.com/articles/dataset/Database_for_Organic_Photovoltaic_Cells/12045567,CC-BY-4.0 and mixed upstream,private-collaborator
collective-exp-analysis-ready-v2026.08.04.zip,data/external/opv_borrowing/HOPV_15_revised_2.data,16582981,595bb107fa52804d8df1b730bfb2dcd35509475e48e521ffe8661ca04e1e02d7,Organic photovoltaic and HOPV inputs,https://figshare.com/articles/dataset/Database_for_Organic_Photovoltaic_Cells/12045567,CC-BY-4.0 and mixed upstream,private-collaborator
collective-exp-analysis-ready-v2026.08.04.zip,data/external/opv_borrowing/opvdb.zip,7118862,3a8199aa3e9e78e20bbb486240972aa361d8ea69fa69d27ce42de45c3ada0095,Organic photovoltaic and HOPV inputs,https://figshare.com/articles/dataset/Database_for_Organic_Photovoltaic_Cells/12045567,CC-BY-4.0 and mixed upstream,private-collaborator
collective-exp-analysis-ready-v2026.08.04.zip,data/external/starrydata_2026-07-17/ThermoelectricMaterials_curves.csv.gz,25148909,eb17491ce9a9ff3e96295f8ab2b2be8c9a0e2e1b1e75459dff0e9f82e9c32e83,Starrydata2 thermoelectric export,https://www.starrydata2.org/,upstream-specific,private-collaborator
collective-exp-analysis-ready-v2026.08.04.zip,data/external/starrydata_2026-07-17/ThermoelectricMaterials_papers.csv.gz,1454829,96852da8483e2742aef948ae1f9d33da85ff732f088dbf72d062c8a608205176,Starrydata2 thermoelectric export,https://www.starrydata2.org/,upstream-specific,private-collaborator
collective-exp-analysis-ready-v2026.08.04.zip,data/external/starrydata_2026-07-17/ThermoelectricMaterials_samples.csv.gz,2050488,a09cec97df60d47b6a9300c835db58bf64f8f7142279a58ddc09201a96b8b1ed,Starrydata2 thermoelectric export,https://www.starrydata2.org/,upstream-specific,private-collaborator
collective-exp-analysis-ready-v2026.08.04.zip,data/external/tri_oer/tri_data_share.pck,764549,31bfd1fee2c56095844daad4aff0fdead298c4dcfb647c1b0b30f6ff2af8a5e1,TRI four-plate OER,https://data.caltech.edu/records/7b106-nf257,repository record,private-collaborator
collective-exp-candidate-tables-v2026.08.04.zip,Dataset/Concrete_Data.xls,124928,0c970f1fb863dc867150174c00f57f3852387959c68fb6feb1b1650b3834fa71,Additional collaborator-provided candidate table,user-provided local collection,unknown,collaborator-restricted
collective-exp-candidate-tables-v2026.08.04.zip,Dataset/CuSbS_PEC.xlsx,80540,cf71b9117ec0d05c388d2a7840922aedda1718afb6fcfeb9eafd4d47f4cfea71,Additional collaborator-provided candidate table,user-provided local collection,unknown,collaborator-restricted
collective-exp-candidate-tables-v2026.08.04.zip,Dataset/Polymer photocatalysis.xlsx,58612,80eff6ad3b6e57ffdb0986690973acc3cb7b16d5fb42cad70802fd99a90ee946,Additional collaborator-provided candidate table,user-provided local collection,unknown,collaborator-restricted
collective-exp-candidate-tables-v2026.08.04.zip,Dataset/ref1/science.ads0901_table_s2.xlsx,35043,9cc699cbad66d95301be7bfcf3cf13a9dd83ffdee3ef916786597579df1a72b4,Science ADS0901 supplementary tables,https://doi.org/10.1126/science.ads0901,verify-upstream,private-collaborator
collective-exp-candidate-tables-v2026.08.04.zip,Dataset/ref1/science.ads0901_table_s3.xlsx,1967626,27f07ae5c383a61587dfdce73c1ad1875ef750f09cf8101ef9f4c5108d594e53,Science ADS0901 supplementary tables,https://doi.org/10.1126/science.ads0901,verify-upstream,private-collaborator
collective-exp-candidate-tables-v2026.08.04.zip,Dataset/ref1/Smile.xlsx,12970,beeccaa0a0433705bf6009fde77a78969cc6cc4727433ee630d4eb5a08046755,Science ADS0901 supplementary tables,https://doi.org/10.1126/science.ads0901,verify-upstream,private-collaborator
collective-exp-candidate-tables-v2026.08.04.zip,Dataset/Ref2/41586_2025_9640_MOESM2_ESM.xlsx,119896,9c65c16954566a1a04d54f1c776347e91815409a7b580fc7c4136e998055b760,Nature 2025 supplementary tables,https://doi.org/10.1038/s41586-025-09640-5,verify-upstream,private-collaborator
collective-exp-candidate-tables-v2026.08.04.zip,Dataset/Ref2/41586_2025_9640_MOESM6_ESM.xlsx,60067,841977195ac18b3062e7e3166cceb086b1181ec16c8887532d8d6662eb1e67ce,Nature 2025 supplementary tables,https://doi.org/10.1038/s41586-025-09640-5,verify-upstream,private-collaborator
collective-exp-candidate-tables-v2026.08.04.zip,Dataset/ref3/bridge_building_blocks.csv,4448,b12d030278f1a085456a0c8b01b1607214386fe43d7ec5d13c530a34bc3b2817,Science ADK9227 molecular optical dataset,https://doi.org/10.1126/science.adk9227,verify-upstream,private-collaborator
collective-exp-candidate-tables-v2026.08.04.zip,Dataset/ref3/cap_building_blocks.csv,2705,4aef67f139a9061065f193aac8337622fe32ce3f3808777666af411c8a2c7bf1,Science ADK9227 molecular optical dataset,https://doi.org/10.1126/science.adk9227,verify-upstream,private-collaborator
collective-exp-candidate-tables-v2026.08.04.zip,Dataset/ref3/core_building_blocks.csv,5855,a72b3a3eb580dc53307b932f282b203a1eb7b4453712c0523eabf5291aa782f8,Science ADK9227 molecular optical dataset,https://doi.org/10.1126/science.adk9227,verify-upstream,private-collaborator
collective-exp-candidate-tables-v2026.08.04.zip,Dataset/ref3/full_dataset_exp.csv,378020,ff194c56b357bb33abe1cd40bee2d4832c287f2b0771688b976ad0befa2c8fe8,Science ADK9227 molecular optical dataset,https://doi.org/10.1126/science.adk9227,verify-upstream,private-collaborator
collective-exp-candidate-tables-v2026.08.04.zip,Dataset/ref3/full_dataset_with_ABC_compact.csv,187662,6b8515c63033be0b3bb4b538f4af909c8e95a80d46bb89933c6236910df01584,Science ADK9227 molecular optical dataset,https://doi.org/10.1126/science.adk9227,verify-upstream,private-collaborator
collective-exp-candidate-tables-v2026.08.04.zip,Dataset/ref3/full_dataset_with_ABC_expanded.csv,188798,b338b56b920cda6a911868636ae46da6649a4097134071e63bd435daf455f8f7,Science ADK9227 molecular optical dataset,https://doi.org/10.1126/science.adk9227,verify-upstream,private-collaborator
collective-exp-candidate-tables-v2026.08.04.zip,Dataset/ref4/adu4391_data_s1.csv,65503,22133479036606cd72f7bdc80bdadeebf02c34dfda398ce05313aea80bb1fada,Science Advances ADU4391 zinc-electrolyte tables,https://doi.org/10.1126/sciadv.adu4391,verify-upstream,private-collaborator
collective-exp-candidate-tables-v2026.08.04.zip,Dataset/ref4/adu4391_data_s1_with_LCE.csv,78037,58deebc5ea61d4d5519b7e0cd4539fbf6c8e2571ecbbba33bfd700f9ec24e014,Science Advances ADU4391 zinc-electrolyte tables,https://doi.org/10.1126/sciadv.adu4391,verify-upstream,private-collaborator
collective-exp-candidate-tables-v2026.08.04.zip,Dataset/ref4/adu4391_data_s2.csv,4137,b7f52a29bf4a6f45c99e89b695d4f8a672f1e2d5926f6d89132218b8422d62ac,Science Advances ADU4391 zinc-electrolyte tables,https://doi.org/10.1126/sciadv.adu4391,verify-upstream,private-collaborator
collective-exp-candidate-tables-v2026.08.04.zip,Dataset/ref4/sciadv.adu4391_data_s1_and_s2.zip,21571,99ffc7acd741587647bedf560107438f6ecea00883f80aea1b2166411112af7b,Science Advances ADU4391 zinc-electrolyte tables,https://doi.org/10.1126/sciadv.adu4391,verify-upstream,private-collaborator
collective-exp-candidate-tables-v2026.08.04.zip,Dataset/ref5/41467_2024_47070_MOESM7_ESM.xlsx,37271,64a5deca519dab21bc6805ef4f0fb8651f6579dc4f038882c06dae82d5402a90,Nature Communications 2024 supplementary table,https://doi.org/10.1038/s41467-024-47070-5,verify-upstream,private-collaborator
collective-exp-candidate-tables-v2026.08.04.zip,Dataset/ref6/44160_2025_983_MOESM3_ESM.zip,11385276,9233301a19f2ca717749a0b1ef4720d2e1e688f1c6f34cb46bc076e8183a7f31,SpecGen robotic derivative OER,https://doi.org/10.1038/s44160-025-00983-5,verify-upstream,private-collaborator
collective-exp-candidate-tables-v2026.08.04.zip,Dataset/ref6/44160_2025_983_MOESM4_ESM.zip,7759603,ca565bf1bb581080985ec86c331291aabb2c9b354500839aba7f9b8b57ba0cb2,SpecGen robotic derivative OER,https://doi.org/10.1038/s44160-025-00983-5,verify-upstream,private-collaborator
collective-exp-candidate-tables-v2026.08.04.zip,Dataset/ref6/44160_2025_983_MOESM6_ESM.zip,81704,0844a0b56e858c9455478c2577031e2a6e4803dd7a69204085b56809f8615ef0,SpecGen robotic derivative OER,https://doi.org/10.1038/s44160-025-00983-5,verify-upstream,private-collaborator
collective-exp-candidate-tables-v2026.08.04.zip,Dataset/ref6/Data.xlsx,29897,f90a55245825f173475ba00fc8335c4bd883a1b4ab5b4e14a4a530c679d28cfc,SpecGen robotic derivative OER,https://doi.org/10.1038/s44160-025-00983-5,verify-upstream,private-collaborator
collective-exp-candidate-tables-v2026.08.04.zip,Dataset/Ref7/suzuki_miyaura_data.csv,4069522,261c18daefd71736da8cd14d55dd79dada72fcc9c4a644afbc988b5b71182861,Suzuki-Miyaura reaction data,user-provided local collection,verify-upstream,private-collaborator
collective-exp-candidate-tables-v2026.08.04.zip,Dataset/Ref8/her_catalysts_dataset_v1.csv,64336,579495700a67a2d25901de16cb20afa116b95ea90c38cafd342946e83a6c356c,HER catalyst dataset,user-provided local collection,verify-upstream,private-collaborator
collective-exp-candidate-tables-v2026.08.04.zip,Dataset/Runze/-/Best performance prediction.csv,1469,6132efce831623be361799a0b1603f40108e3e91a50e8ccb9aa8b30867a6ab35,Unpublished electrocatalysis campaign,user-provided experimental programme,not-public,collaborator-restricted
collective-exp-candidate-tables-v2026.08.04.zip,Dataset/Runze/-/high confident points.xlsx,23144,fa7340978c803d9181d3bcafce1557083da01eac1e4caab9c3231b4c3ac4e8ac,Unpublished electrocatalysis campaign,user-provided experimental programme,not-public,collaborator-restricted
collective-exp-candidate-tables-v2026.08.04.zip,Dataset/Runze/-/high_confidence_validation.xlsx,356869,851a8dd98435c961de09a41fd9259de5839d84368f3cc6fb83db06d1d298a7f1,Unpublished electrocatalysis campaign,user-provided experimental programme,not-public,collaborator-restricted
collective-exp-candidate-tables-v2026.08.04.zip,Dataset/Runze/-/Initialdataset.xlsx,23136,0b960c0ef90b5103dbbc40c14426ed81735d183166fab85d26a20a339137f02f,Unpublished electrocatalysis campaign,user-provided experimental programme,not-public,collaborator-restricted
collective-exp-candidate-tables-v2026.08.04.zip,Dataset/Runze/-/Lowest confidence datapoint.csv,2105,1a3c9f1b9bb60d22a475b0f84e87ee22ce1882be409b8c7097d42e384dbe8515,Unpublished electrocatalysis campaign,user-provided experimental programme,not-public,collaborator-restricted
collective-exp-candidate-tables-v2026.08.04.zip,Dataset/Runze/Best_performing.csv,1488,e16e3efd6cb85bd4de10369808038fe02602a308d3ad38dc257e71178d1cc8ed,Unpublished electrocatalysis campaign,user-provided experimental programme,not-public,collaborator-restricted
collective-exp-candidate-tables-v2026.08.04.zip,Dataset/Runze/High_confidence.csv,1206,279a7680302399b1160a6fdc903135aa23f6b73acaaef1ed2345f1d285b44cc4,Unpublished electrocatalysis campaign,user-provided experimental programme,not-public,collaborator-restricted
collective-exp-candidate-tables-v2026.08.04.zip,Dataset/Runze/Initialdataset.csv,10123,0690ed8f3a5d2a737db32f0d2ad38348695cbff94f44a76b08480707d6a03308,Unpublished electrocatalysis campaign,user-provided experimental programme,not-public,collaborator-restricted
collective-exp-candidate-tables-v2026.08.04.zip,Dataset/Runze/Low_confidence.csv,1043,e869e804b95e568c648ea36d33a69ae7f458f6de81120e41bba4e432699eb134,Unpublished electrocatalysis campaign,user-provided experimental programme,not-public,collaborator-restricted
collective-exp-candidate-tables-v2026.08.04.zip,Dataset/Runze/New Microsoft Excel Worksheet.xlsx,23097,79a09524c8d6be3ae5e87eb5b1e7c99fd1b9b0ca76db43682cb4e86a2d27dec3,Unpublished electrocatalysis campaign,user-provided experimental programme,not-public,collaborator-restricted
collective-exp-candidate-tables-v2026.08.04.zip,Dataset/Sol-gel synthesis-Re activity_Sissi.csv,91285,f14e3e81659e2d485f55d626516116050d7480e4885bdfd48961049f7b0dacc8,Additional collaborator-provided candidate table,user-provided local collection,unknown,collaborator-restricted
collective-exp-candidate-tables-v2026.08.04.zip,Dataset/Sum/benchmark_8metrics_complete.xlsx,10242,b815552b1d1fed1039204ea971a841daba7d78ed323335a9a29e76f09cda07f0,Project comparison summaries,repository generated,project-authored,collaborator-only
collective-exp-candidate-tables-v2026.08.04.zip,Dataset/Sum/ML_metrics_summary.xlsx,14628,aa3de0a3cd968e566c7a8724a2a502db76f18478a468c55ad8e35e80f7006df7,Project comparison summaries,repository generated,project-authored,collaborator-only
collective-exp-candidate-tables-v2026.08.04.zip,Dataset/UMAP data/-/Polymer.csv,8050,708ed5e8991c696e64d90329c1fa8f68082f52484113caa0498db9c449cf7bc1,Cross-database candidate tables and embeddings,repository generated from mixed upstream data,mixed upstream terms,collaborator-only
collective-exp-candidate-tables-v2026.08.04.zip,Dataset/UMAP data/Battery.csv,33317,6d673a654c90914f83241f70099fd12b27f4d737134f78a6bb64163597984c42,Cross-database candidate tables and embeddings,repository generated from mixed upstream data,mixed upstream terms,collaborator-only
collective-exp-candidate-tables-v2026.08.04.zip,Dataset/UMAP data/HEA.xlsx,34855,8d97f57e581952c47f20ce8a7ab9c83dc8adce322b7bebf9cccfc569583c79c8,Cross-database candidate tables and embeddings,repository generated from mixed upstream data,mixed upstream terms,collaborator-only
collective-exp-candidate-tables-v2026.08.04.zip,Dataset/UMAP data/OER Stability.xlsx,32092,12269237b55fd8d87d92020a8983cad4a0cdbe328217e8116f5c52c299ec33c3,Cross-database candidate tables and embeddings,repository generated from mixed upstream data,mixed upstream terms,collaborator-only
collective-exp-candidate-tables-v2026.08.04.zip,Dataset/UMAP data/OLED.csv,144545,e59d9a65059339bfd6d8174f620f47b54e084e1c940c273023ffd08de1848e28,Cross-database candidate tables and embeddings,repository generated from mixed upstream data,mixed upstream terms,collaborator-only
collective-exp-candidate-tables-v2026.08.04.zip,Dataset/UMAP data/Polymer.xlsx,30143,a99f4aa5346741daeff07c867618dbadedf1f9942853d71b19521b061b239205,Cross-database candidate tables and embeddings,repository generated from mixed upstream data,mixed upstream terms,collaborator-only
collective-exp-candidate-tables-v2026.08.04.zip,Dataset/UMAP data/S2P.xlsx,23398,78e0a38e1407007b2841960f72684032e5e7b48f5bd645fab859d29fdb42b46e,Cross-database candidate tables and embeddings,repository generated from mixed upstream data,mixed upstream terms,collaborator-only
collective-exp-candidate-tables-v2026.08.04.zip,Dataset/UMAP data/Sol-gel.csv,25348,d77685b7b04f65bc57f5e8aabbb0aa5ed0da5f158550bc37dcb36dab549dad31,Cross-database candidate tables and embeddings,repository generated from mixed upstream data,mixed upstream terms,collaborator-only
collective-exp-candidate-tables-v2026.08.04.zip,Dataset/UMAP data/Solar cell.xlsx,13245,facb9d8a112fcf8f8edf2e81681be358ba1142ae35c7da542cdce163e2ad9dcf,Cross-database candidate tables and embeddings,repository generated from mixed upstream data,mixed upstream terms,collaborator-only
collective-exp-candidate-tables-v2026.08.04.zip,Dataset/UMAP data/umap_outputs_bundle/dataset_fingerprint_umap.csv,1427,c52f29c18064ca875509ed9e3cee5e5207d885d5fa4a0b49681f69ce63d9f2f1,Cross-database candidate tables and embeddings,repository generated from mixed upstream data,mixed upstream terms,collaborator-only
collective-exp-candidate-tables-v2026.08.04.zip,Dataset/UMAP data/umap_outputs_bundle/inorganic_umap_embeddings.csv,183610,6d09ec6c262086d0773b1cf07794f68a09e5c2de39b93608c78fbe0794caa2fe,Cross-database candidate tables and embeddings,repository generated from mixed upstream data,mixed upstream terms,collaborator-only
collective-exp-candidate-tables-v2026.08.04.zip,Dataset/UMAP data/umap_outputs_bundle/molecular_umap_embeddings.csv,158926,6d66fc3fe3dc8b5fba3609e45946eb5400acb63879a15b13945473843d250112,Cross-database candidate tables and embeddings,repository generated from mixed upstream data,mixed upstream terms,collaborator-only
collective-exp-candidate-tables-v2026.08.04.zip,Dataset/UMAP data/unified_cross_database_similarity_coordinates.csv,206073,e1144ac09747110602f1d8f405549ccb8836b1f76d4206eb958578cf2238d1da,Cross-database candidate tables and embeddings,repository generated from mixed upstream data,mixed upstream terms,collaborator-only
collective-exp-candidate-tables-v2026.08.04.zip,Dataset/umap_embedding.csv,7722,399db305514b29709b0b13ba9da20d03792590c13c28623f49ab3f2192ed0199,Additional collaborator-provided candidate table,user-provided local collection,unknown,collaborator-restricted
